-0.003000 -0.014294 0.272897 0.201969 -0.973388 0.108282
-0.003519 -0.014429 0.272457 0.132042 -0.981093 0.141498
-0.002562 -0.009196 0.266757 0.921667 0.348218 0.171097
-0.001917 -0.014900 0.266393 0.132149 -0.991223 0.003598
-0.003382 -0.007471 0.272513 0.885588 0.354615 -0.299971
-0.004123 -0.014982 0.269118 0.097079 -0.991742 0.083807
-0.003191 -0.008250 0.268694 0.979308 0.093861 0.179291
-0.006284 -0.015253 0.267720 0.264246 -0.964180 -0.023024
-0.001274 -0.014814 0.265640 0.262129 -0.964458 -0.033313
-0.001866 -0.014423 0.263472 0.106989 0.958798 0.263171
-0.000698 -0.014406 0.266582 0.677363 -0.724104 0.129819
-0.004161 -0.014323 0.274495 -0.019682 0.993524 -0.111901
-0.002676 -0.014791 0.269787 0.128155 -0.981335 0.143380
-0.002012 -0.013898 0.273700 0.511607 -0.856106 0.073083
-0.003607 -0.008174 0.270881 0.950439 0.305384 -0.058363
-0.002287 -0.009930 0.267695 0.766170 0.640380 -0.053829
-0.001055 -0.011423 0.268936 0.838414 0.544149 0.031040
-0.002649 -0.009108 0.264267 0.920120 0.235706 0.312765
-0.000723 -0.014535 0.265978 0.621960 -0.780757 0.059871
-0.002193 -0.010241 0.266452 0.883339 0.467924 -0.027543
-0.001232 -0.012300 0.273717 0.998888 -0.046960 0.004091
-0.001133 -0.014752 0.265184 0.315004 -0.948357 -0.037314
-0.002179 -0.010218 0.266839 0.866481 0.498555 -0.025571
-0.000878 -0.011659 0.268698 0.856341 0.514951 0.038806
-0.001315 -0.011083 0.269547 0.868172 0.494175 0.045481
-0.001054 -0.012692 0.271180 0.974960 0.018198 0.221634
-0.006832 -0.015189 0.265711 0.271851 -0.957842 -0.092927
-0.003701 -0.006492 0.272056 0.990601 -0.120604 -0.064532
-0.001622 -0.010768 0.270708 0.880311 0.463865 0.099408
-0.002806 -0.008792 0.272309 0.835313 0.493966 -0.241350
-0.009191 -0.015195 0.269612 -0.174159 -0.976208 0.129173
-0.003620 -0.007739 0.270409 0.963666 0.032688 0.265101
-0.002728 -0.009190 0.269615 0.727959 0.684508 -0.039032
-0.007307 -0.014583 0.273743 -0.077229 0.976977 -0.198877
-0.002592 -0.014213 0.263125 0.132585 0.946063 0.295610
-0.000741 -0.012395 0.269705 0.959861 0.146424 0.239223
-0.000203 -0.013528 0.266905 0.942619 -0.281743 0.179135
-0.003720 -0.014725 0.265204 -0.152132 -0.941800 -0.299781
-0.000156 -0.013448 0.266684 0.947950 -0.267013 0.173481
-0.002374 -0.014977 0.267157 0.106416 -0.993103 0.049205
-0.002569 -0.008515 0.264839 0.993589 -0.104956 0.042019
-0.002430 -0.009549 0.270649 0.740563 0.666463 0.085982
-0.005736 -0.014456 0.262981 0.410676 -0.905067 -0.110449
-0.006346 -0.015203 0.266819 0.276661 -0.957415 -0.082558
-0.000825 -0.013837 0.269067 0.863445 -0.476498 0.165567
-0.002742 -0.009075 0.267015 0.914406 0.322356 0.244843
-0.003225 -0.014494 0.264125 -0.118179 -0.942251 -0.313363
-0.001842 -0.014805 0.268100 0.236421 -0.970823 0.040094
-0.002560 -0.005707 0.266989 0.973470 -0.194617 0.120331
-0.008128 -0.014883 0.272654 0.020219 -0.988754 0.148178
-0.008448 -0.015208 0.270587 -0.059015 -0.996075 0.065963
-0.003165 -0.014904 0.265495 -0.015486 -0.976160 -0.216497
-0.005442 -0.014739 0.266155 0.159475 -0.968193 -0.192798
-0.001377 -0.010985 0.273187 0.968339 0.249635 -0.001369
0.000179 -0.012263 0.265264 0.781114 0.462340 0.419646
-0.001716 -0.014859 0.266685 0.204970 -0.976753 0.062775
-0.008773 -0.015187 0.270572 -0.134274 -0.987286 0.085075
-0.001255 -0.013862 0.270675 0.783028 -0.590843 0.194350
-0.006267 -0.015194 0.267106 0.256214 -0.963197 -0.081279
-0.004531 -0.015032 0.269505 0.061868 -0.993294 0.097667
-0.003776 -0.007246 0.271693 0.981062 0.111297 -0.158522
-0.005333 -0.014534 0.264455 0.379637 -0.911965 -0.155550
-0.003596 -0.007478 0.271969 0.910775 0.320014 -0.260919
-0.006794 -0.015392 0.268158 0.210203 -0.977526 0.016063
-0.000391 -0.010971 0.264214 0.522321 0.731281 0.438643
-0.004526 -0.014931 0.267022 -0.009375 -0.991997 -0.125914
-0.007690 -0.014993 0.271807 0.077462 -0.974833 0.209044
-0.007853 -0.015268 0.269991 -0.000715 -0.991046 0.133522
-0.002578 -0.006319 0.266132 0.970215 -0.179305 0.162887
-0.001514 -0.010756 0.267608 0.774289 0.623237 -0.109784
-0.002193 -0.014842 0.267986 0.184519 -0.982645 0.018999
-0.000024 -0.013244 0.266246 0.943191 -0.252583 0.215852
-0.001940 -0.014031 0.272704 0.583442 -0.804522 0.111084
-0.007664 -0.015417 0.265430 0.210263 -0.973514 -0.089779
-0.001211 -0.011788 0.271254 0.953294 0.269045 0.137279
-0.002559 -0.009054 0.265947 0.982627 0.185383 -0.008778
-0.000163 -0.012706 0.267124 0.956861 0.151510 0.247914
-0.000322 -0.014196 0.265270 0.749355 -0.645598 0.147207
-0.005788 -0.015064 0.269364 0.137265 -0.984719 0.107180
-0.006058 -0.014885 0.264866 0.408902 -0.909278 -0.077542
-0.000368 -0.011476 0.264836 -0.564216 -0.700799 -0.436511
-0.003006 -0.014713 0.265015 -0.026903 -0.965425 -0.259291
0.000232 -0.013108 0.265604 0.926458 -0.194844 0.322044
-0.000274 -0.013903 0.266356 0.882021 -0.455235 0.121655
-0.003042 -0.008873 0.268748 0.919565 0.390810 0.040847
-0.008998 -0.015197 0.269852 -0.151813 -0.981748 0.114555
-0.002823 -0.014265 0.273769 0.242779 -0.968630 0.053052
-0.001944 -0.014870 0.265637 0.063456 -0.990766 -0.119818
-0.006451 -0.014899 0.271509 0.139359 -0.980466 0.138801
-0.008104 -0.015225 0.270250 -0.009835 -0.994327 0.105907
-0.007460 -0.014837 0.272843 0.074312 -0.986111 0.148534
-0.003745 -0.014940 0.269599 0.086614 -0.988247 0.125956
-0.005186 -0.014639 0.265778 0.081211 -0.976603 -0.199126
-0.004982 -0.015092 0.268358 0.011498 -0.997659 -0.067412
-0.007686 -0.015353 0.269451 0.016329 -0.986749 0.161429
-0.000929 -0.014618 0.263987 0.188593 -0.972383 -0.137493
-0.007605 -0.015477 0.267861 0.111459 -0.993440 0.025569
-0.000715 -0.013462 0.269033 0.932828 -0.317159 0.171001
-0.004605 -0.014437 0.264890 0.026808 -0.971768 -0.234410
-0.001857 -0.010495 0.267430 0.760402 0.640758 -0.105914
-0.003085 -0.006191 0.270131 0.916719 -0.273171 0.291555
-0.000719 -0.014579 0.264912 0.495589 -0.867269 0.047280
-0.007708 -0.015493 0.268606 0.042696 -0.995763 0.081444
-0.005102 -0.014954 0.270272 0.017999 -0.993480 0.112581
-0.004313 -0.015073 0.268501 0.067491 -0.997123 0.034517
-0.002193 -0.014530 0.264187 -0.111274 -0.958525 -0.262388
-0.004074 -0.014450 0.273210 0.086815 -0.988937 0.120275
-0.005956 -0.015119 0.267753 0.238346 -0.970731 -0.029531
-0.000942 -0.011682 0.267204 0.764888 0.642838 0.041294
-0.001262 -0.011149 0.269913 0.874653 0.472890 0.106574
-0.009696 -0.015030 0.269999 0.243524 0.962403 -0.120318
-0.001144 -0.010838 0.264589 -0.430458 -0.809619 -0.399029
-0.002478 -0.014975 0.266537 0.050192 -0.998548 -0.019562
-0.002562 -0.014498 0.271248 0.292754 -0.932204 0.212818
-0.000641 -0.012033 0.268624 0.906713 0.414655 0.077020
-0.001673 -0.014667 0.264347 -0.066808 -0.977422 -0.200457
-0.001463 -0.013423 0.272481 0.907709 -0.402813 0.117500
-0.002890 -0.008869 0.271765 0.827058 0.527336 -0.194658
-0.003810 -0.007260 0.271317 0.999917 0.008295 0.009858
-0.002421 -0.007138 0.265224 0.991270 -0.088298 0.097912
-0.000142 -0.013722 0.265879 0.880536 -0.436853 0.183892
-0.004714 -0.014221 0.263856 0.189843 -0.967559 -0.166698
-0.005919 -0.014535 0.273552 0.123665 -0.976545 0.176259
-0.003550 -0.015034 0.268598 0.041252 -0.995487 0.085461
-0.001307 -0.013737 0.271309 0.794871 -0.558585 0.236987
-0.002069 -0.014945 0.266713 0.125090 -0.991859 0.023846
-0.005823 -0.014659 0.272642 0.136952 -0.979152 0.150017
-0.003373 -0.014680 0.271263 0.112177 -0.984827 0.132407
-0.003769 -0.007271 0.270928 0.984431 -0.028436 0.173454
-0.001282 -0.011205 0.266541 0.708474 0.705656 0.010710
-0.002924 -0.014267 0.273447 0.222185 -0.973560 0.053053
-0.002911 -0.009143 0.270782 0.712868 0.701013 -0.019975
-0.006097 -0.014963 0.265718 0.381241 -0.922875 -0.054385
-0.006129 -0.014657 0.273059 0.129900 -0.977638 0.165378
-0.001416 -0.014780 0.267044 0.311481 -0.943645 0.111867
-0.003419 -0.008067 0.269921 0.970367 0.075733 0.229459
-0.004762 -0.014779 0.266698 0.008079 -0.987017 -0.160412
-0.004359 -0.014828 0.266045 -0.186410 -0.965115 -0.183859
-0.006367 -0.014698 0.262153 -0.397852 0.915091 0.065741
-0.002937 -0.014455 0.271989 0.214179 -0.959874 0.181023
-0.003407 -0.015036 0.267194 -0.004185 -0.998908 -0.046523
-0.002589 -0.008287 0.266081 0.977733 0.001800 0.209845
-0.001666 -0.010548 0.267811 0.761803 0.639141 -0.105621
-0.006394 -0.014910 0.263749 0.357937 -0.923178 -0.140081
-0.005321 -0.014451 0.263855 0.372469 -0.921001 -0.114119
-0.002288 -0.009816 0.271261 0.782994 0.621950 0.009879
-0.008063 -0.015179 0.270804 -0.004600 -0.997768 0.066624
-0.003536 -0.014031 0.263137 0.111934 0.943568 0.311690
-0.002594 -0.014320 0.271916 0.292934 -0.945268 0.143733
-0.006749 -0.015332 0.267452 0.207892 -0.977140 -0.044474
-0.003387 -0.008659 0.270729 0.842828 0.532066 -0.080910
-0.000926 -0.013806 0.269667 0.813220 -0.538618 0.220370
-0.002677 -0.014176 0.274160 0.251692 -0.964598 0.078755
-0.001608 -0.013667 0.273158 0.766197 -0.639098 0.067058
-0.009898 -0.014871 0.270481 0.267941 0.954584 -0.130300
-0.000748 -0.014251 0.267551 0.745130 -0.642244 0.179730
-0.002758 -0.007448 0.266580 0.973756 -0.042691 0.223556
-0.003132 -0.007566 0.268846 0.963995 -0.156816 0.214760
-0.000449 -0.011877 0.266323 0.704368 0.696716 0.135840
-0.003174 -0.014937 0.265886 -0.028371 -0.992215 -0.121262
-0.003153 -0.007305 0.269269 0.942296 -0.235331 0.238112
-0.008467 -0.015180 0.270803 -0.061199 -0.995912 0.066442
-0.003575 -0.014355 0.273745 0.105874 -0.989731 0.096034
-0.007823 -0.015374 0.264903 -0.188304 0.978401 0.085278
-0.003031 -0.014986 0.268881 0.088613 -0.990266 0.107333
-0.006619 -0.014375 0.274821 -0.083862 0.979580 -0.182728
-0.000407 -0.013268 0.268059 0.943731 -0.221794 0.245315
-0.005743 -0.014661 0.264128 0.411885 -0.902666 -0.124684
-0.003441 -0.014549 0.271831 0.102006 -0.976519 0.189749
-0.002400 -0.014545 0.270794 0.276995 -0.932715 0.230905
-0.006960 -0.014523 0.273855 0.075864 -0.977244 0.198088
-0.005060 -0.014527 0.265129 0.193967 -0.969693 -0.148569
-0.003144 -0.007925 0.268515 0.994856 0.006763 0.101069
-0.004240 -0.014951 0.270001 0.113351 -0.984962 0.130389
-0.001223 -0.011374 0.270356 0.900123 0.411692 0.142437
-0.006011 -0.014905 0.271103 0.145707 -0.980201 0.134069
-0.004511 -0.014351 0.274015 0.016981 -0.991559 0.128539
-0.001097 -0.014634 0.267083 0.504853 -0.852935 0.132758
-0.000347 -0.014079 0.266194 0.826569 -0.547813 0.129169
-0.004905 -0.014306 0.274503 -0.012945 0.991968 -0.125827
-0.001656 -0.013805 0.272296 0.723912 -0.676932 0.133094
-0.003081 -0.014874 0.266190 -0.026156 -0.998178 -0.054367
-0.008251 -0.015536 0.267832 -0.014705 -0.996796 0.078620
-0.001184 -0.014608 0.267316 0.497310 -0.854259 0.151406
-0.005113 -0.014734 0.271604 0.091143 -0.986042 0.139338
-0.001231 -0.012451 0.273929 0.994766 -0.098347 0.027738
-0.006974 -0.014840 0.272408 0.068046 -0.985867 0.153090
-0.000987 -0.014681 0.264280 0.180571 -0.976993 -0.113484
-0.004734 -0.014938 0.270316 0.020812 -0.989826 0.140752
-0.003062 -0.014765 0.270341 0.093399 -0.981254 0.168575
-0.001127 -0.013713 0.270561 0.832613 -0.515168 0.203368
-0.001240 -0.012280 0.273435 0.999431 -0.027571 -0.019447
-0.007186 -0.015271 0.265271 0.220677 -0.973547 -0.059228
-0.001243 -0.011700 0.273140 0.996335 0.084332 -0.014299
-0.001998 -0.010459 0.266694 0.814902 0.573876 -0.081252
-0.002661 -0.006174 0.266864 0.976674 -0.185565 0.108048
-0.002083 -0.010143 0.264302 0.714635 0.585384 0.382913
0.000050 -0.013613 0.265401 0.845959 -0.466100 0.259044
-0.001898 -0.009812 0.272987 0.830997 0.535138 -0.151893
-0.000558 -0.013379 0.268389 0.932239 -0.266469 0.244795
-0.003039 -0.006646 0.269241 0.965298 -0.181606 0.187669
-0.006506 -0.014818 0.262978 0.368605 -0.921784 -0.120183
-0.006737 -0.014780 0.272485 0.093309 -0.984250 0.150150
-0.006804 -0.014917 0.262971 -0.333499 0.935968 0.112884
-0.007725 -0.015279 0.269804 0.007207 -0.989933 0.141356
-0.002836 -0.007139 0.267436 0.960713 -0.193562 0.198909
-0.008622 -0.015161 0.271126 -0.133885 -0.979119 0.152972
-0.001572 -0.013629 0.272858 0.784159 -0.610820 0.109518
-0.006810 -0.015182 0.270308 0.144440 -0.980477 0.133421
-0.003507 -0.014844 0.265375 -0.080762 -0.967092 -0.241268
-0.001429 -0.010907 0.270133 0.889238 0.445948 0.101909
-0.002952 -0.009060 0.268261 0.908402 0.415891 0.042914
-0.001374 -0.014302 0.269554 0.636578 -0.724765 0.263597
-0.002784 -0.008114 0.266423 0.965965 0.025412 0.257423
-0.002398 -0.014762 0.265253 -0.000258 -0.976136 -0.217160
-0.002439 -0.008546 0.264039 0.966212 0.008578 0.257604
-0.004153 -0.015080 0.267894 -0.023761 -0.993143 -0.114461
-0.004569 -0.015005 0.269732 0.054352 -0.992034 0.113645
-0.005654 -0.015126 0.268813 0.095602 -0.994424 0.044517
-0.005392 -0.014283 0.262453 -0.374667 0.920659 0.109596
-0.002400 -0.009664 0.265145 0.933649 0.357543 -0.021513
-0.005024 -0.014648 0.272087 0.088720 -0.986021 0.141035
-0.003401 -0.015039 0.267546 0.034237 -0.998424 -0.044477
-0.000556 -0.012067 0.267971 0.872059 0.486859 0.049808
-0.002586 -0.005942 0.266700 0.972364 -0.197373 0.124710
-0.005555 -0.014435 0.263293 0.365347 -0.921067 -0.134751
-0.002742 -0.014942 0.267708 0.121250 -0.992582 0.008920
-0.003324 -0.008289 0.271363 0.841386 0.479650 -0.249010
-0.004849 -0.014471 0.273221 0.051361 -0.988183 0.144419
-0.001903 -0.009910 0.264136 0.719145 0.561436 0.409415
0.000526 -0.013428 0.264290 0.898763 -0.410790 0.153221
-0.004984 -0.014952 0.267001 0.065683 -0.990028 -0.124620
-0.001506 -0.010703 0.268827 0.817887 0.575245 -0.012422
-0.002970 -0.015003 0.267052 0.058107 -0.998151 -0.017822
-0.005523 -0.014276 0.274656 -0.055270 0.984949 -0.163772
-0.009261 -0.014840 0.271622 0.218042 0.959971 -0.175822
-0.008732 -0.015164 0.270798 -0.135191 -0.987163 0.085049
-0.005985 -0.014886 0.271257 0.139968 -0.980776 0.135965
-0.003524 -0.014645 0.264704 -0.151576 -0.941289 -0.301660
-0.005471 -0.014517 0.263724 0.379898 -0.917054 -0.121204
-0.003201 -0.008661 0.269072 0.924158 0.369096 0.098489
-0.005076 -0.014538 0.265352 0.169885 -0.970596 -0.170534
-0.006812 -0.015025 0.263420 0.280456 -0.950884 -0.131013
-0.003376 -0.014596 0.264479 -0.135747 -0.946539 -0.292636
-0.003120 -0.008335 0.268478 0.980399 0.091342 0.174568
-0.006443 -0.014529 0.273832 0.083829 -0.976169 0.200166
-0.006718 -0.015171 0.265170 0.258802 -0.965548 -0.027193
-0.001545 -0.010823 0.271715 0.911382 0.403132 -0.082863
-0.002703 -0.008346 0.266236 0.971840 0.029754 0.233755
-0.005427 -0.014407 0.273985 0.071870 -0.982995 0.168985
-0.003738 -0.006953 0.271043 0.970028 -0.180770 0.162382
-0.002509 -0.006604 0.265653 0.976199 -0.073776 0.203943
-0.003866 -0.014929 0.269241 0.080416 -0.992059 0.096703
-0.004478 -0.014885 0.270541 0.076200 -0.982202 0.171679
-0.007411 -0.015448 0.268779 0.086303 -0.992060 0.091481
-0.000786 -0.014606 0.265147 0.508182 -0.861005 0.020534
-0.003883 -0.014338 0.264123 -0.162310 -0.939095 -0.302914
-0.003027 -0.007394 0.267677 0.972712 -0.134042 0.189381
-0.006570 -0.014892 0.271850 0.108613 -0.981908 0.155111
-0.003593 -0.014334 0.273999 0.085904 -0.991919 0.093371
-0.001219 -0.012201 0.272201 0.996881 0.024826 0.074913
-0.000707 -0.013389 0.269414 0.945761 -0.286428 0.153278
-0.001169 -0.013852 0.270285 0.791138 -0.571751 0.217257
-0.005896 -0.014802 0.265024 0.418615 -0.906664 -0.052168
-0.009240 -0.014980 0.271379 0.237144 0.957692 -0.163061
-0.003476 -0.008505 0.270278 0.915555 0.380768 0.129515
-0.002621 -0.009446 0.270908 0.736210 0.676730 0.005626
-0.001369 -0.010961 0.272474 0.955225 0.281788 -0.090231
-0.000645 -0.011716 0.266111 -0.654483 -0.746352 -0.120872
-0.002182 -0.014932 0.267276 0.140259 -0.988148 0.062378
-0.008483 -0.015219 0.270314 -0.067534 -0.994183 0.083898
-0.002633 -0.008707 0.273019 0.834518 0.479498 -0.271407
-0.001634 -0.014115 0.271100 0.616702 -0.756285 0.218428
-0.003565 -0.014226 0.274811 -0.079830 0.991231 -0.105296
-0.006155 -0.014709 0.263280 0.409074 -0.903555 -0.127459
-0.003659 -0.006629 0.272814 0.979073 0.077144 -0.188323
-0.001899 -0.014036 0.272432 0.615840 -0.776577 0.132924
-0.007980 -0.015186 0.271209 0.028038 -0.988839 0.146325
-0.006444 -0.015092 0.265638 0.344736 -0.937340 -0.050508
-0.002955 -0.014388 0.263737 -0.081173 -0.947414 -0.309543
-0.009316 -0.015007 0.271066 0.253427 0.955567 -0.150552
-0.006428 -0.015267 0.267266 0.239518 -0.969605 -0.049967
-0.003857 -0.015065 0.268036 0.016076 -0.998583 -0.050738
-0.004947 -0.014629 0.272315 0.079903 -0.987292 0.137368
-0.003069 -0.008704 0.267629 0.971511 0.158562 0.176140
-0.004919 -0.014455 0.273430 0.049526 -0.986307 0.157310
-0.004345 -0.014916 0.266522 -0.082068 -0.992030 -0.095615
-0.006328 -0.015059 0.265298 0.375404 -0.926347 -0.030867
-0.007617 -0.015380 0.265693 0.212121 -0.974018 -0.079328
-0.007179 -0.015456 0.268094 0.152483 -0.988281 0.007049
-0.002986 -0.008993 0.269265 0.828105 0.560570 -0.002074
-0.000863 -0.014247 0.267990 0.729502 -0.663214 0.167254
-0.007860 -0.015557 0.267358 0.096420 -0.995000 0.026059
-0.002206 -0.009858 0.269088 0.745767 0.655835 -0.117100
-0.001345 -0.011009 0.268784 0.830157 0.557498 0.006013
-0.001533 -0.011048 0.271516 0.932256 0.360759 -0.027409
-0.002768 -0.008776 0.267070 0.953316 0.191465 0.233517
-0.002372 -0.009703 0.265581 0.933377 0.352024 -0.069904
-0.009407 -0.015084 0.270144 -0.219745 -0.968086 0.120505
-0.004180 -0.014945 0.269861 0.120763 -0.985866 0.116121
-0.004602 -0.014630 0.272119 0.079609 -0.987760 0.134139
-0.006308 -0.014366 0.274572 0.089669 -0.978838 0.183946
-0.002964 -0.014980 0.268600 0.094749 -0.992787 0.073463
-0.008100 -0.015121 0.271054 0.005354 -0.994359 0.105931
-0.006056 -0.014619 0.262507 0.413042 -0.906461 -0.087889
-0.004275 -0.015059 0.268657 0.086055 -0.993308 0.077026
-0.002407 -0.014872 0.268885 0.165654 -0.979159 0.117496
-0.006604 -0.014454 0.274449 -0.081357 0.978971 -0.187077
-0.006747 -0.015324 0.267057 0.212452 -0.976229 -0.042915
-0.007790 -0.014860 0.272729 0.067696 -0.987339 0.143450
0.000360 -0.013001 0.265324 0.922580 -0.128365 0.363825
-0.002371 -0.014810 0.269470 0.179666 -0.969875 0.164506
-0.002077 -0.010034 0.268688 0.752555 0.653418 -0.081888
-0.005047 -0.015029 0.269599 0.000324 -0.992594 0.121475
-0.003077 -0.008234 0.268194 0.984094 0.114193 0.136082
-0.000983 -0.014691 0.266676 0.501325 -0.857868 0.112851
-0.001885 -0.009963 0.272640 0.823937 0.545913 -0.152009
-0.005274 -0.014571 0.264800 0.329880 -0.932254 -0.148601
-0.000589 -0.013133 0.268841 0.963006 -0.189621 0.191479
-0.005640 -0.014535 0.273226 0.127325 -0.979545 0.155821
-0.004620 -0.014427 0.273495 0.045371 -0.987444 0.151315
-0.001079 -0.013106 0.271268 0.958446 -0.175837 0.224638
-0.002163 -0.009812 0.264209 0.744403 0.504684 0.437216
-0.002336 -0.014294 0.271525 0.348620 -0.923912 0.157640
-0.006745 -0.015083 0.264120 0.272380 -0.953784 -0.126907
-0.001476 -0.013426 0.272718 0.899014 -0.429579 0.085064
-0.002324 -0.009303 0.263956 0.850790 0.335172 0.404741
-0.002876 -0.007911 0.267150 0.973944 -0.006634 0.226690
-0.002830 -0.014975 0.266564 0.027528 -0.999141 -0.030979
-0.003746 -0.007786 0.270803 0.983843 0.131803 0.121167
-0.002642 -0.009206 0.271846 0.821363 0.545444 -0.166894
-0.003720 -0.007132 0.270847 0.971298 -0.103525 0.214157
-0.002190 -0.005430 0.264815 0.982684 -0.140454 0.120849
0.000234 -0.013632 0.264869 0.811028 -0.530259 0.247101
-0.002152 -0.014746 0.265353 0.011350 -0.982868 -0.183963
-0.001977 -0.014212 0.271469 0.471865 -0.854716 0.216344
-0.002103 -0.014215 0.271675 0.443482 -0.883906 0.148439
-0.002573 -0.007423 0.265991 0.969374 0.011221 0.245333
-0.002468 -0.007837 0.265932 0.969591 0.013099 0.244382
-0.007078 -0.015038 0.263257 -0.277532 0.953104 0.120703
-0.002869 -0.006546 0.268422 0.972468 -0.178335 0.150010
-0.000005 -0.012990 0.266509 0.972079 -0.083171 0.219418
-0.003354 -0.008752 0.270464 0.850750 0.525483 -0.009606
-0.002993 -0.008989 0.269868 0.773507 0.630288 0.066510
-0.009691 -0.014904 0.270921 -0.258516 -0.956659 0.134066
-0.005488 -0.014506 0.273333 0.104402 -0.983060 0.150645
-0.006936 -0.015199 0.264472 0.224090 -0.967706 -0.115450
-0.003992 -0.014934 0.269712 0.104138 -0.987241 0.120461
-0.001519 -0.014065 0.270909 0.637690 -0.741918 0.207146
-0.002173 -0.009752 0.272468 0.802838 0.567410 -0.183023
-0.000105 -0.013859 0.265373 0.800340 -0.557641 0.220210
-0.003740 -0.014803 0.270471 0.125890 -0.981241 0.146006
-0.000954 -0.013493 0.270295 0.899523 -0.361362 0.245513
-0.006083 -0.015025 0.270466 0.180307 -0.976827 0.115320
-0.004306 -0.014656 0.265484 -0.216115 -0.942218 -0.255966
-0.001920 -0.010250 0.268108 0.752290 0.653269 -0.085435
-0.006486 -0.015333 0.267888 0.266994 -0.963616 -0.012604
-0.001734 -0.010327 0.269317 0.823228 0.560999 -0.087047
-0.002625 -0.005924 0.267035 0.976101 -0.186055 0.112297
-0.008940 -0.015219 0.269704 -0.146148 -0.982058 0.119173
-0.003531 -0.007974 0.271397 0.895924 0.374735 -0.238526
-0.007558 -0.015298 0.264654 -0.201929 0.974864 0.094155
-0.003461 -0.007576 0.270085 0.958308 -0.079471 0.274464
-0.006504 -0.015166 0.269881 0.184805 -0.976192 0.113562
-0.000208 -0.013819 0.266058 0.859921 -0.484067 0.161912
-0.002694 -0.005733 0.267894 0.981182 -0.143599 0.129076
-0.006468 -0.014335 0.274743 -0.087937 0.979444 -0.181541
-0.008765 -0.015203 0.270386 -0.119498 -0.989545 0.080752
-0.005316 -0.014618 0.265023 0.312803 -0.944508 -0.100292
-0.000965 -0.011758 0.269881 0.908386 0.366355 0.201540
0.000140 -0.013911 0.264317 0.740490 -0.659433 0.129701
-0.004850 -0.014224 0.263689 0.248917 -0.961194 -0.118939
-0.000627 -0.011988 0.267697 0.813959 0.578460 0.053441
-0.000959 -0.014172 0.268894 0.803138 -0.567545 0.181280
-0.003136 -0.006770 0.269615 0.933916 -0.240519 0.264483
-0.002678 -0.014702 0.264892 -0.013301 -0.967321 -0.253206
-0.002052 -0.010106 0.271628 0.810439 0.575787 -0.107968
-0.002094 -0.014948 0.267103 0.146982 -0.987370 0.059137
-0.003067 -0.007983 0.268127 0.982710 0.011012 0.184823
-0.002535 -0.005937 0.266388 0.968834 -0.194687 0.153158
-0.002176 -0.009290 0.273383 0.836485 0.509697 -0.201248
-0.002913 -0.014816 0.269653 0.100188 -0.984357 0.144929
-0.002808 -0.014372 0.272387 0.211923 -0.963058 0.166158
0.000257 -0.012548 0.265464 0.911106 0.241699 0.333867
-0.001651 -0.011056 0.266116 -0.665926 -0.746014 -0.002367
-0.006041 -0.014757 0.264025 0.410531 -0.902314 -0.131508
-0.003956 -0.014683 0.271485 0.072532 -0.983534 0.165530
-0.003474 -0.006281 0.271150 0.913960 -0.360902 0.185547
-0.002367 -0.009505 0.272242 0.803144 0.563035 -0.194811
-0.007243 -0.015394 0.268926 0.122983 -0.985951 0.113030
-0.005175 -0.014894 0.270569 0.046898 -0.989847 0.134180
-0.005467 -0.014941 0.270323 0.068513 -0.992658 0.099675
-0.006891 -0.014905 0.272040 0.082396 -0.984229 0.156538
-0.007431 -0.015423 0.266290 0.202650 -0.976656 -0.071240
-0.000584 -0.013955 0.267737 0.838164 -0.486535 0.246505
-0.002892 -0.007470 0.267350 0.970073 -0.074382 0.231140
-0.002446 -0.006936 0.264124 0.991797 -0.109659 0.065673
-0.003586 -0.014904 0.269707 0.078176 -0.989149 0.124388
-0.001803 -0.010024 0.269880 0.827677 0.561176 -0.005720
-0.007713 -0.015487 0.267651 0.109781 -0.993624 0.025697
-0.004627 -0.014501 0.272998 0.055484 -0.988835 0.138300
-0.003089 -0.015010 0.267389 0.076272 -0.997047 -0.008908
-0.001781 -0.010079 0.270161 0.835404 0.540600 0.099256
-0.005792 -0.014251 0.274969 -0.080814 0.980995 -0.176404
-0.006649 -0.014646 0.273442 0.072882 -0.977354 0.198665
-0.000492 -0.014223 0.266399 0.785124 -0.605165 0.131744
-0.001202 -0.011275 0.269296 0.852880 0.519186 0.055146
-0.002653 -0.009339 0.265696 0.963765 0.255995 -0.074987
-0.003493 -0.007446 0.270244 0.942637 -0.084968 0.322825
-0.003120 -0.008599 0.271425 0.801268 0.544491 -0.247989
-0.006352 -0.015075 0.265481 0.372671 -0.927125 -0.039438
-0.002108 -0.014765 0.269505 0.291744 -0.943684 0.156033
-0.001186 -0.012150 0.271924 0.987213 0.115814 0.109530
-0.007386 -0.015458 0.267285 0.174935 -0.984408 -0.018402
-0.002388 -0.006083 0.265286 0.978871 -0.146138 0.143023
-0.001874 -0.014528 0.270088 0.485834 -0.850253 0.202571
-0.001238 -0.011999 0.273652 0.999745 0.018963 -0.012294
-0.002457 -0.008820 0.264008 0.941704 0.089380 0.324353
-0.001376 -0.011090 0.272332 0.962398 0.256934 -0.088178
-0.002063 -0.010478 0.266262 0.834216 0.550458 -0.032866
-0.002729 -0.014345 0.263581 -0.103684 -0.949585 -0.295868
-0.003494 -0.007027 0.272813 0.944722 0.198618 -0.260865
-0.000636 -0.011990 0.267350 0.791428 0.608227 0.060845
-0.005102 -0.014345 0.274100 0.040932 -0.988078 0.148414
-0.003594 -0.008244 0.270435 0.969226 0.220321 0.109813
-0.005715 -0.014749 0.265317 0.380762 -0.922935 -0.056673
-0.002478 -0.014973 0.265973 0.045596 -0.993767 -0.101728
-0.003600 -0.013898 0.262940 0.090656 0.951787 0.293060
-0.006354 -0.015056 0.264895 0.369133 -0.926776 -0.069472
-0.003292 -0.014943 0.269013 0.047700 -0.992391 0.113512
-0.002000 -0.010250 0.267694 0.746829 0.656063 -0.108753
-0.006340 -0.015114 0.266193 0.352012 -0.926782 -0.131009
-0.004293 -0.014901 0.270425 0.099873 -0.981910 0.160865
-0.006035 -0.014881 0.264603 0.417327 -0.902427 -0.107067
-0.001614 -0.010342 0.272585 0.872977 0.474669 -0.112253
-0.003008 -0.014994 0.266780 0.014467 -0.999312 -0.034151
-0.000895 -0.014633 0.266488 0.565671 -0.820643 0.081008
-0.006994 -0.014795 0.272654 0.071056 -0.986106 0.150150
-0.002275 -0.010041 0.265204 0.878147 0.478339 0.007029
-0.000218 -0.012404 0.266987 0.890598 0.388187 0.236953
-0.001303 -0.012837 0.273325 0.983264 -0.179937 -0.028555
-0.007047 -0.015253 0.264651 0.208404 -0.973388 -0.095308
-0.007145 -0.015122 0.263631 -0.244890 0.959427 0.139744
0.000367 -0.013553 0.264730 0.817690 -0.526801 0.232085
-0.003227 -0.005838 0.270907 0.885450 -0.395616 0.243858
-0.006565 -0.015197 0.269615 0.186716 -0.976772 0.105133
-0.004412 -0.015088 0.268121 0.001494 -0.998376 -0.056954
-0.001786 -0.010527 0.270966 0.859379 0.507534 0.062271
-0.005716 -0.014761 0.265049 0.396010 -0.916911 -0.049492
-0.004271 -0.014524 0.272778 0.081762 -0.990034 0.114661
-0.003679 -0.007623 0.271522 0.944044 0.292317 -0.152747
-0.001278 -0.011207 0.266148 -0.653516 -0.755549 -0.045416
-0.007206 -0.015375 0.266529 0.212730 -0.976090 -0.044666
-0.002319 -0.009608 0.266561 0.918774 0.386170 0.082016
-0.003458 -0.014790 0.270366 0.113714 -0.981009 0.157134
-0.005051 -0.015021 0.267277 0.072067 -0.989811 -0.122800
-0.008329 -0.015412 0.269074 -0.072779 -0.987918 0.136829
-0.004242 -0.014830 0.266286 -0.159666 -0.980997 -0.110231
-0.007497 -0.015474 0.268213 0.093402 -0.995263 0.026973
-0.003320 -0.014507 0.272024 0.136270 -0.972390 0.189443
-0.001447 -0.014752 0.267497 0.332835 -0.937407 0.102417
-0.002427 -0.014939 0.265775 0.022454 -0.990191 -0.137902
-0.001363 -0.011018 0.272693 0.962204 0.262121 -0.073864
-0.004162 -0.014985 0.267510 -0.036150 -0.992857 -0.113701
-0.003500 -0.006854 0.270384 0.890023 -0.252653 0.379507
-0.004915 -0.015098 0.268471 0.030104 -0.997921 -0.056984
-0.006616 -0.015137 0.265474 0.292654 -0.954877 -0.050637
-0.005650 -0.015073 0.268117 0.159281 -0.985535 -0.057875
-0.006329 -0.014996 0.270972 0.160243 -0.975163 0.152905
-0.001702 -0.013653 0.274300 -0.678534 0.717008 -0.159657
-0.000643 -0.013755 0.268297 0.884106 -0.401793 0.238575
-0.003764 -0.006858 0.271794 0.994343 -0.097937 -0.041124
-0.004308 -0.014674 0.271515 0.074367 -0.984351 0.159759
-0.001538 -0.010936 0.266536 -0.695622 -0.717352 0.038938
-0.000055 -0.012709 0.266700 0.956890 0.115515 0.266491
-0.002774 -0.007219 0.266578 0.980336 -0.054262 0.189729
-0.000257 -0.012991 0.267626 0.976703 -0.061984 0.205450
-0.004871 -0.014372 0.273963 0.027235 -0.989686 0.140641
-0.001828 -0.010774 0.265873 -0.683835 -0.729570 -0.009873
-0.001511 -0.013951 0.271325 0.633438 -0.740427 0.224776
-0.000739 -0.014510 0.266200 0.661769 -0.744535 0.087922
-0.001290 -0.010957 0.265015 -0.478160 -0.827526 -0.294216
-0.003300 -0.008617 0.269505 0.901127 0.410854 0.138451
-0.003280 -0.007900 0.269011 0.968098 -0.090941 0.233488
-0.002361 -0.006755 0.264374 0.992634 -0.096585 0.073132
-0.009085 -0.015362 0.268163 0.140528 0.985488 -0.095216
-0.004241 -0.014134 0.263546 0.040273 -0.966740 -0.252572
-0.008249 -0.015583 0.266992 0.039981 -0.999152 0.009838
-0.000488 -0.012515 0.268656 0.982063 0.112132 0.151588
-0.001673 -0.010305 0.269968 0.863060 0.502356 0.052602
-0.004631 -0.014688 0.271757 0.080728 -0.985592 0.148630
-0.000535 -0.013929 0.267521 0.847523 -0.480893 0.224604
-0.005048 -0.014549 0.272889 0.072044 -0.986361 0.147989
-0.004417 -0.013918 0.262771 -0.216995 0.958626 0.184253
-0.007858 -0.015505 0.268157 0.040315 -0.998223 0.043885
-0.000864 -0.010675 0.264266 0.427082 0.776908 0.462617
-0.002700 -0.006341 0.267508 0.981054 -0.167017 0.098172
-0.006467 -0.015086 0.270570 0.168269 -0.975440 0.142134
-0.001609 -0.014880 0.266432 0.196002 -0.980284 0.025046
-0.007632 -0.015446 0.268928 0.056244 -0.992089 0.112229
0.000093 -0.012484 0.265819 0.904858 0.331481 0.267118
-0.006238 -0.015231 0.267971 0.261564 -0.965059 -0.015677
0.000080 -0.013102 0.266050 0.939231 -0.221921 0.261909
-0.005741 -0.014870 0.271023 0.131307 -0.982415 0.132738
-0.003303 -0.014313 0.273507 0.144991 -0.986964 0.069858
-0.003384 -0.014709 0.265060 -0.085158 -0.954936 -0.284334
-0.003780 -0.007497 0.270734 0.977957 0.015444 0.208236
-0.008927 -0.015095 0.271257 -0.179358 -0.970086 0.163596
-0.003782 -0.007137 0.272022 0.974629 0.141892 -0.173102
-0.001764 -0.013861 0.272940 0.673535 -0.732850 0.096344
-0.008088 -0.015555 0.266379 -0.128199 0.990240 0.054687
-0.000936 -0.013123 0.270519 0.952661 -0.181051 0.244251
-0.006906 -0.015255 0.269798 0.126250 -0.985162 0.116257
-0.002479 -0.008029 0.264493 0.992188 -0.091025 0.085311
-0.003051 -0.014225 0.274547 -0.169598 0.979122 -0.112053
-0.002446 -0.007445 0.264438 0.992619 -0.099533 0.069288
-0.005092 -0.014590 0.272528 0.083814 -0.986021 0.144006
-0.002087 -0.014944 0.266040 0.068300 -0.994227 -0.082749
-0.002100 -0.009950 0.272170 0.798598 0.577174 -0.170621
-0.002807 -0.008392 0.272998 0.845966 0.455447 -0.277326
-0.004410 -0.014630 0.271870 0.085979 -0.985311 0.147547
-0.006336 -0.014747 0.262511 0.399540 -0.911906 -0.093786
0.000266 -0.013179 0.265458 0.904298 -0.231728 0.358535
-0.000767 -0.014588 0.265775 0.569471 -0.820948 0.041790
-0.003211 -0.008822 0.269984 0.754583 0.647577 0.106055
-0.005085 -0.014531 0.264953 0.234193 -0.959894 -0.154133
-0.001088 -0.011522 0.267490 0.791664 0.610403 -0.026008
-0.002549 -0.009234 0.263957 0.870488 0.285187 0.401148
-0.001949 -0.014649 0.269796 0.395163 -0.898267 0.192254
-0.000621 -0.012237 0.269336 0.957748 0.238166 0.161232
-0.001276 -0.012455 0.273229 0.995850 -0.089190 -0.018093
-0.007874 -0.015447 0.265269 -0.203545 0.975794 0.079967
-0.002516 -0.007898 0.265243 0.998186 -0.060169 -0.001971
-0.003072 -0.007245 0.268999 0.955418 -0.230059 0.185067
-0.004378 -0.014963 0.266870 -0.022497 -0.992129 -0.123183
-0.001104 -0.011311 0.265540 -0.611530 -0.770171 -0.181296
-0.003962 -0.014425 0.273274 0.088713 -0.989408 0.114903
-0.001442 -0.011303 0.271762 0.959096 0.279414 -0.045417
0.000056 -0.012889 0.266271 0.971556 -0.001854 0.236805
-0.003923 -0.014847 0.266271 -0.100395 -0.990952 -0.089083
-0.008863 -0.015434 0.267831 0.094031 0.991594 -0.088878
-0.006722 -0.015197 0.270042 0.152010 -0.980946 0.120985
-0.001824 -0.010707 0.265703 -0.686957 -0.724242 -0.059703
-0.007137 -0.014468 0.274217 -0.074719 0.976972 -0.199857
-0.002201 -0.009609 0.270407 0.742894 0.659774 0.113169
-0.002468 -0.006072 0.265663 0.971637 -0.173542 0.160638
-0.002952 -0.014934 0.265623 0.004505 -0.980269 -0.197615
-0.000367 -0.012928 0.268160 0.976112 -0.065144 0.207272
-0.006759 -0.015029 0.263678 0.284403 -0.948986 -0.136164
-0.007142 -0.014523 0.273982 -0.080959 0.976678 -0.198860
-0.002515 -0.007284 0.264777 0.993046 -0.099300 0.063236
-0.003205 -0.007543 0.269186 0.948964 -0.198124 0.245387
-0.006048 -0.014604 0.262797 0.425925 -0.899714 -0.095404
-0.002707 -0.014921 0.265591 0.013026 -0.983918 -0.178145
-0.006291 -0.015217 0.269249 0.200396 -0.975033 0.095667
-0.002347 -0.009623 0.271908 0.797524 0.585342 -0.146048
-0.007177 -0.014966 0.271747 0.103455 -0.976164 0.190792
-0.005842 -0.014723 0.272171 0.134509 -0.980765 0.141449
-0.001131 -0.011699 0.270691 0.926075 0.335765 0.172185
-0.002597 -0.009358 0.269212 0.722073 0.686628 -0.084575
-0.005018 -0.014296 0.264331 0.249944 -0.956262 -0.151957
-0.003398 -0.014964 0.269328 0.050663 -0.990819 0.125341
-0.000647 -0.013336 0.268610 0.945744 -0.257085 0.198684
-0.002814 -0.007039 0.267233 0.968421 -0.178907 0.173646
-0.001906 -0.010706 0.265322 0.704981 0.702847 0.094911
-0.000833 -0.013490 0.269961 0.891217 -0.386672 0.237100
-0.004565 -0.014178 0.264042 0.094890 -0.978321 -0.184078
-0.000762 -0.011435 0.265204 -0.584681 -0.761004 -0.281109
-0.002640 -0.008934 0.272625 0.827549 0.500408 -0.254469
-0.001198 -0.013126 0.271751 0.949583 -0.228132 0.215053
-0.006811 -0.015139 0.270585 0.130733 -0.980976 0.143508
-0.006066 -0.014959 0.265921 0.377706 -0.921035 -0.095044
-0.000242 -0.014303 0.264512 0.656539 -0.747264 0.102724
-0.003674 -0.014272 0.274615 -0.071066 0.991985 -0.104480
-0.000858 -0.010560 0.264083 0.435953 0.735257 0.518983
-0.007152 -0.015277 0.265481 0.240844 -0.967638 -0.075300
-0.009307 -0.015259 0.268932 0.163909 0.979731 -0.115153
-0.008666 -0.015378 0.268978 -0.127576 -0.984769 0.118127
-0.001142 -0.011727 0.270951 0.936680 0.323387 0.134353
-0.002319 -0.014092 0.273541 0.376288 -0.924782 0.056430
-0.001679 -0.010497 0.270210 0.873063 0.473186 0.117709
-0.005552 -0.014959 0.269926 0.089990 -0.990406 0.104872
-0.002907 -0.014607 0.271054 0.196620 -0.965955 0.168143
-0.008233 -0.014794 0.272934 -0.029597 0.988849 -0.145948
-0.000962 -0.011535 0.269256 0.856902 0.508924 0.081940
-0.005044 -0.015046 0.268034 0.005508 -0.995530 -0.094289
-0.002973 -0.014664 0.264828 -0.036329 -0.963935 -0.263647
-0.006172 -0.015153 0.267609 0.269972 -0.962644 -0.020757
-0.004998 -0.014300 0.264111 0.252398 -0.957762 -0.137792
-0.002236 -0.014144 0.272692 0.364681 -0.920790 0.138397
-0.004618 -0.015085 0.269201 0.078268 -0.993069 0.087686
-0.009111 -0.015320 0.268598 0.151690 0.982691 -0.106346
-0.007130 -0.015454 0.268399 0.154294 -0.986862 0.047919
-0.009427 -0.015133 0.269810 -0.205359 -0.968553 0.140473
-0.006966 -0.015214 0.264836 0.213219 -0.974566 -0.068977
-0.004436 -0.014394 0.273748 0.026956 -0.991313 0.128732
-0.002480 -0.007251 0.265468 0.993175 -0.010262 0.116178
-0.001992 -0.010475 0.264547 -0.647560 -0.664149 -0.373593
-0.006209 -0.014822 0.263548 0.387742 -0.911018 -0.140366
-0.001399 -0.010941 0.267374 0.772996 0.625341 -0.106891
-0.000662 -0.011958 0.268326 0.882373 0.468193 0.047041
-0.001319 -0.011385 0.272483 0.986062 0.162081 -0.037561
-0.005129 -0.014766 0.266110 0.067554 -0.973834 -0.216989
-0.002521 -0.007265 0.265648 0.989555 0.006561 0.144007
-0.001934 -0.014607 0.264373 -0.103995 -0.963697 -0.245913
-0.009548 -0.015184 0.269202 0.189993 0.974427 -0.119973
-0.007216 -0.015266 0.264634 0.197004 -0.975977 -0.093049
-0.000203 -0.011768 0.265141 -0.625601 -0.687076 -0.369528
-0.004385 -0.014281 0.274781 -0.015893 0.993396 -0.113627
-0.005810 -0.015010 0.267945 0.195812 -0.979976 -0.036133
-0.008135 -0.014921 0.272401 0.025833 -0.990098 0.137983
-0.002924 -0.008766 0.267355 0.954045 0.207111 0.216570
-0.004523 -0.014720 0.265795 -0.179425 -0.950571 -0.253418
-0.006662 -0.015278 0.269226 0.181825 -0.978301 0.099336
-0.003828 -0.014750 0.270757 0.112970 -0.984340 0.135327
-0.002869 -0.008293 0.272869 0.850435 0.445750 -0.279406
-0.001276 -0.011395 0.270807 0.917144 0.367801 0.153524
-0.000245 -0.013536 0.267165 0.939415 -0.290595 0.181809
-0.000420 -0.014451 0.263689 -0.437260 0.896079 0.076461
-0.006987 -0.015054 0.271197 0.111693 -0.979429 0.168059
-0.005829 -0.014802 0.265745 0.369788 -0.925578 -0.081007
-0.005599 -0.014315 0.262408 -0.401611 0.911514 0.088607
-0.003505 -0.014962 0.269170 0.039728 -0.991841 0.121131
-0.004445 -0.014766 0.271142 0.067342 -0.983690 0.166788
-0.003537 -0.014986 0.266530 -0.049719 -0.997608 -0.048028
-0.002555 -0.014529 0.264291 -0.047216 -0.964477 -0.259914
-0.005936 -0.014383 0.274276 0.101244 -0.976431 0.190611
-0.001190 -0.014613 0.264013 0.080317 -0.978930 -0.187738
-0.000428 -0.011550 0.265035 -0.591452 -0.692673 -0.412782
-0.002892 -0.006168 0.268887 0.974212 -0.155167 0.163814
-0.001529 -0.010704 0.269415 0.861554 0.507583 -0.009198
-0.001342 -0.013068 0.272407 0.967512 -0.226693 0.111944
-0.000260 -0.013202 0.267484 0.960367 -0.174554 0.217314
-0.002653 -0.008839 0.266698 0.937056 0.238538 0.255000
-0.007142 -0.015437 0.267819 0.161900 -0.986632 -0.018612
-0.002279 -0.005677 0.265325 0.975348 -0.173804 0.135970
-0.008552 -0.015540 0.266921 -0.034880 0.999386 -0.003304
-0.007460 -0.015166 0.270521 0.055921 -0.990727 0.123825
-0.002358 -0.006902 0.265102 0.990773 -0.078108 0.110762
-0.004444 -0.014978 0.269896 0.064005 -0.989919 0.126346
-0.006517 -0.015019 0.264252 0.319235 -0.939209 -0.126398
-0.000504 -0.014164 0.266807 0.788183 -0.599315 0.139961
-0.003673 -0.014711 0.270975 0.101924 -0.985568 0.135154
-0.001091 -0.011437 0.266849 0.736865 0.675027 0.037005
-0.005490 -0.014683 0.264977 0.363492 -0.928785 -0.072335
-0.007356 -0.014885 0.272228 0.073778 -0.984265 0.160562
-0.002662 -0.014911 0.268947 0.131268 -0.983323 0.125873
-0.000606 -0.014105 0.267413 0.790013 -0.582488 0.191278
-0.002579 -0.014969 0.267223 0.097629 -0.994453 0.039134
-0.002879 -0.007695 0.267178 0.973664 -0.047202 0.223049
-0.002644 -0.014944 0.267424 0.108299 -0.993589 0.032423
-0.002847 -0.008236 0.267216 0.978989 0.033649 0.201119
-0.000649 -0.011922 0.267129 0.765998 0.629607 0.129774
-0.006016 -0.015105 0.267988 0.244690 -0.969303 -0.024071
-0.005708 -0.014996 0.270195 0.142366 -0.985923 0.087680
-0.003048 -0.014622 0.264441 -0.056241 -0.958982 -0.277831
-0.002747 -0.014177 0.274610 -0.256153 0.957195 -0.134772
-0.003452 -0.007379 0.270020 0.935863 -0.134901 0.325519
-0.003231 -0.014168 0.263221 0.143313 0.930333 0.337553
-0.006594 -0.015290 0.268300 0.247330 -0.968447 0.030635
-0.003170 -0.008034 0.272440 0.860600 0.429742 -0.273295
-0.002457 -0.014495 0.264013 -0.086690 -0.957748 -0.274231
-0.007405 -0.015475 0.268521 0.111118 -0.992087 0.058453
-0.002017 -0.010446 0.265766 0.796942 0.603947 0.011445
-0.001200 -0.011961 0.271954 0.990396 0.118844 0.070651
-0.005517 -0.014701 0.265786 0.251964 -0.958399 -0.134113
-0.003753 -0.014384 0.273493 0.098400 -0.988177 0.117571
-0.002761 -0.014913 0.269152 0.118210 -0.982601 0.143257
-0.001243 -0.012818 0.272001 0.978631 -0.106518 0.175885
-0.005896 -0.014499 0.262335 -0.407715 0.909222 0.084163
-0.008284 -0.014926 0.272525 0.004594 0.990089 -0.140366
-0.000425 -0.014335 0.264997 0.664077 -0.734884 0.137649
-0.001470 -0.011084 0.271720 0.943170 0.327735 -0.054959
-0.006324 -0.015015 0.264551 0.380167 -0.919122 -0.103383
-0.001407 -0.011140 0.270726 0.893137 0.435815 0.111227
-0.004129 -0.014953 0.269588 0.105800 -0.988491 0.108131
-0.005751 -0.014475 0.273803 0.108609 -0.977705 0.179714
-0.001051 -0.012104 0.270996 0.964292 0.198431 0.175401
-0.002648 -0.008638 0.266333 0.980719 0.095959 0.170243
-0.004816 -0.014235 0.274804 -0.013230 0.991852 -0.126710
-0.002517 -0.014090 0.274378 -0.295017 0.947112 -0.126268
-0.001495 -0.010721 0.264631 -0.439022 -0.799974 -0.409024
-0.006146 -0.015080 0.269690 0.204661 -0.972126 0.114387
-0.002609 -0.008413 0.264519 0.993964 -0.071092 0.083559
-0.001105 -0.010789 0.264495 -0.441982 -0.789176 -0.426442
-0.007019 -0.015299 0.269583 0.111234 -0.986565 0.119653
-0.005902 -0.014574 0.273226 0.136850 -0.976726 0.165161
-0.004877 -0.015014 0.269710 0.002486 -0.992926 0.118708
-0.002367 -0.014668 0.270475 0.261119 -0.939863 0.220168
-0.003609 -0.007904 0.270495 0.968368 0.131545 0.212038
-0.000286 -0.012631 0.267663 0.973205 0.155377 0.169496
-0.002057 -0.013932 0.274020 -0.479098 0.874548 -0.075038
-0.001751 -0.010311 0.272256 0.853529 0.503448 -0.134271
-0.003078 -0.008918 0.268455 0.934759 0.354359 0.025612
-0.000065 -0.014184 0.264254 -0.667603 0.741304 -0.069106
-0.007208 -0.015164 0.264244 -0.205405 0.972399 0.110671
-0.003459 -0.006432 0.270612 0.890563 -0.336396 0.306163
-0.003784 -0.014475 0.264453 -0.176979 -0.936507 -0.302710
-0.002550 -0.008638 0.265780 0.996271 -0.042788 0.074920
-0.003386 -0.015008 0.266821 -0.025270 -0.998237 -0.053702
-0.006887 -0.015309 0.268882 0.190034 -0.978438 0.080906
-0.002181 -0.010157 0.265819 0.879945 0.473645 -0.036829
-0.002935 -0.007716 0.267453 0.971691 -0.043793 0.232159
-0.002530 -0.006310 0.265762 0.969476 -0.152590 0.191920
-0.003759 -0.014995 0.267031 -0.069909 -0.993136 -0.093778
-0.002867 -0.014743 0.270154 0.095968 -0.978858 0.180631
-0.003009 -0.008898 0.267891 0.954044 0.275090 0.118850
-0.001894 -0.010017 0.269534 0.812348 0.577055 -0.084252
-0.004697 -0.014540 0.272837 0.058212 -0.988778 0.137588
-0.006533 -0.014830 0.262742 0.371135 -0.922794 -0.103491
-0.002150 -0.009759 0.269442 0.734318 0.670501 -0.105854
-0.000974 -0.012055 0.270436 0.953900 0.241032 0.178823
0.000708 -0.012398 0.264410 0.913059 0.186497 0.362688
-0.001230 -0.014643 0.267555 0.478961 -0.866326 0.141688
-0.001097 -0.014516 0.267766 0.611300 -0.781772 0.123064
0.000628 -0.012513 0.264681 0.913059 0.186497 0.362688
-0.006003 -0.015137 0.268200 0.235949 -0.971541 -0.020859
-0.007142 -0.014957 0.263008 -0.296741 0.948149 0.113836
-0.001316 -0.011128 0.270268 0.884548 0.453922 0.107371
-0.003638 -0.006335 0.271894 0.970683 -0.235384 0.048674
0.000357 -0.013649 0.264090 0.817731 -0.563510 0.117361
-0.009904 -0.014802 0.270718 0.273189 0.951984 -0.138181
-0.007002 -0.015103 0.263807 -0.245237 0.959533 0.138405
-0.005883 -0.015148 0.268416 0.174893 -0.984520 -0.011562
-0.002790 -0.006548 0.267854 0.975525 -0.180937 0.124949
-0.002490 -0.005773 0.266439 0.968301 -0.196775 0.153858
-0.005486 -0.014617 0.272559 0.118474 -0.982523 0.143572
-0.003890 -0.015048 0.268483 0.061063 -0.995000 0.079031
-0.002800 -0.007699 0.266832 0.979857 -0.028753 0.197621
-0.001316 -0.012664 0.272938 0.990127 -0.139898 0.008764
-0.000107 -0.011206 0.264186 0.584886 0.701214 0.407685
-0.008011 -0.015587 0.267105 0.070887 -0.997473 0.004763
-0.002698 -0.007431 0.266320 0.965254 0.004798 0.261270
-0.001021 -0.011443 0.268272 0.823128 0.567503 -0.019989
-0.005468 -0.014471 0.263595 0.365379 -0.921423 -0.132205
-0.003960 -0.014015 0.263356 -0.036979 -0.962847 -0.267503
-0.006421 -0.015273 0.268198 0.255532 -0.966681 0.015243
-0.002506 -0.008526 0.265550 0.996222 -0.082943 0.025740
-0.002313 -0.014717 0.270250 0.258966 -0.943242 0.207919
-0.005857 -0.014807 0.264901 0.415023 -0.906436 -0.078296
-0.007008 -0.015124 0.264080 0.231371 -0.965099 -0.122688
-0.006990 -0.014636 0.273579 0.076481 -0.974905 0.209072
-0.007244 -0.014763 0.273021 0.077675 -0.982019 0.172062
-0.003861 -0.014618 0.271663 0.072764 -0.983077 0.168121
-0.000874 -0.012601 0.270369 0.973285 0.040213 0.226051
-0.000426 -0.011889 0.265880 -0.654299 -0.737837 -0.165798
0.000252 -0.011995 0.264870 0.722098 0.551813 0.417224
-0.001478 -0.013418 0.274070 0.820927 -0.556785 0.126761
-0.001272 -0.012136 0.272722 0.999010 -0.035957 0.026186
-0.002940 -0.014261 0.263379 -0.115728 -0.938161 -0.326285
-0.001430 -0.012974 0.272991 0.970934 -0.239261 -0.006495
-0.003701 -0.014483 0.272413 0.136394 -0.981295 0.135856
-0.001401 -0.013356 0.273702 0.896013 -0.439339 0.064355
-0.008839 -0.015101 0.271038 -0.175061 -0.975190 0.135494
-0.004236 -0.014267 0.264086 -0.019526 -0.972351 -0.232708
-0.000784 -0.011808 0.268959 0.882009 0.463882 0.082905
-0.008144 -0.014955 0.272076 0.024306 -0.976977 0.211957
-0.003270 -0.007526 0.272857 0.880735 0.369351 -0.296454
-0.002399 -0.007262 0.264188 0.991708 -0.102832 0.077079
-0.002754 -0.009348 0.268228 0.836205 0.547333 -0.034463
-0.002157 -0.014285 0.263256 0.113767 0.956863 0.267339
-0.001250 -0.012539 0.272318 0.992957 -0.076686 0.090308
-0.005134 -0.014405 0.273888 0.046959 -0.987173 0.152593
-0.003791 -0.015081 0.267771 -0.010638 -0.995975 -0.088998
-0.000378 -0.012597 0.268222 0.975601 0.100640 0.195127
-0.005691 -0.015127 0.268285 0.139702 -0.989031 -0.047967
-0.001805 -0.010383 0.267910 0.751198 0.654665 -0.084347
-0.007519 -0.014575 0.273991 -0.075978 0.977307 -0.197731
-0.001385 -0.011063 0.266805 0.730666 0.681586 -0.039597
-0.006063 -0.014803 0.272046 0.137649 -0.980078 0.143175
-0.003346 -0.014897 0.269624 0.080305 -0.985626 0.148633
-0.002282 -0.014096 0.273193 0.370178 -0.922888 0.106047
0.000363 -0.012737 0.265386 0.928663 0.103032 0.356327
-0.003656 -0.006475 0.271689 0.969637 -0.236642 0.061682
-0.005987 -0.015127 0.266825 0.274675 -0.950603 -0.144597
-0.000711 -0.013662 0.268522 0.911776 -0.365095 0.188069
-0.000691 -0.011294 0.264923 -0.547988 -0.719359 -0.426886
-0.002781 -0.014682 0.264676 -0.030849 -0.967695 -0.250230
-0.002292 -0.010255 0.266143 0.890336 0.454686 -0.023711
-0.002811 -0.014480 0.264057 -0.058628 -0.953312 -0.296243
-0.000961 -0.014701 0.266116 0.490849 -0.868448 0.069754
-0.008604 -0.014940 0.272413 0.057492 0.985469 -0.159832
-0.002214 -0.009776 0.270641 0.756828 0.639999 0.132711
-0.002698 -0.009547 0.264435 0.911432 0.301220 0.280281
-0.003590 -0.014401 0.273266 0.139773 -0.985802 0.093047
0.000244 -0.013765 0.264384 0.770136 -0.612495 0.178160
-0.000483 -0.014462 0.264695 0.559210 -0.826343 0.066641
-0.003209 -0.014994 0.267786 0.077849 -0.996841 -0.015732
-0.001631 -0.010491 0.269019 0.818542 0.571836 -0.054701
-0.007762 -0.015171 0.270755 0.042296 -0.995315 0.086938
-0.006996 -0.015312 0.265913 0.244056 -0.964847 -0.097509
-0.007473 -0.015444 0.266674 0.193601 -0.980326 -0.038464
-0.004031 -0.014688 0.265256 -0.227778 -0.926343 -0.300009
-0.002974 -0.014173 0.263090 0.136324 0.932595 0.334188
-0.000850 -0.013444 0.270150 0.897909 -0.362861 0.249180
-0.007941 -0.015545 0.267720 0.065198 -0.996281 0.056329
-0.007957 -0.014929 0.272236 0.028310 -0.983884 0.176551
-0.002752 -0.008044 0.266238 0.966386 0.008885 0.256940
-0.001524 -0.014746 0.267920 0.353519 -0.931742 0.082950
-0.002498 -0.007657 0.264678 0.993527 -0.092649 0.065731
-0.002566 -0.014970 0.268144 0.156143 -0.987728 0.003576
-0.007072 -0.015383 0.267531 0.169720 -0.984754 -0.038138
-0.002495 -0.014986 0.266964 0.083316 -0.996320 0.020137
-0.008407 -0.015510 0.266250 -0.112326 0.992745 0.042892
-0.002368 -0.006330 0.265018 0.984245 -0.105204 0.142105
-0.002941 -0.014612 0.271286 0.216114 -0.964171 0.153846
-0.002517 -0.014281 0.263423 0.104690 0.952337 0.286520
-0.002567 -0.014182 0.273138 0.281976 -0.955047 0.091513
-0.006471 -0.014948 0.263619 0.355141 -0.924431 -0.138932
0.000047 -0.012418 0.266163 0.894519 0.381302 0.233335
-0.008072 -0.015082 0.271665 0.024815 -0.979563 0.199601
-0.003311 -0.005911 0.271165 0.901689 -0.383907 0.198927
-0.003163 -0.007850 0.272713 0.859809 0.425402 -0.282420
-0.003428 -0.015005 0.268860 0.039623 -0.994054 0.101424
-0.002999 -0.008111 0.272795 0.859649 0.425217 -0.283186
-0.000421 -0.012150 0.267186 0.829858 0.529023 0.177400
-0.001369 -0.010964 0.268404 0.822088 0.569079 -0.017896
-0.004115 -0.014207 0.263844 -0.037067 -0.960138 -0.277059
-0.000427 -0.014514 0.264043 -0.414655 0.909971 -0.003655
-0.001388 -0.014735 0.264476 0.023877 -0.988589 -0.148733
-0.002530 -0.014499 0.264124 -0.069753 -0.959273 -0.273732
-0.001972 -0.009950 0.270459 0.797727 0.584719 0.147430
-0.001052 -0.014441 0.268029 0.644055 -0.754627 0.125423
-0.008204 -0.015471 0.265727 -0.159691 0.985200 0.062282
-0.003229 -0.008219 0.272071 0.854741 0.450822 -0.257248
-0.007364 -0.014854 0.272541 0.078863 -0.987037 0.139783
-0.000449 -0.014007 0.267181 0.842245 -0.503683 0.192161
-0.001372 -0.014625 0.268425 0.510869 -0.853677 0.101233
-0.002610 -0.014190 0.273363 0.295212 -0.954406 0.044270
-0.004601 -0.015091 0.269337 0.079232 -0.993251 0.084703
0.000137 -0.012792 0.266023 0.956442 0.092089 0.277018
-0.007894 -0.015457 0.265613 -0.179116 0.981105 0.073142
-0.000854 -0.011825 0.267542 0.800567 0.598973 0.017977
-0.000496 -0.011695 0.265291 -0.614110 -0.723787 -0.314645
-0.003767 -0.014979 0.268981 0.042670 -0.994222 0.098500
-0.002483 -0.007427 0.265294 0.998474 -0.026964 0.048191
-0.002887 -0.008134 0.273112 0.854778 0.431943 -0.287714
-0.002915 -0.014269 0.273639 0.200831 -0.978067 0.055238
-0.007762 -0.014719 0.273473 -0.062572 0.977532 -0.201288
-0.005202 -0.014218 0.262484 -0.352136 0.926922 0.129676
-0.002228 -0.010092 0.264654 0.795887 0.525348 0.300954
-0.003632 -0.006551 0.271316 0.950784 -0.287997 0.114316
-0.006150 -0.014638 0.262183 0.413499 -0.906853 -0.081467
-0.002112 -0.010218 0.267215 0.786782 0.611745 -0.082105
-0.001275 -0.011708 0.272449 0.991597 0.128216 -0.017209
-0.007273 -0.015136 0.270984 0.094665 -0.983914 0.151499
-0.002331 -0.006606 0.264783 0.991283 -0.103658 0.081321
-0.005406 -0.014555 0.272973 0.110365 -0.981845 0.154270
-0.006809 -0.015304 0.269065 0.183621 -0.979572 0.081983
-0.006175 -0.014794 0.272251 0.135231 -0.980761 0.140788
-0.000150 -0.013562 0.266320 0.926856 -0.330295 0.178447
-0.005604 -0.014992 0.269551 0.122582 -0.984953 0.121820
-0.009162 -0.015162 0.270002 -0.200592 -0.971681 0.124896
-0.003163 -0.008453 0.271718 0.834298 0.494507 -0.243739
-0.007102 -0.015359 0.266103 0.231813 -0.968076 -0.095354
-0.002075 -0.010102 0.271174 0.812103 0.582464 0.034995
-0.008088 -0.015217 0.271313 0.003610 -0.986295 0.164952
-0.002521 -0.008637 0.265651 0.997871 -0.047101 0.045102
-0.001430 -0.010895 0.272225 0.939686 0.323631 -0.110690
-0.008855 -0.015483 0.267469 0.072998 0.994844 -0.070400
-0.000415 -0.013553 0.267828 0.898497 -0.343318 0.273561
-0.001429 -0.014051 0.270663 0.713404 -0.672166 0.198108
-0.004570 -0.014467 0.273288 0.047890 -0.988250 0.145151
-0.005526 -0.014829 0.266478 0.185554 -0.954697 -0.232646
-0.002968 -0.006057 0.269498 0.961745 -0.166450 0.217580
-0.003439 -0.007582 0.272192 0.892186 0.366651 -0.263762
-0.001261 -0.011765 0.273915 0.997552 0.066704 -0.021002
-0.006701 -0.014578 0.273733 0.067942 -0.977186 0.201225
-0.006902 -0.015366 0.268719 0.193795 -0.978240 0.074094
-0.002705 -0.014380 0.272176 0.263631 -0.952417 0.152970
-0.002263 -0.014761 0.265085 -0.022395 -0.974584 -0.222902
-0.001292 -0.011113 0.265973 -0.647056 -0.758526 -0.077181
-0.002228 -0.014837 0.269061 0.205773 -0.970848 0.122927
-0.003653 -0.006928 0.270702 0.929473 -0.216068 0.298989
-0.002777 -0.006695 0.266917 0.985134 -0.133218 0.108460
-0.003327 -0.014336 0.263768 -0.154465 -0.931608 -0.329009
-0.001378 -0.013050 0.272717 0.967020 -0.248707 0.054926
-0.006070 -0.015156 0.267017 0.269262 -0.957495 -0.103445
-0.006250 -0.015000 0.270731 0.168358 -0.975020 0.144882
-0.002590 -0.009304 0.269885 -0.675927 -0.736847 0.013388
-0.001150 -0.011235 0.265994 -0.631421 -0.770714 -0.085485
-0.004411 -0.014726 0.271336 0.076853 -0.983816 0.161861
-0.003647 -0.015068 0.267618 -0.003083 -0.996775 -0.080192
-0.006441 -0.015138 0.270205 0.181418 -0.976132 0.119389
-0.000069 -0.013679 0.265648 0.864504 -0.469203 0.180227
-0.003293 -0.007679 0.272516 0.870283 0.398978 -0.288833
-0.004845 -0.014603 0.265664 -0.022700 -0.970064 -0.241788
-0.004990 -0.014978 0.267853 -0.000214 -0.996737 -0.080713
-0.003343 -0.006129 0.270758 0.891681 -0.359036 0.275679
-0.003526 -0.014411 0.264103 -0.168801 -0.933821 -0.315413
-0.004713 -0.014734 0.271469 0.072883 -0.986031 0.149768
-0.004554 -0.015027 0.267935 -0.019607 -0.994165 -0.106073
-0.002813 -0.006820 0.267032 0.983314 -0.141855 0.113888
-0.002471 -0.008009 0.265989 0.969271 -0.001690 0.245990
-0.003251 -0.014340 0.273241 0.171261 -0.982754 0.069747
-0.004214 -0.014452 0.273281 0.055357 -0.989490 0.133583
-0.003761 -0.006940 0.271433 0.984708 -0.168167 0.045503
-0.003502 -0.007759 0.270179 0.962043 -0.008288 0.272774
-0.002506 -0.007666 0.265727 0.985179 -0.021136 0.170222
-0.007104 -0.015274 0.265686 0.244659 -0.965583 -0.088267
-0.001247 -0.012125 0.273950 0.999689 -0.024299 0.005662
-0.003606 -0.015026 0.268301 0.064908 -0.996878 0.044961
-0.002310 -0.014062 0.274175 0.415932 -0.904940 0.089913
-0.005125 -0.014921 0.269912 -0.003299 -0.992261 0.124124
-0.002320 -0.006102 0.264731 0.983594 -0.139709 0.114122
-0.003533 -0.007153 0.270379 0.918637 -0.179630 0.351909
-0.003678 -0.014995 0.268735 0.040249 -0.993751 0.104114
-0.003758 -0.006843 0.272085 0.988646 -0.006418 -0.150124
-0.001348 -0.011017 0.273506 0.968730 0.247810 0.012329
-0.001948 -0.014093 0.272042 0.551144 -0.820694 0.150670
-0.004778 -0.014379 0.264746 0.120181 -0.973203 -0.196043
-0.001188 -0.011970 0.271322 0.962316 0.237131 0.133102
-0.005207 -0.014977 0.269634 0.007450 -0.992656 0.120744
-0.001604 -0.010604 0.270057 0.884343 0.457874 0.091037
-0.003972 -0.014569 0.271964 0.088727 -0.983452 0.157953
-0.005161 -0.014250 0.274776 -0.026187 0.990348 -0.136110
-0.001260 -0.012381 0.272844 0.996725 -0.079057 0.016993
-0.006587 -0.015243 0.266393 0.292868 -0.950430 -0.104458
-0.001313 -0.014679 0.264194 0.004883 -0.984376 -0.176010
-0.007154 -0.015224 0.270151 0.079320 -0.987997 0.132555
-0.008618 -0.014942 0.272217 -0.077197 -0.977306 0.197264
-0.006835 -0.014978 0.263191 -0.325650 0.937517 0.122530
-0.002310 -0.014718 0.269991 0.271860 -0.944709 0.183352
-0.000872 -0.013134 0.270346 0.951373 -0.176048 0.252779
-0.001620 -0.010683 0.271579 0.897841 0.433264 -0.078513
-0.002689 -0.006374 0.267100 0.980892 -0.169624 0.095281
-0.002539 -0.006516 0.265816 0.976863 -0.086497 0.195596
-0.001717 -0.010156 0.273183 0.882638 0.462573 -0.083523
-0.002387 -0.014845 0.265476 0.020904 -0.982330 -0.185987
-0.002382 -0.006915 0.264786 0.991293 -0.106098 0.077978
-0.000770 -0.013554 0.269655 0.901903 -0.386237 0.193368
-0.003169 -0.014292 0.263560 -0.138229 -0.931594 -0.336191
-0.002521 -0.014405 0.263747 -0.090464 -0.956111 -0.278689
-0.001018 -0.010700 0.264318 -0.432465 -0.784380 -0.444660
-0.003274 -0.014658 0.271081 0.115514 -0.984053 0.135262
-0.005371 -0.014838 0.271068 0.100328 -0.984822 0.141636
-0.007690 -0.015433 0.265281 -0.201799 0.976772 0.072067
-0.006895 -0.015203 0.265327 0.229746 -0.972672 -0.033547
-0.002877 -0.005928 0.268979 0.973430 -0.165308 0.158453
-0.003126 -0.006438 0.270025 0.911511 -0.261890 0.317113
-0.006501 -0.014488 0.274153 0.087657 -0.976851 0.195138
-0.003461 -0.008159 0.270200 0.966531 0.145073 0.211592
-0.001431 -0.010757 0.273041 0.941429 0.335785 -0.030972
-0.000829 -0.013278 0.270178 0.937710 -0.238325 0.252788
-0.008157 -0.015222 0.270515 -0.005156 -0.997273 0.073617
-0.001835 -0.013853 0.273316 0.607484 -0.788780 0.093756
-0.004679 -0.014974 0.269885 0.029163 -0.991498 0.126812
-0.009868 -0.014903 0.270179 -0.258856 -0.958533 0.119198
-0.008209 -0.015009 0.271865 -0.016575 -0.979614 0.200205
-0.007516 -0.014861 0.272346 0.075482 -0.984973 0.155342
-0.002262 -0.009897 0.268116 0.746734 0.661371 -0.070539
-0.001387 -0.010931 0.273744 0.970449 0.240228 0.022802
-0.004301 -0.014507 0.273017 0.065602 -0.990400 0.121674
-0.003575 -0.006150 0.271899 0.959797 -0.268538 0.081709
-0.004035 -0.014885 0.266071 -0.155791 -0.975647 -0.154411
-0.007395 -0.015396 0.265948 0.216354 -0.972836 -0.082343
0.000319 -0.013655 0.264520 0.808617 -0.547748 0.214735
-0.003088 -0.014446 0.272214 0.170431 -0.969893 0.173954
-0.001537 -0.014492 0.263659 0.088536 0.960082 0.265339
-0.001000 -0.011553 0.269800 0.886303 0.439591 0.145694
-0.002748 -0.014248 0.272800 0.230140 -0.966079 0.117162
-0.003087 -0.005993 0.270219 0.916473 -0.285961 0.279828
-0.006774 -0.015382 0.267714 0.210615 -0.976919 -0.035651
-0.000471 -0.011858 0.265519 -0.642066 -0.724025 -0.252069
-0.001378 -0.013157 0.273241 0.939107 -0.343346 0.013853
-0.003840 -0.007385 0.271509 0.985195 0.145001 -0.091461
-0.002531 -0.005767 0.266687 0.967872 -0.209884 0.138462
-0.003541 -0.014239 0.274408 -0.095615 0.990721 -0.096589
-0.004571 -0.014841 0.266198 -0.145447 -0.975832 -0.163089
-0.001465 -0.011113 0.271244 0.924268 0.377641 0.055818
-0.003738 -0.014924 0.265624 -0.143838 -0.968759 -0.202033
-0.001792 -0.010244 0.264123 0.546398 0.634578 0.546590
-0.008775 -0.015409 0.268491 -0.133323 -0.985950 0.100632
-0.004056 -0.014333 0.264237 -0.161014 -0.944071 -0.287759
-0.001390 -0.014716 0.267715 0.457966 -0.880835 0.119987
-0.001802 -0.009913 0.273451 0.870609 0.477928 -0.116726
-0.002706 -0.007124 0.266194 0.971802 -0.015354 0.235297
-0.001437 -0.010844 0.269789 0.888203 0.457164 0.045790
-0.001769 -0.014603 0.264059 -0.106194 -0.965341 -0.238412
-0.002203 -0.014215 0.272107 0.395538 -0.908044 0.137861
-0.002594 -0.006987 0.265786 0.974328 -0.017540 0.224449
-0.002119 -0.009601 0.264089 0.816773 0.423411 0.391926
-0.000342 -0.011432 0.264627 0.564202 0.694265 0.446848
-0.004526 -0.014908 0.266757 -0.019153 -0.992178 -0.123352
-0.004878 -0.014292 0.263462 0.277231 -0.950878 -0.137749
-0.001105 -0.011298 0.266047 -0.634516 -0.767323 -0.092762
-0.001272 -0.011711 0.272153 0.990109 0.140280 0.002394
-0.000940 -0.014219 0.268582 0.761415 -0.626480 0.166643
-0.001407 -0.010952 0.265211 -0.542459 -0.808439 -0.228396
-0.002850 -0.006239 0.268660 0.973320 -0.162994 0.161495
-0.007476 -0.015241 0.270032 0.038217 -0.990594 0.131386
-0.002824 -0.014789 0.269936 0.097019 -0.982592 0.158431
-0.004701 -0.015085 0.268203 -0.008948 -0.997998 -0.062603
-0.002911 -0.005949 0.269173 0.972334 -0.156574 0.173352
-0.002961 -0.006320 0.269100 0.971847 -0.166446 0.166761
-0.003638 -0.014829 0.269928 0.099373 -0.984798 0.142472
-0.006027 -0.014902 0.265171 0.408437 -0.911869 -0.040914
-0.004303 -0.014311 0.264285 -0.055744 -0.969660 -0.238015
-0.005609 -0.014911 0.270712 0.116492 -0.985247 0.125370
-0.001374 -0.014826 0.266599 0.296755 -0.954112 0.040094
-0.002562 -0.009520 0.268148 0.774995 0.629422 -0.056668
-0.002716 -0.014586 0.270839 0.201290 -0.960319 0.193056
-0.001653 -0.010448 0.272068 0.878112 0.458383 -0.137127
-0.001544 -0.011037 0.266337 -0.680781 -0.732486 -0.001170
-0.004813 -0.014762 0.271245 0.066385 -0.986418 0.150243
-0.006691 -0.015171 0.264996 0.275624 -0.960177 -0.045740
-0.003897 -0.013912 0.263015 0.032780 0.958486 0.283249
-0.005936 -0.014566 0.263043 0.417957 -0.898890 -0.131563
-0.002748 -0.014991 0.268585 0.133847 -0.989252 0.058862
-0.002900 -0.014998 0.268034 0.110792 -0.993829 -0.005422
-0.002478 -0.014158 0.272909 0.292863 -0.945534 0.142114
0.000322 -0.012205 0.264989 0.781768 0.461160 0.419727
-0.004448 -0.014201 0.263662 0.053924 -0.977238 -0.205180
-0.001427 -0.011103 0.270531 0.879282 0.461194 0.119012
-0.003289 -0.007921 0.272212 0.859815 0.428888 -0.277080
-0.000045 -0.014193 0.264022 -0.659827 0.750103 -0.044420
0.000297 -0.011982 0.264649 0.716507 0.565422 0.408553
-0.005806 -0.014951 0.270579 0.139963 -0.984619 0.104571
-0.001531 -0.014726 0.268139 0.395152 -0.915064 0.080702
-0.000698 -0.010832 0.264323 0.466051 0.769603 0.436472
-0.007738 -0.015468 0.265893 0.175932 -0.982216 -0.065574
-0.001328 -0.011232 0.273799 0.983754 0.178305 0.020871
-0.001280 -0.012698 0.272561 0.988119 -0.129978 0.082017
-0.001241 -0.011181 0.267471 0.794783 0.603007 -0.068580
-0.006857 -0.014887 0.262545 -0.367786 0.924296 0.102027
-0.009106 -0.015306 0.268353 0.144516 0.984677 -0.097601
-0.002998 -0.008232 0.267854 0.973441 0.095532 0.208054
-0.001394 -0.013742 0.271574 0.779587 -0.580659 0.234690
-0.002058 -0.014863 0.267704 0.174029 -0.983113 0.056601
-0.005015 -0.014721 0.271449 0.084057 -0.986052 0.143652
-0.004872 -0.014838 0.266233 -0.061309 -0.977865 -0.200053
-0.007708 -0.015213 0.270411 0.009080 -0.994368 0.105589
-0.002368 -0.006362 0.264653 0.989794 -0.121379 0.074669
-0.001562 -0.010432 0.273154 0.928145 0.371552 -0.022265
-0.003256 -0.007853 0.268760 0.977842 -0.085379 0.191145
-0.000711 -0.012004 0.269415 0.927856 0.325725 0.181624
-0.001551 -0.010905 0.265496 -0.621445 -0.773315 -0.125662
-0.004223 -0.014397 0.273545 0.051320 -0.988758 0.140445
-0.003494 -0.006148 0.271434 0.925543 -0.350435 0.143407
-0.003831 -0.014964 0.266775 -0.084611 -0.993994 -0.069403
-0.002055 -0.014607 0.270351 0.375579 -0.906485 0.192939
-0.000030 -0.014084 0.264540 0.733272 -0.658756 0.168382
-0.009007 -0.015143 0.270571 -0.183068 -0.978728 0.092613
-0.002276 -0.014114 0.272995 0.359935 -0.925337 0.119153
-0.005113 -0.014327 0.263902 0.311500 -0.944801 -0.101576
-0.006275 -0.015066 0.265984 0.376608 -0.921246 -0.097320
-0.004144 -0.014946 0.266855 -0.079935 -0.991461 -0.103036
-0.002212 -0.005525 0.264942 0.980875 -0.150141 0.123860
-0.003313 -0.007659 0.269284 0.962832 -0.157499 0.219426
-0.000858 -0.011700 0.267828 0.809351 0.587325 0.000116
-0.001476 -0.014585 0.263865 -0.062567 -0.966094 -0.250494
-0.002624 -0.009333 0.265251 0.975657 0.206451 -0.073963
-0.003552 -0.014940 0.266177 -0.056063 -0.996057 -0.068754
-0.001430 -0.011027 0.272039 0.942820 0.314848 -0.109363
-0.003065 -0.007023 0.268920 0.963016 -0.206800 0.172723
-0.004754 -0.015076 0.269370 0.023194 -0.993883 0.107971
-0.006198 -0.014958 0.264712 0.399421 -0.911708 -0.096180
-0.005026 -0.014988 0.267671 0.026849 -0.994569 -0.100559
-0.000299 -0.014401 0.264295 0.559011 -0.828257 0.038696
-0.004563 -0.014779 0.270930 0.061280 -0.983747 0.168779
0.000437 -0.013347 0.264876 0.867375 -0.413474 0.276948
-0.004954 -0.014828 0.270867 0.060278 -0.985583 0.158088
-0.000201 -0.013224 0.267255 0.965848 -0.161637 0.202514
-0.004841 -0.014388 0.273745 0.037982 -0.987806 0.150986
-0.006417 -0.014968 0.264161 0.347052 -0.929300 -0.126322
-0.003142 -0.014545 0.271809 0.158043 -0.968931 0.190250
-0.005728 -0.014602 0.272922 0.137307 -0.978050 0.156733
-0.006919 -0.015067 0.263598 0.259184 -0.955798 -0.138830
-0.005271 -0.014455 0.264238 0.367222 -0.918851 -0.144435
-0.007494 -0.015247 0.264341 -0.190360 0.975425 0.110948
-0.001073 -0.011660 0.270190 0.918208 0.360163 0.164857
-0.001651 -0.010534 0.268276 0.771818 0.634544 -0.040626
-0.002445 -0.007202 0.265037 0.993364 -0.090375 0.071130
-0.000745 -0.014519 0.263618 -0.167254 0.966746 0.193464
-0.005708 -0.014998 0.266708 0.229472 -0.954247 -0.191715
-0.002512 -0.009482 0.271495 0.785591 0.616349 -0.054409
-0.008765 -0.015438 0.268134 -0.092183 -0.992089 0.085218
-0.001884 -0.014781 0.264870 -0.039619 -0.985371 -0.165752
-0.000828 -0.011022 0.264612 -0.471575 -0.764414 -0.439646
-0.006181 -0.014322 0.274780 -0.095883 0.977585 -0.187438
-0.004742 -0.015030 0.267810 -0.003659 -0.994518 -0.104499
-0.003108 -0.014434 0.263983 -0.107768 -0.943778 -0.312521
-0.002483 -0.009679 0.267348 0.851173 0.515486 0.098890
-0.001996 -0.013937 0.273249 0.541508 -0.835655 0.091922
-0.002316 -0.014925 0.268416 0.190034 -0.981301 0.030575
-0.005360 -0.015091 0.268192 0.053877 -0.994328 -0.091697
-0.000226 -0.012041 0.266300 0.780024 0.604857 0.160342
-0.008454 -0.014953 0.272040 -0.086737 -0.974947 0.204828
-0.007925 -0.015168 0.271386 0.054128 -0.982686 0.177198
-0.004206 -0.014708 0.271174 0.076350 -0.982992 0.167024
-0.006727 -0.015337 0.268605 0.220189 -0.973665 0.059107
-0.007534 -0.015162 0.270837 0.076086 -0.991084 0.109375
-0.002434 -0.014926 0.267754 0.136472 -0.990199 0.029693
0.000620 -0.012988 0.264701 0.953369 -0.160214 0.255771
-0.004923 -0.015116 0.268684 0.021709 -0.999534 0.021470
-0.001063 -0.011209 0.265229 -0.585357 -0.772706 -0.245524
-0.000645 -0.014263 0.267112 0.748805 -0.642060 0.164471
-0.002055 -0.009734 0.269771 0.753451 0.656216 -0.041132
-0.000515 -0.012490 0.268945 0.980578 0.136042 0.141281
-0.005429 -0.014919 0.269804 0.067343 -0.991062 0.115156
-0.004588 -0.014994 0.267403 -0.009805 -0.989877 -0.141592
-0.004218 -0.014919 0.269386 0.116762 -0.989801 0.081609
-0.005355 -0.014992 0.266986 0.156745 -0.977968 -0.137872
-0.001914 -0.014807 0.267838 0.227158 -0.972047 0.059354
-0.004721 -0.014029 0.262845 -0.276133 0.947514 0.161148
-0.001123 -0.011424 0.270049 0.886194 0.444490 0.130724
-0.000121 -0.013977 0.265092 0.762871 -0.611468 0.210084
-0.006701 -0.014504 0.274268 0.075271 -0.977468 0.197208
-0.000808 -0.013939 0.268706 0.867024 -0.463705 0.182340
-0.006380 -0.015305 0.267878 0.256949 -0.966350 -0.012067
-0.000640 -0.012647 0.269599 0.974353 0.042131 0.221045
-0.002320 -0.007629 0.264058 0.992336 -0.086461 0.088287
-0.001196 -0.014544 0.263704 -0.024161 0.966030 0.257298
-0.008593 -0.015530 0.267292 0.043481 0.998005 -0.045769
-0.002764 -0.005971 0.268170 0.974780 -0.174898 0.138615
-0.003346 -0.006888 0.270094 0.907491 -0.229800 0.351642
-0.001813 -0.014787 0.268428 0.314222 -0.946604 0.072152
-0.000419 -0.012230 0.267582 0.867124 0.478636 0.137853
-0.003622 -0.006720 0.270745 0.919909 -0.273419 0.281087
-0.003679 -0.006676 0.272396 0.985440 0.051151 -0.162148
-0.001226 -0.011104 0.268138 0.823281 0.566788 -0.030979
-0.002294 -0.009925 0.267077 0.855907 0.516679 0.021561
-0.004704 -0.014874 0.270643 0.036801 -0.985849 0.163548
-0.003069 -0.006223 0.269890 0.942558 -0.221039 0.250450
-0.001931 -0.010198 0.268928 0.773519 0.625805 -0.100178
-0.002350 -0.014709 0.264747 -0.049985 -0.972658 -0.226798
-0.001045 -0.013826 0.269960 0.794463 -0.564333 0.224404
-0.003121 -0.007074 0.269409 0.943576 -0.233940 0.234386
-0.000606 -0.014543 0.263857 -0.330411 0.942272 0.054334
-0.001679 -0.014844 0.267393 0.252705 -0.963273 0.090807
-0.001749 -0.014658 0.269465 0.453576 -0.862515 0.224359
-0.000993 -0.011452 0.268592 0.836490 0.547718 0.017033
-0.009041 -0.014876 0.271827 0.172403 0.967476 -0.185117
-0.006764 -0.014502 0.274049 0.073405 -0.978287 0.193819
-0.000548 -0.012812 0.269047 0.983454 -0.040915 0.176478
-0.000874 -0.012836 0.270439 0.970639 -0.015587 0.240036
-0.001437 -0.013934 0.271144 0.697092 -0.685667 0.209580
-0.003188 -0.006670 0.269901 0.916513 -0.247872 0.313949
-0.002373 -0.009487 0.266015 0.956840 0.288122 -0.037992
-0.002065 -0.013976 0.273420 0.452235 -0.890540 0.049217
-0.001191 -0.013410 0.271487 0.911153 -0.345449 0.224646
-0.003665 -0.014957 0.269398 0.061172 -0.991146 0.117846
-0.008873 -0.015013 0.271613 -0.155178 -0.972455 0.173929
-0.003493 -0.014438 0.272608 0.151174 -0.979819 0.130770
-0.002467 -0.006448 0.265478 0.981417 -0.081166 0.173875
-0.002345 -0.006062 0.265069 0.981815 -0.132781 0.135679
-0.001174 -0.014096 0.269645 0.723206 -0.637678 0.265217
-0.005843 -0.014650 0.263875 0.412297 -0.901178 -0.133749
-0.003151 -0.014879 0.269558 0.086197 -0.985043 0.149200
-0.001113 -0.013471 0.270954 0.894206 -0.366021 0.257728
-0.007504 -0.015394 0.266484 0.194221 -0.979516 -0.053170
-0.002356 -0.014094 0.273764 0.358284 -0.931471 0.063201
-0.007457 -0.014977 0.271714 0.101753 -0.973954 0.202631
-0.005329 -0.015081 0.268764 0.043044 -0.998782 0.024103
-0.000432 -0.013802 0.267512 0.873999 -0.434410 0.217747
-0.002166 -0.014869 0.268853 0.219231 -0.971810 0.086739
-0.005023 -0.014161 0.262712 -0.330299 0.930351 0.159216
-0.007913 -0.015414 0.269127 -0.001350 -0.989346 0.145580
-0.003381 -0.008338 0.271147 0.853024 0.482610 -0.198591
-0.003587 -0.007155 0.272337 0.941897 0.217538 -0.255942
-0.000503 -0.014410 0.265550 0.680541 -0.725930 0.099445
-0.002790 -0.009153 0.270012 -0.703315 -0.710171 -0.031704
-0.006421 -0.015245 0.268855 0.202219 -0.978128 0.048721
-0.007502 -0.015310 0.269731 0.041395 -0.987540 0.151825
-0.007689 -0.014911 0.272201 0.063797 -0.981279 0.181718
-0.001430 -0.010990 0.265389 -0.589049 -0.789334 -0.173129
-0.007359 -0.015243 0.264772 0.198061 -0.975716 -0.093545
-0.003012 -0.014330 0.272695 0.196046 -0.970680 0.139091
-0.000476 -0.011179 0.264457 0.514369 0.726487 0.455676
-0.003087 -0.007809 0.267797 0.975124 -0.035768 0.218754
-0.001522 -0.014395 0.269715 0.579418 -0.770780 0.264902
-0.003376 -0.014207 0.263424 -0.154056 -0.926390 -0.343612
-0.007211 -0.014795 0.272842 0.073587 -0.984797 0.157355
-0.005428 -0.014640 0.265185 0.327204 -0.940797 -0.088542
-0.002795 -0.006333 0.268090 0.973345 -0.177724 0.144961
-0.005823 -0.014734 0.264464 0.412395 -0.902654 -0.123070
-0.001358 -0.014801 0.265166 0.141345 -0.987283 -0.072756
0.000063 -0.012637 0.266349 0.955521 0.180924 0.232908
-0.001079 -0.014145 0.269282 0.762392 -0.606186 0.226491
-0.006746 -0.014939 0.271659 0.112665 -0.979076 0.169462
-0.003487 -0.007461 0.269775 0.953854 -0.155445 0.256902
-0.002786 -0.014948 0.266306 0.022747 -0.998604 -0.047680
-0.006006 -0.014817 0.271796 0.140584 -0.980593 0.136650
-0.005797 -0.015081 0.267035 0.212059 -0.970165 -0.117522
-0.002178 -0.014498 0.263928 -0.113450 -0.958777 -0.260531
-0.001477 -0.014665 0.264233 -0.031914 -0.977629 -0.207900
-0.001828 -0.010317 0.271669 0.849938 0.514205 -0.114888
-0.002244 -0.005807 0.264414 0.983257 -0.141544 0.114767
-0.005898 -0.015137 0.268753 0.150872 -0.988548 0.003100
-0.006576 -0.015279 0.268465 0.234933 -0.970747 0.049555
-0.003569 -0.014255 0.263805 -0.170881 -0.931185 -0.322016
-0.006497 -0.014964 0.271284 0.143869 -0.977651 0.153296
-0.001575 -0.010942 0.265891 -0.642738 -0.763653 -0.060999
-0.001392 -0.013331 0.272325 0.911960 -0.380891 0.152484
-0.002874 -0.008442 0.272610 0.848256 0.455987 -0.269328
-0.001522 -0.010950 0.270964 0.893436 0.442904 0.074886
-0.002765 -0.008607 0.272729 0.841269 0.470197 -0.266798
-0.002562 -0.008729 0.265544 0.999821 -0.004011 0.018480
-0.001753 -0.014890 0.266895 0.207610 -0.975868 0.067678
-0.004439 -0.014508 0.265205 -0.150664 -0.944866 -0.290738
-0.000229 -0.014364 0.263830 -0.504808 0.862551 0.034263
-0.003453 -0.007631 0.269550 0.965889 -0.133309 0.222009
-0.003669 -0.014805 0.270200 0.126073 -0.979264 0.158582
-0.008050 -0.015523 0.267878 0.015937 -0.998305 0.055980
-0.005714 -0.014767 0.265493 0.380410 -0.923394 -0.051297
-0.002260 -0.009843 0.268617 0.735521 0.671542 -0.089664
-0.002166 -0.014307 0.271380 0.390455 -0.898485 0.200675
-0.003098 -0.008908 0.269643 0.803817 0.590441 0.072516
-0.001375 -0.014042 0.270308 0.706924 -0.680293 0.193548
-0.004848 -0.015001 0.267137 0.028402 -0.992584 -0.118199
-0.006069 -0.014959 0.270750 0.160628 -0.977886 0.133935
-0.000048 -0.011719 0.264835 -0.627784 -0.650190 -0.427949
-0.008780 -0.015217 0.270016 -0.135418 -0.985226 0.104841
0.000423 -0.012513 0.265096 0.852000 0.271122 0.447871
-0.001716 -0.014724 0.269025 0.381855 -0.909738 0.162985
-0.002467 -0.008097 0.265712 0.990873 -0.035016 0.130174
-0.001245 -0.011080 0.267750 0.812321 0.578928 -0.070555
-0.003038 -0.014987 0.267680 0.084261 -0.996443 -0.001244
-0.006766 -0.015269 0.269489 0.162532 -0.981121 0.104805
-0.002676 -0.009043 0.264985 0.998300 0.052302 0.025728
-0.004108 -0.014631 0.271804 0.083206 -0.983968 0.157748
-0.000123 -0.013029 0.267016 0.975079 -0.040227 0.218180
-0.002758 -0.014825 0.265251 -0.006093 -0.972426 -0.233134
-0.007158 -0.015183 0.270572 0.079399 -0.986895 0.140481
-0.001207 -0.014468 0.268780 0.604903 -0.778915 0.165482
-0.000962 -0.012651 0.270858 0.972738 0.017756 0.231225
-0.006118 -0.014874 0.271485 0.138492 -0.981176 0.134584
-0.005890 -0.015139 0.268592 0.162860 -0.986530 -0.015354
-0.000529 -0.012024 0.266997 0.765846 0.620473 0.168800
-0.001253 -0.011146 0.265746 -0.617306 -0.779128 -0.109053
-0.005508 -0.014575 0.264217 0.404342 -0.903839 -0.139937
-0.005847 -0.014550 0.263205 0.413314 -0.898585 -0.147363
-0.000872 -0.012484 0.270164 0.966031 0.105752 0.235797
-0.006236 -0.014720 0.272833 0.126977 -0.979637 0.155527
-0.006886 -0.015343 0.266466 0.234695 -0.969848 -0.065681
-0.002828 -0.007225 0.266982 0.983507 -0.089964 0.156908
-0.001730 -0.010342 0.270273 0.869623 0.477416 0.125817
-0.003218 -0.015038 0.268160 0.079622 -0.996703 0.015574
-0.002112 -0.010407 0.264945 0.771847 0.620466 0.138832
-0.001640 -0.010833 0.265717 -0.654677 -0.751332 -0.083050
-0.002225 -0.009857 0.268902 0.737347 0.664090 -0.123706
-0.001918 -0.010219 0.268475 0.756223 0.651759 -0.057768
-0.005880 -0.015029 0.269910 0.169072 -0.980234 0.102747
-0.003402 -0.007124 0.270063 0.911167 -0.222769 0.346625
-0.001904 -0.009700 0.273335 0.857829 0.497036 -0.130707
-0.003708 -0.006401 0.272309 0.996420 -0.025212 -0.080700
-0.000808 -0.012042 0.269687 0.926464 0.301775 0.224935
-0.002036 -0.013911 0.274326 -0.496859 0.859814 -0.117690
-0.002928 -0.014338 0.272550 0.197214 -0.966912 0.161829
-0.005287 -0.014951 0.270054 0.034531 -0.994405 0.099834
-0.006963 -0.014688 0.273351 0.084577 -0.972890 0.215250
-0.000648 -0.011707 0.265748 -0.627543 -0.754825 -0.190863
-0.000822 -0.014663 0.264641 0.291690 -0.955242 -0.049295
-0.001233 -0.011464 0.270523 0.912921 0.376190 0.158291
-0.000904 -0.012301 0.270319 0.961777 0.169151 0.215342
-0.001672 -0.010492 0.268034 0.763617 0.641464 -0.073575
-0.005323 -0.015010 0.267480 0.098561 -0.992497 -0.072361
-0.003458 -0.007205 0.272652 0.918474 0.248159 -0.307934
-0.000417 -0.012056 0.266812 0.758250 0.626337 0.180992
-0.002243 -0.009810 0.265886 0.922213 0.381379 -0.063823
-0.005451 -0.015070 0.269106 0.047398 -0.992006 0.116954
-0.003866 -0.015057 0.268197 0.034974 -0.999175 0.020630
-0.003167 -0.008510 0.268734 0.968083 0.199706 0.151438
-0.000173 -0.012017 0.265375 -0.674113 -0.679863 -0.288716
-0.002559 -0.008044 0.264865 0.995498 -0.080723 0.049671
-0.005639 -0.014772 0.266159 0.253888 -0.949481 -0.184464
-0.002161 -0.014558 0.270630 0.337318 -0.909903 0.241439
-0.007543 -0.015305 0.264925 0.201506 -0.976232 -0.079793
-0.001733 -0.010717 0.266632 0.738221 0.669560 -0.081963
-0.004123 -0.015097 0.268234 0.041450 -0.999140 0.000583
-0.003076 -0.008537 0.267969 0.971894 0.151830 0.179914
-0.001263 -0.010475 0.264001 0.461425 0.684771 0.564071
-0.002660 -0.014744 0.270344 0.161446 -0.967227 0.195977
-0.000573 -0.014558 0.264283 0.382920 -0.923772 -0.004079
-0.002796 -0.014947 0.267515 0.108908 -0.993912 0.016703
-0.000319 -0.011948 0.266150 0.759026 0.635852 0.139898
0.000470 -0.012052 0.264388 0.774703 0.493609 0.395203
-0.009703 -0.015099 0.269601 0.216087 0.967074 -0.134442
-0.001491 -0.010821 0.268175 0.800038 0.598372 -0.043489
-0.000804 -0.011535 0.265512 -0.605149 -0.767053 -0.213128
-0.001348 -0.014850 0.266235 0.283277 -0.958649 0.027337
-0.004128 -0.014330 0.264392 -0.158864 -0.947988 -0.275829
-0.001247 -0.011254 0.267175 0.769261 0.636809 -0.052074
-0.007015 -0.014770 0.272848 0.078377 -0.985933 0.147627
-0.000075 -0.012305 0.266419 0.878730 0.440224 0.184487
-0.001153 -0.013464 0.271187 0.905985 -0.356828 0.227739
-0.007473 -0.015070 0.271456 0.098449 -0.977367 0.187247
-0.004563 -0.014068 0.263031 -0.230700 0.959736 0.160264
-0.005806 -0.014839 0.266018 0.342727 -0.927501 -0.149264
-0.003671 -0.014680 0.271249 0.088587 -0.985252 0.146390
-0.002617 -0.006157 0.266487 0.969551 -0.191611 0.152498
-0.001040 -0.011392 0.267981 0.817314 0.575197 -0.033848
-0.005418 -0.014885 0.270585 0.089806 -0.989338 0.114654
-0.002375 -0.006675 0.265236 0.987247 -0.082556 0.136115
-0.001763 -0.009674 0.264012 0.692535 0.528954 0.490513
-0.005197 -0.015099 0.268556 0.033880 -0.999178 -0.022265
-0.007064 -0.015249 0.269950 0.089265 -0.987109 0.132846
-0.003100 -0.008409 0.268237 0.975782 0.155596 0.153752
-0.001403 -0.014461 0.269347 0.601959 -0.759478 0.246655
-0.007152 -0.015424 0.268688 0.136428 -0.987881 0.074023
-0.007291 -0.015254 0.264468 -0.194094 0.974964 0.108501
-0.002632 -0.006672 0.266317 0.976227 -0.111955 0.185601
-0.000335 -0.012914 0.267974 0.975679 -0.013570 0.218785
-0.005226 -0.014702 0.271910 0.102464 -0.983775 0.147269
-0.003279 -0.008215 0.268856 0.982304 0.038223 0.183352
-0.001578 -0.010441 0.273635 0.921209 0.389038 0.004905
-0.001136 -0.014733 0.266802 0.456469 -0.885717 0.084506
-0.002187 -0.014392 0.271115 0.387178 -0.889584 0.242350
-0.000903 -0.014558 0.263717 -0.167254 0.966746 0.193464
-0.002641 -0.009250 0.264642 0.958583 0.231385 0.166071
-0.000366 -0.012796 0.268175 0.979971 0.016043 0.198493
-0.007578 -0.015496 0.267495 0.151387 -0.988467 0.003775
-0.000669 -0.013983 0.268044 0.844213 -0.484751 0.228736
-0.000374 -0.012337 0.267795 0.924208 0.356793 0.136153
-0.002003 -0.010566 0.265936 0.773217 0.634079 -0.008899
-0.002238 -0.014372 0.263709 -0.108457 -0.958058 -0.265258
-0.004284 -0.013981 0.263088 0.078606 -0.971837 -0.222158
-0.002475 -0.014972 0.268394 0.173326 -0.984316 0.032860
-0.006829 -0.015183 0.265530 0.268996 -0.961636 -0.053826
-0.003192 -0.014686 0.264763 -0.049909 -0.959572 -0.277004
-0.001300 -0.011043 0.269092 0.840299 0.541867 0.016675
-0.001244 -0.012327 0.272541 0.997989 -0.046365 0.043219
-0.004617 -0.014534 0.265522 -0.116794 -0.953488 -0.277885
-0.006854 -0.015021 0.263905 0.252635 -0.958342 -0.133251
-0.002529 -0.006039 0.266215 0.968846 -0.188849 0.160228
-0.002900 -0.014144 0.274381 -0.219098 0.969305 -0.111552
-0.000517 -0.013002 0.268594 0.971979 -0.108229 0.208672
-0.001455 -0.013345 0.273004 0.897758 -0.433267 0.079441
-0.004048 -0.014571 0.272167 0.099261 -0.985959 0.134286
-0.003492 -0.006031 0.271730 0.938703 -0.322064 0.122926
-0.004685 -0.014554 0.272472 0.071587 -0.988774 0.131154
-0.006668 -0.015167 0.264814 0.273560 -0.959470 -0.067685
-0.001436 -0.013531 0.272153 0.857255 -0.481485 0.182446
0.000112 -0.013625 0.265187 0.812571 -0.519264 0.264751
-0.001578 -0.013826 0.271900 0.709472 -0.679379 0.187335
-0.003546 -0.006432 0.270910 0.904773 -0.349436 0.243476
-0.007419 -0.015360 0.269411 0.066923 -0.988493 0.135658
-0.002512 -0.009548 0.268798 0.754526 0.649773 -0.092113
-0.008501 -0.015050 0.271720 -0.105627 -0.977124 0.184583
-0.001236 -0.012114 0.273068 0.999898 -0.007838 -0.011938
-0.001214 -0.012395 0.271924 0.994486 0.022856 0.102349
-0.004264 -0.014993 0.268850 0.099348 -0.992119 0.076349
-0.007516 -0.014664 0.273627 -0.071021 0.977940 -0.196441
-0.001101 -0.014399 0.268613 0.688597 -0.711862 0.138156
-0.001717 -0.010424 0.268674 0.788630 0.613551 -0.040227
-0.003873 -0.014299 0.274430 -0.059676 0.992722 -0.104603
-0.000774 -0.012416 0.269878 0.948026 0.161375 0.274236
-0.004667 -0.014308 0.274649 -0.015799 0.991840 -0.126508
-0.005933 -0.014643 0.263465 0.417314 -0.894229 -0.161875
-0.005777 -0.014806 0.271671 0.137766 -0.981047 0.136260
-0.002306 -0.014942 0.267318 0.127032 -0.990489 0.052857
-0.008023 -0.015489 0.268528 -0.006384 -0.996626 0.081826
-0.004832 -0.014241 0.264192 0.175533 -0.970381 -0.165977
-0.007249 -0.015317 0.269633 0.082356 -0.988386 0.127713
-0.001275 -0.013782 0.270989 0.799266 -0.563504 0.208896
-0.005617 -0.014349 0.274304 0.073521 -0.981955 0.174239
-0.000258 -0.012483 0.267340 0.915208 0.352419 0.195433
0.000082 -0.011974 0.265092 0.676193 0.614865 0.405837
-0.002788 -0.008492 0.266589 0.964696 0.090591 0.247294
-0.001456 -0.010768 0.267972 0.796434 0.601472 -0.062641
-0.000880 -0.011693 0.269557 0.881704 0.451342 0.137435
-0.001476 -0.013469 0.273390 0.835774 -0.547905 0.035799
-0.002729 -0.009475 0.267478 0.852529 0.506885 0.127523
-0.007256 -0.014694 0.273270 0.083162 -0.977745 0.192610
-0.000946 -0.013898 0.269383 0.820481 -0.532865 0.207042
-0.004364 -0.015045 0.267705 -0.014595 -0.992156 -0.124154
-0.001388 -0.011330 0.272068 0.969955 0.233395 -0.068657
-0.007810 -0.015463 0.265454 -0.200287 0.975672 0.089156
-0.002402 -0.008374 0.263965 0.965809 -0.020595 0.258435
-0.002010 -0.009575 0.273165 0.835893 0.523396 -0.165348
-0.001280 -0.013011 0.273708 0.952104 -0.302690 0.043314
-0.002892 -0.006794 0.268083 0.957247 -0.254055 0.138325
-0.004196 -0.014846 0.267046 -0.069345 -0.990173 -0.121446
-0.002311 -0.014046 0.273910 0.384212 -0.919831 0.079328
-0.002354 -0.014657 0.264630 -0.052591 -0.972884 -0.225237
0.000252 -0.012853 0.265660 0.958047 -0.047197 0.282698
-0.001016 -0.013440 0.270580 0.904594 -0.357543 0.232103
-0.000679 -0.014582 0.265376 0.578229 -0.815502 0.024647
-0.006671 -0.014922 0.263206 0.341719 -0.931547 -0.124294
-0.005510 -0.014541 0.264015 0.406509 -0.904558 -0.128547
-0.002214 -0.010202 0.265396 0.857886 0.513762 0.008975
-0.001844 -0.010368 0.270617 0.847027 0.512770 0.140042
-0.003568 -0.008475 0.270603 0.918468 0.395463 -0.005007
-0.006129 -0.015186 0.269040 0.185619 -0.980156 0.069574
-0.006624 -0.014809 0.262222 -0.391114 0.914703 0.101722
-0.007149 -0.015352 0.269162 0.121709 -0.984945 0.122763
-0.006293 -0.014872 0.271719 0.134979 -0.979901 0.146886
-0.005142 -0.014823 0.266395 0.020562 -0.976307 -0.215412
-0.002233 -0.005454 0.265232 0.976783 -0.169788 0.130641
-0.000278 -0.014406 0.264140 -0.534938 0.844820 -0.010982
-0.006569 -0.015120 0.264627 0.283437 -0.953454 -0.102903
-0.001737 -0.014880 0.267142 0.225792 -0.970942 0.079308
-0.005239 -0.014773 0.271350 0.093964 -0.985496 0.141308
-0.004047 -0.014974 0.268794 0.092272 -0.992087 0.085145
0.000695 -0.013100 0.264338 0.958735 -0.192435 0.209276
-0.004735 -0.014859 0.266476 -0.043723 -0.984624 -0.169124
0.000161 -0.013358 0.265512 0.878892 -0.371697 0.298980
-0.003226 -0.014122 0.263091 0.143313 0.930333 0.337553
-0.001645 -0.014266 0.270443 0.589972 -0.781052 0.204673
-0.004315 -0.014478 0.264842 -0.159582 -0.944342 -0.287665
-0.005094 -0.015078 0.268950 0.013740 -0.997101 0.074840
-0.001500 -0.010693 0.269201 0.845558 0.533347 -0.023945
-0.000324 -0.013274 0.267726 0.948460 -0.202284 0.243937
-0.006285 -0.014925 0.271328 0.147211 -0.978845 0.142100
-0.002690 -0.009393 0.268499 0.785930 0.615492 -0.059020
-0.000477 -0.013111 0.268401 0.954336 -0.174498 0.242473
-0.008586 -0.015321 0.269405 -0.097696 -0.984207 0.147619
-0.001359 -0.011470 0.271455 0.944019 0.320625 0.077637
-0.001597 -0.010352 0.263984 -0.504627 -0.658488 -0.558341
-0.004845 -0.014838 0.266853 0.028740 -0.988098 -0.151116
-0.001244 -0.013902 0.270486 0.775078 -0.605519 0.180560
-0.006252 -0.015092 0.269939 0.209792 -0.971498 0.110358
-0.006770 -0.014966 0.271354 0.129306 -0.976759 0.170943
-0.006210 -0.014743 0.272620 0.132837 -0.979673 0.150316
-0.002851 -0.014259 0.273952 0.227200 -0.971468 0.068040
-0.007678 -0.015530 0.267260 0.151556 -0.988422 -0.007257
-0.003895 -0.014843 0.270218 0.126013 -0.980299 0.152099
-0.005384 -0.014782 0.271506 0.109944 -0.984629 0.135716
-0.002136 -0.014190 0.272504 0.409767 -0.902640 0.131652
-0.000875 -0.011676 0.268111 0.825582 0.564167 -0.011418
-0.004931 -0.014443 0.264799 0.176502 -0.966016 -0.188840
-0.000759 -0.013113 0.270020 0.959323 -0.140724 0.244736
-0.000797 -0.013677 0.269390 0.896121 -0.411047 0.167353
-0.006581 -0.015080 0.264345 0.300551 -0.944609 -0.131841
-0.003153 -0.014815 0.269827 0.091682 -0.982862 0.159929
-0.006876 -0.015206 0.270083 0.128451 -0.983609 0.126543
-0.007227 -0.015278 0.269857 0.071166 -0.989043 0.129342
-0.005505 -0.014972 0.267584 0.127201 -0.991441 -0.029404
-0.000623 -0.011897 0.266833 0.736592 0.652317 0.178648
-0.001845 -0.010620 0.266879 0.772707 0.623155 -0.120840
-0.001718 -0.010673 0.267215 0.750427 0.649313 -0.123495
-0.002747 -0.006524 0.267680 0.975879 -0.184739 0.116330
-0.005273 -0.014839 0.270813 0.084199 -0.985131 0.149758
-0.001774 -0.010578 0.264458 -0.540438 -0.719179 -0.436702
-0.001839 -0.014288 0.270953 0.525257 -0.821111 0.223344
-0.002423 -0.014306 0.272368 0.277131 -0.950719 0.139038
0.000562 -0.012252 0.264579 0.879450 0.267373 0.393802
-0.005917 -0.014649 0.272860 0.140988 -0.978136 0.152878
-0.006431 -0.014813 0.263215 0.360698 -0.925165 -0.118176
-0.001256 -0.011957 0.272446 0.998026 0.062718 -0.003318
-0.005778 -0.014584 0.263627 0.416633 -0.897242 -0.146199
-0.004516 -0.014088 0.263227 0.185685 -0.964672 -0.186895
-0.004373 -0.014942 0.270150 0.087632 -0.987373 0.131970
-0.003296 -0.014441 0.272407 0.149921 -0.974252 0.168395
-0.002859 -0.009247 0.267220 0.898067 0.394688 0.194155
-0.003540 -0.014278 0.274198 0.088640 -0.991866 0.091349
-0.008279 -0.015170 0.271337 -0.033191 -0.985050 0.169039
-0.002066 -0.014404 0.263593 0.114073 0.958349 0.261828
-0.002142 -0.014424 0.270876 0.388686 -0.885608 0.254209
-0.003381 -0.008447 0.269671 0.920732 0.339778 0.191843
-0.007082 -0.015372 0.267231 0.190736 -0.980734 -0.042190
-0.005085 -0.014847 0.266805 0.036048 -0.979976 -0.195826
-0.002043 -0.010457 0.265524 0.810085 0.584983 0.039473
-0.000938 -0.012936 0.270692 0.967354 -0.070410 0.243450
-0.002598 -0.006866 0.266038 0.973867 -0.057054 0.219837
-0.000709 -0.013235 0.269754 0.966591 -0.161118 0.199357
-0.005752 -0.014961 0.269710 0.142376 -0.983554 0.111133
-0.001601 -0.014263 0.270133 0.600491 -0.769436 0.217668
-0.007695 -0.015526 0.267079 0.149399 -0.988687 -0.013366
-0.002850 -0.009145 0.268092 0.906848 0.420749 0.024428
-0.001228 -0.011881 0.273392 0.998071 0.060838 -0.012333
-0.001908 -0.010186 0.271940 0.824214 0.545182 -0.153127
-0.006293 -0.015060 0.265824 0.374044 -0.925420 -0.060739
-0.001624 -0.014743 0.268324 0.368991 -0.927112 0.065643
-0.001319 -0.013129 0.273973 0.912975 -0.400787 0.076461
-0.003402 -0.007935 0.269275 0.972566 -0.060913 0.224509
-0.000350 -0.013803 0.267279 0.885102 -0.418140 0.204339
-0.001985 -0.009465 0.263953 0.773750 0.386565 0.501874
-0.006057 -0.014510 0.273775 0.113421 -0.974388 0.194174
-0.005675 -0.014731 0.264745 0.397601 -0.913034 -0.091009
-0.000583 -0.012851 0.269310 0.983696 -0.054144 0.171494
-0.002717 -0.009291 0.270490 -0.690300 -0.722423 -0.039877
-0.004236 -0.014326 0.273971 0.039174 -0.992376 0.116858
-0.000366 -0.012499 0.268007 0.960021 0.248589 0.128697
-0.000322 -0.013930 0.266626 0.862436 -0.490950 0.123173
-0.008796 -0.014892 0.272300 0.087251 0.977045 -0.194344
-0.002782 -0.009205 0.268830 0.815027 0.579077 -0.020037
-0.001246 -0.014795 0.265427 0.238523 -0.970608 -0.032034
-0.001253 -0.014758 0.266944 0.372766 -0.922396 0.101153
-0.002581 -0.008789 0.264440 0.976243 0.046622 0.211602
-0.002837 -0.007398 0.267177 0.970357 -0.095107 0.222177
-0.003261 -0.006105 0.270419 0.899809 -0.322280 0.294074
-0.001653 -0.013990 0.271572 0.600978 -0.770640 0.211990
-0.007722 -0.015496 0.266183 0.152231 -0.986807 -0.055112
-0.002342 -0.014766 0.269685 0.217090 -0.963678 0.155555
-0.006020 -0.015113 0.269467 0.195184 -0.975027 0.105953
-0.006404 -0.015207 0.269437 0.194685 -0.975967 0.097908
-0.002519 -0.009632 0.267759 0.800291 0.599597 0.004311
-0.008517 -0.015260 0.269697 -0.079857 -0.989273 0.122320
-0.002166 -0.014216 0.272267 0.393073 -0.910662 0.127231
-0.004014 -0.014839 0.265566 -0.221674 -0.938279 -0.265504
-0.007823 -0.015318 0.269684 -0.002142 -0.988475 0.151372
-0.007314 -0.015460 0.268231 0.127150 -0.991458 0.029048
-0.003978 -0.014856 0.270384 0.127268 -0.978765 0.160695
-0.003016 -0.014633 0.270816 0.140627 -0.980354 0.138308
-0.002797 -0.008383 0.266463 0.966614 0.068929 0.246790
-0.001648 -0.010262 0.273422 0.906163 0.420269 -0.047360
-0.000116 -0.012715 0.266965 0.962961 0.112343 0.245122
-0.000970 -0.011431 0.265916 -0.631544 -0.769048 -0.098575
-0.002755 -0.006709 0.267513 0.975992 -0.185050 0.114876
-0.004325 -0.014195 0.263812 0.031711 -0.976147 -0.214783
-0.004441 -0.015053 0.268969 0.101026 -0.991854 0.077591
-0.002824 -0.005929 0.268650 0.973562 -0.156286 0.166587
-0.001998 -0.014813 0.268404 0.243621 -0.968765 0.046288
-0.003616 -0.007501 0.270482 0.951742 -0.024503 0.305919
-0.001006 -0.012103 0.270791 0.961996 0.206165 0.179054
-0.003181 -0.006402 0.269656 0.948502 -0.201195 0.244672
-0.003290 -0.014557 0.264281 -0.122314 -0.947152 -0.296550
-0.004211 -0.014839 0.265814 -0.201316 -0.947542 -0.248264
-0.005583 -0.015125 0.268492 0.082094 -0.995649 -0.044087
-0.005303 -0.014580 0.272795 0.088984 -0.985241 0.146227
0.000023 -0.012332 0.265532 0.846855 0.445870 0.289892
-0.001130 -0.014743 0.264568 0.158556 -0.983585 -0.086138
-0.001970 -0.014503 0.263812 -0.118950 -0.958684 -0.258411
-0.004828 -0.014217 0.263146 0.291402 -0.941594 -0.168775
-0.009056 -0.015100 0.270919 -0.215866 -0.966767 0.136981
-0.001070 -0.011768 0.270316 0.930942 0.319914 0.176071
-0.002952 -0.015022 0.268372 0.098278 -0.994805 0.026544
-0.002520 -0.014379 0.271670 0.311136 -0.937002 0.158813
-0.002465 -0.009357 0.266614 0.925741 0.344884 0.155108
-0.001485 -0.014780 0.267247 0.318482 -0.941732 0.108214
0.000505 -0.013375 0.264602 0.888871 -0.394997 0.232132
-0.001254 -0.012753 0.274054 0.968365 -0.241443 0.063040
-0.004028 -0.014912 0.267190 -0.078465 -0.991428 -0.104467
-0.002979 -0.006570 0.268894 0.971864 -0.161104 0.171833
-0.005733 -0.015119 0.269126 0.124196 -0.986873 0.103236
-0.002782 -0.005691 0.268441 0.976605 -0.146321 0.157581
-0.000469 -0.012338 0.268322 0.942725 0.315357 0.108723
-0.002677 -0.009035 0.265478 0.988367 0.139868 -0.059734
-0.005405 -0.014550 0.264630 0.362690 -0.921682 -0.137692
-0.002330 -0.009471 0.266349 0.941798 0.332032 0.052650
-0.005121 -0.014381 0.263660 0.316156 -0.943617 -0.098144
-0.007466 -0.015330 0.265315 0.225719 -0.971967 -0.065814
-0.002631 -0.005728 0.267289 0.975988 -0.182542 0.118851
-0.003522 -0.006274 0.270715 0.891434 -0.344172 0.294772
-0.004079 -0.014945 0.267387 -0.036561 -0.993298 -0.109647
-0.001691 -0.010431 0.271846 0.863875 0.486120 -0.131939
-0.003686 -0.008162 0.270643 0.969491 0.219067 0.109985
-0.000570 -0.012475 0.269248 0.971696 0.125855 0.199921
-0.006702 -0.015074 0.270729 0.139764 -0.977506 0.157950
-0.008821 -0.014881 0.272001 0.125613 0.972085 -0.198170
-0.001477 -0.010745 0.269623 0.886571 0.461624 0.029908
-0.002411 -0.007730 0.264377 0.993133 -0.085798 0.079529
-0.001486 -0.010803 0.264933 -0.479735 -0.828271 -0.289520
-0.004260 -0.014528 0.272403 0.090197 -0.989010 0.117151
-0.002313 -0.005484 0.265938 0.964078 -0.216870 0.153367
-0.005243 -0.014429 0.273522 0.073865 -0.983839 0.163112
-0.001466 -0.010586 0.272806 0.930433 0.363419 -0.047132
-0.002234 -0.014017 0.274446 0.402342 -0.908975 0.109016
-0.003061 -0.007356 0.268508 0.980898 -0.168291 0.097552
-0.001265 -0.011547 0.273703 0.993686 0.111867 0.008622
-0.005970 -0.014857 0.271486 0.140700 -0.980931 0.134085
-0.000097 -0.013249 0.266664 0.959722 -0.211109 0.185384
-0.008153 -0.015510 0.268106 -0.020590 -0.998238 0.055657
-0.001277 -0.011485 0.271084 0.927118 0.355090 0.119850
-0.003783 -0.007057 0.271689 0.996759 -0.040900 -0.069272
-0.006422 -0.014862 0.272060 0.114242 -0.983218 0.142234
-0.006071 -0.014955 0.265517 0.400937 -0.914908 -0.046822
-0.003432 -0.014685 0.271352 0.093069 -0.985685 0.140585
-0.000498 -0.012769 0.268817 0.977121 -0.057383 0.204799
-0.000207 -0.013663 0.266552 0.920799 -0.362460 0.144058
-0.003531 -0.014514 0.272203 0.122900 -0.979122 0.161913
-0.007161 -0.014482 0.274593 -0.080713 0.977926 -0.192732
-0.001461 -0.014662 0.268723 0.470236 -0.871045 0.141983
-0.002728 -0.006580 0.266841 0.982710 -0.151428 0.106540
-0.001213 -0.013974 0.270008 0.723286 -0.648289 0.237864
-0.001500 -0.014213 0.270001 0.658491 -0.720097 0.218745
-0.008188 -0.015262 0.270015 -0.040492 -0.993669 0.104796
-0.002014 -0.010398 0.267059 0.798106 0.594620 -0.097228
-0.000966 -0.014716 0.265498 0.427377 -0.904034 -0.008481
-0.008386 -0.015453 0.268639 -0.089872 -0.991609 0.092918
-0.001027 -0.012889 0.271112 0.969351 -0.081095 0.231911
-0.003708 -0.008376 0.270495 0.966492 0.242237 0.084935
-0.005859 -0.014315 0.274569 -0.094675 0.978544 -0.182996
-0.002735 -0.006562 0.267229 0.982505 -0.158034 0.098537
0.000774 -0.012737 0.264367 0.965353 -0.029072 0.259321
-0.001706 -0.014910 0.266195 0.172184 -0.985064 0.001389
-0.001039 -0.013114 0.271018 0.959071 -0.155812 0.236442
-0.006337 -0.014573 0.273661 0.100337 -0.975584 0.195370
-0.001450 -0.010768 0.269030 0.841112 0.540463 -0.020754
-0.004334 -0.014021 0.263328 0.135886 -0.958001 -0.252524
-0.001242 -0.012635 0.273674 0.991003 -0.131688 -0.023886
-0.003400 -0.008195 0.270038 0.969239 0.151981 0.193592
-0.003811 -0.007024 0.271275 0.989708 -0.134021 0.050175
-0.001910 -0.014495 0.263649 0.116080 0.958398 0.260767
-0.007539 -0.015364 0.265161 -0.209085 0.975496 0.068494
-0.000520 -0.013641 0.268083 0.898745 -0.354480 0.258074
-0.008352 -0.015567 0.266725 -0.066274 0.997465 0.025898
-0.000820 -0.011726 0.266888 0.714992 0.692737 0.094352
-0.001246 -0.011784 0.271870 0.980449 0.183461 0.071144
-0.001360 -0.014728 0.267584 0.445135 -0.885301 0.134523
-0.002110 -0.010046 0.268248 0.743201 0.665094 -0.072814
-0.002553 -0.014185 0.273907 0.333409 -0.940935 0.058994
-0.008085 -0.014762 0.273371 -0.062480 0.981717 -0.179799
-0.004439 -0.015105 0.268430 0.037144 -0.999309 -0.001286
-0.002454 -0.009681 0.264736 0.883221 0.414471 0.219397
-0.002255 -0.009909 0.266682 0.887504 0.457561 0.054535
-0.003013 -0.008375 0.272411 0.855059 0.451478 -0.255033
-0.004717 -0.015107 0.268448 0.018487 -0.999458 -0.027225
-0.003602 -0.005938 0.272421 0.990552 -0.137138 0.000507
-0.005870 -0.014301 0.274758 -0.088424 0.979218 -0.182520
-0.002062 -0.009991 0.269263 0.769782 0.626079 -0.124347
-0.003079 -0.006787 0.269237 0.959739 -0.192771 0.204303
-0.003556 -0.014657 0.271496 0.085238 -0.984456 0.153559
-0.008944 -0.015293 0.269237 -0.133066 -0.983076 0.125917
-0.002532 -0.014239 0.272590 0.245042 -0.958606 0.145012
-0.003234 -0.005901 0.270790 0.889215 -0.379299 0.255790
-0.002279 -0.005485 0.265624 0.968996 -0.206282 0.135995
-0.001730 -0.014816 0.265247 0.029002 -0.989903 -0.138749
0.000041 -0.012797 0.266477 0.968190 0.041116 0.246814
-0.001306 -0.013477 0.271790 0.895870 -0.393756 0.205848
-0.002917 -0.009012 0.271131 0.764347 0.634142 -0.116784
-0.000238 -0.014209 0.264817 0.716480 -0.679886 0.156241
-0.005814 -0.014686 0.272439 0.132830 -0.980238 0.146596
-0.001595 -0.010506 0.269677 0.862562 0.505951 -0.000288
-0.009000 -0.015169 0.270271 -0.164344 -0.981392 0.099303
-0.005392 -0.014597 0.265419 0.295362 -0.950078 -0.100561
-0.006438 -0.015178 0.266558 0.292761 -0.950282 -0.106088
-0.003740 -0.006707 0.271515 0.978738 -0.199324 0.048393
-0.000839 -0.011683 0.268441 0.855895 0.517121 0.005417
-0.004444 -0.014445 0.264731 -0.051797 -0.968055 -0.245331
-0.003289 -0.007403 0.273096 0.891410 0.337128 -0.302876
-0.001416 -0.010874 0.269521 0.864988 0.501175 0.024892
-0.005812 -0.014465 0.262686 0.413932 -0.905703 -0.091449
-0.004332 -0.014296 0.274305 -0.022489 0.993117 -0.114945
-0.009358 -0.015033 0.270662 -0.248667 -0.961249 0.119019
-0.002501 -0.007702 0.265517 0.994609 -0.012322 0.102960
-0.001160 -0.014354 0.269077 0.673954 -0.710968 0.200776
-0.002188 -0.005428 0.264459 0.982662 -0.147376 0.112495
-0.005625 -0.014507 0.263447 0.385551 -0.911097 -0.145783
-0.004834 -0.014479 0.265103 0.090126 -0.972007 -0.216980
-0.006132 -0.014276 0.275030 -0.086628 0.980019 -0.179046
-0.005972 -0.014904 0.265359 0.414652 -0.909288 -0.035470
-0.002651 -0.007810 0.266289 0.960459 0.008252 0.278299
-0.002256 -0.014897 0.267572 0.149675 -0.987449 0.050421
-0.002450 -0.009231 0.272654 0.820091 0.523646 -0.230751
0.000207 -0.011611 0.264296 0.662420 0.630868 0.403985
-0.008221 -0.015580 0.267411 0.019251 -0.998655 0.048135
-0.006898 -0.015397 0.268504 0.198429 -0.978107 0.062706
-0.005534 -0.015050 0.267263 0.164001 -0.984306 -0.065164
-0.009608 -0.014917 0.270586 -0.260848 -0.956973 0.127128
-0.003100 -0.014941 0.269231 0.087310 -0.987129 0.133992
-0.002573 -0.009182 0.272260 0.822247 0.522375 -0.225908
-0.005654 -0.014837 0.271347 0.126217 -0.982986 0.133449
-0.003384 -0.008394 0.269897 0.946889 0.234020 0.220536
-0.007074 -0.015375 0.266761 0.209785 -0.976984 -0.038636
-0.000200 -0.012265 0.266684 0.838891 0.505217 0.202530
-0.002412 -0.007992 0.265892 0.979322 0.000807 0.202307
-0.003098 -0.007243 0.268039 0.966381 -0.204700 0.155581
-0.001662 -0.013762 0.272636 0.761205 -0.640909 0.099013
-0.008131 -0.015311 0.269735 -0.046817 -0.989402 0.137446
-0.001904 -0.014434 0.270629 0.491678 -0.841442 0.224115
-0.005009 -0.015045 0.269375 0.005187 -0.992245 0.124192
-0.001433 -0.014815 0.266826 0.318069 -0.944051 0.087176
-0.002459 -0.014944 0.268674 0.168306 -0.982898 0.074725
-0.006026 -0.015079 0.266631 0.302079 -0.939328 -0.162516
-0.001105 -0.014773 0.266478 0.444956 -0.890095 0.098719
-0.006139 -0.014473 0.273998 0.104640 -0.976031 0.190822
-0.008436 -0.015257 0.269905 -0.070121 -0.991455 0.110003
-0.002426 -0.007067 0.265387 0.990879 -0.059876 0.120725
-0.003633 -0.014169 0.263528 -0.154469 -0.928485 -0.337720
-0.001333 -0.014135 0.269931 0.700053 -0.680977 0.214933
-0.000368 -0.014056 0.266449 0.832377 -0.543465 0.108602
-0.008028 -0.015514 0.266051 -0.139245 0.989058 0.048744
-0.003144 -0.008764 0.268049 0.959197 0.258905 0.113622
-0.004528 -0.014897 0.270284 0.068997 -0.986259 0.150109
-0.002778 -0.007951 0.266586 0.965500 0.013654 0.260046
-0.002797 -0.014562 0.271491 0.260658 -0.949262 0.175953
-0.003944 -0.014505 0.272491 0.112761 -0.986229 0.120985
-0.004136 -0.014527 0.264964 -0.210647 -0.929055 -0.304114
-0.003792 -0.015020 0.267414 -0.033498 -0.996198 -0.080422
0.000017 -0.013403 0.265851 0.900360 -0.371157 0.227143
-0.002658 -0.009391 0.267088 0.883048 0.429727 0.188578
-0.003055 -0.006476 0.269404 0.961559 -0.196491 0.191821
-0.007391 -0.015352 0.265601 0.229871 -0.969268 -0.087626
-0.002645 -0.014971 0.267889 0.134194 -0.990947 0.003928
-0.005243 -0.014968 0.267746 0.046257 -0.996195 -0.073868
-0.001719 -0.010212 0.269670 0.828638 0.558112 -0.043246
-0.002476 -0.009596 0.271123 0.778604 0.626915 0.027432
-0.007467 -0.015223 0.270227 0.039558 -0.990025 0.135227
-0.001636 -0.010748 0.271261 0.894753 0.446412 -0.011568
-0.004424 -0.014546 0.272585 0.070782 -0.989850 0.123234
-0.007806 -0.015152 0.271003 0.059131 -0.991402 0.116728
-0.001095 -0.014426 0.268293 0.631408 -0.764181 0.131723
-0.002080 -0.014036 0.272985 0.492522 -0.861776 0.121512
-0.005962 -0.014993 0.270240 0.167581 -0.981118 0.096557
-0.001377 -0.014541 0.269107 0.546641 -0.810810 0.209214
-0.003411 -0.006674 0.270366 0.897496 -0.256883 0.358487
-0.003534 -0.014690 0.264919 -0.134350 -0.941559 -0.308895
-0.003163 -0.007636 0.268109 0.982061 -0.098952 0.160513
-0.005328 -0.014437 0.273742 0.071493 -0.984356 0.161032
-0.007776 -0.014955 0.271995 0.080433 -0.973232 0.215292
-0.001466 -0.010733 0.272347 0.933014 0.343919 -0.105853
-0.007813 -0.014809 0.273302 -0.069467 0.980552 -0.183552
-0.005942 -0.014939 0.270872 0.148969 -0.979041 0.138877
-0.003430 -0.007880 0.271854 0.865819 0.421172 -0.270132
-0.002947 -0.008880 0.271398 0.789176 0.585003 -0.187010
-0.002456 -0.006169 0.265471 0.978332 -0.132740 0.158891
-0.004912 -0.014982 0.267482 0.032803 -0.991857 -0.123060
-0.002878 -0.014517 0.271715 0.247509 -0.954595 0.165795
-0.002272 -0.009980 0.264955 0.859428 0.497346 0.118453
-0.002893 -0.006756 0.268304 0.959241 -0.251539 0.128782
-0.003603 -0.006127 0.272107 0.977910 -0.208978 0.004446
-0.001099 -0.011970 0.271075 0.963713 0.217808 0.154329
-0.006149 -0.014596 0.273351 0.120993 -0.975621 0.183098
-0.003253 -0.015037 0.268547 0.055252 -0.996768 0.058323
-0.003000 -0.008473 0.267682 0.976312 0.092351 0.195668
-0.006670 -0.014770 0.272795 0.098499 -0.981713 0.162905
-0.001207 -0.012044 0.271653 0.980119 0.151762 0.127811
-0.007317 -0.015312 0.265138 0.223657 -0.973691 -0.043622
-0.001397 -0.011175 0.270940 0.915820 0.385217 0.113497
-0.002604 -0.008857 0.264801 0.997277 -0.010802 0.072951
-0.003983 -0.014728 0.271134 0.080222 -0.983513 0.162071
-0.005392 -0.014285 0.262686 -0.365101 0.922086 0.128294
-0.003845 -0.014610 0.264881 -0.178910 -0.934720 -0.307068
-0.003741 -0.014490 0.272657 0.141062 -0.983375 0.114344
-0.001557 -0.010850 0.267001 0.756667 0.643021 -0.118232
-0.002277 -0.005783 0.264923 0.981374 -0.141059 0.130413
-0.007549 -0.014798 0.273170 0.070419 -0.980114 0.185520
-0.002075 -0.014669 0.270084 0.347746 -0.916591 0.197318
-0.005533 -0.014991 0.266892 0.189562 -0.960302 -0.204660
-0.007615 -0.015154 0.271150 0.086762 -0.985344 0.146863
-0.001885 -0.014148 0.271546 0.515581 -0.834281 0.195324
-0.006954 -0.015125 0.270851 0.115849 -0.980555 0.158403
-0.007301 -0.015063 0.271231 0.107152 -0.978909 0.173942
-0.008327 -0.014952 0.272309 -0.009014 -0.982943 0.183688
-0.009201 -0.015089 0.270321 -0.219499 -0.968943 0.113883
-0.000724 -0.012828 0.269909 0.969255 -0.007218 0.245953
-0.002948 -0.014527 0.264270 -0.069792 -0.955366 -0.287063
-0.002626 -0.014214 0.273644 0.292072 -0.955298 0.045829
-0.002471 -0.008433 0.264223 0.974713 -0.013715 0.223038
-0.003926 -0.014180 0.263701 -0.104800 -0.946018 -0.306702
-0.001423 -0.011025 0.272891 0.965264 0.260439 -0.020913
-0.000759 -0.011829 0.269240 0.891643 0.434139 0.128435
-0.002927 -0.008055 0.267538 0.969250 0.025246 0.244780
-0.001826 -0.014173 0.271304 0.508674 -0.833315 0.216419
-0.005861 -0.015135 0.268938 0.153067 -0.986277 0.061877
-0.007903 -0.015330 0.269401 -0.004415 -0.987358 0.158442
-0.001267 -0.011826 0.271469 0.962141 0.242649 0.124120
-0.000106 -0.012156 0.266230 0.831408 0.529200 0.169436
-0.000791 -0.011681 0.266519 -0.663675 -0.737429 -0.125437
-0.001302 -0.011248 0.273624 0.980916 0.191360 0.034411
-0.001995 -0.014760 0.269308 0.307258 -0.937576 0.162924
-0.003699 -0.006708 0.271094 0.953185 -0.254448 0.163383
-0.003924 -0.014929 0.266505 -0.089723 -0.994846 -0.047241
-0.002708 -0.006014 0.267691 0.981377 -0.155773 0.112399
-0.001733 -0.014447 0.269924 0.532545 -0.818850 0.214197
-0.002997 -0.014226 0.274134 0.166255 -0.982050 0.089092
-0.000937 -0.014298 0.268160 0.713347 -0.683735 0.153760
-0.002363 -0.005840 0.265462 0.975622 -0.169139 0.139836
-0.002239 -0.009875 0.266220 0.925806 0.377618 -0.016989
-0.001116 -0.012253 0.271223 0.974538 0.126742 0.184967
-0.002518 -0.009452 0.264968 0.943780 0.324455 0.063310
-0.004791 -0.015060 0.269106 0.038330 -0.996111 0.079338
-0.006259 -0.014610 0.273398 0.111704 -0.975653 0.188741
-0.005744 -0.015077 0.267486 0.198045 -0.979752 -0.029394
-0.006911 -0.014724 0.273081 0.087664 -0.977975 0.189422
-0.001365 -0.014573 0.268930 0.536882 -0.824084 0.180676
-0.000416 -0.013055 0.268242 0.961004 -0.141424 0.237636
-0.002509 -0.008300 0.265261 0.994947 -0.100027 0.008632
-0.006059 -0.014962 0.266174 0.375186 -0.918260 -0.126623
-0.007454 -0.015229 0.264110 -0.195700 0.973993 0.114184
-0.004909 -0.014687 0.271795 0.088986 -0.984957 0.148129
-0.002593 -0.007875 0.264975 0.996630 -0.079372 0.020723
-0.001430 -0.014787 0.264833 0.049937 -0.993378 -0.103476
-0.003298 -0.007304 0.269640 0.938013 -0.213242 0.273239
-0.004950 -0.014870 0.270573 0.037278 -0.987521 0.153012
-0.002788 -0.006865 0.267302 0.978606 -0.163454 0.124950
-0.001643 -0.014740 0.268588 0.353868 -0.931408 0.085191
-0.007548 -0.015416 0.266112 0.187773 -0.979627 -0.071216
-0.003953 -0.014324 0.274183 0.059861 -0.993129 0.100556
-0.000588 -0.012206 0.268859 0.938417 0.329226 0.104804
-0.005143 -0.014278 0.274497 0.028324 -0.989476 0.141897
-0.002561 -0.008725 0.266110 0.992792 0.076002 0.092666
-0.003083 -0.008724 0.268312 0.951263 0.293686 0.094064
-0.001551 -0.009964 0.263969 0.529965 0.639470 0.556970
-0.002577 -0.008724 0.265206 0.997603 -0.067518 -0.015142
-0.000350 -0.013534 0.267635 0.922057 -0.299333 0.245379
-0.006112 -0.015168 0.268519 0.241811 -0.970295 -0.007490
-0.001346 -0.011595 0.271776 0.972153 0.233363 0.021459
-0.003190 -0.007006 0.269731 0.924026 -0.258298 0.281884
-0.006501 -0.015125 0.265058 0.325331 -0.944884 -0.036809
-0.005855 -0.014892 0.266370 0.299613 -0.937643 -0.176229
-0.002960 -0.007120 0.267910 0.964362 -0.207829 0.163746
-0.006477 -0.014903 0.263396 0.355840 -0.923650 -0.142300
-0.003113 -0.008080 0.272543 0.862790 0.426151 -0.272008
-0.000858 -0.014396 0.267298 0.658629 -0.735701 0.157961
-0.001161 -0.014788 0.265876 0.305065 -0.952288 0.009132
-0.002482 -0.014970 0.266172 0.050686 -0.995018 -0.085853
-0.004697 -0.014340 0.274225 0.020603 -0.991592 0.127752
-0.002260 -0.006147 0.264366 0.987234 -0.132458 0.088455
-0.006485 -0.014654 0.273383 0.097501 -0.976836 0.190488
-0.000907 -0.012508 0.270563 0.970834 0.092088 0.221363
-0.003332 -0.014805 0.270084 0.096139 -0.980510 0.171339
-0.003843 -0.014475 0.272975 0.118684 -0.987079 0.107656
-0.001023 -0.013299 0.270771 0.938442 -0.254092 0.234019
-0.002775 -0.014681 0.270564 0.151091 -0.970329 0.188769
-0.006340 -0.014391 0.274362 0.086979 -0.978485 0.187089
-0.005858 -0.015051 0.267237 0.227650 -0.972348 -0.052113
-0.004058 -0.014519 0.272632 0.098611 -0.988822 0.111831
-0.001274 -0.011774 0.272797 0.997202 0.074411 -0.007149
-0.002256 -0.005771 0.264611 0.982470 -0.149553 0.111293
-0.006812 -0.015312 0.266194 0.260973 -0.960336 -0.098226
-0.003218 -0.006392 0.270242 0.900345 -0.290422 0.324089
-0.008340 -0.015170 0.271023 -0.043424 -0.993479 0.105419
0.000109 -0.011754 0.264515 0.640595 0.640977 0.422832
-0.004283 -0.014888 0.267284 -0.040888 -0.990536 -0.131023
-0.003507 -0.015053 0.267880 0.039696 -0.998376 -0.040862
-0.000310 -0.014153 0.265561 0.782348 -0.612300 0.114107
-0.002462 -0.009364 0.270280 -0.674566 -0.735245 -0.066147
-0.003463 -0.014940 0.265721 -0.061638 -0.984905 -0.161748
-0.005206 -0.014298 0.263034 0.334530 -0.929697 -0.154119
-0.001490 -0.010776 0.268536 0.811102 0.584700 -0.015463
-0.000519 -0.014440 0.265229 0.597999 -0.794788 0.103482
-0.004827 -0.014974 0.270032 -0.002958 -0.992336 0.123531
-0.003665 -0.007890 0.271109 0.955284 0.277770 -0.101370
-0.001304 -0.011360 0.272776 0.987973 0.151405 -0.031392
-0.001924 -0.014868 0.267416 0.200445 -0.976054 0.084499
-0.000820 -0.012896 0.270226 0.969802 -0.026802 0.242415
-0.007059 -0.015337 0.267048 0.208254 -0.976927 -0.047373
-0.006420 -0.014719 0.273027 0.111558 -0.980111 0.164123
-0.002854 -0.006965 0.267750 0.959479 -0.232561 0.159110
-0.002316 -0.006448 0.264432 0.989963 -0.122592 0.070318
-0.002878 -0.014237 0.273124 0.229702 -0.971293 0.061858
-0.002226 -0.014895 0.268225 0.191621 -0.981246 0.020943
-0.002310 -0.009464 0.270028 -0.704052 -0.709814 -0.021784
-0.000210 -0.013881 0.265773 0.845397 -0.514989 0.141737
-0.000315 -0.013808 0.267030 0.886982 -0.426470 0.177161
-0.002453 -0.009545 0.266904 0.898031 0.420767 0.128434
0.000482 -0.013094 0.265030 0.933302 -0.157088 0.322909
-0.003427 -0.008016 0.269593 0.978587 0.033521 0.203085
-0.001277 -0.011395 0.273382 0.989297 0.145896 0.002387
-0.007384 -0.015395 0.266922 0.196307 -0.980096 -0.029588
-0.003414 -0.014669 0.270771 0.102212 -0.986284 0.129606
-0.002757 -0.009256 0.265453 0.975286 0.202174 -0.089119
-0.004581 -0.014178 0.263481 0.216425 -0.957818 -0.189063
-0.002207 -0.009389 0.272983 0.820657 0.529988 -0.213623
-0.004106 -0.013871 0.262856 -0.065972 0.977160 0.202004
-0.003255 -0.014331 0.272926 0.181331 -0.977607 0.106787
-0.003036 -0.008586 0.272014 0.844622 0.479908 -0.237281
-0.007288 -0.014888 0.271971 0.086827 -0.981051 0.173207
-0.002902 -0.008368 0.267509 0.972841 0.077135 0.218245
-0.007824 -0.014887 0.272425 0.058729 -0.988279 0.140908
-0.002835 -0.008900 0.272030 0.834886 0.506574 -0.215286
-0.006584 -0.014850 0.262509 -0.390910 0.914778 0.101838
-0.002154 -0.014657 0.264531 -0.080543 -0.970805 -0.225942
-0.002413 -0.007274 0.264371 0.991708 -0.102832 0.077079
-0.002749 -0.009299 0.267805 0.871277 0.484159 0.080411
-0.003543 -0.014579 0.271650 0.086601 -0.979210 0.183435
-0.003250 -0.014595 0.271659 0.145265 -0.971479 0.187423
-0.002351 -0.005498 0.266163 0.964389 -0.214734 0.154410
-0.001943 -0.014811 0.268738 0.271375 -0.958831 0.083653
-0.000707 -0.014600 0.265536 0.603191 -0.794740 0.067442
-0.006397 -0.014973 0.264310 0.359693 -0.923357 -0.134286
-0.001713 -0.014706 0.264554 -0.057025 -0.982915 -0.175005
-0.001467 -0.014834 0.265518 0.146803 -0.985845 -0.080980
-0.003657 -0.006227 0.272322 0.993939 -0.097640 -0.050510
-0.002789 -0.009086 0.271500 0.795924 0.591161 -0.130509
-0.001838 -0.010402 0.271377 0.852221 0.521240 -0.045036
-0.008108 -0.015458 0.268345 -0.012308 -0.997922 0.063250
-0.001287 -0.012860 0.272244 0.983160 -0.111612 0.144702
-0.003340 -0.008296 0.269212 0.977548 0.118028 0.174555
-0.003757 -0.014567 0.271841 0.071356 -0.982139 0.174100
-0.000641 -0.013130 0.269169 0.970782 -0.177596 0.161374
-0.000109 -0.014064 0.264777 0.745759 -0.646365 0.161418
-0.001245 -0.012529 0.272178 0.990694 -0.069855 0.116814
-0.001169 -0.012613 0.271653 0.982836 0.012049 0.184087
-0.005343 -0.014697 0.265959 0.145691 -0.966931 -0.209329
-0.004745 -0.014473 0.265360 -0.021330 -0.971191 -0.237347
-0.000069 -0.013567 0.265754 0.890340 -0.402900 0.212053
-0.001303 -0.014630 0.268024 0.506828 -0.854258 0.115625
-0.005337 -0.014312 0.263208 0.328403 -0.934380 -0.138151
-0.001119 -0.012976 0.271490 0.968921 -0.129820 0.210568
-0.002258 -0.009967 0.265504 0.896143 0.442870 -0.028176
-0.002207 -0.009568 0.272648 0.809241 0.553650 -0.196469
-0.003859 -0.014332 0.273953 0.067324 -0.992537 0.101676
-0.002429 -0.007099 0.264439 0.992008 -0.106649 0.067429
-0.004908 -0.014569 0.272664 0.069013 -0.988253 0.136360
-0.005533 -0.014752 0.271711 0.119428 -0.982431 0.143410
-0.001138 -0.012635 0.271461 0.983272 0.019760 0.181071
-0.005622 -0.014466 0.273615 0.105388 -0.979634 0.170909
-0.004176 -0.014820 0.270792 0.099647 -0.981256 0.164943
-0.003152 -0.008852 0.270850 0.752107 0.650478 -0.105893
-0.003167 -0.014677 0.270574 0.106032 -0.985548 0.132108
-0.003029 -0.014901 0.269415 0.092765 -0.985374 0.142947
-0.001469 -0.010655 0.273407 0.940851 0.338522 -0.014245
-0.005579 -0.014323 0.262779 0.380326 -0.916537 -0.123743
-0.003632 -0.014755 0.270594 0.123624 -0.982196 0.141450
-0.007077 -0.015379 0.266320 0.227079 -0.970858 -0.076608
-0.008422 -0.015190 0.270115 -0.068635 -0.992768 0.098495
-0.007375 -0.015454 0.267620 0.151396 -0.988303 -0.018346
-0.001719 -0.014813 0.267714 0.255406 -0.963611 0.078871
-0.004691 -0.014393 0.264628 0.103491 -0.975748 -0.192885
-0.002274 -0.014237 0.271922 0.402075 -0.906456 0.129124
-0.007774 -0.015237 0.270190 0.002529 -0.992132 0.125169
-0.007824 -0.015546 0.266838 0.135506 -0.990205 -0.033641
-0.008019 -0.015487 0.265839 -0.154840 0.986015 0.061642
-0.002393 -0.009708 0.268496 0.751953 0.654720 -0.076873
-0.003154 -0.014801 0.265213 -0.029672 -0.966041 -0.256678
-0.007158 -0.015254 0.265060 0.220590 -0.974384 -0.043772
-0.001317 -0.011321 0.272988 0.985994 0.164817 -0.025502
-0.002990 -0.006895 0.268461 0.962880 -0.246347 0.110342
-0.003941 -0.014280 0.274800 -0.045254 0.992026 -0.117626
-0.003217 -0.014398 0.272596 0.177035 -0.971936 0.154915
-0.003156 -0.014973 0.266483 -0.020538 -0.998521 -0.050345
-0.002863 -0.008197 0.266800 0.973789 0.022700 0.226319
-0.000305 -0.013531 0.267393 0.927249 -0.312658 0.206045
-0.001643 -0.014238 0.270721 0.594427 -0.776724 0.208222
-0.005101 -0.014518 0.273141 0.074648 -0.985575 0.151888
-0.004776 -0.015101 0.268883 0.052626 -0.996226 0.069026
-0.008048 -0.015465 0.268843 -0.016113 -0.993892 0.109175
-0.002103 -0.009755 0.270517 0.757362 0.638393 0.137326
-0.005985 -0.015155 0.269217 0.195997 -0.975476 0.100158
-0.007523 -0.015389 0.269159 0.069677 -0.987542 0.141089
-0.001761 -0.013732 0.273955 0.674032 -0.730022 0.112914
-0.004656 -0.015112 0.268671 0.047004 -0.998621 0.023387
-0.003822 -0.014283 0.263968 -0.138981 -0.937951 -0.317698
-0.008434 -0.014886 0.272636 0.012935 0.988745 -0.149049
-0.003668 -0.007207 0.270656 0.946727 -0.112345 0.301805
-0.007898 -0.015212 0.270515 0.015784 -0.996093 0.086891
-0.002393 -0.014824 0.269261 0.155666 -0.977529 0.142146
-0.008947 -0.015343 0.268867 0.147608 0.983196 -0.107412
-0.002337 -0.009667 0.269167 0.724189 0.680085 -0.114166
-0.002438 -0.014300 0.272120 0.303973 -0.942602 0.138208
-0.002759 -0.014988 0.266831 0.045538 -0.998937 -0.007113
-0.000658 -0.012110 0.269216 0.931301 0.340174 0.130229
-0.005706 -0.014745 0.271988 0.134843 -0.980766 0.141122
-0.002919 -0.009081 0.267519 0.938664 0.289163 0.187868
-0.002194 -0.014955 0.266365 0.076252 -0.996616 -0.030693
-0.005269 -0.014308 0.274330 0.044128 -0.987318 0.152497
-0.005327 -0.014647 0.272362 0.104313 -0.983734 0.146240
0.000304 -0.013343 0.265164 0.873510 -0.377679 0.307146
-0.001716 -0.010720 0.264997 -0.601033 -0.768816 -0.218361
-0.005618 -0.015046 0.267942 0.151293 -0.986684 -0.059715
-0.001161 -0.011234 0.268824 0.831314 0.555712 0.010075
-0.002234 -0.010007 0.267375 0.795361 0.604640 -0.042553
-0.003820 -0.007551 0.271077 0.986113 0.163504 0.029127
-0.000625 -0.012140 0.269071 0.940876 0.323356 0.100963
-0.007261 -0.015179 0.264030 -0.216496 0.969208 0.117326
-0.002167 -0.010495 0.265143 0.780062 0.621356 0.073626
-0.001308 -0.013203 0.272068 0.949536 -0.259973 0.175487
-0.002097 -0.010066 0.270796 0.802145 0.582383 0.131887
-0.001083 -0.011404 0.267774 0.814499 0.579257 -0.032435
-0.007083 -0.015294 0.269406 0.111973 -0.985322 0.128848
-0.003950 -0.015066 0.267651 -0.020034 -0.995155 -0.096260
-0.006690 -0.015303 0.266661 0.242094 -0.967604 -0.071649
-0.001123 -0.013600 0.270780 0.863799 -0.451375 0.223855
-0.002633 -0.014766 0.270013 0.133762 -0.976671 0.167990
-0.008907 -0.015254 0.269463 -0.146580 -0.980611 0.130060
-0.001208 -0.011242 0.267607 0.800265 0.596754 -0.058829
-0.002481 -0.009089 0.266345 0.960245 0.259876 0.101951
-0.001638 -0.010234 0.272906 0.878077 0.466999 -0.104373
-0.002400 -0.009698 0.264305 0.823210 0.443766 0.354114
-0.006524 -0.015146 0.265829 0.332479 -0.939905 -0.077687
0.000446 -0.012218 0.264800 0.809506 0.435450 0.393807
-0.000822 -0.014077 0.268328 0.829679 -0.519786 0.203606
-0.008426 -0.015477 0.268214 -0.077192 -0.993888 0.078912
0.000722 -0.012264 0.264221 0.876191 0.347412 0.334058
-0.005492 -0.014661 0.272192 0.123570 -0.982089 0.142236
-0.006086 -0.015066 0.270132 0.192395 -0.976886 0.093151
-0.006692 -0.015046 0.271046 0.142895 -0.975991 0.164384
-0.007365 -0.015425 0.267915 0.125292 -0.992099 0.006406
-0.001919 -0.013837 0.274102 -0.567017 0.817164 -0.103611
-0.006857 -0.014479 0.274401 -0.079328 0.978080 -0.192526
-0.001353 -0.010975 0.269315 0.854833 0.518628 0.016915
-0.006283 -0.015194 0.268420 0.230458 -0.973081 -0.001713
-0.005292 -0.014988 0.269328 0.022396 -0.991128 0.131012
-0.002813 -0.014948 0.265945 0.021276 -0.991810 -0.125941
-0.001312 -0.010646 0.264356 -0.449061 -0.749214 -0.486850
-0.007223 -0.014673 0.273486 0.075607 -0.974337 0.212018
-0.000183 -0.012137 0.265719 0.746326 0.620414 0.241005
-0.002447 -0.005847 0.266085 0.968092 -0.191416 0.161731
-0.003156 -0.014648 0.271422 0.154880 -0.975709 0.154934
0.000667 -0.012375 0.264555 0.889038 0.242272 0.388478
-0.001712 -0.010501 0.264255 0.504734 0.700881 0.503994
-0.004518 -0.014329 0.274498 0.014520 -0.992620 0.120394
-0.006963 -0.014953 0.271709 0.103404 -0.977214 0.185368
-0.002907 -0.009144 0.268431 0.881583 0.471983 -0.006627
-0.003281 -0.007046 0.269889 0.925468 -0.239827 0.293244
-0.003688 -0.014539 0.271995 0.090304 -0.980825 0.172708
-0.006240 -0.014859 0.263764 0.384178 -0.912422 -0.141044
-0.006296 -0.015046 0.265112 0.372517 -0.927238 -0.038227
-0.000204 -0.013981 0.265505 0.799582 -0.577966 0.163167
-0.002688 -0.006488 0.266542 0.975667 -0.163695 0.145869
-0.001826 -0.014443 0.270335 0.538491 -0.817708 0.203424
-0.000192 -0.012875 0.267363 0.977356 0.025189 0.210098
-0.002338 -0.009776 0.270901 0.777549 0.624599 0.072759
-0.005161 -0.015022 0.267117 0.075015 -0.988516 -0.131181
-0.007633 -0.015447 0.268079 0.078161 -0.996594 0.026301
-0.007073 -0.014997 0.271479 0.111433 -0.976936 0.182148
-0.000802 -0.014252 0.267762 0.731770 -0.662402 0.160425
-0.001719 -0.014532 0.263709 0.105037 0.959438 0.261621
-0.000924 -0.011533 0.268427 0.830780 0.556559 0.006751
-0.000707 -0.013578 0.268763 0.921229 -0.343356 0.182876
-0.007766 -0.015524 0.266530 0.144675 -0.988173 -0.050826
-0.009279 -0.015203 0.269438 0.175386 0.976272 -0.127012
-0.003928 -0.014897 0.269950 0.105644 -0.985931 0.129533
-0.003477 -0.007668 0.269847 0.964386 -0.100412 0.244697
-0.003799 -0.014842 0.265431 -0.177609 -0.947833 -0.264704
-0.008513 -0.015458 0.267899 -0.067607 -0.994438 0.080761
-0.004018 -0.014922 0.265900 -0.173691 -0.966533 -0.188800
-0.001293 -0.011109 0.265396 -0.571259 -0.789844 -0.223181
-0.000664 -0.012308 0.269511 0.954814 0.201596 0.218377
-0.003383 -0.007510 0.267769 0.975956 -0.100343 0.193498
-0.009564 -0.014999 0.270321 -0.247822 -0.961231 0.120910
-0.002782 -0.014970 0.267206 0.081034 -0.996645 0.011459
-0.003368 -0.014937 0.269459 0.064377 -0.988373 0.137749
-0.006150 -0.015156 0.268776 0.189012 -0.981778 0.019667
-0.002784 -0.006931 0.266760 0.985106 -0.105598 0.135706
-0.001012 -0.012310 0.270892 0.970066 0.123110 0.209324
-0.006765 -0.015278 0.266366 0.254407 -0.963787 -0.079953
-0.002741 -0.009234 0.271167 0.754715 0.651996 -0.072839
-0.003312 -0.008213 0.271619 0.842375 0.478845 -0.247208
-0.002301 -0.014240 0.272532 0.348330 -0.926153 0.144594
-0.003394 -0.008251 0.269593 0.969398 0.178670 0.168357
-0.001777 -0.010200 0.272453 0.848086 0.509955 -0.143864
-0.006100 -0.015171 0.267364 0.267195 -0.963221 -0.028497
-0.003578 -0.006364 0.271429 0.930583 -0.340486 0.134479
-0.008524 -0.015521 0.267646 -0.053941 -0.995477 0.078204
-0.002393 -0.009045 0.273085 0.827788 0.500861 -0.252794
-0.002499 -0.006821 0.265641 0.977070 -0.037904 0.209518
-0.002695 -0.006852 0.266453 0.979959 -0.099256 0.172709
-0.006478 -0.015232 0.267022 0.244883 -0.967136 -0.068414
-0.005530 -0.014366 0.263035 0.362269 -0.921653 -0.138989
-0.004430 -0.015045 0.269270 0.108010 -0.991157 0.077082
-0.008191 -0.015354 0.269397 -0.062643 -0.985742 0.156170
-0.005090 -0.014303 0.274303 0.035220 -0.989235 0.142032
-0.004967 -0.014797 0.266638 -0.007766 -0.981255 -0.192555
-0.004027 -0.014379 0.273732 0.060921 -0.990729 0.121425
-0.006091 -0.014856 0.264317 0.416419 -0.901728 -0.116113
-0.005309 -0.014897 0.266704 0.118754 -0.966688 -0.226741
-0.004796 -0.014747 0.265993 -0.116326 -0.972881 -0.199929
-0.002210 -0.014895 0.268604 0.204448 -0.977423 0.053349
-0.000919 -0.012057 0.270055 0.940453 0.242027 0.238688
-0.008482 -0.015532 0.266567 -0.068798 0.996869 0.038983
-0.005321 -0.014387 0.264034 0.362630 -0.922241 -0.134056
-0.002573 -0.014616 0.264501 -0.037926 -0.964224 -0.262363
-0.004192 -0.015093 0.268463 0.064469 -0.997082 0.040877
-0.003771 -0.014952 0.265878 -0.099349 -0.985002 -0.141067
-0.006242 -0.014686 0.262915 0.415941 -0.903585 -0.102599
-0.003965 -0.014922 0.265768 -0.187110 -0.957820 -0.218105
-0.000988 -0.011489 0.266314 -0.650192 -0.753370 -0.098410
-0.001583 -0.014882 0.265879 0.169588 -0.984704 -0.039965
-0.001058 -0.014725 0.264936 0.264957 -0.962044 -0.065340
-0.002438 -0.009426 0.270459 0.708220 0.700251 0.089850
0.000529 -0.012801 0.264979 0.926863 0.040905 0.373164
-0.003325 -0.014255 0.274615 -0.120560 0.987192 -0.104490
-0.000959 -0.014451 0.267528 0.627930 -0.767050 0.131676
