0.033439 0.101860 0.010533 -0.457871 -0.845686 0.274171
0.033188 0.101984 0.010856 -0.213807 -0.961914 0.170320
0.033530 0.101663 0.009975 -0.521130 -0.842342 0.137419
0.039205 0.102528 0.016989 -0.025435 0.998907 -0.039228
0.033834 0.101441 0.010040 -0.588931 -0.787624 0.181132
0.034080 0.101208 0.009945 -0.601378 -0.797589 0.046877
0.032043 0.102064 0.008895 0.301606 0.941882 -0.147962
0.034387 0.101158 0.010467 -0.486778 -0.713784 0.503548
0.032151 0.101904 0.008176 -0.301078 -0.930276 0.209615
0.031939 0.102106 0.008890 -0.244727 -0.955852 0.162654
0.031916 0.102135 0.009207 -0.238255 -0.961024 0.140238
0.029348 0.102106 0.010861 0.126428 0.991776 -0.019923
0.031286 0.102142 0.009711 -0.013851 -0.999756 0.017217
0.034443 0.100957 0.010283 -0.361701 -0.862893 0.352971
0.030828 0.101706 0.007706 -0.057450 0.876684 -0.477623
0.032003 0.101983 0.008371 -0.283561 -0.937177 0.203207
0.031404 0.102238 0.009172 0.053453 0.987648 -0.147292
0.038645 0.102478 0.017091 0.037815 -0.998833 0.030051
0.029899 0.102035 0.009416 0.014423 0.999836 0.010948
0.031380 0.102195 0.008936 -0.055210 -0.981667 0.182434
0.039010 0.102568 0.018155 -0.018088 0.994867 -0.099563
0.031765 0.101949 0.007886 -0.099316 -0.916392 0.387764
0.034567 0.100819 0.010036 -0.280741 -0.958989 -0.039046
0.031996 0.102043 0.008646 -0.313307 -0.937547 0.151144
0.039527 0.102503 0.016303 0.061522 0.993918 -0.091329
0.032235 0.101923 0.008606 -0.354333 -0.922951 0.150364
0.032228 0.102018 0.009022 -0.322247 -0.928295 0.185539
0.039247 0.102480 0.016023 -0.065317 -0.993174 0.096638
0.031953 0.101933 0.007874 0.194978 0.901936 -0.385350
0.038408 0.102464 0.017165 0.026707 -0.998385 0.050139
0.039067 0.102503 0.016297 0.023786 0.998078 -0.057227
0.038312 0.102518 0.015794 -0.092150 -0.995261 0.031033
0.034691 0.100774 0.010223 -0.109649 -0.944552 0.309512
0.033424 0.101681 0.009410 -0.449461 -0.885063 0.121032
0.032984 0.101972 0.010280 0.327569 0.931259 -0.159546
0.029978 0.102073 0.012021 -0.070733 -0.993493 0.089263
0.037770 0.102517 0.017650 -0.093860 -0.983439 0.155044
0.038703 0.102483 0.015914 -0.070979 -0.995872 0.056578
0.028908 0.102063 0.008210 -0.037223 -0.991586 0.123980
0.033600 0.101592 0.009635 -0.520815 -0.849392 0.085352
0.028518 0.102076 0.008192 -0.023090 -0.992154 0.122868
0.033965 0.101341 0.009745 -0.556583 -0.830750 0.008309
0.030186 0.102083 0.008810 -0.013380 0.999701 -0.020443
0.030193 0.102060 0.009336 -0.035870 0.999291 -0.011410
0.029034 0.102232 0.010138 -0.125717 -0.991587 0.030837
0.034504 0.101142 0.007703 0.157814 0.986794 -0.036495
0.033715 0.101392 0.008370 -0.326602 -0.925685 0.190890
0.029905 0.102053 0.009961 0.087697 0.996111 -0.008550
0.036209 0.101385 0.009568 0.424969 -0.895502 0.132200
0.033337 0.101675 0.009163 -0.340294 -0.924749 0.170408
0.029543 0.102060 0.009789 -0.109207 -0.993797 0.021021
0.035064 0.100971 0.009529 0.116111 -0.974940 -0.189763
0.029046 0.102198 0.009961 -0.139466 -0.989712 0.031922
0.034834 0.101096 0.008919 -0.143924 -0.978050 -0.150677
0.029386 0.102115 0.010037 -0.119989 -0.992430 0.026173
0.033872 0.101093 0.007864 0.237860 0.964965 -0.110748
0.034772 0.101066 0.009149 0.253106 0.956609 0.144347
0.033349 0.101593 0.008812 -0.294108 -0.940896 0.167973
0.033504 0.101418 0.008202 -0.288837 -0.929443 0.229584
0.035057 0.101268 0.008036 -0.008614 -0.994266 -0.106583
0.035687 0.101119 0.009909 -0.343467 0.884620 -0.315401
0.033614 0.101203 0.007992 0.278988 0.943782 -0.177318
0.035467 0.101140 0.009266 -0.292099 0.943432 0.156887
0.033131 0.101334 0.007861 0.307333 0.919277 -0.245921
0.032320 0.099995 0.006820 0.248422 0.652818 -0.715622
0.033212 0.101527 0.008237 0.284769 0.928032 -0.240133
0.033019 0.101669 0.008927 -0.288921 -0.935265 0.204461
0.034000 0.101275 0.008360 -0.300609 -0.946886 0.114200
0.035572 0.101148 0.010286 0.267778 -0.825162 0.497395
0.037420 0.101950 0.009497 0.075858 -0.995971 0.047832
0.035601 0.101319 0.008263 -0.153708 0.978115 0.140234
0.034222 0.101212 0.008867 -0.336205 -0.941651 -0.016135
0.032972 0.101609 0.008705 -0.295509 -0.933533 0.202955
0.034002 0.101237 0.008216 -0.220301 -0.970375 0.099195
0.032745 0.101654 0.008714 0.318627 0.930554 -0.180403
0.033947 0.101317 0.008922 -0.398548 -0.915929 0.047262
0.031413 0.101321 0.007380 0.059732 0.871587 -0.486588
0.031013 0.101613 0.007597 -0.047790 0.878680 -0.475012
0.030721 0.101180 0.007252 -0.048154 0.858209 -0.511036
0.029098 0.099097 0.006303 -0.048776 0.629709 -0.775299
0.036224 0.101298 0.007217 -0.231782 0.943879 -0.235307
0.039601 0.100227 0.002288 0.040190 0.909127 -0.414576
0.036978 0.098612 0.002037 0.272055 -0.840992 0.467674
0.036768 0.097672 0.000822 0.233348 -0.845625 0.480070
0.042224 0.101562 0.010523 0.064457 0.974285 -0.215903
0.038651 0.101623 0.006896 -0.227137 -0.933812 0.276415
0.038520 0.102482 0.017359 0.023770 -0.997547 0.065846
0.038758 0.102545 0.018113 -0.011299 -0.993489 0.113370
0.042225 0.101744 0.008052 0.146130 -0.983902 -0.102875
0.035058 0.102469 0.012706 0.041090 -0.955979 0.290545
0.035028 0.102483 0.013301 0.130178 -0.990837 0.036002
0.037544 0.101960 0.010180 -0.002595 -0.999172 -0.040607
0.039111 0.102555 0.017661 0.032700 -0.996146 0.081389
0.038607 0.102520 0.017844 -0.006690 -0.994335 0.106079
0.041980 0.101360 0.009331 -0.037965 -0.987808 -0.150974
0.042710 0.101410 0.009763 0.097474 -0.993679 0.055680
0.034101 0.101239 0.009777 -0.531088 -0.847314 -0.002115
0.034970 0.101814 0.011472 0.111255 -0.874036 0.472952
0.030174 0.101731 0.007757 -0.017722 0.897984 -0.439671
0.031489 0.102005 0.011468 0.028548 0.997804 -0.059769
0.037906 0.102576 0.018053 -0.103891 -0.983484 0.148207
0.039916 0.102447 0.016021 -0.122342 -0.984676 0.124281
0.029439 0.102057 0.011696 0.117709 0.992325 -0.037881
0.042510 0.101672 0.008166 0.082336 -0.986369 -0.142465
0.042111 0.101681 0.008519 0.094843 -0.970182 -0.223049
0.042623 0.101596 0.008581 0.030858 -0.969754 -0.242125
0.040171 0.102271 0.015482 -0.152222 -0.980436 0.124795
0.037148 0.101766 0.008361 0.166147 -0.985001 0.046559
0.036970 0.101726 0.008848 0.243022 -0.968549 0.053406
0.030669 0.102045 0.010970 0.035959 0.999353 0.000126
0.036537 0.101540 0.008419 0.274786 -0.959994 0.053888
0.036977 0.102837 0.018668 -0.155981 -0.986638 0.047068
0.033849 0.101365 0.008539 -0.319219 -0.935493 0.151499
0.033384 0.102047 0.011364 -0.060592 -0.985374 0.159270
0.031950 0.102006 0.012369 0.067954 0.993876 -0.087141
0.033563 0.102069 0.011998 0.155677 -0.985241 0.071162
0.032441 0.102007 0.010748 -0.089296 -0.994158 0.060633
0.032508 0.101939 0.012292 -0.021620 -0.999698 0.011653
0.032490 0.101936 0.011935 0.009430 -0.999879 0.012401
0.029184 0.102118 0.009344 -0.134640 -0.990361 0.032527
0.028632 0.101890 0.007786 -0.070791 -0.960481 0.269194
0.028638 0.101983 0.008001 -0.073293 -0.969017 0.235869
0.029523 0.102060 0.009615 0.120576 0.992242 -0.030279
0.031478 0.102075 0.012627 0.036908 0.990650 -0.131340
0.032264 0.102042 0.012758 -0.094582 -0.993031 0.070309
0.032951 0.101989 0.011387 -0.047148 0.997203 -0.057987
0.033217 0.102022 0.011538 -0.079870 0.992956 -0.087514
0.032912 0.101951 0.011833 -0.105806 0.993180 -0.048971
0.033255 0.102004 0.011899 0.136804 -0.988274 0.067813
0.033667 0.102114 0.012335 0.206781 -0.978360 0.007320
0.031140 0.102880 0.017070 -0.007688 -0.992323 0.123437
0.038635 0.100779 0.004573 -0.131536 -0.965232 0.225888
0.037499 0.101795 0.007673 -0.190814 0.966876 -0.169532
0.039380 0.101086 0.005119 -0.300547 -0.936312 0.181637
0.031303 0.102252 0.009308 0.012454 0.993901 -0.109574
0.031177 0.102238 0.009204 -0.019788 0.990073 -0.139152
0.030146 0.102069 0.008470 -0.004768 -0.990420 0.138008
0.030588 0.102056 0.008436 0.035003 -0.969922 0.240887
0.029475 0.102071 0.008373 0.042530 0.995199 -0.088147
0.040074 0.100798 0.004818 -0.306363 -0.943063 0.129515
0.029395 0.101990 0.008130 -0.085024 -0.942705 0.322612
0.030122 0.101973 0.008185 0.016001 0.977313 -0.211194
0.039597 0.100715 0.003937 -0.286916 -0.934004 0.212876
0.029696 0.102026 0.008242 0.052396 0.987581 -0.148115
0.041596 0.101463 0.009936 -0.141231 -0.972652 0.184395
0.029053 0.102216 0.010353 0.130602 0.991375 -0.010902
0.032367 0.102053 0.009679 0.260659 0.956277 -0.132635
0.032550 0.101972 0.009346 0.327290 0.918115 -0.223485
0.032783 0.101986 0.009754 0.322779 0.932923 -0.159588
0.036658 0.077766 0.000700 -0.017523 0.273178 -0.961804
0.036587 0.097125 0.000597 0.233348 -0.845625 0.480070
0.042308 0.101625 0.010839 0.086864 0.977330 -0.193081
0.042096 0.101501 0.010240 -0.056314 -0.972010 0.228092
0.042350 0.101488 0.010243 -0.040615 -0.974707 0.219765
0.042044 0.101747 0.011369 0.059871 0.981062 -0.184206
0.042033 0.101413 0.009949 -0.050830 -0.984416 0.168352
0.041844 0.101331 0.009640 -0.068577 -0.996549 0.046775
0.042688 0.101430 0.009992 0.048487 -0.990314 0.130107
0.040662 0.101940 0.014388 0.242824 0.969373 -0.036779
0.040405 0.101747 0.010822 0.031629 -0.993390 0.110348
0.040068 0.101703 0.010449 -0.028452 -0.999473 0.015630
0.040255 0.101648 0.010488 -0.012929 -0.999485 0.029385
0.040360 0.102140 0.013706 -0.183639 -0.982892 -0.014117
0.038659 0.102463 0.015538 -0.113071 -0.985632 0.125478
0.040962 0.101501 0.007346 0.295585 -0.945229 0.138460
0.040643 0.101403 0.008014 0.137025 -0.988773 -0.059601
0.042107 0.101731 0.008382 0.119669 -0.975993 -0.181978
0.042093 0.101750 0.007607 -0.141385 0.989650 -0.024553
0.031012 0.102791 0.016069 -0.037360 -0.974024 0.223341
0.031708 0.102848 0.016667 -0.065599 -0.991275 0.114329
0.030699 0.102760 0.016007 -0.070283 -0.976739 0.202584
0.031165 0.102861 0.016874 -0.021221 -0.992413 0.121100
0.031411 0.102860 0.016750 -0.024782 -0.992808 0.117120
0.032305 0.102924 0.017526 -0.126095 -0.979608 0.156424
0.032113 0.102876 0.017218 -0.127969 -0.975268 0.180209
0.030523 0.102731 0.015761 0.082355 0.980076 -0.180746
0.032143 0.102794 0.016832 -0.158364 -0.973406 0.165536
0.030976 0.102828 0.016359 -0.003646 -0.990476 0.137635
0.032596 0.102881 0.017714 -0.120542 -0.981159 0.150984
0.031863 0.102944 0.017334 -0.061580 -0.985661 0.157099
0.031450 0.102820 0.016510 -0.029688 -0.993480 0.110075
0.031573 0.102912 0.017155 -0.023696 -0.987347 0.156792
0.030798 0.102901 0.016969 0.006253 0.993552 -0.113204
0.031839 0.102999 0.017568 -0.044253 -0.987150 0.153546
0.033310 0.102935 0.018543 -0.026377 0.989939 -0.139016
0.031874 0.102878 0.017049 -0.101750 -0.980703 0.166939
0.030976 0.102856 0.016620 0.013138 0.992877 -0.118421
0.030710 0.102827 0.016348 0.017424 0.988692 -0.148948
0.032152 0.103021 0.018045 -0.113815 -0.982501 0.147437
0.032402 0.102981 0.018051 -0.121244 -0.980849 0.152430
0.032281 0.102969 0.017773 -0.135313 -0.979124 0.151681
0.031094 0.102896 0.017174 0.001575 -0.992320 0.123685
0.032562 0.103010 0.018298 0.111327 0.980500 -0.161943
0.033048 0.102958 0.018261 0.010664 0.983139 -0.182551
0.032419 0.102832 0.017181 -0.128863 -0.972181 0.195600
0.030657 0.102862 0.016611 0.010636 0.991449 -0.130061
0.032887 0.102915 0.018030 -0.058997 -0.985981 0.156081
0.031695 0.103010 0.017811 -0.008632 -0.991052 0.133200
0.032272 0.103054 0.018288 0.107249 0.982919 -0.149562
0.031967 0.103009 0.017898 -0.082008 -0.985742 0.146928
0.031792 0.102793 0.016523 -0.077228 -0.990207 0.116304
0.031523 0.102804 0.016352 -0.039868 -0.991104 0.126977
0.031632 0.103002 0.017624 -0.005995 -0.990252 0.139158
0.032079 0.102973 0.017566 -0.093773 -0.982765 0.159309
0.031357 0.102881 0.016995 -0.003675 -0.991145 0.132730
0.031200 0.102831 0.016567 -0.023419 -0.993171 0.114289
0.030861 0.102806 0.016161 -0.006369 -0.986366 0.164445
0.031634 0.102873 0.016867 -0.040121 -0.990524 0.131347
0.032593 0.102873 0.017412 -0.056015 -0.986252 0.155464
0.031885 0.102854 0.016872 -0.109063 -0.984297 0.138799
0.032344 0.102871 0.017388 -0.141189 -0.972834 0.183466
0.032656 0.102930 0.018121 -0.090962 -0.980053 0.176695
0.031194 0.102798 0.016281 -0.014769 -0.988621 0.149701
0.032192 0.102799 0.017064 -0.140095 -0.972383 0.186666
0.030574 0.102669 0.015878 -0.061035 -0.982169 0.177819
0.031307 0.102910 0.017257 0.016213 -0.990380 0.137420
0.031160 0.102765 0.015962 -0.043631 -0.962813 0.266621
0.031382 0.102959 0.017475 0.017334 -0.990243 0.138272
0.031876 0.103036 0.018155 0.057012 0.990325 -0.126518
0.031618 0.102945 0.017406 -0.005190 -0.987325 0.158627
0.032127 0.103071 0.018331 0.089074 0.987718 -0.128367
0.030527 0.102786 0.016163 0.028753 0.987051 -0.157808
0.030797 0.102741 0.015885 -0.069745 -0.975967 0.206457
0.033145 0.102955 0.018432 -0.008505 0.986793 -0.161761
0.032817 0.102966 0.018368 0.074569 0.979457 -0.187361
0.032487 0.102902 0.017619 -0.136006 -0.978512 0.154970
0.032083 0.102907 0.017367 -0.098752 -0.980860 0.167817
0.032760 0.102840 0.017816 -0.077159 -0.985242 0.152788
0.032254 0.103006 0.018083 -0.121766 -0.981834 0.145513
0.031733 0.102992 0.017954 -0.014955 -0.991430 0.129782
0.031400 0.102989 0.017717 0.013580 -0.990606 0.136069
0.031121 0.102988 0.017864 -0.020180 0.991796 -0.126229
0.031933 0.103013 0.017724 -0.078380 -0.985763 0.148752
0.031213 0.102950 0.017557 -0.024309 0.990926 -0.132195
0.030955 0.102947 0.017585 -0.019597 0.991596 -0.127880
0.031459 0.103013 0.017933 -0.007406 0.992129 -0.124998
0.031294 0.103071 0.018251 -0.006843 0.992243 -0.124128
0.031889 0.102849 0.016764 -0.120866 -0.984995 0.123193
0.031143 0.102938 0.017424 -0.014620 0.991482 -0.129423
0.031248 0.103043 0.018121 -0.013892 0.992092 -0.124744
0.031619 0.103031 0.018149 0.006450 0.991967 -0.126330
0.030571 0.102690 0.015537 -0.112526 -0.976516 0.183723
0.032800 0.102850 0.017679 -0.045502 -0.990507 0.129716
0.031178 0.102977 0.017709 -0.021126 0.991505 -0.128341
0.030942 0.102876 0.016903 0.010467 0.993617 -0.112322
0.032571 0.102891 0.017904 -0.119502 -0.979500 0.162172
0.032027 0.103057 0.018253 0.087830 0.987631 -0.129890
0.031244 0.102847 0.016757 -0.021676 -0.994131 0.105985
0.030976 0.102919 0.017330 -0.010013 0.992127 -0.124831
0.030876 0.102728 0.015721 -0.103571 -0.970827 0.216258
0.031341 0.102785 0.016136 -0.030232 -0.979909 0.197143
0.033358 0.102973 0.018231 -0.038967 0.989421 -0.139739
0.032832 0.102843 0.017538 -0.019273 -0.991784 0.126463
0.032050 0.102798 0.016590 -0.167008 -0.980481 0.103754
0.032976 0.102870 0.017748 -0.031335 -0.990175 0.136278
0.031363 0.102715 0.016030 -0.053659 -0.959073 0.278029
0.033179 0.102940 0.018091 0.033992 -0.987155 0.156110
0.031788 0.102801 0.016266 -0.078793 -0.986911 0.140706
0.031919 0.102765 0.016226 -0.109395 -0.983398 0.144780
0.030722 0.102655 0.015386 -0.106990 -0.977869 0.179793
0.031260 0.102747 0.015827 -0.064497 -0.948925 0.308839
0.031535 0.102769 0.015995 -0.063414 -0.949447 0.307456
0.031135 0.102663 0.015645 -0.110357 -0.966074 0.233502
0.032713 0.102815 0.017148 -0.029860 -0.980986 0.191768
0.031342 0.102681 0.015741 -0.054444 -0.955297 0.290593
0.030459 0.102669 0.015281 0.100569 0.975634 -0.194999
0.032447 0.102757 0.016942 -0.129318 -0.971377 0.199259
0.030944 0.102632 0.015440 -0.123334 -0.976088 0.178998
0.033559 0.102950 0.018413 -0.010650 0.996944 -0.077393
0.031259 0.102545 0.015465 -0.075530 -0.985000 0.155143
0.031655 0.102683 0.015780 -0.040272 -0.955167 0.293317
0.032732 0.102718 0.016853 -0.080626 -0.968742 0.234604
0.033389 0.102923 0.017966 0.045456 -0.984793 0.167679
0.032315 0.102718 0.016295 -0.163016 -0.984715 0.061330
0.032336 0.102701 0.016562 -0.187247 -0.975674 0.114010
0.033217 0.102856 0.017640 0.016384 -0.991643 0.127971
0.030980 0.102611 0.015141 -0.105881 -0.976006 0.190264
0.032636 0.102630 0.016295 -0.100339 -0.994952 0.001499
0.031720 0.102515 0.015625 -0.002155 -0.978630 0.205616
0.030667 0.102636 0.015115 -0.108368 -0.977110 0.183064
0.033035 0.102787 0.017463 0.004062 -0.994244 0.107064
0.031425 0.102551 0.015638 -0.046500 -0.966250 0.253374
0.041583 0.101697 0.007492 0.236494 -0.970545 0.045966
0.041431 0.101535 0.007070 0.217793 -0.902978 0.370402
0.037976 0.101992 0.007794 -0.042853 -0.995262 0.087278
0.041612 0.101092 0.006182 -0.211999 0.915623 -0.341601
0.040795 0.100929 0.005960 -0.149779 0.959031 -0.240469
0.040812 0.101465 0.007670 0.250660 -0.967721 -0.026171
0.041222 0.101106 0.006398 0.197433 -0.920305 0.337727
0.039317 0.101271 0.005765 -0.332700 -0.943032 -0.000382
0.038002 0.101934 0.007572 -0.063129 -0.974504 0.215307
0.040813 0.101190 0.006817 0.180503 -0.898439 0.400283
0.039159 0.101251 0.005506 0.238076 0.971115 -0.015980
0.033349 0.102858 0.017075 -0.014798 -0.977805 0.208993
0.041219 0.101333 0.006877 0.250572 -0.865696 0.433340
0.040484 0.101182 0.006823 0.106150 -0.931665 0.347465
0.041271 0.100978 0.005962 -0.190364 0.934124 -0.301949
0.040933 0.101005 0.006197 0.159324 -0.942837 0.292702
0.039440 0.101427 0.007440 -0.305480 -0.928610 0.210632
0.039377 0.101242 0.005618 0.373052 0.927631 0.018254
0.040287 0.101132 0.006757 0.075766 -0.935309 0.345625
0.040870 0.101484 0.007498 0.268055 -0.962414 0.043659
0.040381 0.101269 0.007131 0.182231 -0.955359 0.232555
0.040481 0.100945 0.006165 0.096215 -0.950506 0.295433
0.039554 0.101135 0.005780 0.406572 0.913227 0.026775
0.040873 0.101305 0.007053 0.234262 -0.912428 0.335555
0.041890 0.101699 0.007353 -0.154276 0.972382 -0.175135
0.040804 0.101430 0.007895 0.247014 -0.960771 -0.126104
0.039283 0.101370 0.006808 -0.391278 -0.891044 0.230094
0.039958 0.101277 0.007293 -0.126658 -0.969984 0.207580
0.038320 0.101972 0.007890 -0.292827 -0.953856 -0.066419
0.037847 0.101794 0.007286 -0.009845 -0.949639 0.313192
0.039764 0.101550 0.008434 -0.294749 -0.922003 0.251064
0.037958 0.101706 0.007023 0.021780 -0.918166 0.395596
0.040065 0.101043 0.006524 -0.020107 -0.949878 0.311975
0.039341 0.101829 0.009596 -0.022758 -0.999375 0.027035
0.038148 0.101877 0.008276 -0.185115 -0.978387 -0.092143
0.040584 0.101134 0.006710 0.117704 -0.930394 0.347150
0.039179 0.101235 0.006318 -0.296089 -0.947369 0.121749
0.039482 0.101212 0.006586 -0.327495 -0.931016 0.161110
0.039592 0.101488 0.008026 -0.246621 -0.939321 0.238440
0.038323 0.101910 0.007540 -0.264137 -0.922482 0.281529
0.040611 0.101256 0.007028 0.195806 -0.924933 0.325819
0.038946 0.101298 0.005999 -0.216668 -0.973994 0.066256
0.040641 0.101364 0.007316 0.242848 -0.953340 0.179354
0.040791 0.101705 0.010045 -0.119802 -0.982192 0.144732
0.041725 0.101227 0.006468 -0.203287 0.891829 -0.404123
0.041377 0.101504 0.007989 0.290611 -0.946716 -0.138831
0.038781 0.101338 0.005930 0.094627 0.980758 -0.170761
0.040268 0.101307 0.007315 0.103633 -0.978359 0.179092
0.039378 0.101190 0.005924 -0.364904 -0.931018 0.007138
0.039761 0.101674 0.008808 -0.274491 -0.939810 0.203499
0.039550 0.101041 0.006041 -0.415386 -0.906994 0.069395
0.039099 0.101847 0.009578 0.009557 -0.998177 0.059593
0.039355 0.101569 0.008145 -0.239322 -0.937874 0.251231
0.039396 0.101783 0.009190 -0.058214 -0.994456 0.087567
0.039384 0.101750 0.008866 -0.139479 -0.979820 0.143174
0.038048 0.101820 0.007343 -0.052124 -0.948918 0.311187
0.041166 0.101149 0.006545 0.212745 -0.900366 0.379579
0.039044 0.101448 0.006763 -0.330791 -0.910751 0.247205
0.038681 0.101755 0.007467 -0.365980 -0.902957 0.225227
0.039991 0.101284 0.007614 -0.115562 -0.981364 0.153527
0.040977 0.101781 0.011036 -0.071902 -0.984587 0.159434
0.038197 0.101107 0.005600 -0.027360 0.962929 -0.268365
0.037875 0.101615 0.006839 0.005627 -0.920617 0.390427
0.041410 0.101517 0.008328 0.306657 -0.948105 -0.084012
0.041413 0.101153 0.006432 0.209142 -0.905403 0.369467
0.040480 0.101420 0.008823 -0.168854 -0.959387 0.225976
0.039405 0.101288 0.006920 -0.361701 -0.903258 0.230861
0.039838 0.101416 0.008045 -0.227347 -0.955609 0.187417
0.040033 0.100813 0.005748 0.251272 0.967566 -0.026054
0.040813 0.101078 0.006590 0.140707 -0.934308 0.327522
0.039289 0.101433 0.007346 -0.374773 -0.908727 0.183738
0.041111 0.101462 0.009288 -0.083448 -0.994953 0.055725
0.041240 0.101721 0.010960 -0.107717 -0.978847 0.173940
0.041316 0.101861 0.011606 -0.054530 -0.988130 0.143618
0.040787 0.100818 0.005515 -0.135574 0.984476 -0.111475
0.041267 0.101459 0.008875 0.110386 -0.993743 -0.017013
0.039044 0.101778 0.008843 -0.033280 -0.997315 0.065234
0.038324 0.101740 0.007324 -0.189730 -0.923881 0.332335
0.040293 0.101248 0.007596 0.078896 -0.987798 0.134276
0.039663 0.101770 0.009604 -0.136253 -0.990286 0.027716
0.038620 0.101813 0.007886 -0.376139 -0.926287 -0.022610
0.039619 0.101753 0.009015 -0.212437 -0.966127 0.146521
0.040107 0.101342 0.007924 -0.146240 -0.981474 0.123785
0.041216 0.101425 0.008600 0.238041 -0.971252 0.002221
0.040050 0.101659 0.009287 -0.226749 -0.957072 0.180547
0.039068 0.101595 0.007493 -0.366387 -0.914080 0.173835
0.040659 0.100980 0.006272 0.127989 -0.934088 0.333315
0.038614 0.101330 0.006106 -0.079290 -0.965145 0.249414
0.040996 0.100958 0.005960 -0.157768 0.952212 -0.261537
0.039095 0.101660 0.008330 -0.187576 -0.964781 0.184427
0.040612 0.101471 0.009118 -0.132699 -0.960769 0.243546
0.039738 0.101353 0.007544 -0.155673 -0.962348 0.222827
0.040170 0.101380 0.008132 -0.170053 -0.972337 0.160132
0.038140 0.101894 0.008767 -0.152056 -0.988370 0.001840
0.040089 0.101731 0.009864 -0.101071 -0.993146 0.058705
0.038934 0.101355 0.006496 -0.273081 -0.931744 0.239330
0.038912 0.101249 0.006218 -0.226494 -0.965881 0.125599
0.042040 0.101749 0.008066 0.149575 -0.984814 -0.088139
0.040316 0.101555 0.009196 -0.216663 -0.950095 0.224448
0.041569 0.101488 0.008935 0.063988 -0.983191 -0.170998
0.041069 0.101394 0.008165 0.258310 -0.960072 -0.107414
0.041604 0.101940 0.012251 -0.019178 0.992585 -0.120032
0.039923 0.101665 0.009014 -0.275415 -0.941516 0.194151
0.039720 0.101742 0.009233 -0.188562 -0.974404 0.122398
0.038416 0.101595 0.006755 0.174644 0.937046 -0.302399
0.040555 0.101340 0.008146 0.048933 -0.998802 -0.000612
0.039196 0.101389 0.006974 -0.359626 -0.906920 0.219465
0.038941 0.101624 0.007866 -0.335276 -0.939744 0.066865
0.038811 0.101739 0.008484 -0.175058 -0.972894 0.151103
0.040429 0.100772 0.005780 0.057098 -0.979205 0.194672
0.040219 0.100883 0.006217 0.004752 -0.966738 0.255726
0.038571 0.101599 0.007069 -0.214632 -0.928124 0.304171
0.037885 0.101921 0.008953 -0.078560 -0.996768 0.016793
0.040158 0.101165 0.007008 0.067551 -0.960339 0.270528
0.040241 0.101060 0.006578 0.054018 -0.934778 0.351102
0.041132 0.101441 0.007924 0.279124 -0.948982 -0.146705
0.040865 0.101301 0.008457 0.131534 -0.990320 0.044325
0.038889 0.101514 0.006981 -0.288459 -0.925111 0.246905
0.039788 0.100908 0.006051 -0.402677 -0.910681 0.092255
0.039541 0.101790 0.010039 -0.099767 -0.994628 -0.027586
0.041580 0.101857 0.011660 0.051259 0.987358 -0.149989
0.041855 0.101494 0.008981 0.052031 -0.965042 -0.256880
0.039616 0.101083 0.005495 -0.396407 -0.918075 -0.000551
0.040352 0.101614 0.009452 -0.171149 -0.962209 0.211806
0.038053 0.101902 0.008470 -0.157240 -0.986704 -0.041129
0.039762 0.101785 0.009917 -0.104802 -0.994473 -0.006347
0.040025 0.101556 0.008756 -0.298587 -0.926794 0.227812
0.040953 0.101041 0.006381 0.157439 -0.933257 0.322869
0.041057 0.101897 0.012373 0.016839 -0.992935 0.117455
0.038274 0.101867 0.008085 -0.275948 -0.952189 -0.131103
0.038577 0.101426 0.006529 0.219519 0.942236 -0.252989
0.038006 0.101918 0.008294 0.159538 0.982529 0.095839
0.040872 0.101384 0.008723 0.099558 -0.988264 0.115852
0.039465 0.101254 0.006744 -0.328986 -0.917768 0.222420
0.038741 0.101539 0.006734 -0.252560 -0.931887 0.260384
0.037566 0.101290 0.006371 -0.023431 0.922321 -0.385712
0.041271 0.101868 0.011818 -0.030112 -0.992164 0.121257
0.040561 0.101276 0.008463 -0.049518 -0.994639 0.090783
0.040362 0.100944 0.006326 0.091318 -0.936485 0.338610
0.040150 0.100850 0.006091 -0.061034 -0.972345 0.225431
0.039898 0.100894 0.005637 0.339019 0.940185 -0.033451
0.040006 0.101461 0.008479 -0.290446 -0.929292 0.228163
0.040432 0.101703 0.009880 -0.120911 -0.985973 0.115058
0.041317 0.101766 0.011279 -0.082863 -0.982336 0.167780
0.041057 0.101521 0.009585 -0.193033 -0.964154 0.182057
0.039141 0.101562 0.007724 -0.335821 -0.936317 0.102639
0.039456 0.101477 0.007970 -0.268228 -0.946226 0.180861
0.037876 0.101920 0.008225 -0.013773 -0.998627 -0.050551
0.038254 0.101861 0.009280 -0.212362 -0.977162 0.007526
0.039528 0.101634 0.008473 -0.214637 -0.935504 0.280650
0.038986 0.101266 0.005716 -0.171896 -0.981687 0.082113
0.041044 0.101884 0.011646 -0.030449 -0.994121 0.103906
0.038893 0.101727 0.007737 -0.387156 -0.921110 0.040833
0.040750 0.101542 0.009452 -0.166639 -0.960217 0.224088
0.040463 0.101320 0.007892 0.096457 -0.994895 -0.029653
0.038345 0.101424 0.006382 -0.016882 -0.930046 0.367056
0.040785 0.101635 0.009785 -0.150520 -0.971287 0.184240
0.041307 0.101440 0.009450 -0.140755 -0.989830 0.020626
0.040971 0.101843 0.011259 -0.050917 -0.988465 0.142632
0.039755 0.100968 0.006378 -0.324480 -0.933307 0.153787
0.040679 0.101740 0.010687 -0.020641 -0.995965 0.087341
0.040869 0.101213 0.006906 0.197625 -0.890067 0.410761
0.041058 0.101850 0.012008 -0.005177 -0.998065 0.061969
0.038799 0.101771 0.008972 -0.077140 -0.996823 0.019826
0.039742 0.101391 0.007880 -0.221532 -0.956095 0.191848
0.039276 0.101309 0.006586 -0.357304 -0.916953 0.177572
0.040039 0.101711 0.009602 -0.162983 -0.979904 0.114997
0.039215 0.101759 0.008702 -0.113186 -0.975899 0.186573
0.040259 0.101716 0.010287 -0.055452 -0.998053 0.028548
0.037952 0.101195 0.005995 -0.028775 0.930497 -0.365169
0.040883 0.101442 0.009070 -0.037340 -0.987226 0.154892
0.039402 0.101833 0.009846 -0.081058 -0.996515 -0.019693
0.040679 0.101858 0.011337 -0.027582 -0.990364 0.135715
0.038455 0.101828 0.008600 -0.221307 -0.974145 0.045442
0.038196 0.101690 0.007097 -0.119160 -0.926374 0.357257
0.039425 0.101426 0.007562 -0.302412 -0.935908 0.180621
0.035312 0.099418 0.005061 -0.241196 0.853395 -0.462105
0.040716 0.101894 0.011661 -0.028086 -0.996147 0.083079
0.041114 0.101584 0.009916 -0.212992 -0.954233 0.209937
0.040240 0.101429 0.008716 -0.230493 -0.947093 0.223356
0.039154 0.101801 0.009368 0.003215 -0.996738 0.080642
0.039762 0.101754 0.010274 -0.082975 -0.995394 -0.048019
0.040334 0.101787 0.011007 0.029754 -0.990144 0.136859
0.038448 0.101828 0.008911 -0.179646 -0.983531 -0.019851
0.038586 0.101787 0.009516 -0.100814 -0.992141 0.074115
0.038927 0.101852 0.009740 -0.010978 -0.996283 0.085434
0.040685 0.101807 0.011009 -0.013417 -0.988812 0.148563
0.041139 0.101501 0.009556 -0.193253 -0.971187 0.139460
0.038563 0.101609 0.007260 -0.242467 -0.922608 0.300006
0.038892 0.101540 0.007256 -0.313772 -0.925073 0.213979
0.041265 0.101444 0.009079 -0.024612 -0.999677 0.006322
0.040286 0.101340 0.008352 -0.173557 -0.971350 0.162349
0.039166 0.101260 0.005816 -0.307760 -0.951463 0.001388
0.038509 0.101731 0.008301 -0.290019 -0.956432 -0.033558
0.041423 0.101907 0.012059 -0.004978 -0.995396 0.095719
0.038872 0.101783 0.008687 -0.068235 -0.995087 0.071737
0.039567 0.101795 0.010514 -0.080971 -0.995920 -0.039845
0.040172 0.101716 0.010655 0.003119 -0.998036 0.062572
0.039615 0.101357 0.007377 -0.229945 -0.949069 0.215390
0.040337 0.101908 0.012064 -0.055374 -0.994395 0.090063
0.040821 0.101977 0.012691 -0.042355 -0.990504 0.130799
0.037641 0.101665 0.007083 0.063924 -0.927405 0.368557
0.037939 0.101745 0.007168 -0.024004 -0.935892 0.351469
0.038135 0.101891 0.009119 -0.194653 -0.980863 -0.004261
0.039667 0.101862 0.011306 -0.018150 -0.980106 0.197643
0.038854 0.101729 0.009255 -0.028704 -0.997782 0.060059
0.041352 0.101462 0.009739 -0.186603 -0.970024 0.155669
0.040773 0.101899 0.012386 -0.030768 -0.992810 0.115677
0.038274 0.101845 0.008398 -0.275284 -0.958020 -0.080101
0.037923 0.101920 0.008811 -0.084463 -0.996293 0.016309
0.039112 0.101230 0.006029 -0.277354 -0.960765 0.002209
0.040398 0.101816 0.011236 0.003256 -0.987116 0.159970
0.041022 0.101996 0.013039 -0.094399 -0.992822 0.073437
0.041440 0.101971 0.012777 0.004225 0.997109 -0.075865
0.041405 0.101923 0.012406 -0.026915 0.994301 -0.103154
0.038260 0.101528 0.006628 -0.036804 -0.919182 0.392110
0.040097 0.101777 0.011038 0.005374 -0.990362 0.138399
0.041133 0.101355 0.008459 0.234850 -0.971651 -0.027204
0.041095 0.101996 0.012834 0.021813 0.996233 -0.083926
0.040691 0.101885 0.011991 -0.022585 -0.997908 0.060580
0.040912 0.101898 0.011475 -0.036272 -0.989984 0.136443
0.040547 0.101740 0.010152 -0.074093 -0.992963 0.092383
0.038850 0.101598 0.008245 -0.222177 -0.969543 0.103072
0.038751 0.101846 0.009917 -0.040384 -0.997505 0.057902
0.039826 0.101760 0.010576 -0.027800 -0.999494 0.015461
0.038439 0.101864 0.010043 -0.106056 -0.993768 -0.034302
0.040494 0.101712 0.010494 -0.009269 -0.997587 0.068811
0.040149 0.101822 0.011156 0.022605 -0.986905 0.159711
0.040269 0.101902 0.011811 -0.043370 -0.996608 0.069934
0.041233 0.101343 0.008014 0.290730 -0.945671 -0.145544
0.037693 0.101898 0.008439 -0.018789 0.999823 0.000942
0.039373 0.101772 0.010417 -0.075438 -0.994719 -0.069594
0.041134 0.101941 0.012549 -0.000389 -0.994443 0.105278
0.038870 0.101791 0.009517 -0.001797 -0.996069 0.088568
0.038334 0.101845 0.009629 -0.191267 -0.979065 0.069629
0.038225 0.102033 0.007820 -0.168946 -0.985102 0.032109
0.041022 0.101984 0.013858 0.210291 0.975747 0.060782
0.038621 0.101843 0.010299 -0.064284 -0.995257 -0.073010
0.039089 0.101824 0.009978 -0.058391 -0.998149 -0.017028
0.040379 0.101851 0.011541 0.003039 -0.992173 0.124837
0.038286 0.101871 0.010289 -0.101365 -0.991717 -0.078886
0.038529 0.101762 0.009182 -0.129912 -0.991398 0.015874
0.039141 0.101530 0.008021 -0.269012 -0.950922 0.152903
0.031142 0.102218 0.009004 -0.003690 0.986221 -0.165393
0.038952 0.101249 0.006329 -0.221801 -0.960927 0.165599
0.039444 0.101259 0.007110 -0.311379 -0.925965 0.213618
0.038860 0.101268 0.006099 0.225608 0.969769 -0.093001
0.040037 0.101853 0.011377 -0.010348 -0.983241 0.182016
0.038560 0.101684 0.008096 -0.358035 -0.929389 -0.089706
0.036777 0.102083 0.011525 -0.069853 -0.994163 0.082227
0.038761 0.101830 0.010543 -0.040653 -0.996293 -0.075808
0.040458 0.101919 0.012443 -0.065410 -0.988239 0.138225
0.039469 0.101764 0.009418 -0.098633 -0.992232 0.075804
0.039580 0.101073 0.005917 -0.410485 -0.911662 0.019344
0.039482 0.101770 0.011149 0.000851 -0.990408 0.138169
0.029126 0.102127 0.009059 -0.113533 -0.993223 0.024881
0.039998 0.101919 0.011950 -0.072525 -0.994427 0.076520
0.036180 0.102356 0.012960 -0.165544 -0.976476 0.138167
0.039837 0.101716 0.010753 -0.026016 -0.997443 0.066564
0.040285 0.102086 0.013092 -0.093350 -0.985749 0.139947
0.030399 0.102091 0.008593 0.036315 -0.990031 0.136088
0.039514 0.101749 0.010745 -0.056464 -0.997876 0.032492
0.029786 0.102065 0.008433 -0.047412 -0.990946 0.125608
0.039056 0.101820 0.010568 -0.052553 -0.997468 -0.047904
0.040716 0.101990 0.012918 -0.101124 -0.987013 0.124820
0.031057 0.102131 0.008712 0.014864 -0.976655 0.214301
0.030703 0.102109 0.008721 -0.052216 0.982551 -0.178514
0.036754 0.102062 0.011151 -0.019682 -0.980827 0.193886
0.037531 0.101940 0.010910 -0.093979 -0.995359 0.020712
0.039705 0.101201 0.007185 -0.169668 -0.958985 0.227068
0.039926 0.101752 0.010669 -0.017347 -0.997619 0.066742
0.029164 0.102097 0.008418 -0.037733 -0.992109 0.119570
0.039979 0.101895 0.011666 -0.049806 -0.991704 0.118505
0.038815 0.101802 0.010746 -0.028952 -0.998436 -0.047830
0.028915 0.102126 0.008499 -0.032732 -0.992039 0.121600
0.040516 0.100873 0.005989 0.063763 -0.975849 0.208935
0.039145 0.101378 0.007155 -0.382182 -0.902179 0.200024
0.041253 0.101083 0.006305 -0.194853 0.923497 -0.330433
0.040592 0.101971 0.014053 -0.249840 -0.967828 -0.029799
0.040587 0.101953 0.012599 -0.047308 -0.987636 0.149457
0.040416 0.102128 0.013496 -0.194564 -0.980066 0.040201
0.039663 0.101911 0.011523 -0.024184 -0.977673 0.208735
0.039854 0.101774 0.011123 -0.017040 -0.989591 0.142899
0.040044 0.101901 0.012203 -0.062138 -0.991801 0.111669
0.037729 0.101892 0.010581 -0.115938 -0.992526 -0.038093
0.039823 0.100939 0.005895 -0.373874 -0.924596 0.073077
0.038598 0.101835 0.009729 -0.103812 -0.991310 0.080790
0.039566 0.102359 0.015250 -0.099520 -0.990564 0.094223
0.039663 0.101942 0.011811 -0.069289 -0.991089 0.113759
0.040460 0.101987 0.012699 -0.072295 -0.978851 0.191374
0.036978 0.101957 0.010855 0.015759 -0.976433 0.215246
0.030034 0.102063 0.009012 0.010499 -0.999815 0.016090
0.039036 0.101789 0.010288 -0.057005 -0.996615 -0.059231
0.039725 0.102341 0.015278 -0.120424 -0.988329 0.093300
0.040133 0.101967 0.012535 -0.079081 -0.982388 0.169293
0.029843 0.102065 0.008991 -0.026337 -0.999642 -0.004647
0.030759 0.102147 0.009046 -0.081349 0.992899 -0.086798
0.039181 0.101770 0.010812 -0.025610 -0.999263 0.028603
0.040371 0.102217 0.015111 0.220889 0.962504 -0.157461
0.040423 0.102085 0.013244 -0.157250 -0.983818 0.085871
0.039876 0.102296 0.014799 -0.159585 -0.980669 0.113226
0.038437 0.101820 0.010518 -0.069663 -0.993820 -0.086427
0.037717 0.101953 0.011155 -0.123524 -0.991298 0.045496
0.039322 0.101878 0.011396 0.004133 -0.979924 0.199330
0.040651 0.102004 0.013203 -0.162167 -0.983127 0.084637
0.030083 0.102082 0.008735 0.013040 -0.999424 0.031321
0.035530 0.102409 0.012645 -0.073930 -0.944549 0.319940
0.040189 0.101236 0.007180 0.050119 -0.976960 0.207456
0.039890 0.102231 0.013873 -0.141039 -0.989914 0.013379
0.039946 0.101156 0.007137 -0.064324 -0.970469 0.232490
0.040193 0.102043 0.012807 -0.076006 -0.975097 0.208350
0.036567 0.102069 0.011684 -0.018084 -0.997778 0.064125
0.034206 0.102215 0.012271 0.056962 -0.984458 0.166124
0.041081 0.101941 0.013184 0.106856 0.992970 -0.050910
0.040187 0.102140 0.014204 -0.243284 -0.969593 0.026486
0.028688 0.102204 0.009462 0.141840 0.988577 -0.050961
0.038839 0.101748 0.011085 -0.008061 -0.997108 0.075571
0.040978 0.101979 0.013668 0.182853 0.981511 0.056578
0.039826 0.102049 0.012752 -0.052893 -0.977840 0.202560
0.040742 0.100967 0.006105 0.152391 -0.950774 0.269826
0.029483 0.102087 0.008681 -0.059928 -0.997259 0.043389
0.038474 0.101776 0.010752 -0.069874 -0.996417 -0.047644
0.039364 0.101942 0.011678 -0.005899 -0.982436 0.186504
0.038284 0.102009 0.007707 -0.226614 -0.964611 0.134803
0.039741 0.102342 0.015040 -0.121649 -0.985608 0.117381
0.038533 0.101745 0.011133 -0.066065 -0.993700 0.090525
0.037590 0.101970 0.011658 -0.111423 -0.990721 0.077823
0.040098 0.102148 0.013666 -0.162668 -0.986141 0.032626
0.041502 0.101704 0.010849 -0.100881 -0.981148 0.164838
0.037383 0.101982 0.011127 -0.110026 -0.992419 0.054760
0.039144 0.101738 0.011068 0.007740 -0.996217 0.086561
0.037454 0.102037 0.011969 -0.102895 -0.988345 0.112193
0.034464 0.102303 0.012619 0.100711 -0.978153 0.181861
0.040324 0.102120 0.013928 -0.219677 -0.973852 -0.057918
0.038183 0.101885 0.009811 -0.176060 -0.983905 0.030561
0.028814 0.102152 0.008861 0.061230 0.994508 -0.084880
0.041657 0.101904 0.011895 0.027788 0.990046 -0.137975
0.039685 0.101936 0.012091 -0.072503 -0.993010 0.093136
0.040071 0.102153 0.013430 -0.095257 -0.989174 0.111631
0.038773 0.101806 0.010096 -0.043017 -0.998015 -0.045986
0.039171 0.102199 0.013721 0.037740 -0.986148 0.161515
0.034182 0.102255 0.012587 0.170243 -0.982230 0.079003
0.030386 0.102093 0.008867 -0.065305 0.996014 -0.060753
0.039322 0.101979 0.012105 -0.031660 -0.994576 0.099080
0.040977 0.101925 0.013407 0.142672 0.989767 0.002504
0.039796 0.102220 0.014269 -0.208319 -0.975329 0.073045
0.041568 0.101422 0.009204 -0.086205 -0.986441 -0.139650
0.034233 0.102424 0.014012 0.049742 -0.983391 0.174549
0.038171 0.101764 0.010778 -0.126838 -0.991909 0.005436
0.037832 0.102022 0.012375 -0.100962 -0.986208 0.131154
0.028658 0.102141 0.008556 -0.030211 -0.993132 0.113028
0.041551 0.101707 0.011060 -0.094054 -0.978358 0.184310
0.039153 0.101970 0.011886 0.020706 -0.987636 0.155393
0.038901 0.101850 0.011424 0.021589 -0.978851 0.203434
0.028621 0.102183 0.009216 0.113779 0.991947 -0.055638
0.039730 0.101493 0.008283 -0.251674 -0.926858 0.278558
0.036880 0.102049 0.011652 -0.122701 -0.989266 0.079350
0.039947 0.102124 0.013096 -0.047028 -0.987576 0.149939
0.039649 0.101127 0.006663 -0.286339 -0.922581 0.258561
0.041937 0.101594 0.010538 0.093333 0.970339 -0.223005
0.041512 0.101938 0.012542 -0.026048 0.995043 -0.095977
0.037034 0.102021 0.011080 -0.093507 -0.989681 0.108570
0.040598 0.101343 0.007642 0.178117 -0.983845 0.017968
0.039787 0.101966 0.012483 -0.073921 -0.985504 0.152700
0.038978 0.102243 0.014079 0.030457 -0.983233 0.179794
0.039256 0.102367 0.015183 -0.082165 -0.993329 0.080910
0.039499 0.102106 0.013016 0.001087 -0.990612 0.136697
0.041811 0.101537 0.010260 -0.112438 -0.963813 0.241707
0.038668 0.101911 0.011675 0.033371 -0.982012 0.185847
0.038002 0.101886 0.010278 -0.127476 -0.987822 -0.089206
0.034861 0.102367 0.012658 0.110133 -0.957589 0.266258
0.039535 0.101694 0.008672 -0.223835 -0.945822 0.235198
0.041749 0.101678 0.010847 -0.091967 -0.979411 0.179712
0.038516 0.101852 0.011460 -0.062350 -0.987809 0.142642
0.037574 0.102196 0.013461 -0.067735 -0.991155 0.114122
0.034724 0.102075 0.011973 -0.064720 -0.927701 0.367671
0.040507 0.101918 0.011855 -0.029307 -0.997965 0.056633
0.038920 0.101981 0.012133 0.038220 -0.992945 0.112245
0.039705 0.100908 0.006212 -0.352122 -0.919143 0.176600
0.035281 0.102475 0.013309 0.011798 -0.999810 0.015533
0.038811 0.102343 0.014669 -0.055047 -0.989787 0.131500
0.037931 0.102523 0.015157 -0.058072 -0.987624 0.145692
0.037812 0.101986 0.012008 -0.102343 -0.987961 0.116010
0.038125 0.102317 0.014237 -0.044817 -0.981762 0.184757
0.038721 0.102121 0.013594 0.004763 -0.991926 0.126730
0.039682 0.102106 0.013118 -0.007072 -0.991249 0.131819
0.039893 0.102309 0.015565 -0.129798 -0.984625 0.116906
0.037178 0.101915 0.010693 0.026449 -0.984798 0.171679
0.037341 0.101965 0.011699 -0.121018 -0.989462 0.079492
0.034808 0.102434 0.014162 0.032122 -0.998502 0.044299
0.039732 0.102142 0.013676 -0.049321 -0.992049 0.115788
0.037846 0.102514 0.014979 -0.078375 -0.982301 0.170125
0.036000 0.102390 0.013103 -0.133635 -0.986523 0.094416
0.040480 0.100780 0.005851 0.069333 -0.979384 0.189737
0.037874 0.101876 0.010859 -0.152656 -0.987918 0.026708
0.039424 0.102181 0.013609 0.018002 -0.990334 0.137527
0.029461 0.102091 0.009001 -0.071489 -0.997327 -0.015128
0.039693 0.102132 0.013319 -0.007687 -0.990335 0.138484
0.037006 0.102088 0.012222 -0.097776 -0.992156 0.077889
0.037625 0.102110 0.012854 -0.085060 -0.982323 0.166752
0.038582 0.101943 0.011969 0.007786 -0.989410 0.144942
0.037250 0.102185 0.013008 -0.084016 -0.986618 0.139739
0.039202 0.102018 0.012490 0.002684 -0.990984 0.133956
0.041796 0.101768 0.011424 -0.070390 -0.981066 0.180429
0.037122 0.102067 0.011971 -0.127949 -0.987596 0.091013
0.039438 0.102039 0.012686 -0.023110 -0.984264 0.175187
0.039649 0.102240 0.014553 -0.092940 -0.991541 0.090596
0.037848 0.102337 0.014224 -0.061988 -0.977114 0.203484
0.035660 0.102364 0.013089 -0.103509 -0.990242 0.093310
0.038435 0.102306 0.014337 -0.042617 -0.978805 0.200311
0.038291 0.101835 0.011274 -0.101555 -0.988436 0.112611
0.037526 0.102066 0.012522 -0.097200 -0.987839 0.121354
0.038178 0.101952 0.012246 -0.035835 -0.991521 0.124906
0.039196 0.102077 0.012945 0.018988 -0.990339 0.137361
0.038897 0.102396 0.015224 0.089338 0.988260 -0.123935
0.030314 0.102078 0.009047 -0.062080 0.997267 -0.040046
0.039396 0.101757 0.009010 -0.136349 -0.983039 0.122650
0.040058 0.100880 0.006314 -0.102341 -0.958365 0.266578
0.029072 0.102126 0.008842 -0.083985 -0.995118 0.051839
0.037811 0.101938 0.009260 -0.087053 -0.995244 0.043714
0.038327 0.102375 0.014761 -0.098658 -0.978359 0.181877
0.039340 0.101804 0.010611 -0.063326 -0.997514 -0.030901
0.037680 0.102531 0.015084 -0.022515 -0.992111 0.123327
0.040183 0.102252 0.015280 0.205685 0.968242 -0.142131
0.041947 0.101701 0.011137 0.081137 0.977345 -0.195482
0.039011 0.101908 0.011636 0.047781 -0.978448 0.200888
0.038801 0.101595 0.008036 -0.353909 -0.935277 -0.002450
0.039493 0.101989 0.012391 -0.044993 -0.990746 0.128053
0.028923 0.102154 0.009192 0.128404 0.991044 -0.036661
0.037954 0.102021 0.012731 -0.060101 -0.986140 0.154650
0.035463 0.102468 0.013752 -0.052607 -0.998403 0.020589
0.038049 0.101912 0.009527 -0.182142 -0.982134 0.047307
0.039322 0.102307 0.014207 -0.022755 -0.992361 0.121255
0.028922 0.102182 0.009587 -0.143986 -0.988253 0.051220
0.041575 0.101647 0.010569 -0.108865 -0.979331 0.170467
0.040010 0.102173 0.014502 -0.246333 -0.963483 0.104974
0.039056 0.102306 0.014312 -0.030719 -0.989504 0.141204
0.040749 0.101981 0.013979 0.258898 0.964308 0.055511
0.037588 0.101917 0.011463 -0.124789 -0.990711 0.054027
0.039385 0.102159 0.013386 0.027400 -0.993451 0.110929
0.038320 0.101892 0.011697 -0.059992 -0.988396 0.139551
0.039545 0.102247 0.013866 -0.023232 -0.994157 0.105415
0.038827 0.102170 0.013904 0.027933 -0.981428 0.189788
0.035164 0.102491 0.013532 0.045761 -0.998216 0.038343
0.037219 0.102252 0.013394 -0.076749 -0.992827 0.091670
0.037885 0.102135 0.013109 -0.078889 -0.983775 0.161134
0.038878 0.102006 0.012494 0.037251 -0.991092 0.127867
0.040050 0.100811 0.005836 -0.168540 -0.977131 0.129647
0.040337 0.101173 0.006906 0.102743 -0.935388 0.338369
0.040518 0.101025 0.006546 0.094777 -0.938693 0.331472
0.041227 0.101111 0.006424 0.210605 -0.909721 0.357844
0.037544 0.101907 0.010713 -0.070868 -0.996588 0.042308
0.034507 0.102300 0.012917 0.238046 -0.967879 0.080898
0.036577 0.102133 0.012481 -0.144127 -0.976306 0.161413
0.038637 0.102272 0.014127 -0.023167 -0.978540 0.204751
0.041881 0.101405 0.009183 -0.008575 -0.981253 -0.192531
0.039826 0.101710 0.009411 -0.182363 -0.977894 0.102307
0.037267 0.101958 0.011410 -0.127952 -0.989275 0.070447
0.038204 0.101909 0.011963 -0.073214 -0.991318 0.109217
0.036837 0.102064 0.011379 -0.127687 -0.988615 0.079606
0.038408 0.102138 0.013237 -0.036121 -0.990748 0.130818
0.038884 0.102076 0.012967 0.016382 -0.990917 0.133472
0.039648 0.102345 0.015493 0.114800 0.985927 -0.121525
0.038567 0.101965 0.012266 0.033165 -0.990987 0.129786
0.038449 0.101834 0.010251 -0.069216 -0.994758 -0.075264
0.041280 0.101670 0.010496 -0.137393 -0.978916 0.151153
0.038017 0.101910 0.011221 -0.131029 -0.989099 0.067194
0.038402 0.101841 0.009857 -0.174194 -0.983195 0.054617
0.039162 0.101849 0.009744 -0.019413 -0.999612 0.019975
0.029725 0.102084 0.008713 -0.027964 -0.999294 0.025080
0.040366 0.101301 0.007465 0.160231 -0.976711 0.142696
0.038657 0.101280 0.006326 -0.147929 -0.951375 0.270189
0.037870 0.102184 0.013482 -0.054120 -0.989118 0.136809
0.039558 0.102432 0.015891 -0.100306 -0.986278 0.131128
0.034425 0.102184 0.012224 -0.018525 -0.964903 0.261953
0.037611 0.102479 0.014835 -0.061379 -0.982323 0.176843
0.037878 0.101945 0.011635 -0.106229 -0.988570 0.106977
0.035045 0.102465 0.014129 0.041186 -0.999050 0.014263
0.034883 0.102413 0.012831 0.153617 -0.975284 0.158814
0.039107 0.101761 0.009078 -0.000757 -0.997950 0.063996
0.037751 0.102251 0.013836 -0.039019 -0.984653 0.170106
0.037595 0.102046 0.012232 -0.097608 -0.985990 0.135266
0.036473 0.102108 0.011968 -0.015932 -0.996053 0.087314
0.039333 0.102306 0.014483 -0.064344 -0.990294 0.123201
0.039949 0.100788 0.006173 -0.195907 -0.957018 0.213861
0.037907 0.102553 0.015592 -0.055300 -0.996124 0.068396
0.041396 0.101598 0.010234 -0.174797 -0.961201 0.213400
0.040037 0.102283 0.015055 -0.183312 -0.970048 0.159385
0.038920 0.102115 0.013255 0.044111 -0.993694 0.103081
0.036929 0.102191 0.012962 -0.114170 -0.980801 0.158096
0.034442 0.102427 0.013969 0.068471 -0.989518 0.127146
0.039514 0.101104 0.006413 -0.360885 -0.921138 0.145831
0.039054 0.102318 0.014651 -0.072496 -0.988613 0.131863
0.038267 0.102486 0.015203 -0.100321 -0.982128 0.159250
0.036725 0.102129 0.012305 -0.108706 -0.988676 0.103455
0.036033 0.102352 0.012813 -0.152297 -0.971969 0.179112
0.038466 0.102052 0.012828 -0.007169 -0.987929 0.154742
0.039563 0.101507 0.008178 -0.239459 -0.933324 0.267519
0.038260 0.101874 0.008615 -0.229836 -0.973226 -0.002630
0.034662 0.102427 0.013577 0.140234 -0.987553 0.071233
0.038034 0.102189 0.013632 -0.071261 -0.984760 0.158647
0.035818 0.102442 0.014113 -0.125748 -0.982762 0.135521
0.038859 0.101947 0.011912 0.060254 -0.984602 0.164099
0.039201 0.102225 0.013935 0.005546 -0.988732 0.149596
0.036348 0.102328 0.013088 -0.166805 -0.979039 0.116870
0.035311 0.102686 0.015484 -0.013461 -0.996668 0.080447
0.035662 0.101989 0.011497 0.201497 -0.954820 0.218445
0.039318 0.101639 0.008340 -0.196793 -0.943338 0.267181
0.039889 0.101073 0.006862 -0.105342 -0.944467 0.311263
0.036849 0.102212 0.013796 0.000547 -0.990653 0.136406
0.037181 0.102074 0.012641 -0.082430 -0.988367 0.127813
0.038391 0.101581 0.007156 -0.155273 -0.926136 0.343748
0.036312 0.102078 0.011715 0.043014 -0.995293 0.086840
0.035753 0.102269 0.012468 -0.065474 -0.933764 0.351849
0.035470 0.102044 0.012063 0.062524 -0.940855 0.332990
0.035344 0.102414 0.012869 -0.013987 -0.982993 0.183110
0.038479 0.101991 0.012549 0.003122 -0.987763 0.155932
0.042034 0.101646 0.010870 0.091434 0.977462 -0.190285
0.039058 0.101195 0.005834 -0.280109 -0.959947 0.006297
0.035428 0.102259 0.012489 -0.035163 -0.919950 0.390456
0.036607 0.102194 0.012902 -0.170707 -0.970158 0.172200
0.038057 0.101828 0.010546 -0.138419 -0.988556 -0.059974
0.040767 0.101213 0.006957 0.171831 -0.915451 0.363901
0.035297 0.102485 0.014225 0.042538 -0.998568 0.032434
0.038693 0.101794 0.008817 -0.101230 -0.993426 0.053447
0.036421 0.102334 0.013238 -0.157872 -0.986966 -0.031213
0.038593 0.102438 0.015243 -0.103530 -0.984325 0.142780
0.038577 0.102394 0.014917 -0.097993 -0.981058 0.167102
0.038185 0.102103 0.012992 -0.044334 -0.985318 0.164870
0.035571 0.102479 0.014130 -0.005395 -0.998081 0.061682
0.041110 0.101899 0.013280 0.116246 0.992071 -0.047764
0.039917 0.102399 0.015875 -0.122342 -0.984676 0.124281
0.038177 0.102527 0.015539 -0.096174 -0.992031 0.081395
0.038108 0.102262 0.014048 -0.058664 -0.983284 0.172372
0.036924 0.102293 0.013412 -0.093219 -0.995617 0.007557
0.035025 0.102440 0.013102 0.135528 -0.988216 0.071142
0.034891 0.102034 0.011908 -0.058432 -0.927121 0.370178
0.035141 0.102055 0.012088 -0.018807 -0.929377 0.368651
0.036843 0.102074 0.011913 -0.081129 -0.995199 0.054750
0.039502 0.102357 0.015046 -0.107607 -0.987509 0.115093
0.038868 0.102358 0.014874 -0.065027 -0.988873 0.133795
0.036854 0.102406 0.014289 -0.043408 -0.950372 0.308074
0.038435 0.102153 0.013499 -0.065523 -0.990394 0.121765
0.035492 0.102469 0.013505 -0.038612 -0.999127 0.015938
0.036055 0.102274 0.012547 -0.096547 -0.960533 0.260873
0.035878 0.102132 0.012251 0.011089 -0.945970 0.324065
0.038091 0.102168 0.013309 -0.069409 -0.986956 0.145257
0.036312 0.102247 0.012793 -0.162154 -0.967011 0.196460
0.039571 0.102269 0.014268 -0.063643 -0.991503 0.113452
0.038067 0.102371 0.014697 -0.090177 -0.975881 0.198808
0.036323 0.102177 0.012503 -0.136938 -0.969990 0.200915
0.037520 0.102253 0.013903 -0.022418 -0.982779 0.183422
0.035690 0.102381 0.012845 -0.110578 -0.973932 0.198064
0.036290 0.102360 0.013329 -0.165952 -0.983883 -0.066588
0.036869 0.102455 0.015248 -0.028061 -0.996993 0.072229
0.035000 0.102459 0.014296 0.029659 -0.996535 0.077706
0.038394 0.101801 0.009397 -0.190532 -0.980294 0.052158
0.037241 0.102504 0.014795 -0.028412 -0.988959 0.145443
0.034706 0.102447 0.013781 0.105263 -0.991230 0.079891
0.038487 0.102175 0.013811 -0.056140 -0.984653 0.165250
0.039427 0.101388 0.007816 -0.282595 -0.949911 0.133450
0.037272 0.102048 0.012390 -0.077412 -0.991930 0.100408
0.037561 0.102145 0.013086 -0.078663 -0.986456 0.143934
0.035109 0.102242 0.012481 -0.001991 -0.914128 0.405420
0.040190 0.100797 0.005632 -0.092815 -0.991013 0.096324
0.034790 0.102089 0.012101 -0.070117 -0.932888 0.353277
0.036761 0.102579 0.015712 0.015050 -0.993188 0.115546
0.036930 0.102493 0.014915 -0.025322 -0.997335 0.068422
0.038690 0.101705 0.009363 -0.058523 -0.995937 0.068440
0.039915 0.101029 0.006538 -0.109286 -0.956942 0.268922
0.036129 0.102089 0.012080 0.016077 -0.986601 0.162357
0.036839 0.102109 0.012666 -0.131877 -0.980394 0.146409
0.038467 0.101375 0.006243 0.077084 0.948271 -0.307962
0.038146 0.102481 0.015032 -0.098645 -0.979708 0.174474
0.037155 0.102322 0.014218 -0.035993 -0.963893 0.263847
0.039595 0.101135 0.006893 -0.255693 -0.938337 0.232689
0.038920 0.102140 0.013743 0.036430 -0.987086 0.155991
0.040724 0.102040 0.013546 -0.187543 -0.981254 -0.044368
0.037439 0.102508 0.015347 0.033221 -0.995494 0.088817
0.037342 0.102514 0.015077 0.016419 -0.996709 0.079387
0.036589 0.102198 0.013840 -0.088805 -0.990401 0.105927
0.038778 0.102305 0.014436 -0.044873 -0.982695 0.179715
0.034326 0.102705 0.015929 -0.036434 -0.999002 0.025838
0.037624 0.102370 0.014441 -0.071249 -0.970600 0.229910
0.034799 0.102397 0.013406 0.149765 -0.988179 0.032755
0.039349 0.102285 0.014770 -0.087994 -0.988971 0.119139
0.036447 0.102153 0.012301 -0.085463 -0.975606 0.202210
0.036435 0.102966 0.018541 -0.012253 -0.999540 0.027740
0.039164 0.102343 0.014996 -0.071127 -0.991641 0.107650
0.036573 0.102283 0.013189 -0.150716 -0.987685 0.041989
0.034545 0.102081 0.011933 -0.119537 -0.933181 0.338945
0.034782 0.102642 0.015373 0.024374 -0.991196 0.130139
0.041580 0.101371 0.009600 -0.119692 -0.991700 0.046962
0.036932 0.102268 0.013210 -0.118005 -0.987367 0.105745
0.037982 0.102343 0.014390 -0.073116 -0.973680 0.215872
0.038566 0.102337 0.014664 -0.063074 -0.986286 0.152516
0.036579 0.102395 0.014209 -0.035681 -0.944807 0.325680
0.037269 0.102040 0.012133 -0.102469 -0.988602 0.110302
0.035953 0.102100 0.011495 0.137618 -0.978951 0.150719
0.034540 0.102268 0.013276 0.236280 -0.967678 0.088151
0.036401 0.102041 0.011120 0.048436 -0.969362 0.240814
0.037373 0.102228 0.013653 -0.039652 -0.993951 0.102418
0.036027 0.102568 0.015055 -0.054141 -0.994009 0.094945
0.036712 0.102701 0.017513 -0.117886 -0.963153 0.241740
0.034079 0.102007 0.011523 -0.219091 -0.910620 0.350387
0.041703 0.101344 0.009484 -0.078171 -0.994822 -0.064946
0.037740 0.102208 0.013638 -0.035295 -0.990116 0.135735
0.037702 0.102527 0.015501 -0.018800 -0.995841 0.089145
0.033434 0.102763 0.016098 0.011549 -0.988951 -0.147792
0.037649 0.102298 0.014101 -0.043404 -0.979116 0.198614
0.037290 0.102401 0.014457 -0.063516 -0.972953 0.222099
0.039074 0.102301 0.014445 -0.050186 -0.988176 0.144876
0.035671 0.102412 0.013294 -0.096482 -0.994875 0.030254
0.032176 0.102616 0.015120 0.004714 -0.970697 0.240260
0.035018 0.102455 0.013686 0.092332 -0.994801 0.042966
0.037083 0.102235 0.013535 -0.072525 -0.995138 0.066631
0.036073 0.102669 0.016374 -0.019963 -0.999403 -0.028195
0.035978 0.101609 0.010623 0.261518 -0.791005 0.553100
0.036581 0.102041 0.011821 -0.038087 -0.997271 0.063251
0.037910 0.102250 0.013971 -0.034173 -0.984819 0.170186
0.035980 0.102395 0.013342 -0.162946 -0.986468 -0.018153
0.040537 0.101625 0.009638 -0.151861 -0.968089 0.199352
0.038672 0.101575 0.008133 -0.318424 -0.947861 -0.012899
0.036997 0.102451 0.014486 -0.077901 -0.968166 0.237877
0.034229 0.102171 0.012075 -0.037046 -0.978259 0.204051
0.037874 0.101965 0.011399 -0.122814 -0.989091 0.081342
0.035191 0.102403 0.013818 0.017930 -0.999817 0.006726
0.037175 0.102232 0.013916 -0.030761 -0.983885 0.176138
0.036455 0.101969 0.010905 0.104311 -0.929988 0.352480
0.036191 0.102106 0.011505 0.081665 -0.991968 0.096591
0.036665 0.102536 0.015488 -0.033664 -0.997017 0.069455
0.041772 0.101360 0.009762 -0.094724 -0.986548 0.133234
0.037024 0.102546 0.015675 0.024572 -0.993347 0.112507
0.039093 0.102305 0.014795 -0.054631 -0.992104 0.112893
0.035646 0.102626 0.015172 -0.071336 -0.988383 0.134201
0.035339 0.102659 0.015641 -0.005487 -0.999083 0.042469
0.035725 0.102440 0.013906 -0.129799 -0.989180 0.068377
0.036466 0.102619 0.016682 -0.043734 -0.998793 -0.022347
0.036477 0.102636 0.017327 -0.036089 -0.971969 0.232323
0.040600 0.101437 0.008954 -0.060284 -0.964346 0.257688
0.032474 0.102620 0.015204 0.034054 -0.965683 0.257482
0.036650 0.102492 0.014520 -0.034560 -0.976139 0.214381
0.037593 0.102565 0.015749 -0.032502 -0.997710 0.059321
0.036583 0.102627 0.016107 -0.017759 -0.999384 0.030260
0.034338 0.102364 0.013701 0.143099 -0.974119 0.174969
0.040640 0.102074 0.013764 -0.248586 -0.967440 -0.047581
0.036549 0.102078 0.011502 -0.011276 -0.996401 0.084006
0.036754 0.102248 0.013579 -0.062670 -0.997549 -0.031116
0.035228 0.102474 0.012744 0.016199 -0.963162 0.268434
0.034706 0.102332 0.013072 0.221625 -0.973594 0.054745
0.036339 0.102648 0.016564 -0.019576 -0.998349 -0.053992
0.037982 0.102526 0.015364 -0.062450 -0.992245 0.107472
0.035576 0.102647 0.015784 -0.081034 -0.996709 0.002035
0.035926 0.101774 0.010839 0.237066 -0.835143 0.496322
0.034778 0.101847 0.011547 -0.021361 -0.860760 0.508563
0.036536 0.101829 0.010662 0.186314 -0.908460 0.374149
0.037740 0.102047 0.012623 -0.074534 -0.986996 0.142417
0.035837 0.102362 0.012655 -0.109368 -0.956394 0.270831
0.035302 0.102425 0.014000 0.017284 -0.999819 0.007911
0.037430 0.101919 0.010462 0.017619 -0.999484 0.026874
0.036086 0.102343 0.013680 -0.211290 -0.977397 -0.007252
0.035403 0.101796 0.011225 0.258814 -0.867508 0.424788
0.037162 0.102485 0.015306 0.018824 -0.996369 0.083038
0.040528 0.101348 0.008640 -0.090615 -0.983916 0.153944
0.036010 0.102428 0.014225 -0.114352 -0.971615 0.207093
0.035733 0.102425 0.013671 -0.128897 -0.991399 0.022654
0.040992 0.101318 0.008522 0.183032 -0.982498 0.034602
0.035983 0.102622 0.015384 -0.103834 -0.992758 0.060414
0.035821 0.102004 0.011949 0.107572 -0.974614 0.196354
0.038792 0.102275 0.014195 -0.005788 -0.982372 0.186848
0.036325 0.102573 0.016068 -0.024618 -0.996154 0.084094
0.036094 0.102074 0.011312 0.152109 -0.965714 0.210379
0.036304 0.102506 0.014636 -0.033893 -0.987211 0.155773
0.037251 0.101924 0.010958 -0.065551 -0.994091 0.086523
0.036306 0.102358 0.014139 -0.108825 -0.955663 0.273615
0.035649 0.102471 0.014345 0.008557 -0.995301 0.096446
0.035601 0.102668 0.015506 -0.092602 -0.993691 0.063265
0.031542 0.102516 0.014886 -0.015087 -0.985823 0.167108
0.036070 0.102676 0.017261 0.021744 -0.977615 0.209275
0.031255 0.102463 0.014421 -0.055785 -0.962564 0.265252
0.033543 0.102857 0.017247 -0.072792 -0.986576 0.146184
0.035268 0.102032 0.011914 -0.001380 -0.944343 0.328960
0.036079 0.102331 0.013917 -0.186594 -0.973517 0.132086
0.035792 0.102540 0.016821 -0.012284 -0.999917 -0.003894
0.031842 0.102617 0.015122 0.042478 -0.989148 0.140646
0.036810 0.101824 0.010525 0.162754 -0.942667 0.291360
0.036495 0.102739 0.017557 -0.070458 -0.965317 0.251395
0.036431 0.102547 0.015630 -0.042186 -0.995597 0.083708
0.040558 0.101244 0.008304 -0.001827 -0.997570 0.069647
0.040457 0.101197 0.007717 0.184846 -0.982757 0.004608
0.040612 0.100946 0.006431 0.118156 -0.938456 0.324560
0.040734 0.101249 0.008280 0.076961 -0.996750 0.023799
0.038298 0.102136 0.013671 -0.068902 -0.983245 0.168767
0.036233 0.102772 0.017656 0.046711 -0.973607 0.223399
0.036005 0.102611 0.016134 -0.048698 -0.998362 0.030024
0.040563 0.101882 0.012225 -0.050383 -0.993843 0.098680
0.036160 0.102509 0.015745 -0.095389 -0.993616 0.060235
0.041179 0.101881 0.012216 0.021424 -0.995198 0.095509
0.036462 0.102652 0.016308 -0.048380 -0.998501 0.025593
0.028976 0.102194 0.009824 0.146879 0.988521 -0.035393
0.036365 0.102237 0.013704 -0.166146 -0.986062 0.008765
0.040932 0.101417 0.008904 0.027319 -0.987715 0.153860
0.036627 0.102496 0.015164 -0.045307 -0.997570 0.052926
0.036975 0.101970 0.010958 0.001042 -0.971489 0.237083
0.036532 0.102033 0.011233 0.017530 -0.987202 0.158509
0.035605 0.101739 0.010939 0.273523 -0.827086 0.491033
0.035442 0.102453 0.012747 -0.066516 -0.967105 0.245526
0.034826 0.102406 0.013222 0.166074 -0.984442 0.057389
0.037006 0.102546 0.017180 -0.153222 -0.974358 0.164771
0.033207 0.102688 0.015351 0.044068 -0.985474 0.164011
0.035440 0.102613 0.016982 -0.086574 -0.994301 0.062209
0.033915 0.101930 0.011242 -0.298684 -0.894931 0.331491
0.035792 0.102028 0.012099 0.065103 -0.972209 0.224882
0.036355 0.102211 0.013939 -0.133503 -0.974591 0.179862
0.032550 0.102644 0.015488 0.089398 -0.981795 0.167591
0.035882 0.102589 0.015733 -0.102823 -0.994073 0.035288
0.036982 0.102821 0.018369 -0.196294 -0.975230 0.101959
0.034968 0.102099 0.012255 0.000245 -0.911240 0.411876
0.032817 0.102673 0.015321 0.091743 -0.974473 0.204903
0.035306 0.102453 0.014421 0.040665 -0.991967 0.119783
0.036714 0.102495 0.014830 -0.042024 -0.996318 0.074727
0.040292 0.101335 0.008035 -0.042081 -0.997381 0.058816
0.040228 0.101233 0.007729 0.017565 -0.994833 0.099989
0.038235 0.102309 0.014541 -0.071242 -0.976419 0.203788
0.034956 0.102395 0.013952 0.086578 -0.996095 0.017302
0.029903 0.102376 0.013820 0.151733 0.937883 -0.312013
0.037150 0.102558 0.016332 -0.082985 -0.990667 -0.108135
0.037955 0.102430 0.014843 -0.088904 -0.978844 0.184284
0.037302 0.102597 0.015903 -0.023578 -0.998939 0.039554
0.036896 0.102764 0.017950 -0.161189 -0.965062 0.206573
0.040446 0.101982 0.014296 0.241784 0.970048 -0.023390
0.038280 0.102503 0.015402 -0.103524 -0.987964 0.114937
0.036519 0.102502 0.014748 -0.048240 -0.989750 0.134415
0.034587 0.102393 0.014101 0.032423 -0.996699 0.074435
0.035840 0.102637 0.016526 -0.020548 -0.998379 -0.053071
0.036231 0.102070 0.011886 0.028071 -0.994616 0.099757
0.036613 0.102924 0.018425 -0.067287 -0.995410 0.068050
0.035527 0.102591 0.016542 -0.074745 -0.994539 -0.072836
0.035313 0.102649 0.016017 -0.028152 -0.999534 -0.011824
0.034679 0.102408 0.014382 0.001446 -0.990724 0.135879
0.035693 0.101695 0.010813 0.268498 -0.807240 0.525616
0.035024 0.102647 0.015483 0.031688 -0.996927 0.071645
0.035824 0.102507 0.014878 -0.029552 -0.988273 0.149811
0.035329 0.102553 0.015005 -0.003621 -0.975270 0.220987
0.035365 0.102466 0.014610 0.018281 -0.984249 0.175839
0.032237 0.101893 0.008356 -0.352276 -0.913224 0.204754
0.036174 0.101965 0.011022 0.166825 -0.916121 0.364543
0.032995 0.102506 0.014806 0.121042 -0.948415 0.293016
0.035069 0.101715 0.011261 0.202299 -0.870738 0.448209
0.034913 0.102922 0.017921 -0.366316 -0.930303 -0.018665
0.035244 0.102652 0.015141 0.008617 -0.983160 0.182542
0.036224 0.102737 0.017501 0.066368 -0.973282 0.219814
0.035901 0.102666 0.017250 0.016727 -0.984496 0.174606
0.036342 0.102564 0.015369 -0.081878 -0.995772 0.041643
0.035013 0.102643 0.016070 -0.041660 -0.998953 0.018922
0.035832 0.102692 0.016385 -0.013824 -0.997648 -0.067132
0.035045 0.102628 0.015790 -0.012120 -0.999709 0.020868
0.034164 0.101828 0.011336 -0.313531 -0.846851 0.429583
0.031501 0.102442 0.014474 -0.058707 -0.959673 0.274919
0.035823 0.102677 0.017782 0.088445 -0.993033 0.077859
0.035060 0.101489 0.010834 0.218044 -0.817595 0.532912
0.033868 0.102134 0.011737 -0.036532 -0.979274 0.199216
0.035597 0.101861 0.011203 0.255669 -0.878757 0.403014
0.030686 0.102284 0.013631 -0.121697 -0.964881 0.232797
0.034800 0.102581 0.015099 0.023448 -0.980315 0.196044
0.034535 0.102599 0.015300 -0.035314 -0.989834 0.137770
0.036305 0.102051 0.011338 0.078231 -0.980769 0.178806
0.035740 0.102826 0.018428 0.161371 -0.965534 0.204213
0.032168 0.102667 0.015782 0.015281 -0.983990 0.177565
0.038745 0.101266 0.005577 0.098720 0.986739 -0.128841
0.033895 0.102726 0.015599 -0.061662 -0.994589 0.083606
0.035044 0.102676 0.016312 -0.047571 -0.998523 0.026261
0.037311 0.102481 0.015561 0.017041 -0.993611 0.111568
0.035603 0.102508 0.014799 -0.007065 -0.984400 0.175803
0.036611 0.102917 0.018714 0.064746 0.997646 -0.022592
0.035957 0.102738 0.017543 0.113295 -0.984879 0.131060
0.036343 0.102502 0.014959 -0.062499 -0.995309 0.073847
0.036603 0.101683 0.010367 0.290323 -0.900965 0.322450
0.030216 0.102490 0.013992 -0.190145 -0.938811 0.287190
0.036985 0.102607 0.015912 -0.011844 -0.998269 0.057610
0.033441 0.102740 0.015874 0.003955 -0.990840 -0.134985
0.035034 0.102408 0.014520 0.038302 -0.986042 0.162030
0.035256 0.102090 0.012309 -0.001588 -0.901540 0.432693
0.034719 0.102688 0.016189 -0.025689 -0.999073 0.034547
0.032733 0.102604 0.015109 0.086912 -0.954604 0.284916
0.034279 0.102412 0.014198 0.019011 -0.988723 0.148547
0.034414 0.101914 0.011583 -0.125337 -0.859728 0.495135
0.037432 0.102265 0.014205 -0.039724 -0.966557 0.253355
0.040517 0.102063 0.014581 0.244630 0.966611 -0.076283
0.036302 0.102909 0.018637 -0.054067 0.998047 -0.031305
0.031084 0.102563 0.014934 -0.050997 -0.979515 0.194804
0.032523 0.102659 0.015756 0.032080 -0.997234 0.067053
0.034717 0.102637 0.015635 0.010936 -0.996601 0.081653
0.031962 0.102262 0.014133 -0.074976 -0.957369 0.278969
0.035380 0.101423 0.010644 0.251456 -0.768834 0.587933
0.036266 0.102934 0.018345 0.077979 -0.992018 0.099093
0.032192 0.102399 0.014633 -0.076911 -0.948832 0.306273
0.031684 0.102297 0.014140 -0.083285 -0.954281 0.287074
0.035222 0.102414 0.012622 0.016054 -0.945856 0.324189
0.032891 0.102715 0.015613 0.086227 -0.995524 0.038693
0.036732 0.102017 0.010969 0.025165 -0.959552 0.280404
0.036869 0.102552 0.016439 -0.098533 -0.989678 -0.104063
0.035781 0.102469 0.014474 -0.000177 -0.990519 0.137375
0.035351 0.101616 0.010878 0.277999 -0.816201 0.506491
0.038724 0.102036 0.012760 0.032208 -0.988210 0.149679
0.035557 0.102516 0.014932 -0.009831 -0.980701 0.195267
0.032231 0.102359 0.014411 -0.062247 -0.955382 0.288740
0.040228 0.102227 0.014804 0.251667 0.958742 -0.132202
0.036489 0.102786 0.017792 -0.018421 -0.972390 0.232635
0.035010 0.102438 0.014728 0.027811 -0.980537 0.194355
0.036272 0.102823 0.018025 0.097341 -0.977127 0.189068
0.031877 0.101958 0.008090 -0.225121 -0.941874 0.249386
0.035703 0.102622 0.016015 -0.081433 -0.996632 0.009617
0.035436 0.101996 0.011753 0.127006 -0.963316 0.236415
0.032559 0.102673 0.016103 -0.058138 -0.998126 -0.019115
0.035284 0.102638 0.017119 -0.129542 -0.984218 0.120556
0.030757 0.102589 0.014927 -0.127060 -0.977844 0.166363
0.031415 0.102587 0.015067 -0.047147 -0.992454 0.113188
0.033811 0.102608 0.015052 -0.048604 -0.973082 0.225276
0.033619 0.102744 0.016773 -0.033724 -0.973568 0.225895
0.038590 0.102097 0.013099 0.004212 -0.991848 0.127360
0.032786 0.101629 0.008214 0.330979 0.919656 -0.211389
0.030987 0.102438 0.014453 -0.128672 -0.962009 0.240796
0.033576 0.102734 0.015618 -0.027286 -0.998198 0.053436
0.033288 0.102739 0.015603 0.023891 -0.997025 0.073287
0.035598 0.102640 0.017168 -0.056842 -0.990691 0.123695
0.034607 0.102560 0.014878 0.005899 -0.973983 0.226545
0.032763 0.102602 0.016479 -0.067607 -0.995457 0.067038
0.037632 0.102503 0.015280 -0.003692 -0.996262 0.086307
0.032922 0.102691 0.016116 0.000487 -0.993398 -0.114714
0.035318 0.102628 0.016386 -0.076810 -0.996871 -0.018650
0.030406 0.102642 0.015020 0.197761 0.967926 -0.154951
0.032402 0.102530 0.015023 0.012723 -0.958081 0.286214
0.033080 0.102612 0.015077 0.091159 -0.955738 0.279742
0.031128 0.102216 0.013776 -0.112435 -0.970153 0.214854
0.030804 0.102388 0.014125 -0.170034 -0.956334 0.237725
0.035600 0.102670 0.016375 -0.051110 -0.997202 -0.054544
0.030280 0.102609 0.014434 0.210625 0.949329 -0.233265
0.036750 0.102731 0.017666 -0.138694 -0.963372 0.229520
0.030422 0.102306 0.013608 -0.114582 -0.954817 0.274218
0.034696 0.101691 0.011343 -0.036346 -0.856544 0.514793
0.033882 0.102088 0.011544 -0.121708 -0.959420 0.254363
0.031855 0.102468 0.014812 -0.060387 -0.972617 0.224434
0.034146 0.102570 0.015046 -0.059797 -0.976342 0.207801
0.032117 0.102596 0.015246 0.035378 -0.981939 0.185862
0.030553 0.102476 0.014166 -0.205584 -0.945204 0.253624
0.035342 0.102846 0.018488 0.007343 0.971831 -0.235565
0.033795 0.102711 0.015966 -0.004620 -0.994018 -0.109123
0.033229 0.102691 0.016197 -0.000151 -0.990663 -0.136335
0.035089 0.102666 0.016702 -0.101163 -0.994477 -0.027953
0.036629 0.102868 0.018925 0.049564 0.998316 0.030138
0.037058 0.102816 0.019005 0.139909 0.989304 -0.041261
0.034675 0.101508 0.011102 -0.061346 -0.887869 0.455988
0.034782 0.102420 0.014628 0.028739 -0.985372 0.167975
0.031417 0.102391 0.014244 -0.072182 -0.958541 0.275661
0.037041 0.102637 0.016056 -0.019457 -0.999810 0.001246
0.036083 0.102474 0.014895 -0.013254 -0.991717 0.127759
0.037044 0.102684 0.017737 -0.174149 -0.959582 0.221074
0.035974 0.102829 0.018209 0.193693 -0.968037 0.159336
0.034640 0.102235 0.013380 0.198423 -0.977908 0.065762
0.037007 0.102464 0.016815 -0.137608 -0.990401 0.012998
0.033082 0.102533 0.016487 0.025936 -0.998845 0.040458
0.031073 0.102415 0.014238 -0.083764 -0.965718 0.245709
0.031861 0.102395 0.014490 -0.090667 -0.953157 0.288567
0.036993 0.102614 0.017457 -0.162124 -0.962766 0.216327
0.031365 0.102170 0.013605 -0.099754 -0.980892 0.167033
0.032514 0.102338 0.014511 0.037904 -0.953712 0.298323
0.031943 0.102738 0.015983 -0.062753 -0.966355 0.249440
0.035610 0.102705 0.017435 -0.001988 -0.991979 0.126384
0.034735 0.102573 0.014954 0.029160 -0.974557 0.222236
0.034726 0.102904 0.018109 -0.333997 -0.942135 -0.028765
0.033705 0.101963 0.011076 -0.267699 -0.916960 0.295839
0.033908 0.102699 0.016759 -0.048296 -0.984162 0.170567
0.036263 0.102335 0.013551 -0.194290 -0.979087 -0.060325
0.034388 0.102405 0.014492 -0.017996 -0.987765 0.154906
0.035169 0.102793 0.017801 -0.354694 -0.932156 -0.072653
0.036717 0.102189 0.013050 -0.154978 -0.976470 0.149963
0.033530 0.102608 0.015170 -0.006841 -0.983400 0.181324
0.035886 0.101348 0.010375 0.304862 -0.801479 0.514481
0.038244 0.102722 0.019157 0.095909 0.985515 -0.139866
0.032960 0.101971 0.010029 0.351796 0.920840 -0.168207
0.030462 0.102403 0.013951 -0.203091 -0.937905 0.281227
0.035654 0.102630 0.017812 0.100201 -0.994695 0.023275
0.030114 0.102360 0.013714 -0.151828 -0.936887 0.314944
0.034482 0.102527 0.015046 -0.038885 -0.978382 0.203119
0.037222 0.102620 0.016094 -0.048687 -0.998029 -0.039586
0.034125 0.102718 0.016966 -0.043957 -0.991149 0.125264
0.035104 0.101934 0.011669 0.079564 -0.914540 0.396593
0.036280 0.101614 0.010490 -0.270306 0.840642 -0.469314
0.032561 0.102379 0.014735 0.057878 -0.948732 0.310736
0.034096 0.102659 0.016351 0.055461 -0.998244 -0.020811
0.031473 0.102209 0.013927 -0.092882 -0.962677 0.254216
0.033040 0.102817 0.017034 0.030453 -0.971180 0.236395
0.040267 0.100765 0.005894 -0.027438 -0.979624 0.198959
0.031808 0.102573 0.015282 0.038303 -0.990104 0.135007
0.037384 0.102733 0.018768 0.165576 0.979451 -0.115151
0.036600 0.101740 0.010509 0.215931 -0.912212 0.348199
0.033556 0.102637 0.016297 0.035644 -0.994674 -0.096717
0.031975 0.102615 0.015651 0.052568 -0.983182 0.174897
0.037875 0.102085 0.012906 -0.072234 -0.984191 0.161712
0.034166 0.102734 0.016078 0.035393 -0.997925 -0.053794
0.037593 0.102461 0.017098 -0.059570 -0.994314 0.088263
0.034165 0.102467 0.014671 -0.054042 -0.979027 0.196431
0.034904 0.101545 0.011085 0.110897 -0.882079 0.457862
0.033916 0.102742 0.017319 -0.134435 -0.971426 0.195598
0.030615 0.102474 0.014423 -0.202902 -0.952767 0.225978
0.036030 0.102018 0.011798 0.102669 -0.985352 0.136163
0.033602 0.102818 0.017433 -0.064756 -0.983515 0.168833
0.033513 0.102011 0.011086 -0.230870 -0.945835 0.228246
0.035663 0.102024 0.011804 0.159695 -0.969009 0.188467
0.032826 0.102690 0.015893 0.053319 -0.997366 -0.049172
0.035194 0.102648 0.016905 -0.112468 -0.993020 0.035531
0.033108 0.102741 0.015922 0.050240 -0.993045 -0.106482
0.040447 0.101995 0.012939 -0.135641 -0.977549 0.161244
0.037304 0.102548 0.015727 0.008115 -0.994956 0.099987
0.034449 0.102693 0.016175 0.021952 -0.999748 -0.004595
0.036796 0.102894 0.018569 -0.123116 -0.990985 0.052840
0.038317 0.102279 0.014109 -0.060827 -0.980279 0.188026
0.034548 0.102660 0.015507 -0.057256 -0.991945 0.112988
0.036505 0.102871 0.018137 -0.034838 -0.988340 0.148222
0.033867 0.102894 0.017754 -0.030279 -0.973247 0.227758
0.036049 0.102880 0.018502 0.146421 -0.983404 0.107136
0.034188 0.102654 0.015710 -0.056727 -0.996390 0.063155
0.034728 0.102755 0.017485 -0.109594 -0.965591 0.235847
0.033922 0.102989 0.018460 0.042715 0.997820 -0.050305
0.034954 0.102809 0.018074 -0.366580 -0.930225 -0.017330
0.033831 0.102626 0.016254 0.015569 -0.996077 -0.087114
0.030379 0.102581 0.014739 0.211353 0.958923 -0.189203
0.030708 0.102254 0.013465 -0.103698 -0.976598 0.188423
0.034146 0.102110 0.011788 -0.096554 -0.950941 0.293918
0.035350 0.102383 0.013118 -0.022125 -0.996855 0.076092
0.034874 0.102655 0.017082 -0.083119 -0.989785 0.115835
0.037186 0.102188 0.013676 -0.062290 -0.990566 0.122061
0.035645 0.101349 0.010481 0.285820 -0.773979 0.565034
0.032923 0.102376 0.014578 0.124082 -0.950682 0.284266
0.034436 0.102705 0.017098 -0.052795 -0.990405 0.127713
0.037218 0.102225 0.013204 -0.081540 -0.990619 0.109663
0.034163 0.101689 0.011089 -0.348956 -0.839525 0.416447
0.036992 0.102553 0.016305 -0.086326 -0.991737 -0.094902
0.031498 0.102548 0.015311 -0.044855 -0.991967 0.118281
0.034712 0.102849 0.018388 0.287675 0.957206 0.031623
0.034698 0.102249 0.012478 0.056772 -0.952450 0.299358
0.032444 0.101782 0.008459 -0.363863 -0.911317 0.192628
0.034800 0.102689 0.016579 -0.057478 -0.998289 0.010708
0.033299 0.102738 0.016814 0.032168 -0.973330 0.227141
0.035011 0.102704 0.017422 -0.177927 -0.972169 0.152409
0.033188 0.101881 0.010089 -0.377192 -0.911832 0.162141
0.032256 0.102596 0.015564 0.059274 -0.991603 0.114931
0.036421 0.102834 0.018898 0.011940 0.998956 0.044094
0.034662 0.102974 0.017725 -0.155493 -0.971370 0.179616
0.036093 0.102492 0.014753 -0.015898 -0.990057 0.139763
0.034463 0.102822 0.017588 -0.027568 -0.965940 0.257294
0.030353 0.102244 0.013376 -0.086415 -0.970163 0.226531
0.034733 0.102913 0.018672 0.262451 0.964930 0.005545
0.034282 0.102592 0.015319 -0.082350 -0.983622 0.160329
0.037391 0.102087 0.012771 -0.091437 -0.983953 0.153221
0.036901 0.102840 0.018949 0.104559 0.994063 -0.030108
0.032878 0.102281 0.014171 0.096839 -0.948180 0.302616
0.033282 0.102858 0.017397 -0.018598 -0.993937 0.108369
0.033590 0.101928 0.010872 -0.319112 -0.909332 0.266987
0.037765 0.102444 0.016738 -0.010449 -0.998729 -0.049303
0.034159 0.102847 0.017680 0.000438 -0.961443 0.275005
0.035776 0.102796 0.018687 -0.130164 0.977124 -0.168183
0.039397 0.101723 0.008621 -0.161966 -0.958982 0.232638
0.034563 0.102628 0.015744 -0.065737 -0.993045 0.097673
0.034334 0.101681 0.011259 -0.249682 -0.833458 0.492956
0.035795 0.101924 0.011175 0.251130 -0.896247 0.365617
0.033652 0.102100 0.011589 -0.029270 -0.981049 0.191534
0.033569 0.102597 0.015915 -0.012888 -0.993678 -0.111529
0.033722 0.102480 0.014454 0.010101 -0.971437 0.237082
0.033051 0.101907 0.009813 -0.395907 -0.899872 0.182999
0.037726 0.102125 0.013301 -0.062449 -0.989348 0.131493
0.035059 0.102885 0.018593 -0.181965 -0.978485 0.097240
0.033308 0.101870 0.010333 -0.403778 -0.889511 0.213853
0.033915 0.102735 0.015410 -0.052800 -0.989258 0.136309
0.033916 0.101795 0.010909 -0.395854 -0.852207 0.342116
0.033754 0.102997 0.018068 0.022580 -0.987934 0.153219
0.032490 0.102263 0.014220 0.014233 -0.966590 0.255932
0.034301 0.102633 0.016685 0.068266 -0.996890 0.039373
0.035649 0.102495 0.014618 0.013140 -0.990887 0.134052
0.033816 0.102804 0.017142 -0.113731 -0.976678 0.182112
0.033808 0.102610 0.016493 0.018786 -0.998215 0.056694
0.035036 0.101520 0.010947 0.222203 -0.849813 0.477958
0.035052 0.101300 0.010625 0.201831 -0.774537 0.599463
0.033660 0.102049 0.011335 -0.202760 -0.943026 0.263799
0.037609 0.102727 0.018884 0.139522 0.982116 -0.126418
0.037831 0.101929 0.009104 -0.122969 -0.991893 0.032056
0.035317 0.102495 0.014775 0.000132 -0.982972 0.183754
0.033310 0.101783 0.009810 -0.467915 -0.868161 0.165385
0.034147 0.102979 0.018312 0.047727 0.998813 -0.009741
0.034856 0.102616 0.015950 -0.034101 -0.998846 0.033820
0.033996 0.102184 0.012248 0.108452 -0.990521 0.084298
0.037438 0.102156 0.013297 -0.061447 -0.990646 0.121835
0.032891 0.101864 0.009377 0.337731 0.917451 -0.210288
0.034457 0.101515 0.010984 -0.200894 -0.829645 0.520893
0.033313 0.102621 0.015182 0.050759 -0.974733 0.217531
0.036788 0.102829 0.018160 -0.158047 -0.976012 0.149740
0.030006 0.102482 0.014009 0.171420 0.936480 -0.305976
0.035992 0.102496 0.014486 -0.017956 -0.986121 0.165057
0.033389 0.101514 0.008487 -0.304969 -0.930076 0.204824
0.034494 0.101559 0.011170 -0.180006 -0.853660 0.488735
0.040280 0.101865 0.012314 -0.061085 -0.990854 0.120317
0.035284 0.102649 0.017409 -0.132827 -0.985486 0.105708
0.033653 0.101702 0.010411 -0.497084 -0.817657 0.290422
0.034635 0.102337 0.012753 0.181809 -0.974617 0.130642
0.034302 0.102542 0.014864 -0.061451 -0.973320 0.221069
0.038153 0.102176 0.013876 -0.068034 -0.981933 0.176578
0.037164 0.102488 0.017007 -0.137408 -0.988136 0.068609
0.035460 0.102812 0.018675 0.000907 0.965403 -0.260760
0.035138 0.101824 0.011434 0.213501 -0.881729 0.420680
0.029815 0.102315 0.013594 -0.130928 -0.944544 0.301156
0.037531 0.102695 0.018580 -0.160924 -0.979247 0.123202
0.035378 0.101904 0.011543 0.135810 -0.945626 0.295544
0.034302 0.102568 0.015198 -0.043821 -0.982900 0.178850
0.039989 0.101910 0.012353 -0.069680 -0.989416 0.127279
0.033602 0.101556 0.009228 -0.436692 -0.894051 0.099867
0.037023 0.102444 0.016631 -0.127024 -0.989707 -0.065924
0.037120 0.102102 0.012868 -0.086625 -0.983606 0.158162
0.032903 0.101613 0.008101 0.318773 0.920383 -0.226448
0.032502 0.101753 0.008185 -0.359038 -0.912957 0.193912
0.036957 0.102032 0.012453 -0.090147 -0.989631 0.111825
0.040828 0.101917 0.014174 0.274773 0.961167 0.025648
0.030047 0.102212 0.013182 0.080457 0.974462 -0.209646
0.034644 0.102661 0.015900 -0.033111 -0.997930 0.055127
0.034484 0.102894 0.018288 -0.189100 -0.981686 -0.023104
0.036876 0.102618 0.016175 -0.032184 -0.998802 -0.036865
0.032953 0.102651 0.016702 0.004260 -0.980831 0.194815
0.035416 0.102688 0.018288 0.072652 -0.987487 0.139966
0.034544 0.102490 0.014681 -0.003721 -0.986689 0.162575
0.034113 0.102956 0.018029 -0.020093 -0.989650 0.142091
0.034797 0.102343 0.012741 0.174974 -0.975095 0.136289
0.034529 0.102620 0.016624 0.020192 -0.999725 -0.011892
0.034439 0.102899 0.018680 0.182227 0.978751 0.094022
0.032997 0.101576 0.008384 0.307034 0.924261 -0.226875
0.037207 0.102772 0.018643 -0.177567 -0.980555 0.083558
0.035214 0.101095 0.010364 0.265299 -0.796899 0.542742
0.034946 0.102563 0.014908 0.025280 -0.972388 0.231998
0.039156 0.101730 0.008530 -0.121520 -0.961232 0.247519
0.030553 0.102443 0.014596 -0.196177 -0.958854 0.205215
0.034079 0.102597 0.016758 0.008257 -0.993023 0.117628
0.037537 0.102483 0.017263 -0.093339 -0.986188 0.136825
0.034057 0.101238 0.010140 -0.599018 -0.754444 0.268314
0.033594 0.102726 0.015416 -0.029578 -0.991469 0.126940
0.034833 0.101109 0.010506 0.055081 -0.773568 0.631315
0.034026 0.102720 0.015841 -0.041713 -0.998966 -0.018065
0.033571 0.102858 0.017665 -0.008257 -0.984272 0.176468
0.033752 0.101764 0.010655 -0.457468 -0.827942 0.324400
0.034670 0.102162 0.012312 0.001420 -0.936265 0.351291
0.032955 0.101913 0.009629 0.361084 0.909672 -0.205219
0.034236 0.101592 0.010843 -0.378407 -0.789365 0.483437
0.037562 0.102552 0.016307 -0.049198 -0.992659 -0.110485
0.034237 0.102677 0.015487 -0.083815 -0.987811 0.131168
0.037539 0.102431 0.016826 -0.061380 -0.997941 0.018627
0.030344 0.102156 0.013185 -0.071939 -0.978980 0.190847
0.037335 0.102489 0.016524 -0.093778 -0.989994 -0.105437
0.036606 0.102590 0.016933 -0.095315 -0.992775 0.072892
0.039052 0.102045 0.012757 0.027217 -0.990229 0.136768
0.039082 0.102130 0.013479 0.037506 -0.993600 0.106548
0.034569 0.102641 0.017314 -0.044202 -0.970737 0.236042
0.036663 0.102560 0.016782 -0.130705 -0.991239 -0.019016
0.039114 0.102114 0.013135 0.017316 -0.991929 0.125608
0.035388 0.102630 0.015795 -0.031474 -0.999495 -0.004444
0.034443 0.102684 0.016485 0.053012 -0.998219 0.027378
0.033706 0.102696 0.015794 -0.037031 -0.998723 -0.034373
0.034341 0.101571 0.011089 -0.251126 -0.837711 0.484949
0.036617 0.102570 0.015900 0.011109 -0.994958 0.099679
0.034086 0.101615 0.010725 -0.442808 -0.794459 0.415638
0.034002 0.102728 0.016169 0.003355 -0.996235 -0.086626
0.035634 0.102769 0.018858 -0.080847 0.956746 -0.279465
0.035302 0.101849 0.011452 0.206053 -0.903877 0.374899
0.029809 0.102219 0.013072 -0.079623 -0.978618 0.189648
0.035933 0.102535 0.016823 -0.004663 -0.999955 -0.008279
0.034247 0.101151 0.010337 -0.602958 -0.711005 0.361820
0.034479 0.102252 0.013159 0.229996 -0.970027 0.078422
0.036695 0.102629 0.017315 -0.122278 -0.968197 0.218273
0.037224 0.102787 0.018948 0.162151 0.981875 -0.098124
0.034607 0.101097 0.010514 -0.257718 -0.751900 0.606817
0.034121 0.102644 0.016566 0.021521 -0.998257 0.054946
0.037996 0.102490 0.017550 -0.049440 -0.991753 0.118246
0.033873 0.101377 0.009177 -0.445517 -0.895053 0.019870
0.035167 0.100928 0.009993 0.262543 -0.957302 0.121016
0.034209 0.101076 0.010024 -0.572703 -0.819762 -0.001143
0.036848 0.102558 0.017013 -0.172331 -0.978683 0.111724
0.030378 0.102093 0.008733 -0.039709 0.994896 -0.092766
0.034500 0.102718 0.016838 -0.012259 -0.999774 0.017397
0.034446 0.102667 0.015712 -0.075703 -0.991492 0.105894
0.034887 0.100912 0.010297 0.046763 -0.924740 0.377716
0.034144 0.101257 0.009338 -0.415744 -0.907224 -0.064045
0.035494 0.101037 0.010039 0.384772 -0.880852 0.275772
0.036249 0.102621 0.017229 0.024128 -0.981593 0.189452
0.036095 0.102606 0.016629 0.003546 -0.999555 -0.029629
0.029301 0.102103 0.009175 -0.115603 -0.993201 0.013698
0.035769 0.101178 0.010142 0.323386 -0.863448 0.387141
0.033886 0.101400 0.009483 -0.523616 -0.851864 -0.012440
0.034594 0.101118 0.008997 -0.257150 -0.962680 -0.084390
0.035365 0.100995 0.010153 -0.305779 0.866206 -0.395205
0.036301 0.102576 0.016840 0.000434 -0.999994 -0.003295
0.034513 0.101113 0.009367 -0.374338 -0.912382 -0.165620
0.033544 0.101706 0.010250 -0.502152 -0.827685 0.250561
0.034387 0.101158 0.009093 -0.342143 -0.937914 -0.057054
0.036000 0.102731 0.017723 0.162503 -0.975208 0.150206
0.032726 0.101643 0.008501 -0.326448 -0.923497 0.201456
0.033918 0.101516 0.010415 -0.528401 -0.767271 0.363437
0.034276 0.101032 0.010111 -0.552978 -0.815666 0.170012
0.034124 0.101242 0.009059 -0.337319 -0.940444 -0.042199
0.037658 0.101972 0.011805 -0.103007 -0.990350 0.092714
0.033722 0.101521 0.009811 -0.585800 -0.804345 0.099333
0.034613 0.100904 0.010320 -0.243638 -0.906764 0.344121
0.029915 0.102081 0.008584 -0.015029 -0.999493 0.028086
0.029410 0.102092 0.008563 -0.060514 -0.996707 0.053983
0.034210 0.101212 0.009607 -0.456530 -0.884808 -0.093247
0.035920 0.102791 0.018584 0.201054 -0.971752 0.123591
0.035143 0.102624 0.018051 -0.372140 -0.928025 -0.016767
0.029833 0.102043 0.009249 0.031967 0.999304 0.019216
0.034250 0.101112 0.009852 -0.587758 -0.808518 -0.028955
0.036595 0.102306 0.013431 -0.103047 -0.992270 -0.069143
0.035437 0.102690 0.017722 -0.082474 -0.994561 -0.063606
0.038564 0.102481 0.016711 0.021946 -0.999723 -0.008546
0.034816 0.100989 0.009554 -0.143784 -0.961559 -0.233947
0.034785 0.100730 0.010087 -0.147247 -0.985711 0.081802
0.034216 0.101403 0.010585 -0.481998 -0.752693 0.448477
0.035879 0.102542 0.017100 -0.007610 -0.988699 0.149724
0.034554 0.101017 0.009696 -0.391155 -0.897374 -0.204251
0.031572 0.101890 0.007817 -0.087371 -0.913615 0.397081
0.029266 0.102102 0.009496 -0.136794 -0.989748 0.041062
0.038873 0.102528 0.017598 0.030051 -0.996643 0.076152
0.030343 0.102582 0.014254 0.209689 0.943255 -0.257489
0.031518 0.101968 0.008041 -0.040575 -0.932428 0.359070
0.040053 0.100810 0.005426 -0.276150 -0.960051 0.045196
0.040049 0.101691 0.010888 -0.003079 -0.995768 0.091852
0.034233 0.102701 0.017395 -0.051773 -0.967530 0.247396
0.034795 0.101465 0.010919 0.054370 -0.853428 0.518367
0.035983 0.102630 0.015201 -0.097019 -0.991244 0.089571
0.030097 0.102635 0.014208 0.202279 0.939682 -0.275829
0.037264 0.102520 0.017288 -0.136881 -0.976936 0.163892
0.029340 0.102097 0.008742 -0.070514 -0.996839 0.036603
0.030070 0.102700 0.014352 0.203061 0.945345 -0.255126
0.029655 0.102061 0.009152 -0.048235 -0.998741 -0.013773
0.030555 0.102199 0.013187 -0.061743 -0.982377 0.176416
0.034991 0.102681 0.018238 -0.388383 -0.921479 -0.005960
0.032041 0.101660 0.007638 0.210554 0.870206 -0.445432
0.032578 0.102615 0.015322 0.095697 -0.975096 0.200076
0.036236 0.102581 0.015180 -0.076408 -0.995405 0.057715
0.034862 0.100891 0.009817 -0.172675 -0.983528 -0.053441
0.036071 0.102746 0.018868 -0.118291 0.992520 -0.030201
0.032190 0.101861 0.007934 0.290290 0.928732 -0.230627
0.039575 0.102326 0.014873 -0.109998 -0.988253 0.106094
0.032020 0.102551 0.014993 -0.032538 -0.979143 0.200551
0.032306 0.102681 0.015998 -0.109031 -0.987174 0.116616
0.038617 0.102691 0.019125 -0.067012 -0.987503 0.142645
0.038861 0.102622 0.018606 -0.035941 -0.991370 0.126073
0.031255 0.101821 0.007808 0.027254 -0.893194 0.448845
0.031688 0.102123 0.013321 -0.070762 -0.993732 0.086541
0.030507 0.102095 0.012676 -0.045204 -0.986671 0.156326
0.031683 0.102173 0.008968 -0.159833 -0.973943 0.160900
0.037330 0.102671 0.017964 -0.191119 -0.964114 0.184278
0.033419 0.102589 0.016543 -0.007617 -0.995821 0.091005
0.033889 0.102725 0.017531 -0.068070 -0.973597 0.217889
0.036840 0.102262 0.014018 -0.003249 -0.968316 0.249708
0.032328 0.102562 0.015341 0.052188 -0.981346 0.185029
0.038240 0.102467 0.017294 0.003898 -0.998150 0.060679
0.031241 0.101955 0.008048 0.000912 -0.925540 0.378648
0.038753 0.102571 0.018314 -0.029732 -0.992107 0.121820
0.029910 0.102184 0.012893 -0.079428 -0.982835 0.166512
0.038295 0.102511 0.017792 -0.016704 -0.993314 0.114226
0.030254 0.102156 0.012916 -0.072029 -0.983319 0.167023
0.030782 0.102152 0.012914 -0.036406 -0.986500 0.159663
0.031642 0.102200 0.009227 0.158384 0.974436 -0.159338
0.031274 0.102038 0.008310 0.014245 -0.957059 0.289543
0.031198 0.102443 0.014620 -0.050306 -0.970243 0.236852
0.033258 0.102550 0.016335 -0.006741 -0.994115 -0.108117
0.031279 0.102134 0.012796 -0.033165 -0.990536 0.133189
0.038132 0.102449 0.016849 0.000804 -0.999991 -0.004125
0.034644 0.100677 0.010127 -0.218288 -0.973177 0.072640
0.031806 0.102221 0.014005 -0.081180 -0.957068 0.278262
0.030847 0.102187 0.013198 -0.062003 -0.987857 0.142460
0.031718 0.102351 0.014291 -0.082190 -0.954047 0.288165
0.029640 0.102050 0.009440 0.086256 0.996262 -0.004780
0.031716 0.102543 0.014987 -0.000933 -0.992937 0.118636
0.039784 0.102490 0.016195 0.099749 0.989621 -0.103443
0.030866 0.102466 0.014748 -0.116484 -0.977561 0.175518
0.031747 0.102084 0.008588 -0.137389 -0.969820 0.201428
0.029284 0.102112 0.009815 -0.125717 -0.991587 0.030837
0.031408 0.102121 0.008639 -0.051094 -0.974387 0.218994
0.042018 0.101564 0.007065 -0.063799 0.935491 -0.347543
0.034660 0.100620 0.010055 -0.198074 -0.979857 -0.025443
0.031288 0.102495 0.014845 -0.027387 -0.983382 0.179470
0.032955 0.102574 0.016317 -0.003837 -0.997529 -0.070151
0.030972 0.102042 0.008379 0.043986 -0.956901 0.287065
0.031562 0.102440 0.014694 -0.049664 -0.970181 0.237237
0.030902 0.102071 0.012583 0.028958 0.989608 -0.140844
0.032230 0.102425 0.014856 -0.051939 -0.954664 0.293120
0.032392 0.102359 0.014612 0.003705 -0.958492 0.285096
0.035009 0.100915 0.009708 0.063840 -0.987733 -0.142506
0.029973 0.102266 0.013361 -0.087956 -0.966734 0.240186
0.038865 0.101836 0.010615 -0.054786 -0.996712 -0.059697
0.031868 0.102398 0.014658 -0.087504 -0.955981 0.280078
0.032067 0.102305 0.014252 -0.086142 -0.959336 0.268800
0.032722 0.102263 0.014402 0.092120 -0.955030 0.281836
0.030922 0.102238 0.013708 -0.140861 -0.967728 0.208950
0.030880 0.101892 0.008014 0.084112 -0.898503 0.430833
0.031235 0.102311 0.014082 -0.078733 -0.961931 0.261704
0.037210 0.102763 0.018417 -0.198730 -0.975308 0.096333
0.038325 0.102652 0.018799 -0.067012 -0.987503 0.142645
0.038258 0.102554 0.018142 -0.040573 -0.990941 0.128025
0.038005 0.102682 0.018828 -0.104277 -0.983891 0.145208
0.039304 0.102401 0.015611 -0.083752 -0.988859 0.123061
0.031993 0.102504 0.015443 0.072749 -0.987834 0.137449
0.034708 0.102798 0.018268 -0.288195 -0.956143 -0.052281
0.030570 0.102298 0.013759 -0.137305 -0.948828 0.284380
0.031199 0.102183 0.013563 -0.110438 -0.986799 0.118451
0.031536 0.102172 0.013732 -0.095486 -0.971317 0.217775
0.031184 0.102566 0.015274 -0.078407 -0.987992 0.133134
0.042144 0.101712 0.007468 -0.134984 0.986810 -0.089363
0.032604 0.102636 0.016613 -0.139155 -0.978788 0.150367
0.041153 0.101498 0.007182 0.288417 -0.918641 0.270027
0.030488 0.102152 0.012913 -0.045988 -0.982624 0.179819
0.031645 0.102025 0.008298 -0.125811 -0.961324 0.245004
0.031072 0.102149 0.013263 -0.084271 -0.991147 0.102598
0.031788 0.102154 0.013729 -0.080156 -0.974511 0.209530
0.038596 0.102640 0.018791 -0.051478 -0.990000 0.131341
0.038385 0.102597 0.018492 -0.046776 -0.989900 0.133828
0.030977 0.102275 0.013965 -0.129251 -0.962448 0.238722
0.030699 0.102311 0.013957 -0.174559 -0.952800 0.248396
0.037933 0.102601 0.018268 -0.108628 -0.983661 0.143566
0.033180 0.102572 0.016601 0.033738 -0.989263 0.142196
0.030632 0.102046 0.012503 0.041903 0.987848 -0.149670
0.029045 0.102124 0.008628 -0.046622 -0.995129 0.086862
0.037440 0.102606 0.017784 -0.170024 -0.966107 0.194241
0.041492 0.101316 0.006707 0.222871 -0.879509 0.420467
0.038532 0.102529 0.018000 -0.017667 -0.993520 0.112280
0.038013 0.102527 0.017826 -0.068704 -0.988695 0.133277
0.037589 0.102651 0.018169 -0.167997 -0.974655 0.147735
0.037658 0.102490 0.017373 -0.096572 -0.984506 0.146361
0.037259 0.102721 0.018162 -0.205332 -0.966725 0.152581
0.030167 0.102269 0.013526 -0.109861 -0.950392 0.291009
0.035301 0.102686 0.015336 -0.008559 -0.991493 0.129876
0.031510 0.102241 0.014004 -0.082414 -0.956046 0.281396
0.031133 0.102139 0.013180 -0.082290 -0.991783 0.097952
0.037926 0.102641 0.018557 -0.113158 -0.983363 0.142100
0.031506 0.102127 0.013232 -0.073444 -0.994622 0.073025
0.041670 0.101477 0.006926 0.158529 -0.895874 0.415064
0.036600 0.102598 0.016548 -0.073769 -0.994034 -0.080343
0.028669 0.102172 0.009040 0.099030 0.993743 -0.051659
0.030823 0.102358 0.014597 -0.125051 -0.967425 0.220116
0.037338 0.102440 0.016735 -0.079729 -0.995212 -0.056534
0.031290 0.102133 0.013246 -0.093712 -0.992297 0.081022
0.037787 0.102554 0.017856 -0.122402 -0.979789 0.158214
0.036169 0.102622 0.016214 -0.015764 -0.999363 0.032005
0.036124 0.102558 0.015564 -0.093142 -0.993895 0.059144
0.035144 0.102446 0.012915 0.031908 -0.984271 0.173759
0.032563 0.101797 0.008851 -0.334566 -0.923793 0.186205
0.037873 0.102473 0.017346 -0.026553 -0.994239 0.103849
0.037313 0.102563 0.017513 -0.165079 -0.966194 0.198037
0.029831 0.102128 0.012455 -0.081118 -0.987316 0.136479
0.035944 0.102233 0.012387 -0.048496 -0.944096 0.326084
0.037333 0.102465 0.014630 -0.053882 -0.982687 0.177267
0.037601 0.102668 0.018375 -0.157819 -0.977048 0.143076
0.035873 0.102063 0.011404 0.180234 -0.962665 0.201969
0.036323 0.102474 0.015862 -0.039989 -0.996004 0.079850
0.040273 0.102160 0.013307 -0.123237 -0.986901 0.104114
0.033227 0.101792 0.009566 -0.408063 -0.900359 0.151126
0.037839 0.102569 0.015983 -0.068535 -0.997230 -0.028903
0.034768 0.101940 0.011690 -0.038183 -0.900036 0.434140
0.030296 0.102057 0.012088 -0.070260 -0.989184 0.128758
0.035965 0.102069 0.011633 0.122418 -0.984760 0.123535
0.041986 0.101573 0.008789 0.092711 -0.957444 -0.273325
0.036504 0.102593 0.017108 -0.058899 -0.985158 0.161228
0.037091 0.102398 0.014347 -0.058471 -0.958310 0.279685
0.036080 0.102491 0.015953 -0.068973 -0.995864 0.059134
0.036394 0.102654 0.017372 -0.035568 -0.965723 0.257128
0.036195 0.102763 0.017835 0.114423 -0.978311 0.172672
0.037511 0.102605 0.016015 -0.049536 -0.998250 -0.032304
0.036054 0.102695 0.017358 0.043379 -0.979094 0.198730
0.039229 0.102049 0.012652 0.002563 -0.986948 0.161019
0.039961 0.102248 0.014045 -0.196438 -0.980367 0.017120
0.041032 0.101710 0.010618 -0.069324 -0.991054 0.114041
0.029557 0.102133 0.012442 -0.088680 -0.986430 0.138174
0.029931 0.102116 0.012372 -0.080408 -0.987908 0.132563
0.038342 0.102485 0.016409 -0.024780 -0.998613 -0.046449
0.036969 0.102487 0.014660 -0.059689 -0.987409 0.146493
0.033222 0.102585 0.014882 0.097376 -0.955846 0.277265
0.041257 0.101469 0.009573 -0.176603 -0.978773 0.103991
0.038412 0.102461 0.016899 0.031414 -0.999261 0.022141
0.034062 0.102658 0.015263 -0.080596 -0.981815 0.171884
0.035768 0.102548 0.016718 -0.036567 -0.997878 -0.053876
0.036346 0.102513 0.014468 -0.028789 -0.972225 0.232269
0.036289 0.102469 0.014320 -0.088322 -0.959339 0.268083
0.035874 0.102659 0.017959 0.201702 -0.972952 0.112608
0.042147 0.101374 0.009338 0.031839 -0.984529 -0.172307
0.035021 0.102658 0.015223 0.019946 -0.982506 0.185159
0.036153 0.102510 0.017050 0.010638 -0.988295 0.152184
0.033281 0.102503 0.014659 0.113725 -0.958493 0.261452
0.037981 0.102557 0.015715 -0.064565 -0.997136 0.039385
0.042357 0.101387 0.009813 -0.019834 0.997270 -0.071122
0.030338 0.102067 0.012319 -0.068925 -0.988793 0.132427
0.032603 0.101701 0.008635 -0.334988 -0.922075 0.193805
0.035700 0.102533 0.016920 -0.029301 -0.999469 0.014230
0.035412 0.102628 0.017280 -0.058614 -0.989882 0.129221
0.038107 0.102508 0.016251 -0.049413 -0.996640 -0.065328
0.039627 0.102289 0.014063 -0.066700 -0.992938 0.098108
0.035705 0.102682 0.017647 0.059346 -0.996509 0.058724
0.037867 0.102475 0.016530 -0.016157 -0.995686 -0.091366
0.033682 0.102733 0.016102 -0.018034 -0.996008 -0.087418
0.034035 0.102961 0.017890 0.035311 -0.979924 0.196220
0.042146 0.101432 0.009177 0.058808 -0.970460 -0.233985
0.034375 0.102727 0.016290 0.053993 -0.998424 -0.015277
0.035412 0.102534 0.016702 -0.110601 -0.991870 -0.062940
0.034411 0.102983 0.017856 -0.055511 -0.981799 0.181630
0.036002 0.102912 0.018354 0.180508 -0.973198 0.142484
0.032512 0.102651 0.016430 -0.167016 -0.983781 0.065432
0.040624 0.101505 0.009251 -0.152173 -0.963544 0.220059
0.037924 0.101998 0.012190 -0.098926 -0.989074 0.109297
0.033680 0.102959 0.017888 0.020501 -0.982290 0.186240
0.034710 0.102749 0.016934 -0.013482 -0.996658 0.080570
0.033560 0.102839 0.017016 -0.060053 -0.977123 0.204020
0.034033 0.102992 0.018145 0.038935 0.994075 -0.101487
0.035661 0.101590 0.010714 0.283214 -0.780561 0.557239
0.035237 0.102772 0.017569 -0.267365 -0.961231 0.067455
0.034948 0.102728 0.016868 -0.082968 -0.996486 0.011476
0.042119 0.101349 0.009682 0.008834 -0.999529 0.029398
0.030227 0.102110 0.012564 -0.078967 -0.986210 0.145442
0.036605 0.102808 0.017947 -0.069220 -0.974735 0.212369
0.034819 0.102747 0.016777 -0.084036 -0.996462 0.001076
0.034365 0.102982 0.018097 -0.110642 -0.993860 -0.000698
0.035105 0.102579 0.017248 -0.131974 -0.983914 0.120399
0.034683 0.102722 0.016397 -0.013227 -0.999683 0.021407
0.035479 0.102535 0.017963 -0.051857 -0.998635 0.006179
0.042338 0.101388 0.009458 0.061439 -0.997428 -0.036903
0.035103 0.102800 0.018769 0.161361 0.962368 -0.218655
0.030821 0.102443 0.014297 -0.154508 -0.958334 0.240256
0.028738 0.102110 0.008338 -0.032732 -0.992039 0.121600
0.035765 0.102682 0.016237 -0.053963 -0.998367 -0.018733
0.038771 0.102395 0.015101 -0.088653 -0.984343 0.152346
0.034193 0.102710 0.017158 -0.092718 -0.980539 0.173053
0.036525 0.102106 0.012668 -0.180192 -0.968171 0.173713
0.036953 0.102461 0.015115 -0.019675 -0.998378 0.053432
0.034692 0.100981 0.009699 -0.301327 -0.933590 -0.193935
0.031250 0.102218 0.013867 -0.115367 -0.959818 0.255812
0.041991 0.101331 0.009479 -0.003663 -0.998992 -0.044735
0.036162 0.101420 0.010203 -0.326634 0.816156 -0.476654
0.033890 0.102534 0.016338 0.032956 -0.998830 -0.035396
0.035272 0.102490 0.018161 -0.164169 -0.986081 0.026305
0.035581 0.102518 0.018093 0.091787 -0.991202 0.095364
0.034824 0.102597 0.017272 -0.095526 -0.976321 0.194095
0.033624 0.101471 0.008535 -0.326602 -0.925685 0.190890
0.034016 0.102735 0.017151 -0.099152 -0.982697 0.156445
0.029301 0.102101 0.009629 -0.124734 -0.991230 0.043637
0.036864 0.102452 0.015426 -0.010716 -0.996166 0.086823
0.039973 0.102292 0.015439 -0.128515 -0.984934 0.115715
0.032162 0.102155 0.013871 -0.050412 -0.968389 0.244298
0.039432 0.102366 0.015397 -0.093702 -0.989845 0.106892
0.033747 0.102528 0.016356 0.028239 -0.998171 -0.053444
0.035590 0.102086 0.012262 0.021591 -0.921044 0.388859
0.040128 0.102321 0.015699 0.141174 0.983269 -0.115122
0.040352 0.102210 0.014997 0.222799 0.961907 -0.158417
0.035033 0.102418 0.018241 -0.319185 -0.947659 0.007961
0.033502 0.101533 0.008624 -0.323000 -0.930098 0.174895
0.032592 0.101511 0.007749 0.345038 0.914570 -0.210976
0.032568 0.102599 0.015953 -0.009120 -0.999888 0.011876
0.036796 0.102481 0.016662 -0.104457 -0.992350 -0.065811
0.032118 0.102651 0.015888 -0.066862 -0.979294 0.191082
0.032098 0.102731 0.016185 -0.150905 -0.981234 0.120032
0.037030 0.102819 0.018867 0.144297 0.988212 -0.051137
0.034305 0.102273 0.012764 0.171611 -0.984032 0.047228
0.036981 0.102572 0.017310 -0.156229 -0.966549 0.203408
0.032452 0.102345 0.014905 0.002373 -0.951500 0.307639
0.032441 0.102665 0.016738 -0.159984 -0.973287 0.164677
0.034133 0.102451 0.014417 -0.029249 -0.983832 0.176692
0.035954 0.102474 0.016951 0.017357 -0.997206 0.072660
0.034195 0.102212 0.013055 0.235172 -0.971281 0.036169
0.034339 0.101223 0.008256 -0.228881 -0.971668 0.058953
0.033701 0.102596 0.014893 -0.029131 -0.974658 0.221798
0.034561 0.101379 0.010717 -0.171675 -0.804323 0.568851
0.034586 0.101153 0.008636 -0.261479 -0.964793 -0.028337
0.033591 0.101518 0.008785 -0.362186 -0.919248 0.154285
0.031590 0.102815 0.016174 -0.052682 -0.973143 0.224094
0.038040 0.101984 0.007964 -0.101494 -0.994742 -0.013677
0.037648 0.101911 0.008065 -0.027746 0.999595 0.006300
0.034266 0.101215 0.008556 -0.289710 -0.953035 0.088271
0.033904 0.101346 0.008740 -0.323405 -0.939113 0.116090
0.037925 0.101943 0.009418 -0.152023 -0.987419 0.043514
0.037484 0.101933 0.009227 -0.035832 0.997596 -0.059314
0.034735 0.101186 0.008475 -0.134346 -0.990421 -0.031881
0.037282 0.101922 0.009777 -0.094334 0.995439 0.014253
0.037759 0.101962 0.010064 -0.070087 -0.996303 -0.049689
0.033410 0.102052 0.011672 0.097681 -0.991047 0.091022
0.037416 0.101852 0.008613 0.158623 -0.985400 0.061850
0.037760 0.101984 0.009862 -0.094623 -0.995067 -0.029801
0.033741 0.101440 0.008907 -0.385617 -0.918850 0.083754
0.037306 0.101876 0.009108 0.117930 -0.991766 0.049929
0.034160 0.102301 0.013575 0.191786 -0.960937 0.199544
0.038014 0.101939 0.009981 -0.140778 -0.989105 -0.043050
0.037537 0.101976 0.009864 0.015547 -0.999530 -0.026431
0.035328 0.102616 0.017914 -0.125675 -0.991490 0.033964
0.033944 0.102166 0.012901 0.241922 -0.970286 0.004416
0.035535 0.101636 0.010808 0.270732 -0.800306 0.534990
0.036305 0.101833 0.010762 0.184373 -0.872156 0.453157
0.035317 0.102691 0.018770 0.019105 0.963177 -0.268187
0.031955 0.102097 0.012954 -0.091527 -0.992737 0.078077
0.031673 0.102142 0.013557 -0.066559 -0.989880 0.125329
0.034087 0.102360 0.013863 0.089810 -0.971645 0.218724
0.032627 0.102086 0.013700 0.010802 -0.959613 0.281116
0.031234 0.102166 0.012873 -0.044176 -0.990608 0.129397
0.033458 0.102356 0.014034 0.134330 -0.934094 0.330793
0.031932 0.102077 0.012748 0.093589 0.992378 -0.080164
0.041328 0.101434 0.009461 -0.140755 -0.989830 0.020626
0.034129 0.102995 0.018489 0.045889 0.998667 0.023618
0.035497 0.102321 0.013010 -0.074471 -0.990586 0.114862
0.033870 0.102115 0.013095 0.242930 -0.969043 0.044047
0.041549 0.101542 0.008743 0.160930 -0.974584 -0.155842
0.032723 0.102469 0.014941 0.068239 -0.946741 0.314682
0.041269 0.101466 0.008756 0.219519 -0.975453 -0.017392
0.033992 0.102256 0.013626 0.168490 -0.950851 0.259796
0.034910 0.102906 0.017672 -0.328484 -0.938797 0.103722
0.033719 0.102410 0.014110 0.060553 -0.968117 0.243070
0.032240 0.102093 0.013499 -0.093974 -0.984822 0.145928
0.034415 0.102945 0.018500 0.193514 0.977704 0.081533
0.029563 0.101314 0.007352 0.062881 0.892968 -0.445706
0.035294 0.101657 0.011013 0.262876 -0.838753 0.476854
0.031808 0.102184 0.013874 -0.081333 -0.964003 0.253146
0.031635 0.102120 0.012943 -0.071283 -0.994296 0.079332
0.033145 0.102375 0.014379 0.136155 -0.947421 0.289576
0.039436 0.101972 0.011912 -0.042190 -0.990003 0.134590
0.040023 0.101318 0.007462 -0.058804 -0.979234 0.194020
0.040035 0.102096 0.012912 -0.068563 -0.980000 0.186813
0.036703 0.102627 0.016376 -0.080772 -0.995661 -0.046215
0.039821 0.101564 0.008589 -0.298501 -0.922171 0.245964
0.039825 0.101771 0.009741 -0.137807 -0.990099 0.026706
0.040907 0.101706 0.010353 -0.101189 -0.985600 0.135478
0.039583 0.101815 0.009751 -0.103672 -0.994581 -0.007861
0.031319 0.102156 0.013008 -0.067120 -0.993997 0.086396
0.033485 0.102432 0.014430 0.084084 -0.959490 0.268902
0.039364 0.101748 0.010182 -0.079339 -0.995727 -0.047257
0.037535 0.101935 0.011228 -0.117553 -0.991480 0.056111
0.039466 0.102152 0.013244 0.003149 -0.989982 0.141156
0.039674 0.101954 0.012289 -0.069099 -0.988653 0.133382
0.035663 0.102803 0.018744 -0.146770 0.966573 -0.210226
0.039994 0.101727 0.010063 -0.080131 -0.996784 0.000308
0.032035 0.102125 0.013636 -0.072584 -0.982515 0.171455
0.040107 0.101079 0.006734 0.014286 -0.938259 0.345638
0.037647 0.102523 0.014966 -0.033550 -0.989733 0.138932
0.039707 0.101072 0.007015 -0.201945 -0.944745 0.258214
0.031333 0.102146 0.013428 -0.097484 -0.990132 0.100675
0.038161 0.101987 0.012688 -0.048745 -0.985644 0.161648
0.037434 0.101731 0.011555 -0.127189 -0.989728 0.065279
0.037849 0.102345 0.014589 -0.076221 -0.972425 0.220408
0.037932 0.102186 0.013578 -0.039950 -0.987240 0.154149
0.038477 0.102433 0.015077 -0.105634 -0.981470 0.159872
0.038295 0.101938 0.012402 -0.020471 -0.988976 0.146651
0.040956 0.101731 0.010845 -0.071506 -0.988197 0.135478
0.041141 0.101748 0.011138 -0.074357 -0.985561 0.152120
0.041870 0.101837 0.011714 0.032934 0.985992 -0.163507
0.041538 0.101760 0.011431 -0.067297 -0.983553 0.167613
0.041257 0.101703 0.010725 -0.117956 -0.981891 0.148247
0.039040 0.102071 0.013891 0.033788 -0.983944 0.175251
0.041312 0.101706 0.011098 -0.102145 -0.978725 0.177941
0.035721 0.102667 0.018176 0.169105 -0.978572 0.117478
0.039577 0.102370 0.015654 -0.116533 -0.984849 0.128423
0.041668 0.101690 0.011207 -0.081614 -0.978110 0.191417
0.039707 0.102092 0.014436 -0.159174 -0.982328 0.098469
0.038624 0.101889 0.007679 -0.378670 -0.919037 0.109456
0.042106 0.101669 0.011030 0.080306 0.977402 -0.195541
0.038578 0.101640 0.006815 -0.215833 -0.933570 0.286118
0.038437 0.101987 0.007789 -0.339164 -0.940446 0.023023
0.038189 0.101678 0.006910 0.132719 0.928882 -0.345781
0.038436 0.101667 0.006915 -0.210222 -0.931855 0.295724
0.038912 0.101730 0.007616 -0.407782 -0.907411 0.101582
0.040517 0.101958 0.014170 -0.223829 -0.974427 -0.019811
0.039584 0.102022 0.012797 -0.016891 -0.983934 0.177731
0.040270 0.101679 0.009668 -0.149388 -0.975706 0.160251
0.039060 0.101976 0.012266 0.014998 -0.994409 0.104530
0.037841 0.101909 0.008660 -0.025460 -0.999311 0.026990
0.038727 0.102106 0.013400 0.001666 -0.995680 0.092841
0.029619 0.102160 0.012608 -0.084374 -0.986696 0.138969
0.040424 0.101978 0.013127 -0.166174 -0.976810 0.135010
0.033121 0.102908 0.017911 0.015339 -0.988424 0.150940
0.038101 0.101906 0.009360 -0.200902 -0.978330 0.050091
0.033910 0.102188 0.012507 0.174215 -0.984144 0.033312
0.038675 0.102107 0.013764 -0.026866 -0.985128 0.169708
0.036777 0.102132 0.012088 -0.068756 -0.995428 0.066299
0.037668 0.101906 0.008827 0.064689 -0.996951 0.043641
0.040366 0.102020 0.014409 -0.247157 -0.967771 0.048309
0.030311 0.102363 0.013816 -0.148907 -0.933706 0.325608
0.034890 0.102481 0.013576 0.128529 -0.990782 0.042781
0.033933 0.102441 0.014213 0.022803 -0.973647 0.226919
0.037677 0.101960 0.009479 -0.082861 -0.996444 0.015302
0.036459 0.102154 0.012164 -0.030121 -0.993669 0.108230
0.039244 0.102106 0.013076 0.025976 -0.990879 0.132228
0.040464 0.101916 0.014469 0.228626 0.972236 -0.049873
0.033620 0.102548 0.014699 0.031423 -0.970278 0.239943
0.033890 0.102516 0.014574 -0.028394 -0.976327 0.214430
0.034404 0.102382 0.014319 -0.013380 -0.991032 0.132957
0.034339 0.102734 0.016992 -0.019426 -0.998241 0.056018
0.038174 0.102465 0.016613 -0.006472 -0.998858 -0.047334
0.037573 0.101919 0.009039 0.085892 -0.993761 0.071152
0.042149 0.101658 0.007318 -0.084405 0.977539 -0.193117
0.036169 0.102186 0.012309 -0.040850 -0.972450 0.229504
0.032959 0.102849 0.017319 -0.001645 -0.991186 0.132464
0.037285 0.101922 0.010163 0.078063 -0.996937 -0.004860
0.037752 0.101911 0.010349 -0.094921 -0.993440 -0.063773
0.041640 0.101682 0.007778 0.254264 -0.965803 -0.050749
0.041974 0.101755 0.007885 0.177471 -0.983823 -0.024418
0.041706 0.101392 0.006767 -0.174592 0.890197 -0.420794
0.039000 0.102553 0.017906 0.018778 -0.995678 0.090950
0.038591 0.101684 0.009266 -0.119610 -0.992278 0.032823
0.039333 0.101990 0.012278 -0.035512 -0.993077 0.111964
0.037026 0.101844 0.010359 -0.151677 0.978246 -0.141522
0.036865 0.101749 0.009930 -0.266707 0.953313 -0.141638
0.041738 0.101662 0.008133 0.273823 -0.956964 -0.096130
0.038576 0.102503 0.017603 0.024787 -0.996655 0.077877
0.039250 0.102144 0.013250 0.018301 -0.995010 0.098080
0.036398 0.102127 0.013821 -0.112254 -0.988608 0.100265
0.038025 0.101876 0.011809 -0.065412 -0.990564 0.120432
0.037576 0.102473 0.016572 -0.039246 -0.993459 -0.107231
0.037977 0.102454 0.017122 -0.008015 -0.998419 0.055627
0.038194 0.102595 0.018425 -0.060015 -0.987615 0.144963
0.038261 0.102422 0.014893 -0.105900 -0.976405 0.188200
0.037258 0.102460 0.016910 -0.096001 -0.994826 0.033236
0.036281 0.102174 0.013831 -0.177908 -0.978725 0.102207
0.037659 0.102624 0.018086 -0.166850 -0.974944 0.147126
0.037626 0.102532 0.017617 -0.122633 -0.977292 0.172802
0.036035 0.102382 0.013496 -0.190783 -0.981193 -0.029357
0.038491 0.102285 0.014473 -0.050095 -0.981631 0.184094
0.035124 0.102257 0.013963 0.055166 -0.998452 0.007020
0.040118 0.101886 0.011827 -0.066272 -0.994196 0.084745
0.037898 0.102756 0.019142 0.115483 0.984278 -0.133640
0.035803 0.102406 0.013461 -0.151230 -0.988491 0.003936
0.035911 0.102391 0.013681 -0.199624 -0.979720 -0.017314
0.037329 0.102495 0.017192 -0.117319 -0.982830 0.142409
0.039162 0.102390 0.015404 -0.090646 -0.990923 0.099273
0.040980 0.101834 0.011824 -0.020172 -0.997512 0.067553
0.040862 0.101862 0.012241 -0.011372 -0.995606 0.092945
0.035155 0.102615 0.016518 -0.072531 -0.996753 -0.034971
0.041137 0.101803 0.011845 -0.021254 -0.996522 0.080580
0.039810 0.102343 0.015671 -0.131655 -0.983263 0.125943
0.039821 0.102102 0.013543 -0.045483 -0.991626 0.120867
0.034287 0.102235 0.012420 0.084558 -0.982144 0.168056
0.033907 0.102139 0.011964 0.018754 -0.986172 0.164662
0.038143 0.101934 0.011471 -0.087718 -0.988744 0.121205
0.039635 0.102112 0.013478 -0.000178 -0.989349 0.145562
0.029703 0.102201 0.012881 -0.079428 -0.982835 0.166512
0.037066 0.102046 0.011227 -0.121198 -0.989991 0.072316
0.033624 0.102089 0.011803 0.069180 -0.990256 0.120858
0.030993 0.102200 0.013445 -0.106538 -0.987582 0.115459
0.031692 0.102464 0.015458 0.005063 -0.990300 0.138854
0.035161 0.102606 0.018742 0.153745 0.946942 -0.282246
0.033272 0.102408 0.014227 0.134698 -0.938006 0.319375
0.033078 0.102378 0.014249 0.136164 -0.941979 0.306815
0.032011 0.102771 0.016381 -0.167042 -0.981066 0.098009
0.033615 0.101981 0.011017 -0.282424 -0.918955 0.275243
0.032321 0.102187 0.013983 -0.036352 -0.962550 0.268655
0.033822 0.103008 0.018251 -0.001618 -0.992740 0.120273
0.034730 0.103020 0.017829 -0.188710 -0.970018 0.153143
0.031104 0.102154 0.012851 0.035139 0.989227 -0.142111
0.034701 0.102899 0.017629 -0.169504 -0.967277 0.188794
0.037455 0.101862 0.008363 0.173479 -0.984518 0.025071
0.034770 0.102918 0.018513 0.280149 0.959891 0.011223
0.035314 0.101528 0.010776 0.276172 -0.782172 0.558513
0.030637 0.102016 0.012253 0.044433 0.989376 -0.138421
0.041566 0.101680 0.007296 0.214480 -0.958084 0.189928
0.030967 0.102011 0.012262 -0.025702 -0.992637 0.118373
0.037327 0.102521 0.015251 0.030678 -0.996851 0.073121
0.030596 0.102022 0.011995 -0.032532 -0.995849 0.085004
0.037102 0.102023 0.011806 -0.132002 -0.989001 0.066732
0.041242 0.101607 0.007414 0.295974 -0.950960 0.089857
0.031506 0.102466 0.015520 -0.029143 -0.984957 0.170324
0.041848 0.101755 0.007621 0.244294 -0.969644 0.010521
0.041018 0.101522 0.007680 0.284865 -0.956804 -0.058123
0.030046 0.102091 0.012187 -0.079328 -0.988509 0.128673
0.040629 0.101726 0.009979 -0.115103 -0.984977 0.128730
0.041297 0.101485 0.008182 0.290426 -0.951807 -0.098570
0.042138 0.101729 0.008227 0.150849 -0.980225 -0.128076
0.030174 0.102034 0.011624 -0.067311 -0.995597 0.065239
0.041325 0.101589 0.007710 0.264801 -0.962295 -0.062198
0.041862 0.101685 0.008402 0.161262 -0.974023 -0.158976
0.041397 0.101507 0.008688 0.202186 -0.976923 -0.068871
0.040766 0.101416 0.008070 0.154681 -0.984422 -0.083584
0.037018 0.102194 0.013673 -0.005445 -0.995331 0.096371
0.041552 0.101571 0.008555 0.265038 -0.956409 -0.122622
0.029707 0.102104 0.012219 -0.082689 -0.988162 0.129220
0.038699 0.101654 0.009258 -0.048213 -0.997568 0.050335
0.029954 0.102153 0.012658 -0.079296 -0.985956 0.146978
0.039698 0.102467 0.016041 0.099749 0.989621 -0.103443
0.041153 0.101852 0.011483 -0.056279 -0.986572 0.153325
0.040729 0.101902 0.012518 -0.036837 -0.989638 0.138777
0.037838 0.101959 0.009692 -0.102032 -0.994781 -0.001073
0.030578 0.102034 0.012410 0.044433 0.989376 -0.138421
0.031958 0.102700 0.015779 -0.010278 -0.963929 0.265960
0.036765 0.101941 0.010770 0.066804 -0.963208 0.260323
0.033114 0.102742 0.015768 0.060659 -0.997887 -0.023270
0.033240 0.102882 0.017225 -0.005224 -0.988462 0.151379
0.033412 0.102860 0.017494 -0.001106 -0.990246 0.139323
0.033722 0.102117 0.012720 0.227040 -0.973878 -0.003884
0.033744 0.102317 0.013888 0.108452 -0.947182 0.301802
0.032503 0.102081 0.013631 -0.038001 -0.971673 0.233256
0.032674 0.102000 0.013059 -0.047464 -0.993899 0.099554
0.033781 0.102801 0.016951 -0.112740 -0.974562 0.193699
0.036553 0.102478 0.014356 -0.019833 -0.954556 0.297372
0.032695 0.102152 0.013860 0.046641 -0.954926 0.293157
0.034160 0.102226 0.013388 0.227767 -0.959858 0.163690
0.033054 0.101963 0.013079 0.049806 -0.994657 0.090423
0.032819 0.101981 0.013283 -0.017642 -0.992044 0.124648
0.034527 0.102294 0.013454 0.197308 -0.975544 0.096868
0.039405 0.101119 0.006153 -0.368351 -0.928333 0.050154
0.040902 0.101431 0.007248 0.296403 -0.935184 0.193845
0.039325 0.102243 0.013814 0.032425 -0.987080 0.156915
0.038063 0.101970 0.012496 -0.080062 -0.985497 0.149616
0.042341 0.101718 0.007851 -0.125884 0.991080 0.043754
0.041674 0.101621 0.007139 0.185449 -0.937704 0.293803
0.040703 0.101336 0.008580 0.009763 -0.993503 0.113386
0.039821 0.102106 0.012944 -0.045658 -0.983501 0.175049
0.039955 0.101414 0.008215 -0.240023 -0.945174 0.221441
0.039711 0.101318 0.007690 -0.200299 -0.961124 0.190053
0.040574 0.101742 0.010345 -0.033045 -0.996775 0.073122
0.042313 0.101704 0.008376 0.091055 -0.978752 -0.183723
0.041416 0.101530 0.008160 0.327825 -0.939066 -0.103376
0.034014 0.102203 0.012755 0.193005 -0.980998 0.019819
0.041238 0.102008 0.012982 0.029799 0.997543 -0.063400
0.041616 0.101612 0.008359 0.295613 -0.950942 -0.091223
0.040159 0.101539 0.008995 -0.267091 -0.932854 0.241756
0.040408 0.101462 0.008952 -0.205541 -0.947641 0.244395
0.040249 0.101696 0.010059 -0.082125 -0.995867 0.038795
0.042088 0.101513 0.008978 0.045563 -0.963223 -0.264813
0.040488 0.101901 0.011705 -0.024228 -0.997386 0.068076
0.031733 0.102804 0.016091 -0.056776 -0.970777 0.233170
0.040300 0.101789 0.011427 0.013292 -0.985770 0.167573
0.032390 0.102712 0.016129 -0.136387 -0.988600 0.063778
0.033227 0.102766 0.016037 0.017740 -0.989159 -0.145776
0.033569 0.102421 0.014268 0.080064 -0.956403 0.280861
0.032326 0.102103 0.013729 -0.050370 -0.970159 0.237180
0.035430 0.102674 0.016208 -0.052481 -0.998280 -0.026134
0.031095 0.102162 0.013039 -0.045204 -0.989985 0.133740
0.030780 0.102015 0.012367 0.038526 0.990433 -0.132511
0.038234 0.101769 0.010994 -0.127849 -0.990387 0.052799
0.038320 0.101726 0.010633 -0.083626 -0.993806 -0.073185
0.038643 0.101758 0.010926 -0.060043 -0.998116 0.012634
0.038489 0.101742 0.011291 -0.063362 -0.989003 0.133637
0.038449 0.101918 0.012086 0.005410 -0.993564 0.113144
0.038211 0.101823 0.011761 -0.076721 -0.989946 0.118831
0.038545 0.101890 0.011588 -0.032578 -0.986418 0.160989
0.038808 0.101747 0.011238 -0.009262 -0.990930 0.134062
0.039275 0.101698 0.010334 -0.067507 -0.995994 -0.058647
0.039705 0.101651 0.010950 -0.016385 -0.993621 0.111574
0.031645 0.102620 0.015181 -0.000292 -0.992241 0.124326
0.039967 0.101292 0.007766 -0.135224 -0.978527 0.155562
0.032158 0.102083 0.013151 -0.086246 -0.991877 0.093500
0.032704 0.101927 0.012190 -0.026312 0.999517 -0.016534
0.032757 0.101992 0.012730 -0.018759 -0.998511 0.051221
0.032811 0.101956 0.012421 0.030314 -0.999404 0.016542
0.033745 0.102146 0.012512 0.221826 -0.975084 -0.002099
0.033075 0.101988 0.012462 0.112095 -0.993697 0.001201
0.032453 0.102040 0.013218 -0.077789 -0.990310 0.115041
0.033020 0.101956 0.012099 0.137995 -0.990217 0.020700
0.033324 0.102017 0.012664 0.172914 -0.984818 -0.015307
0.033157 0.102193 0.013831 0.114579 -0.935570 0.334036
0.033598 0.103006 0.018227 0.029144 -0.986394 0.161796
0.032904 0.102047 0.013583 0.032467 -0.963052 0.267350
0.033320 0.102012 0.012155 0.157547 -0.987328 0.019019
0.033547 0.102134 0.013615 0.160103 -0.937229 0.309790
0.033844 0.102986 0.017909 -0.006802 -0.977563 0.210533
0.033787 0.102693 0.015265 -0.049479 -0.988808 0.140752
0.033333 0.101973 0.013117 0.141978 -0.987686 0.065721
0.033510 0.102199 0.013796 0.151945 -0.928310 0.339342
0.033059 0.101969 0.013323 0.050502 -0.982201 0.180916
0.033287 0.102025 0.013460 0.130915 -0.956264 0.261573
0.033549 0.102029 0.012902 0.195533 -0.980696 -0.001466
0.034645 0.103018 0.017958 -0.192078 -0.980669 0.037347
0.033742 0.102082 0.013323 0.206388 -0.966253 0.154138
0.033620 0.102028 0.013085 0.213040 -0.973603 0.081921
0.033492 0.102006 0.013280 0.189998 -0.972825 0.132337
0.034216 0.102312 0.013724 0.149967 -0.968212 0.200189
0.034718 0.101576 0.011222 0.030986 -0.870758 0.490735
0.036560 0.102275 0.014051 -0.060024 -0.959620 0.274821
0.042034 0.101777 0.007740 -0.152105 0.988165 0.019867
0.038954 0.101754 0.010942 -0.007710 -0.999494 0.030861
0.040070 0.102160 0.013249 -0.078560 -0.989716 0.119539
0.039753 0.101401 0.008116 -0.259011 -0.934498 0.244186
0.041804 0.101634 0.008595 0.192367 -0.960053 -0.203208
0.040242 0.101312 0.008573 -0.235335 -0.946985 0.218714
0.033451 0.102593 0.014952 0.048474 -0.965564 0.255611
0.033932 0.102565 0.014847 -0.049926 -0.973531 0.223037
0.037498 0.102452 0.014693 -0.035926 -0.982646 0.181981
0.039143 0.101779 0.011218 -0.007573 -0.990748 0.135504
0.039784 0.101756 0.010073 -0.097154 -0.995057 -0.020576
0.039480 0.101720 0.010306 -0.078273 -0.995075 -0.060816
0.042426 0.101499 0.009079 0.084444 -0.968692 -0.233463
0.033141 0.102354 0.014121 0.129189 -0.937773 0.322323
0.041476 0.101382 0.006827 0.224366 -0.872703 0.433647
0.040483 0.101774 0.011375 0.004655 -0.989346 0.145507
0.041415 0.101621 0.007214 0.238447 -0.943315 0.230870
0.039426 0.101703 0.010965 -0.021541 -0.994444 0.103037
0.041452 0.101105 0.006266 0.202265 -0.913081 0.354080
0.039503 0.101700 0.008609 -0.206902 -0.947821 0.242544
0.040067 0.101001 0.006478 -0.031623 -0.952309 0.303491
0.039267 0.102128 0.013135 0.012019 -0.990470 0.137200
0.035043 0.102838 0.018424 -0.249232 -0.966726 0.057649
0.031135 0.102663 0.015645 -0.110357 -0.966074 0.233502
0.039502 0.102357 0.015046 -0.107607 -0.987509 0.115093
0.035314 0.101528 0.010776 0.276172 -0.782172 0.558513
0.036281 0.102174 0.013831 -0.177908 -0.978725 0.102207
0.031303 0.102252 0.009308 0.012454 0.993901 -0.109574
0.031642 0.102200 0.009227 0.158384 0.974436 -0.159338
0.041580 0.101857 0.011660 0.051259 0.987358 -0.149989
0.037302 0.102597 0.015903 -0.023578 -0.998939 0.039554
0.033873 0.101377 0.009177 -0.445517 -0.895053 0.019870
0.030987 0.102438 0.014453 -0.128672 -0.962009 0.240796
0.036970 0.101726 0.008848 0.243022 -0.968549 0.053406
0.037006 0.102546 0.017180 -0.153222 -0.974358 0.164771
0.032050 0.102798 0.016590 -0.167008 -0.980481 0.103754
0.037342 0.102514 0.015077 0.016419 -0.996709 0.079387
0.032550 0.102644 0.015488 0.089398 -0.981795 0.167591
0.031506 0.102127 0.013232 -0.073444 -0.994622 0.073025
0.037566 0.101290 0.006371 -0.023431 0.922321 -0.385712
0.041844 0.101331 0.009640 -0.068577 -0.996549 0.046775
0.033207 0.102688 0.015351 0.044068 -0.985474 0.164011
0.031618 0.102945 0.017406 -0.005190 -0.987325 0.158627
0.034079 0.102597 0.016758 0.008257 -0.993023 0.117628
0.038897 0.102396 0.015224 0.089338 0.988260 -0.123935
0.034282 0.102592 0.015319 -0.082350 -0.983622 0.160329
0.039575 0.102326 0.014873 -0.109998 -0.988253 0.106094
0.032563 0.101797 0.008851 -0.334566 -0.923793 0.186205
0.031842 0.102617 0.015122 0.042478 -0.989148 0.140646
0.041179 0.101881 0.012216 0.021424 -0.995198 0.095509
0.038727 0.102106 0.013400 0.001666 -0.995680 0.092841
0.041881 0.101405 0.009183 -0.008575 -0.981253 -0.192531
0.039205 0.102528 0.016989 -0.025435 0.998907 -0.039228
0.042096 0.101501 0.010240 -0.056314 -0.972010 0.228092
0.041580 0.101371 0.009600 -0.119692 -0.991700 0.046962
0.038474 0.101776 0.010752 -0.069874 -0.996417 -0.047644
0.032955 0.102574 0.016317 -0.003837 -0.997529 -0.070151
0.041316 0.101861 0.011606 -0.054530 -0.988130 0.143618
0.035138 0.101824 0.011434 0.213501 -0.881729 0.420680
0.040285 0.102086 0.013092 -0.093350 -0.985749 0.139947
0.038620 0.101813 0.007886 -0.376139 -0.926287 -0.022610
0.038196 0.101690 0.007097 -0.119160 -0.926374 0.357257
0.030976 0.102856 0.016620 0.013138 0.992877 -0.118421
0.034086 0.101615 0.010725 -0.442808 -0.794459 0.415638
0.035169 0.102793 0.017801 -0.354694 -0.932156 -0.072653
0.031425 0.102551 0.015638 -0.046500 -0.966250 0.253374
0.033614 0.101203 0.007992 0.278988 0.943782 -0.177318
0.040612 0.100946 0.006431 0.118156 -0.938456 0.324560
0.038204 0.101909 0.011963 -0.073214 -0.991318 0.109217
0.039998 0.101919 0.011950 -0.072525 -0.994427 0.076520
0.030972 0.102042 0.008379 0.043986 -0.956901 0.287065
0.037932 0.102186 0.013578 -0.039950 -0.987240 0.154149
0.039893 0.102309 0.015565 -0.129798 -0.984625 0.116906
0.037259 0.102721 0.018162 -0.205332 -0.966725 0.152581
0.032562 0.103010 0.018298 0.111327 0.980500 -0.161943
0.028976 0.102194 0.009824 0.146879 0.988521 -0.035393
0.034904 0.101545 0.011085 0.110897 -0.882079 0.457862
0.037186 0.102188 0.013676 -0.062290 -0.990566 0.122061
0.039378 0.101190 0.005924 -0.364904 -0.931018 0.007138
0.036854 0.102406 0.014289 -0.043408 -0.950372 0.308074
0.030343 0.102582 0.014254 0.209689 0.943255 -0.257489
0.028638 0.101983 0.008001 -0.073293 -0.969017 0.235869
0.031673 0.102142 0.013557 -0.066559 -0.989880 0.125329
0.034561 0.101379 0.010717 -0.171675 -0.804323 0.568851
0.039436 0.101972 0.011912 -0.042190 -0.990003 0.134590
0.034778 0.101847 0.011547 -0.021361 -0.860760 0.508563
0.035470 0.102044 0.012063 0.062524 -0.940855 0.332990
0.038941 0.101624 0.007866 -0.335276 -0.939744 0.066865
0.038402 0.101841 0.009857 -0.174194 -0.983195 0.054617
0.034670 0.102162 0.012312 0.001420 -0.936265 0.351291
0.033571 0.102858 0.017665 -0.008257 -0.984272 0.176468
0.038002 0.101886 0.010278 -0.127476 -0.987822 -0.089206
