0.035259 0.082446 0.233292 -0.336962 -0.090745 0.937135
0.035684 0.081638 0.235621 0.862625 0.244423 -0.442872
0.037646 0.085281 0.237003 -0.064889 0.400969 0.913791
0.039421 0.077428 0.236308 0.010336 0.950640 -0.310123
0.032390 0.082556 0.230497 0.715552 0.017425 -0.698342
0.034140 0.078950 0.231314 0.767099 0.218278 -0.603253
0.032297 0.081510 0.229141 -0.472889 -0.102618 -0.875126
0.034611 0.078641 0.233136 0.983340 0.181526 -0.009472
0.034050 0.080860 0.232761 0.857042 -0.481101 -0.184447
0.038198 0.080636 0.235193 -0.382758 -0.216542 0.898113
0.038755 0.077242 0.235098 -0.526139 -0.054636 0.848642
0.032304 0.080671 0.230289 0.943964 0.113965 0.309748
0.031586 0.082611 0.229154 0.981363 0.079584 -0.174909
0.038957 0.077879 0.235266 -0.494011 -0.058951 0.867455
0.040051 0.080350 0.236198 0.989371 0.107763 0.097631
0.038449 0.084548 0.235804 0.604578 -0.167318 -0.778775
0.033811 0.076716 0.231331 -0.450924 -0.834815 0.315835
0.034955 0.080351 0.232752 -0.286970 -0.123445 0.949952
0.038072 0.085526 0.236958 0.395514 0.384322 0.834185
0.038960 0.079110 0.235280 -0.525929 -0.042442 0.849469
0.038027 0.083806 0.235614 -0.524540 0.109478 0.844318
0.035205 0.084529 0.233817 0.029270 0.108886 -0.993623
0.033467 0.082266 0.231253 0.984623 0.033456 -0.171459
0.034043 0.084822 0.235071 0.936207 0.176586 -0.303864
0.033415 0.077466 0.229701 0.840323 0.194009 -0.506179
0.032599 0.084100 0.230386 -0.524027 0.507842 0.683734
0.034940 0.081814 0.234410 0.887537 0.122503 -0.444152
0.033283 0.082033 0.230960 0.931020 0.110548 -0.347824
0.037564 0.080206 0.234400 0.701061 0.193557 -0.686331
0.032696 0.079497 0.229278 0.792481 0.172105 -0.585110
0.036653 0.080517 0.236752 -0.616624 -0.418797 0.666621
0.038635 0.083972 0.236238 0.729061 -0.179713 -0.660434
0.037745 0.082276 0.235418 -0.668813 -0.213427 0.712136
0.032603 0.077520 0.230603 0.758112 0.217304 -0.614854
0.032406 0.080547 0.230537 0.986203 -0.156788 0.053120
0.035168 0.080706 0.232957 -0.500753 -0.145361 0.853297
0.035810 0.079224 0.235174 0.748443 0.185678 -0.636677
0.034556 0.084511 0.235663 0.735642 0.073048 -0.673420
0.036211 0.084105 0.234440 0.669182 0.069934 -0.739800
0.034548 0.081668 0.233556 0.980782 -0.185151 0.061533
0.033125 0.078677 0.229662 0.838698 0.179985 -0.513996
0.035535 0.085571 0.236159 -0.518500 0.237664 0.821385
0.037482 0.075908 0.234040 -0.637052 0.701320 0.319866
0.033144 0.083890 0.229410 0.869866 0.304589 -0.388019
0.036274 0.078377 0.233298 -0.629908 -0.105535 0.769466
0.033455 0.080835 0.232205 -0.303991 0.465650 0.831120
0.034223 0.087033 0.234706 0.829431 -0.292584 -0.475856
0.036712 0.075585 0.233134 0.714220 -0.557435 -0.423269
0.039843 0.079734 0.235857 -0.606008 -0.109272 0.787918
0.039594 0.079295 0.235617 -0.527137 -0.050731 0.848264
0.033622 0.081814 0.231789 0.816882 0.537843 0.208395
0.032227 0.081394 0.230438 0.789022 0.246033 -0.562950
0.035141 0.075371 0.231414 0.766622 0.256888 -0.588472
0.036872 0.076890 0.233600 -0.637335 -0.264199 0.723881
0.035451 0.078512 0.232691 -0.603635 -0.302738 0.737546
0.034957 0.083310 0.235653 0.819053 0.336187 -0.464899
0.033352 0.080951 0.230958 0.846200 0.155776 -0.509587
0.036611 0.080746 0.233839 -0.517197 -0.190563 0.834382
0.032317 0.080403 0.230109 0.935482 0.267898 0.230444
0.035821 0.083684 0.233878 -0.632130 -0.121886 0.765216
0.034954 0.075845 0.231376 0.554494 0.159403 -0.816779
0.033458 0.079505 0.230490 0.827284 0.217062 -0.518155
0.037191 0.078062 0.234077 -0.575886 -0.052120 0.815867
0.034825 0.084383 0.233851 -0.377447 0.119205 -0.918327
0.034837 0.078218 0.231964 0.773162 0.196543 -0.602985
0.039757 0.080033 0.235873 -0.595277 -0.163692 0.786670
0.037734 0.079908 0.234485 -0.645247 -0.172720 0.744194
0.035682 0.082067 0.235850 0.831033 0.297185 -0.470176
0.033250 0.078295 0.231218 0.524257 0.697178 -0.488976
0.035441 0.077361 0.232447 0.713043 0.168011 -0.680693
0.036371 0.078158 0.233363 -0.645678 -0.093236 0.757896
0.036885 0.084005 0.235009 -0.659507 0.050264 0.750016
0.035227 0.077103 0.232108 0.762553 0.179855 -0.621422
0.037616 0.080953 0.234741 0.764045 0.180043 -0.619531
0.033797 0.079062 0.230814 0.841984 0.203347 -0.499714
0.035987 0.081018 0.233518 -0.525013 -0.180375 0.831761
0.035596 0.084222 0.233863 -0.488308 -0.204687 0.848327
0.032269 0.083460 0.230148 0.836465 -0.181601 -0.517057
0.038925 0.079400 0.235291 -0.541357 -0.036043 0.840020
0.035739 0.083371 0.233813 -0.636323 -0.100370 0.764865
0.035764 0.078953 0.233117 -0.527976 -0.275585 0.803302
0.034480 0.081004 0.233452 0.922260 -0.132011 -0.363330
0.035151 0.084149 0.233696 0.019578 -0.348297 0.937180
0.035459 0.079523 0.233123 -0.604223 -0.133018 0.785634
0.034535 0.083296 0.234614 0.952334 0.289560 -0.095991
0.034396 0.083557 0.234336 0.970777 0.172203 0.167147
0.034293 0.084747 0.234159 0.730828 0.107696 0.674012
0.031914 0.083815 0.229477 0.825149 -0.196292 -0.529716
0.037154 0.083305 0.235213 -0.656888 -0.165123 0.735685
0.034492 0.075986 0.232172 0.041873 -0.163569 0.985643
0.035760 0.086729 0.233748 0.328459 -0.249298 -0.911024
0.034718 0.086791 0.233218 -0.361634 -0.445250 -0.819129
0.038564 0.083513 0.236380 0.781109 0.005851 -0.624368
0.032987 0.080578 0.230083 0.820522 0.202584 -0.534512
0.038266 0.081437 0.235427 -0.442660 -0.377834 0.813200
0.037424 0.080734 0.234379 -0.683051 -0.162006 0.712176
0.035609 0.082308 0.233638 -0.602005 -0.113498 0.790385
0.036535 0.075603 0.234210 0.022714 -0.869181 0.493972
0.034155 0.075375 0.231692 0.506465 -0.494982 -0.706035
0.034408 0.081068 0.232409 -0.455815 -0.504507 0.733284
0.039579 0.079857 0.235703 -0.581679 -0.085184 0.808945
0.033239 0.080402 0.230533 0.858941 0.206834 -0.468445
0.034705 0.083275 0.235022 0.886709 0.349082 -0.303132
0.034549 0.080950 0.233550 0.915331 0.029235 -0.401639
0.039413 0.082183 0.236353 0.564472 0.405126 -0.719197
0.032933 0.083833 0.230717 0.098098 -0.565295 -0.819035
0.033655 0.079254 0.230660 0.828734 0.210130 -0.518695
0.032551 0.081157 0.229481 0.902588 0.250221 -0.350320
0.036047 0.077828 0.233066 -0.692313 -0.120796 0.711414
0.038330 0.079770 0.234932 -0.551270 -0.190463 0.812296
0.035332 0.083854 0.236543 -0.650025 0.000912 0.759912
0.034339 0.080627 0.233202 0.870743 -0.052823 -0.488893
0.033370 0.080226 0.232266 0.664400 0.249538 -0.704488
0.035965 0.083866 0.236752 -0.478551 0.024684 0.877713
0.035737 0.083080 0.233800 -0.653548 -0.079885 0.752658
0.035177 0.081734 0.233242 -0.352428 -0.185946 0.917180
0.032094 0.084008 0.229664 0.780549 -0.303094 -0.546697
0.032005 0.084328 0.229371 0.758774 -0.487508 -0.431971
0.032888 0.084084 0.230607 -0.149592 0.605525 0.781641
0.032363 0.081275 0.230738 0.864293 0.096105 -0.493722
0.038668 0.079157 0.235115 -0.526345 -0.059085 0.848216
0.033218 0.078823 0.229816 0.831997 0.196113 -0.518961
0.035244 0.076343 0.231882 0.805535 0.153894 -0.572215
0.032707 0.082385 0.230962 -0.638268 -0.016519 0.769637
0.034961 0.078279 0.232114 0.768816 0.206901 -0.605074
0.039714 0.079569 0.235708 -0.503673 -0.093345 0.858836
0.036488 0.076767 0.233183 -0.647146 -0.163185 0.744696
0.036757 0.083787 0.237205 -0.546905 0.094984 0.831789
0.032606 0.080866 0.229540 0.913643 0.309394 -0.263687
0.034162 0.074804 0.231802 -0.505401 -0.830150 -0.235418
0.037888 0.083894 0.235540 -0.492369 0.107334 0.863743
0.036248 0.085176 0.236623 -0.469788 0.266906 0.841463
0.039177 0.082743 0.236488 0.580549 0.447323 -0.680341
0.040472 0.078561 0.236118 0.915620 0.126710 0.381555
0.033497 0.077867 0.229966 0.834083 0.174354 -0.523361
0.033945 0.077697 0.230586 0.791764 0.225593 -0.567642
0.035148 0.086263 0.235725 -0.525974 0.243461 0.814910
0.034497 0.081538 0.233420 0.936739 -0.346889 -0.046788
0.034341 0.076384 0.232079 0.789592 0.284120 -0.543894
0.033800 0.076609 0.230013 0.811636 -0.112121 -0.573302
0.034151 0.080928 0.232054 0.737902 0.374075 -0.561755
0.034444 0.081126 0.233367 0.949894 -0.186152 -0.251094
0.034767 0.079635 0.233944 0.879900 0.069971 -0.469979
0.031809 0.084248 0.229104 0.784808 -0.501041 -0.364739
0.035787 0.086301 0.236083 -0.488723 0.263365 0.831738
0.037540 0.076688 0.234254 -0.663007 -0.116698 0.739461
0.037451 0.084544 0.235333 -0.493751 0.149360 0.856681
0.038619 0.082901 0.236377 -0.638630 -0.371137 0.674099
0.035458 0.076229 0.232164 0.793719 0.152316 -0.588906
0.032704 0.079733 0.230844 0.100848 0.741344 -0.663505
0.036388 0.075864 0.232852 0.607860 0.192750 -0.770294
0.034765 0.077698 0.231727 0.777541 0.213384 -0.591522
0.040048 0.079190 0.235921 0.725927 0.247371 -0.641746
0.036877 0.081656 0.234340 -0.497581 -0.339649 0.798155
0.039800 0.080487 0.236043 0.704828 0.160729 -0.690930
0.036636 0.078073 0.233681 -0.646329 -0.045316 0.761712
0.032834 0.081698 0.230188 -0.635328 -0.710472 0.302635
0.033166 0.083366 0.230946 -0.183710 -0.512723 -0.838669
0.034638 0.079276 0.233520 0.942202 0.117689 -0.313695
0.039429 0.081519 0.236129 0.564834 0.311388 -0.764199
0.034994 0.078632 0.232532 0.715299 0.627137 -0.308297
0.033239 0.077292 0.229350 0.743639 0.093900 -0.661955
0.033814 0.080161 0.231474 0.822438 0.191005 -0.535830
0.032989 0.077219 0.228948 0.403931 -0.101509 -0.909140
0.035006 0.077174 0.231793 0.755692 0.223456 -0.615628
0.038041 0.078655 0.234633 -0.577730 -0.049270 0.814740
0.033705 0.081748 0.231643 0.930594 0.365315 -0.023219
0.034322 0.078925 0.232852 -0.111760 0.906979 0.406077
0.037522 0.083099 0.238152 0.614102 -0.200538 -0.763324
0.036637 0.080895 0.233973 -0.518926 -0.242270 0.819769
0.037059 0.085830 0.236829 -0.170749 0.284959 0.943209
0.032725 0.082312 0.228940 0.247946 -0.285045 -0.925890
0.035108 0.085334 0.233782 0.075782 0.153195 0.985286
0.036066 0.082754 0.236712 0.731935 0.090135 -0.675387
0.034945 0.078560 0.232327 0.810033 0.274181 -0.518335
0.036399 0.085153 0.236745 -0.413480 0.286235 0.864352
0.034645 0.075762 0.230940 0.723378 0.378909 -0.577193
0.033449 0.083684 0.230342 0.844335 0.312532 0.435227
0.038512 0.077813 0.234938 -0.579980 -0.040273 0.813634
0.037772 0.083020 0.235557 -0.566570 -0.178199 0.804515
0.032930 0.079731 0.229702 0.866818 0.192451 -0.459988
0.036430 0.077048 0.234310 0.197826 -0.530314 0.824398
0.034169 0.079968 0.232950 0.774334 0.103812 -0.624203
0.036670 0.078936 0.233649 -0.601181 -0.070305 0.796014
0.035301 0.085087 0.236143 -0.560674 0.198639 0.803858
0.032489 0.080703 0.230861 0.935860 -0.023112 -0.351614
0.036618 0.084355 0.237146 -0.474550 0.126579 0.871080
0.039429 0.078523 0.235553 -0.478746 -0.163754 0.862547
0.035135 0.082651 0.235394 0.826266 0.373998 -0.421200
0.035386 0.077164 0.232302 0.730135 0.163230 -0.663520
0.036876 0.077112 0.233702 -0.677231 -0.180640 0.713252
0.039569 0.077972 0.235512 -0.471062 -0.097503 0.876695
0.031872 0.084491 0.228949 0.692605 -0.618305 -0.371480
0.038403 0.077864 0.234848 -0.587357 -0.043864 0.808139
0.032032 0.081438 0.229881 0.924068 0.320700 -0.207965
0.037445 0.082356 0.235005 0.684772 0.274175 -0.675215
0.035417 0.084696 0.236327 -0.569443 0.231784 0.788676
0.035649 0.081759 0.233542 -0.543479 -0.178898 0.820138
0.032283 0.081412 0.228981 -0.219626 -0.026869 -0.975214
0.039624 0.078250 0.235576 0.474111 0.169089 -0.864076
0.038371 0.077630 0.234812 -0.589425 -0.041321 0.806766
0.037645 0.082098 0.235351 0.690524 0.244062 -0.680890
0.032127 0.081626 0.230179 0.799741 0.326353 -0.503894
0.034845 0.085993 0.233648 0.153184 0.384322 0.910402
0.034406 0.081338 0.232605 0.760272 0.035149 -0.648653
0.038318 0.086087 0.235425 -0.455087 -0.759989 0.464018
0.035067 0.074796 0.232926 -0.358987 0.915002 -0.184117
0.033288 0.078998 0.230133 0.831858 0.197764 -0.518557
0.037625 0.084948 0.237116 0.082995 -0.432233 -0.897934
0.034332 0.083992 0.234245 0.889864 0.146342 0.432117
0.035402 0.083645 0.236534 -0.626987 -0.083243 0.774570
0.035074 0.086894 0.235439 0.544181 -0.263573 -0.796490
0.037314 0.082226 0.234871 -0.662746 -0.312545 0.680502
0.033232 0.079941 0.230289 0.841838 0.183981 -0.507405
0.038061 0.080351 0.234942 -0.540291 -0.300132 0.786134
0.034021 0.075148 0.231568 0.942511 0.315448 0.110301
0.031980 0.082549 0.229867 0.862497 -0.073607 -0.500680
0.034619 0.077256 0.231305 0.723935 0.088044 -0.684227
0.033229 0.082525 0.230287 0.928030 -0.363464 0.081572
0.033852 0.078333 0.232168 0.772318 0.354008 -0.527449
0.035817 0.079166 0.233210 -0.490803 -0.209422 0.845727
0.037027 0.086303 0.236714 0.252651 -0.289463 -0.923244
0.034655 0.081476 0.232838 0.007803 0.594034 -0.804402
0.033808 0.079806 0.232581 -0.665429 -0.166452 0.727666
0.034339 0.078784 0.231513 0.743407 0.242388 -0.623373
0.034482 0.078647 0.232952 0.911338 0.379118 -0.160413
0.038435 0.082878 0.236000 0.671515 0.315292 -0.670566
0.032272 0.084733 0.229189 -0.400019 0.864669 0.303861
0.036641 0.084116 0.237166 -0.498631 0.078109 0.863288
0.040041 0.079918 0.236100 0.973290 0.200808 -0.111279
0.033292 0.077475 0.231250 -0.604513 -0.046379 0.795244
0.035364 0.082625 0.233411 -0.453450 -0.127702 0.882086
0.033148 0.081820 0.231747 0.217700 -0.598885 -0.770677
0.035775 0.077967 0.232730 -0.677718 -0.132061 0.723366
0.036076 0.076934 0.232901 -0.652223 -0.145575 0.743918
0.032590 0.082424 0.228753 0.031821 0.184738 0.982272
0.034625 0.077855 0.232892 0.916638 0.166496 -0.363392
0.036122 0.082514 0.236741 0.762081 0.129172 -0.634466
0.038432 0.077351 0.234871 -0.576502 -0.046773 0.815756
0.035975 0.084111 0.234216 -0.636350 -0.109331 0.763613
0.038686 0.077057 0.235046 -0.527057 -0.058831 0.847791
0.033459 0.078734 0.231731 0.902011 0.122736 0.413899
0.035531 0.075539 0.231968 0.768145 0.227873 -0.598353
0.037525 0.081463 0.234698 0.720858 0.268874 -0.638804
0.033187 0.081183 0.230730 0.844003 0.254769 -0.471965
0.033070 0.080890 0.230421 0.821958 0.253118 -0.510213
0.036620 0.084655 0.237095 -0.443387 0.232712 0.865594
0.037597 0.078106 0.234315 -0.559449 -0.062449 0.826509
0.032777 0.078812 0.230946 -0.524322 0.418861 0.741379
0.034874 0.085094 0.235839 -0.584719 0.167217 0.793815
0.032880 0.082297 0.229192 0.833582 -0.369963 -0.410206
0.035584 0.075675 0.232226 0.751072 0.229062 -0.619211
0.034761 0.082789 0.233350 -0.560718 0.250856 -0.789092
0.035988 0.082903 0.234044 -0.675161 -0.118234 0.728134
0.036823 0.080507 0.233922 -0.529216 -0.150622 0.835011
0.032684 0.083280 0.230824 -0.450475 0.233168 0.861803
0.032911 0.079332 0.231216 0.556208 -0.362062 -0.748027
0.035486 0.080901 0.234798 0.796028 0.118621 -0.593522
0.035729 0.084010 0.233857 -0.556546 -0.180217 0.811036
0.033341 0.082834 0.230224 0.935683 -0.301668 0.183016
0.032221 0.082145 0.230311 0.834122 0.044951 -0.549745
0.038833 0.079075 0.236039 -0.069476 -0.850136 0.521959
0.036579 0.085565 0.234546 0.556129 -0.148558 -0.817711
0.034957 0.080652 0.232807 -0.348927 -0.129301 0.928187
0.037610 0.080688 0.234628 0.745815 0.209129 -0.632475
0.034404 0.080852 0.232326 0.362749 0.583329 -0.726732
0.035521 0.082057 0.233535 -0.548758 -0.093456 0.830741
0.032230 0.079865 0.229861 0.594336 -0.755414 -0.275889
0.034708 0.079362 0.232307 0.743557 0.406595 -0.530852
0.038698 0.083463 0.236588 0.733578 0.092603 -0.673267
0.037168 0.083997 0.235257 -0.588437 0.095471 0.802887
0.038639 0.082717 0.236093 -0.601079 -0.403642 0.689765
0.037479 0.082897 0.235372 -0.614170 -0.248880 0.748902
0.038784 0.078253 0.235170 -0.531409 -0.045224 0.845908
0.034157 0.075895 0.231583 0.608493 -0.265357 -0.747879
0.037034 0.075928 0.233507 0.825557 -0.301065 -0.477301
0.035404 0.081583 0.233436 -0.514950 -0.199932 0.833579
0.035813 0.084189 0.234025 -0.593799 -0.175649 0.785207
0.032861 0.076251 0.230057 -0.393347 -0.862718 -0.317798
0.036745 0.076544 0.233347 -0.658982 -0.180701 0.730130
0.034676 0.078985 0.233343 0.995404 -0.023456 -0.092844
0.034047 0.077482 0.232218 0.779881 -0.037441 -0.624807
0.036025 0.079782 0.233486 -0.473830 -0.082091 0.876782
0.035554 0.080513 0.234824 0.787801 0.059802 -0.613019
0.036503 0.077531 0.233436 -0.664354 -0.156352 0.730882
0.035411 0.075434 0.231752 0.769077 0.220872 -0.599780
0.033366 0.079770 0.230431 0.834564 0.213353 -0.507921
0.037295 0.083090 0.235390 -0.605741 -0.234059 0.760456
0.039657 0.078826 0.235670 -0.459276 -0.058429 0.886370
0.037378 0.078375 0.234196 -0.569679 -0.037733 0.821001
0.036222 0.085647 0.236586 -0.482956 0.267337 0.833837
0.035706 0.080009 0.233285 -0.513755 -0.045823 0.856712
0.035892 0.083658 0.236765 -0.496782 -0.082257 0.863968
0.040121 0.080048 0.236183 0.940329 0.214803 0.263895
0.037101 0.081994 0.234614 -0.539281 -0.335090 0.772587
0.034765 0.078919 0.233636 0.898946 0.208078 -0.385486
0.032409 0.079065 0.230464 0.784997 -0.206667 -0.584010
0.039356 0.080587 0.235724 -0.580180 -0.191630 0.791624
0.032427 0.083138 0.230482 0.810423 -0.174837 -0.559148
0.034404 0.080985 0.233304 0.942282 -0.135166 -0.306323
0.039130 0.078676 0.235388 -0.521400 -0.123697 0.844299
0.035436 0.083670 0.233565 -0.371557 -0.172599 0.912225
0.035934 0.082086 0.236234 0.823761 0.204177 -0.528895
0.036074 0.085495 0.234187 -0.447113 0.158764 0.880275
0.036179 0.083878 0.234306 -0.681670 -0.075424 0.727762
0.033926 0.079825 0.231536 0.726889 0.394757 -0.561960
0.039698 0.078873 0.236828 -0.567825 -0.169324 -0.805546
0.035728 0.082848 0.233731 -0.635493 -0.127612 0.761488
0.032319 0.079785 0.230052 0.689744 -0.668739 0.277563
0.036461 0.085664 0.236722 -0.420251 0.261355 0.868955
0.036283 0.084676 0.236932 -0.488339 0.218462 0.844867
0.033493 0.076547 0.229511 0.398576 -0.517659 -0.757078
0.034183 0.080645 0.232979 0.872622 -0.167870 -0.458640
0.032634 0.079186 0.228914 0.011140 0.050952 -0.998639
0.037520 0.082390 0.235152 0.690784 0.273455 -0.669358
0.032713 0.084246 0.230414 -0.273169 0.660357 0.699505
0.036075 0.080872 0.236169 0.855334 0.231073 -0.463690
0.032752 0.084668 0.229519 0.252419 0.967168 0.029518
0.035351 0.080018 0.232941 -0.621318 -0.067719 0.780627
0.033481 0.079290 0.232090 0.603886 0.134312 -0.785673
0.035431 0.081870 0.235233 0.835016 0.285349 -0.470451
0.033226 0.081026 0.230745 0.851019 0.159478 -0.500333
0.038750 0.084733 0.236174 0.879965 -0.076883 -0.468775
0.034579 0.077512 0.231333 0.782775 0.235899 -0.575860
0.039392 0.078424 0.236403 0.862448 0.463093 -0.204275
0.035176 0.082192 0.235036 0.852309 0.301126 -0.427659
0.035193 0.075058 0.231407 0.504231 -0.645024 -0.574190
0.035789 0.081247 0.233494 -0.509585 -0.231525 0.828686
0.034100 0.086155 0.234068 0.930101 0.048885 0.364037
0.037114 0.081378 0.234266 -0.457447 -0.308931 0.833849
0.036129 0.077962 0.233166 -0.670978 -0.116802 0.732219
0.037192 0.080498 0.234158 -0.586608 -0.158265 0.794257
0.034353 0.079248 0.231759 0.751549 0.329354 -0.571577
0.037795 0.078874 0.234529 -0.570298 -0.038696 0.820526
0.037200 0.080846 0.234193 -0.587701 -0.163480 0.792390
0.034291 0.079751 0.231980 0.836952 0.202707 -0.508351
0.035767 0.077202 0.232668 -0.684502 -0.127357 0.717800
0.037923 0.085697 0.236858 0.373209 0.395767 0.839097
0.035757 0.085873 0.236214 -0.501077 0.262146 0.824743
0.039193 0.080275 0.235551 -0.524041 -0.138998 0.840274
0.038873 0.082488 0.236126 -0.534737 -0.407246 0.740410
0.036199 0.085977 0.236377 -0.488607 0.269603 0.829805
0.034147 0.079429 0.231584 0.782423 0.310824 -0.539632
0.032812 0.078266 0.229061 0.767433 0.181541 -0.614889
0.037999 0.080088 0.234744 -0.621801 -0.295396 0.725330
0.034183 0.078699 0.231268 0.727453 0.118357 -0.675873
0.038008 0.078321 0.234586 -0.576662 -0.058051 0.814918
0.037392 0.084446 0.237457 -0.248911 0.385297 0.888589
0.033239 0.083162 0.229546 0.932979 -0.128427 -0.336239
0.034635 0.075478 0.232348 -0.234943 0.239036 0.942159
0.035060 0.081923 0.234622 0.850789 0.203028 -0.484703
0.034339 0.080640 0.232197 0.639542 0.426669 -0.639484
0.038553 0.079623 0.235101 -0.547846 -0.131725 0.826144
0.033728 0.075402 0.231190 0.700680 0.688680 0.186460
0.036251 0.076780 0.233052 -0.638790 -0.159568 0.752653
0.035174 0.084355 0.236205 -0.672212 0.111476 0.731918
0.034950 0.082706 0.233253 0.066371 -0.295464 0.953046
0.033901 0.080460 0.231644 0.823549 0.265443 -0.501305
0.037411 0.080974 0.234396 -0.663166 -0.158597 0.731476
0.036248 0.075723 0.232743 0.603404 0.243020 -0.759503
0.039856 0.080212 0.236021 0.660792 0.212033 -0.719997
0.034114 0.077027 0.230610 0.874992 0.061580 -0.480205
0.034021 0.077401 0.230587 0.784299 0.202086 -0.586546
0.035572 0.076523 0.232343 0.753737 0.130525 -0.644083
0.035400 0.081256 0.234817 0.800676 0.136569 -0.583324
0.038567 0.084222 0.236059 0.692838 -0.224748 -0.685175
0.037113 0.083290 0.237714 0.643522 -0.227368 -0.730879
0.032547 0.081180 0.231106 0.971207 -0.079172 -0.224696
0.033040 0.084071 0.230553 -0.068801 -0.660210 -0.747923
0.032854 0.080023 0.229717 0.856426 0.144139 -0.495741
0.032754 0.076250 0.229894 -0.399004 -0.867807 -0.296154
0.034083 0.076398 0.231526 0.548942 0.269239 0.791311
0.039363 0.078168 0.235472 -0.473901 -0.198987 0.857801
0.038943 0.081697 0.235819 -0.412309 -0.366878 0.833908
0.035906 0.081814 0.233654 -0.528720 -0.193064 0.826548
0.035269 0.080769 0.234660 0.796518 0.087124 -0.598304
0.032212 0.078210 0.230125 0.988265 -0.082758 0.128391
0.032853 0.080630 0.231656 0.802771 -0.156861 -0.575286
0.034455 0.077489 0.231157 0.770783 0.245469 -0.587910
0.032103 0.079340 0.229657 0.856250 -0.080006 0.510329
0.035883 0.082639 0.233801 -0.644063 -0.136471 0.752701
0.033931 0.086161 0.234722 0.904141 -0.149170 -0.400347
0.033480 0.082357 0.231467 -0.516608 -0.373859 -0.770289
0.031854 0.081310 0.229496 0.881188 0.341355 0.327086
0.036893 0.083395 0.237408 -0.646617 0.171917 0.743189
0.033171 0.076696 0.230848 0.572551 0.288286 -0.767513
0.038068 0.079400 0.234694 -0.595078 -0.059479 0.801464
0.037312 0.076137 0.233775 0.676529 -0.129790 -0.724889
0.035145 0.078313 0.233891 0.767328 0.336149 -0.546088
0.032411 0.078607 0.230514 0.760975 -0.100608 -0.640934
0.032547 0.083379 0.230598 -0.680823 0.258642 0.685263
0.040387 0.078090 0.235899 0.939712 0.027035 -0.340897
0.033053 0.083139 0.231129 0.311728 -0.376264 -0.872497
0.035308 0.084796 0.236227 -0.565228 0.213272 0.796889
0.038301 0.081597 0.235662 -0.431060 -0.397221 0.810187
0.035779 0.075537 0.233654 -0.600025 0.799958 -0.006121
0.037143 0.078311 0.234015 -0.577016 -0.021645 0.816446
0.035738 0.075414 0.232230 0.714295 0.251848 -0.652959
0.032431 0.081370 0.229327 0.980423 -0.061373 -0.187096
0.037330 0.079608 0.234154 -0.566867 -0.041413 0.822768
0.034269 0.077967 0.231134 0.772608 0.278572 -0.570503
0.036758 0.083124 0.234747 -0.682483 -0.177704 0.708970
0.033761 0.076797 0.230098 0.846621 0.130327 -0.515992
0.038896 0.080519 0.235392 -0.457546 -0.115985 0.881589
0.032886 0.082664 0.229017 0.663767 -0.297252 -0.686334
0.033356 0.082820 0.230865 0.996108 0.086197 -0.018434
0.034465 0.080235 0.232268 0.804109 0.297550 -0.514657
0.032682 0.080778 0.229722 0.811714 0.475689 -0.338881
0.036859 0.080736 0.234036 -0.526842 -0.176911 0.831349
0.033350 0.082818 0.231305 0.236401 -0.328784 -0.914339
0.038630 0.081593 0.235720 -0.329967 -0.432473 0.839100
0.035720 0.086675 0.235965 0.490378 -0.265096 -0.830213
0.032320 0.081952 0.230438 0.826015 0.205882 -0.524701
0.036385 0.077101 0.233188 -0.655379 -0.166576 0.736702
0.039884 0.077851 0.236633 0.883221 0.065964 0.464295
0.037512 0.083101 0.235508 -0.564139 -0.198780 0.801395
0.037815 0.082004 0.235353 -0.672133 -0.274254 0.687766
0.038489 0.077049 0.234900 -0.558663 -0.037380 0.828552
0.034999 0.086500 0.235538 0.539627 -0.240673 -0.806771
0.037390 0.083126 0.238030 0.622926 -0.219571 -0.750834
0.035142 0.079185 0.232723 -0.615937 -0.164393 0.770452
0.036243 0.084962 0.236765 -0.466505 0.255870 0.846702
0.039273 0.079302 0.235448 -0.560590 -0.009663 0.828037
0.032798 0.079521 0.229367 0.877745 0.205195 -0.432966
0.035915 0.085728 0.236337 -0.492090 0.273717 0.826394
0.034497 0.083711 0.233988 0.767360 -0.095866 0.634010
0.033049 0.079583 0.229898 0.846569 0.186817 -0.498417
0.034906 0.075562 0.231189 0.721572 0.250472 -0.645444
0.035604 0.082914 0.233627 -0.608497 -0.110287 0.785855
0.032718 0.084602 0.229800 0.008073 -0.926070 -0.377265
0.034769 0.077500 0.232963 0.684305 0.457122 -0.568125
0.036662 0.080766 0.234086 -0.521503 -0.179786 0.834093
0.035674 0.079891 0.235050 0.769793 0.086246 -0.632441
0.032646 0.080293 0.231038 0.546374 -0.832997 0.087128
0.032058 0.079113 0.229760 0.876015 -0.127969 0.464996
0.033056 0.079131 0.229705 0.854792 0.193582 -0.481515
0.035197 0.086518 0.233446 0.147107 -0.277876 -0.949286
0.033010 0.081605 0.231715 -0.489680 0.470757 0.733895
0.035194 0.083258 0.236038 0.780134 0.343200 -0.523072
0.038702 0.085384 0.235929 0.974364 0.206429 0.089458
0.039141 0.076802 0.235213 0.530878 0.069861 -0.844564
0.032747 0.082788 0.230976 -0.530021 0.215142 0.820239
0.037613 0.078173 0.235658 0.489960 0.569816 -0.659734
0.037645 0.085827 0.236827 0.089778 -0.285664 -0.954115
0.034882 0.079117 0.232405 0.761972 0.280415 -0.583752
0.038573 0.076792 0.234932 0.526504 0.050459 -0.848674
0.036342 0.084573 0.236970 -0.494865 0.192164 0.847456
0.034307 0.078435 0.231394 0.695945 0.227181 -0.681212
0.035744 0.078226 0.232744 -0.633460 -0.211755 0.744237
0.037528 0.082491 0.238193 0.632027 -0.102572 -0.768128
0.032593 0.078653 0.230732 -0.658311 0.251966 0.709324
0.034702 0.078945 0.231958 0.779275 0.284549 -0.558356
0.039099 0.078957 0.235361 0.476761 0.020830 -0.878786
0.032945 0.080390 0.229955 0.834113 0.196310 -0.515478
0.034688 0.078384 0.233172 0.926808 0.047177 -0.372559
0.034705 0.085160 0.235671 -0.593217 0.159738 0.789035
0.033939 0.085346 0.234925 0.941611 -0.013892 -0.336417
0.037743 0.080499 0.234966 -0.677978 -0.267856 0.684542
0.035360 0.078116 0.232458 -0.658375 -0.247415 0.710864
0.035216 0.083407 0.236204 0.750743 0.202135 -0.628908
0.035571 0.080894 0.233221 -0.518327 -0.189523 0.833917
0.034489 0.076987 0.231067 0.768042 0.097908 -0.632871
0.037296 0.079119 0.234154 -0.586992 -0.023492 0.809252
0.040146 0.077699 0.235723 0.641440 -0.458628 -0.614992
0.033522 0.078050 0.230067 0.836412 0.171743 -0.520499
0.037157 0.076110 0.233656 0.762918 -0.058058 -0.643883
0.035603 0.083577 0.233699 -0.542108 -0.118882 0.831857
0.037485 0.082247 0.238154 -0.643052 0.040035 0.764776
0.034330 0.078593 0.232771 0.865584 0.037845 -0.499332
0.037649 0.084050 0.237684 0.399259 -0.332687 -0.854349
0.034312 0.076830 0.232286 0.572465 0.323393 -0.753459
0.037803 0.082507 0.235542 -0.597735 -0.192908 0.778139
0.036723 0.076809 0.233455 -0.667135 -0.181312 0.722535
0.035679 0.075277 0.232021 0.750785 0.247089 -0.612592
0.038904 0.080792 0.235438 -0.467515 -0.209499 0.858801
0.034082 0.087022 0.234399 0.971548 -0.170247 -0.164654
0.035841 0.086436 0.233873 0.404237 -0.228379 -0.885684
0.034859 0.077927 0.233295 0.874868 0.174778 -0.451728
0.036904 0.085803 0.234563 0.551504 -0.157682 -0.819134
0.034750 0.078722 0.231830 0.793881 0.220686 -0.566613
0.034977 0.077580 0.231900 0.772181 0.215025 -0.597913
0.032772 0.080889 0.229847 0.761954 0.239231 -0.601825
0.033453 0.080633 0.231030 0.852022 0.167001 -0.496155
0.037497 0.080930 0.234496 0.727252 0.162230 -0.666922
0.034769 0.079147 0.233791 0.880130 0.192708 -0.433860
0.037619 0.079404 0.234394 -0.582813 -0.025126 0.812218
0.032404 0.080783 0.228925 0.177426 0.083301 -0.980602
0.034742 0.075337 0.230951 -0.063696 -0.619100 -0.782725
0.037114 0.082336 0.237876 -0.647928 0.034367 0.760926
0.033869 0.081275 0.232086 0.769428 0.226482 -0.597232
0.033965 0.087207 0.233411 0.818315 0.350989 0.455156
0.034471 0.080254 0.233373 0.890137 0.076508 -0.449224
0.031922 0.082012 0.229733 0.865264 0.366530 -0.342014
0.034594 0.084971 0.233949 0.494744 0.118924 0.860863
0.032499 0.080653 0.229193 0.766042 0.202175 -0.610168
0.036002 0.082032 0.233756 -0.576696 -0.163517 0.800427
0.033496 0.081797 0.231234 0.932982 0.184569 -0.308997
0.036268 0.083335 0.234318 -0.687357 -0.105439 0.718626
0.037282 0.084649 0.235205 -0.524607 0.154612 0.837187
0.034927 0.083967 0.235967 0.790551 0.038101 -0.611210
0.034551 0.081172 0.232503 -0.457506 -0.506075 0.731147
0.037749 0.076550 0.234404 -0.628188 -0.095745 0.772148
0.032899 0.083691 0.228895 0.670537 0.226102 -0.706582
0.036323 0.082951 0.234357 -0.675185 -0.144137 0.723429
0.034958 0.084255 0.236027 -0.697512 0.052251 0.714666
0.034799 0.082660 0.234420 0.948958 0.215412 -0.230385
0.035365 0.083983 0.233604 -0.357461 -0.241229 0.902236
0.039673 0.078598 0.236704 -0.667920 -0.210790 -0.713758
0.033268 0.079628 0.230234 0.830831 0.190855 -0.522775
0.034211 0.087120 0.234620 0.878433 -0.269216 -0.394815
0.032088 0.082661 0.230039 0.857513 -0.081652 -0.507941
0.035274 0.085314 0.235920 -0.553107 0.194184 0.810164
0.037470 0.081199 0.234530 0.730300 0.202251 -0.652500
0.033818 0.080341 0.232610 0.688358 -0.311990 -0.654847
0.033685 0.077448 0.231527 0.306586 -0.223432 0.925247
0.034232 0.074521 0.231994 -0.252645 -0.937564 -0.239047
0.034574 0.081427 0.233715 0.979098 -0.161606 -0.123496
0.035236 0.085786 0.235931 -0.523753 0.230761 0.820020
0.036364 0.085400 0.236697 -0.432273 0.268245 0.860921
0.037397 0.082140 0.238064 -0.643052 0.040035 0.764776
0.036929 0.085083 0.237075 -0.280662 0.353860 0.892195
0.036253 0.081047 0.236629 0.807571 0.240700 -0.538416
0.033621 0.079481 0.230749 0.838504 0.241293 -0.488558
0.037667 0.082563 0.235408 -0.651887 -0.243395 0.718194
0.035948 0.082648 0.236579 0.733623 0.197908 -0.650100
0.036566 0.083307 0.237159 -0.621373 0.085725 0.778811
0.038707 0.077626 0.235079 -0.537722 -0.049575 0.841663
0.033136 0.077839 0.229418 0.841307 0.183405 -0.508493
0.033329 0.081713 0.231030 0.856915 0.164959 -0.488349
0.034533 0.079132 0.231998 0.764136 0.502345 -0.404654
0.032327 0.084636 0.229513 -0.395121 0.847306 0.354897
0.035008 0.082727 0.235156 0.856304 0.358052 -0.372212
0.033962 0.087107 0.233748 0.873277 0.254410 0.415528
0.039974 0.078492 0.235806 0.511013 0.132878 -0.849241
0.032214 0.082488 0.230258 0.848560 -0.078425 -0.523255
0.036375 0.082429 0.237131 0.745923 -0.037343 -0.664984
0.033029 0.082622 0.229219 0.875170 -0.278781 -0.395422
0.034439 0.074810 0.232049 -0.328122 -0.916060 -0.230585
0.037422 0.082824 0.238095 0.631259 -0.170645 -0.756566
0.032627 0.079120 0.230754 0.737677 -0.096848 -0.668172
0.031857 0.081878 0.229627 0.887159 0.455467 -0.074146
0.038793 0.082009 0.235873 -0.386379 -0.302738 0.871241
0.037595 0.082136 0.238227 -0.646920 0.050510 0.760883
0.034532 0.086019 0.235308 -0.618991 0.222604 0.753192
0.036365 0.081164 0.233812 -0.550624 -0.248092 0.797034
0.034671 0.077129 0.232811 0.305801 0.698547 -0.646930
0.035247 0.083397 0.233446 -0.233532 -0.206213 0.950231
0.034671 0.082108 0.233956 0.984232 -0.053570 -0.168576
0.035557 0.084929 0.236357 -0.543521 0.230172 0.807221
0.031930 0.081607 0.229710 0.872507 0.420775 -0.248354
0.032075 0.082032 0.230078 0.843776 0.107587 -0.525801
0.036460 0.083080 0.237051 -0.673051 0.102060 0.732520
0.035349 0.076521 0.233476 0.867469 0.319211 -0.381578
0.033068 0.083032 0.229226 0.898832 -0.152500 -0.410908
0.037036 0.084667 0.237300 -0.321793 0.310733 0.894368
0.035840 0.082136 0.233694 -0.594303 -0.126481 0.794233
0.038298 0.081132 0.235295 -0.354959 -0.324315 0.876826
0.036755 0.082743 0.237478 0.707267 -0.168118 -0.686666
0.036597 0.083276 0.234610 -0.695279 -0.145504 0.703857
0.036118 0.083118 0.234188 -0.683121 -0.109922 0.721985
0.034731 0.080242 0.233704 0.876527 0.023107 -0.480799
0.034332 0.080373 0.233168 0.799640 0.130541 -0.586119
0.034729 0.078681 0.233424 0.938304 0.249402 -0.239551
0.039340 0.077349 0.235378 0.473965 0.047253 -0.879275
0.032728 0.076730 0.230267 0.700784 0.659348 -0.272327
0.034001 0.075715 0.230041 0.077609 0.759694 0.645632
0.035221 0.076937 0.233444 -0.405215 -0.875728 0.262492
0.035101 0.083015 0.235674 0.801205 0.381136 -0.461308
0.034074 0.077963 0.230854 0.805613 0.260704 -0.531997
0.034682 0.078086 0.233045 0.958144 0.199411 -0.205416
0.035370 0.082245 0.233382 -0.457888 -0.085671 0.884872
0.037801 0.081941 0.235298 0.678513 0.283437 -0.677705
0.036573 0.081174 0.233959 -0.521145 -0.283843 0.804886
0.031789 0.081008 0.229293 0.837368 0.138744 0.528738
0.033955 0.076096 0.231300 -0.674929 -0.088079 -0.732607
0.035339 0.077807 0.233839 -0.432161 -0.608783 0.665296
0.037690 0.081244 0.234867 0.742110 0.187004 -0.643663
0.033471 0.080966 0.231191 0.835696 0.245356 -0.491338
0.034533 0.076987 0.232617 0.718391 0.332431 -0.611068
0.035985 0.083399 0.234040 -0.696831 -0.097617 0.710561
0.034978 0.079644 0.232703 -0.581205 -0.137828 0.802000
0.035404 0.078786 0.232822 -0.595157 -0.294920 0.747536
0.035409 0.076562 0.232151 0.789845 0.149745 -0.594745
0.032724 0.081688 0.229707 0.879578 -0.339119 -0.333677
0.034893 0.077220 0.233059 0.299613 0.952682 -0.051272
0.034593 0.075201 0.232142 -0.185605 -0.273295 -0.943854
0.032162 0.080984 0.230025 0.803718 0.506079 -0.312924
0.039406 0.080092 0.235661 -0.563062 -0.137852 0.814836
0.032759 0.080460 0.231407 0.975985 0.016559 -0.217207
0.038927 0.081460 0.235668 -0.415544 -0.423872 0.804771
0.033964 0.085775 0.234881 0.903547 -0.039573 -0.426658
0.033983 0.080602 0.232742 0.839477 -0.337143 -0.426161
0.035276 0.077355 0.233585 0.498114 0.745557 -0.442749
0.037915 0.083245 0.235670 -0.567422 -0.063899 0.820944
0.034105 0.078528 0.231122 0.782700 0.212363 -0.585050
0.034399 0.084688 0.235496 0.771995 0.096146 -0.628315
0.034696 0.079460 0.233775 0.877391 0.096021 -0.470069
0.033534 0.079737 0.230731 0.846322 0.233288 -0.478868
0.032826 0.084409 0.229125 -0.461811 -0.805481 0.371391
0.033634 0.077298 0.229988 0.821185 0.193041 -0.537020
0.034837 0.085711 0.235682 -0.565460 0.201520 0.799778
0.032528 0.079364 0.230604 0.869356 -0.244464 -0.429485
0.033743 0.079326 0.230872 0.828226 0.253982 -0.499534
0.037005 0.086538 0.236538 0.285328 -0.303814 -0.909002
0.038277 0.083324 0.236066 0.751168 0.079151 -0.655349
0.035193 0.078125 0.232379 -0.670430 -0.215869 0.709876
0.035660 0.077390 0.233943 0.383560 0.836395 0.391567
0.038891 0.082972 0.236568 0.640122 0.357495 -0.680031
0.034850 0.082392 0.234422 0.917453 0.207647 -0.339357
0.036835 0.076313 0.233438 -0.694176 -0.185453 0.695505
0.037938 0.077528 0.234512 -0.579805 -0.040259 0.813760
0.038751 0.079647 0.235230 -0.503719 -0.112520 0.856508
0.035030 0.075622 0.231394 0.736709 0.307997 -0.601995
0.036093 0.081289 0.236377 0.870896 0.180828 -0.456991
0.034509 0.080591 0.232408 0.633373 0.202074 -0.746997
0.034130 0.086833 0.233566 0.769088 0.408377 0.491662
0.033717 0.080984 0.231536 0.874527 0.284690 -0.392624
0.034870 0.076373 0.231367 -0.670380 -0.231531 0.704971
0.037275 0.081904 0.234673 -0.600025 -0.331720 0.727964
0.034226 0.077844 0.230975 0.792297 0.289199 -0.537242
0.035066 0.080846 0.232927 -0.275245 -0.214226 0.937202
0.033590 0.080732 0.231282 0.866134 0.233932 -0.441686
0.038753 0.081020 0.235371 -0.365039 -0.303007 0.880303
0.034328 0.085584 0.235310 -0.691170 0.166409 0.703273
0.035169 0.086194 0.233529 -0.184625 0.259920 0.947816
0.036256 0.077882 0.233249 -0.686917 -0.108629 0.718571
0.034237 0.084507 0.234269 0.849725 0.204062 0.486134
0.033188 0.080264 0.232092 -0.671347 0.035883 0.740274
0.039343 0.081370 0.235999 -0.568122 -0.304752 0.764437
0.035793 0.075235 0.232153 0.716124 0.261570 -0.647107
0.035142 0.086526 0.235578 0.529952 -0.252616 -0.809528
0.034128 0.078463 0.232528 0.595681 -0.041801 -0.802133
0.034538 0.085390 0.235519 -0.614292 0.147731 0.775127
0.033323 0.080726 0.230773 0.859068 0.195953 -0.472869
0.034859 0.078481 0.233578 0.816201 0.260611 -0.515653
0.033839 0.077330 0.230306 0.808981 0.188412 -0.556822
0.032587 0.082297 0.230803 0.765760 0.056179 -0.640668
0.039345 0.080004 0.235611 -0.550343 -0.167350 0.817995
0.037457 0.079565 0.234251 -0.580767 -0.045001 0.812825
0.033647 0.080141 0.232478 -0.504112 0.044198 0.862506
0.032872 0.080128 0.231461 0.871268 0.367303 -0.325547
0.034525 0.083805 0.235192 0.874155 0.331512 -0.354898
0.035610 0.082909 0.236329 0.698030 0.320554 -0.640312
0.040334 0.077766 0.235827 0.529268 -0.840640 -0.114889
0.036592 0.075692 0.233016 0.737072 -0.149376 -0.659099
0.033074 0.078924 0.229645 0.852885 0.179088 -0.490423
0.032566 0.082626 0.230761 -0.626526 -0.070827 0.776176
0.035973 0.086125 0.236220 -0.494815 0.269950 0.826005
0.038575 0.082764 0.236008 -0.605665 -0.351833 0.713711
0.035906 0.076689 0.233912 -0.345940 -0.928516 0.134846
0.032663 0.079833 0.229194 0.836915 0.224485 -0.499178
0.032616 0.084272 0.230253 0.388223 -0.666825 -0.636103
0.036688 0.086434 0.236547 0.369865 -0.302575 -0.878435
0.035411 0.078177 0.234110 0.622665 0.535261 -0.570775
0.037795 0.077439 0.234394 -0.586517 -0.032156 0.809298
0.034421 0.075797 0.231956 0.596015 -0.076337 -0.799336
0.035790 0.082978 0.236544 -0.621086 -0.238392 0.746607
0.036485 0.079330 0.235737 -0.473443 -0.557947 0.681576
0.040606 0.077625 0.235937 -0.668498 0.743266 -0.025813
0.035483 0.079898 0.234776 0.771907 0.073076 -0.631522
0.036734 0.083252 0.237301 -0.668746 0.171467 0.723448
0.037682 0.084291 0.237589 0.283509 -0.396713 -0.873064
0.036376 0.080609 0.236603 0.807147 0.284132 -0.517478
0.036134 0.086382 0.236163 -0.470281 0.287884 0.834241
0.034434 0.079924 0.232195 0.776034 0.208289 -0.595304
0.034543 0.086819 0.233206 -0.434347 -0.510293 -0.742256
0.038672 0.081427 0.235563 -0.319090 -0.422189 0.848492
0.034414 0.080699 0.233319 0.861250 -0.016830 -0.507903
0.037050 0.079624 0.236135 0.068749 0.815539 -0.574604
0.034371 0.081227 0.233155 0.931388 -0.336388 -0.139140
0.034553 0.076643 0.232559 -0.055538 -0.778923 0.624656
0.035130 0.077708 0.232146 0.714598 0.213992 -0.666001
0.035112 0.085456 0.235893 -0.555102 0.190961 0.809565
0.032379 0.076795 0.229623 0.654419 0.450828 0.607034
0.038259 0.079463 0.234840 -0.577692 -0.091378 0.811124
0.034974 0.084941 0.233834 0.268690 0.049746 0.961941
0.036378 0.084297 0.237017 -0.490323 0.093806 0.866478
0.036805 0.081469 0.237449 0.695856 0.202659 -0.688995
0.035223 0.076236 0.231788 0.804822 0.155788 -0.572706
0.034887 0.080140 0.232742 -0.242253 -0.085255 0.966460
0.034275 0.080466 0.232074 0.517999 0.435495 -0.736221
0.034926 0.085536 0.233784 0.160098 0.215419 0.963309
0.031747 0.083802 0.229228 0.826971 -0.210514 -0.521347
0.037165 0.082731 0.234991 -0.646215 -0.304206 0.699904
0.039955 0.078097 0.236842 0.750339 0.070740 0.657257
0.035370 0.082855 0.235981 0.752851 0.369244 -0.544862
0.035964 0.075462 0.232533 0.637120 0.279836 -0.718171
0.035277 0.083728 0.233497 0.203767 0.243207 -0.948330
0.038056 0.082910 0.235710 -0.557522 -0.154874 0.815588
0.036790 0.081897 0.234430 -0.526664 -0.320111 0.787499
0.032649 0.080133 0.229267 0.783657 0.198889 -0.588494
0.035866 0.086207 0.233902 -0.432360 0.222135 0.873911
0.035585 0.077284 0.232576 -0.671604 -0.165509 0.722187
0.034208 0.085052 0.234138 0.762840 0.149620 0.629038
0.039544 0.080982 0.236083 -0.615764 -0.256682 0.744949
0.033510 0.081650 0.231921 -0.175000 -0.487076 -0.855647
0.034579 0.086335 0.235317 -0.598142 0.229231 0.767906
0.034931 0.082355 0.233177 -0.089103 -0.312637 0.945684
0.033438 0.080426 0.230845 0.861908 0.202617 -0.464823
0.038485 0.085107 0.235731 -0.619574 0.099435 0.778615
0.036447 0.077361 0.233297 -0.671216 -0.165216 0.722615
0.034717 0.082285 0.233221 -0.648805 0.310347 -0.694792
0.033984 0.076828 0.231717 0.955685 0.251574 -0.152894
0.035673 0.075950 0.232417 0.711649 0.192308 -0.675702
0.033616 0.080070 0.231060 0.839589 0.219326 -0.496978
0.031933 0.079932 0.229327 0.705271 0.263293 0.658232
0.037513 0.083637 0.237816 0.573914 -0.311368 -0.757412
0.036105 0.083663 0.234155 -0.689575 -0.094932 0.717965
0.033393 0.076706 0.229367 -0.473753 0.442412 0.761465
0.034694 0.078032 0.231783 0.757005 0.180992 -0.627841
0.033966 0.079130 0.231132 0.801348 0.228796 -0.552715
0.039173 0.078099 0.235368 -0.458601 -0.062027 0.886475
0.031834 0.080631 0.229269 0.811617 -0.079751 0.578721
0.035167 0.076858 0.231862 0.780516 0.183101 -0.597720
0.038721 0.080319 0.235280 -0.431523 -0.129280 0.892790
0.034131 0.076796 0.230540 0.863029 0.084147 -0.498097
0.036497 0.082751 0.237132 0.715549 -0.115605 -0.688930
0.034636 0.083440 0.233758 0.691251 -0.276874 0.667468
0.033931 0.086431 0.234628 0.943331 -0.183104 -0.276768
0.037414 0.077165 0.234056 -0.622693 -0.030621 0.781867
0.033235 0.083857 0.230527 0.607739 0.533529 0.588218
0.035434 0.079367 0.233122 -0.554622 -0.118407 0.823635
0.032590 0.079658 0.228956 0.028230 -0.076625 -0.996660
0.033691 0.077858 0.230279 0.815470 0.190428 -0.546577
0.034965 0.085997 0.235694 -0.551463 0.212376 0.806712
0.035282 0.083901 0.236515 -0.650025 0.000912 0.759912
0.033097 0.081117 0.230563 0.836972 0.164380 -0.521974
0.034586 0.075505 0.232144 0.433479 -0.238054 0.869153
0.036638 0.075814 0.234228 -0.310261 0.883561 -0.350797
0.033904 0.085663 0.234515 0.993764 0.059732 0.094151
0.034611 0.080038 0.233573 0.895014 0.010751 -0.445909
0.031973 0.083057 0.229717 0.851805 -0.112393 -0.511660
0.034779 0.078139 0.231866 0.752441 0.163312 -0.638092
0.037811 0.078113 0.234444 -0.558223 -0.058418 0.827632
0.038327 0.079238 0.234915 -0.568975 -0.053823 0.820592
0.038177 0.080318 0.236933 -0.226123 -0.027384 -0.973714
0.033444 0.083358 0.229967 0.999754 0.013934 -0.017280
0.036628 0.079735 0.233769 -0.499010 -0.071698 0.863625
0.035614 0.079059 0.233033 -0.559844 -0.263881 0.785456
0.035881 0.078763 0.233143 -0.571486 -0.245352 0.783075
0.038013 0.082213 0.235628 -0.543180 -0.187890 0.818323
0.036029 0.083385 0.236803 -0.541707 -0.110482 0.833275
0.032493 0.079949 0.230497 0.815347 -0.577985 0.033804
0.033089 0.082448 0.229547 0.877838 -0.371045 -0.302864
0.035908 0.078068 0.232960 -0.667383 -0.136384 0.732119
0.033146 0.079545 0.230050 0.842792 0.193811 -0.502135
0.033567 0.082060 0.231404 0.993398 0.113433 -0.017145
0.034621 0.082010 0.233101 -0.524960 0.335224 -0.782331
0.036620 0.082663 0.237388 0.714902 -0.156884 -0.681397
0.035298 0.077795 0.232342 -0.681013 -0.171785 0.711837
0.040117 0.077661 0.236727 0.856756 -0.186258 0.480913
0.032984 0.081261 0.231787 -0.560653 0.117221 0.819712
0.033326 0.081402 0.231995 -0.176171 0.324696 0.929266
0.034985 0.078816 0.233964 0.809031 0.268630 -0.522788
0.038647 0.085709 0.235818 0.730361 0.602791 -0.321273
0.033948 0.076648 0.231497 0.847696 0.035812 0.529272
0.034636 0.080968 0.233774 0.899673 0.080463 -0.429084
0.038437 0.080008 0.235103 -0.486693 -0.205526 0.849052
0.036306 0.082083 0.237074 0.802948 0.079809 -0.590682
0.033030 0.081831 0.230601 0.630836 0.508018 -0.586484
0.038376 0.081632 0.235701 -0.417115 -0.393043 0.819471
0.033768 0.076551 0.231188 -0.621537 0.761667 0.183179
0.037602 0.082327 0.235311 0.688649 0.264073 -0.675298
0.039580 0.080626 0.235906 -0.610118 -0.220685 0.760956
0.033944 0.080380 0.232723 0.775045 -0.404431 -0.485531
0.032365 0.081121 0.229004 0.877332 0.102219 -0.468871
0.038578 0.076550 0.234905 0.534353 0.056824 -0.843349
0.035761 0.075692 0.232441 -0.683910 -0.240504 0.688785
0.035701 0.085983 0.233793 -0.375514 0.246309 0.893488
0.036358 0.079371 0.233481 -0.478735 -0.145025 0.865899
0.036927 0.076138 0.233517 0.783298 0.007029 -0.621607
0.037095 0.082507 0.234843 -0.613253 -0.304304 0.728917
0.034923 0.079352 0.232503 0.726574 0.316173 -0.610020
0.034737 0.083521 0.235414 0.844149 0.344451 -0.410811
0.034238 0.079385 0.232899 0.750224 0.282292 -0.597892
0.033852 0.079346 0.231051 0.830020 0.228764 -0.508659
0.034604 0.076362 0.231024 0.702795 0.143506 -0.696767
0.032374 0.082216 0.230502 0.754625 0.094080 -0.649376
0.035897 0.083141 0.233947 -0.674877 -0.087133 0.732767
0.035082 0.076843 0.231740 0.784205 0.184213 -0.592527
0.031614 0.083592 0.229035 0.849786 -0.155596 -0.503641
0.037723 0.077827 0.234370 -0.563528 -0.061241 0.823824
0.036720 0.084131 0.234799 -0.668207 0.045673 0.742573
0.035321 0.083088 0.233438 -0.327397 -0.164532 0.930452
0.034966 0.078527 0.232150 0.784855 0.227329 -0.576476
0.035130 0.082903 0.233317 -0.112220 -0.281368 0.953016
0.036482 0.083140 0.234475 -0.681724 -0.125980 0.720681
0.037789 0.086068 0.236828 0.149127 0.386251 0.910259
0.031968 0.084501 0.229170 0.666850 -0.652048 -0.360756
0.038126 0.077556 0.234643 -0.590869 -0.032605 0.806109
0.035004 0.080263 0.234435 0.803216 0.034762 -0.594672
0.034167 0.084377 0.234511 0.948580 0.275270 0.156278
0.036752 0.079298 0.233774 -0.551002 -0.078857 0.830770
0.032448 0.080278 0.230480 0.976196 0.003433 0.216863
0.034545 0.079108 0.231870 0.746524 0.343695 -0.569715
0.032722 0.081946 0.229361 0.762442 -0.538388 -0.358914
0.032630 0.081339 0.229705 0.926548 0.155561 -0.342504
0.038252 0.078451 0.234790 -0.577633 -0.054666 0.814464
0.039835 0.078302 0.235686 0.426156 0.123656 -0.896159
0.033966 0.080099 0.232749 0.743073 -0.049871 -0.667350
0.037515 0.082054 0.235011 0.702710 0.285589 -0.651643
0.033366 0.076237 0.230685 0.248646 0.965236 0.080583
0.036746 0.076194 0.233271 -0.692433 -0.171276 0.700858
0.036146 0.075994 0.232745 -0.613477 -0.178440 0.769289
0.034355 0.075890 0.230663 0.757046 0.357001 -0.547204
0.039157 0.081461 0.235823 -0.528017 -0.335631 0.780096
0.036500 0.082492 0.237342 0.729024 -0.144831 -0.668990
0.033171 0.076177 0.230495 -0.374222 -0.927302 0.008345
0.034473 0.076688 0.230975 -0.487810 0.020013 0.872720
0.033051 0.082274 0.231451 0.825978 -0.311132 -0.470060
0.038599 0.082640 0.235962 -0.541709 -0.329641 0.773232
0.038546 0.081480 0.235670 -0.342583 -0.422959 0.838894
0.031677 0.082783 0.229272 0.853376 -0.075221 -0.515839
0.035504 0.078977 0.234673 0.732937 0.253052 -0.631480
0.039338 0.081159 0.235898 -0.603551 -0.271647 0.749623
0.034582 0.085736 0.235468 -0.606909 0.198556 0.769570
0.036259 0.082357 0.234100 -0.652903 -0.191691 0.732784
0.032941 0.081929 0.230341 0.969500 -0.169923 0.176622
0.039893 0.079485 0.235827 0.766449 0.006506 -0.642273
0.033273 0.081570 0.230957 0.762677 0.200853 -0.614802
0.034447 0.077715 0.232638 0.834389 0.046784 -0.549187
0.032759 0.080802 0.231500 0.832277 -0.031608 -0.553459
0.035393 0.086302 0.235860 -0.494204 0.259712 0.829646
0.037182 0.078947 0.234087 -0.589146 -0.022502 0.807713
0.033068 0.080677 0.230318 0.840522 0.149394 -0.520773
0.035160 0.077048 0.231927 0.775625 0.193381 -0.600841
0.039246 0.079455 0.236278 0.900168 -0.081639 0.427823
0.037296 0.082478 0.234944 -0.668891 -0.307313 0.676863
0.037072 0.077746 0.233945 -0.545010 0.005148 0.838414
0.032864 0.079890 0.231308 -0.133233 -0.985234 0.107535
0.033078 0.084277 0.229407 0.726261 0.629479 -0.276227
0.035980 0.079050 0.233252 -0.478896 -0.220776 0.849657
0.036853 0.083721 0.234989 -0.702499 -0.052503 0.709746
0.038648 0.079402 0.235148 -0.534169 -0.083958 0.841198
0.034942 0.082653 0.234843 0.891905 0.307139 -0.331922
0.034590 0.082316 0.233688 0.974547 -0.157448 0.159588
0.034393 0.081237 0.232487 0.443933 0.691125 -0.570324
0.033136 0.077889 0.231204 0.525308 0.079384 -0.847201
0.032759 0.079187 0.229148 0.697511 0.189554 -0.691049
0.034802 0.080523 0.233957 0.879057 0.049809 -0.474107
0.039515 0.080257 0.235760 -0.569018 -0.198892 0.797910
0.036095 0.078146 0.233203 -0.679568 -0.118443 0.723988
0.034893 0.078558 0.231980 0.800051 0.222893 -0.556990
0.037960 0.085420 0.235401 -0.538892 0.158432 0.827342
0.039738 0.081347 0.236258 0.616202 0.285103 -0.734174
0.037902 0.079496 0.234587 -0.607225 -0.087751 0.789669
0.035334 0.083426 0.236361 -0.679691 -0.236457 0.694340
0.032857 0.078035 0.228928 0.846978 0.173173 -0.502632
0.039371 0.081835 0.236184 0.546797 0.337382 -0.766280
0.032702 0.076473 0.229927 -0.383216 -0.903744 -0.190769
0.034475 0.076170 0.232284 -0.078991 0.213055 -0.973842
0.035680 0.082624 0.233642 -0.606051 -0.126219 0.785347
0.032514 0.081896 0.230840 0.864443 -0.132901 -0.484845
0.035359 0.075667 0.231768 0.784536 0.216459 -0.581076
0.032766 0.081183 0.229938 0.840275 0.031174 -0.541264
0.033997 0.078359 0.230998 0.773327 0.264499 -0.576199
0.035360 0.074817 0.231611 0.578613 -0.554406 -0.598198
0.036547 0.084208 0.237129 -0.486370 0.090827 0.869019
0.038190 0.078188 0.234723 -0.586431 -0.053150 0.808254
0.035531 0.081102 0.233200 -0.512122 -0.220214 0.830203
0.034369 0.077703 0.231140 0.781079 0.243788 -0.574877
0.032922 0.079996 0.229919 -0.463199 -0.186303 0.866451
0.039583 0.079316 0.236518 0.499721 0.011085 0.866115
0.033167 0.080849 0.230609 0.813091 0.239758 -0.530470
0.038195 0.077204 0.234717 -0.578589 -0.022846 0.815299
0.033192 0.080167 0.230312 0.840794 0.191067 -0.506517
0.038131 0.080189 0.234914 -0.539921 -0.290046 0.790164
0.034698 0.076926 0.231317 0.740119 0.118047 -0.662034
0.032552 0.084627 0.229065 0.022390 0.999316 -0.029421
0.035677 0.084551 0.236540 -0.508885 0.208406 0.835226
0.037544 0.077439 0.234201 -0.596201 -0.086280 0.798185
0.032600 0.080541 0.231076 0.980053 0.069627 -0.186139
0.036228 0.084054 0.236930 -0.496243 0.053027 0.866563
0.033868 0.086334 0.234537 0.986521 -0.143722 -0.078233
0.032615 0.084463 0.230023 0.287532 -0.787399 -0.545278
0.037336 0.083500 0.237821 0.613543 -0.264431 -0.744071
0.035944 0.077346 0.232857 -0.670139 -0.125308 0.731582
0.036425 0.083548 0.234503 -0.694682 -0.091321 0.713496
0.033680 0.078453 0.230478 0.859094 0.176883 -0.480281
0.037515 0.076495 0.234082 0.724880 0.070027 -0.685306
0.033412 0.081225 0.231106 0.778064 0.196677 -0.596603
0.037126 0.078746 0.234043 -0.593517 -0.022907 0.804495
0.038916 0.079705 0.235328 -0.485991 -0.106855 0.867407
0.034566 0.081952 0.233572 0.954259 -0.254372 0.157115
0.033448 0.083367 0.230460 0.899016 0.146828 0.412566
0.038180 0.083667 0.235932 0.704687 -0.129817 -0.697541
0.038837 0.085629 0.236006 0.916968 0.359700 0.172588
0.037704 0.085000 0.235450 -0.496192 0.135421 0.857587
0.036050 0.086675 0.236145 0.475337 -0.284864 -0.832410
0.035511 0.085386 0.236198 -0.534241 0.217785 0.816797
0.033140 0.077103 0.229046 0.427578 -0.058677 -0.902072
0.036014 0.075144 0.232412 0.742718 0.103640 -0.661535
0.038651 0.085004 0.235930 0.911306 0.016577 -0.411396
0.034498 0.081762 0.233225 0.920024 -0.381252 0.090575
0.035711 0.080712 0.235020 0.822227 0.108594 -0.558704
0.035290 0.075064 0.231533 0.654372 -0.371876 -0.658412
0.035101 0.085237 0.235936 -0.572421 0.178657 0.800260
0.035479 0.076818 0.232290 0.754946 0.146112 -0.639303
0.033415 0.082775 0.231230 0.968147 0.249679 -0.018735
0.034867 0.077014 0.231521 0.779720 0.196752 -0.594411
0.038402 0.079512 0.236222 0.888048 -0.421548 0.183488
0.033389 0.084026 0.230167 0.824725 0.471713 0.311954
0.033844 0.077172 0.231778 0.839991 0.302516 -0.450442
0.039274 0.079589 0.236362 0.663995 0.713272 0.224397
0.033754 0.079617 0.231063 0.836772 0.269703 -0.476521
0.032920 0.078290 0.229209 0.843154 0.160105 -0.513282
0.034854 0.083692 0.235773 0.817042 0.250037 -0.519541
0.031992 0.083336 0.229673 0.842749 -0.128294 -0.522795
0.035685 0.085641 0.236233 -0.506186 0.243433 0.827355
0.032989 0.081202 0.230400 0.839751 0.167686 -0.516429
0.034872 0.075086 0.232746 0.276469 -0.629743 -0.725940
0.038315 0.083094 0.236026 0.682718 0.291638 -0.669958
0.034178 0.086367 0.234929 0.791995 -0.229759 -0.565646
0.034377 0.086628 0.233487 0.582536 0.439247 0.683896
0.036999 0.085220 0.237012 -0.225124 0.339033 0.913442
0.037567 0.083813 0.237690 0.511411 -0.341982 -0.788357
0.035408 0.077617 0.232449 -0.665099 -0.139762 0.733560
0.032547 0.084652 0.229606 -0.250414 0.894534 0.370273
0.034710 0.086627 0.233346 0.303830 0.394860 0.867048
0.038006 0.079077 0.236030 -0.078016 -0.940522 0.330655
0.034418 0.078316 0.232797 0.942641 0.011512 -0.333611
0.034859 0.082077 0.234331 0.946807 0.132249 -0.293370
0.033760 0.081547 0.231900 -0.155303 -0.634091 -0.757502
0.034214 0.081264 0.232740 -0.701108 0.710073 0.065137
0.033114 0.079187 0.229845 0.845207 0.200505 -0.495401
0.031818 0.082835 0.229501 0.854299 -0.090374 -0.511866
0.035303 0.080895 0.233061 -0.540888 -0.197798 0.817506
0.037105 0.085632 0.236854 -0.159166 0.268100 0.950152
0.035878 0.085134 0.236510 -0.513330 0.239797 0.824008
0.034705 0.081773 0.232919 -0.288014 0.599372 -0.746861
0.034742 0.086854 0.235269 0.607682 -0.286805 -0.740584
0.037042 0.078546 0.233936 -0.611015 -0.018307 0.791408
0.031910 0.078332 0.229657 0.796529 0.140078 0.588150
0.035474 0.075901 0.232203 0.768154 0.200478 -0.608070
0.032718 0.078635 0.228993 0.775282 0.159532 -0.611137
0.033806 0.081463 0.231766 0.854545 0.452275 -0.255344
0.032906 0.083389 0.230971 0.291374 -0.339768 -0.894237
0.039120 0.082526 0.236340 0.556866 0.455933 -0.694280
0.036829 0.082612 0.234684 -0.598071 -0.236572 0.765732
0.038725 0.085947 0.235809 -0.602113 -0.722355 0.340093
0.037485 0.083403 0.238015 0.598432 -0.276904 -0.751800
0.032848 0.081849 0.229985 0.897533 -0.408756 0.165389
0.038683 0.081850 0.235807 -0.329028 -0.393419 0.858465
0.035538 0.081467 0.235144 0.826516 0.199177 -0.526497
0.038450 0.085478 0.235681 0.796157 0.243340 -0.554004
0.033393 0.083051 0.230570 0.942285 0.080990 0.324867
0.034626 0.081739 0.233771 0.982497 -0.126478 -0.136759
0.035191 0.079695 0.232830 -0.580711 -0.154035 0.799405
0.034687 0.082440 0.234097 0.986146 0.057877 -0.155454
0.036052 0.077599 0.233059 -0.679995 -0.129185 0.721747
0.034763 0.081850 0.234133 0.927032 0.060750 -0.370029
0.036274 0.078439 0.235033 -0.352925 0.328010 -0.876273
0.031708 0.081938 0.229356 0.931833 0.318195 0.174470
0.035617 0.084126 0.236600 -0.555385 0.111948 0.824024
0.036923 0.078844 0.233866 -0.602642 -0.040589 0.796979
0.036638 0.082328 0.234435 -0.596229 -0.239074 0.766391
0.032283 0.080071 0.229981 0.774180 -0.149014 -0.615175
0.035465 0.079785 0.233048 -0.619626 -0.095123 0.779112
0.035087 0.077080 0.233268 -0.019885 -0.892080 0.451440
0.035682 0.079141 0.234971 0.744273 0.208619 -0.634457
0.036995 0.082810 0.237705 -0.674370 0.159451 0.720972
0.033735 0.080755 0.232383 0.621664 -0.569877 -0.537377
0.038005 0.076179 0.234504 0.621008 0.091178 -0.778483
0.036348 0.081608 0.233963 -0.599069 -0.249158 0.760944
0.038916 0.080192 0.236760 -0.297382 -0.280136 -0.912736
0.033938 0.085055 0.234906 0.969935 0.110587 -0.216788
0.038877 0.080201 0.235359 -0.463282 -0.114930 0.878727
0.034155 0.086892 0.234648 0.878433 -0.269216 -0.394815
0.033952 0.076016 0.230038 0.188092 -0.631513 -0.752206
0.037200 0.081658 0.234484 -0.580120 -0.351262 0.734898
0.036426 0.086530 0.236419 0.424464 -0.294298 -0.856282
0.034032 0.086396 0.234094 0.971304 0.020421 0.236963
0.035337 0.084375 0.236352 -0.631495 0.136682 0.763238
0.036638 0.076095 0.234305 0.027511 0.518968 -0.854351
0.035250 0.080367 0.232925 -0.580732 -0.101863 0.807697
0.039111 0.077116 0.235255 0.533100 0.058516 -0.844026
0.034844 0.081454 0.232938 -0.393106 -0.381112 0.836792
0.036269 0.075456 0.232754 0.783271 -0.032846 -0.620813
0.034591 0.078851 0.233125 0.954767 -0.246456 0.166372
0.033527 0.080517 0.232293 -0.491678 0.496686 0.715231
0.039678 0.078996 0.236629 -0.645382 -0.183481 -0.741497
0.037513 0.078287 0.234278 -0.555168 -0.052015 0.830110
0.033388 0.081875 0.231789 0.073816 -0.532458 -0.843232
0.033039 0.077813 0.229222 0.837587 0.193993 -0.510701
0.032638 0.081375 0.231254 0.789263 -0.424134 -0.444043
0.035226 0.076758 0.231956 0.784341 0.185246 -0.592025
0.035484 0.081220 0.233213 -0.510701 -0.222555 0.830454
0.037853 0.081790 0.235288 -0.659836 -0.312558 0.683318
0.035905 0.082823 0.233901 -0.661991 -0.157390 0.732800
0.035980 0.076337 0.232766 -0.634413 -0.143896 0.759483
0.033127 0.080426 0.230317 0.834240 0.213031 -0.508587
0.035317 0.083965 0.236452 -0.641898 0.027132 0.766310
0.034180 0.085143 0.235304 0.765871 -0.071366 -0.639022
0.034184 0.084849 0.235278 0.830032 0.065881 -0.553811
0.035004 0.079435 0.234248 0.814622 0.110496 -0.569370
0.034491 0.077274 0.232612 0.131076 -0.799736 0.585869
0.038973 0.080160 0.236654 -0.327789 -0.259111 -0.908524
0.037600 0.084697 0.237346 0.113168 -0.417028 -0.901821
0.033636 0.078880 0.232122 0.929115 -0.229423 -0.290016
0.036101 0.078491 0.233231 -0.633311 -0.159764 0.757227
0.034911 0.077249 0.231784 0.773267 0.423815 -0.471634
0.039031 0.078547 0.235324 -0.542691 -0.179025 0.820632
0.033861 0.076321 0.231141 0.341401 -0.863624 0.370943
0.031863 0.083175 0.229506 0.850926 -0.106496 -0.514377
0.037077 0.084621 0.237332 -0.300702 0.327664 0.895664
0.033289 0.083549 0.230688 0.664141 0.415814 0.621301
0.036717 0.085052 0.237018 -0.376828 0.310231 0.872787
0.037997 0.079785 0.236388 -0.215950 -0.974695 0.057758
0.035206 0.075608 0.231579 0.788817 0.192004 -0.583869
0.036143 0.076922 0.234097 0.903201 0.425812 0.053961
0.032831 0.080607 0.229834 0.883458 0.233812 -0.405997
0.037801 0.084566 0.237451 0.148337 -0.416477 -0.896963
0.038035 0.076915 0.234578 -0.549711 -0.061753 0.833069
0.038414 0.081542 0.235602 -0.376202 -0.414803 0.828499
0.036705 0.082448 0.234544 -0.582976 -0.232423 0.778536
0.034552 0.084866 0.235601 -0.679226 0.037952 0.732948
0.037994 0.080949 0.235190 -0.434532 -0.217243 0.874064
0.036653 0.081674 0.234336 -0.521577 -0.314069 0.793296
0.034190 0.084249 0.234768 0.953921 0.287388 -0.086268
0.038142 0.083869 0.235711 -0.611074 0.104282 0.784674
0.032636 0.082988 0.230835 -0.584072 0.133093 0.800716
0.033596 0.080330 0.231172 0.845429 0.171034 -0.505962
0.034206 0.079131 0.231524 0.767097 0.306661 -0.563491
0.035893 0.077174 0.234020 0.153306 0.944731 0.289794
0.037771 0.082751 0.235511 -0.580436 -0.194020 0.790854
0.031984 0.084090 0.229480 0.776238 -0.337206 -0.532679
0.032250 0.077695 0.230078 0.947591 0.146143 0.284100
0.031629 0.081714 0.229219 0.838138 0.294456 0.459151
0.038010 0.076583 0.234543 -0.566954 0.031640 0.823142
0.035745 0.075002 0.232000 0.754303 0.223153 -0.617438
0.036445 0.081394 0.237080 0.772748 0.192461 -0.604830
0.035336 0.079038 0.232824 -0.563972 -0.229973 0.793126
0.034834 0.079961 0.234028 0.882169 0.013644 -0.470735
0.033523 0.079246 0.230479 0.823773 0.207380 -0.527628
0.035493 0.075100 0.233384 -0.535254 0.835423 0.124786
0.035260 0.082258 0.233249 -0.400278 -0.128478 0.907343
0.033929 0.085045 0.234685 0.986237 0.165306 -0.003267
0.033137 0.083717 0.230735 0.426015 0.484749 0.763891
0.033104 0.079911 0.231779 0.741671 0.585406 -0.327451
0.032271 0.079341 0.230120 0.484381 -0.235070 -0.842685
0.034040 0.079940 0.231693 0.829569 0.211372 -0.516854
0.033058 0.082637 0.231348 0.400045 -0.254456 -0.880463
0.034199 0.075675 0.231695 0.832166 -0.099098 -0.545600
0.036883 0.083650 0.237356 -0.573480 0.138464 0.807434
0.037537 0.082625 0.235304 -0.659336 -0.252658 0.708124
0.033481 0.078324 0.230122 0.838981 0.169126 -0.517212
0.037765 0.076886 0.234402 -0.594824 0.021988 0.803555
0.032390 0.078274 0.230439 0.664737 -0.099070 -0.740480
0.034240 0.077451 0.230886 0.796156 0.237233 -0.556647
0.037424 0.082509 0.235051 -0.673449 -0.301449 0.674978
0.034035 0.085274 0.234214 0.887318 0.110298 0.447773
0.031959 0.079536 0.229350 0.742563 0.063377 0.666770
0.036030 0.086564 0.233959 0.428598 -0.227742 -0.874321
0.037218 0.076002 0.233665 0.766628 -0.325459 -0.553496
0.033928 0.085507 0.234403 0.978739 0.054884 0.197631
0.032921 0.084077 0.229051 0.715105 0.525215 -0.461275
0.033202 0.077771 0.229610 0.839502 0.182475 -0.511800
0.036899 0.085990 0.236799 -0.253766 0.305058 0.917901
0.033892 0.075838 0.231300 0.813931 0.040927 -0.579518
0.034866 0.080205 0.233959 0.887950 0.030077 -0.458955
0.033843 0.078539 0.232231 0.699577 0.471906 -0.536560
0.034215 0.081097 0.232911 0.821755 -0.547167 -0.159146
0.035766 0.082443 0.236225 0.764240 0.293715 -0.574168
0.034401 0.078520 0.231585 0.751266 0.181728 -0.634487
0.031736 0.083279 0.229328 0.843230 -0.110232 -0.526129
0.032781 0.082816 0.228800 -0.176746 0.191708 0.965406
0.034389 0.077359 0.232460 0.124079 0.333061 0.934706
0.032363 0.081281 0.229234 0.939048 0.039950 -0.341457
0.035847 0.080740 0.235504 0.874971 0.129452 -0.466548
0.036826 0.085670 0.236839 -0.287575 0.276798 0.916888
0.035354 0.085514 0.236040 -0.535805 0.206042 0.818816
0.039858 0.080897 0.236183 0.622776 0.246487 -0.742560
0.037470 0.083435 0.235492 -0.515130 -0.065554 0.854602
0.032921 0.080887 0.230097 0.798397 0.215292 -0.562326
0.038594 0.083326 0.236631 -0.695230 -0.121900 0.708375
0.032054 0.081045 0.229774 0.978384 0.193060 -0.074108
0.034005 0.086962 0.234174 0.999764 -0.010934 -0.018751
0.033667 0.078059 0.231749 -0.086204 0.242852 -0.966226
0.036426 0.086182 0.236515 -0.446695 0.287325 0.847294
0.032470 0.080569 0.229087 0.391912 0.157148 -0.906482
0.031979 0.080439 0.229489 0.924372 0.095174 0.369430
0.037349 0.085741 0.236842 -0.097561 0.268280 0.958388
0.034381 0.079392 0.231967 0.811528 0.492658 -0.314183
0.032945 0.079873 0.229804 0.859956 0.206935 -0.466534
0.037584 0.077062 0.234226 -0.638498 -0.062645 0.767069
0.036861 0.083980 0.237299 -0.493627 0.109184 0.862792
0.032903 0.079223 0.229432 0.869660 0.176804 -0.460904
0.035821 0.076311 0.232619 -0.673956 -0.133742 0.726565
0.032094 0.080649 0.229734 -0.610767 -0.724488 0.319502
0.039263 0.082008 0.236140 0.503822 0.326873 -0.799573
0.036083 0.083099 0.236788 -0.629599 -0.095310 0.771052
0.037668 0.082037 0.235249 0.717918 0.261419 -0.645177
0.033467 0.078913 0.231862 0.941598 -0.199015 -0.271635
0.037955 0.085339 0.236995 0.065785 -0.362122 -0.929806
0.034780 0.084867 0.235786 -0.614830 0.125117 0.778672
0.038896 0.084365 0.236344 0.723133 -0.211138 -0.657647
0.035779 0.085474 0.236345 -0.516007 0.234213 0.823942
0.038559 0.080589 0.235250 -0.381511 -0.165782 0.909376
0.033351 0.078874 0.231618 0.383710 -0.742395 -0.549196
0.032082 0.078053 0.229895 0.848485 0.002955 0.529212
0.033299 0.079309 0.230201 0.827018 0.203217 -0.524161
0.035099 0.083157 0.233364 -0.123481 -0.249303 0.960521
0.035220 0.084692 0.236183 -0.615419 0.177144 0.768037
0.036031 0.075713 0.232635 -0.635325 -0.239911 0.734033
0.034829 0.081530 0.234255 0.889397 0.079239 -0.450216
0.034036 0.076476 0.230303 0.867711 -0.050683 -0.494479
0.032524 0.083085 0.230652 0.730056 -0.162800 -0.663712
0.035796 0.079646 0.233371 -0.494334 -0.115339 0.861586
0.033040 0.077381 0.231081 -0.648164 -0.219606 0.729148
0.031691 0.083012 0.229285 0.852408 -0.097787 -0.513652
0.035081 0.079401 0.232686 -0.644534 -0.080792 0.760295
0.033249 0.079845 0.232001 0.876614 0.481194 -0.000129
0.033889 0.085832 0.234561 0.980792 -0.048983 -0.188808
0.036976 0.077428 0.233815 -0.644635 -0.139555 0.751645
0.033682 0.079854 0.231103 0.872376 0.249338 -0.420464
0.034000 0.078845 0.231049 0.819793 0.144850 -0.554038
0.034573 0.074920 0.232161 0.261091 0.859176 0.440054
0.033532 0.077589 0.229935 0.828596 0.180053 -0.530103
0.033767 0.077560 0.230303 0.808427 0.182712 -0.559520
0.035062 0.084893 0.235986 -0.598130 0.169786 0.783207
0.034250 0.085843 0.235141 0.757218 -0.147515 -0.636286
0.037730 0.077155 0.234342 -0.604465 -0.033404 0.795931
0.032499 0.080806 0.229313 0.813218 0.307842 -0.493872
0.033401 0.082283 0.231580 -0.475675 -0.417245 -0.774364
0.036801 0.082073 0.234487 -0.538339 -0.315243 0.781546
0.034733 0.083163 0.233552 0.554943 -0.248132 0.794020
0.034645 0.076730 0.231270 -0.693110 -0.051068 0.719021
0.032301 0.079595 0.230046 0.791772 -0.607054 -0.067693
0.034633 0.080915 0.232534 -0.553406 -0.476528 0.683128
0.034182 0.080323 0.232986 0.788199 0.051471 -0.613265
0.033923 0.080729 0.231710 0.806710 0.287723 -0.516173
0.037272 0.082040 0.234789 -0.645280 -0.315257 0.695864
0.034983 0.078113 0.233561 0.813999 0.233231 -0.531986
0.034697 0.082902 0.233452 0.706931 -0.211461 0.674932
0.036610 0.077082 0.233440 0.732842 0.183875 -0.655082
0.039070 0.081707 0.235901 -0.443111 -0.368043 0.817433
0.032765 0.080356 0.229711 0.902681 0.177950 -0.391792
0.036278 0.077662 0.233216 -0.683157 -0.129259 0.718741
0.037836 0.080399 0.234792 0.685797 0.305290 -0.660667
0.033146 0.081696 0.230803 0.843812 0.153368 -0.514256
0.033505 0.083519 0.230147 0.984219 0.126736 0.123498
0.034722 0.080904 0.234050 0.882589 0.092384 -0.460980
0.035014 0.081608 0.234473 0.836397 0.116168 -0.535673
0.032700 0.079639 0.229303 0.806885 0.232789 -0.542905
0.036004 0.085149 0.236570 -0.497949 0.253771 0.829245
0.034279 0.078049 0.232570 0.964552 -0.260098 -0.044598
0.035184 0.079520 0.234497 0.775482 0.097430 -0.623807
0.034555 0.079213 0.232152 0.729525 0.429994 -0.531882
0.037184 0.076805 0.233779 -0.673183 -0.130589 0.727854
0.032971 0.080407 0.231786 0.843216 0.193011 -0.501731
0.035140 0.083808 0.233558 0.037874 -0.290515 0.956121
0.035551 0.076340 0.232286 0.757117 0.159182 -0.633588
0.034525 0.078941 0.231717 0.735976 0.292621 -0.610501
0.037138 0.080182 0.236594 0.265466 0.789263 -0.553707
0.035115 0.078029 0.232245 -0.687926 -0.216053 0.692878
0.035280 0.075323 0.231606 0.736586 0.251070 -0.628016
0.032191 0.084427 0.229558 0.572840 -0.665845 -0.478021
0.033023 0.078690 0.229493 0.852014 0.162444 -0.497678
0.033256 0.084330 0.230027 -0.621768 -0.715989 -0.317433
0.033913 0.081268 0.231936 0.804335 0.421723 -0.418563
0.035113 0.080102 0.232839 -0.521774 -0.079885 0.849335
0.033263 0.078489 0.229783 0.833113 0.174819 -0.524748
0.034123 0.076742 0.231976 0.849353 0.318054 -0.421238
0.033584 0.077868 0.231529 0.759647 -0.328219 0.561434
0.033456 0.077714 0.231373 0.921078 -0.300146 -0.248049
0.031995 0.083588 0.229610 0.826656 -0.160387 -0.539366
0.039464 0.077128 0.235376 0.511069 0.041395 -0.858543
0.038460 0.079062 0.236045 0.809200 0.579104 -0.099163
0.032937 0.080842 0.231829 -0.684090 0.108453 0.721290
0.035102 0.083474 0.236027 0.781932 0.235491 -0.577171
0.033248 0.082114 0.231638 0.336830 -0.465932 -0.818201
0.036351 0.086721 0.234017 0.438835 -0.224956 -0.869954
0.037852 0.079217 0.234578 -0.586681 -0.036006 0.809017
0.033538 0.076976 0.231229 -0.537484 0.265038 -0.800541
0.037926 0.079782 0.234617 -0.615442 -0.184793 0.766214
0.033608 0.081651 0.231370 0.958890 0.237071 -0.155975
0.036784 0.080202 0.233849 -0.525599 -0.120993 0.842085
0.032903 0.082222 0.231264 -0.601119 0.436466 0.669442
0.031612 0.083298 0.229137 0.851547 -0.122533 -0.509758
0.039544 0.078029 0.236441 0.764483 0.640178 -0.075755
0.035747 0.080599 0.233335 -0.537247 -0.080286 0.839595
0.036111 0.082256 0.233891 -0.644345 -0.174220 0.744625
0.040239 0.078420 0.235958 0.919408 0.271900 -0.284182
0.036137 0.082594 0.234092 -0.665133 -0.163887 0.728519
0.034810 0.081133 0.234215 0.852944 0.076357 -0.516387
0.037403 0.085056 0.235267 -0.509093 0.185533 0.840477
0.036277 0.086080 0.234162 0.444397 -0.222886 -0.867660
0.035813 0.082651 0.236423 0.716496 0.261485 -0.646729
0.036676 0.077919 0.233689 -0.649557 -0.076217 0.756483
0.036315 0.077899 0.233319 -0.674411 -0.103703 0.731038
0.034492 0.085860 0.235338 -0.625255 0.198344 0.754796
0.032171 0.079551 0.229776 0.528747 -0.760659 0.376596
0.032448 0.081690 0.229221 -0.244467 -0.114164 -0.962914
0.034653 0.081927 0.232956 -0.581205 0.522059 -0.624224
0.039301 0.077816 0.235413 -0.454657 -0.036261 0.889928
0.033889 0.076331 0.230022 0.756410 -0.139195 -0.639116
0.035513 0.075160 0.231801 0.739158 0.238919 -0.629732
0.036719 0.078550 0.233657 -0.626641 -0.039973 0.778282
0.039231 0.080149 0.236659 -0.252532 -0.454631 -0.854130
0.038552 0.080717 0.235244 -0.356786 -0.192186 0.914204
0.038035 0.083571 0.235722 -0.585164 0.035467 0.810139
0.034794 0.082848 0.234608 0.940376 0.258407 -0.221178
0.039389 0.079954 0.236562 -0.455130 -0.226239 -0.861204
0.037269 0.084983 0.237169 -0.124078 0.414225 0.901678
0.035498 0.086700 0.235803 0.488727 -0.271174 -0.829223
0.034318 0.075217 0.231866 0.255983 0.459904 0.850271
0.035690 0.083556 0.236687 -0.558263 -0.123515 0.820419
0.036511 0.082629 0.234420 -0.645461 -0.189547 0.739900
0.032255 0.081729 0.230468 0.832605 0.040953 -0.552350
0.033863 0.078099 0.230702 0.836224 0.248244 -0.488982
0.034811 0.079328 0.233936 0.888398 0.161086 -0.429883
0.032432 0.079498 0.230423 -0.616538 0.783577 -0.076731
0.036143 0.076146 0.232824 -0.610286 -0.156207 0.776628
0.033633 0.081371 0.232064 -0.232333 -0.691214 -0.684284
0.035408 0.084298 0.233763 -0.349946 -0.247073 0.903600
0.037597 0.078471 0.234347 -0.555515 -0.043484 0.830369
0.035833 0.084944 0.236540 -0.523066 0.234038 0.819529
0.034742 0.080667 0.233732 0.888027 0.081785 -0.452460
0.032675 0.083941 0.228404 0.081838 0.253963 -0.963745
0.032504 0.082065 0.228942 0.134541 0.072558 0.988248
0.035142 0.082643 0.233264 -0.138734 -0.174068 0.974912
0.037973 0.083105 0.235755 -0.573246 -0.085846 0.814874
0.040625 0.077990 0.235992 0.995299 -0.072426 0.064293
0.034133 0.084530 0.234977 0.943169 0.284722 -0.171366
0.036397 0.077474 0.234497 0.459715 -0.810790 0.362328
0.036128 0.077199 0.232980 -0.658900 -0.149641 0.737196
0.035491 0.083345 0.233605 -0.491532 -0.089109 0.866288
0.035230 0.075433 0.233193 -0.210485 0.327915 -0.920960
0.035280 0.080636 0.233004 -0.573420 -0.116989 0.810866
0.035805 0.077390 0.232749 -0.673778 -0.123581 0.728526
0.032030 0.078515 0.229858 0.874002 0.208321 0.439001
0.036131 0.079179 0.233345 -0.453593 -0.204719 0.867377
0.032144 0.077516 0.229842 0.816215 0.226848 0.531350
0.033694 0.080048 0.231295 0.859447 0.155444 -0.487019
0.034767 0.076191 0.231172 0.623422 0.170087 -0.763161
0.036962 0.076511 0.233583 -0.695091 -0.060240 0.716393
0.038895 0.083062 0.236731 0.640122 0.357495 -0.680031
0.037432 0.081882 0.234810 -0.667874 -0.312375 0.675549
0.034929 0.081737 0.233045 0.111354 0.244881 -0.963137
0.034407 0.081425 0.232874 0.879299 -0.475487 0.027314
0.033527 0.080284 0.230971 0.858949 0.202042 -0.470517
0.032214 0.083797 0.229914 0.814021 -0.227699 -0.534344
0.037023 0.076997 0.233722 -0.684129 -0.212499 0.697719
0.032915 0.081167 0.230240 0.885207 0.178728 -0.429495
0.033304 0.082971 0.231127 0.101296 -0.447702 -0.888427
0.034710 0.078913 0.231853 0.758366 0.271212 -0.592727
0.040067 0.077461 0.235614 0.612725 -0.385212 -0.690058
0.039631 0.081150 0.236151 0.618201 0.267658 -0.739044
0.035433 0.086234 0.233587 -0.278569 0.227201 0.933155
0.039467 0.079135 0.235547 -0.490108 -0.087414 0.867268
0.036892 0.082011 0.237686 -0.680571 -0.019537 0.732421
0.035630 0.078367 0.232692 -0.614140 -0.251960 0.747896
0.034430 0.081477 0.233200 0.933931 -0.357171 -0.014214
0.034657 0.080700 0.233600 0.936638 0.133112 -0.324022
0.035872 0.076754 0.232688 -0.669870 -0.140535 0.729057
0.035235 0.083627 0.236328 0.708472 0.127796 -0.694071
0.031896 0.078795 0.229572 0.831433 0.115168 0.543559
0.033426 0.077751 0.229806 0.835045 0.174870 -0.521651
0.035868 0.075318 0.232339 0.691106 0.260733 -0.674085
0.033233 0.076825 0.229040 0.322371 -0.315925 -0.892339
0.035578 0.086398 0.235933 -0.484177 0.268669 0.832700
0.034445 0.083256 0.234156 0.970005 0.121977 0.210267
0.035884 0.075085 0.232203 0.819886 -0.051188 -0.570234
0.037867 0.082281 0.235512 -0.610964 -0.194370 0.767426
0.033711 0.076199 0.231099 -0.488408 -0.557144 0.671601
0.034305 0.080922 0.233130 0.881327 -0.299004 -0.365869
0.031846 0.084015 0.229292 0.811442 -0.312368 -0.493952
0.032996 0.082158 0.229931 0.851812 -0.522317 0.040011
0.033164 0.081433 0.230786 0.746458 0.342498 -0.570523
0.034114 0.075858 0.230305 0.231247 -0.234516 -0.944207
0.036578 0.085925 0.236721 -0.373214 0.265994 0.888796
0.037742 0.080672 0.235040 -0.659570 -0.203946 0.723446
0.033779 0.081164 0.231686 0.852852 0.394077 -0.342558
0.034492 0.080807 0.233436 0.952705 -0.000085 -0.303896
0.033233 0.078905 0.231444 0.339251 -0.773668 -0.535114
0.035197 0.080379 0.234604 0.796546 0.049871 -0.602518
0.034223 0.077346 0.232292 0.811262 0.190714 -0.552705
0.034239 0.076158 0.231657 -0.316235 -0.830009 -0.459434
0.032492 0.080287 0.228911 0.050705 -0.027740 -0.998328
0.035406 0.081132 0.233154 -0.523058 -0.223676 0.822423
0.034776 0.078940 0.232246 0.804670 0.350427 -0.479277
0.034519 0.079827 0.233435 0.930523 0.079107 -0.357589
0.035904 0.077104 0.232755 -0.662561 -0.123461 0.738762
0.035067 0.081316 0.234510 0.800685 0.120775 -0.586785
0.034779 0.082560 0.233275 -0.613993 0.344869 -0.709985
0.034813 0.077390 0.231630 0.785956 0.254442 -0.563500
0.035026 0.078482 0.232499 -0.536791 -0.469092 0.701290
0.032518 0.083842 0.230384 -0.636850 0.352143 0.685870
0.034142 0.081092 0.232455 0.798133 -0.380882 -0.466811
0.033915 0.086191 0.234386 0.995238 -0.086987 -0.043978
0.032142 0.084615 0.229328 0.501432 -0.798361 -0.333446
0.036615 0.076538 0.233191 -0.644845 -0.180218 0.742763
0.037138 0.082654 0.237857 -0.640769 0.122935 0.757827
0.037611 0.086305 0.236795 0.125558 -0.281457 -0.951324
0.033238 0.082878 0.229562 0.923031 -0.206936 -0.324332
0.033962 0.078258 0.230879 0.819893 0.288061 -0.494770
0.033825 0.076898 0.231443 -0.440380 0.094589 -0.892815
0.035044 0.080636 0.234482 0.802087 0.093322 -0.589871
0.036176 0.081414 0.233766 -0.559535 -0.239697 0.793389
0.038112 0.082502 0.235740 -0.535248 -0.186942 0.823749
0.037906 0.080583 0.235107 -0.552958 -0.226667 0.801785
0.034273 0.077174 0.230841 0.825379 0.103801 -0.554955
0.033327 0.076506 0.229055 0.087714 -0.571964 -0.815575
0.034404 0.083709 0.234803 0.931823 0.335234 -0.139013
0.035308 0.076847 0.232132 0.771001 0.174035 -0.612592
0.036663 0.082941 0.234622 -0.645937 -0.182765 0.741189
0.032321 0.083134 0.230318 0.836880 -0.140130 -0.529146
0.036102 0.080759 0.233531 0.533232 0.166122 -0.829498
0.035450 0.074991 0.231718 0.724871 0.119681 -0.678408
0.034041 0.086743 0.234349 0.993016 -0.089240 -0.077177
0.035194 0.074714 0.231340 0.337165 -0.824250 -0.454897
0.037195 0.080862 0.237248 0.456858 0.510762 -0.728288
0.033316 0.083789 0.229666 0.930035 0.213124 -0.299356
0.038600 0.085152 0.235852 0.782325 0.031933 -0.622051
0.032566 0.080244 0.229105 0.558069 0.087157 -0.825204
0.033320 0.084130 0.229782 0.879363 0.467826 -0.088654
0.034039 0.079143 0.231327 0.803321 0.153711 -0.575367
0.033577 0.078580 0.231852 0.986524 0.017479 -0.162678
0.035598 0.079730 0.233244 -0.562080 -0.112381 0.819412
0.036899 0.079147 0.233871 -0.589035 -0.061098 0.805794
0.036516 0.083694 0.237103 -0.546814 0.014654 0.837126
0.031695 0.082599 0.229337 0.868494 -0.053560 -0.492797
0.032574 0.080398 0.229220 0.757245 0.250667 -0.603113
0.039520 0.077707 0.236376 -0.565165 -0.781907 0.263078
0.032440 0.080505 0.228890 0.085915 0.086470 -0.992543
0.038682 0.080753 0.235304 -0.368721 -0.175443 0.912833
0.034739 0.076093 0.232685 0.208819 0.191363 -0.959049
0.038500 0.080290 0.235203 -0.447760 -0.189759 0.873787
0.034222 0.086496 0.233749 0.791629 0.363835 0.490865
0.038330 0.079089 0.234884 -0.571265 -0.039258 0.819826
0.033464 0.082460 0.231227 0.928650 -0.008608 -0.370856
0.034956 0.076134 0.231400 0.714635 0.103218 -0.691841
0.034256 0.080800 0.232136 0.668767 0.379856 -0.639108
0.032762 0.079466 0.229211 0.807919 0.142703 -0.571754
0.038421 0.078666 0.234946 -0.567726 -0.041436 0.822174
0.038230 0.078760 0.234775 -0.579070 -0.049696 0.813762
0.036848 0.077680 0.234929 -0.241472 0.685001 -0.687361
0.037886 0.081381 0.235183 -0.615473 -0.275199 0.738551
0.033050 0.080707 0.231994 -0.645042 0.246996 0.723128
0.031913 0.080253 0.229357 0.748586 0.210981 0.628575
0.037389 0.076713 0.233983 -0.673565 -0.116292 0.729922
0.032517 0.080379 0.230754 0.630705 -0.727966 -0.268845
0.033187 0.081170 0.232026 -0.426576 0.251736 0.868712
0.034626 0.081227 0.232667 -0.322988 -0.378807 0.867286
0.031839 0.082607 0.229614 0.864599 -0.061019 -0.498743
0.037676 0.084111 0.235457 -0.469905 0.122501 0.874175
0.037358 0.086049 0.236812 -0.119961 0.292859 0.948600
0.034547 0.086360 0.233560 0.481991 0.449545 0.752060
0.036917 0.078337 0.233837 -0.621488 -0.017988 0.783217
0.035895 0.085443 0.236427 -0.509566 0.246228 0.824448
0.037183 0.077037 0.234927 -0.009833 0.148754 -0.988825
0.035922 0.077844 0.234370 0.233384 0.969886 0.069662
0.038080 0.084964 0.235494 -0.528167 0.125139 0.839869
0.038909 0.085196 0.236148 0.964360 0.101343 0.244417
0.038078 0.081324 0.235321 -0.464076 -0.323901 0.824452
0.037861 0.078517 0.234509 -0.571810 -0.056509 0.818437
0.037621 0.081803 0.235144 0.703223 0.295467 -0.646666
0.032941 0.082201 0.229407 0.847142 -0.406943 -0.341684
0.034511 0.081237 0.233509 0.982557 -0.112586 -0.148005
0.034740 0.078381 0.231851 0.779368 0.165844 -0.604220
0.038577 0.083220 0.236498 0.697135 0.271006 -0.663746
0.034827 0.086645 0.235406 -0.574070 0.248769 0.780101
0.034612 0.082869 0.233590 0.706931 -0.211461 0.674932
0.035741 0.081158 0.235400 0.858844 0.163027 -0.485602
0.034098 0.080458 0.231898 0.859592 0.356300 -0.366268
0.039814 0.079223 0.235739 -0.614646 -0.120136 0.779601
0.033325 0.083108 0.230875 -0.648438 -0.528556 -0.547865
0.036456 0.082130 0.234266 -0.615524 -0.245527 0.748897
0.032262 0.077139 0.229771 0.750255 0.227729 0.620691
0.033800 0.078387 0.230718 0.840838 0.254332 -0.477814
0.032739 0.081496 0.229934 0.938191 -0.306847 -0.160133
0.034772 0.074526 0.232622 0.185598 -0.982205 0.028737
0.035889 0.081534 0.233602 -0.517448 -0.225745 0.825401
0.033977 0.077148 0.230437 0.790522 0.185904 -0.583536
0.036963 0.084420 0.237308 -0.389613 0.212058 0.896233
0.037694 0.083362 0.235561 -0.514947 -0.060114 0.855111
0.037229 0.083279 0.237833 0.626221 -0.246787 -0.739556
0.033376 0.076234 0.230802 0.453215 0.856331 -0.247577
0.033964 0.079633 0.231418 0.793485 0.296097 -0.531704
0.035211 0.085356 0.233767 0.055197 0.137461 0.988968
0.037624 0.080443 0.234528 0.740409 0.235757 -0.629455
0.033861 0.077927 0.230573 0.806772 0.215305 -0.550239
0.031802 0.082965 0.229445 0.854466 -0.096911 -0.510387
0.036307 0.082867 0.236910 -0.690546 0.039468 0.722211
0.033968 0.085140 0.234390 0.952098 0.150677 0.266094
0.031747 0.083571 0.229295 0.845781 -0.145586 -0.513283
0.033543 0.075709 0.230973 0.662118 0.749251 -0.014928
0.037358 0.082679 0.235129 -0.664170 -0.286292 0.690590
0.036750 0.076899 0.234569 0.037920 0.357770 -0.933039
0.035883 0.076062 0.232615 -0.649146 -0.170831 0.741233
0.032719 0.084035 0.230540 0.258197 -0.586800 -0.767464
0.034319 0.084274 0.234198 0.814701 0.120173 0.567292
0.035780 0.080961 0.233432 -0.511034 -0.193900 0.837405
0.032906 0.084558 0.229389 0.355393 0.934010 -0.036348
0.032476 0.081890 0.229054 -0.130601 -0.116770 -0.984534
0.035277 0.074972 0.233159 -0.382072 0.909728 0.162530
0.033941 0.076815 0.230282 0.817122 0.122134 -0.563378
0.037771 0.078297 0.234432 -0.558066 -0.055149 0.827962
0.036435 0.084267 0.234575 -0.663932 0.006641 0.747764
0.039057 0.079367 0.236193 0.301536 -0.922586 0.240645
0.038948 0.082129 0.236019 -0.439862 -0.320440 0.838951
0.036979 0.082434 0.237777 -0.653359 0.063422 0.754387
0.035067 0.083859 0.236068 0.748898 0.070432 -0.658932
0.033431 0.082621 0.231358 0.594436 -0.123327 -0.794630
0.037092 0.076244 0.233679 -0.698894 0.083484 0.710336
0.032981 0.084620 0.229595 -0.356628 -0.933965 -0.022930
0.038733 0.082335 0.235955 -0.454669 -0.306610 0.836222
0.036610 0.081860 0.234372 -0.542135 -0.304156 0.783313
0.033032 0.080081 0.230048 0.838005 0.186438 -0.512824
0.034287 0.078150 0.231313 0.751856 0.216325 -0.622829
0.033194 0.084186 0.230313 -0.510364 -0.633684 -0.581354
0.033883 0.078045 0.232087 0.756070 0.290078 -0.586697
0.036687 0.083690 0.234787 0.710256 0.065933 -0.700849
0.036993 0.079807 0.233945 -0.558208 -0.068215 0.826892
0.037493 0.085529 0.236917 -0.087308 0.299215 0.950183
0.036748 0.078166 0.233737 -0.641826 -0.026129 0.766405
0.036132 0.081761 0.233819 -0.566558 -0.234440 0.789968
0.032775 0.081854 0.231224 0.579367 -0.527130 -0.621665
0.031736 0.082391 0.229437 0.907712 0.036454 -0.418008
0.037393 0.078058 0.234204 -0.554426 -0.069510 0.829325
0.039513 0.081359 0.236113 0.619545 0.286642 -0.730753
0.034978 0.080944 0.234404 0.804440 0.115279 -0.582741
0.036750 0.079973 0.233815 -0.499727 -0.111261 0.859008
0.032782 0.079382 0.229223 0.866674 0.160660 -0.472297
0.036887 0.083162 0.234886 -0.678635 -0.212975 0.702920
0.035664 0.080336 0.233221 -0.555158 -0.054750 0.829941
0.033550 0.078329 0.231660 0.615752 -0.138488 0.775674
0.033635 0.078988 0.230532 0.829763 0.187136 -0.525808
0.037865 0.086311 0.236874 -0.316666 -0.479643 -0.818331
0.036754 0.080990 0.234070 -0.508506 -0.246088 0.825144
0.034795 0.079916 0.232559 -0.451627 -0.131711 0.882431
0.036473 0.081407 0.233991 -0.575910 -0.271487 0.771117
0.032236 0.077046 0.229410 0.712514 0.259664 0.651843
0.040340 0.079159 0.236126 0.967973 0.223249 0.114843
0.034089 0.078737 0.232547 0.676353 -0.416874 -0.607258
0.035147 0.082405 0.233214 -0.260016 -0.215426 0.941267
0.032390 0.077334 0.230202 0.988861 0.148608 0.008289
0.035610 0.081166 0.235080 0.824294 0.152383 -0.545269
0.035568 0.083101 0.233662 -0.573415 -0.111937 0.811582
0.038892 0.077436 0.235179 -0.499814 -0.065819 0.863628
0.032199 0.082864 0.230183 0.851685 -0.108003 -0.512805
0.035726 0.086459 0.235978 -0.490105 0.262450 0.831214
0.034436 0.085213 0.233984 0.540046 0.103778 0.835213
0.036302 0.077373 0.233146 -0.672175 -0.147790 0.725492
0.038307 0.076447 0.234723 0.534592 -0.004661 -0.845097
0.032757 0.083464 0.228591 0.206763 0.066834 -0.976106
0.034602 0.082758 0.234103 0.988573 0.136768 0.063384
0.034140 0.080762 0.231976 0.681627 0.399796 -0.612819
0.038968 0.080087 0.236512 -0.308643 -0.514999 -0.799697
0.034486 0.079492 0.232165 0.823696 0.321456 -0.467109
0.032612 0.080483 0.229379 0.886406 0.229609 -0.401952
0.035497 0.084259 0.236482 -0.584799 0.122978 0.801802
0.032902 0.082059 0.229621 0.861702 -0.422390 -0.281170
0.034567 0.075167 0.230723 -0.150208 0.727299 0.669682
0.035868 0.080220 0.233438 -0.505890 -0.048413 0.861239
0.035789 0.085636 0.233924 -0.394051 0.185209 0.900234
0.036423 0.081807 0.234149 -0.593379 -0.261718 0.761187
0.037157 0.083497 0.237617 -0.609673 0.266891 0.746370
0.039000 0.080939 0.235500 -0.508402 -0.240980 0.826714
0.039205 0.080807 0.235652 -0.590783 -0.206070 0.780071
0.033042 0.081008 0.231970 -0.602890 0.222987 0.766029
0.040126 0.077930 0.235807 0.297560 -0.669391 -0.680716
0.037241 0.081545 0.234451 -0.566941 -0.332006 0.753890
0.033002 0.076156 0.230232 -0.302888 -0.893047 -0.332754
0.033279 0.078060 0.229692 0.837846 0.167793 -0.519481
0.038523 0.081119 0.235318 -0.340526 -0.362608 0.867500
0.032313 0.081714 0.228952 -0.286095 -0.026072 -0.957847
0.035137 0.077756 0.233583 0.031590 0.297090 -0.954327
0.035671 0.083333 0.236602 -0.577779 -0.210432 0.788600
0.032884 0.080254 0.229847 0.834728 0.209553 -0.509231
0.034385 0.079837 0.233221 0.861339 0.430395 -0.269917
0.035100 0.085941 0.235803 -0.534259 0.229955 0.813442
0.035652 0.076979 0.232534 0.715572 0.133543 -0.685656
0.037057 0.084377 0.235030 -0.604854 0.105316 0.789341
0.032405 0.080111 0.230275 0.738205 -0.403884 0.540306
0.036384 0.078639 0.233395 -0.583713 -0.082396 0.807769
0.032450 0.084719 0.229387 -0.091583 0.983161 0.158135
0.035539 0.079715 0.234875 0.775989 0.086961 -0.624723
0.032239 0.080738 0.230111 0.926545 0.375862 -0.015548
0.035187 0.079020 0.234320 0.778107 0.231764 -0.583811
0.036815 0.077652 0.233799 -0.643941 -0.114501 0.756459
0.036980 0.083753 0.237435 -0.522680 0.189260 0.831256
0.033768 0.076127 0.229758 -0.334222 0.663776 0.669101
0.031748 0.084298 0.228914 0.742666 -0.503070 -0.442004
0.033456 0.077196 0.229668 0.839588 0.201171 -0.504601
0.039295 0.078989 0.235487 -0.553095 -0.097158 0.827434
0.034363 0.080413 0.232187 0.876742 0.300053 -0.375888
0.034676 0.086978 0.233146 -0.434347 -0.510293 -0.742256
0.038786 0.079486 0.236192 0.520634 -0.727054 0.447586
0.039141 0.080497 0.235545 -0.545297 -0.143992 0.825783
0.034888 0.079540 0.234081 0.837968 0.097579 -0.536925
0.034175 0.076509 0.231786 0.897199 0.187988 -0.399617
0.033301 0.075751 0.230698 0.357447 0.932667 -0.048619
0.036591 0.079566 0.233711 -0.517760 -0.075207 0.852214
0.037502 0.085710 0.234949 0.526005 -0.172366 -0.832832
0.033045 0.079822 0.229970 0.798694 0.203659 -0.566225
0.036274 0.076374 0.234061 -0.655390 -0.116735 -0.746215
0.034470 0.083371 0.234002 0.908121 0.038850 0.416901
0.035610 0.081452 0.233449 -0.504998 -0.216777 0.835455
0.032733 0.079535 0.230914 0.356022 -0.251966 -0.899867
0.033006 0.078884 0.231207 -0.296867 0.755487 0.584046
0.035559 0.085751 0.233755 -0.305848 0.273381 0.911987
0.034371 0.075525 0.231906 -0.056382 0.145764 0.987711
0.038452 0.083313 0.236293 0.785105 0.090288 -0.612747
0.032861 0.081449 0.230234 0.701909 0.601675 -0.381197
0.037649 0.080678 0.234867 0.745168 0.208408 -0.633475
0.033215 0.081622 0.231860 -0.253245 0.417031 0.872899
0.036981 0.082562 0.234775 -0.595888 -0.284796 0.750872
0.036488 0.082606 0.237252 0.729989 -0.143232 -0.668281
0.033936 0.080836 0.232559 0.818428 -0.527639 -0.227534
0.033576 0.079912 0.230891 0.854974 0.236460 -0.461633
0.036233 0.075508 0.233965 -0.416460 0.890784 -0.181841
0.040074 0.079543 0.236042 0.965700 -0.034261 -0.257390
0.038872 0.081272 0.235510 -0.398137 -0.400868 0.825101
0.032100 0.082300 0.230079 0.854546 0.010350 -0.519273
0.033472 0.082052 0.231280 0.963127 0.112875 -0.244224
0.034829 0.078205 0.233315 0.912510 -0.005581 -0.409016
0.038003 0.080392 0.235004 -0.518644 -0.291360 0.803814
0.033573 0.076295 0.229530 -0.223981 0.595416 0.771565
0.037621 0.083758 0.235510 -0.489387 0.084206 0.867992
0.037321 0.081084 0.234322 -0.592404 -0.186585 0.783737
0.031929 0.082234 0.229788 0.869618 -0.018188 -0.493389
0.039502 0.080033 0.236842 0.402448 0.320538 0.857491
0.038785 0.083203 0.236669 0.684433 0.324020 -0.653117
0.039544 0.079655 0.236700 0.452555 0.147080 0.879523
0.034176 0.079588 0.231753 0.789384 0.485995 -0.375075
0.034040 0.087260 0.233157 0.737129 0.496205 0.458718
0.033876 0.079428 0.232539 0.517410 0.380699 -0.766391
0.035671 0.080263 0.235013 0.793439 0.071350 -0.604453
0.034127 0.086048 0.234982 0.782530 -0.166457 -0.599950
0.035466 0.080325 0.233041 -0.598533 -0.050933 0.799478
0.036582 0.078222 0.233561 -0.636287 -0.040497 0.770389
0.039048 0.078664 0.236234 0.769585 0.512477 -0.380928
0.034257 0.077616 0.232427 0.729241 -0.204647 -0.652937
0.032875 0.078061 0.228997 0.846020 0.170792 -0.505055
0.035832 0.083980 0.236750 0.492566 -0.048052 -0.868947
0.036370 0.079026 0.233441 -0.502070 -0.162436 0.849435
0.033224 0.076918 0.231043 -0.628943 -0.308882 0.713459
0.034986 0.083295 0.233427 0.154998 -0.267306 0.951064
0.032803 0.077890 0.230959 -0.576366 0.011681 0.817108
0.036690 0.083562 0.237210 -0.594321 0.071229 0.801067
0.035507 0.084433 0.236403 -0.595252 0.170895 0.785156
0.034645 0.078968 0.232079 0.794478 0.331271 -0.508984
0.032726 0.084338 0.228870 -0.418936 -0.725807 0.545615
0.034079 0.085308 0.235183 0.834174 -0.048998 -0.549320
0.033016 0.081876 0.231596 -0.524451 0.547372 0.652177
0.033395 0.078477 0.231466 0.692819 0.665213 -0.278378
0.032074 0.081563 0.229974 0.757175 0.543198 -0.362796
0.035260 0.081677 0.234748 0.825613 0.185245 -0.532962
0.037327 0.084037 0.237565 0.447701 -0.290319 -0.845741
0.035155 0.083774 0.236190 0.752783 0.108311 -0.649297
0.034073 0.079578 0.231592 0.800259 0.305647 -0.515913
0.038157 0.077936 0.234670 -0.588645 -0.045203 0.807127
0.035284 0.085873 0.233677 -0.155093 0.256377 0.954053
0.034929 0.079176 0.234042 0.873982 0.183937 -0.449802
0.032541 0.081751 0.230975 -0.600738 0.432299 0.672481
0.037873 0.084760 0.237253 0.082431 -0.433864 -0.897200
0.038385 0.084909 0.235655 -0.550433 0.136531 0.823640
0.036091 0.082229 0.236653 0.787956 0.142294 -0.599064
0.035699 0.076184 0.232452 0.704052 0.158658 -0.692198
0.034896 0.079261 0.234009 0.852307 0.156630 -0.499039
0.034284 0.077135 0.232322 0.690654 0.148098 -0.707859
0.034971 0.085866 0.235736 -0.551821 0.216742 0.805305
0.034778 0.086104 0.235526 -0.577935 0.230938 0.782725
0.035369 0.081850 0.233401 -0.510557 -0.168436 0.843185
0.032993 0.079698 0.229821 0.855951 0.193393 -0.479528
0.036335 0.085415 0.234412 -0.508881 0.134983 0.850188
0.039309 0.079767 0.235546 -0.548484 -0.044913 0.834954
0.036529 0.077873 0.233501 -0.661320 -0.091522 0.744500
0.039609 0.081706 0.236322 0.576199 0.323510 -0.750557
0.036000 0.079459 0.233390 -0.457000 -0.147640 0.877128
0.035533 0.084122 0.233736 -0.469858 -0.258982 0.843897
0.034512 0.085659 0.233867 0.486661 0.221253 0.845108
0.032216 0.084702 0.228887 -0.181568 0.953200 -0.241750
0.034807 0.080438 0.233731 0.889362 0.053406 -0.454074
0.038419 0.080850 0.235244 -0.293928 -0.260471 0.919653
0.036700 0.077393 0.234661 0.030734 -0.485005 -0.873971
0.034994 0.076264 0.231471 0.760566 0.111711 -0.639578
0.039112 0.081246 0.235687 -0.532163 -0.340261 0.775258
0.032689 0.079478 0.229125 0.576192 0.160503 -0.801400
0.032952 0.081957 0.231432 0.726448 -0.481267 -0.490567
0.036438 0.081003 0.233786 -0.520468 -0.210375 0.827560
0.033150 0.077536 0.229340 0.794114 0.134202 -0.592767
0.032162 0.083449 0.229967 0.836103 -0.159629 -0.524834
0.037735 0.081591 0.235124 0.686714 0.309517 -0.657741
0.034916 0.086349 0.233466 -0.000979 0.371997 0.928233
0.032674 0.083036 0.228532 0.088508 0.112666 0.989683
0.034184 0.076451 0.230540 0.904173 0.123280 -0.408990
0.038654 0.077999 0.235099 -0.560509 -0.043523 0.827004
0.034438 0.078232 0.231573 0.759737 0.138970 -0.635207
0.034382 0.076388 0.230793 0.851108 0.070029 -0.520300
0.038465 0.082427 0.235843 -0.509598 -0.247858 0.823940
0.033986 0.076330 0.231364 0.585313 0.794704 0.160791
0.037188 0.082062 0.237905 -0.652723 0.004044 0.757586
0.034673 0.079814 0.233742 0.876712 0.023859 -0.480424
0.033653 0.078340 0.231857 0.167911 0.474042 -0.864344
0.037930 0.077867 0.234510 -0.563187 -0.045980 0.825050
0.036888 0.082853 0.237544 -0.688099 0.189907 0.700325
0.037040 0.083953 0.237445 -0.490541 0.178147 0.853014
0.038840 0.078821 0.235209 -0.557707 -0.016790 0.829868
0.035728 0.078408 0.234559 -0.464910 -0.553827 0.690749
0.032465 0.084247 0.230048 0.555499 -0.602037 -0.573561
0.032778 0.079839 0.229456 0.897468 0.199928 -0.393168
0.038299 0.082146 0.235801 -0.478624 -0.215880 0.851067
0.033764 0.080509 0.232508 0.664379 -0.592726 -0.455277
0.036270 0.082565 0.236903 0.749819 0.044675 -0.660133
0.037044 0.081077 0.234151 -0.537602 -0.224541 0.812752
0.036771 0.075797 0.233248 0.814266 -0.360956 -0.454623
0.039968 0.077516 0.236557 0.705349 -0.569147 0.422556
0.034629 0.086631 0.235291 -0.610707 0.260357 0.747831
0.032378 0.081753 0.230719 0.821839 -0.093156 -0.562052
0.033438 0.083632 0.229878 0.984312 0.147393 -0.096984
0.038286 0.081600 0.235531 -0.431060 -0.397221 0.810187
0.034951 0.079893 0.234295 0.831294 0.023554 -0.555333
0.037395 0.081630 0.237891 0.639713 0.137581 -0.756200
0.033705 0.077698 0.231718 0.755956 0.128899 -0.641806
0.038365 0.083492 0.236169 0.780783 0.018182 -0.624538
0.038320 0.076727 0.234748 -0.558839 -0.035092 0.828533
0.036198 0.081076 0.233636 -0.544381 -0.205582 0.813256
0.032614 0.080817 0.231203 0.982930 0.134553 -0.125478
0.033068 0.077657 0.229185 0.787816 0.130214 -0.601989
0.037186 0.082949 0.237859 -0.651567 0.167480 0.739872
0.034155 0.086996 0.233289 0.677048 0.533911 0.506502
0.036437 0.085697 0.234430 0.522516 -0.174104 -0.834665
0.035594 0.081189 0.233318 -0.508879 -0.216848 0.833078
0.035205 0.077952 0.233717 -0.424909 -0.400118 0.812009
0.036431 0.082439 0.234287 -0.645247 -0.198268 0.737798
0.035872 0.077246 0.232750 -0.672300 -0.128994 0.728954
0.033172 0.080096 0.231990 0.760618 0.395768 -0.514614
0.037170 0.077130 0.233860 -0.617954 -0.132654 0.774942
0.037200 0.083805 0.237556 -0.541130 0.287787 0.790163
0.035288 0.076487 0.231972 0.797236 0.162399 -0.581413
0.038478 0.079991 0.236542 0.297811 -0.954522 -0.014024
0.036702 0.080820 0.233956 -0.517337 -0.183330 0.835914
0.036329 0.076091 0.232891 -0.610288 -0.170016 0.773720
0.033980 0.074857 0.231568 -0.641036 -0.720714 -0.263900
0.033525 0.082060 0.231633 0.728242 0.511352 0.456271
0.038411 0.081838 0.235771 -0.423142 -0.333840 0.842319
0.033699 0.078458 0.231989 -0.546015 -0.537543 0.642584
0.034147 0.077683 0.230821 0.803716 0.238293 -0.545212
0.034498 0.084232 0.235497 0.811327 0.183058 -0.555192
0.035637 0.076744 0.232455 0.739771 0.116383 -0.662718
0.037337 0.080334 0.234254 -0.626548 -0.163972 0.761939
0.038278 0.082916 0.235835 -0.608694 -0.206832 0.765971
0.035616 0.078210 0.232623 -0.631493 -0.240202 0.737238
0.033708 0.079330 0.232365 0.728429 0.209563 -0.652283
0.035072 0.079005 0.232609 0.810713 0.104895 -0.575970
0.036080 0.085470 0.236514 -0.481334 0.259846 0.837137
0.034812 0.082034 0.233061 -0.341239 0.333843 -0.878695
0.037482 0.084210 0.237569 0.357248 -0.379870 -0.853272
0.035023 0.083722 0.235997 0.779646 0.154957 -0.606745
0.033341 0.080497 0.230684 0.858085 0.207585 -0.469679
0.032743 0.081152 0.231450 0.866190 -0.141811 -0.479171
0.037178 0.076357 0.234894 -0.137401 -0.286488 0.948180
0.037537 0.079094 0.234332 -0.574307 -0.021385 0.818361
0.037132 0.079390 0.234030 -0.573309 -0.031096 0.818749
0.034869 0.081155 0.232871 0.415792 0.492234 -0.764737
0.033284 0.082769 0.229855 0.937999 -0.268219 -0.219585
0.035122 0.081211 0.233059 -0.238971 -0.346392 0.907141
0.034659 0.076534 0.231171 -0.677627 -0.063824 0.732631
0.033097 0.084512 0.229966 -0.483219 -0.799746 -0.356239
0.032767 0.083565 0.230795 0.422933 -0.337226 -0.841074
0.033105 0.078153 0.229433 0.835933 0.170100 -0.521806
0.033160 0.082070 0.230737 0.766305 -0.000369 -0.642476
0.032283 0.084724 0.229368 -0.346071 0.900240 0.264203
0.037356 0.085188 0.237047 -0.071827 0.412785 0.907992
0.036703 0.086170 0.236694 -0.350299 0.290402 0.890482
0.037088 0.079060 0.234012 -0.583488 -0.030834 0.811536
0.034124 0.081049 0.232183 0.766900 0.367918 -0.525833
0.034915 0.076681 0.231508 0.753137 0.154939 -0.639358
0.039738 0.078202 0.236655 0.820218 0.097856 0.563620
0.032882 0.083284 0.228873 0.743422 0.031531 -0.668079
0.038197 0.077038 0.234692 -0.570822 -0.023292 0.820744
0.033361 0.079127 0.231803 0.993519 0.076352 -0.084208
0.034100 0.085560 0.235113 0.820817 -0.085523 -0.564753
0.033615 0.078205 0.230268 0.834238 0.174844 -0.522949
0.037979 0.081891 0.235401 0.599005 0.307101 -0.739515
0.037042 0.083270 0.237533 -0.653361 0.217304 0.725188
0.037498 0.079863 0.234280 -0.614379 -0.116862 0.780309
0.038980 0.078269 0.235282 -0.483668 -0.042902 0.874199
0.034604 0.079597 0.233550 0.873732 0.072145 -0.481027
0.037550 0.078738 0.234335 -0.566601 -0.029365 0.823469
0.039613 0.080488 0.235890 -0.593303 -0.200337 0.779652
0.034284 0.080057 0.233113 0.839575 -0.044188 -0.541444
0.036459 0.084870 0.236958 -0.441870 0.256763 0.859549
0.038379 0.078210 0.234918 -0.581232 -0.042670 0.812618
0.036646 0.080400 0.233793 -0.510372 -0.139204 0.848612
0.033200 0.078629 0.229746 0.834044 0.185519 -0.519570
0.034564 0.083084 0.233787 0.886399 -0.024915 0.462251
0.036138 0.078848 0.233301 -0.512837 -0.184406 0.838446
0.037314 0.084219 0.237518 -0.356217 0.336003 0.871901
0.038315 0.084071 0.235821 -0.646562 0.196994 0.736988
0.034315 0.084135 0.235048 0.920265 0.305434 -0.244586
0.033799 0.081046 0.232271 0.584543 -0.456628 -0.670672
0.037978 0.077208 0.234536 -0.527744 0.004234 0.849393
0.037476 0.077754 0.234218 -0.561984 -0.073435 0.823882
0.035714 0.078555 0.232934 -0.579822 -0.255706 0.773576
0.035187 0.075965 0.231664 0.756591 0.194367 -0.624333
0.034227 0.085908 0.233980 0.775695 0.078590 0.626195
0.032667 0.080598 0.229557 0.898891 0.152212 -0.410884
0.032446 0.082030 0.230674 -0.677254 0.165276 0.716946
0.036634 0.083534 0.234704 0.707549 0.106639 -0.698572
0.038043 0.080482 0.235131 -0.480122 -0.264114 0.836497
0.033460 0.083200 0.230224 0.972521 -0.009721 0.232611
0.037674 0.076432 0.234317 0.658220 0.153739 -0.736961
0.032909 0.084244 0.230447 0.012695 -0.713235 -0.700810
0.037867 0.084552 0.235465 -0.458328 0.143454 0.877130
0.033750 0.080688 0.231465 0.832092 0.179831 -0.524674
0.039746 0.079197 0.236605 0.758753 0.016992 0.651157
0.035051 0.074938 0.231230 -0.307997 0.817453 0.486733
0.035133 0.079878 0.232859 -0.525810 -0.095878 0.845181
0.033308 0.076068 0.230637 0.408435 0.912583 0.019340
0.036288 0.079874 0.235947 0.807371 0.225003 -0.545460
0.034048 0.080342 0.232827 0.847514 -0.051358 -0.528283
0.033728 0.077444 0.231727 -0.654092 -0.197474 0.730183
0.033593 0.077617 0.230132 0.820089 0.185292 -0.541406
0.037314 0.075914 0.233802 0.731580 -0.448947 -0.513067
0.033400 0.078196 0.229905 0.833443 0.169433 -0.525990
0.034172 0.085461 0.234095 0.703861 0.145231 0.695333
0.034570 0.083023 0.234306 0.981204 0.191822 -0.021049
0.035497 0.085798 0.236086 -0.504808 0.234907 0.830655
0.033930 0.086495 0.234375 0.992980 -0.086750 -0.080406
0.037106 0.084182 0.237425 -0.401631 0.212261 0.890864
0.035283 0.083814 0.236491 -0.663549 -0.013303 0.748015
0.037421 0.080458 0.234373 -0.667129 -0.186335 0.721262
0.032568 0.076617 0.229782 -0.601072 -0.603779 -0.523606
0.034041 0.079797 0.232768 -0.577649 -0.236331 0.781326
0.033143 0.082420 0.230021 0.893394 -0.447968 0.034240
0.033021 0.081419 0.230543 0.754401 0.417551 -0.506487
0.034008 0.086324 0.234789 0.854834 -0.191523 -0.482263
0.040209 0.079251 0.236057 0.929611 0.302739 0.210172
0.034676 0.081563 0.233996 0.939095 -0.030775 -0.342276
0.034950 0.082985 0.235329 0.836238 0.368178 -0.406388
0.035910 0.077684 0.232911 -0.679295 -0.120462 0.723911
0.031618 0.082256 0.229232 0.968321 0.247236 -0.035070
0.034933 0.078805 0.232426 0.810608 0.268944 -0.520176
0.038256 0.085191 0.235551 -0.536823 0.151120 0.830051
0.036026 0.080108 0.235796 0.804287 0.201055 -0.559195
0.033793 0.077101 0.230175 0.811344 0.187403 -0.553716
0.037653 0.079661 0.234409 -0.594143 -0.068398 0.801446
0.038486 0.081341 0.235422 -0.339561 -0.401400 0.850633
0.033605 0.081116 0.231398 0.899311 0.277839 -0.337705
0.039843 0.077259 0.235505 0.516147 -0.092205 -0.851522
0.037254 0.077410 0.233984 -0.570819 -0.059694 0.818903
0.035023 0.082267 0.234744 0.872440 0.261854 -0.412650
0.032434 0.084404 0.229907 0.456898 -0.703697 -0.544109
0.039192 0.079503 0.235442 -0.505637 0.005551 0.862729
0.033604 0.076653 0.229718 -0.682914 0.247440 0.687315
0.035311 0.078682 0.232715 -0.554868 -0.323567 0.766437
0.032829 0.083115 0.231021 0.416571 -0.285713 -0.863039
0.039666 0.079534 0.236599 0.645456 0.261888 0.717497
0.032457 0.081512 0.230922 0.667911 -0.267245 -0.694604
0.036618 0.084526 0.234623 -0.639139 0.048262 0.767575
0.032914 0.077060 0.230864 -0.652433 -0.304789 0.693855
0.034758 0.080186 0.232549 0.445703 -0.093729 -0.890260
0.039199 0.082172 0.236203 0.518492 0.381092 -0.765464
0.034616 0.077654 0.231518 0.773826 0.245744 -0.583783
0.032871 0.078598 0.229240 0.850664 0.161634 -0.500245
0.034623 0.081865 0.232905 0.781984 -0.498844 0.373706
0.032467 0.083581 0.230397 0.747707 -0.263684 -0.609430
0.036200 0.081680 0.236754 0.833242 0.136483 -0.535799
0.034100 0.079177 0.232659 0.419075 0.045672 -0.906802
0.032380 0.079806 0.230224 0.691272 -0.489088 0.531917
0.037193 0.084890 0.235029 -0.531923 0.160577 0.831428
0.036772 0.085014 0.234658 -0.601514 0.113054 0.790822
0.036772 0.083415 0.234837 0.708005 0.136249 -0.692940
0.034991 0.085798 0.233736 0.055343 0.268776 0.961611
0.038922 0.082258 0.236128 0.480334 0.363268 -0.798321
0.033884 0.077786 0.231978 0.812012 0.126563 -0.569753
0.034840 0.085357 0.235772 -0.580391 0.170924 0.796198
0.039853 0.078177 0.235668 0.427955 0.240197 -0.871298
0.034151 0.086259 0.234947 0.780578 -0.188343 -0.596008
0.032731 0.079935 0.230994 0.800063 0.461118 -0.383757
0.032391 0.080964 0.229055 0.604702 0.113971 -0.788255
0.034008 0.084794 0.234816 0.966415 0.228783 -0.117050
0.033698 0.079075 0.232279 0.678512 -0.015977 -0.734416
0.033465 0.083834 0.229998 0.940155 0.329886 0.085341
0.037027 0.082980 0.234959 -0.668653 -0.262333 0.695762
0.038577 0.082116 0.235847 -0.408384 -0.255477 0.876330
0.032440 0.081002 0.229203 0.821398 0.059393 -0.567255
0.034358 0.086273 0.233713 0.625318 0.392272 0.674611
0.035626 0.079431 0.233194 -0.539935 -0.164757 0.825425
0.035167 0.077369 0.232063 0.745215 0.192853 -0.638327
0.035357 0.078655 0.234331 0.732180 0.306440 -0.608281
0.039184 0.079148 0.236245 -0.249844 -0.946601 -0.203776
0.033469 0.080140 0.230826 0.849764 0.205747 -0.485356
0.034902 0.080339 0.234227 0.838134 0.031056 -0.544579
0.037346 0.082531 0.238043 -0.636447 0.085960 0.766516
0.038351 0.082720 0.235831 -0.542417 -0.254831 0.800528
0.034729 0.084174 0.235803 0.786157 0.064589 -0.614643
0.035313 0.082879 0.233380 -0.341981 -0.216571 0.914410
0.033428 0.079035 0.230291 0.824145 0.201352 -0.529379
0.033407 0.078655 0.230040 0.835699 0.186899 -0.516406
0.040389 0.078232 0.235962 0.990120 0.137138 0.029243
0.032383 0.080968 0.230700 0.980926 -0.007802 -0.194227
0.034528 0.078269 0.231714 0.753296 0.092716 -0.651113
0.034851 0.078749 0.231965 0.803419 0.222106 -0.552437
0.032434 0.084511 0.229754 0.356585 -0.820065 -0.447593
0.032063 0.083196 0.229859 0.845183 -0.129173 -0.518633
0.036145 0.083298 0.234235 -0.688965 -0.107653 0.716755
0.033039 0.084406 0.230199 -0.172745 -0.822799 -0.541444
0.037120 0.083767 0.235413 -0.574785 0.028716 0.817800
0.036258 0.078491 0.233292 -0.624404 -0.118055 0.772128
0.034223 0.075601 0.230458 0.538481 0.841220 0.048856
0.032922 0.081678 0.230450 -0.569868 -0.428526 0.701153
0.036468 0.078421 0.233425 -0.612362 -0.083702 0.786134
0.037232 0.082748 0.235092 -0.647758 -0.307085 0.697215
0.034545 0.086927 0.235113 0.661499 -0.309300 -0.683194
0.038133 0.079811 0.234769 -0.618973 -0.219853 0.754014
0.033066 0.083474 0.229267 0.883974 0.017601 -0.467205
0.033639 0.079613 0.232389 -0.549064 -0.286232 0.785239
0.037684 0.084493 0.237491 0.186678 -0.408084 -0.893655
0.033881 0.085585 0.234666 0.992971 0.007820 -0.118096
0.036522 0.082898 0.234490 -0.652849 -0.173339 0.737388
0.034567 0.082705 0.233793 0.948517 -0.060562 0.310882
0.032880 0.084535 0.230030 -0.029457 -0.884316 -0.465959
0.033690 0.076900 0.229967 0.789124 0.155192 -0.594306
0.032866 0.076762 0.230537 -0.448633 -0.632992 0.630912
0.039097 0.079908 0.236356 -0.227627 0.930802 0.285995
0.032908 0.078379 0.231033 -0.558087 -0.094222 0.824415
0.032175 0.078777 0.230106 0.998834 -0.005919 -0.047904
0.033926 0.087227 0.234035 0.946332 0.182897 0.266467
0.033282 0.078973 0.230025 0.832070 0.199150 -0.517687
0.033112 0.079329 0.229920 0.842591 0.198717 -0.500551
0.034980 0.086820 0.233284 -0.068443 -0.433269 -0.898662
0.032063 0.084665 0.229051 0.576700 -0.733318 -0.360086
0.038523 0.082807 0.236222 -0.638432 -0.384869 0.666544
0.032967 0.084607 0.229779 0.270730 0.938705 0.213397
0.039890 0.077965 0.235651 -0.443886 0.017750 0.895907
0.037078 0.081835 0.234506 -0.496285 -0.352262 0.793481
0.035262 0.085178 0.233824 0.005929 0.118490 0.992938
0.036117 0.076558 0.232931 -0.628904 -0.161699 0.760482
0.034262 0.076175 0.230641 0.942824 0.188503 -0.274862
0.032357 0.084623 0.228739 0.073992 0.785754 -0.614098
0.032567 0.081544 0.229482 0.888506 -0.381774 -0.254569
0.031954 0.079246 0.229465 0.684773 0.106314 0.720960
0.032291 0.081530 0.230609 0.837221 0.093338 -0.538841
0.033409 0.079989 0.230604 0.853893 0.209862 -0.476261
0.034020 0.075346 0.231537 0.833432 0.486208 0.262664
0.037381 0.079262 0.234207 -0.580893 -0.021217 0.813704
0.034641 0.075071 0.230907 -0.015416 -0.810669 -0.585301
0.036625 0.085190 0.236903 -0.378285 0.293084 0.878068
0.033547 0.078765 0.230328 0.833019 0.181437 -0.522648
0.038201 0.080223 0.235069 -0.459454 -0.282268 0.842156
0.034437 0.075670 0.230726 0.753372 0.354068 -0.554136
0.032054 0.082903 0.229912 0.856082 -0.110214 -0.504952
0.038578 0.078903 0.235037 -0.546474 -0.033873 0.836791
0.036567 0.076010 0.233039 0.625572 0.185351 -0.757829
0.036507 0.079978 0.233662 -0.479836 -0.103202 0.871267
0.033559 0.081378 0.231298 0.922034 0.183245 -0.340992
0.031932 0.080890 0.229506 0.916136 -0.014763 0.400595
0.034915 0.077953 0.231976 0.788960 0.159748 -0.593315
0.034877 0.079660 0.232564 -0.664021 -0.217033 0.715522
0.036635 0.082461 0.237498 0.702188 -0.137632 -0.698562
0.036056 0.082508 0.233924 -0.652491 -0.167437 0.739067
0.034457 0.079173 0.233117 0.925783 0.142140 -0.350317
0.037024 0.082088 0.234632 -0.529412 -0.334704 0.779549
0.035990 0.081654 0.236217 0.870512 0.205026 -0.447407
0.034222 0.080089 0.231944 0.907642 0.188619 -0.374978
0.034026 0.077117 0.232067 0.852997 0.163880 -0.495519
0.032820 0.081059 0.231601 0.855647 -0.243800 -0.456541
0.037183 0.085430 0.236940 -0.121044 0.337315 0.933578
0.034931 0.077580 0.233243 0.822050 0.408770 -0.396409
0.037374 0.083893 0.235451 -0.502935 0.105631 0.857845
0.035701 0.078366 0.232819 -0.596748 -0.247987 0.763148
0.034310 0.086848 0.234927 0.744121 -0.290657 -0.601501
0.035336 0.086434 0.235760 0.493950 -0.266104 -0.827769
0.033397 0.082259 0.231104 0.904531 0.059135 -0.422288
0.038206 0.080343 0.235133 -0.449861 -0.275967 0.849392
0.036306 0.080759 0.233623 -0.524686 -0.179094 0.832244
0.038679 0.083749 0.236421 0.774867 -0.081280 -0.626877
0.034796 0.083819 0.233739 0.420173 -0.263369 0.868384
0.038625 0.079815 0.236345 0.523747 -0.838895 0.148136
0.036109 0.085751 0.236451 -0.482417 0.264748 0.834974
0.037913 0.084961 0.237170 0.076487 -0.435501 -0.896933
0.039103 0.080620 0.235543 -0.531701 -0.142125 0.834922
0.032634 0.081591 0.231183 0.792595 -0.408186 -0.452965
0.036252 0.079803 0.233500 -0.455807 -0.099895 0.884455
0.035999 0.081282 0.233585 -0.526970 -0.214392 0.822398
0.034483 0.074515 0.232287 -0.156162 -0.963506 -0.217416
0.037488 0.076216 0.234023 0.664411 -0.190476 -0.722687
0.032650 0.077159 0.230571 0.742407 0.275877 -0.610511
0.031990 0.084632 0.228800 -0.472480 0.861639 -0.185310
0.036612 0.077775 0.234827 -0.169457 -0.273722 -0.946763
0.036917 0.082860 0.234845 -0.649735 -0.265378 0.712333
0.033020 0.077463 0.229041 0.588744 0.019845 -0.808076
0.035586 0.083882 0.233697 -0.500720 -0.185654 0.845466
0.032659 0.081051 0.229708 0.916499 0.159162 -0.367010
0.034100 0.081068 0.232679 0.767397 -0.631442 -0.111277
0.033381 0.082899 0.231231 0.283877 -0.318575 -0.904391
0.036934 0.083511 0.235045 -0.699432 -0.089294 0.709099
0.034291 0.076872 0.230806 0.909143 -0.124199 -0.397534
0.031595 0.082507 0.229167 0.986685 0.161007 0.023015
0.036722 0.085430 0.236865 -0.311057 0.277331 0.909027
0.032963 0.079431 0.229663 0.866933 0.204898 -0.454362
0.036017 0.084419 0.234241 -0.614633 -0.032881 0.788128
0.036530 0.076079 0.234148 -0.251867 0.314485 -0.915239
0.037882 0.085143 0.237080 0.041357 -0.412648 -0.909951
0.037461 0.082670 0.238136 0.632027 -0.102572 -0.768128
0.037254 0.083325 0.235358 -0.620659 -0.171057 0.765194
0.038809 0.076717 0.235077 0.497276 0.066217 -0.865062
0.034578 0.082148 0.233354 0.775236 -0.323671 0.542445
0.033473 0.079930 0.232331 0.723388 0.146828 -0.674649
0.037577 0.085324 0.235282 0.522413 -0.175966 -0.834339
0.037141 0.083435 0.235262 -0.631151 -0.121677 0.766057
0.034160 0.078229 0.231115 0.833229 0.234153 -0.500900
0.033126 0.079572 0.231643 0.892697 0.063968 -0.446094
0.035869 0.085091 0.234088 -0.497230 0.033770 0.866961
0.032582 0.080063 0.230723 0.848340 0.489397 -0.202013
0.036280 0.086438 0.236321 0.459416 -0.290866 -0.839246
0.036819 0.082329 0.237667 -0.674657 0.026995 0.737638
0.034597 0.080493 0.233525 0.853236 0.036836 -0.520222
0.035721 0.086148 0.236108 -0.477808 0.260247 0.839030
0.034422 0.085064 0.235464 -0.699936 0.072217 0.710545
0.032430 0.084004 0.230118 0.725360 -0.386595 -0.569559
0.036534 0.082237 0.237400 0.742940 -0.029618 -0.668702
0.032589 0.077899 0.230679 0.573851 0.022880 -0.818640
0.032507 0.084018 0.230234 0.682732 -0.423879 -0.595150
0.034567 0.076092 0.230928 0.733296 0.364517 -0.573937
0.034086 0.084777 0.234412 0.917527 0.220138 0.331185
0.035759 0.081996 0.233637 -0.567568 -0.138694 0.811560
0.032727 0.080035 0.229474 0.917973 0.200783 -0.342070
0.038115 0.076265 0.234594 0.585857 0.062927 -0.807968
0.032710 0.080289 0.229504 0.915588 0.147177 -0.374216
0.032919 0.078948 0.229389 0.859172 0.164555 -0.484504
0.038410 0.079374 0.234984 -0.555678 -0.096295 0.825803
0.032630 0.083708 0.230588 -0.578589 0.332081 0.744954
0.032547 0.080000 0.228959 0.390090 0.114011 -0.913691
0.036992 0.083307 0.235041 0.698047 0.174643 -0.694428
0.039160 0.081014 0.235653 -0.593938 -0.254519 0.763189
0.035555 0.077897 0.232529 -0.664535 -0.159202 0.730101
0.034282 0.076672 0.230736 0.893658 0.006377 -0.448702
0.035467 0.083198 0.236350 -0.669133 -0.280347 0.688235
0.034288 0.081357 0.232678 0.839981 -0.165834 -0.516653
0.038822 0.079962 0.235300 -0.471278 -0.123395 0.873310
0.033324 0.076999 0.229360 0.733212 -0.143245 -0.664741
0.039093 0.079790 0.235428 -0.472799 -0.109105 0.874390
0.032755 0.078855 0.229114 0.686940 0.187249 -0.702176
0.031648 0.083913 0.229001 0.840909 -0.302516 -0.448728
0.033710 0.078725 0.230613 0.840677 0.123833 -0.527189
0.032970 0.083597 0.230896 0.118489 -0.377899 -0.918233
0.033781 0.079859 0.231291 0.850256 0.261872 -0.456604
0.039697 0.080258 0.235893 -0.628143 -0.191238 0.754231
0.036333 0.080234 0.233578 -0.488417 -0.092796 0.867662
0.036578 0.080951 0.237005 0.732013 0.294530 -0.614336
0.034459 0.081345 0.233356 0.942543 -0.320863 -0.093054
0.032823 0.081552 0.231463 0.823926 -0.387750 -0.413275
0.038882 0.076934 0.235163 -0.495521 -0.070610 0.865721
0.035879 0.079790 0.233464 -0.477887 -0.097368 0.873008
0.038062 0.083324 0.235838 -0.636665 -0.034215 0.770381
0.031826 0.082381 0.229634 0.870246 -0.042489 -0.490781
0.033218 0.080639 0.230562 0.847737 0.188318 -0.495862
0.035859 0.086435 0.236060 0.486792 -0.262421 -0.833168
0.035904 0.081252 0.235843 0.881172 0.189347 -0.433224
0.035975 0.079489 0.235470 0.752895 0.196011 -0.628274
0.036401 0.080515 0.233641 -0.516970 -0.135942 0.845140
0.035271 0.086508 0.235689 0.502952 -0.264127 -0.822968
0.032223 0.080991 0.230248 0.994438 0.045422 -0.095028
0.034437 0.077902 0.231420 0.782743 0.257637 -0.566512
0.037338 0.081716 0.234626 -0.599234 -0.330159 0.729324
0.035071 0.076694 0.233224 0.202161 0.871155 -0.447460
0.034019 0.086639 0.234552 0.968067 -0.128438 -0.215289
0.032264 0.082684 0.230267 0.843978 -0.083492 -0.529840
0.036388 0.075635 0.232853 0.613024 0.231998 -0.755234
0.036138 0.083946 0.236879 -0.495210 0.022999 0.868469
0.038830 0.078532 0.235209 -0.579511 -0.073155 0.811675
0.034825 0.080906 0.232749 0.420225 0.289888 -0.859870
0.036307 0.083697 0.236968 -0.514775 0.002143 0.857322
0.036065 0.077449 0.234260 -0.421321 -0.895443 -0.143775
0.034919 0.075667 0.231279 0.698329 0.311929 -0.644233
0.035455 0.086868 0.233494 0.228230 -0.238025 -0.944063
0.033294 0.083407 0.229670 0.960210 -0.005202 -0.279231
0.033194 0.082299 0.230612 0.911079 -0.146627 -0.385274
0.036154 0.084615 0.236856 -0.508952 0.197488 0.837834
0.034547 0.078590 0.231692 0.755053 0.184394 -0.629201
0.038097 0.084173 0.235590 -0.524039 0.159956 0.836539
0.039166 0.081975 0.236062 -0.485276 -0.322611 0.812668
0.039476 0.080848 0.235912 -0.611371 -0.228740 0.757564
0.038606 0.078741 0.236039 0.751398 0.546236 -0.370172
0.037979 0.082048 0.235485 -0.582727 -0.250873 0.772976
0.036387 0.084074 0.237038 -0.506428 0.050202 0.860819
0.034385 0.086550 0.235101 -0.676284 0.276604 0.682737
0.032272 0.084230 0.229803 0.728456 -0.435340 -0.528991
0.035368 0.085490 0.233787 -0.207915 0.152842 0.966132
0.034449 0.084491 0.234065 0.673852 0.145677 0.724363
0.034450 0.076421 0.232352 0.090437 0.298381 -0.950152
0.034389 0.086257 0.235144 -0.680993 0.212051 0.700915
0.037765 0.076293 0.234326 0.669072 0.051181 -0.741433
0.036244 0.086230 0.236301 -0.461630 0.287566 0.839168
0.036457 0.079634 0.233590 -0.470776 -0.103479 0.876163
0.035871 0.078361 0.233044 -0.629485 -0.191517 0.753040
0.035943 0.080653 0.233464 -0.517950 -0.094263 0.850201
0.036438 0.084430 0.237030 -0.491000 0.159668 0.856402
0.034394 0.085791 0.235281 -0.681648 0.178575 0.709554
0.032826 0.082475 0.228967 0.739967 -0.382357 -0.553401
0.032382 0.083738 0.230183 0.791945 -0.259163 -0.552863
0.035658 0.077591 0.232632 -0.676425 -0.117024 0.727155
0.036204 0.082050 0.233978 -0.632232 -0.183475 0.752741
0.040112 0.078142 0.235802 0.528714 0.714513 -0.458184
0.035814 0.078913 0.234998 0.698300 0.309358 -0.645504
0.031922 0.083100 0.229620 0.853245 -0.107762 -0.510255
0.033392 0.082687 0.231075 0.892347 0.006672 -0.451300
0.035835 0.080236 0.235424 0.836824 0.120436 -0.534061
0.037264 0.077860 0.234116 -0.560463 -0.077659 0.824530
0.034787 0.080049 0.233785 0.878189 0.024864 -0.477668
0.034892 0.083483 0.233551 0.318947 -0.308957 0.896001
0.033138 0.084476 0.229708 -0.567954 -0.821243 -0.054664
0.035854 0.084349 0.236720 -0.501119 0.169777 0.848561
0.034473 0.075423 0.230653 0.367143 -0.534789 -0.761056
0.036812 0.081355 0.234130 -0.479406 -0.311629 0.820401
0.033125 0.082246 0.230439 0.964445 -0.207543 -0.163621
0.032481 0.082833 0.230645 0.726423 0.006113 -0.687221
0.033932 0.079042 0.232453 0.599758 0.094001 -0.794641
0.037242 0.084702 0.237332 -0.217601 0.388912 0.895208
0.036495 0.083836 0.234602 -0.678916 -0.061991 0.731594
0.039464 0.079565 0.235572 -0.526465 -0.078408 0.846574
0.035944 0.083926 0.234047 -0.645374 -0.133691 0.752077
0.038499 0.078320 0.235023 -0.578196 -0.042171 0.814807
0.032788 0.076539 0.230129 -0.377939 -0.911774 -0.160720
0.035076 0.081524 0.233138 0.292738 0.303223 -0.906841
0.033044 0.080317 0.230130 0.828913 0.188786 -0.526558
0.033401 0.081977 0.231126 0.887546 0.229167 -0.399680
0.039055 0.077527 0.235298 -0.449211 -0.071603 0.890552
0.039078 0.080026 0.235457 -0.493721 -0.123017 0.860875
0.035707 0.079554 0.235126 0.757424 0.147979 -0.635933
0.032541 0.076887 0.230102 0.735091 0.666585 0.123711
0.039926 0.079870 0.235995 0.932850 0.211747 -0.291467
0.040428 0.077934 0.235884 -0.286101 -0.838094 -0.464483
0.033515 0.080408 0.231012 0.854864 0.191431 -0.482247
0.034451 0.077269 0.231080 0.791325 0.154533 -0.591544
0.035355 0.081439 0.233275 -0.519818 -0.198697 0.830848
0.032253 0.079511 0.229964 0.645599 -0.763288 0.024377
0.034092 0.076152 0.230330 0.729462 0.198353 -0.654631
0.032011 0.080107 0.229513 -0.690730 -0.265013 -0.672801
0.036272 0.086624 0.236315 0.460991 -0.295668 -0.836700
0.035685 0.084278 0.236582 -0.535977 0.143565 0.831936
0.038672 0.081245 0.235411 -0.341037 -0.410317 0.845774
0.038172 0.081680 0.235519 -0.501289 -0.380670 0.777045
0.035114 0.083531 0.233460 -0.014243 -0.214432 0.976635
0.036306 0.082679 0.234260 -0.664214 -0.174692 0.726844
0.036986 0.083129 0.237595 -0.684720 0.209350 0.698091
0.033394 0.081507 0.231097 0.875489 0.226899 -0.426657
0.033281 0.082523 0.231466 0.268647 -0.358140 -0.894184
0.034767 0.080569 0.232610 -0.635314 -0.051697 0.770522
0.033192 0.079854 0.230195 0.826615 0.227745 -0.514626
0.036204 0.080590 0.236320 0.811106 0.277054 -0.515120
0.032117 0.083503 0.229769 0.832029 -0.151699 -0.533587
0.039718 0.080700 0.236046 0.606049 0.227746 -0.762126
