0.052308 0.060375 0.148698 0.659289 0.499485 -0.562008
0.049523 0.062539 0.149541 -0.365076 -0.838736 0.404031
0.049836 0.062809 0.150365 -0.350854 -0.854964 0.382018
0.049483 0.062361 0.149150 -0.370608 -0.840262 0.395739
0.049150 0.062636 0.149383 -0.357251 -0.846940 0.393781
0.049297 0.061299 0.146598 -0.445663 -0.787365 0.425959
0.049132 0.063173 0.153780 -0.229080 0.952437 0.200962
0.047568 0.061936 0.146156 -0.371394 -0.872554 0.317358
0.047499 0.061842 0.145824 -0.369546 -0.865906 0.337109
0.049118 0.062183 0.148377 -0.365541 -0.848932 0.381699
0.049011 0.061710 0.147217 -0.377256 -0.852549 0.361717
0.046178 0.060962 0.142916 -0.456521 -0.743335 0.488919
0.046416 0.060715 0.142805 0.476306 0.731778 -0.487477
0.049834 0.059400 0.142785 -0.312401 -0.920181 0.235949
0.046215 0.060725 0.142621 0.470449 0.736071 -0.486700
0.046733 0.060520 0.142859 0.477882 0.731100 -0.486951
0.049395 0.059521 0.142820 -0.223102 -0.946606 0.232727
0.046542 0.060477 0.142619 0.474250 0.733891 -0.486303
0.049529 0.059425 0.142658 -0.257233 -0.935534 0.242089
0.049180 0.059452 0.142564 -0.213895 -0.950866 0.223835
0.047223 0.060099 0.142702 0.404695 0.816655 -0.411457
0.046662 0.060315 0.142489 0.467731 0.752460 -0.463715
0.049016 0.059454 0.142200 0.220369 0.948600 -0.227148
0.047584 0.059985 0.142775 -0.351168 -0.861057 0.367780
0.048100 0.059794 0.142687 -0.296326 -0.911342 0.285740
0.048563 0.059644 0.142622 -0.259867 -0.938601 0.226931
0.048642 0.059549 0.142171 0.236422 0.949971 -0.204107
0.047370 0.059961 0.142545 0.381237 0.846831 -0.370857
0.047842 0.059828 0.142610 -0.298914 -0.902895 0.308918
0.049542 0.059336 0.142435 -0.265876 -0.927333 0.263370
0.049162 0.059508 0.142696 -0.207496 -0.949925 0.233640
0.048088 0.059732 0.142435 0.275127 0.926379 -0.257152
0.048798 0.059539 0.142434 0.243209 0.947243 -0.208759
0.047603 0.059852 0.142405 0.325385 0.883107 -0.338003
0.050133 0.059187 0.142601 -0.494098 -0.813442 0.306887
0.050549 0.059044 0.142995 -0.570567 -0.755105 0.322909
0.049131 0.059419 0.142386 -0.221572 -0.949036 0.224137
0.050183 0.059094 0.142357 -0.554718 -0.738962 0.382391
0.047855 0.059769 0.142363 0.286270 0.916065 -0.280846
0.049989 0.059169 0.142449 -0.467433 -0.827349 0.311446
0.049432 0.059362 0.142236 -0.269423 -0.927012 0.260885
0.049739 0.059266 0.142204 -0.366177 -0.872692 0.322990
0.050339 0.059092 0.142760 -0.517917 -0.801575 0.298730
0.049606 0.059265 0.142056 0.325027 0.884850 -0.333763
0.050327 0.058893 0.142182 0.660207 0.546168 -0.515585
0.049295 0.059311 0.142058 0.270797 0.920208 -0.282640
0.050450 0.058937 0.142501 0.657407 0.617297 -0.432158
0.050870 0.058671 0.142863 0.718180 0.544201 -0.433662
0.049916 0.059089 0.141986 0.486326 0.740020 -0.464605
0.050701 0.058681 0.142600 0.707886 0.481383 -0.516883
0.050346 0.058679 0.142034 0.661557 0.491175 -0.566647
0.050761 0.058439 0.142516 0.742481 0.388948 -0.545382
0.048297 0.059671 0.142369 0.268734 0.934374 -0.233937
0.050499 0.058676 0.142290 0.725052 0.463100 -0.509743
0.050162 0.058833 0.141917 0.597917 0.553726 -0.579553
0.050893 0.058425 0.142671 0.737749 0.382877 -0.555997
0.050070 0.059074 0.142137 0.547780 0.718995 -0.427764
0.051066 0.058115 0.142743 0.765682 0.318678 -0.558727
0.050345 0.058420 0.141997 0.709410 0.426610 -0.561019
0.051029 0.057839 0.142596 0.751888 0.245806 -0.611755
0.050774 0.058090 0.142413 0.758903 0.277931 -0.588915
0.051155 0.057518 0.142626 0.758736 0.221655 -0.612527
0.050657 0.057835 0.142202 0.746972 0.223063 -0.626320
0.051067 0.057221 0.142454 0.745896 0.206778 -0.633153
0.051236 0.056908 0.142576 0.770078 0.183613 -0.610956
0.050874 0.057647 0.142367 0.746789 0.213313 -0.629923
0.050973 0.056925 0.142330 0.748974 0.194266 -0.633481
0.050643 0.058408 0.142386 0.754043 0.382576 -0.533906
0.049886 0.059272 0.142612 -0.387845 -0.885016 0.257533
0.049606 0.059338 0.142188 0.301175 0.905488 -0.298975
0.050258 0.061077 0.147195 -0.507634 -0.745545 0.431822
0.054922 0.058173 0.148134 -0.536465 -0.772078 0.340736
0.047606 0.061647 0.145484 -0.386557 -0.835697 0.390108
0.051313 0.059364 0.145635 -0.392629 -0.878100 0.273465
0.052392 0.056379 0.143888 0.751120 0.197595 -0.629901
0.051159 0.060585 0.147621 -0.587924 -0.638425 0.496748
0.052594 0.061505 0.150768 -0.510317 -0.778877 0.364591
0.053909 0.061263 0.151932 -0.519718 -0.745179 0.417853
0.055131 0.058267 0.148471 -0.501469 -0.821583 0.271164
0.054029 0.058433 0.147676 -0.449288 -0.836250 0.314367
0.049026 0.063396 0.151613 -0.086458 -0.993624 0.072368
0.055628 0.056727 0.147744 0.700977 0.188585 -0.687798
0.050559 0.058061 0.142202 0.743723 0.302566 -0.596096
0.047959 0.063171 0.152775 0.211227 -0.922422 -0.323297
0.047600 0.063197 0.152449 0.237054 -0.911003 -0.337460
0.046954 0.063356 0.151466 0.226155 -0.952674 -0.203141
0.047953 0.063012 0.153050 0.294352 -0.876741 -0.380370
0.047274 0.063276 0.152077 0.234517 -0.909763 -0.342538
0.046733 0.063388 0.151147 0.259025 -0.946212 -0.193877
0.047691 0.063027 0.152878 0.330287 -0.853081 -0.403935
0.047408 0.063049 0.152602 0.317279 -0.855366 -0.409490
0.047002 0.063303 0.151712 0.282889 -0.919249 -0.273778
0.047105 0.063110 0.152269 0.349251 -0.819125 -0.455037
0.047333 0.063372 0.151803 0.150190 -0.967282 -0.204473
0.046652 0.063415 0.150813 0.247292 -0.956901 -0.152274
0.046963 0.063245 0.151941 0.322280 -0.878965 -0.351504
0.046389 0.063318 0.150827 0.319408 -0.916614 -0.240410
0.046323 0.063444 0.150182 0.089693 -0.977675 -0.190016
0.047683 0.062881 0.153133 0.344016 -0.852506 -0.393556
0.046479 0.063251 0.151291 0.382018 -0.881033 -0.279004
0.046070 0.063503 0.150008 0.057363 -0.976257 -0.208883
0.047362 0.062889 0.152851 0.368598 -0.828763 -0.421055
0.046146 0.063350 0.150420 0.208703 -0.939258 -0.272464
0.047908 0.063278 0.152435 0.124306 -0.956306 -0.264626
0.046869 0.063005 0.152248 0.393217 -0.795239 -0.461492
0.046273 0.063205 0.151105 0.436491 -0.853640 -0.284207
0.046597 0.063176 0.151563 0.404461 -0.864978 -0.297027
0.047032 0.063393 0.151139 0.145776 -0.974734 -0.169241
0.047158 0.062968 0.152490 0.372127 -0.801713 -0.467737
0.046174 0.063195 0.150878 0.370377 -0.867178 -0.332901
0.047683 0.063303 0.152178 0.137394 -0.957588 -0.253275
0.046490 0.062998 0.151898 0.461742 -0.802301 -0.378294
0.046993 0.062783 0.152671 0.395893 -0.790586 -0.467164
0.046350 0.063484 0.149867 -0.020760 -0.997980 -0.060041
0.046632 0.062897 0.152187 0.444182 -0.771827 -0.454957
0.046220 0.063020 0.151411 0.472415 -0.814905 -0.335789
0.046775 0.062777 0.152455 0.430525 -0.770464 -0.470142
0.046725 0.063459 0.150350 0.092685 -0.990948 -0.097120
0.046069 0.063070 0.151099 0.437932 -0.835863 -0.330980
0.045871 0.063068 0.150820 0.414071 -0.831492 -0.370361
0.046331 0.062979 0.151619 0.468254 -0.811215 -0.350242
0.046773 0.062597 0.152809 -0.422403 0.777841 0.465338
0.046456 0.062687 0.152341 -0.458810 0.760932 0.458777
0.046327 0.062791 0.152035 -0.484478 0.763518 0.426991
0.045408 0.063481 0.149039 0.050143 -0.998627 0.015181
0.046267 0.063134 0.148081 -0.276688 -0.910167 0.308285
0.047112 0.062698 0.152962 -0.388989 0.805982 0.446185
0.045700 0.063495 0.149434 0.019683 -0.999531 0.023464
0.046484 0.063392 0.150480 0.172752 -0.968498 -0.179356
0.046155 0.063283 0.148383 -0.244145 -0.934661 0.258461
0.045771 0.063116 0.150645 0.371750 -0.835386 -0.404885
0.046361 0.063292 0.148640 -0.227923 -0.939674 0.255076
0.046126 0.062852 0.151683 0.489227 -0.791368 -0.366598
0.045966 0.062881 0.151390 0.498013 -0.796302 -0.343346
0.046491 0.063181 0.148385 -0.252556 -0.923431 0.288946
0.046775 0.063155 0.148598 -0.237766 -0.922609 0.303743
0.045952 0.063113 0.147734 -0.276445 -0.905703 0.321372
0.046252 0.063032 0.147794 -0.289463 -0.896674 0.334943
0.046896 0.063400 0.151295 0.230264 -0.952659 -0.198542
0.045500 0.063339 0.147976 -0.192046 -0.949260 0.249044
0.047176 0.063543 0.150200 -0.021555 -0.998347 0.053285
0.046576 0.063036 0.148062 -0.291210 -0.899078 0.326887
0.048240 0.063164 0.152964 0.220458 -0.926418 -0.305201
0.048165 0.063244 0.149994 -0.287754 -0.913524 0.287526
0.046771 0.063058 0.148287 -0.281697 -0.901090 0.329672
0.046054 0.062574 0.152137 -0.490904 0.761876 0.422562
0.045880 0.062673 0.151776 -0.493299 0.787683 0.369069
0.046104 0.062998 0.147525 -0.294570 -0.891280 0.344743
0.048274 0.063016 0.153341 0.314500 -0.897299 -0.309748
0.045786 0.062704 0.151507 0.496154 -0.789345 -0.361615
0.045573 0.063401 0.148293 -0.162809 -0.964702 0.206987
0.047695 0.063509 0.150485 -0.117750 -0.991925 0.047104
0.046718 0.063339 0.151377 0.283350 -0.933143 -0.221261
0.048027 0.062871 0.153490 0.346650 -0.878062 -0.329912
0.048066 0.062432 0.147961 -0.350071 -0.857009 0.378135
0.045581 0.063029 0.147156 -0.292711 -0.892804 0.342377
0.047374 0.063533 0.150518 -0.016423 -0.998166 -0.058258
0.046869 0.062903 0.147985 -0.308610 -0.884150 0.350768
0.050788 0.062116 0.149971 -0.425253 -0.814316 0.395032
0.046577 0.062915 0.147750 -0.302296 -0.888542 0.345125
0.047686 0.063470 0.150178 -0.199226 -0.964477 0.173475
0.045909 0.062958 0.147258 -0.297115 -0.889536 0.347058
0.047858 0.062427 0.147774 -0.345346 -0.862423 0.370085
0.047658 0.063166 0.149312 -0.277881 -0.901350 0.332192
0.045862 0.063244 0.150498 0.336379 -0.848265 -0.409018
0.048115 0.062574 0.148326 -0.350715 -0.852776 0.387004
0.045261 0.063046 0.146967 -0.290244 -0.894487 0.340076
0.046659 0.063345 0.149090 -0.166227 -0.953460 0.251562
0.046990 0.063263 0.149045 -0.221589 -0.929396 0.295163
0.048409 0.062425 0.148279 -0.360460 -0.848454 0.387550
0.045612 0.063357 0.150196 0.335568 -0.863608 -0.376264
0.048964 0.062705 0.149381 -0.357060 -0.850420 0.386386
0.047450 0.063138 0.149098 -0.272353 -0.900443 0.339155
0.048229 0.063270 0.152675 0.130437 -0.957632 -0.256762
0.048727 0.062300 0.148260 -0.361226 -0.851443 0.380212
0.046050 0.063460 0.149343 -0.067062 -0.991543 0.111108
0.045992 0.063438 0.149044 -0.122744 -0.981938 0.143985
0.047551 0.063485 0.150723 -0.042867 -0.997092 -0.063013
0.046174 0.062812 0.147163 -0.307813 -0.885026 0.349258
0.046312 0.063493 0.149525 -0.084522 -0.992322 0.090296
0.047268 0.063121 0.148868 -0.262466 -0.903264 0.339450
0.048353 0.062333 0.147997 -0.358579 -0.855364 0.373863
0.047627 0.062593 0.147939 -0.335758 -0.861154 0.381681
0.047356 0.063393 0.151494 0.095509 -0.983535 -0.153420
0.046749 0.063478 0.150581 0.144254 -0.982629 -0.116751
0.046037 0.063386 0.148718 -0.191189 -0.961526 0.197266
0.049072 0.062556 0.149168 -0.361577 -0.845263 0.393436
0.047571 0.062976 0.148769 -0.298385 -0.881272 0.366506
0.048648 0.063088 0.149986 -0.317258 -0.886211 0.337604
0.046973 0.063169 0.148793 -0.237455 -0.918782 0.315365
0.047379 0.062741 0.153128 -0.376342 0.831265 0.409104
0.048949 0.062973 0.150004 -0.326093 -0.872626 0.363575
0.046377 0.062884 0.147489 -0.299828 -0.887702 0.349412
0.046323 0.063371 0.149082 -0.154893 -0.967004 0.202266
0.047302 0.062625 0.147710 -0.339169 -0.866775 0.365602
0.047185 0.063473 0.150711 0.051599 -0.994137 -0.095024
0.045581 0.063091 0.150556 0.422057 -0.786932 -0.450118
0.047022 0.063489 0.149920 -0.049456 -0.993294 0.104503
0.047065 0.063057 0.148541 -0.275281 -0.898845 0.341025
0.046929 0.063507 0.150196 0.028683 -0.999524 -0.011335
0.047568 0.062505 0.147672 -0.344534 -0.865875 0.362708
0.048461 0.063071 0.149788 -0.323243 -0.879867 0.348350
0.047946 0.063248 0.149765 -0.282135 -0.907159 0.312189
0.047358 0.062965 0.148556 -0.287054 -0.887097 0.361467
0.048756 0.062947 0.149773 -0.334532 -0.867607 0.367894
0.047487 0.063354 0.149703 -0.192972 -0.938467 0.286429
0.048917 0.062472 0.148861 -0.365204 -0.845352 0.389880
0.048726 0.062427 0.148597 -0.365812 -0.844992 0.390089
0.047683 0.062373 0.147465 -0.343037 -0.868131 0.358712
0.045599 0.062664 0.146272 -0.315998 -0.886597 0.337774
0.047968 0.063128 0.149463 -0.304480 -0.887711 0.345343
0.045409 0.063478 0.148799 0.019990 -0.999130 0.036593
0.047186 0.063404 0.149617 -0.160781 -0.952952 0.256966
0.046956 0.062609 0.147358 -0.320474 -0.874393 0.364325
0.051235 0.062969 0.152194 -0.359818 -0.877808 0.316202
0.047282 0.062487 0.147371 -0.335186 -0.869633 0.362476
0.048284 0.063018 0.149473 -0.325959 -0.876360 0.354603
0.047074 0.062925 0.148223 -0.293101 -0.889439 0.350699
0.049952 0.062367 0.149594 -0.398927 -0.823357 0.403659
0.048588 0.063144 0.153350 0.272393 -0.923833 -0.268953
0.050263 0.062223 0.149604 -0.412411 -0.820512 0.395826
0.045706 0.062527 0.146032 -0.323418 -0.885819 0.332753
0.046279 0.063260 0.150605 0.264356 -0.932051 -0.247783
0.049004 0.062290 0.148516 -0.367119 -0.847032 0.384396
0.049433 0.062643 0.149703 -0.346890 -0.849508 0.397495
0.047336 0.062768 0.148055 -0.327074 -0.865993 0.378257
0.045777 0.062868 0.146953 -0.301267 -0.887376 0.349002
0.048606 0.063050 0.153689 0.306013 -0.912203 -0.272473
0.053879 0.059251 0.149746 -0.634254 -0.648470 0.420961
0.045687 0.062438 0.145744 -0.323778 -0.889175 0.323319
0.049340 0.063116 0.150673 -0.289671 -0.899486 0.327131
0.047917 0.063005 0.149135 -0.308901 -0.886173 0.345367
0.046100 0.062374 0.146024 -0.317406 -0.889267 0.329330
0.047675 0.063435 0.150989 -0.016055 -0.996386 -0.083414
0.046850 0.062802 0.147701 -0.314486 -0.879568 0.357014
0.049707 0.062512 0.149676 -0.368553 -0.835494 0.407576
0.048635 0.062186 0.147944 -0.360153 -0.856067 0.370728
0.046494 0.063301 0.148847 -0.204445 -0.948914 0.240343
0.050328 0.062078 0.149377 -0.413865 -0.823744 0.387508
0.047140 0.063400 0.151312 0.125425 -0.981498 -0.144673
0.051191 0.060436 0.147499 -0.602873 -0.630892 0.488385
0.045424 0.062921 0.146765 -0.297169 -0.889375 0.347423
0.049645 0.062979 0.150599 -0.328353 -0.871304 0.364710
0.054120 0.059082 0.149774 -0.526724 -0.778186 0.342036
0.056100 0.057947 0.149221 -0.523934 -0.816753 0.241675
0.047680 0.062749 0.153411 -0.360134 0.855328 0.372448
0.047046 0.063529 0.150459 0.076734 -0.995378 -0.057739
0.049130 0.063115 0.150490 -0.289288 -0.900486 0.324711
0.047360 0.063482 0.149996 -0.094886 -0.980982 0.169326
0.053623 0.059255 0.149280 -0.579101 -0.737486 0.347502
0.051065 0.060247 0.147113 -0.602665 -0.658179 0.451214
0.053466 0.059440 0.149376 0.680235 0.584819 -0.441891
0.048963 0.062136 0.148161 -0.365843 -0.852618 0.373098
0.051691 0.060128 0.147811 0.651150 0.598800 -0.466308
0.048653 0.062630 0.148949 -0.361888 -0.848464 0.386194
0.048378 0.062920 0.153800 -0.333175 0.892073 0.305287
0.049393 0.062510 0.149368 -0.364914 -0.840585 0.400318
0.047880 0.062898 0.148799 -0.327272 -0.870353 0.367939
0.045756 0.062319 0.145483 -0.322217 -0.890260 0.321890
0.046664 0.062738 0.147394 -0.313117 -0.878667 0.360419
0.051326 0.060034 0.147109 -0.603173 -0.672005 0.429641
0.046102 0.062581 0.146567 -0.320764 -0.879983 0.350342
0.048975 0.063071 0.150281 -0.298610 -0.891868 0.339710
0.048023 0.062290 0.147594 -0.352395 -0.862883 0.362285
0.051377 0.060174 0.147405 -0.624673 -0.627064 0.465375
0.050542 0.062435 0.150335 -0.421186 -0.809056 0.409916
0.047977 0.063429 0.150394 -0.228935 -0.959338 0.165102
0.048138 0.062722 0.148651 -0.344843 -0.856936 0.383073
0.051993 0.059631 0.147447 -0.583112 -0.734707 0.346680
0.046567 0.063453 0.149954 0.012149 -0.999098 -0.040698
0.046780 0.062562 0.147089 -0.318857 -0.873587 0.367661
0.046884 0.063463 0.149624 -0.085362 -0.986027 0.143054
0.052191 0.059688 0.147840 -0.628887 -0.695336 0.347863
0.052150 0.059969 0.148233 0.706860 0.538272 -0.458925
0.049240 0.062941 0.150166 -0.325229 -0.867470 0.376461
0.051771 0.059883 0.147581 -0.634417 -0.646826 0.423239
0.047938 0.063350 0.150069 -0.258210 -0.934268 0.245907
0.052980 0.059308 0.148681 -0.502403 -0.783369 0.365957
0.049235 0.062404 0.149016 -0.369088 -0.842259 0.392905
0.049322 0.062196 0.148638 -0.369311 -0.845836 0.384931
0.050886 0.062236 0.150301 -0.428443 -0.805744 0.408917
0.048439 0.062547 0.148600 -0.360753 -0.849010 0.386056
0.049669 0.062685 0.149981 -0.350889 -0.845151 0.403232
0.046997 0.063365 0.149328 -0.174039 -0.954287 0.242994
0.047067 0.062454 0.147080 -0.324218 -0.874473 0.360805
0.047542 0.062324 0.147214 -0.338283 -0.870355 0.357836
0.050299 0.062456 0.150120 -0.417651 -0.811376 0.408946
0.050993 0.060085 0.146749 -0.594347 -0.677770 0.432873
0.047596 0.063406 0.149949 -0.198761 -0.953339 0.227243
0.051991 0.060091 0.148125 0.676294 0.549908 -0.490130
0.051824 0.059648 0.147231 -0.591850 -0.723403 0.355530
0.055956 0.058014 0.149392 -0.475145 -0.855265 0.206785
0.047338 0.063287 0.149360 -0.223833 -0.925573 0.305308
0.049965 0.062558 0.149979 -0.393912 -0.824073 0.407108
0.053537 0.059270 0.149145 -0.583944 -0.732353 0.350241
0.046578 0.062553 0.146905 -0.318347 -0.875597 0.363297
0.047835 0.062742 0.148413 -0.333412 -0.861654 0.382608
0.053189 0.059194 0.148642 -0.434897 -0.838359 0.328662
0.046685 0.063416 0.149368 -0.125574 -0.972075 0.198244
0.051267 0.059863 0.146777 -0.571021 -0.715229 0.402968
0.047498 0.062835 0.148367 -0.317008 -0.870555 0.376352
0.051554 0.059756 0.147040 -0.579174 -0.715385 0.390873
0.052958 0.059902 0.149149 0.658960 0.462144 -0.593461
0.052193 0.059466 0.147486 -0.552836 -0.768909 0.321172
0.050501 0.062247 0.149953 -0.422378 -0.813848 0.399058
0.052319 0.059700 0.148093 0.685184 0.642458 -0.343177
0.052834 0.059305 0.148403 -0.510515 -0.812718 0.280827
0.052092 0.059872 0.147973 0.663611 0.625063 -0.410994
0.046436 0.062516 0.146686 -0.313948 -0.879882 0.356712
0.046730 0.062416 0.146694 -0.312441 -0.885109 0.344911
0.052581 0.059475 0.148102 -0.620774 -0.739588 0.260096
0.050810 0.060282 0.146820 -0.598567 -0.667335 0.443149
0.050932 0.059925 0.146411 -0.570868 -0.703668 0.423038
0.056273 0.057938 0.149671 -0.494442 -0.850804 0.177934
0.048297 0.063405 0.150974 -0.110258 -0.992225 0.057733
0.045962 0.062325 0.145729 -0.317042 -0.892152 0.321789
0.050805 0.060478 0.147110 -0.594851 -0.658492 0.461021
0.051765 0.059529 0.146898 -0.549598 -0.765315 0.335016
0.048195 0.063151 0.149696 -0.304070 -0.890593 0.338209
0.047649 0.062698 0.148194 -0.332763 -0.861364 0.383824
0.051462 0.059642 0.146690 -0.539999 -0.751834 0.378347
0.055835 0.058011 0.148890 -0.479897 -0.829371 0.286081
0.053332 0.059487 0.149181 0.626493 0.616980 -0.476279
0.047978 0.063425 0.150991 -0.081814 -0.996391 -0.022612
0.048563 0.062911 0.149484 -0.337603 -0.867191 0.366065
0.052655 0.059932 0.148853 0.668167 0.444932 -0.596313
0.048009 0.063421 0.151296 -0.027536 -0.999327 -0.024250
0.045823 0.062626 0.146397 -0.321423 -0.882724 0.342760
0.052099 0.059462 0.147228 -0.542315 -0.783715 0.302795
0.047928 0.063446 0.150692 -0.142656 -0.989087 0.036839
0.051975 0.059759 0.147690 -0.619755 -0.655197 0.431996
0.049287 0.062028 0.148242 -0.362274 -0.853247 0.375136
0.053801 0.059069 0.149321 -0.512091 -0.813299 0.276238
0.050716 0.060145 0.146444 -0.587064 -0.679695 0.439740
0.052970 0.059217 0.148333 -0.472904 -0.850010 0.232043
0.056258 0.057796 0.149033 -0.602157 -0.720822 0.343253
0.056262 0.057910 0.149404 -0.541294 -0.815366 0.205376
0.047635 0.063414 0.151658 0.067756 -0.990656 -0.118360
0.047333 0.063434 0.150965 0.030420 -0.991078 -0.129766
0.050221 0.061323 0.147662 -0.462711 -0.788700 0.404784
0.048623 0.060699 0.144904 -0.523053 -0.690457 0.499685
0.048914 0.060630 0.145143 -0.538437 -0.686188 0.489113
0.051602 0.059479 0.146550 -0.496726 -0.803596 0.327866
0.052392 0.059528 0.147880 -0.622679 -0.725075 0.294173
0.051161 0.059691 0.146361 -0.527804 -0.753541 0.391917
0.052788 0.059261 0.148020 -0.528374 -0.822514 0.210454
0.046657 0.062335 0.146413 -0.309300 -0.890109 0.334723
0.055655 0.058042 0.148621 -0.513781 -0.788841 0.337283
0.048274 0.063315 0.150317 -0.268123 -0.933981 0.236199
0.050606 0.060017 0.146089 -0.543249 -0.688490 0.480482
0.045637 0.062763 0.146593 -0.309007 -0.885089 0.348041
0.049506 0.060412 0.145500 -0.531379 -0.672203 0.515538
0.046324 0.062444 0.146397 -0.313695 -0.886072 0.341280
0.045979 0.062497 0.146219 -0.320428 -0.886863 0.332865
0.049680 0.062354 0.149316 -0.375870 -0.834971 0.401927
0.055620 0.058137 0.149052 -0.466298 -0.857502 0.217385
0.053388 0.058764 0.147113 -0.430878 -0.855146 0.288219
0.048199 0.062920 0.149171 -0.332757 -0.870092 0.363611
0.050352 0.060201 0.146078 -0.549060 -0.665619 0.505455
0.047655 0.063396 0.151266 0.024149 -0.996366 -0.081680
0.049815 0.063070 0.150994 -0.319378 -0.892787 0.317693
0.051922 0.059365 0.146696 -0.480235 -0.829311 0.285687
0.046708 0.063171 0.151798 0.416327 -0.846260 -0.332440
0.052565 0.059325 0.147764 -0.541784 -0.809778 0.225232
0.048322 0.060889 0.144865 -0.497371 -0.708623 0.500476
0.051583 0.059924 0.147360 -0.624330 -0.663141 0.412863
0.053648 0.059056 0.148915 -0.460400 -0.848776 0.260022
0.051482 0.060388 0.147791 0.637335 0.589537 -0.496237
0.056004 0.057852 0.148756 -0.556480 -0.729950 0.396866
0.052727 0.058877 0.146458 -0.525356 -0.818316 0.233151
0.049184 0.060409 0.145138 -0.536072 -0.683955 0.494805
0.052631 0.059117 0.147097 -0.461746 -0.855447 0.234524
0.052260 0.059304 0.147100 -0.485843 -0.830428 0.272666
0.055312 0.058246 0.148717 -0.467647 -0.840906 0.272366
0.050133 0.060151 0.145801 -0.528255 -0.672446 0.518423
0.050865 0.059744 0.146060 -0.513255 -0.748375 0.420124
0.050382 0.061125 0.147464 -0.511724 -0.732591 0.448831
0.049903 0.060400 0.145839 -0.521101 -0.671382 0.526973
0.052011 0.059217 0.146395 -0.454113 -0.852008 0.260506
0.048640 0.062955 0.154011 -0.313794 0.912533 0.262329
0.047716 0.061016 0.144506 -0.462597 -0.730584 0.502246
0.052138 0.058952 0.145761 -0.386299 -0.897626 0.212230
0.049224 0.060616 0.145467 -0.523153 -0.688713 0.501981
0.051399 0.059468 0.146177 -0.474087 -0.819887 0.320978
0.052660 0.059359 0.147930 -0.550160 -0.805930 0.218634
0.048321 0.062222 0.147708 -0.359797 -0.858667 0.365016
0.048355 0.062744 0.148931 -0.352245 -0.855632 0.379231
0.048033 0.061077 0.144873 -0.472888 -0.734155 0.487229
0.053373 0.059233 0.148986 -0.508072 -0.773882 0.378112
0.048877 0.063252 0.150624 -0.248862 -0.927137 0.280150
0.049641 0.060195 0.145369 -0.527895 -0.682053 0.506093
0.054654 0.058410 0.148080 -0.480349 -0.807475 0.342417
0.052355 0.058836 0.145404 -0.442440 -0.877464 0.185213
0.049087 0.061990 0.147994 -0.363589 -0.853251 0.373853
0.052936 0.059127 0.147862 -0.494941 -0.844980 0.202586
0.048719 0.060878 0.145283 -0.522078 -0.708802 0.474378
0.052698 0.059206 0.147589 -0.520716 -0.822750 0.227899
0.053135 0.059438 0.148975 -0.534441 -0.681710 0.499645
0.051685 0.059373 0.146331 -0.455676 -0.843797 0.283491
0.053980 0.059480 0.150135 0.705814 0.457189 -0.541115
0.051798 0.059072 0.145416 -0.407828 -0.899516 0.156675
0.045169 0.063458 0.148911 0.141777 -0.988646 -0.049776
0.052045 0.058956 0.145095 -0.424014 -0.894619 0.140960
0.053861 0.058690 0.147793 -0.399520 -0.868224 0.294231
0.051111 0.059561 0.146060 -0.479047 -0.793412 0.375514
0.052764 0.058965 0.146831 -0.487128 -0.824746 0.287229
0.054170 0.058399 0.147486 -0.484712 -0.799629 0.354469
0.053143 0.058767 0.146858 -0.450870 -0.823890 0.343397
0.052375 0.059331 0.147421 -0.523335 -0.805650 0.277578
0.052075 0.058971 0.145443 -0.375699 -0.912110 0.164032
0.056297 0.057583 0.148805 0.637265 0.630255 -0.443477
0.053627 0.058725 0.147406 -0.443247 -0.867867 0.224365
0.048451 0.060641 0.144673 -0.503470 -0.694026 0.514632
0.052923 0.058710 0.146438 -0.548218 -0.803642 0.231550
0.047500 0.061015 0.144302 -0.464841 -0.737619 0.489736
0.049500 0.062277 0.148987 -0.374341 -0.839206 0.394464
0.046476 0.062696 0.147168 -0.315611 -0.877423 0.361272
0.050362 0.059881 0.145700 -0.508581 -0.713008 0.482664
0.044868 0.063293 0.149343 0.412919 -0.877169 -0.245097
0.052458 0.059081 0.146739 -0.455969 -0.854729 0.248054
0.050604 0.062085 0.149685 -0.416931 -0.822490 0.386884
0.051833 0.059232 0.146056 -0.430727 -0.863443 0.262567
0.047968 0.060842 0.144488 -0.484382 -0.702087 0.521966
0.052199 0.059211 0.146685 -0.461213 -0.848882 0.258230
0.050653 0.059764 0.145828 -0.502280 -0.738904 0.449150
0.053955 0.059108 0.149612 -0.560307 -0.760040 0.329233
0.053299 0.058547 0.146666 -0.443721 -0.802076 0.399732
0.052631 0.058880 0.145827 -0.481983 -0.850036 0.212442
0.054425 0.058443 0.147843 -0.461640 -0.811464 0.358350
0.050135 0.062027 0.149059 -0.400072 -0.826167 0.396726
0.048819 0.060438 0.144798 -0.522895 -0.700323 0.485931
0.049907 0.059964 0.145362 -0.515309 -0.721041 0.463203
0.049234 0.061850 0.147793 -0.363182 -0.853342 0.374040
0.052663 0.058878 0.146107 -0.494238 -0.852820 0.168599
0.048210 0.060629 0.144437 -0.494261 -0.697190 0.519262
0.053358 0.058822 0.147472 -0.426833 -0.879456 0.210645
0.053456 0.059084 0.148595 -0.375902 -0.895598 0.237909
0.048022 0.062185 0.147343 -0.353922 -0.862838 0.360901
0.049133 0.060269 0.144918 -0.519032 -0.724619 0.453358
0.050904 0.059547 0.145723 -0.445150 -0.806760 0.388560
0.053693 0.058606 0.147090 -0.528733 -0.788250 0.314808
0.051205 0.059461 0.145874 -0.427069 -0.845459 0.320642
0.049444 0.060194 0.145143 -0.537755 -0.701491 0.467685
0.052552 0.059219 0.147292 -0.481223 -0.839944 0.250835
0.052407 0.059037 0.146402 -0.456309 -0.859090 0.231834
0.053269 0.059093 0.148309 -0.387123 -0.889494 0.242770
0.050070 0.059998 0.145576 -0.513011 -0.700504 0.496098
0.051844 0.059002 0.144934 -0.368229 -0.914648 0.166812
0.048596 0.063315 0.150715 -0.194371 -0.957734 0.212050
0.054632 0.058520 0.148337 -0.480895 -0.829570 0.283821
0.049390 0.062998 0.150426 -0.317177 -0.876394 0.362397
0.048542 0.060422 0.144497 -0.497783 -0.703346 0.507461
0.051514 0.059336 0.145901 -0.438962 -0.856006 0.273069
0.056103 0.057629 0.148647 -0.616454 -0.646006 0.450178
0.052806 0.059108 0.147399 -0.477859 -0.853278 0.208728
0.051483 0.059214 0.145413 -0.377141 -0.902756 0.206873
0.047625 0.060804 0.144139 -0.483814 -0.716485 0.502566
0.049636 0.062117 0.148774 -0.382299 -0.842352 0.379856
0.047027 0.061034 0.143852 -0.464377 -0.737871 0.489797
0.053074 0.058934 0.147401 -0.430259 -0.879938 0.201462
0.048541 0.063246 0.150311 -0.262635 -0.925532 0.272788
0.050522 0.060577 0.146844 -0.588350 -0.669369 0.453640
0.049237 0.063356 0.152251 -0.001143 -0.997583 -0.069470
0.052414 0.058993 0.146059 -0.439797 -0.877018 0.193439
0.051194 0.059367 0.145537 -0.379286 -0.887259 0.262513
0.050357 0.060534 0.146547 -0.575455 -0.670641 0.468073
0.048142 0.060856 0.144657 -0.486806 -0.703678 0.517550
0.050284 0.061430 0.147939 -0.458648 -0.795258 0.396494
0.048283 0.062075 0.147330 -0.364704 -0.857749 0.362295
0.050450 0.059699 0.145512 -0.465341 -0.794977 0.389190
0.051928 0.059061 0.145783 -0.400777 -0.891259 0.212216
0.048931 0.063376 0.152114 0.027255 -0.996634 -0.077320
0.053944 0.058585 0.147612 -0.420901 -0.856064 0.299995
0.051987 0.059409 0.146961 -0.510355 -0.808389 0.293333
0.053059 0.058915 0.147108 -0.433921 -0.865483 0.250303
0.046047 0.062207 0.145488 -0.324920 -0.887730 0.326131
0.045991 0.062726 0.146824 -0.314862 -0.879067 0.357914
0.049254 0.063383 0.151627 -0.122526 -0.989044 0.082339
0.053107 0.058626 0.146595 -0.470989 -0.814519 0.338717
0.049739 0.059976 0.145184 -0.507023 -0.750381 0.424093
0.053781 0.058972 0.148585 -0.359554 -0.907264 0.218159
0.046281 0.062649 0.146905 -0.316690 -0.876013 0.363742
0.055999 0.058073 0.149690 0.442792 0.882618 -0.157862
0.050948 0.063017 0.152015 -0.340569 -0.884533 0.318770
0.049045 0.061815 0.147504 -0.365216 -0.853676 0.371289
0.050154 0.059792 0.145353 -0.486977 -0.781751 0.389512
0.050070 0.062666 0.150273 -0.390603 -0.829835 0.398501
0.054806 0.058536 0.148721 -0.485824 -0.846102 0.219285
0.049705 0.063286 0.151658 -0.199517 -0.967097 0.157850
0.054234 0.058637 0.148042 -0.403684 -0.857371 0.319302
0.048600 0.061931 0.147303 -0.368611 -0.855953 0.362590
0.050707 0.059543 0.145498 -0.428457 -0.833381 0.349144
0.049819 0.060233 0.145592 -0.522369 -0.672383 0.524434
0.054096 0.058812 0.148398 -0.363165 -0.889548 0.277156
0.051628 0.059048 0.144739 -0.344617 -0.915771 0.206405
0.048766 0.063208 0.150386 -0.279882 -0.913198 0.296200
0.053676 0.058507 0.146889 -0.505036 -0.778883 0.371859
0.052134 0.059056 0.146046 -0.402349 -0.886707 0.227742
0.053122 0.059106 0.148115 -0.460893 -0.855770 0.235021
0.054244 0.058448 0.147659 -0.435474 -0.821247 0.368667
0.051898 0.058930 0.144612 -0.448130 -0.837484 0.312731
0.047319 0.060812 0.143828 -0.488912 -0.714259 0.500798
0.053949 0.058743 0.148023 -0.391488 -0.866919 0.308526
0.051743 0.059056 0.145225 -0.392676 -0.909675 0.135267
0.047906 0.060711 0.144261 -0.489281 -0.708931 0.507959
0.047200 0.062294 0.146835 -0.328014 -0.880479 0.342293
0.046659 0.061019 0.143489 -0.453796 -0.747861 0.484534
0.050012 0.060583 0.146217 -0.529807 -0.695965 0.484703
0.053834 0.058575 0.147338 -0.506776 -0.818314 0.271184
0.047852 0.063346 0.152009 0.066908 -0.981454 -0.179644
0.048849 0.063368 0.151126 -0.124723 -0.980663 0.150813
0.052815 0.058751 0.146235 -0.560014 -0.811656 0.166127
0.049552 0.059970 0.144979 -0.497169 -0.773268 0.393548
0.049582 0.062008 0.148482 -0.377736 -0.848080 0.371586
0.052876 0.058704 0.145893 -0.594680 -0.772926 0.221223
0.056544 0.057264 0.148794 0.748815 0.432328 -0.502363
0.048595 0.063321 0.152273 0.042278 -0.992105 -0.118068
0.051221 0.059259 0.145238 -0.354810 -0.910275 0.213330
0.055325 0.058144 0.148424 -0.508538 -0.793476 0.334343
0.052582 0.058945 0.146550 -0.495167 -0.836137 0.235976
0.051109 0.062864 0.151807 -0.386546 -0.852198 0.352621
0.052349 0.058799 0.145095 -0.525296 -0.833801 0.169824
0.048320 0.060404 0.144247 -0.498584 -0.713925 0.491655
0.053796 0.059940 0.150167 0.696723 0.389573 -0.602337
0.049194 0.061677 0.147331 -0.376095 -0.848558 0.372158
0.048604 0.063394 0.151661 0.010375 -0.999035 -0.042689
0.053863 0.058877 0.148276 -0.366005 -0.887038 0.281433
0.050607 0.060352 0.146619 -0.592914 -0.670747 0.445591
0.049718 0.060628 0.145951 -0.503802 -0.695737 0.511990
0.046916 0.063469 0.150693 0.155571 -0.982528 -0.102160
0.052925 0.058817 0.146683 -0.493347 -0.811205 0.313935
0.048416 0.061918 0.147116 -0.365314 -0.855066 0.367977
0.051365 0.059090 0.144599 -0.347279 -0.910429 0.224760
0.051389 0.059008 0.144295 -0.400278 -0.852572 0.336003
0.055063 0.058370 0.148664 -0.478701 -0.837930 0.262142
0.056165 0.057371 0.148454 0.676968 0.385862 -0.626757
0.050416 0.059585 0.145241 -0.453584 -0.841101 0.294637
0.049272 0.060096 0.144810 -0.497229 -0.754837 0.427767
0.046986 0.060901 0.143637 -0.480300 -0.722896 0.496723
0.051422 0.059181 0.145128 -0.352201 -0.915748 0.193288
0.048012 0.060506 0.144111 -0.490144 -0.718167 0.493959
0.049977 0.059765 0.145090 -0.460632 -0.818621 0.343040
0.048785 0.060230 0.144470 -0.471525 -0.741960 0.476613
0.055759 0.058118 0.149389 -0.447257 -0.877369 0.173737
0.051707 0.058936 0.144434 -0.395197 -0.853461 0.339740
0.050704 0.059451 0.145232 -0.388480 -0.883319 0.262356
0.051592 0.059052 0.145019 -0.341637 -0.922633 0.178976
0.051776 0.060326 0.148110 0.643002 0.569200 -0.512406
0.052603 0.058782 0.145569 -0.495655 -0.833083 0.245558
0.054605 0.058813 0.149564 -0.434446 -0.885747 0.163429
0.053635 0.058873 0.148056 -0.376092 -0.882297 0.283033
0.050960 0.059323 0.145167 -0.365704 -0.901666 0.230778
0.051884 0.059015 0.145547 -0.406758 -0.895437 0.180942
0.048274 0.063419 0.151384 -0.025827 -0.999579 0.013243
0.047719 0.060604 0.143947 -0.492347 -0.710444 0.502855
0.048975 0.060212 0.144694 -0.502170 -0.729300 0.464702
0.051082 0.059233 0.144748 -0.351244 -0.917046 0.188825
0.053629 0.058760 0.147673 -0.416417 -0.877514 0.237838
0.051691 0.059228 0.145819 -0.428548 -0.870763 0.241077
0.055362 0.058230 0.148992 -0.476164 -0.851827 0.218306
0.049075 0.063300 0.150998 -0.228707 -0.942159 0.245011
0.055517 0.057681 0.147997 0.611968 0.554971 -0.563474
0.053931 0.058968 0.149013 -0.435397 -0.883660 0.171974
0.053965 0.058433 0.147224 -0.543573 -0.762677 0.350503
0.049172 0.062814 0.149834 -0.342862 -0.858680 0.380940
0.051073 0.059131 0.144238 -0.373977 -0.900743 0.220917
0.053311 0.058407 0.146334 -0.526881 -0.804324 0.274698
0.049601 0.061485 0.147320 -0.404999 -0.823063 0.398175
0.053030 0.059004 0.147653 -0.450067 -0.870841 0.197677
0.049384 0.063211 0.150966 -0.255660 -0.929425 0.266096
0.050476 0.060284 0.146343 -0.577513 -0.671119 0.464842
0.048302 0.063396 0.151602 0.012051 -0.998368 -0.055822
0.054661 0.058012 0.147321 -0.565922 -0.667900 0.483366
0.050244 0.059598 0.145012 -0.431742 -0.864204 0.258361
0.054289 0.058991 0.149982 -0.575496 -0.745442 0.336335
0.046337 0.060995 0.143132 -0.456521 -0.743335 0.488919
0.049507 0.059863 0.144710 -0.467032 -0.803000 0.370232
0.053521 0.058384 0.146524 -0.505362 -0.762507 0.403970
0.047395 0.060633 0.143635 -0.491239 -0.713119 0.500146
0.050214 0.062353 0.149825 -0.414580 -0.816075 0.402672
0.049763 0.059788 0.144882 -0.465551 -0.822011 0.327963
0.048271 0.063374 0.150654 -0.189751 -0.972182 0.137321
0.046778 0.060817 0.143319 -0.472151 -0.725379 0.500897
0.052885 0.058635 0.146114 -0.578006 -0.800454 0.158691
0.050523 0.059471 0.145012 -0.388069 -0.896239 0.214842
0.054166 0.058241 0.147251 -0.537631 -0.748557 0.388092
0.050115 0.060356 0.146028 -0.536992 -0.668744 0.514219
0.054327 0.058781 0.148684 -0.405727 -0.897859 0.170984
0.052954 0.058527 0.146033 -0.597431 -0.781293 0.180713
0.053365 0.058868 0.147790 -0.397129 -0.890237 0.223084
0.051463 0.059298 0.145665 -0.394787 -0.884321 0.249237
0.047077 0.060703 0.143452 -0.485384 -0.714115 0.504423
0.047970 0.063394 0.151611 0.009788 -0.997128 -0.075100
0.049880 0.061343 0.147300 -0.440517 -0.797297 0.412628
0.053238 0.058465 0.146514 -0.491110 -0.808201 0.324997
0.050782 0.059247 0.144247 -0.374051 -0.913075 0.162421
0.048580 0.060157 0.144166 -0.463600 -0.769971 0.438428
0.046394 0.062315 0.146132 -0.309749 -0.891045 0.331805
0.050798 0.059325 0.144727 -0.350944 -0.917482 0.187256
0.049027 0.059985 0.144343 -0.440985 -0.797934 0.410894
0.048133 0.060305 0.143953 -0.482792 -0.741242 0.466340
0.051466 0.062943 0.152394 -0.383373 -0.865238 0.323091
0.055889 0.057334 0.148144 0.676068 0.352518 -0.647042
0.052857 0.059030 0.147175 -0.471924 -0.849607 0.235492
0.050811 0.059360 0.144933 -0.353149 -0.914771 0.196165
0.050628 0.059354 0.144474 -0.355972 -0.916168 0.184174
0.053090 0.059654 0.149130 0.634668 0.531025 -0.561435
0.056287 0.057088 0.148411 0.692766 0.307990 -0.652087
0.056032 0.056860 0.148121 0.693733 0.232899 -0.681537
0.050369 0.059494 0.144693 -0.381125 -0.900780 0.208183
0.054164 0.058889 0.148913 -0.399434 -0.904734 0.148013
0.048832 0.061066 0.145689 -0.497238 -0.739755 0.453341
0.047842 0.060389 0.143762 -0.469793 -0.745452 0.472860
0.054027 0.058252 0.147050 -0.583240 -0.721238 0.373693
0.048395 0.061065 0.145192 -0.492323 -0.746866 0.447001
0.049592 0.061347 0.147013 -0.426188 -0.806284 0.410206
0.048947 0.061515 0.146685 -0.399535 -0.830833 0.387413
0.049397 0.059865 0.144459 -0.425148 -0.828687 0.364043
0.046517 0.060910 0.143222 -0.466595 -0.735946 0.490584
0.055184 0.057235 0.147383 0.725432 0.259082 -0.637671
0.049604 0.059757 0.144549 -0.416451 -0.851702 0.318075
0.050966 0.061923 0.149727 -0.418645 -0.827633 0.373844
0.051153 0.059263 0.145001 -0.354923 -0.910970 0.210152
0.054857 0.057754 0.147269 0.639548 0.543527 -0.543651
0.055455 0.057476 0.147779 0.699599 0.359355 -0.617597
0.048760 0.062045 0.147779 -0.365657 -0.852606 0.373306
0.050631 0.060726 0.147196 -0.581394 -0.670176 0.461351
0.047160 0.060536 0.143296 -0.473738 -0.732981 0.488172
0.049489 0.060640 0.145762 -0.510312 -0.696479 0.504479
0.050476 0.059305 0.143868 -0.371946 -0.918031 0.137386
0.046546 0.060779 0.143017 -0.475723 -0.726147 0.496385
0.056093 0.057079 0.148223 0.688040 0.274277 -0.671843
0.053111 0.058435 0.146140 -0.542184 -0.816761 0.197328
0.054337 0.058672 0.148330 -0.435808 -0.849521 0.297296
0.050024 0.061145 0.147092 -0.488243 -0.762474 0.424561
0.053564 0.059002 0.148341 -0.349816 -0.904453 0.244118
0.047534 0.060407 0.143459 -0.464048 -0.751847 0.468387
0.048824 0.062837 0.149564 -0.345645 -0.860763 0.373653
0.053944 0.058117 0.146697 -0.617241 -0.669413 0.413400
0.050711 0.060904 0.147541 -0.544906 -0.701222 0.459744
0.050216 0.059502 0.144532 -0.368912 -0.903675 0.217429
0.049424 0.063316 0.151368 -0.222889 -0.955961 0.190944
0.053882 0.058315 0.146862 -0.584616 -0.716870 0.379897
0.050462 0.059369 0.144338 -0.362994 -0.912363 0.189285
0.054228 0.058076 0.147024 -0.562127 -0.676657 0.475550
0.050285 0.059358 0.143581 -0.340173 -0.931474 0.128988
0.048835 0.059926 0.144061 -0.400599 -0.850759 0.340191
0.054438 0.058774 0.149019 -0.409168 -0.899602 0.152637
0.050006 0.059496 0.144135 -0.342290 -0.919654 0.192546
0.046230 0.062259 0.145834 -0.320154 -0.890381 0.323609
0.053435 0.058564 0.146808 -0.446104 -0.806259 0.388508
0.050619 0.062895 0.151362 -0.369291 -0.862561 0.345849
0.046871 0.060601 0.143127 -0.486912 -0.715008 0.501678
0.050017 0.059448 0.143799 -0.306145 -0.945491 0.111002
0.048385 0.060116 0.143903 -0.436246 -0.804161 0.403751
0.050155 0.059375 0.143246 -0.355330 -0.920769 0.161014
0.049597 0.059647 0.144179 -0.357556 -0.899205 0.252160
0.050147 0.063061 0.151330 -0.332394 -0.889800 0.312683
0.050462 0.060952 0.147266 -0.541727 -0.710652 0.448893
0.049103 0.059802 0.144031 -0.389525 -0.878252 0.277388
0.050942 0.059124 0.143958 -0.453800 -0.857663 0.241826
0.054500 0.057884 0.147020 -0.597627 -0.599305 0.532612
0.055631 0.057254 0.147856 -0.672975 -0.296513 0.677631
0.050615 0.059252 0.143609 -0.460121 -0.867166 0.190554
0.052412 0.058560 0.144688 0.677378 0.589823 -0.439623
0.047274 0.060349 0.143144 -0.465594 -0.742862 0.481017
0.048536 0.060876 0.145057 -0.509521 -0.708166 0.488763
0.050319 0.059332 0.144043 -0.328408 -0.932248 0.151860
0.049096 0.061342 0.146477 -0.431915 -0.797754 0.420760
0.050012 0.062205 0.149308 -0.391297 -0.828499 0.400596
0.048146 0.060151 0.143691 -0.439170 -0.802911 0.403068
0.049689 0.061139 0.146745 -0.464553 -0.764736 0.446508
0.048669 0.059963 0.143887 -0.370866 -0.875081 0.310954
0.047875 0.060213 0.143553 -0.439490 -0.793131 0.421654
0.052924 0.058548 0.145563 -0.649332 -0.674862 0.350612
0.049811 0.059471 0.143251 -0.312628 -0.941483 0.125992
0.048726 0.062741 0.149251 -0.356355 -0.851842 0.383897
0.049814 0.059523 0.144017 -0.343931 -0.916228 0.205519
0.053348 0.059000 0.148036 -0.373778 -0.892460 0.252598
0.049715 0.059462 0.142869 -0.285235 -0.929711 0.232977
0.050385 0.062906 0.151169 -0.368128 -0.863926 0.343676
0.048976 0.059811 0.143765 -0.355218 -0.910518 0.211605
0.050608 0.061945 0.149386 -0.410599 -0.828923 0.379863
0.054373 0.058904 0.149693 -0.456181 -0.863993 0.213106
0.049602 0.061820 0.148011 -0.377607 -0.846527 0.375239
0.049377 0.059683 0.144007 -0.372892 -0.899950 0.225923
0.049220 0.063356 0.152652 0.031854 -0.997641 -0.060805
0.051095 0.059172 0.144563 -0.356120 -0.912078 0.203205
0.054226 0.057905 0.146700 0.651933 0.564220 -0.506596
0.054050 0.058957 0.149387 -0.439799 -0.872278 0.213793
0.052337 0.058936 0.145809 -0.404091 -0.890776 0.207914
0.049794 0.059477 0.143575 -0.315746 -0.944721 0.088361
0.049516 0.061101 0.146500 -0.471420 -0.761434 0.444951
0.048471 0.062819 0.149208 -0.345862 -0.857661 0.380522
0.048503 0.062080 0.147551 -0.368086 -0.855046 0.365252
0.049973 0.060987 0.146784 -0.489298 -0.744690 0.453900
0.049253 0.059687 0.143632 -0.334117 -0.931682 0.142598
0.049840 0.062168 0.149061 -0.384771 -0.835470 0.392354
0.049882 0.059426 0.142861 -0.321875 -0.920423 0.221850
0.048625 0.059883 0.143540 -0.295659 -0.913763 0.278609
0.055866 0.057043 0.148004 0.690072 0.248005 -0.679922
0.048779 0.061937 0.147508 -0.370086 -0.852949 0.368122
0.048227 0.060021 0.143525 -0.366348 -0.863576 0.346448
0.046578 0.063493 0.149685 -0.047877 -0.996204 0.072695
0.047553 0.060164 0.143097 -0.406895 -0.800807 0.439482
0.051042 0.060698 0.147633 -0.578506 -0.646343 0.497565
0.054754 0.057573 0.147020 0.676415 0.383704 -0.628676
0.049534 0.059576 0.143720 -0.346670 -0.927624 0.139048
0.050107 0.062951 0.150994 -0.344150 -0.878720 0.330776
0.055409 0.057212 0.147630 0.705462 0.287167 -0.647965
0.048021 0.060047 0.143387 -0.402260 -0.834404 0.376771
0.049117 0.063378 0.151397 -0.121475 -0.987831 0.097130
0.049504 0.059545 0.143042 -0.255830 -0.946906 0.194729
0.048581 0.063385 0.151023 -0.101702 -0.988037 0.115932
0.051657 0.059137 0.145587 -0.419309 -0.884734 0.203535
0.053953 0.059352 0.150002 0.644902 0.566361 -0.513163
0.049546 0.059541 0.143382 -0.304858 -0.945768 0.112180
0.047089 0.061798 0.145400 -0.322196 -0.868367 0.376999
0.047004 0.060363 0.142932 0.469752 0.737116 -0.485790
0.053334 0.058267 0.145754 0.657642 0.627735 -0.416481
0.048616 0.063398 0.151371 -0.025604 -0.998387 0.050680
0.049890 0.062956 0.150769 -0.350164 -0.867567 0.353146
0.048896 0.059830 0.143451 -0.270624 -0.935799 0.225926
0.047672 0.062182 0.146963 -0.347639 -0.869412 0.351098
0.049512 0.061690 0.147654 -0.375095 -0.845138 0.380849
0.047837 0.060027 0.143096 -0.360858 -0.852636 0.377881
0.052121 0.060330 0.148491 0.666077 0.522998 -0.531803
0.048312 0.059915 0.143372 -0.331336 -0.884144 0.329402
0.049950 0.063303 0.151972 -0.162799 -0.976191 0.143343
0.047720 0.060174 0.143307 -0.429917 -0.788980 0.438956
0.050026 0.059345 0.142917 -0.369309 -0.901074 0.227327
0.051234 0.059011 0.144092 -0.447946 -0.834880 0.319875
0.052568 0.058219 0.144695 0.758029 0.401444 -0.514038
0.049290 0.059658 0.143285 -0.294749 -0.939743 0.173222
0.050210 0.059466 0.144271 -0.355445 -0.912848 0.200917
0.052257 0.059051 0.146225 -0.444510 -0.863539 0.238140
0.052094 0.058767 0.144501 -0.562641 -0.705450 0.431017
0.053691 0.058183 0.146287 -0.589822 -0.700021 0.402591
0.048397 0.059970 0.143609 -0.365416 -0.873233 0.322390
0.049807 0.061537 0.147621 -0.419895 -0.815695 0.397908
0.047054 0.062676 0.147608 -0.324062 -0.873005 0.364481
0.051625 0.058839 0.144126 -0.481520 -0.747344 0.457838
0.048584 0.059745 0.143172 -0.250761 -0.919401 0.303018
0.050448 0.059235 0.143244 -0.464396 -0.854424 0.233016
0.049581 0.063343 0.151988 -0.118141 -0.991084 0.061612
0.050500 0.059386 0.144604 -0.369462 -0.907340 0.200579
0.048857 0.059611 0.142880 -0.216809 -0.936340 0.276153
0.048298 0.059841 0.143063 -0.312515 -0.901051 0.300735
0.047974 0.062014 0.146875 -0.363022 -0.862560 0.352427
0.049228 0.063315 0.152964 0.048891 -0.995452 -0.081765
0.052910 0.058757 0.146585 -0.505032 -0.810413 0.296939
0.049166 0.059562 0.142910 -0.214097 -0.938390 0.271268
0.049253 0.063382 0.151992 -0.060247 -0.998042 -0.016781
0.055068 0.056891 0.147157 0.729797 0.197146 -0.654622
0.055798 0.058078 0.149234 -0.463985 -0.854639 0.233046
0.053903 0.057843 0.146293 0.687754 0.510580 -0.516045
0.050098 0.060752 0.146543 -0.519039 -0.713478 0.470690
0.048852 0.061774 0.147202 -0.373624 -0.855175 0.359277
0.047301 0.060190 0.142941 -0.430097 -0.788567 0.439521
0.047207 0.061625 0.145114 -0.342287 -0.851581 0.397051
0.049111 0.061038 0.145962 -0.483688 -0.743257 0.462186
0.048955 0.063336 0.152619 0.043323 -0.995122 -0.088633
0.048243 0.061898 0.146868 -0.370769 -0.855871 0.360576
0.048822 0.059668 0.143147 -0.231484 -0.935191 0.268017
0.047980 0.059897 0.142891 -0.304588 -0.902170 0.305475
0.049916 0.062831 0.150494 -0.367385 -0.849813 0.377949
0.048913 0.063418 0.151756 -0.026483 -0.999117 -0.032607
0.055305 0.056987 0.147481 0.713835 0.214293 -0.666722
0.051945 0.058738 0.144283 -0.551507 -0.669379 0.497767
0.054070 0.058900 0.148703 -0.377441 -0.911725 0.162162
0.052395 0.062155 0.151874 -0.492869 -0.788225 0.368486
0.047181 0.062185 0.146529 -0.322991 -0.887561 0.328500
0.050038 0.059419 0.143453 -0.305910 -0.947936 0.088521
0.054364 0.058152 0.147290 -0.499877 -0.751125 0.431202
0.054693 0.057314 0.146836 0.707644 0.295024 -0.642029
0.054478 0.057423 0.146643 0.704354 0.337326 -0.624578
0.054921 0.056598 0.146923 0.731411 0.169733 -0.660476
0.048511 0.061779 0.146856 -0.366223 -0.853034 0.371771
0.048630 0.063242 0.153050 0.171058 -0.965009 -0.198740
0.048464 0.059728 0.142890 -0.259635 -0.930217 0.259396
0.052470 0.059557 0.148294 0.684449 0.648842 -0.332466
0.049570 0.062884 0.150332 -0.331463 -0.861260 0.385180
0.051025 0.059163 0.144414 -0.360649 -0.904943 0.225857
0.047181 0.061534 0.144865 -0.360455 -0.841854 0.401689
0.053213 0.058871 0.147253 -0.426181 -0.871767 0.241645
0.050743 0.059217 0.143829 -0.450287 -0.867921 0.209654
0.048610 0.063377 0.151953 0.025865 -0.994846 -0.098046
0.053591 0.057452 0.145646 0.740810 0.263257 -0.617977
0.049305 0.061544 0.147130 -0.396492 -0.832672 0.386590
0.048994 0.061610 0.146963 -0.386017 -0.838105 0.385448
0.050717 0.059158 0.143460 -0.522360 -0.819473 0.235806
0.052293 0.059626 0.147919 -0.643462 -0.695660 0.319396
0.054112 0.058117 0.146851 -0.602252 -0.676867 0.423254
0.052041 0.058252 0.144049 0.707586 0.332884 -0.623306
0.054114 0.057530 0.146292 0.708933 0.373305 -0.598378
0.052747 0.058548 0.145425 -0.627208 -0.688918 0.363321
0.048977 0.060852 0.145521 -0.517681 -0.712834 0.473152
0.052173 0.058511 0.144347 0.676260 0.477312 -0.561111
0.052273 0.058125 0.144353 0.743691 0.313548 -0.590433
0.052121 0.058944 0.145890 -0.383872 -0.893452 0.233207
0.052659 0.057928 0.144686 0.767197 0.280506 -0.576823
0.053915 0.057641 0.146101 0.720306 0.402243 -0.565119
0.048641 0.059666 0.142983 -0.248607 -0.930266 0.269814
0.051582 0.058672 0.143890 -0.560683 -0.663030 0.496010
0.050861 0.059135 0.143683 -0.507888 -0.824964 0.247960
0.051353 0.059168 0.144865 -0.340148 -0.921310 0.188381
0.049346 0.059663 0.143480 -0.318822 -0.937340 0.140520
0.052717 0.059349 0.148312 -0.569560 -0.786580 0.238522
0.051337 0.058856 0.143906 -0.500057 -0.767612 0.400893
0.054733 0.058912 0.150678 -0.622727 -0.688365 0.371975
0.055999 0.058114 0.150034 0.447390 0.882353 -0.145927
0.047698 0.063035 0.148998 -0.300717 -0.889273 0.344619
0.049251 0.060827 0.145779 -0.505382 -0.716605 0.480693
0.048276 0.063360 0.151987 0.038989 -0.990959 -0.128376
0.048663 0.061625 0.146652 -0.387439 -0.842570 0.374122
0.055456 0.058400 0.149728 -0.461099 -0.877208 0.133766
0.051879 0.058539 0.144043 0.615692 0.545597 -0.568549
0.051126 0.058951 0.143916 -0.536034 -0.784474 0.311878
0.050329 0.059211 0.142970 -0.481288 -0.830534 0.280312
0.049136 0.059662 0.143146 -0.225250 -0.941656 0.250093
0.054741 0.058772 0.150377 -0.547657 -0.802568 0.236550
0.049264 0.061430 0.146810 -0.418818 -0.814742 0.400983
0.052455 0.057946 0.144456 0.762340 0.261068 -0.592184
0.053240 0.059213 0.148788 -0.449059 -0.808401 0.380570
0.054288 0.057277 0.146407 0.741011 0.243996 -0.625595
0.053047 0.061988 0.152454 -0.511278 -0.781200 0.358219
0.049757 0.059438 0.143024 -0.297724 -0.933599 0.199381
0.051850 0.058237 0.143845 0.678416 0.374640 -0.631978
0.052830 0.057637 0.144773 0.760827 0.259616 -0.594762
0.052352 0.058292 0.144466 0.733820 0.389974 -0.556263
0.051271 0.062041 0.150306 -0.429893 -0.809061 0.400764
0.050927 0.060553 0.147356 -0.591741 -0.651824 0.474307
0.055722 0.058254 0.149665 -0.441982 -0.886091 0.139623
0.053456 0.058007 0.145726 0.699587 0.506934 -0.503583
0.052824 0.060186 0.149167 0.663156 0.484638 -0.570395
0.051028 0.062064 0.150089 -0.428413 -0.815751 0.388603
0.049790 0.062754 0.150214 -0.350127 -0.849224 0.395259
0.052554 0.060297 0.148940 0.659155 0.472341 -0.585157
0.047426 0.061215 0.144522 -0.435370 -0.775656 0.456958
0.048783 0.061470 0.146424 -0.406879 -0.827854 0.386144
0.054535 0.058857 0.150164 -0.566031 -0.790452 0.234080
0.050471 0.059338 0.144196 -0.352405 -0.922340 0.158430
0.050414 0.061516 0.148261 -0.438997 -0.803819 0.401442
0.047997 0.061500 0.145615 -0.437297 -0.813743 0.382875
0.052102 0.057933 0.144009 0.737556 0.283542 -0.612874
0.052847 0.062044 0.152273 -0.507117 -0.785583 0.354529
0.053231 0.057699 0.145359 0.747592 0.309482 -0.587645
0.053168 0.057369 0.145112 0.755345 0.244498 -0.608009
0.054596 0.059127 0.150791 0.718239 0.527071 -0.454235
0.052268 0.057883 0.144244 0.751581 0.263836 -0.604580
0.052643 0.057641 0.144537 0.756861 0.235883 -0.609525
0.052327 0.059389 0.147682 -0.570387 -0.773103 0.277437
0.050909 0.058860 0.143206 0.683545 0.634111 -0.361481
0.054838 0.058440 0.148484 -0.507387 -0.821873 0.259004
0.047780 0.062258 0.147281 -0.348765 -0.865146 0.360395
0.053729 0.059077 0.149127 -0.484916 -0.840618 0.241283
0.047249 0.061199 0.144315 -0.453929 -0.757588 0.469052
0.049115 0.062734 0.149593 -0.350619 -0.854159 0.384030
0.052584 0.062135 0.152095 -0.501884 -0.783619 0.366132
0.051221 0.061893 0.149927 -0.424629 -0.822856 0.377621
0.050202 0.059410 0.143955 -0.313957 -0.939647 0.135996
0.050572 0.061341 0.148054 -0.460657 -0.784603 0.414962
0.054074 0.057184 0.146099 0.742581 0.231040 -0.628645
0.050961 0.058946 0.143513 -0.605403 -0.722966 0.332878
0.049244 0.061155 0.146317 -0.460459 -0.766306 0.448054
0.051923 0.057955 0.143805 0.716618 0.308848 -0.625357
0.053713 0.056926 0.145637 0.753427 0.210655 -0.622875
0.051465 0.058324 0.143534 0.677306 0.440803 -0.589024
0.047664 0.063253 0.149553 -0.259052 -0.910535 0.322207
0.053040 0.057670 0.145079 0.747924 0.284633 -0.599661
0.050688 0.063001 0.151716 -0.340239 -0.883256 0.322639
0.054350 0.059320 0.150473 0.746583 0.491994 -0.447834
0.046749 0.061882 0.145341 -0.326809 -0.874341 0.358782
0.052911 0.059619 0.148964 0.612473 0.549000 -0.568750
0.048918 0.061283 0.146171 -0.452203 -0.782355 0.428291
0.050290 0.060884 0.146970 -0.544126 -0.709588 0.447674
0.050079 0.063182 0.151621 -0.249522 -0.937784 0.241451
0.045548 0.062363 0.145397 -0.320459 -0.891185 0.321084
0.049854 0.061699 0.148005 -0.407555 -0.831425 0.377667
0.051295 0.058676 0.143675 0.631071 0.603872 -0.486917
0.052123 0.057690 0.143955 0.758535 0.241468 -0.605242
0.048537 0.061227 0.145662 -0.463940 -0.789777 0.401264
0.053324 0.057108 0.145209 0.754421 0.231411 -0.614246
0.048066 0.062793 0.153757 0.350348 -0.877953 -0.326274
0.051597 0.060077 0.147589 0.639884 0.609066 -0.468601
0.054020 0.057428 0.146094 0.726250 0.303136 -0.616984
0.053432 0.059730 0.149695 0.714069 0.449274 -0.536897
0.049800 0.060907 0.146460 -0.488293 -0.737857 0.465981
0.051763 0.062852 0.152544 -0.418969 -0.840949 0.342447
0.047990 0.062098 0.147097 -0.359774 -0.859758 0.362462
0.052608 0.061951 0.151752 -0.501403 -0.775134 0.384399
0.047489 0.061631 0.145334 -0.365491 -0.838977 0.403155
0.050513 0.061184 0.147758 -0.503528 -0.750064 0.428793
0.047347 0.062340 0.147068 -0.333016 -0.872861 0.356670
0.049442 0.060928 0.146143 -0.487740 -0.733842 0.472849
0.054550 0.056316 0.146448 0.744177 0.166275 -0.646957
0.049817 0.063195 0.151368 -0.277721 -0.924346 0.261642
0.051050 0.058767 0.143336 0.697562 0.614465 -0.368565
0.049832 0.063325 0.153762 -0.087456 0.991568 0.095622
0.053940 0.057019 0.145902 0.752872 0.211402 -0.623293
0.055306 0.058830 0.151306 -0.531184 -0.689330 0.492614
0.047815 0.061484 0.145350 -0.423372 -0.810487 0.404805
0.051121 0.058692 0.143487 0.657974 0.629530 -0.413233
0.053493 0.059079 0.148770 -0.419270 -0.865759 0.273265
0.047336 0.060975 0.144092 -0.477748 -0.728798 0.490521
0.055282 0.058986 0.151588 0.605394 0.589654 -0.534608
0.051447 0.062811 0.152052 -0.418963 -0.833092 0.361147
0.052961 0.059383 0.148791 -0.529638 -0.688211 0.495831
0.049479 0.063358 0.152621 -0.000068 -0.998441 -0.055819
0.048226 0.061252 0.145329 -0.467389 -0.780075 0.415969
0.052628 0.057282 0.144419 0.747940 0.216770 -0.627373
0.052125 0.062120 0.151444 -0.477879 -0.794254 0.375224
0.052419 0.061985 0.151556 -0.501160 -0.777278 0.380365
0.051240 0.058439 0.143362 0.746546 0.462096 -0.478682
0.049875 0.063339 0.152294 -0.102012 -0.993476 0.050987
0.051269 0.060669 0.147846 -0.591140 -0.626571 0.507901
0.054128 0.056845 0.146077 0.748707 0.197290 -0.632862
0.049562 0.063347 0.152290 -0.026963 -0.999358 -0.023593
0.053927 0.056653 0.145819 0.757568 0.188089 -0.625070
0.052244 0.057479 0.143990 0.771415 0.217837 -0.597885
0.055062 0.058989 0.151155 -0.571040 -0.667486 0.477887
0.048794 0.063315 0.152810 0.103441 -0.986730 -0.125154
0.047839 0.061218 0.144905 -0.428123 -0.781141 0.454455
0.049747 0.060768 0.146191 -0.494130 -0.721162 0.485552
0.050709 0.061197 0.147949 -0.497806 -0.752899 0.430502
0.048312 0.063306 0.152466 0.087299 -0.981376 -0.171116
0.047487 0.062136 0.146691 -0.342953 -0.880072 0.328414
0.048239 0.061531 0.145974 -0.419583 -0.837697 0.349592
0.050702 0.059050 0.143241 -0.566490 -0.766035 0.303774
0.052342 0.061902 0.151246 -0.505391 -0.778378 0.372435
0.049937 0.061986 0.148768 -0.396349 -0.834557 0.382652
0.053414 0.056780 0.145184 0.756902 0.222518 -0.614479
0.051080 0.058381 0.142902 0.762211 0.440322 -0.474501
0.046682 0.062229 0.146153 -0.307333 -0.892412 0.330375
0.051903 0.057551 0.143572 0.739823 0.230471 -0.632095
0.047769 0.062007 0.146661 -0.366210 -0.868545 0.333946
0.055577 0.058334 0.150024 0.456236 0.880029 -0.131896
0.047599 0.060560 0.143722 -0.487789 -0.724398 0.487145
0.055191 0.058918 0.151321 -0.564714 -0.653367 0.504193
0.054717 0.058788 0.149790 -0.471789 -0.871751 0.132156
0.054582 0.058642 0.148657 -0.459014 -0.862299 0.213884
0.048038 0.061828 0.146526 -0.387157 -0.857591 0.338595
0.050626 0.061507 0.148513 -0.422390 -0.809858 0.407084
0.051719 0.057850 0.143525 0.729162 0.304146 -0.613040
0.048614 0.063305 0.152605 0.110067 -0.984034 -0.139867
0.047711 0.063158 0.152624 0.247840 -0.895020 -0.370829
0.054880 0.058981 0.150950 -0.608229 -0.669885 0.425806
0.048900 0.063082 0.153890 -0.271376 0.933594 0.234003
0.052213 0.057187 0.143829 0.759681 0.179698 -0.624975
0.048866 0.063159 0.153597 0.269802 -0.934031 -0.234079
0.053758 0.056366 0.145505 0.764532 0.201071 -0.612422
0.047472 0.062019 0.146354 -0.356057 -0.879745 0.315074
0.051289 0.058180 0.143183 0.754251 0.367245 -0.544277
0.046998 0.062131 0.146183 -0.307697 -0.894287 0.324920
0.050173 0.062784 0.150649 -0.389082 -0.838853 0.380710
0.051106 0.060919 0.147975 -0.550865 -0.680065 0.483797
0.050457 0.062609 0.150579 -0.411942 -0.817931 0.401612
0.050947 0.059417 0.145396 -0.367472 -0.894074 0.256116
0.053514 0.057116 0.145483 0.748330 0.227248 -0.623185
0.054553 0.059133 0.150639 0.704539 0.544942 -0.454602
0.048684 0.059956 0.144030 -0.399836 -0.852724 0.336145
0.048348 0.061713 0.146560 -0.384530 -0.850779 0.358207
0.051393 0.058160 0.143335 0.749672 0.378363 -0.542986
0.053628 0.056747 0.145480 0.756185 0.213587 -0.618519
0.048712 0.061265 0.145914 -0.458785 -0.789733 0.407232
0.052421 0.059184 0.147003 -0.472114 -0.844038 0.254377
0.053508 0.059397 0.149256 -0.630879 -0.673279 0.385599
0.053145 0.059896 0.149417 0.680192 0.497343 -0.538506
0.049898 0.061860 0.148453 -0.407199 -0.834871 0.370376
0.046337 0.062149 0.145623 -0.319627 -0.888914 0.328133
0.050819 0.062432 0.150597 -0.425455 -0.806844 0.409868
0.053516 0.056448 0.145208 0.758603 0.214571 -0.615207
0.053733 0.057113 0.145707 0.747980 0.224126 -0.624735
0.053890 0.058981 0.148826 -0.384922 -0.904314 0.184531
0.046773 0.061193 0.143830 -0.436656 -0.764463 0.474266
0.051847 0.057270 0.143424 0.747244 0.206934 -0.631510
0.050753 0.061384 0.148364 -0.448023 -0.787867 0.422542
0.048336 0.062802 0.154103 -0.341490 0.891783 0.296831
0.051440 0.057874 0.143238 0.745090 0.333940 -0.577343
0.047724 0.061830 0.146025 -0.399925 -0.857019 0.324927
0.050632 0.058877 0.142839 -0.647821 -0.662399 0.376239
0.055000 0.058781 0.150784 -0.517417 -0.781933 0.347649
0.048038 0.061696 0.146134 -0.418232 -0.844827 0.333691
0.048089 0.063318 0.152209 0.060756 -0.983411 -0.170916
0.048615 0.061429 0.146165 -0.417103 -0.820240 0.391447
0.047394 0.063378 0.151217 0.042052 -0.993937 -0.101589
0.050860 0.059284 0.144561 -0.359277 -0.913851 0.189202
0.050254 0.060749 0.146724 -0.541615 -0.701007 0.463943
0.054507 0.058999 0.150424 0.674039 0.666721 -0.318048
0.050768 0.058885 0.143041 -0.656410 -0.659127 0.366985
0.049468 0.062813 0.150067 -0.331872 -0.858776 0.390340
0.046494 0.062008 0.145368 -0.342452 -0.875432 0.341094
0.053301 0.061798 0.152442 -0.513722 -0.790136 0.334327
0.047873 0.061660 0.145818 -0.421591 -0.840713 0.339798
0.048045 0.059967 0.143192 -0.381341 -0.857235 0.346017
0.053380 0.056276 0.144975 0.758621 0.215969 -0.614696
0.051341 0.057715 0.143029 0.770127 0.277179 -0.574523
0.048254 0.061368 0.145647 -0.451537 -0.801167 0.392742
0.048944 0.063271 0.153209 0.172232 -0.969580 -0.173926
0.049133 0.062338 0.148781 -0.368494 -0.841575 0.394922
0.048426 0.063202 0.150085 -0.302170 -0.899321 0.316095
0.047032 0.063412 0.150915 0.100766 -0.985662 -0.135342
0.051225 0.057782 0.142821 0.773684 0.270726 -0.572818
0.049594 0.063318 0.152844 -0.011757 -0.998677 -0.050052
0.053233 0.056571 0.144872 0.754198 0.222269 -0.617885
0.046913 0.061676 0.145023 -0.339841 -0.863734 0.372118
0.046828 0.062106 0.145928 -0.301087 -0.890597 0.340858
0.050247 0.060460 0.146314 -0.552014 -0.677104 0.486631
0.052802 0.061920 0.151921 -0.501366 -0.786791 0.359988
0.049462 0.061253 0.146686 -0.449101 -0.781826 0.432500
0.047743 0.061599 0.145545 -0.410015 -0.827243 0.384132
0.055024 0.059110 0.151350 0.657632 0.498375 -0.564926
0.052285 0.056980 0.143923 0.757028 0.186507 -0.626198
0.047034 0.061197 0.144092 -0.450386 -0.759227 0.469815
0.054377 0.058824 0.149346 -0.402349 -0.901661 0.158499
0.047780 0.061900 0.146375 -0.376812 -0.867223 0.325480
0.045856 0.062186 0.145253 -0.337495 -0.884467 0.322203
0.046803 0.062003 0.145644 -0.308311 -0.881839 0.356798
0.055404 0.058453 0.150401 -0.430338 -0.888644 0.158497
0.046704 0.061719 0.144862 -0.374521 -0.861009 0.344088
0.047105 0.061964 0.145793 -0.311885 -0.883647 0.349136
0.051426 0.058975 0.144443 -0.385552 -0.873606 0.296921
0.052358 0.058736 0.145265 -0.487124 -0.846828 0.213524
0.047444 0.061471 0.144962 -0.378509 -0.822742 0.424060
0.047413 0.061922 0.145957 -0.349380 -0.878544 0.325722
0.050407 0.061664 0.148590 -0.422479 -0.818319 0.389699
0.055090 0.060706 0.152679 0.608308 0.675115 -0.417351
0.047292 0.061818 0.145576 -0.320024 -0.869502 0.376233
0.051368 0.057377 0.142872 0.770112 0.199530 -0.605901
0.049761 0.059525 0.143815 -0.337042 -0.930053 0.146299
0.049248 0.063177 0.153955 -0.226050 0.953244 0.200565
0.052359 0.060148 0.148648 0.694154 0.454340 -0.558324
0.050400 0.063251 0.152116 -0.193016 -0.963850 0.183680
0.049527 0.061912 0.148236 -0.371972 -0.850445 0.371995
0.048347 0.061564 0.146205 -0.401347 -0.842153 0.360137
0.047991 0.061286 0.145159 -0.452297 -0.783723 0.425683
0.049476 0.063290 0.153173 0.040487 -0.996199 -0.077123
0.054158 0.057009 0.146178 0.745927 0.206044 -0.633355
0.049468 0.059586 0.143218 -0.287534 -0.945835 0.150734
0.050896 0.062836 0.151516 -0.380898 -0.854714 0.352677
0.050888 0.061835 0.149452 -0.414742 -0.828058 0.377239
0.049875 0.063340 0.152604 -0.046753 -0.998690 -0.020775
0.056363 0.057261 0.148578 0.700015 0.395929 -0.594323
0.051593 0.056968 0.142986 0.762669 0.182909 -0.620387
0.050144 0.061697 0.148379 -0.421228 -0.824406 0.378048
0.053424 0.060133 0.149878 0.673093 0.437322 -0.596401
0.049934 0.063305 0.152905 -0.024445 -0.999258 -0.029762
0.050235 0.063212 0.151876 -0.215665 -0.952228 0.216221
0.048873 0.063302 0.152367 0.054895 -0.994017 -0.094432
0.051139 0.058606 0.143294 0.708467 0.536996 -0.457940
0.048536 0.061531 0.146367 -0.396981 -0.840000 0.369873
0.055170 0.060459 0.152447 0.643494 0.617472 -0.452376
0.048375 0.063304 0.152149 0.034239 -0.990176 -0.135568
0.055273 0.058669 0.150920 -0.479648 -0.808402 0.341210
0.052105 0.056602 0.143515 0.768715 0.172314 -0.615943
0.050936 0.061476 0.148735 -0.426193 -0.810609 0.401586
0.055569 0.058367 0.150383 0.431107 0.888115 -0.159367
0.054497 0.057671 0.146786 0.650343 0.499264 -0.572529
0.051765 0.056699 0.143194 0.772704 0.177883 -0.609333
0.046543 0.062170 0.145856 -0.312395 -0.888566 0.335946
0.054940 0.057245 0.147097 0.727181 0.258629 -0.635861
0.055058 0.058625 0.150432 -0.481249 -0.847237 0.224919
0.051864 0.059967 0.147909 0.662495 0.595061 -0.454976
0.047103 0.062780 0.147878 -0.326485 -0.874753 0.358071
0.047269 0.062022 0.146152 -0.328584 -0.888076 0.321487
0.051905 0.056245 0.143225 0.774828 0.187383 -0.603763
0.054946 0.060408 0.152010 0.660811 0.568138 -0.490457
0.050388 0.062786 0.150882 -0.383506 -0.845303 0.372002
0.047699 0.061414 0.145084 -0.408511 -0.803744 0.432568
0.046134 0.061671 0.144122 -0.355031 -0.842421 0.405315
0.052062 0.057350 0.143673 0.766238 0.185548 -0.615184
0.051060 0.061295 0.148508 -0.490159 -0.762486 0.422326
0.050405 0.063034 0.151544 -0.335864 -0.885999 0.319689
0.051850 0.062218 0.151323 -0.461172 -0.800114 0.383586
0.051489 0.056736 0.142782 0.762096 0.186445 -0.620038
0.051188 0.058392 0.143121 0.757192 0.436013 -0.486368
0.051088 0.058960 0.143769 -0.542321 -0.770719 0.334485
0.050408 0.061926 0.149139 -0.407161 -0.823697 0.394644
0.052996 0.062173 0.152759 -0.515631 -0.769049 0.377741
0.054692 0.060329 0.151637 0.693777 0.497709 -0.520537
0.045891 0.062083 0.144973 -0.342895 -0.883750 0.318447
0.051383 0.062711 0.151772 -0.424385 -0.826456 0.369957
0.051345 0.057145 0.142730 0.771629 0.195180 -0.605387
0.046201 0.062082 0.145289 -0.334541 -0.883762 0.327179
0.054014 0.059194 0.149892 -0.614684 -0.661251 0.430013
0.050201 0.061862 0.148787 -0.407090 -0.827216 0.387288
0.051487 0.061093 0.148693 -0.531336 -0.711739 0.459467
0.047544 0.061733 0.145636 -0.361791 -0.858237 0.364057
0.051990 0.062043 0.151128 -0.464238 -0.797464 0.385401
0.046284 0.061483 0.143917 -0.380222 -0.816130 0.435159
0.054229 0.059682 0.150559 0.756776 0.352773 -0.550311
0.047048 0.061355 0.144388 -0.421369 -0.802204 0.422986
0.051140 0.062264 0.150599 -0.431993 -0.800655 0.415130
0.055337 0.056569 0.147411 0.713351 0.180557 -0.677147
0.049453 0.063298 0.153502 0.123067 -0.985086 -0.120248
0.046747 0.061365 0.144103 -0.412445 -0.797523 0.440279
0.052642 0.062263 0.152463 -0.516825 -0.769759 0.374651
0.049147 0.063245 0.153522 0.179971 -0.970003 -0.163416
0.046115 0.061957 0.144816 -0.348793 -0.879087 0.324883
0.046416 0.061912 0.145004 -0.355644 -0.873411 0.332672
0.045838 0.061929 0.144487 -0.329010 -0.874948 0.355273
0.053354 0.057414 0.145375 0.746650 0.260794 -0.611964
0.054389 0.060782 0.151832 -0.608002 -0.674115 0.419408
0.051579 0.060852 0.148491 -0.567137 -0.662521 0.489308
0.055877 0.056769 0.147974 -0.688163 -0.207498 0.695252
0.046305 0.061819 0.144642 -0.369335 -0.863498 0.343457
0.051895 0.056454 0.143252 0.774981 0.179729 -0.605889
0.047368 0.062603 0.153402 -0.370263 0.846773 0.381943
0.045949 0.061831 0.144304 -0.347508 -0.861379 0.370492
0.046917 0.062397 0.146840 -0.316306 -0.881021 0.351784
0.052998 0.060196 0.149405 0.677824 0.465305 -0.569250
0.055455 0.058585 0.150756 -0.443337 -0.840491 0.311491
0.055000 0.060558 0.152267 -0.633924 -0.634878 0.441668
0.054742 0.059235 0.151091 0.720229 0.457155 -0.521804
0.046454 0.061671 0.144445 -0.375241 -0.854731 0.358650
0.047011 0.061496 0.144636 -0.402430 -0.830627 0.384849
0.052217 0.062198 0.151726 -0.484575 -0.790914 0.373688
0.049604 0.063200 0.151156 -0.258712 -0.928890 0.265013
0.055421 0.058649 0.151148 -0.462381 -0.788544 0.405466
0.052013 0.057671 0.143771 0.745794 0.240010 -0.621439
0.054530 0.060481 0.151592 0.668785 0.578084 -0.467488
0.052707 0.059624 0.148781 0.627073 0.545533 -0.556033
0.051545 0.061289 0.149025 -0.511944 -0.737395 0.440638
0.046747 0.061572 0.144557 -0.394275 -0.843578 0.364586
0.051788 0.060583 0.148350 0.625399 0.583096 -0.518533
0.055549 0.058491 0.150667 0.418573 0.863761 -0.280560
0.046578 0.061520 0.144249 -0.394349 -0.822834 0.409186
0.052896 0.059171 0.148117 -0.506094 -0.832067 0.227011
0.049600 0.063080 0.150836 -0.307336 -0.893623 0.327083
0.051771 0.061081 0.148985 -0.536342 -0.702058 0.468456
0.050639 0.061633 0.148773 -0.414207 -0.820472 0.394028
0.048022 0.062675 0.154028 -0.348295 0.879386 0.324608
0.054214 0.059222 0.150221 0.700006 0.566165 -0.435257
0.050415 0.063309 0.152418 -0.161359 -0.978674 0.127123
0.051550 0.061902 0.150358 -0.439690 -0.808392 0.391376
0.050911 0.061195 0.148171 -0.498782 -0.740887 0.449781
0.050211 0.063318 0.152639 -0.093675 -0.994388 0.049177
0.051403 0.060840 0.148209 -0.582921 -0.645928 0.492930
0.046941 0.062266 0.146507 -0.315363 -0.889703 0.330113
0.054720 0.060168 0.151526 0.734164 0.432182 -0.523662
0.049894 0.063320 0.153439 0.051039 -0.998212 -0.031108
0.049778 0.063304 0.153192 -0.007356 -0.999323 -0.036052
0.046247 0.061335 0.143642 -0.400400 -0.792622 0.459815
0.051228 0.061085 0.148354 -0.523315 -0.720235 0.455415
0.052471 0.059282 0.147599 -0.539939 -0.802988 0.252342
0.052199 0.058929 0.145595 -0.391009 -0.902039 0.182856
0.051017 0.063122 0.152417 -0.295066 -0.922064 0.250468
0.046749 0.063433 0.150053 0.052400 -0.998294 -0.025752
0.051703 0.063004 0.152874 -0.371601 -0.876516 0.305993
0.050175 0.063328 0.152262 -0.140860 -0.981836 0.127106
0.051969 0.060823 0.148881 -0.583500 -0.627435 0.515609
0.049981 0.061391 0.147551 -0.447390 -0.795051 0.409556
0.052708 0.059436 0.148599 -0.571304 -0.735344 0.364528
0.051531 0.060604 0.148076 0.623747 0.600345 -0.500525
0.053025 0.061851 0.152085 -0.498097 -0.793226 0.350273
0.051264 0.056557 0.142532 0.768107 0.186564 -0.612541
0.050040 0.059694 0.144834 -0.401163 -0.881393 0.249430
0.051244 0.061475 0.149052 -0.455909 -0.782896 0.423345
0.051538 0.061464 0.149369 -0.463145 -0.779334 0.422061
0.048418 0.061193 0.145468 -0.479556 -0.767840 0.424791
0.053371 0.061916 0.152759 -0.519001 -0.776563 0.357194
0.052505 0.059494 0.148423 0.679760 0.653855 -0.332265
0.052627 0.061796 0.151420 -0.510752 -0.771027 0.380328
0.052360 0.062330 0.152207 -0.498935 -0.780321 0.377044
0.053693 0.060931 0.151236 -0.541964 -0.735932 0.405805
0.051838 0.061276 0.149337 -0.513042 -0.723084 0.462534
0.050445 0.061815 0.148932 -0.412717 -0.821959 0.392490
0.053621 0.059211 0.149413 -0.622388 -0.695291 0.359450
0.053648 0.060045 0.150058 0.687975 0.390070 -0.611993
0.050752 0.061746 0.149108 -0.409085 -0.821125 0.397998
0.055314 0.060589 0.152870 0.628074 0.659929 -0.412330
0.051254 0.061301 0.148728 -0.492321 -0.747614 0.445751
0.049520 0.063358 0.152480 -0.015519 -0.998803 -0.046392
0.048903 0.063395 0.151519 -0.070399 -0.994558 0.076801
0.051074 0.061642 0.149244 -0.422061 -0.814397 0.398274
0.051402 0.062124 0.150603 -0.437117 -0.803046 0.405026
0.050046 0.061517 0.147821 -0.438767 -0.810985 0.387023
0.053183 0.060985 0.150511 -0.533502 -0.721021 0.442159
0.052456 0.059852 0.148662 0.693884 0.469794 -0.545728
0.051681 0.061964 0.150598 -0.447609 -0.801299 0.396945
0.052111 0.061031 0.149302 -0.548243 -0.682509 0.483334
0.053934 0.060722 0.151039 -0.596937 -0.670689 0.440277
0.047267 0.061384 0.144646 -0.394637 -0.821638 0.411306
0.047591 0.061266 0.144754 -0.427091 -0.770588 0.473062
0.050100 0.063314 0.153210 0.002628 -0.999979 0.005946
0.049444 0.063276 0.153770 -0.161065 0.978496 0.128854
0.053086 0.059171 0.148488 -0.457823 -0.843865 0.279802
0.050247 0.059312 0.143073 -0.440750 -0.866248 0.235276
0.054207 0.060545 0.151153 -0.617838 -0.632126 0.467646
0.055814 0.058151 0.149543 -0.445656 -0.881034 0.158649
0.053303 0.060760 0.150313 -0.590742 -0.626433 0.508533
0.050664 0.062755 0.151082 -0.387811 -0.845642 0.366733
0.052331 0.059733 0.148430 0.705102 0.562850 -0.431312
0.046551 0.061213 0.143670 -0.434543 -0.766448 0.473001
0.052229 0.060781 0.149135 -0.588911 -0.621690 0.516417
0.056409 0.057819 0.149252 -0.561850 -0.777787 0.281730
0.051462 0.061700 0.149785 -0.435316 -0.817862 0.376301
0.046082 0.061154 0.143190 -0.437507 -0.757577 0.484422
0.051530 0.062183 0.150867 -0.450190 -0.796735 0.403165
0.053769 0.059680 0.150023 0.695041 0.429912 -0.576276
0.051449 0.063055 0.152695 -0.352518 -0.890233 0.288474
0.048819 0.059783 0.143321 -0.259035 -0.931044 0.257018
0.053247 0.061716 0.152120 -0.502418 -0.790376 0.350545
0.054504 0.060231 0.151221 0.723202 0.458960 -0.516076
0.054126 0.058992 0.149638 -0.500910 -0.814612 0.292398
0.051246 0.058062 0.143000 0.774868 0.345261 -0.529503
0.052295 0.060575 0.148893 0.618898 0.560436 -0.550343
0.055494 0.058560 0.150873 -0.431694 -0.840283 0.327972
0.052045 0.060578 0.148631 0.650090 0.549745 -0.524560
0.051228 0.061706 0.149542 -0.430947 -0.821027 0.374432
0.052274 0.061794 0.150930 -0.501186 -0.780580 0.373507
0.051839 0.061462 0.149706 -0.484295 -0.778407 0.399425
0.050520 0.063286 0.152656 -0.153174 -0.980575 0.122515
0.055381 0.058508 0.150508 -0.459995 -0.867202 0.190698
0.053804 0.059085 0.149488 -0.546786 -0.773028 0.321641
0.052452 0.060640 0.149214 0.617408 0.591562 -0.518519
0.050670 0.063133 0.152044 -0.289488 -0.923033 0.253391
0.048282 0.059776 0.142813 -0.282763 -0.922484 0.262809
0.054135 0.058590 0.147796 -0.417289 -0.844770 0.335013
0.052770 0.059204 0.147823 -0.517726 -0.826161 0.222300
0.052050 0.061265 0.149551 -0.514236 -0.737706 0.437437
0.051037 0.062676 0.151321 -0.409165 -0.832577 0.373364
0.047748 0.062659 0.153704 -0.362669 0.859862 0.359318
0.051562 0.059878 0.147211 -0.613841 -0.675391 0.408713
0.046135 0.062029 0.145028 -0.342921 -0.883668 0.318647
0.051992 0.060263 0.148289 0.663454 0.548429 -0.508974
0.046391 0.063414 0.149291 -0.134636 -0.974102 0.181653
0.053130 0.059026 0.147879 -0.457893 -0.862216 0.216604
0.054714 0.059486 0.151196 0.755289 0.343791 -0.557984
0.050748 0.063353 0.153651 0.045225 0.997810 -0.048261
0.047448 0.060310 0.143262 -0.440277 -0.764990 0.470050
0.054576 0.060320 0.151422 0.701085 0.518530 -0.489496
0.051695 0.062749 0.152213 -0.432166 -0.824450 0.365396
0.051572 0.062391 0.151338 -0.451699 -0.803630 0.387487
0.053456 0.060954 0.150795 -0.541905 -0.752343 0.374591
0.053592 0.061631 0.152435 -0.510173 -0.795615 0.326680
0.052183 0.060048 0.148435 0.701349 0.505120 -0.502954
0.053902 0.060571 0.150782 -0.608880 -0.653281 0.449988
0.051663 0.056510 0.142949 0.760288 0.184063 -0.622963
0.050932 0.062552 0.150949 -0.415358 -0.819454 0.394933
0.049594 0.059757 0.144366 -0.385058 -0.875708 0.291318
0.054439 0.059406 0.150721 0.769298 0.382856 -0.511469
0.045346 0.063436 0.148233 0.117719 0.975947 -0.183492
0.048711 0.061725 0.146964 -0.368353 -0.850561 0.375316
0.046262 0.063337 0.148800 -0.200638 -0.953270 0.225876
0.053602 0.060701 0.150574 -0.604843 -0.647698 0.463306
0.051952 0.062312 0.151659 -0.474876 -0.792038 0.383626
0.050468 0.063338 0.153748 0.005655 0.998699 -0.050673
0.048524 0.063273 0.152842 0.156127 -0.963255 -0.218550
0.052824 0.061741 0.151589 -0.509992 -0.768608 0.386200
0.053743 0.060168 0.150254 0.689268 0.410560 -0.596950
0.046508 0.061714 0.144685 -0.376429 -0.860866 0.342360
0.053153 0.061657 0.151827 -0.497412 -0.768961 0.401597
0.052679 0.060687 0.149524 0.611472 0.606047 -0.508734
0.051468 0.061826 0.150093 -0.435436 -0.814510 0.383365
0.046004 0.061577 0.143872 -0.358375 -0.826373 0.434366
0.052803 0.061582 0.151264 -0.519267 -0.762954 0.385049
0.051816 0.062019 0.150865 -0.452996 -0.797036 0.399410
0.046825 0.061430 0.144329 -0.419382 -0.812668 0.404585
0.052290 0.061156 0.149648 -0.549358 -0.700639 0.455314
0.051709 0.061667 0.150039 -0.444315 -0.812077 0.378305
0.050618 0.062657 0.150838 -0.403996 -0.829419 0.385813
0.052725 0.060448 0.149299 0.648293 0.553835 -0.522478
0.046496 0.061364 0.143869 -0.405781 -0.794525 0.451743
0.050555 0.063299 0.152960 -0.074758 -0.994464 0.073845
0.048924 0.063392 0.151315 -0.079670 -0.990890 0.108579
0.051933 0.061847 0.150658 -0.454153 -0.799216 0.393699
0.050820 0.063243 0.152695 -0.209836 -0.962443 0.172256
0.047144 0.061389 0.144573 -0.396727 -0.820759 0.411050
0.050200 0.063323 0.153566 -0.011196 0.999775 -0.018018
0.050226 0.063299 0.152998 -0.030233 -0.999171 0.027279
0.049893 0.059209 0.142340 -0.404970 -0.852057 0.331659
0.054998 0.060751 0.152615 -0.595376 -0.690791 0.410287
0.054865 0.058667 0.150133 -0.479279 -0.868438 0.126916
0.054183 0.058901 0.149469 -0.440694 -0.875323 0.198991
0.052578 0.060956 0.149715 -0.582295 -0.653208 0.483996
0.050440 0.063326 0.153336 -0.036176 -0.998478 0.041621
0.055779 0.058247 0.149890 -0.447098 -0.883738 0.138242
0.046350 0.061148 0.143423 -0.433971 -0.762540 0.479792
0.054591 0.058795 0.149943 -0.500051 -0.845961 0.185200
0.051209 0.063234 0.153065 -0.211561 -0.958249 0.192356
0.049917 0.059610 0.144342 -0.370442 -0.898706 0.234734
0.053349 0.059080 0.148483 -0.375807 -0.892276 0.250226
0.054244 0.060670 0.151406 -0.607020 -0.667402 0.431396
0.054906 0.059545 0.151439 0.746287 0.331604 -0.577144
0.046633 0.061859 0.145129 -0.349294 -0.872097 0.342695
0.052857 0.059307 0.148506 -0.534136 -0.790495 0.299693
0.049353 0.063369 0.152483 -0.002071 -0.997332 -0.072972
0.053667 0.059023 0.148757 -0.381280 -0.894813 0.232240
0.049226 0.063287 0.153243 0.116229 -0.984148 -0.133952
0.055270 0.058479 0.150116 -0.438563 -0.891447 0.113948
0.048855 0.063321 0.150898 -0.187118 -0.957884 0.217820
0.053059 0.058539 0.146349 -0.520421 -0.820296 0.237226
0.053701 0.061691 0.152766 -0.515588 -0.783350 0.347176
0.049181 0.063345 0.152777 0.034950 -0.996439 -0.076728
0.053393 0.060874 0.150565 -0.570948 -0.695411 0.436373
0.050959 0.061578 0.148974 -0.423051 -0.811438 0.403234
0.051892 0.061736 0.150409 -0.453718 -0.804943 0.382370
0.055699 0.057514 0.148056 0.656355 0.433640 -0.617378
0.055722 0.058338 0.150608 0.414669 0.887459 -0.201162
0.052456 0.061227 0.149978 -0.538031 -0.725390 0.429339
0.048904 0.060132 0.144417 -0.461696 -0.772451 0.436068
0.052003 0.061588 0.150204 -0.461534 -0.803813 0.375327
0.053586 0.060490 0.150336 0.627804 0.539893 -0.560694
0.050138 0.061247 0.147382 -0.469231 -0.774049 0.425055
0.053279 0.059973 0.149648 0.694894 0.446475 -0.563722
0.054163 0.058871 0.149120 -0.402455 -0.900826 0.162918
0.049233 0.059969 0.144417 -0.429700 -0.824335 0.368550
0.049270 0.060005 0.144591 -0.474143 -0.783520 0.401604
0.048802 0.060087 0.144262 -0.441909 -0.794632 0.416264
0.055559 0.058147 0.148848 -0.494927 -0.824636 0.273904
0.051302 0.062465 0.151184 -0.443754 -0.806375 0.390949
0.055288 0.057455 0.147579 0.702569 0.343540 -0.623199
0.054681 0.059065 0.150922 0.663641 0.602771 -0.442999
0.053935 0.058941 0.149190 -0.448192 -0.872032 0.196681
0.048797 0.059891 0.143639 -0.305556 -0.915861 0.260450
0.048473 0.059852 0.143298 -0.281177 -0.910003 0.304686
0.051028 0.058660 0.143096 0.728115 0.547998 -0.411761
0.049071 0.059790 0.143523 -0.316121 -0.931247 0.181236
0.049333 0.059818 0.144231 -0.391367 -0.857932 0.332845
0.049805 0.059736 0.144605 -0.413648 -0.867033 0.277756
0.050912 0.057419 0.142362 0.733162 0.208459 -0.647316
0.049297 0.059691 0.143815 -0.368497 -0.909538 0.192225
0.050707 0.063235 0.152447 -0.241077 -0.951043 0.193387
0.049753 0.061828 0.148226 -0.386180 -0.844520 0.371012
0.051157 0.063180 0.152785 -0.268395 -0.937043 0.223417
0.046747 0.061749 0.145082 -0.350233 -0.865674 0.357695
0.049572 0.059558 0.143549 -0.331715 -0.938724 0.093609
0.049402 0.063376 0.151804 -0.134469 -0.989958 0.043612
0.053794 0.059407 0.149878 0.676447 0.539427 -0.501436
0.053226 0.061168 0.150929 -0.533923 -0.769938 0.349458
0.052722 0.060089 0.149018 0.672361 0.433934 -0.599693
0.053358 0.059611 0.149532 0.713536 0.509239 -0.481189
0.052904 0.061167 0.150482 -0.528662 -0.750854 0.395898
0.050625 0.059411 0.144717 -0.372607 -0.908992 0.186809
0.052748 0.061150 0.150234 -0.545440 -0.723073 0.423864
0.048887 0.063422 0.151953 0.007360 -0.997136 -0.075266
0.050384 0.059428 0.144461 -0.362308 -0.910899 0.197476
0.052200 0.061429 0.150063 -0.480943 -0.788223 0.383925
0.046329 0.063123 0.151231 0.445619 -0.849570 -0.282232
0.048515 0.063397 0.151793 0.018336 -0.995467 -0.093324
0.053550 0.059126 0.149033 -0.468414 -0.841741 0.268440
0.055439 0.060116 0.152384 0.722999 0.474264 -0.502340
0.054315 0.058996 0.150178 -0.620837 -0.717191 0.316541
0.054662 0.060153 0.151357 0.738923 0.407173 -0.536846
0.053265 0.060580 0.150083 0.608396 0.579322 -0.542439
0.053231 0.060382 0.149844 0.657259 0.502357 -0.561826
0.052202 0.058204 0.144247 0.723718 0.323052 -0.609812
0.053026 0.060394 0.149639 0.656200 0.516501 -0.550116
0.053096 0.058511 0.145734 -0.660408 -0.696475 0.280684
0.052535 0.061614 0.150898 -0.506603 -0.777244 0.373156
0.046400 0.063007 0.151740 0.477263 -0.798274 -0.367395
0.055215 0.059723 0.151868 0.746127 0.335192 -0.575274
0.054778 0.060840 0.152444 -0.593377 -0.700100 0.397194
0.053455 0.061056 0.151093 -0.512190 -0.772479 0.375418
0.054294 0.060085 0.150835 0.736920 0.383232 -0.556850
0.052547 0.061339 0.150366 -0.521031 -0.756026 0.396171
0.046263 0.061717 0.144335 -0.356218 -0.854882 0.377207
0.054305 0.059898 0.150757 0.749576 0.340813 -0.567434
0.051588 0.061551 0.149633 -0.448210 -0.807275 0.383947
0.048886 0.063325 0.151003 -0.165919 -0.969222 0.181876
0.051420 0.059570 0.146428 -0.506339 -0.784213 0.358651
0.051598 0.062543 0.151667 -0.450116 -0.805980 0.384437
0.050875 0.061016 0.147857 -0.536699 -0.710385 0.455310
0.048351 0.063417 0.151198 -0.048318 -0.997854 0.044193
0.054132 0.059414 0.150289 0.749042 0.430856 -0.503289
0.047892 0.062558 0.148144 -0.344613 -0.855146 0.387255
0.052206 0.059261 0.146849 -0.469334 -0.841636 0.267161
0.051990 0.062861 0.152836 -0.419965 -0.841321 0.340306
0.052038 0.061904 0.150885 -0.463488 -0.792385 0.396617
0.055096 0.060932 0.153140 0.583168 0.709117 -0.396319
0.051811 0.060684 0.148527 0.611492 0.600088 -0.515724
0.054990 0.058465 0.148887 -0.466666 -0.854160 0.229418
0.052180 0.061687 0.150631 -0.467624 -0.793619 0.389225
0.048088 0.061884 0.146728 -0.381206 -0.857545 0.345396
0.054525 0.059564 0.151002 0.765443 0.326628 -0.554448
0.048284 0.063396 0.151813 0.017700 -0.995078 -0.097499
0.048997 0.061932 0.147751 -0.366851 -0.852450 0.372490
0.046968 0.061606 0.144884 -0.362845 -0.850505 0.380769
0.053566 0.059812 0.149879 0.705287 0.422924 -0.568952
0.051674 0.063174 0.153348 0.307271 0.930170 -0.200917
0.048511 0.061393 0.145976 -0.436446 -0.812885 0.385659
0.050475 0.063111 0.151890 -0.294322 -0.914770 0.276713
0.054119 0.060299 0.150779 0.704434 0.441957 -0.555380
0.051864 0.063039 0.153160 0.378081 0.875968 -0.299557
0.052421 0.060875 0.149468 -0.591297 -0.644333 0.484976
0.046268 0.063520 0.149753 -0.039182 -0.999183 -0.009883
0.046093 0.063458 0.150241 0.114853 -0.946884 -0.300366
0.052412 0.062461 0.152537 -0.504667 -0.777596 0.375041
0.046444 0.063327 0.151038 0.367717 -0.894974 -0.252600
0.052122 0.062402 0.152034 -0.486031 -0.785347 0.383412
0.052110 0.061364 0.149806 -0.506553 -0.751136 0.423319
0.052176 0.062875 0.153106 -0.431295 -0.836226 0.338691
0.046145 0.063161 0.151026 0.420081 -0.856511 -0.299867
0.055339 0.058288 0.149130 -0.468182 -0.861050 0.198489
0.050142 0.063346 0.152464 -0.113906 -0.991767 0.058512
0.047718 0.063413 0.151453 0.034650 -0.996455 -0.076664
0.046736 0.063094 0.152022 0.423104 -0.798536 -0.428163
0.047376 0.063167 0.152323 0.292793 -0.856780 -0.424500
0.052034 0.062719 0.152559 -0.458924 -0.810446 0.364096
0.053763 0.061022 0.151480 -0.526235 -0.740476 0.418057
0.054443 0.060930 0.152185 -0.565234 -0.720898 0.401019
0.049578 0.063303 0.151500 -0.225178 -0.956001 0.188032
0.052165 0.062554 0.152399 -0.478175 -0.794509 0.374304
0.049623 0.063330 0.153661 -0.096198 0.989610 0.106852
0.048343 0.063312 0.152292 0.057001 -0.986787 -0.151668
0.048147 0.059917 0.143136 -0.331518 -0.886731 0.322187
0.050825 0.062766 0.151266 -0.389881 -0.845773 0.364227
0.049128 0.063238 0.150793 -0.261224 -0.918283 0.297520
0.049643 0.063343 0.152424 -0.031039 -0.999096 -0.029043
0.047607 0.063251 0.152272 0.186040 -0.930015 -0.316956
0.055889 0.057977 0.149072 -0.487185 -0.829856 0.272011
0.052143 0.059562 0.147650 -0.600141 -0.711966 0.364603
0.053839 0.061477 0.152462 -0.524368 -0.787662 0.323462
0.051493 0.063146 0.153061 -0.302072 -0.924238 0.233532
0.049563 0.059607 0.143927 -0.352779 -0.915676 0.192573
0.053881 0.061375 0.152189 -0.525355 -0.781503 0.336535
0.052797 0.062493 0.153106 0.504008 0.777702 -0.375706
0.052430 0.062877 0.153432 0.465156 0.815832 -0.343582
0.046076 0.061854 0.144536 -0.356501 -0.862607 0.358909
0.051276 0.059397 0.145720 -0.406753 -0.866509 0.289335
0.050295 0.059094 0.142535 -0.577501 -0.744267 0.335499
0.047728 0.063508 0.150337 -0.183864 -0.975107 0.123938
0.050329 0.059694 0.145361 -0.471738 -0.801481 0.367549
0.046067 0.061254 0.143423 -0.421878 -0.772990 0.473819
0.050360 0.059553 0.144829 -0.396429 -0.892420 0.215478
0.052513 0.062523 0.152786 -0.500010 -0.781067 0.374065
0.050457 0.059993 0.145895 -0.526310 -0.695425 0.489266
0.055120 0.060812 0.152953 -0.591492 -0.699542 0.400973
0.052560 0.060690 0.149401 -0.613281 -0.614199 0.496635
0.052491 0.062698 0.153109 0.485488 0.798281 -0.356439
0.046781 0.063271 0.148907 -0.208650 -0.938575 0.274850
0.054747 0.061032 0.152781 -0.566335 -0.734384 0.374092
0.049386 0.059867 0.144338 -0.414122 -0.853382 0.316610
0.052474 0.061479 0.150587 -0.518121 -0.772126 0.367930
0.054020 0.061506 0.152802 -0.519243 -0.785017 0.337839
0.048197 0.063391 0.151924 0.033057 -0.992314 -0.119247
0.050612 0.059697 0.145664 -0.487958 -0.757655 0.433423
0.045575 0.062276 0.145252 -0.322271 -0.891466 0.318481
0.053637 0.061377 0.151854 -0.513270 -0.745622 0.424972
0.046030 0.063159 0.150616 0.301681 -0.888214 -0.346503
0.053861 0.060411 0.150589 0.667208 0.530791 -0.522584
0.052545 0.061720 0.151121 -0.508024 -0.771313 0.383388
0.046017 0.062070 0.145067 -0.342656 -0.883899 0.318292
0.045872 0.061968 0.144716 -0.341230 -0.877766 0.336286
0.046553 0.062040 0.145556 -0.320916 -0.882906 0.342769
0.054323 0.057936 0.146844 0.601136 0.598683 -0.529353
0.052695 0.062712 0.153405 0.490972 0.793406 -0.359797
0.050977 0.059820 0.146299 -0.566070 -0.703571 0.429596
0.051929 0.061539 0.149976 -0.460844 -0.800674 0.382811
0.047838 0.061835 0.146227 -0.397561 -0.858377 0.324244
0.055092 0.059106 0.151479 0.670748 0.479208 -0.566089
0.055191 0.060561 0.152662 0.629996 0.648671 -0.427002
0.054860 0.059278 0.151327 0.709672 0.437748 -0.552035
0.049098 0.061125 0.146128 -0.465446 -0.767722 0.440412
0.051553 0.059644 0.146804 -0.550696 -0.758183 0.349131
0.052840 0.060457 0.149515 0.645859 0.551065 -0.528388
0.051436 0.060274 0.147588 0.634631 0.607444 -0.477760
0.053012 0.060756 0.150052 -0.587261 -0.629102 0.509269
0.053519 0.061237 0.151545 -0.501386 -0.747602 0.435550
0.048507 0.060000 0.143727 -0.368554 -0.868301 0.331997
0.050795 0.059960 0.146245 -0.560131 -0.702439 0.439128
0.052269 0.062693 0.152808 -0.465337 -0.810952 0.354709
0.048959 0.059839 0.143969 -0.372453 -0.886847 0.273463
0.050113 0.059629 0.144641 -0.374513 -0.898370 0.229500
0.047137 0.063317 0.151900 0.275493 -0.898697 -0.341244
0.046979 0.062923 0.152445 0.393224 -0.788016 -0.473715
0.051455 0.060034 0.147284 -0.618259 -0.659979 0.426829
0.051731 0.056213 0.143034 0.766440 0.180157 -0.616533
0.051153 0.060059 0.146907 -0.592222 -0.683069 0.427423
0.051283 0.059752 0.146574 -0.545006 -0.736073 0.401454
0.051037 0.059944 0.146557 -0.583264 -0.695209 0.420103
0.054456 0.059942 0.151035 0.769895 0.326607 -0.548260
0.050999 0.059586 0.145936 -0.468682 -0.792765 0.389693
0.047892 0.063317 0.152271 0.111776 -0.964255 -0.240247
0.055094 0.059626 0.151692 0.727969 0.330455 -0.600716
0.048083 0.063381 0.151960 0.039371 -0.988439 -0.146418
0.046164 0.062808 0.151879 -0.480136 0.789394 0.382527
0.053461 0.061655 0.152236 -0.504251 -0.798651 0.328463
0.046452 0.063347 0.150644 0.255770 -0.947666 -0.191081
0.047701 0.060116 0.143168 -0.399633 -0.811714 0.425928
0.046992 0.062586 0.153108 -0.390255 0.809818 0.438060
0.045942 0.062642 0.151934 -0.496548 0.774614 0.391680
0.046566 0.063374 0.150214 0.112197 -0.983184 -0.144088
0.051653 0.059354 0.146144 -0.451915 -0.842835 0.292237
0.054837 0.061139 0.153160 0.546604 0.748002 -0.376452
0.053263 0.061026 0.150729 -0.536388 -0.758664 0.369753
0.046531 0.062954 0.152018 0.457260 -0.778779 -0.429438
0.045969 0.062821 0.151545 0.496883 -0.790587 -0.357883
0.045676 0.062506 0.151820 -0.503081 0.783197 0.365392
0.048945 0.063183 0.150473 -0.274937 -0.913405 0.300168
0.045110 0.062586 0.150770 -0.558669 0.713755 0.422426
0.049097 0.059756 0.143349 -0.262838 -0.943652 0.201092
0.047594 0.063378 0.151921 0.112963 -0.975457 -0.189003
0.048178 0.063302 0.152558 0.147940 -0.959892 -0.238163
0.051791 0.059375 0.146518 -0.484063 -0.827156 0.285474
0.053506 0.061808 0.152699 -0.517088 -0.780419 0.351519
0.047216 0.062933 0.152636 0.357141 -0.816354 -0.453891
0.053490 0.061773 0.152612 -0.514488 -0.782913 0.349785
0.045153 0.063070 0.147081 -0.287070 -0.897219 0.335543
0.044993 0.063175 0.149792 0.490579 -0.781920 -0.384621
0.054553 0.059264 0.150909 0.748124 0.433862 -0.502070
0.047728 0.059776 0.142483 0.306209 0.894043 -0.326993
0.048346 0.060259 0.144062 -0.470497 -0.758303 0.451230
0.047713 0.060395 0.143606 -0.467174 -0.750406 0.467590
0.051817 0.059296 0.146232 -0.445964 -0.849381 0.282254
0.047422 0.059966 0.142676 0.372002 0.844530 -0.385207
0.053330 0.061425 0.151627 -0.498041 -0.750828 0.433835
0.050593 0.059458 0.144872 -0.376153 -0.904939 0.198982
0.045981 0.063134 0.147926 -0.266979 -0.912438 0.310129
0.050195 0.059900 0.145565 -0.503214 -0.711944 0.489808
0.054124 0.059566 0.150415 0.754868 0.377706 -0.536202
0.054189 0.060883 0.151765 -0.571798 -0.701107 0.426023
0.047363 0.062831 0.148224 -0.314643 -0.872830 0.373051
0.046952 0.061700 0.145187 -0.325796 -0.864844 0.381970
0.053273 0.061266 0.151279 -0.522756 -0.756948 0.392117
0.046012 0.063296 0.148293 -0.243587 -0.933669 0.262541
0.046177 0.063340 0.148940 -0.166213 -0.969322 0.181076
0.050170 0.063301 0.152067 -0.186216 -0.968278 0.166616
0.054294 0.060241 0.150980 0.711673 0.466607 -0.525166
0.048082 0.061391 0.145471 -0.441138 -0.803816 0.399095
0.050668 0.059864 0.145953 -0.529968 -0.706732 0.468684
0.054363 0.059697 0.150806 0.768655 0.323731 -0.551695
0.047729 0.063216 0.152518 0.231327 -0.916128 -0.327410
0.045965 0.062952 0.151260 0.470950 -0.813332 -0.341609
0.047889 0.061043 0.144671 -0.459637 -0.730311 0.505351
0.046355 0.060929 0.143020 -0.466595 -0.735946 0.490584
0.055093 0.060761 0.152799 0.602205 0.685820 -0.408657
0.054694 0.057812 0.147126 0.612666 0.575813 -0.541368
0.049055 0.060115 0.144550 -0.457459 -0.778121 0.430416
0.050066 0.061654 0.148156 -0.428706 -0.821177 0.376670
0.047669 0.062890 0.148580 -0.318103 -0.871847 0.372414
0.053122 0.061600 0.151653 -0.502860 -0.764130 0.404027
0.054891 0.057925 0.147450 0.622329 0.606540 -0.494789
0.054193 0.061056 0.151990 -0.547256 -0.727114 0.414506
0.055333 0.059413 0.151932 0.720237 0.360915 -0.592452
0.045252 0.062845 0.150579 0.514045 -0.731663 -0.447691
0.046981 0.063172 0.152111 0.353702 -0.831379 -0.428607
0.047495 0.063076 0.148927 -0.283080 -0.894891 0.345015
0.048718 0.063142 0.150170 -0.298699 -0.895507 0.329919
0.046659 0.063242 0.148773 -0.224869 -0.934673 0.275354
0.053865 0.060196 0.150466 0.688367 0.444029 -0.573576
0.047700 0.063098 0.149164 -0.289360 -0.893478 0.343465
0.052132 0.062311 0.151847 -0.484748 -0.788042 0.379486
0.054076 0.060454 0.150930 0.644577 0.587214 -0.489592
0.051253 0.063077 0.152519 -0.329833 -0.905926 0.265533
0.049059 0.062995 0.150148 -0.319027 -0.872490 0.370111
0.048970 0.062856 0.149722 -0.341523 -0.862743 0.372875
0.047841 0.062523 0.147972 -0.348396 -0.856817 0.380112
0.047095 0.062045 0.145992 -0.311754 -0.891801 0.327874
0.047829 0.062205 0.147198 -0.349963 -0.864055 0.361849
0.047664 0.062113 0.146782 -0.354149 -0.871772 0.338514
0.050618 0.063230 0.152265 -0.230506 -0.954966 0.186832
0.048086 0.061511 0.145781 -0.430971 -0.828740 0.357007
0.049421 0.061866 0.147960 -0.364711 -0.852119 0.375340
0.049312 0.061716 0.147537 -0.372128 -0.849214 0.374641
0.048496 0.063000 0.149620 -0.333727 -0.868936 0.365481
0.049692 0.061551 0.147548 -0.412264 -0.819504 0.398060
0.048117 0.062858 0.148921 -0.340418 -0.861881 0.375868
0.047895 0.062826 0.148604 -0.333606 -0.864412 0.376164
0.046419 0.063005 0.147938 -0.293910 -0.896228 0.332253
0.049719 0.061700 0.147835 -0.394010 -0.837729 0.378109
0.047918 0.061174 0.144962 -0.440057 -0.776116 0.451656
0.052380 0.061626 0.150733 -0.505826 -0.782011 0.364140
0.050047 0.059421 0.143647 -0.307807 -0.945582 0.105495
0.048617 0.060452 0.144661 -0.514160 -0.692251 0.506387
0.048257 0.063193 0.149878 -0.304783 -0.896006 0.322925
0.049521 0.063065 0.150688 -0.307319 -0.889188 0.338969
0.050638 0.059250 0.144061 -0.372185 -0.916194 0.148553
0.050354 0.058313 0.142109 0.716353 0.415515 -0.560523
0.048839 0.062601 0.149033 -0.360975 -0.847908 0.388263
0.047099 0.062524 0.147256 -0.328390 -0.872133 0.362691
0.047432 0.062256 0.146918 -0.337921 -0.875347 0.345799
0.050441 0.058098 0.142117 0.738587 0.305205 -0.601115
0.048122 0.061701 0.146366 -0.394523 -0.851222 0.346083
0.048224 0.061159 0.145165 -0.476489 -0.763971 0.435093
0.049919 0.063101 0.151167 -0.315427 -0.900244 0.300112
0.049410 0.061459 0.147030 -0.414147 -0.816707 0.401836
0.048508 0.062739 0.149038 -0.358758 -0.851729 0.381903
0.053591 0.060938 0.151391 -0.534917 -0.742536 0.403117
0.053502 0.061061 0.151350 -0.506513 -0.765006 0.397757
0.046467 0.063377 0.149158 -0.146902 -0.966810 0.209042
0.049231 0.062868 0.149990 -0.334995 -0.861193 0.382263
0.048985 0.063032 0.154068 -0.282000 0.929380 0.238179
0.052199 0.057673 0.144092 0.754842 0.240454 -0.610242
0.048789 0.063098 0.153694 -0.284315 0.933093 0.220235
0.046646 0.062618 0.152557 -0.439082 0.763023 0.474345
0.050534 0.061566 0.148605 -0.419682 -0.814785 0.399990
0.049338 0.060353 0.145308 -0.531283 -0.682176 0.502369
0.048340 0.062968 0.153572 0.328763 -0.890696 -0.313969
0.054263 0.060695 0.151609 -0.593569 -0.667872 0.449025
0.051631 0.060903 0.148723 -0.562855 -0.672120 0.481092
0.052859 0.061419 0.151175 -0.532317 -0.756215 0.380496
0.051686 0.061727 0.150273 -0.446409 -0.808416 0.383642
0.050249 0.062643 0.150404 -0.402159 -0.826269 0.394395
0.050612 0.061416 0.148347 -0.439837 -0.797341 0.413268
0.050331 0.061294 0.147829 -0.469204 -0.787035 0.400528
0.047274 0.061759 0.145406 -0.320004 -0.869235 0.376867
0.048570 0.062962 0.153879 -0.318681 0.907383 0.274041
0.048292 0.063066 0.153150 0.282013 -0.907397 -0.311608
0.048224 0.062805 0.153878 -0.339829 0.889103 0.306615
0.048601 0.059659 0.142818 -0.256597 -0.934572 0.246440
0.049340 0.061162 0.146485 -0.457464 -0.773751 0.438218
0.048698 0.060731 0.145080 -0.533154 -0.690129 0.489356
0.049483 0.061591 0.147435 -0.395168 -0.828135 0.397537
0.049789 0.062589 0.149874 -0.369131 -0.836119 0.405767
0.052629 0.061336 0.150577 -0.521431 -0.763400 0.381223
0.051057 0.056704 0.142441 0.768974 0.189242 -0.610627
0.054297 0.061084 0.152410 -0.547289 -0.757795 0.355277
0.055229 0.056854 0.147376 0.716236 0.197984 -0.669185
0.049046 0.060928 0.145760 -0.499749 -0.724544 0.474643
0.048997 0.060665 0.145322 -0.533052 -0.688044 0.492394
0.049388 0.060540 0.145616 -0.525914 -0.681594 0.508767
0.051780 0.060745 0.148652 -0.599225 -0.615330 0.512151
0.049775 0.063045 0.150873 -0.326366 -0.884363 0.333748
0.055734 0.057692 0.148238 0.603235 0.589262 -0.537473
0.050558 0.061015 0.147592 -0.536222 -0.714942 0.448690
0.050150 0.062548 0.150116 -0.406854 -0.819421 0.403755
0.052254 0.056561 0.143793 0.743690 0.205325 -0.636213
0.049772 0.061150 0.146961 -0.457474 -0.776263 0.433744
0.054797 0.060254 0.151743 0.699988 0.459992 -0.546282
0.055240 0.060361 0.152594 0.641690 0.624753 -0.444879
0.052456 0.057046 0.144202 0.761346 0.192110 -0.619230
0.054484 0.060376 0.151469 0.687420 0.545013 -0.480015
0.051902 0.056670 0.143412 0.776441 0.167876 -0.607419
0.052273 0.060795 0.149365 -0.592851 -0.633704 0.496937
0.052968 0.061740 0.151732 -0.504374 -0.771221 0.388362
0.052835 0.060802 0.149967 -0.580359 -0.642954 0.499794
0.049472 0.060791 0.146009 -0.500390 -0.722277 0.477416
0.049556 0.060965 0.146355 -0.481600 -0.748099 0.456519
0.054110 0.059143 0.150042 -0.621367 -0.646677 0.442394
0.053641 0.058745 0.147922 -0.391510 -0.876442 0.280302
0.055519 0.058306 0.150197 0.436737 0.889123 -0.136822
0.054808 0.060032 0.151635 0.726206 0.376496 -0.575218
0.049816 0.061259 0.147094 -0.447881 -0.788527 0.421460
0.053209 0.059683 0.149299 0.687019 0.519562 -0.507997
0.053619 0.059496 0.149726 0.700783 0.516708 -0.491849
0.055644 0.057890 0.148362 -0.557298 -0.696942 0.451321
0.056548 0.057493 0.148983 -0.634726 -0.650766 0.416685
0.054948 0.058295 0.148302 -0.508287 -0.806231 0.302714
0.054876 0.058702 0.149631 -0.443584 -0.887091 0.127679
0.054656 0.058332 0.147819 -0.482027 -0.792905 0.372763
0.055908 0.057611 0.148360 0.630389 0.549134 -0.548690
0.054728 0.058694 0.149377 -0.439262 -0.886417 0.145993
0.055105 0.058494 0.149385 -0.456805 -0.874330 0.163939
0.054850 0.058205 0.147902 -0.540854 -0.748777 0.383158
0.054718 0.058632 0.148986 -0.459056 -0.871102 0.174496
0.055528 0.058268 0.149362 -0.457730 -0.871591 0.175537
0.055245 0.057921 0.147990 -0.605565 -0.635258 0.479310
0.054520 0.058287 0.147574 -0.486583 -0.768778 0.414991
0.055117 0.058399 0.149053 -0.470454 -0.860454 0.195682
0.056458 0.056997 0.148585 0.718706 0.331535 -0.611184
0.055013 0.057938 0.147665 -0.612522 -0.632840 0.473635
0.055271 0.058056 0.148234 -0.551028 -0.739399 0.386856
0.055244 0.057692 0.147702 0.669573 0.502648 -0.546824
0.054822 0.058726 0.149953 -0.452672 -0.884869 0.109978
0.052119 0.058924 0.145280 -0.405588 -0.904582 0.131261
0.051846 0.058970 0.144756 -0.400268 -0.888073 0.226081
0.053076 0.058511 0.145928 -0.637200 -0.735890 0.229003
0.053610 0.058684 0.147192 -0.478942 -0.844460 0.239794
0.052570 0.058675 0.145288 -0.583352 -0.747660 0.317340
0.053654 0.058323 0.146688 -0.545164 -0.730464 0.411363
0.052610 0.058571 0.145025 0.690205 0.621052 -0.371365
0.054774 0.058189 0.147686 -0.550348 -0.721772 0.419717
0.051830 0.058998 0.145096 -0.373656 -0.917248 0.137977
0.055120 0.057569 0.147458 0.695740 0.409985 -0.589795
0.055152 0.058560 0.149742 -0.451343 -0.885219 0.112588
0.052149 0.058838 0.144711 -0.529656 -0.785124 0.321006
0.053402 0.058312 0.146162 -0.569157 -0.767400 0.295224
0.053779 0.058125 0.146489 -0.610564 -0.657912 0.440867
0.054063 0.057836 0.146498 0.669701 0.520325 -0.529870
0.052805 0.058103 0.145010 0.745222 0.394339 -0.537718
0.053182 0.058237 0.145539 0.701956 0.555427 -0.445823
0.054306 0.057642 0.146569 0.686856 0.448745 -0.571713
0.053583 0.057946 0.145949 0.706381 0.518098 -0.482287
0.053657 0.059285 0.149576 0.647995 0.632608 -0.424158
0.052924 0.058265 0.145334 0.706959 0.520422 -0.478926
0.053111 0.057970 0.145321 0.733287 0.387595 -0.558623
0.053536 0.058640 0.146959 -0.458882 -0.816330 0.350759
0.053651 0.058328 0.146410 -0.550401 -0.743279 0.380256
0.054796 0.056954 0.146899 0.731688 0.194396 -0.653333
0.053668 0.057731 0.145874 0.742367 0.389665 -0.545025
0.054538 0.057075 0.146630 0.727699 0.228565 -0.646693
0.052861 0.057831 0.144928 0.760041 0.304224 -0.574270
0.054976 0.058661 0.149912 -0.465878 -0.878752 0.103695
0.052938 0.057958 0.145136 0.734746 0.366546 -0.570782
0.053449 0.057731 0.145582 0.736742 0.341021 -0.583880
0.055522 0.056313 0.147521 0.714978 0.163766 -0.679696
0.052122 0.058912 0.144903 -0.497268 -0.837035 0.228249
0.054352 0.058393 0.147576 -0.463832 -0.793630 0.393714
0.056270 0.056743 0.148373 0.689720 0.276545 -0.669185
0.051639 0.058443 0.143769 0.630423 0.507057 -0.587758
0.053854 0.057395 0.145917 0.740287 0.274161 -0.613849
0.054615 0.056548 0.146595 0.740510 0.174517 -0.648990
0.053689 0.058273 0.146434 -0.544444 -0.736779 0.400921
0.055172 0.056484 0.147181 0.721701 0.173808 -0.670028
0.054821 0.058703 0.150541 -0.508394 -0.809972 0.292372
0.053861 0.058449 0.147021 -0.577610 -0.745411 0.332759
0.052443 0.057600 0.144300 0.761425 0.227974 -0.606844
0.054375 0.056836 0.146391 0.744815 0.175044 -0.643902
0.052958 0.057349 0.144852 0.755291 0.244789 -0.607959
0.051675 0.058135 0.143655 0.699943 0.362313 -0.615475
0.054232 0.056562 0.146154 0.746620 0.172158 -0.642589
0.056192 0.056401 0.148268 0.697546 0.228210 -0.679228
0.054870 0.056325 0.146811 0.735972 0.166704 -0.656167
0.052760 0.057373 0.144605 0.750614 0.239471 -0.615818
0.055790 0.056491 0.147845 0.701796 0.167383 -0.692434
0.055496 0.056739 0.147618 0.704499 0.193891 -0.682706
0.052472 0.057354 0.144240 0.760918 0.216739 -0.611578
0.054882 0.058543 0.149203 -0.447743 -0.876688 0.175913
0.051542 0.058013 0.143435 0.714136 0.359614 -0.600573
0.054141 0.056319 0.145958 0.755608 0.185190 -0.628300
0.053236 0.056883 0.144982 0.756779 0.224895 -0.613766
0.055191 0.058366 0.149234 -0.466594 -0.862588 0.195530
0.054379 0.056277 0.146240 0.745855 0.168999 -0.644314
0.053544 0.058347 0.146346 -0.547777 -0.753588 0.363381
0.055324 0.058483 0.150372 -0.438258 -0.883599 0.164873
0.052375 0.057234 0.144078 0.763229 0.194728 -0.616086
0.053047 0.057055 0.144854 0.753187 0.227962 -0.617044
0.052537 0.059606 0.148603 0.669257 0.609164 -0.425458
0.051664 0.057615 0.143343 0.749499 0.249261 -0.613286
0.052652 0.056929 0.144328 0.741900 0.198570 -0.640433
0.053523 0.058151 0.145984 0.651766 0.634056 -0.416142
0.052869 0.056855 0.144555 0.739758 0.215160 -0.637546
0.055813 0.058209 0.150196 0.459076 0.877412 -0.139274
0.053954 0.056244 0.145714 0.763032 0.190474 -0.617658
0.052531 0.056775 0.144157 0.753095 0.195502 -0.628193
0.052691 0.056618 0.144251 0.736109 0.211957 -0.642820
0.052988 0.056547 0.144577 0.733438 0.224347 -0.641668
0.052068 0.057027 0.143596 0.770575 0.170797 -0.614038
0.051622 0.057305 0.143147 0.770066 0.208942 -0.602778
0.052202 0.056758 0.143716 0.756838 0.175058 -0.629724
0.052800 0.056265 0.144270 0.735860 0.215236 -0.642015
0.052277 0.056441 0.143685 0.743160 0.208108 -0.635928
0.051478 0.057481 0.143077 0.773808 0.229841 -0.590249
0.051725 0.057002 0.143241 0.766871 0.178853 -0.616377
0.055278 0.058637 0.150709 -0.462791 -0.830367 0.310346
0.052845 0.058731 0.145700 -0.580258 -0.776981 0.244135
0.053273 0.058363 0.145929 -0.594110 -0.743274 0.307534
0.052724 0.056245 0.144180 0.742986 0.217740 -0.632898
0.052489 0.056211 0.143932 0.750538 0.199568 -0.629972
0.052761 0.058475 0.145255 0.672171 0.583805 -0.455367
0.052369 0.058761 0.144875 -0.578165 -0.765692 0.281854
0.051593 0.056247 0.142796 0.763856 0.178887 -0.620100
0.052804 0.058334 0.145128 0.715487 0.489115 -0.498844
0.052682 0.058344 0.144908 0.743919 0.469991 -0.475072
0.053628 0.061931 0.153128 0.517446 0.774583 -0.363691
0.054625 0.058696 0.149208 -0.416697 -0.896267 0.151886
0.054658 0.060599 0.151911 -0.612546 -0.648357 0.452129
0.055221 0.060273 0.152210 -0.699384 -0.516403 0.494156
0.055038 0.058058 0.147945 -0.585722 -0.695890 0.415531
0.055177 0.058819 0.151045 -0.513582 -0.773136 0.372148
0.055079 0.060109 0.151912 0.730033 0.410409 -0.546457
0.053154 0.056385 0.144739 0.747976 0.218215 -0.626829
0.056070 0.056602 0.148143 0.691467 0.215952 -0.689375
0.055590 0.056954 0.147749 0.695369 0.221767 -0.683579
0.053297 0.057954 0.145491 0.724036 0.462994 -0.511282
0.055002 0.057712 0.147408 0.680370 0.495835 -0.539671
0.052760 0.056713 0.144370 0.729595 0.212730 -0.649951
0.052599 0.056458 0.144128 0.747979 0.207413 -0.630482
0.054434 0.058564 0.148116 -0.454353 -0.828994 0.326085
0.053990 0.060823 0.151298 -0.567596 -0.699096 0.434856
0.053200 0.060170 0.149630 0.683514 0.475006 -0.554236
0.052065 0.056311 0.143416 0.772912 0.186049 -0.606624
0.051934 0.056923 0.143480 0.770403 0.168738 -0.614823
0.055246 0.059335 0.151759 0.697529 0.402469 -0.592851
0.052779 0.062334 0.152779 -0.512621 -0.769079 0.381755
0.050824 0.063133 0.152291 -0.274178 -0.931280 0.239882
0.053905 0.061681 0.153015 0.519486 0.777357 -0.354754
0.050783 0.063329 0.153405 0.081931 0.990812 -0.107610
0.053033 0.060936 0.150278 -0.546936 -0.689292 0.475119
0.051466 0.056335 0.142650 0.760295 0.179692 -0.624230
0.051314 0.062593 0.151460 -0.438569 -0.811537 0.386089
0.054789 0.058091 0.147532 -0.583528 -0.670605 0.458022
0.051231 0.062380 0.150928 -0.436012 -0.806103 0.400115
0.053111 0.056784 0.144797 0.752614 0.220907 -0.620300
0.050917 0.063267 0.152976 -0.175590 -0.971331 0.160262
0.053693 0.060839 0.150910 -0.578519 -0.703792 0.412303
0.052781 0.060948 0.150001 -0.557085 -0.682828 0.472654
0.054428 0.060458 0.151366 0.682391 0.557227 -0.473118
0.052834 0.060700 0.149771 0.612448 0.597737 -0.517318
0.053439 0.061576 0.152013 -0.494206 -0.793546 0.355028
0.053748 0.057927 0.146101 0.710240 0.508254 -0.487070
0.054955 0.059864 0.151669 0.731607 0.333013 -0.594856
0.052788 0.057099 0.144605 0.746608 0.218767 -0.628265
0.054109 0.060072 0.150609 0.722487 0.389146 -0.571469
0.053039 0.061200 0.150747 -0.526773 -0.774301 0.350668
0.051219 0.059091 0.144431 -0.366143 -0.894979 0.254857
0.053964 0.059793 0.150316 0.713432 0.372379 -0.593589
0.054009 0.061057 0.151724 -0.537793 -0.727679 0.425749
0.052741 0.061343 0.150666 -0.519987 -0.774349 0.360550
0.054684 0.059857 0.151272 0.760391 0.314310 -0.568344
0.055328 0.059958 0.152101 0.735343 0.424311 -0.528423
0.055528 0.057849 0.148186 -0.562643 -0.667490 0.487740
0.053466 0.060350 0.150065 0.646122 0.503585 -0.573523
0.051767 0.062370 0.151531 -0.460145 -0.799580 0.385924
0.054750 0.060695 0.152162 -0.601489 -0.669743 0.435493
0.055002 0.058704 0.150626 -0.501794 -0.820795 0.272944
0.054339 0.061323 0.152834 -0.526847 -0.776407 0.345868
0.054183 0.061216 0.152372 -0.536967 -0.770506 0.343492
0.055089 0.059232 0.151541 0.678574 0.469101 -0.565227
0.054522 0.061337 0.153107 0.530141 0.763896 -0.367985
0.053014 0.060532 0.149847 0.634219 0.558874 -0.534253
0.054914 0.060987 0.152950 0.569093 0.721013 -0.395314
0.051944 0.062609 0.152222 -0.462578 -0.804561 0.372430
0.053011 0.061371 0.151113 -0.545069 -0.754716 0.365107
0.054077 0.060853 0.151522 -0.556739 -0.705248 0.438938
0.053109 0.062101 0.152777 -0.520311 -0.769074 0.371217
0.054624 0.060890 0.152329 -0.577101 -0.710661 0.402386
0.052876 0.062132 0.152490 -0.512158 -0.777155 0.365683
0.055088 0.059474 0.151629 0.723529 0.370037 -0.582734
0.054049 0.061208 0.152091 -0.545064 -0.755648 0.363182
0.047198 0.063249 0.149129 -0.245242 -0.913015 0.325976
0.047745 0.063301 0.149760 -0.252797 -0.918480 0.304119
0.045821 0.062717 0.146634 -0.310723 -0.883691 0.350060
0.054488 0.061062 0.152529 -0.538134 -0.758054 0.368464
0.055328 0.060294 0.152474 0.682124 0.555546 -0.475474
0.046441 0.061508 0.144085 -0.384195 -0.818614 0.426926
0.046135 0.061413 0.143731 -0.390949 -0.800594 0.454102
0.053421 0.059925 0.149784 0.700662 0.438798 -0.562609
0.048327 0.061396 0.145802 -0.434403 -0.819909 0.372886
0.048631 0.061032 0.145456 -0.494215 -0.750946 0.437986
0.051878 0.059349 0.146567 -0.479700 -0.831447 0.280327
0.053780 0.061217 0.151707 -0.515981 -0.735340 0.439361
0.049267 0.060237 0.144994 -0.523905 -0.725095 0.446946
0.049836 0.060113 0.145465 -0.521782 -0.695088 0.494567
0.054148 0.061579 0.153123 0.519625 0.776314 -0.356830
0.053263 0.062257 0.153233 0.520491 0.762055 -0.385178
0.053774 0.061743 0.152978 -0.515308 -0.779655 0.355802
0.053406 0.062150 0.153206 0.522049 0.763294 -0.380587
0.054674 0.061187 0.152981 0.534974 0.757669 -0.373819
0.053694 0.061483 0.152137 -0.516646 -0.784998 0.341841
0.054820 0.059857 0.151488 0.728279 0.318575 -0.606728
0.053892 0.061838 0.153275 0.513489 0.777300 -0.363503
0.054043 0.061402 0.152535 -0.522156 -0.786873 0.328913
0.053357 0.061559 0.151897 -0.506826 -0.762410 0.402316
0.050487 0.058370 0.142227 0.730431 0.406535 -0.548817
0.056403 0.057653 0.148978 -0.618910 -0.686189 0.382224
0.052132 0.056984 0.143717 0.764925 0.178132 -0.618998
0.051793 0.056941 0.143406 0.772222 0.172062 -0.611611
0.052328 0.056727 0.143983 0.754707 0.184386 -0.629618
0.051755 0.056770 0.143313 0.774959 0.172853 -0.607915
0.055005 0.057445 0.147250 0.711035 0.341930 -0.614421
0.054686 0.056758 0.146737 0.736923 0.173670 -0.653287
0.056248 0.056491 0.148420 0.701452 0.235929 -0.672534
0.054393 0.056495 0.146394 0.744315 0.168098 -0.646327
0.044901 0.063428 0.148474 -0.086404 0.994841 -0.053165
0.053204 0.058784 0.147651 -0.425245 -0.885015 0.189515
0.053887 0.061565 0.152850 -0.519520 -0.780743 0.347187
0.046927 0.060231 0.142635 0.456352 0.767120 -0.450854
0.048262 0.059688 0.142614 -0.277625 -0.929837 0.241511
0.048940 0.059537 0.142645 -0.223404 -0.946765 0.231788
0.055881 0.057823 0.148541 -0.587081 -0.676282 0.444949
0.052855 0.056418 0.144417 0.733106 0.215237 -0.645157
0.049701 0.060467 0.145710 -0.521778 -0.673131 0.524063
0.048165 0.061106 0.145030 -0.479704 -0.744475 0.464372
0.050316 0.063260 0.152784 -0.081818 -0.995599 0.045701
0.050230 0.063100 0.151502 -0.307892 -0.903988 0.296661
0.047984 0.062911 0.153243 0.336775 -0.870976 -0.357748
0.047949 0.063099 0.152915 0.247498 -0.898576 -0.362361
0.047946 0.063247 0.152575 0.173463 -0.945789 -0.274580
0.050580 0.062271 0.150175 -0.423058 -0.810479 0.405149
0.046003 0.063526 0.149749 0.002165 -0.998911 -0.046597
0.045849 0.063413 0.150237 0.212704 -0.910531 -0.354528
0.045695 0.063505 0.149729 0.152232 -0.983115 -0.101543
0.045529 0.063428 0.149943 0.299132 -0.913460 -0.275880
0.045425 0.063462 0.149598 0.311471 -0.937556 -0.154835
0.045416 0.063464 0.149309 0.211885 -0.973810 -0.082460
0.044995 0.063441 0.148681 0.107670 -0.994186 -0.001027
0.045659 0.063242 0.150379 0.347615 -0.840703 -0.415189
0.045069 0.063424 0.149160 0.264550 -0.954485 -0.137737
0.045334 0.063223 0.150121 0.441781 -0.797270 -0.411327
0.044828 0.063397 0.148919 -0.314731 0.940837 0.125580
0.045082 0.063362 0.149490 0.397436 -0.887567 -0.232957
0.045217 0.063357 0.149774 0.393539 -0.871839 -0.291589
0.045073 0.063453 0.148368 0.017379 0.991821 -0.126449
0.045876 0.063274 0.148124 -0.233022 -0.934342 0.269640
0.045695 0.063206 0.147787 -0.250043 -0.921541 0.297054
0.045724 0.063479 0.149181 -0.013800 -0.998801 0.046964
0.044731 0.063293 0.149134 -0.371020 0.906634 0.200895
0.045361 0.063270 0.147669 -0.210749 -0.935990 0.281972
0.045419 0.063038 0.150417 0.434216 -0.775967 -0.457528
0.045545 0.063139 0.147478 -0.271086 -0.905174 0.327372
0.045027 0.063353 0.147647 -0.186022 -0.945988 0.265524
0.045690 0.062895 0.151039 0.480704 -0.788759 -0.383122
0.045793 0.063087 0.147512 -0.281442 -0.900982 0.330186
0.045183 0.063410 0.147999 -0.109244 -0.970618 0.214399
0.044819 0.063153 0.149535 0.492992 -0.804699 -0.330786
0.045046 0.063037 0.150072 0.546101 -0.715389 -0.435880
0.045256 0.063169 0.147293 -0.258183 -0.911480 0.320228
0.045165 0.062906 0.150348 0.533854 -0.707736 -0.462720
0.045341 0.062787 0.150802 0.517685 -0.742059 -0.425853
0.045367 0.063461 0.148518 -0.058114 -0.991952 0.112494
0.045566 0.062672 0.151296 0.514810 -0.770703 -0.375485
0.045861 0.063352 0.148380 -0.227737 -0.940566 0.251936
0.044841 0.062962 0.149904 0.561597 -0.710367 -0.424250
0.045607 0.062525 0.151650 -0.503583 0.786878 0.356689
0.045259 0.062600 0.151009 -0.550337 0.736749 0.392848
0.044832 0.062815 0.150141 0.587156 -0.672887 -0.449968
0.045358 0.062458 0.151408 -0.530809 0.760712 0.373575
0.044950 0.062680 0.150459 0.588450 -0.667685 -0.455986
0.044559 0.062782 0.149848 0.608487 -0.667340 -0.429419
0.045851 0.063461 0.148853 -0.142818 -0.980383 0.135841
0.045046 0.062427 0.151007 0.606660 -0.674354 -0.420963
0.044899 0.062468 0.150723 0.608947 -0.661360 -0.437934
0.044650 0.062545 0.150268 0.611409 -0.651903 -0.448555
0.045695 0.063438 0.148624 -0.116474 -0.984754 0.129204
0.044720 0.062452 0.150497 0.610393 -0.648846 -0.454334
0.044827 0.062264 0.150914 0.610316 -0.665799 -0.429215
0.044511 0.062252 0.150402 0.615802 -0.647065 -0.449550
0.044659 0.062243 0.150656 0.617875 -0.644806 -0.449950
0.044396 0.062095 0.150380 0.622190 -0.643529 -0.445814
0.045372 0.062830 0.146493 -0.314232 -0.887855 0.336112
0.044691 0.063108 0.149376 0.503688 -0.813940 -0.289483
0.045795 0.063495 0.149949 0.173776 -0.952869 -0.248680
0.045909 0.063518 0.149567 -0.000977 -0.999909 0.013433
0.045688 0.063482 0.148938 -0.094941 -0.990696 0.097512
0.046607 0.063209 0.148618 -0.224392 -0.933118 0.280961
0.045550 0.062984 0.150722 0.443076 -0.790321 -0.423175
0.045790 0.062817 0.151313 0.490476 -0.792190 -0.363136
0.045459 0.062697 0.151116 0.528912 -0.756146 -0.385350
0.044586 0.062656 0.150084 0.604867 -0.658902 -0.447196
0.045319 0.062522 0.151232 -0.546009 0.747898 0.377522
0.049955 0.062673 0.150171 -0.384816 -0.829782 0.404200
0.048429 0.061321 0.145746 -0.459571 -0.797596 0.390686
0.053119 0.062017 0.152625 -0.516688 -0.775194 0.363468
0.053272 0.062117 0.153018 0.523283 0.764431 -0.376591
0.051039 0.063307 0.153243 -0.153107 -0.977832 0.142839
0.051330 0.063278 0.153374 0.218254 0.964983 -0.145507
0.050766 0.063317 0.153182 -0.102527 -0.988811 0.108353
0.048534 0.059605 0.142330 0.248631 0.947385 -0.201606
0.051037 0.063346 0.153536 0.148283 0.982771 -0.110333
0.047996 0.059789 0.142534 0.285199 0.920154 -0.268288
0.053060 0.061530 0.151458 -0.518220 -0.758770 0.394609
0.051627 0.062233 0.151097 -0.451649 -0.801374 0.392190
0.049112 0.063354 0.152490 0.022664 -0.996641 -0.078697
0.049108 0.063419 0.151889 -0.052721 -0.998480 -0.016054
0.053063 0.062313 0.153114 0.516011 0.764777 -0.385808
0.049200 0.063327 0.151185 -0.211357 -0.955707 0.204823
0.048959 0.063325 0.152947 0.106103 -0.987555 -0.116095
0.048631 0.063298 0.152763 0.133826 -0.976172 -0.170820
0.051934 0.063121 0.153490 0.341393 0.907528 -0.244629
0.049677 0.063326 0.153470 0.062640 -0.995283 -0.074080
0.048547 0.063281 0.150480 -0.223939 -0.945598 0.235999
0.048109 0.063394 0.151490 -0.000974 -0.998080 -0.061930
0.050581 0.063336 0.153544 0.045225 0.997810 -0.048261
0.047885 0.063405 0.151821 0.039019 -0.987995 -0.149476
0.047445 0.063542 0.150311 -0.077648 -0.992913 0.089970
0.046774 0.063483 0.149832 -0.050922 -0.995797 0.076130
0.050196 0.059668 0.145139 -0.460520 -0.835097 0.300890
0.051787 0.062542 0.151906 -0.463405 -0.798339 0.384593
0.049613 0.063286 0.153945 -0.139975 0.981573 0.130082
0.052784 0.061466 0.150989 -0.521303 -0.766116 0.375911
0.045661 0.063512 0.149583 0.143502 -0.986727 -0.076003
0.052150 0.062983 0.153347 0.405167 0.864134 -0.298517
0.044790 0.062978 0.149713 0.539323 -0.750070 -0.382787
0.052249 0.061526 0.150354 -0.471084 -0.798682 0.374416
0.045594 0.063146 0.147644 -0.271189 -0.907611 0.320467
0.051261 0.061586 0.149307 -0.435375 -0.809926 0.393025
0.044527 0.062514 0.150135 0.611409 -0.651903 -0.448555
0.044458 0.061988 0.150561 0.617751 -0.648298 -0.445077
0.051124 0.062705 0.151542 -0.411538 -0.834634 0.366091
0.046267 0.063134 0.148081 -0.276688 -0.910167 0.308285
0.049390 0.062998 0.150426 -0.317177 -0.876394 0.362397
0.054029 0.058433 0.147676 -0.449288 -0.836250 0.314367
0.052761 0.058475 0.145255 0.672171 0.583805 -0.455367
0.053059 0.058539 0.146349 -0.520421 -0.820296 0.237226
0.050936 0.061476 0.148735 -0.426193 -0.810609 0.401586
0.053455 0.061056 0.151093 -0.512190 -0.772479 0.375418
0.052254 0.056561 0.143793 0.743690 0.205325 -0.636213
0.052855 0.056418 0.144417 0.733106 0.215237 -0.645157
0.049166 0.059562 0.142910 -0.214097 -0.938390 0.271268
0.054193 0.061056 0.151990 -0.547256 -0.727114 0.414506
0.047743 0.061599 0.145545 -0.410015 -0.827243 0.384132
0.055090 0.060706 0.152679 0.608308 0.675115 -0.417351
0.053623 0.059255 0.149280 -0.579101 -0.737486 0.347502
0.046963 0.063245 0.151941 0.322280 -0.878965 -0.351504
0.053240 0.059213 0.148788 -0.449059 -0.808401 0.380570
0.045966 0.062881 0.151390 0.498013 -0.796302 -0.343346
0.047568 0.062505 0.147672 -0.344534 -0.865875 0.362708
0.049248 0.063177 0.153955 -0.226050 0.953244 0.200565
0.049504 0.059545 0.143042 -0.255830 -0.946906 0.194729
0.050604 0.062085 0.149685 -0.416931 -0.822490 0.386884
0.046981 0.063172 0.152111 0.353702 -0.831379 -0.428607
0.050542 0.062435 0.150335 -0.421186 -0.809056 0.409916
0.055722 0.058254 0.149665 -0.441982 -0.886091 0.139623
0.051991 0.060091 0.148125 0.676294 0.549908 -0.490130
0.050707 0.059543 0.145498 -0.428457 -0.833381 0.349144
0.048887 0.063422 0.151953 0.007360 -0.997136 -0.075266
0.046093 0.063458 0.150241 0.114853 -0.946884 -0.300366
0.049421 0.061866 0.147960 -0.364711 -0.852119 0.375340
0.048819 0.059783 0.143321 -0.259035 -0.931044 0.257018
0.051952 0.062312 0.151659 -0.474876 -0.792038 0.383626
0.048913 0.063418 0.151756 -0.026483 -0.999117 -0.032607
0.052041 0.058252 0.144049 0.707586 0.332884 -0.623306
0.045334 0.063223 0.150121 0.441781 -0.797270 -0.411327
0.055328 0.059958 0.152101 0.735343 0.424311 -0.528423
0.051879 0.058539 0.144043 0.615692 0.545597 -0.568549
0.051582 0.058672 0.143890 -0.560683 -0.663030 0.496010
0.053693 0.058606 0.147090 -0.528733 -0.788250 0.314808
0.048165 0.061106 0.145030 -0.479704 -0.744475 0.464372
0.053794 0.059407 0.149878 0.676447 0.539427 -0.501436
0.052535 0.061614 0.150898 -0.506603 -0.777244 0.373156
0.047584 0.059985 0.142775 -0.351168 -0.861057 0.367780
0.046508 0.061714 0.144685 -0.376429 -0.860866 0.342360
0.046135 0.062029 0.145028 -0.342921 -0.883668 0.318647
0.054229 0.059682 0.150559 0.756776 0.352773 -0.550311
0.055172 0.056484 0.147181 0.721701 0.173808 -0.670028
0.050098 0.060752 0.146543 -0.519039 -0.713478 0.470690
0.055328 0.060294 0.152474 0.682124 0.555546 -0.475474
0.049111 0.061038 0.145962 -0.483688 -0.743257 0.462186
0.051550 0.061902 0.150358 -0.439690 -0.808392 0.391376
0.049442 0.060928 0.146143 -0.487740 -0.733842 0.472849
0.051111 0.059561 0.146060 -0.479047 -0.793412 0.375514
0.048779 0.061937 0.147508 -0.370086 -0.852949 0.368122
0.052857 0.059307 0.148506 -0.534136 -0.790495 0.299693
0.052800 0.056265 0.144270 0.735860 0.215236 -0.642015
0.054922 0.058173 0.148134 -0.536465 -0.772078 0.340736
0.050888 0.061835 0.149452 -0.414742 -0.828058 0.377239
0.048873 0.063302 0.152367 0.054895 -0.994017 -0.094432
0.045358 0.062458 0.151408 -0.530809 0.760712 0.373575
0.050768 0.058885 0.143041 -0.656410 -0.659127 0.366985
0.053651 0.058328 0.146410 -0.550401 -0.743279 0.380256
0.054596 0.059127 0.150791 0.718239 0.527071 -0.454235
0.044559 0.062782 0.149848 0.608487 -0.667340 -0.429419
0.049601 0.061485 0.147320 -0.404999 -0.823063 0.398175
0.050993 0.060085 0.146749 -0.594347 -0.677770 0.432873
0.051531 0.060604 0.148076 0.623747 0.600345 -0.500525
0.052094 0.058767 0.144501 -0.562641 -0.705450 0.431017
0.050070 0.059998 0.145576 -0.513011 -0.700504 0.496098
0.046542 0.060477 0.142619 0.474250 0.733891 -0.486303
0.052134 0.059056 0.146046 -0.402349 -0.886707 0.227742
0.054880 0.058981 0.150950 -0.608229 -0.669885 0.425806
0.046441 0.061508 0.144085 -0.384195 -0.818614 0.426926
0.052859 0.061419 0.151175 -0.532317 -0.756215 0.380496
0.049594 0.063318 0.152844 -0.011757 -0.998677 -0.050052
0.050615 0.059252 0.143609 -0.460121 -0.867166 0.190554
0.053621 0.059211 0.149413 -0.622388 -0.695291 0.359450
0.050707 0.059543 0.145498 -0.428457 -0.833381 0.349144
0.052725 0.060448 0.149299 0.648293 0.553835 -0.522478
0.053466 0.060350 0.150065 0.646122 0.503585 -0.573523
0.049811 0.059471 0.143251 -0.312628 -0.941483 0.125992
0.044720 0.062452 0.150497 0.610393 -0.648846 -0.454334
0.047032 0.063393 0.151139 0.145776 -0.974734 -0.169241
0.045823 0.062626 0.146397 -0.321423 -0.882724 0.342760
0.052269 0.062693 0.152808 -0.465337 -0.810952 0.354709
0.047487 0.063354 0.149703 -0.192972 -0.938467 0.286429
0.055877 0.056769 0.147974 -0.688163 -0.207498 0.695252
