0.031951 0.037917 0.258611 -0.242093 -0.229187 0.942796
0.033249 0.038898 0.262465 0.747699 -0.208146 -0.630572
0.034894 0.046012 0.257928 0.891482 -0.024403 0.452397
0.034645 0.046919 0.256495 -0.420228 -0.601054 0.679811
0.033717 0.045408 0.256039 -0.089894 0.273750 0.957591
0.035632 0.042140 0.264706 0.276931 -0.365775 -0.888548
0.034284 0.041069 0.264757 0.787633 -0.553155 -0.271392
0.034015 0.040645 0.264645 0.796019 -0.520000 -0.309765
0.034431 0.041146 0.264777 0.757247 -0.574835 -0.310068
0.035093 0.041706 0.264732 0.571195 -0.535804 -0.621812
0.031876 0.037412 0.263162 0.623999 -0.123516 -0.771602
0.034080 0.043934 0.258938 0.533461 0.832462 -0.149754
0.034016 0.042877 0.259534 -0.740983 0.348065 -0.574277
0.034555 0.044456 0.259199 0.718274 0.688490 -0.100322
0.034732 0.044001 0.259775 -0.300543 0.442677 -0.844814
0.030321 0.040793 0.258206 0.896140 -0.238339 -0.374335
0.030549 0.040583 0.258818 0.888140 -0.242286 -0.390518
0.030371 0.040659 0.258425 0.892464 -0.237871 -0.383308
0.030203 0.040379 0.258118 0.912836 -0.201155 -0.355340
0.030459 0.040321 0.258839 0.883339 -0.268756 -0.384034
0.030267 0.040231 0.258453 0.905315 -0.231047 -0.356401
0.030636 0.039900 0.259548 0.866899 -0.285095 -0.408908
0.030165 0.040123 0.258165 0.934093 -0.173566 -0.312001
0.030276 0.040003 0.258669 0.906674 -0.248970 -0.340523
0.030364 0.039961 0.258942 0.889957 -0.261388 -0.373701
0.030734 0.039847 0.259764 0.853688 -0.289030 -0.433218
0.030506 0.039809 0.259373 0.871659 -0.281640 -0.401110
0.030115 0.039839 0.258087 0.947941 -0.186847 -0.257867
0.030589 0.039741 0.259611 0.862871 -0.291876 -0.412629
0.030490 0.039356 0.259587 0.878811 -0.280208 -0.386232
0.030602 0.039251 0.259907 0.849413 -0.295619 -0.437157
0.030092 0.038861 0.258981 0.899206 -0.309764 -0.308989
0.029883 0.038573 0.258693 0.906660 -0.311804 -0.284157
0.029429 0.038663 0.257088 0.835296 -0.393565 -0.383910
0.029961 0.038492 0.258945 0.893312 -0.319766 -0.315822
0.029294 0.038414 0.256971 0.815896 -0.425742 -0.391226
0.029750 0.038384 0.258118 0.896891 -0.380182 -0.225940
0.029689 0.038160 0.258507 0.887206 -0.382473 -0.258032
0.031865 0.045464 0.257072 0.793036 -0.482574 -0.371773
0.029909 0.038163 0.259057 0.880682 -0.323571 -0.345977
0.031741 0.045195 0.257153 0.826227 -0.462106 -0.322192
0.031738 0.045018 0.257561 0.845096 -0.441937 -0.300839
0.029427 0.037840 0.258091 0.847534 -0.447384 -0.285539
0.031485 0.044711 0.257155 0.841253 -0.448853 -0.301370
0.029500 0.037829 0.258511 0.872057 -0.381175 -0.306958
0.031360 0.038097 0.262053 0.797775 -0.470382 -0.377221
0.030631 0.037899 0.260927 0.829324 -0.347954 -0.437207
0.031323 0.044475 0.257088 0.833911 -0.417363 -0.361109
0.031454 0.044504 0.257429 0.854004 -0.410338 -0.319843
0.031670 0.044474 0.257931 0.868611 -0.371967 -0.327347
0.031227 0.044262 0.257166 0.829312 -0.425169 -0.362592
0.031518 0.044101 0.258064 0.866677 -0.379662 -0.323617
0.031347 0.044174 0.257471 0.853230 -0.378845 -0.358434
0.031189 0.043886 0.257395 0.829964 -0.418830 -0.368431
0.029439 0.036918 0.259117 0.858182 -0.356158 -0.369696
0.030538 0.037129 0.261363 0.815621 -0.394819 -0.422943
0.030835 0.043427 0.257147 0.872636 -0.367227 -0.321948
0.030765 0.043119 0.257183 0.895754 -0.354897 -0.267718
0.032273 0.043696 0.259809 0.723876 -0.398346 -0.563315
0.030690 0.036773 0.262082 0.800301 -0.431223 -0.416610
0.030373 0.036592 0.261691 0.789066 -0.477452 -0.386541
0.030881 0.036490 0.262601 0.716139 -0.160451 -0.679265
0.032830 0.044085 0.260156 0.755465 -0.382872 -0.531679
0.032998 0.043940 0.260520 0.846403 -0.346372 -0.404509
0.030670 0.042349 0.257954 0.886874 -0.289547 -0.360024
0.030206 0.035654 0.261916 0.753286 -0.107778 -0.648802
0.032953 0.042982 0.261459 0.922463 -0.331975 -0.197115
0.030446 0.041769 0.257765 0.928022 -0.239972 -0.284935
0.032803 0.042416 0.261905 0.794830 -0.274186 -0.541356
0.033131 0.042306 0.262129 0.692353 -0.209397 -0.690508
0.032781 0.042033 0.261796 0.840328 -0.251781 -0.480058
0.030233 0.040605 0.258151 0.900227 -0.228033 -0.370933
0.030942 0.040474 0.259846 0.881161 -0.191544 -0.432280
0.034188 0.042289 0.263335 0.772004 -0.301472 -0.559575
0.032457 0.041257 0.261617 0.830774 -0.244334 -0.500116
0.031567 0.040635 0.260819 0.757478 -0.191802 -0.624050
0.033164 0.041114 0.262800 0.726771 -0.337577 -0.598202
0.032234 0.041014 0.261430 0.828221 -0.245987 -0.503527
0.029870 0.039401 0.257575 0.946747 -0.253991 -0.197886
0.033152 0.040145 0.263493 0.718438 -0.495795 -0.487888
0.033156 0.039816 0.263783 0.736828 -0.312256 -0.599651
0.031324 0.039040 0.261328 0.803377 -0.299351 -0.514757
0.033126 0.039427 0.263879 0.702368 -0.283892 -0.652752
0.032079 0.039256 0.262421 0.826138 -0.345377 -0.445208
0.030331 0.038608 0.259846 0.864009 -0.305683 -0.400058
0.031002 0.040672 0.259926 0.887237 -0.169802 -0.428925
0.029858 0.039068 0.258009 0.947972 -0.238414 -0.210970
0.031173 0.039121 0.261025 0.820554 -0.277334 -0.499778
0.030396 0.038532 0.259992 0.851834 -0.314130 -0.419168
0.030718 0.038528 0.260643 0.826114 -0.340281 -0.449160
0.029534 0.037162 0.259122 0.865253 -0.330065 -0.377352
0.033501 0.046856 0.258636 0.783159 -0.561316 -0.267556
0.033704 0.047012 0.258955 0.797185 -0.549016 -0.251151
0.031138 0.037251 0.262641 0.794448 -0.293678 -0.531606
0.030829 0.037102 0.262104 0.840010 -0.413298 -0.351522
0.030777 0.036581 0.262516 0.720546 -0.244740 -0.648780
0.033691 0.045174 0.261274 0.797464 -0.398449 -0.453089
0.033385 0.046144 0.259314 0.815521 -0.408344 -0.410098
0.032653 0.046108 0.257962 0.764029 -0.559524 -0.321237
0.034482 0.044628 0.262483 0.699800 -0.382137 -0.603532
0.033092 0.045082 0.259856 0.767740 -0.400910 -0.499847
0.033715 0.044280 0.261785 0.697370 -0.395533 -0.597686
0.032795 0.044849 0.259668 0.766047 -0.406786 -0.497691
0.032733 0.044671 0.259722 0.751861 -0.406252 -0.519293
0.032940 0.044528 0.260098 0.756150 -0.383508 -0.530244
0.033017 0.044433 0.260245 0.785449 -0.374504 -0.492763
0.034021 0.043726 0.262528 -0.642901 0.378900 0.665667
0.033511 0.043828 0.261920 0.712779 -0.404649 -0.572892
0.033083 0.043142 0.261827 0.825799 -0.343846 -0.447019
0.033455 0.043300 0.262216 0.698681 -0.317450 -0.641147
0.032685 0.043816 0.260209 0.744766 -0.352151 -0.566845
0.031790 0.044560 0.258165 0.834164 -0.409524 -0.369404
0.033643 0.043112 0.262465 0.686256 -0.241200 -0.686203
0.033042 0.043008 0.261873 0.815438 -0.327536 -0.477263
0.033457 0.042928 0.262363 -0.689529 0.212860 0.692271
0.033931 0.042637 0.262900 0.753188 -0.238663 -0.612983
0.032926 0.042845 0.261847 0.829627 -0.317079 -0.459544
0.033725 0.042867 0.262588 0.706771 -0.230183 -0.668947
0.032395 0.043251 0.260193 0.680892 -0.296148 -0.669838
0.031528 0.043621 0.258564 0.826544 -0.391151 -0.404754
0.032894 0.042527 0.261965 0.763737 -0.290443 -0.576496
0.032766 0.042509 0.261634 0.882883 -0.312922 -0.350138
0.032761 0.042358 0.261795 0.840370 -0.279817 -0.464198
0.031485 0.042939 0.259063 0.809933 -0.376130 -0.450038
0.031652 0.042523 0.259658 0.791279 -0.359649 -0.494499
0.032772 0.041835 0.262076 0.756971 -0.235050 -0.609710
0.032549 0.042036 0.261454 0.867614 -0.290133 -0.403817
0.031168 0.042718 0.258760 0.819108 -0.376347 -0.432926
0.031174 0.042317 0.259152 0.801595 -0.399758 -0.444566
0.030911 0.042713 0.258191 0.857263 -0.337441 -0.388888
0.032209 0.041915 0.260901 0.783511 -0.370450 -0.498876
0.031035 0.042196 0.258993 0.847510 -0.353537 -0.395901
0.032054 0.041454 0.261030 0.769417 -0.309328 -0.558850
0.030959 0.041440 0.259388 0.881897 -0.268272 -0.387669
0.030812 0.041260 0.259108 0.905706 -0.234704 -0.353003
0.033313 0.040295 0.263488 0.734076 -0.490362 -0.469764
0.032736 0.039564 0.263359 0.757886 -0.388384 -0.524182
0.031693 0.040380 0.260945 0.762887 -0.249177 -0.596585
0.031480 0.040424 0.260696 0.751910 -0.238290 -0.614695
0.031068 0.040613 0.260070 0.868733 -0.148462 -0.472506
0.031844 0.039956 0.261349 0.774046 -0.372827 -0.511716
0.030081 0.041010 0.257380 0.914406 -0.291996 -0.280357
0.031742 0.040065 0.261122 0.759435 -0.327469 -0.562159
0.030057 0.040714 0.257660 0.926956 -0.234208 -0.293087
0.031258 0.040044 0.260543 0.800338 -0.288331 -0.525666
0.029978 0.040931 0.257067 0.934612 -0.257332 -0.245522
0.031427 0.039497 0.261226 0.767018 -0.354785 -0.534613
0.030119 0.040383 0.257999 0.932467 -0.178683 -0.313969
0.030271 0.040481 0.258273 0.898765 -0.228694 -0.374061
0.029980 0.040581 0.257506 0.944932 -0.183309 -0.271110
0.029845 0.040870 0.256717 0.941322 -0.213407 -0.261476
0.029801 0.040432 0.256640 0.942217 -0.110333 -0.316313
0.030422 0.039015 0.259758 0.865367 -0.297398 -0.403353
0.034296 0.047259 0.260068 0.835319 -0.463036 -0.296378
0.034175 0.047391 0.259513 0.797117 -0.537130 -0.275855
0.031666 0.038104 0.262881 0.794858 -0.437726 -0.420234
0.029871 0.039724 0.256976 0.943551 -0.200077 -0.263970
0.033882 0.047493 0.258447 0.807091 -0.530249 -0.259694
0.034293 0.046371 0.261035 0.754746 -0.365804 -0.544560
0.029860 0.039336 0.257838 0.947457 -0.248578 -0.201329
0.033913 0.046611 0.259928 0.844713 -0.405651 -0.349152
0.030751 0.042220 0.258266 0.879305 -0.291792 -0.376406
0.033642 0.046338 0.259713 0.834814 -0.370794 -0.406937
0.033157 0.047093 0.257380 0.715393 -0.566847 -0.408530
0.030809 0.037507 0.261559 0.826009 -0.352998 -0.439433
0.033428 0.046726 0.258661 0.791806 -0.541979 -0.281606
0.033776 0.046054 0.260130 0.868755 -0.425755 -0.252977
0.033655 0.045651 0.260672 0.866187 -0.375656 -0.329551
0.029474 0.038593 0.257233 0.844436 -0.397720 -0.358813
0.031962 0.046399 0.256410 0.780252 -0.429750 -0.454447
0.033221 0.044007 0.261404 0.840402 -0.384215 -0.382236
0.030458 0.040998 0.258416 0.899354 -0.236567 -0.367694
0.036494 0.044389 0.264508 0.451516 -0.361358 -0.815815
0.035139 0.044336 0.263270 0.715338 -0.385443 -0.582860
0.036677 0.044092 0.264734 0.243834 -0.186110 -0.951792
0.031634 0.044929 0.257357 0.857215 -0.428327 -0.285866
0.030768 0.040082 0.259562 0.869436 -0.270182 -0.413621
0.030904 0.044641 0.256099 0.824972 -0.462441 -0.324916
0.029422 0.035674 0.260449 0.848519 -0.408450 -0.336428
0.030280 0.038727 0.259691 0.874442 -0.311423 -0.371977
0.034383 0.041255 0.264245 0.768809 -0.517958 -0.375037
0.033075 0.041248 0.262541 0.720224 -0.309014 -0.621119
0.034267 0.041079 0.264311 0.778104 -0.510249 -0.366332
0.029289 0.036745 0.258980 0.864274 -0.355847 -0.355531
0.032766 0.039255 0.263580 0.684124 -0.342178 -0.644119
0.032297 0.038855 0.263212 0.781692 -0.408449 -0.471304
0.030424 0.039331 0.259273 0.894908 -0.268957 -0.356093
0.035280 0.042642 0.264408 -0.523179 0.288353 0.801957
0.035129 0.042332 0.264412 -0.527416 0.396428 0.751450
0.035119 0.042041 0.264588 0.529729 -0.441428 -0.724243
0.030272 0.042807 0.256112 0.890898 -0.251857 -0.377979
0.030084 0.043177 0.255422 0.852117 -0.186124 -0.489137
0.030055 0.042677 0.255750 0.874824 -0.253894 -0.412579
0.034020 0.040930 0.264121 0.796174 -0.486243 -0.360103
0.029842 0.041542 0.256000 0.879243 -0.260395 -0.398907
0.029641 0.041350 0.255616 0.863465 -0.261992 -0.431031
0.030627 0.040013 0.259380 0.873027 -0.273817 -0.403544
0.029650 0.040751 0.256085 0.899232 -0.234510 -0.369306
0.029405 0.040487 0.255736 0.876188 -0.243562 -0.415898
0.029476 0.040424 0.255996 0.870000 -0.226867 -0.437757
0.031263 0.038754 0.261340 0.805537 -0.321821 -0.497535
0.036195 0.043369 0.264680 -0.131254 -0.014480 0.991243
0.029536 0.043421 0.254635 0.793547 -0.312806 -0.521954
0.031320 0.041760 0.259819 0.753866 -0.386951 -0.530995
0.036563 0.042874 0.264600 -0.054917 -0.048364 0.997319
0.029742 0.035579 0.261485 0.827043 -0.198258 -0.526017
0.029593 0.035522 0.261052 0.872652 -0.309913 -0.377403
0.029494 0.035321 0.261189 0.844010 -0.290163 -0.451057
0.029411 0.035286 0.260909 0.813527 -0.344351 -0.468611
0.029912 0.035291 0.261609 0.799733 -0.152483 -0.580668
0.030807 0.040439 0.259466 0.892744 -0.228002 -0.388618
0.027964 0.042652 0.253209 -0.591525 0.166289 0.788953
0.033409 0.040043 0.264048 0.808612 -0.393138 -0.437709
0.032997 0.039747 0.263503 0.723618 -0.348284 -0.595882
0.033001 0.039418 0.263781 0.698737 -0.267445 -0.663506
0.030972 0.036884 0.262615 0.771964 -0.216900 -0.597517
0.030512 0.036176 0.262224 0.738079 -0.208759 -0.641607
0.034235 0.042357 0.263478 0.772509 -0.301621 -0.558797
0.033205 0.039628 0.263899 0.739009 -0.272939 -0.615930
0.029619 0.035145 0.261400 0.843196 -0.199244 -0.499322
0.032728 0.040968 0.262213 0.786579 -0.318021 -0.529298
0.032806 0.039134 0.263695 0.668034 -0.344315 -0.659680
0.032905 0.041621 0.258335 0.080432 -0.147888 0.985728
0.032751 0.038610 0.263652 0.710977 -0.296157 -0.637811
0.033351 0.039457 0.264008 0.746170 -0.239805 -0.621067
0.029750 0.035494 0.261538 0.827043 -0.198258 -0.526017
0.033353 0.043661 0.257729 0.068490 0.223601 -0.972271
0.032404 0.039762 0.257206 0.306149 0.218686 -0.926525
0.033748 0.044487 0.257626 -0.378461 -0.556818 -0.739406
0.032812 0.042357 0.256047 0.425659 0.046284 -0.903699
0.031931 0.040911 0.252284 -0.603443 -0.299541 -0.739007
0.032379 0.044581 0.253205 0.049543 -0.947699 0.315295
0.030636 0.035410 0.259767 -0.229095 -0.839989 -0.491868
0.030797 0.042604 0.257994 0.870436 -0.330547 -0.364801
0.031167 0.036513 0.262769 0.735954 -0.187938 -0.650423
0.031486 0.036695 0.262787 0.703671 -0.111054 -0.701793
0.030642 0.035871 0.262157 0.727776 -0.225833 -0.647566
0.032631 0.038077 0.263126 0.731326 -0.295395 -0.614739
0.036703 0.043181 0.264396 -0.071622 -0.050632 0.996146
0.036287 0.042527 0.264558 0.083128 -0.072252 -0.993916
0.036660 0.042874 0.264565 -0.054917 -0.048364 0.997319
0.035595 0.044173 0.260513 0.756214 0.643071 -0.120828
0.031272 0.036052 0.257798 0.177258 0.702379 0.689379
0.032170 0.038004 0.260649 -0.522372 0.846357 -0.103957
0.032083 0.038219 0.259823 0.183535 0.961542 -0.204333
0.032342 0.038860 0.259873 0.844355 0.189682 0.501084
0.031214 0.036313 0.259819 0.908038 0.321270 -0.268798
0.030625 0.035499 0.260658 0.978556 0.097818 0.181273
0.031431 0.036565 0.261901 0.749923 -0.358687 -0.555841
0.029783 0.034890 0.261303 0.843196 -0.199244 -0.499322
0.034114 0.046947 0.260087 0.843770 -0.441018 -0.305868
0.034318 0.046083 0.261268 0.713988 -0.398638 -0.575594
0.034695 0.045805 0.261893 0.724242 -0.381489 -0.574404
0.035166 0.044921 0.263059 0.695263 -0.369965 -0.616227
0.035727 0.044948 0.263627 0.656199 -0.408903 -0.634193
0.034134 0.047251 0.259677 0.804845 -0.505534 -0.310902
0.034067 0.046260 0.260798 0.789376 -0.389243 -0.474738
0.034230 0.045868 0.261191 0.698071 -0.424606 -0.576548
0.035117 0.046088 0.262282 0.693763 -0.394016 -0.602863
0.035466 0.044055 0.263921 0.672119 -0.356828 -0.648791
0.033648 0.045874 0.259921 0.845021 -0.416527 -0.335327
0.033302 0.044817 0.260343 0.854079 -0.352317 -0.382652
0.032170 0.038094 0.263500 0.724891 -0.287531 -0.625986
0.032068 0.037808 0.263392 0.718098 -0.309165 -0.623500
0.032328 0.038377 0.263579 0.742894 -0.326327 -0.584481
0.032478 0.039818 0.258970 0.662501 0.459769 0.591359
0.034087 0.040813 0.264691 0.796102 -0.505273 -0.333049
0.033759 0.040387 0.264487 0.823928 -0.463610 -0.325896
0.033753 0.040239 0.264404 0.832852 -0.476835 -0.281045
0.033908 0.040599 0.264594 0.810874 -0.486801 -0.324821
0.034113 0.040379 0.264273 0.853549 -0.454954 -0.253912
0.028684 0.043347 0.253570 -0.688609 0.187946 0.700353
0.033506 0.039841 0.264133 0.788782 -0.299145 -0.536969
0.033561 0.040607 0.260719 0.832293 -0.262355 -0.488321
0.034570 0.040473 0.262739 0.496048 0.267155 -0.826175
0.034384 0.039983 0.263257 0.498844 0.401764 0.767946
0.035335 0.042023 0.262206 -0.218540 -0.237239 0.946551
0.035972 0.043360 0.264603 -0.362738 0.129681 0.922824
0.035746 0.043016 0.264567 -0.381771 0.132314 0.914737
0.035104 0.041830 0.264851 0.542671 -0.529977 -0.651638
0.035399 0.042070 0.264691 0.336228 -0.424008 -0.840933
0.035077 0.041861 0.264786 0.542671 -0.529977 -0.651638
0.034521 0.041389 0.264827 0.728135 -0.575793 -0.371863
0.033821 0.047035 0.259290 0.794077 -0.536342 -0.285970
0.033780 0.046860 0.259545 0.816972 -0.457587 -0.350956
0.033629 0.046841 0.259134 0.810071 -0.519894 -0.271101
0.033532 0.046515 0.259350 0.834718 -0.410841 -0.366682
0.033059 0.046325 0.258483 0.758258 -0.533916 -0.374138
0.033150 0.046194 0.258813 0.788199 -0.482556 -0.381946
0.034173 0.046183 0.261020 0.740520 -0.397864 -0.541604
0.032991 0.045982 0.258764 0.754592 -0.506886 -0.416721
0.033137 0.045883 0.259227 0.793468 -0.449919 -0.409855
0.032546 0.045793 0.258279 0.758962 -0.532380 -0.374898
0.032840 0.045882 0.258630 0.745711 -0.518003 -0.419032
0.032885 0.045622 0.258971 0.760208 -0.482563 -0.434990
0.032625 0.045593 0.258640 0.747399 -0.489867 -0.448804
0.032081 0.045244 0.257989 0.791115 -0.485388 -0.372203
0.032280 0.045385 0.258187 0.776889 -0.500637 -0.381846
0.032550 0.045286 0.258848 0.745501 -0.481537 -0.460815
0.032746 0.045387 0.259028 0.759173 -0.472074 -0.448110
0.032400 0.045284 0.258547 0.758046 -0.480572 -0.440927
0.031721 0.044825 0.257731 0.852348 -0.423527 -0.306802
0.032144 0.045037 0.258378 0.784112 -0.461034 -0.415472
0.032668 0.045082 0.259236 0.755910 -0.454381 -0.471315
0.031530 0.044732 0.257408 0.852262 -0.435312 -0.290092
0.031796 0.044679 0.258020 0.835548 -0.411244 -0.364331
0.032229 0.044919 0.258697 0.770679 -0.460130 -0.440833
0.033122 0.045233 0.259779 0.761513 -0.424515 -0.489781
0.032439 0.044818 0.259088 0.754198 -0.441980 -0.485632
0.031926 0.044859 0.258163 0.812412 -0.439048 -0.383698
0.032432 0.045062 0.258838 0.753924 -0.475939 -0.452859
0.032766 0.045044 0.259418 0.764376 -0.435697 -0.475287
0.033417 0.045090 0.260424 0.879102 -0.319629 -0.353577
0.032581 0.044941 0.259218 0.751738 -0.448720 -0.483260
0.031617 0.044753 0.257596 0.862327 -0.405399 -0.303386
0.032100 0.044636 0.258765 0.773127 -0.442648 -0.454244
0.032476 0.044666 0.259288 0.752547 -0.437237 -0.492439
0.031085 0.044305 0.256772 0.813525 -0.418099 -0.404192
0.031792 0.044417 0.258399 0.832875 -0.404957 -0.377264
0.031534 0.044404 0.257747 0.866495 -0.371918 -0.332960
0.031637 0.044245 0.258232 0.854614 -0.384733 -0.348735
0.031173 0.044105 0.257245 0.831820 -0.402414 -0.382282
0.030767 0.044055 0.256341 0.842772 -0.374914 -0.386232
0.030927 0.044006 0.256781 0.831026 -0.394119 -0.392512
0.034644 0.044979 0.262398 0.715945 -0.375167 -0.588789
0.033945 0.044546 0.261895 0.664477 -0.372970 -0.647583
0.030873 0.043725 0.256958 0.856779 -0.357924 -0.371242
0.035558 0.044549 0.263797 0.680434 -0.380938 -0.626016
0.032503 0.043913 0.259927 0.724283 -0.406648 -0.556823
0.030830 0.043220 0.257481 0.862132 -0.409926 -0.297807
0.030609 0.043250 0.256681 0.907785 -0.264332 -0.325661
0.030706 0.042966 0.257490 0.887919 -0.369301 -0.274256
0.032083 0.043506 0.259596 0.763149 -0.394534 -0.511807
0.031618 0.043216 0.259091 0.817093 -0.369463 -0.442556
0.031809 0.043420 0.259282 0.813610 -0.381441 -0.438794
0.030689 0.043083 0.256902 0.910596 -0.314448 -0.268211
0.030704 0.043000 0.257326 0.899845 -0.354732 -0.253861
0.032968 0.043512 0.260964 0.944742 -0.236656 -0.226840
0.030654 0.042654 0.257675 0.890027 -0.337701 -0.306284
0.030790 0.043176 0.257070 0.905725 -0.327308 -0.269317
0.034160 0.047701 0.258963 0.818729 -0.515061 -0.253760
0.033014 0.043432 0.261290 0.926901 -0.268979 -0.261733
0.030457 0.042851 0.256518 0.902986 -0.272063 -0.332563
0.033826 0.047545 0.258248 0.807285 -0.524525 -0.270488
0.030629 0.042835 0.257002 0.914266 -0.334765 -0.228147
0.033968 0.047511 0.258685 0.804479 -0.531438 -0.265306
0.030537 0.042583 0.257420 0.908958 -0.343616 -0.236057
0.034031 0.047344 0.259261 0.802229 -0.540194 -0.254202
0.030479 0.042517 0.257092 0.924574 -0.321650 -0.204215
0.033771 0.047275 0.258530 0.803395 -0.536878 -0.257523
0.033881 0.047281 0.258845 0.802045 -0.538726 -0.257874
0.032920 0.043096 0.260961 0.927170 -0.278175 -0.250946
0.030375 0.042511 0.256604 0.919034 -0.279364 -0.278085
0.031223 0.042167 0.259398 0.796406 -0.400008 -0.453576
0.030470 0.042484 0.256824 0.925030 -0.297188 -0.236641
0.033078 0.046781 0.257739 0.735393 -0.582457 -0.346324
0.033800 0.047070 0.259155 0.792790 -0.550011 -0.262624
0.033474 0.047020 0.258205 0.770744 -0.570047 -0.284606
0.033687 0.047065 0.258734 0.790767 -0.558302 -0.250969
0.032550 0.042855 0.260390 0.700663 -0.379737 -0.604045
0.032896 0.042914 0.260795 0.866702 -0.396778 -0.302314
0.033413 0.046841 0.258416 0.768859 -0.568722 -0.292252
0.030532 0.042152 0.257773 0.914601 -0.262706 -0.307392
0.033209 0.046806 0.258000 0.747696 -0.582808 -0.318254
0.032776 0.042884 0.260583 0.808081 -0.383963 -0.446740
0.030323 0.042134 0.256770 0.939622 -0.263705 -0.218105
0.031089 0.041771 0.259490 0.852484 -0.320985 -0.412600
0.033555 0.046849 0.258874 0.806978 -0.526009 -0.268517
0.033005 0.046619 0.257872 0.745412 -0.576946 -0.333908
0.033163 0.046612 0.258256 0.759041 -0.571433 -0.311963
0.031687 0.042055 0.260076 0.750678 -0.390013 -0.533265
0.033476 0.046621 0.259099 0.839144 -0.450606 -0.304616
0.033294 0.046602 0.258577 0.792553 -0.520617 -0.317518
0.030357 0.041905 0.257341 0.943578 -0.250985 -0.216027
0.032672 0.046360 0.257545 0.757195 -0.545519 -0.359255
0.034194 0.046773 0.260659 0.813339 -0.418701 -0.403942
0.034196 0.042840 0.263096 0.731744 -0.321110 -0.601198
0.034283 0.046696 0.260908 0.777087 -0.390615 -0.493513
0.032382 0.046164 0.257182 0.777381 -0.493416 -0.390153
0.030478 0.041694 0.257951 0.923645 -0.234243 -0.303333
0.032894 0.046360 0.258059 0.752021 -0.572893 -0.325971
0.033312 0.042539 0.262191 -0.666228 0.220897 0.712281
0.032488 0.046047 0.257553 0.769001 -0.552047 -0.322306
0.031157 0.041632 0.259660 0.817383 -0.328130 -0.473514
0.031938 0.045856 0.256789 0.760811 -0.460072 -0.457713
0.031600 0.041838 0.260108 0.735474 -0.413475 -0.536764
0.032765 0.046092 0.258248 0.754283 -0.553773 -0.352694
0.034201 0.042574 0.263294 0.754415 -0.307931 -0.579687
0.032141 0.045873 0.257114 0.767716 -0.500810 -0.399752
0.033512 0.042412 0.262373 -0.686955 0.221740 0.692043
0.032695 0.042196 0.261605 0.860705 -0.282788 -0.423342
0.032588 0.046091 0.257776 0.766447 -0.556922 -0.319994
0.030495 0.041444 0.258275 0.905499 -0.247835 -0.344456
0.031772 0.045496 0.256845 0.795660 -0.452495 -0.402707
0.030360 0.041533 0.257484 0.928508 -0.244261 -0.279659
0.032137 0.045616 0.257555 0.777727 -0.550497 -0.303469
0.030195 0.041647 0.256631 0.919981 -0.296156 -0.256761
0.031938 0.041721 0.260622 0.748089 -0.382944 -0.541957
0.032069 0.045651 0.257297 0.771831 -0.542680 -0.331325
0.032516 0.045900 0.258017 0.768429 -0.550802 -0.325782
0.032350 0.045661 0.258032 0.771845 -0.537371 -0.339834
0.031742 0.045351 0.256958 0.817980 -0.440739 -0.369672
0.030131 0.041398 0.256918 0.914392 -0.328714 -0.236295
0.030402 0.041351 0.258031 0.916341 -0.258340 -0.305907
0.031272 0.041234 0.260205 0.793890 -0.335882 -0.506874
0.031579 0.041377 0.260495 0.737593 -0.375217 -0.561399
0.033110 0.045767 0.259295 0.780359 -0.468209 -0.414512
0.031414 0.041242 0.260443 0.755835 -0.336633 -0.561597
0.031147 0.041228 0.259938 0.833127 -0.289777 -0.471094
0.033931 0.042229 0.263068 0.777009 -0.276998 -0.565269
0.031895 0.045380 0.257383 0.805271 -0.510221 -0.302015
0.032419 0.045643 0.258204 0.771841 -0.521052 -0.364371
0.033508 0.045884 0.259828 0.822857 -0.416948 -0.386084
0.031422 0.045006 0.256668 0.801698 -0.423341 -0.421975
0.033101 0.041807 0.262332 0.685786 -0.314608 -0.656292
0.031609 0.045213 0.256813 0.802367 -0.428961 -0.414969
0.031902 0.044979 0.257958 0.814842 -0.446352 -0.369869
0.030671 0.040744 0.259056 0.903103 -0.206482 -0.376524
0.033832 0.041841 0.262926 0.740050 -0.330325 -0.585842
0.031559 0.041005 0.260699 0.752274 -0.255925 -0.607113
0.031096 0.040933 0.260019 0.864620 -0.217523 -0.452897
0.030373 0.040995 0.258011 0.900800 -0.270727 -0.339509
0.030253 0.041088 0.257678 0.913500 -0.288517 -0.286837
0.032738 0.041253 0.262178 0.785615 -0.253568 -0.564369
0.033672 0.041703 0.262938 0.729624 -0.361176 -0.580690
0.031462 0.040703 0.260666 0.762876 -0.193797 -0.616817
0.032656 0.045136 0.259121 0.758678 -0.450560 -0.470536
0.034370 0.045588 0.261653 0.676652 -0.417998 -0.606152
0.032210 0.044976 0.258567 0.777062 -0.460705 -0.428865
0.031251 0.040772 0.260303 0.835585 -0.190059 -0.515438
0.031734 0.044725 0.257871 0.840548 -0.409986 -0.354105
0.030094 0.040829 0.257569 0.921659 -0.263796 -0.284530
0.032366 0.041003 0.261696 0.829439 -0.248092 -0.500481
0.032510 0.044941 0.258962 0.750311 -0.454272 -0.480282
0.035268 0.045607 0.262690 0.662271 -0.407936 -0.628478
0.030855 0.040268 0.259700 0.876689 -0.242488 -0.415471
0.033691 0.041146 0.263396 0.761827 -0.351643 -0.544029
0.034305 0.045327 0.261714 0.660872 -0.424968 -0.618588
0.031971 0.040438 0.261283 0.799060 -0.246408 -0.548440
0.035234 0.045378 0.262838 0.674160 -0.393069 -0.625303
0.034704 0.045321 0.262254 0.730086 -0.367917 -0.575857
0.033002 0.040806 0.262742 0.726652 -0.369783 -0.578997
0.031190 0.040217 0.260338 0.832584 -0.259427 -0.489388
0.034511 0.041356 0.264609 0.731091 -0.573159 -0.370128
0.035556 0.045324 0.263159 0.659285 -0.432059 -0.615360
0.034442 0.045119 0.261990 0.676797 -0.393404 -0.622237
0.030736 0.043495 0.256869 0.883713 -0.309387 -0.351185
0.031271 0.039920 0.260741 0.788734 -0.312773 -0.529218
0.033871 0.040847 0.263951 0.802362 -0.430833 -0.413035
0.032599 0.040300 0.262591 0.793543 -0.349945 -0.497823
0.034077 0.048014 0.258117 0.812981 -0.508204 -0.284237
0.033434 0.044352 0.261473 0.800454 -0.382389 -0.461575
0.033768 0.047806 0.257652 0.782803 -0.518593 -0.343920
0.035423 0.045094 0.263215 0.674403 -0.413278 -0.611868
0.031113 0.039759 0.260603 0.819504 -0.318815 -0.476205
0.030717 0.043294 0.256907 0.899540 -0.319196 -0.298230
0.034011 0.047807 0.258322 0.817377 -0.511238 -0.265576
0.033395 0.047525 0.257262 0.743188 -0.540997 -0.393692
0.033831 0.047688 0.257974 0.807300 -0.515213 -0.287790
0.034816 0.044773 0.262692 0.705689 -0.368691 -0.605037
0.033892 0.044325 0.261955 0.668558 -0.400810 -0.626404
0.033595 0.047410 0.257702 0.768682 -0.531838 -0.355354
0.035545 0.044884 0.263499 0.682772 -0.401865 -0.610186
0.032858 0.047047 0.256996 0.709435 -0.527964 -0.466858
0.035936 0.044831 0.263922 -0.590250 0.417749 0.690718
0.034236 0.047650 0.259246 0.804232 -0.532792 -0.263332
0.033615 0.047339 0.258003 0.787957 -0.541630 -0.292848
0.033337 0.047210 0.257511 0.735465 -0.551829 -0.393163
0.030600 0.042800 0.257285 0.910570 -0.341792 -0.232466
0.033048 0.047115 0.257212 0.707242 -0.558873 -0.432978
0.034754 0.044450 0.262841 0.698964 -0.361511 -0.617056
0.033418 0.047146 0.257826 0.754068 -0.564782 -0.335265
0.032640 0.046805 0.256949 0.720673 -0.504686 -0.475314
0.035736 0.044580 0.263916 -0.596269 0.412913 0.688452
0.031421 0.039245 0.261401 0.793991 -0.317288 -0.518563
0.035991 0.044649 0.264080 0.542587 -0.425483 -0.724268
0.032644 0.046590 0.257231 0.740966 -0.522755 -0.421541
0.031609 0.039398 0.261533 0.783477 -0.380785 -0.491088
0.030408 0.042349 0.257128 0.938173 -0.281910 -0.200895
0.034721 0.044157 0.262987 0.707848 -0.359861 -0.607824
0.033151 0.046898 0.257548 0.731003 -0.563929 -0.384212
0.032885 0.046632 0.257560 0.748686 -0.553393 -0.365001
0.035914 0.044417 0.264138 -0.549187 0.400990 0.733212
0.032427 0.046407 0.256993 0.747448 -0.473225 -0.466240
0.036131 0.044466 0.264259 0.503775 -0.410598 -0.760013
0.034321 0.043867 0.262659 0.678553 -0.359838 -0.640377
0.033393 0.046622 0.258841 0.806423 -0.494773 -0.323855
0.035620 0.044157 0.264027 -0.641717 0.370317 0.671614
0.035754 0.044055 0.264216 -0.576009 0.361589 0.733121
0.031059 0.039107 0.260802 0.836911 -0.278789 -0.471016
0.031885 0.039104 0.262192 0.823192 -0.326398 -0.464563
0.035135 0.043833 0.263715 0.706149 -0.352068 -0.614330
0.031501 0.038963 0.261652 0.803715 -0.316163 -0.504067
0.030375 0.042236 0.257048 0.939833 -0.276630 -0.200473
0.033199 0.046379 0.258695 0.780445 -0.505993 -0.367255
0.033353 0.046367 0.259034 0.812467 -0.458547 -0.360045
0.034670 0.043674 0.263219 0.730460 -0.362477 -0.578825
0.034334 0.043605 0.262781 0.681969 -0.357728 -0.637925
0.033493 0.046313 0.259413 0.825779 -0.393126 -0.404403
0.034483 0.046857 0.260989 0.769390 -0.373047 -0.518531
0.035595 0.043828 0.264195 -0.626109 0.315358 0.713118
0.032350 0.045777 0.257742 0.770371 -0.557142 -0.310035
0.032107 0.038961 0.262732 0.855393 -0.321411 -0.406200
0.031768 0.038772 0.262139 0.825688 -0.344925 -0.446391
0.032734 0.045906 0.258424 0.752987 -0.529678 -0.390451
0.030262 0.041874 0.256998 0.943938 -0.257600 -0.206456
0.034624 0.046635 0.261291 0.734261 -0.360059 -0.575516
0.030374 0.041778 0.257499 0.933425 -0.234151 -0.271830
0.032492 0.042554 0.260805 0.771154 -0.503865 -0.389155
0.032497 0.045615 0.258379 0.761504 -0.513253 -0.395832
0.032136 0.042320 0.260527 0.713077 -0.450282 -0.537370
0.034631 0.046580 0.261388 0.729483 -0.349154 -0.588171
0.030360 0.041476 0.257747 0.922182 -0.259194 -0.287053
0.030255 0.041638 0.257237 0.934206 -0.270243 -0.232867
0.035433 0.043335 0.264207 -0.630353 0.290387 0.719952
0.032963 0.045527 0.259176 0.763120 -0.476500 -0.436573
0.032334 0.042095 0.261035 0.798145 -0.426777 -0.425237
0.033780 0.045555 0.261060 0.786658 -0.400627 -0.469752
0.031767 0.038094 0.263124 0.797966 -0.356067 -0.486278
0.032443 0.041911 0.261358 0.850810 -0.284591 -0.441736
0.030293 0.041129 0.257842 0.909033 -0.288425 -0.300783
0.034087 0.045431 0.261513 0.656411 -0.440769 -0.612248
0.033779 0.041951 0.262951 0.744621 -0.334383 -0.577691
0.032551 0.041571 0.261752 0.841676 -0.256564 -0.475138
0.030201 0.040793 0.257948 0.906651 -0.250667 -0.339338
0.034705 0.042281 0.264066 0.672399 -0.352520 -0.650853
0.033305 0.041902 0.262485 -0.651109 0.328665 0.684132
0.034498 0.045473 0.261806 0.682756 -0.406755 -0.606955
0.033503 0.041821 0.262773 0.714124 -0.354468 -0.603638
0.034051 0.045150 0.261635 0.658746 -0.410317 -0.630630
0.033967 0.046552 0.260305 0.847599 -0.433484 -0.306052
0.033977 0.046525 0.260391 0.857721 -0.425046 -0.289225
0.033763 0.045970 0.260645 0.825784 -0.398653 -0.398946
0.033648 0.045801 0.260499 0.877408 -0.397315 -0.268878
0.033750 0.045797 0.260804 0.816843 -0.407942 -0.407862
0.033604 0.045371 0.260806 0.872849 -0.335800 -0.354081
0.033466 0.044950 0.260807 0.897990 -0.338148 -0.281549
0.033209 0.044983 0.260096 0.811981 -0.357332 -0.461520
0.033384 0.044708 0.260963 0.894821 -0.361831 -0.261483
0.033585 0.044650 0.261464 0.786539 -0.370269 -0.494225
0.033338 0.044649 0.260737 0.885737 -0.364756 -0.287092
0.033286 0.044469 0.260973 0.891159 -0.374637 -0.255898
0.033282 0.044633 0.260439 0.863167 -0.357134 -0.356929
0.033290 0.044214 0.261341 0.834425 -0.389979 -0.389424
0.033128 0.044332 0.260426 0.832196 -0.378743 -0.404974
0.033169 0.044149 0.260915 0.890656 -0.371828 -0.261678
0.033139 0.043769 0.261419 0.870459 -0.337244 -0.358563
0.033122 0.043911 0.261148 0.891968 -0.343269 -0.294209
0.032990 0.043850 0.260670 0.863524 -0.326894 -0.384015
0.032876 0.043172 0.260771 0.907457 -0.256007 -0.333140
0.033902 0.043198 0.262597 -0.656257 0.302263 0.691349
0.034016 0.042989 0.262830 0.693715 -0.296685 -0.656306
0.033572 0.042567 0.262493 0.690559 -0.220619 -0.688807
0.034034 0.042600 0.263065 0.769482 -0.268547 -0.579465
0.032840 0.042710 0.261445 0.906994 -0.356983 -0.223440
0.033854 0.042674 0.262738 0.738325 -0.216508 -0.638749
0.032849 0.042228 0.261949 0.787276 -0.260749 -0.558755
0.034079 0.042287 0.263238 0.778998 -0.291529 -0.555133
0.031769 0.042046 0.260212 0.746079 -0.385222 -0.543112
0.033783 0.042324 0.262798 0.747814 -0.243649 -0.617584
0.032946 0.045222 0.259468 0.769823 -0.434675 -0.467365
0.033007 0.042010 0.262200 0.702680 -0.255605 -0.664008
0.031691 0.041748 0.260275 0.723745 -0.417299 -0.549595
0.034126 0.042024 0.263472 0.783536 -0.296844 -0.545852
0.032968 0.044990 0.259753 0.760178 -0.412586 -0.501900
0.032568 0.041826 0.261621 0.858301 -0.244917 -0.450926
0.033928 0.041917 0.263213 0.771058 -0.309136 -0.556691
0.032150 0.044467 0.259024 0.762246 -0.431464 -0.482514
0.032647 0.044788 0.259500 0.756815 -0.429500 -0.492708
0.032036 0.041586 0.260857 0.754050 -0.357968 -0.550698
0.032666 0.041549 0.261993 0.794466 -0.243576 -0.556322
0.032900 0.041599 0.262256 0.727612 -0.280407 -0.626061
0.033891 0.041702 0.263358 0.764444 -0.353824 -0.538919
0.032290 0.044426 0.259233 0.757713 -0.433397 -0.487892
0.032928 0.044727 0.259911 0.757872 -0.386905 -0.525295
0.034033 0.041608 0.263565 0.766190 -0.356367 -0.534748
0.031950 0.044097 0.258979 0.792349 -0.395688 -0.464343
0.032626 0.044552 0.259574 0.752221 -0.425545 -0.503066
0.033118 0.044639 0.260212 0.776659 -0.378081 -0.503840
0.033426 0.041502 0.262863 0.715442 -0.369915 -0.592711
0.032319 0.044193 0.259463 0.746615 -0.416313 -0.518893
0.032096 0.044144 0.259214 0.764645 -0.413295 -0.494475
0.031718 0.039228 0.261866 0.808267 -0.329293 -0.488129
0.032517 0.041236 0.261846 0.830941 -0.239018 -0.502402
0.034077 0.041360 0.263774 0.748534 -0.390856 -0.535658
0.033610 0.041302 0.263220 0.733978 -0.367922 -0.570886
0.033257 0.044286 0.261108 0.874394 -0.392472 -0.285309
0.032489 0.044193 0.259727 0.731382 -0.405711 -0.548159
0.031823 0.043686 0.259128 0.810222 -0.386679 -0.440476
0.033377 0.041127 0.263061 0.744188 -0.329847 -0.580849
0.033588 0.041055 0.263368 0.763162 -0.307286 -0.568471
0.033169 0.044281 0.260602 0.871749 -0.387491 -0.299842
0.033084 0.044088 0.260631 0.850948 -0.385691 -0.356554
0.031726 0.038990 0.261977 0.817043 -0.313277 -0.484043
0.032265 0.043902 0.259648 0.733446 -0.420483 -0.534089
0.034186 0.041148 0.264099 0.767999 -0.499247 -0.401162
0.032587 0.040971 0.262105 0.804851 -0.298634 -0.512866
0.032009 0.043770 0.259371 0.778926 -0.398306 -0.484384
0.033215 0.040820 0.262943 0.714747 -0.357306 -0.601223
0.033481 0.040866 0.263299 0.753333 -0.337068 -0.564689
0.031848 0.038673 0.262376 0.815893 -0.397392 -0.419998
0.033981 0.041061 0.263912 0.782511 -0.439577 -0.440963
0.033919 0.041179 0.263736 0.767686 -0.389931 -0.508539
0.032712 0.043972 0.260073 0.738764 -0.364604 -0.566826
0.033363 0.044036 0.261577 0.779332 -0.388751 -0.491441
0.031582 0.038696 0.261912 0.807295 -0.341294 -0.481449
0.031863 0.043263 0.259549 0.796829 -0.368517 -0.478809
0.033349 0.040578 0.263258 0.722213 -0.411195 -0.556172
0.033343 0.040767 0.263102 0.709482 -0.361658 -0.604847
0.032192 0.043465 0.259863 0.709195 -0.377185 -0.595629
0.033702 0.040815 0.263643 0.790135 -0.393232 -0.470166
0.033074 0.043520 0.261519 0.878434 -0.322464 -0.352662
0.032042 0.040673 0.261350 0.813904 -0.234043 -0.531775
0.032551 0.040654 0.262213 0.816172 -0.298655 -0.494640
0.030677 0.038673 0.260470 0.835219 -0.323210 -0.444909
0.032288 0.040540 0.261860 0.837884 -0.257927 -0.481066
0.032518 0.043594 0.260161 0.718059 -0.331449 -0.611991
0.031738 0.043163 0.259420 0.814222 -0.359045 -0.456211
0.033267 0.043669 0.261714 0.821869 -0.370494 -0.432741
0.031977 0.038391 0.262979 0.746193 -0.444837 -0.495295
0.031882 0.038443 0.262694 0.811555 -0.486301 -0.323868
0.032971 0.040456 0.262949 0.718733 -0.397839 -0.570217
0.032026 0.043227 0.259808 0.743217 -0.349572 -0.570463
0.031937 0.038285 0.263232 0.751200 -0.368157 -0.547868
0.030851 0.038388 0.260928 0.807971 -0.353113 -0.471692
0.031435 0.038514 0.261717 0.787165 -0.372554 -0.491503
0.031552 0.038411 0.262073 0.801980 -0.438751 -0.405370
0.033370 0.040439 0.263398 0.737028 -0.462692 -0.492652
0.031759 0.043042 0.259595 0.808933 -0.347246 -0.474391
0.032275 0.043314 0.260055 0.670758 -0.318257 -0.669922
0.033242 0.040504 0.263116 0.699165 -0.428899 -0.572026
0.032587 0.043303 0.260314 0.712910 -0.269930 -0.647223
0.031751 0.038199 0.262931 0.788021 -0.446253 -0.424124
0.033089 0.043313 0.261707 0.861813 -0.340915 -0.375574
0.032078 0.038248 0.263443 0.727984 -0.338642 -0.596122
0.032748 0.040374 0.262786 0.752615 -0.393464 -0.527974
0.032763 0.043349 0.260421 0.799510 -0.240489 -0.550408
0.032164 0.043062 0.260066 -0.661971 0.345487 0.665156
0.033113 0.040299 0.263257 0.697366 -0.464560 -0.545769
0.030755 0.038120 0.261005 0.818218 -0.361079 -0.447372
0.031741 0.042786 0.259709 0.792705 -0.346606 -0.501480
0.032432 0.040233 0.262235 0.840063 -0.306230 -0.447792
0.031072 0.038156 0.261541 0.784799 -0.421525 -0.454322
0.031550 0.040118 0.260911 0.740218 -0.324645 -0.588797
0.030605 0.038198 0.260674 0.828282 -0.348693 -0.438591
0.032917 0.043120 0.261219 0.945120 -0.277525 -0.172422
0.032395 0.043023 0.260249 -0.635401 0.361865 0.682142
0.032928 0.042927 0.261691 0.862273 -0.354940 -0.361252
0.032911 0.040080 0.263208 0.717576 -0.450174 -0.531440
0.032262 0.040125 0.261943 0.840267 -0.304111 -0.448851
0.033270 0.043224 0.261957 0.772656 -0.337542 -0.537651
0.031944 0.042769 0.260007 0.717194 -0.345709 -0.605077
0.032755 0.043107 0.260426 0.784758 -0.254881 -0.564970
0.033035 0.039896 0.263532 0.735020 -0.417856 -0.533987
0.030856 0.037990 0.261333 0.800538 -0.388339 -0.456434
0.030504 0.037850 0.260729 0.835363 -0.344266 -0.428544
0.033076 0.042805 0.262009 0.757119 -0.266648 -0.596380
0.030571 0.042427 0.257677 0.904739 -0.290498 -0.311542
0.032350 0.042595 0.260501 0.684711 -0.472455 -0.554939
0.030726 0.037703 0.261339 0.822978 -0.350031 -0.447420
0.030589 0.037707 0.261053 0.829841 -0.348925 -0.435448
0.032235 0.042737 0.260259 0.639318 -0.428643 -0.638387
0.031426 0.039805 0.260991 0.743549 -0.381773 -0.548985
0.031937 0.042417 0.260208 0.724348 -0.393995 -0.565763
0.030347 0.037649 0.260618 0.845376 -0.333092 -0.417600
0.032840 0.039799 0.263308 0.754000 -0.404390 -0.517641
0.031891 0.039627 0.261719 0.781703 -0.420497 -0.460568
0.030442 0.042275 0.257385 0.935523 -0.270756 -0.226911
0.032414 0.042688 0.260377 0.663318 -0.465517 -0.585921
0.032143 0.039597 0.262162 0.809513 -0.390081 -0.438777
0.031010 0.037330 0.262282 0.852566 -0.399914 -0.336453
0.030309 0.037330 0.260769 0.839738 -0.342367 -0.421456
0.030465 0.037420 0.261027 0.838561 -0.338551 -0.426848
0.032381 0.039539 0.262745 0.807767 -0.400020 -0.433009
0.033045 0.042518 0.262052 0.729120 -0.261507 -0.632454
0.030119 0.037323 0.260388 0.853491 -0.337096 -0.397391
0.032569 0.042239 0.261327 0.861741 -0.362679 -0.354775
0.030520 0.037279 0.261236 0.825851 -0.363807 -0.430830
0.030449 0.041977 0.257654 0.923457 -0.252133 -0.289234
0.032300 0.042241 0.260826 0.744076 -0.487429 -0.456906
0.031924 0.042023 0.260433 0.739204 -0.410669 -0.533787
0.030018 0.037330 0.260185 0.878959 -0.316651 -0.356599
0.030225 0.037093 0.260782 0.826145 -0.378272 -0.417605
0.029987 0.037065 0.260343 0.859574 -0.354782 -0.367780
0.029864 0.037238 0.259758 0.879605 -0.336161 -0.336586
0.030444 0.037009 0.261282 0.821031 -0.390348 -0.416578
0.033378 0.042196 0.262356 -0.655273 0.251073 0.712446
0.032158 0.041926 0.260698 0.773953 -0.376440 -0.509206
0.032242 0.041727 0.261149 0.812796 -0.301612 -0.498391
0.030285 0.038839 0.259574 0.882223 -0.298387 -0.364210
0.030012 0.036874 0.260587 0.831554 -0.389969 -0.395529
0.030310 0.036789 0.261286 0.819188 -0.434008 -0.374925
0.031412 0.038758 0.261479 0.800090 -0.323418 -0.505229
0.029875 0.036791 0.260371 0.832538 -0.405354 -0.377583
0.031948 0.038907 0.262367 0.832080 -0.308813 -0.460736
0.032377 0.041644 0.261423 0.834415 -0.273096 -0.478717
0.030113 0.036653 0.261028 0.822810 -0.423888 -0.378554
0.030109 0.038663 0.259138 0.891629 -0.313635 -0.326543
0.029505 0.036780 0.259250 0.851887 -0.394501 -0.344468
0.029935 0.036632 0.260679 0.822521 -0.421949 -0.381338
0.033780 0.041736 0.263103 0.730044 -0.352774 -0.585309
0.030958 0.038615 0.260901 0.797804 -0.343774 -0.495305
0.029633 0.036891 0.259582 0.861565 -0.386035 -0.329671
0.030399 0.041097 0.258216 0.900560 -0.247087 -0.357686
0.032098 0.038623 0.263130 0.763269 -0.401565 -0.506128
0.032288 0.041329 0.261400 0.834391 -0.264821 -0.483386
0.029769 0.036524 0.260422 0.831107 -0.433821 -0.347937
0.029936 0.036346 0.260950 0.820517 -0.434412 -0.371534
0.031795 0.041361 0.260727 0.725655 -0.354077 -0.589962
0.033334 0.041672 0.262623 0.684001 -0.362423 -0.633082
0.030210 0.041301 0.257292 0.921935 -0.295349 -0.250611
0.032117 0.041363 0.261169 0.792240 -0.293416 -0.535036
0.030189 0.038420 0.259636 0.882489 -0.298954 -0.363097
0.034218 0.041763 0.263780 0.738892 -0.342336 -0.580383
0.029770 0.036336 0.260659 0.827929 -0.414715 -0.377551
0.031724 0.038461 0.262191 0.797165 -0.434417 -0.419296
0.030303 0.038295 0.259952 0.861395 -0.311763 -0.401002
0.029714 0.036550 0.260151 0.841573 -0.423152 -0.335704
0.030708 0.038325 0.260759 0.822024 -0.354914 -0.445323
0.029441 0.036576 0.259378 0.847173 -0.409479 -0.338562
0.029762 0.038140 0.258838 0.883424 -0.348130 -0.313635
0.030095 0.036124 0.261817 0.789443 -0.370144 -0.489666
0.031305 0.038407 0.261538 0.785645 -0.396874 -0.474608
0.032881 0.041192 0.262371 0.735504 -0.311203 -0.601820
0.029394 0.036393 0.259595 0.851538 -0.411542 -0.324833
0.031594 0.038227 0.262309 0.795913 -0.492037 -0.352735
0.029614 0.036132 0.260566 0.834115 -0.407201 -0.372075
0.032315 0.041062 0.261525 0.829535 -0.246320 -0.501196
0.029595 0.036289 0.260302 0.842473 -0.417044 -0.341049
0.033849 0.041358 0.263497 0.756477 -0.375954 -0.535165
0.034326 0.041465 0.264046 0.779534 -0.429416 -0.455992
0.030109 0.038112 0.259631 0.884893 -0.303551 -0.353300
0.029655 0.036024 0.260814 0.836206 -0.413586 -0.360148
0.029492 0.036375 0.259780 0.852254 -0.415634 -0.317666
0.030932 0.038213 0.261155 0.795806 -0.397359 -0.456945
0.030061 0.035887 0.261882 0.802982 -0.221749 -0.553215
0.031875 0.040970 0.260973 0.746730 -0.261747 -0.611460
0.030225 0.037978 0.260055 0.862265 -0.322591 -0.390429
0.031629 0.038121 0.262766 0.793633 -0.474441 -0.380859
0.032437 0.040879 0.261943 0.825259 -0.271104 -0.495429
0.033186 0.041317 0.262687 0.727105 -0.342805 -0.594813
0.029870 0.035767 0.261612 0.817556 -0.293439 -0.495476
0.030470 0.037978 0.260542 0.841476 -0.338111 -0.421425
0.031438 0.038103 0.262194 0.792741 -0.495990 -0.354338
0.029892 0.037970 0.259190 0.873855 -0.311415 -0.373360
0.032984 0.041066 0.262582 0.726783 -0.330092 -0.602350
0.031631 0.037877 0.262972 0.774822 -0.382992 -0.502960
0.029528 0.035892 0.260594 0.839345 -0.410232 -0.356665
0.031727 0.040696 0.260941 0.760303 -0.187242 -0.621996
0.031125 0.038028 0.261739 0.795563 -0.429119 -0.427711
0.032764 0.040824 0.262445 0.772410 -0.319164 -0.549106
0.029444 0.035981 0.260295 0.844075 -0.406396 -0.349828
0.030029 0.037742 0.259829 0.885323 -0.308884 -0.347555
0.029711 0.037861 0.258898 0.872456 -0.333202 -0.357487
0.030198 0.037792 0.260192 0.856318 -0.330749 -0.396642
0.029731 0.035765 0.261320 0.837995 -0.402594 -0.368351
0.029677 0.040556 0.256250 0.919578 -0.171491 -0.353507
0.031945 0.040658 0.261118 0.779268 -0.215705 -0.588398
0.029899 0.037774 0.259464 0.882876 -0.299659 -0.361573
0.031460 0.038022 0.262351 0.800060 -0.489759 -0.346469
0.031147 0.037784 0.262047 0.818826 -0.426674 -0.384023
0.029370 0.035978 0.260082 0.857111 -0.400151 -0.324408
0.030905 0.037721 0.261563 0.818443 -0.359122 -0.448533
0.031436 0.037548 0.262870 0.778510 -0.294293 -0.554358
0.030216 0.037619 0.260398 0.845748 -0.336849 -0.413816
0.031380 0.037702 0.262665 0.821768 -0.405742 -0.400087
0.030578 0.037539 0.261182 0.828214 -0.337640 -0.447282
0.030468 0.037540 0.260864 0.846132 -0.331671 -0.417200
0.029574 0.037618 0.258834 0.869403 -0.318032 -0.378145
0.032132 0.040492 0.261652 0.834532 -0.260789 -0.485330
0.029617 0.037424 0.259050 0.864057 -0.308960 -0.397429
0.031048 0.037475 0.262052 0.848328 -0.403381 -0.342962
0.030936 0.037531 0.261742 0.834526 -0.365866 -0.411956
0.032776 0.040573 0.262662 0.756788 -0.362816 -0.543725
0.029810 0.040093 0.256568 0.924009 -0.130583 -0.359382
0.031282 0.037360 0.262803 0.784318 -0.282368 -0.552370
0.030241 0.037344 0.260598 0.839269 -0.344887 -0.420333
0.030929 0.040137 0.259946 0.851165 -0.260207 -0.455863
0.029583 0.040031 0.256249 0.872665 -0.198182 -0.446296
0.029958 0.040149 0.257327 0.978155 -0.089773 -0.187493
0.030683 0.037398 0.261436 0.828401 -0.346247 -0.440301
0.029909 0.037316 0.259621 0.883366 -0.321287 -0.341233
0.031192 0.037475 0.262580 0.827950 -0.362602 -0.427807
0.030345 0.037192 0.260957 0.834121 -0.361914 -0.416246
0.030161 0.039877 0.258404 0.928441 -0.220008 -0.299322
0.033615 0.040553 0.263607 0.784759 -0.444073 -0.432380
0.030941 0.037286 0.262027 0.854655 -0.388831 -0.344057
0.029659 0.039808 0.256439 0.861841 -0.249101 -0.441791
0.031126 0.036967 0.262722 0.771975 -0.253899 -0.582744
0.030783 0.037235 0.261665 0.828698 -0.382932 -0.408194
0.029467 0.037141 0.258852 0.868063 -0.311644 -0.386452
0.029854 0.039895 0.256791 0.937019 -0.157893 -0.311554
0.030180 0.037105 0.260568 0.833156 -0.374088 -0.407320
0.030179 0.039644 0.258665 0.919664 -0.233640 -0.315643
0.029811 0.037136 0.259620 0.879697 -0.333381 -0.339103
0.030067 0.039536 0.258317 0.936647 -0.235009 -0.259737
0.032744 0.040082 0.262943 0.773648 -0.388205 -0.500765
0.030258 0.036981 0.260977 0.826787 -0.395463 -0.400039
0.029969 0.039757 0.257323 0.965868 -0.164481 -0.200113
0.033527 0.040370 0.263573 0.768978 -0.453272 -0.450796
0.030926 0.037046 0.262441 0.819302 -0.342568 -0.459773
0.029840 0.036919 0.260087 0.854551 -0.393687 -0.338752
0.030873 0.039786 0.260056 0.852746 -0.286647 -0.436644
0.030669 0.036915 0.261828 0.808312 -0.454062 -0.374779
0.031061 0.036714 0.262715 0.722079 -0.183734 -0.666966
0.029522 0.039495 0.256433 0.817426 -0.366319 -0.444551
0.030080 0.039648 0.258104 0.950340 -0.210625 -0.229107
0.030451 0.036837 0.261500 0.797283 -0.460453 -0.390286
0.030823 0.036732 0.262465 0.783101 -0.284726 -0.552887
0.029743 0.039572 0.256786 0.898727 -0.297826 -0.321854
0.030096 0.036817 0.260807 0.823556 -0.403841 -0.398331
0.029909 0.039582 0.257229 0.954684 -0.217390 -0.203272
0.030755 0.036746 0.262264 0.782501 -0.336793 -0.523701
0.030098 0.039325 0.258658 0.920159 -0.249781 -0.301524
0.030284 0.039427 0.259002 0.898456 -0.251443 -0.359935
0.031214 0.039417 0.260935 0.813780 -0.299420 -0.498106
0.031807 0.039713 0.261460 0.768061 -0.402836 -0.497800
0.030992 0.039456 0.260448 0.844378 -0.282089 -0.455468
0.030185 0.036661 0.261174 0.824881 -0.427900 -0.369422
0.029978 0.039132 0.258409 0.928077 -0.253936 -0.272379
0.029561 0.039284 0.256706 0.827845 -0.382978 -0.409879
0.030727 0.039278 0.260094 0.848681 -0.290711 -0.441846
0.030362 0.039151 0.259427 0.888970 -0.281671 -0.361101
0.030671 0.036448 0.262392 0.758235 -0.220263 -0.613648
0.029806 0.039273 0.257267 0.915206 -0.315600 -0.250588
0.030978 0.039188 0.260679 0.838203 -0.278812 -0.468700
0.030868 0.039332 0.260269 0.850841 -0.280920 -0.444019
0.030067 0.039066 0.258783 0.910863 -0.275823 -0.307003
0.031347 0.039298 0.261165 0.783727 -0.307660 -0.539552
0.030098 0.036234 0.261586 0.811556 -0.425022 -0.400915
0.029575 0.039125 0.256915 0.848049 -0.379420 -0.369937
0.029986 0.039191 0.258203 0.944842 -0.240156 -0.222706
0.032247 0.039208 0.262781 0.832770 -0.362112 -0.418770
0.030588 0.036231 0.262386 0.714842 -0.168775 -0.678614
0.030023 0.036290 0.261194 0.822814 -0.454778 -0.340815
0.030823 0.039094 0.260378 0.842131 -0.288012 -0.455922
0.030244 0.038963 0.259292 0.891035 -0.292768 -0.346904
0.029757 0.036124 0.260850 0.828439 -0.425904 -0.363723
0.029395 0.036197 0.259870 0.861157 -0.403741 -0.308871
0.029964 0.038837 0.258686 0.908344 -0.306678 -0.284358
0.029645 0.038939 0.257222 0.877189 -0.346296 -0.332593
0.029829 0.039132 0.257563 0.922111 -0.295225 -0.250106
0.029923 0.039018 0.258218 0.943534 -0.238994 -0.229403
0.030248 0.036057 0.262003 0.768978 -0.332987 -0.545704
0.030557 0.038845 0.260053 0.845944 -0.304593 -0.437724
0.030826 0.038836 0.260595 0.833219 -0.316986 -0.453062
0.031175 0.038902 0.261142 0.807990 -0.299059 -0.507657
0.029618 0.038700 0.257420 0.871933 -0.358553 -0.333424
0.029898 0.038676 0.258409 0.924774 -0.307870 -0.223625
0.029593 0.035911 0.260776 0.839756 -0.413660 -0.351703
0.029773 0.038724 0.257876 0.923780 -0.284851 -0.255909
0.029814 0.038474 0.258394 0.919025 -0.329106 -0.216984
0.029665 0.038610 0.257643 0.878773 -0.364031 -0.308608
0.030727 0.036072 0.262444 0.721316 -0.157582 -0.674442
0.029855 0.038526 0.258568 0.913092 -0.321111 -0.251298
0.030063 0.038418 0.259294 0.890233 -0.299418 -0.343270
0.030494 0.038486 0.260181 0.846061 -0.314436 -0.430478
0.029500 0.035641 0.260781 0.852418 -0.396425 -0.340926
0.031077 0.038469 0.261246 0.791862 -0.368700 -0.486841
0.029436 0.038387 0.257289 0.828866 -0.419481 -0.370157
0.029618 0.038333 0.257759 0.858713 -0.415367 -0.300138
0.029999 0.038083 0.259422 0.884854 -0.307054 -0.350359
0.030968 0.038209 0.261317 0.783577 -0.402656 -0.473154
0.029547 0.037950 0.258371 0.875567 -0.404500 -0.264125
0.030432 0.038176 0.260325 0.843665 -0.334608 -0.419841
0.029291 0.038173 0.257146 0.812392 -0.443435 -0.378660
0.030103 0.037997 0.259779 0.886526 -0.304131 -0.348677
0.029484 0.038050 0.257926 0.840452 -0.467751 -0.273585
0.029580 0.038160 0.257880 0.841267 -0.457687 -0.287736
0.030106 0.037692 0.260056 0.877686 -0.307899 -0.367241
0.029264 0.037545 0.258167 0.850603 -0.406146 -0.333947
0.029839 0.037461 0.259543 0.881968 -0.317205 -0.348588
0.029936 0.037481 0.259864 0.883915 -0.314047 -0.346510
0.029377 0.037364 0.258562 0.871299 -0.332997 -0.360488
0.029879 0.037134 0.260029 0.863884 -0.367662 -0.344281
0.029279 0.037054 0.258517 0.874579 -0.317203 -0.366735
0.030204 0.036878 0.260979 0.822954 -0.404610 -0.398795
0.029696 0.036848 0.259846 0.864790 -0.399557 -0.304127
0.029512 0.036566 0.259781 0.848247 -0.423752 -0.317665
0.030325 0.036306 0.262000 0.780782 -0.333563 -0.528313
0.030598 0.036140 0.262397 0.713231 -0.166677 -0.680823
0.028032 0.045071 0.252979 -0.523811 0.008477 0.851792
0.030616 0.045801 0.254745 0.749174 -0.259294 -0.609511
0.031318 0.045600 0.255624 0.830222 -0.365605 -0.420791
0.030679 0.045116 0.255046 0.769153 -0.281197 -0.573874
0.031397 0.045245 0.256511 0.805977 -0.420411 -0.416721
0.031933 0.045644 0.256938 0.778390 -0.478749 -0.406089
0.031299 0.045300 0.255844 0.846941 -0.427212 -0.316513
0.030781 0.044670 0.255549 0.798250 -0.468749 -0.378248
0.028642 0.043519 0.253480 -0.674440 0.180173 0.716009
0.031043 0.044655 0.256404 0.823725 -0.424729 -0.375608
0.031278 0.044862 0.256557 0.805873 -0.412108 -0.425131
0.031344 0.044616 0.256903 0.813702 -0.432432 -0.388447
0.030382 0.044326 0.255215 0.744028 -0.483424 -0.461219
0.031450 0.044780 0.256801 0.807849 -0.427727 -0.405500
0.029090 0.043390 0.253968 0.756436 -0.249582 -0.604576
0.030863 0.044156 0.256413 0.827582 -0.397248 -0.396613
0.030142 0.043949 0.255269 0.796539 -0.397877 -0.455214
0.031070 0.044136 0.256994 0.815468 -0.423850 -0.394161
0.028043 0.042612 0.253275 -0.596727 0.148160 0.788648
0.030776 0.043873 0.256537 0.844889 -0.365319 -0.390776
0.028521 0.042752 0.253550 -0.650972 0.135015 0.746999
0.029998 0.043610 0.255269 0.822813 -0.260867 -0.504903
0.030206 0.043512 0.255655 0.861792 -0.209475 -0.461991
0.030675 0.043568 0.256617 0.876181 -0.298956 -0.378063
0.029278 0.042933 0.254502 0.817644 -0.158928 -0.553353
0.030344 0.043416 0.255921 0.883925 -0.197710 -0.423778
0.030467 0.043120 0.256363 0.898727 -0.241732 -0.365863
0.030345 0.042852 0.256261 0.896688 -0.251336 -0.364391
0.028608 0.041843 0.253789 0.712065 -0.207578 -0.670727
0.030177 0.042927 0.255802 0.889351 -0.232745 -0.393554
0.028509 0.041050 0.254041 0.764371 -0.218471 -0.606636
0.029239 0.041482 0.254841 0.851416 -0.224450 -0.474039
0.030016 0.041419 0.256449 0.911582 -0.302323 -0.278602
0.029974 0.040549 0.257197 0.961540 -0.136794 -0.238177
0.029757 0.040294 0.256385 0.912689 -0.140225 -0.383844
0.028471 0.043025 0.253446 -0.648444 0.197531 0.735188
0.029228 0.043016 0.254413 0.823458 -0.175989 -0.539393
0.028873 0.042889 0.253907 0.779889 -0.126120 -0.613080
0.027871 0.042451 0.253178 0.593913 -0.136824 -0.792809
0.028115 0.042355 0.253339 -0.595592 0.133197 0.792167
0.029117 0.042937 0.254240 0.814583 -0.174481 -0.553182
0.029232 0.042725 0.254511 0.812019 -0.146815 -0.564864
0.029067 0.042305 0.254266 0.827720 -0.123657 -0.547347
0.029475 0.038873 0.256968 0.837329 -0.380434 -0.392619
0.028986 0.042013 0.254305 0.808849 -0.172594 -0.562116
0.029205 0.042109 0.254514 0.803199 -0.149034 -0.576766
0.029263 0.038070 0.257483 0.811777 -0.469896 -0.346723
0.028396 0.041141 0.253882 0.733532 -0.222866 -0.642076
0.029014 0.041515 0.254420 0.798013 -0.185449 -0.573397
0.028590 0.040899 0.254159 0.775408 -0.236366 -0.585554
0.028592 0.040611 0.254263 0.798191 -0.228510 -0.557382
0.029329 0.040973 0.255290 0.858348 -0.249966 -0.448058
0.030088 0.041265 0.257060 0.921097 -0.301934 -0.245796
0.029020 0.041003 0.254458 0.810044 -0.231598 -0.538694
0.029104 0.040891 0.254808 0.861305 -0.249411 -0.442660
0.031385 0.046449 0.255215 0.769503 -0.386063 -0.508745
0.031687 0.046512 0.255498 0.808882 -0.398987 -0.431879
0.031879 0.046608 0.255683 0.800026 -0.435825 -0.412328
0.030009 0.040466 0.257651 0.944860 -0.177762 -0.275027
0.032893 0.046852 0.257246 0.733706 -0.527773 -0.427938
0.032565 0.046395 0.257292 0.756782 -0.522955 -0.392172
0.029960 0.039928 0.257480 0.976977 -0.118357 -0.177505
0.032796 0.046366 0.257790 0.764678 -0.557086 -0.323919
0.028479 0.043394 0.253345 -0.668126 0.183944 0.720952
0.031296 0.043739 0.257823 0.838484 -0.433229 -0.330541
0.031255 0.043537 0.258126 0.836841 -0.422873 -0.347671
0.031869 0.045209 0.257635 0.816220 -0.490484 -0.305305
0.031345 0.043340 0.258481 0.817791 -0.409058 -0.404832
0.031009 0.043567 0.257438 0.846587 -0.413301 -0.335370
0.031021 0.043377 0.257732 0.838458 -0.440004 -0.321537
0.031184 0.044363 0.256964 0.813405 -0.435769 -0.385329
0.031110 0.043193 0.258199 0.826389 -0.415692 -0.379844
0.030974 0.043115 0.257969 0.840712 -0.413432 -0.349682
0.030150 0.044267 0.254967 0.751217 -0.452787 -0.480268
0.031648 0.044928 0.257087 0.846803 -0.436270 -0.304291
0.031026 0.042888 0.258272 0.835505 -0.378500 -0.398334
0.030804 0.042908 0.257746 0.876943 -0.374125 -0.301665
0.030339 0.043292 0.255948 0.890769 -0.205409 -0.405386
0.030457 0.043488 0.256117 0.875559 -0.235786 -0.421665
0.030652 0.042803 0.257529 0.898396 -0.358994 -0.252997
0.030734 0.042619 0.257855 0.877086 -0.332208 -0.346926
0.029830 0.043934 0.254670 0.788294 -0.407847 -0.460710
0.030585 0.042001 0.258023 0.903815 -0.270748 -0.331381
0.028880 0.041715 0.254233 0.780030 -0.213456 -0.588208
0.029164 0.041836 0.254497 0.804920 -0.184230 -0.564059
0.029992 0.042055 0.255955 0.880802 -0.240281 -0.407987
0.030032 0.041881 0.256172 0.891796 -0.259824 -0.370394
0.029835 0.042585 0.255295 0.847260 -0.212655 -0.486754
0.029106 0.042617 0.254270 0.823151 -0.133787 -0.551836
0.033173 0.047296 0.257222 0.715048 -0.554813 -0.425310
0.029938 0.041559 0.256220 0.906595 -0.279965 -0.315761
0.028930 0.042671 0.254024 0.805956 -0.128259 -0.577914
0.029845 0.041793 0.255817 0.874554 -0.253706 -0.413266
0.028295 0.042721 0.253394 -0.612600 0.169549 0.771994
0.029737 0.041074 0.255998 0.891671 -0.279745 -0.355902
0.030219 0.041198 0.257512 0.912242 -0.293271 -0.286019
0.029822 0.041164 0.256240 0.902947 -0.301296 -0.306443
0.030048 0.041361 0.256712 0.914972 -0.318440 -0.247835
0.028817 0.042048 0.254051 0.778026 -0.189217 -0.599060
0.030071 0.041069 0.257217 0.918079 -0.289470 -0.270810
0.029973 0.041137 0.256830 0.925444 -0.289323 -0.244635
0.028345 0.044604 0.253152 -0.536552 0.019779 0.843635
0.032563 0.046015 0.257917 0.765279 -0.558144 -0.320659
0.028271 0.042110 0.253413 0.618004 -0.134494 -0.774585
0.030001 0.040773 0.257332 0.943361 -0.216822 -0.251115
0.030380 0.045904 0.254418 0.722300 -0.185694 -0.666183
0.029876 0.040640 0.256929 0.967028 -0.117510 -0.225938
0.029781 0.040739 0.256464 0.934332 -0.196500 -0.297341
0.029944 0.040400 0.257350 0.971951 -0.095227 -0.215040
0.029938 0.040002 0.257226 0.976306 -0.103236 -0.190180
0.030852 0.046085 0.254847 0.735608 -0.283461 -0.615249
0.029871 0.040218 0.256972 0.971161 -0.062446 -0.230102
0.029977 0.039675 0.257864 0.964165 -0.185124 -0.190039
0.036427 0.044024 0.264630 0.377482 -0.263350 -0.887781
0.031546 0.045466 0.256572 0.788842 -0.439609 -0.429501
0.031810 0.046044 0.256278 0.795451 -0.430797 -0.426229
0.030927 0.045188 0.255397 0.792122 -0.354448 -0.496900
0.029763 0.039412 0.257060 0.904924 -0.308507 -0.293148
0.029918 0.045403 0.254027 -0.650618 0.178555 0.738116
0.028999 0.040211 0.254989 0.869858 -0.201543 -0.450253
0.030748 0.045082 0.255242 0.778527 -0.321878 -0.538785
0.030150 0.045168 0.254331 0.726445 -0.229698 -0.647701
0.029277 0.039406 0.256110 0.822802 -0.361668 -0.438398
0.029370 0.039139 0.256468 0.807263 -0.398887 -0.434990
0.029080 0.039298 0.255948 0.835373 -0.341776 -0.430513
0.029522 0.038748 0.257206 0.856389 -0.370250 -0.359878
0.029830 0.044574 0.254193 0.767151 -0.294280 -0.569982
0.029640 0.038096 0.258218 0.866980 -0.437570 -0.238493
0.028110 0.044542 0.252962 0.562346 -0.013938 -0.826785
0.028006 0.041891 0.253302 0.618395 -0.157041 -0.770017
0.029528 0.044458 0.253864 -0.624804 0.259912 0.736251
0.029967 0.044222 0.254669 0.791623 -0.400185 -0.461718
0.028280 0.041732 0.253465 0.629428 -0.195161 -0.752152
0.029782 0.044034 0.254499 0.777326 -0.419696 -0.468636
0.028414 0.041455 0.253751 0.702637 -0.220402 -0.676553
0.029946 0.042401 0.255702 0.869791 -0.263235 -0.417338
0.029304 0.043623 0.254177 0.740114 -0.319078 -0.591963
0.030174 0.041592 0.257028 0.928359 -0.304718 -0.212829
0.030285 0.042412 0.256525 0.920958 -0.250951 -0.298093
0.030260 0.042260 0.256536 0.926881 -0.251037 -0.279054
0.030269 0.041875 0.256722 0.935943 -0.270759 -0.225169
0.030059 0.040521 0.257832 0.934179 -0.193475 -0.299794
0.028959 0.045558 0.253495 0.491712 -0.039689 -0.869853
0.029320 0.045546 0.253700 0.510199 -0.050113 -0.858595
0.028722 0.045326 0.253373 0.499738 -0.033396 -0.865532
0.029007 0.045137 0.253542 0.498659 -0.042368 -0.865762
0.029889 0.041116 0.256557 0.917501 -0.303200 -0.257414
0.029934 0.039897 0.257074 0.969513 -0.128713 -0.208511
0.028223 0.045093 0.253048 -0.516334 0.012856 0.856291
0.029263 0.044866 0.253650 -0.517822 0.082375 0.851513
0.028636 0.044697 0.253332 -0.518632 0.041144 0.854007
0.028274 0.044728 0.253101 -0.535293 0.027295 0.844226
0.029345 0.044475 0.253772 -0.592022 0.216120 0.776403
0.031140 0.046284 0.255009 0.733287 -0.337221 -0.590400
0.030012 0.039104 0.258592 0.914853 -0.275402 -0.295291
0.029533 0.043891 0.254310 0.756664 -0.400375 -0.516874
0.029751 0.044086 0.254320 0.755052 -0.407094 -0.513975
0.032267 0.046509 0.256654 0.736084 -0.459202 -0.497307
0.032083 0.046094 0.256691 0.756085 -0.445233 -0.479691
0.032541 0.046194 0.257363 0.767252 -0.528215 -0.363750
0.032033 0.045686 0.257124 0.766798 -0.529689 -0.362561
0.028647 0.042965 0.253626 -0.684666 0.168034 0.709223
0.032848 0.045710 0.258797 0.747236 -0.497539 -0.440561
0.031624 0.046296 0.255724 0.823302 -0.397540 -0.405137
0.031787 0.044963 0.257720 0.841909 -0.438987 -0.313814
0.031225 0.043705 0.257574 0.837623 -0.427839 -0.339620
0.031401 0.043919 0.257601 0.846266 -0.405492 -0.345558
0.030224 0.042578 0.256142 0.891759 -0.257373 -0.372190
0.028592 0.042137 0.253612 -0.691501 0.143604 0.707957
0.029272 0.041206 0.255079 0.865746 -0.237015 -0.440804
0.030323 0.045487 0.254410 0.748063 -0.208378 -0.630064
0.029485 0.045177 0.253766 -0.535858 0.070626 0.841349
0.033326 0.043021 0.258156 -0.227762 -0.272266 -0.934877
0.030161 0.041587 0.256864 0.925282 -0.297148 -0.235704
0.028918 0.044703 0.253489 -0.492781 0.088336 0.865658
0.028874 0.044352 0.253479 -0.557224 0.113026 0.822634
0.030002 0.044407 0.254604 0.793816 -0.390326 -0.466370
0.029965 0.043999 0.254906 0.796948 -0.413049 -0.440754
0.028456 0.043952 0.253222 -0.625528 0.078436 0.776249
0.029363 0.043929 0.254059 0.682922 -0.339641 -0.646731
0.028492 0.043674 0.253289 -0.653052 0.146867 0.742935
0.029679 0.043542 0.254774 0.800688 -0.322438 -0.504909
0.029382 0.043417 0.254299 0.792648 -0.316581 -0.521043
0.028459 0.043208 0.253381 -0.649282 0.204360 0.732578
0.029004 0.043031 0.254011 0.784538 -0.184440 -0.592016
0.028765 0.042904 0.253762 0.715810 -0.144371 -0.683207
0.028423 0.042790 0.253472 -0.627232 0.166709 0.760782
0.028741 0.042634 0.253768 0.739721 -0.099380 -0.665535
0.028963 0.042403 0.254077 0.814456 -0.123470 -0.566936
0.029910 0.044058 0.254665 0.791294 -0.405006 -0.458065
0.028827 0.042360 0.253904 0.774194 -0.136688 -0.618013
0.032827 0.046852 0.257079 0.731792 -0.518842 -0.441909
0.032934 0.046522 0.257783 0.749047 -0.572505 -0.333416
0.028059 0.044814 0.252964 0.549432 -0.021721 -0.835256
0.030996 0.044209 0.256587 0.821091 -0.406006 -0.401210
0.031103 0.043951 0.257203 0.829005 -0.409885 -0.380454
0.029253 0.042264 0.254475 0.806428 -0.122323 -0.578542
0.030013 0.044614 0.254455 0.789695 -0.346845 -0.506043
0.029734 0.044407 0.254096 0.708840 -0.354648 -0.609730
0.028748 0.040770 0.254286 0.797447 -0.215833 -0.563466
0.028755 0.042138 0.253817 0.747018 -0.150172 -0.647620
0.029678 0.037388 0.259285 0.874510 -0.318970 -0.365362
0.031107 0.043397 0.257978 0.830430 -0.439647 -0.342192
0.033646 0.046595 0.259555 0.833247 -0.402693 -0.378863
0.033234 0.045963 0.259272 0.789209 -0.449029 -0.418953
0.030980 0.042644 0.258398 0.850652 -0.339347 -0.401542
0.029100 0.040715 0.255006 0.881899 -0.229562 -0.411771
0.031318 0.043104 0.258677 0.811459 -0.389119 -0.436028
0.031402 0.043793 0.258087 0.844642 -0.416367 -0.336479
0.031324 0.042139 0.259536 0.756756 -0.410165 -0.509004
0.031636 0.042282 0.259808 0.762961 -0.380496 -0.522603
0.029568 0.036483 0.260029 0.849606 -0.420232 -0.318708
0.031368 0.044301 0.257293 0.836904 -0.420417 -0.350489
0.032496 0.044082 0.259818 0.731984 -0.406264 -0.546945
0.032921 0.047308 0.256857 0.703595 -0.524874 -0.479020
0.030405 0.040342 0.258636 0.886504 -0.260111 -0.382693
0.029666 0.045465 0.253879 0.576451 -0.115597 -0.808914
0.033051 0.043925 0.260878 0.877947 -0.376692 -0.295487
0.033282 0.043012 0.262160 0.711219 -0.284683 -0.642746
0.032122 0.042531 0.260360 0.668748 -0.441483 -0.598221
0.032793 0.042007 0.262038 0.762949 -0.243743 -0.598748
0.032589 0.041775 0.261756 0.843515 -0.232433 -0.484208
0.028291 0.042961 0.253301 -0.620264 0.220692 0.752707
0.030167 0.042148 0.256337 0.906866 -0.250828 -0.338644
0.031971 0.041254 0.260995 0.749079 -0.319769 -0.580196
0.032036 0.040487 0.261463 0.810429 -0.237283 -0.535632
0.031326 0.040493 0.260455 0.811560 -0.200779 -0.548688
0.031459 0.040195 0.260724 0.753993 -0.285423 -0.591632
0.030302 0.045415 0.254301 0.721891 -0.208814 -0.659750
0.029506 0.041609 0.255316 0.855161 -0.260015 -0.448433
0.032312 0.042409 0.260701 0.731805 -0.503617 -0.459164
0.028491 0.041696 0.253640 0.706038 -0.200362 -0.679239
0.031832 0.045354 0.257156 0.822833 -0.470210 -0.319137
0.029461 0.040126 0.256099 0.875388 -0.208239 -0.436270
0.030980 0.041967 0.258722 0.879903 -0.303222 -0.365824
0.031481 0.042515 0.259332 0.788058 -0.383651 -0.481431
0.029661 0.039341 0.256901 0.870995 -0.351833 -0.342902
0.029656 0.039122 0.257117 0.879685 -0.353762 -0.317815
0.031588 0.043862 0.258431 0.832644 -0.396942 -0.386188
0.030537 0.040715 0.258624 0.897290 -0.237692 -0.371985
0.030782 0.040948 0.259228 0.908768 -0.200154 -0.366168
0.033636 0.046063 0.259833 0.833688 -0.405470 -0.374911
0.032535 0.044441 0.259379 0.751972 -0.428798 -0.500670
0.029996 0.036542 0.260868 0.815707 -0.422608 -0.394999
0.031063 0.039860 0.260349 0.834865 -0.308001 -0.456219
0.030755 0.038876 0.260368 0.831073 -0.317065 -0.456932
0.029027 0.043465 0.253856 0.726773 -0.233391 -0.646010
0.030663 0.044659 0.255178 0.750140 -0.428177 -0.503938
0.030803 0.041761 0.258610 0.888186 -0.278708 -0.365306
0.032163 0.043984 0.259425 0.747711 -0.423438 -0.511496
0.029494 0.044210 0.253952 -0.640060 0.348256 0.684866
0.029469 0.043986 0.254150 0.715997 -0.375145 -0.588739
0.029122 0.042465 0.254118 0.824902 -0.123933 -0.551523
0.029564 0.040323 0.256190 0.895559 -0.176812 -0.408303
0.033529 0.047389 0.257491 0.745504 -0.543652 -0.385573
0.031559 0.043404 0.258682 0.818080 -0.382363 -0.429585
0.030433 0.035902 0.262133 0.743308 -0.253904 -0.618891
0.032631 0.040566 0.262459 0.796391 -0.326680 -0.508962
0.030058 0.040010 0.257924 0.956118 -0.150373 -0.251448
0.030108 0.036254 0.261410 0.826043 -0.454858 -0.332802
0.030689 0.036612 0.262217 0.770065 -0.301450 -0.562253
0.034688 0.041803 0.264260 0.690387 -0.439684 -0.574494
0.034494 0.044974 0.262181 0.699080 -0.388400 -0.600360
0.032266 0.040760 0.261752 0.837330 -0.263094 -0.479229
0.031145 0.040463 0.260232 0.850300 -0.177236 -0.495558
0.034831 0.044991 0.262535 0.712291 -0.374898 -0.593375
0.034365 0.044808 0.262119 0.671655 -0.402038 -0.622290
0.034980 0.044931 0.262798 0.692536 -0.373462 -0.617187
0.029990 0.039880 0.257729 0.973178 -0.134932 -0.186329
0.030364 0.039713 0.259102 0.885067 -0.268036 -0.380544
0.035261 0.044712 0.263269 0.706844 -0.381705 -0.595545
0.034936 0.044573 0.262959 0.696288 -0.363281 -0.619039
0.030704 0.039616 0.259893 0.852348 -0.287728 -0.436709
0.030440 0.039570 0.259343 0.882394 -0.284155 -0.375017
0.031122 0.039597 0.260726 0.812075 -0.325026 -0.484658
0.030849 0.039532 0.260164 0.853122 -0.281426 -0.439298
0.035363 0.044472 0.263519 0.709421 -0.385074 -0.590288
0.030282 0.039160 0.259122 0.900651 -0.275070 -0.336399
0.030964 0.039314 0.260575 0.842418 -0.277203 -0.462050
0.031604 0.039707 0.261249 0.734793 -0.413073 -0.538005
0.035370 0.044227 0.263680 0.695709 -0.380733 -0.609124
0.031822 0.039441 0.261871 0.788394 -0.390702 -0.475171
0.034460 0.043738 0.262829 0.690711 -0.359809 -0.627260
0.029802 0.039056 0.257688 0.934463 -0.276020 -0.224927
0.036284 0.044165 0.264490 -0.452700 0.353402 0.818639
0.029875 0.038836 0.258247 0.942014 -0.259669 -0.212561
0.034894 0.043691 0.263506 0.704694 -0.360047 -0.611370
0.035775 0.043884 0.264343 -0.552901 0.334168 0.763303
0.030185 0.038705 0.259394 0.884031 -0.308633 -0.351049
0.034651 0.043448 0.263284 0.728603 -0.355517 -0.585444
0.034416 0.043167 0.263223 0.717801 -0.353194 -0.600013
0.036186 0.043829 0.264624 -0.420300 0.218943 0.880575
0.035813 0.043634 0.264455 -0.545575 0.282772 0.788916
0.029230 0.038092 0.257279 0.808828 -0.450021 -0.378521
0.029844 0.038357 0.258843 0.896465 -0.333520 -0.291744
0.030715 0.038218 0.260866 0.821458 -0.355822 -0.445643
0.029398 0.037740 0.258309 0.866655 -0.392339 -0.308187
0.029193 0.037876 0.257599 0.815739 -0.476806 -0.327453
0.031466 0.038439 0.261906 0.782999 -0.432214 -0.447330
0.029603 0.037914 0.258698 0.867804 -0.354910 -0.347786
0.029439 0.038179 0.257647 0.820418 -0.466120 -0.331127
0.030701 0.037915 0.261126 0.818285 -0.361565 -0.446855
0.029250 0.037773 0.257863 0.840487 -0.449435 -0.302640
0.029869 0.037857 0.259265 0.875481 -0.300779 -0.378240
0.029333 0.037639 0.258300 0.867708 -0.381430 -0.318738
0.029962 0.037807 0.259627 0.888161 -0.305601 -0.343188
0.030313 0.037875 0.260377 0.847168 -0.329180 -0.417069
0.029488 0.037574 0.258701 0.872070 -0.333672 -0.357990
0.029712 0.037660 0.259082 0.869615 -0.307526 -0.386261
0.036046 0.043085 0.264654 -0.100171 0.018189 0.994804
0.031752 0.045149 0.257421 0.833896 -0.470207 -0.289002
0.032115 0.045454 0.257799 0.785142 -0.526491 -0.326127
0.030111 0.037531 0.260223 0.867001 -0.322004 -0.380293
0.033973 0.046376 0.260569 0.843895 -0.429356 -0.321706
0.030998 0.037859 0.261674 0.809858 -0.389046 -0.439059
0.031491 0.037911 0.262715 0.807604 -0.439428 -0.393293
0.029466 0.037287 0.258782 0.869337 -0.315888 -0.380090
0.034923 0.046529 0.261669 0.727309 -0.358795 -0.585053
0.029289 0.037342 0.258393 0.867669 -0.353556 -0.349499
0.029673 0.037163 0.259426 0.872566 -0.338681 -0.352027
0.029315 0.036878 0.258844 0.863708 -0.337806 -0.374026
0.029539 0.036897 0.259359 0.859959 -0.383494 -0.336752
0.032297 0.044740 0.258977 0.756177 -0.439081 -0.485185
0.030786 0.036894 0.262269 0.827978 -0.398448 -0.394578
0.029342 0.036623 0.259142 0.846012 -0.398774 -0.353897
0.033754 0.044818 0.261614 0.709504 -0.381797 -0.592314
0.030709 0.036243 0.262489 0.731765 -0.143866 -0.666200
0.035854 0.045033 0.263706 0.615967 -0.436134 -0.656027
0.031618 0.042396 0.259710 0.773836 -0.368746 -0.514979
0.036234 0.044782 0.264134 0.527141 -0.426414 -0.735046
0.036010 0.043824 0.264521 -0.490205 0.310608 0.814384
0.034066 0.047754 0.258544 0.816831 -0.511640 -0.266480
0.033546 0.042211 0.262598 0.707969 -0.254775 -0.658688
0.033663 0.047246 0.258278 0.794777 -0.543135 -0.270802
0.034057 0.047479 0.258948 0.804038 -0.535338 -0.258720
0.033121 0.041458 0.262514 0.711298 -0.302748 -0.634350
0.035537 0.042689 0.264541 -0.341956 0.205703 0.916925
0.033023 0.046370 0.258316 0.754853 -0.555204 -0.349206
0.031770 0.042527 0.259871 0.776850 -0.351466 -0.522471
0.031499 0.042742 0.259215 0.797755 -0.376591 -0.470921
0.032001 0.044716 0.258496 0.796126 -0.445397 -0.409640
0.034017 0.041385 0.263585 0.745548 -0.396750 -0.535488
0.031647 0.042584 0.259504 0.791276 -0.370522 -0.486411
0.031763 0.042230 0.260027 0.747842 -0.379320 -0.544838
0.033218 0.044352 0.260741 0.876053 -0.383645 -0.292144
0.031516 0.042300 0.259573 0.757273 -0.406164 -0.511438
0.034750 0.046201 0.261700 0.731111 -0.364856 -0.576504
0.033655 0.043756 0.262178 0.665418 -0.401591 -0.629241
0.031655 0.043871 0.258633 0.827826 -0.386927 -0.406192
0.032548 0.044361 0.259594 0.741003 -0.411354 -0.530757
0.032735 0.044463 0.259860 0.744605 -0.389928 -0.541775
0.034892 0.043346 0.263666 0.696154 -0.329487 -0.637815
0.033388 0.043567 0.261972 0.734569 -0.380496 -0.561810
0.034883 0.046025 0.261959 0.712629 -0.377958 -0.591022
0.033569 0.040678 0.263424 0.778263 -0.397851 -0.485821
0.033753 0.043468 0.262428 -0.655731 0.334946 0.676630
0.032702 0.044205 0.259971 0.733958 -0.397343 -0.550840
0.030923 0.042908 0.258041 0.851074 -0.364028 -0.378360
0.031597 0.041522 0.260289 0.730100 -0.411901 -0.545245
0.031901 0.044324 0.258642 0.819459 -0.409372 -0.401126
0.034957 0.045760 0.262313 0.702926 -0.380493 -0.600933
0.035406 0.045855 0.262655 0.666281 -0.404548 -0.626427
0.034716 0.042726 0.263792 0.687428 -0.339553 -0.641986
0.031681 0.044102 0.258458 0.836154 -0.391804 -0.383844
0.031822 0.044057 0.258773 0.823745 -0.384715 -0.416460
0.031962 0.043927 0.259116 0.787938 -0.404230 -0.464491
0.034997 0.045315 0.262609 0.684073 -0.383976 -0.620167
0.033315 0.042777 0.262242 -0.671704 0.219554 0.707538
0.031523 0.043944 0.258227 0.851489 -0.401213 -0.337631
0.031744 0.043771 0.258865 0.821312 -0.374023 -0.430759
0.035446 0.045431 0.262959 0.662375 -0.414535 -0.624035
0.031402 0.043648 0.258297 0.840415 -0.410298 -0.354060
0.031647 0.043452 0.258961 0.820172 -0.375112 -0.431983
0.032710 0.039833 0.262881 0.791635 -0.381056 -0.477609
0.031909 0.040303 0.261133 0.782504 -0.251034 -0.569798
0.035699 0.045203 0.263357 0.659991 -0.434710 -0.612731
0.031846 0.043090 0.259654 0.791435 -0.356572 -0.496475
0.032417 0.039752 0.262646 0.811821 -0.376577 -0.446246
0.031457 0.043175 0.258832 0.816865 -0.378428 -0.435343
0.031678 0.043057 0.259259 0.817897 -0.356429 -0.451667
0.031307 0.042609 0.259074 0.800181 -0.391685 -0.454196
0.032220 0.039339 0.262580 0.817448 -0.378666 -0.434039
0.034834 0.044077 0.263160 0.718572 -0.380382 -0.582206
0.035023 0.044024 0.263453 0.710822 -0.375153 -0.594972
0.030848 0.042716 0.258017 0.862307 -0.347183 -0.368634
0.030415 0.037184 0.261105 0.830416 -0.371421 -0.415277
0.030387 0.037004 0.261179 0.821357 -0.406246 -0.400422
0.035241 0.043508 0.263912 0.685777 -0.322254 -0.652581
0.031310 0.041969 0.259667 0.746981 -0.400957 -0.530333
0.030944 0.042360 0.258511 0.868239 -0.311306 -0.386328
0.036564 0.044261 0.264644 0.369044 -0.300897 -0.879356
0.031329 0.041371 0.260090 0.775185 -0.367739 -0.513670
0.030571 0.041729 0.258159 0.898670 -0.265988 -0.348773
0.033177 0.041634 0.262438 0.696134 -0.306442 -0.649223
0.032566 0.040424 0.262374 0.812420 -0.321850 -0.486196
0.030292 0.039698 0.258862 0.906592 -0.250115 -0.339904
0.031088 0.041410 0.259595 0.860471 -0.282614 -0.423932
0.030588 0.041384 0.258511 0.895425 -0.252618 -0.366603
0.030794 0.041297 0.258926 0.901200 -0.246850 -0.356234
0.029891 0.036062 0.261049 0.830578 -0.433891 -0.349112
0.030868 0.040774 0.259509 0.909577 -0.180877 -0.374104
0.032415 0.039992 0.262303 0.827804 -0.349674 -0.438712
0.031001 0.038952 0.260819 0.821620 -0.302987 -0.482846
0.030627 0.040737 0.258880 0.894309 -0.224188 -0.387236
0.034950 0.041795 0.264651 0.643447 -0.528655 -0.553625
0.030143 0.040959 0.257617 0.915576 -0.279121 -0.289503
0.032295 0.039184 0.262938 0.829247 -0.367377 -0.421169
0.030749 0.040246 0.259339 0.877635 -0.265531 -0.399063
0.030558 0.040321 0.259002 0.879063 -0.269934 -0.392917
0.033772 0.040470 0.264334 0.819590 -0.461403 -0.339675
0.030853 0.039973 0.259814 0.864198 -0.261052 -0.430131
0.033843 0.047003 0.259398 0.811614 -0.498747 -0.304193
0.033870 0.047308 0.258681 0.802507 -0.537753 -0.258466
0.033902 0.047233 0.259045 0.797438 -0.551094 -0.245742
0.030481 0.039906 0.259213 0.873824 -0.281568 -0.396423
0.033623 0.046736 0.259292 0.832762 -0.451515 -0.320378
0.033652 0.047066 0.258511 0.781291 -0.563335 -0.268771
0.033891 0.046083 0.260726 0.806114 -0.408685 -0.427967
0.033521 0.046128 0.259647 0.822791 -0.388783 -0.414562
0.033373 0.046853 0.258214 0.763882 -0.577798 -0.287461
0.033196 0.046121 0.258930 0.791899 -0.468455 -0.391723
0.032345 0.043592 0.259987 0.692258 -0.352475 -0.629714
0.033080 0.045869 0.259041 0.782325 -0.469581 -0.409220
0.031880 0.037923 0.263298 0.727892 -0.332304 -0.599789
0.036287 0.044325 0.264410 0.464567 -0.380317 -0.799710
0.035995 0.044133 0.264326 -0.515294 0.375540 0.770352
0.031996 0.045217 0.257852 0.796795 -0.493104 -0.349237
0.035656 0.043908 0.264219 -0.619752 0.327739 0.713088
0.035318 0.043944 0.263833 0.690173 -0.352660 -0.631895
0.036421 0.043838 0.264689 0.218959 -0.134059 -0.966481
0.036747 0.043732 0.264742 0.149595 -0.079049 -0.985582
0.035605 0.043531 0.264298 -0.599351 0.261412 0.756599
0.036065 0.043612 0.264578 -0.376433 0.202822 0.903970
0.032063 0.044338 0.258906 0.777252 -0.430779 -0.458594
0.036505 0.043447 0.264719 -0.100276 -0.019327 0.994772
0.035753 0.043333 0.264478 -0.487788 0.199362 0.849893
0.035215 0.043160 0.264030 -0.646273 0.327421 0.689294
0.034860 0.043127 0.263741 0.684472 -0.342034 -0.643825
0.036367 0.043090 0.264679 -0.085155 -0.033046 0.995820
0.031146 0.039778 0.260711 0.798550 -0.337858 -0.498166
0.033321 0.041550 0.262713 0.699506 -0.353712 -0.620951
0.034602 0.042536 0.263717 0.711307 -0.332367 -0.619335
0.033547 0.041469 0.263058 0.723222 -0.369156 -0.583673
0.029913 0.036454 0.260796 0.820508 -0.429020 -0.377768
0.031004 0.043697 0.257229 0.843722 -0.378705 -0.380416
0.033317 0.041323 0.262892 0.714850 -0.370583 -0.593007
0.036228 0.043672 0.264662 -0.206875 0.059285 0.976570
0.034838 0.042127 0.264201 0.662629 -0.389137 -0.639918
0.030208 0.039149 0.258930 0.909300 -0.271309 -0.315540
0.030800 0.043764 0.256714 0.861866 -0.346096 -0.370681
0.033799 0.041043 0.263671 0.780663 -0.371343 -0.502663
0.032894 0.040230 0.263069 0.724612 -0.436043 -0.533670
0.035848 0.042527 0.264598 0.223069 -0.150028 -0.963188
0.032040 0.039044 0.262461 0.839845 -0.305279 -0.448849
0.033765 0.040474 0.264108 0.829812 -0.439677 -0.343650
0.033348 0.040089 0.263779 0.755894 -0.421482 -0.500977
0.032425 0.040507 0.262010 0.842179 -0.259798 -0.472483
0.031796 0.037588 0.263201 0.671718 -0.271272 -0.689352
0.033358 0.045072 0.260284 0.857460 -0.337770 -0.388168
0.033288 0.044532 0.260554 0.874575 -0.374214 -0.308355
0.033987 0.044150 0.262193 0.665396 -0.409628 -0.624062
0.034056 0.046556 0.260556 0.848486 -0.421091 -0.320553
0.030598 0.038674 0.260284 0.834150 -0.317944 -0.450672
0.035778 0.042892 0.264585 -0.325730 0.116503 0.938258
0.035431 0.042351 0.264561 0.326886 -0.345375 -0.879694
0.036151 0.042796 0.264618 0.066305 -0.021845 -0.997560
0.035798 0.044271 0.264090 -0.566423 0.392392 0.724703
0.031266 0.037984 0.262068 0.796461 -0.470442 -0.379913
0.035858 0.043129 0.264589 -0.271135 0.033280 0.961966
0.036621 0.043132 0.264672 -0.071622 -0.050632 0.996146
0.029577 0.034908 0.261222 0.837500 -0.277119 -0.470955
0.033188 0.047480 0.257065 0.720294 -0.541794 -0.433169
0.032255 0.046353 0.256774 0.754015 -0.434967 -0.492205
0.030575 0.038469 0.260429 0.829565 -0.335233 -0.446587
0.031965 0.046210 0.256478 0.767256 -0.425904 -0.479504
0.031247 0.045084 0.256379 0.818410 -0.442270 -0.366883
0.032897 0.044308 0.260163 0.757034 -0.382325 -0.529837
0.033887 0.043784 0.262395 -0.642172 0.405576 0.650479
0.030753 0.044450 0.255937 0.822788 -0.473179 -0.314836
0.030592 0.044825 0.255114 0.750947 -0.374914 -0.543617
0.031634 0.042853 0.259429 0.810365 -0.357506 -0.464217
0.031354 0.036819 0.262879 0.678920 -0.131910 -0.722266
0.034280 0.046914 0.260525 0.834458 -0.420586 -0.356071
0.033900 0.047678 0.258130 0.807030 -0.522439 -0.275245
0.034068 0.046685 0.260097 0.843978 -0.423518 -0.329139
0.033814 0.046121 0.260450 0.865695 -0.422760 -0.268040
0.033643 0.047573 0.257515 0.764512 -0.528780 -0.368663
0.033736 0.047538 0.257826 0.789444 -0.519546 -0.326878
0.033006 0.046125 0.258638 0.756414 -0.507144 -0.413090
0.029976 0.045938 0.254011 0.623030 -0.131002 -0.771150
0.031469 0.045767 0.256007 0.847194 -0.415288 -0.331358
0.030115 0.045901 0.254111 0.674105 -0.148978 -0.723456
0.029216 0.045130 0.253604 -0.497383 0.043400 0.866445
0.029725 0.045240 0.253914 -0.594832 0.118914 0.795006
0.030177 0.045489 0.254170 0.696306 -0.197920 -0.689917
0.035767 0.044743 0.263833 -0.623026 0.411764 0.665048
0.035920 0.044692 0.263981 0.585877 -0.401262 -0.704086
0.030015 0.044955 0.254225 0.744806 -0.257450 -0.615616
0.029180 0.044707 0.253583 -0.503923 0.095637 0.858438
0.030557 0.044634 0.255142 0.748909 -0.427280 -0.506524
0.028782 0.044129 0.253452 -0.606564 0.145044 0.781692
0.031888 0.042998 0.259820 0.765221 -0.349413 -0.540692
0.029337 0.043214 0.254423 0.808329 -0.248663 -0.533639
0.031029 0.041235 0.259657 0.865824 -0.261236 -0.426736
0.031466 0.041393 0.260291 0.763643 -0.383472 -0.519422
0.031441 0.040875 0.260550 0.778377 -0.221439 -0.587447
0.031614 0.037434 0.263044 0.779471 -0.220993 -0.586163
0.031390 0.037184 0.262897 0.755807 -0.271681 -0.595772
0.031037 0.036168 0.262478 0.694123 -0.200164 -0.691468
0.031325 0.041055 0.260399 0.779351 -0.301928 -0.549045
0.033034 0.039188 0.263839 0.678162 -0.275424 -0.681350
0.034096 0.047876 0.258456 0.816461 -0.512584 -0.265800
0.029468 0.040745 0.255641 0.865913 -0.271091 -0.420363
0.029283 0.040503 0.255475 0.877867 -0.233352 -0.418206
0.029173 0.040155 0.255388 0.888949 -0.215013 -0.404401
0.029736 0.038856 0.257586 0.916169 -0.288444 -0.278270
0.030239 0.035235 0.261401 0.807911 -0.583230 -0.084392
0.033287 0.039469 0.263966 0.717597 -0.276033 -0.639422
0.032186 0.038402 0.262829 0.764130 -0.450241 -0.461940
0.030977 0.040947 0.259719 0.892129 -0.211624 -0.399150
0.032611 0.038769 0.263660 0.683950 -0.293042 -0.668086
0.031061 0.045101 0.255571 0.821893 -0.412271 -0.393097
0.029899 0.040435 0.257101 0.975542 -0.072371 -0.207556
0.033456 0.039272 0.263656 0.701105 -0.262384 -0.663028
0.029304 0.038014 0.257688 0.819845 -0.474566 -0.320377
0.035852 0.042232 0.264598 0.213307 -0.245253 -0.945701
0.032580 0.043518 0.260291 0.737006 -0.285317 -0.612712
0.036281 0.042485 0.264562 0.083128 -0.072252 -0.993916
0.035542 0.041476 0.263469 0.393159 -0.919335 -0.015760
0.035721 0.041839 0.263004 0.174977 0.929192 -0.325554
0.029057 0.044024 0.253736 -0.621377 0.259236 0.739383
0.031308 0.042906 0.258836 0.805573 -0.391112 -0.445066
0.031184 0.042964 0.258497 0.821905 -0.382394 -0.422192
0.031053 0.042609 0.258599 0.841208 -0.352292 -0.410194
0.031297 0.042298 0.259339 0.790498 -0.410256 -0.454756
0.031069 0.042408 0.258843 0.843413 -0.357076 -0.401436
0.031540 0.042050 0.259861 0.734886 -0.410303 -0.539994
0.030834 0.042454 0.258241 0.864721 -0.305719 -0.398489
0.031144 0.042055 0.259351 0.804448 -0.396843 -0.442017
0.031206 0.041842 0.259629 0.789830 -0.374851 -0.485443
0.030994 0.042008 0.258978 0.870137 -0.320389 -0.374449
0.031438 0.041695 0.259983 0.755279 -0.401104 -0.518333
0.030906 0.042121 0.258645 0.875435 -0.305741 -0.374349
0.030997 0.041772 0.259266 0.871734 -0.310358 -0.379154
0.030703 0.041950 0.258358 0.881215 -0.290928 -0.372586
0.030898 0.041748 0.258912 0.890764 -0.285325 -0.353736
0.031496 0.041510 0.260153 0.756261 -0.397565 -0.519626
0.031238 0.041459 0.259871 0.788883 -0.365070 -0.494356
0.030760 0.041580 0.258725 0.889039 -0.277392 -0.364231
0.030869 0.041488 0.259108 0.898588 -0.261637 -0.352259
0.030628 0.041664 0.258400 0.889766 -0.267519 -0.369797
0.030730 0.041382 0.258812 0.895897 -0.256071 -0.363038
0.030905 0.041087 0.259470 0.903396 -0.214193 -0.371480
0.031080 0.041062 0.259861 0.867440 -0.254418 -0.427573
0.030695 0.041005 0.258951 0.903832 -0.218854 -0.367683
0.030921 0.040639 0.259708 0.897970 -0.174523 -0.403971
0.030567 0.041082 0.258592 0.899472 -0.232507 -0.369986
0.031038 0.040336 0.260084 0.855490 -0.211901 -0.472477
0.030732 0.040725 0.259230 0.909140 -0.197290 -0.366797
0.030891 0.040465 0.259691 0.890980 -0.197311 -0.408930
0.031381 0.040224 0.260504 0.793494 -0.266952 -0.546905
0.030626 0.040485 0.259083 0.888441 -0.246074 -0.387454
0.031072 0.040073 0.260224 0.839315 -0.268312 -0.472820
0.031167 0.039893 0.260570 0.808016 -0.323064 -0.492686
0.030541 0.040176 0.259114 0.874971 -0.288619 -0.388748
0.030586 0.039546 0.259706 0.863474 -0.291252 -0.411807
0.029994 0.040207 0.257691 0.967265 -0.095744 -0.235012
0.029942 0.039696 0.257550 0.966539 -0.182497 -0.180272
0.030376 0.038814 0.259832 0.867194 -0.307548 -0.391649
0.029954 0.039416 0.258058 0.952714 -0.227249 -0.201729
0.030192 0.038915 0.259146 0.894488 -0.301946 -0.329727
0.030018 0.038680 0.258965 0.898937 -0.303089 -0.316305
0.029780 0.039074 0.257453 0.917854 -0.305906 -0.252915
0.029714 0.038518 0.257857 0.886212 -0.372875 -0.274941
0.029763 0.038307 0.258705 0.889360 -0.344773 -0.300284
0.029468 0.038347 0.257483 0.837729 -0.421564 -0.347122
0.029794 0.037650 0.259301 0.878923 -0.299145 -0.371493
0.029371 0.037596 0.258420 0.875835 -0.351543 -0.330653
0.029510 0.036691 0.259583 0.853112 -0.404409 -0.329625
0.029495 0.036398 0.259934 0.857072 -0.410260 -0.311631
0.029476 0.036222 0.260125 0.850128 -0.412638 -0.327127
0.029564 0.035821 0.260756 0.838033 -0.422242 -0.345562
0.034257 0.041027 0.264579 0.787116 -0.525270 -0.323326
0.032885 0.044009 0.260310 0.793898 -0.369055 -0.483244
0.036180 0.043946 0.264545 -0.455262 0.318489 0.831445
0.032881 0.043774 0.260564 0.865752 -0.310509 -0.392502
0.032953 0.043725 0.260840 0.902281 -0.301686 -0.308016
0.033031 0.043598 0.261192 0.927388 -0.280899 -0.247078
0.036353 0.044538 0.264306 0.490641 -0.413062 -0.767236
0.032838 0.043492 0.260691 0.882932 -0.242664 -0.401927
0.033618 0.040349 0.264084 0.810553 -0.457826 -0.365237
0.033543 0.040139 0.264205 0.815213 -0.387227 -0.430678
0.032605 0.042709 0.260586 0.733654 -0.486427 -0.474489
0.032500 0.042393 0.261100 0.813118 -0.478893 -0.330908
0.034776 0.041611 0.264871 0.647044 -0.572011 -0.504121
0.034389 0.041195 0.264481 0.755813 -0.559009 -0.340963
0.034077 0.040899 0.264274 0.779234 -0.508048 -0.366991
0.034036 0.040781 0.264496 0.796102 -0.505273 -0.333049
0.033877 0.040674 0.264190 0.800681 -0.483694 -0.353483
0.033712 0.040580 0.263920 0.803970 -0.456159 -0.381511
0.033458 0.040301 0.263743 0.778035 -0.465368 -0.422012
0.033436 0.040143 0.263957 0.783234 -0.423394 -0.455282
0.033229 0.040023 0.263716 0.747098 -0.417114 -0.517552
0.033335 0.039930 0.263946 0.802930 -0.344542 -0.486409
0.032713 0.043588 0.260389 0.784318 -0.274144 -0.556498
0.032981 0.039665 0.263617 0.720455 -0.321096 -0.614688
0.031731 0.038418 0.262409 0.792214 -0.482434 -0.373703
0.032836 0.039438 0.263590 0.691884 -0.340693 -0.636572
0.032946 0.043320 0.261058 0.949966 -0.224338 -0.217339
0.032987 0.043223 0.261488 0.909742 -0.326257 -0.256760
0.032797 0.043242 0.260548 0.844733 -0.215260 -0.489989
0.032587 0.039124 0.263478 0.739795 -0.383733 -0.552678
0.031825 0.038242 0.263084 0.754651 -0.433680 -0.492365
0.031574 0.038156 0.262515 0.772363 -0.536112 -0.340645
0.032531 0.039315 0.263241 0.761738 -0.416675 -0.496122
0.031550 0.037983 0.262801 0.805581 -0.397130 -0.439689
0.032838 0.042911 0.261027 0.899362 -0.373088 -0.227933
0.031312 0.038193 0.261887 0.775956 -0.464892 -0.426343
0.032848 0.042883 0.261284 0.917079 -0.357331 -0.176863
0.032370 0.039017 0.263245 0.806598 -0.348940 -0.477117
0.032747 0.042753 0.260783 0.820735 -0.451292 -0.350329
0.032697 0.042692 0.261122 0.860782 -0.439213 -0.257188
0.032836 0.042611 0.261840 0.839481 -0.296007 -0.455689
0.032428 0.038827 0.263494 0.781931 -0.303859 -0.544292
0.031124 0.037921 0.261871 0.803943 -0.416789 -0.424220
0.032680 0.042489 0.261376 0.878480 -0.388659 -0.277880
0.031303 0.037499 0.262762 0.787825 -0.289909 -0.543400
0.031351 0.037901 0.262369 0.807386 -0.481288 -0.341305
0.034237 0.047521 0.259566 0.805471 -0.518995 -0.286112
0.031170 0.037629 0.262314 0.829939 -0.434209 -0.350234
0.031040 0.037656 0.261939 0.828060 -0.402507 -0.390263
0.031213 0.037400 0.262712 0.811041 -0.296432 -0.504322
0.034239 0.047415 0.259849 0.825754 -0.479953 -0.296270
0.030901 0.037333 0.261898 0.840943 -0.394581 -0.370300
0.034116 0.047140 0.259885 0.831359 -0.454067 -0.320414
0.034000 0.047163 0.259543 0.804142 -0.503657 -0.315731
0.032682 0.041871 0.261885 0.839564 -0.233868 -0.490345
0.032475 0.042061 0.261212 0.846380 -0.328823 -0.418948
0.034335 0.047117 0.260638 0.798296 -0.446517 -0.404160
0.034258 0.047076 0.260351 0.849498 -0.429138 -0.306910
0.034305 0.046947 0.260804 0.803639 -0.413017 -0.428465
0.030616 0.037078 0.261581 0.813215 -0.411964 -0.411057
0.033971 0.046919 0.259808 0.815621 -0.463286 -0.346596
0.034631 0.046878 0.261147 0.755459 -0.376914 -0.535927
0.034359 0.046916 0.260895 0.794952 -0.387555 -0.466747
0.030759 0.037057 0.261910 0.823752 -0.427713 -0.372149
0.033767 0.046683 0.259710 0.830637 -0.406028 -0.381029
0.034034 0.046478 0.260628 0.840695 -0.410225 -0.353479
0.032443 0.041467 0.261549 0.832129 -0.266091 -0.486577
0.034702 0.046799 0.261329 0.741049 -0.358273 -0.567879
0.034084 0.046707 0.260348 0.861968 -0.404662 -0.305386
0.032583 0.041205 0.262017 0.807830 -0.241959 -0.537463
0.033748 0.046458 0.259837 0.856520 -0.364564 -0.365330
0.034114 0.046498 0.260739 0.813235 -0.399225 -0.423400
0.034724 0.046464 0.261560 0.725552 -0.353718 -0.590303
0.030505 0.036796 0.261711 0.793649 -0.471564 -0.384382
0.034489 0.046621 0.261181 0.746466 -0.352180 -0.564587
0.033906 0.046423 0.260201 0.868557 -0.404966 -0.285677
0.030311 0.036405 0.261933 0.769063 -0.392712 -0.504300
0.032117 0.041024 0.261261 0.797507 -0.253013 -0.547692
0.034500 0.046303 0.261399 0.716499 -0.358377 -0.598495
0.033968 0.046037 0.260907 0.758408 -0.407846 -0.508409
0.033727 0.046177 0.259935 0.851808 -0.408980 -0.327352
0.035027 0.046113 0.262103 0.696419 -0.386433 -0.604707
0.033900 0.045818 0.261010 0.755402 -0.436854 -0.488391
0.033284 0.045835 0.259563 0.792580 -0.438616 -0.423594
0.034117 0.045968 0.261090 0.739816 -0.406811 -0.535889
0.032186 0.040793 0.261527 0.829414 -0.240314 -0.504303
0.034784 0.045792 0.262059 0.715529 -0.378738 -0.587006
0.033603 0.045833 0.260133 0.872942 -0.388480 -0.295052
0.034209 0.045731 0.261400 0.669790 -0.438538 -0.599221
0.034458 0.045930 0.261579 0.702091 -0.386993 -0.597750
0.034995 0.045993 0.262181 0.697110 -0.392158 -0.600208
0.033375 0.045645 0.259915 0.815348 -0.418472 -0.400112
0.034664 0.045658 0.262007 0.714638 -0.374052 -0.591082
0.035140 0.045889 0.262438 0.697464 -0.389682 -0.601408
0.033586 0.045507 0.260564 0.896472 -0.344644 -0.278493
0.033866 0.045393 0.261329 0.724075 -0.431518 -0.538059
0.034602 0.045745 0.261821 0.720270 -0.378766 -0.581160
0.034034 0.045692 0.261182 0.713554 -0.440780 -0.544567
0.034805 0.045545 0.262275 0.710691 -0.375464 -0.594933
0.033071 0.045488 0.259492 0.762637 -0.461040 -0.453681
0.033460 0.045464 0.260261 0.880364 -0.358526 -0.310514
0.033233 0.045471 0.259795 0.785491 -0.426276 -0.448657
0.033665 0.045261 0.261108 0.829449 -0.382247 -0.407310
0.033903 0.045243 0.261491 0.680595 -0.436170 -0.588682
0.034260 0.045142 0.261832 -0.645719 0.403629 0.648175
0.032155 0.040239 0.261742 0.842564 -0.285539 -0.456677
0.031983 0.040200 0.261423 0.809127 -0.296566 -0.507309
0.033515 0.045237 0.260588 0.909397 -0.304025 -0.283843
0.035059 0.045530 0.262582 0.678915 -0.389783 -0.622209
0.034537 0.045422 0.261964 0.689517 -0.382084 -0.615288
0.033335 0.045315 0.260064 0.835812 -0.368369 -0.407090
0.032470 0.040010 0.262516 0.814952 -0.358571 -0.455280
0.032258 0.039887 0.262163 0.824768 -0.356152 -0.439219
0.034563 0.045221 0.262140 0.703747 -0.384915 -0.597144
0.032069 0.039738 0.261974 0.808143 -0.390224 -0.441169
0.032071 0.039964 0.261661 0.811580 -0.358670 -0.461186
0.032576 0.039906 0.262772 0.812520 -0.368111 -0.452002
0.035109 0.045262 0.262787 0.671485 -0.388584 -0.630959
0.034868 0.045237 0.262499 0.698828 -0.381641 -0.604971
0.033600 0.045042 0.261142 0.829528 -0.392685 -0.397092
0.033961 0.044889 0.261754 0.661948 -0.389777 -0.640234
0.033535 0.045047 0.260910 0.886358 -0.340835 -0.313371
0.032265 0.039727 0.262378 0.810291 -0.389769 -0.437616
0.033742 0.045012 0.261436 0.748570 -0.402723 -0.526742
0.033448 0.044862 0.260610 0.896740 -0.341342 -0.281678
0.035809 0.045176 0.263537 0.634030 -0.457191 -0.623684
0.033508 0.044823 0.261095 0.871536 -0.380425 -0.309356
0.035317 0.044904 0.263254 0.692587 -0.385355 -0.609775
0.031916 0.039567 0.261941 0.793155 -0.402168 -0.457347
0.035209 0.045137 0.262963 0.680998 -0.400643 -0.612966
0.034493 0.044753 0.262387 0.697659 -0.387568 -0.602547
0.032615 0.039656 0.263037 0.788922 -0.385164 -0.478801
0.032218 0.039527 0.262498 0.800978 -0.391509 -0.452941
0.034183 0.044815 0.261965 0.655614 -0.397606 -0.641934
0.033388 0.044547 0.261207 0.863982 -0.368120 -0.343545
0.035710 0.044826 0.263737 0.640695 -0.415655 -0.645555
0.033787 0.044620 0.261728 0.686917 -0.370273 -0.625334
0.032378 0.039303 0.262973 0.802913 -0.400177 -0.441803
0.031983 0.039451 0.262163 0.805338 -0.389244 -0.447123
0.035406 0.044668 0.263497 0.695041 -0.387376 -0.605688
0.035010 0.044732 0.262955 0.704024 -0.358048 -0.613313
0.031758 0.039387 0.261708 0.787347 -0.382030 -0.483878
0.034592 0.044627 0.262588 0.701017 -0.379656 -0.603686
0.030455 0.036529 0.261946 0.800955 -0.403472 -0.442359
0.035521 0.044628 0.263682 0.686387 -0.376236 -0.622350
0.032125 0.039144 0.262571 0.844418 -0.316822 -0.431952
0.034126 0.044483 0.262072 0.673636 -0.396425 -0.623748
0.030221 0.036511 0.261445 0.818199 -0.462988 -0.340871
0.034428 0.044488 0.262472 0.687726 -0.393359 -0.610166
0.035255 0.044457 0.263363 0.714442 -0.380924 -0.586915
0.033760 0.044107 0.261978 0.671960 -0.405755 -0.619542
0.033633 0.044298 0.261698 0.698351 -0.399636 -0.593799
0.034570 0.044289 0.262745 0.697542 -0.356358 -0.621647
0.034192 0.044292 0.262267 0.667910 -0.404618 -0.624644
0.030244 0.036359 0.261811 0.791265 -0.391728 -0.469521
0.032211 0.038963 0.262982 0.834975 -0.375252 -0.402495
0.034953 0.044276 0.263167 0.709302 -0.383358 -0.591547
0.032009 0.038855 0.262594 0.844699 -0.362191 -0.394084
0.033958 0.044045 0.262250 0.653823 -0.399471 -0.642603
0.035498 0.044394 0.263780 0.679648 -0.384623 -0.624616
0.035179 0.044176 0.263503 0.712434 -0.372778 -0.594537
0.032200 0.038631 0.263353 0.755420 -0.365908 -0.543555
0.034507 0.044000 0.262810 0.684538 -0.355031 -0.636679
0.032079 0.038646 0.262853 0.818780 -0.442348 -0.365961
0.034791 0.043940 0.263216 0.719802 -0.375674 -0.583741
0.029896 0.035970 0.261389 0.838966 -0.389986 -0.379535
0.034139 0.043966 0.262460 0.659718 -0.376580 -0.650353
0.033556 0.043953 0.261790 0.720254 -0.408393 -0.560759
0.032289 0.038535 0.263528 0.745330 -0.338179 -0.574559
0.029974 0.035955 0.261703 0.795811 -0.340301 -0.500880
0.034973 0.043895 0.263504 0.707059 -0.374013 -0.600152
0.034531 0.043748 0.262980 0.711003 -0.361852 -0.602940
0.029685 0.035836 0.261053 0.838999 -0.432626 -0.330023
0.029775 0.035700 0.261471 0.822608 -0.338181 -0.457110
0.035385 0.043721 0.264027 0.672475 -0.311631 -0.671315
0.034082 0.043548 0.262625 -0.655518 0.362546 0.662463
0.029660 0.035569 0.261325 0.839832 -0.281192 -0.464342
0.029548 0.035341 0.261366 0.849847 -0.256438 -0.460434
0.034429 0.043454 0.263065 0.715476 -0.358038 -0.599919
0.029943 0.035655 0.261758 0.780360 -0.227380 -0.582526
0.035032 0.043555 0.263735 0.691536 -0.333792 -0.640595
0.034177 0.043348 0.262824 0.690685 -0.338704 -0.638932
0.034710 0.043347 0.263448 0.710922 -0.347421 -0.611464
0.029453 0.035282 0.261298 0.844010 -0.290163 -0.451057
0.029466 0.035212 0.261330 0.852841 -0.269766 -0.447089
0.034228 0.043157 0.263012 0.701926 -0.341665 -0.624952
0.035291 0.043352 0.264040 -0.658942 0.301060 0.689317
0.034504 0.043069 0.263409 0.717668 -0.352752 -0.600432
0.035017 0.043248 0.263841 0.682017 -0.332605 -0.651327
0.029429 0.035188 0.261242 0.844010 -0.290163 -0.451057
0.034335 0.042850 0.263336 0.731169 -0.339722 -0.591592
0.034590 0.042882 0.263596 0.707043 -0.351885 -0.613406
0.035350 0.043026 0.264295 -0.580099 0.298977 0.757693
0.034873 0.042915 0.263895 0.667456 -0.353185 -0.655563
0.035141 0.042862 0.264201 -0.629597 0.342264 0.697469
0.035346 0.042830 0.264398 -0.536172 0.268248 0.800352
0.034373 0.042554 0.263562 0.739998 -0.329284 -0.586494
0.034722 0.042548 0.263935 0.672829 -0.348292 -0.652682
0.034968 0.042538 0.264197 -0.640880 0.343279 0.686610
0.035196 0.042503 0.264392 -0.523832 0.383267 0.760728
0.034303 0.042180 0.263708 0.739537 -0.312341 -0.596262
0.034986 0.042176 0.264356 -0.616611 0.435498 0.655845
0.034911 0.041893 0.264459 0.632433 -0.475657 -0.611375
0.034480 0.041914 0.264013 0.732043 -0.373085 -0.570019
0.034514 0.041602 0.264147 0.745983 -0.447821 -0.492915
0.034744 0.041636 0.264496 0.698164 -0.518099 -0.494106
0.034548 0.041456 0.264331 0.727924 -0.540313 -0.422124
0.032147 0.046856 0.256224 0.769871 -0.454473 -0.448054
0.031972 0.046770 0.255964 0.795703 -0.431247 -0.425303
0.031891 0.046512 0.256188 0.795528 -0.434397 -0.422415
0.031838 0.046300 0.256265 0.786818 -0.428629 -0.444066
0.031770 0.046462 0.255864 0.815919 -0.422942 -0.394203
0.027620 0.042923 0.252767 0.594053 -0.187980 -0.782154
0.031799 0.045877 0.256514 0.777040 -0.434108 -0.455806
0.031492 0.045923 0.255905 0.851659 -0.392711 -0.347065
0.031543 0.046119 0.255781 0.828419 -0.403168 -0.388815
0.032056 0.045107 0.258119 0.801916 -0.459995 -0.381228
0.031544 0.046262 0.255518 0.803396 -0.373991 -0.463342
0.031486 0.045615 0.256281 0.827302 -0.420274 -0.372749
0.031422 0.045896 0.255701 0.810044 -0.393807 -0.434448
0.031373 0.045619 0.255938 0.859009 -0.406510 -0.311214
0.030642 0.046034 0.254579 0.732984 -0.249193 -0.632959
0.031288 0.045289 0.256180 0.853464 -0.429493 -0.295185
0.030490 0.045737 0.254586 0.751360 -0.214679 -0.623996
0.031224 0.045375 0.255635 0.824566 -0.383291 -0.416149
0.030190 0.045805 0.254210 0.703741 -0.172936 -0.689088
0.031179 0.045073 0.255986 0.844762 -0.453651 -0.283863
0.034381 0.044661 0.262263 0.680175 -0.394052 -0.618130
0.031594 0.044279 0.258019 0.865635 -0.376223 -0.330351
0.030928 0.044887 0.255568 0.811311 -0.460626 -0.359997
0.030852 0.045296 0.255234 0.762088 -0.289277 -0.579259
0.034358 0.044190 0.262538 0.683149 -0.372909 -0.627890
0.031019 0.044838 0.255947 0.828372 -0.473302 -0.299642
0.029948 0.045183 0.254103 -0.672166 0.176347 0.719093
0.035128 0.044566 0.263166 0.710603 -0.368136 -0.599600
0.031454 0.044080 0.257812 0.863786 -0.377906 -0.333258
0.030157 0.045353 0.254221 0.698851 -0.200343 -0.686637
0.030621 0.045146 0.254834 0.766065 -0.283882 -0.576677
0.030545 0.044969 0.254900 0.761713 -0.317416 -0.564836
0.028357 0.044903 0.253170 -0.516334 0.012856 0.856291
0.034751 0.043074 0.263660 0.692287 -0.355750 -0.627838
0.030232 0.044821 0.254674 0.744183 -0.351759 -0.567853
0.029471 0.044562 0.253800 -0.597427 0.211730 0.773467
0.029951 0.044687 0.254305 0.775636 -0.294402 -0.558315
0.034510 0.042326 0.263846 0.701646 -0.328169 -0.632454
0.029871 0.044344 0.254378 0.776409 -0.373933 -0.507310
0.035494 0.042919 0.264459 -0.508552 0.239553 0.827036
0.029112 0.044467 0.253627 -0.554185 0.181630 0.812336
0.034742 0.041622 0.264751 0.663490 -0.564805 -0.490689
0.029203 0.044130 0.253808 -0.615048 0.282158 0.736276
0.028955 0.044148 0.253601 -0.607725 0.199528 0.768674
0.029876 0.044064 0.254583 0.784621 -0.409301 -0.465663
0.029603 0.044132 0.254166 0.716857 -0.378957 -0.585242
0.028340 0.043919 0.253127 -0.618488 0.082222 0.781480
0.029106 0.043779 0.253865 -0.677416 0.271139 0.683806
0.028819 0.043640 0.253623 -0.682128 0.191733 0.705648
0.028230 0.043525 0.253073 -0.635583 0.153126 0.756695
0.029216 0.043309 0.254176 0.780303 -0.253352 -0.571787
0.033590 0.045348 0.260681 0.889027 -0.328829 -0.318593
0.028832 0.043235 0.253748 0.712823 -0.192692 -0.674354
0.029427 0.043130 0.254552 0.804612 -0.210862 -0.555101
0.029918 0.042824 0.255181 0.837170 -0.180153 -0.516422
0.033720 0.041537 0.263256 0.735632 -0.377694 -0.562311
0.036752 0.043221 0.264661 -0.071622 -0.050632 0.996146
0.028490 0.042426 0.253527 -0.644108 0.089599 0.759669
0.029673 0.042203 0.255119 0.839172 -0.238444 -0.488809
0.031763 0.041654 0.260471 0.726240 -0.414580 -0.548360
0.029635 0.041984 0.255062 0.853239 -0.239756 -0.463142
0.028688 0.041617 0.254019 0.758060 -0.206423 -0.618655
0.028667 0.041309 0.254129 0.771865 -0.202987 -0.602512
0.029060 0.041051 0.254572 0.822779 -0.228343 -0.520475
0.029766 0.040022 0.256373 0.880232 -0.189190 -0.435199
0.031678 0.046201 0.256008 0.823611 -0.418594 -0.382680
0.031680 0.045835 0.256332 0.789957 -0.428371 -0.438710
0.030830 0.046150 0.254639 0.727288 -0.259549 -0.635363
0.029405 0.039068 0.256607 0.811428 -0.394814 -0.430936
0.029888 0.045704 0.253981 0.631129 -0.107382 -0.768209
0.030680 0.045249 0.254925 0.776597 -0.263825 -0.572096
0.030146 0.044901 0.254455 0.744937 -0.317451 -0.586766
0.031183 0.044517 0.256712 0.801155 -0.434549 -0.411482
0.030123 0.044681 0.254621 0.766499 -0.359165 -0.532429
0.033628 0.042359 0.262634 0.726051 -0.232519 -0.647136
0.033645 0.042087 0.262797 0.738891 -0.306678 -0.599991
0.035451 0.045603 0.262753 0.661363 -0.401037 -0.633852
0.029470 0.035079 0.261263 0.844010 -0.290163 -0.451057
0.030988 0.036274 0.262641 0.696150 -0.193122 -0.691432
0.034800 0.044279 0.262997 0.703425 -0.367554 -0.608357
0.034595 0.043946 0.262969 0.703707 -0.360624 -0.612166
0.035624 0.043079 0.264473 -0.466438 0.250181 0.848437
0.036920 0.043478 0.264678 0.074593 -0.019881 -0.997016
0.032700 0.039380 0.263449 0.710485 -0.391408 -0.584816
0.033332 0.046124 0.259098 0.810450 -0.451842 -0.372840
0.033916 0.042444 0.262985 0.772551 -0.259874 -0.579336
0.031145 0.045910 0.255236 0.757641 -0.347987 -0.552165
0.032268 0.047042 0.256167 0.751213 -0.479613 -0.453487
0.031628 0.045916 0.256058 0.845103 -0.390922 -0.364666
0.029090 0.040489 0.255100 0.889939 -0.197358 -0.411167
0.029567 0.040564 0.256095 0.899457 -0.191697 -0.392721
0.029797 0.040668 0.256676 0.947257 -0.145318 -0.285635
0.029933 0.040962 0.256905 0.934456 -0.254929 -0.248603
0.029372 0.035378 0.260761 0.874769 -0.313162 -0.369741
0.030591 0.036483 0.262152 0.751201 -0.297261 -0.589349
0.031429 0.043952 0.257936 0.850528 -0.410839 -0.328350
0.030804 0.043547 0.257013 0.871488 -0.358805 -0.334315
0.034289 0.040044 0.263633 0.658574 -0.669486 0.343611
0.030028 0.044842 0.254289 0.768851 -0.292511 -0.568600
0.029689 0.044457 0.253941 0.678700 -0.284367 -0.677128
0.029008 0.042837 0.254046 0.795482 -0.147708 -0.587699
0.029225 0.042514 0.254487 0.811138 -0.122077 -0.571972
0.028764 0.042343 0.253717 0.730278 -0.119551 -0.672609
0.028485 0.041922 0.253527 -0.668380 0.158194 0.726804
0.032622 0.038945 0.263613 0.672569 -0.380169 -0.634919
0.034688 0.043181 0.263531 0.701385 -0.338207 -0.627435
0.029198 0.040691 0.255212 0.874427 -0.235503 -0.424164
0.029156 0.040343 0.255294 0.893257 -0.186013 -0.409257
0.029273 0.040141 0.255596 0.889365 -0.207438 -0.407431
0.029397 0.040123 0.255907 0.875367 -0.202696 -0.438915
0.028958 0.039952 0.254898 0.870093 -0.215722 -0.443173
0.029123 0.040043 0.255296 0.889452 -0.215791 -0.402877
0.028985 0.039839 0.255063 0.889737 -0.226796 -0.396147
0.029276 0.039761 0.255782 0.871169 -0.265340 -0.413110
0.029417 0.039717 0.256126 0.839717 -0.308599 -0.446814
0.029085 0.039760 0.255346 0.889874 -0.231141 -0.393316
0.029271 0.039551 0.255966 0.837569 -0.330195 -0.435259
0.029039 0.039412 0.255701 0.862621 -0.302979 -0.405080
0.029168 0.039159 0.256133 0.802432 -0.407130 -0.436289
0.029090 0.039040 0.256059 0.803933 -0.407531 -0.433139
0.029395 0.042737 0.254726 0.807210 -0.121840 -0.577552
0.029603 0.042499 0.255007 0.813734 -0.158983 -0.559072
0.029380 0.042348 0.254704 0.818581 -0.114196 -0.562925
0.029559 0.042180 0.254944 0.823646 -0.200664 -0.530416
0.029720 0.042317 0.255269 0.852005 -0.230897 -0.469867
0.028479 0.045207 0.253242 -0.509426 0.041367 0.859520
0.029623 0.041964 0.255278 0.859026 -0.249540 -0.446994
0.029384 0.041978 0.254788 0.823395 -0.177987 -0.538834
0.029472 0.041722 0.255197 0.855478 -0.247355 -0.454942
0.031953 0.046001 0.256576 0.763279 -0.439565 -0.473485
0.029767 0.041430 0.255776 0.872279 -0.253991 -0.417872
0.031703 0.045633 0.256638 0.772457 -0.473944 -0.422714
0.029542 0.041422 0.255452 0.851539 -0.264733 -0.452546
0.028203 0.044261 0.253028 0.583883 -0.030366 -0.811270
0.028533 0.044298 0.253283 -0.573320 0.070512 0.816292
0.029443 0.041302 0.255260 0.855045 -0.256174 -0.450858
0.030329 0.044793 0.254838 0.737743 -0.382444 -0.556302
0.028006 0.044053 0.252876 0.587838 -0.041852 -0.807895
0.030151 0.044521 0.254804 0.746968 -0.402434 -0.529231
0.031153 0.044890 0.256381 0.831658 -0.427454 -0.354440
0.029708 0.041098 0.255765 0.880417 -0.269287 -0.390322
0.029785 0.040982 0.256158 0.904922 -0.276769 -0.323288
0.030817 0.044934 0.255401 0.800247 -0.394694 -0.451465
0.031168 0.045025 0.256169 0.835282 -0.452076 -0.312941
0.030380 0.044565 0.255059 0.737284 -0.436152 -0.515929
0.027832 0.043685 0.252789 0.602827 -0.135900 -0.786213
0.031045 0.044806 0.256232 0.824205 -0.455535 -0.336414
0.029573 0.040765 0.255895 0.884485 -0.257603 -0.389007
0.030822 0.044599 0.255816 0.820427 -0.478451 -0.313025
0.029416 0.040799 0.255497 0.860518 -0.270364 -0.431754
0.031125 0.045056 0.255718 0.821972 -0.456150 -0.341011
0.030595 0.044519 0.255332 0.755846 -0.479892 -0.445421
0.029742 0.040842 0.256201 0.911785 -0.267605 -0.311505
0.030720 0.044715 0.255311 0.782492 -0.427737 -0.452491
0.030862 0.044500 0.256184 0.825486 -0.448972 -0.342048
0.028693 0.043892 0.253438 -0.646240 0.151740 0.747897
0.030957 0.044772 0.255683 0.819500 -0.471927 -0.325124
0.030936 0.044381 0.256404 0.818256 -0.416227 -0.396500
0.030202 0.044130 0.255167 0.760043 -0.462860 -0.456176
0.030364 0.044164 0.255472 0.773931 -0.476132 -0.417528
0.027743 0.043298 0.252814 0.607110 -0.192912 -0.770845
0.029345 0.040678 0.255463 0.867698 -0.256939 -0.425538
0.030632 0.044377 0.255676 0.782679 -0.509888 -0.356970
0.029789 0.043751 0.254867 0.810660 -0.370105 -0.453711
0.030225 0.043962 0.255489 0.808127 -0.352859 -0.471616
0.030467 0.044080 0.255803 0.827344 -0.381734 -0.412045
0.030713 0.044220 0.256095 0.819353 -0.417841 -0.392517
0.029926 0.043780 0.255091 0.802766 -0.358322 -0.476626
0.029462 0.043566 0.254443 0.777314 -0.354432 -0.519770
0.028260 0.043190 0.253192 -0.625723 0.212576 0.750521
0.028033 0.042858 0.253149 -0.606104 0.198711 0.770163
0.029636 0.043362 0.254857 0.785099 -0.272577 -0.556166
0.030613 0.043622 0.256415 0.873681 -0.294294 -0.387393
0.029783 0.043535 0.255015 0.820174 -0.258077 -0.510599
0.027741 0.042691 0.252974 -0.591862 0.185152 0.784486
0.029223 0.039882 0.255492 0.890105 -0.235205 -0.390374
0.029516 0.043088 0.254778 0.786512 -0.190529 -0.587450
0.030536 0.043375 0.256405 0.893912 -0.240893 -0.378010
0.030234 0.043253 0.255754 0.882599 -0.187706 -0.431028
0.029171 0.039598 0.255587 0.866568 -0.291476 -0.405095
0.029982 0.042918 0.255372 0.843479 -0.193125 -0.501244
0.029371 0.039316 0.256262 0.816403 -0.364903 -0.447584
0.030542 0.042869 0.256736 0.909000 -0.307157 -0.281733
0.029944 0.042646 0.255556 0.862255 -0.238119 -0.447008
0.029210 0.038998 0.256352 0.803732 -0.397562 -0.442673
0.029323 0.038866 0.256649 0.813120 -0.396714 -0.425973
0.030330 0.042650 0.256357 0.903152 -0.259025 -0.342379
0.029307 0.038678 0.256762 0.816801 -0.394628 -0.420837
0.029446 0.041812 0.255003 0.845142 -0.238858 -0.478207
0.029244 0.041682 0.254713 0.842483 -0.213870 -0.494452
0.029686 0.041744 0.255562 0.865945 -0.254914 -0.430300
0.029101 0.041379 0.254578 0.833729 -0.204046 -0.513090
0.029341 0.041481 0.255070 0.852517 -0.266966 -0.449381
0.029166 0.041226 0.254821 0.866702 -0.225768 -0.444810
0.028893 0.041110 0.254352 0.794130 -0.205996 -0.571772
0.029010 0.040783 0.254683 0.835451 -0.232818 -0.497812
0.029506 0.041110 0.255488 0.859803 -0.255326 -0.442207
0.029173 0.040970 0.255023 0.874896 -0.242386 -0.419293
0.029023 0.040592 0.254885 0.871828 -0.220908 -0.437168
0.028900 0.040762 0.254476 0.818256 -0.235656 -0.524331
0.028900 0.040453 0.254701 0.861076 -0.222569 -0.457178
0.028971 0.039523 0.255409 0.879792 -0.277661 -0.385837
0.029015 0.038920 0.256124 0.804817 -0.400217 -0.438288
0.029176 0.038734 0.256542 0.807646 -0.395621 -0.437255
0.029331 0.038617 0.256897 0.822234 -0.401162 -0.403734
0.029099 0.038438 0.256690 0.801950 -0.428670 -0.416075
0.028731 0.045009 0.253405 -0.503290 0.046845 0.862847
0.029045 0.044882 0.253543 -0.490647 0.078618 0.867805
0.029805 0.045205 0.253973 -0.624711 0.140960 0.768028
0.029801 0.044872 0.254024 -0.684010 0.218000 0.696137
0.029559 0.044742 0.253815 -0.611387 0.171601 0.772502
0.028093 0.043619 0.252965 -0.617082 0.135806 0.775091
0.028964 0.043873 0.253699 -0.665165 0.225150 0.711943
0.028018 0.043202 0.252955 -0.611754 0.205135 0.763987
0.027916 0.042666 0.253142 -0.584799 0.170316 0.793097
0.027969 0.042184 0.253228 0.596699 -0.146391 -0.789000
0.027851 0.042939 0.252903 -0.601202 0.198032 0.774170
0.028698 0.045553 0.253254 0.496705 -0.029221 -0.867428
0.028411 0.043469 0.253256 -0.640005 0.172107 0.748848
0.030807 0.041147 0.259197 0.907209 -0.214395 -0.361948
0.030632 0.044281 0.255836 0.808069 -0.490473 -0.326285
0.030293 0.043821 0.255723 0.845666 -0.294761 -0.444931
0.030472 0.043914 0.255988 0.836814 -0.331666 -0.435591
0.030602 0.043830 0.256241 0.856241 -0.325519 -0.401110
0.030417 0.043672 0.256008 0.861888 -0.278770 -0.423600
0.030110 0.043376 0.255480 0.854808 -0.167179 -0.491278
0.029833 0.043197 0.255136 0.820713 -0.184354 -0.540781
0.030404 0.043236 0.256106 0.893239 -0.213600 -0.395599
0.030127 0.043008 0.255655 0.868032 -0.207425 -0.451106
0.029688 0.042801 0.255032 0.802718 -0.168985 -0.571917
0.030326 0.043027 0.256035 0.892677 -0.226527 -0.389633
0.030185 0.042748 0.255954 0.886374 -0.262177 -0.381581
0.030087 0.042410 0.255895 0.886309 -0.257464 -0.384928
0.030250 0.042417 0.256376 0.915163 -0.246466 -0.318952
0.029806 0.042258 0.255516 0.862796 -0.253676 -0.437299
0.030152 0.042224 0.256139 0.889312 -0.242465 -0.387731
0.029906 0.042083 0.255726 0.874421 -0.253343 -0.413769
0.030212 0.041927 0.256493 0.912732 -0.276186 -0.301066
0.029950 0.041811 0.255989 0.878441 -0.242454 -0.411774
0.030125 0.041709 0.256375 0.911006 -0.287424 -0.295728
0.032431 0.047085 0.256332 0.727524 -0.500435 -0.469334
0.032713 0.047138 0.256650 0.712936 -0.499430 -0.492231
0.032359 0.046642 0.256677 0.725880 -0.466850 -0.505124
0.032109 0.046314 0.256608 0.752463 -0.431866 -0.497283
0.032154 0.046077 0.256868 0.757443 -0.455154 -0.468098
0.028171 0.045395 0.253033 -0.515336 0.015468 0.856849
0.032282 0.046856 0.256412 0.744129 -0.465515 -0.479132
0.031121 0.046132 0.255129 0.747429 -0.340273 -0.570582
0.033055 0.047328 0.257043 0.712949 -0.534667 -0.453690
0.032444 0.046855 0.256618 0.720688 -0.474080 -0.505823
0.032158 0.046600 0.256488 0.745160 -0.446582 -0.495278
0.032424 0.046598 0.256845 0.742239 -0.472247 -0.475461
0.030727 0.045704 0.254962 0.747096 -0.289257 -0.598480
0.030918 0.045889 0.255089 0.727191 -0.303728 -0.615583
0.030729 0.045400 0.255038 0.754772 -0.269107 -0.598248
0.031358 0.046016 0.255393 0.770960 -0.361463 -0.524371
0.030969 0.045606 0.255210 0.746185 -0.312683 -0.587740
0.030560 0.045459 0.254769 0.776383 -0.264939 -0.571871
0.031515 0.046087 0.255566 0.818563 -0.380892 -0.429973
0.030381 0.045099 0.254644 0.756365 -0.312310 -0.574782
0.031268 0.045671 0.255358 0.778831 -0.326578 -0.535509
0.031124 0.045366 0.255465 0.801321 -0.341635 -0.491090
0.032345 0.045883 0.257407 0.775624 -0.535029 -0.334890
0.029650 0.043745 0.254618 0.790697 -0.373462 -0.485102
0.030155 0.043736 0.255485 0.823963 -0.299707 -0.480895
0.030303 0.043501 0.255836 0.881985 -0.203104 -0.425266
0.030365 0.042059 0.257307 0.940386 -0.251791 -0.228639
0.033337 0.046997 0.257938 0.739126 -0.589729 -0.325442
0.034082 0.047659 0.258708 0.811871 -0.523441 -0.258602
0.032938 0.046162 0.258472 0.755412 -0.528729 -0.387037
0.029581 0.045624 0.253836 0.549661 -0.066890 -0.832705
0.030571 0.041729 0.258159 0.898670 -0.265988 -0.348773
0.034258 0.047076 0.260351 0.849498 -0.429138 -0.306910
0.033725 0.042867 0.262588 0.706771 -0.230183 -0.668947
0.032695 0.042196 0.261605 0.860705 -0.282788 -0.423342
0.029789 0.043751 0.254867 0.810660 -0.370105 -0.453711
0.032672 0.046360 0.257545 0.757195 -0.545519 -0.359255
0.035135 0.043833 0.263715 0.706149 -0.352068 -0.614330
0.033048 0.047115 0.257212 0.707242 -0.558873 -0.432978
0.031799 0.045877 0.256514 0.777040 -0.434108 -0.455806
0.031741 0.042786 0.259709 0.792705 -0.346606 -0.501480
0.030755 0.038120 0.261005 0.818218 -0.361079 -0.447372
0.030241 0.037344 0.260598 0.839269 -0.344887 -0.420333
0.031691 0.041748 0.260275 0.723745 -0.417299 -0.549595
0.033413 0.046841 0.258416 0.768859 -0.568722 -0.292252
0.029156 0.040343 0.255294 0.893257 -0.186013 -0.409257
0.030357 0.041905 0.257341 0.943578 -0.250985 -0.216027
0.029475 0.038873 0.256968 0.837329 -0.380434 -0.392619
0.030663 0.044659 0.255178 0.750140 -0.428177 -0.503938
0.030849 0.039532 0.260164 0.853122 -0.281426 -0.439298
0.030106 0.037692 0.260056 0.877686 -0.307899 -0.367241
0.029173 0.040155 0.255388 0.888949 -0.215013 -0.404401
0.029603 0.042499 0.255007 0.813734 -0.158983 -0.559072
0.029232 0.042725 0.254511 0.812019 -0.146815 -0.564864
0.030923 0.042908 0.258041 0.851074 -0.364028 -0.378360
0.033691 0.041146 0.263396 0.761827 -0.351643 -0.544029
0.030087 0.042410 0.255895 0.886309 -0.257464 -0.384928
0.033493 0.046313 0.259413 0.825779 -0.393126 -0.404403
0.033084 0.044088 0.260631 0.850948 -0.385691 -0.356554
0.030174 0.041592 0.257028 0.928359 -0.304718 -0.212829
0.031772 0.045496 0.256845 0.795660 -0.452495 -0.402707
0.035753 0.043333 0.264478 -0.487788 0.199362 0.849893
0.033919 0.041179 0.263736 0.767686 -0.389931 -0.508539
0.035209 0.045137 0.262963 0.680998 -0.400643 -0.612966
0.031113 0.039759 0.260603 0.819504 -0.318815 -0.476205
0.030457 0.043488 0.256117 0.875559 -0.235786 -0.421665
0.032761 0.042358 0.261795 0.840370 -0.279817 -0.464198
0.030557 0.038845 0.260053 0.845944 -0.304593 -0.437724
0.033767 0.046683 0.259710 0.830637 -0.406028 -0.381029
0.034192 0.044292 0.262267 0.667910 -0.404618 -0.624644
0.029112 0.044467 0.253627 -0.554185 0.181630 0.812336
0.030998 0.037859 0.261674 0.809858 -0.389046 -0.439059
0.029492 0.036375 0.259780 0.852254 -0.415634 -0.317666
0.032476 0.044666 0.259288 0.752547 -0.437237 -0.492439
0.030905 0.037721 0.261563 0.818443 -0.359122 -0.448533
0.029688 0.042801 0.255032 0.802718 -0.168985 -0.571917
0.035656 0.043908 0.264219 -0.619752 0.327739 0.713088
0.028817 0.042048 0.254051 0.778026 -0.189217 -0.599060
0.032744 0.040082 0.262943 0.773648 -0.388205 -0.500765
0.031438 0.038103 0.262194 0.792741 -0.495990 -0.354338
0.031825 0.038242 0.263084 0.754651 -0.433680 -0.492365
0.029101 0.041379 0.254578 0.833729 -0.204046 -0.513090
0.032840 0.039799 0.263308 0.754000 -0.404390 -0.517641
0.028693 0.043892 0.253438 -0.646240 0.151740 0.747897
0.029954 0.039416 0.258058 0.952714 -0.227249 -0.201729
0.031931 0.040911 0.252284 -0.603443 -0.299541 -0.739007
0.031670 0.044474 0.257931 0.868611 -0.371967 -0.327347
0.035141 0.042862 0.264201 -0.629597 0.342264 0.697469
0.029156 0.040343 0.255294 0.893257 -0.186013 -0.409257
0.033633 0.044298 0.261698 0.698351 -0.399636 -0.593799
0.033335 0.045315 0.260064 0.835812 -0.368369 -0.407090
0.033903 0.045243 0.261491 0.680595 -0.436170 -0.588682
0.034239 0.047415 0.259849 0.825754 -0.479953 -0.296270
0.029264 0.037545 0.258167 0.850603 -0.406146 -0.333947
0.035209 0.045137 0.262963 0.680998 -0.400643 -0.612966
0.030941 0.037286 0.262027 0.854655 -0.388831 -0.344057
0.032668 0.045082 0.259236 0.755910 -0.454381 -0.471315
0.031846 0.043090 0.259654 0.791435 -0.356572 -0.496475
0.033763 0.045970 0.260645 0.825784 -0.398653 -0.398946
0.032885 0.044009 0.260310 0.793898 -0.369055 -0.483244
0.033763 0.045970 0.260645 0.825784 -0.398653 -0.398946
0.033506 0.039841 0.264133 0.788782 -0.299145 -0.536969
0.029568 0.036483 0.260029 0.849606 -0.420232 -0.318708
0.030679 0.045116 0.255046 0.769153 -0.281197 -0.573874
0.031648 0.044928 0.257087 0.846803 -0.436270 -0.304291
0.034384 0.039983 0.263257 0.498844 0.401764 0.767946
0.030636 0.039900 0.259548 0.866899 -0.285095 -0.408908
0.033702 0.040815 0.263643 0.790135 -0.393232 -0.470166
0.030387 0.037004 0.261179 0.821357 -0.406246 -0.400422
0.030567 0.041082 0.258592 0.899472 -0.232507 -0.369986
0.029935 0.036632 0.260679 0.822521 -0.421949 -0.381338
0.028479 0.043394 0.253345 -0.668126 0.183944 0.720952
0.031787 0.044963 0.257720 0.841909 -0.438987 -0.313814
0.031926 0.044859 0.258163 0.812412 -0.439048 -0.383698
0.031048 0.037475 0.262052 0.848328 -0.403381 -0.342962
0.031772 0.045496 0.256845 0.795660 -0.452495 -0.402707
0.034335 0.047117 0.260638 0.798296 -0.446517 -0.404160
0.035109 0.045262 0.262787 0.671485 -0.388584 -0.630959
0.032605 0.042709 0.260586 0.733654 -0.486427 -0.474489
0.034688 0.043181 0.263531 0.701385 -0.338207 -0.627435
0.031822 0.039441 0.261871 0.788394 -0.390702 -0.475171
0.028340 0.043919 0.253127 -0.618488 0.082222 0.781480
0.031891 0.046512 0.256188 0.795528 -0.434397 -0.422415
0.029277 0.039406 0.256110 0.822802 -0.361668 -0.438398
0.036367 0.043090 0.264679 -0.085155 -0.033046 0.995820
0.032350 0.045777 0.257742 0.770371 -0.557142 -0.310035
0.029027 0.043465 0.253856 0.726773 -0.233391 -0.646010
0.035545 0.044884 0.263499 0.682772 -0.401865 -0.610186
0.035798 0.044271 0.264090 -0.566423 0.392392 0.724703
0.032588 0.046091 0.257776 0.766447 -0.556922 -0.319994
0.032071 0.039964 0.261661 0.811580 -0.358670 -0.461186
0.030755 0.036746 0.262264 0.782501 -0.336793 -0.523701
0.035914 0.044417 0.264138 -0.549187 0.400990 0.733212
0.031758 0.039387 0.261708 0.787347 -0.382030 -0.483878
0.031550 0.040118 0.260911 0.740218 -0.324645 -0.588797
0.030061 0.035887 0.261882 0.802982 -0.221749 -0.553215
0.036703 0.043181 0.264396 -0.071622 -0.050632 0.996146
0.033973 0.046376 0.260569 0.843895 -0.429356 -0.321706
