0.015816 0.017250 0.222386 -0.094601 -0.938035 -0.333378
0.015327 0.017265 0.221889 0.073391 -0.997302 0.001774
0.016764 0.015076 0.225265 -0.269171 -0.775960 -0.570468
0.018267 0.014537 0.225138 -0.303679 -0.829503 -0.468726
0.017249 0.020039 0.229706 -0.009273 0.403114 -0.915103
0.018992 0.016928 0.228650 0.579143 0.487334 -0.653528
0.014804 0.011702 0.229969 0.435491 0.273871 0.857521
0.015000 0.012759 0.229366 0.375551 0.521225 0.766346
0.011801 0.015841 0.226793 -0.202677 -0.724367 -0.658950
0.019008 0.014453 0.226606 -0.211199 0.313190 -0.925909
0.017764 0.009739 0.228521 0.427598 0.011339 0.903898
0.019139 0.010780 0.227830 -0.430755 -0.109339 -0.895821
0.019254 0.009607 0.228102 -0.442961 -0.088663 -0.892146
0.019275 0.007486 0.228075 -0.373093 -0.015476 -0.927665
0.018255 0.011971 0.227921 0.407472 0.126102 0.904469
0.016455 0.017307 0.228586 0.027067 -0.495396 0.868245
0.018422 0.016182 0.228092 0.021970 -0.712269 0.701562
0.018433 0.015622 0.227228 0.140220 -0.793710 0.591915
0.018145 0.020510 0.230021 -0.341019 0.713629 0.611915
0.017879 0.019964 0.229695 -0.274792 -0.089075 0.957369
0.018592 0.020541 0.230041 0.510370 -0.411783 -0.754955
0.018352 0.016976 0.229705 0.654238 0.334469 -0.678309
0.018018 0.018493 0.230263 -0.229896 -0.480672 0.846228
0.016310 0.019590 0.229476 0.148537 0.125101 -0.980962
0.013494 0.011369 0.230754 0.536636 0.206274 0.818213
0.017413 0.012241 0.228451 0.474611 0.267205 0.838657
0.015526 0.018682 0.229816 -0.450077 -0.550219 0.703341
0.014602 0.008820 0.229870 -0.579399 0.078402 -0.811265
0.014602 0.009156 0.229918 0.579748 -0.100099 0.808624
0.015706 0.010024 0.229452 0.421911 -0.139692 0.895811
0.015353 0.008315 0.229362 0.437022 -0.079038 0.895971
0.015846 0.007823 0.229141 0.421345 -0.081780 0.903206
0.015474 0.007739 0.229304 0.461601 -0.056465 0.885289
0.016870 0.008006 0.228740 -0.374282 0.088391 -0.923093
0.015429 0.009204 0.229428 0.428874 -0.130817 0.893842
0.017830 0.008487 0.228433 0.373009 -0.023532 0.927529
0.015956 0.017210 0.221496 -0.052912 -0.984854 0.165116
0.016812 0.017138 0.222163 -0.164033 -0.948827 -0.269851
0.019738 0.015146 0.226427 -0.107550 0.602159 -0.791099
0.018565 0.018005 0.230260 -0.397593 0.466172 -0.790319
0.012950 0.009181 0.231388 0.613922 0.013494 0.789251
0.018080 0.015630 0.227326 0.179934 -0.748127 0.638694
0.014493 0.009433 0.230109 0.585462 -0.115841 0.802381
0.012919 0.010101 0.231397 0.596851 0.120746 0.793214
0.015603 0.017465 0.229226 0.429835 0.170130 -0.886734
0.014866 0.016414 0.228484 -0.054507 0.350268 -0.935062
0.018207 0.012394 0.227877 0.294155 0.069318 0.953241
0.014452 0.017172 0.221260 0.112880 -0.964766 0.237664
0.018485 0.014388 0.225125 -0.283799 -0.874146 -0.394116
0.020308 0.016065 0.221785 -0.301758 -0.745885 -0.593800
0.013096 0.016210 0.220398 -0.396970 0.709075 -0.582776
0.011186 0.013382 0.230596 -0.250054 -0.846372 -0.470242
0.011877 0.013463 0.230078 -0.254867 -0.793570 -0.552529
0.018820 0.014039 0.228593 0.318692 0.514366 -0.796156
0.018864 0.015628 0.223045 -0.292747 -0.783699 -0.547827
0.018231 0.015555 0.223604 -0.330324 -0.841579 -0.427354
0.019062 0.015099 0.223892 -0.314631 -0.837368 -0.447014
0.018896 0.014720 0.224652 -0.212325 -0.830639 -0.514740
0.014089 0.016883 0.224062 -0.255854 -0.925147 -0.280432
0.014988 0.016791 0.223717 -0.248419 -0.916003 -0.315001
0.017632 0.016299 0.222878 -0.352075 -0.732293 -0.582915
0.019031 0.016156 0.222387 -0.319613 -0.740544 -0.591136
0.018694 0.015678 0.223016 -0.301744 -0.771142 -0.560617
0.018626 0.015254 0.223924 -0.314668 -0.835368 -0.450715
0.019010 0.015066 0.223998 -0.297601 -0.834610 -0.463530
0.019416 0.012927 0.228068 0.763333 -0.386146 0.517893
0.013808 0.021056 0.229861 0.150219 0.296974 -0.942996
0.013299 0.020550 0.229689 -0.001371 0.196403 -0.980522
0.012533 0.021271 0.229865 -0.009420 0.193808 -0.980994
0.014310 0.020461 0.229665 0.029202 -0.270523 0.962270
0.016279 0.020944 0.230105 0.249551 0.846263 -0.470706
0.016001 0.020823 0.230030 0.019959 -0.723266 0.690281
0.014668 0.020417 0.229683 0.030916 -0.364361 0.930744
0.013990 0.020310 0.229596 0.129938 -0.298872 0.945405
0.013756 0.020009 0.229553 -0.036163 0.148401 -0.988266
0.016187 0.020498 0.229937 0.080793 -0.563688 0.822027
0.017275 0.020566 0.230054 0.140333 -0.832964 0.535236
0.012901 0.020632 0.229806 0.143906 0.375666 -0.915514
0.014052 0.019911 0.229485 -0.139851 0.080779 -0.986872
0.017688 0.020423 0.229974 -0.329881 0.928113 -0.172580
0.017348 0.020228 0.229834 0.026650 0.375509 -0.926436
0.014419 0.019580 0.229410 -0.149706 0.122684 -0.981090
0.013611 0.020332 0.229617 -0.065798 0.185892 -0.980365
0.014877 0.019507 0.229372 0.169594 -0.295525 0.940161
0.014630 0.019199 0.229284 -0.220579 0.167528 -0.960874
0.013665 0.019840 0.229622 0.023425 0.249603 -0.968065
0.014069 0.019524 0.229512 0.001329 0.200634 -0.979665
0.014784 0.018658 0.229216 -0.285751 0.103856 -0.952660
0.013448 0.021323 0.229901 0.047331 0.197066 -0.979247
0.009933 0.016858 0.225588 -0.012924 0.983909 0.178202
0.015836 0.018154 0.228910 0.136013 -0.376765 0.916269
0.010455 0.016862 0.225242 0.109972 -0.986794 0.118929
0.011536 0.016949 0.225309 0.013732 -0.990789 -0.134718
0.010753 0.016905 0.225390 0.089920 -0.995916 -0.008165
0.010600 0.016821 0.225752 -0.021961 -0.975877 -0.217212
0.009777 0.016811 0.225434 -0.086792 0.996119 0.014665
0.011969 0.017020 0.224890 0.043661 -0.995300 -0.086435
0.011803 0.016966 0.225202 0.046224 -0.993133 -0.107473
0.015371 0.017816 0.229176 0.283359 0.376339 -0.882087
0.018532 0.018891 0.229328 0.728741 0.635556 -0.254962
0.012137 0.016970 0.225111 -0.035441 -0.987047 -0.156468
0.016053 0.017878 0.228797 0.087985 -0.500683 0.861148
0.011986 0.016887 0.225401 -0.058252 -0.946977 -0.315977
0.018250 0.018110 0.229012 0.071310 0.806256 -0.587252
0.017342 0.017831 0.228892 -0.006195 0.604027 -0.796940
0.016729 0.017645 0.228765 0.053230 -0.546967 0.835460
0.012857 0.016904 0.224920 -0.202505 -0.939253 -0.277119
0.012421 0.016556 0.225795 -0.208540 -0.813004 -0.543632
0.012895 0.016661 0.225460 -0.243831 -0.844426 -0.476961
0.018493 0.017883 0.228957 -0.155222 0.425460 -0.891566
0.013201 0.016642 0.225283 -0.304753 -0.831990 -0.463593
0.016780 0.018526 0.229898 -0.253283 -0.724660 0.640871
0.017751 0.017746 0.228862 0.092832 0.666514 -0.739690
0.015436 0.017055 0.228461 -0.121895 0.660333 -0.741014
0.013440 0.016649 0.225081 -0.322255 -0.840815 -0.434950
0.018089 0.017700 0.228852 0.177308 0.637457 -0.749807
0.017065 0.017537 0.228755 -0.159820 -0.533534 0.830542
0.015565 0.018101 0.229404 -0.388803 -0.430364 0.814628
0.013053 0.016491 0.225625 -0.286566 -0.789334 -0.542984
0.013292 0.016105 0.225979 -0.301372 -0.755155 -0.582165
0.012489 0.015839 0.226574 -0.199739 -0.738479 -0.644014
0.017684 0.017188 0.228640 0.030842 -0.506007 0.861978
0.013784 0.016590 0.224931 -0.322597 -0.830649 -0.453820
0.016981 0.017855 0.229651 0.137188 0.545194 -0.827008
0.015924 0.016690 0.228155 0.031866 -0.565359 0.824229
0.013398 0.015885 0.226199 -0.282514 -0.768171 -0.574543
0.018556 0.017233 0.228739 -0.124434 0.484960 -0.865638
0.017822 0.016894 0.228533 -0.095824 -0.432217 0.896664
0.015612 0.017553 0.228708 -0.380004 0.307305 -0.872445
0.014643 0.016845 0.228478 -0.043877 0.422833 -0.905145
0.016695 0.020025 0.229701 -0.111515 0.357632 -0.927181
0.016910 0.019941 0.229642 -0.033286 0.229279 -0.972791
0.014468 0.016290 0.224984 -0.317977 -0.797509 -0.512709
0.018187 0.016867 0.228566 0.029871 0.580701 -0.813568
0.013500 0.016057 0.225931 -0.301540 -0.766699 -0.566786
0.010512 0.015028 0.228339 -0.115350 -0.790119 -0.602001
0.011170 0.015004 0.228095 -0.313771 -0.807832 -0.498954
0.011999 0.015094 0.227647 -0.110117 -0.771240 -0.626948
0.018106 0.016546 0.228356 -0.067781 -0.528590 0.846167
0.014170 0.015907 0.225719 -0.363798 -0.766752 -0.528907
0.015215 0.016064 0.228034 0.296025 -0.180977 0.937879
0.014195 0.015697 0.226019 -0.373977 -0.774291 -0.510504
0.012038 0.014838 0.227947 -0.018735 -0.850789 -0.525174
0.011240 0.014695 0.228507 -0.209698 -0.855322 -0.473762
0.011467 0.014475 0.228906 -0.055041 -0.861611 -0.504575
0.012360 0.014988 0.227715 -0.039409 -0.830496 -0.555629
0.011384 0.014753 0.228236 -0.275428 -0.846172 -0.456214
0.011741 0.014519 0.228752 -0.138580 -0.890577 -0.433207
0.010140 0.014202 0.229196 -0.085399 -0.863330 -0.497362
0.014329 0.015500 0.226200 -0.368372 -0.793928 -0.483715
0.010665 0.014190 0.229258 -0.012646 -0.904951 -0.425327
0.015590 0.015849 0.224974 -0.314790 -0.758658 -0.570391
0.017844 0.016168 0.228090 -0.055429 -0.662096 0.747366
0.013215 0.014823 0.227854 -0.142553 -0.880640 -0.451832
0.010407 0.014165 0.229395 -0.020863 -0.909440 -0.415312
0.014208 0.015535 0.226253 -0.365082 -0.788145 -0.495523
0.013538 0.014531 0.228314 -0.140242 -0.839971 -0.524196
0.017518 0.015996 0.227921 -0.021200 -0.645388 0.763561
0.014876 0.015152 0.227977 0.808685 -0.576419 -0.117342
0.012771 0.014595 0.228402 -0.085647 -0.838208 -0.538583
0.014658 0.015140 0.226673 -0.245908 -0.892388 -0.378381
0.014652 0.015366 0.226108 -0.391009 -0.807606 -0.441457
0.014338 0.016180 0.225196 -0.346120 -0.781354 -0.519313
0.011431 0.014354 0.229111 -0.058320 -0.826338 -0.560147
0.012459 0.021058 0.229916 0.042214 0.197575 -0.979378
0.015642 0.015405 0.227722 0.331628 -0.735275 0.591095
0.014423 0.015039 0.227026 -0.107541 -0.916747 -0.384721
0.014947 0.015088 0.226664 -0.243597 -0.948618 -0.201954
0.018763 0.016029 0.227934 0.012753 -0.732835 0.680287
0.018015 0.015944 0.227927 -0.015440 -0.728397 0.684981
0.013181 0.014486 0.228452 -0.112706 -0.817807 -0.564348
0.015185 0.015016 0.226802 -0.190101 -0.978945 -0.074346
0.016029 0.015367 0.225335 -0.281241 -0.740953 -0.609830
0.012678 0.020877 0.229827 0.015409 0.203946 -0.978861
0.012014 0.014343 0.228910 -0.159205 -0.810092 -0.564274
0.012729 0.014305 0.228755 -0.119737 -0.788470 -0.603306
0.014357 0.014839 0.227455 0.058289 -0.926687 -0.371288
0.015264 0.014991 0.226476 -0.364081 -0.923420 -0.121415
0.014607 0.014714 0.227828 0.187702 -0.849340 -0.493346
0.013158 0.020915 0.229780 0.052235 0.232720 -0.971140
0.012964 0.020742 0.229748 0.033899 0.291112 -0.956088
0.015974 0.015033 0.227404 -0.062719 -0.768636 0.636604
0.016077 0.014846 0.226835 -0.210778 -0.935038 0.285089
0.010528 0.014098 0.229746 -0.072530 -0.898099 -0.433772
0.010789 0.014206 0.229457 -0.027920 -0.907208 -0.419754
0.010885 0.014046 0.229724 -0.133624 -0.865502 -0.482753
0.017219 0.018436 0.229144 0.197711 0.860852 -0.468876
0.010952 0.014252 0.229324 0.027779 -0.852511 -0.521971
0.016950 0.014727 0.225752 -0.287682 -0.798960 -0.528112
0.011044 0.013797 0.229931 -0.219062 -0.800147 -0.558370
0.012318 0.014206 0.228986 -0.166672 -0.779163 -0.604257
0.016655 0.017998 0.228901 0.042504 0.685779 -0.726568
0.017976 0.014581 0.225540 -0.260897 -0.831638 -0.490215
0.017554 0.018182 0.229050 0.652375 0.757640 0.019695
0.016031 0.020088 0.229720 -0.144885 -0.262092 0.954105
0.017915 0.018305 0.229056 0.051497 -0.447160 0.892970
0.017110 0.017940 0.228922 -0.245413 0.665838 -0.704579
0.013740 0.014595 0.228132 -0.146757 -0.861087 -0.486817
0.013026 0.014308 0.228697 -0.103389 -0.790413 -0.603787
0.018026 0.014523 0.225614 -0.243677 -0.830146 -0.501477
0.013531 0.014391 0.228492 -0.147346 -0.799745 -0.581976
0.018909 0.018343 0.229251 0.705102 0.677890 -0.208078
0.013920 0.014449 0.228329 -0.165986 -0.797937 -0.579436
0.017042 0.014476 0.227141 -0.143101 -0.823666 0.548722
0.009983 0.014664 0.228751 0.124776 0.700207 0.702952
0.018230 0.014390 0.225752 -0.156445 -0.856376 -0.492082
0.014276 0.014279 0.228425 0.201564 0.681951 0.703076
0.017691 0.014388 0.225613 -0.272069 -0.795157 -0.541945
0.018601 0.014199 0.225911 -0.173013 -0.846399 -0.503663
0.018870 0.014269 0.225473 -0.247249 -0.900371 -0.358050
0.016971 0.017238 0.228587 -0.033978 -0.489911 0.871110
0.017741 0.017408 0.228736 0.023213 -0.340012 0.940134
0.012634 0.015302 0.227166 -0.141581 -0.795631 -0.589004
0.018939 0.017787 0.229057 0.933634 0.336810 -0.122012
0.017310 0.017296 0.228644 -0.098441 -0.452687 0.886219
0.018543 0.014152 0.226701 0.023410 -0.624740 0.780482
0.019047 0.014167 0.225583 -0.266208 -0.893008 -0.362864
0.018763 0.013991 0.226171 -0.214140 -0.912379 -0.348867
0.017709 0.014086 0.226434 -0.336795 -0.941516 -0.010778
0.018770 0.014244 0.225645 -0.260451 -0.899309 -0.351295
0.017981 0.013955 0.226294 -0.259797 -0.947829 -0.184731
0.012854 0.015312 0.227146 -0.148456 -0.794493 -0.588848
0.019290 0.014006 0.225756 -0.305136 -0.857537 -0.414151
0.019904 0.014162 0.225296 -0.156791 -0.901159 -0.404141
0.018617 0.014428 0.225061 -0.265663 -0.874717 -0.405330
0.018139 0.017243 0.228707 -0.077656 -0.400595 0.912958
0.017445 0.016965 0.228486 -0.107766 -0.538150 0.835931
0.010302 0.013908 0.229987 -0.133325 -0.878257 -0.459227
0.014367 0.019241 0.229423 0.232113 0.423136 -0.875831
0.010657 0.013914 0.229983 -0.169376 -0.846895 -0.504064
0.014107 0.015556 0.226300 -0.362849 -0.800936 -0.476280
0.011702 0.014334 0.229060 -0.158782 -0.819816 -0.550172
0.011268 0.014047 0.229535 -0.104729 -0.855001 -0.507943
0.019652 0.013888 0.225717 -0.195862 -0.905478 -0.376495
0.016924 0.018800 0.229198 -0.212552 -0.780334 0.588132
0.018622 0.016919 0.228611 0.058295 0.468609 -0.881480
0.014328 0.015336 0.226487 -0.341028 -0.822554 -0.455087
0.011605 0.014131 0.229331 -0.164113 -0.788516 -0.592713
0.011502 0.013710 0.229842 -0.216213 -0.789993 -0.573727
0.017396 0.016301 0.228123 -0.097112 -0.571606 0.814761
0.015859 0.015499 0.225236 -0.308207 -0.728503 -0.611794
0.011681 0.013878 0.229588 -0.201801 -0.766876 -0.609243
0.011811 0.013586 0.229929 -0.209104 -0.797109 -0.566474
0.013379 0.014325 0.228638 -0.126228 -0.792669 -0.596441
0.018188 0.016239 0.228150 -0.013547 -0.664624 0.747055
0.016190 0.017534 0.228671 0.116490 -0.269344 0.955973
0.015498 0.014926 0.226772 -0.196594 -0.968431 0.153273
0.014575 0.014467 0.228237 0.008611 0.680924 0.732303
0.019107 0.016390 0.228275 -0.010431 0.624228 -0.781173
0.018303 0.015971 0.227925 0.026932 -0.760782 0.648448
0.017328 0.017592 0.228789 -0.062110 -0.525692 0.848405
0.011003 0.015125 0.228053 -0.258993 -0.801003 -0.539738
0.018752 0.017604 0.228912 0.882482 0.457221 -0.110341
0.016992 0.016755 0.228323 -0.058553 -0.586493 0.807835
0.012751 0.014056 0.229071 -0.155381 -0.756669 -0.635065
0.019022 0.017373 0.228891 0.996193 0.084431 -0.021713
0.013677 0.014341 0.228584 -0.186721 -0.770627 -0.609319
0.018574 0.016629 0.228445 -0.023888 -0.559928 0.828197
0.014948 0.016201 0.228184 -0.374474 0.201580 -0.905061
0.012011 0.013778 0.229617 -0.192358 -0.764060 -0.615801
0.011433 0.013153 0.230959 -0.334413 -0.794761 -0.506481
0.017774 0.015874 0.227830 0.010109 -0.730349 0.682999
0.011530 0.012987 0.231118 -0.405988 -0.748726 -0.524007
0.018454 0.013790 0.226452 0.174208 0.964409 0.198914
0.014738 0.014728 0.228007 -0.353313 0.594440 0.722365
0.013547 0.013732 0.229215 0.230195 0.650678 0.723622
0.013208 0.013390 0.229603 0.267772 0.649356 0.711783
0.013427 0.013234 0.229648 0.290049 0.608826 0.738379
0.018874 0.014160 0.225899 -0.267358 -0.901087 -0.341412
0.011236 0.013503 0.230293 -0.238688 -0.841448 -0.484762
0.013526 0.013983 0.229043 0.186669 0.693594 0.695760
0.011325 0.013838 0.229697 -0.218117 -0.779216 -0.587578
0.011413 0.014107 0.229397 -0.091869 -0.821865 -0.562225
0.011705 0.013716 0.229784 -0.192385 -0.791084 -0.580667
0.011695 0.013486 0.230120 -0.234725 -0.818001 -0.525146
0.010800 0.014133 0.229009 0.064605 -0.851244 -0.520778
0.011883 0.013942 0.229441 -0.179545 -0.764392 -0.619249
0.011472 0.012819 0.231349 -0.427477 -0.709424 -0.560341
0.011735 0.013040 0.230868 -0.416297 -0.747574 -0.517522
0.011968 0.013329 0.230239 -0.281501 -0.776572 -0.563642
0.013739 0.013876 0.229067 0.247975 0.661095 0.708140
0.011795 0.013267 0.230464 -0.317016 -0.806950 -0.498330
0.014400 0.013711 0.228867 0.303054 0.616281 0.726881
0.012744 0.013171 0.230030 0.319302 0.667176 0.672995
0.012098 0.012831 0.230765 -0.459677 -0.663401 -0.590420
0.011723 0.012525 0.231470 -0.498401 -0.635831 -0.589335
0.010763 0.014159 0.228985 0.071194 -0.860239 -0.504896
0.012764 0.012860 0.230345 0.364611 0.638548 0.677728
0.012392 0.012829 0.230533 -0.404189 -0.664180 -0.628884
0.011977 0.012198 0.231577 -0.519900 -0.572992 -0.633549
0.011902 0.012322 0.231507 -0.531073 -0.580634 -0.617111
0.012412 0.012614 0.230688 0.439014 0.619711 0.650557
0.012239 0.012520 0.230857 0.489107 0.613517 0.619977
0.014716 0.013211 0.229174 0.331616 0.590151 0.736038
0.012189 0.012194 0.231324 0.536185 0.543496 0.645847
0.012113 0.013108 0.230439 -0.379300 -0.719417 -0.581869
0.012512 0.014024 0.229168 -0.175225 -0.755768 -0.630960
0.012375 0.012402 0.230931 0.494046 0.588663 0.639839
0.012661 0.012549 0.230668 0.434785 0.599638 0.671860
0.012655 0.012143 0.230996 0.524475 0.521962 0.672668
0.012374 0.011983 0.231368 0.542290 0.520057 0.659895
0.013371 0.013472 0.229465 0.248453 0.643339 0.724145
0.013604 0.013581 0.229302 0.247713 0.634902 0.731805
0.013939 0.013586 0.229185 0.291600 0.611214 0.735790
0.012973 0.012290 0.230726 0.425825 0.531568 0.732194
0.013002 0.012006 0.230842 0.476934 0.434326 0.764130
0.013040 0.013210 0.229826 0.306846 0.658902 0.686800
0.014610 0.012879 0.229463 0.342277 0.548414 0.762947
0.013320 0.012009 0.230690 0.472148 0.397389 0.786866
0.013875 0.013366 0.229369 0.295734 0.601661 0.741988
0.012564 0.011802 0.231332 0.584179 0.399877 0.706282
0.013125 0.012948 0.230029 0.355367 0.631081 0.689529
0.014751 0.012519 0.229658 0.381956 0.468913 0.796386
0.013184 0.012652 0.230296 0.370955 0.602693 0.706508
0.013589 0.013017 0.229753 0.302992 0.602362 0.738482
0.014028 0.013149 0.229483 0.294806 0.586953 0.754040
0.013467 0.012561 0.230214 0.373722 0.570320 0.731483
0.013681 0.011919 0.230550 0.443274 0.365730 0.818382
0.013559 0.011646 0.230700 0.495597 0.306290 0.812755
0.015119 0.012549 0.229452 0.389936 0.483939 0.783424
0.013185 0.011610 0.230880 0.523954 0.310601 0.793094
0.013934 0.012840 0.229745 0.324409 0.576346 0.750056
0.014838 0.012187 0.229805 0.387635 0.408117 0.826546
0.013887 0.011580 0.230546 0.480601 0.227218 0.846991
0.013939 0.011866 0.230411 0.441719 0.348049 0.826889
0.013236 0.012361 0.230525 0.404284 0.485948 0.774860
0.013598 0.012702 0.230035 0.349789 0.581669 0.734376
0.015517 0.012313 0.229388 0.415826 0.419379 0.806976
0.014231 0.012826 0.229642 0.326833 0.560285 0.761092
0.014132 0.012529 0.229914 0.359435 0.534421 0.764984
0.014847 0.011955 0.229887 0.403710 0.372310 0.835705
0.013732 0.011274 0.230659 0.517607 0.196941 0.832645
0.013677 0.012164 0.230404 0.415183 0.437503 0.797631
0.015845 0.012103 0.229322 0.425497 0.381153 0.820777
0.015224 0.011837 0.229769 0.432532 0.314719 0.844907
0.012748 0.011606 0.231266 0.584185 0.358102 0.728348
0.014483 0.012249 0.229923 0.407182 0.421263 0.810395
0.015612 0.011910 0.229554 0.442772 0.324192 0.835974
0.014126 0.012111 0.230160 0.433681 0.394188 0.810270
0.015260 0.011379 0.229844 0.447487 0.134802 0.884072
0.015997 0.011752 0.229378 0.458501 0.265652 0.848060
0.014203 0.011564 0.230318 0.457688 0.244208 0.854918
0.014619 0.011256 0.230161 0.467054 0.127457 0.874994
0.012303 0.021670 0.229947 0.119082 0.227618 -0.966442
0.012997 0.021716 0.229949 0.022010 0.135508 -0.990532
0.013718 0.020827 0.229826 -0.103007 -0.333920 0.936956
0.013270 0.020501 0.230051 0.270911 0.516563 -0.812263
0.012668 0.021639 0.229904 0.054311 0.143580 -0.988147
0.013280 0.021636 0.229952 0.008481 0.045520 -0.998927
0.012942 0.021361 0.229868 -0.057472 -0.179136 0.982144
0.014268 0.021419 0.229998 0.021993 -0.221175 -0.974986
0.012839 0.021048 0.229797 -0.033379 0.170561 -0.984782
0.014208 0.021085 0.229898 -0.088783 0.356259 -0.930160
0.015730 0.021309 0.230149 0.202673 0.963624 0.174221
0.014976 0.021050 0.229969 0.087113 0.483136 -0.871201
0.016290 0.021261 0.230218 0.206174 0.978415 -0.014034
0.014059 0.020731 0.229774 -0.034667 -0.391976 0.919322
0.015610 0.021029 0.230058 0.059615 0.776614 -0.627150
0.015266 0.020747 0.229912 -0.059703 -0.556581 0.828645
0.015004 0.020500 0.229762 -0.042169 0.465148 -0.884228
0.015266 0.020358 0.229748 0.043897 -0.287260 0.956846
0.015728 0.020472 0.229871 -0.100115 -0.372659 0.922552
0.015586 0.020088 0.229679 -0.040667 -0.230189 0.972296
0.015248 0.019753 0.229503 0.049184 -0.410412 0.910573
0.015326 0.019409 0.229374 -0.263591 0.523202 -0.810419
0.015683 0.019459 0.229417 0.098360 -0.322270 0.941524
0.015175 0.019124 0.229233 0.095878 -0.337179 0.936546
0.015519 0.019102 0.229274 -0.035721 -0.430273 0.901992
0.016942 0.020919 0.230183 0.145366 0.888949 -0.434326
0.017606 0.021051 0.230327 -0.149337 0.983856 -0.098617
0.017300 0.020876 0.230212 -0.021577 0.943774 -0.329886
0.015024 0.020210 0.229657 -0.052348 -0.245443 0.967997
0.016037 0.020366 0.229860 -0.066790 -0.320738 0.944810
0.016029 0.021261 0.230183 0.176335 0.984238 -0.013479
0.017647 0.020739 0.230186 -0.187885 0.926594 -0.325766
0.018230 0.020979 0.230399 0.082943 -0.829166 -0.552815
0.017989 0.020691 0.230182 0.253963 -0.928946 -0.269375
0.018289 0.020742 0.230223 0.238422 -0.792483 -0.561360
0.016121 0.020990 0.230101 0.206041 0.917616 -0.339894
0.017384 0.020343 0.229925 -0.126774 0.808639 -0.574483
0.017912 0.020543 0.230064 0.253963 -0.928946 -0.269375
0.015295 0.019972 0.229595 0.105628 -0.086014 0.990679
0.016960 0.020658 0.230092 0.143544 0.768487 -0.623556
0.015679 0.019716 0.229516 0.100772 -0.103974 0.989462
0.016150 0.018898 0.229213 0.261915 0.256837 -0.930288
0.018516 0.020940 0.230392 0.082943 -0.829166 -0.552815
0.009057 0.016043 0.227455 -0.183328 -0.800180 -0.571055
0.018561 0.020786 0.230237 0.238422 -0.792483 -0.561360
0.017909 0.020989 0.230358 -0.207409 0.978074 0.018790
0.013025 0.015255 0.227208 -0.142617 -0.816711 -0.559145
0.016668 0.017336 0.228611 0.010983 -0.467578 0.883884
0.015824 0.016527 0.228010 -0.036798 0.508975 -0.859994
0.016218 0.016449 0.227986 0.004972 -0.483322 0.875429
0.014149 0.019700 0.229448 -0.141759 0.155918 -0.977545
0.015221 0.018884 0.229128 0.152863 -0.203916 0.966980
0.015051 0.018677 0.229087 -0.142879 0.232242 -0.962107
0.017852 0.018034 0.228971 0.010029 0.453792 -0.891051
0.017619 0.020211 0.231123 0.073273 0.437835 0.896064
0.017576 0.019876 0.231023 -0.058142 -0.251999 -0.965979
0.018318 0.019841 0.231156 -0.316647 -0.203489 -0.926459
0.014848 0.020840 0.230604 0.075936 -0.355295 -0.931665
0.018113 0.020249 0.231227 -0.189847 -0.400042 -0.896618
0.016049 0.014962 0.228295 -0.612781 0.072422 0.786927
0.016991 0.018429 0.229910 -0.207725 -0.537484 0.817289
0.017640 0.014710 0.228434 -0.322837 -0.437271 0.839387
0.018644 0.018394 0.230407 0.176267 0.466548 -0.866755
0.018264 0.014238 0.228418 -0.305269 -0.446229 0.841244
0.019355 0.013708 0.228660 0.271884 0.482514 -0.832622
0.009503 0.016653 0.226264 -0.048882 -0.902774 -0.427328
0.009734 0.016463 0.226605 -0.095091 -0.858726 -0.503535
0.010114 0.016832 0.225848 0.002352 0.972879 0.231304
0.010884 0.016790 0.225788 -0.016938 -0.949138 -0.314404
0.015983 0.019671 0.229504 0.247899 0.120812 -0.961223
0.010046 0.015070 0.228293 -0.156592 -0.739854 -0.654290
0.010803 0.015653 0.227330 -0.232342 -0.738976 -0.632402
0.012621 0.016310 0.226015 -0.237830 -0.759353 -0.605657
0.010891 0.014728 0.228647 -0.117475 -0.716945 -0.687161
0.010843 0.016153 0.226750 -0.175481 -0.760395 -0.625305
0.014835 0.016627 0.228292 0.219829 -0.382633 0.897367
0.012654 0.014636 0.228341 -0.083105 -0.863399 -0.497629
0.013662 0.015900 0.226055 -0.306331 -0.767782 -0.562737
0.013222 0.015297 0.227086 -0.164288 -0.805175 -0.569827
0.011591 0.013231 0.230701 -0.294066 -0.822704 -0.486500
0.013726 0.015247 0.226982 -0.199269 -0.822071 -0.533378
0.013194 0.014622 0.228287 -0.113777 -0.851096 -0.512533
0.011890 0.013124 0.230629 -0.364141 -0.753876 -0.546875
0.013539 0.014261 0.228733 -0.158755 -0.761775 -0.628088
0.018344 0.017528 0.228810 0.020052 0.535992 -0.843985
0.015893 0.015547 0.227748 0.475581 -0.438844 0.762390
0.014764 0.014737 0.227801 0.371947 -0.861444 -0.345789
0.013618 0.013269 0.229544 0.286996 0.600226 0.746567
0.015604 0.016798 0.228206 0.053957 -0.653601 0.754914
0.010175 0.014112 0.229740 0.085043 0.907155 0.412113
0.018886 0.016828 0.228566 0.169392 0.610204 -0.773923
0.015493 0.016571 0.228072 -0.202735 0.416676 -0.886160
0.019162 0.016099 0.228012 0.049344 -0.724680 0.687316
0.014942 0.014861 0.228128 0.390869 -0.321554 -0.862453
0.014258 0.014516 0.228175 -0.032000 -0.777882 -0.627595
0.019386 0.015803 0.227746 0.052796 -0.825145 0.562449
0.018321 0.017032 0.228650 -0.001753 -0.457242 0.889341
0.012816 0.014469 0.228535 -0.093797 -0.807175 -0.582812
0.013155 0.014278 0.228715 -0.108299 -0.779650 -0.616779
0.013987 0.014868 0.227469 -0.090446 -0.894373 -0.438082
0.019024 0.014114 0.225819 -0.281095 -0.856186 -0.433510
0.018986 0.013865 0.226677 0.224650 0.783817 0.578933
0.014955 0.015325 0.228153 0.157100 0.040572 -0.986749
0.014011 0.014201 0.228619 -0.257767 -0.708394 -0.657065
0.019469 0.013898 0.225825 -0.209624 -0.907991 -0.362782
0.016011 0.016260 0.227915 0.015084 -0.388787 0.921204
0.014040 0.013806 0.228979 0.285577 0.645524 0.708339
0.016306 0.016098 0.227884 0.024974 -0.383217 0.923321
0.014899 0.014456 0.228237 -0.016202 0.553915 0.832416
0.013482 0.015229 0.227089 -0.173522 -0.817338 -0.549408
0.015017 0.016395 0.228151 -0.283755 0.266959 -0.920986
0.010747 0.014961 0.228424 -0.169475 -0.807030 -0.565669
0.015180 0.014596 0.228192 -0.162252 0.385230 0.908445
0.018938 0.015820 0.227671 0.035301 -0.837567 0.545194
0.018721 0.015804 0.227646 0.020593 -0.837090 0.546677
0.017978 0.016174 0.228098 -0.039053 -0.662103 0.748395
0.015265 0.016911 0.228323 -0.134859 0.624460 -0.769326
0.019492 0.013830 0.226567 -0.371992 -0.768306 -0.520892
0.014631 0.014200 0.228390 0.110815 0.614750 0.780899
0.015126 0.016616 0.228181 0.219829 -0.382633 0.897367
0.015392 0.016230 0.228017 0.308379 -0.214308 0.926809
0.019332 0.015722 0.227590 0.036691 -0.842943 0.536751
0.018934 0.016259 0.228135 0.034164 -0.672557 0.739256
0.018090 0.014410 0.226827 0.154450 -0.515330 0.842959
0.013337 0.014556 0.228341 -0.144649 -0.843610 -0.517106
0.013962 0.014341 0.228508 -0.211696 -0.747408 -0.629734
0.012312 0.013828 0.229470 -0.195042 -0.756448 -0.624295
0.012613 0.013372 0.229879 -0.273582 -0.709831 -0.649071
0.011094 0.013876 0.229690 -0.149099 -0.848728 -0.507375
0.014374 0.014008 0.228580 0.253045 0.667195 0.700585
0.012428 0.013109 0.230280 -0.327907 -0.685943 -0.649584
0.014706 0.013759 0.228672 0.268515 0.586626 0.764048
0.012207 0.011953 0.231570 -0.556772 -0.463046 -0.689633
0.014279 0.013408 0.229196 0.311839 0.606114 0.731698
0.014697 0.013534 0.228926 0.301051 0.598286 0.742578
0.015005 0.013583 0.228738 0.275926 0.560480 0.780850
0.012333 0.011612 0.231664 0.576274 0.419670 0.701274
0.015410 0.013644 0.228527 0.262626 0.486496 0.833276
0.015223 0.013328 0.228848 0.301689 0.555011 0.775208
0.015654 0.013383 0.228630 0.278839 0.501423 0.819038
0.013492 0.012327 0.230339 0.412786 0.472252 0.778837
0.013776 0.012419 0.230162 0.393216 0.511791 0.763840
0.015099 0.012994 0.229131 0.359257 0.547396 0.755838
0.014459 0.012687 0.229682 0.340163 0.542276 0.768261
0.012931 0.011805 0.230976 0.524370 0.395479 0.754077
0.015978 0.013451 0.228448 0.249514 0.464227 0.849844
0.016510 0.013478 0.228309 0.258781 0.393649 0.882084
0.015610 0.013071 0.228837 0.329844 0.522835 0.786033
0.015952 0.013125 0.228691 0.289542 0.490701 0.821814
0.011836 0.014629 0.228063 -0.073603 -0.881784 -0.465874
0.015128 0.014036 0.228394 0.188932 0.493010 0.849262
0.015371 0.012709 0.229191 0.384877 0.496538 0.778023
0.012981 0.011307 0.231156 0.590368 0.224743 0.775214
0.015981 0.012762 0.228875 0.332777 0.452989 0.827080
0.013121 0.010988 0.231104 0.583580 0.184744 0.790762
0.015151 0.012207 0.229642 0.410385 0.427523 0.805487
0.014577 0.011730 0.230063 0.451434 0.274962 0.848884
0.013371 0.011123 0.230844 0.551634 0.168153 0.816961
0.015898 0.012382 0.229137 0.412153 0.408590 0.814361
0.016221 0.012473 0.228920 0.375974 0.388563 0.841226
0.013408 0.010683 0.230898 0.577777 0.131856 0.805474
0.014164 0.013943 0.228720 0.278602 0.661436 0.696336
0.014936 0.011569 0.229948 0.448416 0.213938 0.867844
0.014136 0.011123 0.230450 0.496314 0.121844 0.859550
0.016178 0.012126 0.229106 0.420602 0.327920 0.845909
0.016485 0.012246 0.228893 0.401068 0.335644 0.852343
0.016244 0.013220 0.228538 0.276086 0.470194 0.838268
0.015652 0.011511 0.229638 0.468278 0.170681 0.866939
0.014441 0.010816 0.230296 0.496181 0.054988 0.866476
0.014916 0.014026 0.228412 0.200232 0.537848 0.818918
0.016420 0.011888 0.229060 0.438304 0.269230 0.857558
0.015060 0.011078 0.229941 0.455643 0.067075 0.887632
0.012228 0.013645 0.229733 -0.215818 -0.749807 -0.625470
0.015372 0.013947 0.228370 0.211726 0.447728 0.868741
0.016339 0.011532 0.229186 0.446089 0.161194 0.880353
0.015508 0.010990 0.229718 0.465183 0.029486 0.884723
0.016353 0.012878 0.228700 0.310472 0.430729 0.847396
0.015997 0.011227 0.229443 0.469119 0.096927 0.877800
0.014828 0.012986 0.229288 0.355570 0.555127 0.751934
0.016866 0.011591 0.228919 0.453448 0.166228 0.875645
0.015783 0.013860 0.228274 0.221437 0.392793 0.892569
0.016200 0.013912 0.228167 0.183163 0.280874 0.942105
0.016317 0.010994 0.229248 0.465327 0.066082 0.882668
0.016701 0.013634 0.228187 0.178073 0.243611 0.953386
0.016403 0.010665 0.229215 0.435857 0.006814 0.899990
0.015705 0.012619 0.229080 0.386790 0.465374 0.796128
0.016698 0.010406 0.229089 0.427914 -0.011998 0.903740
0.015234 0.014294 0.228265 0.019227 0.435365 0.900049
0.016644 0.011920 0.228942 0.422997 0.249451 0.871119
0.016534 0.013262 0.228428 0.272893 0.410882 0.869888
0.015679 0.014487 0.228179 0.096714 0.344889 0.933648
0.012516 0.013037 0.230298 -0.334693 -0.675632 -0.656889
0.016578 0.011540 0.229053 0.468248 0.167285 0.867617
0.016754 0.012898 0.228547 0.352798 0.375131 0.857211
0.015600 0.014142 0.228202 0.150377 0.228538 0.961851
0.015917 0.014124 0.228156 0.179504 0.205288 0.962099
0.012952 0.012579 0.230523 0.379932 0.587376 0.714592
0.014418 0.012522 0.229816 0.374940 0.487824 0.788320
0.012554 0.017008 0.224821 -0.091933 -0.981635 -0.167158
0.012293 0.021389 0.230039 0.123773 0.168065 -0.977975
0.017332 0.012549 0.228381 0.454310 0.300057 0.838790
0.012587 0.021302 0.230258 0.123773 0.168065 -0.977975
0.012508 0.015064 0.227501 -0.108829 -0.839393 -0.532518
0.016632 0.012604 0.228714 0.369400 0.379872 0.848081
0.017065 0.012846 0.228417 0.381424 0.342381 0.858656
0.016261 0.014258 0.228108 0.095528 0.123957 0.987679
0.012433 0.017056 0.224746 -0.062828 -0.990681 -0.120848
0.016416 0.014046 0.228092 0.096854 0.105643 0.989676
0.016823 0.012303 0.228741 0.410666 0.325422 0.851736
0.017059 0.013522 0.228112 0.210148 0.201308 0.956720
0.016806 0.011304 0.228977 0.455141 0.123984 0.881745
0.017317 0.011658 0.228677 0.484627 0.194964 0.852717
0.012474 0.021074 0.230044 0.014927 0.144322 -0.989418
0.017177 0.011100 0.228828 0.474570 0.108689 0.873482
0.013078 0.013529 0.229532 0.229700 0.669071 0.706811
0.017348 0.012956 0.228189 0.359800 0.262423 0.895365
0.017996 0.011673 0.228211 0.474669 0.158806 0.865719
0.017068 0.012457 0.228575 0.415414 0.330355 0.847524
0.017776 0.011426 0.228454 0.513929 0.158567 0.843050
0.017682 0.011027 0.228555 0.505359 0.102115 0.856846
0.017101 0.010494 0.228897 0.458954 0.025686 0.888089
0.011271 0.016660 0.224129 0.234671 -0.934477 0.267735
0.017235 0.012090 0.228611 0.466184 0.261283 0.845224
0.017491 0.010660 0.228687 0.472340 0.049781 0.880009
0.018204 0.011122 0.228196 0.487668 0.113170 0.865663
0.017390 0.010182 0.228739 0.455785 0.021574 0.889828
0.017617 0.011890 0.228429 0.492275 0.218644 0.842532
0.017832 0.010370 0.228471 0.465498 0.080541 0.881377
0.017218 0.009797 0.228814 0.427730 -0.017345 0.903740
0.018615 0.010654 0.227997 0.468148 0.104970 0.877393
0.012037 0.021717 0.230131 0.123773 0.168065 -0.977975
0.015099 0.013770 0.228529 0.260581 0.514086 0.817199
0.014455 0.016498 0.224625 -0.299879 -0.826040 -0.477211
0.016323 0.013525 0.228293 0.232784 0.397166 0.887733
0.012372 0.016738 0.223189 0.403820 -0.875617 0.264998
0.013288 0.017025 0.222862 0.242946 -0.968200 0.059710
0.013866 0.014847 0.227366 -0.138621 -0.875365 -0.463164
0.014604 0.013958 0.228494 0.180265 0.608616 0.772717
0.016916 0.013145 0.228334 0.316065 0.360051 0.877762
0.012663 0.020973 0.230128 0.206433 0.300300 -0.931239
0.013212 0.021312 0.230513 0.178483 0.036700 -0.983258
0.013166 0.020854 0.230238 0.182841 0.607680 -0.772848
0.013428 0.021086 0.230479 0.325628 0.165057 -0.930979
0.017704 0.012714 0.228070 0.396324 0.175448 0.901191
0.015653 0.012812 0.228951 0.361378 0.498112 0.788220
0.014308 0.020108 0.230151 0.352765 0.534340 -0.768139
0.016996 0.011906 0.228785 0.457251 0.224515 0.860532
0.015795 0.014200 0.228153 0.156856 0.193393 0.968501
0.015702 0.013596 0.228454 0.244008 0.468696 0.848990
0.016005 0.013663 0.228266 0.220214 0.409772 0.885208
0.014479 0.013785 0.228706 0.274759 0.617996 0.736606
0.014825 0.013620 0.228786 0.291379 0.582031 0.759169
0.015809 0.020972 0.230728 0.136526 0.796700 0.588752
0.016322 0.020966 0.230846 0.097417 0.716144 0.691121
0.015924 0.020760 0.230757 0.025411 0.747166 0.664151
0.016698 0.020656 0.230786 0.217671 0.716667 0.662577
0.016955 0.020491 0.230715 -0.298073 -0.690553 -0.659005
0.013960 0.020493 0.230293 -0.270098 -0.573406 0.773468
0.014268 0.020811 0.230549 0.178714 -0.173915 -0.968408
0.015258 0.020901 0.230633 0.051733 0.891185 0.450682
0.017288 0.018728 0.230038 -0.267916 -0.717765 0.642678
0.017849 0.018507 0.230126 -0.382676 -0.541012 0.748909
0.017842 0.017770 0.229783 0.663698 0.553967 -0.502619
0.018005 0.018198 0.230103 -0.422285 -0.487224 0.764388
0.015939 0.018026 0.229425 -0.347691 -0.311728 0.884272
0.017303 0.018508 0.229972 -0.451813 -0.550060 0.702352
0.017650 0.018688 0.230162 -0.448970 -0.584371 0.675971
0.016718 0.016207 0.228983 -0.343349 -0.051403 0.937800
0.017833 0.016344 0.229266 -0.304429 0.072045 0.949807
0.013888 0.019732 0.229511 0.042429 0.169966 -0.984536
0.014744 0.018579 0.229374 0.447641 0.645590 -0.618733
0.017047 0.015276 0.228574 -0.466289 -0.523933 0.712789
0.016913 0.014867 0.228348 -0.285645 -0.473313 0.833296
0.012882 0.020756 0.230067 0.231214 0.536652 -0.811508
0.017163 0.015200 0.228542 -0.485976 -0.507337 0.711643
0.015680 0.017990 0.228843 0.208816 -0.420027 0.883161
0.013594 0.020745 0.230342 -0.266965 -0.374664 0.887894
0.015464 0.017459 0.228694 -0.333502 0.413254 -0.847347
0.016447 0.019070 0.229268 0.230702 0.340282 -0.911584
0.016777 0.017079 0.229340 0.362961 0.534589 -0.763200
0.014747 0.019517 0.230001 0.401708 0.029486 -0.915293
0.016946 0.016317 0.229058 -0.343128 -0.021231 0.939049
0.015092 0.019450 0.230110 0.173487 -0.046511 -0.983737
0.015739 0.017759 0.228764 0.223468 -0.445855 0.866761
0.014990 0.018328 0.229329 0.295657 0.476610 -0.827907
0.015147 0.018915 0.229860 -0.450855 -0.523065 0.723279
0.015293 0.018228 0.229433 0.288292 0.509622 -0.810663
0.015459 0.018905 0.229960 -0.314719 -0.618878 0.719682
0.015661 0.019718 0.230374 -0.297102 -0.104148 0.949149
0.015371 0.017630 0.229118 0.043120 0.398227 -0.916273
0.015315 0.018531 0.229670 0.345074 0.674513 -0.652653
0.015525 0.017839 0.229280 0.024871 0.322776 -0.946149
0.015764 0.018899 0.230009 -0.336267 -0.538223 0.772814
0.015742 0.018366 0.229607 0.269513 0.537068 -0.799325
0.016166 0.018917 0.230084 -0.285586 -0.498912 0.818246
0.015290 0.016123 0.228519 0.042421 0.189199 -0.981022
0.018289 0.016636 0.229553 0.908556 0.218205 -0.356247
0.016075 0.018535 0.229761 -0.295659 -0.686474 0.664334
0.016004 0.017499 0.229316 -0.277821 -0.258386 0.925231
0.015545 0.016841 0.228962 -0.577817 -0.236108 0.781269
0.016522 0.018527 0.229869 -0.314706 -0.562094 0.764860
0.016302 0.018013 0.229552 0.424324 0.507222 -0.750116
0.016424 0.017610 0.229466 0.277099 0.416657 -0.865802
0.015941 0.015825 0.228664 0.537582 0.522123 -0.662113
0.016664 0.018052 0.229694 -0.118538 -0.608105 0.784957
0.016260 0.016551 0.229055 0.292052 -0.020427 -0.956184
0.016255 0.016084 0.228895 0.597808 0.055631 -0.799706
0.016117 0.015477 0.228544 0.533236 0.535291 -0.655075
0.016390 0.016939 0.229192 0.753993 0.297192 -0.585809
0.016865 0.017557 0.229540 -0.017615 0.790440 -0.612286
0.018860 0.015433 0.229176 -0.218291 0.295716 -0.930000
0.017135 0.018023 0.229772 -0.219303 -0.635039 0.740697
0.016460 0.015643 0.228731 -0.495380 -0.512772 0.701187
0.016693 0.016521 0.229128 0.389724 -0.181197 -0.902930
0.016793 0.015895 0.228918 0.253498 0.152120 -0.955300
0.016778 0.015261 0.228565 -0.610794 -0.378637 0.695389
0.017178 0.017128 0.229457 -0.104775 -0.520752 0.847254
0.017496 0.017857 0.229728 0.515206 0.669797 -0.534729
0.017619 0.018116 0.229952 -0.489986 -0.510304 0.706756
0.017431 0.017381 0.229526 0.800154 0.097092 -0.591885
0.017091 0.016631 0.229280 -0.368272 -0.140131 0.919097
0.017176 0.015738 0.228964 -0.234389 -0.403996 0.884222
0.017105 0.015445 0.228725 0.269071 0.466332 -0.842695
0.017325 0.016145 0.229160 -0.336100 -0.230414 0.913207
0.017556 0.015731 0.229055 -0.230907 -0.401447 0.886297
0.017285 0.015032 0.228519 -0.337210 -0.539723 0.771355
0.017405 0.015389 0.228827 -0.243272 -0.447116 0.860759
0.018128 0.017479 0.229782 0.835919 0.326067 -0.441498
0.018437 0.016434 0.228302 -0.024593 -0.604614 0.796139
0.018197 0.017873 0.230063 -0.423059 -0.415497 0.805223
0.017826 0.015946 0.229177 -0.276808 -0.288602 0.916562
0.017727 0.015003 0.228711 -0.280461 -0.462571 0.841053
0.018058 0.016545 0.229409 -0.569739 0.019073 0.821604
0.017868 0.015328 0.228942 -0.261074 -0.434181 0.862164
0.018362 0.017192 0.229800 0.889369 0.426635 -0.164330
0.018100 0.015660 0.229103 -0.342671 -0.338350 0.876411
0.018670 0.017546 0.230061 -0.551192 0.139737 -0.822594
0.018197 0.016073 0.229280 -0.377478 -0.360719 0.852873
0.017949 0.014653 0.228575 -0.314845 -0.464133 0.827921
0.018117 0.014920 0.228825 -0.299789 -0.423054 0.855074
0.018711 0.017062 0.229864 0.808012 0.130798 0.574464
0.018598 0.016656 0.229681 0.958588 -0.004271 0.284765
0.018622 0.016300 0.229556 0.876852 0.110280 0.467941
0.018361 0.015267 0.229016 0.278763 0.396658 -0.874616
0.018536 0.015647 0.229220 0.420061 0.310220 -0.852826
0.018327 0.014544 0.228711 -0.311447 -0.437237 0.843697
0.018499 0.014917 0.228929 -0.306824 -0.405963 0.860844
0.018882 0.015939 0.229515 0.977104 0.133654 0.165543
0.018877 0.016373 0.229736 -0.638383 0.151225 -0.754717
0.018691 0.015247 0.229091 0.282528 0.381007 -0.880347
0.018657 0.014545 0.228851 -0.322532 -0.439679 0.838245
0.018993 0.015543 0.229265 0.952890 -0.063199 0.296658
0.018914 0.014849 0.228996 0.316990 0.407980 -0.856195
0.019141 0.015097 0.229122 0.110527 0.284857 -0.952177
0.019027 0.014437 0.228959 0.301552 0.462821 -0.833584
0.009548 0.016843 0.225788 0.014758 0.967736 0.251534
0.009818 0.016844 0.225865 0.017487 0.962232 0.271670
0.009834 0.016680 0.226199 -0.045254 -0.907180 -0.418301
0.010234 0.016832 0.225320 -0.053621 0.995222 -0.081594
0.010867 0.016883 0.225096 0.121398 -0.980302 0.155793
0.010367 0.016593 0.226277 -0.107295 -0.860395 -0.498205
0.010491 0.016705 0.224884 -0.170597 0.949608 -0.262948
0.009266 0.015041 0.228621 -0.183350 -0.691262 -0.698956
0.010371 0.015100 0.228183 -0.137956 -0.794036 -0.592010
0.010240 0.014957 0.228437 -0.085876 -0.741113 -0.665865
0.010733 0.015115 0.228139 -0.204216 -0.818787 -0.536549
0.010540 0.014877 0.228555 -0.087396 -0.730484 -0.677314
0.010254 0.014728 0.228682 0.067531 0.671892 0.737564
0.011017 0.014931 0.228337 -0.247959 -0.807395 -0.535377
0.010064 0.014521 0.228814 -0.122075 -0.712728 -0.690736
0.010630 0.014664 0.228750 0.032518 0.680589 0.731943
0.010905 0.014498 0.228888 0.042068 -0.780015 -0.624345
0.011228 0.014474 0.228929 0.005423 -0.856513 -0.516097
0.008816 0.015403 0.228284 -0.212826 -0.745977 -0.631050
0.012114 0.011833 0.231787 -0.556772 -0.463046 -0.689633
0.014645 0.008184 0.229835 -0.539848 0.059981 -0.839623
0.015313 0.008832 0.229415 0.471177 -0.093116 0.877110
0.014450 0.008403 0.230121 -0.570823 0.065869 -0.818427
0.014783 0.008677 0.229654 0.538243 -0.077373 0.839230
0.015049 0.009204 0.229579 0.486439 -0.123090 0.865001
0.015486 0.009634 0.229472 0.416151 -0.150521 0.896751
0.014781 0.009037 0.229684 0.542132 -0.101555 0.834134
0.014896 0.009613 0.229791 0.534392 -0.145503 0.832619
0.015218 0.009654 0.229593 0.469165 -0.164381 0.867677
0.014743 0.009300 0.229806 0.559198 -0.120518 0.820227
0.015232 0.010138 0.229699 0.460643 -0.155406 0.873875
0.014071 0.008487 0.230488 0.632695 -0.053541 0.772548
0.015333 0.010560 0.229728 0.458706 -0.086772 0.884341
0.014469 0.008835 0.230102 -0.589184 0.081323 -0.803896
0.014901 0.009160 0.229633 0.542132 -0.101555 0.834134
0.014970 0.008846 0.229546 0.525908 -0.080521 0.846721
0.014869 0.007743 0.229649 -0.485202 0.049381 -0.873006
0.015021 0.008046 0.229525 0.503443 -0.062199 0.861787
0.015139 0.008590 0.229454 0.503443 -0.062199 0.861787
0.016180 0.007576 0.228990 -0.404063 0.085339 -0.910741
0.015847 0.008226 0.229170 0.421345 -0.081780 0.903206
0.015828 0.008630 0.229224 0.386474 -0.097980 0.917081
0.018401 0.008749 0.228256 0.406510 0.015137 0.913521
0.018060 0.009231 0.228364 0.406405 0.013886 0.913587
0.018502 0.009260 0.228212 0.432859 0.044616 0.900357
0.018684 0.009545 0.228128 0.439363 0.067725 0.895753
0.015233 0.020603 0.230613 0.107514 -0.111345 -0.987949
0.012880 0.010829 0.231362 0.592494 0.179553 0.785310
0.015688 0.020406 0.230628 -0.367244 -0.140700 0.919421
0.014763 0.019922 0.230245 -0.322056 -0.276752 0.905366
0.017099 0.020610 0.230940 -0.096935 -0.718283 -0.688965
0.015213 0.019870 0.230365 0.266751 0.081410 -0.960321
0.017289 0.020105 0.231014 0.020225 -0.548017 -0.836223
0.015500 0.019236 0.230138 -0.341503 -0.219285 0.913942
0.017233 0.019779 0.230899 0.289239 0.156705 -0.944343
0.017616 0.019470 0.230764 -0.188073 -0.521160 0.832479
0.017818 0.018950 0.230500 -0.247149 -0.522525 0.816018
0.018231 0.018617 0.230446 -0.261489 -0.481143 0.836735
0.016594 0.014492 0.228135 -0.087205 0.088707 0.992233
0.015746 0.015070 0.228293 -0.283627 0.219373 0.933505
0.017487 0.014188 0.228134 -0.317029 -0.148492 0.936719
0.017888 0.013906 0.228069 -0.132379 -0.269584 0.953834
0.018442 0.013899 0.228214 -0.251351 -0.483009 0.838764
0.017453 0.013632 0.227998 0.092394 0.003892 0.995715
0.018175 0.013430 0.227934 -0.031581 -0.286936 0.957429
0.016748 0.010889 0.228995 0.441386 0.068909 0.894667
0.018045 0.012862 0.227905 0.244076 0.036989 0.969050
0.018441 0.012893 0.227823 0.117989 -0.075987 0.990103
0.018804 0.012588 0.227694 0.525320 -0.020362 0.850661
0.018695 0.012099 0.227700 0.217193 -0.012573 0.976048
0.019079 0.012275 0.227733 -0.546427 -0.013957 -0.837391
0.018700 0.011411 0.227780 -0.422350 -0.097844 -0.901136
0.019223 0.011640 0.227746 -0.302231 -0.003429 -0.953228
0.018244 0.010111 0.228224 0.465493 0.059434 0.883054
0.018284 0.009678 0.228233 0.456809 0.055665 0.887821
0.019117 0.011190 0.227540 -0.364404 -0.080004 -0.927798
0.018788 0.009952 0.228010 0.469282 0.082723 0.879165
0.017945 0.017910 0.229983 -0.496898 -0.456463 0.738061
0.017993 0.017026 0.229569 0.730016 0.531408 -0.429747
0.018250 0.016346 0.229439 -0.605595 0.032059 0.795127
0.019120 0.012943 0.227850 -0.769862 0.347269 -0.535459
0.019109 0.012646 0.227804 0.685902 -0.164591 0.708836
0.016623 0.014937 0.228375 -0.278739 -0.283117 0.917687
0.018671 0.013420 0.227968 0.118705 0.424377 -0.897671
0.017374 0.019123 0.229304 -0.030716 0.504401 -0.862923
0.013920 0.021032 0.230565 0.106655 -0.262470 -0.959028
0.017086 0.019340 0.230621 -0.222421 -0.497611 0.838399
0.013161 0.020436 0.229748 0.058651 0.353671 -0.933529
0.016498 0.020716 0.230058 -0.181390 -0.768645 0.613418
0.014328 0.020124 0.229543 0.014198 -0.101945 0.994689
0.014782 0.018876 0.229175 -0.325482 0.069230 -0.943010
0.014587 0.019894 0.229491 -0.006248 -0.161284 0.986888
0.014994 0.020003 0.229574 -0.029029 0.011548 -0.999512
0.014633 0.018724 0.229347 -0.476901 -0.010901 -0.878889
0.015648 0.018690 0.229127 -0.128258 -0.268333 0.954750
0.013826 0.019645 0.229574 0.114263 0.219103 -0.968988
0.015214 0.018015 0.229166 0.148969 0.468789 -0.870658
0.014939 0.019018 0.229172 -0.264626 0.232223 -0.935973
0.015484 0.018098 0.228908 -0.151210 0.301048 -0.941544
0.014588 0.018923 0.229306 -0.228753 0.202802 -0.952126
0.015279 0.017790 0.228958 -0.301368 0.353702 -0.885479
0.015422 0.017678 0.228792 -0.141036 0.351067 -0.925668
0.015270 0.017388 0.228810 0.534455 0.242321 -0.809715
0.015370 0.017338 0.228667 -0.055322 0.569184 -0.820347
0.017960 0.017583 0.229660 0.615015 0.710434 0.342112
0.015004 0.018389 0.229145 -0.246990 0.030121 -0.968550
0.015642 0.017269 0.228600 -0.032811 0.574931 -0.817544
0.014629 0.016782 0.228514 -0.043877 0.422833 -0.905145
0.014796 0.016881 0.228515 -0.153943 0.543186 -0.825379
0.014704 0.016810 0.228542 -0.043877 0.422833 -0.905145
0.015088 0.016974 0.228453 -0.230345 0.562920 -0.793765
0.011443 0.016913 0.224738 0.221191 -0.956721 0.189103
0.016215 0.018294 0.229573 -0.308299 -0.527124 0.791892
0.009632 0.016861 0.225602 -0.033114 0.990459 0.133770
0.010291 0.016861 0.225637 0.006664 -0.987697 -0.156241
0.009583 0.016767 0.226041 0.013800 0.943546 0.330954
0.011005 0.016857 0.225632 0.012096 -0.983462 -0.180711
0.016048 0.017025 0.228522 -0.210662 0.565820 -0.797164
0.011258 0.016923 0.225015 0.171038 -0.972314 0.159219
0.009360 0.016522 0.226556 -0.067570 -0.878962 -0.472081
0.010346 0.016758 0.225977 -0.047188 -0.938036 -0.343311
0.010947 0.016906 0.225235 0.098945 -0.993427 0.057564
0.015161 0.016996 0.228629 -0.079498 0.581160 -0.809897
0.009994 0.016756 0.226045 -0.041162 -0.945589 -0.322750
0.011521 0.016956 0.225155 0.065976 -0.997723 -0.014006
0.009757 0.016563 0.226427 -0.077250 -0.882551 -0.463828
0.010846 0.016766 0.224801 0.174607 -0.949109 0.262116
0.010740 0.016875 0.225587 0.023632 -0.993112 -0.114760
0.011241 0.016749 0.225830 -0.060487 -0.916224 -0.396074
0.010008 0.016714 0.225215 -0.104912 0.987645 -0.116405
0.010687 0.016649 0.226097 -0.117231 -0.866687 -0.484882
0.012504 0.016906 0.225135 -0.163584 -0.937975 -0.305686
0.009121 0.016380 0.226877 0.119970 0.857333 0.500587
0.011646 0.016780 0.225698 -0.087214 -0.898994 -0.429189
0.015843 0.016906 0.228404 -0.007146 0.768184 -0.640189
0.010117 0.016588 0.226338 -0.093241 -0.870532 -0.483199
0.011211 0.016884 0.225243 0.089505 -0.994939 0.045661
0.009485 0.016390 0.226777 -0.119762 -0.853282 -0.507510
0.010663 0.016808 0.225024 0.135557 -0.970901 0.197420
0.012058 0.016727 0.225673 -0.123751 -0.877953 -0.462475
0.012780 0.016972 0.224730 -0.144118 -0.967198 -0.209186
0.012243 0.016900 0.225278 -0.119171 -0.924897 -0.361058
0.011027 0.016574 0.226142 -0.106112 -0.859485 -0.500026
0.010070 0.016456 0.226558 -0.109668 -0.841188 -0.529505
0.015279 0.016739 0.228218 0.221982 -0.498630 0.837910
0.012899 0.016804 0.225175 -0.252277 -0.878668 -0.405338
0.011809 0.017002 0.225018 0.091040 -0.994536 -0.051089
0.011432 0.016578 0.226063 -0.127424 -0.842842 -0.522858
0.012465 0.016753 0.225489 -0.183353 -0.875035 -0.447990
0.017649 0.016887 0.229433 -0.540816 -0.255951 0.801254
0.010735 0.016475 0.226367 -0.133497 -0.819871 -0.556768
0.009330 0.016220 0.227100 0.150825 0.841297 0.519106
0.010190 0.016585 0.224741 -0.155762 0.950282 -0.269634
0.012179 0.016536 0.225907 -0.177648 -0.802878 -0.569059
0.013263 0.016813 0.224839 -0.262036 -0.901337 -0.344860
0.011808 0.016551 0.226002 -0.130861 -0.835072 -0.534351
0.014530 0.016610 0.228437 0.113200 -0.413381 0.903494
0.008994 0.016175 0.227263 0.154500 0.831002 0.534383
0.009866 0.016355 0.226746 -0.126058 -0.840777 -0.526501
0.010688 0.016663 0.224702 -0.187515 0.942167 -0.277777
0.008646 0.016060 0.227535 -0.193414 -0.789282 -0.582773
0.010410 0.016352 0.226622 -0.142836 -0.809090 -0.570063
0.011269 0.016360 0.226389 -0.151464 -0.791406 -0.592229
0.014631 0.016581 0.228466 0.113200 -0.413381 0.903494
0.018083 0.016783 0.229494 0.727636 0.412399 -0.548155
0.009345 0.016055 0.227356 0.175821 0.816045 0.550597
0.013649 0.016738 0.224715 -0.290474 -0.865710 -0.407641
0.010033 0.016200 0.226917 -0.173672 -0.809912 -0.560251
0.009702 0.016193 0.227030 -0.167514 -0.825512 -0.538952
0.010885 0.016313 0.226549 -0.163133 -0.788033 -0.593626
0.012748 0.016475 0.225776 -0.245838 -0.784960 -0.568684
0.010600 0.016156 0.226801 -0.171684 -0.782743 -0.598196
0.008802 0.015927 0.227704 -0.192837 -0.783479 -0.590741
0.012365 0.016329 0.226082 -0.208877 -0.758722 -0.617019
0.011561 0.016313 0.226359 -0.170915 -0.767586 -0.617738
0.009146 0.015902 0.227644 -0.189861 -0.786155 -0.588143
0.011222 0.016912 0.225400 0.044501 -0.988026 -0.147733
0.011984 0.016281 0.226263 -0.197241 -0.744170 -0.638206
0.016132 0.016719 0.228315 0.081193 -0.712912 0.696538
0.008544 0.015846 0.227913 -0.198642 -0.771800 -0.604041
0.010161 0.016051 0.227073 -0.201971 -0.791547 -0.576768
0.011169 0.016159 0.226658 -0.182891 -0.750909 -0.634576
0.009837 0.016025 0.227243 -0.191463 -0.795971 -0.574258
0.013296 0.016372 0.225638 -0.316845 -0.777967 -0.542565
0.008957 0.015741 0.227927 -0.200788 -0.762777 -0.614699
0.010496 0.016890 0.225457 0.055818 -0.998382 0.010817
0.014023 0.016545 0.224812 -0.308163 -0.829182 -0.466361
0.009476 0.015879 0.227584 -0.194843 -0.791870 -0.578772
0.012951 0.016290 0.225919 -0.268859 -0.754007 -0.599323
0.011331 0.016853 0.225622 -0.016345 -0.958848 -0.283448
0.013528 0.016288 0.225609 -0.342574 -0.778581 -0.525789
0.010050 0.015873 0.227380 -0.227868 -0.767056 -0.599751
0.008797 0.015626 0.228095 -0.207168 -0.749571 -0.628670
0.016334 0.016773 0.228385 0.264807 -0.673530 0.690097
0.010798 0.015963 0.226982 -0.210600 -0.738619 -0.640382
0.015314 0.016362 0.228051 -0.278888 0.301132 -0.911889
0.013815 0.016395 0.225236 -0.339725 -0.804448 -0.487289
0.009359 0.015640 0.227928 -0.204735 -0.757985 -0.619307
0.010429 0.015818 0.227283 -0.224241 -0.754673 -0.616592
0.014841 0.016294 0.228361 -0.234592 0.295035 -0.926240
0.017737 0.017578 0.229619 0.721681 0.577163 -0.382178
0.011417 0.016057 0.226691 -0.203774 -0.727646 -0.654987
0.012283 0.016082 0.226376 -0.206798 -0.731498 -0.649727
0.011765 0.016019 0.226617 -0.204393 -0.726436 -0.656136
0.015882 0.017418 0.228657 -0.118784 0.446020 -0.887106
0.009698 0.015733 0.227694 -0.217493 -0.761158 -0.611012
0.016539 0.016767 0.228356 0.046276 -0.627076 0.777583
0.016332 0.017317 0.229227 0.256950 0.493720 -0.830793
0.011176 0.015904 0.226933 -0.204688 -0.726642 -0.655815
0.009115 0.015525 0.228125 -0.213164 -0.748455 -0.627994
0.013762 0.016217 0.225533 -0.349311 -0.776497 -0.524437
0.009417 0.016710 0.226142 0.019067 0.929232 0.369005
0.012985 0.016099 0.226126 -0.262535 -0.748882 -0.608483
0.010003 0.015628 0.227691 -0.237847 -0.750134 -0.617032
0.010949 0.015749 0.227177 -0.220549 -0.733589 -0.642811
0.012167 0.015844 0.226669 -0.199185 -0.736179 -0.646812
0.011535 0.015754 0.226970 -0.207203 -0.721675 -0.660494
0.014138 0.016201 0.225275 -0.346111 -0.785078 -0.513673
0.018402 0.016578 0.228413 -0.046577 -0.551436 0.832916
0.014636 0.016312 0.224837 -0.312069 -0.803528 -0.506907
0.012650 0.016047 0.226296 -0.217755 -0.740720 -0.635544
0.010598 0.015521 0.227541 -0.231963 -0.764942 -0.600880
0.015052 0.015799 0.228183 -0.237904 0.187948 -0.952931
0.011354 0.015613 0.227173 -0.214512 -0.724935 -0.654564
0.009698 0.015404 0.228040 -0.219565 -0.738763 -0.637197
0.014643 0.016082 0.225175 -0.324389 -0.779995 -0.535144
0.015944 0.015944 0.227907 0.162198 -0.181715 0.969882
0.013998 0.016093 0.225525 -0.357184 -0.772674 -0.524781
0.014867 0.016814 0.228374 0.224236 -0.536879 0.813314
0.010132 0.015429 0.227835 -0.234672 -0.755506 -0.611670
0.008988 0.015198 0.228541 -0.186808 -0.703739 -0.685459
0.015029 0.016096 0.224928 -0.311372 -0.787858 -0.531345
0.011840 0.015657 0.226974 -0.195589 -0.731952 -0.652680
0.015550 0.015954 0.227937 0.250412 -0.159982 0.954830
0.016254 0.017146 0.228559 0.307199 -0.434909 0.846453
0.014573 0.016738 0.228456 0.115381 -0.470455 0.874848
0.013076 0.015859 0.226360 -0.230199 -0.760005 -0.607784
0.011134 0.015549 0.227319 -0.230661 -0.735619 -0.636915
0.012804 0.015752 0.226581 -0.180228 -0.756619 -0.628527
0.013880 0.015908 0.225921 -0.339998 -0.770337 -0.539428
0.014398 0.015958 0.225429 -0.357916 -0.764965 -0.535466
0.009372 0.015183 0.228373 -0.193933 -0.713183 -0.673617
0.012373 0.015602 0.226858 -0.178749 -0.756728 -0.628817
0.011663 0.015480 0.227209 -0.192809 -0.737393 -0.647361
0.014612 0.016515 0.228396 0.203796 -0.342446 0.917168
0.011007 0.015406 0.227524 -0.243929 -0.750584 -0.614103
0.010499 0.015308 0.227822 -0.196724 -0.791919 -0.578069
0.015018 0.015881 0.225242 -0.327498 -0.748612 -0.576477
0.014676 0.015803 0.225471 -0.364108 -0.748091 -0.554784
0.014914 0.015514 0.228058 -0.191853 0.312455 -0.930357
0.013136 0.015627 0.226627 -0.188926 -0.779096 -0.597759
0.008934 0.016021 0.227522 -0.183328 -0.800180 -0.571055
0.015294 0.015589 0.227902 0.135422 -0.189508 0.972496
0.009768 0.015165 0.228260 -0.194943 -0.725133 -0.660439
0.010117 0.015228 0.228073 -0.194383 -0.762538 -0.617051
0.013505 0.015656 0.226469 -0.252200 -0.784718 -0.566227
0.012736 0.015531 0.226867 -0.159759 -0.772731 -0.614299
0.015445 0.015947 0.224894 -0.318320 -0.770672 -0.552030
0.014810 0.015423 0.228098 -0.016650 0.269721 -0.962794
0.010479 0.016025 0.226989 -0.192443 -0.773690 -0.603630
0.010788 0.015351 0.227640 -0.247518 -0.784056 -0.569202
0.009631 0.016008 0.227341 -0.198617 -0.796218 -0.571479
0.015860 0.015697 0.227816 0.305469 -0.285783 0.908304
0.011381 0.015364 0.227402 -0.211602 -0.754153 -0.621673
0.014583 0.015654 0.225758 -0.390922 -0.756316 -0.524562
0.012095 0.015422 0.227172 -0.164049 -0.756067 -0.633601
0.014005 0.015732 0.226107 -0.363919 -0.777299 -0.513194
0.013223 0.015451 0.226862 -0.172947 -0.792680 -0.584592
0.015394 0.015768 0.225186 -0.315387 -0.737724 -0.596905
0.011213 0.015176 0.227765 -0.269825 -0.766070 -0.583379
0.013664 0.015369 0.226829 -0.214858 -0.809897 -0.545805
0.015903 0.015813 0.224814 -0.321278 -0.772951 -0.547107
0.016300 0.015817 0.227911 0.269546 -0.249382 0.930136
0.014962 0.015642 0.225548 -0.357919 -0.729510 -0.582845
0.012820 0.015398 0.227009 -0.149120 -0.787313 -0.598248
0.009201 0.016600 0.226351 -0.044392 -0.902096 -0.429246
0.010477 0.015174 0.228007 -0.160278 -0.804985 -0.571236
0.012508 0.015341 0.227130 -0.150144 -0.787836 -0.597303
0.014767 0.016450 0.228294 0.240116 -0.317254 0.917439
0.014842 0.015551 0.228136 -0.211227 0.280198 -0.936415
0.011831 0.015288 0.227420 -0.165540 -0.753821 -0.635886
0.009556 0.014900 0.228637 0.160166 0.685077 0.710645
0.014412 0.015581 0.225979 -0.401483 -0.779388 -0.481005
0.015331 0.015585 0.225394 -0.323012 -0.727888 -0.604849
0.010710 0.015183 0.227937 -0.224354 -0.800327 -0.556006
0.012309 0.015180 0.227438 -0.126165 -0.800213 -0.586295
0.015020 0.015363 0.227950 0.598110 -0.551990 0.581009
0.011571 0.015147 0.227599 -0.201406 -0.745136 -0.635773
0.010333 0.015656 0.227519 -0.235594 -0.755387 -0.611462
0.013300 0.015178 0.227219 -0.155959 -0.818829 -0.552446
0.009889 0.014951 0.228461 -0.133128 -0.706031 -0.695555
0.012620 0.014615 0.228397 -0.057808 -0.848087 -0.526694
0.015778 0.015582 0.225175 -0.310212 -0.740869 -0.595719
0.009365 0.014682 0.228888 -0.191563 -0.705918 -0.681897
0.013064 0.014772 0.228066 -0.114694 -0.869239 -0.480904
0.011378 0.014924 0.227939 -0.288597 -0.796237 -0.531712
0.016585 0.015639 0.227801 0.244140 -0.038862 0.968961
0.014064 0.015251 0.226818 -0.239893 -0.826224 -0.509710
0.012466 0.015253 0.227254 -0.142910 -0.798131 -0.585290
0.011942 0.014599 0.228563 -0.084308 -0.910404 -0.405040
0.014513 0.015327 0.226329 -0.371409 -0.829313 -0.417486
0.016192 0.015569 0.224971 -0.319040 -0.760470 -0.565596
0.012926 0.015090 0.227452 -0.119374 -0.850065 -0.512971
0.015264 0.015022 0.227347 0.137364 -0.953980 0.266557
0.015126 0.015185 0.227751 0.467871 -0.760971 0.449466
0.009604 0.016280 0.226917 -0.140518 -0.847132 -0.512467
0.015993 0.015275 0.227601 0.145236 -0.755169 0.639239
0.015620 0.015370 0.225456 -0.311027 -0.721496 -0.618632
0.015053 0.015388 0.225763 -0.363770 -0.759986 -0.538602
0.011723 0.014908 0.227844 -0.146591 -0.810035 -0.567763
0.016252 0.015599 0.227784 0.245305 -0.451514 0.857882
0.013844 0.015065 0.227171 -0.171859 -0.855758 -0.488000
0.014594 0.015457 0.226012 -0.379830 -0.790301 -0.480785
0.014796 0.014962 0.227236 0.116118 -0.974460 -0.192208
0.015454 0.015196 0.227635 0.214114 -0.864931 0.453928
0.010302 0.016133 0.226880 -0.176284 -0.788853 -0.588758
0.013271 0.014693 0.228146 -0.131176 -0.861212 -0.491026
0.014186 0.015076 0.227041 -0.173273 -0.873999 -0.453984
0.014871 0.014964 0.227684 0.526022 -0.845159 0.094905
0.009778 0.014595 0.228814 -0.124910 -0.712056 -0.690923
0.013312 0.014961 0.227527 -0.158587 -0.857172 -0.490007
0.012209 0.015051 0.227659 -0.071330 -0.793972 -0.603755
0.012209 0.014619 0.228427 -0.022492 -0.889051 -0.457255
0.014537 0.014691 0.227945 0.147731 -0.847768 -0.509377
0.015622 0.015004 0.227341 0.050242 -0.893976 0.445289
0.015661 0.016256 0.227978 0.176152 -0.376517 0.909508
0.012657 0.014945 0.227745 -0.081843 -0.865433 -0.494296
0.013545 0.015036 0.227299 -0.171687 -0.842500 -0.510605
0.014771 0.015164 0.226411 -0.311553 -0.888974 -0.335649
0.014929 0.015149 0.226138 -0.391594 -0.846714 -0.360180
0.012944 0.014870 0.227716 -0.103768 -0.871427 -0.479424
0.016166 0.015368 0.225259 -0.288825 -0.748032 -0.597518
0.012283 0.014767 0.228067 0.022182 -0.876255 -0.481336
0.012956 0.014670 0.228253 -0.103613 -0.855661 -0.507058
0.013721 0.014871 0.227517 -0.145892 -0.876459 -0.458841
0.015279 0.015146 0.225925 -0.373012 -0.817191 -0.439387
0.016510 0.015474 0.224936 -0.302047 -0.774993 -0.555115
0.016825 0.015394 0.227697 0.294866 -0.340574 0.892784
0.013979 0.014561 0.228124 -0.077136 -0.859935 -0.504540
0.011649 0.014713 0.228039 -0.185680 -0.843702 -0.503677
0.012844 0.014757 0.228102 -0.090345 -0.871598 -0.481825
0.012128 0.015677 0.226857 -0.185796 -0.743566 -0.642331
0.016484 0.015368 0.227667 -0.000297 -0.387173 0.922007
0.017032 0.015332 0.224863 -0.310886 -0.791366 -0.526393
0.015936 0.015205 0.225545 -0.280442 -0.742185 -0.608698
0.013515 0.014723 0.227968 -0.143555 -0.891361 -0.429961
0.014061 0.014938 0.227318 -0.105841 -0.883559 -0.456204
0.012008 0.014506 0.228694 -0.098449 -0.894947 -0.435175
0.012558 0.014557 0.228461 -0.062150 -0.848395 -0.525703
0.011458 0.014580 0.228654 -0.144423 -0.884289 -0.444045
0.014437 0.015121 0.226809 -0.207983 -0.882331 -0.422179
0.015710 0.015105 0.227548 0.161229 -0.862987 0.478810
0.014974 0.014993 0.227509 0.205438 -0.978616 -0.010317
0.011615 0.014614 0.228359 -0.205839 -0.886129 -0.415217
0.015376 0.015002 0.227305 0.086396 -0.976925 0.195329
0.012542 0.014678 0.228218 -0.018274 -0.882536 -0.469890
0.014798 0.014862 0.227808 0.546757 -0.787763 -0.283699
0.011882 0.014655 0.228134 -0.073603 -0.881784 -0.465874
0.015084 0.014980 0.227051 -0.038019 -0.999255 -0.006670
0.014686 0.014878 0.227439 0.229348 -0.944100 -0.236799
0.013547 0.014788 0.227763 -0.141940 -0.891432 -0.430350
0.014783 0.015017 0.226962 -0.125229 -0.969514 -0.210620
0.015136 0.015042 0.226235 -0.392468 -0.871375 -0.294404
0.011134 0.014593 0.228729 -0.083402 -0.799879 -0.594338
0.015697 0.015085 0.225737 -0.306575 -0.785853 -0.537073
0.010278 0.014389 0.228840 -0.082581 -0.711551 -0.697765
0.016496 0.015178 0.225329 -0.271428 -0.765767 -0.583033
0.014376 0.014935 0.227251 -0.004993 -0.926375 -0.376570
0.009979 0.014314 0.228958 -0.159109 -0.754509 -0.636710
0.016192 0.014692 0.226115 -0.265667 -0.906863 -0.327141
0.014304 0.014690 0.227865 0.105204 -0.896639 -0.430083
0.015501 0.014977 0.226091 -0.347619 -0.892807 -0.286457
0.017059 0.015166 0.227572 0.351594 -0.354010 0.866636
0.016298 0.015025 0.225633 -0.252563 -0.777480 -0.575967
0.014115 0.014613 0.228025 -0.035905 -0.871759 -0.488618
0.014038 0.014729 0.227789 -0.018234 -0.912665 -0.408301
0.015662 0.015725 0.227850 0.245807 -0.246642 0.937415
0.014202 0.014768 0.227656 0.047208 -0.915090 -0.400477
0.015501 0.014824 0.226557 -0.298498 -0.951970 0.068207
0.016350 0.015099 0.227463 -0.084981 -0.705309 0.703788
0.016101 0.014884 0.225781 -0.264751 -0.804858 -0.531140
0.014596 0.014787 0.227640 0.243642 -0.898935 -0.364079
0.015797 0.014858 0.225948 -0.293222 -0.869468 -0.397549
0.013819 0.015718 0.226235 -0.321230 -0.782119 -0.533949
0.016525 0.014812 0.225857 -0.262821 -0.848204 -0.459864
0.015632 0.014792 0.226326 -0.312188 -0.945803 -0.089417
0.010361 0.014183 0.229007 -0.032176 -0.842950 -0.537029
0.016500 0.014882 0.227274 0.195684 0.792962 -0.576992
0.015968 0.014683 0.226287 -0.262827 -0.952853 -0.151634
0.016151 0.014735 0.226655 -0.256237 -0.947560 0.190976
0.016837 0.015202 0.225122 -0.289713 -0.778982 -0.556105
0.016014 0.015718 0.227837 0.318218 -0.416613 0.851570
0.017411 0.015185 0.224874 -0.307333 -0.799115 -0.516683
0.015424 0.015253 0.225624 -0.336867 -0.737107 -0.585828
0.016787 0.015024 0.227506 0.050630 -0.574379 0.817022
0.015753 0.014755 0.226579 -0.231817 -0.965674 0.117196
0.016670 0.014887 0.225650 -0.251153 -0.793326 -0.554578
0.017162 0.014848 0.227392 0.504789 -0.504616 0.700394
0.013875 0.014723 0.227832 -0.081013 -0.906336 -0.414720
0.012874 0.014822 0.227941 -0.086887 -0.880484 -0.466046
0.016828 0.014995 0.225379 -0.268190 -0.778974 -0.566810
0.013907 0.015499 0.226516 -0.291619 -0.808021 -0.511918
0.017729 0.015072 0.224862 -0.348873 -0.790677 -0.503109
0.016281 0.014640 0.226353 -0.245931 -0.954582 -0.168197
0.016409 0.014663 0.226735 -0.364134 -0.906590 0.213310
0.011033 0.014387 0.229041 0.046507 -0.830876 -0.554511
0.017075 0.014980 0.225314 -0.300555 -0.769671 -0.563271
0.016768 0.014732 0.225854 -0.273212 -0.837360 -0.473479
0.017612 0.014921 0.225186 -0.324180 -0.786663 -0.525423
0.009523 0.014447 0.229005 -0.167272 -0.745406 -0.645283
0.017034 0.014766 0.225628 -0.302365 -0.780920 -0.546570
0.012553 0.014807 0.227996 0.000071 -0.864942 -0.501872
0.016803 0.014483 0.226156 -0.308057 -0.926323 -0.216855
0.016496 0.014665 0.226103 -0.305693 -0.891131 -0.335317
0.017942 0.014830 0.225053 -0.355323 -0.796144 -0.489796
0.017128 0.014584 0.227263 0.214397 -0.814132 0.539651
0.016617 0.014484 0.226404 -0.303534 -0.947740 -0.098267
0.017409 0.014721 0.225476 -0.274954 -0.785521 -0.554398
0.016840 0.014688 0.227254 -0.143697 -0.751993 0.643317
0.016841 0.014417 0.226605 -0.309651 -0.945344 0.102184
0.018453 0.014677 0.224788 -0.297932 -0.822582 -0.484350
0.010836 0.014255 0.229097 0.064605 -0.851244 -0.520778
0.018004 0.014671 0.225288 -0.337528 -0.805284 -0.487434
0.011878 0.014730 0.227983 -0.103957 -0.850098 -0.516261
0.016843 0.014528 0.226915 -0.253908 -0.890758 0.376937
0.010602 0.014283 0.228922 0.015430 -0.824208 -0.566077
0.009645 0.014278 0.229137 -0.172050 -0.805211 -0.567480
0.016288 0.014770 0.225925 -0.231381 -0.887336 -0.398872
0.010022 0.014200 0.229501 0.118802 0.903071 0.412734
0.018696 0.014614 0.224827 -0.239771 -0.845650 -0.476850
0.017050 0.014567 0.225933 -0.323396 -0.852515 -0.410649
0.017270 0.014491 0.227044 0.051551 -0.770146 0.635781
0.017696 0.014533 0.226953 0.238713 -0.562918 0.791290
0.015557 0.014743 0.226536 -0.294825 -0.953055 0.069023
0.016062 0.014647 0.226425 -0.289503 -0.957169 -0.003857
0.017844 0.014560 0.225528 -0.317635 -0.789381 -0.525343
0.011718 0.014616 0.228168 -0.156264 -0.875406 -0.457435
0.016911 0.014325 0.226355 -0.346392 -0.931673 -0.109536
0.017284 0.014667 0.227207 0.111794 -0.622784 0.774365
0.015971 0.014697 0.226038 -0.266645 -0.909031 -0.320256
0.018450 0.014437 0.225292 -0.290815 -0.891496 -0.347364
0.017283 0.014334 0.226200 -0.387656 -0.899924 -0.199649
0.018896 0.014441 0.225069 -0.180403 -0.872580 -0.453937
0.018118 0.014536 0.225520 -0.247019 -0.858860 -0.448711
0.010664 0.014147 0.229062 0.035665 -0.860609 -0.508017
0.017541 0.014408 0.225757 -0.277431 -0.802680 -0.527955
0.017143 0.014303 0.226487 -0.349194 -0.936607 0.028825
0.019295 0.014463 0.224953 -0.172714 -0.859839 -0.480465
0.017482 0.014315 0.226836 0.063784 0.839588 -0.539466
0.018975 0.014052 0.226024 0.275988 0.891710 0.358725
0.017305 0.014491 0.225857 -0.297891 -0.807637 -0.508904
0.019639 0.014420 0.224897 -0.215736 -0.857951 -0.466239
0.016216 0.014951 0.227265 -0.106289 -0.815977 0.568229
0.018734 0.014348 0.225395 -0.256088 -0.901846 -0.347984
0.019086 0.014372 0.225160 -0.187352 -0.878842 -0.438789
0.017195 0.014348 0.226786 -0.246215 -0.916008 0.316715
0.015853 0.014888 0.226936 -0.176974 -0.940561 0.289871
0.018114 0.014050 0.226558 -0.263246 -0.954366 0.141019
0.018041 0.014335 0.225789 -0.209195 -0.850067 -0.483345
0.017572 0.014206 0.226087 -0.276588 -0.894215 -0.351965
0.017814 0.014249 0.226770 0.029830 0.789817 -0.612617
0.020039 0.014334 0.224808 -0.224785 -0.861546 -0.455203
0.015535 0.014960 0.227135 -0.092404 -0.949932 0.298481
0.017528 0.014194 0.226514 -0.275713 -0.950258 0.144889
0.019080 0.014242 0.225360 -0.232187 -0.893655 -0.384018
0.017829 0.014232 0.225846 -0.211862 -0.848491 -0.484951
0.019463 0.014245 0.225245 -0.233597 -0.850983 -0.470383
0.018442 0.014366 0.225623 -0.226920 -0.892920 -0.388847
0.015363 0.014982 0.226988 -0.129063 -0.983720 0.125052
0.019864 0.014268 0.225100 -0.218283 -0.857004 -0.466794
0.019323 0.014031 0.225604 -0.258858 -0.864786 -0.430276
0.016224 0.014831 0.226968 -0.216839 -0.900529 0.376866
0.015983 0.014916 0.227191 -0.095596 -0.878700 0.467704
0.018832 0.014192 0.225818 -0.255141 -0.869424 -0.423089
0.018070 0.014087 0.226023 -0.187140 -0.887577 -0.420934
0.017796 0.014031 0.226299 -0.301510 -0.951194 -0.065745
0.019789 0.014043 0.225480 -0.188738 -0.892333 -0.410025
0.018448 0.013955 0.226219 -0.119085 -0.916543 -0.381794
0.018670 0.013810 0.226603 0.257870 0.955220 0.145114
0.019512 0.014013 0.225523 -0.252721 -0.860909 -0.441551
0.019891 0.013873 0.225675 -0.169356 -0.894748 -0.413213
0.019119 0.013825 0.226282 -0.326181 -0.850947 -0.411698
0.016528 0.014711 0.226967 -0.302319 -0.889809 0.341822
0.017920 0.014048 0.226514 0.266890 0.936151 -0.228891
0.018871 0.014190 0.225734 -0.268547 -0.893274 -0.360478
0.019271 0.014114 0.225463 -0.257284 -0.860896 -0.438933
0.018393 0.013906 0.226600 0.120143 0.992462 -0.024204
0.019297 0.013654 0.226445 -0.314546 -0.826758 -0.466404
0.016502 0.014596 0.226640 -0.357460 -0.924253 0.134085
0.019074 0.013665 0.226570 0.323993 0.838427 0.438257
0.019706 0.013734 0.226057 -0.359042 -0.828314 -0.430098
0.017946 0.014005 0.226150 -0.179208 -0.935174 -0.305506
0.019515 0.013613 0.226332 -0.427316 -0.772689 -0.469417
0.018755 0.013788 0.226402 0.224885 0.887530 0.402141
0.019486 0.013418 0.226627 -0.343053 -0.811559 -0.472955
0.019303 0.013543 0.226709 -0.271538 -0.744907 -0.609410
0.019565 0.013379 0.226738 -0.353486 -0.760069 -0.545292
0.017064 0.014349 0.226232 -0.369619 -0.899549 -0.232794
0.018249 0.014162 0.226011 -0.138053 -0.874631 -0.464717
0.018160 0.014091 0.226663 -0.268702 -0.936982 0.223302
0.018178 0.013964 0.226363 -0.164990 -0.977519 -0.131282
0.019354 0.013871 0.226025 -0.228633 -0.887787 -0.399451
0.019705 0.013626 0.226372 -0.427316 -0.772689 -0.469417
0.019634 0.013421 0.226619 -0.337684 -0.794489 -0.504735
0.019710 0.013258 0.226773 -0.372384 -0.808363 -0.455939
0.013726 0.017024 0.222960 -0.019718 -0.999391 -0.028777
0.011281 0.013611 0.230090 -0.237709 -0.820056 -0.520579
0.015345 0.017183 0.222477 0.079182 -0.939412 -0.333519
0.012333 0.013069 0.230351 -0.358104 -0.688614 -0.630533
0.011808 0.012773 0.231132 -0.472255 -0.671127 -0.571458
0.012052 0.012496 0.231158 -0.501910 -0.618122 -0.604988
0.012808 0.016424 0.222081 0.505985 -0.842871 0.183163
0.016104 0.017234 0.221724 -0.120256 -0.989120 0.084737
0.015054 0.016960 0.221037 0.067178 -0.940053 0.334347
0.015347 0.016868 0.220918 -0.050231 0.925133 -0.376306
0.014670 0.016683 0.220673 -0.102913 0.860229 -0.499414
0.013876 0.016207 0.220439 0.229997 -0.708459 0.667224
0.013557 0.017043 0.222937 0.046525 -0.998877 -0.008896
0.013043 0.017087 0.224079 0.092850 -0.994742 -0.043206
0.012478 0.016804 0.223205 -0.363283 0.902823 -0.230077
0.013800 0.017023 0.222778 0.010740 -0.998214 -0.058764
0.015023 0.016889 0.223217 -0.199453 -0.939845 -0.277327
0.013251 0.016999 0.223007 0.258552 -0.962950 0.076667
0.011764 0.016708 0.223772 0.284354 -0.881378 0.377247
0.012571 0.016785 0.223094 0.369357 -0.901189 0.226791
0.013160 0.016978 0.222806 0.301763 -0.948657 0.094807
0.013999 0.016954 0.223015 0.007771 -0.995612 -0.093250
0.013476 0.017023 0.222637 0.147785 -0.982878 0.110048
0.014400 0.016955 0.223052 -0.044346 -0.987819 -0.149157
0.013985 0.016954 0.223296 -0.075029 -0.996937 -0.022068
0.011829 0.016508 0.223319 0.367743 -0.830975 0.417427
0.014240 0.016890 0.223146 -0.052769 -0.993143 -0.104316
0.017278 0.016425 0.222869 -0.283911 -0.756505 -0.589148
0.015750 0.016609 0.223369 -0.309286 -0.881435 -0.356952
0.017461 0.016395 0.222850 -0.350104 -0.731586 -0.584987
0.012670 0.016930 0.223845 0.263841 -0.947454 0.180886
0.014164 0.016751 0.224351 -0.277026 -0.882479 -0.380114
0.016835 0.016451 0.222987 -0.246641 -0.798526 -0.549113
0.016559 0.016059 0.223960 -0.325764 -0.837763 -0.438214
0.017312 0.015984 0.223534 -0.333563 -0.809294 -0.483506
0.012613 0.016408 0.221773 0.543346 -0.839504 0.002791
0.017080 0.015896 0.223861 -0.338071 -0.827091 -0.449030
0.015848 0.016566 0.223191 -0.263954 -0.854077 -0.448197
0.017135 0.015928 0.223761 -0.341249 -0.823614 -0.453000
0.017340 0.015946 0.223582 -0.338752 -0.814647 -0.470742
0.015964 0.015996 0.224518 -0.330981 -0.798703 -0.502519
0.016735 0.015889 0.224133 -0.335549 -0.821110 -0.461721
0.016995 0.015848 0.224003 -0.337779 -0.822036 -0.458434
0.012211 0.016199 0.222520 0.497370 -0.802360 0.329910
0.017232 0.015830 0.223853 -0.337472 -0.828261 -0.447321
0.011670 0.015950 0.222511 -0.436557 0.827091 -0.354031
0.018052 0.015590 0.223687 -0.340393 -0.838681 -0.425143
0.018165 0.015642 0.223435 -0.334975 -0.830433 -0.445165
0.018306 0.015590 0.223426 -0.323525 -0.833232 -0.448392
0.017242 0.015659 0.224124 -0.336102 -0.818500 -0.465934
0.017661 0.015624 0.223942 -0.342173 -0.828026 -0.444175
0.017003 0.015543 0.224536 -0.330379 -0.802930 -0.496138
0.018569 0.015702 0.223041 -0.298960 -0.783374 -0.544930
0.017921 0.015447 0.224077 -0.336460 -0.826243 -0.451794
0.017739 0.015371 0.224314 -0.333310 -0.817787 -0.469179
0.018911 0.015502 0.223229 -0.299438 -0.819204 -0.489123
0.018575 0.015475 0.223470 -0.304569 -0.844160 -0.441171
0.018518 0.015373 0.223771 -0.316174 -0.845471 -0.430363
0.017169 0.015331 0.224773 -0.310957 -0.799629 -0.513711
0.019170 0.015319 0.223396 -0.317575 -0.827066 -0.463798
0.017456 0.015336 0.224557 -0.323206 -0.811678 -0.486536
0.018825 0.015188 0.223902 0.306027 0.836014 0.455443
0.018854 0.015332 0.223597 -0.308027 -0.844945 -0.437250
0.018342 0.015215 0.224185 -0.310527 -0.811645 -0.494778
0.017959 0.015171 0.224509 -0.346797 -0.792270 -0.502036
0.018776 0.015071 0.224143 -0.296914 -0.817380 -0.493692
0.019320 0.015191 0.223501 -0.332121 -0.827676 -0.452380
0.019141 0.014948 0.224119 -0.288516 -0.837149 -0.464694
0.018127 0.014946 0.224710 -0.363110 -0.781582 -0.507228
0.018459 0.015010 0.224422 -0.300932 -0.784932 -0.541592
0.019666 0.014881 0.223860 -0.311147 -0.854622 -0.415703
0.018865 0.014876 0.224417 -0.240723 -0.825869 -0.509894
0.019297 0.014787 0.224340 -0.274246 -0.845050 -0.458998
0.019973 0.014845 0.223767 -0.307682 -0.852185 -0.423218
0.018499 0.014810 0.224634 -0.274379 -0.806221 -0.524142
0.019466 0.014806 0.224142 -0.295485 -0.851846 -0.432489
0.019282 0.014652 0.224645 -0.211405 -0.855145 -0.473323
0.019990 0.014720 0.224012 -0.301651 -0.862674 -0.405957
0.019668 0.014563 0.224565 0.239454 0.866239 0.438511
0.019933 0.014647 0.224172 -0.283930 -0.865508 -0.412650
0.019898 0.014504 0.224466 -0.252952 -0.866447 -0.430447
0.020031 0.014489 0.224407 -0.259948 -0.870899 -0.417087
0.012102 0.021631 0.230017 0.119082 0.227618 -0.966442
0.013848 0.021478 0.229951 0.064672 -0.277226 -0.958626
0.014644 0.021468 0.230066 0.070073 0.867409 -0.492638
0.015025 0.021399 0.230076 0.060569 0.557544 -0.827935
0.013464 0.021050 0.229881 0.021729 -0.244167 0.969490
0.014614 0.021075 0.229928 -0.008960 0.496130 -0.868202
0.015277 0.021180 0.230049 0.139044 0.526717 -0.838592
0.014452 0.020723 0.229809 0.122062 -0.401625 0.907633
0.014861 0.020740 0.229836 -0.126147 -0.412796 0.902046
0.015584 0.020763 0.229974 -0.119131 -0.623852 0.772410
0.014735 0.020069 0.229568 -0.095429 0.010163 0.995384
0.014222 0.020260 0.229576 0.064164 -0.238782 0.968951
0.014334 0.019859 0.229464 0.102904 -0.144553 0.984132
0.014212 0.019257 0.229613 0.329056 0.478864 -0.813886
0.011606 0.016909 0.225445 -0.030880 -0.960195 -0.277620
0.009236 0.015367 0.228249 -0.208075 -0.727949 -0.653295
0.012732 0.016783 0.225340 -0.220203 -0.879535 -0.421815
0.010674 0.015835 0.227172 -0.219928 -0.740486 -0.635068
0.009954 0.014830 0.228601 0.120319 0.688110 0.715561
0.010884 0.015244 0.227832 -0.251744 -0.789853 -0.559247
0.012858 0.015849 0.226440 -0.212623 -0.754978 -0.620322
0.013512 0.016479 0.225328 -0.341041 -0.806535 -0.482900
0.011602 0.015324 0.227378 -0.190902 -0.741583 -0.643126
0.009821 0.014260 0.229293 0.166653 0.838769 0.518357
0.011441 0.015026 0.227765 -0.243360 -0.769526 -0.590429
0.010507 0.014553 0.228799 0.014928 0.669813 0.742380
0.012045 0.015263 0.227429 -0.130460 -0.780461 -0.611442
0.012584 0.015176 0.227374 -0.130738 -0.813494 -0.566687
0.013773 0.016045 0.225781 -0.348557 -0.772027 -0.531491
0.011166 0.014255 0.229288 -0.015636 -0.838695 -0.544377
0.011004 0.014176 0.229531 -0.016376 -0.872654 -0.488065
0.011904 0.014658 0.228356 -0.085000 -0.898395 -0.430884
0.010729 0.013711 0.230189 -0.202489 -0.833505 -0.514071
0.010670 0.013530 0.230458 -0.226121 -0.837645 -0.497211
0.012336 0.014421 0.228701 -0.101000 -0.828223 -0.551221
0.012023 0.014142 0.229175 -0.185402 -0.772231 -0.607688
0.010982 0.013574 0.230254 -0.226622 -0.837887 -0.496577
0.010864 0.013397 0.230702 -0.234145 -0.846442 -0.478238
0.012033 0.013934 0.229408 -0.184390 -0.761919 -0.620870
0.011169 0.013468 0.230394 -0.234208 -0.852278 -0.467728
0.012303 0.013979 0.229286 -0.185217 -0.763555 -0.618611
0.011485 0.013471 0.230242 -0.241835 -0.842272 -0.481761
0.011196 0.013279 0.230838 0.275636 0.832461 0.480660
0.011405 0.013370 0.230504 -0.241088 -0.852461 -0.463883
0.011212 0.013111 0.231139 -0.304456 -0.793486 -0.526960
0.012208 0.013514 0.229898 -0.239603 -0.759968 -0.604185
0.012930 0.014092 0.228994 -0.130661 -0.761348 -0.635041
0.012600 0.013887 0.229326 -0.197641 -0.742288 -0.640270
0.011666 0.013358 0.230359 -0.279340 -0.825300 -0.490764
0.014497 0.014622 0.228060 0.080053 -0.788116 -0.610298
0.013166 0.013797 0.229261 0.198775 0.687043 0.698900
0.013677 0.014115 0.228839 -0.227678 -0.720911 -0.654561
0.012150 0.013322 0.230155 -0.302074 -0.755907 -0.580823
0.012416 0.013632 0.229678 -0.229591 -0.742211 -0.629611
0.013251 0.014094 0.228950 -0.154139 -0.732360 -0.663242
0.012863 0.013805 0.229347 -0.206008 -0.712627 -0.670615
0.012407 0.013245 0.230137 -0.309630 -0.713881 -0.628095
0.012881 0.013502 0.229637 -0.262985 -0.700023 -0.663933
0.011640 0.016854 0.224380 0.251593 -0.936550 0.244081
0.012110 0.017017 0.224564 0.117929 -0.987669 0.102973
0.012468 0.017040 0.224642 -0.018981 -0.995292 -0.095046
0.013654 0.017081 0.223914 -0.175454 -0.979057 -0.103267
0.011406 0.016680 0.224092 0.240128 -0.933652 0.265767
0.011795 0.016898 0.224362 0.237759 -0.942980 0.232937
0.012648 0.016995 0.224102 0.177331 -0.976436 0.122987
0.013218 0.017140 0.223977 0.032395 -0.998792 -0.036959
0.013135 0.017038 0.224318 -0.097023 -0.965948 -0.239856
0.012561 0.016880 0.223690 0.250676 -0.943953 0.214740
0.014026 0.016976 0.223835 -0.230520 -0.964752 -0.126944
0.012294 0.016863 0.223885 0.222287 -0.948979 0.223666
0.013517 0.017022 0.224215 -0.170305 -0.954875 -0.243333
0.012323 0.016919 0.224093 0.204268 -0.955240 0.213987
0.012919 0.017036 0.223868 0.229556 -0.962171 0.146734
0.011130 0.016683 0.224370 0.236864 -0.934617 0.265305
0.013704 0.017043 0.223584 -0.151094 -0.987831 0.036875
0.012745 0.017018 0.224433 -0.009828 -0.996434 -0.083801
0.013993 0.016989 0.223533 -0.188956 -0.981814 -0.018341
0.012982 0.016920 0.223221 0.277444 -0.949745 0.144945
0.011375 0.016631 0.223816 0.275646 -0.888391 0.367124
0.013039 0.016934 0.224651 -0.158349 -0.949919 -0.269406
0.011980 0.016818 0.223962 0.234763 -0.926688 0.293488
0.013302 0.017060 0.223505 0.153145 -0.976915 0.148943
0.012272 0.016782 0.223517 0.301253 -0.908748 0.288832
0.014722 0.016922 0.223380 -0.138947 -0.973762 -0.180228
0.014437 0.016929 0.223712 -0.183608 -0.958823 -0.216672
0.013400 0.016868 0.224587 -0.219276 -0.917366 -0.332201
0.011204 0.016768 0.224579 0.228648 -0.940968 0.249596
0.010882 0.016557 0.223874 -0.241346 0.907159 -0.344696
0.013928 0.016907 0.224175 -0.272030 -0.905678 -0.325187
0.012926 0.016954 0.223519 0.305518 -0.937587 0.166101
0.014258 0.016854 0.224062 -0.222408 -0.925025 -0.307999
0.010985 0.016621 0.224209 -0.231089 0.936415 -0.264055
0.012889 0.016886 0.222957 0.378504 -0.916131 0.132058
0.011702 0.016466 0.223397 0.314175 -0.838966 0.444330
0.010932 0.016675 0.224538 0.207653 -0.943651 0.257689
0.014584 0.016814 0.223963 -0.208753 -0.925949 -0.314709
0.014939 0.016842 0.223579 -0.216185 -0.947170 -0.236922
0.013607 0.017000 0.223344 -0.070489 -0.991571 0.108715
0.012041 0.016742 0.223668 0.291810 -0.904106 0.312153
0.012120 0.016691 0.223362 0.347954 -0.862856 0.366615
0.011531 0.016690 0.223950 0.262732 -0.904572 0.335739
0.014200 0.016980 0.223562 -0.167540 -0.980077 -0.106677
0.010552 0.016598 0.224552 -0.192126 0.942538 -0.273330
0.012492 0.016805 0.223328 0.329346 -0.922448 0.201546
0.010671 0.016548 0.224097 -0.225272 0.930376 -0.289229
0.015336 0.016817 0.223256 -0.265613 -0.902285 -0.339605
0.015103 0.016712 0.223793 -0.294215 -0.892628 -0.341545
0.012849 0.016698 0.222498 0.506896 -0.804814 0.308757
0.014803 0.016663 0.224111 -0.285457 -0.866625 -0.409238
0.011371 0.016519 0.223619 -0.279137 0.862552 -0.422002
0.014453 0.016715 0.224236 -0.257936 -0.883675 -0.390624
0.011754 0.016597 0.223528 0.304608 -0.852486 0.424831
0.011035 0.016450 0.223575 -0.246682 0.875313 -0.415903
0.015565 0.016739 0.223284 -0.276898 -0.874767 -0.397629
0.014822 0.016937 0.223011 -0.074868 -0.963709 -0.256242
0.014813 0.016824 0.223758 -0.215702 -0.936177 -0.277571
0.012769 0.016795 0.223174 0.344958 -0.923302 0.168871
0.012162 0.016533 0.223060 0.439336 -0.805066 0.398562
0.011440 0.016217 0.223151 0.308711 -0.825245 0.472936
0.012659 0.016494 0.222344 0.551343 -0.794266 0.255270
0.015445 0.016675 0.223587 -0.314076 -0.886699 -0.339295
0.012506 0.016578 0.222781 0.503232 -0.799424 0.328146
0.012923 0.016566 0.221946 0.518476 -0.849817 0.094838
0.012398 0.016460 0.222671 0.515137 -0.787782 0.337687
0.015181 0.016521 0.224109 -0.319732 -0.845891 -0.426895
0.016066 0.016487 0.223324 -0.279279 -0.867087 -0.412508
0.011779 0.016362 0.223135 0.389837 -0.798540 0.458652
0.011757 0.016976 0.224671 0.210848 -0.961209 0.177822
0.014338 0.016464 0.224757 -0.298777 -0.823292 -0.482621
0.014654 0.016513 0.224464 -0.295063 -0.838398 -0.458286
0.012428 0.016530 0.222902 0.481981 -0.797429 0.363046
0.012383 0.017017 0.224375 0.099375 -0.988502 0.113970
0.015710 0.016504 0.223736 -0.331942 -0.866040 -0.373884
0.011288 0.016292 0.223321 0.305990 -0.830722 0.465050
0.013037 0.016673 0.221674 0.518245 -0.849607 -0.097934
0.012003 0.016280 0.222807 0.455110 -0.788867 0.412994
0.014971 0.016399 0.224433 -0.305290 -0.829355 -0.467940
0.011047 0.016837 0.224842 0.191449 -0.949556 0.248376
0.015500 0.016439 0.224030 -0.342627 -0.854756 -0.389871
0.011715 0.016070 0.222644 -0.423629 0.825018 -0.374011
0.013416 0.017165 0.223725 -0.056111 -0.997759 0.036447
0.014396 0.017123 0.222606 0.073239 -0.986848 -0.144109
0.016013 0.016437 0.223596 -0.308222 -0.866967 -0.391621
0.014864 0.016295 0.224683 -0.308371 -0.815250 -0.490179
0.012150 0.016092 0.221960 -0.555271 0.820277 -0.137186
0.012302 0.016234 0.222338 0.534635 -0.800575 0.270638
0.011475 0.016075 0.222838 -0.371442 0.818333 -0.438590
0.012756 0.016406 0.221940 0.526266 -0.849288 0.041884
0.010580 0.016581 0.224354 -0.208313 0.938823 -0.274259
0.015253 0.016183 0.224663 -0.319230 -0.801573 -0.505542
0.012053 0.016121 0.222472 0.476723 -0.817954 0.322003
0.016364 0.016376 0.223473 -0.298534 -0.860361 -0.413106
0.012282 0.016202 0.222060 -0.538400 0.831361 -0.137711
0.015509 0.016256 0.224333 -0.323670 -0.826126 -0.461252
0.011546 0.016644 0.223730 0.266211 -0.873860 0.406818
0.015899 0.016304 0.223960 -0.330317 -0.859737 -0.389542
0.012416 0.016188 0.221656 -0.538067 0.842841 -0.010115
0.014493 0.017134 0.222469 0.118109 -0.987125 -0.107859
0.016797 0.016253 0.223381 -0.283879 -0.845730 -0.451834
0.012835 0.016839 0.222707 0.453284 -0.858776 0.238826
0.016244 0.016319 0.223678 -0.313199 -0.863859 -0.394531
0.012020 0.016713 0.223526 0.321100 -0.885502 0.335829
0.012168 0.016026 0.221771 -0.516957 0.853417 -0.066597
0.012736 0.016862 0.223397 0.318364 -0.928618 0.190559
0.014381 0.017145 0.222174 0.205290 -0.977581 0.046804
0.013507 0.016942 0.221661 0.304769 -0.950142 -0.065922
0.011816 0.015948 0.222269 -0.471924 0.832461 -0.290338
0.016182 0.016083 0.224179 -0.333587 -0.827728 -0.451204
0.015622 0.016004 0.224733 -0.321461 -0.785574 -0.528712
0.013952 0.017080 0.221353 0.133565 -0.990223 0.040226
0.012052 0.016934 0.224275 0.179368 -0.958996 0.219439
0.016324 0.016177 0.223893 -0.325629 -0.852353 -0.409219
0.013127 0.016899 0.222542 0.378869 -0.884110 0.273510
0.013422 0.016987 0.222327 0.228532 -0.950864 0.208879
0.016786 0.016082 0.223733 -0.322571 -0.840017 -0.436256
0.014093 0.017030 0.220918 0.110376 -0.887350 0.447691
0.011165 0.016596 0.223894 -0.226941 0.904928 -0.360003
0.012887 0.017046 0.224172 0.141222 -0.989639 -0.025892
0.015674 0.016170 0.224395 -0.326331 -0.820110 -0.470029
0.014679 0.017169 0.222212 0.140103 -0.989264 -0.041567
0.013854 0.017009 0.222506 0.104995 -0.992674 0.059793
0.014343 0.017093 0.221974 0.265889 -0.963487 0.031553
0.013730 0.016952 0.222169 0.211113 -0.968776 0.130018
0.014234 0.017105 0.222278 0.171806 -0.982991 0.064889
0.011577 0.016749 0.224135 0.260870 -0.926492 0.271219
0.014334 0.016951 0.223361 -0.097679 -0.987141 -0.126535
0.014650 0.017153 0.221843 0.192802 -0.981147 0.013337
0.013955 0.017036 0.221028 0.181319 -0.909454 0.374188
0.013329 0.016925 0.221511 0.418156 -0.908213 0.017191
0.012592 0.016710 0.222823 0.470648 -0.824263 0.314771
0.014350 0.017103 0.221394 0.188528 -0.981614 0.029854
0.014502 0.017059 0.222733 0.029866 -0.981429 -0.189486
0.013179 0.016694 0.221954 0.484943 -0.870274 0.086333
0.015439 0.017297 0.221853 0.034127 -0.999147 0.023268
0.015555 0.017038 0.222681 -0.066385 -0.865640 -0.496247
0.013834 0.016956 0.221688 0.209800 -0.975316 -0.068873
0.014794 0.017076 0.222593 0.021635 -0.972139 -0.233407
0.013075 0.016705 0.222135 0.440158 -0.861902 0.251766
0.016472 0.015963 0.224193 -0.330904 -0.818065 -0.470396
0.011837 0.016305 0.222993 0.404053 -0.797735 0.447616
0.016315 0.015845 0.224500 -0.331678 -0.796517 -0.505520
0.015027 0.017185 0.222132 0.144960 -0.983127 -0.111568
0.013468 0.017052 0.221361 0.324197 -0.945430 0.032536
0.015047 0.017241 0.221824 0.161756 -0.986816 0.005473
0.013360 0.016843 0.221124 0.410682 -0.872905 0.263394
0.014448 0.017021 0.221745 0.238541 -0.971044 -0.013141
0.015173 0.017077 0.222605 0.016768 -0.936950 -0.349061
0.013229 0.016812 0.222239 0.394706 -0.874229 0.282719
0.012827 0.016480 0.221002 0.548330 -0.771193 0.323413
0.015813 0.017300 0.222304 -0.078935 -0.950786 -0.299626
0.013958 0.016932 0.222081 0.172216 -0.982080 0.076549
0.012273 0.016803 0.223764 0.275653 -0.929478 0.245126
0.014169 0.016970 0.221546 0.143055 -0.989620 -0.013723
0.015244 0.016947 0.222825 -0.110316 -0.902722 -0.415841
0.015693 0.017313 0.222018 -0.019414 -0.994091 -0.106804
0.015822 0.017310 0.222177 -0.058651 -0.986819 -0.150825
0.011777 0.016760 0.223952 0.258085 -0.913015 0.315906
0.012989 0.017066 0.224044 0.164537 -0.986288 0.012816
0.015872 0.017074 0.222568 -0.141277 -0.848507 -0.509978
0.013046 0.016953 0.222922 0.335878 -0.938253 0.082865
0.013038 0.016717 0.221345 0.519746 -0.851598 0.068150
0.013807 0.016720 0.220789 0.232964 -0.749761 0.619343
0.015452 0.017289 0.222067 0.034806 -0.985173 -0.167998
0.016205 0.017012 0.222514 -0.187706 -0.830877 -0.523842
0.014969 0.017252 0.221500 0.111067 -0.984007 0.139266
0.015625 0.016786 0.223037 -0.228333 -0.847558 -0.479072
0.016627 0.015687 0.224549 -0.333414 -0.794384 -0.507729
0.014733 0.017110 0.221176 0.019043 -0.945609 0.324746
0.014856 0.016989 0.222743 -0.005663 -0.961030 -0.276387
0.014226 0.017023 0.220941 0.076237 -0.920523 0.383178
0.012697 0.016541 0.221421 0.527377 -0.849510 0.014360
0.015932 0.016823 0.222864 -0.217440 -0.809557 -0.545287
0.014663 0.017212 0.221502 0.152966 -0.985811 0.069119
0.012339 0.016800 0.223675 0.266273 -0.928776 0.257824
0.015242 0.017226 0.222107 0.108408 -0.977828 -0.179166
0.013476 0.016668 0.220914 0.386832 -0.751696 0.534148
0.016199 0.015725 0.224752 -0.329239 -0.778132 -0.534895
0.015278 0.017227 0.222305 0.088224 -0.961036 -0.261968
0.011569 0.016375 0.223389 0.310235 -0.838055 0.448797
0.016450 0.016874 0.222587 -0.187193 -0.817678 -0.544390
0.011692 0.016205 0.222950 -0.403175 0.795969 -0.451534
0.016080 0.017223 0.222238 -0.142731 -0.955200 -0.259270
0.012176 0.016985 0.224358 0.141198 -0.973588 0.179414
0.015385 0.016996 0.222726 -0.066443 -0.893269 -0.444586
0.012484 0.016323 0.221423 -0.518258 0.854096 -0.043924
0.013545 0.016849 0.221970 0.267629 -0.962080 0.052688
0.012959 0.016651 0.222278 0.459848 -0.839769 0.288667
0.016290 0.016626 0.222973 -0.229123 -0.818583 -0.526710
0.016710 0.016878 0.222473 -0.146150 -0.820191 -0.553106
0.017015 0.017134 0.222151 -0.152418 -0.968904 -0.194919
0.013341 0.016764 0.221757 0.451539 -0.891624 -0.033436
0.014140 0.016957 0.221860 0.190737 -0.981640 0.001300
0.013870 0.016859 0.221939 0.211202 -0.977337 -0.014330
0.013995 0.016966 0.222579 0.066609 -0.997095 -0.036956
0.017332 0.016747 0.222552 -0.270998 -0.758432 -0.592740
0.012540 0.016334 0.222032 0.556781 -0.826495 0.083071
0.013382 0.016710 0.221961 0.445815 -0.894670 0.028530
0.016057 0.016570 0.223122 -0.263874 -0.842674 -0.469330
0.014844 0.017153 0.221984 0.158493 -0.986867 -0.031210
0.013170 0.016541 0.220978 0.400317 -0.769287 0.497939
0.013001 0.016381 0.220742 -0.478588 0.697589 -0.533220
0.016921 0.017063 0.222293 -0.167317 -0.899734 -0.403093
0.016483 0.016254 0.223654 0.303459 0.865411 0.398718
0.016532 0.017174 0.222108 -0.154580 -0.962320 -0.223708
0.016445 0.016461 0.223175 -0.255606 -0.841649 -0.475703
0.012825 0.016538 0.221191 0.568058 -0.809058 0.150783
0.015261 0.016871 0.223010 -0.167349 -0.920400 -0.353352
0.014906 0.016807 0.220866 0.042195 -0.940583 0.336932
0.015775 0.016191 0.224292 -0.326145 -0.824368 -0.462652
0.013455 0.017014 0.221556 0.314883 -0.947819 -0.049882
0.014477 0.017011 0.221569 0.244813 -0.969567 0.002584
0.016925 0.016941 0.222434 -0.201171 -0.832935 -0.515510
0.012660 0.016691 0.222614 0.506129 -0.801494 0.318499
0.017162 0.016946 0.222404 -0.221168 -0.825758 -0.518853
0.017654 0.016381 0.222775 -0.334059 -0.720844 -0.607280
0.016215 0.016791 0.222745 -0.227782 -0.794888 -0.562378
0.017181 0.016365 0.222963 -0.269648 -0.772404 -0.575049
0.012805 0.016572 0.221670 0.516758 -0.856062 -0.010910
0.014073 0.017050 0.222196 0.176365 -0.980141 0.090658
0.013614 0.017050 0.221224 0.290330 -0.954651 0.065948
0.015274 0.016334 0.224389 -0.315878 -0.828370 -0.462627
0.013831 0.016369 0.220569 0.245521 -0.735366 0.631630
0.014208 0.017069 0.222638 0.044450 -0.993094 -0.108575
0.013587 0.017049 0.221478 0.294016 -0.955738 0.010942
0.015591 0.016163 0.224491 -0.324006 -0.808632 -0.491054
0.017244 0.016126 0.223260 -0.307208 -0.808778 -0.501499
0.013637 0.016917 0.221010 0.315275 -0.825795 0.467615
0.017446 0.016872 0.222377 -0.324138 -0.790501 -0.519657
0.017151 0.016014 0.223561 -0.332800 -0.816364 -0.472011
0.015180 0.017164 0.221266 -0.066860 0.956102 -0.285303
0.017710 0.016592 0.222504 -0.344895 -0.722823 -0.598811
0.017851 0.016122 0.222931 -0.344403 -0.756366 -0.556144
0.016924 0.015734 0.224259 -0.335210 -0.814312 -0.473846
0.015396 0.017262 0.221626 0.039882 -0.990281 0.133237
0.017512 0.015947 0.223442 -0.349096 -0.804687 -0.480219
0.018141 0.015996 0.222885 -0.331091 -0.762056 -0.556462
0.015634 0.017162 0.221227 -0.006274 0.953773 -0.300462
0.018825 0.016036 0.222619 -0.281077 -0.747930 -0.601328
0.015938 0.017102 0.221055 0.017526 0.964019 -0.265254
0.015278 0.017245 0.221740 0.086429 -0.995539 0.037838
0.018443 0.015973 0.222773 -0.267030 -0.753258 -0.601081
0.018081 0.016435 0.222410 -0.320394 -0.740393 -0.590903
0.018126 0.015828 0.223118 -0.331785 -0.790501 -0.514807
0.015703 0.017223 0.221469 0.006049 -0.971208 0.238158
0.016448 0.015634 0.224738 -0.326544 -0.782036 -0.530838
0.016024 0.017147 0.221237 -0.029908 -0.970173 0.240561
0.018848 0.015772 0.222864 -0.302162 -0.745320 -0.594302
0.017517 0.015529 0.224151 -0.334371 -0.823457 -0.458382
0.019259 0.015779 0.222678 -0.312264 -0.737159 -0.599240
0.015958 0.017249 0.221754 -0.078208 -0.991691 0.102138
0.018003 0.016257 0.222696 -0.314237 -0.734807 -0.601094
0.016135 0.017248 0.222022 -0.138958 -0.979334 -0.146951
0.016165 0.017173 0.221396 -0.092612 -0.984265 0.150484
0.019426 0.015640 0.222740 -0.311232 -0.750375 -0.583157
0.016596 0.017104 0.221225 0.129872 0.983739 -0.124063
0.019128 0.015639 0.222914 -0.316021 -0.759302 -0.568851
0.017308 0.017079 0.221695 -0.116904 -0.988949 -0.091180
0.017087 0.017035 0.221316 0.092901 0.994964 -0.037621
0.016825 0.017107 0.221331 0.118176 0.990070 -0.076127
0.017457 0.015776 0.223790 -0.341564 -0.829948 -0.441045
0.016803 0.017133 0.222065 -0.187046 -0.961541 -0.201126
0.017277 0.017065 0.221904 -0.133824 -0.979223 -0.152359
0.017072 0.017055 0.221591 -0.117185 -0.992456 -0.036028
0.016619 0.016648 0.222795 -0.199388 -0.781790 -0.590803
0.017373 0.017033 0.221313 0.122115 0.988446 0.089788
0.017913 0.015678 0.223608 -0.347814 -0.825825 -0.443890
0.019824 0.015034 0.223385 -0.317354 -0.836760 -0.446227
0.017894 0.015590 0.223818 -0.340942 -0.834579 -0.432708
0.018175 0.015419 0.223945 -0.322590 -0.836170 -0.443572
0.019386 0.015005 0.223800 -0.312096 -0.850611 -0.423150
0.018444 0.016334 0.222451 -0.288786 -0.750233 -0.594772
0.017548 0.016242 0.222956 -0.341018 -0.751599 -0.564628
0.011673 0.016993 0.224897 0.162397 -0.983241 0.082852
0.018321 0.016647 0.222013 -0.294623 -0.803796 -0.516826
0.010311 0.016730 0.225036 0.086369 -0.980542 0.176290
0.018102 0.016744 0.222027 -0.304666 -0.804116 -0.510466
0.020266 0.014719 0.223855 -0.301378 -0.858765 -0.414361
0.017972 0.016505 0.222349 -0.330076 -0.736292 -0.590698
0.019639 0.014714 0.224196 -0.293124 -0.858711 -0.420349
0.018103 0.016548 0.222233 -0.313081 -0.768576 -0.557917
0.018555 0.016528 0.222116 -0.282994 -0.772960 -0.567844
0.019710 0.015145 0.223255 -0.305281 -0.823940 -0.477416
0.018075 0.016405 0.222325 -0.320394 -0.740393 -0.590903
0.018793 0.016345 0.222264 -0.285496 -0.767857 -0.573487
0.018849 0.016204 0.222451 -0.282294 -0.749697 -0.598552
0.018375 0.014595 0.224932 -0.328908 -0.830825 -0.448943
0.019160 0.016217 0.222154 -0.320307 -0.754158 -0.573279
0.019240 0.016006 0.222432 -0.327139 -0.734705 -0.594296
0.019120 0.014526 0.224875 -0.164799 -0.862055 -0.479272
0.019756 0.015672 0.222526 -0.313385 -0.742657 -0.591820
0.019640 0.015536 0.222724 -0.310049 -0.756972 -0.575206
0.019425 0.015415 0.223024 -0.322287 -0.789471 -0.522367
0.020142 0.015656 0.222362 -0.297164 -0.747898 -0.593584
0.020343 0.015467 0.222556 -0.269167 -0.779020 -0.566284
0.020116 0.015287 0.222836 -0.286973 -0.798172 -0.529686
0.020320 0.015049 0.223068 -0.267705 -0.815583 -0.512990
0.019792 0.014957 0.223598 -0.310533 -0.849631 -0.426259
0.020168 0.014810 0.223686 -0.304161 -0.854965 -0.420145
0.011421 0.016818 0.224496 0.246918 -0.938806 0.240157
0.012305 0.017030 0.224834 -0.029614 -0.995444 -0.090637
0.012421 0.016661 0.223026 0.432610 -0.858329 0.275899
0.014410 0.017127 0.221109 0.067332 -0.955198 0.288206
0.014863 0.017280 0.221634 0.166192 -0.984233 0.060546
0.013651 0.017002 0.223109 -0.052105 -0.998023 0.035141
0.013683 0.016825 0.224503 -0.240866 -0.893575 -0.378824
0.014057 0.016965 0.223418 -0.128723 -0.989694 -0.062739
0.014161 0.017029 0.222841 0.004866 -0.992721 -0.120342
0.012367 0.016236 0.221883 -0.541311 0.840334 -0.028633
0.014215 0.017134 0.221181 0.077513 -0.970430 0.228599
0.014176 0.016369 0.225023 -0.331820 -0.800012 -0.499876
0.015075 0.016837 0.223451 -0.234015 -0.935753 -0.263823
0.014620 0.017043 0.221682 0.179215 -0.983127 0.036654
0.013349 0.016962 0.221297 0.376843 -0.924881 0.050841
0.015292 0.015929 0.225045 -0.321448 -0.757133 -0.568701
0.012493 0.016341 0.221908 0.544110 -0.838071 0.039776
0.012133 0.016168 0.222489 0.497168 -0.802083 0.330889
0.016309 0.016500 0.223131 -0.255365 -0.834713 -0.487897
0.013138 0.017121 0.223703 0.201341 -0.968769 0.144734
0.011456 0.016277 0.223317 0.305990 -0.830722 0.465050
0.013279 0.017205 0.223789 0.052063 -0.996320 0.068085
0.012097 0.016084 0.222203 -0.499006 0.828801 -0.253143
0.015067 0.017195 0.222283 0.065028 -0.972944 -0.221700
0.016363 0.017139 0.221314 0.116607 0.982257 -0.146879
0.014350 0.017132 0.222344 0.149822 -0.988509 0.020074
0.013373 0.017007 0.223251 0.091189 -0.985689 0.141780
0.013420 0.017038 0.222837 0.093597 -0.995000 0.034838
0.011115 0.016706 0.224505 0.232417 -0.936127 0.263909
0.014579 0.017100 0.221583 0.160027 -0.984836 0.066999
0.014107 0.016835 0.220743 0.167228 -0.782735 0.599467
0.017498 0.015791 0.227640 0.110203 -0.646614 0.754815
0.016615 0.016192 0.227886 -0.004179 -0.430690 0.902490
0.017352 0.015145 0.227350 0.308083 -0.434091 0.846552
0.017151 0.015799 0.227637 0.077791 -0.495976 0.864845
0.017653 0.015600 0.227411 0.246796 -0.628934 0.737247
0.017903 0.015764 0.227642 0.102915 -0.743006 0.661325
0.017585 0.015298 0.227238 0.349264 -0.470227 0.810494
0.018340 0.015528 0.227080 0.187552 -0.702554 0.686471
0.018206 0.015718 0.227492 0.109928 -0.795162 0.596350
0.017997 0.015396 0.227099 0.243548 -0.590440 0.769458
0.018745 0.015491 0.226977 0.121708 -0.750697 0.649339
0.018423 0.015309 0.226892 0.212741 -0.600156 0.771073
0.018532 0.015698 0.227407 0.068670 -0.844466 0.531188
0.018157 0.015118 0.226899 0.283746 -0.494126 0.821783
0.019108 0.015865 0.227759 0.026402 -0.806099 0.591191
0.017519 0.014900 0.227141 0.331108 -0.478680 0.813163
0.018985 0.015622 0.227166 0.061825 -0.811193 0.581502
0.015449 0.015495 0.228332 0.132714 0.161584 -0.977894
0.018694 0.016390 0.228250 0.020956 -0.627045 0.778701
0.018857 0.016594 0.228407 -0.001060 0.582638 -0.812731
0.018214 0.015824 0.227726 0.040760 -0.797795 0.601549
0.016286 0.014802 0.228255 -0.218975 0.061551 0.973787
0.019120 0.015347 0.226744 0.112283 -0.719365 0.685497
0.018447 0.014971 0.226767 0.245950 -0.390058 0.887335
0.018065 0.014767 0.226862 0.277539 -0.394549 0.875959
0.019452 0.015228 0.226566 -0.102833 0.660832 -0.743455
0.019439 0.015616 0.227277 0.051034 -0.822437 0.566562
0.019518 0.015426 0.226809 0.092946 -0.698349 0.709697
0.018790 0.015130 0.226707 0.242179 -0.484261 0.840738
0.013100 0.016783 0.225065 -0.263894 -0.889780 -0.372360
0.019156 0.014949 0.226547 -0.208045 0.573928 -0.792038
0.018821 0.014834 0.226638 -0.329607 0.461662 -0.823546
0.019515 0.015006 0.226427 -0.064961 0.572355 -0.817429
0.019488 0.014612 0.226414 0.452644 0.400761 -0.796558
0.019808 0.014378 0.226276 0.987451 -0.011938 0.157473
0.015206 0.018165 0.229014 -0.245932 0.322864 -0.913935
0.015738 0.018433 0.229018 0.069693 -0.253314 0.964870
0.016168 0.018157 0.228925 -0.140951 -0.509201 0.849027
0.017360 0.018770 0.229208 -0.425710 -0.808852 0.405622
0.017614 0.018651 0.229159 -0.188202 -0.842463 0.504813
0.016434 0.017522 0.228666 0.080589 -0.525320 0.847080
0.017287 0.018071 0.228994 -0.141373 -0.254346 0.956725
0.017542 0.017869 0.228915 -0.214294 -0.502402 0.837657
0.016760 0.016975 0.228448 0.082748 -0.648344 0.756838
0.017196 0.016209 0.227976 -0.032222 -0.548921 0.835253
0.015604 0.015213 0.228283 0.092791 -0.148419 -0.984562
0.017764 0.015191 0.227083 0.348233 -0.436716 0.829465
0.018545 0.015922 0.227836 0.029416 -0.779839 0.625289
0.018770 0.015676 0.227343 0.056428 -0.849641 0.524334
0.019072 0.015556 0.227001 0.083364 -0.800996 0.592837
0.019150 0.015676 0.227344 0.041265 -0.851934 0.522021
0.016166 0.020611 0.230809 0.117473 0.820708 0.559141
0.018684 0.015782 0.229354 0.259281 0.238836 -0.935805
0.018454 0.016108 0.229427 0.473301 0.317188 -0.821814
0.018324 0.018214 0.230278 0.109141 0.535765 -0.837284
0.017429 0.016657 0.229359 -0.440923 0.040925 0.896611
0.017999 0.019268 0.230741 0.242768 0.498119 -0.832431
0.017424 0.019166 0.230563 -0.212544 -0.544372 0.811470
0.015845 0.016611 0.228957 -0.085396 0.070187 0.993872
0.015289 0.019556 0.230233 -0.233406 -0.163829 0.958479
0.015951 0.019279 0.230254 -0.201572 -0.306222 0.930375
0.014052 0.020670 0.230469 0.309000 0.330489 -0.891794
0.014625 0.016627 0.228390 0.128339 -0.494975 0.859377
0.016525 0.017074 0.222324 -0.164514 -0.902928 -0.397060
0.013647 0.017034 0.222392 0.169322 -0.970550 0.171356
0.010622 0.016863 0.225174 0.099126 -0.985015 0.141135
0.016998 0.016716 0.222645 -0.197938 -0.757214 -0.622453
0.017597 0.016894 0.222227 -0.337712 -0.798847 -0.497789
0.017373 0.016524 0.222743 -0.310224 -0.726939 -0.612634
0.012850 0.016629 0.221525 0.525870 -0.850063 -0.029236
0.014128 0.016682 0.224499 -0.295721 -0.849581 -0.436763
0.018292 0.016528 0.222241 -0.302081 -0.764162 -0.569916
0.014974 0.017168 0.222393 0.041000 -0.966920 -0.251763
0.018902 0.016906 0.221425 0.282074 0.798754 0.531438
0.015624 0.017255 0.222352 -0.015990 -0.950751 -0.309544
0.015782 0.017270 0.221714 -0.034318 -0.993132 0.111852
0.017445 0.016151 0.223099 -0.345575 -0.770744 -0.535286
0.018963 0.016652 0.221677 -0.300364 -0.779842 -0.549206
0.014180 0.017056 0.222455 0.096255 -0.994744 -0.034933
0.017740 0.015999 0.223157 -0.351506 -0.786236 -0.508208
0.012678 0.016789 0.222707 0.443105 -0.859490 0.254823
0.018979 0.016459 0.221945 -0.288298 -0.776661 -0.560073
0.013327 0.017041 0.222447 0.217663 -0.950597 0.221334
0.019336 0.016537 0.221663 0.302594 0.773570 0.556800
0.017814 0.015826 0.223391 -0.354194 -0.815384 -0.457925
0.016360 0.017218 0.221817 -0.138665 -0.990261 0.012484
0.012551 0.016458 0.221273 -0.532583 0.844341 -0.058681
0.016307 0.017228 0.221974 -0.147738 -0.978632 -0.143013
0.019229 0.016598 0.221621 0.304179 0.778608 0.548858
0.013269 0.016985 0.222442 0.275863 -0.932740 0.232155
0.018108 0.015681 0.223407 -0.338728 -0.827307 -0.448136
0.012639 0.016477 0.221139 -0.551328 0.822306 -0.140893
0.017234 0.015080 0.225138 -0.293283 -0.776480 -0.557731
0.018446 0.015631 0.223242 -0.303323 -0.823876 -0.478772
0.019613 0.016241 0.221856 0.306770 0.756513 0.577563
0.014265 0.017125 0.222099 0.233507 -0.971017 0.051001
0.018129 0.015615 0.223563 -0.341011 -0.832466 -0.436706
0.019583 0.016012 0.222164 -0.316473 -0.744452 -0.587908
0.019957 0.016117 0.221858 -0.309845 -0.748816 -0.585893
0.017658 0.017081 0.221528 0.158830 0.966335 0.202411
0.017681 0.017037 0.221713 -0.175394 -0.944960 -0.276201
0.020077 0.015901 0.222071 -0.299182 -0.743683 -0.597851
0.017272 0.017056 0.222150 -0.224366 -0.930393 -0.289877
0.018045 0.017070 0.221342 0.202157 0.910369 0.361056
0.017767 0.017071 0.221683 -0.214762 -0.918922 -0.330845
0.016536 0.015846 0.224349 -0.331896 -0.811775 -0.480485
0.019034 0.015176 0.223762 -0.318604 -0.841367 -0.436570
0.018270 0.016867 0.221743 -0.275907 -0.805193 -0.524919
0.017596 0.017031 0.221874 -0.240442 -0.922691 -0.301377
0.018465 0.016912 0.221553 0.258526 0.803193 0.536699
0.014525 0.016961 0.220934 0.038189 -0.940011 0.339001
0.017945 0.017083 0.221547 0.190144 0.910618 0.366906
0.016695 0.015517 0.224769 -0.316746 -0.787439 -0.528784
0.016509 0.015376 0.225072 -0.289676 -0.765332 -0.574765
0.019177 0.016775 0.221476 0.290154 0.791882 0.537339
0.017969 0.016988 0.221785 -0.243051 -0.866988 -0.435038
0.018701 0.016700 0.221700 -0.273445 -0.797526 -0.537754
0.020009 0.015108 0.223098 -0.286802 -0.818830 -0.497255
0.018298 0.017036 0.221451 0.211680 0.868703 0.447824
0.015452 0.017036 0.221034 -0.035042 0.925867 -0.376221
0.020103 0.014950 0.223336 -0.282945 -0.831149 -0.478679
0.018624 0.016921 0.221487 0.274787 0.807315 0.522240
0.018903 0.016522 0.221841 -0.289499 -0.778831 -0.556429
0.019254 0.016334 0.221937 -0.321514 -0.762567 -0.561355
0.013360 0.017030 0.222490 0.217663 -0.950597 0.221334
0.019847 0.016408 0.221594 0.306120 0.759314 0.574224
0.020238 0.016250 0.221606 0.299929 0.747452 0.592755
0.014802 0.017255 0.221705 0.193813 -0.981035 -0.002695
0.019872 0.015820 0.222271 -0.314044 -0.737412 -0.597996
0.020524 0.016082 0.221674 -0.292120 -0.747209 -0.596946
0.020419 0.015830 0.222020 -0.296227 -0.745135 -0.597514
0.015819 0.015440 0.225329 -0.305703 -0.720709 -0.622193
0.019751 0.015361 0.222877 -0.295963 -0.790149 -0.536722
0.018685 0.016595 0.221871 -0.280073 -0.781940 -0.556892
0.017021 0.017123 0.221959 -0.162105 -0.977376 -0.135858
0.016307 0.017195 0.221588 -0.126759 -0.988071 0.087447
0.015977 0.017273 0.221938 -0.120476 -0.989524 -0.079553
0.015553 0.017307 0.221847 0.034010 -0.999209 0.020626
0.017858 0.016769 0.222175 -0.324585 -0.795724 -0.511340
0.016644 0.017171 0.221829 -0.153320 -0.987346 -0.040500
0.013264 0.017176 0.223669 0.163735 -0.975576 0.146428
0.013169 0.016986 0.223309 0.232354 -0.958563 0.164828
0.013413 0.017173 0.223922 -0.074383 -0.992662 -0.095337
0.013435 0.016221 0.220491 0.343471 -0.712978 0.611302
0.013598 0.016378 0.220660 0.281276 -0.722260 0.631842
0.017282 0.016913 0.221419 -0.094123 -0.992017 -0.083920
0.016701 0.017135 0.221498 -0.149841 -0.987231 0.054060
0.014365 0.016712 0.220622 -0.095765 0.774485 -0.625302
0.012789 0.020696 0.229899 -0.007608 0.288638 -0.957408
0.014443 0.021106 0.230598 0.098013 -0.511458 -0.853700
0.010769 0.016735 0.225914 -0.080468 -0.930279 -0.357920
0.011882 0.014033 0.229339 -0.184488 -0.766047 -0.615741
0.013039 0.020502 0.229892 0.156937 0.379246 -0.911890
0.010131 0.016671 0.226189 -0.050165 -0.919224 -0.390527
0.012619 0.014163 0.228959 -0.142978 -0.776849 -0.613240
0.013667 0.020402 0.230097 -0.344113 -0.557632 0.755402
0.013593 0.020169 0.229967 0.147349 0.492319 -0.857852
0.015263 0.014931 0.228192 0.187450 -0.249568 -0.950041
0.016036 0.014459 0.228153 0.053747 0.341576 0.938316
0.016061 0.013236 0.228588 0.270782 0.472539 0.838680
0.014188 0.019478 0.229849 0.446612 0.399844 -0.800414
0.016452 0.013341 0.228392 0.261869 0.413200 0.872176
0.014612 0.019834 0.230043 0.497949 0.296858 -0.814814
0.015478 0.020975 0.230669 -0.033190 0.896027 0.442758
0.014998 0.019232 0.229963 -0.340566 -0.552747 0.760582
0.013448 0.020100 0.229806 0.127140 0.390958 -0.911585
0.013946 0.020158 0.230064 0.389093 0.461940 -0.797005
0.013847 0.019619 0.229681 0.114263 0.219103 -0.968988
0.016436 0.018317 0.229669 -0.422570 -0.364946 0.829607
0.016982 0.018768 0.230081 -0.171470 -0.743103 0.646835
0.014486 0.018898 0.229469 0.516568 0.660703 -0.544637
0.016276 0.016961 0.228491 0.205669 -0.678407 0.705312
0.017301 0.017716 0.229593 -0.053092 0.939034 -0.339699
0.017626 0.017791 0.229681 0.774305 0.404692 -0.486494
0.017683 0.016555 0.228292 -0.115348 -0.527901 0.841437
0.015306 0.017395 0.228963 0.598081 0.228008 -0.768317
0.015320 0.017027 0.228856 0.413003 0.349160 -0.841139
0.017211 0.015487 0.227522 0.244652 -0.439800 0.864131
0.016680 0.014110 0.228049 0.173426 0.175985 0.968996
0.015468 0.017209 0.229070 0.596615 0.364939 -0.714752
0.017092 0.014565 0.228210 0.603105 0.103849 -0.790873
0.015389 0.016547 0.228734 0.445698 0.469905 -0.761934
0.017172 0.013763 0.228063 0.073508 0.023762 0.997012
0.018754 0.016257 0.228134 0.022905 -0.645337 0.763555
0.017330 0.014665 0.228299 -0.440066 -0.526846 0.727169
0.017029 0.013979 0.228048 -0.004322 -0.225971 -0.974124
0.016026 0.016933 0.229108 -0.139744 0.232218 -0.962573
0.015785 0.016248 0.228790 0.777907 0.214917 -0.590484
0.017869 0.015001 0.226984 0.340068 -0.437838 0.832257
0.019317 0.015548 0.227004 0.061277 -0.795336 0.603064
0.016100 0.016352 0.228935 -0.243565 -0.508082 -0.826153
0.017867 0.014426 0.228338 -0.269976 -0.412419 0.870071
0.018469 0.014661 0.226737 -0.229047 0.330318 -0.915657
0.016409 0.015372 0.228553 0.397178 0.679229 -0.617169
0.016844 0.015469 0.228668 -0.519576 -0.557472 0.647507
0.017506 0.015134 0.227216 0.353636 -0.437158 0.826943
0.018910 0.016596 0.229812 0.788444 0.053398 0.612785
0.010943 0.013463 0.230489 0.236109 0.849633 0.471567
0.013150 0.021140 0.229863 0.014422 -0.232978 0.972375
0.012642 0.013650 0.229581 -0.232758 -0.730468 -0.642060
0.013467 0.020180 0.229653 -0.009500 0.260867 -0.965328
0.014380 0.012910 0.229532 0.323052 0.565617 0.758758
0.013590 0.020697 0.229738 -0.048166 0.210426 -0.976423
0.016579 0.021039 0.230175 0.185228 0.945220 -0.268795
0.016436 0.020315 0.229864 0.064877 -0.402851 0.912963
0.016871 0.020346 0.229930 0.065636 -0.880224 0.469998
0.015961 0.019850 0.229591 0.010686 -0.422698 0.906208
0.016396 0.019945 0.229649 -0.143262 0.280953 -0.948968
0.016576 0.020066 0.229713 -0.034012 0.387712 -0.921153
0.017054 0.020172 0.229798 -0.202427 0.833530 -0.514053
0.015853 0.019036 0.229265 -0.232087 -0.136176 0.963116
0.015412 0.018692 0.229083 0.100297 -0.207140 0.973156
0.015294 0.018427 0.229014 -0.157957 0.155794 -0.975078
0.016051 0.018520 0.229085 -0.127175 -0.411628 0.902435
0.016439 0.018558 0.229098 0.059586 0.760901 -0.646126
0.016754 0.018283 0.229019 0.049372 -0.376557 0.925077
0.016408 0.017837 0.228803 -0.155141 -0.588358 0.793578
0.017667 0.018391 0.229100 0.003445 0.267010 -0.963688
0.010693 0.014456 0.228894 0.041185 -0.767080 -0.640229
0.016148 0.016625 0.228148 0.141037 -0.638307 0.756751
0.016513 0.017044 0.228495 0.185010 -0.648471 0.738415
0.017189 0.017063 0.228509 -0.076695 -0.588327 0.804978
0.016500 0.016635 0.228218 -0.037418 -0.556712 0.829862
0.016541 0.016441 0.228014 -0.032726 -0.511241 0.858814
0.016916 0.016439 0.228100 -0.023236 -0.528250 0.848771
0.017270 0.016633 0.228279 -0.041343 -0.563344 0.825187
0.016960 0.016100 0.227840 0.023077 -0.485445 0.873963
0.017245 0.015989 0.227780 0.002233 -0.537954 0.842972
0.016569 0.015901 0.227835 0.132347 -0.333336 0.933473
0.016829 0.015790 0.227744 0.086433 -0.402436 0.911359
0.017354 0.015665 0.227516 0.181814 -0.532659 0.826570
0.015595 0.016187 0.228689 0.614047 0.175228 -0.769572
0.018422 0.015808 0.227660 0.054168 -0.829435 0.555971
0.012610 0.020865 0.229960 0.206433 0.300300 -0.931239
0.013894 0.019768 0.229874 0.023542 0.201282 -0.979250
0.014088 0.019431 0.229767 0.375096 0.402969 -0.834817
0.014454 0.018999 0.229638 0.431338 0.646574 -0.629197
0.014336 0.019691 0.229959 -0.456843 -0.326234 0.827566
0.014395 0.019288 0.229797 0.400695 0.509690 -0.761354
0.014623 0.018768 0.229561 0.394645 0.664337 -0.634753
0.014714 0.019009 0.229760 0.289393 0.685076 -0.668523
0.014927 0.018583 0.229570 0.428122 0.621100 -0.656465
0.015943 0.020045 0.230475 0.211378 0.289580 -0.933522
0.016157 0.019620 0.230444 -0.506625 -0.112633 0.854778
0.016276 0.020026 0.230668 -0.650874 -0.363600 0.666452
0.017636 0.018491 0.230044 -0.601870 -0.491030 0.629795
0.012504 0.011258 0.231611 -0.585856 -0.300153 -0.752782
0.012486 0.010726 0.231727 -0.588272 -0.172218 -0.790112
0.012954 0.021089 0.230324 -0.221473 -0.238644 0.945515
0.013732 0.010787 0.230626 0.536440 0.111016 0.836605
0.014325 0.012283 0.229978 0.397920 0.441594 0.804148
0.013693 0.010244 0.230729 0.585785 0.044707 0.809232
0.014128 0.010497 0.230438 0.543738 0.018129 0.839059
0.013097 0.010453 0.231218 0.587456 0.121995 0.800008
0.014488 0.020616 0.230529 -0.005046 -0.035288 0.999364
0.015402 0.013471 0.228668 0.300211 0.535959 0.789064
0.013801 0.009741 0.230682 0.616596 -0.014814 0.787140
0.015375 0.013022 0.228935 0.335907 0.534983 0.775216
0.014284 0.010053 0.230329 -0.552668 0.085349 -0.829020
0.016521 0.020470 0.230848 -0.010485 -0.474922 -0.879965
0.014775 0.009979 0.229972 0.540183 -0.152352 0.827642
0.016906 0.020192 0.230856 0.121656 0.595666 0.793966
0.014542 0.010395 0.230199 0.530761 -0.067932 0.844795
0.017973 0.019842 0.231067 -0.181636 -0.244803 -0.952407
0.017150 0.013336 0.228118 0.269284 0.258699 0.927664
0.016832 0.019079 0.230346 -0.198603 -0.527000 0.826334
0.015802 0.010525 0.229479 0.439747 -0.061387 0.896021
0.017303 0.013140 0.228118 0.309410 0.253928 0.916399
0.013292 0.010000 0.231089 0.593056 0.071996 0.801936
0.016654 0.018780 0.230066 -0.265487 -0.658715 0.703996
0.017651 0.013264 0.227973 0.214624 0.002518 0.976694
0.016170 0.010291 0.229312 0.418805 -0.054944 0.906412
0.017286 0.018944 0.230319 -0.264245 -0.639565 0.721894
0.018420 0.019070 0.230727 0.195340 0.530964 -0.824572
0.016017 0.009470 0.229280 -0.380259 0.133116 -0.915251
0.016531 0.009548 0.229109 0.396290 -0.094357 0.913264
0.014882 0.016654 0.228560 0.058915 0.634093 -0.771009
0.018223 0.010618 0.228218 0.472412 0.111037 0.874355
0.018262 0.019525 0.230926 -0.459028 -0.030299 -0.887905
0.016319 0.008942 0.229107 0.362068 -0.107524 0.925929
0.016808 0.009097 0.228935 0.383634 -0.085962 0.919476
0.018622 0.018758 0.230615 0.116901 0.541692 -0.832409
0.014391 0.020346 0.230394 -0.102866 -0.568451 0.816261
0.014841 0.010696 0.230036 0.491553 -0.043739 0.869748
0.016966 0.014388 0.228127 0.380865 -0.321960 -0.866766
0.016582 0.020051 0.230818 0.425003 0.182013 -0.886704
0.016901 0.019708 0.230802 -0.411239 -0.363873 0.835750
0.017164 0.019540 0.230784 -0.280591 -0.437464 0.854338
0.016374 0.009949 0.229206 0.397115 -0.077955 0.914452
0.015735 0.017098 0.229145 -0.427919 -0.331340 0.840892
0.018988 0.013671 0.228274 0.234296 0.476599 -0.847325
0.016517 0.016225 0.229003 0.478588 0.050360 -0.876594
0.017874 0.012258 0.228106 0.449113 0.210658 0.868286
0.019419 0.013275 0.228244 0.751871 -0.391708 0.530335
0.015857 0.015464 0.228444 -0.580979 -0.489706 0.650116
0.018926 0.013023 0.227808 -0.646183 0.369468 -0.667788
0.019209 0.013220 0.228004 0.804463 -0.287739 0.519660
0.018404 0.012432 0.227797 0.194505 0.020646 0.980684
0.019453 0.013069 0.228034 0.852984 -0.309558 0.420228
0.018714 0.014280 0.228752 -0.304725 -0.475201 0.825425
0.016371 0.019178 0.230297 -0.350168 -0.517109 0.781012
0.016603 0.019561 0.230613 -0.545839 -0.266422 0.794405
0.017594 0.014582 0.228324 -0.346672 -0.437264 0.829831
0.014941 0.020314 0.230509 0.184659 0.395074 -0.899898
0.019196 0.014092 0.228917 0.294970 0.487137 -0.822004
0.013757 0.014756 0.227759 -0.106509 -0.906522 -0.408501
0.013664 0.016129 0.220421 0.271142 -0.714968 0.644440
0.017517 0.015661 0.223965 -0.341435 -0.825321 -0.449742
0.016793 0.015895 0.228918 0.253498 0.152120 -0.955300
0.012769 0.016795 0.223174 0.344958 -0.923302 0.168871
0.009994 0.016756 0.226045 -0.041162 -0.945589 -0.322750
0.014423 0.015039 0.227026 -0.107541 -0.916747 -0.384721
0.013847 0.019619 0.229681 0.114263 0.219103 -0.968988
0.011130 0.016683 0.224370 0.236864 -0.934617 0.265305
0.015983 0.014916 0.227191 -0.095596 -0.878700 0.467704
0.016075 0.018535 0.229761 -0.295659 -0.686474 0.664334
0.019271 0.014114 0.225463 -0.257284 -0.860896 -0.438933
0.013998 0.016093 0.225525 -0.357184 -0.772674 -0.524781
0.018321 0.017032 0.228650 -0.001753 -0.457242 0.889341
0.011980 0.016818 0.223962 0.234763 -0.926688 0.293488
0.016615 0.016192 0.227886 -0.004179 -0.430690 0.902490
0.014654 0.016513 0.224464 -0.295063 -0.838398 -0.458286
0.019463 0.014245 0.225245 -0.233597 -0.850983 -0.470383
0.016982 0.018768 0.230081 -0.171470 -0.743103 0.646835
0.010753 0.016905 0.225390 0.089920 -0.995916 -0.008165
0.015872 0.017074 0.222568 -0.141277 -0.848507 -0.509978
0.013776 0.012419 0.230162 0.393216 0.511791 0.763840
0.011456 0.016277 0.223317 0.305990 -0.830722 0.465050
0.014115 0.014613 0.228025 -0.035905 -0.871759 -0.488618
0.010240 0.014957 0.228437 -0.085876 -0.741113 -0.665865
0.011413 0.014107 0.229397 -0.091869 -0.821865 -0.562225
0.019425 0.015415 0.223024 -0.322287 -0.789471 -0.522367
0.013185 0.011610 0.230880 0.523954 0.310601 0.793094
0.015974 0.015033 0.227404 -0.062719 -0.768636 0.636604
0.009503 0.016653 0.226264 -0.048882 -0.902774 -0.427328
0.010240 0.014957 0.228437 -0.085876 -0.741113 -0.665865
0.018052 0.015590 0.223687 -0.340393 -0.838681 -0.425143
0.008544 0.015846 0.227913 -0.198642 -0.771800 -0.604041
0.018574 0.016629 0.228445 -0.023888 -0.559928 0.828197
0.012095 0.015422 0.227172 -0.164049 -0.756067 -0.633601
0.012751 0.014056 0.229071 -0.155381 -0.756669 -0.635065
0.014644 0.021468 0.230066 0.070073 0.867409 -0.492638
0.014115 0.014613 0.228025 -0.035905 -0.871759 -0.488618
0.015848 0.016566 0.223191 -0.263954 -0.854077 -0.448197
0.013076 0.015859 0.226360 -0.230199 -0.760005 -0.607784
0.014279 0.013408 0.229196 0.311839 0.606114 0.731698
0.012835 0.016839 0.222707 0.453284 -0.858776 0.238826
0.012383 0.017017 0.224375 0.099375 -0.988502 0.113970
0.020142 0.015656 0.222362 -0.297164 -0.747898 -0.593584
0.016825 0.017107 0.221331 0.118176 0.990070 -0.076127
0.018793 0.016345 0.222264 -0.285496 -0.767857 -0.573487
0.017384 0.020343 0.229925 -0.126774 0.808639 -0.574483
0.016298 0.015025 0.225633 -0.252563 -0.777480 -0.575967
0.008994 0.016175 0.227263 0.154500 0.831002 0.534383
0.011808 0.012773 0.231132 -0.472255 -0.671127 -0.571458
0.016276 0.016961 0.228491 0.205669 -0.678407 0.705312
0.018453 0.014677 0.224788 -0.297932 -0.822582 -0.484350
0.018437 0.016434 0.228302 -0.024593 -0.604614 0.796139
0.018601 0.014199 0.225911 -0.173013 -0.846399 -0.503663
0.018197 0.016073 0.229280 -0.377478 -0.360719 0.852873
0.015370 0.017338 0.228667 -0.055322 0.569184 -0.820347
0.017042 0.014476 0.227141 -0.143101 -0.823666 0.548722
0.015545 0.016841 0.228962 -0.577817 -0.236108 0.781269
0.014483 0.012249 0.229923 0.407182 0.421263 0.810395
0.015924 0.020760 0.230757 0.025411 0.747166 0.664151
0.017682 0.011027 0.228555 0.505359 0.102115 0.856846
0.018206 0.015718 0.227492 0.109928 -0.795162 0.596350
0.009359 0.015640 0.227928 -0.204735 -0.757985 -0.619307
0.012956 0.014670 0.228253 -0.103613 -0.855661 -0.507058
0.010671 0.016548 0.224097 -0.225272 0.930376 -0.289229
0.015872 0.017074 0.222568 -0.141277 -0.848507 -0.509978
0.016424 0.017610 0.229466 0.277099 0.416657 -0.865802
0.012613 0.016408 0.221773 0.543346 -0.839504 0.002791
0.011236 0.013503 0.230293 -0.238688 -0.841448 -0.484762
