0.077347 -0.008217 0.196144 -0.117490 -0.152578 -0.981283
0.077421 -0.008411 0.195713 0.147085 0.724362 0.673547
0.079239 -0.012524 0.190794 -0.262170 -0.405356 0.875759
0.075005 -0.011438 0.191121 0.409230 -0.288670 0.865563
0.076701 -0.013203 0.190326 0.212294 -0.214712 0.953326
0.075227 -0.012165 0.190869 -0.277383 -0.240582 -0.930150
0.076142 -0.013308 0.190586 -0.490242 -0.136535 -0.860826
0.073618 -0.008763 0.193870 0.226832 0.489006 -0.842271
0.072871 -0.009076 0.193473 -0.097043 0.355217 0.929733
0.079058 -0.012661 0.192672 -0.045932 -0.636112 0.770228
0.077254 -0.009950 0.193864 -0.181632 -0.476344 0.860294
0.076154 -0.016808 0.190408 0.352859 0.193206 0.915512
0.075098 -0.019430 0.190677 0.961353 -0.098344 0.257156
0.075182 -0.017790 0.190822 0.680790 0.332259 0.652785
0.077865 -0.017669 0.189739 -0.200532 0.644647 0.737710
0.075474 -0.007301 0.193156 -0.485658 -0.657917 0.575571
0.070784 -0.006719 0.192076 -0.240938 -0.635044 0.733940
0.070147 -0.007014 0.193281 0.716102 -0.571108 -0.401290
0.072293 -0.007950 0.193744 -0.570533 -0.016596 -0.821107
0.070395 -0.007457 0.193262 0.425146 -0.146982 -0.893111
0.070746 -0.006719 0.193548 0.620128 -0.522612 -0.585080
0.070563 -0.007026 0.193412 0.406369 -0.343926 -0.846510
0.070073 -0.007611 0.192087 -0.601417 0.085838 -0.794311
0.070311 -0.007043 0.192022 0.028371 -0.407448 0.912788
0.070718 -0.007495 0.191925 -0.086401 -0.127379 0.988084
0.077527 -0.009189 0.194333 -0.027522 -0.244192 0.969336
0.079526 -0.011375 0.193634 -0.348826 -0.678875 0.646104
0.076021 -0.008794 0.194394 -0.238171 -0.713780 0.658630
0.072341 -0.006216 0.193978 -0.036118 0.882403 -0.469106
0.073092 -0.005907 0.194088 -0.184018 0.781809 -0.595745
0.071550 -0.006870 0.193830 -0.169230 0.542931 -0.822549
0.071894 -0.010874 0.191638 0.058807 0.155351 -0.986107
0.074220 -0.012278 0.191184 -0.223480 0.177127 -0.958479
0.078500 -0.016500 0.189662 0.259598 0.086919 0.961797
0.070436 -0.010308 0.191759 0.737717 -0.095897 0.668264
0.070250 -0.010075 0.191946 0.968310 0.177852 0.175340
0.076291 -0.018660 0.190423 -0.177772 -0.098256 0.979154
0.079216 -0.015607 0.189512 0.089671 -0.086137 0.992240
0.076824 -0.008452 0.193320 -0.448725 -0.544782 0.708420
0.070611 -0.008295 0.191942 -0.302008 -0.322312 -0.897166
0.077249 -0.013658 0.190082 0.113663 -0.270514 0.955983
0.078301 -0.011924 0.190728 -0.180084 -0.345072 0.921138
0.078188 -0.011491 0.190887 -0.280000 -0.477260 0.832960
0.078734 -0.011303 0.191270 0.244449 0.614307 -0.750248
0.076054 -0.007615 0.196088 0.129590 -0.331896 -0.934372
0.075215 -0.007514 0.191993 0.777159 0.614357 -0.136342
0.074328 -0.007431 0.192194 -0.099995 0.810439 -0.577226
0.074836 -0.007877 0.192054 0.649039 0.568860 -0.505121
0.073173 -0.005817 0.194227 -0.221946 0.741392 -0.633307
0.073675 -0.007555 0.192399 -0.206813 0.393850 -0.895606
0.070123 -0.010120 0.192300 0.954004 0.225947 -0.197039
0.076044 -0.009194 0.194064 0.106347 0.623167 -0.774825
0.077811 -0.014689 0.189828 0.247858 -0.090125 0.964595
0.075883 -0.015924 0.190487 0.525108 -0.038790 0.850151
0.079679 -0.012145 0.191090 0.241755 0.423511 -0.873037
0.076359 -0.014684 0.190439 0.520599 -0.239235 0.819599
0.077010 -0.015134 0.190110 0.345362 -0.041540 0.937550
0.078080 -0.013488 0.190085 0.003486 -0.372098 0.928187
0.074639 -0.005297 0.194650 0.267683 0.471099 -0.840483
0.075890 -0.006817 0.194001 -0.389999 -0.830931 0.396805
0.074190 -0.006212 0.193799 -0.262636 -0.674528 0.689952
0.077895 -0.009744 0.193009 -0.232337 -0.482875 0.844305
0.079703 -0.010568 0.192434 -0.417396 -0.666646 0.617546
0.079181 -0.010247 0.192599 -0.100190 -0.778867 0.619135
0.075923 -0.010818 0.191140 -0.055647 0.635744 -0.769892
0.075929 -0.011318 0.190802 0.156517 -0.437701 0.885393
0.076004 -0.011606 0.190669 0.138446 -0.299615 0.943962
0.076217 -0.011849 0.190647 0.103884 -0.209925 0.972183
0.075739 -0.011881 0.190723 0.266295 -0.151376 0.951931
0.075710 -0.012300 0.190729 0.415362 0.069605 0.906989
0.076946 -0.013207 0.190229 0.215905 -0.223071 0.950592
0.076555 -0.013674 0.190367 0.418432 -0.074012 0.905227
0.075150 -0.009995 0.191744 0.028077 0.455311 -0.889889
0.078567 -0.012892 0.190477 -0.207679 -0.382482 0.900321
0.076397 -0.011087 0.190824 0.071469 -0.520128 0.851093
0.076389 -0.011423 0.190695 0.063146 -0.289211 0.955180
0.073715 -0.007206 0.192498 -0.202832 0.846599 -0.492066
0.076019 -0.012171 0.190656 0.186809 -0.163002 0.968779
0.075509 -0.009802 0.191891 -0.232351 -0.402350 0.885510
0.076072 -0.012496 0.190666 0.206826 -0.112443 0.971895
0.077459 -0.010570 0.191902 -0.222049 -0.912698 0.343040
0.072208 -0.006215 0.193733 0.014172 0.919791 -0.392152
0.071910 -0.006178 0.193784 0.120550 0.919285 -0.374678
0.071804 -0.006190 0.193628 0.113198 0.896609 -0.428110
0.071494 -0.006498 0.192966 -0.328345 -0.854306 0.402928
0.074143 -0.007563 0.194810 0.745379 -0.069303 -0.663029
0.071448 -0.006293 0.193290 0.170624 0.938231 -0.301016
0.071002 -0.006391 0.192796 0.174717 0.921019 -0.348135
0.073497 -0.005453 0.194651 -0.124349 0.695395 -0.707787
0.075150 -0.007412 0.195574 0.552607 -0.215479 -0.805105
0.078611 -0.012155 0.190732 -0.254435 -0.379098 0.889690
0.078933 -0.012064 0.190892 -0.268284 -0.404638 0.874238
0.077112 -0.010519 0.191601 -0.214869 -0.904250 0.369004
0.076917 -0.011723 0.190674 0.025846 -0.241698 0.970007
0.071804 -0.009096 0.191917 -0.182544 -0.235406 0.954600
0.077237 -0.014232 0.190051 0.242684 -0.118716 0.962814
0.077467 -0.013800 0.190010 0.109809 -0.260016 0.959340
0.077219 -0.010806 0.191004 -0.163097 -0.735393 0.657721
0.078614 -0.008612 0.195381 0.457955 0.412003 -0.787737
0.073634 -0.014495 0.191645 -0.429568 -0.672630 -0.602527
0.071324 -0.011342 0.191633 0.221351 0.280362 0.934024
0.071663 -0.008056 0.192175 -0.396488 -0.202556 0.895415
0.071185 -0.006904 0.192067 -0.379307 -0.508763 0.772843
0.071289 -0.007111 0.192003 -0.462146 -0.336578 0.820449
0.074399 -0.009326 0.192101 0.096493 -0.234731 0.967259
0.076804 -0.008150 0.193555 -0.534831 -0.578544 0.615826
0.069892 -0.006864 0.192211 -0.752756 0.534632 -0.384093
0.073507 -0.008155 0.192417 0.086140 -0.179203 0.980034
0.069868 -0.008466 0.192195 0.309443 0.247688 0.918093
0.072780 -0.006078 0.194273 -0.148493 0.802076 -0.578467
0.072739 -0.006575 0.194366 -0.082959 0.809845 -0.580748
0.071853 -0.006413 0.193980 0.120550 0.919285 -0.374678
0.078088 -0.010798 0.191616 -0.137635 -0.886910 0.440962
0.071395 -0.009874 0.191745 -0.333307 0.350757 -0.875143
0.070356 -0.009250 0.191964 0.911537 -0.002843 0.411209
0.073955 -0.011806 0.191370 0.646116 0.595657 -0.477207
0.069998 -0.009582 0.192300 0.882616 0.372544 -0.286705
0.072985 -0.010312 0.191826 0.021419 -0.094900 0.995256
0.071833 -0.010140 0.191744 0.070444 0.040027 -0.996712
0.074904 -0.012816 0.190951 -0.140492 -0.107225 -0.984258
0.069176 -0.008408 0.192491 0.008380 0.084309 -0.996404
0.068902 -0.008047 0.192535 -0.254681 -0.102250 -0.961604
0.074602 -0.014138 0.191060 -0.483924 -0.527808 -0.698023
0.073320 -0.014117 0.191680 0.512476 0.528514 0.676788
0.074287 -0.013526 0.191115 -0.097395 -0.102617 -0.989941
0.075715 -0.011589 0.190753 0.211634 -0.331645 0.919360
0.077309 -0.013263 0.190168 0.089453 -0.291093 0.952504
0.076833 -0.012958 0.190354 0.169976 -0.262655 0.949800
0.076823 -0.013337 0.190244 0.215905 -0.223071 0.950592
0.077021 -0.013510 0.190168 0.182685 -0.245625 0.951995
0.074858 -0.017813 0.191191 0.982186 0.186498 0.022994
0.078718 -0.016311 0.189597 0.209771 -0.031275 0.977250
0.078261 -0.015177 0.189691 0.215504 -0.041586 0.975617
0.080341 -0.012911 0.190960 0.896808 -0.077671 -0.435550
0.073761 -0.009357 0.192201 -0.012098 -0.245557 0.969307
0.073378 -0.008710 0.192332 -0.048876 -0.259791 0.964427
0.073072 -0.009426 0.192085 -0.165972 -0.260255 0.951168
0.073051 -0.009791 0.192073 0.083426 0.132377 -0.987682
0.072570 -0.009861 0.191887 -0.159078 -0.151780 0.975529
0.072288 -0.009775 0.191859 -0.154759 -0.110760 0.981724
0.072174 -0.009453 0.191896 -0.175117 -0.233705 0.956408
0.078281 -0.016187 0.191085 0.193705 -0.265298 0.944508
0.077240 -0.018344 0.190109 -0.098778 0.601867 0.792464
0.077364 -0.018626 0.190127 -0.474477 0.657502 0.585288
0.077025 -0.018595 0.190202 -0.237650 0.487474 0.840174
0.076629 -0.018092 0.190389 -0.292654 0.061629 -0.954230
0.076171 -0.017611 0.190573 0.216096 0.051243 -0.975026
0.076608 -0.018591 0.190338 -0.151073 0.178580 -0.972258
0.076856 -0.019012 0.190191 -0.379999 0.500774 0.777706
0.075852 -0.017980 0.190635 0.210818 -0.195842 0.957706
0.076707 -0.019425 0.190116 0.390737 -0.697201 -0.601029
0.076059 -0.018571 0.190480 0.000055 0.180713 -0.983536
0.076181 -0.019016 0.190358 0.249615 0.610326 -0.751794
0.076331 -0.019424 0.190209 0.446188 -0.540520 -0.713270
0.075645 -0.018525 0.190520 0.657542 -0.053578 0.751511
0.075880 -0.018866 0.190411 -0.332232 0.320805 -0.886965
0.075566 -0.018754 0.190457 0.677958 -0.305142 0.668776
0.076008 -0.019353 0.190295 -0.343117 0.808916 -0.477416
0.075335 -0.018612 0.190611 0.819473 -0.129066 0.558395
0.075463 -0.019097 0.190443 0.659963 -0.302141 0.687866
0.075581 -0.019590 0.190269 -0.623400 0.270592 -0.733588
0.075653 -0.020019 0.190153 0.672809 0.137031 0.727015
0.075357 -0.019885 0.190293 0.927772 -0.171658 0.331320
0.075342 -0.020167 0.190274 0.895784 0.090802 0.435116
0.079735 -0.016909 0.190626 -0.325045 0.377739 -0.866982
0.072189 -0.007392 0.192539 -0.307428 -0.385649 0.869921
0.071994 -0.006982 0.192682 -0.352806 -0.571685 0.740746
0.071870 -0.007322 0.192470 -0.458091 -0.325221 0.827275
0.071670 -0.007048 0.192433 -0.504031 -0.430052 0.749005
0.071167 -0.006505 0.192697 -0.375620 -0.775722 0.507114
0.076457 -0.019146 0.190281 0.405328 -0.126895 -0.905321
0.076395 -0.019605 0.190122 0.460996 -0.634561 -0.620335
0.075257 -0.019553 0.190429 0.856334 -0.136919 0.497941
0.075108 -0.020289 0.190736 0.998281 0.015483 0.056526
0.077507 -0.007202 0.195026 -0.355400 -0.562629 0.746418
0.076732 -0.007230 0.194220 0.590441 0.579199 -0.562056
0.077399 -0.007600 0.194726 0.415067 0.616643 -0.668933
0.076311 -0.007036 0.194047 -0.497485 -0.703640 0.507346
0.076692 -0.007364 0.194076 -0.564194 -0.551027 0.614861
0.076402 -0.007753 0.193684 -0.575228 -0.521515 0.630186
0.077293 -0.006922 0.195079 -0.416760 -0.568791 0.709076
0.077801 -0.008415 0.193957 -0.267560 -0.737083 0.620580
0.079340 -0.009040 0.193922 -0.143175 -0.621066 0.770570
0.079998 -0.010811 0.192480 -0.464774 -0.669236 0.579749
0.078513 -0.010232 0.192732 0.018024 -0.718389 0.695408
0.075186 -0.019573 0.191061 0.961161 -0.081571 -0.263659
0.077355 -0.013641 0.192049 -0.074812 -0.375673 0.923728
0.074049 -0.009317 0.192186 0.049987 0.336787 -0.940253
0.073397 -0.008970 0.192270 -0.048465 -0.239723 0.969631
0.073446 -0.009763 0.192061 -0.054333 -0.298519 0.952856
0.073219 -0.009479 0.192122 -0.099641 -0.279602 0.954932
0.073256 -0.008719 0.192315 -0.070227 -0.266058 0.961396
0.072769 -0.008456 0.192374 -0.131490 -0.299001 0.945150
0.073061 -0.009194 0.192145 -0.162166 -0.284762 0.944782
0.075195 -0.020910 0.191073 0.776157 -0.264370 -0.572441
0.080145 -0.013097 0.190807 0.935027 0.009534 -0.354447
0.079902 -0.013156 0.190774 0.723909 0.245128 -0.644879
0.079834 -0.013322 0.190605 0.238067 0.595391 -0.767355
0.079532 -0.013854 0.190041 -0.080827 -0.539801 0.837903
0.080003 -0.014612 0.189740 -0.070303 -0.281733 0.956914
0.075777 -0.010437 0.191547 -0.190595 -0.654108 0.731995
0.079425 -0.014374 0.189734 -0.062797 -0.347189 0.935690
0.079719 -0.014675 0.189689 -0.068699 -0.266257 0.961451
0.077838 -0.012907 0.190302 -0.050322 -0.341487 0.938538
0.079453 -0.014760 0.189626 -0.053209 -0.246359 0.967717
0.079092 -0.014308 0.189712 -0.067530 -0.354557 0.932593
0.077955 -0.013211 0.190198 -0.056466 -0.378139 0.924025
0.078764 -0.014304 0.189682 0.025075 -0.298170 0.954183
0.079504 -0.012763 0.190776 -0.234925 -0.471085 0.850229
0.079800 -0.013396 0.190390 -0.140261 -0.614718 0.776176
0.079505 -0.013178 0.190495 -0.181456 -0.593955 0.783767
0.080426 -0.013947 0.189891 0.102874 0.532099 -0.840409
0.078539 -0.012496 0.190601 -0.204300 -0.355671 0.912009
0.080137 -0.013794 0.190012 0.108412 0.550469 -0.827787
0.080329 -0.014368 0.189751 0.096328 0.401235 -0.910896
0.079935 -0.014164 0.189862 -0.080430 -0.445542 0.891641
0.078752 -0.014631 0.189614 0.034387 -0.210885 0.976906
0.079355 -0.013752 0.190074 -0.107236 -0.545589 0.831164
0.080073 -0.014461 0.189796 0.068881 0.317364 -0.945799
0.080323 -0.014806 0.189671 0.577601 0.205447 -0.790044
0.078936 -0.014471 0.189667 -0.009959 -0.280692 0.959746
0.078462 -0.014143 0.189745 0.033748 -0.326712 0.944521
0.078387 -0.014504 0.189690 0.125052 -0.220763 0.967277
0.079496 -0.015231 0.189559 -0.016405 -0.172792 0.984822
0.079917 -0.016074 0.189392 0.601423 -0.219590 -0.768160
0.079846 -0.013722 0.190089 0.110814 0.568168 -0.815418
0.079854 -0.015001 0.189681 0.042917 0.202298 -0.978383
0.080149 -0.015416 0.189608 0.689142 0.084511 -0.719682
0.080223 -0.015842 0.189469 0.840982 -0.156641 -0.517893
0.079823 -0.015697 0.189483 -0.048381 0.126826 -0.990744
0.080380 -0.016183 0.189462 0.865400 -0.349403 -0.359166
0.079857 -0.015339 0.189611 0.032235 0.167226 -0.985392
0.078225 -0.013842 0.189895 0.050642 -0.368572 0.928219
0.080086 -0.016146 0.189392 0.744279 -0.422197 -0.517493
0.077671 -0.013230 0.190157 0.014714 -0.312364 0.949848
0.077789 -0.013613 0.190016 0.028298 -0.331963 0.942868
0.076542 -0.012576 0.192191 -0.145854 -0.396774 0.906254
0.076774 -0.013788 0.191886 -0.055327 -0.299906 0.952363
0.076037 -0.012380 0.192316 -0.006913 -0.488596 0.872483
0.074002 -0.009652 0.192089 0.050799 -0.268007 -0.962077
0.077526 -0.015136 0.191486 0.151847 -0.259856 0.953634
0.076315 -0.013786 0.191890 0.022282 -0.267779 0.963223
0.076479 -0.013988 0.191764 -0.000450 -0.247570 0.968870
0.073587 -0.009975 0.191994 -0.082838 -0.136924 0.987112
0.075428 -0.012851 0.192020 0.034958 -0.297367 0.954123
0.075555 -0.013047 0.192036 0.046928 -0.246647 0.967969
0.076357 -0.014507 0.191668 0.051538 -0.165626 0.984841
0.075968 -0.014007 0.191826 0.113802 -0.240244 0.964018
0.075130 -0.012714 0.192185 0.070681 -0.333094 0.940241
0.075186 -0.013136 0.192033 0.111377 -0.165895 0.979834
0.079397 -0.007830 0.194941 -0.138540 -0.673343 0.726234
0.078559 -0.009182 0.193454 -0.234895 -0.591704 0.771175
0.077059 -0.008220 0.193753 -0.439911 -0.662237 0.606564
0.072399 -0.008293 0.192385 -0.199863 -0.284695 0.937552
0.072187 -0.007999 0.192425 -0.265863 -0.244410 0.932513
0.072417 -0.008569 0.192287 -0.192909 -0.323479 0.926363
0.072444 -0.008841 0.192164 -0.208798 -0.327074 0.921643
0.072126 -0.008504 0.192222 -0.267273 -0.321048 0.908567
0.071889 -0.008290 0.192219 -0.316779 -0.278320 0.906746
0.071845 -0.008414 0.192157 -0.323182 -0.297662 0.898304
0.074300 -0.009797 0.191988 0.083407 0.498268 0.863002
0.074159 -0.010022 0.191978 0.143547 -0.507157 -0.849815
0.074167 -0.010282 0.191774 0.668978 -0.184385 -0.720049
0.073529 -0.009430 0.192177 -0.037861 -0.266157 0.963186
0.072421 -0.007685 0.192509 -0.163968 -0.289883 0.942912
0.072687 -0.008762 0.192232 -0.167149 -0.315059 0.934237
0.072886 -0.009578 0.192020 -0.168642 -0.249763 0.953508
0.072710 -0.009120 0.192096 -0.185315 -0.279408 0.942120
0.072810 -0.009277 0.192089 -0.181099 -0.272079 0.945080
0.072499 -0.009414 0.191960 -0.169516 -0.247070 0.954055
0.071452 -0.006877 0.192291 -0.486654 -0.553530 0.675849
0.072495 -0.009046 0.192075 -0.192541 -0.293186 0.936467
0.072052 -0.007799 0.192415 -0.287670 -0.241393 0.926809
0.072105 -0.009000 0.191987 0.248621 0.304203 -0.919591
0.072144 -0.008789 0.192096 -0.245973 -0.336465 0.909004
0.072284 -0.009172 0.191972 -0.217914 -0.283499 0.933885
0.071442 -0.007100 0.192166 -0.477299 -0.347968 0.806910
0.071834 -0.007620 0.192390 -0.448287 -0.176124 0.876367
0.072259 -0.009054 0.192012 0.232362 0.298393 -0.925727
0.071246 -0.006711 0.192336 -0.421641 -0.671362 0.609501
0.071578 -0.007202 0.192294 -0.497295 -0.311407 0.809768
0.072075 -0.008157 0.192333 -0.291970 -0.266748 0.918477
0.072378 -0.008702 0.192221 -0.215560 -0.337002 0.916495
0.072321 -0.009923 0.191841 0.278380 0.018548 -0.960292
0.071826 -0.008646 0.192045 -0.312946 -0.301553 0.900628
0.071677 -0.007833 0.192252 -0.453323 -0.163793 0.876168
0.071342 -0.007390 0.192036 -0.413833 -0.179049 0.892571
0.071477 -0.007381 0.192211 -0.525302 -0.225946 0.820369
0.071610 -0.008306 0.192089 0.396306 0.235757 -0.887333
0.071397 -0.007778 0.192055 0.474388 0.142695 -0.868674
0.071038 -0.006716 0.192175 -0.321067 -0.622877 0.713401
0.071608 -0.008717 0.191952 -0.246727 -0.265799 0.931921
0.071587 -0.007549 0.192272 -0.511019 -0.212230 0.832957
0.071181 -0.007161 0.191941 -0.337333 -0.229903 0.912881
0.070820 -0.006561 0.192323 -0.246175 -0.705350 0.664740
0.071305 -0.007558 0.191988 0.390905 0.147059 -0.908607
0.071390 -0.008077 0.192028 -0.333069 -0.109854 0.936481
0.071536 -0.008578 0.191992 -0.271046 -0.234512 0.933562
0.070808 -0.006425 0.192578 -0.149133 -0.890724 0.429383
0.071493 -0.006718 0.192580 -0.458703 -0.666129 0.588102
0.071186 -0.007999 0.191961 -0.195858 -0.073472 0.977876
0.070643 -0.006261 0.192838 -0.295786 0.946030 -0.132433
0.071162 -0.007481 0.191934 -0.290042 -0.115365 0.950035
0.070377 -0.006319 0.192534 0.219446 -0.940334 0.260031
0.074376 -0.008850 0.192167 -0.123624 0.146866 -0.981401
0.078744 -0.009339 0.193392 -0.221699 -0.563652 0.795705
0.070601 -0.006997 0.191942 -0.065668 -0.389177 0.918819
0.074021 -0.009026 0.192245 0.079946 -0.209086 0.974624
0.070481 -0.007174 0.193356 0.467500 -0.377422 -0.799372
0.076067 -0.007612 0.193456 -0.587320 -0.496276 0.639348
0.070409 -0.006727 0.192066 -0.020594 -0.523781 0.851604
0.073933 -0.008347 0.192298 0.153003 -0.126377 0.980112
0.070323 -0.007928 0.191990 -0.482362 -0.294533 -0.824971
0.070198 -0.008105 0.192040 -0.547621 -0.066582 -0.834073
0.070482 -0.007787 0.191948 0.086725 0.046907 0.995127
0.072819 -0.010902 0.192742 -0.094486 -0.232306 0.968042
0.074780 -0.014378 0.192159 0.194486 -0.448721 0.872253
0.075166 -0.013785 0.192111 0.251049 -0.106414 0.962107
0.074919 -0.012312 0.192416 0.060442 -0.407290 0.911297
0.076894 -0.015167 0.191675 0.093626 -0.148802 0.984425
0.079115 -0.017587 0.190592 -0.551624 0.777826 -0.301160
0.077913 -0.014140 0.189854 0.147069 -0.226785 0.962777
0.078096 -0.012547 0.190475 -0.139526 -0.360258 0.922359
0.076272 -0.014925 0.191658 0.019482 -0.116673 0.992979
0.076089 -0.015224 0.191680 -0.218718 -0.120461 0.968324
0.075823 -0.014914 0.191694 -0.307300 -0.164414 0.937302
0.075558 -0.014664 0.191780 0.180837 -0.506266 0.843204
0.074992 -0.008368 0.194189 -0.257340 -0.540741 0.800859
0.075355 -0.015286 0.190975 0.812817 0.022851 0.582071
0.076648 -0.017622 0.190405 0.448405 0.214598 0.867687
0.075400 -0.015690 0.190965 0.904704 -0.018153 0.425653
0.075083 -0.015510 0.191093 0.975681 0.141014 0.167814
0.075368 -0.016144 0.190956 0.926851 -0.069539 0.368934
0.080379 -0.011545 0.191497 0.322066 0.598050 -0.733901
0.080122 -0.011471 0.191587 0.288919 0.661445 -0.692110
0.073440 -0.006610 0.193443 -0.049808 -0.713698 0.698680
0.072431 -0.007303 0.192594 -0.181498 -0.424750 0.886931
0.079858 -0.010106 0.193059 -0.421211 -0.697701 0.579478
0.080346 -0.010450 0.193095 0.746199 0.548325 -0.377528
0.073130 -0.008144 0.192446 -0.027290 -0.232027 0.972326
0.072924 -0.007924 0.192495 -0.050932 -0.243819 0.968482
0.073072 -0.008714 0.192298 -0.089043 -0.270698 0.958537
0.079549 -0.010175 0.192700 -0.308104 -0.737122 0.601435
0.079914 -0.010575 0.192656 -0.451574 -0.660696 0.599635
0.080110 -0.010655 0.192684 -0.483497 -0.660999 0.573856
0.079816 -0.010812 0.192344 -0.405879 -0.724270 0.557401
0.072528 -0.008057 0.192453 -0.160262 -0.264317 0.951027
0.073932 -0.009937 0.191988 0.406798 -0.156739 -0.899971
0.079528 -0.010618 0.192278 -0.343071 -0.703095 0.622864
0.073810 -0.010189 0.191863 0.789694 -0.154417 -0.593750
0.078172 -0.009396 0.193239 -0.213098 -0.490960 0.844717
0.075905 -0.007019 0.193727 -0.475570 -0.698860 0.534254
0.078950 -0.010285 0.192590 -0.007218 -0.778244 0.627921
0.079241 -0.010739 0.192050 -0.219063 -0.740775 0.635031
0.078500 -0.010127 0.192837 -0.029954 -0.677395 0.735010
0.079603 -0.010940 0.192026 -0.307148 -0.735817 0.603517
0.075974 -0.007536 0.193442 -0.573723 -0.517010 0.635250
0.073783 -0.010990 0.191586 0.830894 -0.110157 -0.545418
0.078960 -0.010537 0.192294 -0.031129 -0.770850 0.636256
0.073547 -0.011235 0.191655 0.956938 0.013466 -0.289979
0.073157 -0.010867 0.191742 0.802983 -0.101235 -0.587341
0.079991 -0.012313 0.191081 0.224972 0.425939 -0.876335
0.079781 -0.011841 0.191291 0.196393 0.517234 -0.833006
0.079984 -0.008427 0.194262 -0.020533 0.702397 -0.711489
0.080398 -0.011814 0.191340 0.166662 0.519313 -0.838175
0.073213 -0.011784 0.191685 0.042146 0.227343 -0.972902
0.075593 -0.015442 0.190851 0.794983 0.043255 0.605088
0.073354 -0.012479 0.191574 0.291889 -0.014262 0.956346
0.076417 -0.006632 0.194882 -0.408450 -0.655073 0.635648
0.074715 -0.014943 0.191182 0.600515 0.675003 0.428664
0.080377 -0.012108 0.191223 0.151017 0.457263 -0.876415
0.075790 -0.006264 0.194835 -0.468314 -0.587195 0.660215
0.076319 -0.012927 0.192177 -0.107373 -0.321096 0.940940
0.074846 -0.015284 0.191212 0.722389 0.293236 0.626232
0.075470 -0.016382 0.190769 0.806618 -0.233547 0.542977
0.075593 -0.012836 0.192021 0.026239 -0.283976 0.958472
0.075118 -0.016014 0.191096 0.949142 -0.075398 0.305688
0.079622 -0.010399 0.192513 -0.372634 -0.690742 0.619693
0.074336 -0.014739 0.191372 0.488802 0.871122 0.047113
0.078643 -0.016986 0.190827 0.198594 -0.237774 0.950802
0.075165 -0.016500 0.190936 0.850312 -0.242837 0.466904
0.079939 -0.011137 0.191904 -0.319073 -0.713786 0.623460
0.075169 -0.006129 0.194486 -0.429150 -0.507855 0.746936
0.075716 -0.017423 0.190661 0.248447 0.050448 0.967331
0.079282 -0.010376 0.192455 -0.185148 -0.755716 0.628182
0.075202 -0.016896 0.190801 0.754580 -0.187204 0.628939
0.075345 -0.017207 0.190747 -0.680134 0.013742 -0.732959
0.074959 -0.016795 0.191016 0.944651 -0.234035 0.229918
0.075492 -0.017702 0.190721 0.553025 0.055731 0.831299
0.075217 -0.017477 0.190792 0.656221 0.124973 0.744148
0.079379 -0.010939 0.191853 -0.230865 -0.734857 0.637720
0.075371 -0.018145 0.190728 0.774731 0.042439 0.630865
0.075967 -0.014590 0.191715 -0.004781 -0.249962 0.968244
0.073418 -0.010097 0.191925 0.025577 0.079273 0.996525
0.077545 -0.006943 0.195176 0.363455 0.543470 -0.756664
0.073090 -0.011170 0.191731 0.448866 0.391309 -0.803366
0.073374 -0.011361 0.191701 0.789970 0.405273 -0.460111
0.074349 -0.005068 0.194659 0.166126 0.509063 -0.844545
0.075513 -0.015212 0.190896 0.740558 -0.099956 0.664517
0.075297 -0.014982 0.190943 0.777448 -0.016364 0.628734
0.074545 -0.014640 0.191141 0.535770 0.695646 0.478568
0.075012 -0.015101 0.191049 0.715874 0.008059 0.698183
0.080392 -0.012398 0.191146 0.494077 0.315590 -0.810118
0.076426 -0.017880 0.190515 0.885284 -0.324050 0.333561
0.075483 -0.017032 0.190682 0.515186 -0.005820 0.857059
0.076293 -0.018328 0.190490 0.225777 -0.137105 0.964483
0.072678 -0.011136 0.191685 -0.111002 -0.341337 0.933364
0.073132 -0.011581 0.191708 -0.233299 -0.508612 0.828786
0.075829 -0.018324 0.190573 0.492986 0.098799 0.864410
0.073286 -0.012109 0.191627 -0.069042 0.042241 0.996719
0.079762 -0.010269 0.192709 -0.450408 -0.688191 0.568793
0.072648 -0.011617 0.191682 0.047465 0.041893 0.997994
0.072645 -0.010782 0.191731 0.333576 0.160939 -0.928884
0.072279 -0.010364 0.191763 -0.055318 0.022962 -0.998205
0.079090 -0.009710 0.193257 -0.189277 -0.625141 0.757214
0.079415 -0.010015 0.192949 -0.241231 -0.742682 0.624685
0.078905 -0.010653 0.192131 -0.049852 -0.779183 0.624811
0.073437 -0.013028 0.191552 0.487077 0.035373 0.872643
0.075978 -0.019625 0.190187 0.078474 -0.208910 -0.974781
0.079910 -0.011425 0.191616 0.284761 0.660745 -0.694498
0.080087 -0.011879 0.191297 0.174084 0.513605 -0.840181
0.079042 -0.010834 0.191870 -0.162104 -0.763723 0.624860
0.074139 -0.014372 0.191252 0.521975 0.713182 0.467882
0.079678 -0.011667 0.191368 0.180558 0.553513 -0.813032
0.075387 -0.014059 0.190850 0.750346 -0.532562 0.391611
0.072135 -0.010646 0.191688 -0.172673 -0.221927 0.959652
0.079720 -0.010097 0.192888 -0.393228 -0.727716 0.561962
0.074041 -0.013328 0.191202 0.419134 0.110461 0.901180
0.075799 -0.019259 0.190324 0.396575 -0.318470 0.860991
0.073402 -0.013361 0.191583 0.362791 0.145362 0.920463
0.078426 -0.010636 0.192168 0.026768 -0.809046 0.587135
0.072281 -0.011151 0.191636 -0.058958 -0.093904 0.993834
0.074891 -0.017503 0.190959 0.915485 0.078165 0.394687
0.074982 -0.017723 0.190926 0.889432 0.154028 0.430333
0.073751 -0.013197 0.191349 0.368923 0.142856 0.918416
0.072683 -0.013534 0.191857 0.558995 0.242374 0.792956
0.074972 -0.017169 0.190925 0.840879 -0.107530 0.530433
0.074864 -0.016944 0.191238 0.970256 -0.237001 0.049336
0.073063 -0.013349 0.191717 0.627510 0.213795 0.748681
0.073192 -0.013798 0.191704 -0.606742 -0.249723 -0.754654
0.075142 -0.018952 0.190792 0.958977 -0.022142 0.282618
0.073057 -0.012378 0.191696 0.252808 0.051517 0.966144
0.075491 -0.016664 0.190667 0.676785 -0.059118 0.733803
0.072466 -0.013176 0.191961 0.536528 0.362649 0.761986
0.072289 -0.011923 0.191660 0.068533 0.205491 0.976257
0.079250 -0.010979 0.191761 0.224553 0.718608 -0.658162
0.072370 -0.012796 0.191969 0.316792 0.655985 0.685075
0.079767 -0.012806 0.192506 -0.083102 -0.650451 0.754989
0.080036 -0.012543 0.192872 0.104262 0.613308 -0.782932
0.080129 -0.012340 0.193061 0.135311 0.608552 -0.781892
0.079589 -0.012663 0.192598 -0.073747 -0.629350 0.773615
0.079802 -0.011944 0.193257 0.178975 0.563013 -0.806836
0.079623 -0.011575 0.193467 -0.303325 -0.656517 0.690637
0.079352 -0.011272 0.193606 -0.420183 -0.665064 0.617363
0.078869 -0.010920 0.191750 0.133706 0.753428 -0.643793
0.079401 -0.012128 0.193082 -0.132945 -0.530514 0.837186
0.079492 -0.011784 0.193250 -0.198591 -0.539319 0.818350
0.079177 -0.011721 0.193211 -0.247309 -0.454313 0.855826
0.077098 -0.019400 0.190886 -0.439777 0.885587 0.149438
0.075707 -0.020652 0.191178 0.789487 -0.404508 -0.461610
0.076885 -0.019143 0.190916 -0.629119 0.670641 -0.393001
0.075562 -0.020127 0.191261 -0.662065 0.133635 0.737435
0.075506 -0.019822 0.191245 -0.451039 0.058921 0.890557
0.072142 -0.013577 0.192512 0.509410 0.502814 -0.698341
0.071918 -0.013347 0.192590 0.625064 0.363539 -0.690749
0.075443 -0.019442 0.191195 0.490118 0.059802 -0.869602
0.075721 -0.019245 0.191258 -0.182182 -0.168981 0.968636
0.071754 -0.013018 0.192555 0.712207 0.489635 -0.503010
0.075410 -0.018956 0.191286 0.533386 0.216373 -0.817730
0.075729 -0.018877 0.191315 -0.138719 0.049831 0.989077
0.071731 -0.012793 0.192321 0.749211 0.513332 0.418538
0.075667 -0.018705 0.191380 -0.074600 -0.233755 0.969429
0.075194 -0.018484 0.191420 0.607067 0.288155 -0.740565
0.071552 -0.012523 0.192295 0.795518 0.566624 0.214682
0.071545 -0.012581 0.192553 0.865433 0.430958 -0.255541
0.075059 -0.018107 0.191467 0.701987 0.237390 -0.671462
0.071339 -0.012266 0.192430 0.605389 0.742576 -0.286506
0.079068 -0.012543 0.192810 -0.042632 -0.596051 0.801814
0.075004 -0.017737 0.191478 0.803775 0.172310 -0.569434
0.071089 -0.011995 0.192432 0.582386 0.710444 -0.395089
0.078942 -0.012430 0.192900 -0.094294 -0.526143 0.845152
0.075012 -0.017337 0.191507 0.769450 -0.041772 -0.637340
0.079834 -0.012278 0.193065 -0.127024 -0.576127 0.807430
0.080171 -0.012199 0.193165 0.182608 0.573388 -0.798674
0.070512 -0.010016 0.192717 -0.494579 -0.354834 0.793401
0.078948 -0.012028 0.193105 -0.188245 -0.439015 0.878539
0.075023 -0.016957 0.191502 0.871916 -0.104342 -0.478410
0.075038 -0.016620 0.191477 0.814803 -0.217885 -0.537236
0.075101 -0.016252 0.191533 0.850288 -0.119839 -0.512492
0.070349 -0.011131 0.192510 0.859325 0.210524 -0.466089
0.075190 -0.015871 0.191596 0.801090 0.136606 -0.582747
0.075356 -0.015497 0.191668 -0.552914 -0.068268 0.830437
0.077442 -0.019186 0.190811 -0.550236 0.748181 0.370764
0.075168 -0.015030 0.191722 -0.368560 -0.530241 0.763550
0.074807 -0.014855 0.191809 0.018338 -0.722198 0.691443
0.076233 -0.019208 0.191169 -0.282972 -0.272402 -0.919632
0.075129 -0.014644 0.191900 -0.086320 -0.566077 0.819820
0.077189 -0.018967 0.190900 -0.348710 0.586699 0.730880
0.069301 -0.007912 0.192870 -0.326468 0.006239 0.945187
0.074670 -0.014631 0.192045 0.019171 -0.688553 0.724933
0.076784 -0.018862 0.191040 0.107962 0.133902 0.985096
0.075446 -0.014401 0.191889 0.199057 -0.296127 0.934176
0.077607 -0.018661 0.190816 -0.247892 0.248343 -0.936416
0.069094 -0.008222 0.192736 0.106724 0.086420 -0.990526
0.076341 -0.018810 0.191190 -0.343752 -0.222149 -0.912406
0.075102 -0.014324 0.192027 0.163141 -0.360807 0.918261
0.068929 -0.008314 0.192606 0.008380 0.084309 -0.996404
0.069971 -0.007582 0.193099 0.806447 -0.226265 -0.546303
0.069556 -0.007649 0.192982 0.473226 -0.136194 -0.870349
0.074638 -0.014286 0.192226 0.159136 -0.409940 0.898123
0.077141 -0.018558 0.190977 -0.261247 -0.022947 -0.964999
0.075939 -0.018635 0.191333 -0.096911 0.144483 -0.984750
0.074234 -0.014342 0.192325 -0.238676 0.457067 -0.856810
0.076306 -0.018431 0.191250 0.433166 0.155295 0.887835
0.074507 -0.014023 0.192233 0.220890 -0.271474 0.936755
0.077099 -0.018113 0.191008 0.132395 -0.277098 0.951676
0.076692 -0.018130 0.191162 0.078924 -0.198642 0.976889
0.075539 -0.014624 0.190822 0.623672 -0.208652 0.753324
0.076227 -0.018040 0.191324 -0.235791 0.008556 -0.971766
0.075407 -0.018188 0.191515 0.302832 0.168770 -0.937982
0.075858 -0.018207 0.191399 0.305241 0.085043 0.948470
0.074893 -0.013625 0.192127 0.240041 -0.073735 0.967959
0.074496 -0.013597 0.192247 0.243640 -0.090436 0.965640
0.077485 -0.017765 0.190945 0.058134 -0.229037 0.971680
0.076604 -0.017734 0.191223 -0.155043 0.442894 -0.883067
0.077043 -0.017711 0.191077 0.195071 -0.352972 0.915073
0.075737 -0.017865 0.191476 0.257369 -0.170098 0.951225
0.076168 -0.017644 0.191371 -0.273475 0.392477 -0.878165
0.074785 -0.013174 0.192171 0.222313 -0.118322 0.967769
0.074343 -0.013194 0.192298 0.208189 -0.118779 0.970850
0.077387 -0.017306 0.191038 0.137570 -0.250992 0.958164
0.075763 -0.017482 0.191507 -0.168160 0.137798 -0.976081
0.075336 -0.017486 0.191569 -0.377553 0.023731 0.925684
0.076503 -0.017319 0.191266 0.341992 -0.530594 0.775571
0.076954 -0.017281 0.191134 -0.129260 0.491378 -0.861301
0.074502 -0.012837 0.192302 0.243508 -0.199894 0.949077
0.076050 -0.017199 0.191411 0.031552 -0.463142 0.885722
0.075648 -0.017123 0.191560 -0.090347 -0.159560 0.983045
0.076710 -0.016987 0.191229 0.040395 -0.499033 0.865641
0.075302 -0.012279 0.192422 0.005686 -0.461668 0.887035
0.077492 -0.016820 0.191112 0.183265 -0.260501 0.947920
0.075283 -0.017072 0.191605 0.511451 -0.066983 -0.856698
0.074991 -0.012440 0.192297 0.077652 -0.396350 0.914810
0.074374 -0.012410 0.192420 0.142121 -0.258306 0.955552
0.076013 -0.016791 0.191449 0.000627 -0.327091 0.944992
0.076460 -0.016752 0.191325 0.137165 -0.310157 0.940738
0.075634 -0.016702 0.191594 -0.178990 -0.009098 0.983809
0.075360 -0.011820 0.192663 -0.053656 -0.420319 0.905788
0.075008 -0.011671 0.192701 -0.091503 -0.391661 0.915549
0.075296 -0.016573 0.191628 0.706364 -0.111797 -0.698964
0.074617 -0.012023 0.192544 -0.000712 -0.304046 0.952657
0.076411 -0.016408 0.191439 0.141401 -0.229826 0.962905
0.074966 -0.011353 0.192817 -0.093289 -0.389965 0.916092
0.074259 -0.011929 0.192570 0.048406 -0.281391 0.958371
0.075975 -0.016346 0.191529 -0.026067 -0.063387 0.997649
0.074472 -0.011570 0.192680 -0.043158 -0.346183 0.937174
0.074692 -0.011069 0.192950 -0.090623 -0.354832 0.930528
0.075106 -0.011076 0.193003 -0.092340 -0.392046 0.915300
0.074270 -0.011234 0.192870 -0.095723 -0.331722 0.938508
0.076359 -0.016039 0.191551 0.156535 -0.210543 0.964971
0.075389 -0.016140 0.191691 0.520122 -0.064280 -0.851669
0.075947 -0.020271 0.191185 0.567553 -0.333014 -0.752984
0.073573 -0.011907 0.192632 -0.039333 -0.220057 0.974694
0.073918 -0.011707 0.192618 0.017059 -0.240082 0.970603
0.079980 -0.011672 0.193492 -0.258475 -0.674687 0.691367
0.074333 -0.012975 0.191102 0.199350 0.029763 0.979476
0.075962 -0.015933 0.191666 -0.100269 -0.182374 0.978103
0.073988 -0.011378 0.192767 -0.055740 -0.305174 0.950664
0.074935 -0.010729 0.193104 -0.113979 -0.375826 0.919654
0.074071 -0.012993 0.191190 0.298998 0.025810 0.953905
0.073495 -0.011482 0.192670 -0.061084 -0.223300 0.972834
0.074103 -0.010771 0.193000 -0.104627 -0.328919 0.938544
0.073924 -0.011103 0.192880 -0.102445 -0.319355 0.942082
0.074455 -0.010643 0.193067 -0.117023 -0.345721 0.931011
0.075843 -0.019751 0.191239 0.139771 -0.024461 -0.989882
0.074908 -0.010261 0.193226 -0.134614 -0.423039 0.896056
0.075710 -0.015344 0.191729 -0.349644 -0.096668 0.931882
0.076213 -0.019613 0.191173 -0.413289 0.417100 -0.809456
0.073883 -0.012669 0.191275 -0.402309 0.029026 -0.915044
0.073748 -0.010538 0.192941 -0.149683 -0.317997 0.936201
0.074159 -0.010448 0.193089 -0.111060 -0.361231 0.925839
0.075991 -0.019421 0.191228 -0.168921 0.010588 -0.985573
0.074514 -0.010192 0.193237 -0.142130 -0.422191 0.895295
0.075530 -0.015083 0.191736 -0.256346 -0.318642 0.912554
0.073277 -0.010700 0.192844 -0.139436 -0.273299 0.951770
0.076607 -0.019271 0.191060 -0.469877 0.639062 -0.608946
0.073433 -0.010330 0.193048 -0.165805 -0.310873 0.935878
0.075994 -0.019032 0.191254 0.144957 0.163229 0.975881
0.073700 -0.012207 0.191393 -0.368248 0.107444 -0.923498
0.077956 -0.018416 0.190723 -0.356820 0.522202 -0.774587
0.075783 -0.014246 0.191853 0.171173 -0.230182 0.957975
0.078624 -0.018139 0.190560 -0.596184 0.802568 -0.021186
0.075344 -0.013998 0.192047 0.205941 -0.169707 0.963736
0.077899 -0.018040 0.190788 -0.457250 0.537879 -0.708243
0.075811 -0.013847 0.191981 0.123141 -0.195447 0.972953
0.077094 -0.013430 0.192081 -0.107477 -0.354513 0.928854
0.077445 -0.013226 0.192218 -0.065627 -0.407133 0.911008
0.078983 -0.017934 0.190546 -0.603134 0.783952 -0.147132
0.074922 -0.014041 0.192142 0.235004 -0.171928 0.956668
0.076645 -0.013682 0.191895 -0.054048 -0.300867 0.952133
0.078540 -0.017831 0.190636 -0.590049 0.749446 -0.300288
0.079328 -0.017545 0.190561 0.727993 -0.662849 0.175092
0.078756 -0.017581 0.190658 -0.520549 0.661076 -0.540377
0.075876 -0.013321 0.192094 0.022810 -0.231423 0.972586
0.077119 -0.013003 0.192319 -0.147708 -0.360275 0.921078
0.076314 -0.013250 0.192131 -0.056935 -0.288324 0.955839
0.077921 -0.017582 0.190869 0.215548 -0.253005 0.943148
0.075419 -0.013541 0.192069 0.160843 -0.118803 0.979804
0.079127 -0.017314 0.190651 -0.313094 0.492685 -0.811932
0.078362 -0.017400 0.190799 0.220424 -0.206919 0.953204
0.076976 -0.012581 0.192475 -0.176724 -0.394765 0.901626
0.076933 -0.012257 0.192660 -0.143705 -0.386407 0.911065
0.077727 -0.017338 0.190963 0.143230 -0.180925 0.973012
0.075900 -0.012739 0.192232 -0.028272 -0.392938 0.919130
0.079551 -0.017104 0.190613 -0.398097 0.501179 -0.768335
0.076641 -0.012254 0.192512 -0.138465 -0.418024 0.897821
0.076123 -0.012659 0.192240 -0.065791 -0.378541 0.923243
0.078093 -0.017097 0.190925 0.215255 -0.222546 0.950862
0.076310 -0.012181 0.192556 -0.032962 -0.454726 0.890021
0.077005 -0.011861 0.192778 -0.152361 -0.400213 0.903668
0.078467 -0.016879 0.190902 0.199049 -0.239523 0.950268
0.076340 -0.012032 0.192639 -0.022666 -0.454500 0.890458
0.077888 -0.016819 0.191045 0.215372 -0.233662 0.948165
0.079768 -0.016621 0.190695 -0.204434 0.274678 -0.939553
0.075735 -0.012486 0.192333 -0.031162 -0.462164 0.886247
0.077094 -0.016883 0.191196 0.114267 -0.352668 0.928746
0.079134 -0.016476 0.190858 0.177528 -0.279609 0.943558
0.078293 -0.016502 0.191025 0.203032 -0.258276 0.944495
0.079490 -0.016275 0.190856 0.204617 -0.283793 0.936799
0.074030 -0.012658 0.192474 0.172018 -0.154357 0.972925
0.075665 -0.012134 0.192558 -0.042188 -0.448325 0.892874
0.077630 -0.016524 0.191156 0.213348 -0.253468 0.943524
0.074733 -0.012501 0.192336 0.105491 -0.353065 0.929633
0.076101 -0.011846 0.192685 -0.005464 -0.443538 0.896239
0.074978 -0.012058 0.192557 -0.027953 -0.376986 0.925797
0.076250 -0.011570 0.192767 -0.018207 -0.421400 0.906692
0.076459 -0.011157 0.192955 -0.034790 -0.371301 0.927860
0.075716 -0.011744 0.192723 -0.030170 -0.431467 0.901624
0.079602 -0.016052 0.190924 0.210334 -0.283342 0.935669
0.073971 -0.012220 0.192530 0.104476 -0.178888 0.978307
0.078382 -0.016034 0.191100 0.182391 -0.271181 0.945090
0.075585 -0.011212 0.192986 -0.031262 -0.388770 0.920804
0.074691 -0.011658 0.192710 -0.057974 -0.358619 0.931682
0.076011 -0.011082 0.193034 0.009557 -0.373524 0.927571
0.079708 -0.015352 0.191089 0.198647 -0.293043 0.935235
0.077114 -0.010803 0.193091 0.915560 0.344332 0.207809
0.075471 -0.011040 0.193068 -0.055605 -0.383834 0.921726
0.075442 -0.010322 0.193316 -0.088286 -0.458844 0.884120
0.075657 -0.010016 0.193463 -0.015634 -0.574045 0.818674
0.076241 -0.009659 0.193761 -0.091656 -0.608131 0.788528
0.075229 -0.010001 0.193442 -0.086336 -0.564825 0.820682
0.077777 -0.014905 0.191568 0.165122 -0.292411 0.941929
0.074074 -0.010139 0.193240 -0.132542 -0.405121 0.904605
0.077677 -0.014609 0.191726 0.122649 -0.303874 0.944784
0.075454 -0.009631 0.193801 -0.088387 -0.570502 0.816526
0.074856 -0.009894 0.193422 -0.171210 -0.555725 0.813546
0.076152 -0.014166 0.191766 0.065069 -0.233104 0.970272
0.077605 -0.014237 0.191876 0.016908 -0.326963 0.944886
0.074189 -0.009811 0.193393 -0.190842 -0.461227 0.866516
0.075666 -0.012845 0.192124 -0.023257 -0.342137 0.939362
0.080263 -0.016550 0.190602 0.806077 -0.430481 0.406111
0.078561 -0.012550 0.192784 -0.169862 -0.492748 0.853432
0.076406 -0.011783 0.192670 -0.032354 -0.445604 0.894645
0.080264 -0.016229 0.190693 -0.641940 0.384542 -0.663356
0.078140 -0.012390 0.192722 -0.155946 -0.425682 0.891333
0.075422 -0.011457 0.192791 -0.064537 -0.405370 0.911872
0.078634 -0.012295 0.192957 -0.172453 -0.471483 0.864849
0.075281 -0.011241 0.192929 -0.101827 -0.387456 0.916247
0.078463 -0.012017 0.193003 -0.191111 -0.418699 0.887788
0.075864 -0.010743 0.193137 0.019076 -0.406567 0.913422
0.080346 -0.015268 0.190977 -0.178564 0.324190 -0.928986
0.080166 -0.015464 0.190928 -0.206774 0.295028 -0.932847
0.073556 -0.007108 0.192683 0.144051 -0.817361 0.557826
0.076635 -0.012285 0.192287 -0.130421 -0.408974 0.903178
0.079733 -0.016101 0.190876 0.215151 -0.277790 0.936238
0.077415 -0.018901 0.190847 0.032260 -0.379009 -0.924831
0.073468 -0.009314 0.193480 -0.217710 -0.410233 0.885614
0.072300 -0.008933 0.193288 -0.258446 -0.483935 -0.836070
0.075972 -0.009909 0.193567 -0.014443 -0.585692 0.810405
0.079947 -0.015076 0.191068 0.165829 -0.322238 0.932021
0.075653 -0.009863 0.193607 -0.030150 -0.594008 0.803894
0.075153 -0.010420 0.193266 -0.116288 -0.409148 0.905028
0.079108 -0.011477 0.193315 -0.358177 -0.510589 0.781670
0.079944 -0.014743 0.191253 0.130200 -0.368096 0.920627
0.078793 -0.010904 0.193518 -0.430962 -0.583515 0.688318
0.074486 -0.009811 0.193468 -0.216370 -0.494724 0.841684
0.073799 -0.010322 0.193075 -0.156073 -0.324430 0.932945
0.075006 -0.009644 0.193692 -0.171982 -0.565246 0.806796
0.079923 -0.011411 0.193772 -0.261202 -0.706427 0.657825
0.078581 -0.010844 0.193460 -0.378512 -0.488296 0.786318
0.080182 -0.011280 0.193957 0.228477 0.673282 -0.703200
0.078928 -0.013927 0.191709 0.125142 -0.475516 0.870761
0.079168 -0.013779 0.191843 0.057670 -0.566542 0.822012
0.077892 -0.018758 0.190700 -0.623813 0.706284 0.334694
0.080196 -0.010787 0.194436 0.192435 0.582332 -0.789847
0.078465 -0.013400 0.192003 0.047034 -0.516649 0.854905
0.078184 -0.018234 0.190656 -0.587586 0.803981 -0.091416
0.078409 -0.013121 0.192285 -0.011087 -0.576289 0.817171
0.078200 -0.013038 0.192334 0.002762 -0.532420 0.846476
0.078140 -0.012753 0.192517 -0.098154 -0.495752 0.862900
0.078195 -0.017817 0.190726 -0.362397 0.478140 -0.800032
0.078255 -0.012592 0.192628 -0.154377 -0.468549 0.869845
0.078815 -0.017247 0.190712 0.185824 -0.307061 0.933372
0.077279 -0.016305 0.191343 0.198952 -0.257761 0.945504
0.075507 -0.011985 0.192632 -0.037950 -0.417612 0.907833
0.076295 -0.017022 0.191311 0.310760 0.234466 -0.921116
0.076007 -0.012132 0.192555 0.016889 -0.458822 0.888367
0.077182 -0.011991 0.190636 -0.014563 -0.269518 0.962885
0.075512 -0.011857 0.192701 -0.045203 -0.434517 0.899529
0.077477 -0.015606 0.191484 0.194232 -0.237177 0.951851
0.077356 -0.011579 0.190699 -0.040018 -0.326719 0.944274
0.077275 -0.011272 0.190765 -0.095445 -0.445397 0.890231
0.077165 -0.010992 0.190850 -0.106468 -0.604768 0.789253
0.074603 -0.011303 0.192791 -0.067692 -0.363945 0.928957
0.076913 -0.010528 0.193281 0.379219 0.547657 -0.745832
0.075309 -0.011126 0.193034 -0.108738 -0.377825 0.919470
0.074659 -0.010828 0.193002 -0.118955 -0.349912 0.929199
0.075299 -0.010714 0.193143 -0.105396 -0.383005 0.917714
0.074742 -0.010479 0.193081 -0.134744 -0.377078 0.916328
0.080332 -0.014962 0.191100 -0.106172 0.349445 -0.930922
0.080318 -0.014210 0.191691 0.082915 0.530875 -0.843384
0.074751 -0.010242 0.193108 -0.138449 -0.416439 0.898560
0.080316 -0.014557 0.191411 0.032624 0.454529 -0.890134
0.079739 -0.014407 0.191346 0.057575 -0.440345 0.895981
0.077941 -0.014018 0.191901 0.117796 -0.361874 0.924755
0.079338 -0.014385 0.191402 0.168689 -0.381905 0.908676
0.079976 -0.013925 0.191657 -0.046613 -0.566265 0.822904
0.074881 -0.009464 0.193822 -0.203170 -0.516833 0.831628
0.079752 -0.013729 0.191818 -0.048832 -0.618970 0.783895
0.079895 -0.013467 0.191979 -0.080177 -0.630351 0.772159
0.077239 -0.012697 0.192521 -0.164724 -0.382263 0.909253
0.079665 -0.013330 0.192122 -0.075749 -0.602579 0.794456
0.079510 -0.012985 0.192332 -0.075270 -0.632500 0.770894
0.079740 -0.013048 0.192290 -0.069400 -0.630584 0.773012
0.079383 -0.012710 0.192560 -0.052412 -0.650971 0.757291
0.077674 -0.016181 0.191282 0.213435 -0.250531 0.944288
0.077527 -0.011763 0.190663 -0.071892 -0.296594 0.952294
0.077922 -0.011924 0.192763 -0.191472 -0.422522 0.885897
0.076813 -0.016596 0.191322 0.200317 -0.261519 0.944183
0.079683 -0.008714 0.195810 0.256257 0.206354 0.944325
0.077798 -0.012135 0.190552 -0.071595 -0.318789 0.945118
0.076799 -0.016289 0.191429 0.168716 -0.238464 0.956384
0.077857 -0.015403 0.191413 0.191559 -0.256911 0.947260
0.077106 -0.013873 0.191942 -0.053767 -0.310060 0.949195
0.077978 -0.014627 0.191651 0.162049 -0.312617 0.935954
0.077473 -0.014016 0.191945 0.006259 -0.314062 0.949382
0.078716 -0.015151 0.191332 0.163232 -0.278836 0.946364
0.077662 -0.013641 0.192063 0.006335 -0.394493 0.918877
0.074969 -0.016422 0.191247 0.968796 -0.247382 0.015415
0.078037 -0.013432 0.192106 0.061559 -0.448379 0.891721
0.077807 -0.014335 0.191801 0.100875 -0.325876 0.940016
0.080078 -0.014452 0.191289 0.017486 0.454509 -0.890571
0.080261 -0.013889 0.191892 0.080983 0.585911 -0.806319
0.080207 -0.014044 0.191762 0.070217 0.568636 -0.819587
0.080005 -0.014152 0.191415 0.013005 0.497120 -0.867584
0.080073 -0.013433 0.192135 0.107849 0.628325 -0.770439
0.080122 -0.013146 0.192427 0.132646 0.619645 -0.773592
0.079826 -0.013863 0.191429 0.063362 -0.494737 0.866730
0.077441 -0.012143 0.190571 -0.026710 -0.280510 0.959479
0.077857 -0.011800 0.190675 -0.140146 -0.328036 0.934212
0.078005 -0.012216 0.190551 -0.121960 -0.332126 0.935317
0.078878 -0.016996 0.190783 0.196979 -0.238407 0.950979
0.076852 -0.011191 0.190768 0.010487 -0.442207 0.896852
0.078258 -0.012264 0.190596 -0.169906 -0.335974 0.926420
0.079737 -0.011257 0.194063 -0.323238 -0.688219 0.649516
0.078922 -0.016746 0.190848 0.181414 -0.263218 0.947526
0.080102 -0.011166 0.194230 0.183356 0.634295 -0.751033
0.079177 -0.011579 0.193292 -0.333913 -0.506266 0.795108
0.079568 -0.011344 0.193786 -0.326697 -0.697521 0.637757
0.079036 -0.016224 0.190980 0.174695 -0.286622 0.941982
0.079720 -0.010922 0.194310 -0.227239 -0.599986 0.767059
0.077693 -0.011047 0.190995 -0.264985 -0.646208 0.715680
0.072504 -0.014337 0.192122 0.703836 0.649763 0.287094
0.080115 -0.016815 0.190575 0.734806 -0.539805 0.410695
0.079245 -0.010703 0.194210 -0.470449 -0.549134 0.690746
0.079185 -0.010875 0.193954 -0.531306 -0.617379 0.580135
0.078041 -0.016137 0.191178 0.198230 -0.254191 0.946621
0.079527 -0.010464 0.194413 -0.297020 -0.478382 0.826395
0.077438 -0.010689 0.191315 -0.253250 -0.860686 0.441683
0.079200 -0.010380 0.194373 -0.440901 -0.507002 0.740645
0.077754 -0.015825 0.191368 0.200455 -0.245247 0.948510
0.078487 -0.010480 0.193732 -0.348729 -0.580311 0.735953
0.079830 -0.010223 0.194600 -0.313450 -0.532500 0.786252
0.071912 -0.013471 0.192466 0.826696 0.514069 -0.228704
0.080247 -0.015911 0.190826 -0.217155 0.280746 -0.934893
0.078165 -0.015615 0.191307 0.182078 -0.267843 0.946102
0.078895 -0.010254 0.194262 -0.505365 -0.523007 0.686346
0.078615 -0.015455 0.191286 0.158109 -0.280403 0.946771
0.078511 -0.014585 0.191564 0.174496 -0.322720 0.930270
0.078163 -0.010127 0.193803 0.851927 -0.198713 -0.484493
0.079227 -0.015383 0.191197 0.194463 -0.272755 0.942225
0.078335 -0.010034 0.193942 -0.615867 -0.490242 0.616741
0.078273 -0.015204 0.191386 0.162499 -0.285740 0.944429
0.079186 -0.009862 0.194682 -0.367125 -0.526147 0.767065
0.079498 -0.015143 0.191217 0.190699 -0.285880 0.939099
0.079373 -0.009437 0.195034 -0.375912 -0.574616 0.726984
0.078695 -0.009307 0.194854 -0.437565 -0.558681 0.704565
0.079038 -0.009230 0.195046 -0.420680 -0.564956 0.709826
0.078360 -0.009415 0.194433 -0.481428 -0.539390 0.690859
0.079520 -0.008874 0.195590 -0.336652 -0.463805 0.819482
0.078309 -0.014826 0.191482 0.156591 -0.308460 0.938260
0.078938 -0.014709 0.191443 0.175860 -0.316680 0.932087
0.079402 -0.014747 0.191354 0.176971 -0.305642 0.935556
0.079054 -0.008856 0.195405 -0.389750 -0.610358 0.689607
0.078149 -0.009296 0.194321 0.800509 -0.578066 -0.158194
0.079104 -0.008608 0.195653 0.397693 0.559821 -0.726940
0.078596 -0.008984 0.195001 -0.462466 -0.570697 0.678550
0.078658 -0.008735 0.195255 -0.387263 -0.619297 0.683006
0.078090 -0.008956 0.194804 -0.582880 -0.409321 0.701931
0.079753 -0.013917 0.191657 -0.017143 -0.546812 0.837080
0.078896 -0.014350 0.191533 0.177411 -0.374159 0.910236
0.077712 -0.009101 0.194552 -0.385774 -0.406675 0.828127
0.079224 -0.014077 0.191597 0.122725 -0.466582 0.875922
0.078930 -0.008235 0.195859 -0.144979 0.532299 0.834050
0.078551 -0.008440 0.195525 -0.591702 0.172835 0.787412
0.078004 -0.008690 0.194989 -0.535435 -0.036259 0.843798
0.079245 -0.013601 0.192000 0.017513 -0.600870 0.799155
0.077139 -0.008797 0.194745 -0.132490 0.859459 -0.493737
0.079417 -0.013734 0.191866 -0.003306 -0.578588 0.815613
0.078182 -0.008484 0.195202 0.869893 -0.084633 -0.485926
0.078579 -0.008250 0.195809 -0.394106 0.278114 0.875976
0.077734 -0.012490 0.190439 -0.051284 -0.312591 0.948502
0.079155 -0.013200 0.192223 -0.013073 -0.606847 0.794711
0.079035 -0.013452 0.192039 0.025019 -0.580166 0.814114
0.078819 -0.013192 0.192181 -0.006114 -0.599074 0.800670
0.079194 -0.012580 0.192751 -0.039846 -0.602912 0.796812
0.078662 -0.011664 0.193173 -0.201077 -0.385280 0.900626
0.079705 -0.011493 0.193650 -0.269330 -0.705850 0.655162
0.080252 -0.012299 0.193105 0.129072 0.597799 -0.791187
0.076946 -0.010634 0.191260 -0.162315 -0.849553 0.501910
0.078260 -0.011904 0.192885 -0.208192 -0.409131 0.888408
0.079456 -0.011072 0.194116 -0.389343 -0.662361 0.640071
0.078920 -0.010864 0.193679 -0.487196 -0.630869 0.603858
0.079401 -0.010050 0.194603 -0.311197 -0.539933 0.782067
0.078698 -0.010011 0.194317 -0.511111 -0.509745 0.692045
0.079373 -0.009245 0.195275 -0.389724 -0.582921 0.712964
0.080125 -0.010160 0.194704 0.454768 -0.698937 0.551972
0.079996 -0.016452 0.189419 0.706092 -0.445279 -0.550600
0.079435 -0.008671 0.195713 -0.111945 -0.057696 0.992038
0.071349 -0.008587 0.191942 -0.277763 -0.210033 0.937408
0.075538 -0.018561 0.191428 -0.152275 -0.362832 0.919329
0.075179 -0.017308 0.191592 -0.559577 0.108715 0.821617
0.077643 -0.011429 0.190759 -0.158949 -0.411793 0.897308
0.077236 -0.016643 0.191228 0.202850 -0.235378 0.950500
0.079213 -0.015906 0.191062 0.181872 -0.287127 0.940468
0.075115 -0.020409 0.191060 0.976510 -0.047858 -0.210089
0.079590 -0.015591 0.191071 0.217001 -0.280073 0.935131
0.075530 -0.015767 0.191727 -0.392111 -0.008182 0.919882
0.078624 -0.014976 0.191411 0.164673 -0.291811 0.942194
0.079962 -0.015395 0.191013 0.207540 -0.295340 0.932578
0.080128 -0.015173 0.191027 -0.198183 0.289625 -0.936398
0.079665 -0.014629 0.191334 0.117095 -0.360766 0.925277
0.075181 -0.018055 0.191571 0.602602 0.204539 -0.771385
0.078534 -0.013999 0.191768 0.144160 -0.404794 0.902973
0.077829 -0.013207 0.192217 0.020639 -0.453558 0.890988
0.077595 -0.012705 0.192524 -0.131075 -0.395516 0.909058
0.077802 -0.012841 0.192436 -0.064704 -0.445677 0.892852
0.076691 -0.012010 0.192689 -0.132489 -0.399161 0.907258
0.073698 -0.010783 0.192893 -0.119547 -0.324411 0.938331
0.075886 -0.011316 0.192905 -0.019754 -0.390130 0.920548
0.074479 -0.011159 0.192699 -0.074455 -0.346647 0.935036
0.079385 -0.011191 0.193890 -0.418159 -0.688310 0.592766
0.076964 -0.010414 0.193404 -0.333758 -0.552613 0.763692
0.077270 -0.014952 0.191638 0.108279 -0.248214 0.962635
0.075874 -0.009558 0.193859 -0.036157 -0.583432 0.811357
0.071292 -0.008771 0.193092 0.121088 0.120194 0.985338
0.074806 -0.009033 0.193999 -0.213117 -0.442688 0.870981
0.078791 -0.009143 0.195015 -0.415184 -0.582680 0.698646
0.078032 -0.009193 0.194496 -0.607883 -0.355824 0.709836
0.080160 -0.009023 0.195887 -0.572585 0.008267 -0.819804
0.074572 -0.008778 0.194031 -0.250532 -0.468763 0.847051
0.078354 -0.008469 0.195357 0.799205 -0.124651 -0.587991
0.077782 -0.008524 0.195261 -0.015196 0.617499 0.786425
0.079654 -0.014012 0.191533 -0.004892 -0.540156 0.841551
0.078719 -0.013627 0.191882 0.077402 -0.495326 0.865252
0.080045 -0.013645 0.191896 -0.066861 -0.624461 0.778189
0.074334 -0.010979 0.192977 -0.096693 -0.327568 0.939867
0.075149 -0.011393 0.192730 -0.092228 -0.388205 0.916946
0.077866 -0.011689 0.192972 -0.129802 -0.487540 0.863398
0.079066 -0.010617 0.194184 -0.510412 -0.549931 0.661102
0.078349 -0.009254 0.194663 -0.422093 -0.577907 0.698471
0.079233 -0.008497 0.195846 -0.184238 0.129141 0.974361
0.077571 -0.017066 0.189889 0.402393 0.027320 0.915059
0.076927 -0.016888 0.190185 -0.044115 -0.462224 -0.885665
0.076674 -0.016625 0.190227 0.379692 0.243345 0.892534
0.077208 -0.016611 0.190045 0.428985 0.186604 0.883828
0.077672 -0.016640 0.189910 0.431465 0.027976 0.901696
0.076923 -0.016175 0.190117 0.315666 0.011784 0.948797
0.079233 -0.016975 0.190716 0.195765 -0.257546 0.946227
0.079498 -0.016564 0.189414 -0.347071 0.537105 0.768804
0.079514 -0.016110 0.189415 -0.049872 0.005986 -0.998738
0.075114 -0.018480 0.190873 0.968351 0.118100 0.219882
0.078234 -0.014296 0.191707 0.160925 -0.357434 0.919970
0.076110 -0.017280 0.190520 0.244501 0.377927 0.892967
0.078095 -0.018008 0.189730 0.347299 -0.744851 -0.569720
0.077473 -0.017506 0.189891 0.344377 0.316946 0.883713
0.076992 -0.017343 0.190150 -0.596448 -0.206955 -0.775512
0.078002 -0.017350 0.189733 0.175056 0.416537 0.892106
0.078655 -0.017279 0.189558 -0.233590 0.616784 0.751673
0.078076 -0.016932 0.189766 0.305691 -0.034723 0.951497
0.077634 -0.016190 0.189925 0.357331 0.112321 0.927200
0.076953 -0.015589 0.190115 0.331509 -0.018551 0.943270
0.071101 -0.012155 0.192163 0.622001 0.781017 0.055922
0.070762 -0.011886 0.192005 -0.586355 -0.737207 -0.335728
0.071696 -0.012471 0.192023 -0.589970 -0.590070 -0.551137
0.070246 -0.011039 0.192408 0.875317 0.180962 -0.448411
0.070202 -0.010886 0.192242 0.986258 0.138135 -0.090628
0.071102 -0.010634 0.191643 -0.196332 0.086475 -0.976717
0.070740 -0.010030 0.191736 0.412164 -0.446300 0.794315
0.080011 -0.009757 0.195196 0.356528 0.599098 -0.716916
0.075075 -0.018658 0.191172 0.926615 0.253687 -0.277538
0.075861 -0.015610 0.191735 -0.186073 -0.080549 0.979229
0.076448 -0.015284 0.191676 0.088480 -0.102345 0.990806
0.070695 -0.011529 0.191785 0.577201 0.549777 0.603808
0.070428 -0.011693 0.192110 0.749625 0.646078 0.143683
0.070161 -0.010472 0.191891 0.977354 0.116693 0.176529
0.070159 -0.010172 0.192486 0.904043 0.259617 -0.339567
0.075141 -0.019937 0.190546 0.968967 -0.089574 0.230391
0.075189 -0.019252 0.190553 0.854997 -0.117466 0.505156
0.075238 -0.020350 0.190407 0.990907 -0.130285 0.033601
0.074775 -0.017373 0.191141 0.978166 0.038081 0.204304
0.078107 -0.017698 0.189683 -0.069900 0.687228 0.723071
0.070296 -0.010605 0.191784 0.814194 0.167764 0.555827
0.078434 -0.017715 0.189601 0.342616 -0.697459 -0.629417
0.078340 -0.017296 0.189657 -0.204067 0.716677 0.666882
0.077320 -0.015773 0.190020 0.288310 0.121743 0.949766
0.076937 -0.018186 0.190207 -0.053210 0.438138 0.897331
0.077999 -0.015986 0.189815 0.289110 0.038972 0.956502
0.078841 -0.016681 0.189550 0.076150 -0.494114 -0.866056
0.075870 -0.016619 0.190472 0.383584 0.139879 0.912851
0.077698 -0.015559 0.189887 0.283969 0.003590 0.958827
0.075818 -0.016268 0.190502 0.548741 -0.022212 0.835698
0.079124 -0.016368 0.189478 -0.120862 -0.001078 -0.992669
0.076307 -0.016371 0.190289 0.353974 0.129373 0.926264
0.075668 -0.016952 0.190599 0.406964 -0.050361 0.912055
0.077460 -0.011301 0.193192 -0.251818 -0.497626 0.830034
0.075787 -0.014317 0.190728 0.942292 -0.315384 0.112330
0.077327 -0.016084 0.190033 0.299997 0.082871 0.950334
0.075928 -0.013835 0.190679 0.868509 -0.493085 0.050589
0.078040 -0.015483 0.189768 0.257801 -0.009117 0.966155
0.079007 -0.015896 0.189524 0.134929 -0.059110 0.989091
0.077356 -0.015453 0.189993 0.309264 -0.009917 0.950925
0.076805 -0.019752 0.190975 -0.502316 0.860278 -0.087180
0.075009 -0.014678 0.190990 -0.546854 -0.338875 -0.765581
0.078676 -0.007512 0.195227 0.295334 0.944210 0.145756
0.077823 -0.007826 0.194645 -0.225801 -0.694272 0.683374
0.077569 -0.007738 0.194660 0.397834 0.649901 -0.647577
0.077664 -0.007986 0.194431 -0.305877 -0.681248 0.665087
0.077625 -0.008527 0.193722 -0.277953 -0.694045 0.664111
0.077467 -0.008601 0.193547 -0.324608 -0.665693 0.671925
0.077267 -0.008484 0.193638 -0.358605 -0.683827 0.635439
0.076795 -0.007349 0.194564 -0.602254 -0.605278 0.520509
0.077121 -0.008107 0.194045 -0.501435 -0.606589 0.616938
0.076176 -0.006720 0.194691 -0.384969 -0.731779 0.562404
0.075503 -0.005881 0.194796 0.470640 0.461505 -0.752005
0.076911 -0.008524 0.193397 -0.393957 -0.573591 0.718186
0.076579 -0.008150 0.193380 -0.544024 -0.547043 0.636225
0.076020 -0.007770 0.193199 -0.571646 -0.509530 0.643117
0.076046 -0.007464 0.193593 -0.576159 -0.522487 0.628528
0.076485 -0.008793 0.192993 -0.456251 -0.447244 0.769291
0.074901 -0.005836 0.194514 -0.413535 -0.459714 0.785908
0.075832 -0.007418 0.193393 -0.527162 -0.564884 0.634827
0.074453 -0.006000 0.194198 -0.379317 -0.591702 0.711342
0.076269 -0.008992 0.192802 -0.566101 -0.393856 0.724160
0.074796 -0.006136 0.194366 -0.442106 -0.534430 0.720366
0.076073 -0.008891 0.192545 0.665770 0.365919 -0.650273
0.075931 -0.008833 0.192359 0.729004 0.298287 -0.616099
0.080073 -0.007907 0.195108 0.455431 0.884215 -0.103667
0.080085 -0.008386 0.194470 -0.002467 -0.746567 0.665305
0.075223 -0.007567 0.192509 0.780781 0.612607 -0.122856
0.075737 -0.008234 0.192801 0.746888 0.435838 -0.502199
0.074304 -0.006080 0.194018 -0.340971 -0.653279 0.675992
0.079815 -0.008222 0.194730 -0.045048 -0.767164 0.639867
0.079572 -0.008096 0.194791 -0.123011 -0.694929 0.708479
0.079788 -0.008377 0.194475 -0.001359 -0.762550 0.646928
0.079166 -0.007755 0.195010 0.148483 0.670362 -0.727026
0.079577 -0.008519 0.194318 0.050101 -0.731509 0.679988
0.079304 -0.008341 0.194554 -0.073753 -0.694408 0.715792
0.079052 -0.008203 0.194630 -0.141715 -0.664835 0.733424
0.074495 -0.005822 0.194322 -0.360200 -0.513034 0.779135
0.079240 -0.008564 0.194334 -0.059033 -0.710068 0.701654
0.078319 -0.007413 0.195215 0.246765 0.647810 -0.720728
0.078817 -0.008357 0.194433 -0.208842 -0.684372 0.698584
0.073382 -0.005767 0.194152 0.097753 -0.723977 0.682863
0.074106 -0.005749 0.194186 -0.239315 -0.628628 0.739970
0.078476 -0.007792 0.194824 -0.191111 -0.691983 0.696158
0.078590 -0.008646 0.193994 -0.276703 -0.695805 0.662790
0.078424 -0.007982 0.194625 -0.220912 -0.715557 0.662703
0.078833 -0.009211 0.193534 -0.239689 -0.614723 0.751442
0.078135 -0.007894 0.194614 -0.193973 -0.709887 0.677078
0.078252 -0.008166 0.194401 -0.236996 -0.705647 0.667754
0.073521 -0.005594 0.194365 -0.077883 0.664705 -0.743035
0.080218 -0.008315 0.194836 -0.032254 -0.765051 0.643161
0.079758 -0.007878 0.195043 0.121341 0.728906 -0.673775
0.077922 -0.008175 0.194288 -0.203019 -0.728248 0.654552
0.079499 -0.007746 0.195058 0.150111 0.682184 -0.715605
0.078421 -0.009359 0.193314 -0.214393 -0.509338 0.833433
0.080020 -0.008138 0.194935 0.057842 0.771341 -0.633788
0.080177 -0.009098 0.193940 0.119252 0.496773 -0.859649
0.079544 -0.008360 0.194576 -0.056161 -0.729450 0.681725
0.077658 -0.008751 0.193485 -0.283044 -0.648947 0.706225
0.079263 -0.007987 0.194813 -0.138644 -0.664045 0.734726
0.079586 -0.007679 0.195192 0.270821 0.914797 -0.299670
0.080005 -0.008312 0.194721 -0.032254 -0.765051 0.643161
0.080142 -0.008433 0.194635 -0.024654 -0.752200 0.658474
0.079897 -0.009210 0.193887 0.106279 0.463986 -0.879444
0.079426 -0.008827 0.194093 -0.054464 -0.646348 0.761097
0.079014 -0.007586 0.195223 0.282369 0.889558 0.359103
0.080085 -0.009743 0.193686 0.258903 0.584737 -0.768799
0.078789 -0.008103 0.194654 -0.156608 -0.682378 0.714027
0.079556 -0.009627 0.193489 -0.301422 -0.647020 0.700364
0.079665 -0.009357 0.193790 -0.209025 -0.511065 0.833739
0.080161 -0.010054 0.193472 0.364407 0.635268 -0.680913
0.076766 -0.008045 0.193662 -0.542943 -0.572632 0.614252
0.079041 -0.008715 0.194126 -0.208759 -0.689521 0.693528
0.079419 -0.009229 0.193765 -0.213122 -0.587400 0.780730
0.078582 -0.008238 0.194465 -0.241653 -0.688288 0.684005
0.079846 -0.009891 0.193489 0.314073 0.654473 -0.687767
0.080139 -0.010278 0.193177 0.485860 0.677517 -0.552187
0.078959 -0.007944 0.194824 -0.157093 -0.657125 0.737230
0.079571 -0.009474 0.193630 -0.258406 -0.571818 0.778621
0.079076 -0.008930 0.193926 -0.230721 -0.658263 0.716559
0.077720 -0.010383 0.192586 -0.157505 -0.670149 0.725322
0.080235 -0.010583 0.192974 0.743740 0.531619 -0.405254
0.077866 -0.010619 0.192212 -0.128292 -0.872868 0.470790
0.073273 -0.005792 0.194608 -0.257757 0.720516 -0.643753
0.079100 -0.009190 0.193698 -0.267928 -0.637392 0.722458
0.080208 -0.010961 0.192284 -0.371796 -0.748481 0.549130
0.079850 -0.010039 0.193282 0.409488 0.671125 -0.617989
0.075679 -0.006706 0.194476 -0.428287 -0.727512 0.536000
0.075709 -0.007136 0.193552 -0.423502 -0.663238 0.617058
0.077425 -0.010339 0.192524 -0.264962 -0.631675 0.728548
0.075807 -0.006871 0.194367 -0.400618 -0.810682 0.426965
0.079077 -0.009480 0.193421 -0.264429 -0.609377 0.747487
0.077878 -0.007990 0.194475 -0.218349 -0.715261 0.663872
0.077483 -0.010553 0.192305 -0.191561 -0.862592 0.468230
0.079899 -0.010490 0.192862 -0.454345 -0.683421 0.571407
0.075561 -0.007499 0.193042 -0.546117 -0.651140 0.527041
0.080157 -0.010779 0.192561 -0.460453 -0.693410 0.554225
0.078984 -0.009320 0.193537 -0.261935 -0.594831 0.759978
0.077069 -0.007590 0.194257 0.616658 0.519368 -0.591599
0.078505 -0.009050 0.193553 -0.255221 -0.616961 0.744461
0.077492 -0.008263 0.194036 -0.310330 -0.732915 0.605418
0.077001 -0.010463 0.191992 -0.328186 -0.825757 0.458714
0.076989 -0.010071 0.192510 -0.315260 -0.535562 0.783444
0.078797 -0.009589 0.193267 -0.178561 -0.550913 0.815236
0.079128 -0.009955 0.193077 -0.075702 -0.747564 0.659862
0.079896 -0.010592 0.192773 -0.452823 -0.665747 0.593070
0.072970 -0.005900 0.194304 -0.207774 0.769006 -0.604533
0.079547 -0.009852 0.193309 -0.269173 -0.720478 0.639107
0.076965 -0.008058 0.194007 -0.537900 -0.574965 0.616506
0.078195 -0.009150 0.193408 -0.233911 -0.542090 0.807108
0.078851 -0.009872 0.193108 -0.090045 -0.655299 0.749984
0.079848 -0.011104 0.192185 -0.344081 -0.745370 0.570993
0.079229 -0.009828 0.193222 -0.208896 -0.699363 0.683560
0.076542 -0.007212 0.194098 0.553388 0.611518 -0.565515
0.076701 -0.010198 0.192288 -0.386957 -0.620489 0.682098
0.078293 -0.009561 0.193204 -0.191086 -0.501944 0.843527
0.074775 -0.006694 0.193580 -0.355082 -0.772706 0.526158
0.076708 -0.007926 0.193761 -0.549116 -0.554223 0.625547
0.078626 -0.010047 0.192938 -0.056011 -0.689749 0.721878
0.079378 -0.009917 0.193154 -0.189826 -0.727946 0.658833
0.076541 -0.007474 0.193957 -0.552182 -0.507052 0.661811
0.078204 -0.009776 0.193071 -0.169581 -0.508123 0.844425
0.076239 -0.007088 0.193910 -0.492551 -0.678869 0.544546
0.077977 -0.009345 0.193224 -0.248777 -0.479461 0.841562
0.077035 -0.008351 0.193624 -0.440470 -0.648983 0.620328
0.076476 -0.006789 0.194740 -0.428951 -0.685356 0.588462
0.076059 -0.007171 0.193734 -0.537029 -0.583565 0.609140
0.078334 -0.010044 0.192911 -0.090920 -0.606879 0.789577
0.078566 -0.010347 0.192585 0.039095 -0.748189 0.662333
0.077115 -0.008921 0.193102 -0.313930 -0.524686 0.791298
0.080305 -0.012725 0.191050 0.898716 0.005362 -0.438498
0.077640 -0.009366 0.193087 -0.284087 -0.457859 0.842413
0.078539 -0.009742 0.193172 -0.150146 -0.538596 0.829078
0.077398 -0.009037 0.193172 -0.305665 -0.534231 0.788141
0.073817 -0.005691 0.194199 -0.020403 -0.679256 0.733617
0.076964 -0.008136 0.193789 -0.505352 -0.584932 0.634409
0.077968 -0.009987 0.192882 -0.183384 -0.519122 0.834795
0.078764 -0.008990 0.193707 -0.272033 -0.649885 0.709681
0.080058 -0.012758 0.190977 0.307181 0.374769 -0.874750
0.078286 -0.010494 0.192479 -0.008151 0.753008 -0.657961
0.077106 -0.009161 0.192967 -0.293337 -0.478129 0.827856
0.077693 -0.009812 0.192895 -0.254216 -0.458641 0.851482
0.078037 -0.010315 0.192694 -0.080628 -0.675783 0.732677
0.077413 -0.009596 0.192892 -0.294334 -0.440206 0.848284
0.080133 -0.013529 0.190223 0.138065 0.605112 -0.784077
0.076731 -0.008744 0.193070 -0.384917 -0.472742 0.792688
0.078113 -0.010617 0.192353 0.019887 0.826962 -0.561906
0.077702 -0.010236 0.192666 -0.191148 -0.581562 0.790726
0.078470 -0.009993 0.192989 -0.113513 -0.615310 0.780069
0.079796 -0.012825 0.190882 -0.295573 -0.375115 0.878593
0.075338 -0.007326 0.192091 0.745071 0.666970 -0.004486
0.080134 -0.013282 0.190563 0.433952 0.506619 -0.744999
0.075063 -0.006542 0.194191 -0.427607 -0.716580 0.551059
0.077454 -0.009933 0.192743 -0.289066 -0.478769 0.828988
0.076817 -0.009487 0.192775 -0.338155 -0.430718 0.836740
0.074997 -0.007164 0.192341 0.507333 0.858789 -0.071379
0.075413 -0.007491 0.192969 -0.578146 -0.656403 0.484646
0.077174 -0.009773 0.192730 -0.297757 -0.446360 0.843862
0.075381 -0.007479 0.192058 0.804741 0.581774 -0.118027
0.075241 -0.007310 0.192037 0.734918 0.678017 0.013766
0.076845 -0.006848 0.194896 -0.426347 -0.656979 0.621776
0.074552 -0.006146 0.194250 -0.402427 -0.574858 0.712454
0.079702 -0.013151 0.190673 -0.272519 -0.532800 0.801160
0.075361 -0.007622 0.192342 0.837736 0.525007 -0.150221
0.077835 -0.010513 0.192497 -0.107812 -0.700942 0.705023
0.075633 -0.008015 0.192676 0.791902 0.514179 -0.329411
0.075470 -0.007775 0.192791 0.728500 0.594544 -0.340303
0.075659 -0.008067 0.192283 0.878197 0.395291 -0.269286
0.074744 -0.006966 0.192237 0.264195 0.942019 -0.206883
0.076125 -0.008765 0.192766 -0.630416 -0.410930 0.658568
0.074762 -0.006935 0.193258 -0.306657 -0.833900 0.458882
0.075765 -0.008406 0.192318 0.827115 0.274138 -0.490641
0.075498 -0.007763 0.192199 0.856192 0.482050 -0.185913
0.074533 -0.006949 0.192572 -0.212659 -0.964185 0.158502
0.076797 -0.009749 0.192615 -0.363187 -0.458773 0.810940
0.075211 -0.007238 0.192144 0.711998 0.700627 0.046705
0.075996 -0.008722 0.192571 0.755122 0.363334 -0.545692
0.075634 -0.008218 0.192120 0.822953 0.333546 -0.459887
0.077571 -0.010616 0.192169 -0.170346 -0.916058 0.363071
0.077223 -0.010398 0.192406 0.354328 0.822064 -0.445715
0.073481 -0.006052 0.193785 0.038199 -0.693711 0.719240
0.078941 -0.012646 0.190667 -0.253888 -0.425563 0.868583
0.079279 -0.013264 0.190396 -0.172146 -0.563539 0.807954
0.079140 -0.012971 0.190566 -0.227772 -0.479815 0.847288
0.075542 -0.007951 0.192062 0.877185 0.362576 -0.314778
0.076130 -0.009367 0.192394 -0.609158 -0.359601 0.706833
0.074534 -0.006929 0.192342 0.078013 0.965735 -0.247529
0.074944 -0.007134 0.192133 0.537120 0.833906 -0.126900
0.077984 -0.009607 0.193107 -0.231194 -0.499106 0.835130
0.076658 -0.009958 0.192421 -0.395806 -0.545955 0.738424
0.076001 -0.009165 0.192299 -0.664005 -0.281725 0.692624
0.077190 -0.010496 0.192189 -0.334167 -0.782789 0.524951
0.078785 -0.012839 0.190551 -0.219177 -0.402281 0.888893
0.075652 -0.008648 0.192130 0.786654 0.239776 -0.568932
0.076940 -0.010353 0.192285 -0.346259 -0.758031 0.552715
0.076127 -0.009050 0.192540 -0.633548 -0.345135 0.692459
0.075019 -0.007382 0.192021 0.654889 0.748864 -0.101602
0.077289 -0.006767 0.195194 0.411060 0.560207 -0.719164
0.077311 -0.010217 0.192571 -0.295293 -0.602764 0.741267
0.078987 -0.008496 0.194387 -0.212828 -0.679788 0.701850
0.078970 -0.013210 0.190408 -0.189027 -0.529462 0.827006
0.074280 -0.006952 0.192512 0.102957 -0.943471 0.315059
0.074266 -0.007087 0.192302 -0.082293 0.917540 -0.389034
0.077922 -0.010597 0.192409 -0.084204 -0.770492 0.631864
0.074865 -0.007022 0.192256 0.392494 0.915285 -0.090564
0.077976 -0.007676 0.194799 -0.219177 -0.670510 0.708786
0.075355 -0.007755 0.192019 0.832398 0.459127 -0.310349
0.079217 -0.013975 0.189898 -0.074355 -0.461408 0.884067
0.075762 -0.009081 0.192144 0.680000 0.215326 -0.700882
0.076359 -0.009945 0.192301 -0.422255 -0.515529 0.745608
0.077350 -0.009315 0.192981 -0.292030 -0.459572 0.838757
0.073969 -0.006834 0.193269 -0.082784 -0.845027 0.528276
0.078727 -0.008511 0.194229 -0.228124 -0.700642 0.676062
0.076726 -0.010430 0.192112 -0.322084 -0.767987 0.553586
0.076081 -0.009717 0.192201 -0.496976 -0.389775 0.775301
0.077339 -0.010503 0.192413 0.346772 0.937528 -0.028137
0.078976 -0.013580 0.190111 -0.141263 -0.530064 0.836108
0.073690 -0.006665 0.193412 -0.042392 -0.725679 0.686726
0.077011 -0.007458 0.194253 0.620858 0.520575 -0.586120
0.074731 -0.007298 0.192081 0.387163 0.864400 -0.320807
0.078797 -0.008699 0.194050 -0.262433 -0.685144 0.679490
0.078318 -0.013216 0.190274 -0.119528 -0.426228 0.896684
0.079007 -0.013916 0.189879 -0.086483 -0.465295 0.880921
0.075312 -0.006598 0.194263 -0.378549 -0.753234 0.537902
0.077464 -0.007881 0.194490 -0.398369 -0.626070 0.670328
0.077049 -0.007550 0.194357 0.603961 0.557582 -0.569503
0.078549 -0.013442 0.190181 -0.114607 -0.475830 0.872038
0.076213 -0.010078 0.192056 -0.406301 -0.569607 0.714470
0.076830 -0.007344 0.194192 0.585213 0.565967 -0.580696
0.075915 -0.009442 0.192153 -0.562968 -0.323853 0.760385
0.076725 -0.007214 0.194394 -0.542176 -0.665097 0.513508
0.076085 -0.006924 0.193970 -0.447076 -0.771467 0.452727
0.073319 -0.006708 0.193304 -0.059177 -0.724855 0.686355
0.079998 -0.010443 0.193012 -0.473584 -0.686628 0.551598
0.075610 -0.009446 0.192007 0.552392 0.254036 -0.793932
0.076487 -0.010291 0.192091 -0.354399 -0.667482 0.654881
0.075837 -0.006859 0.193884 -0.388521 -0.802234 0.453290
0.073087 -0.006881 0.193087 -0.072997 -0.747715 0.659995
0.075286 -0.007414 0.192256 0.759046 0.647988 -0.062932
0.073062 -0.007040 0.192866 0.038724 0.740586 -0.670845
0.072802 -0.006802 0.193107 -0.101145 -0.724137 0.682198
0.076540 -0.009605 0.192628 -0.520283 -0.395235 0.757030
0.075652 -0.009979 0.191869 -0.439498 -0.503214 0.744055
0.075849 -0.010214 0.191831 -0.400317 -0.527762 0.749142
0.072410 -0.006883 0.192923 -0.170477 -0.662950 0.728996
0.072766 -0.007230 0.192706 -0.051026 -0.511130 0.857987
0.073644 -0.006081 0.193810 -0.021279 -0.663028 0.748292
0.072391 -0.007094 0.192725 -0.162007 -0.553081 0.817224
0.072194 -0.006826 0.192893 -0.236831 -0.683275 0.690685
0.075618 -0.007965 0.192139 0.877116 0.363090 -0.314377
0.071719 -0.006752 0.192735 -0.400953 -0.699329 0.591756
0.076791 -0.009024 0.192955 -0.352264 -0.466684 0.811244
0.074747 -0.006983 0.192398 0.331571 0.939376 -0.087367
0.074770 -0.006853 0.193403 -0.289309 -0.820355 0.493273
0.073544 -0.006854 0.193107 0.020037 -0.822698 0.568125
0.078158 -0.007738 0.194767 -0.206240 -0.677853 0.705677
0.077027 -0.009519 0.192805 -0.310032 -0.438268 0.843683
0.076816 -0.006568 0.195096 0.403085 0.637013 -0.657067
0.080220 -0.009286 0.193924 0.113004 0.483308 -0.868126
0.075404 -0.008216 0.192015 0.837142 0.291284 -0.462977
0.074030 -0.007117 0.192409 -0.162354 0.898452 -0.407952
0.073965 -0.007035 0.192591 -0.161135 0.897774 -0.409924
0.075481 -0.008563 0.192029 0.725642 0.245106 -0.642936
0.076935 -0.007373 0.194333 0.598493 0.564818 -0.568143
0.075206 -0.008874 0.192038 -0.352864 -0.112780 0.928853
0.076972 -0.007592 0.194168 0.611316 0.515510 -0.600451
0.075836 -0.009819 0.192005 -0.429945 -0.428814 0.794522
0.077897 -0.008723 0.193625 -0.264317 -0.662718 0.700673
0.078570 -0.007704 0.194954 -0.182523 -0.643683 0.743207
0.078848 -0.007860 0.194870 -0.158323 -0.669865 0.725406
0.075583 -0.010156 0.191761 -0.284712 -0.555621 0.781169
0.076595 -0.008423 0.193211 -0.466789 -0.486633 0.738442
0.079633 -0.009049 0.193923 -0.031325 -0.549782 0.834721
0.074595 -0.007058 0.192183 0.100924 0.894837 -0.434834
0.076064 -0.006997 0.193824 -0.470696 -0.706084 0.529047
0.076338 -0.007058 0.194248 0.489927 0.765143 -0.417765
0.079760 -0.009695 0.193581 -0.271718 -0.625581 0.731313
0.075554 -0.008429 0.192042 0.770324 0.238589 -0.591334
0.078474 -0.008754 0.193887 -0.245568 -0.687135 0.683770
0.076751 -0.007563 0.194036 -0.590672 -0.501710 0.631976
0.075343 -0.006941 0.193547 -0.319657 -0.764025 0.560434
0.076231 -0.009618 0.192405 -0.513629 -0.398682 0.759762
0.079501 -0.013520 0.190211 -0.137519 -0.581849 0.801586
0.076087 -0.010495 0.191650 -0.269124 -0.719905 0.639773
0.076326 -0.010647 0.191325 -0.114968 -0.780559 0.614418
0.076485 -0.009257 0.192784 -0.472252 -0.405539 0.782634
0.078698 -0.013268 0.190315 -0.134844 -0.497919 0.856676
0.078253 -0.012967 0.190370 -0.147947 -0.376692 0.914448
0.079709 -0.014412 0.189761 -0.066029 -0.327219 0.942639
0.077246 -0.010010 0.192670 -0.248654 -0.511787 0.822341
0.077678 -0.007824 0.194609 -0.304771 -0.674838 0.672093
0.079409 -0.008446 0.194476 -0.056513 -0.712421 0.699473
0.079457 -0.014102 0.189902 -0.066422 -0.427740 0.901458
0.077524 -0.010454 0.192498 0.222820 0.692979 -0.685662
0.078735 -0.013942 0.189845 -0.060170 -0.434891 0.898470
0.078415 -0.013568 0.190081 -0.077854 -0.474073 0.877037
0.077042 -0.012403 0.190532 0.070035 -0.295008 0.952925
0.077498 -0.012890 0.190281 0.038459 -0.329520 0.943365
0.073228 -0.007171 0.192728 -0.066749 0.727527 -0.682825
0.077209 -0.012680 0.190380 0.041046 -0.309483 0.950019
0.076885 -0.012628 0.190446 0.153540 -0.259934 0.953341
0.076826 -0.012348 0.190566 0.108719 -0.225120 0.968246
0.076109 -0.010206 0.191910 -0.386023 -0.589401 0.709643
0.076380 -0.012263 0.190618 0.117294 -0.189209 0.974906
0.078120 -0.011835 0.192760 -0.208455 -0.425671 0.880540
0.076565 -0.010439 0.191770 -0.274482 -0.826246 0.491912
0.079107 -0.014775 0.189588 -0.015982 -0.198301 0.980011
0.078922 -0.015104 0.189567 0.046510 -0.152494 0.987209
0.076479 -0.012706 0.190538 0.182477 -0.174884 0.967532
0.078266 -0.008985 0.193545 -0.274710 -0.608605 0.744402
0.075867 -0.012824 0.190731 0.469102 -0.007843 0.883109
0.077710 -0.009624 0.193027 -0.269464 -0.455325 0.848569
0.078500 -0.010946 0.193298 -0.182216 -0.200049 0.962693
0.076163 -0.006983 0.194115 -0.452959 -0.763860 0.459724
0.078886 -0.010029 0.192977 -0.031609 -0.747580 0.663419
0.076253 -0.008760 0.192953 -0.535639 -0.425086 0.729653
0.076792 -0.009314 0.192857 -0.346009 -0.453791 0.821189
0.076915 -0.009816 0.192637 -0.338105 -0.471561 0.814441
0.080055 -0.011628 0.191475 0.248406 0.601341 -0.759397
0.080257 -0.011264 0.191730 -0.307218 -0.699761 0.644943
0.078959 -0.010991 0.193537 -0.488455 -0.624905 0.609021
0.076986 -0.006699 0.195106 0.413502 0.623025 -0.663970
0.076564 -0.006511 0.195028 0.391131 0.623254 -0.677178
0.077956 -0.009156 0.193332 -0.259298 -0.514842 0.817130
0.078844 -0.011026 0.193405 -0.420516 -0.574585 0.702152
0.076322 -0.006524 0.194942 -0.393760 -0.661451 0.638306
0.076013 -0.006462 0.194842 -0.435113 -0.615951 0.656720
0.075882 -0.006206 0.195002 -0.441277 -0.573135 0.690500
0.077337 -0.008906 0.193327 -0.307296 -0.553363 0.774182
0.078567 -0.011173 0.193221 -0.153397 -0.445020 0.882285
0.077024 -0.008632 0.193437 -0.381316 -0.602922 0.700773
0.076888 -0.008692 0.193343 -0.372560 -0.588996 0.717135
0.076314 -0.008192 0.193218 -0.510052 -0.462500 0.725218
0.076442 -0.009065 0.192885 -0.482970 -0.411387 0.772981
0.076065 -0.008527 0.192862 0.670234 0.388551 -0.632309
0.076294 -0.009363 0.192605 -0.535699 -0.395076 0.746285
0.076348 -0.009667 0.192486 -0.496028 -0.421906 0.758915
0.076422 -0.009934 0.193575 0.175968 0.614341 -0.769169
0.077198 -0.011376 0.192938 -0.221710 -0.412233 0.883691
0.078170 -0.009685 0.193128 -0.180818 -0.501014 0.846339
0.076794 -0.011322 0.192876 -0.170434 -0.365939 0.914899
0.076081 -0.010080 0.193358 0.053030 0.574257 -0.816956
0.076252 -0.010391 0.193167 0.016093 0.509348 -0.860410
0.076492 -0.010849 0.193059 -0.132943 -0.408111 0.903201
0.076384 -0.011323 0.192862 -0.035549 -0.354122 0.934524
0.076766 -0.012462 0.192298 -0.161764 -0.375897 0.912433
0.073214 -0.007288 0.192619 0.075089 -0.517835 0.852179
0.076332 -0.012326 0.192369 -0.040113 -0.456844 0.888642
0.075510 -0.011585 0.192694 -0.045957 -0.409656 0.911082
0.072847 -0.007621 0.192544 0.005803 -0.325983 0.945358
0.073394 -0.008561 0.192373 -0.016501 -0.217972 0.975815
0.073722 -0.008949 0.192303 -0.011423 -0.246162 0.969161
0.074898 -0.011173 0.192845 -0.097742 -0.387190 0.916805
0.076185 -0.006295 0.195077 0.408734 0.586402 -0.699335
0.073199 -0.008348 0.192465 -0.033174 -0.237014 0.970940
0.072749 -0.008076 0.192462 -0.095403 -0.245919 0.964584
0.075646 -0.006163 0.194710 -0.487865 -0.524995 0.697401
0.075787 -0.006496 0.194644 -0.463133 -0.631004 0.622367
0.075725 -0.006111 0.194965 0.471035 0.509382 -0.720178
0.075425 -0.006060 0.194613 -0.481590 -0.505968 0.715589
0.075493 -0.006292 0.194547 -0.465888 -0.573692 0.673666
0.076234 -0.007320 0.193866 -0.521921 -0.556904 0.646109
0.079284 -0.009865 0.194703 -0.328983 -0.552016 0.766191
0.079918 -0.011277 0.191727 0.288072 0.693734 -0.660112
0.075199 -0.005829 0.194662 0.439572 0.458957 -0.772098
0.074664 -0.006343 0.194073 -0.407070 -0.670928 0.619798
0.080205 -0.008456 0.194140 -0.027746 0.699520 -0.714074
0.074189 -0.005539 0.194364 -0.163250 -0.572873 0.803223
0.079973 -0.008599 0.194075 0.033428 -0.670930 0.740767
0.078642 -0.010342 0.193908 -0.512415 -0.557031 0.653565
0.079707 -0.008756 0.194055 0.029100 -0.629712 0.776284
0.073917 -0.005385 0.194466 0.043027 0.599266 -0.799393
0.078672 -0.010682 0.193686 -0.421731 -0.580782 0.696301
0.076200 -0.008966 0.194268 -0.173158 -0.719059 0.673031
0.073865 -0.005919 0.194008 -0.092734 -0.712374 0.695646
0.078269 -0.009697 0.194148 -0.452455 -0.422009 0.785616
0.073981 -0.006097 0.193859 -0.195376 -0.654826 0.730089
0.073533 -0.006386 0.193609 -0.030014 -0.661819 0.749063
0.074117 -0.006616 0.193486 -0.125280 -0.723763 0.678581
0.073702 -0.006820 0.193344 -0.025681 -0.771452 0.635769
0.073562 -0.005824 0.194066 0.065232 -0.711760 0.699387
0.077843 -0.009742 0.193942 0.954997 -0.296159 -0.016417
0.073309 -0.005968 0.193931 0.192715 -0.732189 0.653269
0.073317 -0.006519 0.193502 -0.044114 -0.702314 0.710499
0.079898 -0.010287 0.192908 -0.463992 -0.687486 0.558637
0.079639 -0.009984 0.193096 -0.332224 -0.705056 0.626516
0.078261 -0.011039 0.193313 -0.068263 -0.461594 0.884461
0.078032 -0.010409 0.193659 0.432831 -0.295046 0.851825
0.078479 -0.008494 0.194073 -0.266097 -0.704219 0.658231
0.073142 -0.006286 0.193665 0.099817 -0.740794 0.664274
0.072934 -0.006559 0.193401 -0.038837 -0.747712 0.662886
0.072867 -0.006046 0.194019 -0.099174 0.803476 -0.587019
0.077392 -0.009361 0.194017 0.772772 -0.495191 -0.397001
0.077434 -0.009650 0.193944 0.017647 -0.531845 0.846658
0.072667 -0.006265 0.193736 0.007745 -0.819119 0.573572
0.079256 -0.010151 0.192729 -0.088521 -0.775298 0.625361
0.072521 -0.006373 0.193544 -0.145697 -0.859938 0.489162
0.072602 -0.007333 0.192618 -0.115013 -0.399485 0.909497
0.077677 -0.011377 0.193251 -0.179081 -0.514311 0.838698
0.072441 -0.006537 0.193308 -0.112726 -0.815307 0.567951
0.077189 -0.010990 0.193160 -0.393269 -0.494319 0.775234
0.077242 -0.010499 0.193572 -0.334646 -0.491193 0.804202
0.072611 -0.006162 0.193902 -0.038253 0.832530 -0.552658
0.076751 -0.010152 0.193419 0.286021 0.658375 -0.696229
0.072023 -0.006452 0.193283 -0.170995 -0.853338 0.492520
0.072081 -0.006283 0.193545 0.108158 0.880324 -0.461877
0.071909 -0.006640 0.192989 -0.282164 -0.757980 0.588090
0.075712 -0.006753 0.194058 -0.366621 -0.830515 0.419326
0.076912 -0.010178 0.193599 -0.287745 -0.560784 0.776353
0.072628 -0.006991 0.192889 -0.126105 -0.648028 0.751104
0.071741 -0.006289 0.193410 0.195957 0.906148 -0.374828
0.075070 -0.005499 0.194789 0.426086 0.434291 -0.793626
0.071490 -0.006399 0.193124 -0.231321 -0.915146 0.330149
0.076670 -0.010448 0.193197 -0.167638 -0.484634 0.858503
0.076525 -0.010162 0.193308 0.510116 0.703221 -0.495239
0.071741 -0.006232 0.193852 0.001423 0.947056 -0.321067
0.074546 -0.005084 0.194718 0.254893 0.487487 -0.835096
0.071590 -0.006193 0.193701 0.043033 0.949137 -0.311909
0.074390 -0.005344 0.194531 -0.226545 -0.515908 0.826145
0.071265 -0.006355 0.193061 0.200966 0.912395 -0.356577
0.071454 -0.006211 0.193528 0.069859 0.961358 -0.266289
0.074099 -0.005120 0.194623 0.115919 0.561356 -0.819416
0.071723 -0.006451 0.193163 -0.242722 -0.882874 0.402019
0.071109 -0.006205 0.193381 -0.221536 0.972138 0.076617
0.070958 -0.006269 0.193047 -0.108979 0.978221 -0.176657
0.073964 -0.005538 0.194325 -0.038008 -0.607827 0.793159
0.073738 -0.005228 0.194670 -0.017797 0.632720 -0.774176
0.073756 -0.005532 0.194350 0.031080 -0.665640 0.745625
0.079296 -0.009373 0.193574 -0.288171 -0.594423 0.750746
0.073927 -0.006330 0.193675 -0.125877 -0.635527 0.761749
0.071214 -0.006327 0.193685 -0.431737 0.868652 0.242998
0.072370 -0.006734 0.193086 -0.198497 -0.705843 0.679988
0.080209 -0.008404 0.194247 0.000323 -0.715025 0.699099
0.075024 -0.005633 0.194688 0.424841 0.431735 -0.795685
0.080294 -0.008573 0.194048 -0.032948 0.660022 -0.750524
0.079532 -0.007894 0.194921 -0.134517 -0.701092 0.700268
0.073055 -0.006744 0.193276 -0.074062 -0.745364 0.662531
0.078072 -0.008041 0.194463 -0.203990 -0.717298 0.666237
0.078303 -0.008444 0.194051 -0.265425 -0.709583 0.652719
0.073937 -0.004970 0.194753 0.092470 0.528505 -0.843879
0.071500 -0.008659 0.191951 0.259068 0.237444 -0.936218
0.072511 -0.007457 0.192555 -0.145175 -0.370200 0.917538
0.079425 -0.009425 0.193571 -0.298127 -0.606248 0.737281
0.079343 -0.009616 0.193392 -0.275809 -0.658045 0.700647
0.078963 -0.010102 0.192854 -0.022077 -0.773254 0.633712
0.078674 -0.010466 0.192406 0.061602 -0.775646 0.628155
0.079540 -0.011071 0.191773 -0.270346 -0.721145 0.637858
0.079536 -0.011255 0.191622 0.247808 0.693479 -0.676519
0.080000 -0.012945 0.192527 0.098988 0.651907 -0.751810
0.079584 -0.012522 0.192808 -0.083140 -0.604766 0.792052
0.080203 -0.011914 0.193320 0.268657 0.607993 -0.747106
0.079316 -0.011473 0.193382 -0.412059 -0.588095 0.695953
0.079449 -0.011345 0.193511 -0.364076 -0.656758 0.660392
0.080321 -0.013304 0.192346 0.157714 0.624350 -0.765058
0.079955 -0.012730 0.192697 0.096591 0.635235 -0.766255
0.080159 -0.012884 0.192653 0.101776 0.649749 -0.753304
0.079204 -0.012452 0.192890 -0.067615 -0.556344 0.828197
0.078900 -0.011383 0.193259 -0.292436 -0.428475 0.854921
0.080269 -0.011242 0.193769 0.917482 -0.308816 0.250718
0.080165 -0.011290 0.193774 0.668730 -0.525960 0.525516
0.075012 -0.018134 0.191009 0.977723 0.201998 0.057045
0.075393 -0.020533 0.191208 0.718655 -0.198226 -0.666514
0.075252 -0.020132 0.191198 0.769894 -0.134154 -0.623912
0.076698 -0.018508 0.191118 0.272930 -0.017586 0.961873
0.075291 -0.019759 0.191174 0.783519 0.022861 -0.620947
0.075184 -0.018869 0.191268 0.845131 0.201413 -0.495163
0.073538 -0.014715 0.192383 0.077280 0.727830 -0.681390
0.073242 -0.014807 0.192345 0.318673 0.940663 -0.116619
0.075257 -0.018751 0.191363 0.804845 0.325660 -0.496155
0.073750 -0.014430 0.192443 0.185752 -0.446685 0.875197
0.073252 -0.014651 0.192414 0.225382 0.673051 -0.704418
0.073425 -0.014457 0.192507 0.111981 0.547036 -0.829585
0.075090 -0.017959 0.191561 0.687562 0.201362 -0.697647
0.072965 -0.013926 0.192584 -0.307002 -0.411104 0.858337
0.073015 -0.013302 0.192709 -0.154136 -0.292688 0.943703
0.072487 -0.013492 0.192690 -0.193818 -0.419968 0.886601
0.072177 -0.013356 0.192712 0.404769 0.305518 -0.861871
0.072820 -0.012808 0.192756 -0.028928 -0.131605 0.990880
0.072427 -0.013089 0.192800 -0.249276 -0.287802 0.924679
0.072021 -0.013028 0.192756 -0.497534 -0.295461 0.815575
0.072578 -0.012658 0.192818 -0.192234 -0.123364 0.973564
0.072255 -0.012544 0.192827 -0.276337 -0.243489 0.929705
0.072431 -0.012099 0.192816 -0.029099 -0.129988 0.991088
0.072059 -0.012043 0.192834 -0.261970 -0.245359 0.933365
0.071670 -0.011940 0.192812 -0.316924 -0.308551 0.896859
0.072195 -0.011487 0.192806 0.037494 0.001851 0.999295
0.071312 -0.011637 0.192789 -0.287883 -0.322841 0.901608
0.071822 -0.011424 0.192824 -0.065521 -0.063877 0.995805
0.073337 -0.014823 0.192332 0.254485 0.950493 -0.178328
0.074042 -0.014677 0.192188 -0.171690 0.848593 -0.500413
0.071965 -0.010764 0.192800 0.019902 -0.059820 0.998011
0.072987 -0.011946 0.191711 0.149426 -0.053657 0.987316
0.071373 -0.011072 0.192816 -0.128642 -0.085956 0.987959
0.077478 -0.018186 0.190909 -0.151245 0.328819 -0.932203
0.071667 -0.010746 0.192822 -0.026913 -0.064364 0.997563
0.073958 -0.014055 0.192425 0.130732 -0.285510 0.949417
0.072159 -0.012387 0.191839 0.293407 0.497174 0.816536
0.077696 -0.018279 0.190831 -0.204589 0.255546 -0.944902
0.071939 -0.010473 0.192836 -0.032409 -0.134854 0.990335
0.070991 -0.010850 0.192784 -0.276450 -0.098745 0.955942
0.073521 -0.014106 0.192537 -0.010688 -0.295241 0.955363
0.073769 -0.013796 0.192493 0.135822 -0.142817 0.980385
0.077751 -0.017905 0.190853 0.111162 -0.356233 0.927761
0.071571 -0.010341 0.192856 -0.025683 -0.132217 0.990888
0.072819 -0.014045 0.192497 0.493928 0.449399 -0.744362
0.071910 -0.010065 0.192906 -0.064822 -0.213453 0.974800
0.073848 -0.014741 0.191858 0.064359 0.988177 0.139154
0.073393 -0.013745 0.192594 0.054924 -0.333576 0.941122
0.073754 -0.013422 0.192524 0.132128 -0.172992 0.976020
0.071242 -0.010038 0.192861 -0.162460 -0.172252 0.971564
0.071232 -0.011939 0.192651 -0.413111 -0.601822 0.683483
0.070895 -0.010096 0.192803 -0.371249 -0.176382 0.911627
0.073302 -0.013320 0.192659 0.141398 -0.108310 0.984010
0.073690 -0.012977 0.192577 0.236122 -0.172137 0.956355
0.071341 -0.009611 0.192965 -0.126371 -0.198711 0.971877
0.070951 -0.009723 0.192879 -0.258423 -0.207809 0.943416
0.070696 -0.011645 0.192596 0.627046 0.495390 -0.601167
0.073135 -0.012903 0.192711 0.069476 -0.049656 0.996347
0.073605 -0.014184 0.191527 0.469654 0.496270 0.730165
0.072723 -0.012960 0.192768 -0.113839 -0.240730 0.963893
0.071144 -0.009195 0.193020 -0.152890 -0.201804 0.967419
0.072943 -0.014415 0.192350 0.403274 0.578363 -0.709130
0.070482 -0.011447 0.192525 0.735811 0.405230 -0.542559
0.073612 -0.012459 0.192613 0.165829 -0.082140 0.982728
0.070792 -0.009283 0.192944 -0.279890 -0.249726 0.926984
0.072910 -0.014115 0.191839 0.580072 0.520359 0.626693
0.072864 -0.012399 0.192775 0.081666 -0.039266 0.995886
0.070447 -0.009194 0.192883 -0.334515 -0.280926 0.899544
0.073440 -0.013782 0.191598 0.461619 0.302998 0.833727
0.073244 -0.012162 0.192683 0.104382 -0.137549 0.984980
0.070731 -0.008825 0.193031 -0.299403 -0.240493 0.923321
0.072006 -0.012394 0.192814 -0.370616 -0.278281 0.886117
0.071738 -0.012591 0.192751 0.514238 0.270956 -0.813721
0.069880 -0.009064 0.192802 -0.360841 -0.342654 0.867399
0.072891 -0.013735 0.191781 -0.571601 -0.238420 -0.785130
0.070510 -0.008482 0.193058 -0.319435 -0.200976 0.926051
0.072846 -0.011936 0.192751 0.150769 -0.036062 0.987911
0.072496 -0.013822 0.192490 0.400622 0.571205 -0.716399
0.070173 -0.008799 0.192919 -0.315876 -0.289306 0.903617
0.069612 -0.009020 0.192448 0.288150 0.285173 -0.914137
0.072302 -0.013493 0.192087 0.695692 0.281442 0.660911
0.073132 -0.011608 0.192693 0.137042 -0.267070 0.953883
0.079095 -0.011155 0.193539 -0.483787 -0.609487 0.628073
0.069748 -0.008721 0.192870 -0.327573 -0.315143 0.890719
0.070059 -0.008397 0.192982 -0.311136 -0.289919 0.905064
0.070227 -0.008070 0.193090 -0.423016 -0.199695 0.883843
0.073170 -0.012856 0.191680 0.556275 0.026238 0.830584
0.073534 -0.012599 0.191467 -0.384806 0.099947 -0.917570
0.069582 -0.008287 0.192901 -0.274220 -0.179576 0.944752
0.072801 -0.011256 0.192728 0.077322 -0.084820 0.993392
0.071960 -0.013179 0.192268 0.785007 0.403677 0.469904
0.073126 -0.011000 0.192735 -0.098363 -0.231789 0.967780
0.069762 -0.007990 0.192986 0.275149 0.196861 -0.941031
0.072869 -0.012924 0.191814 0.499487 0.219181 0.838136
0.072800 -0.012576 0.191841 0.202378 0.419996 0.884673
0.071903 -0.011031 0.192795 -0.009930 -0.036714 0.999276
0.072459 -0.012520 0.191889 0.115943 0.621684 0.774639
0.072291 -0.010694 0.192748 -0.026289 -0.033279 0.999100
0.072644 -0.010587 0.192772 -0.058162 -0.210880 0.975780
0.072584 -0.012195 0.191764 0.131309 0.173115 0.976109
0.072911 -0.010135 0.193003 -0.165961 -0.330494 0.929102
0.072068 -0.012936 0.192144 0.632781 0.418165 0.651711
0.072494 -0.010288 0.192836 -0.073996 -0.227383 0.970990
0.073429 -0.011756 0.191603 -0.042846 0.454841 -0.889542
0.072167 -0.010308 0.192822 -0.049936 -0.268532 0.961976
0.071423 -0.012365 0.192120 0.685141 0.669369 0.287275
0.070383 -0.010813 0.192536 0.851917 0.163226 -0.497588
0.072268 -0.009959 0.192930 -0.095507 -0.256240 0.961883
0.070239 -0.010151 0.192577 0.686168 0.341011 -0.642562
0.071602 -0.009821 0.192914 -0.103466 -0.201288 0.974052
0.071759 -0.009494 0.193025 -0.112538 -0.225192 0.967793
0.072932 -0.013678 0.192640 -0.172984 -0.411373 0.894901
0.070114 -0.009874 0.192561 0.722217 0.324093 -0.611037
0.072786 -0.013280 0.192734 -0.154752 -0.326865 0.932315
0.078773 -0.012983 0.192397 -0.017451 -0.622271 0.782607
0.069926 -0.009431 0.192689 0.371240 0.355564 -0.857761
0.070625 -0.011010 0.192673 -0.674183 -0.166331 0.719591
0.078757 -0.012775 0.192595 -0.062810 -0.608491 0.791071
0.070161 -0.009116 0.192788 -0.360520 -0.318771 0.876590
0.070284 -0.010405 0.192470 0.805278 0.255765 -0.534894
0.072050 -0.011706 0.192829 -0.130275 -0.063295 0.989456
0.071002 -0.009180 0.191833 -0.314104 0.074780 -0.946439
0.072373 -0.011228 0.192759 0.101790 -0.022749 0.994546
0.069723 -0.007440 0.193054 0.759459 -0.600613 -0.249972
0.070885 -0.011364 0.192733 -0.504644 -0.277953 0.817360
0.076745 -0.010856 0.190969 -0.040011 -0.683910 0.728468
0.070020 -0.009060 0.192179 -0.095166 0.125709 -0.987492
0.073174 -0.010355 0.192985 -0.166881 -0.326363 0.930397
0.071199 -0.010483 0.192801 -0.157384 -0.094393 0.983016
0.072640 -0.009915 0.192992 -0.130469 -0.345909 0.929153
0.070770 -0.010469 0.192725 -0.514766 -0.134005 0.846793
0.075051 -0.015427 0.191566 0.668107 0.258382 -0.697762
0.069912 -0.009621 0.192543 0.564913 0.423908 -0.707937
0.070289 -0.009581 0.192754 -0.450983 -0.273808 0.849496
0.072036 -0.012749 0.192806 0.492370 0.224008 -0.841066
0.073552 -0.014804 0.192162 0.135927 0.987802 0.075968
0.069597 -0.009052 0.192710 0.348178 0.370565 -0.861077
0.070806 -0.008579 0.193097 -0.219212 -0.204513 0.954002
0.070440 -0.008655 0.192984 -0.277633 -0.253472 0.926645
0.069405 -0.008617 0.192800 0.303481 0.278650 -0.911182
0.075175 -0.013521 0.190903 0.386004 0.443679 -0.808795
0.073531 -0.011132 0.192766 -0.103266 -0.278540 0.954857
0.074489 -0.014500 0.192228 -0.191162 0.541756 -0.818509
0.073481 -0.010075 0.193158 -0.172470 -0.357014 0.918039
0.074707 -0.012368 0.191022 -0.070647 -0.560373 -0.825222
0.073155 -0.009778 0.193163 -0.180228 -0.352619 0.918247
0.072049 -0.012575 0.191954 0.437262 0.635553 0.636298
0.074097 -0.013547 0.192361 0.082239 0.097432 0.991839
0.071591 -0.009204 0.193074 -0.141375 -0.208735 0.967700
0.074118 -0.012960 0.192405 0.206149 -0.136145 0.969003
0.069763 -0.009403 0.192555 0.453963 0.328185 -0.828379
0.070960 -0.011718 0.192644 -0.476481 -0.564030 0.674415
0.070826 -0.011574 0.192704 0.543914 0.408125 -0.733207
0.069217 -0.008680 0.192648 0.303096 0.277729 -0.911592
0.074957 -0.015747 0.191352 0.994828 0.100645 0.013737
0.071428 -0.012154 0.192713 0.456107 0.500351 -0.735946
0.075651 -0.015219 0.190783 0.755808 -0.141344 0.639356
0.072506 -0.011641 0.192751 0.120695 0.028859 0.992270
0.074259 -0.011481 0.192694 -0.035004 -0.327579 0.944175
0.073766 -0.011343 0.192733 -0.035467 -0.248129 0.968078
0.073221 -0.011273 0.192701 -0.159836 -0.293073 0.942635
0.074746 -0.015106 0.191493 0.437827 0.713627 -0.546849
0.075850 -0.014709 0.190697 0.862588 -0.303687 0.404618
0.074804 -0.017514 0.191325 0.991805 0.038358 -0.121864
0.073468 -0.014700 0.191921 -0.371162 -0.788532 -0.490363
0.074813 -0.017238 0.191341 0.992369 -0.066723 -0.103688
0.073952 -0.010557 0.192980 -0.094440 -0.330925 0.938919
0.074044 -0.014661 0.191566 -0.198982 -0.954484 -0.222185
0.073197 -0.014459 0.191861 -0.443733 -0.690887 -0.570768
0.072608 -0.009653 0.193106 -0.193474 -0.334071 0.922477
0.072790 -0.014413 0.192084 0.564883 0.684644 0.460619
0.074061 -0.009562 0.193399 -0.205315 -0.473254 0.856666
0.073740 -0.009528 0.193305 -0.202639 -0.430758 0.879423
0.072528 -0.014200 0.192037 0.703740 0.604725 0.372904
0.072118 -0.009623 0.193021 -0.136705 -0.278671 0.950607
0.074667 -0.013405 0.191014 -0.168207 0.114316 0.979101
0.072577 -0.013856 0.191938 -0.605904 -0.409618 -0.681978
0.070673 -0.009630 0.192793 -0.339883 -0.240457 0.909208
0.072014 -0.013503 0.192326 0.843455 0.511523 -0.164095
0.071512 -0.008875 0.193100 -0.175177 -0.506708 -0.844133
0.070992 -0.008503 0.193127 0.104474 -0.098394 0.989648
0.075647 -0.016277 0.191663 -0.208803 -0.100371 0.972793
0.076143 -0.015586 0.191664 -0.044449 -0.120510 0.991716
0.073199 -0.014707 0.192194 0.318673 0.940663 -0.116619
0.075457 -0.009358 0.194001 -0.101963 -0.541691 0.834371
0.074682 -0.009617 0.193645 -0.215989 -0.530041 0.820003
0.071181 -0.011082 0.191606 0.170599 0.096014 0.980652
0.073802 -0.009878 0.193260 -0.162817 -0.380735 0.910237
0.072317 -0.013892 0.192218 0.702923 0.628661 -0.332693
0.075266 -0.009488 0.193894 -0.115140 -0.561982 0.819096
0.075507 -0.008978 0.194219 -0.214846 -0.521321 0.825873
0.074672 -0.009280 0.193849 -0.241733 -0.471847 0.847895
0.072997 -0.009473 0.193313 -0.210711 -0.370397 0.904658
0.075623 -0.015888 0.190740 0.786385 0.028980 0.617056
0.072447 -0.009471 0.193150 0.163231 0.324061 -0.931848
0.074990 -0.008946 0.194102 -0.225129 -0.456732 0.860647
0.073360 -0.009466 0.193336 -0.214703 -0.390608 0.895169
0.074683 -0.008717 0.194086 -0.242739 -0.463327 0.852294
0.074505 -0.008906 0.193958 -0.240196 -0.461851 0.853815
0.071957 -0.009126 0.193125 -0.198571 -0.510885 -0.836401
0.080267 -0.015410 0.190911 -0.423453 0.320541 -0.847314
0.079420 -0.011872 0.193135 -0.184391 -0.509102 0.840723
0.077314 -0.011833 0.192773 -0.155914 -0.445365 0.881670
0.077919 -0.011374 0.193241 -0.109925 -0.514942 0.850148
0.077548 -0.011642 0.192875 -0.141205 -0.490700 0.859811
0.076667 -0.011689 0.192735 -0.065017 -0.410722 0.909440
0.077614 -0.011140 0.193390 -0.207253 -0.477967 0.853577
0.079062 -0.010519 0.194238 -0.499510 -0.528479 0.686440
0.077367 -0.010966 0.193390 -0.372215 -0.480813 0.793899
0.078884 -0.010560 0.194010 -0.528822 -0.567113 0.631451
0.077613 -0.010702 0.193579 -0.182814 -0.446222 0.876051
0.077920 -0.010867 0.193491 -0.093087 -0.451770 0.887265
0.077107 -0.010712 0.193293 -0.355519 -0.458210 0.814647
0.077202 -0.010171 0.193749 -0.267196 -0.484922 0.832740
0.077691 -0.010270 0.193743 -0.133657 -0.422524 0.896443
0.076720 -0.010640 0.193133 -0.202023 -0.444167 0.872871
0.078126 -0.009907 0.193981 -0.499843 -0.567697 0.654124
0.076657 -0.009881 0.193732 -0.214604 -0.578718 0.786785
0.077583 -0.009985 0.193867 -0.005123 -0.508571 0.861005
0.076956 -0.009849 0.193837 -0.219769 -0.547020 0.807757
0.078437 -0.009761 0.194250 -0.465167 -0.527480 0.710904
0.078091 -0.009563 0.194140 0.759486 0.486860 -0.431449
0.076981 -0.010011 0.193736 -0.248648 -0.505692 0.826105
0.076484 -0.009533 0.193909 -0.146913 -0.615983 0.773939
0.076735 -0.009135 0.194367 -0.145512 -0.736411 0.660701
0.076993 -0.009350 0.194113 -0.094881 -0.652420 0.751895
0.077776 -0.009330 0.194121 0.102879 -0.958255 -0.266764
0.077092 -0.009042 0.194526 -0.065025 0.426831 -0.901990
0.076679 -0.009304 0.194048 -0.136973 -0.644717 0.752050
0.078299 -0.009312 0.194507 -0.480247 -0.489476 0.727857
0.078943 -0.009920 0.194549 -0.469127 -0.508292 0.722190
0.076453 -0.008797 0.194798 -0.217805 -0.822018 0.526163
0.076868 -0.008751 0.195001 -0.127827 -0.846800 0.516324
0.070863 -0.007522 0.193357 -0.056422 0.056215 -0.996823
0.070672 -0.008043 0.193185 -0.316078 -0.262581 0.911672
0.071129 -0.007329 0.193524 -0.404964 0.187876 -0.894822
0.071321 -0.007771 0.193404 0.561297 -0.055985 0.825718
0.074135 -0.011747 0.192612 -0.013169 -0.269858 0.962810
0.076369 -0.008538 0.195189 -0.258423 -0.807354 0.530469
0.076874 -0.008457 0.195604 0.042864 -0.825390 0.562933
0.071641 -0.012033 0.191757 0.458497 0.511936 0.726431
0.072164 -0.011627 0.191612 0.029456 0.155752 0.987357
0.072288 -0.012181 0.192808 -0.146500 -0.211794 0.966272
0.071730 -0.011468 0.191627 0.124281 0.204641 0.970915
0.071159 -0.008122 0.193219 0.559043 -0.008356 0.829097
0.073306 -0.011402 0.192668 -0.157778 -0.501109 0.850879
0.075294 -0.009757 0.193658 -0.100485 -0.578721 0.809311
0.075122 -0.009558 0.193808 -0.154286 -0.551471 0.819802
0.073577 -0.010497 0.192968 -0.157172 -0.321343 0.933829
0.076050 -0.009798 0.193671 -0.019993 -0.611463 0.791020
0.073625 -0.010348 0.193055 -0.157067 -0.327043 0.931865
0.076904 -0.014699 0.191730 0.015097 -0.179539 0.983635
0.077338 -0.014470 0.191788 0.026587 -0.272130 0.961893
0.074173 -0.009429 0.193588 -0.237762 -0.478325 0.845384
0.076485 -0.009197 0.194146 -0.136445 -0.662257 0.736748
0.076818 -0.017595 0.191156 0.027436 -0.136144 0.990309
0.072404 -0.014227 0.192149 0.719207 0.610102 0.332442
0.072552 -0.014216 0.192272 0.703836 0.649763 0.287094
0.078216 -0.011707 0.193096 -0.146407 -0.437322 0.887307
0.073941 -0.013800 0.191260 -0.474413 -0.168445 -0.864036
0.078099 -0.011792 0.192899 -0.186422 -0.438114 0.879377
0.073620 -0.013612 0.191432 0.442828 0.136398 0.886171
0.072820 -0.010403 0.192852 -0.108952 -0.253428 0.961199
0.078337 -0.010283 0.193745 -0.403113 -0.514590 0.756768
0.075787 -0.010373 0.193230 0.020398 -0.466283 0.884401
0.075729 -0.009419 0.193956 -0.056593 -0.566758 0.821939
0.073479 -0.012237 0.191506 -0.280636 0.070269 -0.957239
0.075915 -0.008902 0.194254 -0.157289 -0.660467 0.734195
0.074284 -0.009061 0.193859 0.260745 0.441284 -0.858650
0.072339 -0.009247 0.193156 0.029508 0.318435 0.947485
0.076327 -0.008869 0.194528 -0.175003 -0.747657 0.640611
0.078430 -0.008532 0.195211 0.930520 -0.163175 -0.327881
0.075449 -0.008437 0.194622 0.291233 0.688269 -0.664432
0.074705 -0.008433 0.194223 -0.264554 -0.538064 0.800312
0.079153 -0.013919 0.191713 0.103882 -0.492793 0.863923
0.076706 -0.017436 0.191199 0.113837 -0.396637 0.910890
0.071581 -0.008485 0.193231 0.182514 0.506438 0.842739
0.079336 -0.013376 0.192130 -0.042963 -0.589962 0.806287
0.079029 -0.013628 0.191922 0.057026 -0.567590 0.821334
0.077553 -0.017194 0.191023 0.178777 -0.248363 0.952027
0.079133 -0.012929 0.192408 -0.018101 -0.642644 0.765951
0.078792 -0.013324 0.191996 0.012600 -0.571856 0.820257
0.075955 -0.015536 0.190528 0.515664 -0.072726 0.853699
0.077241 -0.012360 0.192649 -0.158532 -0.382908 0.910082
0.077579 -0.012281 0.192666 -0.137227 -0.377019 0.915983
0.076675 -0.016187 0.191484 0.176218 -0.244111 0.953602
0.078186 -0.012060 0.192787 -0.219078 -0.432439 0.874643
0.079993 -0.011275 0.194126 -0.238911 -0.668823 0.703987
0.075670 -0.015946 0.191740 -0.221780 -0.111654 0.968683
0.073917 -0.014449 0.191417 -0.458704 -0.654085 -0.601467
0.076652 -0.015974 0.191545 0.159966 -0.211000 0.964308
0.076359 -0.015765 0.191619 0.114154 -0.159587 0.980561
0.078260 -0.011407 0.193212 -0.068935 -0.491035 0.868408
0.078786 -0.016441 0.190960 0.182667 -0.269101 0.945631
0.079515 -0.016636 0.190739 0.198281 -0.276794 0.940250
0.077120 -0.010342 0.193653 -0.311902 -0.493658 0.811800
0.078617 -0.016168 0.191063 0.179563 -0.277325 0.943848
0.073735 -0.014053 0.191402 0.491937 0.382043 0.782331
0.076800 -0.015556 0.191620 0.142834 -0.182912 0.972698
0.079855 -0.010582 0.194475 -0.248021 -0.525556 0.813804
0.079998 -0.009880 0.195037 0.341050 0.599785 -0.723839
0.078801 -0.009996 0.194441 -0.483707 -0.502357 0.716705
0.076682 -0.015007 0.191723 0.068828 -0.116866 0.990760
0.078993 -0.010114 0.194439 -0.459771 -0.505650 0.730020
0.078814 -0.015784 0.191174 0.162929 -0.284136 0.944839
0.077213 -0.015394 0.191581 0.144720 -0.207723 0.967423
0.078431 -0.015579 0.191279 0.161754 -0.271327 0.948798
0.079576 -0.015965 0.190962 0.216255 -0.276581 0.936342
0.079663 -0.009623 0.195136 -0.352078 -0.614178 0.706277
0.079358 -0.009742 0.194850 -0.344353 -0.576767 0.740784
0.078519 -0.010156 0.193996 -0.440163 -0.539722 0.717605
0.080152 -0.009811 0.195197 0.313188 0.642936 -0.698961
0.071839 -0.013333 0.192442 0.776478 0.422101 -0.467881
0.075508 -0.014168 0.191966 0.218426 -0.262988 0.939749
0.076570 -0.014771 0.191723 0.055123 -0.128458 0.990182
0.079915 -0.009523 0.195393 -0.364077 -0.613232 0.700995
0.079965 -0.015800 0.190919 -0.217743 0.281611 -0.934496
0.078969 -0.009700 0.194723 -0.441965 -0.525217 0.727196
0.079005 -0.015304 0.191274 0.175309 -0.269442 0.946925
0.076799 -0.010296 0.193332 0.822237 0.531272 -0.204149
0.078626 -0.009620 0.194551 -0.463627 -0.554240 0.691280
0.079124 -0.009439 0.194968 -0.410546 -0.554345 0.723985
0.075219 -0.009087 0.194135 -0.199065 -0.460503 0.865049
0.075043 -0.009320 0.193955 0.173418 0.486589 -0.856246
0.079779 -0.009162 0.195576 0.238500 0.514627 -0.823575
0.078370 -0.009023 0.194884 -0.422522 -0.599474 0.679784
0.078810 -0.008649 0.195469 -0.489676 -0.557883 0.670063
0.071919 -0.012742 0.192126 0.726313 0.478614 0.493354
0.078917 -0.009039 0.195180 -0.398080 -0.583752 0.707648
0.072588 -0.009306 0.193253 0.176852 0.188011 -0.966113
0.076776 -0.014243 0.191800 -0.043043 -0.239921 0.969838
0.076506 -0.009025 0.194449 -0.159444 -0.734243 0.659897
0.075744 -0.008464 0.194784 0.312888 0.755777 -0.575241
0.075767 -0.009152 0.194078 -0.114574 -0.589398 0.799677
0.076035 -0.008655 0.194695 -0.234260 -0.772712 0.589947
0.075211 -0.008674 0.194279 -0.229558 -0.509398 0.829347
0.077211 -0.009209 0.194311 0.027188 0.660849 -0.750026
0.078902 -0.008421 0.195730 0.443434 -0.034499 -0.895643
0.076292 -0.013564 0.192023 -0.023558 -0.267936 0.963149
0.078347 -0.008757 0.195047 -0.648914 -0.270751 0.711059
0.076734 -0.013591 0.191978 -0.070124 -0.306243 0.949367
0.071912 -0.012280 0.191800 0.365303 0.516185 0.774665
0.074295 -0.008537 0.194161 -0.230157 -0.495135 0.837776
0.072134 -0.012151 0.191718 0.235048 0.355365 0.904692
0.076727 -0.013315 0.192119 -0.103288 -0.308369 0.945643
0.075956 -0.008442 0.195040 -0.290277 -0.780043 0.554322
0.074679 -0.008182 0.194567 -0.256988 -0.609845 0.749697
0.075063 -0.008332 0.194487 -0.271423 -0.576757 0.770507
0.073164 -0.012536 0.192721 0.108704 -0.133102 0.985123
0.078177 -0.013689 0.191966 0.102124 -0.419786 0.901860
0.070533 -0.011726 0.192446 0.718722 0.641258 -0.268750
0.071953 -0.011920 0.191654 0.187439 0.302301 0.934602
0.070460 -0.006517 0.192224 0.013268 -0.732088 0.681080
0.076719 -0.012891 0.192229 -0.146535 -0.357406 0.922382
0.071203 -0.011728 0.191741 0.388510 0.568414 0.725235
0.070883 -0.007031 0.191934 -0.200331 -0.335503 0.920492
0.074498 -0.011865 0.192617 0.009879 -0.329325 0.944165
0.079883 -0.013118 0.192317 0.090950 0.625032 -0.775283
0.070941 -0.011197 0.191655 0.427341 0.342141 0.836851
0.071475 -0.010987 0.191619 0.086721 0.024309 0.995936
0.070633 -0.010652 0.191680 0.610663 0.147537 0.778025
0.071108 -0.010165 0.192819 -0.211048 -0.156885 0.964803
0.077376 -0.011507 0.192835 -0.176191 -0.437832 0.881623
0.073014 -0.010562 0.192839 -0.129718 -0.264692 0.955569
0.074034 -0.010439 0.193003 -0.109012 -0.369932 0.922641
0.079072 -0.010695 0.194062 -0.549730 -0.577346 0.603713
0.080207 -0.010316 0.194629 0.143840 0.571501 -0.807897
0.074852 -0.009244 0.193944 -0.225544 -0.443918 0.867218
0.072763 -0.009718 0.193052 -0.200248 -0.384515 0.901138
0.079898 -0.009929 0.194922 -0.348541 -0.618385 0.704357
0.080191 -0.009368 0.195642 0.163479 0.547308 -0.820810
0.072404 -0.009114 0.193203 0.010956 0.603618 0.797199
0.077378 -0.008870 0.194800 -0.054637 0.842660 -0.535667
0.079934 -0.008973 0.195793 -0.283427 0.168370 -0.944098
0.079660 -0.008621 0.195970 0.075130 0.189833 0.978938
0.075676 -0.008691 0.194443 -0.278901 -0.683363 0.674706
0.078153 -0.008330 0.195636 0.104157 0.251728 0.962177
0.070470 -0.011727 0.192277 0.754487 0.644922 -0.121757
0.070291 -0.011360 0.192260 0.927279 0.373798 -0.020688
0.073237 -0.010119 0.193105 -0.170151 -0.354717 0.919361
0.074700 -0.008987 0.193969 -0.230387 -0.459900 0.857563
0.074929 -0.008621 0.194137 -0.233498 -0.481534 0.844751
0.074351 -0.014804 0.191765 0.136909 0.926582 -0.350289
0.070756 -0.011892 0.192352 0.696029 0.697959 -0.168510
0.070397 -0.011296 0.191844 0.732690 0.382377 0.562986
0.070271 -0.011217 0.192019 0.935585 0.306926 0.174578
0.080181 -0.008848 0.193953 0.007434 0.593920 -0.804490
0.079868 -0.008876 0.193957 -0.005565 0.596709 -0.802438
0.078971 -0.008798 0.193986 -0.222437 -0.679145 0.699488
0.078770 -0.007703 0.195010 0.123398 0.603689 -0.787612
0.078404 -0.007605 0.195051 -0.243067 -0.560021 0.792019
0.078187 -0.007220 0.195279 0.240391 0.595410 -0.766615
0.078768 -0.008794 0.193907 -0.280957 -0.683450 0.673765
0.077824 -0.007140 0.195169 0.295132 0.565225 -0.770336
0.077983 -0.007450 0.195041 -0.255107 -0.617216 0.744288
0.078415 -0.008357 0.194221 -0.247964 -0.707313 0.661983
0.078145 -0.007647 0.194898 -0.213518 -0.671026 0.710024
0.078425 -0.008857 0.193701 -0.254439 -0.649518 0.716511
0.078246 -0.008633 0.193861 -0.278291 -0.699074 0.658672
0.077680 -0.007558 0.194866 -0.316168 -0.616755 0.720869
0.078038 -0.008386 0.194073 -0.249722 -0.731009 0.635031
0.078053 -0.008908 0.193520 -0.269639 -0.618203 0.738322
0.077657 -0.007356 0.195031 -0.333526 -0.592006 0.733682
0.077924 -0.008575 0.193824 -0.260487 -0.696631 0.668470
0.076836 -0.006990 0.194753 -0.477070 -0.638897 0.603503
0.077779 -0.009074 0.193310 -0.305222 -0.528730 0.792013
0.077677 -0.008306 0.194037 -0.261019 -0.753042 0.603984
0.077308 -0.007453 0.194816 -0.454566 -0.584515 0.672096
0.077406 -0.008308 0.193918 -0.343176 -0.725818 0.596169
0.077575 -0.008600 0.193574 -0.291969 -0.671905 0.680660
0.076704 -0.006993 0.194648 -0.467043 -0.678587 0.566913
0.077436 -0.008128 0.194201 -0.381288 -0.663960 0.643255
0.077503 -0.008911 0.193335 -0.303776 -0.569657 0.763682
0.077173 -0.007642 0.194559 -0.538233 -0.561432 0.628569
0.077127 -0.007826 0.194269 -0.554269 -0.567380 0.608988
0.076920 -0.007413 0.194494 -0.592475 -0.599930 0.537641
0.077148 -0.008253 0.193813 -0.420922 -0.671949 0.609351
0.077284 -0.008763 0.193356 -0.325731 -0.616232 0.717047
0.076869 -0.007904 0.193988 -0.528354 -0.530275 0.663061
0.076832 -0.008288 0.193463 -0.513078 -0.595794 0.617884
0.076911 -0.008695 0.193228 -0.349104 -0.546081 0.761526
0.076567 -0.007750 0.193829 -0.538501 -0.513516 0.668070
0.075560 -0.006502 0.194488 -0.447226 -0.643440 0.621268
0.076441 -0.007663 0.193833 -0.558003 -0.494503 0.666408
0.076007 -0.006877 0.194459 -0.387251 -0.802895 0.453208
0.076037 -0.007018 0.194271 -0.437913 -0.811200 0.387539
0.076213 -0.008256 0.193119 -0.535130 -0.445036 0.718038
0.076312 -0.007612 0.193764 -0.570323 -0.493101 0.656950
0.077175 -0.007058 0.194952 -0.464857 -0.589588 0.660526
0.075564 -0.006671 0.194294 -0.406522 -0.746160 0.527243
0.076254 -0.007956 0.193271 -0.536328 -0.505825 0.675643
0.076055 -0.007677 0.193323 -0.576761 -0.515790 0.633488
0.076259 -0.008531 0.193013 -0.528670 -0.420843 0.737156
0.075659 -0.006934 0.193746 -0.386753 -0.778313 0.494621
0.076940 -0.007232 0.194697 -0.554471 -0.590846 0.586057
0.075300 -0.006426 0.194381 -0.397360 -0.643857 0.653876
0.075399 -0.006718 0.193993 -0.361028 -0.827540 0.429925
0.075964 -0.008257 0.192954 0.653010 0.434517 -0.620300
0.075766 -0.007580 0.193156 -0.561602 -0.525006 0.639509
0.075723 -0.007974 0.192895 0.684093 0.474813 -0.553688
0.075913 -0.008481 0.192720 0.752396 0.393021 -0.528616
0.074946 -0.006330 0.194292 -0.427124 -0.614669 0.663135
0.075602 -0.007249 0.193320 -0.444179 -0.632048 0.634996
0.075127 -0.006747 0.193729 -0.315200 -0.804872 0.502823
0.075335 -0.007054 0.193359 -0.374874 -0.703066 0.604291
0.075887 -0.006855 0.194156 -0.403211 -0.827597 0.390518
0.075000 -0.006578 0.193972 -0.365884 -0.772922 0.518382
0.075727 -0.008212 0.192586 0.822103 0.413403 -0.391465
0.075437 -0.006919 0.193677 -0.322545 -0.811096 0.487942
0.076405 -0.006958 0.194489 -0.483049 -0.728099 0.486350
0.075846 -0.008512 0.192489 0.812775 0.348034 -0.467194
0.075570 -0.007707 0.192940 0.659061 0.579389 -0.479528
0.075049 -0.007006 0.193273 -0.368326 -0.782076 0.502685
0.075118 -0.007192 0.193064 -0.489692 -0.755513 0.435203
0.074787 -0.006529 0.193800 -0.390167 -0.755056 0.526935
0.075025 -0.006870 0.193454 -0.356368 -0.798116 0.485811
0.075587 -0.007998 0.192435 0.882842 0.396614 -0.251571
0.074462 -0.006234 0.193949 -0.375412 -0.668156 0.642365
0.074741 -0.005565 0.194564 -0.333212 -0.474998 0.814461
0.074296 -0.006180 0.193855 -0.317355 -0.674949 0.666131
0.076378 -0.007882 0.193436 -0.546596 -0.552853 0.628956
0.075432 -0.007820 0.192507 0.877295 0.467128 -0.110205
0.075683 -0.005995 0.194909 0.470719 0.498262 -0.728120
0.075166 -0.007466 0.192804 -0.681982 -0.702496 0.203469
0.074821 -0.007131 0.192710 -0.483604 -0.870057 0.095539
0.076586 -0.007938 0.193591 -0.552130 -0.571545 0.607033
0.074436 -0.006301 0.193828 -0.374469 -0.714207 0.591339
0.074643 -0.006768 0.193440 -0.295764 -0.800036 0.521983
0.075276 -0.007683 0.192622 0.828802 0.547861 -0.113736
0.075053 -0.007372 0.192554 -0.654896 -0.754909 -0.034984
0.074269 -0.006413 0.193653 -0.222300 -0.696157 0.682604
0.074550 -0.007004 0.192779 -0.141292 -0.968694 0.204130
0.074377 -0.006858 0.193194 -0.134290 -0.907142 0.398822
0.076008 -0.007962 0.193111 -0.566939 -0.475793 0.672460
0.074351 -0.006942 0.192727 -0.004403 -0.975886 0.218237
0.073766 -0.006788 0.193260 -0.000708 -0.809855 0.586629
0.075931 -0.007606 0.193270 -0.591701 -0.500165 0.632238
0.073434 -0.006156 0.193722 0.057116 -0.680902 0.730144
0.074716 -0.006280 0.194260 -0.415149 -0.609642 0.675268
0.074879 -0.007106 0.193111 -0.371692 -0.854524 0.362814
0.074545 -0.006500 0.193660 -0.339826 -0.741847 0.578084
0.076209 -0.007697 0.193513 -0.565008 -0.523475 0.637762
0.074681 -0.007040 0.192979 -0.341606 -0.909808 0.235703
0.074452 -0.006629 0.193510 -0.241138 -0.750945 0.614764
0.074665 -0.007067 0.192792 -0.250437 -0.955463 0.156117
0.074379 -0.006962 0.192909 -0.102323 -0.971982 0.211616
0.074270 -0.006950 0.192947 -0.055084 -0.959826 0.275137
0.074142 -0.006943 0.192888 -0.016287 -0.945380 0.325562
0.073819 -0.006856 0.193176 0.048331 -0.855452 0.515621
0.073800 -0.006967 0.192852 0.123580 -0.862409 0.490896
0.073452 -0.007010 0.192845 0.075780 -0.819223 0.568446
0.080309 -0.010717 0.192731 -0.492879 -0.654881 0.572889
0.079898 -0.009535 0.193757 -0.219903 -0.557595 0.800456
0.080008 -0.010594 0.192856 -0.471429 -0.661331 0.583434
0.075920 -0.017723 0.190634 0.180940 -0.120898 0.976035
0.075909 -0.016998 0.190519 0.222609 0.010296 0.974854
0.076192 -0.015874 0.190334 0.431609 -0.079032 0.898592
0.076584 -0.015984 0.190186 0.358086 0.024130 0.933377
0.073168 -0.014147 0.192544 -0.214017 -0.367852 0.904921
0.076222 -0.015248 0.190436 -0.464217 0.224928 -0.856685
0.075896 -0.014975 0.190657 0.752550 -0.131493 0.645273
0.079484 -0.016985 0.189476 0.533355 -0.665356 -0.522334
0.078519 -0.015736 0.189648 0.245077 -0.012546 0.969422
0.076562 -0.015489 0.190246 -0.381227 0.074241 -0.921496
0.077645 -0.015260 0.189883 0.282163 -0.008793 0.959326
0.079144 -0.016828 0.189463 0.294976 -0.521021 -0.800954
0.077547 -0.014980 0.189908 0.297512 -0.039416 0.953904
0.078037 -0.014981 0.189754 0.243028 -0.043377 0.969049
0.078491 -0.014926 0.189638 0.127725 -0.114783 0.985145
0.075103 -0.019988 0.191035 0.976510 -0.047858 -0.210089
0.075167 -0.019252 0.190995 0.805532 0.059981 -0.589508
0.075272 -0.017891 0.191566 0.593616 0.132955 -0.793689
0.077479 -0.018198 0.189991 0.222124 -0.703189 -0.675416
0.077648 -0.017862 0.189834 -0.041392 0.728922 0.683344
0.077199 -0.017113 0.190036 0.578479 0.110725 0.808147
0.079083 -0.017359 0.189493 0.437784 -0.669426 -0.600178
0.078509 -0.016928 0.189638 -0.123731 -0.201038 -0.971738
0.078240 -0.016451 0.189741 0.285164 0.048478 0.957252
0.071307 -0.012168 0.191920 0.510652 0.719107 0.471296
0.070437 -0.011557 0.191973 0.740714 0.538600 0.401563
0.070214 -0.010872 0.191917 0.888516 0.208465 0.408757
0.070492 -0.011059 0.191739 0.680141 0.292338 0.672270
0.070146 -0.010479 0.192105 0.987534 0.156711 0.014746
0.070238 -0.010344 0.191826 0.948204 0.091535 0.304189
0.075116 -0.020684 0.190843 0.907535 -0.098844 -0.408179
0.075095 -0.020192 0.191132 0.976510 -0.047858 -0.210089
0.075070 -0.019959 0.190834 0.991392 0.062183 -0.115215
0.075077 -0.019670 0.190867 0.994161 -0.026177 -0.104687
0.075149 -0.018952 0.191119 0.891469 0.171259 -0.419469
0.077054 -0.017824 0.190124 0.283784 0.291848 0.913395
0.076609 -0.017120 0.190337 0.399065 0.467873 0.788570
0.076342 -0.019842 0.191132 -0.589767 0.807109 -0.027389
0.077169 -0.015931 0.191486 0.182034 -0.233326 0.955208
0.078392 -0.015845 0.191195 0.176910 -0.274123 0.945283
0.079891 -0.016282 0.190775 -0.213631 0.276458 -0.936981
0.079030 -0.014970 0.191365 0.181753 -0.278636 0.943042
0.079502 -0.011222 0.194057 -0.339195 -0.690993 0.638338
0.076915 -0.010864 0.193089 0.410803 0.492393 -0.767327
0.075693 -0.009779 0.193686 -0.039449 -0.588179 0.807768
0.076021 -0.012972 0.192179 -0.047803 -0.292600 0.955039
0.077461 -0.011179 0.193352 -0.270143 -0.494988 0.825839
0.077693 -0.011521 0.193099 -0.200373 -0.506660 0.838538
0.078297 -0.011858 0.193019 -0.186493 -0.388712 0.902288
0.078214 -0.010690 0.193535 -0.120183 -0.410202 0.904041
0.078670 -0.009871 0.194420 -0.494117 -0.519328 0.697243
0.077717 -0.008934 0.194740 -0.247633 -0.681497 0.688651
0.074980 -0.018291 0.191282 0.788665 0.265357 -0.554611
0.073952 -0.012361 0.192521 0.158714 -0.182417 0.970327
0.078388 -0.012779 0.192551 -0.101547 -0.543639 0.833154
0.077678 -0.012049 0.192713 -0.128029 -0.404345 0.905601
0.074682 -0.012257 0.192459 0.017277 -0.301778 0.953222
0.076786 -0.008000 0.196187 0.046023 -0.260557 -0.964361
0.076413 -0.008265 0.195626 0.167532 0.727583 -0.665248
0.076143 -0.008373 0.195308 -0.306264 -0.776551 0.550609
0.075530 -0.008108 0.195161 -0.491521 -0.446357 0.747778
0.077187 -0.008610 0.195327 0.137050 -0.872299 0.469374
0.076697 -0.008967 0.194646 -0.171487 -0.813892 0.555132
0.074173 -0.009429 0.193588 -0.237762 -0.478325 0.845384
0.076485 -0.008793 0.192993 -0.456251 -0.447244 0.769291
0.079036 -0.016224 0.190980 0.174695 -0.286622 0.941982
0.072050 -0.011706 0.192829 -0.130275 -0.063295 0.989456
0.079373 -0.009245 0.195275 -0.389724 -0.582921 0.712964
0.073552 -0.014804 0.192162 0.135927 0.987802 0.075968
0.077691 -0.010270 0.193743 -0.133657 -0.422524 0.896443
0.077575 -0.008600 0.193574 -0.291969 -0.671905 0.680660
0.075735 -0.012486 0.192333 -0.031162 -0.462164 0.886247
0.075539 -0.014624 0.190822 0.623672 -0.208652 0.753324
0.079144 -0.016828 0.189463 0.294976 -0.521021 -0.800954
0.077955 -0.013211 0.190198 -0.056466 -0.378139 0.924025
0.080087 -0.011879 0.191297 0.174084 0.513605 -0.840181
0.080045 -0.013645 0.191896 -0.066861 -0.624461 0.778189
0.077148 -0.008253 0.193813 -0.420922 -0.671949 0.609351
0.076885 -0.019143 0.190916 -0.629119 0.670641 -0.393001
0.077237 -0.014232 0.190051 0.242684 -0.118716 0.962814
0.075852 -0.017980 0.190635 0.210818 -0.195842 0.957706
0.078505 -0.009050 0.193553 -0.255221 -0.616961 0.744461
0.073214 -0.007288 0.192619 0.075089 -0.517835 0.852179
0.072341 -0.006216 0.193978 -0.036118 0.882403 -0.469106
0.076185 -0.006295 0.195077 0.408734 0.586402 -0.699335
0.080329 -0.014368 0.189751 0.096328 0.401235 -0.910896
0.072289 -0.011923 0.191660 0.068533 0.205491 0.976257
0.070428 -0.011693 0.192110 0.749625 0.646078 0.143683
0.077198 -0.011376 0.192938 -0.221710 -0.412233 0.883691
0.070440 -0.008655 0.192984 -0.277633 -0.253472 0.926645
0.080235 -0.010583 0.192974 0.743740 0.531619 -0.405254
0.072763 -0.009718 0.193052 -0.200248 -0.384515 0.901138
0.070146 -0.010479 0.192105 0.987534 0.156711 0.014746
0.072496 -0.013822 0.192490 0.400622 0.571205 -0.716399
0.079263 -0.007987 0.194813 -0.138644 -0.664045 0.734726
0.076087 -0.010495 0.191650 -0.269124 -0.719905 0.639773
0.078500 -0.010127 0.192837 -0.029954 -0.677395 0.735010
0.073740 -0.009528 0.193305 -0.202639 -0.430758 0.879423
0.076310 -0.012181 0.192556 -0.032962 -0.454726 0.890021
0.077355 -0.013641 0.192049 -0.074812 -0.375673 0.923728
0.076327 -0.008869 0.194528 -0.175003 -0.747657 0.640611
0.075560 -0.006502 0.194488 -0.447226 -0.643440 0.621268
0.074546 -0.005084 0.194718 0.254893 0.487487 -0.835096
0.072552 -0.014216 0.192272 0.703836 0.649763 0.287094
0.077920 -0.010867 0.193491 -0.093087 -0.451770 0.887265
0.076635 -0.012285 0.192287 -0.130421 -0.408974 0.903178
0.077182 -0.011991 0.190636 -0.014563 -0.269518 0.962885
0.073799 -0.010322 0.193075 -0.156073 -0.324430 0.932945
0.071833 -0.010140 0.191744 0.070444 0.040027 -0.996712
0.075558 -0.014664 0.191780 0.180837 -0.506266 0.843204
0.076448 -0.015284 0.191676 0.088480 -0.102345 0.990806
0.075693 -0.009779 0.193686 -0.039449 -0.588179 0.807768
0.075498 -0.007763 0.192199 0.856192 0.482050 -0.185913
0.079504 -0.012763 0.190776 -0.234925 -0.471085 0.850229
0.078334 -0.010044 0.192911 -0.090920 -0.606879 0.789577
0.075357 -0.019885 0.190293 0.927772 -0.171658 0.331320
0.074374 -0.012410 0.192420 0.142121 -0.258306 0.955552
0.079304 -0.008341 0.194554 -0.073753 -0.694408 0.715792
0.076607 -0.019271 0.191060 -0.469877 0.639062 -0.608946
0.074762 -0.006935 0.193258 -0.306657 -0.833900 0.458882
0.074071 -0.012993 0.191190 0.298998 0.025810 0.953905
0.078165 -0.015615 0.191307 0.182078 -0.267843 0.946102
0.072886 -0.009578 0.192020 -0.168642 -0.249763 0.953508
0.071289 -0.007111 0.192003 -0.462146 -0.336578 0.820449
0.076920 -0.007413 0.194494 -0.592475 -0.599930 0.537641
0.075874 -0.009558 0.193859 -0.036157 -0.583432 0.811357
0.076315 -0.013786 0.191890 0.022282 -0.267779 0.963223
0.077270 -0.014952 0.191638 0.108279 -0.248214 0.962635
0.071957 -0.009126 0.193125 -0.198571 -0.510885 -0.836401
0.076422 -0.009934 0.193575 0.175968 0.614341 -0.769169
0.077049 -0.007550 0.194357 0.603961 0.557582 -0.569503
0.074002 -0.009652 0.192089 0.050799 -0.268007 -0.962077
0.070146 -0.010479 0.192105 0.987534 0.156711 0.014746
0.077421 -0.008411 0.195713 0.147085 0.724362 0.673547
0.070238 -0.010344 0.191826 0.948204 0.091535 0.304189
0.079823 -0.015697 0.189483 -0.048381 0.126826 -0.990744
0.075509 -0.009802 0.191891 -0.232351 -0.402350 0.885510
0.072288 -0.009775 0.191859 -0.154759 -0.110760 0.981724
0.074514 -0.010192 0.193237 -0.142130 -0.422191 0.895295
0.075883 -0.015924 0.190487 0.525108 -0.038790 0.850151
0.077120 -0.010342 0.193653 -0.311902 -0.493658 0.811800
0.075454 -0.009631 0.193801 -0.088387 -0.570502 0.816526
0.080128 -0.015173 0.191027 -0.198183 0.289625 -0.936398
0.074775 -0.017373 0.191141 0.978166 0.038081 0.204304
0.074097 -0.013547 0.192361 0.082239 0.097432 0.991839
0.079245 -0.010703 0.194210 -0.470449 -0.549134 0.690746
0.078145 -0.007647 0.194898 -0.213518 -0.671026 0.710024
0.074042 -0.014677 0.192188 -0.171690 0.848593 -0.500413
0.078172 -0.009396 0.193239 -0.213098 -0.490960 0.844717
0.076609 -0.017120 0.190337 0.399065 0.467873 0.788570
0.078470 -0.009993 0.192989 -0.113513 -0.615310 0.780069
0.075623 -0.015888 0.190740 0.786385 0.028980 0.617056
