0.066583 0.025888 0.133670 0.697645 -0.716313 0.013716
0.067743 0.025854 0.138457 0.534698 -0.803519 -0.261640
0.066086 0.024192 0.138625 0.775380 -0.491987 -0.395899
0.065870 0.032739 0.136006 -0.375308 -0.920815 0.106037
0.066681 0.030941 0.132073 0.672175 0.619785 -0.405029
0.067075 0.026187 0.135133 0.665913 -0.732229 -0.142830
0.064867 0.021489 0.136588 0.877967 -0.348643 -0.328057
0.068230 0.027282 0.135850 0.873163 -0.437151 -0.215606
0.068065 0.031516 0.137432 0.817833 0.555610 -0.149820
0.066045 0.029757 0.128841 0.784590 0.547885 -0.290242
0.064993 0.032646 0.133020 -0.390052 -0.886420 0.249238
0.063906 0.021756 0.133074 0.807585 -0.551597 -0.208680
0.067489 0.027192 0.132551 0.937740 -0.293993 -0.184964
0.064690 0.023948 0.130563 0.738679 -0.673975 -0.010530
0.066571 0.024436 0.139086 0.768563 -0.517395 -0.376315
0.063907 0.033542 0.135545 0.481688 0.859842 -0.169255
0.068075 0.027068 0.135531 0.829888 -0.523156 -0.193892
0.065158 0.024447 0.132306 0.734198 -0.674195 -0.080092
0.065332 0.024394 0.134206 0.792006 -0.602789 -0.096809
0.067259 0.027417 0.131232 0.970497 -0.178639 -0.161938
0.066444 0.025411 0.135451 0.718599 -0.689178 -0.093001
0.066764 0.025053 0.137994 0.659213 -0.694828 -0.287492
0.066769 0.029597 0.130171 0.843583 0.428837 -0.323212
0.066175 0.025327 0.131128 0.738955 -0.673751 0.002122
0.064015 0.031692 0.128481 -0.571458 -0.786976 0.232603
0.065185 0.030704 0.128432 0.695491 0.668302 -0.263942
0.064922 0.032401 0.132210 -0.465570 -0.831597 0.302806
0.067490 0.026274 0.136170 0.618297 -0.764906 -0.180633
0.065841 0.024993 0.134301 0.765676 -0.637375 -0.086565
0.063661 0.021433 0.133050 0.749040 -0.629661 -0.206072
0.066208 0.025461 0.130104 0.830437 -0.553173 -0.066129
0.067571 0.029057 0.132220 0.972656 0.043724 -0.228098
0.066731 0.027560 0.128441 0.978476 -0.127783 -0.162036
0.067355 0.027688 0.131611 0.972137 -0.138456 -0.189154
0.068233 0.025875 0.139025 0.577815 -0.770819 -0.268269
0.064628 0.023873 0.129714 0.704961 -0.707659 0.047411
0.068842 0.029585 0.137740 0.971993 0.191661 -0.135999
0.066765 0.025694 0.136642 0.655508 -0.740155 -0.149934
0.068527 0.026115 0.138953 0.701397 -0.655428 -0.280102
0.065828 0.024660 0.136687 0.807851 -0.572169 -0.141417
0.067293 0.028078 0.131131 0.975894 -0.058765 -0.210183
0.067844 0.031292 0.135911 0.797934 0.568801 -0.199416
0.067115 0.026155 0.135328 0.668610 -0.727626 -0.153369
0.065582 0.032795 0.135883 -0.354320 -0.929400 0.103313
0.066000 0.029038 0.127090 0.830289 0.489790 -0.265943
0.066522 0.028846 0.128475 0.861081 0.433901 -0.265085
0.064183 0.033060 0.134030 -0.424135 -0.887502 0.180139
0.066988 0.028580 0.129877 0.968397 0.113787 -0.221944
0.066029 0.032232 0.133634 -0.533183 -0.808479 0.249155
0.067151 0.028872 0.130609 0.954955 0.142145 -0.260492
0.065323 0.024644 0.131675 0.682268 -0.730864 0.018630
0.066103 0.032667 0.136010 -0.406419 -0.907567 0.105569
0.065572 0.024219 0.136791 0.862097 -0.478215 -0.167628
0.065134 0.024270 0.133569 0.805459 -0.585663 -0.090747
0.066263 0.032044 0.133600 -0.555730 -0.784341 0.275633
0.066272 0.029365 0.128558 0.815782 0.510213 -0.272366
0.063801 0.032665 0.131265 -0.436619 -0.864710 0.248275
0.065907 0.032357 0.133783 -0.503624 -0.833236 0.228213
0.065294 0.032396 0.132730 -0.482506 -0.823475 0.298458
0.062687 0.033997 0.134229 -0.448481 -0.880059 0.156082
0.066254 0.030705 0.130791 0.689967 0.619344 -0.374645
0.069231 0.027764 0.139749 0.981118 -0.063863 -0.182561
0.065742 0.030593 0.129644 0.696990 0.648086 -0.306905
0.069196 0.028741 0.139747 0.987454 0.085265 -0.132911
0.066473 0.025722 0.133465 0.707846 -0.706361 0.002687
0.065464 0.024675 0.132832 0.706715 -0.703060 -0.079126
0.066851 0.027240 0.129689 0.961676 -0.206599 -0.180267
0.065650 0.029727 0.127416 0.775918 0.567504 -0.275481
0.063884 0.022465 0.131069 0.884406 -0.447706 -0.131855
0.066059 0.025283 0.133332 0.745681 -0.666300 -0.002219
0.064312 0.033071 0.134371 -0.410113 -0.896724 0.166413
0.066549 0.026446 0.129215 0.950259 -0.294472 -0.101461
0.065638 0.032457 0.133428 -0.493762 -0.833488 0.247985
0.066923 0.025424 0.137611 0.650335 -0.702246 -0.289679
0.066034 0.029456 0.128026 0.817972 0.522368 -0.240945
0.068789 0.028038 0.136911 0.981317 -0.079224 -0.175331
0.065322 0.024490 0.133676 0.771926 -0.630667 -0.079932
0.064551 0.023260 0.133162 0.929843 -0.346502 -0.123809
0.064732 0.023535 0.133710 0.909846 -0.381807 -0.162491
0.065201 0.023828 0.135407 0.880651 -0.441318 -0.172315
0.068029 0.030009 0.134424 0.949137 0.193644 -0.248277
0.064157 0.031595 0.128378 -0.581404 -0.778496 0.236459
0.068313 0.027941 0.134919 0.945912 -0.235057 -0.223605
0.068741 0.030094 0.137998 0.953457 0.286059 -0.095339
0.065051 0.030813 0.128456 -0.679274 -0.684587 0.264436
0.067689 0.028734 0.133006 0.957316 -0.012830 -0.288759
0.064790 0.030530 0.127032 0.689772 0.668622 -0.277777
0.066338 0.028490 0.127242 0.899352 0.359114 -0.249406
0.066408 0.028638 0.127826 0.883441 0.395079 -0.251880
0.066503 0.026930 0.127308 0.992369 -0.109965 -0.055782
0.065827 0.025002 0.133886 0.758730 -0.650635 -0.031650
0.067731 0.027845 0.133091 0.954155 -0.103363 -0.280898
0.065419 0.022026 0.137699 0.942262 -0.190790 -0.275212
0.068833 0.026897 0.138470 0.902367 -0.322438 -0.285949
0.069153 0.028652 0.139232 0.984871 0.079657 -0.153895
0.062681 0.034023 0.134788 0.441236 0.881666 -0.167257
0.064589 0.021220 0.136314 0.826124 -0.461699 -0.323037
0.067787 0.027779 0.133327 0.947562 -0.154762 -0.279599
0.065431 0.023969 0.136764 0.913099 -0.357759 -0.195598
0.066041 0.024399 0.138427 0.772547 -0.519785 -0.364684
0.066194 0.030073 0.129633 0.746524 0.564581 -0.352066
0.068265 0.030240 0.135483 0.934899 0.261291 -0.240187
0.064853 0.021270 0.136851 0.885658 -0.328510 -0.328165
0.064654 0.033275 0.136118 0.428297 0.897952 -0.101211
0.063509 0.021030 0.133900 0.689254 -0.690103 -0.220649
0.066791 0.025989 0.134754 0.668701 -0.735018 -0.112199
0.063861 0.022880 0.129385 0.851434 -0.524106 -0.019310
0.068055 0.028963 0.134117 0.962325 0.082998 -0.258925
0.069034 0.027820 0.138693 0.968633 -0.077225 -0.236192
0.068663 0.028461 0.136443 0.980315 0.035973 -0.194134
0.067156 0.030712 0.132591 0.742194 0.540582 -0.396131
0.063896 0.033253 0.134115 -0.467548 -0.866269 0.176004
0.067777 0.030690 0.134463 0.867642 0.436298 -0.238415
0.065343 0.031987 0.131852 -0.552035 -0.768713 0.323013
0.066508 0.025791 0.131944 0.741172 -0.671295 -0.005182
0.066566 0.027125 0.128191 0.979105 -0.168094 -0.114448
0.063659 0.032920 0.132140 -0.431150 -0.874596 0.221793
0.065970 0.023875 0.138548 0.837742 -0.417769 -0.351650
0.063758 0.021798 0.132324 0.814837 -0.538414 -0.214828
0.068252 0.026590 0.137304 0.760647 -0.586151 -0.279004
0.064354 0.022624 0.133134 0.924057 -0.332781 -0.188082
0.067834 0.028670 0.133366 0.947352 -0.003993 -0.320169
0.064776 0.033049 0.135000 -0.381772 -0.911738 0.151606
0.064221 0.023412 0.129457 0.791451 -0.610956 0.018391
0.067595 0.028894 0.132419 0.972973 0.009561 -0.230722
0.063683 0.021994 0.131659 0.838053 -0.518199 -0.170697
0.065525 0.024686 0.130625 0.671777 -0.739367 0.045304
0.065848 0.025043 0.134021 0.763819 -0.644243 -0.039137
0.065534 0.029740 0.127216 0.764028 0.578496 -0.285663
0.062840 0.033857 0.134412 -0.440610 -0.881774 0.168338
0.066221 0.025019 0.137183 0.694058 -0.671935 -0.258432
0.065265 0.023808 0.136251 0.920265 -0.355494 -0.163514
0.065699 0.024420 0.136949 0.836388 -0.511137 -0.197975
0.068154 0.026204 0.138026 0.653128 -0.709902 -0.263559
0.065698 0.031789 0.131981 -0.594125 -0.732474 0.332410
0.065498 0.031091 0.130161 -0.630251 -0.702511 0.330548
0.068603 0.026512 0.138424 0.781069 -0.551108 -0.293616
0.068700 0.027119 0.137719 0.919434 -0.329733 -0.214283
0.063478 0.032941 0.131797 -0.456938 -0.860627 0.224789
0.064021 0.021794 0.133354 0.814276 -0.531394 -0.233613
0.066152 0.024630 0.137845 0.775711 -0.578463 -0.252295
0.064611 0.030964 0.127585 -0.652651 -0.714604 0.251769
0.068074 0.025951 0.138563 0.534927 -0.796097 -0.282988
0.068982 0.026898 0.139169 0.934471 -0.280788 -0.218910
0.065292 0.024434 0.129751 0.675079 -0.736447 0.043755
0.064381 0.032997 0.134152 -0.372175 -0.914261 0.160036
0.065596 0.031437 0.131132 -0.605601 -0.723861 0.330563
0.068102 0.031544 0.137640 0.826912 0.546525 -0.132389
0.063193 0.020574 0.134243 0.679259 -0.697194 -0.229192
0.064449 0.022159 0.134218 0.901222 -0.369262 -0.226813
0.065835 0.030752 0.130105 0.674466 0.656144 -0.338482
0.065355 0.023169 0.137024 0.943035 -0.128704 -0.306789
0.063896 0.033347 0.134507 -0.471538 -0.865249 0.170285
0.065423 0.022482 0.137412 0.943324 -0.145493 -0.298280
0.065966 0.025117 0.129187 0.810260 -0.585992 -0.009613
0.065914 0.030798 0.130367 0.666981 0.655965 -0.353336
0.065041 0.024235 0.129848 0.679348 -0.732357 0.046253
0.065155 0.032942 0.135824 -0.390543 -0.917632 0.073678
0.066345 0.024790 0.138006 0.668947 -0.677461 -0.305869
0.065757 0.024604 0.136521 0.820227 -0.562977 -0.101413
0.067199 0.025297 0.138947 0.663815 -0.731736 -0.154633
0.067397 0.026872 0.132701 0.915955 -0.374651 -0.143747
0.067993 0.026400 0.137183 0.633925 -0.726622 -0.264875
0.065638 0.024859 0.132864 0.716787 -0.695164 -0.054439
0.065056 0.031837 0.130998 -0.544463 -0.763866 0.346509
0.068575 0.027346 0.136970 0.908652 -0.346609 -0.232840
0.067464 0.031109 0.134164 0.816309 0.533551 -0.221277
0.064548 0.021783 0.135211 0.879902 -0.416192 -0.229254
0.066851 0.027710 0.129115 0.982950 -0.103056 -0.152281
0.066915 0.030743 0.132245 0.721797 0.562036 -0.403886
0.067306 0.026756 0.132691 0.891837 -0.431341 -0.136281
0.067087 0.025944 0.136627 0.603584 -0.781668 -0.157102
0.066031 0.032537 0.135136 -0.410448 -0.900810 0.141683
0.065357 0.032658 0.133824 -0.397401 -0.903491 0.160549
0.067652 0.026942 0.134204 0.812794 -0.557028 -0.170545
0.064102 0.023224 0.129645 0.836878 -0.546969 -0.021446
0.065804 0.031654 0.131902 -0.602447 -0.721550 0.341209
0.067056 0.032105 0.136108 -0.548104 -0.828536 0.114500
0.064533 0.023479 0.132296 0.892516 -0.433668 -0.123884
0.065206 0.023636 0.136112 0.927102 -0.328783 -0.179955
0.065260 0.021660 0.137534 0.926973 -0.230384 -0.296048
0.065639 0.031295 0.130892 -0.603611 -0.721638 0.338957
0.066170 0.031644 0.132425 -0.568738 -0.728982 0.380949
0.069104 0.028957 0.139184 0.983726 0.119595 -0.134089
0.064925 0.022715 0.135785 0.954516 -0.185378 -0.233526
0.068110 0.029563 0.134752 0.954195 0.133308 -0.267843
0.065098 0.023358 0.136014 0.942423 -0.268595 -0.199239
0.064482 0.023706 0.129694 0.741183 -0.670989 0.020530
0.066684 0.025830 0.135000 0.681175 -0.714841 -0.158124
0.066140 0.031309 0.131886 -0.625638 -0.690515 0.362995
0.067409 0.026089 0.136883 0.582128 -0.785136 -0.211397
0.068475 0.028401 0.135665 0.983480 0.011689 -0.180641
0.068754 0.029545 0.137256 0.969188 0.147215 -0.197489
0.064243 0.022978 0.131853 0.897641 -0.412615 -0.154885
0.066162 0.028795 0.127130 0.861349 0.434058 -0.263954
0.068304 0.027529 0.135822 0.915133 -0.336702 -0.221727
0.066447 0.030643 0.130966 0.704882 0.610099 -0.361829
0.065684 0.024735 0.127787 0.760180 -0.642045 0.099521
0.066601 0.025845 0.133239 0.706966 -0.707213 -0.006938
0.066511 0.032267 0.134897 -0.505864 -0.846972 0.163525
0.065359 0.024026 0.135578 0.850451 -0.505764 -0.144689
0.066439 0.028207 0.127195 0.924106 0.290930 -0.247766
0.066302 0.025747 0.129306 0.907453 -0.408658 -0.097605
0.065021 0.023018 0.135963 0.953865 -0.200790 -0.223217
0.067056 0.027063 0.130493 0.940028 -0.254514 -0.227090
0.065837 0.031096 0.130718 -0.633996 -0.690917 0.347395
0.064095 0.033131 0.134137 -0.425485 -0.888541 0.171631
0.066689 0.028994 0.129194 0.851116 0.437463 -0.290219
0.066008 0.025035 0.127371 0.845022 -0.530152 0.069830
0.066386 0.030118 0.130032 0.754078 0.562253 -0.339466
0.064585 0.023691 0.131601 0.849623 -0.524815 -0.052055
0.063288 0.020852 0.133830 0.684925 -0.694458 -0.220467
0.068761 0.027391 0.137816 0.952944 -0.246062 -0.177064
0.066459 0.026592 0.127254 0.988100 -0.146393 -0.047199
0.067509 0.029911 0.132512 0.921443 0.224904 -0.316798
0.065453 0.024782 0.131808 0.667057 -0.744898 0.012707
0.067100 0.027694 0.130398 0.969102 -0.101674 -0.224730
0.066654 0.025935 0.134441 0.668723 -0.740940 -0.061785
0.064869 0.023739 0.133931 0.885679 -0.437956 -0.154167
0.067526 0.031459 0.135261 0.766891 0.596428 -0.236964
0.069223 0.028437 0.139542 0.987375 0.061869 -0.145818
0.065992 0.024104 0.138093 0.869755 -0.415253 -0.266631
0.066758 0.026010 0.132821 0.723429 -0.690356 -0.007699
0.069134 0.028973 0.139622 0.985472 0.104607 -0.133801
0.065216 0.023786 0.135644 0.881895 -0.443556 -0.159749
0.066831 0.028726 0.129201 0.932508 0.257777 -0.252941
0.064474 0.023514 0.127473 -0.711157 0.694828 -0.107094
0.064676 0.023816 0.128422 0.697703 -0.714191 0.056052
0.065191 0.024416 0.132657 0.751479 -0.652526 -0.097411
0.066344 0.024236 0.138891 0.757344 -0.498604 -0.421691
0.065606 0.030684 0.129528 0.702984 0.649424 -0.289935
0.065200 0.032810 0.134466 -0.342648 -0.930165 0.131856
0.066432 0.030508 0.130824 0.710704 0.601596 -0.364668
0.065977 0.025127 0.130530 0.739927 -0.672685 0.001408
0.064109 0.033334 0.135042 -0.454372 -0.873269 0.175920
0.068386 0.030965 0.137779 0.911546 0.393691 -0.118710
0.068493 0.026006 0.139170 -0.661889 0.712535 0.232803
0.066445 0.029333 0.129105 0.815451 0.489184 -0.309417
0.068435 0.028054 0.135447 0.968282 -0.166688 -0.186133
0.066818 0.032073 0.134878 -0.562329 -0.805316 0.187757
0.066573 0.031604 0.132966 -0.603207 -0.728056 0.325693
0.068364 0.030629 0.137114 0.918986 0.369967 -0.136340
0.064851 0.031833 0.130727 -0.522602 -0.781538 0.340712
0.065937 0.025055 0.127864 0.826379 -0.554474 0.098272
0.066030 0.030453 0.129857 0.693677 0.642268 -0.326043
0.066676 0.025713 0.135373 0.699258 -0.698175 -0.153590
0.067166 0.027972 0.130593 0.972839 -0.048045 -0.226442
0.066787 0.032316 0.136371 -0.512533 -0.852624 0.101700
0.068582 0.028024 0.136179 0.951297 -0.153033 -0.267609
0.065452 0.024597 0.133902 0.772580 -0.630162 -0.077557
0.067043 0.031384 0.133482 0.714857 0.644253 -0.271878
0.065722 0.023613 0.138071 0.930636 -0.256754 -0.260756
0.065688 0.031213 0.130700 -0.621613 -0.704635 0.342180
0.066992 0.030906 0.132650 0.715871 0.575626 -0.395201
0.065615 0.031859 0.132034 -0.576691 -0.745319 0.334555
0.063494 0.021669 0.131673 0.816202 -0.550406 -0.175690
0.064997 0.023552 0.135268 0.923753 -0.350459 -0.154462
0.064872 0.022587 0.135652 0.949730 -0.207042 -0.234832
0.067146 0.026474 0.132733 0.820626 -0.563314 -0.096173
0.066757 0.026914 0.129775 0.935314 -0.301278 -0.185523
0.067245 0.031441 0.134348 0.755673 0.616565 -0.220919
0.065239 0.024378 0.129448 0.679689 -0.731960 0.047517
0.067013 0.028917 0.130233 0.936536 0.226815 -0.267311
0.064249 0.023187 0.131256 0.879860 -0.460654 -0.116807
0.069247 0.027597 0.139832 0.981083 -0.089322 -0.171748
0.065213 0.023435 0.136340 0.943366 -0.254792 -0.212464
0.066261 0.025148 0.136717 0.706067 -0.686017 -0.175643
0.064215 0.023228 0.130846 0.870757 -0.479237 -0.110066
0.066031 0.029631 0.128401 0.804826 0.535853 -0.255179
0.065584 0.023344 0.137615 0.940082 -0.187674 -0.284647
0.066456 0.026196 0.126945 0.983030 -0.179611 -0.037321
0.067766 0.028506 0.133147 0.951086 -0.019672 -0.308300
0.066488 0.026488 0.128133 0.971945 -0.229615 -0.050990
0.064965 0.024208 0.130098 0.678393 -0.733682 0.038648
0.063574 0.032740 0.131074 -0.456818 -0.854924 0.245811
0.068472 0.027160 0.136855 0.859570 -0.445179 -0.250909
0.066909 0.027993 0.129611 0.982166 -0.040333 -0.183640
0.064947 0.024216 0.132195 0.787169 -0.612874 -0.068927
0.064628 0.033115 0.135070 -0.387223 -0.908631 0.156356
0.064700 0.023119 0.134224 0.941541 -0.274719 -0.195012
0.063394 0.033193 0.132361 -0.458620 -0.858942 0.227784
0.065146 0.023544 0.135825 0.924114 -0.336024 -0.181935
0.065255 0.024476 0.132800 0.733683 -0.674809 -0.079639
0.063345 0.021271 0.132401 0.771712 -0.607205 -0.189111
0.065679 0.029945 0.127950 0.771490 0.584336 -0.251705
0.065856 0.032641 0.135264 -0.393835 -0.909633 0.132140
0.068356 0.029628 0.135405 0.960924 0.118351 -0.250236
0.063313 0.021431 0.131760 0.802096 -0.568870 -0.181737
0.063719 0.022225 0.130721 0.885035 -0.450456 -0.117480
0.065335 0.022896 0.137055 0.943300 -0.120205 -0.309411
0.067171 0.027158 0.131004 0.951942 -0.257751 -0.165442
0.064428 0.023417 0.131595 0.873977 -0.479595 -0.078434
0.065747 0.024856 0.129345 0.751149 -0.659811 0.020630
0.064393 0.023571 0.128785 0.745836 -0.665280 0.033648
0.066030 0.029330 0.127661 0.818057 0.516083 -0.253852
0.068827 0.027942 0.137562 0.988621 -0.108239 -0.104460
0.068761 0.027571 0.137345 0.962963 -0.213941 -0.164106
0.066591 0.027655 0.127403 0.986998 0.058452 -0.149728
0.068049 0.026250 0.137691 0.655199 -0.706921 -0.266416
0.065228 0.024079 0.135125 0.842600 -0.515203 -0.156817
0.068447 0.028472 0.135336 0.981067 -0.005340 -0.193595
0.068554 0.027575 0.136480 0.911403 -0.320024 -0.258707
0.068192 0.030820 0.136152 0.876753 0.442848 -0.187587
0.067478 0.025627 0.138411 0.574964 -0.787252 -0.222824
0.066602 0.027484 0.127658 0.990285 -0.076846 -0.115890
0.065459 0.032842 0.136176 0.359442 0.927967 -0.098381
0.067548 0.026052 0.137387 0.558922 -0.791273 -0.247979
0.063521 0.021646 0.131809 0.810607 -0.552054 -0.195329
0.064918 0.030984 0.128539 -0.649485 -0.711447 0.268353
0.066951 0.029071 0.130131 0.918130 0.281750 -0.278666
0.067213 0.027068 0.131753 0.937757 -0.289390 -0.192004
0.068062 0.027527 0.134514 0.896501 -0.389938 -0.210321
0.068885 0.027122 0.138488 0.940439 -0.226929 -0.253135
0.068534 0.030352 0.137370 0.939169 0.318551 -0.128403
0.064474 0.023165 0.132786 0.921825 -0.361237 -0.140524
0.068252 0.028126 0.134622 0.953663 -0.191376 -0.232170
0.068368 0.026443 0.137954 0.719300 -0.640338 -0.269396
0.067352 0.032036 0.136897 -0.577564 -0.810163 0.100276
0.065864 0.029711 0.128029 0.797266 0.550463 -0.247705
0.066561 0.025545 0.135426 0.711268 -0.693982 -0.111741
0.064058 0.023155 0.129057 0.813027 -0.581918 0.018917
0.068219 0.027512 0.135290 0.894355 -0.405016 -0.189978
0.066981 0.028284 0.129726 0.976972 0.054925 -0.206176
0.065783 0.031206 0.130890 -0.613641 -0.707863 0.349820
0.067600 0.030963 0.134387 0.815688 0.527454 -0.237581
0.065410 0.024591 0.133407 0.739330 -0.671587 -0.048603
0.068999 0.029317 0.138705 0.982679 0.140215 -0.121167
0.068658 0.030326 0.138238 0.948687 0.305665 -0.081001
0.064290 0.023473 0.130051 0.804232 -0.593106 -0.037896
0.064250 0.021935 0.133806 0.864723 -0.443322 -0.236049
0.063935 0.022291 0.131920 0.857427 -0.476083 -0.195355
0.067651 0.031030 0.134587 0.816653 0.525560 -0.238464
0.068461 0.025888 0.139444 -0.633112 0.745305 0.209019
0.063003 0.033724 0.133553 -0.497436 -0.853814 0.153489
0.065287 0.024463 0.133016 0.737756 -0.670654 -0.077070
0.064420 0.031501 0.129003 -0.569078 -0.792729 0.218472
0.065083 0.021811 0.136863 0.907235 -0.270533 -0.322083
0.068811 0.027755 0.137480 0.985325 -0.134205 -0.105471
0.067807 0.027567 0.133510 0.915432 -0.317334 -0.247554
0.064351 0.023507 0.128975 0.752224 -0.657495 0.043121
0.065134 0.030629 0.128116 0.693559 0.676675 -0.247157
0.064751 0.023974 0.130151 0.716778 -0.697141 0.014973
0.067175 0.031188 0.133290 0.761805 0.583925 -0.280507
0.068418 0.029340 0.135561 0.973463 0.101333 -0.205187
0.067031 0.027506 0.130125 0.962998 -0.144391 -0.227566
0.066000 0.025212 0.128849 0.853741 -0.519673 -0.032639
0.064118 0.022938 0.131145 0.888790 -0.440142 -0.127776
0.063871 0.020825 0.135441 0.720822 -0.638762 -0.269068
0.066777 0.032053 0.134697 -0.591635 -0.774202 0.224898
0.064575 0.023715 0.128250 0.708400 -0.703395 0.058357
0.067766 0.026059 0.137756 0.548288 -0.794330 -0.261572
0.065561 0.024436 0.135334 0.808054 -0.573317 -0.135481
0.064394 0.023520 0.128265 0.737172 -0.673527 0.054221
0.069135 0.027929 0.139159 0.980565 -0.040083 -0.192055
0.067977 0.029964 0.134168 0.951930 0.208478 -0.224425
0.068062 0.029459 0.134283 0.967042 0.104882 -0.232012
0.064685 0.033184 0.135914 0.417629 0.903503 -0.096276
0.066487 0.026591 0.127653 0.987521 -0.152628 -0.038812
0.063813 0.021684 0.132886 0.784197 -0.583222 -0.211865
0.066402 0.025659 0.134096 0.716409 -0.697535 -0.014256
0.065252 0.023026 0.136771 0.948505 -0.124320 -0.291347
0.067942 0.027890 0.133676 0.943458 -0.168021 -0.285754
0.062804 0.034011 0.135064 0.453560 0.873968 -0.174537
0.066686 0.025135 0.137698 0.644818 -0.714729 -0.270873
0.066299 0.032363 0.134699 -0.477612 -0.861773 0.170982
0.065078 0.032205 0.131835 -0.512168 -0.799527 0.313752
0.065591 0.023802 0.137436 0.917417 -0.272021 -0.290432
0.063866 0.033202 0.133909 -0.462649 -0.867008 0.185073
0.064230 0.023289 0.127923 0.738786 -0.671596 0.056157
0.066630 0.025631 0.135554 0.705726 -0.699326 -0.113552
0.066611 0.026654 0.128938 0.959674 -0.260761 -0.105027
0.066608 0.027159 0.128033 0.981759 -0.152138 -0.114034
0.066005 0.024395 0.138234 0.794399 -0.497106 -0.349021
0.067910 0.031255 0.136084 0.801558 0.570395 -0.179316
0.066131 0.029228 0.127841 0.828611 0.501812 -0.248169
0.069061 0.027359 0.139035 0.965285 -0.142638 -0.218815
0.065599 0.022463 0.138099 0.965393 -0.126936 -0.227823
0.067384 0.026707 0.133244 0.858789 -0.503031 -0.097165
0.064888 0.031220 0.128937 -0.615328 -0.750141 0.242199
0.066855 0.027957 0.129306 0.985493 -0.028396 -0.167322
0.067231 0.026239 0.135604 0.659134 -0.737936 -0.144887
0.066245 0.030276 0.130167 0.726945 0.596990 -0.339343
0.065739 0.024889 0.127988 0.780345 -0.620686 0.076220
0.066401 0.029290 0.128916 0.817310 0.492002 -0.299897
0.065456 0.024794 0.131977 0.678726 -0.734118 -0.020030
0.066937 0.030477 0.131701 0.768962 0.537008 -0.346873
0.065234 0.024580 0.131851 0.725562 -0.688078 -0.010434
0.063926 0.022718 0.130588 0.888845 -0.442779 -0.117906
0.064938 0.024173 0.131047 0.739829 -0.672769 0.005963
0.064842 0.023885 0.127701 -0.681380 0.725706 -0.095252
0.064795 0.023996 0.129838 0.697918 -0.714736 0.045412
0.065779 0.031354 0.131223 -0.615414 -0.718073 0.325019
0.065773 0.023910 0.137809 0.914713 -0.313498 -0.254988
0.067953 0.026092 0.137951 0.563748 -0.778444 -0.276067
0.068221 0.031290 0.137639 0.871370 0.468686 -0.145077
0.064894 0.023973 0.132861 0.833729 -0.543305 -0.098565
0.068629 0.026773 0.138041 0.845054 -0.463806 -0.266023
0.066285 0.030515 0.130671 0.706386 0.605760 -0.366161
0.065836 0.030189 0.128962 0.754780 0.581143 -0.304270
0.065869 0.025050 0.134138 0.767594 -0.638217 -0.058978
0.064419 0.021396 0.135578 0.816078 -0.508302 -0.275038
0.065700 0.022610 0.138429 0.964401 -0.125897 -0.232554
0.067899 0.027132 0.134646 0.850874 -0.485936 -0.199697
0.066737 0.026017 0.131681 0.834467 -0.545409 -0.078701
0.065348 0.031447 0.130694 -0.576548 -0.747207 0.330566
0.068188 0.030176 0.135156 0.933077 0.244164 -0.264105
0.067249 0.030731 0.132804 0.786329 0.508757 -0.350504
0.067962 0.025748 0.139083 -0.507588 0.827269 0.240790
0.065385 0.024104 0.135812 0.864060 -0.490258 -0.114229
0.065458 0.024727 0.131163 0.667716 -0.741091 0.070286
0.065793 0.030078 0.128606 0.772141 0.578234 -0.263520
0.065536 0.021939 0.138255 0.955950 -0.155397 -0.249022
0.068947 0.029631 0.139144 0.972923 0.210478 -0.095499
0.063844 0.032964 0.132886 -0.434506 -0.874250 0.216547
0.067065 0.031653 0.134328 0.701597 0.670456 -0.241352
0.067370 0.028251 0.131555 0.978535 -0.051517 -0.199535
0.065505 0.024182 0.136216 0.870580 -0.486354 -0.074501
0.065084 0.032934 0.134946 -0.353462 -0.926999 0.125450
0.066089 0.031970 0.133132 -0.553585 -0.776328 0.301428
0.063983 0.022484 0.131583 0.883263 -0.439683 -0.162866
0.063395 0.033713 0.135010 -0.453064 -0.871127 0.189394
0.068237 0.029805 0.135083 0.946192 0.162918 -0.279603
0.066143 0.025499 0.128747 0.890077 -0.455005 -0.027061
0.064844 0.023104 0.134816 0.947924 -0.265860 -0.175384
0.068015 0.025658 0.139378 -0.522343 0.822291 0.225824
0.068717 0.027344 0.137663 0.953183 -0.253052 -0.165554
0.064546 0.031765 0.130063 -0.546474 -0.791556 0.273504
0.063678 0.033346 0.133959 -0.486282 -0.857672 0.167120
0.067531 0.026852 0.134061 0.786791 -0.601430 -0.138716
0.066035 0.031963 0.132999 -0.549231 -0.775944 0.310251
0.064644 0.022837 0.134235 0.943458 -0.257725 -0.208484
0.063977 0.022924 0.130440 0.884557 -0.454298 -0.105696
0.064076 0.031959 0.129537 -0.569820 -0.790584 0.224237
0.066753 0.031841 0.133999 -0.600492 -0.757178 0.257082
0.066589 0.025558 0.135974 0.688916 -0.722169 -0.062184
0.067896 0.026678 0.136077 0.726739 -0.652938 -0.213361
0.067215 0.029017 0.130871 0.948882 0.164188 -0.269565
0.064118 0.023212 0.130045 0.854743 -0.516038 -0.055855
0.067342 0.031909 0.136125 -0.642236 -0.752852 0.144037
0.068936 0.029590 0.138884 0.971925 0.218876 -0.086346
0.063774 0.022037 0.131864 0.829865 -0.520191 -0.201807
0.064910 0.021996 0.136192 0.911293 -0.282661 -0.299411
0.064581 0.022609 0.134188 0.937472 -0.267164 -0.223089
0.068089 0.031159 0.136574 0.851767 0.497128 -0.165396
0.068690 0.027919 0.136688 0.961283 -0.160716 -0.223841
0.066506 0.027676 0.126816 0.968914 0.105453 -0.223796
0.066229 0.025480 0.133107 0.733725 -0.679403 -0.007750
0.066196 0.025320 0.135073 0.744378 -0.650864 -0.149258
0.065873 0.024781 0.136319 0.804257 -0.590872 -0.063568
0.068521 0.028518 0.135812 0.980156 0.012191 -0.197850
0.067804 0.026176 0.137498 0.580058 -0.771753 -0.260635
0.067448 0.029490 0.131983 0.936435 0.183468 -0.299045
0.066682 0.030726 0.131727 0.719735 0.604015 -0.342268
0.066141 0.032345 0.134503 -0.451412 -0.874133 0.179218
0.067018 0.031504 0.133754 0.700886 0.667885 -0.250378
0.066720 0.030156 0.130932 0.763169 0.522724 -0.379912
0.066205 0.023905 0.139029 0.800783 -0.471588 -0.369258
0.065731 0.022986 0.138548 0.955762 -0.155867 -0.249449
0.063919 0.032500 0.131054 -0.450850 -0.850918 0.269580
0.065277 0.031335 0.130229 -0.589201 -0.742621 0.318365
0.063374 0.032987 0.131750 -0.456938 -0.860627 0.224789
0.067438 0.031695 0.135504 0.709440 0.672916 -0.209472
0.065232 0.024258 0.127783 0.697767 -0.710332 0.092468
0.066107 0.030668 0.130536 0.682569 0.635523 -0.360845
0.064172 0.021117 0.135444 0.750090 -0.604194 -0.268914
0.064932 0.024008 0.133275 0.843964 -0.530218 -0.081206
0.066496 0.025796 0.132414 0.710306 -0.703839 -0.008754
0.068762 0.028761 0.137168 0.982289 0.026290 -0.185517
0.064007 0.021430 0.134141 0.760018 -0.604841 -0.237782
0.067017 0.025826 0.136914 0.621775 -0.755669 -0.205816
0.067161 0.025309 0.139233 -0.669865 0.722921 0.169307
0.064671 0.022727 0.134449 0.947070 -0.246485 -0.205680
0.066583 0.031511 0.132721 -0.604275 -0.708680 0.364177
0.067467 0.028246 0.132064 0.974213 -0.066526 -0.215601
0.067266 0.026352 0.134927 0.669386 -0.732618 -0.123262
0.064048 0.021606 0.133806 0.772244 -0.585941 -0.245584
0.067585 0.027435 0.132808 0.948333 -0.233252 -0.215078
0.066361 0.025335 0.135794 0.709551 -0.700638 -0.075125
0.067729 0.026903 0.134577 0.780682 -0.601458 -0.169659
0.064007 0.021085 0.135077 0.727337 -0.638804 -0.250820
0.065332 0.023349 0.136906 0.946566 -0.154951 -0.282846
0.068696 0.028575 0.136838 0.983497 0.047844 -0.174481
0.067723 0.030133 0.133360 0.934916 0.259894 -0.241635
0.067230 0.026453 0.133962 0.757487 -0.650413 -0.056353
0.067727 0.029851 0.133193 0.945718 0.188114 -0.265012
0.067063 0.025654 0.137418 0.619365 -0.735107 -0.275688
0.066986 0.025901 0.135818 0.673001 -0.731740 -0.107825
0.068951 0.027121 0.138808 0.938777 -0.228364 -0.257970
0.065457 0.031809 0.131569 -0.582260 -0.740160 0.336357
0.064172 0.021414 0.134705 0.778561 -0.578137 -0.244130
0.068283 0.026993 0.136543 0.818230 -0.514693 -0.256107
0.067022 0.026138 0.134929 0.664801 -0.734914 -0.133948
0.067963 0.027651 0.133888 0.913550 -0.307450 -0.266273
0.065911 0.025063 0.128176 0.824404 -0.564931 0.034805
0.064415 0.021447 0.135430 0.816717 -0.515703 -0.258889
0.064078 0.022293 0.132422 0.869423 -0.453418 -0.196252
0.063976 0.021935 0.132933 0.837609 -0.501758 -0.215986
0.064376 0.023452 0.131063 0.852395 -0.513385 -0.099291
0.065637 0.024430 0.136369 0.840572 -0.538162 -0.061806
0.066979 0.027151 0.130178 0.944471 -0.244596 -0.219423
0.064760 0.023699 0.133558 0.892180 -0.433283 -0.127599
0.066824 0.032211 0.135775 -0.537207 -0.834942 0.119506
0.066072 0.031532 0.132105 -0.588363 -0.713182 0.381051
0.067340 0.025498 0.138644 0.605487 -0.773501 -0.187302
0.067745 0.027050 0.134228 0.835449 -0.515173 -0.191370
0.064159 0.022939 0.131473 0.893199 -0.428850 -0.135218
0.068641 0.029114 0.136679 0.975300 0.077111 -0.206986
0.066347 0.029341 0.128774 0.821128 0.489725 -0.293119
0.065904 0.029971 0.128747 0.780233 0.558250 -0.282124
0.068403 0.028812 0.135329 0.975373 0.094252 -0.199407
0.064847 0.023892 0.133374 0.853970 -0.513650 -0.083055
0.063029 0.033707 0.133732 -0.488596 -0.860141 0.146392
0.068390 0.027321 0.136339 0.878818 -0.401151 -0.258374
0.065942 0.031418 0.131715 -0.607685 -0.713577 0.348605
0.064328 0.023343 0.131205 0.867097 -0.486146 -0.108648
0.069107 0.028036 0.138825 0.973595 -0.061864 -0.219741
0.065816 0.024966 0.128626 0.793842 -0.608111 0.004082
0.066174 0.025142 0.135924 0.734943 -0.676724 -0.043634
0.066207 0.025483 0.134374 0.753087 -0.652808 -0.081864
0.068747 0.028417 0.137188 0.987667 -0.003042 -0.156540
0.065166 0.024246 0.133811 0.805038 -0.585390 -0.096090
0.069188 0.028082 0.139426 0.986242 -0.006552 -0.165179
0.068354 0.026278 0.138250 0.673458 -0.686567 -0.274008
0.065695 0.023431 0.138159 0.933015 -0.253067 -0.255814
0.066157 0.025467 0.128201 0.890022 -0.455169 0.026110
0.064036 0.023110 0.128705 0.788756 -0.614048 0.028456
0.064443 0.033288 0.135796 0.442524 0.887958 -0.125314
0.066729 0.028425 0.128491 0.942813 0.222086 -0.248560
0.066236 0.029562 0.128925 0.801905 0.517355 -0.298820
0.066845 0.027024 0.129921 0.941898 -0.270456 -0.199205
0.066181 0.032140 0.133837 -0.535332 -0.806893 0.249686
0.066681 0.026565 0.129789 0.934832 -0.307716 -0.177199
0.064849 0.021984 0.135973 0.901425 -0.320259 -0.291321
0.068456 0.027846 0.135872 0.943086 -0.251558 -0.217505
0.067231 0.026460 0.133279 0.791129 -0.608721 -0.059776
0.065916 0.029276 0.127232 0.818830 0.507310 -0.268614
0.066654 0.027504 0.128161 0.982337 -0.118973 -0.144425
0.066457 0.026112 0.129665 0.929702 -0.353012 -0.105055
0.063374 0.021135 0.133045 0.730926 -0.653083 -0.198066
0.064692 0.023872 0.131376 0.811681 -0.583184 -0.032709
0.065538 0.031621 0.131338 -0.592451 -0.731195 0.338165
0.065396 0.022160 0.137519 0.940764 -0.176769 -0.289336
0.065643 0.024764 0.134359 0.769500 -0.633196 -0.083258
0.068033 0.027303 0.135128 0.872569 -0.447931 -0.194888
0.064148 0.023204 0.128217 0.767480 -0.639855 0.039495
0.066913 0.029597 0.130672 0.863633 0.388473 -0.321288
0.068888 0.029220 0.137685 0.981599 0.081486 -0.172696
0.064417 0.021576 0.135162 0.832480 -0.503332 -0.231589
0.063785 0.022650 0.129501 0.874194 -0.484113 -0.037672
0.064530 0.023776 0.130642 0.788145 -0.612763 -0.057873
0.066695 0.026181 0.130821 0.891240 -0.436129 -0.124431
0.067008 0.025279 0.138629 0.709144 -0.688518 -0.151850
0.068631 0.029978 0.136907 0.963510 0.198497 -0.179575
0.067343 0.031893 0.135993 -0.643020 -0.753026 0.139560
0.068536 0.030656 0.138379 0.938827 0.333748 -0.084948
0.066433 0.026276 0.127617 0.974641 -0.223263 -0.015136
0.068426 0.028693 0.135178 0.974574 0.065932 -0.214146
0.064457 0.022437 0.133842 0.915417 -0.332030 -0.227527
0.066113 0.032698 0.136358 0.410674 0.906858 -0.094635
0.066897 0.032263 0.136900 0.519350 0.849656 -0.091437
0.067084 0.029841 0.131262 0.857284 0.375455 -0.352275
0.065365 0.031199 0.130073 -0.606541 -0.729684 0.315703
0.068057 0.029172 0.134329 0.961882 0.113202 -0.248934
0.066914 0.025129 0.138114 0.661744 -0.693934 -0.283814
0.065700 0.029543 0.127164 0.793496 0.542605 -0.275580
0.065299 0.030015 0.127010 0.735570 0.613880 -0.286511
0.067345 0.025375 0.139360 -0.577640 0.794273 0.188315
0.068880 0.029595 0.138092 0.971354 0.210331 -0.110601
0.067622 0.028203 0.132633 0.966145 -0.055070 -0.252055
0.065577 0.023087 0.137755 0.960866 -0.127553 -0.245901
0.067334 0.031990 0.136478 -0.587952 -0.800597 0.115570
0.063764 0.022179 0.131348 0.864898 -0.480502 -0.145151
0.068436 0.026804 0.137356 0.816441 -0.507939 -0.274630
0.068831 0.027646 0.138229 0.966004 -0.132688 -0.221878
0.066122 0.025309 0.127823 0.891934 -0.446858 0.069083
0.066717 0.026542 0.130213 0.924691 -0.341077 -0.169152
0.068363 0.028631 0.134873 0.965848 0.048221 -0.254582
0.065512 0.024612 0.128016 0.739645 -0.666862 0.090667
0.067611 0.028757 0.132661 0.967801 -0.021310 -0.250813
0.062991 0.033567 0.133149 -0.510068 -0.844397 0.163783
0.065606 0.024371 0.135889 0.838952 -0.539987 -0.067624
0.063566 0.021911 0.131170 0.851989 -0.503637 -0.143055
0.068182 0.026996 0.136220 0.817653 -0.527177 -0.231361
0.067669 0.028456 0.132875 0.960563 -0.025986 -0.276845
0.064794 0.030491 0.126832 0.693662 0.665567 -0.275416
0.065365 0.030666 0.128785 0.709004 0.648863 -0.276207
0.066899 0.032257 0.136595 -0.519832 -0.848142 0.102127
0.064792 0.032105 0.131187 -0.510367 -0.789365 0.341215
0.068361 0.029379 0.135366 0.963280 0.117851 -0.241251
0.063697 0.021061 0.134324 0.692471 -0.681283 -0.237353
0.063982 0.020873 0.135654 0.731765 -0.625622 -0.270402
0.064912 0.030403 0.127185 0.702031 0.657404 -0.273810
0.069174 0.027873 0.139517 0.983286 -0.055021 -0.173555
0.065913 0.031661 0.132049 -0.591005 -0.725080 0.353514
0.066738 0.030779 0.131989 0.710481 0.594100 -0.377175
0.068327 0.029443 0.135204 0.960512 0.126662 -0.247736
0.067975 0.028219 0.133684 0.946270 -0.047450 -0.319876
0.063915 0.022074 0.132273 0.842847 -0.495419 -0.210162
0.066703 0.027928 0.128123 0.983828 0.050900 -0.171730
0.066908 0.031192 0.132782 0.690151 0.613084 -0.384474
0.068893 0.026373 0.139376 0.840524 -0.511469 -0.178658
0.066307 0.024516 0.138524 0.695037 -0.603383 -0.390964
0.063276 0.033559 0.133676 -0.495363 -0.854260 0.157658
0.067854 0.030869 0.134991 0.853453 0.458313 -0.248127
0.065140 0.022419 0.136638 0.943298 -0.156706 -0.292629
0.067572 0.030245 0.132876 0.896105 0.336562 -0.289347
0.065557 0.024278 0.136475 0.860408 -0.499076 -0.103055
0.064308 0.023173 0.131790 0.891494 -0.436665 -0.120677
0.066257 0.025687 0.128157 0.927571 -0.373541 0.008935
0.067689 0.028088 0.132897 0.957976 -0.053751 -0.281768
0.068512 0.030709 0.137841 0.925575 0.361172 -0.113427
0.064598 0.023331 0.133494 0.931459 -0.337988 -0.134715
0.066304 0.025708 0.127522 0.953760 -0.300142 0.016035
0.067064 0.028997 0.130426 0.931095 0.234747 -0.279204
0.066573 0.032098 0.134320 -0.555915 -0.794058 0.245826
0.067529 0.031756 0.136100 -0.676880 -0.717931 0.162508
0.066619 0.029251 0.129424 0.853355 0.419988 -0.308862
0.067066 0.032163 0.136493 -0.541001 -0.833673 0.110939
0.068467 0.029712 0.136054 0.974544 0.118596 -0.190260
0.064582 0.032024 0.130732 -0.508166 -0.795730 0.329517
0.067204 0.030040 0.131817 0.844471 0.395755 -0.360896
0.064912 0.030356 0.126808 0.705576 0.653452 -0.274157
0.064549 0.031673 0.129786 -0.545669 -0.801755 0.243790
0.064101 0.031802 0.129159 -0.570888 -0.793243 0.211785
0.065883 0.031340 0.131339 -0.621687 -0.711464 0.327603
0.066801 0.024886 0.138948 0.773122 -0.601711 -0.200565
0.065333 0.024430 0.128370 0.708919 -0.703289 0.053100
0.065023 0.024167 0.128990 0.674686 -0.736925 0.041719
0.066683 0.026875 0.129253 0.956673 -0.260683 -0.129696
0.064942 0.030877 0.128282 -0.665330 -0.702604 0.252357
0.066076 0.030086 0.129386 0.761935 0.561457 -0.322831
0.063572 0.032807 0.131367 -0.442422 -0.862938 0.244133
0.065938 0.025124 0.131435 0.674511 -0.736033 0.057365
0.065884 0.029453 0.127500 0.810007 0.526085 -0.259082
0.065319 0.032858 0.136010 0.363627 0.926503 -0.096786
0.066943 0.027241 0.130008 0.947067 -0.239574 -0.213701
0.068832 0.029240 0.137414 0.975787 0.068689 -0.207657
0.066757 0.025999 0.133827 0.685125 -0.728409 -0.004956
0.066004 0.032750 0.136575 0.401156 0.911287 -0.092896
0.067301 0.032056 0.136679 -0.573752 -0.808931 0.128219
0.065465 0.031317 0.130564 -0.596437 -0.727946 0.338168
0.068376 0.030622 0.136641 0.911353 0.387874 -0.137800
0.064859 0.033034 0.135779 -0.410839 -0.907487 0.087629
0.067704 0.026341 0.136584 0.623256 -0.755008 -0.203751
0.065599 0.022829 0.137983 0.966657 -0.111373 -0.230588
0.065060 0.024199 0.132946 0.790056 -0.607729 -0.080484
0.067527 0.030919 0.133954 0.832372 0.500488 -0.238050
0.066907 0.026126 0.132447 0.769655 -0.637635 -0.032464
0.064555 0.023053 0.133617 0.941393 -0.287943 -0.175694
0.065947 0.025185 0.132503 0.717008 -0.695749 -0.042811
0.064423 0.032336 0.131275 -0.457174 -0.839175 0.294580
0.067902 0.027624 0.133690 0.921686 -0.293878 -0.253239
0.066978 0.027568 0.129830 0.970508 -0.142536 -0.194418
0.065553 0.029594 0.126830 0.765803 0.562015 -0.312547
0.063968 0.032131 0.129841 -0.562260 -0.785898 0.257348
0.067348 0.029336 0.131580 0.934855 0.200546 -0.292964
0.066281 0.025511 0.130452 0.816938 -0.575105 -0.043195
0.068696 0.027726 0.136781 0.953066 -0.206877 -0.221059
0.067035 0.026253 0.133778 0.730080 -0.683091 -0.019233
0.068867 0.027854 0.138173 0.973749 -0.107274 -0.200763
0.065269 0.023396 0.136619 0.949883 -0.186745 -0.250696
0.064682 0.022520 0.134771 0.943656 -0.260640 -0.203910
0.068946 0.027666 0.138469 0.964902 -0.109357 -0.238758
0.065405 0.024635 0.130967 0.668693 -0.740489 0.067274
0.068531 0.029408 0.136164 0.977247 0.077664 -0.197376
0.064534 0.030910 0.127244 -0.653879 -0.713554 0.251561
0.067495 0.031200 0.135084 0.784411 0.568306 -0.248451
0.066926 0.026157 0.133033 0.735736 -0.677002 -0.019014
0.065818 0.032481 0.134052 -0.462881 -0.868973 0.175008
0.063630 0.032925 0.132010 -0.432292 -0.873690 0.223136
0.068005 0.026858 0.135837 0.789583 -0.581877 -0.194878
0.064981 0.024210 0.130353 0.694772 -0.718900 0.021791
0.064704 0.030666 0.127198 -0.668321 -0.698530 0.255741
0.064171 0.022032 0.133429 0.873423 -0.430511 -0.227577
0.067795 0.026495 0.136312 0.644605 -0.732936 -0.217462
0.064368 0.022751 0.132922 0.924018 -0.338604 -0.177592
0.064920 0.024184 0.132446 0.799119 -0.592712 -0.100503
0.063612 0.022126 0.130490 0.884463 -0.452278 -0.114758
0.066562 0.025784 0.131574 0.780789 -0.623736 -0.036363
0.068163 0.027107 0.135826 0.848295 -0.487967 -0.205631
0.068996 0.027461 0.138709 0.963288 -0.126607 -0.236740
0.068393 0.028140 0.135034 0.965005 -0.156736 -0.210234
0.065864 0.025049 0.131244 0.677495 -0.733368 0.056321
0.066539 0.031245 0.132281 -0.632518 -0.647570 0.424940
0.063750 0.022226 0.130972 0.876185 -0.464215 -0.129632
0.067431 0.029224 0.131828 0.948122 0.159790 -0.274830
0.068622 0.028639 0.136270 0.976640 0.046251 -0.209848
0.068740 0.029205 0.137078 0.975995 0.068494 -0.206744
0.066451 0.025709 0.130824 0.829807 -0.554357 -0.064097
0.065474 0.024539 0.128218 0.729425 -0.680857 0.066133
0.066919 0.028166 0.129407 0.983370 0.021160 -0.180375
0.065773 0.029322 0.126943 0.806892 0.521069 -0.278232
0.064345 0.032181 0.130805 -0.492632 -0.808438 0.322090
0.067169 0.027798 0.130742 0.973196 -0.065515 -0.220446
0.065919 0.024652 0.137156 0.792923 -0.565857 -0.226009
0.065298 0.023874 0.135943 0.901069 -0.398012 -0.172222
0.063886 0.021842 0.132732 0.828522 -0.521660 -0.203526
0.064336 0.031983 0.130268 -0.544316 -0.786472 0.291859
0.065608 0.024347 0.136652 0.850525 -0.511440 -0.122623
0.068932 0.028153 0.138334 0.975297 -0.066451 -0.210668
0.063672 0.020929 0.134612 0.691271 -0.677866 -0.250285
0.068605 0.028391 0.136078 0.975921 -0.019600 -0.217241
0.068725 0.028163 0.136672 0.980218 -0.042608 -0.193283
0.067890 0.027235 0.134331 0.871254 -0.448739 -0.198871
0.065858 0.024776 0.135594 0.783959 -0.614818 -0.086067
0.063882 0.021912 0.132501 0.831274 -0.519096 -0.198805
0.064159 0.023180 0.130534 0.861198 -0.499498 -0.094017
0.066621 0.025866 0.134056 0.683688 -0.729719 -0.008975
0.068561 0.029040 0.136170 0.976317 0.091914 -0.195848
0.068918 0.029004 0.137908 0.986691 0.022860 -0.160993
0.068642 0.026299 0.138902 0.746184 -0.593906 -0.300808
0.065362 0.024136 0.135368 0.839286 -0.518788 -0.162660
0.067981 0.029167 0.133772 0.962776 0.055715 -0.264494
0.064581 0.022478 0.134351 0.933706 -0.287387 -0.213546
0.066409 0.025676 0.133255 0.718573 -0.695451 0.001391
0.068409 0.028611 0.135052 0.974210 0.047655 -0.220555
0.063614 0.033455 0.134168 0.474407 0.866496 -0.155313
0.067954 0.030366 0.134611 0.914665 0.316585 -0.251320
0.068164 0.025914 0.138780 0.563117 -0.780900 -0.270361
0.065662 0.023599 0.137812 0.934473 -0.238027 -0.264769
0.065760 0.032187 0.133037 -0.531880 -0.790455 0.303784
0.064011 0.023015 0.127843 0.763580 -0.644293 0.042808
0.065753 0.030044 0.128434 0.772546 0.581942 -0.254001
0.065487 0.032675 0.134940 -0.379643 -0.915211 0.135129
0.063805 0.021392 0.133611 0.734269 -0.639637 -0.227406
0.065630 0.024711 0.128754 0.739586 -0.672874 0.015917
0.065893 0.032777 0.136411 0.388359 0.916107 -0.099629
0.067686 0.025561 0.139171 -0.491148 0.843253 0.218398
0.067991 0.030929 0.135523 0.842566 0.477590 -0.248981
0.064853 0.023933 0.127942 0.677480 -0.730705 0.084213
0.062611 0.034115 0.135210 0.453950 0.874463 -0.171008
0.065287 0.024454 0.130090 0.670477 -0.740740 0.042007
0.066259 0.025222 0.135602 0.733949 -0.676105 -0.064817
0.066772 0.030580 0.131644 0.740413 0.572855 -0.351604
0.065801 0.024080 0.137701 0.898441 -0.360248 -0.251049
0.067534 0.031182 0.134530 0.802489 0.550215 -0.230816
0.066648 0.027104 0.128725 0.966408 -0.212736 -0.144220
0.066305 0.032454 0.135590 -0.435271 -0.894076 0.105677
0.064667 0.031612 0.129921 -0.555481 -0.788622 0.263658
0.064733 0.023948 0.131832 0.832783 -0.552887 -0.028062
0.067174 0.027614 0.130731 0.969837 -0.119574 -0.212411
0.066881 0.030093 0.131112 0.780525 0.511902 -0.358800
0.066402 0.026020 0.128713 0.935995 -0.349884 -0.038658
0.067631 0.030862 0.134204 0.854639 0.467248 -0.226433
0.067374 0.030004 0.132177 0.879248 0.327948 -0.345503
0.064941 0.022445 0.135933 0.946330 -0.194521 -0.258109
0.066494 0.026719 0.127429 0.989649 -0.137221 -0.042006
0.068876 0.027388 0.138365 0.954137 -0.206137 -0.217095
0.066836 0.026220 0.131474 0.874037 -0.469163 -0.126279
0.066735 0.025968 0.132988 0.722308 -0.691553 -0.005059
0.065300 0.030287 0.127581 0.726051 0.631739 -0.271581
0.066087 0.029147 0.127495 0.832496 0.492452 -0.253852
0.066038 0.025236 0.133865 0.759479 -0.650527 -0.002275
0.065234 0.031110 0.129483 -0.641608 -0.726260 0.246749
0.066654 0.032216 0.134970 -0.531019 -0.831728 0.162013
0.064422 0.031168 0.127762 -0.635440 -0.731565 0.247042
0.064822 0.022168 0.135712 0.924204 -0.284561 -0.254698
0.064209 0.021582 0.134425 0.803705 -0.545229 -0.238291
0.063412 0.021001 0.133703 0.692515 -0.686356 -0.222123
0.068690 0.027272 0.137518 0.922732 -0.334800 -0.190985
0.067519 0.027472 0.132467 0.955647 -0.196332 -0.219528
0.066386 0.025672 0.132755 0.705132 -0.709002 -0.010298
0.064923 0.024151 0.131367 0.764465 -0.644507 0.014292
0.064722 0.030984 0.127936 -0.645157 -0.719111 0.258170
0.063205 0.033485 0.133027 -0.513642 -0.839709 0.176239
0.065143 0.024483 0.132073 0.728780 -0.683621 -0.039270
0.066577 0.027653 0.127222 0.979986 0.084820 -0.180089
0.066839 0.032177 0.135382 -0.551342 -0.824791 0.125466
0.068284 0.029982 0.135313 0.950475 0.168634 -0.261073
0.064807 0.023854 0.133040 0.851280 -0.517313 -0.087803
0.064279 0.032659 0.132201 -0.393120 -0.888901 0.235184
0.065105 0.024219 0.128654 0.680463 -0.731594 0.041710
0.065713 0.024901 0.131015 0.665208 -0.744647 0.054763
0.066408 0.025569 0.131538 0.756208 -0.654298 -0.006542
0.066800 0.026466 0.130615 0.907199 -0.389565 -0.158838
0.063575 0.021253 0.133349 0.722483 -0.658401 -0.211012
0.062881 0.033905 0.134725 -0.444180 -0.878623 0.175287
0.064668 0.023516 0.133334 0.910723 -0.398505 -0.108521
0.067645 0.029684 0.132815 0.950170 0.156380 -0.269670
0.069032 0.029161 0.139188 0.982431 0.141747 -0.121398
0.067554 0.027056 0.133264 0.896849 -0.411109 -0.163254
0.066067 0.025038 0.136218 0.755882 -0.653255 -0.043605
0.067807 0.028846 0.133230 0.952118 0.005427 -0.305682
0.063892 0.032721 0.131841 -0.422432 -0.873021 0.243693
0.065590 0.024658 0.128426 0.749815 -0.660760 0.034268
0.064352 0.023471 0.130675 0.825892 -0.556442 -0.090960
0.067335 0.031748 0.135353 0.700672 0.681249 -0.212035
0.065523 0.023916 0.137115 0.910274 -0.306431 -0.278391
0.066357 0.028950 0.128147 0.859869 0.447417 -0.245852
0.067559 0.028217 0.132355 0.970434 -0.061278 -0.233458
0.065093 0.022666 0.136406 0.949587 -0.152797 -0.273749
0.067056 0.029228 0.130627 0.913887 0.271417 -0.301899
0.066838 0.025509 0.137238 0.655992 -0.707738 -0.262263
0.064381 0.022466 0.133528 0.924867 -0.320271 -0.205055
0.065113 0.024237 0.133353 0.810007 -0.581180 -0.078220
0.065728 0.029762 0.127717 0.780877 0.568377 -0.259189
0.066374 0.028664 0.127659 0.888314 0.383481 -0.252665
0.065047 0.024019 0.134007 0.835985 -0.532327 -0.133253
0.067813 0.029355 0.133285 0.952923 0.057071 -0.297793
0.066420 0.026029 0.129041 0.933175 -0.352393 -0.070733
0.066728 0.026684 0.129936 0.930495 -0.313056 -0.190198
0.065685 0.024634 0.135192 0.776399 -0.614715 -0.139034
0.065667 0.032756 0.136158 -0.358832 -0.927839 0.101753
0.066863 0.027913 0.129170 0.985327 -0.021143 -0.169363
0.065922 0.025083 0.130033 0.770527 -0.637235 -0.014805
0.066806 0.026857 0.130130 0.928164 -0.306595 -0.210977
0.064217 0.023297 0.128101 0.755255 -0.653742 0.047026
0.065898 0.032284 0.133434 -0.525487 -0.807863 0.266873
0.068872 0.026519 0.139173 0.870273 -0.437671 -0.225985
0.067071 0.031760 0.134530 0.692375 0.687075 -0.220329
0.069185 0.028672 0.139611 0.987454 0.085265 -0.132911
0.065459 0.022007 0.137893 0.945889 -0.181988 -0.268654
0.064870 0.024126 0.131948 0.802448 -0.595748 -0.034078
0.064382 0.023240 0.132058 0.898809 -0.413278 -0.146092
0.065869 0.025038 0.131073 -0.688221 0.724201 -0.043405
0.066101 0.031231 0.131501 -0.627959 -0.704491 0.330696
0.065866 0.024973 0.134643 0.768753 -0.630984 -0.104300
0.064959 0.023623 0.134785 0.914497 -0.376499 -0.148133
0.067894 0.026360 0.136914 0.632675 -0.731456 -0.254351
0.065518 0.030050 0.127710 0.747760 0.608328 -0.266069
0.064392 0.033241 0.135206 -0.430540 -0.888606 0.158158
0.067098 0.027386 0.130404 0.959496 -0.174346 -0.221295
0.067962 0.028542 0.133642 0.951915 -0.002631 -0.306351
0.067280 0.026179 0.135850 0.638625 -0.756654 -0.140119
0.065855 0.024743 0.135953 0.802260 -0.594745 -0.051546
0.068629 0.030440 0.137932 0.938507 0.328647 -0.105813
0.065033 0.024353 0.131763 0.773055 -0.634295 0.007535
0.068926 0.028911 0.137758 0.983972 0.012472 -0.177887
0.065888 0.025085 0.132997 0.727772 -0.684713 -0.038932
0.068679 0.029847 0.137138 0.962182 0.202451 -0.182262
0.064486 0.031379 0.128491 -0.606498 -0.754729 0.250090
0.067505 0.031300 0.134662 0.784063 0.573846 -0.236529
0.067507 0.031928 0.137105 0.639762 0.757831 -0.128050
0.067864 0.028315 0.133415 0.943629 -0.043324 -0.328156
0.066295 0.025766 0.128860 0.916633 -0.397607 -0.041141
0.067284 0.026698 0.132490 0.899612 -0.413336 -0.140893
0.065502 0.030457 0.128734 0.727476 0.627510 -0.277507
0.066714 0.029360 0.129752 0.865124 0.400751 -0.301595
0.065778 0.030327 0.129135 0.739951 0.601303 -0.301508
0.067362 0.027434 0.132002 0.961087 -0.187275 -0.203076
0.065125 0.024282 0.133133 0.776665 -0.625676 -0.072946
0.064791 0.033102 0.135318 -0.387911 -0.910503 0.143213
0.067112 0.029959 0.131435 0.849565 0.386996 -0.358431
0.066303 0.032575 0.136231 -0.441171 -0.892102 0.097583
0.067109 0.029603 0.131024 0.879750 0.334268 -0.338089
0.064324 0.031125 0.127410 -0.647719 -0.717532 0.256142
0.065793 0.024570 0.136961 0.815191 -0.545301 -0.195217
0.067353 0.028239 0.131339 0.978221 -0.050329 -0.201371
0.067853 0.025945 0.138259 0.530800 -0.799970 -0.279821
0.065799 0.032614 0.134672 -0.410106 -0.899513 0.150629
0.065176 0.032994 0.136176 0.373415 0.923380 -0.089050
0.064774 0.023956 0.129439 0.689875 -0.722462 0.046064
0.067332 0.026151 0.136416 0.599046 -0.783689 -0.164244
0.069004 0.027955 0.138504 0.969778 -0.075161 -0.232123
0.065344 0.032089 0.132061 -0.542580 -0.774262 0.325768
0.066899 0.026103 0.134534 0.660374 -0.746370 -0.082698
0.067896 0.031343 0.136282 0.789234 0.584362 -0.188762
0.068031 0.031473 0.137143 0.800440 0.577165 -0.161792
0.067426 0.027742 0.131974 0.970808 -0.115887 -0.210006
0.067520 0.026871 0.133887 0.829126 -0.537054 -0.155319
0.068092 0.030301 0.134951 0.920974 0.279298 -0.271661
0.065155 0.032687 0.133550 -0.381679 -0.906784 0.179063
0.069274 0.028185 0.139840 0.985579 0.001901 -0.169207
0.068150 0.028010 0.134285 0.949113 -0.177706 -0.260008
0.066702 0.025644 0.136318 0.666982 -0.740567 -0.081828
0.065019 0.030661 0.127960 -0.679826 -0.684922 0.262143
0.065324 0.030369 0.127926 0.721417 0.642142 -0.259250
0.065467 0.024478 0.134932 0.793542 -0.590745 -0.145987
0.065697 0.022311 0.138530 0.965800 -0.124674 -0.227346
0.065770 0.024328 0.137395 0.846299 -0.447837 -0.288479
0.068926 0.029271 0.138013 0.985981 0.114975 -0.120920
0.065583 0.022704 0.138063 0.967603 -0.114467 -0.225036
0.067380 0.030238 0.132363 0.841945 0.408367 -0.352654
0.065937 0.024923 0.135386 0.756703 -0.644537 -0.109418
0.066195 0.025453 0.127673 0.908216 -0.413099 0.067033
0.065265 0.024269 0.134339 0.819061 -0.562129 -0.114674
0.066675 0.025881 0.132316 0.740889 -0.671492 -0.013508
0.066879 0.026110 0.133966 0.685287 -0.727961 -0.021316
0.068527 0.027058 0.137229 0.862070 -0.442699 -0.246685
0.065589 0.023538 0.137590 0.931970 -0.220079 -0.288093
0.065673 0.024854 0.134019 0.762241 -0.644864 -0.056034
0.068533 0.028160 0.135866 0.974852 -0.083301 -0.206699
0.069259 0.028325 0.139730 0.988273 0.020589 -0.151305
0.064150 0.033433 0.135679 0.469533 0.868169 -0.160694
0.063298 0.020759 0.134044 0.689328 -0.689303 -0.222911
0.067231 0.031898 0.135462 -0.672514 -0.711286 0.204445
0.067494 0.029928 0.132428 0.917539 0.238259 -0.318363
0.068577 0.029205 0.136340 0.975205 0.082687 -0.205274
0.065774 0.024830 0.134754 0.767836 -0.628596 -0.123672
0.065987 0.024141 0.138314 0.841826 -0.439829 -0.312856
0.063673 0.033157 0.133032 -0.491078 -0.851748 0.182667
0.064372 0.021096 0.136032 0.799092 -0.509970 -0.318407
0.068650 0.027322 0.137320 0.916356 -0.341103 -0.209621
0.064965 0.032546 0.132673 -0.438749 -0.853076 0.282420
0.065263 0.023748 0.136405 0.928391 -0.319643 -0.189519
0.067051 0.028371 0.130015 0.974095 0.052802 -0.219888
0.066580 0.032303 0.135212 -0.494727 -0.858044 0.137864
0.067497 0.030192 0.132610 0.888433 0.313696 -0.335085
0.065779 0.024921 0.130347 0.719473 -0.694485 0.007069
0.067789 0.031763 0.137312 0.705382 0.698413 -0.121061
0.066554 0.026851 0.127803 0.984716 -0.159558 -0.069821
0.067244 0.025463 0.138274 0.646336 -0.731532 -0.217049
0.064874 0.032195 0.131566 -0.503937 -0.803019 0.318133
0.068351 0.031093 0.137957 0.911115 0.398098 -0.106716
0.065231 0.022627 0.136864 0.940785 -0.138491 -0.309423
0.067609 0.031521 0.135606 0.759788 0.609955 -0.225115
0.067122 0.032029 0.135903 -0.587470 -0.798886 0.129077
0.065036 0.033085 0.136256 0.378082 0.921436 -0.089502
0.064246 0.022456 0.132900 0.899041 -0.391171 -0.196750
0.067259 0.026602 0.132913 0.836965 -0.539068 -0.094315
0.064537 0.023757 0.130006 0.750562 -0.660776 0.005522
0.066556 0.026108 0.129945 0.916602 -0.382851 -0.115180
0.066249 0.025560 0.127791 0.915078 -0.398503 0.061861
0.069157 0.027224 0.139533 0.967153 -0.167913 -0.190839
0.067299 0.026333 0.135172 0.663715 -0.734437 -0.141719
0.064947 0.024079 0.128785 0.678994 -0.733089 0.039334
0.065073 0.031199 0.129257 -0.613102 -0.749626 0.249332
0.065192 0.022789 0.136759 0.944463 -0.130430 -0.301626
0.062622 0.034062 0.134557 -0.434453 -0.883146 0.176927
0.065258 0.023244 0.136697 0.949397 -0.156221 -0.272472
0.067145 0.027298 0.130700 0.956832 -0.201410 -0.209537
0.067937 0.030610 0.134822 0.878759 0.402202 -0.256936
0.067889 0.031017 0.135364 0.834838 0.491803 -0.247336
0.068401 0.029132 0.135395 0.969525 0.115104 -0.216270
0.064657 0.031400 0.129020 -0.584192 -0.778218 0.230427
0.064814 0.023048 0.134701 0.950047 -0.253149 -0.182556
0.065542 0.024680 0.129919 0.699058 -0.714228 0.034596
0.066405 0.025700 0.130651 0.845397 -0.530540 -0.061890
0.063979 0.022950 0.129956 0.867514 -0.494137 -0.056992
0.064683 0.023754 0.132344 0.854206 -0.507593 -0.112610
0.064836 0.022705 0.135413 0.955590 -0.211730 -0.204985
0.068797 0.027205 0.138178 0.939496 -0.264415 -0.217788
0.067035 0.029731 0.131004 0.861338 0.371102 -0.346959
0.066107 0.025318 0.133660 0.748236 -0.663388 0.007715
0.063390 0.032966 0.131617 -0.448527 -0.863548 0.230452
0.065325 0.021740 0.137684 0.931564 -0.219123 -0.290128
0.068246 0.028524 0.134543 0.963611 0.022447 -0.266363
0.066516 0.026282 0.129293 0.943324 -0.312673 -0.111247
0.066777 0.026003 0.132066 0.772191 -0.634047 -0.041295
0.063321 0.021158 0.132820 0.741250 -0.644819 -0.186432
0.064788 0.031386 0.129336 -0.574867 -0.787924 0.220691
0.067451 0.026407 0.135710 0.662730 -0.730039 -0.166830
0.064113 0.021144 0.135199 0.740421 -0.616125 -0.268638
0.065005 0.024190 0.132646 0.790515 -0.603869 -0.102118
0.064349 0.031513 0.128564 -0.595562 -0.768888 0.232631
0.064138 0.022239 0.132886 0.878164 -0.432058 -0.205314
0.067336 0.030489 0.132560 0.804005 0.463307 -0.372723
0.068265 0.030417 0.135723 0.928195 0.297694 -0.223231
0.065455 0.022593 0.137526 0.951556 -0.123474 -0.281596
0.068975 0.028508 0.138324 0.980659 -0.041923 -0.191183
0.068119 0.030021 0.134802 0.941844 0.197410 -0.271956
0.066570 0.032194 0.134603 -0.535002 -0.816654 0.216449
0.066444 0.027956 0.126743 0.942492 0.215449 -0.255521
0.069168 0.027521 0.139579 0.974336 -0.124716 -0.187390
0.065075 0.030553 0.127718 0.689038 0.676085 -0.261027
0.066782 0.026378 0.130917 0.896605 -0.417808 -0.146755
0.066549 0.025802 0.134277 0.684041 -0.728293 -0.040943
0.065475 0.022817 0.137425 0.952875 -0.112164 -0.281867
0.066918 0.027520 0.129497 0.975540 -0.135445 -0.173139
0.064956 0.023981 0.127573 -0.682265 0.724286 -0.099621
0.063215 0.020544 0.134440 0.677970 -0.696038 -0.236405
0.066269 0.030422 0.130397 0.715174 0.604264 -0.351271
0.068276 0.026452 0.137662 0.712566 -0.641262 -0.284661
0.066040 0.030654 0.130327 0.684372 0.640150 -0.349061
0.065406 0.024475 0.128588 0.713259 -0.699902 0.037401
0.064595 0.021673 0.135575 0.867565 -0.422873 -0.261744
0.065960 0.025157 0.128559 0.845511 -0.533944 -0.003843
0.067153 0.032122 0.136764 -0.551755 -0.825531 0.118599
0.065479 0.024156 0.136024 0.867592 -0.490404 -0.082385
0.066017 0.023721 0.138795 0.835813 -0.383848 -0.392527
0.063989 0.032917 0.132668 -0.415071 -0.884657 0.212365
0.064366 0.022201 0.133820 0.908255 -0.353139 -0.224423
0.065232 0.024263 0.134156 0.811025 -0.576295 -0.100608
0.065846 0.023511 0.138734 0.916356 -0.272889 -0.292956
0.066842 0.025778 0.136422 0.644740 -0.757004 -0.106087
0.064282 0.031446 0.128264 -0.605377 -0.757404 0.244660
0.068634 0.028797 0.136484 0.978929 0.067448 -0.192739
0.065483 0.029757 0.127019 0.753349 0.584811 -0.300768
0.063171 0.033562 0.133328 -0.511157 -0.844352 0.160586
0.066378 0.031125 0.131814 -0.650227 -0.668194 0.361555
0.066409 0.025329 0.136535 0.694352 -0.712536 -0.100837
0.067118 0.028364 0.130283 0.970120 0.026642 -0.241159
0.065181 0.024440 0.131240 0.715754 -0.696527 0.050454
0.066601 0.030610 0.131196 0.721146 0.587908 -0.366486
0.066349 0.025384 0.135220 0.734663 -0.661088 -0.152425
0.067371 0.031032 0.133709 0.813424 0.533472 -0.231838
0.067199 0.026433 0.133547 0.771327 -0.634572 -0.048720
0.067035 0.030487 0.131968 0.769622 0.527615 -0.359589
0.065834 0.024859 0.127579 0.791998 -0.602919 0.096065
0.064945 0.023943 0.133820 0.838011 -0.532239 -0.120249
0.067883 0.029143 0.133414 0.956366 0.034997 -0.290067
0.066184 0.025439 0.132599 0.718799 -0.695044 -0.015527
0.064291 0.031332 0.127984 -0.629623 -0.737576 0.244043
0.067317 0.031233 0.133975 0.779041 0.574929 -0.250104
0.068230 0.027691 0.134944 0.930303 -0.306592 -0.201337
0.067501 0.027716 0.132328 0.961890 -0.138536 -0.235744
0.062560 0.034115 0.134864 0.441236 0.881666 -0.167257
0.066222 0.025496 0.129477 0.869816 -0.487055 -0.078729
0.065049 0.024354 0.131947 0.774180 -0.632581 -0.022057
0.067625 0.029377 0.132722 0.960751 0.089340 -0.262634
0.068637 0.027501 0.136849 0.919594 -0.313379 -0.236941
0.067721 0.026228 0.136962 0.594198 -0.769648 -0.233603
0.066020 0.024942 0.136570 0.767138 -0.630124 -0.120180
0.063727 0.021644 0.132626 0.792339 -0.577082 -0.197930
0.068160 0.029952 0.135043 0.942812 0.180082 -0.280494
0.065930 0.031454 0.131896 -0.604300 -0.718413 0.344535
0.064176 0.021010 0.135733 0.763058 -0.577459 -0.290316
0.064481 0.033064 0.134745 -0.367663 -0.913473 0.174333
0.066627 0.026174 0.130397 0.909157 -0.395260 -0.131159
0.067495 0.025529 0.138866 0.519107 -0.833565 -0.188937
0.065563 0.024569 0.127607 0.737413 -0.666732 0.108122
0.066883 0.031426 0.133248 0.690606 0.657791 -0.300623
0.065631 0.030861 0.130017 0.680370 0.657493 -0.323729
0.063854 0.022242 0.131716 0.860614 -0.476925 -0.178565
0.063934 0.033452 0.135283 -0.476369 -0.861272 0.176869
0.066993 0.031885 0.134893 -0.658004 -0.717786 0.227627
0.064690 0.023912 0.131176 0.795306 -0.605037 -0.037672
0.064619 0.031553 0.129598 -0.556479 -0.799574 0.225859
0.067469 0.030759 0.133408 0.854222 0.462551 -0.237383
0.066337 0.032586 0.136590 0.450154 0.888304 -0.090981
0.068766 0.026714 0.138522 0.879746 -0.378659 -0.287515
0.067425 0.026754 0.133508 0.823866 -0.558868 -0.094398
0.068715 0.026515 0.138738 0.788648 -0.534635 -0.303644
0.068846 0.028485 0.137619 0.989064 -0.024020 -0.145516
0.067806 0.030396 0.134159 0.904535 0.354982 -0.236228
0.068598 0.026950 0.137568 0.871804 -0.432387 -0.230217
0.068263 0.028749 0.134715 0.957001 0.106688 -0.269752
0.065963 0.024831 0.136833 0.768668 -0.617012 -0.168658
0.067241 0.027268 0.131247 0.961220 -0.218216 -0.168633
0.065048 0.024312 0.130585 0.694647 -0.718371 0.037522
0.068266 0.026851 0.136800 0.784895 -0.556586 -0.272308
0.067690 0.025626 0.138932 0.489651 -0.843132 -0.222196
0.065290 0.024221 0.127375 -0.698676 0.707754 -0.104574
0.065210 0.021961 0.137163 0.922571 -0.203514 -0.327786
0.066592 0.027869 0.127548 0.973774 0.136339 -0.182141
0.066946 0.032137 0.135637 -0.552583 -0.822831 0.132666
0.067075 0.026450 0.131972 0.856551 -0.496532 -0.140629
0.066683 0.025998 0.131263 0.866874 -0.485276 -0.114175
0.066887 0.027623 0.129233 0.979702 -0.135980 -0.147284
0.066234 0.028713 0.127257 0.867022 0.425725 -0.258903
0.064444 0.021750 0.134899 0.861145 -0.452167 -0.232324
0.068053 0.031064 0.136233 0.850387 0.496144 -0.175167
0.065666 0.024472 0.136038 0.835260 -0.546503 -0.060621
0.065700 0.024931 0.132385 0.694608 -0.716621 -0.063033
0.064611 0.023704 0.127745 -0.701936 0.706256 -0.092131
0.068570 0.030380 0.138440 0.947450 0.311423 -0.073176
0.067637 0.029098 0.132661 0.969774 0.039801 -0.240736
0.066635 0.026356 0.129972 0.923402 -0.350590 -0.156252
0.064826 0.023477 0.134398 0.925242 -0.347517 -0.152182
0.065671 0.030232 0.128615 0.753082 0.601732 -0.266058
0.066959 0.025088 0.139287 0.744893 -0.647499 -0.160874
0.065688 0.024790 0.128190 0.763568 -0.644207 0.044276
0.067842 0.026266 0.137178 0.599224 -0.756961 -0.260655
0.066535 0.030325 0.130847 0.750766 0.547538 -0.369531
0.066929 0.028836 0.129764 0.943313 0.231641 -0.237704
0.063958 0.022668 0.130920 0.886470 -0.443068 -0.133649
0.063926 0.022426 0.131427 0.876780 -0.457735 -0.147429
0.064497 0.031443 0.128791 -0.594184 -0.769668 0.233573
0.065011 0.032050 0.131531 -0.517190 -0.792140 0.324081
0.066189 0.025618 0.128421 0.898163 -0.439257 0.018900
0.065606 0.022038 0.138436 0.960647 -0.142510 -0.238428
0.067323 0.030971 0.133272 0.793489 0.543422 -0.273985
0.064397 0.031597 0.129195 -0.561159 -0.799871 0.212853
0.067203 0.028053 0.130825 0.972789 -0.044013 -0.227475
0.066707 0.025791 0.135234 0.688551 -0.707450 -0.159413
0.065567 0.024288 0.136229 0.855397 -0.513646 -0.066811
0.066960 0.026776 0.130608 0.920779 -0.340520 -0.190296
0.065846 0.024988 0.128375 0.807516 -0.589610 0.016642
0.065000 0.023657 0.134957 0.912716 -0.382129 -0.144661
0.064430 0.022777 0.133282 0.935008 -0.305931 -0.179347
0.065753 0.024762 0.134932 0.769297 -0.624299 -0.135765
0.067899 0.025806 0.138775 0.511751 -0.821674 -0.250925
0.063429 0.033508 0.133948 -0.483076 -0.861047 0.158856
0.067668 0.027651 0.132958 0.949102 -0.181373 -0.257505
0.068119 0.030801 0.135734 0.873140 0.437675 -0.214632
0.067651 0.030162 0.133126 0.925495 0.276525 -0.258829
0.066221 0.025450 0.132892 0.723356 -0.690279 -0.016467
0.066871 0.032223 0.136088 -0.524041 -0.844384 0.111337
0.065247 0.024171 0.134895 0.831391 -0.534000 -0.153731
0.063637 0.021948 0.131471 0.844008 -0.512984 -0.156518
0.067970 0.027308 0.134534 0.872964 -0.446644 -0.196067
0.065394 0.022960 0.137272 0.945795 -0.115625 -0.303483
0.066142 0.024757 0.137451 0.728066 -0.643820 -0.235405
0.068317 0.030891 0.137111 0.914235 0.380553 -0.139116
0.069037 0.028974 0.138507 0.987479 0.093761 -0.126865
0.068833 0.029920 0.138679 0.961082 0.269041 -0.062752
0.064646 0.032700 0.132708 -0.365449 -0.897188 0.247992
0.066584 0.032342 0.135913 -0.495952 -0.861763 0.106749
0.063912 0.020917 0.135267 0.720488 -0.641899 -0.262418
0.065868 0.025035 0.128781 0.819199 -0.573509 0.000745
0.064309 0.023202 0.131587 0.886918 -0.448485 -0.110622
0.065751 0.024621 0.136136 0.821316 -0.568101 -0.051967
0.068893 0.028589 0.138141 0.981614 -0.038887 -0.186873
0.066924 0.026237 0.131850 0.843045 -0.528131 -0.101752
0.063693 0.033538 0.134680 -0.470481 -0.860361 0.196029
0.068625 0.026724 0.138236 0.852798 -0.443105 -0.276393
0.066071 0.029082 0.127301 0.831031 0.492779 -0.257983
0.067394 0.026857 0.133096 0.883886 -0.452230 -0.119306
0.064579 0.022352 0.134507 0.925294 -0.304706 -0.225799
0.065413 0.030485 0.128482 0.715208 0.649016 -0.259339
0.065305 0.030489 0.128201 0.717570 0.652460 -0.243697
0.067932 0.026998 0.135188 0.832205 -0.519276 -0.194388
0.066234 0.025453 0.133384 0.736974 -0.675885 0.007039
0.064772 0.031445 0.129533 -0.565925 -0.794179 0.221379
0.065838 0.023580 0.138504 0.912616 -0.283624 -0.294430
0.066221 0.025493 0.134143 0.750617 -0.660330 -0.023205
0.066814 0.029092 0.129645 0.899711 0.333996 -0.281009
0.064377 0.033007 0.133951 -0.368426 -0.917590 0.149305
0.064055 0.022345 0.132270 0.869407 -0.449325 -0.205518
0.066537 0.027272 0.127444 0.990173 -0.099336 -0.098434
0.067470 0.028937 0.131832 0.973903 0.048626 -0.221695
0.064553 0.032173 0.131072 -0.481250 -0.808290 0.339213
0.066975 0.028579 0.129668 0.965960 0.136054 -0.220026
0.066315 0.025796 0.128075 0.932182 -0.361873 0.009213
0.063472 0.033430 0.133720 -0.494222 -0.855492 0.154528
0.068398 0.029445 0.135890 0.976471 0.078708 -0.200770
0.066072 0.032589 0.135551 -0.410687 -0.903835 0.120079
0.066352 0.031282 0.132077 -0.625194 -0.674169 0.393228
0.069156 0.027851 0.139441 0.982939 -0.049582 -0.177125
0.065958 0.024905 0.127258 0.816796 -0.573830 0.059691
0.066742 0.024655 0.138914 0.768407 -0.580282 -0.269858
0.066844 0.027348 0.129239 0.972040 -0.178231 -0.152879
0.068767 0.027460 0.138024 0.966236 -0.183551 -0.180821
0.066210 0.032657 0.136469 0.427188 0.898726 -0.099009
0.065566 0.022627 0.137870 0.965205 -0.113084 -0.235776
0.066381 0.025719 0.130304 0.869185 -0.488104 -0.079193
0.067775 0.028146 0.133161 0.948404 -0.065686 -0.310187
0.067872 0.029927 0.133653 0.947242 0.218978 -0.234055
0.069274 0.028019 0.139881 0.986893 -0.011135 -0.160988
0.068978 0.028894 0.138208 0.987350 0.054219 -0.149000
0.067389 0.027111 0.132203 0.938830 -0.285111 -0.193160
0.069086 0.027709 0.138918 0.968842 -0.104939 -0.224351
0.066540 0.026450 0.128676 0.959243 -0.271857 -0.077121
0.064551 0.023264 0.132957 0.924150 -0.359697 -0.128706
0.064141 0.023261 0.130235 0.859021 -0.506522 -0.074281
0.063414 0.033796 0.135271 0.458718 0.866883 -0.195172
0.068806 0.028219 0.137399 0.990524 -0.061036 -0.123031
0.066801 0.032134 0.135068 -0.552536 -0.818882 0.155358
0.064730 0.030765 0.127395 -0.664768 -0.701091 0.257984
0.068085 0.029414 0.134575 0.957038 0.137986 -0.255026
0.066625 0.027452 0.127884 0.985808 -0.104970 -0.131009
0.064750 0.023966 0.131687 0.817697 -0.575034 -0.026596
0.066127 0.024010 0.138801 0.793128 -0.482549 -0.371612
0.065173 0.023173 0.136361 0.955726 -0.175771 -0.235994
0.066011 0.024960 0.136105 0.772775 -0.633017 -0.045918
0.066598 0.028424 0.128074 0.927921 0.292811 -0.230705
0.066359 0.024817 0.137795 0.674324 -0.689719 -0.263771
0.065038 0.023223 0.135828 0.948723 -0.237872 -0.208186
0.067751 0.031693 0.136673 0.711515 0.684229 -0.159929
0.068637 0.030240 0.137545 0.942160 0.317079 -0.108606
0.065339 0.031658 0.131093 -0.568157 -0.745731 0.347970
0.064311 0.021167 0.135705 0.795094 -0.535017 -0.285626
0.068318 0.026828 0.137039 0.791905 -0.544018 -0.277365
0.063661 0.033236 0.133465 -0.511780 -0.839353 0.183216
0.065214 0.032758 0.134144 -0.353591 -0.925863 0.133233
0.065848 0.032232 0.133231 -0.533667 -0.795587 0.286776
0.067643 0.027085 0.133601 0.879248 -0.431047 -0.202785
0.064820 0.022337 0.135580 0.934512 -0.269011 -0.233067
0.066675 0.024440 0.138773 0.728114 -0.572076 -0.377596
0.063441 0.021523 0.131933 0.797466 -0.570789 -0.195570
0.064273 0.022429 0.133180 0.903753 -0.378045 -0.200779
0.066262 0.032223 0.134087 -0.514314 -0.826012 0.230618
0.066128 0.028717 0.126892 0.853266 0.441457 -0.277583
0.066493 0.024921 0.138075 0.645442 -0.704017 -0.296251
0.067841 0.026866 0.135189 0.780926 -0.598327 -0.179330
0.066913 0.028479 0.129300 0.970187 0.133723 -0.202128
0.066399 0.025593 0.134984 0.724693 -0.672390 -0.150707
0.066313 0.030835 0.131086 0.678178 0.641873 -0.357874
0.068666 0.030306 0.137782 0.941527 0.318254 -0.110639
0.064569 0.032872 0.133566 -0.332415 -0.932019 0.144366
0.065658 0.031634 0.131592 -0.597188 -0.728072 0.336567
0.068440 0.029189 0.135771 0.978393 0.084621 -0.188646
0.062969 0.033679 0.134267 -0.469273 -0.870306 0.149498
0.068975 0.029357 0.139087 0.981066 0.152918 -0.118849
0.063332 0.033081 0.131902 -0.477855 -0.849105 0.225112
0.064398 0.031827 0.130005 -0.553101 -0.789030 0.267414
0.066584 0.024380 0.138854 0.735388 -0.560478 -0.380880
0.065158 0.032563 0.132940 -0.417901 -0.870688 0.259349
0.067279 0.026895 0.132040 0.931699 -0.311280 -0.187196
0.066786 0.027624 0.128569 0.980383 -0.109943 -0.163588
0.064952 0.023506 0.135076 0.926454 -0.341996 -0.157232
0.063845 0.021517 0.133392 0.752377 -0.619596 -0.223672
0.068865 0.028872 0.137510 0.983196 0.012199 -0.182144
0.063446 0.033292 0.132852 -0.479291 -0.853524 0.204394
0.067639 0.031122 0.134835 0.806822 0.538507 -0.242998
0.068468 0.030254 0.136357 0.952028 0.242358 -0.186828
0.066028 0.024640 0.137359 0.759949 -0.592472 -0.267309
0.064618 0.031866 0.130435 -0.528082 -0.786904 0.319237
0.066378 0.025671 0.130492 0.847049 -0.525090 -0.082386
0.064999 0.024062 0.128110 0.679619 -0.729439 0.077692
0.064198 0.023393 0.129908 0.813705 -0.580849 -0.022327
0.068384 0.030130 0.135805 0.951454 0.219380 -0.215889
0.067298 0.029055 0.131148 0.955151 0.131289 -0.265423
0.063952 0.022934 0.127977 0.764647 -0.642926 0.044289
0.066733 0.027867 0.128368 0.985379 -0.007367 -0.170215
0.068408 0.027140 0.136708 0.859064 -0.448096 -0.247425
0.068788 0.029134 0.137281 0.977028 0.057574 -0.205188
0.068876 0.029686 0.138709 0.967878 0.238704 -0.078952
0.066618 0.031057 0.132175 0.656510 0.630603 -0.413926
0.065019 0.030309 0.126993 0.710405 0.646695 -0.277688
0.065051 0.023520 0.135481 0.929955 -0.320408 -0.180339
0.065868 0.032009 0.132780 -0.545101 -0.770117 0.331337
0.066721 0.025658 0.136016 0.685249 -0.725326 -0.065849
0.064971 0.031452 0.130058 -0.560623 -0.779792 0.278615
0.066966 0.027815 0.129718 0.980833 -0.059535 -0.185531
0.067871 0.026809 0.135438 0.771292 -0.608056 -0.188087
0.068461 0.026690 0.137601 0.809872 -0.521069 -0.269433
0.065136 0.024085 0.127415 -0.684992 0.721858 -0.098526
0.064969 0.021437 0.136888 0.885658 -0.328510 -0.328165
0.065577 0.031984 0.132248 -0.563906 -0.755189 0.334215
0.065903 0.030255 0.129294 0.737132 0.600337 -0.310213
0.065639 0.022858 0.138267 0.967652 -0.127696 -0.217586
0.068620 0.026841 0.137796 0.844292 -0.469150 -0.258977
0.067367 0.027967 0.131493 0.979099 -0.083061 -0.185649
0.063946 0.022963 0.129211 0.847022 -0.531522 -0.006159
0.063348 0.033485 0.133494 -0.503477 -0.848420 0.163384
0.064127 0.032034 0.130080 -0.554252 -0.789313 0.264176
0.063683 0.032631 0.130915 -0.468950 -0.845322 0.255962
0.063891 0.021398 0.133886 0.730834 -0.635840 -0.248173
0.064660 0.032460 0.131967 -0.433148 -0.856036 0.282109
0.063579 0.022000 0.130812 0.871395 -0.476624 -0.116196
0.066176 0.025319 0.130890 0.759162 -0.650621 -0.019096
0.068083 0.026738 0.136495 0.763571 -0.598524 -0.242338
0.065655 0.024898 0.131359 0.660309 -0.748549 0.060557
0.068798 0.028195 0.137745 0.989743 -0.075335 -0.121379
0.066632 0.028807 0.128702 0.873419 0.397748 -0.280954
0.068853 0.028474 0.137882 0.985453 -0.044897 -0.163909
0.066488 0.028639 0.128100 0.906554 0.336213 -0.255187
0.066717 0.028546 0.128650 0.930463 0.274125 -0.243092
0.067836 0.027392 0.133759 0.899555 -0.361822 -0.244714
0.066869 0.025917 0.135357 0.687414 -0.712189 -0.142300
0.064514 0.022423 0.134097 0.926865 -0.304051 -0.220171
0.066178 0.028907 0.127343 0.856442 0.450528 -0.252054
0.067324 0.027449 0.131761 0.964611 -0.175972 -0.196368
0.067908 0.030844 0.135179 0.846041 0.468672 -0.254091
0.066294 0.025751 0.129041 0.907436 -0.414575 -0.068474
0.064478 0.023692 0.130431 0.784872 -0.618153 -0.043164
0.066618 0.024637 0.138559 0.685747 -0.644113 -0.338923
0.065479 0.032833 0.135609 -0.367836 -0.924709 0.098028
0.066155 0.025334 0.130388 0.793674 -0.607075 -0.039269
0.066321 0.024830 0.138205 0.641376 -0.669929 -0.373942
0.069161 0.027163 0.139687 0.964530 -0.178605 -0.194378
0.065842 0.023163 0.138859 0.935729 -0.200668 -0.290074
0.066490 0.025737 0.132982 0.706246 -0.707950 0.004892
0.067441 0.028634 0.131751 0.977214 0.001514 -0.212252
0.068457 0.030579 0.137273 0.924945 0.355079 -0.135629
0.064218 0.021980 0.133612 0.872244 -0.433775 -0.225899
0.068026 0.028779 0.133850 0.957182 0.036573 -0.287167
0.067129 0.027011 0.131230 0.937842 -0.302775 -0.169646
0.064913 0.031449 0.129900 -0.568849 -0.780490 0.259317
0.065310 0.024474 0.133345 0.757260 -0.650305 -0.060503
0.065517 0.023607 0.137371 0.928439 -0.224067 -0.296302
0.066307 0.029608 0.129122 0.793745 0.520071 -0.315427
0.064243 0.023238 0.131041 0.862714 -0.492066 -0.116599
0.065066 0.021898 0.136743 0.907512 -0.252931 -0.335333
0.063616 0.021224 0.133631 0.707928 -0.671601 -0.218608
0.066626 0.029921 0.130260 0.791346 0.511439 -0.334966
0.065312 0.024308 0.134578 0.815597 -0.563001 -0.133530
0.066680 0.029616 0.129976 0.842538 0.434966 -0.317703
0.065358 0.024478 0.129265 0.697449 -0.715795 0.034689
0.067423 0.030752 0.133147 0.827973 0.486808 -0.278349
0.064905 0.023142 0.135414 0.953053 -0.239773 -0.184929
0.066373 0.026075 0.128425 0.943395 -0.329990 -0.033341
0.066581 0.026929 0.127979 0.981239 -0.170208 -0.090545
0.064442 0.023550 0.128070 0.729181 -0.681371 0.063477
0.065017 0.032860 0.134189 -0.331707 -0.934996 0.125514
0.065355 0.032715 0.134742 -0.373654 -0.917776 0.134427
0.066780 0.031528 0.133169 -0.632037 -0.713304 0.302863
0.065396 0.031709 0.131248 -0.575236 -0.743109 0.341896
0.066658 0.026003 0.131007 0.866570 -0.485888 -0.113880
0.065219 0.023841 0.135812 0.893922 -0.417048 -0.164240
0.066045 0.025291 0.134104 0.759998 -0.649404 -0.026025
0.064610 0.023754 0.128754 0.709322 -0.703812 0.038870
0.067653 0.031810 0.136735 -0.672062 -0.724126 0.154835
0.066806 0.024817 0.139329 0.756194 -0.619597 -0.210403
0.065879 0.025167 0.132304 0.709026 -0.704554 -0.029745
0.067828 0.028066 0.133397 0.947553 -0.078999 -0.309681
0.067449 0.026464 0.135290 0.673545 -0.721297 -0.161455
0.067024 0.025156 0.139430 -0.715507 0.678151 0.167816
0.068560 0.030647 0.138116 0.935326 0.338540 -0.102746
0.065843 0.030489 0.129581 0.701899 0.641678 -0.309173
0.064518 0.022135 0.134549 0.900842 -0.366753 -0.232328
0.064255 0.021871 0.134002 0.850788 -0.474265 -0.226347
0.064885 0.023354 0.134785 0.936806 -0.312317 -0.157647
0.066631 0.027250 0.128354 0.974763 -0.171799 -0.142554
0.067971 0.027303 0.134694 0.882764 -0.423952 -0.202467
0.063566 0.022196 0.129825 0.891324 -0.446783 -0.076980
0.068387 0.028907 0.135127 0.963588 0.124128 -0.236836
0.067654 0.029932 0.132951 0.936758 0.209203 -0.280568
0.065799 0.024969 0.133424 0.730880 -0.682314 -0.016171
0.064364 0.033322 0.135571 0.450185 0.879664 -0.153380
0.065675 0.024936 0.131726 0.660239 -0.750220 0.035408
0.063581 0.033536 0.134462 -0.466966 -0.868470 0.166440
0.068469 0.026581 0.137875 0.789719 -0.539637 -0.291781
0.067107 0.026343 0.133092 0.785235 -0.617604 -0.044392
0.066511 0.025920 0.130511 0.883676 -0.457880 -0.097277
0.066293 0.028944 0.127910 0.863063 0.434990 -0.256722
0.067462 0.027419 0.132251 0.956414 -0.190717 -0.221133
0.068491 0.027355 0.136568 0.892590 -0.368540 -0.259733
0.069064 0.028356 0.138621 0.976749 -0.017625 -0.213662
0.064640 0.023516 0.132968 0.902698 -0.412353 -0.122885
0.065514 0.024631 0.129559 0.701902 -0.711700 0.028573
0.066908 0.028769 0.129506 0.935206 0.240469 -0.259931
0.065978 0.024894 0.127096 0.822924 -0.563738 0.070673
0.064847 0.023992 0.129067 0.682833 -0.729477 0.040035
0.068647 0.028830 0.136692 0.979192 0.065891 -0.191939
0.067515 0.029623 0.132257 0.938453 0.184784 -0.291825
0.064589 0.022902 0.133972 0.942595 -0.264449 -0.203914
0.067048 0.026234 0.134084 0.706234 -0.705684 -0.056952
0.066094 0.025277 0.129381 0.841412 -0.539541 -0.030349
0.067373 0.028841 0.131313 0.967807 0.065645 -0.242982
0.067151 0.032134 0.137127 0.555577 0.828107 -0.074658
0.067530 0.029239 0.132079 0.961096 0.110382 -0.253198
0.066705 0.025951 0.133457 0.690435 -0.723394 -0.000559
0.065565 0.024661 0.129113 0.722601 -0.690953 0.020786
0.066019 0.030908 0.130733 -0.654573 -0.668419 0.353201
0.065120 0.023989 0.134556 0.853981 -0.502995 -0.133089
0.067275 0.028260 0.131147 0.975483 -0.031874 -0.217753
0.068782 0.026487 0.138985 0.822875 -0.501490 -0.267178
0.064733 0.021624 0.136071 0.861698 -0.400323 -0.311799
0.066392 0.025689 0.134497 0.710624 -0.698187 -0.086881
0.065277 0.030250 0.127398 0.716706 0.639411 -0.278365
0.068580 0.029438 0.136638 0.974335 0.099448 -0.201942
0.066686 0.025916 0.132600 0.717568 -0.696309 -0.015820
0.066473 0.029477 0.129325 0.816824 0.481925 -0.317091
0.065346 0.022622 0.137141 0.939761 -0.133379 -0.314737
0.064474 0.023489 0.132047 0.885236 -0.449050 -0.121288
0.065534 0.024695 0.133589 0.743812 -0.666942 -0.043957
0.066433 0.026226 0.128110 0.963063 -0.267623 -0.029776
0.068719 0.027075 0.137944 0.920456 -0.326371 -0.215041
0.068744 0.029857 0.137514 0.961131 0.236469 -0.142513
0.064365 0.023552 0.130541 0.818983 -0.569116 -0.073303
0.066410 0.026414 0.127454 0.983520 -0.179242 -0.023692
0.065403 0.023168 0.137171 0.944003 -0.124368 -0.305599
0.066808 0.025746 0.136293 0.649038 -0.756273 -0.082464
0.066703 0.027281 0.128566 0.972152 -0.174617 -0.156297
0.068967 0.026605 0.139300 0.900081 -0.391302 -0.191669
0.065985 0.025181 0.128421 0.847141 -0.531290 0.009110
0.064372 0.031748 0.129580 -0.566735 -0.789145 0.236773
0.067638 0.030411 0.133409 0.905624 0.348498 -0.241649
0.069167 0.028175 0.139239 0.985195 -0.001798 -0.171430
0.066084 0.025269 0.129733 0.814842 -0.578552 -0.036193
0.063857 0.022309 0.131410 0.869242 -0.470427 -0.152043
0.065175 0.024117 0.134395 0.839367 -0.530051 -0.120454
0.065530 0.024606 0.134633 0.776731 -0.619680 -0.112631
0.068578 0.030184 0.137185 0.951254 0.267907 -0.152778
0.064844 0.031667 0.130394 -0.540003 -0.779745 0.316852
0.068402 0.029578 0.135714 0.970514 0.105634 -0.216667
0.068135 0.030593 0.135505 0.899449 0.365691 -0.239293
0.064519 0.023653 0.128479 0.724692 -0.687643 0.044373
0.064131 0.033210 0.134427 -0.424394 -0.890871 0.161986
0.064027 0.022117 0.132581 0.866488 -0.457570 -0.199570
0.066781 0.031423 0.132884 -0.644104 -0.679377 0.351534
0.065513 0.031874 0.131848 -0.576990 -0.744710 0.335394
0.064162 0.022407 0.132546 0.883373 -0.429997 -0.186426
0.067275 0.031697 0.135028 0.706776 0.668170 -0.232414
0.065485 0.024807 0.131580 0.666625 -0.743823 0.048353
0.068175 0.026373 0.137599 0.695612 -0.663821 -0.274712
0.067192 0.030470 0.132251 0.779888 0.493509 -0.384998
0.065958 0.025024 0.134886 0.759532 -0.635507 -0.138717
0.065106 0.024252 0.129172 0.674666 -0.736761 0.044836
0.065480 0.024403 0.135142 0.798681 -0.581754 -0.153854
0.064896 0.031751 0.130610 -0.539142 -0.774226 0.331512
0.067167 0.028298 0.130544 0.968723 0.000593 -0.248144
0.064896 0.033138 0.136136 0.392493 0.916163 -0.081202
0.064002 0.022030 0.132760 0.847318 -0.495362 -0.191492
0.066770 0.028647 0.128909 0.928649 0.272777 -0.251404
0.067130 0.026011 0.136409 0.617349 -0.775161 -0.134186
0.064973 0.023680 0.134609 0.902874 -0.409453 -0.131023
0.068324 0.030546 0.136215 0.910380 0.371295 -0.182614
0.064788 0.022831 0.134839 0.953722 -0.232200 -0.191045
0.066377 0.025940 0.127725 0.967044 -0.254239 0.013729
0.069186 0.027715 0.139619 0.981118 -0.063863 -0.182561
0.064760 0.023951 0.132116 0.828994 -0.555040 -0.068551
0.066230 0.030168 0.129799 0.733347 0.580971 -0.353095
0.066939 0.025830 0.136005 0.671376 -0.735590 -0.090343
0.066942 0.026943 0.130315 0.928319 -0.306768 -0.210041
0.066844 0.026677 0.130397 0.918626 -0.346778 -0.189399
0.067452 0.030444 0.132766 0.857839 0.391617 -0.332788
0.065976 0.031801 0.132509 -0.558613 -0.746912 0.360658
0.063890 0.033574 0.135783 0.475781 0.865033 -0.159218
0.064802 0.023932 0.128841 0.684075 -0.728337 0.039589
0.064508 0.021375 0.135824 0.817180 -0.491854 -0.300493
0.063942 0.022926 0.128924 0.819105 -0.573623 0.004942
0.068587 0.029456 0.136458 0.974404 0.088383 -0.206702
0.066284 0.025549 0.129816 0.867414 -0.492394 -0.071699
0.063421 0.033925 0.135432 0.458886 0.869800 -0.181306
0.064339 0.023435 0.127797 0.725388 -0.683907 0.078000
0.068911 0.029593 0.138502 0.973034 0.209563 -0.096375
0.066594 0.025474 0.136702 0.670503 -0.723802 -0.162899
0.065153 0.022820 0.136499 0.952213 -0.145108 -0.268763
0.066837 0.031915 0.134368 -0.616712 -0.746579 0.249573
0.066827 0.028032 0.128869 0.984005 0.031274 -0.175371
0.065904 0.024451 0.137454 0.821749 -0.500077 -0.273224
0.063215 0.020894 0.133314 0.705265 -0.678066 -0.206949
0.063987 0.022987 0.128332 0.776899 -0.628531 0.037103
0.065193 0.024522 0.131470 0.727882 -0.684443 0.041537
0.067228 0.027803 0.130931 0.974999 -0.085920 -0.204926
0.064426 0.023672 0.129856 0.765794 -0.643085 -0.000815
0.064732 0.023962 0.131009 0.778791 -0.626375 -0.033738
0.066499 0.032032 0.134004 -0.569527 -0.782526 0.251579
0.068514 0.030339 0.137061 0.935107 0.327118 -0.136269
0.065959 0.025137 0.128956 0.827419 -0.561544 -0.006724
0.064294 0.022701 0.132616 0.906688 -0.378545 -0.186065
0.066950 0.028805 0.130019 0.943792 0.227605 -0.239692
0.067296 0.028711 0.131029 0.966719 0.055578 -0.249731
0.068416 0.030457 0.136538 0.929384 0.334693 -0.155645
0.067227 0.031006 0.133081 0.766228 0.567221 -0.301919
0.068147 0.027544 0.135093 0.900178 -0.387550 -0.198708
0.064938 0.024118 0.129225 0.678263 -0.733093 0.050338
0.064746 0.023742 0.132808 0.863310 -0.492913 -0.108321
0.068272 0.027282 0.136008 0.876833 -0.418277 -0.237084
0.067573 0.030431 0.133221 0.892351 0.367815 -0.261577
0.066843 0.027235 0.129485 0.962953 -0.209367 -0.169961
0.067130 0.026858 0.131627 0.926529 -0.321595 -0.195247
0.064051 0.022953 0.130695 0.882590 -0.457997 -0.106180
0.064259 0.031905 0.129848 -0.565211 -0.786555 0.248731
0.064859 0.031409 0.129713 -0.567467 -0.789648 0.233318
0.065137 0.021553 0.137242 0.910195 -0.261321 -0.321334
0.067500 0.028007 0.132168 0.971213 -0.088361 -0.221219
0.066337 0.025608 0.134389 0.732894 -0.676748 -0.069849
0.064388 0.033295 0.135430 -0.430535 -0.892013 0.137666
0.065572 0.031162 0.130364 -0.621866 -0.707296 0.336177
0.063361 0.021003 0.133469 0.703693 -0.676099 -0.218416
0.066488 0.026247 0.129057 0.939234 -0.334140 -0.078680
0.069034 0.029200 0.139005 0.982284 0.133285 -0.131732
0.063717 0.033154 0.133238 -0.484815 -0.858096 0.169190
0.066444 0.025895 0.129769 0.912137 -0.395861 -0.106304
0.067513 0.027445 0.132611 0.953471 -0.212079 -0.214281
0.064642 0.033152 0.135290 -0.402020 -0.904164 0.144457
0.065779 0.024953 0.133098 0.721158 -0.691884 -0.035043
0.066567 0.027426 0.127242 0.990410 -0.045055 -0.130605
0.066875 0.026112 0.132679 0.753089 -0.657326 -0.027914
0.066610 0.026628 0.129140 0.955139 -0.276889 -0.105083
0.066935 0.025857 0.136190 0.650623 -0.752354 -0.103214
0.066364 0.025678 0.129988 0.874374 -0.476297 -0.092796
0.066288 0.032522 0.135869 -0.437443 -0.892410 0.110666
0.067905 0.029537 0.133578 0.958290 0.128513 -0.255275
0.067184 0.026549 0.132623 0.833265 -0.546708 -0.082341
0.067964 0.026518 0.136690 0.695559 -0.677096 -0.240287
0.066141 0.031794 0.132738 -0.549408 -0.760448 0.346223
0.067576 0.026296 0.136460 0.602162 -0.774448 -0.193988
0.066826 0.031564 0.133400 -0.627166 -0.731321 0.268016
0.066935 0.025137 0.138376 0.689249 -0.681649 -0.245542
0.064210 0.022722 0.132343 0.903331 -0.383529 -0.192092
0.066425 0.026011 0.128864 0.939633 -0.338791 -0.048057
0.067596 0.027954 0.132536 0.964731 -0.071017 -0.253477
0.066815 0.029214 0.129787 0.880922 0.371414 -0.293306
0.065263 0.031006 0.129296 -0.664437 -0.699421 0.263314
0.062937 0.033780 0.134083 -0.471221 -0.869723 0.146742
0.066667 0.030027 0.130571 0.779333 0.514103 -0.358242
0.064528 0.023616 0.127908 0.719517 -0.689326 0.084406
0.065987 0.030316 0.129614 0.713727 0.619709 -0.326427
0.066561 0.025325 0.137163 0.669053 -0.694393 -0.264929
0.067712 0.029327 0.132943 0.958138 0.048645 -0.282145
0.066681 0.027947 0.127867 0.971487 0.122096 -0.203238
0.066401 0.031564 0.132581 -0.573058 -0.724766 0.382518
0.066573 0.032404 0.136116 -0.487753 -0.866878 0.103052
0.067837 0.026940 0.134887 0.803656 -0.571162 -0.167065
0.064176 0.022337 0.132785 0.885100 -0.424408 -0.190985
0.068098 0.029362 0.134736 0.954984 0.130881 -0.266224
0.065476 0.024592 0.134204 0.778527 -0.620907 -0.091482
0.067471 0.031385 0.134866 0.779460 0.577245 -0.243371
0.067231 0.027244 0.131511 0.956195 -0.233096 -0.177079
0.065031 0.022363 0.136303 0.940573 -0.189014 -0.282127
0.065305 0.031065 0.129673 -0.633746 -0.728637 0.259718
0.067706 0.030642 0.134124 0.871095 0.430066 -0.237144
0.066157 0.030303 0.129863 0.715544 0.612356 -0.336178
0.063818 0.022463 0.130620 0.888400 -0.442956 -0.120561
0.066562 0.026354 0.129596 0.942768 -0.309152 -0.124959
0.067513 0.026924 0.133724 0.840031 -0.524411 -0.139069
0.065434 0.024492 0.134429 0.786052 -0.608492 -0.108906
0.066046 0.025275 0.134580 0.763168 -0.637623 -0.104935
0.064586 0.023687 0.131998 0.860124 -0.503561 -0.081321
0.068166 0.030446 0.135337 0.910282 0.329076 -0.251188
0.066408 0.030180 0.130234 0.741911 0.575683 -0.343738
0.067019 0.026206 0.134679 0.661334 -0.744318 -0.092888
0.066783 0.027838 0.128628 0.983931 -0.034166 -0.175249
0.065213 0.031517 0.130601 -0.563844 -0.755572 0.333452
0.065142 0.024403 0.130976 0.702597 -0.710094 0.046091
0.064757 0.023723 0.133216 0.864433 -0.492896 -0.099038
0.066967 0.030612 0.132166 0.741587 0.545563 -0.390398
0.064108 0.021788 0.133587 0.821915 -0.520428 -0.231541
0.066316 0.029172 0.128340 0.842567 0.476393 -0.251257
0.068419 0.030962 0.138116 0.924577 0.366772 -0.103127
0.066034 0.025242 0.128273 0.847984 -0.529407 0.025513
0.067196 0.030091 0.131938 0.829106 0.426802 -0.361142
0.068778 0.028087 0.137090 0.986691 -0.061576 -0.150494
0.067476 0.028594 0.131933 0.977337 -0.020703 -0.210675
0.065813 0.024265 0.137579 0.855881 -0.425624 -0.293789
0.064786 0.032392 0.132102 -0.451364 -0.845632 0.284916
0.065195 0.030235 0.127240 0.716706 0.639411 -0.278365
0.067528 0.030486 0.133033 0.863949 0.406406 -0.297364
0.066823 0.027517 0.128989 0.978208 -0.142529 -0.150981
0.066311 0.025711 0.129594 0.896273 -0.434699 -0.087924
0.065601 0.032786 0.135353 -0.364467 -0.926767 0.090926
0.066618 0.027013 0.128555 0.969841 -0.210510 -0.122856
0.067320 0.027180 0.131926 0.952270 -0.229940 -0.200772
0.067081 0.026257 0.134402 0.687752 -0.721306 -0.081944
0.065747 0.031960 0.132471 -0.555165 -0.759454 0.339149
0.066470 0.028441 0.127647 0.915082 0.328025 -0.234576
0.066503 0.027152 0.127159 0.992204 -0.073818 -0.100410
0.064856 0.031333 0.129213 -0.593594 -0.772635 0.225127
0.065912 0.023948 0.138009 0.903732 -0.343410 -0.255614
0.067726 0.025506 0.139453 -0.504314 0.831373 0.233421
0.065852 0.031758 0.132192 -0.577543 -0.735737 0.353745
0.066636 0.026554 0.129508 0.949481 -0.290118 -0.119655
0.064679 0.022096 0.135237 0.913314 -0.337267 -0.228274
0.067584 0.029223 0.132488 0.966709 0.066406 -0.247111
0.065102 0.023902 0.134961 0.873007 -0.466445 -0.142434
0.063628 0.021616 0.132313 0.795064 -0.571082 -0.204298
0.065714 0.024298 0.137235 0.845637 -0.459564 -0.271476
0.065584 0.024803 0.132654 0.710718 -0.698572 -0.082928
0.068080 0.028156 0.133969 0.950556 -0.098044 -0.294671
0.068659 0.026199 0.139123 0.731895 -0.623201 -0.275590
0.064118 0.032804 0.132372 -0.401531 -0.887103 0.227642
0.067240 0.027487 0.131059 0.976347 -0.146464 -0.159044
0.064710 0.021289 0.136499 0.847274 -0.415881 -0.330407
0.065229 0.023219 0.136530 0.952325 -0.157412 -0.261341
0.064255 0.032288 0.130894 -0.481220 -0.819274 0.311797
0.064323 0.032837 0.132813 -0.369328 -0.900678 0.228857
0.064722 0.032794 0.133229 -0.331281 -0.925271 0.184734
0.064498 0.022700 0.133748 0.936035 -0.285715 -0.205440
0.067738 0.029600 0.133087 0.954197 0.113045 -0.276998
0.068101 0.029717 0.134513 0.956018 0.149245 -0.252499
0.066560 0.025947 0.130073 0.907714 -0.404382 -0.111943
0.068161 0.031171 0.136916 0.870842 0.465428 -0.158150
0.067205 0.026615 0.132184 0.885535 -0.434878 -0.163428
0.068754 0.026357 0.139100 0.807723 -0.524650 -0.268937
0.063648 0.020761 0.135077 0.694836 -0.675779 -0.246018
0.065066 0.032389 0.132397 -0.465372 -0.829878 0.307785
0.067348 0.029798 0.131931 0.899197 0.282464 -0.334154
0.064040 0.023139 0.129814 0.858739 -0.510402 -0.045355
0.063736 0.032329 0.129916 -0.549746 -0.796536 0.251615
0.066556 0.027913 0.127319 0.960478 0.194894 -0.198742
0.066986 0.025173 0.138679 0.757896 -0.637414 -0.138915
0.067488 0.031767 0.135923 -0.677792 -0.714963 0.171538
0.066556 0.029444 0.129553 0.820762 0.467727 -0.327997
0.063438 0.033128 0.132242 -0.448817 -0.864459 0.226438
0.066847 0.025877 0.135565 0.692025 -0.711442 -0.122277
0.067832 0.029632 0.133384 0.949476 0.147340 -0.277104
0.067774 0.027022 0.134422 0.819537 -0.540650 -0.189887
0.064737 0.024009 0.130822 0.758676 -0.650062 -0.042786
0.064561 0.032479 0.131812 -0.429413 -0.858831 0.279308
0.064109 0.023050 0.130749 0.872872 -0.475442 -0.109771
0.065492 0.032423 0.133103 -0.487036 -0.822545 0.293626
0.064796 0.032831 0.133762 -0.329110 -0.933777 0.140523
0.065363 0.032210 0.132416 -0.519185 -0.793632 0.317167
0.065614 0.023022 0.138164 0.966004 -0.124002 -0.226849
0.066258 0.025794 0.128595 0.917047 -0.398058 -0.023960
0.067165 0.027366 0.130893 0.963931 -0.179850 -0.196192
0.066593 0.029191 0.129201 0.839373 0.446831 -0.309507
0.065768 0.024909 0.130700 0.694026 -0.719346 0.029476
0.065780 0.032616 0.134844 -0.402428 -0.904603 0.140519
0.067304 0.026616 0.133771 0.787821 -0.610843 -0.078804
0.067129 0.030632 0.132400 0.760725 0.510171 -0.401277
0.067228 0.026093 0.136210 0.616773 -0.773730 -0.144679
0.066325 0.031793 0.133029 -0.561631 -0.768598 0.306313
0.065726 0.023236 0.138472 0.946901 -0.202312 -0.249898
0.063284 0.021186 0.132592 0.758229 -0.625258 -0.184774
0.064591 0.023733 0.131815 0.849580 -0.525229 -0.048452
0.066531 0.027353 0.126953 0.990824 -0.050412 -0.125409
0.068069 0.027743 0.134230 0.927644 -0.285122 -0.241209
0.067017 0.027834 0.130177 0.973118 -0.059176 -0.222574
0.067680 0.028952 0.132852 0.963731 0.002056 -0.266869
0.069267 0.027752 0.139892 0.984361 -0.059604 -0.165773
0.068996 0.026563 0.139491 0.912588 -0.382877 -0.143483
0.068204 0.027709 0.134759 0.923917 -0.314601 -0.217722
0.064487 0.022789 0.133525 0.939819 -0.289073 -0.182146
0.066735 0.027999 0.128275 0.978454 0.092862 -0.184404
0.067192 0.029991 0.131656 0.858375 0.378868 -0.345907
0.064135 0.022951 0.131267 0.890591 -0.436056 -0.129236
0.066186 0.025162 0.136482 0.726820 -0.681268 -0.087213
0.067631 0.031620 0.136062 0.724914 0.667669 -0.169465
0.065866 0.025026 0.134430 0.770083 -0.631121 -0.093054
0.068365 0.027878 0.135248 0.945844 -0.255120 -0.200729
0.065392 0.024635 0.132498 0.706995 -0.701599 -0.088980
0.067714 0.031530 0.136156 0.753493 0.631807 -0.181847
0.065369 0.024664 0.132169 0.702752 -0.709160 -0.056845
0.066522 0.028199 0.127472 0.934941 0.276414 -0.222442
0.063835 0.022665 0.129871 0.885360 -0.459391 -0.071396
0.068121 0.028522 0.134172 0.956076 0.018642 -0.292527
0.065639 0.030808 0.129890 0.685286 0.659428 -0.309092
0.068452 0.027653 0.136171 0.923662 -0.288954 -0.251702
0.066807 0.025047 0.138249 0.658418 -0.696078 -0.286289
0.065439 0.030011 0.127367 0.743470 0.609443 -0.275375
0.065786 0.032727 0.135555 -0.366339 -0.925003 0.100829
0.066593 0.025813 0.132128 0.726134 -0.687553 0.000547
0.066606 0.026723 0.128780 0.962539 -0.247080 -0.111667
0.066741 0.032364 0.136697 0.504212 0.858267 -0.095650
0.065288 0.032899 0.135420 -0.380250 -0.920120 0.093752
0.067637 0.027863 0.132822 0.961428 -0.090583 -0.259711
0.067401 0.026514 0.134640 0.703361 -0.697914 -0.134906
0.065956 0.031060 0.130966 -0.635916 -0.688091 0.349486
0.064228 0.031753 0.129394 -0.570164 -0.791288 0.220853
0.064551 0.032326 0.131469 -0.446024 -0.843612 0.298968
0.063847 0.032835 0.132089 -0.421685 -0.878143 0.225934
0.066932 0.030097 0.131297 0.814274 0.458880 -0.355510
0.065680 0.024934 0.132056 0.676437 -0.736253 -0.019115
0.063597 0.021421 0.132843 0.756456 -0.622126 -0.201826
0.068590 0.029247 0.136544 0.973583 0.077828 -0.214661
0.065172 0.031274 0.129887 -0.604296 -0.750127 0.268579
0.065826 0.025015 0.133727 0.750174 -0.660995 -0.018030
0.068320 0.029195 0.135081 0.960419 0.128634 -0.247079
0.064972 0.033013 0.135510 -0.399108 -0.912100 0.093735
0.063422 0.020749 0.134486 0.683007 -0.690289 -0.238752
0.067233 0.026347 0.134798 0.679762 -0.724666 -0.113056
0.066379 0.028458 0.127370 0.898138 0.366045 -0.243635
0.068539 0.030223 0.136738 0.956180 0.242377 -0.164236
0.066765 0.031097 0.132453 0.678655 0.612200 -0.405756
0.068443 0.030508 0.136872 0.923170 0.358335 -0.139115
0.064029 0.023026 0.128195 0.773297 -0.633057 0.035351
0.063452 0.021154 0.133265 0.718197 -0.664874 -0.205271
0.068498 0.029139 0.135985 0.977025 0.085927 -0.195035
0.068222 0.026317 0.137908 0.680000 -0.683239 -0.266053
0.068622 0.028051 0.136367 0.957844 -0.137657 -0.252162
0.067565 0.029943 0.132678 0.928603 0.204088 -0.309909
0.066868 0.028457 0.129067 0.961184 0.157753 -0.226359
0.064558 0.032960 0.134257 -0.353835 -0.923484 0.148251
0.064822 0.023973 0.128306 0.678748 -0.731999 0.058980
0.066180 0.031250 0.131745 -0.630178 -0.691851 0.352446
0.067389 0.031907 0.136272 -0.627438 -0.764599 0.147338
0.066223 0.025471 0.132102 0.709989 -0.703879 0.021686
0.066521 0.032354 0.135704 -0.482138 -0.868784 0.112950
0.063690 0.033590 0.135227 -0.470931 -0.864107 0.177603
0.065162 0.024371 0.129933 0.671876 -0.739423 0.042857
0.068816 0.027904 0.137290 0.987264 -0.107941 -0.116872
0.066624 0.030421 0.131032 0.737486 0.569891 -0.362406
0.065343 0.021951 0.137522 0.933237 -0.206968 -0.293656
0.068083 0.027208 0.135317 0.869752 -0.455647 -0.189517
0.067019 0.027844 0.130007 0.976211 -0.055989 -0.209470
0.064768 0.021512 0.136318 0.868854 -0.366806 -0.332483
0.066532 0.025739 0.131282 0.792639 -0.608400 -0.039659
0.067384 0.030728 0.132983 0.830866 0.461044 -0.311610
0.068212 0.029488 0.134924 0.953509 0.135091 -0.269390
0.066370 0.025544 0.131198 0.789353 -0.613380 -0.026200
0.064626 0.032380 0.131649 -0.437055 -0.852984 0.285310
0.065369 0.023980 0.136141 0.889965 -0.440381 -0.118432
0.064134 0.023253 0.129281 0.803243 -0.595416 0.016724
0.066774 0.027464 0.128595 0.977491 -0.144025 -0.154170
0.063925 0.033306 0.134336 -0.466590 -0.870335 0.157512
0.063796 0.033470 0.135143 -0.482229 -0.858143 0.176199
0.065376 0.024339 0.127603 -0.711759 0.695269 -0.100003
0.069083 0.028552 0.138845 0.986418 0.045932 -0.157700
0.068282 0.025835 0.139294 -0.588172 0.777734 0.221773
0.066301 0.025837 0.127103 0.961394 -0.275029 -0.008990
0.067059 0.028110 0.130126 0.975703 -0.005156 -0.219038
0.065759 0.022772 0.138763 0.948356 -0.156808 -0.275740
0.066217 0.025478 0.133978 0.744477 -0.667575 0.009865
0.066393 0.025684 0.133718 0.708870 -0.705134 0.017004
0.065627 0.032531 0.133762 -0.447628 -0.872700 0.194997
0.066633 0.025560 0.136493 0.676977 -0.729367 -0.098617
0.065196 0.023055 0.136565 0.953529 -0.152985 -0.259573
0.066638 0.027974 0.127681 0.967481 0.176838 -0.180855
0.064251 0.022526 0.132697 0.903349 -0.386682 -0.185575
0.068561 0.028860 0.136070 0.976299 0.087526 -0.197938
0.065066 0.023981 0.134287 0.846075 -0.514653 -0.138887
0.067391 0.026122 0.136675 0.581472 -0.792250 -0.185013
0.065804 0.031449 0.131472 -0.616483 -0.712269 0.335591
0.065234 0.024453 0.130749 0.680599 -0.731229 0.045697
0.068040 0.030722 0.135322 0.870308 0.413672 -0.267281
0.063145 0.033970 0.135286 0.462997 0.866626 -0.185993
0.064425 0.030928 0.126884 0.660874 0.707324 -0.250874
0.067269 0.029680 0.131573 0.904443 0.280865 -0.321088
0.064935 0.024050 0.128493 0.677740 -0.733027 0.057794
0.067694 0.027282 0.133459 0.906044 -0.368903 -0.207351
0.065573 0.032205 0.132738 -0.531218 -0.782003 0.326003
0.064067 0.031545 0.128093 -0.594615 -0.766817 0.241712
0.065992 0.032359 0.133970 -0.496465 -0.842956 0.207239
0.066151 0.025303 0.130657 0.771632 -0.635669 -0.022569
0.062959 0.033730 0.133848 0.479497 0.865513 -0.144807
0.064497 0.031285 0.128260 -0.627120 -0.735767 0.255668
0.065874 0.023958 0.137891 0.909055 -0.328927 -0.255784
0.066753 0.027116 0.129108 0.965382 -0.223806 -0.133974
0.066431 0.026245 0.128228 0.957533 -0.284054 -0.049430
0.065709 0.024861 0.130052 0.717554 -0.696269 0.018024
0.068527 0.028791 0.135933 0.979241 0.080370 -0.186084
0.065531 0.022074 0.138107 0.957962 -0.153555 -0.242340
0.067383 0.031804 0.135739 -0.691499 -0.698489 0.184233
0.067493 0.028483 0.132077 0.977959 -0.032302 -0.206282
0.068419 0.029889 0.135835 0.965528 0.154824 -0.209247
0.067813 0.030183 0.133752 0.928124 0.293219 -0.229364
0.066028 0.025221 0.132808 0.727575 -0.685221 -0.033281
0.066489 0.026798 0.127020 0.989215 -0.129831 -0.067801
0.065514 0.032670 0.134364 -0.396237 -0.908109 0.135401
0.066470 0.029090 0.128632 0.836579 0.474103 -0.274521
0.068667 0.028312 0.136381 0.974903 -0.039698 -0.219063
0.065531 0.032682 0.134637 -0.386647 -0.912319 0.134827
0.066782 0.027326 0.129012 0.970922 -0.187014 -0.149453
0.065453 0.030764 0.129307 0.693827 0.662766 -0.281684
0.066658 0.031365 0.132597 -0.648033 -0.649147 0.398324
0.067074 0.025205 0.139143 0.734853 -0.659761 -0.157186
0.067579 0.029294 0.132341 0.967259 0.075915 -0.242173
0.064414 0.023431 0.131409 0.872521 -0.480990 -0.085761
0.065686 0.030319 0.128821 0.749272 0.600214 -0.279882
0.065197 0.021562 0.137420 0.917450 -0.243792 -0.314406
0.068335 0.027340 0.136177 0.885508 -0.385869 -0.258806
0.067198 0.030286 0.132052 0.811063 0.446065 -0.378422
0.065278 0.024319 0.128065 0.699479 -0.710390 0.077942
0.065910 0.024903 0.135134 0.753858 -0.643922 -0.130623
0.064749 0.032922 0.134041 -0.344100 -0.928875 0.137064
0.066142 0.030882 0.130883 -0.659156 -0.665239 0.350670
0.065094 0.023531 0.135607 0.922627 -0.336755 -0.188030
0.064311 0.022179 0.133651 0.900866 -0.373399 -0.221391
0.066958 0.025405 0.137845 0.666176 -0.699594 -0.258413
0.066267 0.028494 0.127051 0.892374 0.370410 -0.257809
0.066701 0.025259 0.137501 0.656912 -0.702827 -0.272949
0.067226 0.028729 0.130771 0.960750 0.104971 -0.256790
0.066527 0.025806 0.133850 0.698398 -0.715679 0.006697
0.068926 0.028758 0.137954 0.983793 -0.018151 -0.178388
0.066295 0.029882 0.129519 0.769027 0.530478 -0.356639
0.068795 0.029834 0.137808 0.962951 0.244940 -0.112825
0.063692 0.033040 0.132456 -0.453836 -0.864017 0.217963
0.067122 0.031902 0.135195 -0.672831 -0.707587 0.215916
0.063711 0.032431 0.130263 -0.525396 -0.811901 0.254510
0.066745 0.027062 0.129399 0.952171 -0.262335 -0.156688
0.063612 0.033104 0.132853 -0.465421 -0.861864 0.201429
0.068245 0.030675 0.136027 0.893267 0.401988 -0.201197
0.067981 0.029530 0.133948 0.963391 0.145460 -0.225211
0.067306 0.028254 0.131200 0.976471 -0.036300 -0.212570
0.067792 0.031255 0.135543 0.794966 0.558027 -0.237982
0.065355 0.024447 0.128921 0.706478 -0.706996 0.032347
0.066567 0.025924 0.130779 0.868075 -0.487929 -0.091499
0.067096 0.026925 0.131394 0.931547 -0.321943 -0.169037
0.066931 0.026425 0.131410 0.888247 -0.439949 -0.132145
0.063779 0.021963 0.132039 0.826225 -0.522329 -0.211008
0.068466 0.028739 0.135790 0.979290 0.072630 -0.188986
0.066126 0.029571 0.128671 0.802663 0.527098 -0.279107
0.068247 0.030778 0.136417 0.885386 0.435951 -0.161360
0.068152 0.029701 0.134779 0.953181 0.147620 -0.263922
0.066610 0.031294 0.132429 0.648314 0.644001 -0.406142
0.064151 0.031553 0.128251 -0.600246 -0.765690 0.231136
0.064563 0.023736 0.129346 0.721157 -0.691647 0.039443
0.068393 0.027577 0.136015 0.915732 -0.327163 -0.233238
0.068593 0.028803 0.136210 0.976246 0.073994 -0.203641
0.063902 0.021253 0.134310 0.721514 -0.649379 -0.240261
0.064855 0.032954 0.134789 -0.362412 -0.919032 0.155040
0.066539 0.032467 0.136573 0.478630 0.872486 -0.098397
0.065812 0.024934 0.128997 0.781075 -0.624328 0.011718
0.067704 0.030448 0.133742 0.900333 0.378597 -0.214629
0.066557 0.026651 0.128473 0.970081 -0.228655 -0.081602
0.065747 0.022929 0.138669 0.947240 -0.158734 -0.278459
0.068102 0.025997 0.138458 0.559207 -0.778436 -0.285176
0.063659 0.021733 0.132138 0.806061 -0.554403 -0.207129
0.067336 0.026863 0.132382 0.916832 -0.363039 -0.166196
0.068317 0.026333 0.138104 0.694650 -0.665715 -0.272552
0.066904 0.027812 0.129415 0.981649 -0.084163 -0.171120
0.064542 0.023711 0.130936 0.808726 -0.584172 -0.068596
0.065478 0.023422 0.137244 0.935714 -0.157786 -0.315503
0.065999 0.028934 0.126876 0.834140 0.481051 -0.269817
0.066304 0.032433 0.135051 -0.450619 -0.879994 0.150175
0.067545 0.025659 0.138562 0.532541 -0.819253 -0.212662
0.066673 0.027011 0.128855 0.959620 -0.240313 -0.146215
0.065101 0.023916 0.134787 0.880888 -0.454298 -0.132853
0.066263 0.028892 0.127657 0.865878 0.435655 -0.245884
0.067746 0.031749 0.136938 -0.689036 -0.708669 0.151712
0.065736 0.031417 0.131301 -0.612060 -0.717244 0.333081
0.066295 0.029722 0.129277 0.783337 0.521326 -0.338530
0.066515 0.024842 0.138353 0.648095 -0.671061 -0.360069
0.066937 0.027317 0.129907 0.956152 -0.201549 -0.212487
0.065741 0.024886 0.129665 0.736935 -0.675855 0.012116
0.064796 0.032011 0.130983 -0.511043 -0.785427 0.349198
0.067614 0.030677 0.133789 0.881165 0.418992 -0.219076
0.063457 0.033343 0.133040 -0.502350 -0.845633 0.180416
0.065589 0.032741 0.135162 -0.375709 -0.919814 0.113068
0.063479 0.033549 0.134246 -0.477943 -0.865587 0.149429
0.066557 0.027551 0.127085 0.985426 0.035137 -0.166433
0.067354 0.026627 0.133502 0.804072 -0.590380 -0.070138
0.068637 0.029979 0.137308 0.958777 0.232283 -0.163683
0.067053 0.028643 0.130152 0.965658 0.083971 -0.245871
0.066484 0.027943 0.126902 0.954125 0.190913 -0.230644
0.066352 0.026078 0.127467 0.973271 -0.229578 -0.006120
0.067064 0.025301 0.138214 0.670713 -0.702544 -0.237858
0.064647 0.023747 0.132159 0.855434 -0.509663 -0.092064
0.067241 0.028298 0.130838 0.970895 -0.015692 -0.238993
0.065490 0.022670 0.137583 0.953711 -0.125199 -0.273425
0.068095 0.027463 0.134870 0.892821 -0.402514 -0.202122
0.063858 0.032326 0.130353 -0.521081 -0.811795 0.263561
0.068146 0.026095 0.138233 0.622440 -0.732028 -0.276955
0.063460 0.020706 0.134796 0.681805 -0.688248 -0.247905
0.066389 0.024980 0.137609 0.673199 -0.694552 -0.253774
0.065204 0.032598 0.133203 -0.419133 -0.879254 0.226363
0.067400 0.028539 0.131592 0.978125 -0.020873 -0.206967
0.066653 0.029980 0.130422 0.786342 0.519565 -0.334243
0.063952 0.021203 0.134557 0.720789 -0.647417 -0.247617
0.067313 0.027697 0.131292 0.976690 -0.126065 -0.173737
0.069045 0.026834 0.139342 0.942409 -0.269273 -0.198388
0.064589 0.031536 0.129360 -0.557691 -0.801844 0.214539
0.066380 0.032421 0.135374 -0.463781 -0.877499 0.122078
0.065228 0.022812 0.136865 0.943931 -0.131423 -0.302856
0.066717 0.024562 0.138697 0.729175 -0.607772 -0.314512
0.063449 0.032678 0.130705 -0.474993 -0.843698 0.250112
0.069118 0.028325 0.138885 0.981466 0.000523 -0.191637
0.064782 0.024060 0.130449 0.724007 -0.689782 0.003794
0.067292 0.025939 0.137234 0.579357 -0.775952 -0.249488
0.066283 0.025843 0.128275 0.937550 -0.347817 -0.004763
0.067230 0.025580 0.138106 0.648707 -0.727059 -0.224863
0.065304 0.022246 0.137185 0.930875 -0.172319 -0.322144
0.067104 0.027536 0.130552 0.966324 -0.134885 -0.219144
0.064860 0.032739 0.133343 -0.335620 -0.924861 0.178859
0.067115 0.026418 0.132424 0.822499 -0.561220 -0.092340
0.065746 0.024612 0.136326 0.822685 -0.565688 -0.056454
0.066137 0.024979 0.136867 0.739213 -0.645892 -0.190754
0.068091 0.031432 0.137290 0.815034 0.558441 -0.154476
0.066319 0.028666 0.127451 0.885674 0.392499 -0.248046
0.067200 0.028470 0.130767 0.967784 0.020681 -0.250930
0.066856 0.026103 0.133609 0.702461 -0.711603 -0.013048
0.066545 0.028377 0.127885 0.923496 0.301474 -0.237211
0.068213 0.027330 0.135591 0.874789 -0.441790 -0.198911
0.064704 0.023851 0.128631 0.695506 -0.716950 0.047476
0.064564 0.022027 0.134837 0.903853 -0.362912 -0.226593
0.068343 0.028360 0.134821 0.968073 -0.093848 -0.232437
0.065745 0.030703 0.129840 0.690449 0.650725 -0.315971
0.065454 0.031011 0.129909 -0.643920 -0.702484 0.303123
0.067023 0.031587 0.134006 0.701246 0.668937 -0.246532
0.064991 0.021665 0.136725 0.900363 -0.278096 -0.334676
0.065259 0.023601 0.136608 0.938189 -0.257584 -0.231198
0.065783 0.029892 0.128206 0.785874 0.568632 -0.243023
0.066085 0.025114 0.135135 0.750425 -0.643139 -0.152428
0.064090 0.021409 0.134481 0.764691 -0.596648 -0.243433
0.065109 0.030899 0.128701 -0.674813 -0.685357 0.273703
0.064809 0.024022 0.132276 0.814981 -0.572332 -0.090780
0.065628 0.024783 0.133888 0.754483 -0.654315 -0.051267
0.068729 0.030077 0.137728 0.952762 0.282632 -0.111194
0.068508 0.027868 0.136036 0.944917 -0.223122 -0.239475
0.066508 0.030155 0.130388 0.754930 0.557690 -0.345054
0.067946 0.029484 0.133713 0.962633 0.104852 -0.249688
0.064290 0.023419 0.130416 0.829521 -0.553907 -0.071287
0.063757 0.022682 0.128873 0.846158 -0.532791 0.012311
0.067040 0.026679 0.131476 0.910467 -0.375709 -0.172896
0.063751 0.022431 0.130225 0.886450 -0.450362 -0.106676
0.068426 0.028934 0.135654 0.979529 0.092601 -0.178740
0.067768 0.030387 0.133946 0.912888 0.338139 -0.228688
0.064372 0.023541 0.129317 0.755196 -0.654056 0.043471
0.063765 0.032490 0.130589 -0.489655 -0.827393 0.275063
0.066668 0.028174 0.128000 0.961695 0.169263 -0.215622
0.066499 0.028791 0.128274 0.882413 0.390709 -0.262097
0.064420 0.032698 0.132454 -0.373154 -0.894711 0.245455
0.064360 0.032500 0.131638 -0.426488 -0.862577 0.272157
0.066559 0.024420 0.138695 0.715059 -0.576175 -0.395871
0.066824 0.024913 0.138604 0.746533 -0.618207 -0.245985
0.067738 0.026605 0.135729 0.719615 -0.672363 -0.173442
0.068780 0.028569 0.137394 0.985793 0.001365 -0.167957
0.067109 0.031761 0.134699 0.689255 0.685025 -0.235940
0.064354 0.032784 0.132617 -0.359292 -0.903955 0.231894
0.065164 0.024445 0.132462 0.740122 -0.666657 -0.088248
0.065521 0.024611 0.134433 0.777545 -0.619800 -0.106171
0.066772 0.029649 0.130351 0.838139 0.440546 -0.321625
0.069045 0.028730 0.138665 0.986851 0.065904 -0.147589
0.066504 0.027101 0.126932 0.994262 -0.057754 -0.090046
0.066457 0.026405 0.128366 0.966987 -0.249208 -0.053216
0.064740 0.022390 0.135203 0.938619 -0.277268 -0.205224
0.065098 0.021634 0.137057 0.906500 -0.269051 -0.325375
0.068062 0.030543 0.135131 0.886343 0.369289 -0.279323
0.066883 0.029103 0.129910 0.911741 0.307265 -0.272611
0.067400 0.026841 0.132916 0.895503 -0.425215 -0.131402
0.066776 0.025252 0.137576 0.646506 -0.710414 -0.278104
0.068603 0.027582 0.136627 0.916023 -0.313703 -0.249987
0.064470 0.021926 0.134652 0.871924 -0.424208 -0.244530
0.065294 0.032873 0.135121 -0.362305 -0.925678 0.108881
0.065983 0.023434 0.138971 0.876934 -0.327409 -0.351838
0.065433 0.021750 0.138045 0.944956 -0.182196 -0.271778
0.063227 0.020815 0.133674 0.688106 -0.692940 -0.215276
0.066663 0.027726 0.127944 0.987148 -0.010876 -0.159437
0.065687 0.024044 0.137490 0.885231 -0.370080 -0.281791
0.065698 0.030974 0.130251 -0.647560 -0.684499 0.334854
0.064868 0.032901 0.134387 -0.340800 -0.929291 0.142387
0.066925 0.026681 0.130791 0.911614 -0.371371 -0.176189
0.066132 0.025229 0.127277 0.882506 -0.465910 0.064118
0.063227 0.033717 0.134629 -0.447184 -0.875413 0.183517
0.064706 0.031167 0.128441 -0.627002 -0.731907 0.266797
0.068721 0.027558 0.137131 0.949425 -0.250144 -0.189792
0.065197 0.032223 0.132213 -0.511906 -0.799908 0.313208
0.064137 0.033410 0.135448 0.470454 0.868275 -0.157391
0.063426 0.020852 0.134220 0.686075 -0.690818 -0.228190
0.064248 0.023413 0.129100 0.765403 -0.641914 0.045867
0.064030 0.032978 0.133061 -0.425794 -0.886295 0.182155
0.066772 0.028976 0.129379 0.892136 0.354261 -0.280344
0.063702 0.021165 0.134027 0.702004 -0.673027 -0.232861
0.065178 0.024245 0.133962 0.798996 -0.593067 -0.099384
0.066335 0.025900 0.127318 0.968710 -0.248119 -0.006201
0.063704 0.033660 0.135539 0.472038 0.864264 -0.173864
0.065839 0.023778 0.138184 0.925807 -0.278849 -0.255197
0.065106 0.024396 0.131588 0.740766 -0.671302 0.024888
0.066047 0.023936 0.138701 0.800286 -0.479704 -0.359761
0.068085 0.028456 0.133979 0.949781 -0.015810 -0.312516
0.066396 0.030909 0.131488 -0.653099 -0.682509 0.328090
0.066124 0.025445 0.132356 0.714477 -0.699658 0.001230
0.066111 0.032075 0.133341 -0.554781 -0.779964 0.289612
0.066733 0.031763 0.133750 -0.620823 -0.738467 0.263145
0.066167 0.032517 0.135358 -0.422499 -0.898230 0.121151
0.069014 0.029381 0.139279 0.980448 0.162926 -0.110350
0.066455 0.026280 0.127852 0.971478 -0.234973 -0.031916
0.064786 0.023165 0.134519 0.944481 -0.280059 -0.171820
0.064620 0.021351 0.136161 0.839838 -0.443697 -0.312737
0.064655 0.033165 0.135530 -0.413217 -0.903486 0.113862
0.066673 0.030124 0.130768 0.762387 0.535036 -0.364009
0.063226 0.033609 0.133877 -0.479448 -0.864485 0.150981
0.064706 0.032201 0.131323 -0.489289 -0.807118 0.330389
0.066602 0.024972 0.137878 0.645522 -0.708117 -0.286131
0.063818 0.032085 0.129340 -0.578239 -0.787268 0.214123
0.068277 0.027714 0.135106 0.934366 -0.304407 -0.185193
0.064971 0.022043 0.136354 0.917854 -0.261751 -0.298381
0.067341 0.029482 0.131775 0.930667 0.212785 -0.297625
0.066502 0.029653 0.129632 0.792646 0.503019 -0.344506
0.064592 0.022775 0.134077 0.942804 -0.256774 -0.212572
0.063971 0.033057 0.133400 -0.434327 -0.884699 0.169318
0.063990 0.032648 0.131570 -0.428335 -0.869524 0.245879
0.067273 0.026450 0.134291 0.730830 -0.676508 -0.090685
0.066375 0.031637 0.132743 -0.569124 -0.741835 0.354652
0.066472 0.026404 0.126878 0.985139 -0.166059 -0.043888
0.065842 0.032535 0.134434 -0.426273 -0.891866 0.151215
0.066432 0.032325 0.134812 -0.499726 -0.849767 0.167836
0.065393 0.024307 0.127329 -0.706649 0.699629 -0.105667
0.067283 0.025702 0.137831 0.625513 -0.736746 -0.256787
0.066231 0.024720 0.138153 0.689561 -0.641125 -0.336844
0.066782 0.028169 0.128599 0.971930 0.116630 -0.204327
0.066482 0.025834 0.129962 0.908583 -0.403688 -0.107296
0.067309 0.028421 0.131139 0.975847 -0.024091 -0.217123
0.063704 0.032809 0.131660 -0.429310 -0.870534 0.240550
0.066409 0.026045 0.129369 0.925803 -0.361067 -0.111890
0.065113 0.023817 0.135196 0.888091 -0.431879 -0.157399
0.065170 0.022076 0.136927 0.928864 -0.191125 -0.317306
0.069063 0.028756 0.138939 0.982658 0.090764 -0.161696
0.065805 0.024997 0.132757 0.715881 -0.695983 -0.055874
0.065099 0.024203 0.128293 0.686794 -0.724380 0.059896
0.066388 0.032217 0.134486 -0.520184 -0.826685 0.214479
0.067749 0.026757 0.135110 0.753592 -0.632633 -0.178536
0.066204 0.023783 0.139121 0.789204 -0.408842 -0.458264
0.067735 0.027126 0.133974 0.857589 -0.473291 -0.201337
0.068849 0.029777 0.138389 0.964199 0.253025 -0.079363
0.064026 0.022688 0.131278 0.888045 -0.441777 -0.127316
0.066590 0.026074 0.130090 0.913780 -0.388265 -0.119402
0.065000 0.032313 0.132055 -0.480863 -0.824334 0.298739
0.066635 0.028642 0.128446 0.912222 0.323222 -0.251752
0.066961 0.026174 0.133350 0.719102 -0.694689 -0.017300
0.068372 0.029894 0.135594 0.961397 0.158039 -0.225252
0.068682 0.028525 0.136562 0.982382 0.046203 -0.181085
0.063521 0.021377 0.132694 0.763828 -0.616852 -0.189897
0.065210 0.032934 0.135592 -0.386902 -0.917409 0.093104
0.064685 0.031290 0.128713 -0.605530 -0.755520 0.250048
0.067020 0.026319 0.132730 0.783365 -0.619530 -0.050212
0.068777 0.027780 0.137037 0.972603 -0.164575 -0.164188
0.065813 0.024735 0.127252 0.773936 -0.625499 0.098859
0.063928 0.022212 0.132076 0.849173 -0.487740 -0.202520
0.066112 0.031076 0.131201 -0.635602 -0.694317 0.337541
0.068097 0.026547 0.137005 0.698111 -0.659146 -0.279584
0.066420 0.025682 0.132223 0.721070 -0.692862 -0.000388
0.066174 0.025478 0.129095 0.886039 -0.461353 -0.045694
0.068292 0.030857 0.136761 0.904420 0.401302 -0.144847
0.066367 0.031888 0.133333 -0.569799 -0.771356 0.283441
0.068035 0.029250 0.134091 0.968379 0.086603 -0.233969
0.067756 0.030888 0.134679 0.836981 0.488266 -0.247102
0.067666 0.027462 0.133116 0.931965 -0.272804 -0.238788
0.063978 0.032442 0.130864 -0.470661 -0.837169 0.278614
0.064365 0.023586 0.130190 0.800073 -0.597940 -0.048481
0.068975 0.029281 0.138348 0.983628 0.143690 -0.108761
0.064135 0.032985 0.133306 -0.402839 -0.899569 0.168808
0.065822 0.029113 0.126724 0.818843 0.502310 -0.277814
0.065805 0.032407 0.133615 -0.503771 -0.829918 0.239688
0.066598 0.025570 0.135745 0.700529 -0.707671 -0.091983
0.066468 0.026501 0.127112 0.987070 -0.150677 -0.054678
0.068026 0.029728 0.134197 0.957610 0.174785 -0.228983
0.064179 0.023256 0.128356 0.772776 -0.633514 0.038431
0.067040 0.026899 0.131021 0.928954 -0.331827 -0.164122
0.065562 0.032589 0.134147 -0.419225 -0.896092 0.145838
0.065064 0.024085 0.127866 0.680790 -0.726990 0.089504
0.067393 0.028032 0.131803 0.973751 -0.085960 -0.210760
0.066448 0.026468 0.127836 0.978594 -0.201296 -0.042821
0.065253 0.021871 0.137311 0.924392 -0.224002 -0.308744
0.066822 0.030363 0.131279 0.768730 0.526958 -0.362450
0.064388 0.022897 0.132740 0.924373 -0.346411 -0.159793
0.067975 0.027187 0.134943 0.870609 -0.448628 -0.201920
0.064316 0.021703 0.134533 0.840317 -0.485943 -0.240264
0.066662 0.029577 0.129869 0.842489 0.432881 -0.320665
0.065781 0.024778 0.135296 0.780340 -0.614087 -0.118181
0.064085 0.032144 0.130388 -0.525694 -0.801296 0.285607
0.065975 0.024437 0.137757 0.817099 -0.512881 -0.263252
0.069104 0.027199 0.139331 0.961830 -0.178988 -0.206995
0.067386 0.029091 0.131626 0.956987 0.115781 -0.266028
0.066725 0.025975 0.133206 0.703414 -0.710751 -0.006513
0.064862 0.030793 0.127786 -0.661656 -0.702425 0.262316
0.063863 0.021275 0.134145 0.716307 -0.653405 -0.244879
0.067780 0.031372 0.135758 0.786947 0.574047 -0.226240
0.064177 0.031463 0.128094 -0.608802 -0.755610 0.241688
0.065013 0.030489 0.127409 0.696046 0.665462 -0.269593
0.066251 0.025263 0.136235 0.728011 -0.683967 -0.046798
0.067619 0.026708 0.134741 0.737840 -0.655176 -0.162287
0.063375 0.032813 0.131082 -0.457784 -0.855659 0.241415
0.068145 0.030862 0.135982 0.864984 0.461707 -0.196545
0.064095 0.022691 0.131682 0.887162 -0.433663 -0.157731
0.064303 0.021349 0.135255 0.770618 -0.581477 -0.260830
0.064774 0.031619 0.130099 -0.553315 -0.781154 0.289207
0.065454 0.024477 0.127839 0.720229 -0.686881 0.097286
0.067338 0.025520 0.138395 0.609862 -0.767450 -0.197709
0.068033 0.031023 0.135919 0.840205 0.506364 -0.194037
0.065501 0.022433 0.137774 0.954410 -0.146856 -0.259876
0.064055 0.031310 0.127381 -0.642038 -0.723856 0.252625
0.067341 0.028692 0.131265 0.974521 0.014287 -0.223841
0.067185 0.026369 0.134573 0.693866 -0.710224 -0.118877
0.064072 0.022448 0.132144 0.875361 -0.438690 -0.203209
0.067457 0.030539 0.132894 0.839536 0.430869 -0.330955
0.068525 0.030602 0.137595 0.931279 0.345545 -0.115403
0.066562 0.032468 0.136724 0.482368 0.870383 -0.098772
0.064098 0.032697 0.131970 -0.416944 -0.876374 0.241095
0.067123 0.025614 0.137842 0.644617 -0.722507 -0.249906
0.065857 0.031248 0.131148 -0.623697 -0.713137 0.320058
0.065224 0.032032 0.131712 -0.530137 -0.786510 0.316793
0.067600 0.026425 0.135932 0.663199 -0.727342 -0.176469
0.067918 0.028887 0.133524 0.953575 0.022385 -0.300323
0.063701 0.022420 0.129839 0.889572 -0.450950 -0.072838
0.065427 0.030895 0.129534 -0.670795 -0.685897 0.282097
0.063515 0.021417 0.132497 0.778135 -0.596331 -0.197221
0.065974 0.025136 0.131172 -0.698306 0.715013 -0.033544
0.065503 0.030296 0.128261 0.734143 0.631121 -0.250441
0.064215 0.033219 0.134647 -0.425567 -0.887220 0.178139
0.066992 0.028095 0.129911 0.980395 -0.016374 -0.196359
0.067631 0.030478 0.133568 0.897956 0.378190 -0.225048
0.065535 0.024765 0.132751 0.706715 -0.703060 -0.079126
0.064756 0.023474 0.134044 0.922390 -0.338437 -0.186165
0.063890 0.022722 0.130235 0.885207 -0.452782 -0.106756
0.067108 0.032006 0.135581 -0.594472 -0.790383 0.147982
0.065194 0.024282 0.128484 0.685012 -0.727105 0.045574
0.068764 0.028340 0.136958 0.986631 -0.009352 -0.162700
0.064313 0.031006 0.126978 0.657364 0.711296 -0.248860
0.065124 0.023099 0.136203 0.955718 -0.178720 -0.233801
0.065628 0.023139 0.137940 0.957518 -0.157882 -0.241315
0.066233 0.025417 0.127047 0.924139 -0.381340 0.023405
0.065388 0.024675 0.131330 0.669828 -0.739387 0.068095
0.065719 0.024588 0.135541 0.795856 -0.598708 -0.090348
0.064173 0.021651 0.134137 0.809655 -0.537185 -0.236413
0.064614 0.032953 0.134554 -0.361513 -0.917703 0.164708
0.065940 0.025147 0.131778 0.674091 -0.736743 0.053017
0.063582 0.033812 0.135516 0.460040 0.869195 -0.181281
0.068742 0.030071 0.138389 0.953284 0.294429 -0.067541
0.064541 0.032556 0.132195 -0.405306 -0.873274 0.270406
0.063834 0.032013 0.129174 -0.578380 -0.786789 0.215498
0.066558 0.031865 0.133682 -0.578662 -0.770179 0.268283
0.066929 0.026869 0.130459 0.926480 -0.318716 -0.200138
0.065163 0.031652 0.130814 -0.559976 -0.757060 0.336582
0.063415 0.033249 0.132575 -0.469205 -0.855651 0.218420
0.064945 0.024197 0.130736 0.715257 -0.698462 0.023623
0.068580 0.030000 0.136549 0.964628 0.197328 -0.174801
0.066005 0.032408 0.134188 -0.453769 -0.872783 0.179843
0.066841 0.025984 0.135091 0.679134 -0.717772 -0.153558
0.067404 0.028838 0.131616 0.974921 0.023480 -0.221309
0.063582 0.033700 0.135356 0.461630 0.869662 -0.174887
0.064124 0.031369 0.127728 -0.631926 -0.733067 0.251560
