-0.072030 0.036007 0.161740 0.486367 -0.263999 -0.832917 0.000000
-0.072615 0.034528 0.161701 -0.536501 0.116675 0.835795 0.000000
-0.072159 0.035577 0.161791 -0.471877 0.195713 0.859668 0.000000
-0.072351 0.034870 0.161792 -0.491464 0.154734 0.857042 0.000000
-0.071832 0.035769 0.161885 -0.417361 0.216602 0.882549 0.000000
-0.071605 0.036020 0.161930 0.364898 -0.232321 -0.901596 0.000000
-0.072046 0.035163 0.161892 -0.438845 0.182431 0.879849 0.000000
-0.072443 0.034188 0.161860 -0.535201 0.098241 0.838993 0.000000
-0.072510 0.035280 0.161666 -0.511400 0.185944 0.838984 0.000000
-0.072155 0.034267 0.162028 -0.477923 0.151541 0.865231 0.000000
-0.071965 0.034590 0.162047 -0.432878 0.163118 0.886571 0.000000
-0.071709 0.034990 0.162072 -0.359896 0.183471 0.914775 0.000000
-0.071206 0.035671 0.162119 -0.290774 0.186139 0.938511 0.000000
-0.072250 0.033908 0.162010 -0.522394 0.113297 0.845144 0.000000
-0.072536 0.033475 0.161847 -0.596777 0.061413 0.800054 0.000000
-0.071701 0.034496 0.162194 -0.376516 0.196106 0.905416 0.000000
-0.072671 0.033982 0.161712 -0.573762 0.070197 0.816008 0.000000
-0.072395 0.033104 0.161997 -0.604199 0.065360 0.794149 0.000000
-0.071852 0.034061 0.162218 -0.424093 0.163116 0.890808 0.000000
-0.071580 0.035526 0.162022 -0.343064 0.197504 0.918313 0.000000
-0.071320 0.035227 0.162156 -0.305122 0.189376 0.933294 0.000000
-0.071395 0.034740 0.162248 -0.328931 0.198826 0.923186 0.000000
-0.071957 0.033596 0.162232 -0.471561 0.124329 0.873025 0.000000
-0.072460 0.032695 0.161977 -0.624911 0.075459 0.777041 0.000000
-0.072897 0.032171 0.161646 -0.642936 0.092500 0.760314 0.000000
-0.070541 0.036080 0.162232 0.229744 -0.216724 -0.948814 0.000000
-0.070675 0.035588 0.162277 0.243732 -0.203931 -0.948160 0.000000
-0.072536 0.032187 0.161954 -0.633721 0.118778 0.764388 0.000000
-0.072085 0.033176 0.162206 -0.544152 0.089528 0.834196 0.000000
-0.071474 0.033994 0.162406 -0.347124 0.194043 0.917525 0.000000
-0.072707 0.033156 0.161715 -0.627857 0.044163 0.777075 0.000000
-0.072190 0.032753 0.162172 -0.580069 0.076971 0.810922 0.000000
-0.071166 0.034342 0.162397 -0.297666 0.208598 0.931602 0.000000
-0.072787 0.031777 0.161789 -0.655562 0.131313 0.743637 0.000000
-0.071666 0.033629 0.162407 -0.403026 0.150925 0.902658 0.000000
-0.070752 0.035117 0.162345 -0.252285 0.187282 0.949357 0.000000
-0.070155 0.036026 0.162335 0.165156 -0.219671 -0.961493 0.000000
-0.072857 0.031272 0.161825 -0.672557 0.149110 0.724868 0.000000
-0.072264 0.032285 0.162165 -0.610729 0.126993 0.781590 0.000000
-0.071877 0.032752 0.162372 -0.510144 0.130059 0.850199 0.000000
-0.072394 0.031855 0.162122 -0.638825 0.148895 0.754806 0.000000
-0.072627 0.032991 0.161808 -0.625845 0.051881 0.778220 0.000000
-0.072926 0.030867 0.161863 -0.687857 0.191869 0.700028 0.000000
-0.070231 0.035599 0.162373 0.197454 -0.202676 -0.959132 0.000000
-0.071221 0.033691 0.162566 -0.285637 0.185790 0.940156 0.000000
-0.072798 0.032546 0.161682 -0.635212 0.068810 0.769266 0.000000
-0.070992 0.033870 0.162564 -0.218568 0.197765 0.955572 0.000000
-0.070679 0.034832 0.162394 -0.239745 0.196703 0.950700 0.000000
-0.074406 0.028416 0.161967 -0.497977 0.311913 0.809154 0.000000
-0.070418 0.035194 0.162415 -0.212849 0.187360 0.958953 0.000000
-0.071558 0.032736 0.162549 -0.445182 0.119369 0.887448 0.000000
-0.078155 0.022972 0.162017 0.253461 -0.045069 0.966295 0.000000
-0.074369 0.028095 0.162089 -0.455304 0.264961 0.849996 0.000000
-0.072536 0.031401 0.162107 -0.655294 0.160620 0.738099 0.000000
-0.073091 0.030484 0.161795 -0.661666 0.247657 0.707717 0.000000
-0.071372 0.033276 0.162565 -0.371376 0.147000 0.916772 0.000000
-0.070367 0.035881 0.162295 0.203069 -0.220956 -0.953908 0.000000
-0.071836 0.032217 0.162484 -0.527630 0.177878 0.830642 0.000000
-0.072677 0.030958 0.162109 -0.671075 0.185978 0.717684 0.000000
-0.072084 0.031862 0.162392 -0.601554 0.169996 0.780534 0.000000
-0.072816 0.030542 0.162090 -0.661059 0.227173 0.715118 0.000000
-0.073246 0.030038 0.161789 -0.609741 0.321632 0.724409 0.000000
-0.072124 0.031461 0.162469 -0.559062 0.167957 0.811936 0.000000
-0.071009 0.034735 0.162362 -0.281621 0.197600 0.938959 0.000000
-0.073770 0.028783 0.162100 -0.434579 0.389488 0.812059 0.000000
-0.069512 0.036063 0.162398 0.096552 -0.222302 -0.970185 0.000000
-0.069617 0.035734 0.162463 -0.105996 0.213512 0.971173 0.000000
-0.073606 0.029442 0.161843 -0.510461 0.398552 0.761962 0.000000
-0.070124 0.035021 0.162536 -0.166938 0.170763 0.971067 0.000000
-0.072577 0.032567 0.161852 -0.629466 0.073714 0.773523 0.000000
-0.072349 0.031044 0.162374 -0.628635 0.162164 0.760605 0.000000
-0.072982 0.030122 0.162047 -0.621810 0.272080 0.734388 0.000000
-0.070705 0.033840 0.162639 -0.186951 0.183830 0.965016 0.000000
-0.073514 0.029138 0.162087 -0.487538 0.372839 0.789492 0.000000
-0.074045 0.028481 0.162111 -0.424501 0.339569 0.839340 0.000000
-0.074328 0.027804 0.162194 -0.476884 0.211254 0.853202 0.000000
-0.072530 0.030616 0.162328 -0.624363 0.178162 0.760545 0.000000
-0.069797 0.035319 0.162532 -0.145579 0.185593 0.971783 0.000000
-0.070403 0.034208 0.162609 -0.154130 0.170219 0.973278 0.000000
-0.074709 0.026615 0.162243 -0.536559 0.201253 0.819513 0.000000
-0.071847 0.031676 0.162622 0.510909 -0.168751 -0.842909 0.000000
-0.077740 0.020712 0.161889 0.287328 0.005439 0.957817 0.000000
-0.070200 0.034582 0.162605 -0.153585 0.154820 0.975931 0.000000
-0.074536 0.026946 0.162265 -0.523366 0.205205 0.827030 0.000000
-0.073168 0.029739 0.162012 -0.593490 0.305345 0.744671 0.000000
-0.070434 0.034811 0.162502 -0.204664 0.175135 0.963037 0.000000
-0.075411 0.025300 0.161933 -0.490730 0.028747 0.870837 0.000000
-0.074384 0.027375 0.162237 -0.496971 0.185834 0.847635 0.000000
-0.072005 0.031038 0.162639 -0.487107 0.119924 0.865069 0.000000
-0.074053 0.027725 0.162352 -0.428802 0.207958 0.879137 0.000000
-0.071567 0.031999 0.162717 -0.358976 0.164131 0.918802 0.000000
-0.072890 0.029735 0.162260 -0.562388 0.259725 0.785024 0.000000
-0.069825 0.034816 0.162635 -0.104334 0.131837 0.985765 0.000000
-0.074934 0.026259 0.162123 -0.532588 0.174642 0.828161 0.000000
-0.073387 0.028784 0.162297 -0.433211 0.324538 0.840835 0.000000
-0.073836 0.028077 0.162342 -0.398225 0.259269 0.879885 0.000000
-0.072428 0.030313 0.162476 -0.537044 0.148577 0.830366 0.000000
-0.071225 0.032300 0.162798 -0.267854 0.158863 0.950272 0.000000
-0.073105 0.029198 0.162315 -0.491019 0.304189 0.816315 0.000000
-0.074515 0.026645 0.162367 -0.524776 0.203186 0.826636 0.000000
-0.072181 0.030626 0.162590 -0.485595 0.119897 0.865923 0.000000
-0.070930 0.032675 0.162773 -0.211923 0.136327 0.967731 0.000000
-0.073594 0.028404 0.162329 -0.385382 0.294457 0.874515 0.000000
-0.069247 0.035466 0.162563 -0.053136 0.193226 0.979714 0.000000
-0.069512 0.035152 0.162619 -0.088709 0.159297 0.983237 0.000000
-0.070448 0.033659 0.162707 -0.131175 0.154790 0.979200 0.000000
-0.075066 0.025842 0.162106 -0.530338 0.108663 0.840794 0.000000
-0.070704 0.033033 0.162767 -0.200791 0.148498 0.968314 0.000000
-0.074688 0.026290 0.162329 -0.542092 0.172738 0.822374 0.000000
-0.073600 0.029870 0.161603 -0.543008 0.364942 0.756280 0.000000
-0.072743 0.029454 0.162456 -0.486261 0.238430 0.840656 0.000000
-0.071694 0.031310 0.162772 -0.371282 0.113796 0.921521 0.000000
-0.074143 0.026988 0.162478 -0.447955 0.208692 0.869359 0.000000
-0.070103 0.033905 0.162686 -0.064333 0.139972 0.988063 0.000000
-0.071258 0.031875 0.162851 -0.283569 0.126747 0.950539 0.000000
-0.073077 0.028797 0.162461 -0.415424 0.274056 0.867362 0.000000
-0.069835 0.034379 0.162663 -0.080978 0.120053 0.989459 0.000000
-0.073822 0.027588 0.162463 -0.387160 0.212994 0.897073 0.000000
-0.069251 0.035070 0.162641 -0.056659 0.138999 0.988670 0.000000
-0.074160 0.026387 0.162605 -0.449600 0.176918 0.875534 0.000000
-0.071699 0.030876 0.162802 0.329007 -0.072205 -0.941563 0.000000
-0.074701 0.025877 0.162388 -0.547219 0.127684 0.827193 0.000000
-0.075171 0.024980 0.162093 -0.561550 0.041725 0.826390 0.000000
-0.072338 0.029659 0.162625 -0.404999 0.126868 0.905473 0.000000
-0.070348 0.032995 0.162830 -0.089427 0.134673 0.986846 0.000000
-0.072213 0.030139 0.162633 -0.430988 0.093145 0.897538 0.000000
-0.073878 0.027327 0.162510 -0.403222 0.201166 0.892717 0.000000
-0.075372 0.024161 0.161974 -0.549897 0.022724 0.834924 0.000000
-0.068653 0.035826 0.162486 0.022469 -0.189961 -0.981534 0.000000
-0.072928 0.028490 0.162631 -0.369183 0.213257 0.904558 0.000000
-0.073304 0.027671 0.162663 -0.319062 0.203563 0.925614 0.000000
-0.074919 0.025366 0.162288 -0.571353 0.056935 0.818727 0.000000
-0.075273 0.024566 0.162023 -0.574368 0.020087 0.818351 0.000000
-0.071503 0.032232 0.162704 -0.357982 0.154616 0.920838 0.000000
-0.074342 0.026013 0.162604 -0.484790 0.149854 0.861697 0.000000
-0.072769 0.028919 0.162599 -0.383005 0.197566 0.902372 0.000000
-0.070055 0.033259 0.162801 -0.025274 0.153476 0.987829 0.000000
-0.070972 0.031704 0.162861 -0.140255 0.063034 0.988107 0.000000
-0.071830 0.030364 0.162786 -0.330562 0.048456 0.942539 0.000000
-0.073480 0.027972 0.162504 -0.361196 0.247880 0.898940 0.000000
-0.072565 0.029954 0.162443 -0.526241 0.201694 0.826069 0.000000
-0.074578 0.025548 0.162515 -0.529986 0.104417 0.841553 0.000000
-0.071028 0.033091 0.162697 -0.243384 0.151214 0.958070 0.000000
-0.070661 0.031998 0.162867 -0.108329 0.067304 0.991834 0.000000
-0.074890 0.024547 0.162341 -0.600755 0.031485 0.798813 0.000000
-0.072608 0.028568 0.162731 -0.308427 0.169219 0.936076 0.000000
-0.071481 0.030482 0.162869 -0.202738 0.039824 0.978423 0.000000
-0.073753 0.026918 0.162661 -0.349383 0.184667 0.918602 0.000000
-0.072238 0.029308 0.162728 -0.334931 0.151756 0.929942 0.000000
-0.070069 0.032957 0.162877 -0.031427 0.137126 0.990055 0.000000
-0.075056 0.024190 0.162222 -0.616137 0.038945 0.786676 0.000000
-0.074035 0.026087 0.162742 -0.403863 0.149550 0.902513 0.000000
-0.073487 0.027280 0.162675 -0.324826 0.191072 0.926272 0.000000
-0.074801 0.024903 0.162393 -0.586667 0.055072 0.807954 0.000000
-0.073887 0.026516 0.162697 -0.365066 0.174920 0.914401 0.000000
-0.074601 0.025194 0.162526 -0.567998 0.071021 0.819960 0.000000
-0.072386 0.028904 0.162742 -0.328503 0.162153 0.930479 0.000000
-0.074156 0.028083 0.162229 -0.441288 0.249581 0.861959 0.000000
-0.072319 0.034546 0.161859 -0.488258 0.139524 0.861474 0.000000
-0.073268 0.029502 0.162073 -0.551116 0.341251 0.761458 0.000000
-0.074223 0.025724 0.162712 -0.424966 0.130036 0.895821 0.000000
-0.071194 0.032693 0.162699 -0.295800 0.131070 0.946215 0.000000
-0.075401 0.023302 0.161974 -0.567955 0.063551 0.820602 0.000000
-0.071578 0.030009 0.162844 -0.203705 0.035231 0.978398 0.000000
-0.072756 0.027681 0.162825 -0.246529 0.146560 0.957989 0.000000
-0.074453 0.024835 0.162654 -0.534061 0.059653 0.843339 0.000000
-0.074772 0.024316 0.162480 -0.606704 0.049379 0.793393 0.000000
-0.071913 0.029416 0.162782 -0.244626 0.078310 0.966450 0.000000
-0.073451 0.026748 0.162791 -0.274109 0.158835 0.948491 0.000000
-0.070181 0.032225 0.162930 -0.056820 0.059191 0.996628 0.000000
-0.074219 0.025139 0.162759 -0.414298 0.063442 0.907927 0.000000
-0.069449 0.033871 0.162685 -0.002827 0.102131 0.994767 0.000000
-0.073106 0.027282 0.162809 -0.260105 0.161689 0.951947 0.000000
-0.072529 0.029212 0.162639 -0.384354 0.183193 0.904827 0.000000
-0.068144 0.035788 0.162534 0.011871 -0.181042 -0.983404 0.000000
-0.072055 0.028607 0.162847 -0.190085 0.124499 0.973842 0.000000
-0.075787 0.024972 0.161751 -0.379911 0.005236 0.925008 0.000000
-0.074967 0.023802 0.162246 -0.636560 0.057565 0.769076 0.000000
-0.075091 0.023402 0.162188 -0.630724 0.060852 0.773617 0.000000
-0.075420 0.025903 0.161897 -0.476185 0.113516 0.871987 0.000000
-0.074488 0.024349 0.162689 -0.550571 0.060459 0.832596 0.000000
-0.073806 0.025749 0.162854 -0.312707 0.118951 0.942372 0.000000
-0.073469 0.026245 0.162879 -0.246032 0.140258 0.959060 0.000000
-0.074064 0.024879 0.162862 -0.386317 0.085708 0.918375 0.000000
-0.070603 0.032403 0.162862 -0.127803 0.086205 0.988046 0.000000
-0.075182 0.022919 0.162167 -0.644090 0.074844 0.761279 0.000000
-0.069273 0.035817 0.162475 0.073919 -0.223606 -0.971873 0.000000
-0.075158 0.026614 0.161841 -0.511874 0.198369 0.835844 0.000000
-0.074639 0.023927 0.162571 -0.597179 0.074527 0.798638 0.000000
-0.074787 0.023501 0.162451 -0.656433 0.065669 0.751520 0.000000
-0.073890 0.025252 0.162886 -0.327766 0.081907 0.941202 0.000000
-0.071039 0.029970 0.162907 -0.131407 0.040807 0.990488 0.000000
-0.073105 0.026544 0.162916 -0.201355 0.130327 0.970810 0.000000
-0.074439 0.023619 0.162819 -0.557659 0.115258 0.822029 0.000000
-0.075500 0.022611 0.162002 -0.579936 0.038057 0.813773 0.000000
-0.072617 0.027257 0.162917 -0.182566 0.112139 0.976778 0.000000
-0.073143 0.031967 0.161467 -0.642153 0.104853 0.759372 0.000000
-0.071608 0.028998 0.162887 -0.186170 0.094583 0.977954 0.000000
-0.075225 0.022459 0.162187 -0.655804 0.076204 0.751075 0.000000
-0.070246 0.032652 0.162897 -0.103300 0.106601 0.988921 0.000000
-0.069621 0.032319 0.162929 0.005049 0.090067 0.995923 0.000000
-0.074869 0.023063 0.162437 -0.667682 0.092364 0.738694 0.000000
-0.072950 0.026898 0.162902 -0.228939 0.137037 0.963747 0.000000
-0.075219 0.025476 0.162032 -0.516488 0.050079 0.854829 0.000000
-0.074250 0.024052 0.162871 -0.501291 0.101238 0.859336 0.000000
-0.075382 0.021873 0.162123 -0.657497 -0.003617 0.753449 0.000000
-0.074554 0.023273 0.162766 -0.615273 0.127834 0.777880 0.000000
-0.072302 0.027584 0.162939 -0.171419 0.107374 0.979330 0.000000
-0.072025 0.028969 0.162804 -0.219474 0.122101 0.967948 0.000000
-0.071755 0.030060 0.162816 -0.266837 0.042181 0.962818 0.000000
-0.075100 0.022186 0.162338 -0.678283 0.086738 0.729664 0.000000
-0.075620 0.021668 0.161923 -0.647602 -0.057400 0.759813 0.000000
-0.071902 0.027839 0.162983 -0.124250 0.079777 0.989039 0.000000
-0.067966 0.035332 0.162600 0.006511 -0.145746 -0.989301 0.000000
-0.074705 0.022573 0.162676 -0.683758 0.095468 0.723437 0.000000
-0.073813 0.024530 0.162969 -0.319851 0.136149 0.937635 0.000000
-0.073503 0.025236 0.162991 -0.219810 0.100193 0.970384 0.000000
-0.072213 0.033442 0.162076 -0.567096 0.068945 0.820761 0.000000
-0.071578 0.029535 0.162844 -0.195387 0.041927 0.979830 0.000000
-0.074642 0.022931 0.162713 -0.650450 0.113824 0.750972 0.000000
-0.073666 0.024912 0.162985 -0.261241 0.114549 0.958453 0.000000
-0.071118 0.030537 0.162902 -0.125477 0.039346 0.991316 0.000000
-0.074090 0.023713 0.163007 -0.410681 0.127746 0.902786 0.000000
-0.072456 0.026839 0.162974 -0.137024 0.082429 0.987132 0.000000
-0.074153 0.023305 0.163045 -0.439207 0.136778 0.887913 0.000000
-0.074989 0.021805 0.162511 -0.689128 0.065348 0.721687 0.000000
-0.070835 0.029505 0.162978 -0.129008 0.055667 0.990080 0.000000
-0.075687 0.022857 0.161864 -0.533890 0.029203 0.845050 0.000000
-0.072888 0.026170 0.162984 -0.129389 0.093117 0.987212 0.000000
-0.071589 0.028116 0.162989 -0.116640 0.079657 0.989975 0.000000
-0.071377 0.028515 0.162963 -0.133536 0.077779 0.987987 0.000000
-0.075329 0.020928 0.162006 0.727581 0.144733 -0.670580 0.000000
-0.072130 0.027291 0.162974 -0.127740 0.069864 0.989344 0.000000
-0.074406 0.022844 0.162975 -0.572599 0.130673 0.809355 0.000000
-0.075223 0.021175 0.162216 0.736031 0.111384 -0.667721 0.000000
-0.069735 0.033155 0.162814 0.001630 0.149825 0.988711 0.000000
-0.073128 0.025527 0.163016 -0.163713 0.084915 0.982847 0.000000
-0.074741 0.022099 0.162695 0.706825 -0.096532 -0.700771 0.000000
-0.067524 0.035427 0.162573 -0.008096 -0.146478 -0.989181 0.000000
-0.074793 0.021581 0.162721 0.731676 -0.065296 -0.678518 0.000000
-0.075540 0.021291 0.161946 -0.656991 -0.134247 0.741850 0.000000
-0.074402 0.022130 0.163048 -0.661309 0.132514 0.738316 0.000000
-0.070469 0.029712 0.163003 -0.112134 0.061537 0.991786 0.000000
-0.070751 0.030344 0.162946 -0.094710 0.044034 0.994531 0.000000
-0.071800 0.033200 0.162369 -0.480505 0.106867 0.870456 0.000000
-0.073173 0.024598 0.163084 -0.132476 0.132390 0.982305 0.000000
-0.069435 0.033570 0.162720 0.014091 0.145054 0.989323 0.000000
-0.073204 0.025082 0.163031 -0.147574 0.098550 0.984129 0.000000
-0.074086 0.022862 0.163151 -0.415998 0.156252 0.895841 0.000000
-0.072383 0.026400 0.163011 -0.088182 0.082044 0.992720 0.000000
-0.075032 0.020949 0.162424 0.800743 0.078332 -0.593864 0.000000
-0.074213 0.022513 0.163141 -0.483282 0.168167 0.859161 0.000000
-0.073708 0.023553 0.163150 -0.283940 0.125557 0.950586 0.000000
-0.069594 0.030704 0.163002 -0.045256 0.077029 0.996001 0.000000
-0.073573 0.023988 0.163136 -0.214765 0.148310 0.965339 0.000000
-0.075226 0.020204 0.161936 0.733408 0.106510 -0.671393 0.000000
-0.072686 0.032251 0.161783 -0.637729 0.091594 0.764795 0.000000
-0.073454 0.024344 0.163101 -0.198169 0.134672 0.970872 0.000000
-0.074486 0.021716 0.163043 0.695656 -0.184608 -0.694250 0.000000
-0.072748 0.025688 0.163039 -0.095237 0.078844 0.992327 0.000000
-0.074814 0.021109 0.162752 0.797485 -0.026161 -0.602771 0.000000
-0.070688 0.029156 0.163030 -0.124121 0.065676 0.990091 0.000000
-0.068909 0.033015 0.162807 0.010289 0.127554 0.991778 0.000000
-0.075080 0.021359 0.162472 0.736754 0.005912 -0.676135 0.000000
-0.075137 0.020570 0.162178 0.805097 0.135995 -0.577342 0.000000
-0.070851 0.028736 0.163023 -0.123372 0.062933 0.990363 0.000000
-0.072786 0.025217 0.163076 -0.074115 0.088672 0.993300 0.000000
-0.071155 0.029017 0.162959 -0.142200 0.070158 0.987349 0.000000
-0.074177 0.021928 0.163302 -0.516796 0.217846 0.827928 0.000000
-0.070907 0.035900 0.162126 0.264624 -0.207197 -0.941830 0.000000
-0.074909 0.020630 0.162585 0.847271 0.092808 -0.522989 0.000000
-0.071114 0.027824 0.163029 -0.088133 0.031928 0.995597 0.000000
-0.074673 0.020751 0.162982 0.857585 0.029000 -0.513525 0.000000
-0.074410 0.021341 0.163264 0.743788 -0.192838 -0.639994 0.000000
-0.074980 0.020190 0.162337 0.819171 0.119859 -0.560885 0.000000
-0.072397 0.025942 0.163035 -0.072983 0.077158 0.994344 0.000000
-0.074985 0.021548 0.162526 0.740773 -0.012755 -0.671634 0.000000
-0.073313 0.023710 0.163237 -0.184622 0.147643 0.971657 0.000000
-0.071536 0.027821 0.163017 -0.101850 0.056583 0.993189 0.000000
-0.070375 0.029068 0.163068 -0.115049 0.071052 0.990816 0.000000
-0.074466 0.020892 0.163369 0.758456 -0.107467 -0.642803 0.000000
-0.072259 0.025499 0.163081 -0.059824 0.077772 0.995175 0.000000
-0.072761 0.024744 0.163117 -0.068701 0.120042 0.990389 0.000000
-0.070868 0.033435 0.162693 -0.198341 0.162593 0.966553 0.000000
-0.072971 0.024321 0.163184 -0.109078 0.152803 0.982219 0.000000
-0.074572 0.020436 0.163159 0.848224 0.092013 -0.521584 0.000000
-0.073761 0.022028 0.163434 -0.361587 0.278798 0.889678 0.000000
-0.068429 0.036014 0.162473 0.019145 -0.182135 -0.983087 0.000000
-0.074755 0.020317 0.162764 0.854551 0.099160 -0.509814 0.000000
-0.069204 0.032286 0.162892 0.022073 0.094744 0.995257 0.000000
-0.073387 0.023274 0.163276 -0.192607 0.162849 0.967669 0.000000
-0.074393 0.020500 0.163495 0.765089 0.036981 -0.642862 0.000000
-0.074240 0.021057 0.163591 -0.642505 0.178894 0.745107 0.000000
-0.074799 0.019915 0.162534 0.846936 0.155439 -0.508466 0.000000
-0.071499 0.032972 0.162516 -0.419133 0.138917 0.897235 0.000000
-0.070988 0.027506 0.163035 -0.078434 0.022755 0.996660 0.000000
-0.074940 0.022635 0.162410 -0.671974 0.080854 0.736148 0.000000
-0.072382 0.025069 0.163106 -0.062410 0.097281 0.993298 0.000000
-0.073036 0.031043 0.161656 -0.657937 0.159238 0.736045 0.000000
-0.071877 0.025744 0.163069 -0.050317 0.067800 0.996429 0.000000
-0.073067 0.023328 0.163338 -0.139243 0.164531 0.976494 0.000000
-0.070377 0.028341 0.163107 -0.103596 0.020552 0.994407 0.000000
-0.068848 0.031025 0.162986 -0.001693 0.067607 0.997711 0.000000
-0.073876 0.021638 0.163559 -0.403320 0.326566 0.854803 0.000000
-0.071165 0.033938 0.162491 -0.294537 0.195730 0.935381 0.000000
-0.071881 0.026180 0.163019 -0.051628 0.069637 0.996236 0.000000
-0.071653 0.026627 0.163012 -0.060414 0.050714 0.996884 0.000000
-0.073311 0.022514 0.163386 -0.222084 0.206770 0.952851 0.000000
-0.073332 0.025899 0.162936 -0.197224 0.105557 0.974659 0.000000
-0.071290 0.026573 0.163049 -0.055230 0.047978 0.997320 0.000000
-0.074146 0.020744 0.163722 -0.612289 0.035405 0.789841 0.000000
-0.074621 0.019992 0.162907 0.844426 0.172037 -0.507294 0.000000
-0.072248 0.031504 0.162338 -0.606262 0.171261 0.776605 0.000000
-0.072917 0.023800 0.163261 -0.084453 0.169763 0.981860 0.000000
-0.073532 0.021722 0.163610 -0.226023 0.295467 0.928231 0.000000
-0.074412 0.020078 0.163292 0.789966 0.154895 -0.593263 0.000000
-0.072569 0.024429 0.163174 -0.059888 0.148029 0.987168 0.000000
-0.071436 0.026250 0.163060 -0.054177 0.063640 0.996501 0.000000
-0.072735 0.028146 0.162753 -0.292215 0.197763 0.935682 0.000000
-0.071558 0.031656 0.162785 -0.350789 0.127883 0.927681 0.000000
-0.073860 0.024107 0.163032 -0.336900 0.128527 0.932727 0.000000
-0.073845 0.021111 0.163749 -0.407716 0.237410 0.881705 0.000000
-0.074043 0.019849 0.163695 -0.593577 -0.156216 0.789470 0.000000
-0.071929 0.025323 0.163105 -0.045296 0.081047 0.995680 0.000000
-0.073471 0.021481 0.163723 -0.201665 0.301874 0.931774 0.000000
-0.069944 0.029460 0.163069 -0.075900 0.074605 0.994320 0.000000
-0.073127 0.022880 0.163395 -0.172016 0.182819 0.967981 0.000000
-0.069623 0.028717 0.163155 -0.049535 0.042587 0.997864 0.000000
-0.071471 0.025837 0.163082 -0.043871 0.070818 0.996524 0.000000
-0.075088 0.019937 0.162074 0.759647 0.075451 -0.645944 0.000000
-0.071412 0.031098 0.162863 -0.249737 0.073625 0.965511 0.000000
-0.073865 0.029352 0.161709 -0.450660 0.437749 0.777998 0.000000
-0.072513 0.023619 0.163293 -0.039527 0.170771 0.984518 0.000000
-0.072388 0.027945 0.162867 -0.192882 0.116409 0.974292 0.000000
-0.075537 0.022146 0.161979 -0.615197 0.028417 0.787861 0.000000
-0.073471 0.021027 0.163858 -0.207252 0.224791 0.952111 0.000000
-0.072961 0.022091 0.163594 -0.120837 0.244797 0.962015 0.000000
-0.069870 0.035782 0.162403 0.138449 -0.222459 -0.965062 0.000000
-0.069656 0.028310 0.163178 -0.063654 0.020456 0.997762 0.000000
-0.072171 0.023918 0.163265 -0.005028 0.158917 0.987279 0.000000
-0.073053 0.021679 0.163715 -0.111934 0.278656 0.953846 0.000000
-0.071438 0.025220 0.163133 -0.046790 0.076464 0.995974 0.000000
-0.072011 0.026723 0.163001 -0.069520 0.049852 0.996334 0.000000
-0.074257 0.021628 0.163348 -0.574025 0.259983 0.776469 0.000000
-0.072999 0.022408 0.163507 -0.148718 0.199396 0.968568 0.000000
-0.071145 0.025579 0.163128 -0.039894 0.069731 0.996768 0.000000
-0.071907 0.024227 0.163221 -0.016569 0.128119 0.991620 0.000000
-0.071307 0.031439 0.162873 -0.232423 0.066509 0.970338 0.000000
-0.070971 0.025938 0.163108 -0.048303 0.060024 0.997028 0.000000
-0.074668 0.028021 0.161896 -0.521457 0.249610 0.815952 0.000000
-0.073994 0.022257 0.163274 -0.420210 0.248757 0.872665 0.000000
-0.072683 0.022905 0.163456 -0.081203 0.196127 0.977210 0.000000
-0.068612 0.031471 0.162956 0.004919 0.074440 0.997213 0.000000
-0.074537 0.021123 0.163079 0.821257 -0.081642 -0.564687 0.000000
-0.073773 0.020676 0.163851 -0.373243 0.059254 0.925839 0.000000
-0.070378 0.033330 0.162746 -0.114684 0.167695 0.979146 0.000000
-0.072558 0.022428 0.163577 -0.073859 0.218821 0.972966 0.000000
-0.069415 0.029220 0.163129 -0.031613 0.072642 0.996857 0.000000
-0.071796 0.028550 0.162902 -0.163478 0.104850 0.980959 0.000000
-0.072294 0.023182 0.163391 -0.015804 0.204285 0.978784 0.000000
-0.072185 0.022720 0.163507 0.005100 0.201283 0.979520 0.000000
-0.069776 0.027852 0.163158 -0.058732 -0.003295 0.998268 0.000000
-0.071270 0.024704 0.163182 -0.031296 0.082453 0.996103 0.000000
-0.073104 0.021327 0.163808 -0.121524 0.286206 0.950430 0.000000
-0.074488 0.022430 0.162954 -0.652014 0.105401 0.750845 0.000000
-0.074152 0.020273 0.163661 -0.662486 -0.128053 0.738048 0.000000
-0.070946 0.025060 0.163171 -0.024734 0.070352 0.997216 0.000000
-0.071797 0.027587 0.163005 -0.092015 0.046917 0.994652 0.000000
-0.071867 0.023090 0.163407 0.029851 0.201831 0.978965 0.000000
-0.073330 0.020633 0.163965 -0.210991 0.115464 0.970645 0.000000
-0.072163 0.022460 0.163574 0.007873 0.208097 0.978076 0.000000
-0.070481 0.030753 0.162938 -0.082221 0.051779 0.995268 0.000000
-0.073414 0.022258 0.163419 -0.219090 0.244488 0.944577 0.000000
-0.070693 0.025406 0.163149 -0.016329 0.059448 0.998098 0.000000
-0.072278 0.021683 0.163710 0.000700 0.257119 0.966379 0.000000
-0.072135 0.022219 0.163600 0.022106 0.215906 0.976164 0.000000
-0.068431 0.030396 0.163035 0.009516 0.067500 0.997674 0.000000
-0.070149 0.031632 0.162924 -0.060383 0.038464 0.997434 0.000000
-0.069834 0.032693 0.162905 -0.007702 0.113036 0.993561 0.000000
-0.071230 0.028073 0.163002 -0.111016 0.046614 0.992725 0.000000
-0.072709 0.020973 0.163936 -0.049929 0.263305 0.963420 0.000000
-0.070645 0.024717 0.163198 0.002857 0.063113 0.998002 0.000000
-0.071720 0.022737 0.163479 0.043691 0.193275 0.980171 0.000000
-0.069861 0.031966 0.162951 -0.042611 0.037627 0.998383 0.000000
-0.070299 0.025522 0.163143 -0.004107 0.041637 0.999124 0.000000
-0.069239 0.027671 0.163184 -0.031576 -0.011836 0.999431 0.000000
-0.072616 0.024058 0.163237 -0.049497 0.174050 0.983492 0.000000
-0.070219 0.024894 0.163170 0.013312 0.052735 0.998520 0.000000
-0.070229 0.030253 0.163002 -0.080898 0.066448 0.994505 0.000000
-0.071973 0.024555 0.163143 -0.029036 0.114977 0.992944 0.000000
-0.071400 0.022361 0.163523 0.061695 0.196467 0.978568 0.000000
-0.069099 0.031906 0.162922 0.012174 0.084315 0.996365 0.000000
-0.067567 0.030929 0.162956 0.027906 0.078660 0.996511 0.000000
-0.070767 0.027947 0.163046 -0.093614 0.016410 0.995473 0.000000
-0.070435 0.028774 0.163082 -0.115517 0.051813 0.991953 0.000000
-0.069502 0.031272 0.162959 -0.034818 0.053442 0.997964 0.000000
-0.071043 0.022405 0.163502 0.070541 0.181727 0.980816 0.000000
-0.072522 0.022049 0.163633 -0.058212 0.233040 0.970723 0.000000
-0.070898 0.026675 0.163049 -0.064888 0.040094 0.997087 0.000000
-0.069761 0.029967 0.163046 -0.063229 0.073068 0.995321 0.000000
-0.069920 0.024660 0.163167 0.026402 0.056333 0.998063 0.000000
-0.069183 0.031566 0.162950 -0.002670 0.061914 0.998078 0.000000
-0.070447 0.027409 0.163093 -0.085094 0.004569 0.996362 0.000000
-0.072028 0.023521 0.163314 0.004728 0.180223 0.983614 0.000000
-0.069382 0.030921 0.162990 -0.035685 0.071361 0.996812 0.000000
-0.069992 0.028614 0.163141 -0.086238 0.038462 0.995532 0.000000
-0.070667 0.034494 0.162495 -0.216528 0.195604 0.956480 0.000000
-0.071683 0.023854 0.163270 -0.004705 0.143850 0.989588 0.000000
-0.070059 0.028167 0.163147 -0.087101 0.015996 0.996071 0.000000
-0.070047 0.025922 0.163141 -0.028001 0.030073 0.999155 0.000000
-0.070724 0.022068 0.163540 0.111078 0.183656 0.976695 0.000000
-0.071347 0.024069 0.163245 -0.007326 0.108853 0.994031 0.000000
-0.070965 0.024359 0.163228 -0.009752 0.086775 0.996180 0.000000
-0.071848 0.021606 0.163721 0.054070 0.272493 0.960637 0.000000
-0.069915 0.025218 0.163148 0.014334 0.033117 0.999349 0.000000
-0.069311 0.024128 0.163199 0.040387 0.060360 0.997359 0.000000
-0.069101 0.029021 0.163142 -0.007975 0.067137 0.997712 0.000000
-0.068446 0.035462 0.162568 0.016596 -0.180869 -0.983367 0.000000
-0.071369 0.021624 0.163689 0.081474 0.265581 0.960640 0.000000
-0.071205 0.022798 0.163437 0.055393 0.171120 0.983692 0.000000
-0.067913 0.031238 0.162972 0.025725 0.073001 0.997000 0.000000
-0.068723 0.028759 0.163161 -0.000785 0.043767 0.999041 0.000000
-0.075193 0.021714 0.162357 -0.696920 0.008060 0.717104 0.000000
-0.073471 0.029724 0.161778 -0.564834 0.371241 0.736982 0.000000
-0.067475 0.034946 0.162638 -0.010728 -0.119276 -0.992803 0.000000
-0.074274 0.028780 0.161848 -0.455286 0.397082 0.796894 0.000000
-0.075248 0.023759 0.162066 -0.598243 0.059565 0.799098 0.000000
-0.069131 0.032952 0.162825 0.024281 0.130600 0.991138 0.000000
-0.072803 0.033663 0.161628 -0.602002 0.050059 0.796924 0.000000
-0.067428 0.034395 0.162715 -0.021545 -0.105006 -0.994238 0.000000
-0.072508 0.035737 0.161519 0.556258 -0.252803 -0.791624 0.000000
-0.067223 0.032933 0.162791 0.029335 0.066355 0.997365 0.000000
-0.071454 0.023118 0.163386 0.041358 0.184984 0.981871 0.000000
-0.072682 0.034905 0.161605 -0.546822 0.147338 0.824183 0.000000
-0.070605 0.024094 0.163234 0.019063 0.085168 0.996184 0.000000
-0.070986 0.035282 0.162265 -0.271422 0.195013 0.942497 0.000000
-0.072908 0.034521 0.161502 -0.605246 0.102395 0.789425 0.000000
-0.072689 0.021393 0.163812 -0.051150 0.286766 0.956634 0.000000
-0.070657 0.023465 0.163296 0.026504 0.127447 0.991491 0.000000
-0.073007 0.034036 0.161457 -0.614570 0.051869 0.787155 0.000000
-0.073037 0.033512 0.161439 -0.628642 0.028881 0.777158 0.000000
-0.070127 0.022929 0.163344 0.059985 0.119557 0.991014 0.000000
-0.070477 0.021211 0.163673 0.152051 0.206203 0.966623 0.000000
-0.068590 0.035141 0.162617 -0.014794 0.130531 0.991334 0.000000
-0.069720 0.030375 0.163023 -0.052656 0.074810 0.995807 0.000000
-0.073119 0.031497 0.161522 -0.644383 0.117378 0.755641 0.000000
-0.068255 0.034698 0.162697 -0.027690 0.107722 0.993795 0.000000
-0.067836 0.034702 0.162694 0.002220 0.109798 0.993951 0.000000
-0.075391 0.021517 0.162176 -0.684676 -0.074747 0.725004 0.000000
-0.073242 0.030766 0.161486 -0.627960 0.197361 0.752805 0.000000
-0.073428 0.030279 0.161499 -0.588033 0.282171 0.758021 0.000000
-0.074243 0.029437 0.161451 -0.474890 0.457305 0.751899 0.000000
-0.073877 0.029784 0.161447 -0.477387 0.403598 0.780520 0.000000
-0.074885 0.028440 0.161659 -0.579487 0.333520 0.743612 0.000000
-0.074572 0.028619 0.161776 -0.501329 0.360641 0.786516 0.000000
-0.074337 0.020812 0.163614 -0.645094 0.111153 0.755975 0.000000
-0.075508 0.027307 0.161565 -0.447756 0.220291 0.866595 0.000000
-0.074631 0.021365 0.162873 0.786386 -0.104807 -0.608780 0.000000
-0.069955 0.023872 0.163239 0.039763 0.085636 0.995533 0.000000
-0.075188 0.027025 0.161781 -0.500392 0.199749 0.842442 0.000000
-0.073775 0.023103 0.163189 -0.365132 0.122198 0.922901 0.000000
-0.070734 0.022559 0.163442 0.079420 0.160034 0.983911 0.000000
-0.072255 0.021003 0.163945 0.015229 0.288211 0.957446 0.000000
-0.073126 0.028094 0.162636 -0.318573 0.202061 0.926111 0.000000
-0.072441 0.020599 0.164065 -0.028357 0.241677 0.969942 0.000000
-0.071872 0.020695 0.164030 0.063498 0.250772 0.965961 0.000000
-0.070242 0.021907 0.163510 0.117961 0.157776 0.980404 0.000000
-0.071902 0.029868 0.162757 -0.302925 0.075360 0.950030 0.000000
-0.071478 0.032439 0.162656 -0.379960 0.143132 0.913862 0.000000
-0.071374 0.030832 0.162842 -0.198598 0.043310 0.979124 0.000000
-0.071299 0.029683 0.162883 -0.154456 0.036248 0.987334 0.000000
-0.080039 0.034792 0.162371 0.043371 0.059903 0.997262 0.000000
-0.079344 0.034983 0.162272 0.094755 0.039422 0.994720 0.000000
-0.070658 0.031463 0.162886 -0.077349 0.042708 0.996089 0.000000
-0.069252 0.028055 0.163180 -0.021280 0.005412 0.999759 0.000000
-0.079282 0.034511 0.162336 0.094732 0.042928 0.994577 0.000000
-0.070553 0.032638 0.162816 -0.127658 0.108145 0.985905 0.000000
-0.074790 0.027030 0.162021 -0.534847 0.185646 0.824302 0.000000
-0.074903 0.025979 0.162181 -0.559447 0.140944 0.816795 0.000000
-0.074832 0.026669 0.162062 -0.537168 0.191786 0.821382 0.000000
-0.078508 0.034470 0.162168 0.242633 -0.000093 0.970118 0.000000
-0.078831 0.034236 0.162277 0.200348 0.022518 0.979466 0.000000
-0.074461 0.020285 0.163285 0.813529 0.130198 -0.566762 0.000000
-0.069097 0.027407 0.163181 -0.020241 -0.018345 0.999627 0.000000
-0.074198 0.019845 0.163467 0.732917 0.190930 -0.652977 0.000000
-0.078463 0.034079 0.162183 0.330642 0.049937 0.942434 0.000000
-0.082009 0.031292 0.162445 0.010390 0.009783 -0.999898 0.000000
-0.080987 0.031822 0.162425 0.026310 -0.007366 0.999627 0.000000
-0.078144 0.033911 0.162083 0.417788 0.030272 0.908040 0.000000
-0.069518 0.029592 0.163099 -0.032479 0.077773 0.996442 0.000000
-0.069200 0.029803 0.163077 -0.021739 0.075940 0.996875 0.000000
-0.080135 0.031626 0.162381 0.052869 -0.006171 0.998582 0.000000
-0.077795 0.033218 0.161976 0.525210 0.054479 0.849227 0.000000
-0.072540 0.033854 0.161800 -0.573594 0.078647 0.815356 0.000000
-0.077850 0.032604 0.162043 0.484413 0.040276 0.873912 0.000000
-0.072535 0.031796 0.161989 -0.647704 0.137596 0.749364 0.000000
-0.083248 0.027841 0.162383 -0.002076 -0.007382 -0.999971 0.000000
-0.081272 0.029256 0.162444 -0.016075 -0.019852 0.999674 0.000000
-0.072255 0.034128 0.161991 -0.507519 0.130757 0.851661 0.000000
-0.067165 0.033801 0.162750 0.034550 0.076814 0.996447 0.000000
-0.072002 0.031340 0.162573 -0.532006 0.151416 0.833092 0.000000
-0.071995 0.033841 0.162134 -0.478261 0.132750 0.868127 0.000000
-0.071894 0.034369 0.162138 -0.443198 0.164418 0.881217 0.000000
-0.071983 0.032652 0.162296 -0.529383 0.129512 0.838439 0.000000
-0.071473 0.034329 0.162286 -0.342854 0.207459 0.916194 0.000000
-0.071762 0.021055 0.163896 0.067268 0.291010 0.954352 0.000000
-0.070923 0.021667 0.163640 0.096642 0.222549 0.970120 0.000000
-0.077736 0.030338 0.162071 0.353318 0.016692 0.935354 0.000000
-0.077056 0.031140 0.161725 0.627609 0.059035 0.776287 0.000000
-0.070951 0.021123 0.163783 0.136265 0.243263 0.960341 0.000000
-0.080519 0.027696 0.162346 0.044565 -0.007793 0.998976 0.000000
-0.071443 0.020685 0.163992 0.108897 0.236214 0.965580 0.000000
-0.078748 0.029051 0.162283 0.125903 -0.021501 0.991810 0.000000
-0.080089 0.027495 0.162309 0.062607 -0.005227 0.998025 0.000000
-0.071576 0.020263 0.164109 -0.092063 -0.209928 -0.973373 0.000000
-0.069460 0.030009 0.163047 -0.027212 0.078229 0.996564 0.000000
-0.080863 0.026599 0.162406 0.047881 0.041100 0.998007 0.000000
-0.077874 0.029015 0.162125 0.325021 -0.031514 0.945182 0.000000
-0.078547 0.028277 0.162245 0.165268 -0.042346 0.985339 0.000000
-0.070866 0.020396 0.163958 0.160681 0.214130 0.963499 0.000000
-0.071086 0.020125 0.164046 -0.147285 -0.204674 -0.967686 0.000000
-0.070268 0.020415 0.163795 -0.200546 -0.193241 -0.960437 0.000000
-0.082998 0.026698 0.162394 -0.020636 0.024317 0.999491 0.000000
-0.079023 0.027387 0.162253 0.106663 -0.032647 0.993759 0.000000
-0.079006 0.034996 0.162295 0.139179 0.024416 0.989966 0.000000
-0.080059 0.026069 0.162360 0.109622 0.002683 0.993970 0.000000
-0.077769 0.035329 0.161931 0.544119 0.086769 0.834509 0.000000
-0.079547 0.026157 0.162286 0.124821 -0.015050 0.992065 0.000000
-0.079322 0.033906 0.162344 0.095764 0.039830 0.994607 0.000000
-0.074767 0.029595 0.161109 -0.554143 0.397493 0.731385 0.000000
-0.077684 0.027006 0.161997 0.404386 -0.026997 0.914190 0.000000
-0.074904 0.028876 0.161437 -0.604212 0.389621 0.695071 0.000000
-0.081145 0.029582 0.162462 -0.013639 -0.016174 0.999776 0.000000
-0.079349 0.024968 0.162219 0.161630 -0.000865 0.986851 0.000000
-0.074861 0.019735 0.162229 0.819791 0.128984 -0.557948 0.000000
-0.080139 0.023700 0.162397 0.108561 -0.002870 0.994086 0.000000
-0.077702 0.025392 0.161973 0.319849 0.000600 0.947468 0.000000
-0.079263 0.035531 0.162277 -0.094288 -0.063710 -0.993504 0.000000
-0.074456 0.034861 0.160247 -0.544094 0.081752 0.835032 0.000000
-0.073780 0.035213 0.160643 -0.573990 0.226300 0.786971 0.000000
-0.078554 0.023767 0.162090 0.211236 -0.001233 0.977434 0.000000
-0.077339 0.024794 0.161848 0.282697 0.042365 0.958273 0.000000
-0.075849 0.026077 0.161693 -0.376712 0.148113 0.914413 0.000000
-0.073938 0.034810 0.160624 -0.593851 0.123596 0.795025 0.000000
-0.077972 0.023631 0.161918 0.251368 -0.030191 0.967421 0.000000
-0.073966 0.034228 0.160646 -0.594530 0.057354 0.802025 0.000000
-0.074255 0.033786 0.160474 -0.567346 0.036544 0.822668 0.000000
-0.073107 0.030216 0.161873 -0.639658 0.282405 0.714902 0.000000
-0.081240 0.028358 0.162385 0.001397 -0.034967 0.999387 0.000000
-0.076936 0.023576 0.161714 0.197088 -0.078430 0.977244 0.000000
-0.073269 0.033856 0.161250 -0.637588 0.031079 0.769750 0.000000
-0.073825 0.033348 0.160714 -0.596894 0.024308 0.801952 0.000000
-0.077466 0.022634 0.161760 0.286900 -0.075920 0.954947 0.000000
-0.078315 0.021773 0.161956 0.275359 -0.026798 0.960968 0.000000
-0.074695 0.032428 0.160332 -0.438965 0.093883 0.893586 0.000000
-0.074217 0.032736 0.160476 -0.507806 0.091789 0.856567 0.000000
-0.073838 0.032844 0.160697 -0.596689 0.057931 0.800379 0.000000
-0.074823 0.031925 0.160348 -0.376871 0.134995 0.916376 0.000000
-0.074368 0.032091 0.160515 -0.507343 0.116720 0.853803 0.000000
-0.076931 0.022067 0.161481 0.145184 -0.065108 0.987260 0.000000
-0.077070 0.029696 0.161702 0.668162 -0.005894 0.743993 0.000000
-0.074056 0.031820 0.160704 -0.551368 0.136246 0.823061 0.000000
-0.078655 0.020161 0.162033 0.216749 0.002804 0.976223 0.000000
-0.073739 0.032097 0.160907 -0.601920 0.111162 0.790781 0.000000
-0.074392 0.031551 0.160529 -0.499806 0.141237 0.854545 0.000000
-0.068189 0.035032 0.162646 -0.008192 0.136686 0.990581 0.000000
-0.074637 0.031025 0.160444 -0.487998 0.164395 0.857223 0.000000
-0.074147 0.031133 0.160753 -0.547601 0.157314 0.821818 0.000000
-0.070680 0.025848 0.163111 -0.034708 0.049749 0.998159 0.000000
-0.071827 0.035456 0.161903 -0.411029 0.196535 0.890185 0.000000
-0.079915 0.026532 0.162339 0.097676 0.016278 0.995085 0.000000
-0.076012 0.024083 0.161623 -0.220089 -0.020128 0.975272 0.000000
-0.073658 0.030454 0.161227 -0.567384 0.263247 0.780241 0.000000
-0.074618 0.029694 0.161158 -0.519986 0.418912 0.744397 0.000000
-0.078130 0.035486 0.162131 -0.406871 -0.064337 -0.911217 0.000000
-0.066549 0.034368 0.162670 -0.043850 -0.100361 -0.993984 0.000000
-0.075597 0.024001 0.161811 -0.452534 0.024975 0.891397 0.000000
-0.082075 0.023124 0.162416 -0.025670 -0.035741 0.999031 0.000000
-0.075020 0.024592 0.162164 -0.602996 0.016678 0.797570 0.000000
-0.075093 0.020913 0.162229 0.779709 0.116829 -0.615146 0.000000
-0.074685 0.024578 0.162510 -0.581110 0.049863 0.812296 0.000000
-0.074824 0.022319 0.162520 -0.688893 0.089478 0.719319 0.000000
-0.069108 0.029491 0.163111 -0.014220 0.077444 0.996895 0.000000
-0.078028 0.034420 0.161985 0.437793 0.012014 0.898996 0.000000
-0.074484 0.027681 0.162043 -0.504764 0.188251 0.842482 0.000000
-0.074543 0.021871 0.162854 -0.691665 0.123855 0.711519 0.000000
-0.074274 0.026705 0.162439 -0.472571 0.206203 0.856830 0.000000
-0.074478 0.019729 0.162985 0.821931 0.205893 -0.531072 0.000000
-0.074189 0.024539 0.162801 -0.442755 0.093309 0.891775 0.000000
-0.081783 0.030164 0.162444 -0.031028 -0.024207 0.999225 0.000000
-0.073280 0.028325 0.162484 -0.358134 0.258570 0.897152 0.000000
-0.073857 0.020176 0.163832 -0.457146 -0.032335 0.888804 0.000000
-0.073777 0.035659 0.160524 0.574241 -0.244226 -0.781409 0.000000
-0.073418 0.024664 0.163005 -0.203211 0.122585 0.971431 0.000000
-0.078266 0.032977 0.162199 0.299878 0.029355 0.953526 0.000000
-0.069281 0.022841 0.163280 0.086540 0.086921 0.992449 0.000000
-0.073048 0.027702 0.162742 -0.292239 0.175379 0.940127 0.000000
-0.066100 0.031878 0.162826 0.052078 0.069945 0.996191 0.000000
-0.071231 0.020435 0.164036 0.118552 0.227316 0.966578 0.000000
-0.072754 0.023813 0.163238 -0.059312 0.168699 0.983882 0.000000
-0.072861 0.021224 0.163801 -0.075880 0.290929 0.953731 0.000000
-0.072867 0.029517 0.162328 -0.518727 0.241518 0.820117 0.000000
-0.068871 0.022213 0.163296 0.117123 0.089133 0.989109 0.000000
-0.079655 0.022185 0.162300 0.169643 -0.037192 0.984804 0.000000
-0.072465 0.025404 0.163056 -0.066702 0.079766 0.994579 0.000000
-0.067793 0.029873 0.163057 0.009462 0.085556 0.996288 0.000000
-0.072306 0.024281 0.163177 -0.027047 0.146565 0.988831 0.000000
-0.072187 0.023625 0.163281 -0.003340 0.179864 0.983686 0.000000
-0.070587 0.020180 0.163873 -0.183548 -0.203197 -0.961780 0.000000
-0.072143 0.027006 0.162959 -0.099195 0.055158 0.993538 0.000000
-0.067219 0.029408 0.163095 0.033322 0.076780 0.996491 0.000000
-0.078609 0.022017 0.162062 0.237571 -0.034384 0.970761 0.000000
-0.071675 0.023406 0.163303 0.026777 0.172751 0.984602 0.000000
-0.068231 0.021648 0.163248 0.137338 0.057870 0.988832 0.000000
-0.080029 0.020852 0.162295 0.181682 -0.016451 0.983220 0.000000
-0.071458 0.023831 0.163242 0.005372 0.125947 0.992022 0.000000
-0.077697 0.031393 0.161976 0.417214 0.067388 0.906306 0.000000
-0.080108 0.020264 0.162345 0.177458 0.010945 0.984068 0.000000
-0.071160 0.030098 0.162894 -0.129809 0.035825 0.990892 0.000000
-0.068167 0.028227 0.163173 0.001683 0.025943 0.999662 0.000000
-0.078929 0.020989 0.162096 0.195416 -0.000083 0.980720 0.000000
-0.071088 0.021995 0.163555 0.073029 0.202019 0.976655 0.000000
-0.070902 0.027266 0.163031 -0.072587 0.018094 0.997198 0.000000
-0.067995 0.020771 0.163252 0.176781 0.072414 0.981583 0.000000
-0.070612 0.030094 0.162938 -0.102062 0.059223 0.993014 0.000000
-0.077267 0.021718 0.161619 0.286943 0.007681 0.957917 0.000000
-0.077893 0.021054 0.161877 0.284346 -0.008454 0.958684 0.000000
-0.070241 0.027078 0.163111 -0.074901 0.003002 0.997186 0.000000
-0.070135 0.030006 0.163009 -0.081024 0.065722 0.994543 0.000000
-0.067734 0.020051 0.163273 0.184563 0.075203 0.979939 0.000000
-0.069564 0.025014 0.163147 0.025759 0.030799 0.999194 0.000000
-0.069361 0.030168 0.163033 -0.020598 0.075441 0.996937 0.000000
-0.067023 0.026856 0.163101 0.059939 -0.047586 0.997067 0.000000
-0.074130 0.030747 0.160973 -0.544896 0.233472 0.805344 0.000000
-0.074269 0.030747 0.160817 -0.535020 0.222492 0.815016 0.000000
-0.068774 0.027351 0.163161 -0.008840 -0.019201 0.999777 0.000000
-0.068851 0.025049 0.163122 0.038171 0.018723 0.999096 0.000000
-0.067567 0.024167 0.163096 0.045052 0.034819 0.998378 0.000000
-0.067858 0.023525 0.163141 0.066336 0.036624 0.997125 0.000000
-0.067738 0.021139 0.163211 -0.142589 -0.049946 -0.988521 0.000000
-0.067296 0.020225 0.163197 -0.179090 -0.052446 -0.982434 0.000000
-0.070365 0.031073 0.162899 -0.063233 0.061969 0.996073 0.000000
-0.069800 0.031568 0.162918 -0.036400 0.048987 0.998136 0.000000
-0.068996 0.032214 0.162888 0.030096 0.093881 0.995128 0.000000
-0.069517 0.021533 0.163455 0.146313 0.137339 0.979658 0.000000
-0.069144 0.021043 0.163465 0.183993 0.126945 0.974696 0.000000
-0.072980 0.025912 0.162977 -0.136235 0.092638 0.986336 0.000000
-0.072643 0.034215 0.161695 -0.554851 0.097867 0.826173 0.000000
-0.071825 0.031938 0.162552 -0.536379 0.173157 0.826023 0.000000
-0.079079 0.028089 0.162308 0.100335 -0.037042 0.994264 0.000000
-0.079243 0.025838 0.162267 0.143824 -0.028810 0.989184 0.000000
-0.078825 0.025934 0.162206 0.160176 -0.029976 0.986633 0.000000
-0.078108 0.027175 0.162094 0.281879 -0.026952 0.959071 0.000000
-0.077468 0.032782 0.161758 0.660527 0.045473 0.749424 0.000000
-0.077432 0.032000 0.161824 0.560829 0.128478 0.817902 0.000000
-0.077778 0.033982 0.161909 0.542978 0.070925 0.836746 0.000000
-0.074263 0.025367 0.162705 -0.454336 0.103039 0.884851 0.000000
-0.079155 0.023200 0.162273 0.193355 -0.025118 0.980807 0.000000
-0.079697 0.034440 0.162359 0.061117 0.051963 0.996777 0.000000
-0.078828 0.022422 0.162140 0.222967 -0.048931 0.973597 0.000000
-0.080062 0.032984 0.162470 0.068968 0.025448 0.997294 0.000000
-0.073143 0.034504 0.161321 -0.623659 0.104751 0.774646 0.000000
-0.073775 0.026105 0.162803 -0.325359 0.143846 0.934585 0.000000
-0.077510 0.026506 0.161888 0.398298 -0.005653 0.917239 0.000000
-0.077524 0.020851 0.161749 0.295768 0.001106 0.955259 0.000000
-0.076902 0.025285 0.161580 0.200743 0.054928 0.978103 0.000000
-0.073486 0.031763 0.161230 -0.627218 0.110518 0.770962 0.000000
-0.073473 0.032298 0.161172 -0.633677 0.101706 0.766883 0.000000
-0.069310 0.034607 0.162655 -0.036687 0.077160 0.996343 0.000000
-0.076004 0.020955 0.161456 -0.302074 -0.120931 0.945583 0.000000
-0.071224 0.028738 0.162948 -0.144911 0.074894 0.986606 0.000000
-0.076114 0.020350 0.161389 -0.263051 -0.029355 0.964335 0.000000
-0.076279 0.023496 0.161531 -0.136696 -0.068789 0.988222 0.000000
-0.076140 0.022515 0.161585 -0.344925 -0.013986 0.938526 0.000000
-0.079023 0.020185 0.162145 0.196956 0.013934 0.980313 0.000000
-0.077069 0.027354 0.161623 0.469563 0.089943 0.878306 0.000000
-0.078176 0.019971 0.161890 -0.249877 -0.019414 -0.968083 0.000000
-0.071999 0.034816 0.161932 -0.435326 0.164069 0.885197 0.000000
-0.073969 0.024320 0.162901 -0.401476 0.110401 0.909191 0.000000
-0.073787 0.023814 0.163061 -0.351321 0.132779 0.926792 0.000000
-0.073897 0.023539 0.163049 -0.379765 0.124994 0.916600 0.000000
-0.068404 0.030035 0.163043 0.008104 0.079742 0.996783 0.000000
-0.074314 0.035037 0.160362 -0.582314 0.117755 0.804390 0.000000
-0.074364 0.034201 0.160412 -0.581723 0.073504 0.810059 0.000000
-0.073863 0.019852 0.163796 0.511318 0.141143 -0.847722 0.000000
-0.076441 0.023077 0.161500 -0.097158 -0.087628 0.991404 0.000000
-0.074094 0.033445 0.160547 -0.572822 0.032675 0.819028 0.000000
-0.076494 0.020771 0.161437 -0.008266 -0.043776 0.999007 0.000000
-0.073413 0.035256 0.160823 -0.590611 0.246999 0.768226 0.000000
-0.069677 0.029212 0.163109 -0.047845 0.071854 0.996267 0.000000
-0.066656 0.026806 0.163054 -0.060260 0.044456 -0.997192 0.000000
-0.071685 0.020791 0.163968 0.076500 0.253670 0.964261 0.000000
-0.078382 0.020943 0.161968 0.241155 -0.013806 0.970389 0.000000
-0.077436 0.035389 0.161687 0.670860 0.060317 0.739127 0.000000
-0.073569 0.020367 0.163893 0.351771 0.006922 -0.936060 0.000000
-0.080739 0.024766 0.162417 0.089242 0.006383 0.995990 0.000000
-0.072238 0.020683 0.164019 0.002263 0.241087 0.970501 0.000000
-0.068685 0.036148 0.162403 0.033985 -0.196270 -0.979961 0.000000
-0.074235 0.034659 0.160455 -0.599131 0.112703 0.792679 0.000000
-0.074747 0.034100 0.160113 -0.456627 0.107546 0.883134 0.000000
-0.074680 0.033868 0.160234 -0.447505 0.087030 0.890036 0.000000
-0.074772 0.033488 0.160220 -0.415677 0.070839 0.906750 0.000000
-0.073213 0.028894 0.162324 -0.461048 0.307926 0.832236 0.000000
-0.072294 0.024651 0.163093 -0.045381 0.125406 0.991067 0.000000
-0.074384 0.035182 0.160236 -0.547326 0.091414 0.831912 0.000000
-0.074506 0.033445 0.160310 -0.489490 0.070946 0.869118 0.000000
-0.074692 0.033005 0.160209 -0.406655 0.072332 0.910714 0.000000
-0.074985 0.032228 0.160243 -0.316908 0.121965 0.940582 0.000000
-0.077044 0.030706 0.161681 0.698594 0.027917 0.714973 0.000000
-0.077044 0.028580 0.161561 0.712657 -0.007831 0.701469 0.000000
-0.077098 0.019655 0.161629 -0.213080 -0.042729 -0.976100 0.000000
-0.081254 0.021916 0.162418 0.026393 0.022522 0.999398 0.000000
-0.082599 0.025932 0.162424 -0.043131 0.027865 0.998681 0.000000
-0.076554 0.031230 0.161017 0.753760 0.087845 0.651252 0.000000
-0.076412 0.030387 0.160745 0.647173 0.035341 0.761523 0.000000
-0.077226 0.033412 0.161384 0.789710 0.106218 0.604215 0.000000
-0.075152 0.028510 0.161368 -0.648067 0.394805 0.651259 0.000000
-0.076201 0.033100 0.160130 0.436427 -0.020284 0.899511 0.000000
-0.076861 0.027076 0.161473 0.366785 0.066977 0.927892 0.000000
-0.075260 0.031794 0.160168 -0.236580 0.208973 0.948873 0.000000
-0.080804 0.023152 0.162404 0.055616 -0.019529 0.998261 0.000000
-0.078691 0.023401 0.162176 0.217975 -0.019438 0.975761 0.000000
-0.077950 0.026369 0.161988 0.300796 -0.012190 0.953611 0.000000
-0.077112 0.024390 0.161728 0.222933 0.006288 0.974814 0.000000
-0.077015 0.035604 0.161141 0.746170 -0.050402 0.663845 0.000000
-0.077040 0.034850 0.161003 0.806894 -0.039973 0.589343 0.000000
-0.076629 0.033093 0.160483 0.708616 0.045287 0.704140 0.000000
-0.075865 0.031192 0.160448 0.257331 0.290654 0.921575 0.000000
-0.077586 0.022161 0.161777 0.322478 -0.052893 0.945098 0.000000
-0.077570 0.021223 0.161635 0.291463 0.005038 0.956569 0.000000
-0.077224 0.021350 0.161490 0.283526 0.014669 0.958852 0.000000
-0.074968 0.034648 0.159805 -0.306251 0.086552 0.948008 0.000000
-0.076822 0.030634 0.161374 0.772532 0.024562 0.634500 0.000000
-0.074610 0.034942 0.159997 -0.484894 0.082193 0.870702 0.000000
-0.077085 0.033749 0.160762 0.796789 0.055363 0.601716 0.000000
-0.074859 0.035589 0.159874 0.266574 0.086087 -0.959962 0.000000
-0.074437 0.035469 0.160110 0.526582 -0.074283 -0.846873 0.000000
-0.074760 0.034332 0.159872 -0.431750 0.118224 0.894212 0.000000
-0.074320 0.033242 0.160346 -0.521616 0.055084 0.851400 0.000000
-0.077232 0.021071 0.161519 0.292881 0.006810 0.956125 0.000000
-0.071574 0.025498 0.163084 -0.049895 0.070464 0.996266 0.000000
-0.074355 0.026339 0.162497 -0.483796 0.184714 0.855466 0.000000
-0.073669 0.034485 0.160836 -0.606984 0.091867 0.789386 0.000000
-0.076460 0.020288 0.161327 0.029318 0.004403 -0.999560 0.000000
-0.073048 0.035722 0.160804 0.619888 -0.262584 -0.739452 0.000000
-0.076601 0.035625 0.160532 -0.689096 0.095731 -0.718319 0.000000
-0.076363 0.035450 0.160212 -0.577660 0.110970 -0.808699 0.000000
-0.075741 0.034898 0.159785 -0.145784 0.019369 -0.989127 0.000000
-0.075202 0.034915 0.159723 0.119288 0.030468 -0.992392 0.000000
-0.075547 0.034350 0.159789 -0.074127 -0.116227 -0.990453 0.000000
-0.075933 0.034094 0.159912 0.232411 0.117716 0.965468 0.000000
-0.075541 0.032183 0.159938 -0.090678 0.119444 0.988691 0.000000
-0.075461 0.035468 0.159841 0.005351 0.185017 -0.982721 0.000000
-0.076148 0.034464 0.160002 0.453414 0.038077 0.890486 0.000000
-0.076522 0.033473 0.160353 0.640306 0.067502 0.765148 0.000000
-0.076229 0.031981 0.159743 0.275094 0.171607 0.945978 0.000000
-0.080538 0.019957 0.162371 -0.171666 -0.009813 -0.985106 0.000000
-0.079582 0.021068 0.162230 0.197602 -0.012811 0.980199 0.000000
-0.075570 0.023644 0.161859 -0.438080 0.029811 0.898442 0.000000
-0.076092 0.021940 0.161598 -0.404232 -0.015543 0.914524 0.000000
-0.076491 0.021758 0.161501 -0.210123 -0.016451 0.977536 0.000000
-0.076124 0.021476 0.161507 -0.397877 -0.058924 0.915545 0.000000
-0.071142 0.029323 0.162940 -0.145936 0.062031 0.987347 0.000000
-0.075387 0.020582 0.161800 -0.678677 -0.148257 0.719317 0.000000
-0.071714 0.027208 0.162984 -0.077475 0.038732 0.996242 0.000000
-0.075613 0.021019 0.161698 -0.588020 -0.161917 0.792474 0.000000
-0.075260 0.019763 0.161788 0.669706 -0.024222 -0.742231 0.000000
-0.074143 0.021347 0.163519 -0.531885 0.296519 0.793206 0.000000
-0.073429 0.022816 0.163278 -0.245802 0.178559 0.952732 0.000000
-0.073554 0.021880 0.163527 -0.257443 0.308880 0.915596 0.000000
-0.071281 0.027042 0.163008 -0.067806 0.027040 0.997332 0.000000
-0.072907 0.022605 0.163490 -0.148685 0.195109 0.969446 0.000000
-0.073254 0.021884 0.163564 -0.172499 0.281906 0.943808 0.000000
-0.070577 0.027044 0.163081 -0.076827 0.021790 0.996806 0.000000
-0.073639 0.020943 0.163827 -0.272591 0.197992 0.941538 0.000000
-0.073083 0.020925 0.163894 -0.136735 0.234504 0.962451 0.000000
-0.070596 0.026311 0.163087 -0.051733 0.036853 0.997981 0.000000
-0.071449 0.024338 0.163197 -0.020883 0.105121 0.994240 0.000000
-0.069974 0.027233 0.163128 -0.069315 -0.003826 0.997588 0.000000
-0.070135 0.026631 0.163114 -0.054649 0.015648 0.998383 0.000000
-0.069455 0.027768 0.163151 -0.040564 -0.009637 0.999130 0.000000
-0.070165 0.026315 0.163117 -0.041290 0.018665 0.998973 0.000000
-0.069516 0.027343 0.163163 -0.044359 -0.017898 0.998855 0.000000
-0.072336 0.021419 0.163781 0.016016 0.286572 0.957925 0.000000
-0.071814 0.022422 0.163523 0.040193 0.198883 0.979199 0.000000
-0.069733 0.026832 0.163131 -0.043562 -0.009580 0.999005 0.000000
-0.071014 0.023800 0.163243 0.012706 0.110317 0.993815 0.000000
-0.072648 0.019848 0.164133 0.114012 -0.089609 -0.989430 0.000000
-0.071364 0.023514 0.163291 0.021866 0.152766 0.988020 0.000000
-0.069718 0.026238 0.163149 -0.027105 0.001306 0.999632 0.000000
-0.069264 0.026988 0.163157 -0.027386 -0.016832 0.999483 0.000000
-0.071922 0.021254 0.163832 0.043249 0.291650 0.955547 0.000000
-0.070380 0.024428 0.163189 0.019724 0.070824 0.997294 0.000000
-0.068877 0.027806 0.163181 -0.010381 -0.002861 0.999942 0.000000
-0.069406 0.026467 0.163159 -0.020183 -0.008902 0.999757 0.000000
-0.070923 0.023169 0.163349 0.039849 0.157964 0.986640 0.000000
-0.069649 0.025763 0.163141 -0.006250 0.013012 0.999896 0.000000
-0.072040 0.020353 0.164117 0.027555 0.230011 0.972798 0.000000
-0.071517 0.022011 0.163582 0.059433 0.218926 0.973930 0.000000
-0.071472 0.021309 0.163768 0.082409 0.276569 0.957454 0.000000
-0.070177 0.023851 0.163245 0.036125 0.088762 0.995398 0.000000
-0.069040 0.026362 0.163149 -0.002936 -0.018154 0.999831 0.000000
-0.069420 0.025366 0.163148 0.022257 0.014540 0.999647 0.000000
-0.069128 0.025957 0.163147 0.007020 -0.009467 0.999931 0.000000
-0.072014 0.019768 0.164156 -0.022510 -0.181267 -0.983176 0.000000
-0.069828 0.024203 0.163183 0.036641 0.075119 0.996501 0.000000
-0.070541 0.022594 0.163420 0.082870 0.154119 0.984571 0.000000
-0.069540 0.024643 0.163163 0.033138 0.052153 0.998089 0.000000
-0.068067 0.027353 0.163183 0.018184 -0.025357 0.999513 0.000000
-0.069234 0.024961 0.163142 0.030928 0.025950 0.999185 0.000000
-0.068535 0.026046 0.163128 0.029146 -0.028577 0.999167 0.000000
-0.068838 0.025461 0.163120 0.033119 -0.003980 0.999443 0.000000
-0.069995 0.022670 0.163365 0.091931 0.127373 0.987585 0.000000
-0.070667 0.021371 0.163663 0.144256 0.222641 0.964169 0.000000
-0.069752 0.023137 0.163285 0.065343 0.105472 0.992273 0.000000
-0.070318 0.021684 0.163548 0.136922 0.178071 0.974445 0.000000
-0.069425 0.023421 0.163247 0.060060 0.086902 0.994405 0.000000
-0.070536 0.020820 0.163786 0.182959 0.206694 0.961147 0.000000
-0.069088 0.023762 0.163205 0.051999 0.064466 0.996564 0.000000
-0.071451 0.019818 0.164118 -0.101499 -0.176633 -0.979029 0.000000
-0.069896 0.022153 0.163417 0.117081 0.134941 0.983912 0.000000
-0.068768 0.024546 0.163138 0.046459 0.047619 0.997785 0.000000
-0.068871 0.024154 0.163154 0.049590 0.059303 0.997008 0.000000
-0.070134 0.021222 0.163592 0.176694 0.181154 0.967452 0.000000
-0.068520 0.024816 0.163112 0.047054 0.027876 0.998503 0.000000
-0.068228 0.025176 0.163078 0.043466 0.001943 0.999053 0.000000
-0.067884 0.025567 0.163073 0.041462 -0.012317 0.999064 0.000000
-0.068338 0.024208 0.163132 0.051024 0.046626 0.997608 0.000000
-0.069130 0.022452 0.163301 -0.106137 -0.100625 -0.989247 0.000000
-0.068831 0.022916 0.163245 0.083822 0.063180 0.994476 0.000000
-0.069669 0.021215 0.163524 0.171491 0.157830 0.972461 0.000000
-0.068030 0.024839 0.163080 0.043563 0.021386 0.998822 0.000000
-0.066649 0.027144 0.163081 -0.063212 0.040600 -0.997174 0.000000
-0.067488 0.025544 0.163050 0.040683 -0.011758 0.999103 0.000000
-0.067669 0.025096 0.163074 0.041772 0.009193 0.999085 0.000000
-0.068567 0.023822 0.163168 0.061230 0.056927 0.996499 0.000000
-0.068600 0.023379 0.163201 0.070226 0.057710 0.995860 0.000000
-0.069562 0.020653 0.163588 0.196177 0.141153 0.970356 0.000000
-0.069799 0.020347 0.163709 -0.210517 -0.159744 -0.964450 0.000000
-0.069110 0.021784 0.163366 0.129390 0.107652 0.985733 0.000000
-0.068093 0.023841 0.163129 0.056692 0.045863 0.997338 0.000000
-0.067869 0.024214 0.163102 0.049474 0.041625 0.997908 0.000000
-0.068543 0.022957 0.163215 0.081852 0.056275 0.995054 0.000000
-0.067192 0.025119 0.163044 0.038323 0.001320 0.999265 0.000000
-0.067343 0.024646 0.163075 0.040062 0.025891 0.998862 0.000000
-0.068508 0.022007 0.163265 0.118377 0.062883 0.990976 0.000000
-0.068290 0.022571 0.163213 0.092016 0.050671 0.994467 0.000000
-0.068069 0.023173 0.163164 0.078472 0.044903 0.995905 0.000000
-0.069165 0.021356 0.163414 0.152329 0.121509 0.980832 0.000000
-0.066758 0.025184 0.163033 -0.033968 -0.004512 -0.999413 0.000000
-0.066496 0.025606 0.163021 -0.038169 0.014897 -0.999160 0.000000
-0.066910 0.024718 0.163051 -0.038870 -0.024138 -0.998953 0.000000
-0.068740 0.020840 0.163393 0.196207 0.104475 0.974981 0.000000
-0.067342 0.023689 0.163103 0.062056 0.028442 0.997667 0.000000
-0.067570 0.022966 0.163136 0.078611 0.035664 0.996267 0.000000
-0.068180 0.022213 0.163218 0.106484 0.052969 0.992903 0.000000
-0.067493 0.023345 0.163122 0.069294 0.034634 0.996995 0.000000
-0.067083 0.024122 0.163074 -0.047891 -0.028048 -0.998459 0.000000
-0.066522 0.024881 0.163030 -0.034851 -0.008669 -0.999355 0.000000
-0.066686 0.024375 0.163044 -0.041820 -0.023630 -0.998846 0.000000
-0.068221 0.021119 0.163260 0.157791 0.065193 0.985318 0.000000
-0.068996 0.020353 0.163524 -0.210181 -0.118563 -0.970447 0.000000
-0.067542 0.022179 0.163162 0.091104 0.034754 0.995235 0.000000
-0.067862 0.021328 0.163209 -0.132538 -0.050811 -0.989875 0.000000
-0.067716 0.021715 0.163186 -0.107281 -0.037780 -0.993511 0.000000
-0.067032 0.023027 0.163098 -0.069033 -0.033990 -0.997035 0.000000
-0.067074 0.022529 0.163111 -0.088210 -0.032590 -0.995569 0.000000
-0.068568 0.020279 0.163414 -0.196505 -0.092864 -0.976095 0.000000
-0.067768 0.020451 0.163238 0.175869 0.062171 0.982448 0.000000
-0.067171 0.022007 0.163142 -0.093036 -0.033077 -0.995113 0.000000
-0.068151 0.020082 0.163346 -0.185164 -0.081030 -0.979361 0.000000
-0.067419 0.020783 0.163186 -0.147093 -0.053656 -0.987666 0.000000
-0.072867 0.020553 0.164047 -0.089585 0.198109 0.976078 0.000000
-0.071145 0.021378 0.163732 0.109237 0.258226 0.959889 0.000000
-0.071337 0.021112 0.163817 0.097478 0.279505 0.955183 0.000000
-0.081156 0.024437 0.162479 0.036726 0.007430 0.999298 0.000000
-0.081723 0.023432 0.162459 -0.011185 -0.040875 0.999102 0.000000
-0.082178 0.022654 0.162403 0.033010 0.031941 -0.998945 0.000000
-0.079566 0.025678 0.162294 0.136028 -0.011161 0.990642 0.000000
-0.079434 0.030236 0.162346 0.084924 -0.012447 0.996310 0.000000
-0.077924 0.031701 0.162083 0.386877 0.061925 0.920050 0.000000
-0.078342 0.026057 0.162119 0.203112 -0.028211 0.978749 0.000000
-0.078167 0.031131 0.162142 0.259428 0.022914 0.965491 0.000000
-0.083498 0.025527 0.162405 -0.040410 0.023261 0.998912 0.000000
-0.080656 0.028160 0.162352 0.036789 -0.032674 0.998789 0.000000
-0.079771 0.029019 0.162366 0.078948 -0.024267 0.996583 0.000000
-0.078727 0.024911 0.162127 0.171974 -0.014744 0.984991 0.000000
-0.081188 0.027529 0.162380 0.025196 0.005628 0.999667 0.000000
-0.080098 0.027987 0.162352 0.044793 -0.031500 0.998500 0.000000
-0.077295 0.031337 0.161881 0.593540 0.071802 0.801595 0.000000
-0.080561 0.027194 0.162376 0.054753 0.028174 0.998102 0.000000
-0.080972 0.020359 0.162459 -0.129273 -0.000852 -0.991609 0.000000
-0.078337 0.029173 0.162245 0.195570 -0.020648 0.980472 0.000000
-0.079422 0.028000 0.162323 0.078890 -0.038661 0.996133 0.000000
-0.077940 0.024091 0.161979 0.236304 -0.004944 0.971667 0.000000
-0.078311 0.023600 0.162054 0.229686 -0.019782 0.973064 0.000000
-0.078895 0.028262 0.162286 0.110867 -0.038508 0.993089 0.000000
-0.075696 0.026503 0.161640 -0.398653 0.198526 0.895356 0.000000
-0.073981 0.029055 0.161811 -0.439183 0.417213 0.795645 0.000000
-0.077435 0.029475 0.161979 0.478448 0.004879 0.878102 0.000000
-0.080219 0.019688 0.162311 0.182396 0.013259 0.983136 0.000000
-0.079964 0.025573 0.162356 0.129592 -0.005270 0.991553 0.000000
-0.077758 0.027688 0.162029 0.414921 -0.027306 0.909448 0.000000
-0.077213 0.028381 0.161795 0.609858 -0.038239 0.791588 0.000000
-0.079783 0.024943 0.162297 0.149268 0.009037 0.988755 0.000000
-0.078969 0.019760 0.162123 -0.204708 0.000845 -0.978823 0.000000
-0.072082 0.028231 0.162888 -0.169293 0.124703 0.977645 0.000000
-0.078453 0.025658 0.162122 0.182973 -0.038390 0.982368 0.000000
-0.076859 0.021721 0.161559 0.082780 -0.014309 0.996465 0.000000
-0.074018 0.030426 0.161094 -0.536984 0.299245 0.788734 0.000000
-0.074077 0.029959 0.161201 -0.493046 0.389253 0.778067 0.000000
-0.078010 0.025563 0.162038 0.255245 -0.020617 0.966657 0.000000
-0.078128 0.019519 0.161906 -0.242374 0.011596 -0.970113 0.000000
-0.078344 0.025217 0.162039 0.189700 -0.028052 0.981441 0.000000
-0.070134 0.029132 0.163064 -0.089240 0.073056 0.993327 0.000000
-0.074811 0.022783 0.162537 -0.680691 0.088668 0.727185 0.000000
-0.075820 0.021439 0.161675 -0.474025 -0.083123 0.876579 0.000000
-0.073243 0.024136 0.163160 -0.160567 0.155910 0.974633 0.000000
-0.079934 0.021838 0.162351 0.167210 -0.024836 0.985608 0.000000
-0.070046 0.027495 0.163127 -0.080178 -0.005640 0.996765 0.000000
-0.075998 0.025732 0.161717 -0.291444 0.117004 0.949405 0.000000
-0.071035 0.026196 0.163074 -0.055739 0.054906 0.996935 0.000000
-0.079549 0.021632 0.162265 0.195200 -0.037704 0.980039 0.000000
-0.078379 0.022553 0.162000 0.271608 -0.043544 0.961422 0.000000
-0.076388 0.024461 0.161626 -0.059555 0.016657 0.998086 0.000000
-0.077882 0.022638 0.161919 0.303954 -0.052683 0.951229 0.000000
-0.079707 0.020556 0.162262 0.182329 0.006519 0.983216 0.000000
-0.078767 0.021499 0.162062 0.206412 -0.032218 0.977935 0.000000
-0.070944 0.024657 0.163212 -0.012715 0.077129 0.996940 0.000000
-0.079847 0.019681 0.162293 0.187265 0.019557 0.982115 0.000000
-0.072710 0.021777 0.163691 -0.067646 0.267400 0.961208 0.000000
-0.069099 0.026699 0.163153 -0.011913 -0.023823 0.999645 0.000000
-0.070402 0.024983 0.163168 0.007678 0.053296 0.998549 0.000000
-0.069860 0.025532 0.163146 0.000520 0.024975 0.999688 0.000000
-0.078870 0.020540 0.162083 0.199990 0.015959 0.979668 0.000000
-0.079490 0.019995 0.162237 0.199145 0.013209 0.979881 0.000000
-0.071348 0.027607 0.163010 -0.079904 0.034869 0.996193 0.000000
-0.076402 0.022205 0.161458 -0.235581 -0.009639 0.971807 0.000000
-0.067902 0.026936 0.163163 0.034153 -0.041658 0.998548 0.000000
-0.078394 0.020419 0.161959 0.230937 0.006987 0.972944 0.000000
-0.068086 0.026453 0.163136 0.029139 -0.046420 0.998497 0.000000
-0.077946 0.020503 0.161900 0.278613 0.001446 0.960402 0.000000
-0.070040 0.023602 0.163261 0.041047 0.100614 0.994078 0.000000
-0.072432 0.020174 0.164132 0.039195 -0.189331 -0.981131 0.000000
-0.069651 0.023723 0.163242 0.047474 0.083624 0.995366 0.000000
-0.077061 0.020676 0.161601 0.226183 0.003503 0.974079 0.000000
-0.077464 0.020098 0.161751 0.278123 0.020267 0.960332 0.000000
-0.067133 0.026253 0.163084 0.051400 -0.044973 0.997665 0.000000
-0.069145 0.023190 0.163228 0.076562 0.076997 0.994087 0.000000
-0.070968 0.020717 0.163905 0.166276 0.222517 0.960645 0.000000
-0.076795 0.020091 0.161521 -0.177621 -0.045549 -0.983044 0.000000
-0.076699 0.019673 0.161496 -0.044561 -0.117921 -0.992023 0.000000
-0.068767 0.022571 0.163261 0.095417 0.069628 0.992999 0.000000
-0.069448 0.021084 0.163510 0.172937 0.147475 0.973830 0.000000
-0.069198 0.020653 0.163532 0.203853 0.123773 0.971146 0.000000
-0.067832 0.022331 0.163178 0.091581 0.036836 0.995116 0.000000
-0.066900 0.023617 0.163073 -0.052958 -0.027381 -0.998221 0.000000
-0.067659 0.024524 0.163090 0.044071 0.033376 0.998471 0.000000
-0.069582 0.022483 0.163340 0.105155 0.111409 0.988196 0.000000
-0.070082 0.019938 0.163779 -0.210961 -0.167316 -0.963069 0.000000
-0.068676 0.021460 0.163330 0.161085 0.080235 0.983674 0.000000
-0.068755 0.030530 0.163020 -0.002588 0.068985 0.997614 0.000000
-0.079168 0.021313 0.162174 0.196607 -0.023476 0.980201 0.000000
-0.069056 0.031208 0.162977 -0.011799 0.071287 0.997386 0.000000
-0.074660 0.029918 0.160918 -0.498428 0.365484 0.786124 0.000000
-0.076828 0.029271 0.161364 0.764204 -0.027453 0.644390 0.000000
-0.076902 0.028913 0.161434 0.726981 -0.018984 0.686395 0.000000
-0.075068 0.029141 0.160907 -0.640830 0.317060 0.699149 0.000000
-0.076629 0.028709 0.161031 0.659239 0.130639 0.740498 0.000000
-0.075781 0.028516 0.160552 -0.207507 0.388149 0.897931 0.000000
-0.076547 0.028164 0.161018 0.485732 0.285973 0.826005 0.000000
-0.077300 0.027659 0.161788 0.524145 0.010529 0.851564 0.000000
-0.075881 0.028213 0.160820 -0.132055 0.495104 0.858740 0.000000
-0.076246 0.027640 0.161152 0.184668 0.399352 0.898007 0.000000
-0.075744 0.027049 0.161495 -0.302837 0.201577 0.931481 0.000000
-0.075980 0.026542 0.161489 -0.216494 0.164380 0.962346 0.000000
-0.077126 0.025904 0.161615 0.328751 0.061449 0.942415 0.000000
-0.077537 0.024432 0.161901 0.260093 0.003435 0.965577 0.000000
-0.068542 0.022407 0.163247 0.098228 0.067437 0.992876 0.000000
-0.076539 0.023555 0.161595 0.022931 -0.056051 0.998165 0.000000
-0.076594 0.022098 0.161360 -0.070203 0.003842 0.997525 0.000000
-0.077740 0.029380 0.162094 0.357790 -0.028073 0.933380 0.000000
-0.078002 0.028069 0.162131 0.291473 -0.034068 0.955972 0.000000
-0.068143 0.020336 0.163273 0.184563 0.075203 0.979939 0.000000
-0.080018 0.035448 0.162280 -0.042456 -0.068738 -0.996731 0.000000
-0.080341 0.035038 0.162359 -0.035306 -0.068948 -0.996995 0.000000
-0.081377 0.034125 0.162422 -0.012910 -0.053651 -0.998476 0.000000
-0.080396 0.033909 0.162380 0.035835 0.051490 0.998030 0.000000
-0.079926 0.035159 0.162327 -0.042285 -0.058459 -0.997394 0.000000
-0.080693 0.035474 0.162300 -0.035306 -0.068948 -0.996995 0.000000
-0.081724 0.033071 0.162424 -0.001682 -0.018929 -0.999819 0.000000
-0.079603 0.035318 0.162235 -0.065936 -0.059347 -0.996057 0.000000
-0.080263 0.034377 0.162368 0.038318 0.055032 0.997749 0.000000
-0.079962 0.034465 0.162362 0.057445 0.054178 0.996878 0.000000
-0.079669 0.034855 0.162327 0.057480 0.055753 0.996789 0.000000
-0.080625 0.033475 0.162395 0.026041 0.040515 0.998840 0.000000
-0.081091 0.032100 0.162466 0.017818 -0.004392 0.999832 0.000000
-0.079848 0.034050 0.162371 0.061672 0.049546 0.996866 0.000000
-0.079501 0.034208 0.162360 0.093764 0.046103 0.994526 0.000000
-0.079863 0.033628 0.162379 0.059405 0.042902 0.997312 0.000000
-0.073419 0.034970 0.160975 -0.610103 0.231277 0.757817 0.000000
-0.082083 0.030787 0.162424 0.023251 0.025927 -0.999393 0.000000
-0.073273 0.035086 0.161078 -0.632238 0.244396 0.735218 0.000000
-0.073329 0.034823 0.161116 -0.638447 0.199780 0.743286 0.000000
-0.072859 0.035352 0.161391 -0.612456 0.253121 0.748884 0.000000
-0.078858 0.033731 0.162296 0.195107 0.059260 0.978990 0.000000
-0.079374 0.032969 0.162376 0.113722 0.015197 0.993396 0.000000
-0.073427 0.034223 0.161067 -0.633583 0.071233 0.770388 0.000000
-0.072856 0.035010 0.161470 -0.595853 0.219180 0.772606 0.000000
-0.079019 0.033263 0.162315 0.131879 0.030909 0.990784 0.000000
-0.073596 0.033874 0.160958 -0.629562 0.027548 0.776462 0.000000
-0.078610 0.033323 0.162280 0.239730 0.041486 0.969953 0.000000
-0.079581 0.032239 0.162385 0.087697 -0.012201 0.996072 0.000000
-0.073416 0.033463 0.161126 -0.637558 0.014841 0.770259 0.000000
-0.079227 0.032458 0.162340 0.135977 -0.000698 0.990712 0.000000
-0.078274 0.033495 0.162160 0.351155 0.062775 0.934211 0.000000
-0.072938 0.032823 0.161516 -0.646160 0.056060 0.761140 0.000000
-0.073193 0.033116 0.161309 -0.653334 0.036652 0.756182 0.000000
-0.078222 0.032335 0.162176 0.307938 0.001784 0.951405 0.000000
-0.073081 0.032443 0.161415 -0.644301 0.083661 0.760182 0.000000
-0.073926 0.030792 0.161106 -0.564969 0.221976 0.794693 0.000000
-0.077396 0.033172 0.161667 0.730755 0.085827 0.677223 0.000000
-0.073643 0.030797 0.161207 -0.585518 0.203950 0.784585 0.000000
-0.073378 0.031230 0.161335 -0.626814 0.133451 0.767656 0.000000
-0.077548 0.032373 0.161874 0.581232 0.107412 0.806618 0.000000
-0.073067 0.035412 0.161101 -0.624234 0.251968 0.739489 0.000000
-0.072742 0.035807 0.161173 0.586333 -0.294176 -0.754767 0.000000
-0.073316 0.032276 0.161279 -0.644489 0.098417 0.758253 0.000000
-0.073590 0.033086 0.160944 -0.630405 0.029195 0.775717 0.000000
-0.073765 0.032655 0.160829 -0.599989 0.079210 0.796077 0.000000
-0.073927 0.032182 0.160764 -0.562053 0.114397 0.819152 0.000000
-0.073849 0.031716 0.160865 -0.576521 0.139000 0.805173 0.000000
-0.073615 0.032044 0.161072 -0.631399 0.110928 0.767483 0.000000
-0.073081 0.034946 0.161305 -0.632154 0.216886 0.743870 0.000000
-0.073321 0.034588 0.161149 -0.634322 0.111093 0.765045 0.000000
-0.069009 0.032719 0.162851 0.026372 0.120622 0.992348 0.000000
-0.074346 0.030346 0.160915 -0.513086 0.340418 0.787946 0.000000
-0.068446 0.032014 0.162932 0.014567 0.097910 0.995089 0.000000
-0.074909 0.029241 0.161171 -0.634845 0.370072 0.678246 0.000000
-0.073782 0.029639 0.161603 -0.491653 0.419546 0.763059 0.000000
-0.075325 0.028509 0.161076 -0.615007 0.439238 0.654856 0.000000
-0.072019 0.032172 0.162358 -0.580827 0.168935 0.796305 0.000000
-0.071951 0.030853 0.162683 -0.457209 0.096674 0.884089 0.000000
-0.079424 0.033511 0.162364 0.109977 0.031924 0.993421 0.000000
-0.072750 0.023633 0.163298 -0.068511 0.173077 0.982523 0.000000
-0.070704 0.030865 0.162911 -0.079672 0.044127 0.995844 0.000000
-0.070817 0.031943 0.162826 -0.114003 0.064153 0.991407 0.000000
-0.069536 0.034770 0.162667 -0.073675 0.120528 0.989972 0.000000
-0.069524 0.034246 0.162651 -0.021139 0.060303 0.997956 0.000000
-0.069270 0.033204 0.162742 0.019951 0.144949 0.989238 0.000000
-0.082163 0.029253 0.162352 -0.038196 -0.021730 0.999034 0.000000
-0.069104 0.033626 0.162651 -0.014878 0.113783 0.993394 0.000000
-0.069014 0.030947 0.162993 -0.017622 0.066815 0.997610 0.000000
-0.068942 0.035009 0.162632 -0.028736 0.126502 0.991550 0.000000
-0.068450 0.034280 0.162694 -0.038071 0.077809 0.996241 0.000000
-0.068374 0.035700 0.162502 0.016596 -0.180869 -0.983367 0.000000
-0.067697 0.030967 0.162955 0.023874 0.076884 0.996754 0.000000
-0.070367 0.030572 0.162978 -0.085239 0.057043 0.994726 0.000000
-0.070079 0.035359 0.162421 -0.175698 0.195860 0.964764 0.000000
-0.074502 0.030621 0.160632 -0.497863 0.263298 0.826321 0.000000
-0.074986 0.030341 0.160543 -0.329732 0.303629 0.893916 0.000000
-0.075573 0.030214 0.160539 0.030806 0.187590 0.981764 0.000000
-0.075081 0.029976 0.160667 -0.387910 0.349255 0.852964 0.000000
-0.075351 0.029659 0.160676 -0.375177 0.280100 0.883621 0.000000
-0.074737 0.030150 0.160644 -0.483878 0.355384 0.799727 0.000000
-0.075472 0.029318 0.160608 -0.394349 0.093379 0.914204 0.000000
-0.075262 0.029211 0.160723 0.612893 -0.306618 -0.728250 0.000000
-0.075577 0.028147 0.161183 -0.437641 0.455162 0.775434 0.000000
-0.076489 0.027843 0.161113 0.419226 0.262807 0.869012 0.000000
-0.075990 0.027332 0.161301 -0.185090 0.275277 0.943379 0.000000
-0.076512 0.027071 0.161309 0.123410 0.193233 0.973361 0.000000
-0.076165 0.026816 0.161345 -0.158096 0.179290 0.971010 0.000000
-0.077563 0.025726 0.161899 0.362346 0.017297 0.931883 0.000000
-0.078758 0.035389 0.162266 -0.198422 -0.020213 -0.979908 0.000000
-0.070470 0.026713 0.163102 -0.069582 0.021988 0.997334 0.000000
-0.067909 0.027526 0.163182 0.026027 -0.019747 0.999466 0.000000
-0.075824 0.027735 0.161262 -0.289166 0.408294 0.865840 0.000000
-0.070647 0.024976 0.163173 -0.002993 0.056489 0.998399 0.000000
-0.078364 0.035363 0.162196 -0.312963 -0.014716 -0.949651 0.000000
-0.067117 0.024423 0.163069 0.040512 0.029038 0.998757 0.000000
-0.078568 0.034954 0.162218 0.223769 -0.007506 0.974613 0.000000
-0.078203 0.034964 0.162103 0.372105 0.003027 0.928186 0.000000
-0.075846 0.031534 0.160184 0.090564 0.285075 0.954217 0.000000
-0.082604 0.028262 0.162364 -0.025908 0.000830 0.999664 0.000000
-0.079185 0.031743 0.162365 0.111314 -0.000261 0.993785 0.000000
-0.070032 0.022464 0.163395 0.100732 0.137942 0.985305 0.000000
-0.074970 0.031394 0.160310 -0.216727 0.169030 0.961487 0.000000
-0.078173 0.030152 0.162212 0.223861 0.023882 0.974328 0.000000
-0.075392 0.031232 0.160302 -0.028421 0.235098 0.971556 0.000000
-0.076520 0.030804 0.160894 0.732236 0.063677 0.678068 0.000000
-0.075903 0.030838 0.160465 0.283963 0.275730 0.918334 0.000000
-0.075382 0.030712 0.160381 0.013781 0.239239 0.970863 0.000000
-0.077519 0.033919 0.161745 0.694749 0.053339 0.717272 0.000000
-0.077969 0.030975 0.162097 0.317658 0.035989 0.947522 0.000000
-0.076258 0.029643 0.160620 -0.326545 0.004390 -0.945171 0.000000
-0.075808 0.029440 0.160494 -0.151069 -0.008946 0.988483 0.000000
-0.068596 0.021026 0.163349 0.184457 0.088313 0.978865 0.000000
-0.078066 0.029646 0.162202 0.285795 -0.018273 0.958117 0.000000
-0.067362 0.021464 0.163169 -0.113474 -0.036160 -0.992883 0.000000
-0.076052 0.028755 0.160510 0.097618 0.254888 0.962031 0.000000
-0.075525 0.028938 0.160516 -0.411541 0.231572 0.881481 0.000000
-0.076189 0.028386 0.160743 0.309724 0.315644 0.896906 0.000000
-0.077142 0.028126 0.161631 0.596037 0.006415 0.802931 0.000000
-0.075318 0.028701 0.160802 -0.619861 0.394064 0.678591 0.000000
-0.076112 0.028026 0.161005 -0.037774 0.452875 0.890774 0.000000
-0.075621 0.028304 0.160805 -0.293529 0.480539 0.826391 0.000000
-0.076722 0.027480 0.161330 0.432985 0.134065 0.891376 0.000000
-0.073906 0.034502 0.160667 -0.605093 0.100025 0.789846 0.000000
-0.073947 0.033843 0.160677 -0.588081 0.018289 0.808596 0.000000
-0.077044 0.026960 0.161591 0.405407 0.067121 0.911669 0.000000
-0.073496 0.035634 0.160654 0.581731 -0.265196 -0.768935 0.000000
-0.076913 0.026494 0.161510 0.297008 0.095669 0.950070 0.000000
-0.078075 0.025978 0.162067 0.238708 -0.029390 0.970646 0.000000
-0.080895 0.035232 0.162294 -0.035265 -0.066999 -0.997130 0.000000
-0.078217 0.024620 0.162019 0.206907 -0.009552 0.978314 0.000000
-0.076752 0.024305 0.161625 0.128008 0.023820 0.991487 0.000000
-0.077374 0.033786 0.161561 0.747032 0.050899 0.662837 0.000000
-0.077197 0.032393 0.161505 0.675910 0.174407 0.716051 0.000000
-0.075984 0.028525 0.160520 -0.089312 -0.340039 -0.936161 0.000000
-0.077239 0.033787 0.161165 0.790507 0.034309 0.611492 0.000000
-0.077066 0.032839 0.161224 0.803867 0.146502 0.576485 0.000000
-0.075555 0.033348 0.160054 -0.007821 0.096157 0.995335 0.000000
-0.075552 0.032664 0.159993 -0.036830 0.000071 0.999322 0.000000
-0.074942 0.032637 0.160175 -0.349397 0.067513 0.934539 0.000000
-0.076189 0.031711 0.160172 0.601809 0.193671 0.774802 0.000000
-0.074650 0.031672 0.160361 -0.452468 0.131261 0.882068 0.000000
-0.071419 0.029356 0.162888 -0.178627 0.069186 0.981481 0.000000
-0.076151 0.030586 0.160543 0.574806 0.064412 0.815751 0.000000
-0.075108 0.030861 0.160277 -0.117932 0.189266 0.974818 0.000000
-0.075197 0.030572 0.160216 -0.104668 0.252552 0.961906 0.000000
-0.074938 0.030615 0.160375 -0.252995 0.219994 0.942123 0.000000
-0.077276 0.035302 0.161461 0.737188 0.057750 0.673215 0.000000
-0.077869 0.034847 0.161904 0.522100 0.037534 0.852058 0.000000
-0.074099 0.035384 0.160392 0.565780 -0.195774 -0.800978 0.000000
-0.067750 0.035015 0.162607 -0.001017 -0.130922 -0.991392 0.000000
-0.076853 0.035140 0.160739 0.758425 -0.070601 0.647926 0.000000
-0.076722 0.034590 0.160545 0.721504 -0.014919 0.692249 0.000000
-0.076707 0.033923 0.160545 0.727156 0.045311 0.684976 0.000000
-0.076925 0.033392 0.160791 0.798889 0.075172 0.596763 0.000000
-0.076101 0.032246 0.159966 0.391411 0.071198 0.917457 0.000000
-0.076276 0.031071 0.160656 0.679236 0.148917 0.718653 0.000000
-0.076458 0.026453 0.161353 0.061647 0.128610 0.989777 0.000000
-0.076494 0.024937 0.161529 -0.053352 0.063587 0.996549 0.000000
-0.076701 0.032600 0.160754 0.819203 0.144491 0.555004 0.000000
-0.076431 0.034274 0.160315 0.605622 0.057396 0.793680 0.000000
-0.075632 0.033905 0.159972 0.110971 0.103750 0.988393 0.000000
-0.076128 0.033812 0.160147 0.424295 0.082204 0.901785 0.000000
-0.075046 0.034013 0.159987 -0.287026 0.130214 0.949031 0.000000
-0.074603 0.034370 0.160142 -0.488639 0.114599 0.864927 0.000000
-0.073603 0.034734 0.160868 -0.608267 0.133126 0.782489 0.000000
-0.077186 0.034032 0.160946 0.810031 0.018583 0.586092 0.000000
-0.075018 0.033451 0.160109 -0.283262 0.075312 0.956081 0.000000
-0.075118 0.032951 0.160058 -0.249056 0.031471 0.967978 0.000000
-0.075178 0.032441 0.160050 -0.269880 0.065960 0.960632 0.000000
-0.076074 0.030080 0.160522 0.243016 0.140022 0.959863 0.000000
-0.074939 0.028023 0.161746 -0.576658 0.257895 0.775213 0.000000
-0.076887 0.032877 0.160789 0.784532 0.139664 0.604156 0.000000
-0.075900 0.032830 0.159960 0.163458 -0.016810 0.986407 0.000000
-0.076121 0.031797 0.159873 0.343587 0.234625 0.909340 0.000000
-0.075876 0.031867 0.159885 0.115470 0.215913 0.969561 0.000000
-0.077079 0.035200 0.161120 0.783113 0.001000 0.621879 0.000000
-0.074592 0.032665 0.160272 -0.414643 0.060937 0.907942 0.000000
-0.082036 0.026942 0.162389 -0.018834 0.046309 0.998750 0.000000
-0.081273 0.034572 0.162378 -0.019471 -0.053773 -0.998363 0.000000
-0.081084 0.034958 0.162377 -0.038131 -0.059764 -0.997484 0.000000
-0.080714 0.035011 0.162371 -0.036789 -0.062379 -0.997374 0.000000
-0.081002 0.033858 0.162443 0.021428 0.048707 0.998583 0.000000
-0.080766 0.034447 0.162415 0.029288 0.052119 0.998211 0.000000
-0.081445 0.032795 0.162463 -0.004837 -0.016998 -0.999844 0.000000
-0.082432 0.031038 0.162430 0.024486 0.015545 -0.999579 0.000000
-0.081220 0.033065 0.162469 -0.002901 -0.017105 -0.999849 0.000000
-0.081855 0.032168 0.162464 0.007298 0.001049 -0.999973 0.000000
-0.081974 0.031679 0.162479 0.006338 0.004299 -0.999971 0.000000
-0.080977 0.033422 0.162430 0.011159 0.038551 0.999194 0.000000
-0.080673 0.033843 0.162411 0.030024 0.052983 0.998144 0.000000
-0.081359 0.032432 0.162472 -0.010511 -0.007498 -0.999917 0.000000
-0.082607 0.029963 0.162416 0.035896 0.021147 -0.999132 0.000000
-0.081466 0.031909 0.162495 -0.001951 0.004809 -0.999987 0.000000
-0.082449 0.030541 0.162402 0.029684 0.029613 -0.999121 0.000000
-0.080758 0.033074 0.162470 0.014507 0.021753 0.999658 0.000000
-0.081668 0.031459 0.162499 -0.000438 -0.007510 0.999972 0.000000
-0.080969 0.032684 0.162492 0.009410 0.009326 0.999912 0.000000
-0.081871 0.031041 0.162465 0.013427 0.021080 -0.999688 0.000000
-0.082636 0.029137 0.162389 0.029674 0.022586 -0.999304 0.000000
-0.082176 0.030143 0.162412 0.036609 0.024305 -0.999034 0.000000
-0.082426 0.029511 0.162397 0.037343 0.020365 -0.999095 0.000000
-0.080201 0.033424 0.162436 0.048402 0.046733 0.997734 0.000000
-0.081471 0.031117 0.162489 0.000674 -0.013920 0.999903 0.000000
-0.083035 0.028131 0.162361 0.010790 -0.006897 -0.999918 0.000000
-0.081849 0.030500 0.162437 0.032294 0.029724 -0.999036 0.000000
-0.083702 0.026680 0.162396 0.019677 -0.022745 -0.999548 0.000000
-0.080377 0.033138 0.162473 0.045791 0.029586 0.998513 0.000000
-0.082605 0.028629 0.162360 0.029223 0.009222 -0.999530 0.000000
-0.081115 0.034247 0.162437 0.021721 0.051779 0.998422 0.000000
-0.083413 0.026999 0.162384 0.015659 -0.020175 -0.999674 0.000000
-0.083115 0.027427 0.162375 0.007110 -0.019844 -0.999778 0.000000
-0.080508 0.032773 0.162493 0.036193 0.008409 0.999309 0.000000
-0.081051 0.031615 0.162457 0.028732 -0.003830 0.999580 0.000000
-0.080630 0.032360 0.162449 0.031712 -0.009038 0.999456 0.000000
-0.083662 0.026115 0.162364 0.031893 -0.013685 -0.999398 0.000000
-0.081486 0.030757 0.162452 -0.009178 -0.023911 0.999672 0.000000
-0.082825 0.027796 0.162354 -0.016547 0.016701 0.999724 0.000000
-0.082935 0.028438 0.162360 0.018431 0.008113 -0.999797 0.000000
-0.083334 0.026723 0.162383 0.017041 -0.021067 -0.999633 0.000000
-0.080766 0.031929 0.162424 0.035847 -0.006390 0.999337 0.000000
-0.081362 0.033574 0.162446 0.003300 -0.035322 -0.999371 0.000000
-0.083685 0.025789 0.162363 0.037819 -0.020522 -0.999074 0.000000
-0.080116 0.032411 0.162460 0.059022 -0.023457 0.997981 0.000000
-0.082962 0.027093 0.162393 -0.016903 0.024529 0.999556 0.000000
-0.081307 0.030343 0.162455 -0.012155 -0.018756 0.999750 0.000000
-0.083886 0.025319 0.162413 0.035767 -0.018973 -0.999180 0.000000
-0.082875 0.029640 0.162403 0.029382 0.021494 -0.999337 0.000000
-0.082031 0.028764 0.162397 -0.039501 -0.014000 0.999121 0.000000
-0.081843 0.029209 0.162405 -0.035827 -0.024264 0.999063 0.000000
-0.082296 0.028325 0.162366 -0.032407 -0.005006 0.999462 0.000000
-0.082410 0.027800 0.162365 -0.029426 0.007075 0.999542 0.000000
-0.083847 0.024731 0.162385 0.038169 -0.017582 -0.999117 0.000000
-0.079788 0.033246 0.162423 0.078136 0.031031 0.996460 0.000000
-0.081789 0.032558 0.162432 -0.006099 -0.011288 -0.999918 0.000000
-0.080764 0.031259 0.162449 0.044461 -0.001923 0.999009 0.000000
-0.082703 0.027375 0.162364 -0.013220 0.022413 0.999661 0.000000
-0.081435 0.029912 0.162434 -0.024687 -0.023619 0.999416 0.000000
-0.080324 0.031918 0.162429 0.049832 -0.017389 0.998606 0.000000
-0.081040 0.030921 0.162459 0.016957 -0.008093 0.999823 0.000000
-0.081486 0.029526 0.162442 -0.025370 -0.019515 0.999488 0.000000
-0.084067 0.025776 0.162387 0.037819 -0.020522 -0.999074 0.000000
-0.080509 0.031474 0.162434 0.047641 -0.003037 0.998860 0.000000
-0.079734 0.032705 0.162400 0.089517 0.005990 0.995967 0.000000
-0.082772 0.026378 0.162416 -0.035826 0.033963 0.998781 0.000000
-0.083017 0.026061 0.162404 -0.039515 0.023901 0.998933 0.000000
-0.080834 0.030411 0.162438 0.028301 -0.009363 0.999556 0.000000
-0.082508 0.026822 0.162404 -0.021879 0.043955 0.998794 0.000000
-0.083661 0.024389 0.162424 0.041030 -0.003089 -0.999153 0.000000
-0.083391 0.025012 0.162431 -0.038417 0.018104 0.999098 0.000000
-0.081643 0.028495 0.162416 -0.020789 -0.020137 0.999581 0.000000
-0.081965 0.027817 0.162404 -0.024663 -0.001525 0.999695 0.000000
-0.083057 0.025359 0.162430 -0.039052 0.023384 0.998964 0.000000
-0.081728 0.028085 0.162427 -0.016453 -0.003436 0.999859 0.000000
-0.082124 0.027327 0.162379 -0.025460 0.018524 0.999504 0.000000
-0.080973 0.029969 0.162451 0.006847 -0.008082 0.999944 0.000000
-0.081346 0.028894 0.162421 -0.023004 -0.031328 0.999244 0.000000
-0.083357 0.026368 0.162371 0.021733 -0.025320 -0.999443 0.000000
-0.080517 0.030280 0.162437 0.038640 -0.009487 0.999208 0.000000
-0.080148 0.031100 0.162417 0.050396 0.003408 0.998723 0.000000
-0.080782 0.029633 0.162445 0.017329 -0.012339 0.999774 0.000000
-0.079777 0.031922 0.162408 0.069895 -0.014544 0.997448 0.000000
-0.080890 0.029245 0.162444 0.012730 -0.021338 0.999691 0.000000
-0.081425 0.028048 0.162417 0.004177 -0.005448 0.999976 0.000000
-0.082300 0.026121 0.162437 -0.032589 0.034056 0.998888 0.000000
-0.081642 0.027615 0.162418 -0.003707 0.011664 0.999925 0.000000
-0.081800 0.027160 0.162405 -0.005214 0.030741 0.999514 0.000000
-0.079697 0.031382 0.162383 0.075796 -0.004610 0.997113 0.000000
-0.080929 0.028784 0.162436 0.017779 -0.038500 0.999100 0.000000
-0.078982 0.032813 0.162343 0.156599 0.005813 0.987645 0.000000
-0.080152 0.030645 0.162420 0.051878 -0.000439 0.998653 0.000000
-0.082872 0.024714 0.162451 -0.039123 0.011945 0.999163 0.000000
-0.082580 0.025105 0.162443 -0.041116 0.013314 0.999066 0.000000
-0.082319 0.025751 0.162446 -0.040713 0.029072 0.998748 0.000000
-0.083137 0.024124 0.162442 0.042940 0.013322 -0.998989 0.000000
-0.079287 0.032081 0.162364 0.118796 -0.009945 0.992869 0.000000
-0.081850 0.026693 0.162427 -0.014578 0.043867 0.998931 0.000000
-0.079711 0.030965 0.162398 0.072563 -0.006172 0.997345 0.000000
-0.081362 0.031411 0.162471 0.011006 -0.008192 0.999906 0.000000
-0.080489 0.029003 0.162444 0.034786 -0.032738 0.998858 0.000000
-0.080392 0.029796 0.162420 0.049576 -0.008246 0.998736 0.000000
-0.080086 0.030149 0.162422 0.062712 -0.009532 0.997986 0.000000
-0.079254 0.031271 0.162365 0.103484 -0.005231 0.994617 0.000000
-0.082439 0.024552 0.162474 -0.034513 0.004865 0.999392 0.000000
-0.081817 0.025929 0.162479 -0.009928 0.034826 0.999344 0.000000
-0.080105 0.029343 0.162418 0.066982 -0.006621 0.997732 0.000000
-0.083325 0.024581 0.162440 0.040825 -0.010837 -0.999108 0.000000
-0.082167 0.026517 0.162426 -0.021796 0.048004 0.998609 0.000000
-0.079806 0.029726 0.162395 0.076192 -0.009396 0.997049 0.000000
-0.079730 0.030451 0.162399 0.075198 -0.003904 0.997161 0.000000
-0.081866 0.025507 0.162479 -0.007406 0.021569 0.999740 0.000000
-0.082788 0.023690 0.162451 0.038835 0.029080 -0.998822 0.000000
-0.081540 0.026265 0.162467 0.013617 0.040404 0.999091 0.000000
-0.082145 0.024910 0.162465 -0.025235 0.010640 0.999625 0.000000
-0.080726 0.028503 0.162418 0.034567 -0.049731 0.998164 0.000000
-0.081321 0.026667 0.162439 0.029251 0.044517 0.998580 0.000000
-0.082786 0.023196 0.162418 0.039873 0.036834 -0.998526 0.000000
-0.078799 0.031527 0.162296 0.178813 0.000286 0.983883 0.000000
-0.082424 0.024029 0.162470 -0.035244 -0.015660 0.999256 0.000000
-0.081911 0.029744 0.162413 -0.030969 -0.017515 0.999367 0.000000
-0.079203 0.030619 0.162355 0.110768 -0.001882 0.993844 0.000000
-0.080572 0.030836 0.162444 0.044709 0.004161 0.998991 0.000000
-0.080043 0.028826 0.162423 0.061580 -0.032710 0.997566 0.000000
-0.082095 0.024359 0.162491 -0.022787 0.002797 0.999736 0.000000
-0.083507 0.027537 0.162406 0.005111 -0.015521 -0.999866 0.000000
-0.080412 0.028030 0.162372 0.038915 -0.024864 0.998933 0.000000
-0.078382 0.031448 0.162218 0.247177 -0.002230 0.968968 0.000000
-0.082355 0.023485 0.162463 -0.038678 -0.037819 0.998536 0.000000
-0.080312 0.028425 0.162417 0.043996 -0.036706 0.998357 0.000000
-0.079562 0.029382 0.162352 0.088927 -0.009929 0.995989 0.000000
-0.081407 0.025263 0.162485 0.023448 0.015361 0.999607 0.000000
-0.082734 0.024234 0.162432 -0.040597 -0.005336 0.999161 0.000000
-0.082413 0.023022 0.162428 0.036806 0.033788 -0.998751 0.000000
-0.078667 0.030921 0.162280 0.183115 0.010862 0.983031 0.000000
-0.081042 0.025789 0.162461 0.058736 0.016263 0.998141 0.000000
-0.081628 0.024812 0.162488 0.007118 0.009344 0.999931 0.000000
-0.080555 0.026862 0.162392 0.057942 0.031716 0.997816 0.000000
-0.081395 0.027023 0.162404 0.017381 0.031239 0.999361 0.000000
-0.079213 0.029662 0.162330 0.099731 -0.012286 0.994939 0.000000
-0.080703 0.026173 0.162416 0.059312 0.030405 0.997776 0.000000
-0.081917 0.023668 0.162468 -0.027843 -0.031797 0.999106 0.000000
-0.078674 0.030391 0.162273 0.155553 0.012745 0.987745 0.000000
-0.078956 0.029936 0.162309 0.116158 -0.010332 0.993177 0.000000
-0.081454 0.024302 0.162502 0.019609 0.005930 0.999790 0.000000
-0.080352 0.026545 0.162384 0.072276 0.031802 0.996878 0.000000
-0.079233 0.029069 0.162334 0.096870 -0.013784 0.995202 0.000000
-0.079484 0.028589 0.162365 0.083183 -0.027983 0.996141 0.000000
-0.080061 0.027051 0.162344 0.081065 0.012425 0.996631 0.000000
-0.080350 0.027175 0.162363 0.059866 0.026339 0.997859 0.000000
-0.078603 0.030063 0.162285 0.145729 0.014372 0.989220 0.000000
-0.081889 0.022808 0.162436 -0.025229 -0.029559 0.999245 0.000000
-0.081429 0.025738 0.162475 0.025063 0.024331 0.999390 0.000000
-0.080645 0.025677 0.162433 0.097294 0.008540 0.995219 0.000000
-0.081864 0.024530 0.162497 -0.020250 -0.000345 0.999795 0.000000
-0.082927 0.029062 0.162375 0.027760 0.017295 -0.999465 0.000000
-0.080846 0.025176 0.162449 0.077993 0.010514 0.996898 0.000000
-0.081464 0.023747 0.162489 0.009942 -0.029667 0.999510 0.000000
-0.080944 0.026965 0.162411 0.039152 0.039028 0.998471 0.000000
-0.081695 0.023107 0.162458 -0.016591 -0.033140 0.999313 0.000000
-0.084132 0.025072 0.162389 0.035528 -0.016487 -0.999233 0.000000
-0.079582 0.027373 0.162295 0.082832 -0.024791 0.996255 0.000000
-0.079740 0.030012 0.162385 0.079986 -0.008617 0.996759 0.000000
-0.078641 0.029476 0.162279 0.124417 -0.006819 0.992207 0.000000
-0.078805 0.032080 0.162308 0.170058 -0.007474 0.985406 0.000000
-0.082134 0.022232 0.162412 0.034635 0.007746 -0.999370 0.000000
-0.080282 0.025752 0.162403 0.102309 0.006916 0.994729 0.000000
-0.078992 0.028633 0.162296 0.116452 -0.024596 0.992892 0.000000
-0.080757 0.024379 0.162453 0.074164 0.010081 0.997195 0.000000
-0.080331 0.025151 0.162405 0.117735 0.005634 0.993029 0.000000
-0.077453 0.031667 0.161916 0.532949 0.116157 0.838137 0.000000
-0.083233 0.025809 0.162387 -0.039036 0.021970 0.998996 0.000000
-0.081175 0.024928 0.162463 0.038868 0.017490 0.999091 0.000000
-0.082889 0.027483 0.162335 0.005569 -0.019870 -0.999787 0.000000
-0.082371 0.029020 0.162379 -0.036015 -0.018095 0.999187 0.000000
-0.081204 0.023002 0.162456 0.017731 -0.024862 0.999534 0.000000
-0.078658 0.028683 0.162251 0.129690 -0.020357 0.991346 0.000000
-0.080818 0.023571 0.162462 0.058709 -0.023473 0.997999 0.000000
-0.081031 0.023246 0.162464 0.037819 -0.033442 0.998725 0.000000
-0.077120 0.031574 0.161676 0.656112 0.106496 0.747111 0.000000
-0.078413 0.031841 0.162226 0.246570 -0.007517 0.969096 0.000000
-0.081029 0.027978 0.162357 0.026468 -0.010541 0.999594 0.000000
-0.079202 0.026383 0.162260 0.126988 -0.018879 0.991725 0.000000
-0.080435 0.024025 0.162432 0.098217 0.009015 0.995124 0.000000
-0.082659 0.025613 0.162425 -0.042933 0.029251 0.998650 0.000000
-0.081284 0.023406 0.162484 0.024388 -0.036431 0.999039 0.000000
-0.078289 0.027808 0.162172 0.225571 -0.039353 0.973432 0.000000
-0.077359 0.029990 0.161940 0.493214 0.022730 0.869611 0.000000
-0.078769 0.026519 0.162204 0.155678 -0.015683 0.987683 0.000000
-0.077791 0.028472 0.162088 0.333230 -0.048060 0.941620 0.000000
-0.080813 0.027432 0.162371 0.041533 0.008022 0.999105 0.000000
-0.080412 0.024607 0.162421 0.111124 0.019839 0.993608 0.000000
-0.077122 0.030269 0.161766 -0.586097 -0.005368 -0.810223 0.000000
-0.080045 0.024757 0.162367 0.121127 0.018817 0.992459 0.000000
-0.078211 0.030551 0.162187 0.251130 0.033216 0.967383 0.000000
-0.079850 0.028342 0.162384 0.057540 -0.048692 0.997155 0.000000
-0.082243 0.025278 0.162464 -0.030303 0.013728 0.999446 0.000000
-0.078402 0.026408 0.162139 0.197028 -0.030712 0.979917 0.000000
-0.080103 0.024286 0.162370 0.124466 0.025467 0.991897 0.000000
-0.080967 0.021858 0.162493 0.036510 0.016798 0.999192 0.000000
-0.081430 0.021217 0.162512 -0.067518 -0.007264 -0.997692 0.000000
-0.081148 0.021613 0.162479 0.037819 0.021706 0.999049 0.000000
-0.081801 0.026277 0.162460 -0.010142 0.042728 0.999035 0.000000
-0.077575 0.031034 0.161998 0.447614 0.024421 0.893893 0.000000
-0.080493 0.022503 0.162419 0.079371 0.003535 0.996839 0.000000
-0.077829 0.030669 0.162062 0.346392 0.022292 0.937825 0.000000
-0.081178 0.026259 0.162428 0.035971 0.039956 0.998554 0.000000
-0.079107 0.024564 0.162221 0.176595 0.020396 0.984072 0.000000
-0.081917 0.025110 0.162459 -0.012479 0.018233 0.999756 0.000000
-0.082635 0.022726 0.162379 0.038391 0.030831 -0.998787 0.000000
-0.077099 0.029177 0.161712 0.653897 -0.025998 0.756136 0.000000
-0.079080 0.025455 0.162206 0.159753 -0.030382 0.986689 0.000000
-0.080549 0.022912 0.162417 0.078793 -0.022481 0.996638 0.000000
-0.077734 0.029794 0.162101 0.366066 0.014213 0.930480 0.000000
-0.077392 0.030590 0.161934 0.538895 0.008227 0.842333 0.000000
-0.080106 0.022806 0.162378 0.105107 -0.009003 0.994420 0.000000
-0.077989 0.026714 0.162060 0.281124 -0.009175 0.959628 0.000000
-0.078254 0.028716 0.162207 0.220935 -0.040343 0.974454 0.000000
-0.077380 0.027208 0.161859 0.445121 -0.005231 0.895455 0.000000
-0.079615 0.023475 0.162352 0.144027 -0.004971 0.989561 0.000000
-0.079284 0.023945 0.162292 0.171339 0.019629 0.985016 0.000000
-0.077474 0.028993 0.161987 0.506467 -0.069166 0.859481 0.000000
-0.079728 0.022618 0.162321 0.147727 -0.023115 0.988758 0.000000
-0.079580 0.026845 0.162290 0.097990 -0.002611 0.995184 0.000000
-0.078770 0.027771 0.162261 0.133663 -0.040573 0.990196 0.000000
-0.080014 0.021530 0.162337 0.177401 -0.023043 0.983869 0.000000
-0.080357 0.020752 0.162393 0.169638 -0.015506 0.985384 0.000000
-0.077279 0.026811 0.161785 0.445696 0.023582 0.894874 0.000000
-0.077733 0.026053 0.161976 0.331558 -0.007515 0.943405 0.000000
-0.077276 0.029299 0.161881 0.562093 -0.044707 0.825865 0.000000
-0.081715 0.022412 0.162419 -0.016370 0.006921 0.999842 0.000000
-0.081491 0.022714 0.162437 -0.010160 -0.016264 0.999816 0.000000
-0.079014 0.023564 0.162254 0.199032 -0.009556 0.979946 0.000000
-0.079061 0.026905 0.162242 0.116671 -0.016822 0.993028 0.000000
-0.081632 0.021826 0.162433 0.001382 -0.018303 -0.999832 0.000000
-0.078198 0.028238 0.162166 0.281326 -0.059489 0.957767 0.000000
-0.078827 0.023981 0.162190 0.202102 0.012895 0.979280 0.000000
-0.078619 0.023034 0.162118 0.232640 -0.042169 0.971648 0.000000
-0.077338 0.025312 0.161825 0.328014 0.024036 0.944367 0.000000
-0.079266 0.022684 0.162229 0.177515 -0.041714 0.983234 0.000000
-0.078553 0.027191 0.162187 0.171482 -0.042682 0.984262 0.000000
-0.077964 0.024932 0.162005 0.246308 -0.024814 0.968874 0.000000
-0.077338 0.026157 0.161791 0.385557 0.015284 0.922557 0.000000
-0.078405 0.024148 0.162084 0.209895 0.009626 0.977677 0.000000
-0.074208 0.030533 0.160990 -0.517366 0.301487 0.800898 0.000000
-0.080960 0.022657 0.162445 0.040409 -0.001878 0.999181 0.000000
-0.080700 0.023900 0.162458 0.070008 -0.002511 0.997543 0.000000
-0.081214 0.022172 0.162450 0.014906 0.023712 0.999608 0.000000
-0.077781 0.024622 0.161977 0.260782 -0.011553 0.965329 0.000000
-0.080523 0.023462 0.162414 0.085951 -0.015151 0.996184 0.000000
-0.077083 0.024998 0.161735 0.248932 0.060576 0.966625 0.000000
-0.077486 0.024079 0.161870 0.250214 -0.011211 0.968126 0.000000
-0.077393 0.028515 0.161949 0.518373 -0.058665 0.853140 0.000000
-0.077636 0.023563 0.161907 0.264075 -0.043730 0.963510 0.000000
-0.076309 0.026113 0.161499 -0.128028 0.087874 0.987870 0.000000
-0.077157 0.028776 0.161765 0.628711 -0.045181 0.776326 0.000000
-0.076644 0.025483 0.161497 0.058027 0.068539 0.995959 0.000000
-0.074656 0.029327 0.161366 -0.504211 0.443653 0.740907 0.000000
-0.077767 0.025114 0.161975 0.282214 -0.009684 0.959303 0.000000
-0.074444 0.029789 0.161164 -0.485552 0.411857 0.771112 0.000000
-0.075401 0.027748 0.161529 -0.472001 0.296746 0.830155 0.000000
-0.080940 0.021011 0.162484 -0.118592 -0.002463 -0.992940 0.000000
-0.077087 0.023966 0.161743 0.222901 -0.017647 0.974681 0.000000
-0.075977 0.025414 0.161719 -0.308418 0.077817 0.948063 0.000000
-0.074712 0.028880 0.161594 -0.567399 0.380985 0.730006 0.000000
-0.075585 0.026874 0.161616 -0.437665 0.208486 0.874633 0.000000
-0.075032 0.027749 0.161735 -0.556013 0.252850 0.791781 0.000000
-0.073773 0.030153 0.161321 -0.522470 0.329561 0.786393 0.000000
-0.076681 0.023977 0.161675 0.090070 -0.014556 0.995829 0.000000
-0.079785 0.023992 0.162351 0.127064 0.022382 0.991642 0.000000
-0.080420 0.021278 0.162404 0.134792 -0.001927 0.990872 0.000000
-0.080129 0.022189 0.162364 0.121778 -0.029180 0.992128 0.000000
-0.074767 0.027443 0.161894 -0.530588 0.186097 0.826949 0.000000
-0.077700 0.023056 0.161924 0.282384 -0.056756 0.957621 0.000000
-0.075633 0.025278 0.161795 -0.411286 0.035187 0.910827 0.000000
-0.076017 0.024535 0.161653 -0.261716 -0.013511 0.965050 0.000000
-0.077255 0.023227 0.161801 0.265535 -0.065956 0.961843 0.000000
-0.076060 0.023530 0.161624 -0.212656 -0.034416 0.976521 0.000000
-0.076404 0.022636 0.161479 -0.147728 -0.057042 0.987382 0.000000
-0.075482 0.024961 0.161864 -0.470149 0.015914 0.882444 0.000000
-0.075818 0.023889 0.161715 -0.363993 -0.012357 0.931320 0.000000
-0.076211 0.022982 0.161580 -0.228276 -0.036985 0.972894 0.000000
-0.073804 0.031146 0.161099 -0.583323 0.160622 0.796200 0.000000
-0.075612 0.024429 0.161781 -0.479482 0.005481 0.877535 0.000000
-0.077144 0.022462 0.161560 0.223032 -0.068536 0.972399 0.000000
-0.075184 0.028109 0.161562 -0.574136 0.310515 0.757594 0.000000
-0.076161 0.025015 0.161619 -0.260065 0.047654 0.964414 0.000000
-0.075193 0.027403 0.161684 -0.516041 0.187490 0.835793 0.000000
-0.075657 0.025615 0.161833 -0.390609 0.097607 0.915368 0.000000
-0.082750 0.023921 0.162426 -0.040066 -0.026247 0.998852 0.000000
-0.076272 0.023985 0.161614 -0.157148 -0.002213 0.987573 0.000000
-0.074426 0.029062 0.161586 -0.472382 0.443789 0.761516 0.000000
-0.077716 0.019603 0.161812 -0.270327 -0.005552 -0.962752 0.000000
-0.075844 0.022370 0.161759 -0.521392 -0.003287 0.853311 0.000000
-0.075767 0.021861 0.161726 -0.561308 -0.060093 0.825423 0.000000
-0.076346 0.021260 0.161493 -0.220936 -0.071293 0.972679 0.000000
-0.075066 0.022523 0.162309 -0.662974 0.078318 0.744534 0.000000
-0.078827 0.034622 0.162282 0.152282 0.008293 0.988302 0.000000
-0.078677 0.032969 0.162309 0.186065 0.022345 0.982283 0.000000
-0.078433 0.029793 0.162274 0.173790 0.003801 0.984775 0.000000
-0.078951 0.029274 0.162276 0.103585 -0.012106 0.994547 0.000000
-0.081558 0.027314 0.162388 0.002164 0.028870 0.999581 0.000000
-0.077427 0.028083 0.161917 0.499512 -0.033801 0.865647 0.000000
-0.080470 0.026103 0.162389 0.089208 0.017598 0.995858 0.000000
-0.080987 0.025486 0.162452 0.064165 0.018098 0.997775 0.000000
-0.080487 0.025448 0.162399 0.102660 0.011141 0.994654 0.000000
-0.080001 0.025201 0.162331 0.132401 0.001878 0.991194 0.000000
-0.079590 0.025225 0.162263 0.141084 -0.010056 0.989947 0.000000
-0.078934 0.025187 0.162139 0.161408 -0.020974 0.986665 0.000000
-0.079623 0.024475 0.162295 0.146364 0.030313 0.988766 0.000000
-0.078683 0.024509 0.162131 0.187535 0.015751 0.982132 0.000000
-0.080189 0.023227 0.162399 0.099740 -0.020345 0.994806 0.000000
-0.079700 0.023031 0.162320 0.140211 -0.029776 0.989674 0.000000
-0.078115 0.023325 0.161990 0.253267 -0.040783 0.966536 0.000000
-0.080795 0.021579 0.162485 0.091478 0.005700 0.995791 0.000000
-0.079146 0.021930 0.162183 0.200674 -0.042387 0.978741 0.000000
-0.078035 0.022148 0.161934 0.298958 -0.056031 0.952620 0.000000
-0.080561 0.020431 0.162426 -0.171038 0.000390 -0.985264 0.000000
-0.077335 0.022281 0.161654 0.284918 -0.075407 0.955581 0.000000
-0.079297 0.020356 0.162195 0.200346 0.011782 0.979654 0.000000
-0.079421 0.019542 0.162235 -0.205282 -0.017271 -0.978550 0.000000
-0.076714 0.020514 0.161457 0.124628 -0.005069 0.992191 0.000000
-0.080272 0.026870 0.162373 0.067856 0.027419 0.997318 0.000000
-0.076833 0.021310 0.161532 0.184231 0.007083 0.982858 0.000000
-0.079791 0.026896 0.162312 0.089448 0.008970 0.995951 0.000000
-0.077547 0.020535 0.161819 0.294990 0.007774 0.955469 0.000000
-0.077562 0.034854 0.161696 0.664217 0.017042 0.747345 0.000000
-0.077453 0.034246 0.161512 0.741729 0.000048 0.670700 0.000000
-0.076819 0.032508 0.161031 0.798222 0.174278 0.576601 0.000000
-0.076630 0.032130 0.160909 0.782607 0.264171 0.563684 0.000000
-0.077049 0.031956 0.161438 0.713852 0.179582 0.676879 0.000000
-0.076745 0.031722 0.161170 0.791845 0.147735 0.592583 0.000000
-0.076970 0.031600 0.161396 0.734478 0.129075 0.666245 0.000000
-0.076313 0.031552 0.160658 0.759359 0.204683 0.617639 0.000000
-0.076822 0.031114 0.161368 0.755997 0.062179 0.651616 0.000000
-0.076655 0.030637 0.161124 0.743742 0.004826 0.668449 0.000000
-0.076908 0.030336 0.161497 0.719181 -0.021894 0.694477 0.000000
-0.076734 0.029984 0.161249 0.775738 -0.008931 0.630992 0.000000
-0.076448 0.029919 0.160821 0.657623 0.037381 0.752419 0.000000
-0.076621 0.029411 0.161020 0.742050 0.004396 0.670330 0.000000
-0.074973 0.029634 0.160840 -0.553960 0.350862 0.755000 0.000000
-0.076368 0.029067 0.160673 0.420882 0.096560 0.901961 0.000000
-0.075041 0.028837 0.161184 0.664758 -0.353402 -0.658182 0.000000
-0.076392 0.028619 0.160752 0.377868 0.260363 0.888497 0.000000
-0.076871 0.027855 0.161352 0.554482 0.119664 0.823547 0.000000
-0.078525 0.026830 0.162176 0.171716 -0.025611 0.984814 0.000000
-0.076867 0.024716 0.161621 0.188387 0.015231 0.981977 0.000000
-0.078536 0.035628 0.162251 -0.231792 -0.037675 -0.972035 0.000000
-0.077260 0.034852 0.161350 0.768727 -0.003288 0.639569 0.000000
-0.076939 0.032305 0.161170 0.789953 0.172245 0.588477 0.000000
-0.075760 0.028891 0.160367 -0.194218 0.176509 0.964948 0.000000
-0.077211 0.023714 0.161795 0.242039 -0.027465 0.969878 0.000000
-0.078018 0.021818 0.161934 0.305348 -0.026749 0.951865 0.000000
-0.080380 0.022687 0.162384 0.080780 -0.005187 0.996718 0.000000
-0.074440 0.025140 0.162628 -0.501709 0.058151 0.863080 0.000000
-0.072475 0.027686 0.162890 -0.190584 0.122709 0.973971 0.000000
-0.070843 0.034113 0.162484 -0.223792 0.195649 0.954798 0.000000
-0.071715 0.032546 0.162514 -0.463855 0.157669 0.871768 0.000000
-0.071202 0.032956 0.162649 -0.285930 0.138885 0.948132 0.000000
-0.069048 0.036115 0.162382 0.066289 -0.213152 -0.974768 0.000000
-0.072669 0.030212 0.162285 -0.574176 0.179999 0.798700 0.000000
-0.068879 0.035674 0.162507 -0.036869 0.197765 0.979556 0.000000
-0.070107 0.033611 0.162721 -0.042320 0.162556 0.985791 0.000000
-0.070933 0.032143 0.162842 -0.165665 0.118021 0.979095 0.000000
-0.069316 0.034082 0.162646 -0.007482 0.064285 0.997904 0.000000
-0.068965 0.034510 0.162651 -0.022402 0.062728 0.997779 0.000000
-0.070413 0.031892 0.162902 -0.068330 0.042322 0.996765 0.000000
-0.082038 0.028201 0.162378 -0.023401 -0.006858 0.999703 0.000000
-0.070997 0.031095 0.162890 -0.113649 0.048589 0.992332 0.000000
-0.071292 0.030112 0.162880 -0.165085 0.028330 0.985872 0.000000
-0.069377 0.032756 0.162847 0.033826 0.132716 0.990577 0.000000
-0.082090 0.023960 0.162463 -0.029523 -0.021846 0.999325 0.000000
-0.068864 0.033405 0.162737 -0.025690 0.112778 0.993288 0.000000
-0.070893 0.029791 0.162925 -0.129249 0.043679 0.990650 0.000000
-0.069979 0.031109 0.162934 -0.049578 0.060807 0.996918 0.000000
-0.072026 0.032397 0.162308 -0.575273 0.129558 0.807636 0.000000
-0.068781 0.034771 0.162656 -0.009475 0.090510 0.995850 0.000000
-0.069490 0.031864 0.162919 -0.009478 0.063930 0.997909 0.000000
-0.081612 0.024032 0.162490 -0.005180 -0.007882 0.999956 0.000000
-0.068891 0.032497 0.162844 0.025487 0.104217 0.994228 0.000000
-0.072809 0.033247 0.161594 -0.627282 0.038752 0.777828 0.000000
-0.068196 0.033336 0.162804 -0.020667 0.084262 0.996229 0.000000
-0.068550 0.033073 0.162800 -0.007117 0.114654 0.993380 0.000000
-0.069694 0.030839 0.162986 -0.046022 0.075492 0.996084 0.000000
-0.067627 0.033919 0.162764 0.012738 0.089631 0.995894 0.000000
-0.075732 0.020573 0.161558 -0.480577 -0.090769 0.872242 0.000000
-0.075777 0.020236 0.161519 -0.403848 -0.042743 0.913827 0.000000
-0.068786 0.031854 0.162936 0.015340 0.085309 0.996236 0.000000
-0.080985 0.023921 0.162477 0.057187 -0.005922 0.998346 0.000000
-0.067017 0.034446 0.162676 -0.033259 -0.105728 -0.993839 0.000000
-0.067808 0.034250 0.162733 -0.009867 0.094797 0.995448 0.000000
-0.070807 0.028358 0.163023 -0.110203 0.041231 0.993053 0.000000
-0.075719 0.019831 0.161509 0.408867 -0.010309 -0.912536 0.000000
-0.076934 0.022979 0.161612 0.153188 -0.092454 0.983863 0.000000
-0.068196 0.032179 0.162887 0.016402 0.095852 0.995260 0.000000
-0.073491 0.025513 0.162930 -0.223984 0.098088 0.969644 0.000000
-0.069315 0.030403 0.163019 -0.022298 0.071897 0.997163 0.000000
-0.068107 0.033806 0.162758 -0.034509 0.073429 0.996703 0.000000
-0.069089 0.030684 0.163007 -0.015244 0.068851 0.997510 0.000000
-0.067940 0.032630 0.162804 0.007088 0.083392 0.996492 0.000000
-0.068709 0.032728 0.162804 0.020766 0.119187 0.992655 0.000000
-0.067331 0.033388 0.162785 0.020771 0.066078 0.997598 0.000000
-0.072268 0.028470 0.162790 -0.222869 0.136627 0.965227 0.000000
-0.072728 0.026630 0.162956 -0.141879 0.094850 0.985329 0.000000
-0.067423 0.032902 0.162806 0.018221 0.068348 0.997495 0.000000
-0.080723 0.022087 0.162447 0.059755 0.019510 0.998022 0.000000
-0.075504 0.026683 0.161666 -0.454139 0.209446 0.865962 0.000000
-0.066689 0.034082 0.162702 -0.041464 -0.077732 -0.996112 0.000000
-0.068546 0.030866 0.162981 0.008760 0.067390 0.997688 0.000000
-0.066804 0.033560 0.162752 0.040295 0.070167 0.996721 0.000000
-0.069654 0.028946 0.163133 -0.053485 0.058153 0.996874 0.000000
-0.067443 0.033718 0.162751 0.014217 0.069376 0.997489 0.000000
-0.068291 0.031116 0.162977 0.021942 0.069057 0.997371 0.000000
-0.073786 0.022590 0.163226 -0.323441 0.203902 0.924018 0.000000
-0.068844 0.030030 0.163047 0.000458 0.076633 0.997059 0.000000
-0.074649 0.020560 0.162962 0.859099 0.059092 -0.508386 0.000000
-0.080401 0.021771 0.162425 0.122703 -0.015260 0.992326 0.000000
-0.067803 0.031612 0.162922 0.024242 0.081510 0.996378 0.000000
-0.067332 0.032089 0.162882 0.028528 0.084993 0.995973 0.000000
-0.067020 0.032427 0.162845 0.038584 0.075455 0.996402 0.000000
-0.073240 0.023413 0.163263 -0.182769 0.158744 0.970256 0.000000
-0.071744 0.028239 0.162952 -0.138819 0.104748 0.984763 0.000000
-0.075300 0.026297 0.161830 -0.514617 0.154638 0.843360 0.000000
-0.068232 0.031686 0.162928 0.019812 0.087396 0.995977 0.000000
-0.066777 0.032758 0.162798 0.037301 0.070797 0.996793 0.000000
-0.067929 0.030561 0.163009 0.017408 0.078202 0.996786 0.000000
-0.075845 0.023160 0.161746 -0.393217 0.016037 0.919306 0.000000
-0.069188 0.028565 0.163154 -0.020145 0.041183 0.998949 0.000000
-0.067473 0.032525 0.162852 0.025227 0.077308 0.996688 0.000000
-0.068690 0.029315 0.163105 0.000459 0.075327 0.997159 0.000000
-0.066475 0.033112 0.162762 0.041710 0.068807 0.996758 0.000000
-0.067749 0.032065 0.162889 0.023455 0.087577 0.995882 0.000000
-0.066092 0.033362 0.162734 0.040644 0.069608 0.996746 0.000000
-0.068294 0.029639 0.163080 0.004133 0.080586 0.996739 0.000000
-0.078630 0.032594 0.162288 0.189100 0.006145 0.981939 0.000000
-0.068063 0.030117 0.163042 0.009858 0.079507 0.996786 0.000000
-0.072767 0.023337 0.163360 -0.081710 0.178859 0.980476 0.000000
-0.066390 0.033782 0.162718 -0.042556 -0.072661 -0.996448 0.000000
-0.065868 0.033833 0.162692 -0.041451 -0.072482 -0.996508 0.000000
-0.067278 0.031125 0.162943 0.036322 0.079476 0.996175 0.000000
-0.070061 0.030722 0.162975 -0.058236 0.067301 0.996032 0.000000
-0.067655 0.030309 0.163025 0.014876 0.084532 0.996310 0.000000
-0.066851 0.031421 0.162908 0.047066 0.079177 0.995749 0.000000
-0.066598 0.031800 0.162866 0.048923 0.072499 0.996168 0.000000
-0.067340 0.030555 0.162994 0.027728 0.084142 0.996068 0.000000
-0.066955 0.033101 0.162783 0.036414 0.066073 0.997150 0.000000
-0.068722 0.028281 0.163180 -0.002905 0.024831 0.999687 0.000000
-0.066420 0.032097 0.162822 0.051007 0.074107 0.995945 0.000000
-0.068405 0.028582 0.163164 0.002231 0.039281 0.999226 0.000000
-0.077923 0.033661 0.162022 0.470113 0.045981 0.881408 0.000000
-0.068149 0.029047 0.163127 0.003735 0.069137 0.997600 0.000000
-0.073490 0.019876 0.163954 0.345000 0.060735 -0.936636 0.000000
-0.071788 0.024884 0.163111 -0.045002 0.093584 0.994594 0.000000
-0.067432 0.031484 0.162921 0.034535 0.072761 0.996751 0.000000
-0.067723 0.029443 0.163103 0.008588 0.079618 0.996788 0.000000
-0.067080 0.031834 0.162891 0.041849 0.073552 0.996413 0.000000
-0.065953 0.032445 0.162780 0.047739 0.067438 0.996581 0.000000
-0.067374 0.029785 0.163060 0.025011 0.088472 0.995765 0.000000
-0.073032 0.020162 0.164065 0.172935 -0.102456 -0.979590 0.000000
-0.068480 0.033678 0.162736 -0.040566 0.093792 0.994765 0.000000
-0.066870 0.030893 0.162946 0.045409 0.085451 0.995307 0.000000
-0.067066 0.030180 0.163029 0.037568 0.091466 0.995099 0.000000
-0.065386 0.033126 0.162717 -0.045326 -0.066995 -0.996723 0.000000
-0.071758 0.035974 0.161858 0.391840 -0.225671 -0.891927 0.000000
-0.065534 0.032669 0.162750 0.047439 0.067847 0.996567 0.000000
-0.070391 0.027795 0.163077 -0.088327 0.001606 0.996090 0.000000
-0.066432 0.030963 0.162917 0.048120 0.084858 0.995230 0.000000
-0.065568 0.033425 0.162706 -0.043652 -0.068305 -0.996709 0.000000
-0.066109 0.031376 0.162856 0.050394 0.078648 0.995628 0.000000
-0.077547 0.033591 0.161791 0.683059 0.064153 0.727541 0.000000
-0.066690 0.030384 0.162996 0.044572 0.092326 0.994731 0.000000
-0.068461 0.027549 0.163179 -0.001770 -0.013894 0.999902 0.000000
-0.066432 0.032571 0.162793 0.048090 0.068324 0.996503 0.000000
-0.075403 0.020225 0.161648 -0.591325 -0.109353 0.798984 0.000000
-0.067799 0.028504 0.163163 0.010211 0.035003 0.999335 0.000000
-0.065732 0.031791 0.162811 -0.051984 -0.073051 -0.995973 0.000000
-0.068456 0.027155 0.163174 0.003074 -0.027754 0.999610 0.000000
-0.072166 0.021880 0.163633 0.018690 0.235728 0.971639 0.000000
-0.067454 0.028821 0.163151 0.024312 0.049403 0.998483 0.000000
-0.068175 0.027810 0.163175 0.006286 0.006884 0.999957 0.000000
-0.067019 0.029039 0.163124 0.041481 0.060440 0.997310 0.000000
-0.071837 0.022040 0.163582 0.045435 0.217976 0.974896 0.000000
-0.066308 0.030336 0.162970 0.050688 0.090830 0.994576 0.000000
-0.065298 0.031983 0.162774 -0.051139 -0.071215 -0.996149 0.000000
-0.066803 0.029399 0.163092 0.045722 0.074505 0.996172 0.000000
-0.068546 0.026752 0.163157 0.002299 -0.034833 0.999391 0.000000
-0.066461 0.029767 0.163038 0.048919 0.084189 0.995248 0.000000
-0.068320 0.032797 0.162826 0.003360 0.094008 0.995566 0.000000
-0.067798 0.033124 0.162793 0.000816 0.073410 0.997302 0.000000
-0.070314 0.025872 0.163124 -0.028451 0.037579 0.998889 0.000000
-0.065908 0.030773 0.162897 -0.051692 -0.086706 -0.994892 0.000000
-0.068601 0.032338 0.162882 0.023172 0.100041 0.994713 0.000000
-0.065659 0.031069 0.162861 -0.051284 -0.084001 -0.995145 0.000000
-0.067700 0.027980 0.163176 0.020415 0.010055 0.999741 0.000000
-0.065895 0.029851 0.162991 -0.054173 -0.085450 -0.994869 0.000000
-0.078189 0.021475 0.161957 0.287447 -0.014483 0.957687 0.000000
-0.066853 0.028125 0.163150 0.056921 0.007882 0.998348 0.000000
-0.070853 0.022728 0.163421 0.058307 0.166138 0.984377 0.000000
-0.067552 0.026659 0.163133 0.046722 -0.048719 0.997719 0.000000
-0.070767 0.023058 0.163362 0.049625 0.158054 0.986183 0.000000
-0.066578 0.028493 0.163122 0.069404 0.023649 0.997308 0.000000
-0.066901 0.027617 0.163130 0.056673 -0.023970 0.998105 0.000000
-0.067267 0.027116 0.163126 0.051210 -0.041254 0.997836 0.000000
-0.073377 0.032735 0.161170 -0.647601 0.077016 0.758078 0.000000
-0.065713 0.029548 0.163009 -0.061762 -0.076799 -0.995132 0.000000
-0.070386 0.023463 0.163291 0.040395 0.122019 0.991705 0.000000
-0.065867 0.030358 0.162936 -0.054530 -0.085341 -0.994858 0.000000
-0.077767 0.021675 0.161832 0.315348 0.002405 0.948973 0.000000
-0.067682 0.026243 0.163114 0.047644 -0.047064 0.997755 0.000000
-0.066141 0.028691 0.163076 -0.069469 -0.028626 -0.997173 0.000000
-0.073627 0.032389 0.161005 -0.630706 0.097343 0.769892 0.000000
-0.065974 0.029114 0.163043 -0.067950 -0.051491 -0.996359 0.000000
-0.068518 0.028003 0.163178 -0.001436 0.010977 0.999939 0.000000
-0.070350 0.022213 0.163463 0.111494 0.160504 0.980718 0.000000
-0.076614 0.025961 0.161444 0.133472 0.100388 0.985955 0.000000
-0.070350 0.031563 0.162880 -0.059532 0.038006 0.997503 0.000000
-0.068722 0.026436 0.163133 0.007881 -0.034994 0.999356 0.000000
-0.066692 0.032347 0.162826 0.048116 0.070327 0.996363 0.000000
-0.067251 0.027910 0.163168 0.047466 -0.014433 0.998769 0.000000
-0.067537 0.027460 0.163164 0.039613 -0.031356 0.998723 0.000000
-0.073666 0.031734 0.161066 -0.609208 0.117372 0.784276 0.000000
-0.073816 0.031458 0.161011 -0.587516 0.137331 0.797474 0.000000
-0.076314 0.025627 0.161574 -0.123522 0.088833 0.988358 0.000000
-0.066637 0.026032 0.163042 -0.046953 0.025580 -0.998570 0.000000
-0.066442 0.026567 0.163038 -0.055762 0.041454 -0.997583 0.000000
-0.066904 0.025661 0.163034 -0.040679 0.017563 -0.999018 0.000000
-0.069750 0.021705 0.163463 0.143143 0.144135 0.979150 0.000000
-0.069052 0.034271 0.162637 -0.020230 0.058698 0.998071 0.000000
-0.070056 0.020781 0.163682 0.196207 0.169301 0.965836 0.000000
-0.067296 0.028323 0.163168 0.034612 0.024913 0.999090 0.000000
-0.069445 0.022141 0.163362 -0.115964 -0.115676 -0.986495 0.000000
-0.066180 0.027471 0.163071 -0.072861 0.018628 -0.997168 0.000000
-0.068827 0.033899 0.162638 -0.042712 0.085994 0.995380 0.000000
-0.071004 0.023369 0.163315 0.032318 0.150848 0.988029 0.000000
-0.069272 0.020135 0.163628 -0.207734 -0.123503 -0.970357 0.000000
-0.067485 0.029177 0.163129 0.016570 0.068043 0.997545 0.000000
-0.066785 0.026457 0.163063 0.057733 -0.045710 0.997285 0.000000
-0.067770 0.033575 0.162794 -0.014034 0.070965 0.997380 0.000000
-0.067805 0.022678 0.163167 0.086886 0.039227 0.995446 0.000000
-0.070259 0.023183 0.163317 0.058513 0.123477 0.990621 0.000000
-0.068355 0.020543 0.163338 0.188787 0.081967 0.978591 0.000000
-0.066148 0.029698 0.163011 -0.055219 -0.082865 -0.995030 0.000000
-0.067102 0.028534 0.163156 0.039098 0.036852 0.998556 0.000000
-0.067016 0.034878 0.162630 -0.027908 -0.112197 -0.993294 0.000000
-0.072948 0.035164 0.161385 -0.610829 0.237520 0.755296 0.000000
-0.072836 0.035614 0.161276 0.598291 -0.274849 -0.752666 0.000000
-0.067150 0.032769 0.162819 0.028478 0.068955 0.997213 0.000000
-0.073628 0.027652 0.162497 -0.369204 0.213356 0.904526 0.000000
-0.066508 0.027738 0.163112 -0.068104 0.013370 -0.997589 0.000000
-0.066252 0.028062 0.163101 -0.079128 0.001175 -0.996864 0.000000
-0.073422 0.022066 0.163435 -0.253901 0.279481 0.925972 0.000000
-0.073045 0.024881 0.163015 -0.128714 0.105852 0.986016 0.000000
-0.066041 0.032999 0.162742 0.045442 0.066421 0.996756 0.000000
-0.067382 0.025865 0.163076 0.045152 -0.024217 0.998687 0.000000
-0.071888 0.028030 0.162961 -0.137581 0.095346 0.985891 0.000000
-0.066511 0.029227 0.163078 0.054643 0.067130 0.996247 0.000000
-0.066857 0.029739 0.163063 0.041959 0.086985 0.995326 0.000000
-0.069792 0.033590 0.162725 0.003035 0.151900 0.988391 0.000000
-0.069508 0.035554 0.162487 -0.085398 0.202150 0.975624 0.000000
-0.069642 0.033973 0.162671 -0.003634 0.101093 0.994870 0.000000
-0.069051 0.035317 0.162568 -0.033792 0.183926 0.982359 0.000000
-0.070447 0.023724 0.163252 0.029896 0.105359 0.993985 0.000000
-0.068925 0.031385 0.162967 -0.005791 0.072475 0.997353 0.000000
-0.068294 0.032431 0.162824 0.013591 0.093693 0.995508 0.000000
-0.068141 0.026050 0.163109 0.037539 -0.036941 0.998612 0.000000
-0.068298 0.025717 0.163103 0.038877 -0.024071 0.998954 0.000000
-0.067859 0.029168 0.163125 0.006277 0.073410 0.997282 0.000000
-0.069301 0.024494 0.163166 0.038768 0.055160 0.997725 0.000000
-0.067152 0.034151 0.162707 -0.024557 -0.090172 -0.995623 0.000000
-0.067389 0.022753 0.163115 0.083828 0.039418 0.995700 0.000000
-0.066480 0.028982 0.163083 0.054944 0.056608 0.996883 0.000000
-0.068112 0.030825 0.163006 0.020572 0.073887 0.997054 0.000000
-0.077901 0.032114 0.162077 0.391765 0.050003 0.918705 0.000000
-0.075995 0.027582 0.161197 -0.206299 0.374436 0.904013 0.000000
-0.076821 0.025790 0.161468 0.183786 0.065115 0.980807 0.000000
-0.076691 0.022483 0.161385 0.005700 -0.058929 0.998246 0.000000
-0.076268 0.019722 0.161401 0.188646 -0.099256 -0.977016 0.000000
-0.080573 0.020794 0.162433 0.155221 -0.006528 0.987858 0.000000
-0.082358 0.027274 0.162349 -0.022354 0.021931 0.999510 0.000000
-0.079846 0.021215 0.162226 0.193005 -0.021025 0.980972 0.000000
-0.079291 0.020780 0.162154 0.202783 0.006599 0.979202 0.000000
-0.077234 0.030973 0.161874 0.585683 0.055238 0.808656 0.000000
-0.077981 0.024411 0.162006 0.229586 -0.011182 0.973224 0.000000
-0.076537 0.035085 0.160275 -0.642366 0.051603 -0.764659 0.000000
-0.078095 0.027457 0.162110 0.273128 -0.030881 0.961482 0.000000
-0.076053 0.035172 0.159921 -0.426675 0.026475 -0.904017 0.000000
-0.076485 0.034701 0.160217 0.625540 -0.039827 0.779175 0.000000
-0.076450 0.032677 0.160307 0.679287 0.086236 0.728788 0.000000
-0.079781 0.027853 0.162282 0.064571 -0.033501 0.997351 0.000000
-0.076375 0.035005 0.160094 0.596356 -0.036358 0.801896 0.000000
-0.076653 0.034279 0.160543 0.711306 0.026580 0.702380 0.000000
-0.077005 0.034405 0.160922 0.814222 -0.018559 0.580257 0.000000
-0.076416 0.032016 0.160474 0.739483 0.208973 0.639918 0.000000
-0.076875 0.028438 0.161260 0.695105 0.061514 0.716271 0.000000
-0.079368 0.026982 0.162272 0.096954 -0.012101 0.995215 0.000000
-0.080139 0.023700 0.162397 0.108561 -0.002870 0.994086 0.000000
-0.068450 0.034280 0.162694 -0.038071 0.077809 0.996241 0.000000
-0.070751 0.030344 0.162946 -0.094710 0.044034 0.994531 0.000000
-0.067389 0.022753 0.163115 0.083828 0.039418 0.995700 0.000000
-0.079374 0.032969 0.162376 0.113722 0.015197 0.993396 0.000000
-0.081632 0.021826 0.162433 0.001382 -0.018303 -0.999832 0.000000
-0.076392 0.028619 0.160752 0.377868 0.260363 0.888497 0.000000
-0.067808 0.034250 0.162733 -0.009867 0.094797 0.995448 0.000000
-0.073036 0.031043 0.161656 -0.657937 0.159238 0.736045 0.000000
-0.068232 0.031686 0.162928 0.019812 0.087396 0.995977 0.000000
-0.067488 0.025544 0.163050 0.040683 -0.011758 0.999103 0.000000
-0.082825 0.027796 0.162354 -0.016547 0.016701 0.999724 0.000000
-0.072475 0.027686 0.162890 -0.190584 0.122709 0.973971 0.000000
-0.067074 0.022529 0.163111 -0.088210 -0.032590 -0.995569 0.000000
-0.067432 0.031484 0.162921 0.034535 0.072761 0.996751 0.000000
-0.070229 0.030253 0.163002 -0.080898 0.066448 0.994505 0.000000
-0.074639 0.023927 0.162571 -0.597179 0.074527 0.798638 0.000000
-0.072238 0.029308 0.162728 -0.334931 0.151756 0.929942 0.000000
-0.074488 0.022430 0.162954 -0.652014 0.105401 0.750845 0.000000
-0.073514 0.029138 0.162087 -0.487538 0.372839 0.789492 0.000000
-0.079227 0.032458 0.162340 0.135977 -0.000698 0.990712 0.000000
-0.079185 0.031743 0.162365 0.111314 -0.000261 0.993785 0.000000
-0.077733 0.026053 0.161976 0.331558 -0.007515 0.943405 0.000000
-0.070165 0.026315 0.163117 -0.041290 0.018665 0.998973 0.000000
-0.068542 0.022407 0.163247 0.098228 0.067437 0.992876 0.000000
-0.079291 0.020780 0.162154 0.202783 0.006599 0.979202 0.000000
-0.071292 0.030112 0.162880 -0.165085 0.028330 0.985872 0.000000
-0.069048 0.036115 0.162382 0.066289 -0.213152 -0.974768 0.000000
-0.072238 0.020683 0.164019 0.002263 0.241087 0.970501 0.000000
-0.074369 0.028095 0.162089 -0.455304 0.264961 0.849996 0.000000
-0.076151 0.030586 0.160543 0.574806 0.064412 0.815751 0.000000
-0.081377 0.034125 0.162422 -0.012910 -0.053651 -0.998476 0.000000
-0.082134 0.022232 0.162412 0.034635 0.007746 -0.999370 0.000000
-0.079846 0.021215 0.162226 0.193005 -0.021025 0.980972 0.000000
-0.066180 0.027471 0.163071 -0.072861 0.018628 -0.997168 0.000000
-0.067454 0.028821 0.163151 0.024312 0.049403 0.998483 0.000000
-0.076412 0.030387 0.160745 0.647173 0.035341 0.761523 0.000000
-0.074402 0.022130 0.163048 -0.661309 0.132514 0.738316 0.000000
-0.079061 0.026905 0.162242 0.116671 -0.016822 0.993028 0.000000
-0.081395 0.027023 0.162404 0.017381 0.031239 0.999361 0.000000
-0.076450 0.032677 0.160307 0.679287 0.086236 0.728788 0.000000
-0.068093 0.023841 0.163129 0.056692 0.045863 0.997338 0.000000
-0.081175 0.024928 0.162463 0.038868 0.017490 0.999091 0.000000
-0.080673 0.033843 0.162411 0.030024 0.052983 0.998144 0.000000
-0.067219 0.029408 0.163095 0.033322 0.076780 0.996491 0.000000
-0.074650 0.031672 0.160361 -0.452468 0.131261 0.882068 0.000000
-0.071166 0.034342 0.162397 -0.297666 0.208598 0.931602 0.000000
-0.069828 0.024203 0.163183 0.036641 0.075119 0.996501 0.000000
-0.073048 0.035722 0.160804 0.619888 -0.262584 -0.739452 0.000000
-0.074314 0.035037 0.160362 -0.582314 0.117755 0.804390 0.000000
-0.068925 0.031385 0.162967 -0.005791 0.072475 0.997353 0.000000
-0.081643 0.028495 0.162416 -0.020789 -0.020137 0.999581 0.000000
-0.067278 0.031125 0.162943 0.036322 0.079476 0.996175 0.000000
-0.069101 0.029021 0.163142 -0.007975 0.067137 0.997712 0.000000
-0.070997 0.031095 0.162890 -0.113649 0.048589 0.992332 0.000000
-0.074156 0.028083 0.162229 -0.441288 0.249581 0.861959 0.000000
-0.069896 0.022153 0.163417 0.117081 0.134941 0.983912 0.000000
-0.074603 0.034370 0.160142 -0.488639 0.114599 0.864927 0.000000
-0.070553 0.032638 0.162816 -0.127658 0.108145 0.985905 0.000000
-0.074909 0.029241 0.161171 -0.634845 0.370072 0.678246 0.000000
-0.080470 0.026103 0.162389 0.089208 0.017598 0.995858 0.000000
-0.078337 0.029173 0.162245 0.195570 -0.020648 0.980472 0.000000
-0.071558 0.032736 0.162549 -0.445182 0.119369 0.887448 0.000000
-0.082872 0.024714 0.162451 -0.039123 0.011945 0.999163 0.000000
-0.077940 0.024091 0.161979 0.236304 -0.004944 0.971667 0.000000
-0.079014 0.023564 0.162254 0.199032 -0.009556 0.979946 0.000000
-0.074198 0.019845 0.163467 0.732917 0.190930 -0.652977 0.000000
-0.078433 0.029793 0.162274 0.173790 0.003801 0.984775 0.000000
-0.081175 0.024928 0.162463 0.038868 0.017490 0.999091 0.000000
-0.080572 0.030836 0.162444 0.044709 0.004161 0.998991 0.000000
-0.072707 0.033156 0.161715 -0.627857 0.044163 0.777075 0.000000
-0.068520 0.024816 0.163112 0.047054 0.027876 0.998503 0.000000
-0.067966 0.035332 0.162600 0.006511 -0.145746 -0.989301 0.000000
-0.077519 0.033919 0.161745 0.694749 0.053339 0.717272 0.000000
-0.069582 0.022483 0.163340 0.105155 0.111409 0.988196 0.000000
-0.069131 0.032952 0.162825 0.024281 0.130600 0.991138 0.000000
-0.075547 0.034350 0.159789 -0.074127 -0.116227 -0.990453 0.000000
-0.067389 0.022753 0.163115 0.083828 0.039418 0.995700 0.000000
-0.071830 0.030364 0.162786 -0.330562 0.048456 0.942539 0.000000
-0.074772 0.024316 0.162480 -0.606704 0.049379 0.793393 0.000000
-0.071004 0.023369 0.163315 0.032318 0.150848 0.988029 0.000000
-0.076537 0.035085 0.160275 -0.642366 0.051603 -0.764659 0.000000
-0.066041 0.032999 0.162742 0.045442 0.066421 0.996756 0.000000
-0.074198 0.019845 0.163467 0.732917 0.190930 -0.652977 0.000000
-0.078130 0.035486 0.162131 -0.406871 -0.064337 -0.911217 0.000000
-0.071372 0.033276 0.162565 -0.371376 0.147000 0.916772 0.000000
-0.072019 0.032172 0.162358 -0.580827 0.168935 0.796305 0.000000
-0.076745 0.031722 0.161170 0.791845 0.147735 0.592583 0.000000
-0.074823 0.031925 0.160348 -0.376871 0.134995 0.916376 0.000000
-0.079421 0.019542 0.162235 -0.205282 -0.017271 -0.978550 0.000000
-0.078342 0.026057 0.162119 0.203112 -0.028211 0.978749 0.000000
-0.075325 0.028509 0.161076 -0.615007 0.439238 0.654856 0.000000
-0.081395 0.027023 0.162404 0.017381 0.031239 0.999361 0.000000
-0.072754 0.023813 0.163238 -0.059312 0.168699 0.983882 0.000000
-0.076074 0.030080 0.160522 0.243016 0.140022 0.959863 0.000000
-0.075411 0.025300 0.161933 -0.490730 0.028747 0.870837 0.000000
-0.072508 0.035737 0.161519 0.556258 -0.252803 -0.791624 0.000000
-0.078018 0.021818 0.161934 0.305348 -0.026749 0.951865 0.000000
-0.075620 0.021668 0.161923 -0.647602 -0.057400 0.759813 0.000000
-0.071965 0.034590 0.162047 -0.432878 0.163118 0.886571 0.000000
-0.070835 0.029505 0.162978 -0.129008 0.055667 0.990080 0.000000
-0.080106 0.022806 0.162378 0.105107 -0.009003 0.994420 0.000000
-0.082296 0.028325 0.162366 -0.032407 -0.005006 0.999462 0.000000
-0.074970 0.031394 0.160310 -0.216727 0.169030 0.961487 0.000000
-0.073240 0.023413 0.163263 -0.182769 0.158744 0.970256 0.000000
-0.072028 0.023521 0.163314 0.004728 0.180223 0.983614 0.000000
-0.075865 0.031192 0.160448 0.257331 0.290654 0.921575 0.000000
-0.068676 0.021460 0.163330 0.161085 0.080235 0.983674 0.000000
-0.076485 0.034701 0.160217 0.625540 -0.039827 0.779175 0.000000
-0.075262 0.029211 0.160723 0.612893 -0.306618 -0.728250 0.000000
-0.069273 0.035817 0.162475 0.073919 -0.223606 -0.971873 0.000000
-0.071720 0.022737 0.163479 0.043691 0.193275 0.980171 0.000000
-0.080139 0.023700 0.162397 0.108561 -0.002870 0.994086 0.000000
-0.079863 0.033628 0.162379 0.059405 0.042902 0.997312 0.000000
-0.077295 0.031337 0.161881 0.593540 0.071802 0.801595 0.000000
-0.081911 0.029744 0.162413 -0.030969 -0.017515 0.999367 0.000000
-0.069750 0.021705 0.163463 0.143143 0.144135 0.979150 0.000000
-0.080148 0.031100 0.162417 0.050396 0.003408 0.998723 0.000000
-0.081395 0.027023 0.162404 0.017381 0.031239 0.999361 0.000000
-0.080189 0.023227 0.162399 0.099740 -0.020345 0.994806 0.000000
-0.077778 0.033982 0.161909 0.542978 0.070925 0.836746 0.000000
-0.073269 0.033856 0.161250 -0.637588 0.031079 0.769750 0.000000
-0.067443 0.033718 0.162751 0.014217 0.069376 0.997489 0.000000
-0.081029 0.027978 0.162357 0.026468 -0.010541 0.999594 0.000000
-0.070242 0.021907 0.163510 0.117961 0.157776 0.980404 0.000000
-0.074337 0.020812 0.163614 -0.645094 0.111153 0.755975 0.000000
-0.073878 0.027327 0.162510 -0.403222 0.201166 0.892717 0.000000
-0.077519 0.033919 0.161745 0.694749 0.053339 0.717272 0.000000
-0.067869 0.024214 0.163102 0.049474 0.041625 0.997908 0.000000
-0.067738 0.021139 0.163211 -0.142589 -0.049946 -0.988521 0.000000
-0.079582 0.021068 0.162230 0.197602 -0.012811 0.980199 0.000000
-0.075537 0.022146 0.161979 -0.615197 0.028417 0.787861 0.000000
-0.071907 0.024227 0.163221 -0.016569 0.128119 0.991620 0.000000
-0.076752 0.024305 0.161625 0.128008 0.023820 0.991487 0.000000
-0.080985 0.023921 0.162477 0.057187 -0.005922 0.998346 0.000000
-0.075329 0.020928 0.162006 0.727581 0.144733 -0.670580 0.000000
-0.067750 0.035015 0.162607 -0.001017 -0.130922 -0.991392 0.000000
-0.069582 0.022483 0.163340 0.105155 0.111409 0.988196 0.000000
-0.073860 0.024107 0.163032 -0.336900 0.128527 0.932727 0.000000
-0.073242 0.030766 0.161486 -0.627960 0.197361 0.752805 0.000000
-0.076258 0.029643 0.160620 -0.326545 0.004390 -0.945171 0.000000
-0.078895 0.028262 0.162286 0.110867 -0.038508 0.993089 0.000000
-0.074903 0.025979 0.162181 -0.559447 0.140944 0.816795 0.000000
-0.081214 0.022172 0.162450 0.014906 0.023712 0.999608 0.000000
-0.072428 0.030313 0.162476 -0.537044 0.148577 0.830366 0.000000
-0.080129 0.022189 0.162364 0.121778 -0.029180 0.992128 0.000000
-0.070705 0.033840 0.162639 -0.186951 0.183830 0.965016 0.000000
-0.070365 0.031073 0.162899 -0.063233 0.061969 0.996073 0.000000
-0.072475 0.027686 0.162890 -0.190584 0.122709 0.973971 0.000000
-0.074146 0.020744 0.163722 -0.612289 0.035405 0.789841 0.000000
-0.074337 0.020812 0.163614 -0.645094 0.111153 0.755975 0.000000
-0.079581 0.032239 0.162385 0.087697 -0.012201 0.996072 0.000000
-0.070448 0.033659 0.162707 -0.131175 0.154790 0.979200 0.000000
-0.067749 0.032065 0.162889 0.023455 0.087577 0.995882 0.000000
-0.074554 0.023273 0.162766 -0.615273 0.127834 0.777880 0.000000
-0.071145 0.025579 0.163128 -0.039894 0.069731 0.996768 0.000000
-0.073770 0.028783 0.162100 -0.434579 0.389488 0.812059 0.000000
-0.068461 0.027549 0.163179 -0.001770 -0.013894 0.999902 0.000000
-0.070817 0.031943 0.162826 -0.114003 0.064153 0.991407 0.000000
-0.067343 0.024646 0.163075 0.040062 0.025891 0.998862 0.000000
-0.070657 0.023465 0.163296 0.026504 0.127447 0.991491 0.000000
-0.069835 0.034379 0.162663 -0.080978 0.120053 0.989459 0.000000
-0.074642 0.022931 0.162713 -0.650450 0.113824 0.750972 0.000000
-0.076875 0.028438 0.161260 0.695105 0.061514 0.716271 0.000000
-0.072707 0.033156 0.161715 -0.627857 0.044163 0.777075 0.000000
-0.081307 0.030343 0.162455 -0.012155 -0.018756 0.999750 0.000000
-0.068996 0.020353 0.163524 -0.210181 -0.118563 -0.970447 0.000000
-0.077295 0.031337 0.161881 0.593540 0.071802 0.801595 0.000000
-0.071701 0.034496 0.162194 -0.376516 0.196106 0.905416 0.000000
-0.068781 0.034771 0.162656 -0.009475 0.090510 0.995850 0.000000
-0.079023 0.020185 0.162145 0.196956 0.013934 0.980313 0.000000
-0.075865 0.031192 0.160448 0.257331 0.290654 0.921575 0.000000
-0.079203 0.030619 0.162355 0.110768 -0.001882 0.993844 0.000000
-0.078266 0.032977 0.162199 0.299878 0.029355 0.953526 0.000000
-0.072005 0.031038 0.162639 -0.487107 0.119924 0.865069 0.000000
-0.074043 0.019849 0.163695 -0.593577 -0.156216 0.789470 0.000000
-0.067331 0.033388 0.162785 0.020771 0.066078 0.997598 0.000000
-0.078825 0.025934 0.162206 0.160176 -0.029976 0.986633 0.000000
-0.079562 0.029382 0.162352 0.088927 -0.009929 0.995989 0.000000
-0.069099 0.026699 0.163153 -0.011913 -0.023823 0.999645 0.000000
-0.069056 0.031208 0.162977 -0.011799 0.071287 0.997386 0.000000
-0.078222 0.032335 0.162176 0.307938 0.001784 0.951405 0.000000
-0.071225 0.032300 0.162798 -0.267854 0.158863 0.950272 0.000000
-0.074255 0.033786 0.160474 -0.567346 0.036544 0.822668 0.000000
-0.072382 0.025069 0.163106 -0.062410 0.097281 0.993298 0.000000
-0.074685 0.024578 0.162510 -0.581110 0.049863 0.812296 0.000000
-0.069974 0.027233 0.163128 -0.069315 -0.003826 0.997588 0.000000
-0.074967 0.023802 0.162246 -0.636560 0.057565 0.769076 0.000000
-0.069110 0.021784 0.163366 0.129390 0.107652 0.985733 0.000000
-0.073876 0.021638 0.163559 -0.403320 0.326566 0.854803 0.000000
-0.076833 0.021310 0.161532 0.184231 0.007083 0.982858 0.000000
-0.078895 0.028262 0.162286 0.110867 -0.038508 0.993089 0.000000
-0.068374 0.035700 0.162502 0.016596 -0.180869 -0.983367 0.000000
-0.082786 0.023196 0.162418 0.039873 0.036834 -0.998526 0.000000
-0.069750 0.021705 0.163463 0.143143 0.144135 0.979150 0.000000
-0.079623 0.024475 0.162295 0.146364 0.030313 0.988766 0.000000
-0.071377 0.028515 0.162963 -0.133536 0.077779 0.987987 0.000000
-0.071922 0.021254 0.163832 0.043249 0.291650 0.955547 0.000000
-0.071558 0.031656 0.162785 -0.350789 0.127883 0.927681 0.000000
-0.067019 0.029039 0.163124 0.041481 0.060440 0.997310 0.000000
-0.074989 0.021805 0.162511 -0.689128 0.065348 0.721687 0.000000
-0.074909 0.029241 0.161171 -0.634845 0.370072 0.678246 0.000000
-0.074737 0.030150 0.160644 -0.483878 0.355384 0.799727 0.000000
-0.068508 0.022007 0.163265 0.118377 0.062883 0.990976 0.000000
-0.069669 0.021215 0.163524 0.171491 0.157830 0.972461 0.000000
-0.074466 0.020892 0.163369 0.758456 -0.107467 -0.642803 0.000000
-0.081471 0.031117 0.162489 0.000674 -0.013920 0.999903 0.000000
-0.069502 0.031272 0.162959 -0.034818 0.053442 0.997964 0.000000
-0.075846 0.031534 0.160184 0.090564 0.285075 0.954217 0.000000
-0.082083 0.030787 0.162424 0.023251 0.025927 -0.999393 0.000000
-0.069110 0.021784 0.163366 0.129390 0.107652 0.985733 0.000000
-0.069508 0.035554 0.162487 -0.085398 0.202150 0.975624 0.000000
-0.072859 0.035352 0.161391 -0.612456 0.253121 0.748884 0.000000
-0.068180 0.022213 0.163218 0.106484 0.052969 0.992903 0.000000
-0.073106 0.027282 0.162809 -0.260105 0.161689 0.951947 0.000000
-0.074688 0.026290 0.162329 -0.542092 0.172738 0.822374 0.000000
-0.079421 0.019542 0.162235 -0.205282 -0.017271 -0.978550 0.000000
-0.079697 0.034440 0.162359 0.061117 0.051963 0.996777 0.000000
-0.069198 0.020653 0.163532 0.203853 0.123773 0.971146 0.000000
-0.080201 0.033424 0.162436 0.048402 0.046733 0.997734 0.000000
-0.074426 0.029062 0.161586 -0.472382 0.443789 0.761516 0.000000
-0.077142 0.028126 0.161631 0.596037 0.006415 0.802931 0.000000
-0.072617 0.027257 0.162917 -0.182566 0.112139 0.976778 0.000000
-0.075382 0.021873 0.162123 -0.657497 -0.003617 0.753449 0.000000
-0.072213 0.033442 0.162076 -0.567096 0.068945 0.820761 0.000000
-0.082038 0.028201 0.162378 -0.023401 -0.006858 0.999703 0.000000
-0.076722 0.027480 0.161330 0.432985 0.134065 0.891376 0.000000
-0.074478 0.019729 0.162985 0.821931 0.205893 -0.531072 0.000000
-0.081254 0.021916 0.162418 0.026393 0.022522 0.999398 0.000000
-0.074985 0.021548 0.162526 0.740773 -0.012755 -0.671634 0.000000
-0.077734 0.029794 0.162101 0.366066 0.014213 0.930480 0.000000
-0.083847 0.024731 0.162385 0.038169 -0.017582 -0.999117 0.000000
-0.082935 0.028438 0.162360 0.018431 0.008113 -0.999797 0.000000
-0.067750 0.035015 0.162607 -0.001017 -0.130922 -0.991392 0.000000
-0.071481 0.030482 0.162869 -0.202738 0.039824 0.978423 0.000000
-0.076140 0.022515 0.161585 -0.344925 -0.013986 0.938526 0.000000
-0.072710 0.021777 0.163691 -0.067646 0.267400 0.961208 0.000000
-0.075020 0.024592 0.162164 -0.602996 0.016678 0.797570 0.000000
-0.077070 0.029696 0.161702 0.668162 -0.005894 0.743993 0.000000
-0.069264 0.026988 0.163157 -0.027386 -0.016832 0.999483 0.000000
-0.075188 0.027025 0.161781 -0.500392 0.199749 0.842442 0.000000
-0.073419 0.034970 0.160975 -0.610103 0.231277 0.757817 0.000000
-0.082962 0.027093 0.162393 -0.016903 0.024529 0.999556 0.000000
-0.065713 0.029548 0.163009 -0.061762 -0.076799 -0.995132 0.000000
-0.073782 0.029639 0.161603 -0.491653 0.419546 0.763059 0.000000
-0.067803 0.031612 0.162922 0.024242 0.081510 0.996378 0.000000
-0.067995 0.020771 0.163252 0.176781 0.072414 0.981583 0.000000
-0.074156 0.028083 0.162229 -0.441288 0.249581 0.861959 0.000000
-0.077099 0.029177 0.161712 0.653897 -0.025998 0.756136 0.000000
-0.072897 0.032171 0.161646 -0.642936 0.092500 0.760314 0.000000
-0.084067 0.025776 0.162387 0.037819 -0.020522 -0.999074 0.000000
-0.072513 0.023619 0.163293 -0.039527 0.170771 0.984518 0.000000
-0.068067 0.027353 0.163183 0.018184 -0.025357 0.999513 0.000000
-0.071951 0.030853 0.162683 -0.457209 0.096674 0.884089 0.000000
-0.080766 0.031929 0.162424 0.035847 -0.006390 0.999337 0.000000
-0.074461 0.020285 0.163285 0.813529 0.130198 -0.566762 0.000000
-0.079771 0.029019 0.162366 0.078948 -0.024267 0.996583 0.000000
-0.070968 0.020717 0.163905 0.166276 0.222517 0.960645 0.000000
-0.072686 0.032251 0.161783 -0.637729 0.091594 0.764795 0.000000
-0.067805 0.022678 0.163167 0.086886 0.039227 0.995446 0.000000
-0.078828 0.022422 0.162140 0.222967 -0.048931 0.973597 0.000000
-0.076614 0.025961 0.161444 0.133472 0.100388 0.985955 0.000000
-0.082734 0.024234 0.162432 -0.040597 -0.005336 0.999161 0.000000
-0.079344 0.034983 0.162272 0.094755 0.039422 0.994720 0.000000
-0.080201 0.033424 0.162436 0.048402 0.046733 0.997734 0.000000
-0.076092 0.021940 0.161598 -0.404232 -0.015543 0.914524 0.000000
-0.073454 0.024344 0.163101 -0.198169 0.134672 0.970872 0.000000
-0.078805 0.032080 0.162308 0.170058 -0.007474 0.985406 0.000000
-0.076822 0.030634 0.161374 0.772532 0.024562 0.634500 0.000000
-0.069896 0.022153 0.163417 0.117081 0.134941 0.983912 0.000000
-0.071372 0.033276 0.162565 -0.371376 0.147000 0.916772 0.000000
-0.075088 0.019937 0.162074 0.759647 0.075451 -0.645944 0.000000
-0.077893 0.021054 0.161877 0.284346 -0.008454 0.958684 0.000000
-0.082243 0.025278 0.162464 -0.030303 0.013728 0.999446 0.000000
-0.068600 0.023379 0.163201 0.070226 0.057710 0.995860 0.000000
-0.071666 0.033629 0.162407 -0.403026 0.150925 0.902658 0.000000
-0.068568 0.020279 0.163414 -0.196505 -0.092864 -0.976095 0.000000
-0.070103 0.033905 0.162686 -0.064333 0.139972 0.988063 0.000000
-0.070350 0.022213 0.163463 0.111494 0.160504 0.980718 0.000000
-0.080401 0.021771 0.162425 0.122703 -0.015260 0.992326 0.000000
-0.076861 0.027076 0.161473 0.366785 0.066977 0.927892 0.000000
-0.069516 0.027343 0.163163 -0.044359 -0.017898 0.998855 0.000000
-0.068232 0.031686 0.162928 0.019812 0.087396 0.995977 0.000000
-0.079254 0.031271 0.162365 0.103484 -0.005231 0.994617 0.000000
-0.082607 0.029963 0.162416 0.035896 0.021147 -0.999132 0.000000
-0.074701 0.025877 0.162388 -0.547219 0.127684 0.827193 0.000000
-0.071929 0.025323 0.163105 -0.045296 0.081047 0.995680 0.000000
-0.070577 0.027044 0.163081 -0.076827 0.021790 0.996806 0.000000
-0.074537 0.021123 0.163079 0.821257 -0.081642 -0.564687 0.000000
-0.081612 0.024032 0.162490 -0.005180 -0.007882 0.999956 0.000000
