-0.036058 0.065330 0.392902 0.798483 -0.317131 -0.511715 2.000000
-0.040567 0.062270 0.398952 -0.048288 -0.971861 -0.230553 2.000000
-0.043917 0.061492 0.399229 0.559283 -0.828945 0.007277 2.000000
-0.045419 0.056027 0.400324 0.607116 -0.389196 0.692774 2.000000
-0.042273 0.060839 0.403312 0.226968 -0.933469 -0.277706 2.000000
-0.039483 0.061162 0.402014 -0.155758 -0.966733 -0.202898 2.000000
-0.040940 0.063198 0.392248 -0.145133 0.965291 0.217141 2.000000
-0.042069 0.061140 0.395562 -0.482014 -0.636143 0.602482 2.000000
-0.042257 0.063207 0.394859 -0.211430 -0.977386 0.003745 2.000000
-0.034990 0.056491 0.397671 0.941906 -0.312576 -0.122921 2.000000
-0.036240 0.060725 0.392774 0.806293 -0.387441 -0.446969 2.000000
-0.040550 0.060795 0.403994 0.028872 -0.985565 -0.166819 2.000000
-0.039931 0.058534 0.395886 0.683795 0.379403 -0.623280 2.000000
-0.048075 0.062982 0.393617 -0.266855 -0.503956 0.821472 2.000000
-0.035480 0.059743 0.395392 0.824171 -0.388619 -0.411968 2.000000
-0.045840 0.060349 0.393513 -0.405648 -0.327029 0.853523 2.000000
-0.035996 0.060604 0.400884 -0.057755 -0.977577 -0.202502 2.000000
-0.041101 0.063323 0.392187 -0.062941 0.952615 0.297595 2.000000
-0.033738 0.066647 0.395067 0.674724 -0.427441 -0.601700 2.000000
-0.037119 0.065774 0.390600 0.692178 -0.226766 -0.685176 2.000000
-0.040855 0.060499 0.405927 -0.364805 0.912973 0.182749 2.000000
-0.041200 0.055049 0.392219 0.186996 -0.970048 -0.155044 2.000000
-0.037265 0.063475 0.394575 0.040670 -0.958737 -0.281371 2.000000
-0.037493 0.055307 0.395730 0.498342 -0.084720 -0.862831 2.000000
-0.040598 0.063023 0.394918 0.109958 -0.993799 -0.016529 2.000000
-0.035804 0.063568 0.390973 0.843675 -0.374552 -0.384609 2.000000
-0.036067 0.063236 0.395213 0.335048 -0.813427 -0.475478 2.000000
-0.044851 0.058713 0.393385 -0.415554 -0.266882 0.869534 2.000000
-0.039460 0.061064 0.402257 -0.162837 -0.967759 -0.192162 2.000000
-0.040304 0.058789 0.396961 0.566726 0.252872 0.784141 2.000000
-0.041201 0.054735 0.394644 0.548745 0.504939 -0.666270 2.000000
-0.036137 0.059196 0.394268 0.817977 -0.442167 -0.367969 2.000000
-0.039871 0.058989 0.396250 0.801422 0.434488 -0.411026 2.000000
-0.037915 0.062347 0.397494 0.026371 -0.915948 -0.400429 2.000000
-0.038152 0.062203 0.397810 -0.003433 -0.947792 -0.318872 2.000000
-0.046559 0.061429 0.393475 -0.391097 -0.269452 0.880022 2.000000
-0.040813 0.060643 0.405046 0.239268 -0.958809 -0.153089 2.000000
-0.041599 0.055549 0.394571 -0.644958 -0.231148 0.728423 2.000000
-0.039641 0.061738 0.399978 -0.245438 -0.929112 -0.276606 2.000000
-0.040516 0.054373 0.397265 -0.651060 0.246256 -0.717969 2.000000
-0.036021 0.064373 0.389097 0.846520 -0.491919 -0.203519 2.000000
-0.045110 0.055211 0.399558 -0.559333 0.337980 -0.756912 2.000000
-0.042537 0.061338 0.401267 0.112695 -0.882673 -0.456277 2.000000
-0.040304 0.060567 0.406547 -0.286430 0.952400 0.104368 2.000000
-0.035126 0.065418 0.394004 0.827869 -0.295747 -0.476620 2.000000
-0.037926 0.062100 0.398171 -0.028651 -0.947004 -0.319942 2.000000
-0.041922 0.062938 0.393700 -0.189899 -0.970937 -0.145671 2.000000
-0.039635 0.063125 0.394758 0.285734 -0.945082 -0.158667 2.000000
-0.038524 0.063950 0.392927 0.119307 -0.961255 -0.248503 2.000000
-0.037495 0.056425 0.399266 -0.268505 0.863194 -0.427553 2.000000
-0.040510 0.063669 0.391694 0.180533 -0.918410 -0.352039 2.000000
-0.038969 0.060928 0.402652 -0.148247 -0.975120 -0.164814 2.000000
-0.039625 0.063822 0.391984 0.275256 -0.944873 -0.177338 2.000000
-0.042278 0.059639 0.394447 -0.577078 -0.295956 0.761177 2.000000
-0.035295 0.060963 0.394372 0.836093 -0.388809 -0.387009 2.000000
-0.042163 0.060767 0.395289 -0.488516 -0.553294 0.674699 2.000000
-0.037348 0.058901 0.392803 0.728371 -0.497911 -0.470702 2.000000
-0.035094 0.056093 0.396862 -0.680812 0.186340 0.708359 2.000000
-0.039153 0.062937 0.396269 -0.008933 -0.939271 -0.343061 2.000000
-0.037503 0.061245 0.400356 -0.355309 -0.887572 -0.293208 2.000000
-0.035997 0.062010 0.398081 0.105104 -0.847475 -0.520327 2.000000
-0.044787 0.060652 0.401328 0.763904 -0.555700 -0.328099 2.000000
-0.040813 0.060958 0.403223 0.042055 -0.962817 -0.266862 2.000000
-0.037170 0.061088 0.390729 0.807774 -0.447640 -0.383561 2.000000
-0.039159 0.064138 0.390633 -0.100265 0.912858 0.395774 2.000000
-0.045659 0.062141 0.394308 -0.396410 -0.392721 0.829837 2.000000
-0.046756 0.064360 0.394638 0.281680 0.163591 -0.945460 2.000000
-0.035496 0.063681 0.395348 0.522140 -0.685661 -0.507188 2.000000
-0.037066 0.056270 0.395884 -0.487278 0.210073 0.847602 2.000000
-0.038123 0.061979 0.398567 -0.084907 -0.945821 -0.313390 2.000000
-0.039513 0.061236 0.401649 -0.159180 -0.948517 -0.273821 2.000000
-0.047162 0.063817 0.394496 -0.290604 -0.490677 0.821453 2.000000
-0.037766 0.064129 0.391608 0.333281 -0.898468 -0.285796 2.000000
-0.041239 0.057922 0.388833 0.536669 -0.633273 -0.557631 2.000000
-0.041053 0.062093 0.399619 0.014288 -0.974499 -0.223935 2.000000
-0.037990 0.063186 0.387952 -0.554889 0.721215 0.414665 2.000000
-0.035357 0.058062 0.396644 0.712299 -0.199474 -0.672934 2.000000
-0.038943 0.060933 0.402871 -0.146075 -0.977727 -0.150703 2.000000
-0.034246 0.064415 0.393354 0.833686 -0.340473 -0.434795 2.000000
-0.043029 0.061730 0.400034 0.196200 -0.974352 -0.110203 2.000000
-0.036410 0.064202 0.387477 0.780530 -0.581464 -0.229507 2.000000
-0.040147 0.061346 0.401655 -0.161788 -0.946107 -0.280546 2.000000
-0.034264 0.066519 0.391477 0.872608 -0.314783 -0.373453 2.000000
-0.038343 0.063579 0.394074 0.057866 -0.977531 -0.202693 2.000000
-0.041215 0.060873 0.403593 0.119089 -0.955454 -0.270049 2.000000
-0.040377 0.062629 0.397455 -0.005662 -0.970348 -0.241645 2.000000
-0.037377 0.065164 0.390669 0.585803 -0.524843 -0.617555 2.000000
-0.036323 0.063693 0.394583 0.363610 -0.813903 -0.453155 2.000000
-0.040731 0.062393 0.398602 0.014062 -0.973180 -0.229614 2.000000
-0.036967 0.063335 0.394803 0.096142 -0.938435 -0.331807 2.000000
-0.041158 0.060788 0.396105 0.588533 0.724809 -0.358163 2.000000
-0.043351 0.060693 0.402518 -0.347668 0.820330 0.454076 2.000000
-0.044574 0.054659 0.399107 -0.553820 0.169071 -0.815290 2.000000
-0.045622 0.063838 0.395200 0.338925 0.362109 -0.868336 2.000000
-0.037364 0.061936 0.398497 -0.174304 -0.893243 -0.414409 2.000000
-0.036122 0.056035 0.396244 -0.505676 0.104928 0.856319 2.000000
-0.042257 0.062174 0.398813 0.088145 -0.952511 -0.291468 2.000000
-0.036565 0.061117 0.391868 0.792092 -0.423948 -0.439156 2.000000
-0.036722 0.060456 0.402738 0.229025 0.958740 0.168418 2.000000
-0.038293 0.062732 0.396670 0.068383 -0.893465 -0.443897 2.000000
-0.037923 0.063151 0.388416 0.587382 -0.648619 -0.484020 2.000000
-0.035222 0.063520 0.395813 0.548829 -0.649701 -0.526000 2.000000
-0.039834 0.055350 0.396677 0.928986 -0.028253 0.369034 2.000000
-0.035428 0.063096 0.396135 0.402041 -0.774939 -0.487681 2.000000
-0.041817 0.054651 0.397734 -0.380533 0.032713 -0.924188 2.000000
-0.043471 0.063662 0.394000 0.259461 0.900837 0.348099 2.000000
-0.036513 0.065216 0.391626 0.790831 -0.457622 -0.406409 2.000000
-0.038138 0.062569 0.397040 0.062151 -0.906501 -0.417603 2.000000
-0.039857 0.060730 0.405140 0.124743 -0.991636 0.033117 2.000000
-0.042186 0.058343 0.394500 -0.667152 -0.103451 0.737703 2.000000
-0.042275 0.061299 0.396188 0.667784 0.739896 0.081353 2.000000
-0.034647 0.063930 0.396079 0.675635 -0.496375 -0.545095 2.000000
-0.035909 0.062130 0.397651 0.109054 -0.871783 -0.477601 2.000000
-0.039826 0.061260 0.401920 -0.168836 -0.960359 -0.221824 2.000000
-0.044481 0.057081 0.393012 -0.453546 -0.288420 0.843273 2.000000
-0.035585 0.065896 0.388207 0.905401 -0.350250 -0.239945 2.000000
-0.039819 0.055084 0.396572 0.872164 0.077985 0.482959 2.000000
-0.035900 0.061426 0.398842 0.077433 -0.815122 -0.574090 2.000000
-0.034017 0.067031 0.391714 0.895845 -0.324969 -0.303078 2.000000
-0.042525 0.062587 0.396504 0.616110 -0.697706 -0.365532 2.000000
-0.040588 0.055620 0.392434 0.319081 -0.910680 -0.262393 2.000000
-0.041929 0.056445 0.397941 0.542877 -0.116974 0.831626 2.000000
-0.037408 0.060671 0.402771 -0.211680 -0.963403 -0.164455 2.000000
-0.040364 0.059871 0.396658 0.695402 0.613209 0.374688 2.000000
-0.041870 0.061510 0.401652 0.175510 -0.901545 -0.395491 2.000000
-0.041528 0.055158 0.394451 -0.672134 -0.257864 0.694076 2.000000
-0.039924 0.061268 0.401649 -0.167608 -0.946787 -0.274777 2.000000
-0.040696 0.063454 0.391958 0.217918 -0.924558 -0.312576 2.000000
-0.037741 0.063907 0.393186 0.085471 -0.944069 -0.318478 2.000000
-0.037397 0.062620 0.396946 -0.040640 -0.897818 -0.438488 2.000000
-0.043901 0.057198 0.399578 0.666631 -0.165682 0.726741 2.000000
-0.046611 0.063876 0.394678 0.336420 0.444027 -0.830459 2.000000
-0.036145 0.065605 0.392508 0.865116 -0.298267 -0.403251 2.000000
-0.036230 0.065311 0.392630 0.840817 -0.346188 -0.416151 2.000000
-0.035982 0.063765 0.394740 0.489849 -0.724584 -0.484795 2.000000
-0.038313 0.060904 0.402365 -0.161272 -0.964893 -0.207298 2.000000
-0.038988 0.060813 0.403673 -0.086868 -0.994471 -0.059000 2.000000
-0.040908 0.062316 0.398928 0.047383 -0.978007 -0.203119 2.000000
-0.036366 0.064272 0.392961 0.645910 -0.592639 -0.481227 2.000000
-0.037175 0.064487 0.391620 0.514431 -0.768175 -0.381140 2.000000
-0.036534 0.062184 0.397543 -0.029212 -0.900807 -0.433236 2.000000
-0.045843 0.061101 0.393818 -0.412917 -0.298977 0.860298 2.000000
-0.041545 0.063043 0.394914 -0.153431 -0.984033 0.090215 2.000000
-0.048252 0.062586 0.393300 0.295438 0.413346 -0.861314 2.000000
-0.045812 0.059160 0.392986 0.394408 0.285300 -0.873525 2.000000
-0.033509 0.066831 0.393302 0.930585 -0.366074 0.001195 2.000000
-0.043308 0.061674 0.400965 0.129419 -0.931519 -0.339886 2.000000
-0.035259 0.062069 0.398155 0.214329 -0.843523 -0.492476 2.000000
-0.036454 0.062575 0.396847 0.013748 -0.886480 -0.462562 2.000000
-0.036454 0.064054 0.393247 0.523686 -0.719041 -0.456874 2.000000
-0.040692 0.059478 0.396885 -0.656535 -0.462872 -0.595577 2.000000
-0.045352 0.063247 0.395073 -0.321606 -0.394675 0.860698 2.000000
-0.043547 0.061163 0.401727 0.209794 -0.820527 -0.531716 2.000000
-0.035787 0.066259 0.392425 0.852974 -0.247622 -0.459476 2.000000
-0.039265 0.058712 0.396521 0.795112 0.327431 -0.510476 2.000000
-0.036539 0.060699 0.400251 -0.183254 -0.948092 -0.259883 2.000000
-0.035280 0.064280 0.391339 0.834316 -0.390682 -0.388954 2.000000
-0.035804 0.060720 0.400067 0.009084 -0.951644 -0.307070 2.000000
-0.042337 0.061098 0.401886 0.192011 -0.887660 -0.418559 2.000000
-0.040160 0.057966 0.395535 -0.618147 -0.150845 0.771453 2.000000
-0.035468 0.064428 0.390786 0.836710 -0.422986 -0.347849 2.000000
-0.040325 0.054670 0.397137 -0.690490 0.093774 -0.717237 2.000000
-0.038895 0.061288 0.388023 0.684934 -0.290683 -0.668108 2.000000
-0.032348 0.063735 0.395778 0.920912 -0.271225 0.279925 2.000000
-0.044230 0.055351 0.400562 -0.464508 0.455850 -0.759232 2.000000
-0.035849 0.067447 0.392302 0.793309 -0.021897 -0.608426 2.000000
-0.035385 0.061069 0.399771 0.181696 -0.880690 -0.437461 2.000000
-0.036645 0.060558 0.402157 -0.250410 -0.953991 -0.164915 2.000000
-0.040309 0.058914 0.395821 0.730753 0.319583 -0.603213 2.000000
-0.041089 0.057162 0.397392 0.579534 0.011316 0.814869 2.000000
-0.035805 0.059844 0.394237 0.839503 -0.403981 -0.363366 2.000000
-0.039365 0.064016 0.390728 -0.045453 0.926370 0.373862 2.000000
-0.035531 0.058769 0.395922 0.781427 -0.347448 -0.518316 2.000000
-0.036353 0.063573 0.389478 0.775109 -0.550332 -0.310389 2.000000
-0.044698 0.060185 0.393960 -0.376826 -0.352551 0.856569 2.000000
-0.040241 0.060017 0.396509 0.824832 0.548434 -0.137379 2.000000
-0.034412 0.063536 0.396698 0.659388 -0.475529 -0.582305 2.000000
-0.042270 0.063102 0.393677 0.282107 0.953920 0.102241 2.000000
-0.041353 0.055500 0.391794 0.131537 -0.976745 -0.169312 2.000000
-0.041770 0.060571 0.404125 0.288854 -0.899548 -0.327683 2.000000
-0.041386 0.062994 0.395807 -0.093901 -0.981936 -0.164270 2.000000
-0.035484 0.059367 0.395641 0.813764 -0.369323 -0.448764 2.000000
-0.034998 0.066926 0.393224 0.741183 -0.236675 -0.628198 2.000000
-0.042576 0.057620 0.394015 -0.495584 -0.094508 0.863403 2.000000
-0.040961 0.061469 0.401749 -0.078647 -0.945425 -0.316207 2.000000
-0.036621 0.062619 0.390050 0.793638 -0.421722 -0.438507 2.000000
-0.041381 0.054939 0.394191 -0.669723 -0.247162 0.700272 2.000000
-0.040236 0.064060 0.391028 -0.007456 0.891150 0.453647 2.000000
-0.034080 0.061922 0.395745 0.937515 -0.238496 -0.253346 2.000000
-0.040182 0.056147 0.396890 0.804645 0.091044 0.586735 2.000000
-0.041385 0.062870 0.393782 0.024876 -0.987709 -0.154312 2.000000
-0.039892 0.061941 0.399796 -0.239264 -0.934712 -0.262805 2.000000
-0.040293 0.055225 0.397104 0.747530 -0.009224 0.664164 2.000000
-0.034439 0.060314 0.396780 0.744135 -0.315073 -0.589060 2.000000
-0.046463 0.059170 0.392801 0.366627 0.293920 -0.882721 2.000000
-0.034435 0.066830 0.394196 0.656316 -0.479963 -0.582138 2.000000
-0.035294 0.064376 0.394694 0.709670 -0.517495 -0.478088 2.000000
-0.035455 0.057586 0.396725 -0.692080 0.069479 0.718469 2.000000
-0.040309 0.060990 0.403144 -0.033937 -0.966963 -0.252647 2.000000
-0.037125 0.060768 0.400623 -0.340062 -0.917139 -0.207877 2.000000
-0.044647 0.056556 0.392647 0.489977 0.301741 -0.817848 2.000000
-0.042247 0.063236 0.393224 0.319012 0.900774 0.294683 2.000000
-0.040766 0.060462 0.396321 0.625705 0.744402 -0.233148 2.000000
-0.038243 0.062310 0.397631 0.026520 -0.931568 -0.362598 2.000000
-0.042960 0.061438 0.395286 -0.478786 -0.539599 0.692529 2.000000
-0.034870 0.056578 0.396956 0.743599 -0.099162 -0.661232 2.000000
-0.039530 0.063919 0.391458 0.119905 -0.952762 -0.279046 2.000000
-0.047354 0.064262 0.394656 -0.297580 -0.329188 0.896148 2.000000
-0.037155 0.062773 0.396589 -0.058102 -0.896315 -0.439595 2.000000
-0.042213 0.056019 0.398063 0.505818 -0.182678 0.843076 2.000000
-0.034949 0.065013 0.394868 0.764913 -0.350705 -0.540291 2.000000
-0.042597 0.054762 0.398085 0.442430 -0.049312 0.895446 2.000000
-0.035351 0.063909 0.391715 0.835924 -0.379534 -0.396465 2.000000
-0.035442 0.066019 0.388473 0.906915 -0.338550 -0.250779 2.000000
-0.035195 0.055875 0.397481 0.876022 -0.410305 -0.253448 2.000000
-0.043610 0.061466 0.397653 0.857719 -0.472662 0.202257 2.000000
-0.041182 0.062663 0.397037 -0.037057 -0.960374 -0.276239 2.000000
-0.040368 0.062811 0.396343 0.044732 -0.981435 -0.186505 2.000000
-0.037834 0.061552 0.399903 -0.277719 -0.912623 -0.299985 2.000000
-0.041816 0.057838 0.394619 -0.568226 -0.189144 0.800839 2.000000
-0.037372 0.062863 0.396369 -0.046600 -0.909922 -0.412153 2.000000
-0.040691 0.059920 0.395741 0.685412 0.422624 -0.592958 2.000000
-0.035085 0.064608 0.394899 0.721400 -0.446996 -0.528939 2.000000
-0.038986 0.063642 0.393676 0.134358 -0.963351 -0.232172 2.000000
-0.040223 0.055729 0.396041 0.945185 -0.051850 -0.322391 2.000000
-0.045612 0.062691 0.394438 -0.419491 -0.466281 0.778851 2.000000
-0.036516 0.065010 0.392064 0.780409 -0.502759 -0.371745 2.000000
-0.043849 0.058998 0.393952 -0.229705 -0.253917 0.939554 2.000000
-0.039510 0.063763 0.392885 0.304114 -0.939275 -0.158991 2.000000
-0.039375 0.063556 0.393628 0.222273 -0.936506 -0.271202 2.000000
-0.038416 0.062141 0.397819 -0.002132 -0.949977 -0.312313 2.000000
-0.039095 0.055710 0.394013 0.732088 -0.346593 -0.586447 2.000000
-0.036107 0.062951 0.396273 0.122636 -0.894949 -0.428984 2.000000
-0.036874 0.059056 0.404012 0.756361 -0.250412 0.604328 2.000000
-0.040543 0.063308 0.392916 0.326511 -0.936983 -0.124313 2.000000
-0.044113 0.060876 0.394550 -0.391787 -0.339199 0.855247 2.000000
-0.034924 0.058113 0.397138 0.720416 -0.118183 -0.683398 2.000000
-0.034189 0.062453 0.394972 0.768277 -0.445193 -0.459950 2.000000
-0.034305 0.066865 0.391002 0.874020 -0.323638 -0.362419 2.000000
-0.037867 0.063341 0.395348 -0.065029 -0.945358 -0.319484 2.000000
-0.047957 0.062222 0.393206 0.300753 0.363975 -0.881515 2.000000
-0.040763 0.062981 0.395940 -0.013542 -0.987970 -0.154052 2.000000
-0.041909 0.063189 0.395424 -0.038174 -0.980641 -0.192056 2.000000
-0.040372 0.063344 0.392211 0.290404 -0.939622 -0.181040 2.000000
-0.038273 0.058535 0.402605 0.596566 -0.567578 -0.567418 2.000000
-0.036978 0.055316 0.395941 0.448544 -0.067149 -0.891235 2.000000
-0.043370 0.062276 0.395619 -0.613466 -0.235214 0.753880 2.000000
-0.043309 0.063430 0.395293 0.006622 -0.867663 -0.497109 2.000000
-0.041238 0.062550 0.397590 0.010652 -0.958712 -0.284181 2.000000
-0.036960 0.061471 0.398982 -0.229855 -0.844061 -0.484488 2.000000
-0.035915 0.065786 0.392858 0.849518 -0.281612 -0.446109 2.000000
-0.042232 0.062107 0.399050 0.102181 -0.955999 -0.275001 2.000000
-0.037166 0.062582 0.396915 -0.059154 -0.886571 -0.458795 2.000000
-0.033065 0.059810 0.397944 0.724609 -0.420668 -0.545875 2.000000
-0.033431 0.059843 0.397658 0.721701 -0.356390 -0.593408 2.000000
-0.032298 0.066810 0.393869 0.931221 0.011344 -0.364280 2.000000
-0.043347 0.054606 0.398483 -0.465740 0.027807 -0.884485 2.000000
-0.041559 0.062615 0.397124 0.020582 -0.959854 -0.279745 2.000000
-0.035570 0.067018 0.393033 0.822665 -0.130280 -0.553399 2.000000
-0.036253 0.064455 0.387754 0.834876 -0.514651 -0.195235 2.000000
-0.040459 0.060723 0.404261 0.055883 -0.988336 -0.141662 2.000000
-0.037428 0.061009 0.400741 -0.365242 -0.906708 -0.210899 2.000000
-0.043273 0.056130 0.393438 -0.497879 -0.267787 0.824868 2.000000
-0.044756 0.060662 0.401007 0.852605 -0.492103 -0.175784 2.000000
-0.047563 0.062325 0.393377 -0.303659 -0.376600 0.875193 2.000000
-0.040555 0.060653 0.405610 0.290248 -0.945122 -0.150005 2.000000
-0.035785 0.064440 0.393645 0.753452 -0.465925 -0.463923 2.000000
-0.036756 0.065748 0.391039 0.772651 -0.168755 -0.611990 2.000000
-0.043582 0.063568 0.394975 -0.093307 -0.874728 -0.475547 2.000000
-0.038936 0.063931 0.392354 0.191524 -0.976613 -0.097700 2.000000
-0.038571 0.064149 0.391180 0.226249 -0.928197 -0.295402 2.000000
-0.035577 0.063367 0.395705 0.434736 -0.734069 -0.521678 2.000000
-0.039781 0.063578 0.393079 0.332275 -0.934990 -0.124040 2.000000
-0.045378 0.059603 0.393420 -0.402491 -0.310346 0.861212 2.000000
-0.034284 0.064822 0.395609 0.713569 -0.410473 -0.567742 2.000000
-0.035604 0.064106 0.394655 0.638376 -0.632335 -0.438895 2.000000
-0.033964 0.066335 0.392282 0.891761 -0.288523 -0.348593 2.000000
-0.034493 0.062434 0.397700 0.367950 -0.787382 -0.494613 2.000000
-0.040165 0.063359 0.392926 0.379230 -0.919745 -0.101258 2.000000
-0.037991 0.060994 0.401563 -0.214789 -0.954921 -0.204920 2.000000
-0.034170 0.062817 0.397648 0.456509 -0.732868 -0.504484 2.000000
-0.043819 0.061067 0.401863 0.399604 -0.752672 -0.523261 2.000000
-0.033550 0.062760 0.395619 0.812709 -0.515038 0.272470 2.000000
-0.041179 0.060798 0.403938 0.148394 -0.960129 -0.236921 2.000000
-0.046046 0.063730 0.395064 0.394115 0.412096 -0.821493 2.000000
-0.042606 0.059104 0.397837 0.516788 0.286717 0.806674 2.000000
-0.040185 0.062343 0.398544 -0.106425 -0.962994 -0.247622 2.000000
-0.039931 0.058850 0.396060 0.748382 0.409644 -0.521648 2.000000
-0.040876 0.060567 0.405658 0.327334 -0.931992 -0.155701 2.000000
-0.033945 0.063323 0.397345 0.586634 -0.566415 -0.578823 2.000000
-0.042737 0.060145 0.397401 -0.681794 -0.426325 -0.594477 2.000000
-0.035157 0.058417 0.396665 0.739287 -0.261223 -0.620659 2.000000
-0.039080 0.056043 0.393560 0.695515 -0.400397 -0.596607 2.000000
-0.040129 0.062995 0.395293 0.204151 -0.976072 -0.074870 2.000000
-0.035321 0.066192 0.388721 0.906635 -0.337113 -0.253707 2.000000
-0.037491 0.054816 0.395711 0.513635 -0.021714 -0.857734 2.000000
-0.034095 0.060110 0.397193 0.694319 -0.282275 -0.661999 2.000000
-0.038928 0.060813 0.403935 -0.075345 -0.996997 -0.017900 2.000000
-0.034861 0.062537 0.397460 0.353587 -0.810233 -0.467438 2.000000
-0.034990 0.063804 0.395799 0.644472 -0.539967 -0.541379 2.000000
-0.043030 0.053874 0.398255 -0.461986 0.021682 -0.886622 2.000000
-0.036579 0.054662 0.396140 0.510796 -0.113649 -0.852157 2.000000
-0.038768 0.056641 0.393366 0.694383 -0.415849 -0.587284 2.000000
-0.044101 0.060001 0.394155 -0.327435 -0.396593 0.857613 2.000000
-0.039044 0.059377 0.388785 0.674547 -0.550292 -0.492102 2.000000
-0.042225 0.055845 0.389987 0.033551 0.883048 0.468082 2.000000
-0.040730 0.055193 0.392397 0.237415 -0.941313 -0.239923 2.000000
-0.044297 0.061187 0.394530 -0.424219 -0.309187 0.851141 2.000000
-0.035495 0.063692 0.391475 0.836514 -0.376815 -0.397813 2.000000
-0.040133 0.057036 0.396840 0.802015 -0.062567 0.594018 2.000000
-0.042378 0.061247 0.401552 0.187095 -0.874122 -0.448225 2.000000
-0.038665 0.059125 0.404329 -0.284232 0.464310 -0.838826 2.000000
-0.042139 0.056899 0.398316 0.596215 -0.106768 0.795694 2.000000
-0.039008 0.061545 0.400260 -0.172844 -0.950769 -0.257221 2.000000
-0.039324 0.060918 0.405917 -0.107421 0.992139 0.064192 2.000000
-0.034961 0.063198 0.396183 0.520268 -0.645762 -0.558850 2.000000
-0.036757 0.058577 0.393914 0.764440 -0.498662 -0.408616 2.000000
-0.035798 0.058266 0.395909 0.732775 -0.389079 -0.558263 2.000000
-0.034223 0.065799 0.392121 0.856179 -0.345324 -0.384330 2.000000
-0.041520 0.054811 0.393889 -0.606222 -0.745999 0.275645 2.000000
-0.037248 0.064670 0.391313 0.545889 -0.684945 -0.482552 2.000000
-0.038360 0.060811 0.402873 -0.171605 -0.972669 -0.156420 2.000000
-0.042661 0.063353 0.394955 -0.167994 -0.965619 -0.198389 2.000000
-0.042367 0.058921 0.394195 -0.647673 -0.123236 0.751886 2.000000
-0.037308 0.060723 0.402394 -0.215325 -0.958003 -0.189381 2.000000
-0.037876 0.062968 0.396221 0.018072 -0.904011 -0.427128 2.000000
-0.039817 0.057438 0.396483 0.953050 -0.301848 0.024156 2.000000
-0.039253 0.063542 0.394209 0.236146 -0.945473 -0.224310 2.000000
-0.038032 0.054795 0.395354 0.639603 -0.068273 -0.765667 2.000000
-0.043917 0.061501 0.398682 0.686352 -0.725076 0.056441 2.000000
-0.043981 0.060788 0.401987 0.529762 -0.628712 -0.569275 2.000000
-0.043853 0.061035 0.394748 -0.406971 -0.357938 0.840390 2.000000
-0.043849 0.059741 0.402668 0.548833 -0.644482 -0.532376 2.000000
-0.036078 0.060523 0.393152 0.816388 -0.371958 -0.441766 2.000000
-0.042271 0.061402 0.395880 0.513167 0.616523 -0.597125 2.000000
-0.043004 0.060958 0.395027 -0.344516 -0.458945 0.818949 2.000000
-0.035407 0.062609 0.397022 0.227609 -0.839808 -0.492866 2.000000
-0.040292 0.061197 0.402517 -0.088653 -0.962956 -0.254669 2.000000
-0.035619 0.061087 0.399224 0.127789 -0.853967 -0.504392 2.000000
-0.035774 0.063393 0.395328 0.428572 -0.764627 -0.481324 2.000000
-0.040127 0.062134 0.399290 -0.182933 -0.940533 -0.286241 2.000000
-0.044047 0.061416 0.400352 0.469695 -0.874709 -0.119461 2.000000
-0.037491 0.063253 0.395343 -0.065138 -0.950576 -0.303582 2.000000
-0.042583 0.059815 0.404517 -0.489950 0.777540 0.394183 2.000000
-0.044809 0.061264 0.394193 -0.400439 -0.297430 0.866709 2.000000
-0.043890 0.061855 0.395013 -0.467755 -0.387606 0.794334 2.000000
-0.034247 0.062068 0.398617 0.292224 -0.782634 -0.549627 2.000000
-0.039142 0.060835 0.404799 0.047101 -0.998085 0.040102 2.000000
-0.033824 0.065169 0.396159 0.693207 -0.404444 -0.596564 2.000000
-0.043705 0.062225 0.395358 -0.506800 -0.269447 0.818872 2.000000
-0.033484 0.063135 0.395309 0.720394 -0.395815 -0.569529 2.000000
-0.033778 0.065147 0.393562 0.792536 -0.370092 -0.484685 2.000000
-0.042415 0.061692 0.400932 0.088831 -0.941818 -0.324172 2.000000
-0.036100 0.062652 0.396789 0.080351 -0.875892 -0.475770 2.000000
-0.037378 0.061554 0.389587 0.821522 -0.366188 -0.437044 2.000000
-0.043751 0.062718 0.395496 -0.381649 0.099653 0.918920 2.000000
-0.039937 0.062958 0.396128 0.050907 -0.978470 -0.200012 2.000000
-0.034275 0.064276 0.396178 0.687180 -0.457842 -0.564060 2.000000
-0.037633 0.063401 0.394848 -0.043926 -0.969238 -0.242175 2.000000
-0.039168 0.062212 0.397694 -0.206065 -0.931990 -0.298213 2.000000
-0.038696 0.062870 0.396088 0.000728 -0.901986 -0.431765 2.000000
-0.039649 0.063743 0.392742 0.338290 -0.934422 -0.111428 2.000000
-0.039231 0.062014 0.398899 -0.205517 -0.933545 -0.293695 2.000000
-0.045200 0.061560 0.394187 -0.398860 -0.311917 0.862333 2.000000
-0.041200 0.063137 0.393147 0.060171 -0.962991 -0.262731 2.000000
-0.046216 0.063783 0.394895 0.367711 0.425808 -0.826727 2.000000
-0.040098 0.059625 0.396567 0.805689 0.556740 0.202252 2.000000
-0.040813 0.062723 0.396628 -0.011996 -0.970408 -0.241174 2.000000
-0.040754 0.058280 0.395336 -0.487724 -0.228743 0.842498 2.000000
-0.034964 0.065526 0.394565 0.803096 -0.330762 -0.495614 2.000000
-0.035555 0.062893 0.392080 0.834395 -0.361224 -0.416296 2.000000
-0.042579 0.062151 0.398842 0.112377 -0.944173 -0.309692 2.000000
-0.042760 0.062395 0.397039 0.677344 -0.698537 -0.230762 2.000000
-0.043935 0.056674 0.399440 0.693306 -0.265230 0.670059 2.000000
-0.034132 0.064159 0.396506 0.658190 -0.472419 -0.586179 2.000000
-0.036659 0.062633 0.396741 -0.012454 -0.890579 -0.454657 2.000000
-0.039165 0.063948 0.391560 0.177968 -0.962185 -0.206222 2.000000
-0.037946 0.062800 0.396773 0.036580 -0.896944 -0.440629 2.000000
-0.041810 0.060246 0.395018 -0.549006 -0.400117 0.733825 2.000000
-0.041485 0.054363 0.397613 -0.387259 0.028859 -0.921519 2.000000
-0.041464 0.060756 0.403860 0.143427 -0.951936 -0.270641 2.000000
-0.041280 0.061660 0.401135 -0.000521 -0.933581 -0.358367 2.000000
-0.045027 0.060764 0.394058 -0.392333 -0.316069 0.863814 2.000000
-0.047628 0.061837 0.393127 -0.319116 -0.316533 0.893293 2.000000
-0.037705 0.060260 0.390606 0.822542 -0.444276 -0.355027 2.000000
-0.035704 0.062942 0.396385 0.216519 -0.849187 -0.481664 2.000000
-0.042027 0.053923 0.397759 -0.387650 0.009712 -0.921756 2.000000
-0.042479 0.060088 0.404583 -0.508011 0.774006 0.377940 2.000000
-0.035950 0.063751 0.390450 0.846374 -0.412338 -0.337089 2.000000
-0.038421 0.060781 0.404149 -0.087186 -0.994301 0.061353 2.000000
-0.042057 0.059979 0.394798 -0.526087 -0.342429 0.778443 2.000000
-0.037097 0.063125 0.395751 -0.038243 -0.944482 -0.326329 2.000000
-0.035994 0.064495 0.393283 0.729138 -0.436386 -0.527186 2.000000
-0.033694 0.067326 0.394719 0.546731 -0.768339 -0.332777 2.000000
-0.034623 0.061128 0.395578 0.802910 -0.434870 -0.407705 2.000000
-0.034195 0.063575 0.396808 0.649791 -0.483152 -0.586801 2.000000
-0.043303 0.057519 0.401688 0.933289 0.136288 -0.332262 2.000000
-0.038423 0.062902 0.388019 0.616230 -0.559736 -0.554036 2.000000
-0.038630 0.060843 0.404763 -0.023079 -0.998942 0.039775 2.000000
-0.036566 0.060615 0.401703 -0.227773 -0.965884 -0.123240 2.000000
-0.040856 0.054045 0.397316 -0.503524 0.010872 -0.863913 2.000000
-0.038556 0.060894 0.402691 -0.170661 -0.973295 -0.153534 2.000000
-0.039242 0.063252 0.395556 0.153676 -0.950628 -0.269609 2.000000
-0.037322 0.056640 0.395525 -0.580788 0.359181 0.730530 2.000000
-0.036132 0.063711 0.390079 0.829099 -0.443759 -0.340107 2.000000
-0.039056 0.063460 0.394871 0.185731 -0.966909 -0.174902 2.000000
-0.039747 0.058407 0.389339 0.653759 -0.598293 -0.463297 2.000000
-0.042997 0.055378 0.393355 0.501719 0.307529 -0.808520 2.000000
-0.040858 0.062891 0.393892 0.196550 -0.963437 -0.182088 2.000000
-0.041425 0.062012 0.400241 0.092192 -0.966061 -0.241304 2.000000
-0.042290 0.063198 0.395820 0.023569 -0.960576 -0.277016 2.000000
-0.041200 0.056656 0.394829 -0.578215 -0.048763 0.814426 2.000000
-0.042714 0.061524 0.396282 0.884750 0.458925 0.081270 2.000000
-0.040937 0.060447 0.396028 0.579631 0.744159 -0.332047 2.000000
-0.035793 0.063658 0.395055 0.487324 -0.732053 -0.476039 2.000000
-0.045609 0.061823 0.394133 -0.391447 -0.321039 0.862382 2.000000
-0.034511 0.064502 0.392855 0.878688 -0.316793 -0.357142 2.000000
-0.039954 0.063987 0.391099 -0.048519 0.905089 0.422445 2.000000
-0.032908 0.067122 0.393661 0.933825 -0.304888 0.187121 2.000000
-0.033862 0.063722 0.394446 0.761156 -0.339161 -0.552822 2.000000
-0.040071 0.063352 0.393896 0.329466 -0.902367 -0.277823 2.000000
-0.040062 0.062930 0.395508 0.123785 -0.986962 -0.102875 2.000000
-0.037876 0.055241 0.395472 0.603779 -0.128508 -0.786725 2.000000
-0.043690 0.053832 0.398678 -0.471233 0.018411 -0.881817 2.000000
-0.033870 0.062915 0.395093 0.781102 -0.426425 -0.456116 2.000000
-0.042832 0.062278 0.396512 0.956337 -0.282349 -0.075493 2.000000
-0.040012 0.059277 0.396743 0.825427 0.541099 0.160881 2.000000
-0.042389 0.056827 0.394052 -0.526280 -0.123049 0.841361 2.000000
-0.036587 0.060953 0.399853 -0.228858 -0.907076 -0.353322 2.000000
-0.041803 0.061863 0.400677 0.103306 -0.955590 -0.276000 2.000000
-0.039024 0.063911 0.392935 0.180454 -0.957386 -0.225496 2.000000
-0.036815 0.060736 0.400894 -0.280946 -0.950042 -0.135975 2.000000
-0.040343 0.059619 0.396047 0.739889 0.412746 -0.531229 2.000000
-0.042668 0.057295 0.398615 0.602598 -0.056160 0.796066 2.000000
-0.039408 0.062033 0.399175 -0.224633 -0.920208 -0.320558 2.000000
-0.039292 0.060152 0.406736 -0.234468 0.972122 -0.001601 2.000000
-0.033663 0.064533 0.394311 0.774801 -0.381966 -0.503770 2.000000
-0.041055 0.061585 0.401399 -0.062785 -0.941871 -0.330057 2.000000
-0.034678 0.056723 0.397220 0.786847 -0.083337 -0.611495 2.000000
-0.035811 0.058950 0.395464 0.795186 -0.389924 -0.464368 2.000000
-0.039800 0.062362 0.398391 -0.186893 -0.946109 -0.264476 2.000000
-0.042016 0.060528 0.404046 0.301428 -0.880109 -0.366811 2.000000
-0.044301 0.058736 0.400741 0.985147 0.129645 -0.112599 2.000000
-0.038115 0.064252 0.391122 0.312529 -0.864409 -0.393856 2.000000
-0.041121 0.060631 0.396258 0.600551 0.717937 -0.352002 2.000000
-0.041264 0.060967 0.403086 0.103379 -0.952228 -0.287356 2.000000
-0.043706 0.054794 0.398653 0.467197 -0.073285 0.881111 2.000000
-0.045136 0.058979 0.393302 0.423496 0.270282 -0.864638 2.000000
-0.044468 0.063847 0.394930 -0.096919 -0.659601 -0.745341 2.000000
-0.047957 0.064603 0.394658 -0.232460 -0.375820 0.897063 2.000000
-0.035605 0.065291 0.388943 0.888957 -0.391656 -0.237403 2.000000
-0.037739 0.060865 0.389785 0.825840 -0.431516 -0.363019 2.000000
-0.041669 0.061165 0.402407 0.184551 -0.916497 -0.354929 2.000000
-0.034330 0.065276 0.392366 0.843765 -0.369125 -0.389624 2.000000
-0.042796 0.055376 0.398228 0.451275 -0.134881 0.882133 2.000000
-0.040999 0.060359 0.396552 0.563511 0.825661 0.027192 2.000000
-0.040073 0.063153 0.394171 0.313406 -0.930561 -0.189296 2.000000
-0.046799 0.059870 0.392948 0.357844 0.324637 -0.875533 2.000000
-0.040565 0.062688 0.397261 0.027602 -0.970804 -0.238280 2.000000
-0.034346 0.062678 0.394504 0.775019 -0.439984 -0.453608 2.000000
-0.036782 0.064072 0.392905 0.391191 -0.816562 -0.424494 2.000000
-0.044624 0.056332 0.400858 0.711250 -0.447083 0.542440 2.000000
-0.036668 0.061411 0.398887 -0.155276 -0.836598 -0.525351 2.000000
-0.043145 0.061858 0.396954 0.929965 -0.342739 0.133023 2.000000
-0.041368 0.062050 0.399927 0.086539 -0.972818 -0.214794 2.000000
-0.035424 0.062107 0.398020 0.183826 -0.848991 -0.495402 2.000000
-0.034950 0.063474 0.392758 0.831208 -0.335115 -0.443612 2.000000
-0.046754 0.060362 0.393087 0.357144 0.311392 -0.880615 2.000000
-0.039566 0.063694 0.393177 0.286850 -0.943207 -0.167563 2.000000
-0.043862 0.054654 0.398762 -0.479297 0.034121 -0.876989 2.000000
-0.034226 0.058574 0.398855 0.830890 -0.529517 -0.170979 2.000000
-0.033563 0.066441 0.393565 0.775594 -0.333431 0.535983 2.000000
-0.047198 0.060801 0.393152 0.355580 0.281648 -0.891200 2.000000
-0.039949 0.059507 0.396627 0.840553 0.532605 0.099008 2.000000
-0.038616 0.062868 0.387319 0.611718 -0.576844 -0.541343 2.000000
-0.035282 0.065587 0.389604 0.893575 -0.376502 -0.244480 2.000000
-0.044505 0.057514 0.393111 -0.443757 -0.307020 0.841913 2.000000
-0.038104 0.060162 0.389644 0.772920 -0.454164 -0.443092 2.000000
-0.043611 0.054299 0.398631 -0.466522 0.028183 -0.884060 2.000000
-0.043188 0.059918 0.403898 -0.515851 0.739939 0.431726 2.000000
-0.037576 0.062721 0.396859 -0.021911 -0.895253 -0.445019 2.000000
-0.035490 0.066381 0.393386 0.781777 -0.283899 -0.555181 2.000000
-0.035391 0.055108 0.397099 0.669286 -0.223814 -0.708494 2.000000
-0.039195 0.060885 0.403306 -0.093451 -0.988182 -0.121501 2.000000
-0.034594 0.063680 0.396416 0.649615 -0.490869 -0.580558 2.000000
-0.039119 0.061851 0.399382 -0.205854 -0.930253 -0.303733 2.000000
-0.035200 0.063228 0.395978 0.472008 -0.699002 -0.537219 2.000000
-0.035493 0.056744 0.396531 -0.615840 0.070252 0.784733 2.000000
-0.035665 0.060698 0.393822 0.836813 -0.367055 -0.406220 2.000000
-0.037456 0.062387 0.397422 -0.051919 -0.904587 -0.423116 2.000000
-0.042176 0.063117 0.394584 -0.275179 -0.960958 0.028910 2.000000
-0.043615 0.057609 0.393600 -0.341839 -0.222060 0.913146 2.000000
-0.042276 0.062794 0.396794 0.283417 -0.914239 -0.289556 2.000000
-0.043856 0.061231 0.401631 0.390262 -0.797938 -0.459337 2.000000
-0.035758 0.064995 0.393526 0.772881 -0.328577 -0.542856 2.000000
-0.038743 0.061746 0.399427 -0.112312 -0.951397 -0.286757 2.000000
-0.036027 0.058005 0.395826 0.720674 -0.332633 -0.608264 2.000000
-0.035634 0.061638 0.398647 0.134233 -0.800291 -0.584394 2.000000
-0.036804 0.062216 0.390110 0.796515 -0.401578 -0.451994 2.000000
-0.041023 0.063176 0.393316 0.183740 -0.965242 -0.185871 2.000000
-0.043835 0.055402 0.392785 0.501197 0.298920 -0.812064 2.000000
-0.044991 0.060277 0.393887 -0.383722 -0.345417 0.856414 2.000000
-0.040026 0.063814 0.391579 0.128055 -0.914019 -0.384931 2.000000
-0.042648 0.054639 0.398134 0.442430 -0.049312 0.895446 2.000000
-0.034996 0.059166 0.396447 0.783387 -0.308450 -0.539596 2.000000
-0.040554 0.060519 0.406203 -0.328934 0.942655 0.056600 2.000000
-0.040779 0.060629 0.405309 0.250477 -0.957973 -0.139817 2.000000
-0.043595 0.061413 0.401339 0.228610 -0.885524 -0.404456 2.000000
-0.037731 0.060721 0.404193 0.156728 0.986499 -0.047490 2.000000
-0.033407 0.066454 0.395590 0.694619 -0.434765 -0.573135 2.000000
-0.038103 0.055660 0.395096 0.697944 -0.268528 -0.663903 2.000000
-0.035301 0.058597 0.396285 0.764045 -0.306359 -0.567784 2.000000
-0.035091 0.059852 0.395887 0.816749 -0.343023 -0.463958 2.000000
-0.035398 0.062691 0.396866 0.236147 -0.831720 -0.502470 2.000000
-0.038712 0.056305 0.393826 0.720937 -0.415709 -0.554468 2.000000
-0.040941 0.058386 0.397230 -0.539478 -0.160469 -0.826567 2.000000
-0.034445 0.066190 0.394799 0.657471 -0.460312 -0.596527 2.000000
-0.035003 0.062333 0.397725 0.272099 -0.851667 -0.447912 2.000000
-0.034307 0.067030 0.394253 0.505767 -0.772174 -0.384640 2.000000
-0.035416 0.061946 0.398298 0.201044 -0.821949 -0.532898 2.000000
-0.045401 0.057715 0.392726 0.449807 0.310304 -0.837487 2.000000
-0.034892 0.062136 0.398265 0.246492 -0.828366 -0.503042 2.000000
-0.043078 0.057883 0.387940 -0.405157 -0.415223 -0.814517 2.000000
-0.035131 0.064018 0.395301 0.651455 -0.555588 -0.516651 2.000000
-0.044596 0.058504 0.393499 -0.396079 -0.274042 0.876369 2.000000
-0.034856 0.060776 0.400475 -0.161647 0.933020 0.321470 2.000000
-0.035389 0.065754 0.389127 0.897693 -0.375304 -0.230857 2.000000
-0.044587 0.054901 0.399141 -0.572759 0.188463 -0.797765 2.000000
-0.037759 0.057031 0.394252 0.694092 -0.505915 -0.512139 2.000000
-0.047729 0.064320 0.394615 -0.232460 -0.375820 0.897063 2.000000
-0.044672 0.062632 0.395024 -0.395310 -0.419680 0.817067 2.000000
-0.037800 0.060957 0.389201 0.815135 -0.388196 -0.429952 2.000000
-0.043358 0.056644 0.393518 -0.458371 -0.208169 0.864038 2.000000
-0.037410 0.064956 0.390621 0.540837 -0.532474 -0.651128 2.000000
-0.036497 0.065845 0.391273 0.793245 -0.160899 -0.587259 2.000000
-0.034327 0.063881 0.396565 0.661581 -0.477038 -0.578572 2.000000
-0.033432 0.064453 0.394697 0.604789 -0.621385 -0.498107 2.000000
-0.034896 0.066193 0.394080 0.769735 -0.352834 -0.531993 2.000000
-0.033485 0.066915 0.395256 0.734020 -0.341513 -0.587012 2.000000
-0.038604 0.055934 0.394283 0.735812 -0.369758 -0.567327 2.000000
-0.034585 0.064798 0.395357 0.722302 -0.396110 -0.566901 2.000000
-0.038578 0.060773 0.403787 -0.104714 -0.994441 0.011020 2.000000
-0.038076 0.060748 0.404359 0.109125 0.991915 -0.064775 2.000000
-0.037716 0.060997 0.401319 -0.266936 -0.937128 -0.224802 2.000000
-0.035155 0.056290 0.396721 0.634058 -0.099732 -0.766827 2.000000
-0.040708 0.061316 0.401919 -0.123356 -0.953531 -0.274886 2.000000
-0.046686 0.061148 0.393340 -0.375380 -0.280528 0.883399 2.000000
-0.036152 0.066198 0.391949 0.891331 -0.169467 -0.420488 2.000000
-0.042128 0.061375 0.401678 0.201252 -0.890703 -0.407610 2.000000
-0.043403 0.055642 0.398590 0.499107 -0.210214 0.840656 2.000000
-0.039400 0.060797 0.405039 0.085411 -0.995161 0.048565 2.000000
-0.042176 0.059306 0.394427 -0.679840 -0.142629 0.719357 2.000000
-0.044767 0.055927 0.399609 0.587923 -0.429666 0.685371 2.000000
-0.037969 0.063730 0.393437 0.070441 -0.957287 -0.280428 2.000000
-0.037480 0.063852 0.393348 0.122854 -0.932310 -0.340154 2.000000
-0.039377 0.063301 0.394869 0.260673 -0.951321 -0.164432 2.000000
-0.037337 0.056957 0.395072 0.643397 -0.424393 -0.637126 2.000000
-0.035813 0.063124 0.391398 0.842451 -0.361688 -0.399323 2.000000
-0.039109 0.063805 0.393191 0.181010 -0.960018 -0.213542 2.000000
-0.045064 0.057702 0.392929 0.448494 0.314252 -0.836719 2.000000
-0.043884 0.058208 0.393703 -0.310262 -0.234505 0.921274 2.000000
-0.033253 0.064914 0.394443 0.666120 -0.439920 -0.602291 2.000000
-0.036027 0.058468 0.395532 0.745043 -0.427619 -0.511911 2.000000
-0.038528 0.061419 0.400498 -0.147405 -0.957403 -0.248296 2.000000
-0.035847 0.063492 0.395147 0.461197 -0.732496 -0.500747 2.000000
-0.040518 0.060196 0.396484 0.613957 0.785241 0.080336 2.000000
-0.037452 0.061440 0.399674 -0.345285 -0.878266 -0.330799 2.000000
-0.042713 0.063306 0.393916 -0.390214 -0.913905 -0.111848 2.000000
-0.033699 0.065658 0.393440 0.802922 -0.298048 -0.516220 2.000000
-0.039896 0.059244 0.396561 0.821534 0.542584 0.175172 2.000000
-0.039993 0.054759 0.396449 0.908128 -0.418329 0.017454 2.000000
-0.040948 0.054480 0.394843 0.190629 0.965304 -0.178464 2.000000
-0.035263 0.060325 0.395248 0.833158 -0.402108 -0.379681 2.000000
-0.034701 0.056740 0.397136 0.786847 -0.083337 -0.611495 2.000000
-0.034379 0.065114 0.395478 0.714756 -0.368335 -0.594520 2.000000
-0.038167 0.060832 0.404901 0.043137 0.997844 -0.049465 2.000000
-0.042540 0.054774 0.398067 0.437200 -0.055395 0.897657 2.000000
-0.035896 0.062144 0.391993 0.820659 -0.393477 -0.414361 2.000000
-0.033712 0.065325 0.396173 0.694871 -0.411813 -0.589545 2.000000
-0.036119 0.065063 0.392969 0.795735 -0.301912 -0.525029 2.000000
-0.036157 0.060417 0.402162 0.227426 0.960049 0.163043 2.000000
-0.046588 0.063131 0.394242 -0.372039 -0.493252 0.786314 2.000000
-0.033435 0.065803 0.393769 0.937859 -0.119272 -0.325875 2.000000
-0.044223 0.057643 0.399918 0.711944 -0.099248 0.695187 2.000000
-0.047322 0.062859 0.393799 -0.313056 -0.488589 0.814418 2.000000
-0.037905 0.061824 0.398934 -0.155899 -0.930041 -0.332746 2.000000
-0.041703 0.060345 0.405043 -0.420076 0.871180 0.254129 2.000000
-0.043092 0.054860 0.392952 0.482567 0.833087 -0.270360 2.000000
-0.034993 0.061243 0.394743 0.820578 -0.408769 -0.399448 2.000000
-0.037916 0.063525 0.394608 -0.050749 -0.977849 -0.203067 2.000000
-0.039514 0.061859 0.399625 -0.249419 -0.922515 -0.294544 2.000000
-0.036358 0.067699 0.391728 0.782982 0.105357 -0.613058 2.000000
-0.041789 0.062837 0.396981 0.065196 -0.964336 -0.256526 2.000000
-0.033781 0.062154 0.396036 0.997961 0.011344 0.062815 2.000000
-0.034044 0.061412 0.396632 0.998777 0.025385 -0.042425 2.000000
-0.035431 0.065220 0.393512 0.800557 -0.261783 -0.539054 2.000000
-0.042917 0.056008 0.393603 -0.480466 -0.277505 0.831952 2.000000
-0.039728 0.058910 0.388724 0.658869 -0.582200 -0.476376 2.000000
-0.034814 0.063495 0.396213 0.600439 -0.571980 -0.558848 2.000000
-0.036873 0.062065 0.397967 -0.105359 -0.883472 -0.456484 2.000000
-0.039338 0.060819 0.404695 0.069762 -0.997315 0.022284 2.000000
-0.043484 0.053605 0.398497 -0.467042 0.018219 -0.884047 2.000000
-0.043032 0.057751 0.393756 -0.428827 -0.106057 0.897140 2.000000
-0.041928 0.055578 0.390844 -0.005465 0.993782 0.111214 2.000000
-0.039717 0.063486 0.393562 0.316389 -0.922917 -0.219370 2.000000
-0.037321 0.062497 0.397165 -0.074273 -0.891977 -0.445938 2.000000
-0.044638 0.060970 0.394290 -0.411515 -0.295710 0.862097 2.000000
-0.037893 0.060301 0.390054 0.816521 -0.431928 -0.383056 2.000000
-0.033773 0.064383 0.394590 0.761293 0.071377 0.644467 2.000000
-0.041839 0.059033 0.395014 -0.665575 -0.131934 0.734577 2.000000
-0.037545 0.060678 0.403870 0.191323 0.981527 -0.000540 2.000000
-0.046390 0.062083 0.393841 -0.412053 -0.349831 0.841326 2.000000
-0.043022 0.062999 0.395901 -0.446639 0.456401 0.769553 2.000000
-0.033534 0.065376 0.396343 0.686536 -0.412109 -0.599028 2.000000
-0.035175 0.065940 0.389680 0.894545 -0.367636 -0.254228 2.000000
-0.047343 0.061389 0.393244 -0.346267 -0.273041 0.897523 2.000000
-0.041585 0.054868 0.392020 0.110626 -0.984697 -0.134658 2.000000
-0.036422 0.060695 0.400896 -0.166595 -0.971827 -0.166727 2.000000
-0.037599 0.064388 0.391274 0.417623 -0.820237 -0.390900 2.000000
-0.033901 0.059683 0.397422 0.693484 -0.322953 -0.644035 2.000000
-0.044057 0.057032 0.393227 -0.447152 -0.264234 0.854538 2.000000
-0.035882 0.064455 0.389699 0.862233 -0.450596 -0.231340 2.000000
-0.041195 0.060384 0.405852 -0.369311 0.913711 0.169532 2.000000
-0.034992 0.064236 0.392052 0.839933 -0.377967 -0.389429 2.000000
-0.039887 0.060920 0.403168 -0.068148 -0.976214 -0.205823 2.000000
-0.034797 0.056891 0.397050 0.786847 -0.083337 -0.611495 2.000000
-0.033998 0.065162 0.395961 0.699974 -0.416344 -0.580253 2.000000
-0.042046 0.060808 0.403521 0.217268 -0.932246 -0.289330 2.000000
-0.044622 0.060073 0.401297 0.889584 -0.273394 -0.365919 2.000000
-0.040497 0.063346 0.393412 0.300721 -0.926216 -0.227358 2.000000
-0.039058 0.060872 0.405469 -0.096041 0.993977 -0.052790 2.000000
-0.035151 0.062519 0.397300 0.286960 -0.829092 -0.479854 2.000000
-0.037203 0.061417 0.399339 -0.329384 -0.866780 -0.374430 2.000000
-0.043201 0.059436 0.403623 -0.507532 0.757213 0.411144 2.000000
-0.040795 0.060725 0.404501 0.126141 -0.981542 -0.143752 2.000000
-0.038085 0.060867 0.402094 -0.161832 -0.962207 -0.219018 2.000000
-0.037480 0.063379 0.388370 0.544472 -0.771643 -0.328812 2.000000
-0.042004 0.063493 0.392639 0.110814 0.949328 0.294102 2.000000
-0.036261 0.062427 0.397075 0.029365 -0.884943 -0.464773 2.000000
-0.041395 0.055254 0.397562 0.389918 -0.013959 0.920744 2.000000
-0.043837 0.055029 0.398780 -0.473832 0.077537 -0.877195 2.000000
-0.035529 0.065099 0.389420 0.891301 -0.397675 -0.217798 2.000000
-0.036221 0.056350 0.398758 0.808633 -0.432859 0.398428 2.000000
-0.033896 0.064733 0.396315 0.674133 -0.433601 -0.597942 2.000000
-0.042731 0.055092 0.393340 0.518970 0.360972 -0.774835 2.000000
-0.043026 0.056810 0.398839 0.554306 -0.181978 0.812175 2.000000
-0.035096 0.064709 0.391251 0.836180 -0.398333 -0.377006 2.000000
-0.034860 0.059654 0.396436 0.777835 -0.316399 -0.543014 2.000000
-0.034977 0.066450 0.389668 0.887987 -0.378614 -0.261020 2.000000
-0.040625 0.062455 0.398254 -0.003986 -0.971424 -0.237317 2.000000
-0.039342 0.057822 0.401037 -0.382611 0.283914 -0.879205 2.000000
-0.034452 0.064193 0.396062 0.682409 -0.480752 -0.550633 2.000000
-0.044906 0.054830 0.399379 -0.570812 0.235639 -0.786541 2.000000
-0.037064 0.063569 0.388450 0.563835 -0.803424 -0.191312 2.000000
-0.037324 0.063315 0.388808 0.573568 -0.725113 -0.381091 2.000000
-0.040067 0.060700 0.404586 0.081622 -0.995370 -0.050754 2.000000
-0.040793 0.063231 0.392509 0.151018 -0.966585 -0.207142 2.000000
-0.033434 0.063653 0.394931 0.678838 -0.376259 -0.630562 2.000000
-0.038454 0.061903 0.398663 -0.099145 -0.955433 -0.278062 2.000000
-0.035774 0.064658 0.389523 0.865852 -0.452249 -0.213943 2.000000
-0.040179 0.062091 0.399689 -0.212238 -0.938100 -0.273721 2.000000
-0.037293 0.064874 0.391041 -0.583716 0.561885 0.586140 2.000000
-0.041267 0.058520 0.395173 -0.474845 -0.231371 0.849111 2.000000
-0.039683 0.061007 0.402940 -0.115265 -0.973805 -0.196005 2.000000
-0.043373 0.058252 0.393736 0.351649 0.131451 -0.926857 2.000000
-0.033297 0.066180 0.396049 0.695300 -0.412328 -0.588679 2.000000
-0.037325 0.065575 0.390604 0.602628 -0.305632 -0.737176 2.000000
-0.035031 0.062967 0.393007 0.819383 -0.374755 -0.433785 2.000000
-0.043879 0.060733 0.394588 -0.370904 -0.365634 0.853664 2.000000
-0.041782 0.061582 0.401365 0.135694 -0.918909 -0.370395 2.000000
-0.040228 0.062273 0.398797 -0.090997 -0.961289 -0.260081 2.000000
-0.036416 0.063923 0.393700 0.506298 -0.760216 -0.407104 2.000000
-0.044816 0.056681 0.400540 0.744741 -0.373710 0.552903 2.000000
-0.040386 0.057391 0.395325 -0.659470 0.021933 0.751411 2.000000
-0.036551 0.067038 0.391391 0.784512 0.039971 -0.618824 2.000000
-0.039962 0.060948 0.387528 0.647568 -0.339590 -0.682154 2.000000
-0.036199 0.063656 0.389871 0.832650 -0.445623 -0.328806 2.000000
-0.037627 0.062131 0.398094 -0.057631 -0.931597 -0.358896 2.000000
-0.043091 0.060257 0.394597 -0.273265 -0.510753 0.815143 2.000000
-0.033569 0.064088 0.394717 0.911515 -0.240260 -0.333790 2.000000
-0.046999 0.061236 0.393325 -0.364967 -0.267854 0.891658 2.000000
-0.039896 0.060811 0.403881 0.008387 -0.988416 -0.151539 2.000000
-0.044612 0.059208 0.400012 0.962786 0.021598 0.269399 2.000000
-0.041786 0.056528 0.394412 -0.551316 -0.112709 0.826648 2.000000
-0.045903 0.061905 0.393971 -0.401911 -0.326074 0.855654 2.000000
-0.040518 0.063283 0.392593 0.271867 -0.944559 -0.184112 2.000000
-0.043912 0.061467 0.400969 0.401275 -0.870690 -0.284389 2.000000
-0.045833 0.063632 0.395112 0.405284 0.407808 -0.818191 2.000000
-0.039905 0.061131 0.402569 -0.142999 -0.966276 -0.214155 2.000000
-0.046525 0.061778 0.393640 -0.405834 -0.294239 0.865288 2.000000
-0.042155 0.062446 0.398162 0.064684 -0.960925 -0.269145 2.000000
-0.041103 0.060622 0.405168 0.304980 -0.934995 -0.181029 2.000000
-0.041135 0.057494 0.401703 -0.142641 -0.797973 0.585571 2.000000
-0.041575 0.061743 0.400940 0.094079 -0.935742 -0.339907 2.000000
-0.033829 0.064217 0.394377 0.784661 -0.373219 -0.494989 2.000000
-0.042789 0.063150 0.395849 0.239227 -0.771472 -0.589578 2.000000
-0.033017 0.065854 0.394023 0.766326 -0.217240 -0.604609 2.000000
-0.042606 0.053881 0.400197 -0.615467 -0.290532 -0.732661 2.000000
-0.034895 0.062618 0.397308 0.382025 -0.800738 -0.461384 2.000000
-0.035760 0.060470 0.401446 0.077733 0.983398 0.163972 2.000000
-0.043741 0.055233 0.398678 0.486568 -0.168091 0.857319 2.000000
-0.044005 0.056742 0.393154 0.490497 0.263975 -0.830500 2.000000
-0.036996 0.065748 0.390723 0.738660 -0.217818 -0.637916 2.000000
-0.036834 0.064648 0.391983 0.660072 -0.637882 -0.396751 2.000000
-0.040229 0.055398 0.392604 0.386114 -0.865796 -0.318297 2.000000
-0.039816 0.063069 0.394399 0.309698 -0.934127 -0.177467 2.000000
-0.046451 0.065307 0.394008 0.281680 0.163591 -0.945460 2.000000
-0.032456 0.065267 0.394715 0.938599 -0.340059 0.058234 2.000000
-0.039785 0.059632 0.388290 0.647591 -0.479340 -0.592333 2.000000
-0.035012 0.065779 0.394230 0.815679 -0.309805 -0.488557 2.000000
-0.045422 0.064092 0.395034 0.347344 0.349690 -0.870097 2.000000
-0.038918 0.054817 0.394207 0.644759 -0.559007 -0.521341 2.000000
-0.038378 0.064319 0.390960 -0.306677 0.865659 0.395707 2.000000
-0.040579 0.062093 0.399981 -0.163621 -0.954430 -0.249584 2.000000
-0.035305 0.065277 0.389817 0.886687 -0.394724 -0.240788 2.000000
-0.035714 0.067687 0.392550 0.794956 -0.055766 -0.604099 2.000000
-0.043526 0.059903 0.394284 -0.237499 -0.473753 0.848028 2.000000
-0.036581 0.061145 0.399410 -0.185495 -0.881626 -0.433966 2.000000
-0.034042 0.066782 0.394645 0.672740 -0.402727 -0.620671 2.000000
-0.039879 0.058470 0.396805 0.684501 0.160141 0.711206 2.000000
-0.042418 0.061874 0.399699 0.158991 -0.971226 -0.177318 2.000000
-0.034471 0.065070 0.392291 0.844542 -0.373760 -0.383473 2.000000
-0.039215 0.061702 0.399689 -0.193941 -0.937881 -0.287690 2.000000
-0.036992 0.060772 0.401260 -0.291966 -0.947422 -0.130948 2.000000
-0.036587 0.058061 0.394962 0.723731 -0.479275 -0.496497 2.000000
-0.045527 0.063105 0.394844 -0.383391 -0.433442 0.815561 2.000000
-0.036898 0.066294 0.390849 0.749813 -0.070843 -0.657846 2.000000
-0.042796 0.060984 0.402019 0.131056 -0.893171 -0.430197 2.000000
-0.038624 0.060991 0.402004 -0.143061 -0.966629 -0.212515 2.000000
-0.035186 0.066059 0.389459 0.900549 -0.361356 -0.241729 2.000000
-0.034000 0.064491 0.396312 0.665102 -0.447189 -0.598048 2.000000
-0.038242 0.063071 0.387722 -0.592405 0.642864 0.485573 2.000000
-0.039319 0.058399 0.396433 0.776234 0.299436 -0.554796 2.000000
-0.039201 0.061109 0.401847 -0.149469 -0.961925 -0.228820 2.000000
-0.035825 0.063934 0.394613 0.561436 -0.696103 -0.447471 2.000000
-0.037431 0.064219 0.392186 0.304039 -0.927773 -0.216328 2.000000
-0.038258 0.061302 0.388444 0.725247 -0.278581 -0.629611 2.000000
-0.043759 0.061707 0.398100 0.702443 -0.701321 0.121340 2.000000
-0.043627 0.056168 0.400834 -0.649524 0.557567 -0.516950 2.000000
-0.038991 0.062228 0.398017 -0.186566 -0.944968 -0.268754 2.000000
-0.033402 0.068476 0.395130 0.465037 -0.853662 -0.234524 2.000000
-0.048105 0.061555 0.393035 0.275654 0.315473 -0.908015 2.000000
-0.035406 0.062794 0.392493 0.827526 -0.366388 -0.425395 2.000000
-0.034628 0.065152 0.395170 0.721375 -0.333702 -0.606845 2.000000
-0.039016 0.062163 0.398333 -0.177796 -0.952244 -0.248234 2.000000
-0.041312 0.056060 0.397525 0.481536 -0.051946 0.874886 2.000000
-0.045285 0.056144 0.400535 -0.651187 0.355050 -0.670743 2.000000
-0.040937 0.060408 0.406069 -0.382552 0.908221 0.169675 2.000000
-0.039669 0.060873 0.406075 0.191611 -0.980335 -0.047212 2.000000
-0.035210 0.064309 0.394921 0.689866 -0.515623 -0.508150 2.000000
-0.040370 0.061176 0.402195 -0.117903 -0.963909 -0.238699 2.000000
-0.036828 0.061231 0.399351 -0.283346 -0.860699 -0.422980 2.000000
-0.038793 0.062729 0.387596 0.621195 -0.489750 -0.611770 2.000000
-0.041628 0.060537 0.404422 0.313772 -0.911767 -0.265007 2.000000
-0.036229 0.063581 0.390070 0.833613 -0.437275 -0.337463 2.000000
-0.040594 0.060296 0.396228 0.700227 0.602878 -0.382388 2.000000
-0.034476 0.065879 0.394998 0.673340 -0.423403 -0.606089 2.000000
-0.035326 0.063017 0.392540 0.830925 -0.358536 -0.425459 2.000000
-0.039018 0.060938 0.402394 -0.155032 -0.970093 -0.186773 2.000000
-0.034635 0.065493 0.394987 0.710998 -0.371878 -0.596816 2.000000
-0.037370 0.063168 0.395703 -0.065992 -0.942250 -0.328343 2.000000
-0.043881 0.057361 0.393452 -0.384118 -0.253046 0.887931 2.000000
-0.044328 0.062515 0.395111 -0.384535 -0.321188 0.865431 2.000000
-0.036265 0.055064 0.396206 0.508847 -0.139901 -0.849413 2.000000
-0.035835 0.059921 0.394008 0.831248 -0.407819 -0.377770 2.000000
-0.040500 0.054562 0.395538 0.889310 -0.163206 -0.427190 2.000000
-0.039650 0.060868 0.405783 0.146188 -0.986860 -0.068814 2.000000
-0.040082 0.057250 0.395697 0.786609 -0.205130 -0.582382 2.000000
-0.040881 0.062404 0.398512 0.063849 -0.968843 -0.239305 2.000000
-0.036580 0.062961 0.396119 0.033116 -0.911218 -0.410591 2.000000
-0.041599 0.063042 0.393261 -0.023677 -0.972966 -0.229731 2.000000
-0.038361 0.060808 0.404511 -0.055248 -0.996798 0.057799 2.000000
-0.035105 0.060811 0.394964 0.831115 -0.404103 -0.382033 2.000000
-0.037315 0.062052 0.398203 -0.128303 -0.899580 -0.417486 2.000000
-0.041736 0.060392 0.404698 0.395498 -0.881510 -0.257916 2.000000
-0.043181 0.058946 0.393831 -0.241553 -0.241731 0.939797 2.000000
-0.042170 0.055051 0.397880 0.407012 -0.057921 0.911585 2.000000
-0.035665 0.065938 0.393239 0.806162 -0.249294 -0.536615 2.000000
-0.038512 0.063555 0.393770 0.064713 -0.967350 -0.245042 2.000000
-0.033921 0.063833 0.397005 0.626078 -0.497985 -0.600032 2.000000
-0.038657 0.061183 0.401553 -0.158959 -0.949821 -0.269393 2.000000
-0.040409 0.063237 0.393810 0.310268 -0.916917 -0.250993 2.000000
-0.042901 0.061392 0.401198 0.088560 -0.885803 -0.455532 2.000000
-0.039129 0.063205 0.395932 0.076939 -0.934470 -0.347629 2.000000
-0.036430 0.063203 0.395390 0.172919 -0.909577 -0.377848 2.000000
-0.043829 0.056684 0.393245 -0.467949 -0.241709 0.850059 2.000000
-0.041169 0.059206 0.395374 -0.504041 -0.187352 0.843115 2.000000
-0.043249 0.060760 0.394822 -0.327319 -0.451811 0.829897 2.000000
-0.042549 0.062583 0.397744 0.220199 -0.945555 -0.239664 2.000000
-0.042662 0.061740 0.400069 0.126274 -0.980012 -0.153725 2.000000
-0.035860 0.063106 0.396019 0.292283 -0.848759 -0.440657 2.000000
-0.033906 0.062601 0.398233 0.420328 -0.724782 -0.545907 2.000000
-0.033137 0.064068 0.395028 0.681177 -0.383153 -0.623853 2.000000
-0.034674 0.066791 0.393980 0.698643 -0.392156 -0.598425 2.000000
-0.035820 0.060116 0.393958 0.842272 -0.388384 -0.373812 2.000000
-0.037890 0.055965 0.395368 -0.655758 0.255167 0.710543 2.000000
-0.043932 0.061258 0.398231 0.816777 -0.521964 0.245821 2.000000
-0.044380 0.054615 0.399010 -0.555102 0.150461 -0.818060 2.000000
-0.047398 0.060476 0.392988 0.353170 0.289319 -0.889699 2.000000
-0.036315 0.060423 0.402516 0.239469 0.954056 0.180088 2.000000
-0.036966 0.064279 0.392459 0.400858 -0.843101 -0.358460 2.000000
-0.042585 0.056874 0.398553 0.569241 -0.157587 0.806927 2.000000
-0.035683 0.060957 0.399456 0.139618 -0.878318 -0.457235 2.000000
-0.041522 0.057640 0.394753 -0.512134 -0.211273 0.832516 2.000000
-0.044570 0.061473 0.394429 -0.419585 -0.325453 0.847366 2.000000
-0.041079 0.060089 0.395682 0.591223 0.418365 -0.689512 2.000000
-0.042858 0.055608 0.393506 0.496167 0.294441 -0.816776 2.000000
-0.036061 0.064089 0.389507 0.840652 -0.485456 -0.240077 2.000000
-0.041193 0.061359 0.402136 0.056558 -0.933488 -0.354120 2.000000
-0.042313 0.062257 0.398532 0.076394 -0.951857 -0.296872 2.000000
-0.045512 0.055643 0.399962 -0.523358 0.410088 -0.746943 2.000000
-0.035899 0.066047 0.392565 0.882060 -0.256622 -0.395114 2.000000
-0.046114 0.063618 0.394918 0.389825 0.413116 -0.823025 2.000000
-0.042909 0.054741 0.398256 0.457625 -0.052084 0.887619 2.000000
-0.033436 0.064249 0.397067 0.643815 -0.458516 -0.612589 2.000000
-0.040695 0.060644 0.404858 0.190897 -0.970892 -0.144662 2.000000
-0.037027 0.068729 0.392112 0.671214 0.207623 -0.711593 2.000000
-0.039883 0.062813 0.396975 -0.081397 -0.945960 -0.313901 2.000000
-0.036312 0.063908 0.389165 0.782232 -0.570745 -0.249728 2.000000
-0.034712 0.066462 0.394090 0.701296 -0.449924 -0.552949 2.000000
-0.042473 0.061389 0.395475 -0.474034 -0.614429 0.630689 2.000000
-0.034446 0.062698 0.397501 0.443112 -0.754165 -0.484652 2.000000
-0.039097 0.061011 0.402185 -0.163504 -0.967677 -0.192008 2.000000
-0.042453 0.063077 0.396032 0.164348 -0.910105 -0.380393 2.000000
-0.045434 0.062516 0.394567 -0.407908 -0.457102 0.790360 2.000000
-0.038110 0.061585 0.399780 -0.140648 -0.946255 -0.291239 2.000000
-0.042041 0.059971 0.404918 -0.423902 0.850718 0.310783 2.000000
-0.035683 0.061351 0.393149 0.819635 -0.382666 -0.426339 2.000000
-0.039696 0.064092 0.390865 -0.054957 0.903082 0.425938 2.000000
-0.042442 0.062645 0.397371 0.251223 -0.946142 -0.204210 2.000000
-0.039936 0.058894 0.396792 0.750854 0.367273 0.548933 2.000000
-0.040383 0.062133 0.399141 -0.099619 -0.960078 -0.261394 2.000000
-0.036926 0.057655 0.394856 0.697847 -0.494182 -0.518453 2.000000
-0.039884 0.062311 0.398652 -0.177368 -0.949341 -0.259407 2.000000
-0.038857 0.063930 0.392686 0.166183 -0.975666 -0.143036 2.000000
-0.038905 0.061959 0.398678 -0.166816 -0.953419 -0.251325 2.000000
-0.035454 0.061180 0.393766 0.832105 -0.373923 -0.409614 2.000000
-0.043720 0.061319 0.394889 -0.429613 -0.387227 0.815775 2.000000
-0.043760 0.056980 0.393404 0.447435 0.233904 -0.863186 2.000000
-0.037998 0.064127 0.392411 0.181029 -0.973218 -0.141687 2.000000
-0.041030 0.062419 0.398106 0.079273 -0.970168 -0.229106 2.000000
-0.037091 0.060964 0.400333 -0.354730 -0.895529 -0.268692 2.000000
-0.033843 0.063408 0.394640 0.760101 -0.363906 -0.538349 2.000000
-0.039663 0.062847 0.396851 -0.090111 -0.937148 -0.337096 2.000000
-0.040661 0.054961 0.397316 0.562635 0.013191 0.826600 2.000000
-0.035439 0.062421 0.397384 0.197734 -0.862333 -0.466136 2.000000
-0.034485 0.058723 0.399439 0.679597 -0.469794 0.563419 2.000000
-0.035843 0.066736 0.392582 0.824213 -0.202608 -0.528794 2.000000
-0.035004 0.062648 0.397103 0.345189 -0.799442 -0.491669 2.000000
-0.041150 0.054834 0.394891 0.715221 0.382060 -0.585226 2.000000
-0.036508 0.056237 0.396104 -0.446016 0.104697 0.888880 2.000000
-0.037869 0.055878 0.395464 -0.624648 0.249999 0.739808 2.000000
-0.041273 0.062308 0.398672 0.078206 -0.968587 -0.236055 2.000000
-0.042120 0.057283 0.398224 0.599404 -0.032787 0.799775 2.000000
-0.036294 0.062242 0.391120 0.820971 -0.401875 -0.405590 2.000000
-0.039328 0.064100 0.390602 -0.073267 0.913918 0.399232 2.000000
-0.043517 0.061698 0.399269 0.410901 -0.906380 -0.098164 2.000000
-0.034779 0.058486 0.397138 0.698782 -0.211817 -0.683255 2.000000
-0.041760 0.060719 0.403719 0.177614 -0.937842 -0.298169 2.000000
-0.044906 0.062287 0.394697 -0.409929 -0.426085 0.806480 2.000000
-0.040952 0.060769 0.404122 0.103359 -0.975937 -0.192002 2.000000
-0.033928 0.067123 0.394472 0.376683 -0.911971 -0.162537 2.000000
-0.036832 0.067563 0.391525 -0.624164 -0.209490 0.752684 2.000000
-0.043148 0.061047 0.401795 0.127919 -0.855521 -0.501718 2.000000
-0.041730 0.062776 0.393978 -0.116446 -0.991734 -0.053892 2.000000
-0.038310 0.063070 0.395984 0.004570 -0.899554 -0.436786 2.000000
-0.041821 0.059582 0.395101 -0.648441 -0.187175 0.737895 2.000000
-0.041979 0.060348 0.394980 -0.528617 -0.396859 0.750378 2.000000
-0.043214 0.061791 0.400749 0.153088 -0.948348 -0.277849 2.000000
-0.038647 0.061300 0.401002 -0.177746 -0.939412 -0.293105 2.000000
-0.037037 0.062911 0.396183 -0.031607 -0.909980 -0.413446 2.000000
-0.038373 0.064075 0.391383 0.209443 -0.943592 -0.256452 2.000000
-0.039557 0.061577 0.400822 -0.187577 -0.939151 -0.287766 2.000000
-0.040956 0.063005 0.394977 0.013997 -0.999045 0.041385 2.000000
-0.035212 0.064130 0.391662 0.834483 -0.386240 -0.393010 2.000000
-0.034740 0.057306 0.397275 0.809705 -0.095594 -0.578998 2.000000
-0.036019 0.060353 0.393394 0.815234 -0.381996 -0.435284 2.000000
-0.046069 0.062505 0.394143 -0.427461 -0.416255 0.802502 2.000000
-0.037673 0.060882 0.401941 -0.222468 -0.958097 -0.180436 2.000000
-0.046397 0.063499 0.394550 -0.392079 -0.461566 0.795758 2.000000
-0.035720 0.059452 0.395190 0.822927 -0.397043 -0.406385 2.000000
-0.037386 0.060834 0.401854 -0.245785 -0.955182 -0.164976 2.000000
-0.037932 0.060480 0.389834 0.816521 -0.431928 -0.383056 2.000000
-0.043083 0.061733 0.400386 0.160697 -0.970292 -0.180859 2.000000
-0.041398 0.059842 0.395389 -0.542910 -0.254567 0.800278 2.000000
-0.039631 0.060773 0.404511 0.073183 -0.997249 -0.011758 2.000000
-0.033265 0.067473 0.393083 0.813152 -0.571082 -0.112468 2.000000
-0.033417 0.067459 0.395220 0.605068 -0.621396 -0.497755 2.000000
-0.040762 0.061601 0.401291 -0.133480 -0.930752 -0.340417 2.000000
-0.044608 0.059596 0.400582 0.998983 -0.020205 -0.040307 2.000000
-0.043271 0.063136 0.395648 -0.328231 0.616149 0.715978 2.000000
-0.042201 0.057705 0.394331 -0.545198 -0.172608 0.820345 2.000000
-0.038039 0.061762 0.399117 -0.141376 -0.939206 -0.312897 2.000000
-0.039497 0.058429 0.396574 0.923883 0.206076 -0.322448 2.000000
-0.036446 0.063089 0.389879 0.793970 -0.450168 -0.408608 2.000000
-0.036695 0.063359 0.395008 -0.137379 0.909688 0.391912 2.000000
-0.042937 0.056825 0.393744 -0.466418 -0.171073 0.867864 2.000000
-0.037897 0.063885 0.393140 0.092361 -0.946451 -0.309354 2.000000
-0.034551 0.061009 0.396005 0.793365 -0.422636 -0.438121 2.000000
-0.037662 0.062862 0.396585 -0.022424 -0.898041 -0.439341 2.000000
-0.035816 0.060405 0.401953 0.172993 0.973374 0.150390 2.000000
-0.032972 0.064421 0.395078 0.995782 -0.072365 -0.056399 2.000000
-0.040028 0.061375 0.401278 -0.166179 -0.937755 -0.304958 2.000000
-0.033030 0.067772 0.393525 0.640005 -0.726480 0.250240 2.000000
-0.039926 0.061568 0.401000 -0.193203 -0.932768 -0.304328 2.000000
-0.038561 0.059742 0.388910 0.736845 -0.457325 -0.497910 2.000000
-0.039518 0.055703 0.392970 0.504576 -0.658824 -0.557992 2.000000
-0.036830 0.060291 0.392171 0.782912 -0.425236 -0.454118 2.000000
-0.038120 0.060840 0.402611 -0.160240 -0.969470 -0.185608 2.000000
-0.034188 0.066988 0.391199 0.873683 -0.317175 -0.368887 2.000000
-0.034020 0.066406 0.394984 0.645710 -0.467970 -0.603376 2.000000
-0.038056 0.062877 0.396499 0.048271 -0.895750 -0.441929 2.000000
-0.040144 0.062148 0.398970 -0.123958 -0.953738 -0.273894 2.000000
-0.041639 0.057516 0.397755 0.563673 0.074480 0.822634 2.000000
-0.037379 0.063727 0.393617 0.097905 -0.946143 -0.308590 2.000000
-0.039026 0.060410 0.388200 0.685113 -0.367679 -0.628835 2.000000
-0.042138 0.062576 0.397735 0.088528 -0.958221 -0.271986 2.000000
-0.041193 0.063015 0.396084 -0.088334 -0.980408 -0.176059 2.000000
-0.036061 0.060519 0.401606 -0.162635 -0.977032 -0.137687 2.000000
-0.038966 0.061038 0.401932 -0.148585 -0.961973 -0.229194 2.000000
-0.040856 0.061879 0.400607 -0.118947 -0.935994 -0.331310 2.000000
-0.048177 0.064299 0.394569 0.213206 0.393493 -0.894263 2.000000
-0.038433 0.063988 0.391807 0.188810 -0.974846 -0.118427 2.000000
-0.043727 0.056525 0.399238 0.623268 -0.268938 0.734309 2.000000
-0.038143 0.063899 0.393122 0.086706 -0.952873 -0.290714 2.000000
-0.033266 0.065211 0.394219 -0.592259 0.444474 0.672066 2.000000
-0.037119 0.060472 0.403280 0.225853 0.970986 0.078594 2.000000
-0.041814 0.061344 0.401975 0.221989 -0.901892 -0.370555 2.000000
-0.037019 0.061686 0.398698 -0.207181 -0.865273 -0.456485 2.000000
-0.038833 0.063960 0.391802 0.174917 -0.979589 -0.099040 2.000000
-0.034736 0.063476 0.393101 0.839543 -0.297965 -0.454296 2.000000
-0.041468 0.060211 0.405691 -0.374835 0.899703 0.223683 2.000000
-0.042186 0.060902 0.402766 0.197472 -0.943485 -0.266161 2.000000
-0.037331 0.060883 0.401252 -0.304873 -0.937833 -0.165898 2.000000
-0.039384 0.063962 0.391070 -0.056205 0.917622 0.393461 2.000000
-0.042948 0.059644 0.394201 -0.292351 -0.423319 0.857515 2.000000
-0.039103 0.061433 0.400893 -0.156430 -0.952507 -0.261266 2.000000
-0.036336 0.061044 0.392439 0.804439 -0.404080 -0.435428 2.000000
-0.037575 0.064125 0.392652 0.182561 -0.949693 -0.254468 2.000000
-0.039332 0.058205 0.396226 0.757075 0.287497 -0.586671 2.000000
-0.037778 0.059839 0.390912 0.807165 -0.473712 -0.352253 2.000000
-0.044776 0.060261 0.400882 0.956354 -0.238648 -0.168627 2.000000
-0.040200 0.062876 0.394326 0.291657 -0.940875 -0.172310 2.000000
-0.036671 0.063470 0.389213 0.678890 -0.642089 -0.356133 2.000000
-0.040550 0.059706 0.395803 0.696178 0.423928 -0.579328 2.000000
-0.047354 0.062628 0.393587 -0.310810 -0.460916 0.831236 2.000000
-0.040503 0.057552 0.397110 -0.637767 0.089930 -0.764961 2.000000
-0.041114 0.055332 0.392195 0.236571 -0.947766 -0.213950 2.000000
-0.034373 0.063597 0.393652 0.825833 -0.328702 -0.458207 2.000000
-0.043163 0.055330 0.398387 0.474322 -0.148800 0.867685 2.000000
-0.044435 0.060000 0.393976 -0.384191 -0.323094 0.864874 2.000000
-0.041672 0.056898 0.397781 0.574535 -0.040396 0.817483 2.000000
-0.038669 0.060030 0.388555 0.723084 -0.417597 -0.550238 2.000000
-0.037060 0.062694 0.396720 -0.062216 -0.891001 -0.449718 2.000000
-0.035921 0.060884 0.399853 -0.003874 -0.933335 -0.358985 2.000000
-0.042175 0.056446 0.398236 0.553970 -0.160995 0.816822 2.000000
-0.041820 0.061039 0.395850 0.610101 0.685012 -0.398165 2.000000
-0.033348 0.066684 0.395504 0.691715 -0.424370 -0.584329 2.000000
-0.041709 0.055103 0.394019 -0.624372 -0.268576 0.733503 2.000000
-0.033693 0.066993 0.392398 0.892246 -0.290666 -0.345558 2.000000
-0.036125 0.064191 0.393247 0.639538 -0.571277 -0.514425 2.000000
-0.035237 0.063125 0.392608 0.855691 -0.305830 -0.417446 2.000000
-0.039367 0.055639 0.393192 0.549169 -0.609762 -0.571493 2.000000
-0.037129 0.060776 0.400930 -0.310476 -0.939299 -0.146022 2.000000
-0.040473 0.063037 0.395415 0.085988 -0.995485 -0.040196 2.000000
-0.035114 0.067561 0.393398 0.727415 -0.219752 -0.650059 2.000000
-0.034997 0.060892 0.400297 0.217185 -0.912009 -0.347952 2.000000
-0.039508 0.063807 0.392437 0.309540 -0.944324 -0.111520 2.000000
-0.033639 0.063431 0.397654 0.592720 -0.573494 -0.565498 2.000000
-0.040758 0.063251 0.392246 0.162606 -0.964946 -0.206004 2.000000
-0.039491 0.060848 0.405493 0.124706 -0.990797 0.052636 2.000000
-0.038000 0.064708 0.390818 -0.378776 0.759884 0.528304 2.000000
-0.045506 0.060947 0.393943 -0.403616 -0.298265 0.864946 2.000000
-0.033685 0.067366 0.392143 0.879509 -0.360152 -0.311055 2.000000
-0.033598 0.066090 0.395596 0.665429 -0.445630 -0.598847 2.000000
-0.043538 0.060748 0.397830 0.863030 -0.240657 0.444143 2.000000
-0.041978 0.062131 0.398492 0.056022 -0.961871 -0.267705 2.000000
-0.045931 0.061642 0.393868 -0.412078 -0.322351 0.852221 2.000000
-0.043675 0.056437 0.393254 0.502393 0.266297 -0.822610 2.000000
-0.038294 0.061694 0.399494 -0.128870 -0.948046 -0.290862 2.000000
-0.034479 0.062035 0.394886 0.778602 -0.447123 -0.440296 2.000000
-0.042049 0.061547 0.401124 0.108156 -0.931373 -0.347629 2.000000
-0.036666 0.054955 0.396066 0.470615 -0.064206 -0.880000 2.000000
-0.038366 0.061206 0.401334 -0.195558 -0.943745 -0.266650 2.000000
-0.036306 0.062785 0.396533 0.045782 -0.894925 -0.443862 2.000000
-0.040457 0.062546 0.397806 -0.007412 -0.970638 -0.240431 2.000000
-0.035692 0.064744 0.393763 0.772197 -0.417063 -0.479343 2.000000
-0.043379 0.061868 0.395334 -0.516684 -0.423599 0.744044 2.000000
-0.043131 0.063476 0.394132 0.350552 0.884116 0.308953 2.000000
-0.042016 0.058100 0.394598 -0.614068 -0.140708 0.776609 2.000000
-0.046618 0.062358 0.393872 -0.392565 -0.379371 0.837837 2.000000
-0.034814 0.060000 0.396277 0.789284 -0.325117 -0.520893 2.000000
-0.043853 0.061509 0.399752 0.476635 -0.878719 -0.025913 2.000000
-0.036958 0.061207 0.399557 -0.323767 -0.860106 -0.394198 2.000000
-0.032831 0.064878 0.394807 0.638646 -0.434156 -0.635326 2.000000
-0.043004 0.061940 0.395831 0.666278 0.411288 -0.622026 2.000000
-0.040986 0.062081 0.400145 -0.040588 -0.971060 -0.235360 2.000000
-0.036324 0.065052 0.392615 0.790907 -0.404065 -0.459562 2.000000
-0.041528 0.058937 0.395167 -0.596360 -0.155199 0.787571 2.000000
-0.040335 0.059923 0.396267 0.769588 0.561728 -0.303637 2.000000
-0.044648 0.059616 0.393677 -0.388537 -0.304916 0.869520 2.000000
-0.041451 0.061552 0.401607 0.073240 -0.932615 -0.353364 2.000000
-0.034113 0.066847 0.391569 0.901076 -0.315832 -0.297173 2.000000
-0.039389 0.060826 0.403636 -0.045903 -0.993172 -0.107252 2.000000
-0.037315 0.057456 0.394390 0.693490 -0.532016 -0.485830 2.000000
-0.033749 0.061500 0.396870 0.996190 0.086990 -0.006189 2.000000
-0.040976 0.059982 0.405673 -0.369311 0.913711 0.169532 2.000000
-0.035907 0.068091 0.392408 0.773684 0.108154 -0.624272 2.000000
-0.038751 0.063094 0.395927 0.035849 -0.905937 -0.421893 2.000000
-0.034269 0.061262 0.396300 0.774331 -0.423228 -0.470414 2.000000
-0.042568 0.059518 0.394193 -0.502820 -0.340203 0.794628 2.000000
-0.036352 0.065381 0.392113 0.844058 -0.406958 -0.349216 2.000000
-0.040381 0.062730 0.396709 0.025697 -0.971580 -0.235312 2.000000
-0.042393 0.060825 0.402485 0.219388 -0.928263 -0.300326 2.000000
-0.042866 0.062472 0.396087 -0.669474 0.035713 0.741976 2.000000
-0.039684 0.062772 0.397091 -0.143988 -0.941754 -0.303919 2.000000
-0.036703 0.063792 0.387366 -0.677365 0.701992 0.219963 2.000000
-0.042260 0.060560 0.403869 0.307449 -0.862586 -0.401771 2.000000
-0.039453 0.063085 0.396169 0.045300 -0.955640 -0.291033 2.000000
-0.037176 0.064387 0.391961 0.455731 -0.814662 -0.358658 2.000000
-0.035983 0.061484 0.392578 0.812319 -0.394070 -0.429938 2.000000
-0.036296 0.064411 0.387539 0.841329 -0.502936 -0.198042 2.000000
-0.034033 0.064290 0.393913 0.798930 -0.348392 -0.490239 2.000000
-0.036194 0.063489 0.394973 0.367510 -0.792956 -0.485959 2.000000
-0.036956 0.060953 0.400098 -0.334680 -0.885802 -0.321473 2.000000
-0.044710 0.059738 0.400028 0.983254 -0.062992 0.171009 2.000000
-0.033558 0.065019 0.396540 0.680905 -0.413088 -0.604753 2.000000
-0.042027 0.061503 0.401551 0.160047 -0.897144 -0.411726 2.000000
-0.034810 0.065334 0.391309 0.850665 -0.377086 -0.366299 2.000000
-0.038229 0.063020 0.388223 0.595142 -0.599652 -0.534999 2.000000
-0.047740 0.061250 0.393074 -0.329060 -0.276848 0.902815 2.000000
-0.038243 0.064115 0.392175 0.160819 -0.981282 -0.105939 2.000000
-0.042277 0.061047 0.395336 -0.434127 -0.578933 0.690196 2.000000
-0.041879 0.057283 0.394414 -0.545219 -0.138165 0.826829 2.000000
-0.034920 0.064336 0.395248 0.686100 -0.488437 -0.539162 2.000000
-0.040058 0.056024 0.392673 -0.477557 0.750531 0.456773 2.000000
-0.044399 0.055129 0.399038 0.553063 -0.229771 0.800829 2.000000
-0.042992 0.063579 0.393567 0.388786 0.908856 0.151084 2.000000
-0.033345 0.064442 0.396862 0.653684 -0.445434 -0.611789 2.000000
-0.037818 0.060788 0.402625 -0.194488 -0.961485 -0.194220 2.000000
-0.039642 0.058184 0.395993 0.722225 0.258009 -0.641734 2.000000
-0.036060 0.067418 0.391872 0.776694 0.074409 -0.625467 2.000000
-0.042113 0.054997 0.393711 0.605378 0.362784 -0.708453 2.000000
-0.037478 0.060543 0.403325 -0.217817 -0.974694 -0.050274 2.000000
-0.042954 0.060593 0.394884 -0.311958 -0.464458 0.828831 2.000000
-0.036614 0.062784 0.396425 0.002009 -0.900496 -0.434860 2.000000
-0.035500 0.060397 0.394537 0.844581 -0.388910 -0.368010 2.000000
-0.041001 0.057191 0.394926 -0.539289 -0.062376 0.839808 2.000000
-0.039521 0.058611 0.396236 0.795112 0.327431 -0.510476 2.000000
-0.039938 0.060895 0.407241 -0.263744 0.963548 0.044878 2.000000
-0.042755 0.060565 0.403542 0.399354 -0.831178 -0.386858 2.000000
-0.041056 0.062810 0.394106 0.160684 -0.981865 -0.100605 2.000000
-0.035955 0.056251 0.396305 -0.564751 0.115814 0.817095 2.000000
-0.043937 0.060336 0.402302 0.545268 -0.595653 -0.589814 2.000000
-0.041428 0.062316 0.398235 0.063064 -0.968582 -0.240565 2.000000
-0.040725 0.063208 0.393469 0.249658 -0.938592 -0.238150 2.000000
-0.045433 0.060373 0.393744 -0.402703 -0.333242 0.852514 2.000000
-0.040939 0.061325 0.402146 0.003882 -0.945624 -0.325237 2.000000
-0.036514 0.063903 0.387859 0.736589 -0.647879 -0.194139 2.000000
-0.035143 0.065927 0.393940 0.796611 -0.304981 -0.521918 2.000000
-0.045100 0.062998 0.395003 -0.330280 -0.383589 0.862424 2.000000
-0.040434 0.057694 0.395311 0.574715 0.107551 -0.811256 2.000000
-0.036192 0.064706 0.392980 0.715754 -0.461740 -0.523920 2.000000
-0.036709 0.064536 0.392450 0.672286 -0.589210 -0.448176 2.000000
-0.043048 0.057096 0.398906 -0.563026 0.182775 -0.805975 2.000000
-0.036626 0.060685 0.401391 -0.241553 -0.964358 -0.108011 2.000000
-0.044206 0.055939 0.392700 0.519967 0.296235 -0.801173 2.000000
-0.041725 0.062070 0.399306 0.124793 -0.973640 -0.190922 2.000000
-0.038971 0.061906 0.399073 -0.183259 -0.932432 -0.311428 2.000000
-0.034612 0.065202 0.391819 0.847277 -0.376161 -0.375000 2.000000
-0.040588 0.055769 0.397211 0.640713 0.075892 0.764020 2.000000
-0.035999 0.065210 0.387642 0.887927 -0.401620 -0.224247 2.000000
-0.042691 0.063311 0.394430 -0.325469 -0.944429 -0.046077 2.000000
-0.040074 0.060885 0.403407 -0.032482 -0.974028 -0.224085 2.000000
-0.033892 0.062635 0.395325 0.773394 -0.539371 -0.333077 2.000000
-0.034625 0.061841 0.398681 0.262741 -0.778960 -0.569376 2.000000
-0.040574 0.061134 0.402848 -0.008251 -0.956872 -0.290393 2.000000
-0.040445 0.060685 0.404691 0.079467 -0.993435 -0.082286 2.000000
-0.036796 0.057548 0.395288 0.696359 -0.468891 -0.543346 2.000000
-0.035872 0.056769 0.396740 -0.611237 0.076437 0.787748 2.000000
-0.040475 0.061547 0.401176 -0.161360 -0.927614 -0.336891 2.000000
-0.035369 0.064912 0.394162 0.805715 -0.396794 -0.439748 2.000000
-0.036046 0.062213 0.391599 0.826504 -0.395108 -0.400975 2.000000
-0.037958 0.064025 0.392877 0.094079 -0.956790 -0.275140 2.000000
-0.040084 0.063464 0.392202 0.348042 -0.926590 -0.142470 2.000000
-0.039781 0.060865 0.406362 0.208062 -0.976457 -0.056939 2.000000
-0.042166 0.057942 0.394403 -0.642881 -0.121124 0.756329 2.000000
-0.037102 0.062235 0.397672 -0.082997 -0.904215 -0.418936 2.000000
-0.037165 0.060800 0.401638 -0.261392 -0.954669 -0.142411 2.000000
-0.042979 0.060702 0.403030 0.362494 -0.872257 -0.328277 2.000000
-0.039389 0.063500 0.393927 0.255882 -0.931384 -0.258936 2.000000
-0.045235 0.058418 0.393145 0.428601 0.289340 -0.855911 2.000000
-0.042697 0.054148 0.398104 -0.450976 0.018987 -0.892334 2.000000
-0.034183 0.063195 0.394314 0.806050 -0.349968 -0.477290 2.000000
-0.041720 0.063076 0.396015 -0.056097 -0.978541 -0.198271 2.000000
-0.035172 0.060897 0.400210 0.184318 -0.912414 -0.365414 2.000000
-0.035519 0.066814 0.393096 0.805954 -0.180900 -0.563661 2.000000
-0.040828 0.062531 0.397779 0.058758 -0.972966 -0.223350 2.000000
-0.036992 0.054943 0.395979 0.461511 -0.054432 -0.885463 2.000000
-0.037807 0.061210 0.400656 -0.318886 -0.908164 -0.271200 2.000000
-0.044735 0.060477 0.401355 0.789211 -0.474359 -0.390037 2.000000
-0.043262 0.061089 0.394984 -0.357358 -0.438217 0.824780 2.000000
-0.035265 0.056816 0.398365 0.948152 -0.303475 -0.094391 2.000000
-0.034383 0.063089 0.397049 0.549667 -0.620125 -0.559742 2.000000
-0.036842 0.063769 0.393720 0.249865 -0.903642 -0.347848 2.000000
-0.037777 0.061152 0.400910 -0.304746 -0.920230 -0.245574 2.000000
-0.039116 0.060850 0.405365 -0.087964 0.993976 -0.065376 2.000000
-0.036092 0.064453 0.388486 0.837487 -0.514293 -0.184711 2.000000
-0.034913 0.064881 0.394977 0.738869 -0.352414 -0.574349 2.000000
-0.044203 0.060679 0.398880 0.863324 -0.455100 0.218072 2.000000
-0.040110 0.061255 0.402132 -0.150458 -0.963065 -0.223312 2.000000
-0.041245 0.054781 0.394325 0.516606 0.553108 -0.653597 2.000000
-0.037032 0.066977 0.391159 0.594690 0.189418 -0.781322 2.000000
-0.041673 0.062531 0.397508 0.003564 -0.952128 -0.305679 2.000000
-0.038224 0.061401 0.400409 -0.172379 -0.946408 -0.273125 2.000000
-0.045151 0.056215 0.400223 -0.651187 0.355050 -0.670743 2.000000
-0.041674 0.059421 0.395176 -0.617210 -0.163224 0.769681 2.000000
-0.033156 0.067489 0.393416 0.473167 -0.860023 0.190980 2.000000
-0.039569 0.064174 0.390693 -0.057882 0.909773 0.411051 2.000000
-0.039335 0.056828 0.392748 0.652592 -0.525192 -0.546166 2.000000
-0.042400 0.053961 0.397950 -0.421876 0.012019 -0.906574 2.000000
-0.040536 0.062090 0.399632 -0.152710 -0.955958 -0.250647 2.000000
-0.035361 0.061623 0.393557 0.818462 -0.392431 -0.419664 2.000000
-0.041533 0.060420 0.405311 -0.380012 0.895144 0.233041 2.000000
-0.035550 0.065662 0.388556 0.903519 -0.350740 -0.246241 2.000000
-0.040353 0.062945 0.395730 0.064708 -0.989374 -0.130203 2.000000
-0.042116 0.060981 0.402285 0.224330 -0.909838 -0.349101 2.000000
-0.043675 0.060207 0.402746 0.529717 -0.667615 -0.523154 2.000000
-0.040962 0.057841 0.397308 -0.532918 -0.048843 -0.844756 2.000000
-0.034180 0.062429 0.398223 0.363091 -0.758014 -0.541830 2.000000
-0.033695 0.067031 0.394789 -0.313338 0.921596 0.229084 2.000000
-0.036850 0.063562 0.394517 0.158599 -0.928461 -0.335867 2.000000
-0.035829 0.064830 0.388803 0.881594 -0.421603 -0.212234 2.000000
-0.038705 0.062164 0.398148 -0.082905 -0.959087 -0.270700 2.000000
-0.041301 0.062818 0.396755 -0.018814 -0.965778 -0.258686 2.000000
-0.035587 0.063848 0.394981 0.576869 -0.640719 -0.506657 2.000000
-0.037946 0.063592 0.394216 0.002491 -0.968677 -0.248311 2.000000
-0.041863 0.058544 0.394878 -0.633502 -0.150970 0.758870 2.000000
-0.039310 0.063863 0.392734 0.292927 -0.947052 -0.131479 2.000000
-0.033216 0.066859 0.395624 0.740443 -0.356398 -0.569847 2.000000
-0.033255 0.067818 0.392937 0.826753 -0.498302 -0.261103 2.000000
-0.041488 0.060366 0.405578 -0.359104 0.913069 0.193261 2.000000
-0.034971 0.064579 0.391708 0.838778 -0.386708 -0.383287 2.000000
-0.034764 0.063318 0.396455 0.571360 -0.584581 -0.576031 2.000000
-0.035945 0.064827 0.393273 0.754735 -0.383511 -0.532255 2.000000
-0.040746 0.061791 0.400777 -0.124457 -0.932911 -0.337918 2.000000
-0.036497 0.063867 0.388208 0.740823 -0.645845 -0.184568 2.000000
-0.039723 0.060828 0.403548 -0.028544 -0.985615 -0.166578 2.000000
-0.040201 0.061101 0.402851 -0.065045 -0.964182 -0.257143 2.000000
-0.047201 0.062885 0.393894 -0.310268 -0.484315 0.818030 2.000000
-0.042722 0.055836 0.398320 0.473668 -0.210004 0.855299 2.000000
-0.033643 0.065539 0.396083 0.683091 -0.408151 -0.605640 2.000000
-0.038424 0.060916 0.402115 -0.145249 -0.968351 -0.202977 2.000000
-0.044821 0.062908 0.395072 -0.319272 -0.386132 0.865429 2.000000
-0.039825 0.059214 0.404425 0.201328 0.850555 0.485823 2.000000
-0.040378 0.056310 0.391996 0.580112 -0.614745 -0.534377 2.000000
-0.044318 0.057437 0.393238 -0.432552 -0.285942 0.855065 2.000000
-0.035977 0.061584 0.398608 0.035105 -0.815832 -0.577222 2.000000
-0.034566 0.061675 0.399001 0.251782 -0.803071 -0.540076 2.000000
-0.033941 0.066833 0.391973 0.896813 -0.315788 -0.309845 2.000000
-0.044300 0.061117 0.399429 0.775795 -0.620087 0.116764 2.000000
-0.045060 0.057443 0.392689 0.449498 0.316425 -0.835360 2.000000
-0.047027 0.062614 0.393779 -0.346710 -0.443328 0.826591 2.000000
-0.043623 0.058712 0.393866 -0.229398 -0.225973 0.946738 2.000000
-0.035448 0.067185 0.393009 0.803519 -0.153310 -0.575199 2.000000
-0.034140 0.065150 0.395751 0.703735 -0.409662 -0.580461 2.000000
-0.038588 0.063956 0.392547 0.152485 -0.979405 -0.132339 2.000000
-0.034587 0.060512 0.396362 0.778583 -0.369226 -0.507426 2.000000
-0.041571 0.056072 0.394547 0.651306 0.139867 -0.745814 2.000000
-0.041227 0.060229 0.405916 -0.381113 0.904000 0.193746 2.000000
-0.034024 0.065739 0.395496 0.668310 -0.416433 -0.616398 2.000000
-0.043419 0.064321 0.393364 0.348550 0.919596 0.181263 2.000000
-0.038546 0.064036 0.392098 0.167310 -0.982354 -0.083589 2.000000
-0.040805 0.058912 0.395492 -0.485566 -0.232114 0.842822 2.000000
-0.034346 0.063316 0.393901 0.815175 -0.337101 -0.471012 2.000000
-0.038741 0.063804 0.393299 0.106895 -0.952858 -0.283964 2.000000
-0.042042 0.055197 0.391333 -0.024645 0.994770 0.099126 2.000000
-0.035161 0.065566 0.390000 0.881746 -0.387243 -0.269382 2.000000
-0.044766 0.061758 0.394400 -0.423205 -0.337531 0.840815 2.000000
-0.038236 0.064030 0.392646 0.111688 -0.976976 -0.181777 2.000000
-0.035931 0.057015 0.396235 -0.592268 0.128589 0.795414 2.000000
-0.045429 0.062194 0.394446 -0.402338 -0.414639 0.816210 2.000000
-0.036799 0.063680 0.388098 0.595726 -0.779394 -0.194049 2.000000
-0.035231 0.063767 0.395596 0.575512 -0.625417 -0.526916 2.000000
-0.037840 0.060855 0.402295 -0.191364 -0.955844 -0.223031 2.000000
-0.034956 0.060601 0.400878 -0.116817 0.956525 0.267232 2.000000
-0.038849 0.062534 0.396734 -0.124256 -0.901311 -0.414968 2.000000
-0.039513 0.055289 0.393670 0.332303 -0.810929 -0.481631 2.000000
-0.039617 0.062906 0.396494 0.006224 -0.964773 -0.263010 2.000000
-0.042504 0.062422 0.398283 0.129202 -0.954815 -0.267648 2.000000
-0.043675 0.063731 0.394162 0.199032 0.880044 0.431172 2.000000
-0.034142 0.061755 0.399036 0.284925 -0.790444 -0.542233 2.000000
-0.041471 0.060270 0.395530 -0.560785 -0.412918 0.717648 2.000000
-0.034687 0.058884 0.397044 0.717141 -0.259681 -0.646741 2.000000
-0.035142 0.062235 0.397882 0.239814 -0.850364 -0.468369 2.000000
-0.033676 0.059104 0.399502 0.897980 0.013079 0.439841 2.000000
-0.043078 0.060237 0.403711 -0.511018 0.754404 0.411989 2.000000
-0.038843 0.060824 0.404114 -0.044355 -0.999011 0.003017 2.000000
-0.035558 0.061769 0.398512 0.175269 -0.802980 -0.569652 2.000000
-0.037812 0.056035 0.395469 -0.624648 0.249999 0.739808 2.000000
-0.038323 0.063447 0.394971 -0.022566 -0.972599 -0.231391 2.000000
-0.042831 0.061715 0.395702 -0.559135 -0.515401 0.649407 2.000000
-0.044067 0.056564 0.393066 0.495883 0.273383 -0.824234 2.000000
-0.044869 0.063130 0.395209 -0.304464 -0.355047 0.883880 2.000000
-0.036917 0.063131 0.389271 0.703786 -0.550593 -0.448924 2.000000
-0.045326 0.063517 0.395247 -0.329981 -0.374273 0.866621 2.000000
-0.037240 0.066777 0.390978 0.545567 0.163378 -0.821988 2.000000
-0.039862 0.061673 0.400620 -0.218977 -0.921203 -0.321612 2.000000
-0.040056 0.055493 0.396935 0.755042 0.088176 0.649721 2.000000
-0.035511 0.056826 0.396744 -0.649700 0.080076 0.755961 2.000000
-0.042632 0.058273 0.393948 -0.470142 -0.067351 0.880017 2.000000
-0.041237 0.060517 0.405452 0.354953 -0.919619 -0.168252 2.000000
-0.038860 0.061483 0.400539 -0.162847 -0.958713 -0.233132 2.000000
-0.035798 0.066343 0.392558 0.823176 -0.278153 -0.494986 2.000000
-0.035919 0.059566 0.394259 0.831502 -0.417807 -0.366118 2.000000
-0.038213 0.055132 0.395189 0.674069 -0.139362 -0.725403 2.000000
-0.042268 0.055435 0.397948 0.444275 -0.132978 0.885967 2.000000
-0.041262 0.061023 0.402838 0.106333 -0.948097 -0.299675 2.000000
-0.043444 0.061674 0.400167 0.264862 -0.957867 -0.111084 2.000000
-0.038474 0.061948 0.398496 -0.073659 -0.958873 -0.274111 2.000000
-0.039072 0.061570 0.399777 -0.170005 -0.949581 -0.263426 2.000000
-0.041577 0.060896 0.403369 0.147949 -0.948688 -0.279467 2.000000
-0.041531 0.061361 0.402215 0.169917 -0.913641 -0.369309 2.000000
-0.040154 0.060766 0.405705 0.244184 -0.968628 -0.046202 2.000000
-0.035085 0.061719 0.398670 0.225527 -0.786152 -0.575416 2.000000
-0.041937 0.063133 0.394922 -0.221244 -0.973975 0.049225 2.000000
-0.047348 0.060997 0.393196 -0.352103 -0.269145 0.896429 2.000000
-0.040902 0.060308 0.406150 -0.382552 0.908221 0.169675 2.000000
-0.043342 0.055303 0.393086 0.499861 0.299339 -0.812733 2.000000
-0.039006 0.060918 0.405765 -0.048392 0.997695 0.047565 2.000000
-0.035438 0.064355 0.394523 0.711827 -0.552611 -0.433501 2.000000
-0.034026 0.063081 0.397407 0.536094 -0.624047 -0.568479 2.000000
-0.036052 0.065450 0.387307 0.884896 -0.398023 -0.241945 2.000000
-0.044399 0.058565 0.400229 0.970201 0.056736 0.235564 2.000000
-0.037181 0.063240 0.394992 -0.020998 -0.951141 -0.308042 2.000000
-0.035036 0.062173 0.398087 0.235794 -0.836458 -0.494711 2.000000
-0.036920 0.063578 0.387298 -0.601790 0.781032 0.166844 2.000000
-0.036906 0.063603 0.387618 -0.598065 0.776500 0.198410 2.000000
-0.040908 0.057627 0.395068 -0.509836 -0.154204 0.846338 2.000000
-0.041944 0.056155 0.394251 -0.571163 -0.172727 0.802457 2.000000
-0.041322 0.061120 0.402682 0.116321 -0.945745 -0.303376 2.000000
-0.036951 0.064959 0.391347 0.676187 -0.554651 -0.484905 2.000000
-0.039474 0.057955 0.396288 0.960297 -0.099178 -0.260757 2.000000
-0.033778 0.065632 0.395875 0.694819 -0.421587 -0.582659 2.000000
-0.042650 0.060219 0.404118 0.423230 -0.800187 -0.424944 2.000000
-0.036130 0.066604 0.391959 0.839586 -0.067704 -0.538992 2.000000
-0.034540 0.064772 0.392608 0.855791 -0.383154 -0.347584 2.000000
-0.036383 0.060969 0.399562 -0.120982 -0.899610 -0.419601 2.000000
-0.038108 0.060433 0.389043 0.783927 -0.436786 -0.441222 2.000000
-0.045688 0.062351 0.394386 -0.401496 -0.436110 0.805362 2.000000
-0.035851 0.065716 0.387670 0.897813 -0.371993 -0.235695 2.000000
-0.037190 0.060588 0.402822 -0.218052 -0.962198 -0.163181 2.000000
-0.037407 0.063470 0.387816 -0.526309 0.824951 0.206045 2.000000
-0.040715 0.061995 0.400317 -0.117401 -0.946124 -0.301771 2.000000
-0.041280 0.055771 0.394902 0.741933 0.130587 -0.657634 2.000000
-0.035131 0.058146 0.396962 0.720190 -0.137067 -0.680102 2.000000
-0.034289 0.065089 0.392713 0.835170 -0.368260 -0.408505 2.000000
-0.036234 0.055668 0.396199 -0.477946 0.082134 0.874541 2.000000
-0.045160 0.059393 0.393435 -0.409626 -0.282177 0.867515 2.000000
-0.038257 0.054836 0.395348 0.585889 -0.352601 -0.729662 2.000000
-0.036437 0.065570 0.391209 0.797776 -0.321599 -0.510027 2.000000
-0.036251 0.058552 0.394996 0.769190 -0.456675 -0.446984 2.000000
-0.035998 0.065825 0.392643 0.869335 -0.286459 -0.402737 2.000000
-0.036329 0.060699 0.400468 -0.131579 -0.964505 -0.228949 2.000000
-0.042944 0.062374 0.397721 0.503413 -0.853847 -0.132366 2.000000
-0.035844 0.060898 0.393253 0.822798 -0.370500 -0.430967 2.000000
-0.034964 0.066978 0.393112 0.765555 -0.204597 -0.609972 2.000000
-0.034412 0.066665 0.394315 0.667596 -0.424486 -0.611659 2.000000
-0.043465 0.056984 0.399191 -0.612723 0.249926 -0.749738 2.000000
-0.036087 0.061480 0.398757 0.002943 -0.820041 -0.572297 2.000000
-0.041699 0.060644 0.395537 -0.562489 -0.554005 0.613746 2.000000
-0.041362 0.063052 0.395279 -0.102011 -0.993880 0.042378 2.000000
-0.036363 0.061942 0.398088 -0.010137 -0.863552 -0.504159 2.000000
-0.038903 0.060837 0.404941 -0.014954 0.998581 -0.051103 2.000000
-0.044757 0.063489 0.395323 0.157155 0.188108 -0.969493 2.000000
-0.036734 0.062475 0.397015 -0.066420 -0.889723 -0.451644 2.000000
-0.039230 0.055198 0.394153 -0.525337 0.708389 0.471388 2.000000
-0.040491 0.059901 0.395965 0.707089 0.435580 -0.557042 2.000000
-0.039969 0.054951 0.396806 0.831665 -0.007992 0.555220 2.000000
-0.038812 0.059178 0.389512 0.744563 -0.528965 -0.407213 2.000000
-0.035889 0.055068 0.396428 0.575920 -0.170281 -0.799575 2.000000
-0.043708 0.063098 0.395545 0.319216 -0.281133 -0.905022 2.000000
-0.042796 0.059972 0.404456 -0.492517 0.769964 0.405686 2.000000
-0.038483 0.063679 0.393535 0.082573 -0.959279 -0.270121 2.000000
-0.040091 0.061790 0.400138 -0.236304 -0.933774 -0.268750 2.000000
-0.035638 0.060996 0.399668 0.138247 -0.899170 -0.415187 2.000000
-0.043669 0.055638 0.393065 0.500306 0.297509 -0.813131 2.000000
-0.037888 0.061295 0.400446 -0.303518 -0.909775 -0.283172 2.000000
-0.034187 0.065561 0.392400 0.854629 -0.354364 -0.379520 2.000000
-0.042742 0.061802 0.400648 0.089043 -0.962748 -0.255317 2.000000
-0.036018 0.061748 0.392234 0.817205 -0.394454 -0.420217 2.000000
-0.037393 0.064993 0.390555 0.540837 -0.532474 -0.651128 2.000000
-0.034965 0.063510 0.396013 0.560116 -0.609993 -0.560516 2.000000
-0.040183 0.062697 0.397125 -0.023452 -0.966589 -0.255257 2.000000
-0.035097 0.057388 0.397074 -0.692070 0.041135 0.720657 2.000000
-0.038795 0.062206 0.397557 -0.128556 -0.928237 -0.349070 2.000000
-0.038772 0.061553 0.399893 -0.140162 -0.947785 -0.286457 2.000000
-0.037937 0.061133 0.401194 -0.266142 -0.931931 -0.246320 2.000000
-0.047748 0.063057 0.393807 -0.272552 -0.523920 0.806984 2.000000
-0.035080 0.067040 0.393210 0.765555 -0.204597 -0.609972 2.000000
-0.040644 0.061679 0.401020 -0.163953 -0.919971 -0.356052 2.000000
-0.047077 0.062457 0.393542 -0.344632 -0.410590 0.844183 2.000000
-0.038395 0.063410 0.395357 0.013014 -0.944742 -0.327557 2.000000
-0.035539 0.067904 0.392883 0.805790 -0.103338 -0.583116 2.000000
-0.043162 0.061519 0.401173 0.072522 -0.907117 -0.414583 2.000000
-0.034535 0.057788 0.397448 0.880293 -0.084567 -0.466833 2.000000
-0.038105 0.062353 0.397257 0.047077 -0.910760 -0.410244 2.000000
-0.042338 0.058220 0.394243 -0.601647 -0.084810 0.794247 2.000000
-0.038416 0.062350 0.397412 -0.006418 -0.922406 -0.386167 2.000000
-0.034791 0.066008 0.394574 0.747487 -0.379750 -0.545025 2.000000
-0.046404 0.060072 0.393074 -0.365341 -0.328265 0.871073 2.000000
-0.042553 0.059238 0.394039 -0.478616 -0.250102 0.841650 2.000000
-0.036718 0.060873 0.400131 -0.238074 -0.917555 -0.318455 2.000000
-0.037443 0.060417 0.391003 0.812671 -0.446983 -0.373862 2.000000
-0.044491 0.060344 0.394152 -0.390702 -0.351319 0.850839 2.000000
-0.040402 0.056593 0.395598 0.813530 -0.142917 -0.563687 2.000000
-0.036284 0.064240 0.387909 0.802148 -0.557280 -0.214470 2.000000
-0.035633 0.064704 0.390066 0.857581 -0.444890 -0.258122 2.000000
-0.035848 0.063991 0.390611 0.848926 -0.411449 -0.331714 2.000000
-0.036763 0.061417 0.391120 0.798484 -0.444883 -0.405590 2.000000
-0.043658 0.063776 0.393953 0.203520 0.909832 0.361643 2.000000
-0.038449 0.062519 0.396844 0.049855 -0.905625 -0.421138 2.000000
-0.038368 0.060869 0.405227 0.011531 0.998106 -0.060426 2.000000
-0.041343 0.063771 0.392054 -0.037233 0.941576 0.334737 2.000000
-0.040665 0.057283 0.395132 -0.608540 -0.008784 0.793474 2.000000
-0.041818 0.063150 0.393015 -0.113434 -0.950130 -0.290494 2.000000
-0.035602 0.056465 0.396420 -0.627426 0.111176 0.770698 2.000000
-0.033676 0.063332 0.394970 0.742157 -0.381421 -0.551109 2.000000
-0.040676 0.056905 0.395192 -0.635508 0.046974 0.770664 2.000000
-0.032752 0.065459 0.394371 0.690179 -0.379905 -0.615893 2.000000
-0.041777 0.060317 0.395213 -0.546209 -0.398802 0.736622 2.000000
-0.033876 0.063072 0.397648 0.540031 -0.641158 -0.545237 2.000000
-0.037137 0.060501 0.403554 0.403716 0.886427 0.226408 2.000000
-0.041015 0.056575 0.390609 0.476370 -0.737454 -0.478783 2.000000
-0.044801 0.056391 0.399978 -0.647561 0.359223 -0.672029 2.000000
-0.044007 0.059691 0.394050 -0.298737 -0.386227 0.872688 2.000000
-0.040040 0.061216 0.402410 -0.139487 -0.966091 -0.217282 2.000000
-0.039566 0.060820 0.403869 0.010620 -0.995015 -0.099157 2.000000
-0.035882 0.059451 0.394638 0.823242 -0.432124 -0.368161 2.000000
-0.044761 0.062055 0.394531 -0.422866 -0.405238 0.810535 2.000000
-0.042763 0.061520 0.395411 -0.480472 -0.555190 0.678904 2.000000
-0.034749 0.059299 0.396876 0.720985 -0.295671 -0.626705 2.000000
-0.035537 0.062141 0.392785 0.821185 -0.387042 -0.419349 2.000000
-0.037715 0.062524 0.397167 -0.020767 -0.900682 -0.433981 2.000000
-0.039886 0.061314 0.401469 -0.160010 -0.943059 -0.291610 2.000000
-0.036780 0.061507 0.398789 -0.162309 -0.837101 -0.522415 2.000000
-0.039794 0.055022 0.392827 -0.458209 0.772071 0.440398 2.000000
-0.039600 0.062657 0.397405 -0.198702 -0.936189 -0.289946 2.000000
-0.035692 0.054818 0.396672 0.618888 -0.203092 -0.758770 2.000000
-0.034161 0.066431 0.394754 0.638967 -0.466150 -0.611903 2.000000
-0.041777 0.060389 0.395032 -0.533439 -0.399806 0.745384 2.000000
-0.039214 0.060846 0.404333 0.009303 -0.999918 -0.008768 2.000000
-0.048380 0.063192 0.393772 0.235895 0.517714 -0.822390 2.000000
-0.035786 0.061963 0.392479 0.821263 -0.386203 -0.419969 2.000000
-0.044887 0.059770 0.393671 -0.403954 -0.327121 0.854291 2.000000
-0.037794 0.060752 0.404519 0.103529 0.991052 -0.084242 2.000000
-0.039866 0.061834 0.399962 -0.246491 -0.933690 -0.259741 2.000000
-0.040414 0.061819 0.400525 -0.184881 -0.924255 -0.334022 2.000000
-0.035345 0.061520 0.398824 0.185164 -0.805743 -0.562577 2.000000
-0.039219 0.064377 0.390646 -0.074875 0.904723 0.419368 2.000000
-0.043119 0.061915 0.399110 0.319229 -0.928572 -0.189334 2.000000
-0.035222 0.065604 0.393846 0.819275 -0.278362 -0.501301 2.000000
-0.035185 0.060996 0.399958 0.187120 -0.906230 -0.379121 2.000000
-0.038782 0.063454 0.395075 0.113646 -0.961334 -0.250843 2.000000
-0.037008 0.054638 0.395937 0.486288 -0.011901 -0.873718 2.000000
-0.038759 0.064369 0.390716 -0.226447 0.904009 0.362615 2.000000
-0.033891 0.067243 0.391923 0.860108 -0.475907 -0.183650 2.000000
-0.039219 0.063850 0.391772 0.214235 -0.966107 -0.144016 2.000000
-0.047948 0.064030 0.394460 -0.244102 -0.510316 0.824616 2.000000
-0.034410 0.061656 0.395391 0.787657 -0.454459 -0.416009 2.000000
-0.042758 0.059036 0.393906 -0.455676 -0.165329 0.874658 2.000000
-0.039671 0.063532 0.393261 0.319117 -0.929914 -0.182825 2.000000
-0.039929 0.061707 0.400321 -0.236965 -0.925855 -0.294346 2.000000
-0.041829 0.063004 0.396506 0.087344 -0.953561 -0.288258 2.000000
-0.047258 0.063166 0.394059 -0.272745 -0.507051 0.817624 2.000000
-0.040809 0.063254 0.393055 0.252685 -0.957502 -0.139070 2.000000
-0.032206 0.067490 0.393853 0.962915 0.255242 0.087446 2.000000
-0.045733 0.060727 0.393750 -0.415622 -0.307079 0.856131 2.000000
-0.035859 0.061914 0.398249 0.109728 -0.840379 -0.530776 2.000000
-0.039494 0.062458 0.397537 -0.208382 -0.935278 -0.286062 2.000000
-0.041122 0.061830 0.400779 0.000106 -0.946226 -0.323506 2.000000
-0.039566 0.058089 0.396607 0.992829 -0.004485 -0.119461 2.000000
-0.039966 0.055746 0.396521 0.942718 0.015242 0.333243 2.000000
-0.036035 0.063210 0.395547 0.269584 -0.858999 -0.435252 2.000000
-0.034360 0.066078 0.391678 0.864216 -0.323932 -0.384966 2.000000
-0.042839 0.060672 0.397126 0.787571 0.394330 0.473535 2.000000
-0.036322 0.063060 0.395875 0.094152 -0.902363 -0.420566 2.000000
-0.034271 0.061633 0.399163 0.282127 -0.804998 -0.521903 2.000000
-0.035679 0.060893 0.399913 0.112348 -0.920121 -0.375174 2.000000
-0.038089 0.060694 0.403719 -0.163474 -0.986514 0.008099 2.000000
-0.035935 0.060664 0.400370 -0.008678 -0.961028 -0.276316 2.000000
-0.040353 0.060384 0.406575 -0.294933 0.950272 0.099989 2.000000
-0.034679 0.061181 0.399918 0.272966 -0.860387 -0.430377 2.000000
-0.039753 0.062403 0.398015 -0.215936 -0.937952 -0.271324 2.000000
-0.035560 0.057870 0.396461 0.707263 -0.160998 -0.688374 2.000000
-0.035040 0.062552 0.393326 0.812780 -0.386790 -0.435641 2.000000
-0.034825 0.064160 0.395618 0.671982 -0.513974 -0.533171 2.000000
-0.044160 0.058650 0.393768 -0.295992 -0.251943 0.921365 2.000000
-0.041703 0.062130 0.398480 0.049259 -0.963087 -0.264644 2.000000
-0.043101 0.063479 0.394649 -0.212406 -0.940434 -0.265457 2.000000
-0.047389 0.061651 0.393167 0.335917 0.297031 -0.893830 2.000000
-0.044293 0.057903 0.400514 0.818572 -0.109260 0.563917 2.000000
-0.042162 0.063076 0.396056 0.085873 -0.963316 -0.254261 2.000000
-0.038731 0.060881 0.403055 -0.156780 -0.980672 -0.117061 2.000000
-0.035898 0.065008 0.388107 0.895649 -0.381615 -0.228436 2.000000
-0.039150 0.063843 0.392116 0.219505 -0.972544 -0.077307 2.000000
-0.042192 0.054371 0.397878 -0.397873 0.033916 -0.916813 2.000000
-0.043107 0.054975 0.398337 0.465368 -0.079259 0.881561 2.000000
-0.036538 0.055410 0.396088 0.475619 -0.057890 -0.877744 2.000000
-0.036151 0.065387 0.392725 0.817257 -0.337773 -0.466904 2.000000
-0.042045 0.058972 0.394778 -0.687930 -0.126864 0.714604 2.000000
-0.035888 0.062016 0.392173 0.819744 -0.390940 -0.418552 2.000000
-0.045819 0.058305 0.392831 0.423254 0.299987 -0.854906 2.000000
-0.044331 0.059445 0.393818 -0.318113 -0.312793 0.894966 2.000000
-0.044409 0.058024 0.393442 -0.386816 -0.277969 0.879265 2.000000
-0.035243 0.065261 0.393824 0.827552 -0.298239 -0.475616 2.000000
-0.036655 0.064761 0.392122 0.755708 -0.512537 -0.407691 2.000000
-0.040748 0.062141 0.399277 -0.012662 -0.973920 -0.226536 2.000000
-0.036041 0.064917 0.387850 0.880509 -0.415196 -0.228726 2.000000
-0.039207 0.062274 0.387639 0.641566 -0.387901 -0.661760 2.000000
-0.038012 0.060755 0.404096 -0.146363 -0.987692 0.055165 2.000000
-0.038291 0.064568 0.390776 -0.346382 0.820877 0.454071 2.000000
-0.040455 0.060718 0.404504 0.073006 -0.992240 -0.100644 2.000000
-0.042292 0.062898 0.396262 0.274488 -0.914607 -0.296900 2.000000
-0.039842 0.058233 0.395771 0.699191 0.222859 -0.679313 2.000000
-0.038743 0.061071 0.401750 -0.150821 -0.956526 -0.249623 2.000000
-0.039417 0.061029 0.402535 -0.145483 -0.970402 -0.192758 2.000000
-0.035689 0.060098 0.394357 0.849405 -0.388137 -0.357577 2.000000
-0.041272 0.061312 0.402342 0.077146 -0.935394 -0.345090 2.000000
-0.043801 0.056048 0.393115 0.503261 0.284924 -0.815811 2.000000
-0.034827 0.062270 0.394087 0.804069 -0.410434 -0.430136 2.000000
-0.036964 0.062362 0.397314 -0.066274 -0.895027 -0.441060 2.000000
-0.034207 0.062134 0.395311 0.847341 -0.391886 -0.358383 2.000000
-0.036126 0.060575 0.401329 -0.138719 -0.980608 -0.138436 2.000000
-0.040145 0.059349 0.396214 0.832690 0.380393 -0.402403 2.000000
-0.043220 0.061244 0.401404 0.109381 -0.871963 -0.477197 2.000000
-0.035596 0.064007 0.390974 0.837368 -0.396410 -0.376397 2.000000
-0.035992 0.066285 0.392091 0.901547 -0.163107 -0.400759 2.000000
-0.041873 0.062267 0.398305 0.049216 -0.961138 -0.271647 2.000000
-0.035398 0.062861 0.396572 0.277215 -0.811519 -0.514381 2.000000
-0.043182 0.060511 0.394741 -0.304749 -0.459305 0.834366 2.000000
-0.040441 0.058512 0.395585 -0.512040 -0.222726 0.829583 2.000000
-0.042236 0.061838 0.400554 0.094461 -0.964795 -0.245454 2.000000
-0.035999 0.055580 0.396312 -0.596399 0.174052 0.783591 2.000000
-0.033739 0.060160 0.397425 0.691673 -0.289091 -0.661827 2.000000
-0.034695 0.066273 0.394333 0.712313 -0.405728 -0.572708 2.000000
-0.040473 0.062903 0.394605 0.200194 -0.973428 -0.111180 2.000000
-0.034745 0.060669 0.395847 0.806369 -0.404215 -0.431718 2.000000
-0.035071 0.066546 0.393727 0.713929 -0.345743 -0.608906 2.000000
-0.040437 0.062922 0.396111 0.037222 -0.985587 -0.165021 2.000000
-0.037559 0.060627 0.402895 -0.206192 -0.965680 -0.157946 2.000000
-0.032833 0.059862 0.398218 0.987932 -0.001902 -0.154877 2.000000
-0.035195 0.060609 0.400678 -0.116817 0.956525 0.267232 2.000000
-0.043515 0.057932 0.393655 -0.327892 -0.205152 0.922171 2.000000
-0.040788 0.060864 0.403747 0.055229 -0.971695 -0.229692 2.000000
-0.043047 0.060931 0.402212 0.173559 -0.880980 -0.440173 2.000000
-0.034012 0.062262 0.398515 0.338314 -0.756284 -0.559981 2.000000
-0.037912 0.063061 0.388614 0.593967 -0.586028 -0.551157 2.000000
-0.035692 0.064908 0.389217 0.878058 -0.433441 -0.202840 2.000000
-0.035950 0.061151 0.399182 -0.008638 -0.860184 -0.509911 2.000000
-0.037000 0.064396 0.392270 0.527559 -0.756023 -0.387441 2.000000
-0.046183 0.063181 0.394454 -0.406728 -0.462373 0.787898 2.000000
-0.036594 0.064430 0.392750 0.606481 -0.634622 -0.478995 2.000000
-0.041954 0.060596 0.395328 -0.513717 -0.481071 0.710398 2.000000
-0.045426 0.057996 0.392925 0.444770 0.311473 -0.839741 2.000000
-0.035986 0.063183 0.395798 0.216252 -0.870248 -0.442610 2.000000
-0.042522 0.061010 0.395223 -0.407606 -0.576725 0.707987 2.000000
-0.035952 0.060956 0.399563 -0.004392 -0.907480 -0.420072 2.000000
-0.041793 0.061938 0.400400 0.117357 -0.964028 -0.238490 2.000000
-0.034249 0.062932 0.397349 0.549270 -0.646055 -0.530014 2.000000
-0.040959 0.061092 0.402901 0.044665 -0.958990 -0.279900 2.000000
-0.032094 0.065670 0.394607 0.993456 0.012308 0.113546 2.000000
-0.040430 0.061296 0.401956 -0.143134 -0.956831 -0.252957 2.000000
-0.038172 0.061245 0.400918 -0.222418 -0.927915 -0.299172 2.000000
-0.037606 0.061454 0.389131 0.805544 -0.320871 -0.498138 2.000000
-0.039111 0.062441 0.397153 -0.167628 -0.921040 -0.351547 2.000000
-0.032889 0.063638 0.395415 0.978444 -0.198956 0.055355 2.000000
-0.042419 0.061811 0.400152 0.119959 -0.973377 -0.195312 2.000000
-0.037201 0.062221 0.389413 0.764001 -0.356291 -0.537921 2.000000
-0.037409 0.061379 0.389988 0.824530 -0.407016 -0.393049 2.000000
-0.035987 0.061748 0.398427 0.061498 -0.823407 -0.564109 2.000000
-0.042387 0.060752 0.403514 0.268162 -0.910341 -0.315227 2.000000
-0.034334 0.061462 0.399416 0.290468 -0.828505 -0.478756 2.000000
-0.033882 0.066594 0.392250 0.891404 -0.295491 -0.343633 2.000000
-0.036198 0.059865 0.393521 0.791686 -0.418868 -0.444729 2.000000
-0.035190 0.065338 0.390433 0.869611 -0.384936 -0.309194 2.000000
-0.041082 0.060663 0.404832 0.226980 -0.951854 -0.206042 2.000000
-0.040399 0.059232 0.395856 0.699960 0.343943 -0.625907 2.000000
-0.035583 0.062203 0.397720 0.183531 -0.864994 -0.467014 2.000000
-0.037665 0.062184 0.397791 -0.039862 -0.922080 -0.384942 2.000000
-0.034163 0.058881 0.400182 0.780589 0.221593 0.584446 2.000000
-0.041385 0.060692 0.404156 0.208131 -0.945568 -0.250166 2.000000
-0.036056 0.064638 0.388161 0.872647 -0.443277 -0.204921 2.000000
-0.037159 0.063356 0.394701 0.045657 -0.954152 -0.295819 2.000000
-0.038726 0.055454 0.394444 0.736767 -0.324339 -0.593278 2.000000
-0.044378 0.058608 0.399749 0.851681 0.040962 0.522457 2.000000
-0.039955 0.062815 0.396752 -0.036656 -0.970701 -0.237479 2.000000
-0.044730 0.060035 0.393858 -0.375909 -0.346688 0.859360 2.000000
-0.047589 0.062978 0.393782 -0.289258 -0.507335 0.811752 2.000000
-0.033860 0.064507 0.396518 0.666438 -0.445101 -0.598118 2.000000
-0.041748 0.059950 0.405208 -0.423590 0.865465 0.267473 2.000000
-0.042939 0.059368 0.393945 -0.307254 -0.321236 0.895769 2.000000
-0.035294 0.060471 0.401202 -0.004058 0.975901 0.218174 2.000000
-0.036382 0.061466 0.398764 -0.091067 -0.823752 -0.559589 2.000000
-0.042531 0.062516 0.398005 0.189890 -0.954776 -0.228790 2.000000
-0.041347 0.060576 0.395805 -0.605931 -0.673516 0.423348 2.000000
-0.039392 0.062203 0.398572 -0.212666 -0.943571 -0.253865 2.000000
-0.036604 0.058906 0.393780 0.781144 -0.472643 -0.407949 2.000000
-0.036017 0.064098 0.393912 0.603297 -0.685951 -0.406822 2.000000
-0.043101 0.063477 0.395073 -0.044385 -0.929150 -0.367030 2.000000
-0.037831 0.061643 0.399475 -0.226239 -0.926073 -0.302003 2.000000
-0.036290 0.061277 0.399123 -0.061073 -0.853674 -0.517215 2.000000
-0.033308 0.067104 0.393347 0.773891 -0.623766 0.109583 2.000000
-0.044461 0.062173 0.394847 -0.436453 -0.395186 0.808292 2.000000
-0.036926 0.063946 0.393215 0.267751 -0.876398 -0.400295 2.000000
-0.045652 0.059828 0.393367 -0.390264 -0.336564 0.856983 2.000000
-0.041923 0.060971 0.402526 0.208392 -0.928032 -0.308754 2.000000
-0.041176 0.060943 0.403293 0.081095 -0.958184 -0.274421 2.000000
-0.042363 0.060237 0.394819 -0.400851 -0.461156 0.791614 2.000000
-0.046014 0.063404 0.394802 -0.425223 -0.426368 0.798371 2.000000
-0.043559 0.060986 0.394819 -0.371428 -0.410918 0.832579 2.000000
-0.038594 0.067555 0.391392 0.473563 0.266994 -0.839317 2.000000
-0.040143 0.056436 0.396237 0.998685 0.050263 0.010073 2.000000
-0.042140 0.062819 0.397071 0.206960 -0.942067 -0.263963 2.000000
-0.038743 0.063327 0.395651 0.067020 -0.937905 -0.340356 2.000000
-0.035449 0.065464 0.389258 0.898388 -0.379023 -0.221904 2.000000
-0.039871 0.060859 0.406733 -0.225207 0.972602 0.057685 2.000000
-0.043149 0.060148 0.394504 -0.267560 -0.510586 0.817138 2.000000
-0.040848 0.054632 0.397427 -0.473639 -0.006244 -0.880697 2.000000
-0.036143 0.067822 0.391947 0.749492 0.121234 -0.650818 2.000000
-0.042125 0.060158 0.404798 -0.439265 0.842510 0.311806 2.000000
-0.036155 0.058991 0.394556 0.795435 -0.463584 -0.390349 2.000000
-0.043315 0.055723 0.393304 0.487652 0.288937 -0.823840 2.000000
-0.035488 0.064949 0.389821 0.879672 -0.413159 -0.235536 2.000000
-0.041943 0.062942 0.396821 0.114034 -0.956803 -0.267439 2.000000
-0.044303 0.059816 0.393928 -0.375260 -0.329250 0.866472 2.000000
-0.043628 0.062048 0.395306 -0.493479 -0.359154 0.792141 2.000000
-0.041618 0.058667 0.395052 -0.587514 -0.183882 0.788045 2.000000
-0.035905 0.067625 0.392048 0.767085 0.102456 -0.633312 2.000000
-0.045997 0.060136 0.393303 -0.384393 -0.335974 0.859862 2.000000
-0.042036 0.061927 0.399652 0.146941 -0.974019 -0.172325 2.000000
-0.041270 0.062301 0.398985 0.082076 -0.974312 -0.209714 2.000000
-0.033779 0.062453 0.398431 0.397244 -0.729775 -0.556440 2.000000
-0.034713 0.056854 0.397333 0.808424 -0.092719 -0.581251 2.000000
-0.034558 0.065660 0.391544 0.854028 -0.359244 -0.376272 2.000000
-0.042594 0.055057 0.398101 0.440133 -0.062849 0.895731 2.000000
-0.033618 0.065044 0.393935 0.716560 -0.392201 -0.576819 2.000000
-0.042836 0.061623 0.401050 0.096417 -0.924867 -0.367865 2.000000
-0.036306 0.064129 0.388292 0.828672 -0.528238 -0.185116 2.000000
-0.041116 0.054452 0.397513 -0.424218 0.018231 -0.905377 2.000000
-0.042205 0.057902 0.398060 -0.568442 -0.102881 -0.816265 2.000000
-0.041351 0.062866 0.394451 -0.026251 -0.999554 0.014211 2.000000
-0.035042 0.065157 0.394639 0.800940 -0.329729 -0.499774 2.000000
-0.043732 0.063406 0.395364 0.038275 -0.708880 -0.704290 2.000000
-0.036262 0.067040 0.391708 0.812755 0.006678 -0.582567 2.000000
-0.037620 0.062092 0.389013 0.755434 -0.293474 -0.585826 2.000000
-0.035290 0.055680 0.396972 0.660340 -0.206156 -0.722115 2.000000
-0.038303 0.057726 0.392919 0.686012 -0.538462 -0.489332 2.000000
-0.037817 0.063674 0.393722 0.058459 -0.959734 -0.274762 2.000000
-0.042896 0.062136 0.398686 0.257105 -0.926457 -0.274907 2.000000
-0.036959 0.060505 0.402711 -0.225849 -0.959544 -0.168131 2.000000
-0.038732 0.063544 0.394697 0.120179 -0.977657 -0.172467 2.000000
-0.037819 0.060478 0.403104 -0.213466 -0.971929 -0.098926 2.000000
-0.035945 0.064244 0.393647 0.653969 -0.620631 -0.432599 2.000000
-0.042885 0.059903 0.394400 -0.294797 -0.497464 0.815858 2.000000
-0.039396 0.061567 0.400144 -0.214911 -0.939839 -0.265548 2.000000
-0.044661 0.057682 0.393146 -0.433836 -0.313560 0.844670 2.000000
-0.040822 0.056474 0.397273 0.586806 0.018079 0.809526 2.000000
-0.037044 0.064198 0.392630 0.363842 -0.853176 -0.373778 2.000000
-0.042906 0.061789 0.400834 0.085539 -0.956228 -0.279841 2.000000
-0.035660 0.066998 0.392898 0.820924 -0.147333 -0.551703 2.000000
-0.036260 0.064188 0.388708 0.824779 -0.531845 -0.192042 2.000000
-0.040908 0.061228 0.402585 0.029697 -0.949459 -0.312482 2.000000
-0.035257 0.063737 0.391936 0.836748 -0.371096 -0.402667 2.000000
-0.034653 0.061305 0.399741 0.272966 -0.860387 -0.430377 2.000000
-0.033805 0.065910 0.395595 0.673767 -0.418928 -0.608718 2.000000
-0.041776 0.059845 0.395106 -0.623022 -0.240144 0.744429 2.000000
-0.044284 0.060415 0.394278 -0.380426 -0.358269 0.852595 2.000000
-0.047116 0.060245 0.392967 0.347889 0.302992 -0.887226 2.000000
-0.039439 0.062650 0.397244 -0.183871 -0.918472 -0.350145 2.000000
-0.033724 0.066621 0.392660 0.892467 -0.281241 -0.352714 2.000000
-0.036272 0.065870 0.391895 0.876622 -0.279655 -0.391570 2.000000
-0.033897 0.065445 0.393117 0.832499 -0.323891 -0.449489 2.000000
-0.035018 0.063043 0.396426 0.475038 -0.677809 -0.561172 2.000000
-0.032328 0.066147 0.394150 0.639032 -0.242053 -0.730102 2.000000
-0.036908 0.058128 0.394241 0.728688 -0.520328 -0.445277 2.000000
-0.034333 0.059491 0.397182 0.694221 -0.285426 -0.660749 2.000000
-0.039715 0.057801 0.390473 0.634313 -0.623036 -0.457682 2.000000
-0.042515 0.060819 0.403177 0.229974 -0.929760 -0.287505 2.000000
-0.038273 0.064077 0.391934 0.190358 -0.974549 -0.118400 2.000000
-0.040866 0.062907 0.396348 -0.047819 -0.982012 -0.182665 2.000000
-0.039385 0.054896 0.393888 0.310012 -0.836373 -0.452076 2.000000
-0.040893 0.059713 0.395522 -0.572140 -0.318681 0.755711 2.000000
-0.044604 0.061939 0.394587 -0.439239 -0.384410 0.811972 2.000000
-0.038262 0.059686 0.389954 0.756176 -0.536876 -0.374116 2.000000
-0.034610 0.062329 0.397977 0.314703 -0.819555 -0.478844 2.000000
-0.032788 0.067664 0.393683 -0.156959 -0.958900 0.236380 2.000000
-0.038958 0.062782 0.396086 -0.004932 -0.914899 -0.403653 2.000000
-0.041289 0.054818 0.397554 -0.372845 0.009444 -0.927846 2.000000
-0.046163 0.062333 0.394000 -0.416147 -0.378872 0.826606 2.000000
-0.035338 0.065170 0.390066 0.869708 -0.401405 -0.287196 2.000000
-0.034636 0.065887 0.391198 0.863074 -0.342117 -0.371563 2.000000
-0.039396 0.055566 0.393667 -0.456924 0.714950 0.529214 2.000000
-0.034820 0.064926 0.391667 0.840335 -0.385786 -0.380796 2.000000
-0.034804 0.065972 0.390706 0.873688 -0.352167 -0.335630 2.000000
-0.040898 0.058957 0.397097 -0.510875 -0.307640 -0.802723 2.000000
-0.041276 0.057427 0.394843 -0.513969 -0.148067 0.844933 2.000000
-0.037245 0.063995 0.392915 0.174794 -0.919535 -0.351998 2.000000
-0.035284 0.061197 0.394165 0.834252 -0.386091 -0.393647 2.000000
-0.036828 0.057250 0.395625 -0.649191 0.375213 0.661639 2.000000
-0.037817 0.063140 0.395912 -0.023613 -0.927537 -0.372985 2.000000
-0.033838 0.060897 0.397159 0.831883 -0.091210 -0.547404 2.000000
-0.041638 0.055182 0.394200 -0.634639 -0.276431 0.721679 2.000000
-0.039854 0.062198 0.398996 -0.186192 -0.939453 -0.287681 2.000000
-0.035490 0.065506 0.393492 0.794024 -0.259215 -0.549848 2.000000
-0.042370 0.059265 0.394229 -0.642570 -0.217925 0.734583 2.000000
-0.034844 0.062527 0.393766 0.806960 -0.394281 -0.439724 2.000000
-0.036406 0.057055 0.395950 -0.597163 0.264889 0.757120 2.000000
-0.042500 0.059873 0.394494 -0.433715 -0.446397 0.782701 2.000000
-0.034889 0.060361 0.395836 0.815515 -0.370225 -0.444825 2.000000
-0.041929 0.055519 0.397781 0.434412 -0.110678 0.893888 2.000000
-0.042152 0.061341 0.396001 0.608367 0.651292 -0.453551 2.000000
-0.037660 0.060550 0.390346 0.824385 -0.431798 -0.365979 2.000000
-0.042457 0.056464 0.398440 0.553776 -0.184609 0.811943 2.000000
-0.044028 0.061293 0.401362 0.485325 -0.763879 -0.425381 2.000000
-0.034103 0.066409 0.391955 0.875657 -0.309798 -0.370474 2.000000
-0.042011 0.057147 0.398197 0.596447 -0.044950 0.801393 2.000000
-0.040335 0.061977 0.400097 -0.189584 -0.947132 -0.258841 2.000000
-0.037568 0.056945 0.394665 0.689915 -0.485488 -0.536953 2.000000
-0.039408 0.063783 0.393051 0.270495 -0.947414 -0.170997 2.000000
-0.039237 0.060830 0.403934 -0.008919 -0.998224 -0.058901 2.000000
-0.043799 0.063753 0.394505 0.111349 0.859358 0.499104 2.000000
-0.038347 0.060637 0.388503 0.709356 -0.344019 -0.615196 2.000000
-0.033499 0.059113 0.398298 0.808120 -0.486699 -0.331763 2.000000
-0.038145 0.061252 0.400606 -0.274386 -0.921798 -0.273865 2.000000
-0.040278 0.055032 0.395936 0.922128 -0.262054 -0.284619 2.000000
-0.047096 0.064308 0.394695 0.309351 0.258188 -0.915227 2.000000
-0.040159 0.064918 0.391020 -0.061111 0.918165 0.391456 2.000000
-0.042092 0.058492 0.394665 -0.690139 -0.128182 0.712235 2.000000
-0.033771 0.066267 0.392816 0.887003 -0.275517 -0.370561 2.000000
-0.042475 0.054657 0.393185 0.338451 0.932327 -0.127344 2.000000
-0.043935 0.054393 0.398803 -0.479297 0.034121 -0.876989 2.000000
-0.042165 0.060313 0.404389 0.379228 -0.841420 -0.384966 2.000000
-0.038742 0.063723 0.393521 0.108464 -0.952876 -0.283306 2.000000
-0.041630 0.060962 0.402908 0.159480 -0.946412 -0.280837 2.000000
-0.035267 0.056547 0.396567 -0.646856 0.105051 0.755342 2.000000
-0.040134 0.060721 0.406424 0.272243 -0.960495 -0.057727 2.000000
-0.039141 0.056823 0.400366 0.198838 0.880829 -0.429655 2.000000
-0.035287 0.066385 0.393630 0.749628 -0.294623 -0.592667 2.000000
-0.033542 0.064904 0.394191 0.743532 -0.380101 -0.550167 2.000000
-0.039973 0.063699 0.392007 0.323952 -0.915048 -0.240295 2.000000
-0.035535 0.054892 0.397634 0.835001 -0.482139 -0.265170 2.000000
-0.039886 0.062642 0.397436 -0.173940 -0.944890 -0.277358 2.000000
-0.041458 0.062793 0.394111 -0.017814 -0.997341 -0.070670 2.000000
-0.034788 0.061336 0.399514 -0.263792 0.853195 0.449969 2.000000
-0.039623 0.060860 0.403357 -0.066086 -0.983322 -0.169439 2.000000
-0.034929 0.065580 0.390871 0.863817 -0.368510 -0.343540 2.000000
-0.035740 0.060009 0.394272 0.839286 -0.402976 -0.364979 2.000000
-0.040630 0.060082 0.395974 0.685608 0.520377 -0.509067 2.000000
-0.035742 0.066282 0.392945 0.822150 -0.304587 -0.480933 2.000000
-0.035439 0.065071 0.390302 0.865171 -0.404431 -0.296505 2.000000
-0.044691 0.057403 0.392985 0.435741 0.306960 -0.846112 2.000000
-0.037482 0.062852 0.389000 0.649921 -0.512846 -0.560885 2.000000
-0.042589 0.060917 0.402238 0.190716 -0.918720 -0.345805 2.000000
-0.043988 0.057776 0.393531 -0.370806 -0.262268 0.890909 2.000000
-0.033621 0.065405 0.393669 0.786823 -0.353382 -0.505996 2.000000
-0.035813 0.065050 0.388334 0.895649 -0.381615 -0.228436 2.000000
-0.036443 0.063531 0.394783 0.267565 -0.866418 -0.421580 2.000000
-0.035818 0.057615 0.396234 -0.680237 0.188199 0.708420 2.000000
-0.034940 0.064943 0.391357 0.841158 -0.392110 -0.372429 2.000000
-0.043592 0.062685 0.395572 -0.500247 0.139346 0.854597 2.000000
-0.034615 0.062825 0.397189 0.450165 -0.730170 -0.514007 2.000000
-0.035488 0.063277 0.391832 0.837227 -0.358880 -0.412622 2.000000
-0.041470 0.058201 0.394952 -0.519834 -0.231363 0.822340 2.000000
-0.034743 0.061395 0.395044 0.805530 -0.432420 -0.405136 2.000000
-0.043581 0.061668 0.400615 0.253232 -0.947703 -0.194248 2.000000
-0.040042 0.063389 0.392581 0.365367 -0.920431 -0.138977 2.000000
-0.036714 0.063764 0.388851 0.664262 -0.699079 -0.264659 2.000000
-0.041973 0.061873 0.400038 0.124950 -0.975430 -0.181450 2.000000
-0.038865 0.061293 0.401273 -0.166943 -0.942478 -0.289594 2.000000
-0.034210 0.063074 0.397230 0.562041 -0.608573 -0.560133 2.000000
-0.040490 0.063337 0.393215 0.344131 -0.931295 -0.119427 2.000000
-0.041247 0.054580 0.394067 -0.190025 -0.957367 0.217575 2.000000
-0.044244 0.061299 0.400726 0.570185 -0.805972 -0.159055 2.000000
-0.041912 0.054942 0.393771 0.588291 0.584736 -0.558567 2.000000
-0.048105 0.063570 0.394149 0.245331 0.527832 -0.813146 2.000000
-0.033416 0.064686 0.396744 0.678594 -0.436864 -0.590474 2.000000
-0.047815 0.063219 0.393929 0.253699 0.535391 -0.805601 2.000000
-0.044421 0.062908 0.395260 -0.296847 -0.234137 0.925776 2.000000
-0.036570 0.061862 0.390974 0.804041 -0.437559 -0.402567 2.000000
-0.037394 0.064263 0.391619 0.426093 -0.829305 -0.361522 2.000000
-0.034211 0.061868 0.398861 0.288483 -0.796722 -0.531048 2.000000
-0.039437 0.063466 0.394403 0.265591 -0.945936 -0.186192 2.000000
-0.034800 0.065800 0.394714 0.764153 -0.371305 -0.527449 2.000000
-0.036065 0.064944 0.393114 0.776256 -0.322499 -0.541684 2.000000
-0.046100 0.061156 0.393642 -0.403376 -0.295562 0.865986 2.000000
-0.034745 0.067108 0.393806 0.683423 -0.343475 -0.644172 2.000000
-0.034628 0.062079 0.398456 0.272551 -0.785850 -0.555117 2.000000
-0.045722 0.059366 0.393160 -0.398210 -0.291932 0.869601 2.000000
-0.040235 0.061506 0.401249 -0.161964 -0.933424 -0.320136 2.000000
-0.045142 0.059930 0.393623 -0.388498 -0.352906 0.851191 2.000000
-0.040557 0.063049 0.395135 0.077072 -0.996905 -0.015528 2.000000
-0.038744 0.058288 0.391388 0.702695 -0.581744 -0.409626 2.000000
-0.043018 0.054377 0.398287 0.461826 -0.024860 0.886622 2.000000
-0.036273 0.060190 0.393122 0.794149 -0.405505 -0.452651 2.000000
-0.040455 0.060659 0.405835 -0.325508 0.939796 0.104060 2.000000
-0.039541 0.062285 0.397826 -0.232622 -0.928714 -0.288751 2.000000
-0.036748 0.060751 0.400509 -0.251485 -0.943020 -0.217871 2.000000
-0.041331 0.060018 0.395533 0.595123 0.391407 -0.701875 2.000000
-0.035049 0.057856 0.397075 0.700723 -0.088945 -0.707867 2.000000
-0.035106 0.056709 0.396760 -0.659676 0.070725 0.748215 2.000000
-0.041837 0.060873 0.395579 -0.566722 -0.557986 0.606199 2.000000
-0.043695 0.059875 0.398417 0.848926 0.018339 0.528193 2.000000
-0.044325 0.059513 0.401520 0.904082 0.039324 -0.425546 2.000000
-0.034711 0.059739 0.396700 0.740603 -0.295083 -0.603684 2.000000
-0.037746 0.063230 0.395678 -0.077424 -0.940925 -0.329645 2.000000
-0.040134 0.054322 0.396806 0.752104 -0.558437 0.349982 2.000000
-0.035801 0.065561 0.393127 0.795584 -0.284245 -0.535025 2.000000
-0.043193 0.057692 0.398864 -0.634766 0.000118 -0.772705 2.000000
-0.039390 0.060933 0.406149 -0.134706 0.990390 0.031323 2.000000
-0.035168 0.065011 0.390869 0.844661 -0.413132 -0.340396 2.000000
-0.039658 0.058510 0.396073 0.795112 0.327431 -0.510476 2.000000
-0.043271 0.061725 0.399656 0.277802 -0.953623 -0.115882 2.000000
-0.042335 0.063284 0.395221 -0.127443 -0.975098 -0.181501 2.000000
-0.040229 0.060828 0.403773 -0.006000 -0.982195 -0.187767 2.000000
-0.041790 0.062006 0.399513 0.145302 -0.972474 -0.182157 2.000000
-0.037729 0.062036 0.398465 -0.119717 -0.918404 -0.377096 2.000000
-0.034152 0.063441 0.394187 0.804585 -0.335512 -0.489975 2.000000
-0.044925 0.058012 0.393153 -0.434767 -0.307702 0.846344 2.000000
-0.042109 0.056672 0.398379 0.568493 -0.140266 0.810642 2.000000
-0.037330 0.062149 0.397948 -0.080592 -0.920643 -0.381997 2.000000
-0.039847 0.063646 0.392458 0.353431 -0.924627 -0.141956 2.000000
-0.041816 0.060426 0.396747 -0.519425 -0.765440 -0.379867 2.000000
-0.035663 0.063988 0.394746 0.616352 -0.635837 -0.464565 2.000000
-0.033458 0.066047 0.395789 0.683786 -0.433296 -0.587104 2.000000
-0.044535 0.060975 0.400575 0.745649 -0.656445 -0.114401 2.000000
-0.046289 0.060551 0.393326 -0.363561 -0.307100 0.879496 2.000000
-0.033893 0.063187 0.397399 0.582693 -0.581955 -0.567272 2.000000
-0.034516 0.062846 0.394004 0.799792 -0.395546 -0.451527 2.000000
-0.039259 0.061293 0.401290 -0.154841 -0.942552 -0.296005 2.000000
-0.034909 0.064566 0.395119 0.709112 -0.440510 -0.550554 2.000000
-0.043481 0.060973 0.402059 0.218788 -0.841219 -0.494451 2.000000
-0.046833 0.062162 0.393654 -0.380483 -0.366286 0.849157 2.000000
-0.035023 0.063983 0.395580 0.649541 -0.535725 -0.539532 2.000000
-0.044914 0.063775 0.395263 0.117005 0.045946 -0.992068 2.000000
-0.037046 0.063818 0.393517 0.212676 -0.920395 -0.328089 2.000000
-0.039574 0.058758 0.396550 0.807221 0.426471 -0.408064 2.000000
-0.042954 0.061991 0.396139 0.932560 0.244252 -0.265843 2.000000
-0.034675 0.063045 0.396793 0.521452 -0.654715 -0.547207 2.000000
-0.046249 0.059386 0.392938 0.366320 0.305600 -0.878874 2.000000
-0.036031 0.063141 0.390853 0.842677 -0.380007 -0.381430 2.000000
-0.036256 0.061103 0.399369 -0.082531 -0.883392 -0.461311 2.000000
-0.036311 0.060529 0.401738 -0.208282 -0.969534 -0.128931 2.000000
-0.034679 0.065974 0.394806 0.705603 -0.412664 -0.576049 2.000000
-0.044653 0.060439 0.400095 0.956766 -0.264923 0.120063 2.000000
-0.042174 0.061431 0.401423 0.156916 -0.888435 -0.431347 2.000000
-0.034776 0.057795 0.397233 0.732685 -0.093659 -0.674092 2.000000
-0.037966 0.056593 0.394521 0.709741 -0.436528 -0.552911 2.000000
-0.043088 0.061179 0.397056 0.937114 0.026638 0.348006 2.000000
-0.047499 0.063519 0.394186 -0.226879 -0.511311 0.828907 2.000000
-0.036230 0.063828 0.389370 0.789050 -0.547931 -0.277797 2.000000
-0.041812 0.062467 0.397671 0.034306 -0.953243 -0.300251 2.000000
-0.046978 0.062924 0.393993 -0.314480 -0.488865 0.813704 2.000000
-0.038867 0.060848 0.404536 -0.026831 -0.999265 0.027365 2.000000
-0.037269 0.066106 0.390744 0.724921 -0.089191 -0.683034 2.000000
-0.034620 0.062247 0.398222 0.292125 -0.798000 -0.527123 2.000000
-0.041692 0.058464 0.397536 -0.429168 -0.241594 -0.870314 2.000000
-0.043592 0.060589 0.394610 -0.316142 -0.430485 0.845421 2.000000
-0.038013 0.063571 0.394431 -0.024212 -0.978288 -0.205832 2.000000
-0.044316 0.054212 0.399007 -0.547382 0.138057 -0.825417 2.000000
-0.042320 0.057227 0.394146 -0.528567 -0.134968 0.838094 2.000000
-0.039886 0.055627 0.396782 0.871659 0.087629 0.482216 2.000000
-0.041561 0.056519 0.397668 0.541332 -0.058357 0.838781 2.000000
-0.038538 0.061489 0.400259 -0.137957 -0.954329 -0.265000 2.000000
-0.034434 0.065633 0.391792 0.852533 -0.353934 -0.384602 2.000000
-0.033737 0.061858 0.396349 0.994844 -0.099636 0.018913 2.000000
-0.041206 0.063051 0.393439 0.121322 -0.962963 -0.240798 2.000000
-0.041839 0.055133 0.391684 0.075457 -0.984216 -0.160078 2.000000
-0.035402 0.060746 0.400298 0.132120 -0.940929 -0.311764 2.000000
-0.042434 0.061225 0.395350 -0.441761 -0.629597 0.639105 2.000000
-0.033310 0.067080 0.395474 0.747024 -0.333503 -0.575092 2.000000
-0.035475 0.065069 0.393767 0.805054 -0.328795 -0.493743 2.000000
-0.047016 0.064053 0.394654 0.313092 0.487463 -0.815079 2.000000
-0.045935 0.061422 0.393828 -0.414051 -0.305090 0.857602 2.000000
-0.043275 0.060420 0.403151 -0.441802 0.789913 0.425263 2.000000
-0.034620 0.062319 0.394393 0.794700 -0.422361 -0.435963 2.000000
-0.033683 0.063861 0.397273 0.619363 -0.494416 -0.609871 2.000000
-0.036645 0.060481 0.402589 0.240598 0.953547 0.181277 2.000000
-0.037489 0.064835 0.390925 0.502759 -0.601803 -0.620537 2.000000
-0.034343 0.066479 0.394561 0.649656 -0.454800 -0.609184 2.000000
-0.035348 0.062342 0.392921 0.824166 -0.382291 -0.417856 2.000000
-0.034328 0.058073 0.397614 0.803332 -0.200453 -0.560783 2.000000
-0.043186 0.062115 0.397340 0.738062 -0.674621 0.012294 2.000000
-0.040776 0.054457 0.397384 -0.509997 -0.007813 -0.860140 2.000000
-0.036279 0.055832 0.396183 -0.477946 0.082134 0.874541 2.000000
-0.045156 0.055587 0.399693 -0.464508 0.455850 -0.759232 2.000000
-0.045971 0.063834 0.395096 0.390585 0.390567 -0.833607 2.000000
-0.033711 0.064231 0.396846 0.652413 -0.450673 -0.609304 2.000000
-0.033594 0.062445 0.395918 0.972613 -0.117450 0.200573 2.000000
-0.039910 0.060803 0.405556 0.180103 -0.983549 0.013919 2.000000
-0.042332 0.056105 0.393967 -0.546986 -0.206207 0.811347 2.000000
-0.036049 0.062471 0.391393 0.830504 -0.386664 -0.400941 2.000000
-0.040335 0.054367 0.397138 -0.697860 0.210056 -0.684740 2.000000
-0.037944 0.061929 0.398769 -0.127895 -0.936240 -0.327258 2.000000
-0.042998 0.061763 0.395565 -0.552469 -0.513305 0.656731 2.000000
-0.039203 0.063308 0.395151 0.189012 -0.948815 -0.253032 2.000000
-0.037485 0.063560 0.394409 0.016374 -0.970224 -0.241655 2.000000
-0.041371 0.060098 0.396820 0.559700 0.796230 0.229682 2.000000
-0.035456 0.064670 0.394252 0.788183 -0.449252 -0.420642 2.000000
-0.039974 0.057743 0.395670 0.781089 -0.074404 -0.619971 2.000000
-0.039333 0.061583 0.400531 -0.191497 -0.943406 -0.270767 2.000000
-0.044422 0.056684 0.392895 0.489609 0.290720 -0.822049 2.000000
-0.044030 0.055764 0.392836 0.503261 0.284924 -0.815811 2.000000
-0.034636 0.064671 0.392432 0.837175 -0.379188 -0.394150 2.000000
-0.035707 0.064387 0.394058 0.729146 -0.544460 -0.414620 2.000000
-0.041929 0.059502 0.394951 -0.680247 -0.175296 0.711713 2.000000
-0.041783 0.054209 0.397690 -0.375758 0.015226 -0.926593 2.000000
-0.034046 0.062963 0.394776 0.764541 -0.412228 -0.495524 2.000000
-0.043159 0.062741 0.395860 -0.501663 0.268082 0.822475 2.000000
-0.038767 0.063589 0.394217 0.139560 -0.972757 -0.185113 2.000000
-0.045399 0.059237 0.393292 -0.403250 -0.275873 0.872516 2.000000
-0.039468 0.060831 0.404196 0.041553 -0.998311 -0.040602 2.000000
-0.038145 0.064042 0.391627 0.230287 -0.949600 -0.212670 2.000000
-0.041381 0.059447 0.397096 0.389542 0.461883 0.796819 2.000000
-0.040618 0.061242 0.402344 -0.055144 -0.955814 -0.288754 2.000000
-0.048620 0.062972 0.393464 0.250060 0.494435 -0.832469 2.000000
-0.038164 0.063590 0.393774 0.041144 -0.965074 -0.258726 2.000000
-0.044403 0.056317 0.399585 0.600698 -0.411783 0.685271 2.000000
-0.039734 0.062719 0.397297 -0.165745 -0.940721 -0.295925 2.000000
-0.044542 0.060752 0.401506 0.708908 -0.582475 -0.397709 2.000000
-0.034880 0.058521 0.399568 0.231807 -0.694736 0.680887 2.000000
-0.034790 0.064143 0.392536 0.833521 -0.363079 -0.416433 2.000000
-0.047506 0.064011 0.394527 -0.258813 -0.493840 0.830143 2.000000
-0.045218 0.061227 0.394073 -0.396234 -0.282083 0.873744 2.000000
-0.035098 0.066828 0.393475 0.746170 -0.287404 -0.600524 2.000000
-0.038009 0.064130 0.391340 0.311548 -0.893548 -0.323281 2.000000
-0.042293 0.060477 0.395057 -0.421168 -0.440874 0.792621 2.000000
-0.034901 0.061665 0.398841 0.241875 -0.793248 -0.558797 2.000000
-0.039124 0.060831 0.405205 -0.071016 0.995851 -0.056896 2.000000
-0.043200 0.056190 0.398709 0.515595 -0.269219 0.813439 2.000000
-0.040100 0.064131 0.390946 -0.048519 0.905089 0.422445 2.000000
-0.038353 0.062095 0.398125 -0.046877 -0.958364 -0.281674 2.000000
-0.033951 0.062305 0.395604 0.959249 -0.259376 -0.112092 2.000000
-0.033605 0.061231 0.397167 0.989217 0.128333 -0.070577 2.000000
-0.048573 0.062596 0.393210 0.284463 0.436976 -0.853307 2.000000
-0.033626 0.066858 0.392841 0.856405 -0.300536 -0.419819 2.000000
-0.040722 0.055837 0.395418 0.808125 -0.027913 -0.588349 2.000000
-0.042373 0.055671 0.398065 0.470195 -0.177348 0.864560 2.000000
-0.037590 0.064009 0.392994 0.143929 -0.930998 -0.335451 2.000000
-0.037542 0.056197 0.395660 -0.561328 0.286033 0.776593 2.000000
-0.045670 0.063347 0.394989 -0.398507 -0.415814 0.817491 2.000000
-0.037021 0.065255 0.391054 0.730236 -0.418638 -0.539905 2.000000
-0.040244 0.060654 0.404993 0.121231 -0.991330 -0.050677 2.000000
-0.047037 0.063565 0.394369 -0.301387 -0.494342 0.815348 2.000000
-0.036797 0.061908 0.390562 0.807271 -0.422798 -0.411770 2.000000
-0.044353 0.060299 0.401854 0.705163 -0.508520 -0.494117 2.000000
-0.042249 0.061828 0.399846 0.138443 -0.975544 -0.170727 2.000000
-0.040963 0.061703 0.401069 -0.070018 -0.932201 -0.355105 2.000000
-0.046134 0.064141 0.394864 0.375611 0.164300 -0.912098 2.000000
-0.035020 0.063776 0.392332 0.836522 -0.360315 -0.412800 2.000000
-0.046034 0.059717 0.393104 -0.370016 -0.317071 0.873244 2.000000
-0.033713 0.067083 0.394522 -0.129722 0.988330 0.079845 2.000000
-0.037783 0.063264 0.387261 -0.523559 0.797295 0.300343 2.000000
-0.032330 0.064772 0.395258 0.943843 -0.083682 0.319622 2.000000
-0.044647 0.060508 0.394158 -0.395334 -0.340502 0.853094 2.000000
-0.034671 0.060025 0.396568 0.763907 -0.307779 -0.567202 2.000000
-0.034334 0.064829 0.392997 0.820285 -0.414520 -0.394088 2.000000
-0.037848 0.061447 0.400231 -0.283058 -0.912610 -0.294993 2.000000
-0.033972 0.065997 0.392529 0.886133 -0.306192 -0.347873 2.000000
-0.038416 0.061571 0.399919 -0.128579 -0.948672 -0.288944 2.000000
-0.038479 0.054776 0.394585 0.717878 -0.179171 -0.672717 2.000000
-0.035685 0.065254 0.388549 0.894374 -0.374258 -0.245004 2.000000
-0.035088 0.061944 0.398420 0.214653 -0.812593 -0.541865 2.000000
-0.034940 0.066398 0.393915 0.743012 -0.401194 -0.535702 2.000000
-0.034900 0.061461 0.399108 0.252243 -0.815049 -0.521602 2.000000
-0.034336 0.062215 0.398430 0.291713 -0.787441 -0.542992 2.000000
-0.033148 0.059496 0.398147 0.787211 -0.482635 -0.383877 2.000000
-0.044782 0.058335 0.393314 -0.418499 -0.280151 0.863929 2.000000
-0.042738 0.061763 0.400382 0.129478 -0.969034 -0.210257 2.000000
-0.038378 0.063813 0.393233 0.081797 -0.952783 -0.292427 2.000000
-0.041980 0.057439 0.394398 -0.564627 -0.150169 0.811570 2.000000
-0.035083 0.061954 0.393896 0.811920 -0.406635 -0.418848 2.000000
-0.036794 0.061812 0.398311 -0.120342 -0.864228 -0.488496 2.000000
-0.034836 0.056481 0.397255 0.768817 -0.129417 -0.626237 2.000000
-0.037567 0.060914 0.401577 -0.256204 -0.951905 -0.168040 2.000000
-0.035786 0.062633 0.391753 0.835592 -0.367460 -0.408361 2.000000
-0.041642 0.060884 0.403121 0.171309 -0.945209 -0.277910 2.000000
-0.043384 0.056496 0.398993 0.528747 -0.256180 0.809196 2.000000
-0.042814 0.060314 0.394748 -0.292178 -0.513501 0.806814 2.000000
-0.038594 0.062212 0.397783 -0.058774 -0.947324 -0.314838 2.000000
-0.034570 0.063979 0.393070 0.821634 -0.356416 -0.444843 2.000000
-0.040265 0.062417 0.398356 -0.060589 -0.968678 -0.240815 2.000000
-0.037176 0.064944 0.391130 0.611352 -0.547338 -0.571551 2.000000
-0.044193 0.063256 0.395381 0.174021 -0.123614 -0.976953 2.000000
-0.040889 0.062110 0.399898 -0.046726 -0.971122 -0.233964 2.000000
-0.041574 0.060634 0.395654 -0.584869 -0.586207 0.560615 2.000000
-0.045836 0.063112 0.394651 -0.441787 -0.451572 0.775182 2.000000
-0.033100 0.067904 0.393307 0.481896 -0.870916 0.096341 2.000000
-0.042000 0.055952 0.397879 0.483263 -0.146423 0.863144 2.000000
-0.038888 0.063386 0.395375 0.090464 -0.948470 -0.303680 2.000000
-0.033978 0.067302 0.391506 0.895845 -0.324969 -0.303078 2.000000
-0.036230 0.056636 0.396194 -0.512156 0.146796 0.846255 2.000000
-0.039275 0.060985 0.402833 -0.134694 -0.974445 -0.179760 2.000000
-0.039807 0.055523 0.392805 -0.458209 0.772071 0.440398 2.000000
-0.041337 0.054627 0.393905 0.471009 0.880210 -0.058146 2.000000
-0.035898 0.066327 0.392320 0.892191 -0.197042 -0.406410 2.000000
-0.032899 0.066450 0.393828 0.755022 -0.170219 -0.633220 2.000000
-0.035586 0.062427 0.392365 0.826082 -0.380312 -0.415874 2.000000
-0.044461 0.059631 0.399479 0.961265 -0.034890 0.273409 2.000000
-0.038271 0.054871 0.394995 0.694742 -0.160439 -0.701137 2.000000
-0.037111 0.061639 0.390262 0.805582 -0.414567 -0.423287 2.000000
-0.041909 0.062163 0.398733 0.076755 -0.957478 -0.278107 2.000000
-0.037332 0.063005 0.396050 -0.050017 -0.925659 -0.375037 2.000000
-0.038314 0.059958 0.389271 0.763684 -0.473970 -0.438336 2.000000
-0.033911 0.062007 0.398806 0.320289 -0.773977 -0.546236 2.000000
-0.039811 0.057595 0.395988 0.848375 -0.211812 -0.485177 2.000000
-0.038959 0.064030 0.391352 0.182314 -0.953263 -0.240937 2.000000
-0.042948 0.061862 0.399489 0.221437 -0.960764 -0.167029 2.000000
-0.037471 0.060744 0.402561 -0.198795 -0.959072 -0.201649 2.000000
-0.036119 0.064963 0.387424 0.872435 -0.443141 -0.206116 2.000000
-0.040269 0.063578 0.391899 0.208089 -0.919928 -0.332313 2.000000
-0.036387 0.065633 0.391681 0.844116 -0.326000 -0.425667 2.000000
-0.033313 0.066684 0.393602 0.925731 -0.349833 0.143662 2.000000
-0.036798 0.060375 0.403280 0.400549 0.865743 0.300081 2.000000
-0.042769 0.062303 0.398390 0.272867 -0.934144 -0.230039 2.000000
-0.040993 0.055307 0.397410 0.443621 0.046321 0.895017 2.000000
-0.035112 0.066123 0.389928 0.888682 -0.373268 -0.266299 2.000000
-0.033607 0.066553 0.393223 0.967794 -0.203612 -0.148043 2.000000
-0.040054 0.062527 0.397779 0.113258 0.950986 0.287748 2.000000
-0.042421 0.055069 0.390689 0.093023 0.986961 0.131358 2.000000
-0.035146 0.066187 0.393845 0.792344 -0.308354 -0.526411 2.000000
-0.034441 0.064011 0.396284 0.665425 -0.489209 -0.563813 2.000000
-0.039527 0.063139 0.395886 0.081539 -0.956329 -0.280690 2.000000
-0.041776 0.062410 0.397962 0.025694 -0.956824 -0.289531 2.000000
-0.033744 0.066199 0.395321 0.664907 -0.459322 -0.589001 2.000000
-0.040253 0.063228 0.394033 0.309265 -0.926093 -0.216119 2.000000
-0.041749 0.060982 0.402662 0.195153 -0.944424 -0.264535 2.000000
-0.043465 0.055345 0.398520 0.481688 -0.181268 0.857391 2.000000
-0.036693 0.061322 0.399121 -0.169429 -0.859904 -0.481518 2.000000
-0.034119 0.067417 0.394366 0.402841 -0.884794 -0.234220 2.000000
-0.038341 0.060739 0.403276 -0.148258 -0.986638 -0.067559 2.000000
-0.038444 0.064039 0.392388 0.146378 -0.983214 -0.108916 2.000000
-0.038046 0.060789 0.388778 0.762447 -0.355751 -0.540478 2.000000
-0.038385 0.061857 0.398951 -0.102942 -0.946853 -0.304750 2.000000
-0.045173 0.057639 0.392806 0.460760 0.311004 -0.831250 2.000000
-0.035030 0.065825 0.390271 0.881858 -0.365180 -0.298277 2.000000
-0.035511 0.058249 0.396228 0.752260 -0.274283 -0.599060 2.000000
-0.033855 0.065701 0.393014 0.860774 -0.293611 -0.415765 2.000000
-0.034201 0.065698 0.395196 0.671033 -0.407343 -0.619505 2.000000
-0.034722 0.066695 0.390148 0.879781 -0.363999 -0.305761 2.000000
-0.043501 0.060287 0.394508 -0.285239 -0.465318 0.837924 2.000000
-0.038287 0.063560 0.394508 0.001681 -0.982083 -0.188444 2.000000
-0.041105 0.055238 0.395055 0.774402 0.128783 -0.619449 2.000000
-0.038062 0.060540 0.403284 -0.181403 -0.980913 -0.070023 2.000000
-0.043089 0.058390 0.393787 -0.386776 -0.069357 0.919562 2.000000
-0.042723 0.060851 0.402522 0.223861 -0.919665 -0.322648 2.000000
-0.039992 0.062441 0.398177 -0.140851 -0.954668 -0.262241 2.000000
-0.042357 0.055702 0.393854 -0.544562 -0.309652 0.779467 2.000000
-0.036887 0.060691 0.401806 -0.249184 -0.957807 -0.143226 2.000000
-0.035180 0.061500 0.394231 0.821211 -0.400922 -0.406047 2.000000
-0.038397 0.062835 0.396247 0.022702 -0.887354 -0.460529 2.000000
-0.047602 0.063719 0.394321 -0.246799 -0.506242 0.826323 2.000000
-0.033856 0.064530 0.394078 0.765529 -0.348451 -0.540876 2.000000
-0.040872 0.062830 0.394403 0.137164 -0.987272 -0.080496 2.000000
-0.035421 0.064071 0.394934 0.631530 -0.580830 -0.513621 2.000000
-0.040672 0.063019 0.393725 0.254395 -0.939156 -0.230799 2.000000
-0.042769 0.062906 0.396040 0.501003 -0.651982 -0.569136 2.000000
-0.038821 0.064156 0.391012 -0.213654 0.926139 0.310834 2.000000
-0.044014 0.058008 0.399519 0.713589 0.012877 0.700446 2.000000
-0.042434 0.054322 0.397989 0.419408 -0.027599 0.907378 2.000000
-0.033557 0.060639 0.397368 0.845183 -0.021516 -0.534043 2.000000
-0.046810 0.060787 0.393200 -0.371519 -0.287085 0.882924 2.000000
-0.033692 0.059323 0.397654 0.737219 -0.336415 -0.585946 2.000000
-0.034017 0.060949 0.396993 0.877725 -0.111148 -0.466095 2.000000
-0.033980 0.064414 0.393971 0.756680 -0.374724 -0.535740 2.000000
-0.036320 0.057589 0.395812 -0.651859 0.320146 0.687449 2.000000
-0.036181 0.062680 0.391013 0.829461 -0.384695 -0.404974 2.000000
-0.036475 0.058613 0.394389 0.778611 -0.477999 -0.406548 2.000000
-0.045701 0.055761 0.400271 -0.578650 0.379747 -0.721774 2.000000
-0.041032 0.058666 0.395323 -0.468946 -0.228469 0.853166 2.000000
-0.043297 0.062091 0.398266 0.511597 -0.851415 -0.115592 2.000000
-0.033766 0.065939 0.393144 0.848347 -0.281828 -0.448197 2.000000
-0.035332 0.061148 0.399470 0.208718 -0.860603 -0.464543 2.000000
-0.034636 0.063140 0.393500 0.812055 -0.361799 -0.457896 2.000000
-0.035246 0.061996 0.393470 0.817587 -0.388529 -0.424966 2.000000
-0.039894 0.062984 0.395586 0.157685 -0.976449 -0.147251 2.000000
-0.041311 0.058026 0.397446 -0.505437 -0.105231 -0.856423 2.000000
-0.045448 0.062889 0.394726 -0.394788 -0.472230 0.788125 2.000000
-0.040511 0.062368 0.398653 -0.035844 -0.971409 -0.234692 2.000000
-0.038182 0.063268 0.395691 -0.005795 -0.926199 -0.376990 2.000000
-0.043989 0.061339 0.394776 -0.433388 -0.344857 0.832616 2.000000
-0.035944 0.059099 0.395001 0.808147 -0.423866 -0.408946 2.000000
-0.033649 0.066143 0.393494 0.941847 0.244527 0.230502 2.000000
-0.035685 0.064312 0.390447 0.843136 -0.436071 -0.314585 2.000000
-0.041468 0.063074 0.395624 -0.100573 -0.990793 -0.090629 2.000000
-0.033891 0.064655 0.393833 0.790023 -0.364902 -0.492656 2.000000
-0.034475 0.064350 0.395862 0.696677 -0.463084 -0.547900 2.000000
-0.037004 0.062051 0.389811 0.781640 -0.388945 -0.487608 2.000000
-0.040222 0.063399 0.393448 0.311495 -0.917658 -0.246726 2.000000
-0.043419 0.061418 0.395036 -0.368866 -0.448491 0.814122 2.000000
-0.033582 0.063030 0.397955 0.554644 -0.629313 -0.544366 2.000000
-0.044487 0.057135 0.400358 0.721924 -0.349255 0.597366 2.000000
-0.035674 0.059888 0.394774 0.838321 -0.404929 -0.365035 2.000000
-0.035213 0.064663 0.394647 0.768259 -0.441679 -0.463355 2.000000
-0.038169 0.061536 0.400100 -0.140904 -0.947495 -0.287052 2.000000
-0.037980 0.064136 0.391968 0.236632 -0.960233 -0.148180 2.000000
-0.035144 0.066949 0.393178 0.784732 -0.201333 -0.586226 2.000000
-0.046256 0.061816 0.393777 -0.424830 -0.303532 0.852870 2.000000
-0.036206 0.063312 0.390313 0.839655 -0.404152 -0.362824 2.000000
-0.041226 0.056221 0.394874 0.616315 0.079951 -0.783431 2.000000
-0.035077 0.061288 0.399260 0.242217 -0.848652 -0.470236 2.000000
-0.042624 0.055896 0.393728 -0.524772 -0.270742 0.807040 2.000000
-0.035550 0.060532 0.401054 0.038234 0.973224 0.226658 2.000000
-0.042213 0.055313 0.397893 0.434326 -0.102578 0.894896 2.000000
-0.032668 0.062967 0.396157 0.905121 -0.301514 0.299741 2.000000
-0.035899 0.064173 0.389973 0.847940 -0.450995 -0.278570 2.000000
-0.045172 0.063745 0.395309 0.294645 0.345242 -0.891062 2.000000
-0.035182 0.058883 0.396308 0.770675 -0.306106 -0.558891 2.000000
-0.034451 0.064617 0.395639 0.711280 -0.421095 -0.562814 2.000000
-0.039983 0.055287 0.396342 0.989802 -0.129415 0.059533 2.000000
-0.045954 0.062735 0.394344 -0.424807 -0.449876 0.785589 2.000000
-0.036476 0.064834 0.392409 0.739689 -0.467755 -0.483804 2.000000
-0.042773 0.060813 0.402796 0.261353 -0.913725 -0.311127 2.000000
-0.041527 0.057209 0.394663 -0.520155 -0.123726 0.845062 2.000000
-0.036718 0.062347 0.397251 -0.054519 -0.895757 -0.441189 2.000000
-0.036460 0.066510 0.391458 0.805960 -0.011782 -0.591853 2.000000
-0.039451 0.055246 0.393838 0.379797 -0.779168 -0.498650 2.000000
-0.034153 0.064768 0.395946 0.710273 -0.414700 -0.568802 2.000000
-0.033032 0.059493 0.398578 0.980605 -0.183679 -0.068376 2.000000
-0.044154 0.061072 0.401616 0.485506 -0.743610 -0.459704 2.000000
-0.045122 0.062035 0.394397 -0.417320 -0.397693 0.817120 2.000000
-0.034478 0.067628 0.394096 -0.411265 0.806022 0.425664 2.000000
-0.037689 0.055780 0.395616 -0.589720 0.200087 0.782429 2.000000
-0.034066 0.063899 0.396772 0.632439 -0.491116 -0.599021 2.000000
-0.041247 0.062191 0.399250 0.094744 -0.979243 -0.179181 2.000000
-0.045211 0.055953 0.399968 0.603767 -0.394605 0.692642 2.000000
-0.039016 0.061149 0.401647 -0.145950 -0.949588 -0.277455 2.000000
-0.034777 0.064718 0.392088 0.838008 -0.384653 -0.387021 2.000000
-0.038941 0.062309 0.397371 -0.160366 -0.916868 -0.365563 2.000000
-0.042393 0.063133 0.393954 -0.318004 -0.943872 -0.089332 2.000000
-0.041074 0.061981 0.400444 -0.033058 -0.961118 -0.274154 2.000000
-0.046903 0.061700 0.393466 -0.362987 -0.289038 0.885832 2.000000
-0.036074 0.057479 0.396009 -0.678734 0.214512 0.702356 2.000000
-0.036073 0.059584 0.393934 0.821020 -0.426652 -0.379334 2.000000
-0.044054 0.055574 0.392726 0.495801 0.296521 -0.816245 2.000000
-0.042242 0.054589 0.397908 0.413278 -0.048230 0.909327 2.000000
-0.040591 0.064248 0.391194 0.006965 0.865284 0.501234 2.000000
-0.044334 0.056863 0.399818 -0.626650 0.157857 -0.763145 2.000000
