0.033399 0.014965 0.313386 0.681791 -0.727732 0.074614 2.000000
0.033409 0.013570 0.314477 0.904599 -0.072898 -0.419984 2.000000
0.034167 0.012411 0.315846 0.887771 0.018853 -0.459899 2.000000
0.033486 0.013182 0.314484 0.855350 -0.010678 -0.517941 2.000000
0.033778 0.012876 0.314887 0.834279 -0.088685 -0.544163 2.000000
0.033675 0.015234 0.313593 0.581296 -0.774334 0.250005 2.000000
0.033537 0.015020 0.314100 0.816370 -0.530871 -0.227413 2.000000
0.033305 0.014568 0.313931 0.901334 -0.309795 -0.302696 2.000000
0.033408 0.014091 0.314387 0.909743 -0.157239 -0.384244 2.000000
0.033280 0.014755 0.313130 0.754608 -0.654417 -0.048004 2.000000
0.033633 0.014993 0.313123 -0.566652 0.743280 -0.355584 2.000000
0.033164 0.014509 0.313421 0.932807 -0.330336 -0.144045 2.000000
0.033306 0.013716 0.314157 0.930135 -0.088116 -0.356488 2.000000
0.033350 0.013787 0.314373 0.910217 -0.089424 -0.404361 2.000000
0.033343 0.013347 0.314192 0.920338 -0.073423 -0.384170 2.000000
0.033252 0.014165 0.313816 0.964181 -0.171856 -0.202039 2.000000
0.033369 0.014938 0.313671 0.715356 -0.697328 0.044719 2.000000
0.033463 0.014607 0.314324 0.883909 -0.283708 -0.371774 2.000000
0.033652 0.014141 0.314879 0.878742 -0.153607 -0.451904 2.000000
0.033564 0.015202 0.313849 0.746047 -0.664225 -0.047095 2.000000
0.033256 0.014805 0.313393 0.809196 -0.586765 -0.030159 2.000000
0.039623 0.019108 0.319367 0.913409 0.003148 -0.407031 2.000000
0.040494 0.020707 0.318291 0.411515 -0.242750 0.878480 2.000000
0.040405 0.022325 0.317991 -0.286373 -0.578925 -0.763437 2.000000
0.038663 0.024486 0.320536 -0.009426 -0.026076 0.999616 2.000000
0.038291 0.016672 0.319547 0.894232 -0.405787 0.188907 2.000000
0.042464 0.015324 0.328599 0.861395 0.284097 -0.421055 2.000000
0.039590 0.016693 0.329908 0.754085 -0.154783 -0.638277 2.000000
0.040100 0.014668 0.328672 0.868542 0.477785 -0.131743 2.000000
0.039780 0.015390 0.328432 0.910717 0.404320 -0.084375 2.000000
0.039561 0.011596 0.324861 0.897214 0.261648 -0.355735 2.000000
0.039259 0.011768 0.324099 0.856680 0.350188 -0.378770 2.000000
0.040125 0.021785 0.315764 0.003340 0.643095 -0.765779 2.000000
0.036010 0.016980 0.317481 0.838476 -0.476732 -0.263977 2.000000
0.042354 0.012726 0.325483 0.920477 0.286208 -0.266095 2.000000
0.038335 0.018255 0.315329 -0.359957 0.565555 -0.742010 2.000000
0.037803 0.022746 0.323821 0.577479 -0.170080 -0.798493 2.000000
0.038923 0.022488 0.320032 0.518214 0.048114 -0.853897 2.000000
0.038712 0.022107 0.319982 0.273830 0.360059 -0.891838 2.000000
0.038615 0.021647 0.319825 0.450046 -0.765529 0.459808 2.000000
0.037823 0.020863 0.323168 -0.613545 -0.671245 0.415924 2.000000
0.038148 0.019306 0.315191 -0.557857 0.691343 -0.459173 2.000000
0.035779 0.015605 0.318063 0.873520 -0.225945 -0.431175 2.000000
0.035208 0.014919 0.317258 0.868565 -0.256285 -0.424161 2.000000
0.035110 0.015159 0.316827 0.862500 -0.277096 -0.423451 2.000000
0.034238 0.012809 0.316159 0.852691 0.029461 -0.521584 2.000000
0.040245 0.021313 0.316431 0.786892 0.222200 -0.575698 2.000000
0.040405 0.022525 0.316968 -0.155210 -0.870224 0.467568 2.000000
0.034536 0.011799 0.316357 0.577657 -0.125672 -0.806548 2.000000
0.037653 0.017370 0.314870 0.117052 0.471913 -0.873841 2.000000
0.037001 0.016794 0.314475 -0.181053 0.499853 -0.846975 2.000000
0.034473 0.013811 0.316300 0.838320 -0.140112 -0.526866 2.000000
0.037330 0.017524 0.314462 -0.275341 0.471742 -0.837644 2.000000
0.034801 0.012888 0.317083 -0.479852 -0.012752 0.877257 2.000000
0.035561 0.011050 0.318327 0.441196 0.225418 -0.868638 2.000000
0.038612 0.023396 0.320383 0.099610 -0.063669 -0.992987 2.000000
0.036575 0.011792 0.317068 0.944326 -0.194135 -0.265630 2.000000
0.036337 0.012350 0.316491 0.651354 -0.325140 -0.685581 2.000000
0.040776 0.013803 0.329209 0.823570 0.543870 -0.161048 2.000000
0.036832 0.010259 0.317822 -0.619857 -0.218204 0.753767 2.000000
0.036611 0.009407 0.317342 -0.564955 -0.188946 0.803197 2.000000
0.036311 0.009626 0.317212 -0.514943 -0.215700 0.829643 2.000000
0.036204 0.009257 0.317105 0.483458 0.229248 -0.844816 2.000000
0.035162 0.010142 0.316813 0.545230 0.130653 -0.828042 2.000000
0.038651 0.018800 0.329124 0.548265 -0.129104 -0.826279 2.000000
0.038240 0.018743 0.325166 0.935391 -0.059348 0.348601 2.000000
0.037788 0.017880 0.322227 0.514873 0.279416 -0.810452 2.000000
0.039500 0.020773 0.315473 0.606455 -0.435396 0.665314 2.000000
0.039446 0.020456 0.315387 -0.639507 0.271639 -0.719196 2.000000
0.039714 0.020746 0.315636 -0.530010 0.535637 -0.657406 2.000000
0.034298 0.012426 0.315349 0.863448 0.007806 -0.504377 2.000000
0.036530 0.011404 0.317633 0.901388 -0.003954 -0.432993 2.000000
0.036583 0.011570 0.317407 0.955189 -0.118129 -0.271402 2.000000
0.036437 0.011139 0.317211 0.866244 -0.017182 -0.499325 2.000000
0.036695 0.010775 0.317769 0.790102 0.111196 -0.602806 2.000000
0.038897 0.017212 0.318146 0.877295 -0.479163 -0.027492 2.000000
0.038087 0.015249 0.319454 0.984423 -0.035922 -0.172105 2.000000
0.038072 0.016083 0.317055 0.869472 -0.471347 -0.147821 2.000000
0.038728 0.016971 0.317455 0.862143 -0.502935 -0.061365 2.000000
0.037377 0.015585 0.315899 0.571955 -0.268222 -0.775193 2.000000
0.039341 0.016542 0.328365 0.868733 -0.304741 -0.390430 2.000000
0.040489 0.021295 0.318727 0.603650 0.566673 0.560793 2.000000
0.042187 0.013130 0.325207 0.912005 0.317378 -0.259844 2.000000
0.039889 0.010902 0.325199 0.894070 0.290439 -0.341004 2.000000
0.038742 0.017510 0.316675 0.883842 0.431766 0.180002 2.000000
0.039429 0.018513 0.317534 0.898952 0.179733 -0.399476 2.000000
0.035110 0.013671 0.314594 0.812564 0.020785 -0.582501 2.000000
0.039865 0.019345 0.318453 0.615322 -0.296251 -0.730489 2.000000
0.040116 0.020087 0.317356 -0.164573 0.970270 -0.177459 2.000000
0.038323 0.011048 0.322349 0.812453 0.578667 0.071159 2.000000
0.038799 0.025841 0.320339 0.237148 0.088440 0.967439 2.000000
0.038293 0.021759 0.320103 0.268779 0.508248 -0.818194 2.000000
0.036755 0.010585 0.317822 0.712402 0.133526 -0.688952 2.000000
0.039323 0.018119 0.318769 0.937559 -0.337466 0.084257 2.000000
0.038372 0.016620 0.316734 0.883235 -0.383755 -0.269497 2.000000
0.038479 0.018594 0.326672 0.752265 -0.630783 -0.190290 2.000000
0.033998 0.015440 0.314490 0.738728 -0.653067 -0.166688 2.000000
0.038735 0.019376 0.315144 -0.482902 0.709907 -0.512677 2.000000
0.035150 0.011628 0.316143 0.475146 -0.251367 -0.843239 2.000000
0.036791 0.010937 0.317962 0.796957 0.130458 -0.589779 2.000000
0.040993 0.013558 0.322917 0.733339 0.575512 -0.361940 2.000000
0.041063 0.011043 0.327899 0.896033 0.106926 -0.430919 2.000000
0.039888 0.011882 0.325856 0.880270 0.138093 -0.453934 2.000000
0.039657 0.012061 0.325387 0.893161 0.172973 -0.415143 2.000000
0.038914 0.017688 0.328221 0.111747 0.213323 -0.970570 2.000000
0.038544 0.012461 0.323082 0.987025 -0.158712 0.024353 2.000000
0.038924 0.017441 0.327440 0.175202 -0.081115 -0.981185 2.000000
0.038178 0.014477 0.323146 0.779508 0.404811 -0.478013 2.000000
0.039059 0.014692 0.325389 0.948110 -0.226264 0.223364 2.000000
0.039004 0.015907 0.325705 0.746189 0.311406 0.588412 2.000000
0.037911 0.023481 0.322406 -0.032554 0.926577 0.374694 2.000000
0.038042 0.022082 0.320668 -0.581189 0.227010 0.781464 2.000000
0.038246 0.024008 0.320973 0.131675 -0.679931 0.721357 2.000000
0.039247 0.025424 0.319922 0.302607 0.254753 0.918439 2.000000
0.039253 0.025972 0.319846 0.094893 -0.054582 0.993990 2.000000
0.040494 0.010147 0.325619 0.339953 0.935610 -0.095215 2.000000
0.037027 0.011265 0.320864 0.928507 -0.334177 -0.161867 2.000000
0.040680 0.022362 0.317693 -0.689329 -0.570281 -0.446772 2.000000
0.040667 0.022061 0.317236 0.892641 0.387728 -0.229910 2.000000
0.037624 0.015163 0.317372 0.924853 -0.331084 -0.187162 2.000000
0.040305 0.015300 0.330152 0.912369 0.221609 -0.344198 2.000000
0.040143 0.014626 0.328914 0.862897 0.485105 -0.141711 2.000000
0.040135 0.015217 0.329659 0.877459 0.447642 -0.172285 2.000000
0.040293 0.014597 0.329263 0.849667 0.504830 -0.152356 2.000000
0.040573 0.014737 0.329984 0.847248 0.491349 -0.201859 2.000000
0.040496 0.014255 0.329292 0.833609 0.520686 -0.184345 2.000000
0.041235 0.012083 0.328406 0.942994 0.079649 -0.323138 2.000000
0.039977 0.014996 0.328919 0.887657 0.442612 -0.127118 2.000000
0.041183 0.013122 0.328279 0.908778 0.375553 -0.181884 2.000000
0.039770 0.015615 0.329038 0.935122 0.315707 -0.160858 2.000000
0.040893 0.012955 0.327337 0.885620 0.111510 -0.450824 2.000000
0.039078 0.011724 0.323508 0.903264 0.216834 -0.370266 2.000000
0.040444 0.011276 0.326905 0.890856 0.143368 -0.431069 2.000000
0.040600 0.011947 0.327139 0.867702 0.013342 -0.496906 2.000000
0.041447 0.011250 0.328936 0.920326 0.134607 -0.367262 2.000000
0.041353 0.011500 0.328705 0.923500 0.122894 -0.363379 2.000000
0.041116 0.013550 0.329655 0.848329 0.502220 -0.167668 2.000000
0.040034 0.014886 0.327709 0.894395 0.436945 -0.095585 2.000000
0.039456 0.012029 0.324892 0.902650 0.239095 -0.357850 2.000000
0.039048 0.012325 0.324108 0.865763 0.315887 -0.388163 2.000000
0.039129 0.012776 0.324536 0.885803 0.228043 -0.404165 2.000000
0.042233 0.017083 0.329373 0.695892 0.568654 -0.438597 2.000000
0.042490 0.016631 0.329290 0.755193 0.406242 -0.514442 2.000000
0.042257 0.016647 0.329037 0.770644 0.375002 -0.515249 2.000000
0.042391 0.015788 0.328772 0.827495 0.310459 -0.467832 2.000000
0.042390 0.015617 0.328648 0.840577 0.313836 -0.441517 2.000000
0.043347 0.013369 0.328734 0.857089 0.404081 -0.319559 2.000000
0.041701 0.010428 0.328682 0.143101 0.624947 -0.767440 2.000000
0.040653 0.011388 0.327338 0.893324 0.082553 -0.441765 2.000000
0.040691 0.013783 0.328546 0.829830 0.550718 -0.089954 2.000000
0.041245 0.012840 0.328308 0.958727 0.205769 -0.196220 2.000000
0.041073 0.013393 0.329274 0.858396 0.491080 -0.148313 2.000000
0.042508 0.016862 0.329537 0.733871 0.489880 -0.470586 2.000000
0.042716 0.013830 0.327796 0.871581 0.412697 -0.264628 2.000000
0.042143 0.014937 0.327450 0.893069 0.351390 -0.280984 2.000000
0.041755 0.015322 0.326919 0.844394 0.444651 -0.298806 2.000000
0.041540 0.010885 0.328848 -0.444306 -0.335190 0.830806 2.000000
0.041567 0.011452 0.329191 0.928568 0.168684 -0.330616 2.000000
0.041253 0.013035 0.328883 0.932033 0.337979 -0.130711 2.000000
0.039685 0.012782 0.325710 0.846356 0.123495 -0.518103 2.000000
0.039336 0.013644 0.325442 0.822999 0.214973 -0.525793 2.000000
0.039768 0.010567 0.323701 -0.289380 -0.957049 -0.017764 2.000000
0.038902 0.012048 0.323561 0.920978 0.196764 -0.336280 2.000000
0.039396 0.010994 0.323262 -0.122853 -0.989795 -0.072194 2.000000
0.039569 0.010220 0.323047 0.238834 0.947605 0.212139 2.000000
0.040113 0.020422 0.329406 0.950620 0.304232 -0.061352 2.000000
0.040524 0.019368 0.330295 0.971294 0.235355 -0.034583 2.000000
0.040333 0.019598 0.328506 0.950767 0.288760 -0.112514 2.000000
0.040867 0.017750 0.327690 0.831661 0.512611 -0.213473 2.000000
0.041836 0.014682 0.325989 0.857566 0.418491 -0.299076 2.000000
0.042280 0.013422 0.325857 0.909253 0.303355 -0.285018 2.000000
0.042415 0.013593 0.326506 0.904108 0.330869 -0.270395 2.000000
0.039679 0.020291 0.324219 0.995812 -0.027980 -0.087038 2.000000
0.039553 0.021206 0.322418 0.974481 -0.128808 -0.183835 2.000000
0.040354 0.017233 0.325888 0.907098 0.298593 -0.296674 2.000000
0.039429 0.019096 0.323483 0.969099 -0.006025 -0.246597 2.000000
0.039196 0.019106 0.322400 0.969126 -0.060083 -0.239133 2.000000
0.039230 0.018659 0.322642 0.967210 -0.022335 -0.252995 2.000000
0.040033 0.018861 0.326166 0.970900 0.180669 -0.157203 2.000000
0.039969 0.018295 0.325264 0.962602 0.134156 -0.235369 2.000000
0.038951 0.019460 0.321274 0.990691 -0.118259 -0.067417 2.000000
0.039972 0.023453 0.320462 0.831023 -0.375570 -0.410303 2.000000
0.039463 0.020891 0.322190 0.965100 -0.144267 -0.218562 2.000000
0.043398 0.012771 0.328384 0.891175 0.328983 -0.312375 2.000000
0.039675 0.025506 0.319606 -0.022530 0.196911 0.980163 2.000000
0.041504 0.010444 0.328151 -0.055516 -0.792703 0.607074 2.000000
0.041269 0.011064 0.328363 0.900595 0.095701 -0.423993 2.000000
0.040184 0.010577 0.325680 0.892226 0.276517 -0.357029 2.000000
0.040713 0.010296 0.326212 0.520870 0.836904 -0.168184 2.000000
0.040147 0.011722 0.326362 0.879858 0.087018 -0.467202 2.000000
0.040220 0.012373 0.326447 0.850324 0.025789 -0.525628 2.000000
0.040017 0.011475 0.325994 0.882498 0.192975 -0.428903 2.000000
0.040575 0.010754 0.326781 0.888408 0.182974 -0.421012 2.000000
0.035442 0.016637 0.315993 0.799503 -0.582569 -0.146320 2.000000
0.039906 0.021303 0.328031 0.985004 0.167657 -0.040729 2.000000
0.040416 0.019714 0.330431 0.965003 0.259104 -0.040428 2.000000
0.040474 0.019526 0.330058 0.965003 0.259104 -0.040428 2.000000
0.040451 0.019540 0.329410 0.955129 0.290415 -0.058200 2.000000
0.040437 0.019419 0.328861 0.952084 0.297306 -0.071737 2.000000
0.040404 0.019329 0.328276 0.951137 0.247721 -0.184314 2.000000
0.040595 0.019027 0.329368 0.969662 0.243110 -0.025548 2.000000
0.040684 0.018455 0.330211 0.921977 0.377174 -0.087745 2.000000
0.040692 0.018485 0.329501 0.938063 0.345528 -0.025473 2.000000
0.040763 0.017980 0.328634 0.869918 0.479022 -0.117390 2.000000
0.040026 0.020713 0.329317 0.955820 0.288553 -0.056075 2.000000
0.040937 0.017957 0.330034 0.783825 0.605956 -0.135778 2.000000
0.040871 0.017829 0.329602 0.810490 0.575945 -0.106736 2.000000
0.040884 0.017626 0.328653 0.800249 0.579882 -0.152769 2.000000
0.041048 0.017879 0.329851 0.728140 0.669884 -0.145145 2.000000
0.040506 0.019455 0.330669 0.966190 0.255554 -0.034193 2.000000
0.042971 0.013976 0.328870 0.856680 0.389836 -0.337829 2.000000
0.041820 0.015891 0.327867 0.823396 0.453803 -0.340709 2.000000
0.042084 0.017272 0.329359 0.610608 0.692144 -0.384830 2.000000
0.040558 0.018561 0.329903 0.948670 0.314011 -0.037704 2.000000
0.040005 0.020686 0.328931 0.963894 0.262788 -0.043025 2.000000
0.040138 0.020317 0.329145 0.951378 0.301876 -0.061252 2.000000
0.043385 0.011534 0.327652 0.919280 0.228110 -0.320765 2.000000
0.040299 0.019926 0.330587 0.956606 0.285386 -0.058820 2.000000
0.042743 0.013459 0.327493 0.877353 0.390431 -0.278954 2.000000
0.042185 0.015932 0.328528 0.822843 0.368011 -0.433009 2.000000
0.042262 0.015550 0.328308 0.849927 0.337684 -0.404466 2.000000
0.040384 0.019921 0.330102 0.954384 0.294209 -0.050908 2.000000
0.041063 0.017400 0.327648 0.841174 0.442597 -0.310699 2.000000
0.041117 0.017075 0.327380 0.799813 0.380411 -0.464313 2.000000
0.040413 0.019339 0.328469 0.951394 0.273324 -0.141929 2.000000
0.034057 0.012549 0.315499 0.871250 0.100143 -0.480514 2.000000
0.034714 0.015738 0.315617 0.800608 -0.499300 -0.331249 2.000000
0.036511 0.016995 0.318987 0.909476 -0.254065 -0.329097 2.000000
0.036422 0.016786 0.318822 0.910912 -0.229774 -0.342701 2.000000
0.036515 0.017210 0.318702 0.901969 -0.323330 -0.286199 2.000000
0.036714 0.016520 0.319650 0.829614 0.080399 -0.552519 2.000000
0.036409 0.016354 0.318827 0.903538 -0.234433 -0.358692 2.000000
0.039906 0.021294 0.328398 0.981059 0.189362 -0.040812 2.000000
0.037470 0.018063 0.320583 0.925378 -0.148265 -0.348845 2.000000
0.036912 0.017978 0.318779 0.876213 -0.461095 -0.140155 2.000000
0.037275 0.017222 0.320490 -0.650468 -0.325542 0.686231 2.000000
0.039854 0.021288 0.327170 0.987924 0.142631 -0.060515 2.000000
0.039940 0.020937 0.327913 0.984857 0.163333 -0.058125 2.000000
0.040019 0.020612 0.328412 0.968351 0.245843 -0.043099 2.000000
0.040269 0.023999 0.323595 0.968268 -0.249896 0.003118 2.000000
0.039851 0.022851 0.323499 0.978139 -0.206271 0.026397 2.000000
0.040048 0.023532 0.321139 0.969357 -0.243358 -0.033521 2.000000
0.040245 0.019973 0.328905 0.946181 0.316914 -0.065636 2.000000
0.039983 0.023232 0.323268 0.965110 -0.259982 0.031180 2.000000
0.039724 0.021771 0.324122 0.994807 -0.074532 -0.069309 2.000000
0.040006 0.023367 0.321814 0.972489 -0.224951 -0.060512 2.000000
0.038185 0.019963 0.319095 0.801674 -0.553543 0.225628 2.000000
0.037714 0.018553 0.321089 0.435171 -0.759157 -0.484053 2.000000
0.038811 0.016153 0.321825 0.910879 -0.004845 -0.412645 2.000000
0.037841 0.018345 0.321634 0.376033 -0.218727 -0.900421 2.000000
0.038961 0.015980 0.322123 0.892560 0.083425 -0.443145 2.000000
0.038654 0.019857 0.315604 -0.519357 0.664060 -0.537859 2.000000
0.039111 0.015627 0.322307 0.858296 0.202360 -0.471571 2.000000
0.038582 0.014674 0.320728 0.827171 0.227476 -0.513851 2.000000
0.041426 0.017032 0.327963 0.843503 0.422975 -0.331051 2.000000
0.040110 0.023663 0.320750 0.952131 -0.293026 -0.087074 2.000000
0.037062 0.010937 0.318203 0.721451 0.208786 -0.660240 2.000000
0.037152 0.011283 0.318417 0.724946 0.191486 -0.661654 2.000000
0.039864 0.020167 0.326194 0.990839 0.075859 -0.111729 2.000000
0.040035 0.019454 0.327007 0.976971 0.146991 -0.154664 2.000000
0.041664 0.015898 0.327121 0.785677 0.504540 -0.357982 2.000000
0.040926 0.017042 0.327097 0.831296 0.322679 -0.452577 2.000000
0.042765 0.014683 0.328986 0.890357 0.283560 -0.356173 2.000000
0.042671 0.015045 0.328946 0.894021 0.257357 -0.366735 2.000000
0.040885 0.016351 0.326465 0.812382 0.491134 -0.314360 2.000000
0.040189 0.017075 0.325420 0.905712 0.305733 -0.293620 2.000000
0.041402 0.015568 0.326181 0.780471 0.522521 -0.343272 2.000000
0.039821 0.021982 0.324569 0.996409 -0.073322 -0.042340 2.000000
0.039827 0.021545 0.327806 0.985414 0.164163 -0.044823 2.000000
0.042756 0.013934 0.328132 0.863488 0.409271 -0.294764 2.000000
0.040702 0.013177 0.327036 0.856411 0.172086 -0.486772 2.000000
0.039616 0.015876 0.327040 -0.128063 0.697167 0.705378 2.000000
0.040341 0.014410 0.327638 0.843758 0.510262 -0.166449 2.000000
0.040333 0.014309 0.327303 0.837737 0.473274 -0.272412 2.000000
0.040532 0.013861 0.327208 0.828665 0.410305 -0.380741 2.000000
0.040662 0.013568 0.327091 0.824742 0.303907 -0.476907 2.000000
0.038843 0.017753 0.319871 0.870854 -0.406798 0.275915 2.000000
0.039926 0.011219 0.325625 0.895635 0.224698 -0.383861 2.000000
0.040130 0.010343 0.324856 0.878521 0.351969 -0.322983 2.000000
0.039677 0.011075 0.324508 0.889038 0.320307 -0.327132 2.000000
0.040792 0.013497 0.327444 0.876340 0.310801 -0.368010 2.000000
0.039278 0.016597 0.327662 0.640832 0.213975 0.737258 2.000000
0.039345 0.016435 0.327094 -0.416376 -0.687723 -0.594701 2.000000
0.039338 0.015893 0.326476 0.802311 -0.595894 0.034758 2.000000
0.038092 0.012345 0.322438 0.941435 -0.325516 -0.087978 2.000000
0.038286 0.012380 0.322626 0.976062 -0.062832 0.208220 2.000000
0.039321 0.012753 0.324979 0.883825 0.190529 -0.427261 2.000000
0.039457 0.011271 0.323858 0.863021 0.346697 -0.367417 2.000000
0.038953 0.011542 0.323134 0.954476 -0.268405 -0.130131 2.000000
0.039149 0.010755 0.322900 0.273037 0.941253 0.198731 2.000000
0.038543 0.011901 0.322755 0.885461 -0.424147 -0.189888 2.000000
0.039990 0.020972 0.328625 0.972670 0.230803 -0.025359 2.000000
0.040105 0.020515 0.329677 0.949993 0.308626 -0.047573 2.000000
0.039995 0.020829 0.328150 0.977735 0.205275 -0.043557 2.000000
0.040120 0.020370 0.328885 0.952359 0.300005 -0.054850 2.000000
0.040283 0.020196 0.330159 0.957052 0.283349 -0.061364 2.000000
0.039798 0.022114 0.325513 0.999345 -0.015480 0.032718 2.000000
0.040154 0.020240 0.328466 0.960726 0.272992 -0.049807 2.000000
0.040344 0.019937 0.329736 0.951641 0.303147 -0.049815 2.000000
0.040307 0.019876 0.329194 0.946811 0.314501 -0.068104 2.000000
0.040219 0.019856 0.328127 0.961266 0.245821 -0.124658 2.000000
0.041473 0.017837 0.329937 0.674062 0.722369 -0.154346 2.000000
0.040549 0.019249 0.330226 0.971601 0.235685 -0.021074 2.000000
0.040275 0.019846 0.328645 0.948026 0.304794 -0.091359 2.000000
0.040493 0.019316 0.329603 0.967429 0.251563 -0.028229 2.000000
0.040529 0.019234 0.329132 0.964106 0.263687 -0.031118 2.000000
0.041642 0.017676 0.329640 0.574158 0.784997 -0.232644 2.000000
0.041935 0.017374 0.329301 0.610608 0.692144 -0.384830 2.000000
0.042092 0.017406 0.329602 0.594147 0.744252 -0.305087 2.000000
0.040591 0.018845 0.329576 0.963232 0.267934 -0.019879 2.000000
0.040578 0.018935 0.330157 0.955073 0.293421 -0.041715 2.000000
0.040583 0.018946 0.328819 0.963974 0.261261 -0.049972 2.000000
0.040700 0.018632 0.329140 0.945181 0.325229 -0.029303 2.000000
0.040581 0.018767 0.328319 0.934344 0.305914 -0.182807 2.000000
0.040724 0.018366 0.328811 0.939963 0.330534 -0.084956 2.000000
0.040881 0.018038 0.329333 0.859924 0.501574 -0.094627 2.000000
0.040713 0.018197 0.328281 0.897621 0.417397 -0.141621 2.000000
0.041221 0.017942 0.330123 0.772327 0.631194 -0.071452 2.000000
0.041000 0.017789 0.328935 0.740619 0.648550 -0.175689 2.000000
0.041042 0.017600 0.328406 0.791317 0.578385 -0.198216 2.000000
0.041136 0.017767 0.329543 -0.667699 -0.727559 0.157597 2.000000
0.041427 0.017358 0.328647 0.739293 0.591865 -0.321157 2.000000
0.041529 0.017486 0.329033 -0.614293 -0.737521 0.280547 2.000000
0.041166 0.017493 0.328709 0.727785 0.653463 -0.208121 2.000000
0.042023 0.016897 0.328938 0.724298 0.482586 -0.492445 2.000000
0.041694 0.016754 0.328468 0.789391 0.435608 -0.432560 2.000000
0.041973 0.016416 0.328665 0.786385 0.361651 -0.500807 2.000000
0.041267 0.017723 0.329305 -0.629971 -0.752988 0.190119 2.000000
0.042395 0.016149 0.328974 0.793075 0.318100 -0.519466 2.000000
0.042631 0.015777 0.329355 0.811603 0.284632 -0.510181 2.000000
0.039942 0.021033 0.327719 0.987012 0.150134 -0.057156 2.000000
0.041797 0.017193 0.328876 0.652658 0.625633 -0.427342 2.000000
0.042380 0.016489 0.329049 0.759993 0.384704 -0.523845 2.000000
0.042388 0.014393 0.327631 0.893108 0.354427 -0.277017 2.000000
0.040486 0.019330 0.329856 0.969764 0.242720 -0.025379 2.000000
0.040508 0.018949 0.329800 0.974179 0.225552 -0.010132 2.000000
0.040841 0.018106 0.330117 0.887099 0.457800 -0.058945 2.000000
0.041623 0.016267 0.327658 0.802213 0.450506 -0.391789 2.000000
0.040236 0.020278 0.329833 0.947938 0.314725 -0.048591 2.000000
0.040213 0.020169 0.329415 0.946569 0.315191 -0.068272 2.000000
0.041907 0.012858 0.324010 0.873235 0.343496 -0.345646 2.000000
0.039265 0.018289 0.319523 0.845215 -0.363250 0.391997 2.000000
0.039259 0.018763 0.319960 0.879745 -0.300594 0.368365 2.000000
0.038165 0.016079 0.319429 0.961080 -0.271700 0.050045 2.000000
0.039074 0.018202 0.319880 0.879307 -0.335501 0.338021 2.000000
0.038669 0.016969 0.317004 0.900049 -0.373504 -0.224516 2.000000
0.039720 0.021468 0.319348 -0.093519 0.995549 0.011699 2.000000
0.039999 0.021578 0.318809 -0.047154 0.914183 0.402548 2.000000
0.040484 0.021828 0.318392 -0.427438 -0.588598 -0.686184 2.000000
0.040748 0.021733 0.318015 -0.462005 -0.461485 -0.757353 2.000000
0.040649 0.021233 0.317499 0.992745 0.042839 0.112348 2.000000
0.040485 0.025198 0.321304 0.925292 -0.364264 0.105572 2.000000
0.039733 0.021091 0.319805 0.709760 0.704146 -0.020495 2.000000
0.040099 0.021216 0.319233 0.310384 0.887428 0.340783 2.000000
0.041979 0.014325 0.325981 0.876428 0.381403 -0.293949 2.000000
0.042157 0.013830 0.325905 0.883356 0.365255 -0.293718 2.000000
0.042103 0.013650 0.325565 0.893082 0.342998 -0.291131 2.000000
0.042445 0.013395 0.326352 0.910303 0.297548 -0.287772 2.000000
0.042251 0.013100 0.325434 0.918092 0.291859 -0.268189 2.000000
0.042502 0.012955 0.326158 0.913264 0.278673 -0.297137 2.000000
0.043454 0.012800 0.328619 0.887086 0.337357 -0.315070 2.000000
0.042380 0.012872 0.325701 0.921269 0.280819 -0.269079 2.000000
0.042313 0.012674 0.325184 0.925402 0.271842 -0.264070 2.000000
0.041942 0.012664 0.323848 0.893707 0.303905 -0.330043 2.000000
0.042242 0.012537 0.324741 0.920067 0.259205 -0.293751 2.000000
0.042750 0.012302 0.326338 0.908844 0.277775 -0.311197 2.000000
0.042353 0.012683 0.325406 0.923670 0.280351 -0.261221 2.000000
0.042347 0.012139 0.324822 0.924658 0.230997 -0.302733 2.000000
0.042692 0.012110 0.325895 0.915231 0.272632 -0.296689 2.000000
0.042167 0.012208 0.324215 0.924888 0.244952 -0.290828 2.000000
0.042583 0.012054 0.325453 0.922098 0.258368 -0.288065 2.000000
0.042541 0.011734 0.325118 0.922445 0.246971 -0.296816 2.000000
0.042252 0.011774 0.324372 0.928411 0.238785 -0.284665 2.000000
0.042128 0.011663 0.323717 0.930658 0.237523 -0.278314 2.000000
0.041913 0.011634 0.322952 0.916088 0.265551 -0.300441 2.000000
0.042907 0.011242 0.325911 0.919464 0.256667 -0.297839 2.000000
0.042085 0.011205 0.323149 0.928525 0.230597 -0.290975 2.000000
0.042771 0.011178 0.325395 0.918303 0.246573 -0.309710 2.000000
0.042495 0.011255 0.324666 0.931882 0.215802 -0.291590 2.000000
0.041867 0.011037 0.322433 0.921331 0.238274 -0.307205 2.000000
0.040104 0.024401 0.320130 0.800449 -0.464389 -0.378977 2.000000
0.040014 0.024571 0.319906 0.309022 -0.455705 -0.834769 2.000000
0.039820 0.022814 0.323722 0.978365 -0.205704 0.022094 2.000000
0.039397 0.021613 0.315905 0.571658 -0.571181 0.589032 2.000000
0.043203 0.013282 0.328292 0.861996 0.402630 -0.307980 2.000000
0.039979 0.021768 0.315770 -0.084288 0.654600 -0.751262 2.000000
0.040056 0.021532 0.315789 -0.007224 0.588350 -0.808574 2.000000
0.043634 0.011753 0.328419 0.915664 0.238000 -0.323905 2.000000
0.043130 0.011963 0.327003 0.913409 0.249193 -0.321850 2.000000
0.040654 0.018022 0.327414 0.858556 0.428334 -0.281802 2.000000
0.040208 0.017897 0.325987 0.939982 0.216278 -0.263927 2.000000
0.041658 0.016528 0.328082 0.835665 0.401286 -0.375012 2.000000
0.041407 0.016514 0.327493 0.806991 0.393464 -0.440399 2.000000
0.039736 0.017748 0.324128 0.958650 0.133569 -0.251297 2.000000
0.037748 0.020610 0.320576 0.854131 -0.272584 -0.442897 2.000000
0.041502 0.016131 0.327196 0.753211 0.533821 -0.384329 2.000000
0.039912 0.022905 0.322662 0.964674 -0.260956 -0.036134 2.000000
0.039751 0.022375 0.322484 0.962455 -0.256473 -0.088896 2.000000
0.041706 0.015571 0.326815 0.810968 0.482126 -0.331490 2.000000
0.040007 0.016955 0.324549 0.921491 0.252407 -0.295205 2.000000
0.039585 0.022198 0.316788 0.588358 -0.744305 0.315982 2.000000
0.038682 0.021284 0.319667 0.576452 -0.658838 0.483359 2.000000
0.042371 0.015196 0.328273 0.877453 0.298835 -0.375198 2.000000
0.040123 0.023069 0.317775 -0.565944 0.789146 0.238654 2.000000
0.037612 0.019811 0.320931 -0.590495 0.484375 0.645521 2.000000
0.039606 0.022050 0.316325 0.407315 -0.766475 0.496599 2.000000
0.038360 0.020306 0.319255 0.805674 -0.513553 0.295215 2.000000
0.039450 0.016805 0.323018 0.906560 0.033624 -0.420736 2.000000
0.040506 0.016097 0.324891 0.848315 0.373761 -0.375053 2.000000
0.041972 0.014466 0.326146 0.877779 0.384485 -0.285789 2.000000
0.041654 0.015002 0.325988 0.827369 0.455339 -0.328826 2.000000
0.039388 0.021395 0.315749 -0.566081 0.485339 -0.666332 2.000000
0.037492 0.018835 0.315301 0.629046 -0.728259 0.271918 2.000000
0.039547 0.016229 0.323157 0.884382 0.095530 -0.456883 2.000000
0.039068 0.021111 0.315961 0.696975 -0.456451 0.553063 2.000000
0.039228 0.020888 0.315646 0.666337 -0.411048 0.622121 2.000000
0.042295 0.013680 0.326189 0.896768 0.345092 -0.276982 2.000000
0.042763 0.012980 0.326915 0.891026 0.316925 -0.325009 2.000000
0.041042 0.013928 0.323461 0.718123 0.546286 -0.431129 2.000000
0.042516 0.012676 0.325970 0.913712 0.282742 -0.291868 2.000000
0.038790 0.015419 0.321445 0.874083 0.221804 -0.432182 2.000000
0.038374 0.015703 0.320673 0.915045 0.086943 -0.393869 2.000000
0.039028 0.015041 0.321719 0.832991 0.327164 -0.446195 2.000000
0.040429 0.013829 0.322467 -0.616227 -0.641114 0.457425 2.000000
0.041651 0.012990 0.323481 0.834930 0.415574 -0.360820 2.000000
0.039236 0.014560 0.321626 0.799649 0.343363 -0.492608 2.000000
0.040201 0.013559 0.321811 -0.533779 -0.643698 0.548391 2.000000
0.040771 0.012977 0.321606 -0.600162 -0.634939 0.486476 2.000000
0.041370 0.016052 0.326857 0.745871 0.560287 -0.360214 2.000000
0.040972 0.016291 0.326962 0.768859 0.496311 -0.403153 2.000000
0.038130 0.014149 0.319860 0.866919 0.067517 -0.493855 2.000000
0.039758 0.013024 0.320933 -0.451364 -0.554329 0.699278 2.000000
0.040659 0.012449 0.320763 -0.534358 -0.543087 0.647702 2.000000
0.041474 0.015813 0.326552 0.766806 0.555759 -0.321156 2.000000
0.037912 0.014113 0.319358 0.906802 -0.028352 -0.420602 2.000000
0.041371 0.011399 0.321170 0.862639 0.221648 -0.454671 2.000000
0.041278 0.011008 0.321038 0.845565 0.121440 -0.519876 2.000000
0.037584 0.013589 0.318684 0.920384 -0.199521 -0.336282 2.000000
0.038172 0.012724 0.319603 0.717939 0.078733 -0.691640 2.000000
0.037374 0.013211 0.318438 0.896079 -0.282568 -0.342343 2.000000
0.037371 0.012875 0.318672 0.855617 -0.238094 -0.459598 2.000000
0.037067 0.012870 0.318194 0.877145 -0.359986 -0.317847 2.000000
0.038950 0.011601 0.319787 -0.346615 -0.413362 0.842015 2.000000
0.037309 0.012388 0.318688 0.787495 -0.104065 -0.607472 2.000000
0.036806 0.012448 0.318014 0.903101 -0.305341 -0.301952 2.000000
0.037802 0.011565 0.319178 -0.593237 -0.225319 0.772853 2.000000
0.036993 0.012157 0.318344 0.831682 -0.143921 -0.536275 2.000000
0.037283 0.011773 0.318767 -0.698983 -0.065740 0.712110 2.000000
0.038345 0.011404 0.319426 -0.417261 -0.359105 0.834828 2.000000
0.036674 0.011840 0.317992 0.897000 -0.084500 -0.433880 2.000000
0.037412 0.011322 0.318838 -0.641145 -0.231600 0.731638 2.000000
0.038163 0.010487 0.318839 -0.458180 -0.429961 0.777949 2.000000
0.043064 0.011242 0.326272 0.919340 0.253039 -0.301307 2.000000
0.040232 0.024491 0.321358 0.941040 -0.310963 0.133212 2.000000
0.041114 0.011939 0.320944 0.779852 0.326107 -0.534308 2.000000
0.041719 0.014780 0.325816 0.833409 0.446769 -0.325309 2.000000
0.042118 0.011833 0.323884 0.929953 0.246992 -0.272363 2.000000
0.037137 0.012555 0.318431 0.865565 -0.257784 -0.429354 2.000000
0.037269 0.011401 0.318637 -0.696210 -0.153504 0.701233 2.000000
0.037113 0.011555 0.318492 0.774684 0.064921 -0.629008 2.000000
0.037725 0.011129 0.318959 -0.576888 -0.337887 0.743662 2.000000
0.036575 0.010957 0.317600 0.840431 0.029190 -0.541132 2.000000
0.037444 0.010415 0.318365 -0.567643 -0.351635 0.744402 2.000000
0.036424 0.010484 0.317443 0.743459 0.105914 -0.660341 2.000000
0.036720 0.009940 0.317646 -0.608684 -0.175732 0.773707 2.000000
0.035950 0.010255 0.316995 -0.391188 -0.215104 0.894820 2.000000
0.039193 0.021060 0.320834 0.987884 -0.033647 0.151501 2.000000
0.041328 0.017014 0.327715 0.842096 0.399674 -0.362126 2.000000
0.040209 0.016978 0.325043 0.909943 0.297533 -0.288925 2.000000
0.040412 0.016444 0.325032 0.865287 0.371161 -0.336925 2.000000
0.039384 0.021519 0.320207 0.986478 0.157680 -0.044707 2.000000
0.038553 0.019506 0.315131 -0.582342 0.740326 -0.335849 2.000000
0.039409 0.020999 0.320418 0.987044 -0.098821 -0.126406 2.000000
0.039102 0.019086 0.321930 0.966437 -0.078404 -0.244647 2.000000
0.040330 0.025940 0.319584 -0.647681 0.173779 0.741829 2.000000
0.035055 0.016479 0.314746 0.732893 -0.680296 -0.008127 2.000000
0.037360 0.013236 0.317773 0.913528 -0.309715 -0.263711 2.000000
0.037360 0.013358 0.317683 0.926008 -0.274351 -0.259309 2.000000
0.037494 0.013594 0.318107 0.927825 -0.227287 -0.295774 2.000000
0.037154 0.012948 0.317507 0.908928 -0.336768 -0.245841 2.000000
0.037393 0.013712 0.317741 0.932273 -0.220447 -0.286829 2.000000
0.037208 0.013359 0.317433 0.923603 -0.290159 -0.250531 2.000000
0.036956 0.013010 0.317062 0.905598 -0.331885 -0.264091 2.000000
0.037075 0.013714 0.317014 0.927865 -0.217103 -0.303204 2.000000
0.037560 0.014099 0.318089 0.942317 -0.173199 -0.286426 2.000000
0.037306 0.013969 0.317563 0.934874 -0.203043 -0.291178 2.000000
0.037214 0.014103 0.317229 0.930709 -0.174698 -0.321344 2.000000
0.036869 0.013157 0.316885 0.905598 -0.331885 -0.264091 2.000000
0.037948 0.014865 0.318991 0.952261 -0.165437 -0.256572 2.000000
0.038146 0.015430 0.319118 0.977799 -0.170990 -0.121127 2.000000
0.038448 0.016433 0.318612 0.855770 -0.516137 0.035506 2.000000
0.037833 0.015121 0.318545 0.940812 -0.230236 -0.248725 2.000000
0.037694 0.014628 0.318331 0.941092 -0.184914 -0.283113 2.000000
0.038043 0.015561 0.318796 0.975788 -0.184401 -0.117616 2.000000
0.037782 0.015479 0.318221 0.933233 -0.320788 -0.161778 2.000000
0.038125 0.015992 0.318682 0.901412 -0.432599 -0.017748 2.000000
0.037671 0.015063 0.318062 0.937534 -0.225726 -0.264723 2.000000
0.037841 0.015754 0.317995 0.909866 -0.394275 -0.129198 2.000000
0.037706 0.015377 0.317864 0.927321 -0.341574 -0.152980 2.000000
0.038204 0.015657 0.319235 0.992158 -0.120236 -0.034154 2.000000
0.038519 0.016592 0.319074 0.853746 -0.479429 0.203139 2.000000
0.038780 0.016998 0.319046 0.843543 -0.480115 0.240676 2.000000
0.038256 0.015947 0.318996 0.920667 -0.389219 0.029690 2.000000
0.038783 0.016941 0.318756 0.844215 -0.521937 0.121995 2.000000
0.038111 0.016069 0.318312 0.872967 -0.487630 -0.012048 2.000000
0.038031 0.016013 0.317797 0.874086 -0.473964 -0.106451 2.000000
0.038660 0.017040 0.319370 0.852341 -0.452238 0.262670 2.000000
0.038420 0.016520 0.317499 0.861488 -0.499686 -0.090289 2.000000
0.038959 0.021081 0.318011 0.871915 -0.479792 -0.097797 2.000000
0.038746 0.020973 0.319413 0.758809 -0.551849 0.345935 2.000000
0.038646 0.021107 0.319638 0.626502 -0.666222 0.404529 2.000000
0.038896 0.021024 0.318975 0.741946 -0.636889 0.209496 2.000000
0.038623 0.020629 0.319200 0.820395 -0.487386 0.299012 2.000000
0.039805 0.021800 0.327456 0.990976 0.125679 -0.046608 2.000000
0.038396 0.020459 0.319568 0.793890 -0.482683 0.369804 2.000000
0.038427 0.020241 0.318940 0.828245 -0.526925 0.190683 2.000000
0.038414 0.020221 0.316596 0.868834 -0.451047 0.204168 2.000000
0.039798 0.021694 0.325636 0.999986 0.000558 0.005183 2.000000
0.039893 0.021247 0.327451 0.987879 0.143472 -0.059248 2.000000
0.037994 0.019723 0.319268 0.797266 -0.554100 0.239457 2.000000
0.039830 0.021351 0.326660 0.994101 0.098979 -0.044351 2.000000
0.038314 0.019967 0.317497 0.874662 -0.477142 -0.085446 2.000000
0.038140 0.019673 0.318751 0.801877 -0.569182 0.181730 2.000000
0.039822 0.021311 0.326169 0.998130 0.048447 -0.037268 2.000000
0.038138 0.019644 0.318315 0.822367 -0.560032 0.100384 2.000000
0.038016 0.019240 0.315280 -0.562111 0.770749 -0.299962 2.000000
0.038324 0.019803 0.316203 0.785810 -0.562255 0.257630 2.000000
0.037318 0.018768 0.319783 0.943041 -0.316360 -0.102908 2.000000
0.037838 0.019247 0.318483 0.797293 -0.585162 0.148020 2.000000
0.039704 0.022039 0.326458 0.998918 0.045634 -0.008911 2.000000
0.038127 0.019546 0.317823 0.836711 -0.546278 -0.038654 2.000000
0.039888 0.020970 0.326979 0.990566 0.115764 -0.073329 2.000000
0.037657 0.019180 0.318973 0.819377 -0.554329 0.146083 2.000000
0.039648 0.021199 0.324579 0.997431 -0.055154 -0.045715 2.000000
0.039791 0.021091 0.325752 0.998741 0.022851 -0.044655 2.000000
0.037749 0.019119 0.315607 0.604956 -0.760133 0.237120 2.000000
0.039789 0.021753 0.326943 0.994131 0.100602 -0.039789 2.000000
0.039878 0.020773 0.326508 0.992349 0.089660 -0.084875 2.000000
0.039969 0.020690 0.327321 0.986876 0.137944 -0.083951 2.000000
0.037861 0.018704 0.321527 0.521020 -0.631641 -0.574079 2.000000
0.037589 0.019035 0.316692 0.745466 -0.665234 -0.041770 2.000000
0.037462 0.018625 0.320404 0.942851 -0.150375 -0.297353 2.000000
0.037654 0.018960 0.317632 0.779797 -0.623548 -0.055722 2.000000
0.037640 0.018892 0.318273 0.788184 -0.609318 0.086589 2.000000
0.039709 0.021747 0.326186 0.999237 0.035972 -0.015185 2.000000
0.037292 0.018585 0.319133 0.885860 -0.463952 0.000139 2.000000
0.037265 0.018529 0.319460 0.924691 -0.374421 -0.068956 2.000000
0.037634 0.018533 0.320867 0.850658 -0.308640 -0.425584 2.000000
0.037512 0.018677 0.314949 0.578633 -0.716066 0.390427 2.000000
0.037546 0.018895 0.317125 0.756724 -0.644509 -0.109434 2.000000
0.039766 0.020709 0.325521 0.994863 0.014824 -0.100142 2.000000
0.036841 0.018314 0.316409 0.724118 -0.689562 -0.012542 2.000000
0.039730 0.020672 0.325015 0.996738 -0.004238 -0.080594 2.000000
0.039846 0.020544 0.326055 0.992594 0.066500 -0.101662 2.000000
0.037544 0.018752 0.317944 0.769559 -0.638435 -0.013424 2.000000
0.037838 0.018450 0.321396 0.251242 -0.817878 -0.517642 2.000000
0.040086 0.020313 0.328008 0.972657 0.214901 -0.088062 2.000000
0.037305 0.018571 0.317404 0.746854 -0.659344 -0.086454 2.000000
0.038290 0.019413 0.315268 -0.543602 0.771648 -0.330238 2.000000
0.036382 0.017833 0.315173 0.638890 -0.753692 0.154168 2.000000
0.037151 0.018401 0.315037 0.588951 -0.707310 0.390959 2.000000
0.037158 0.018210 0.319495 0.937360 -0.292308 -0.189503 2.000000
0.037404 0.018166 0.320400 0.930362 -0.137290 -0.339967 2.000000
0.036861 0.018266 0.316922 0.742194 -0.659326 -0.120155 2.000000
0.037096 0.018262 0.317863 0.764995 -0.640003 -0.071955 2.000000
0.036529 0.017964 0.315778 0.715328 -0.698643 0.014265 2.000000
0.039940 0.020343 0.326810 0.990980 0.093012 -0.096475 2.000000
0.036935 0.018133 0.317488 0.754810 -0.644011 -0.124548 2.000000
0.036882 0.018051 0.314666 -0.522195 0.694191 -0.495390 2.000000
0.036764 0.018153 0.315287 0.630129 -0.761783 0.150413 2.000000
0.036866 0.017994 0.317920 0.788143 -0.607702 -0.097617 2.000000
0.036371 0.017739 0.314735 -0.519627 0.711703 -0.472723 2.000000
0.036738 0.017679 0.314394 -0.235722 0.565829 -0.790109 2.000000
0.036167 0.017620 0.315508 0.720326 -0.693297 -0.021657 2.000000
0.040068 0.020081 0.327583 0.974473 0.169839 -0.146822 2.000000
0.039773 0.020327 0.325306 0.994120 0.031575 -0.103581 2.000000
0.036136 0.017510 0.315999 0.762290 -0.640284 -0.094604 2.000000
0.036182 0.017462 0.316418 0.773133 -0.625094 -0.107347 2.000000
0.039708 0.020336 0.324636 0.996405 0.002820 -0.084673 2.000000
0.036007 0.017486 0.315061 0.696323 -0.714693 0.065934 2.000000
0.036872 0.017740 0.319212 0.899787 -0.369279 -0.232415 2.000000
0.035802 0.017186 0.315559 0.749027 -0.655243 -0.098061 2.000000
0.039791 0.022932 0.325549 0.998830 -0.031423 0.036753 2.000000
0.037804 0.017835 0.321491 0.610519 0.699982 -0.370530 2.000000
0.035964 0.017361 0.314610 0.621966 -0.681343 0.385915 2.000000
0.037195 0.017699 0.320096 0.921034 -0.190098 -0.339940 2.000000
0.035625 0.017105 0.314966 0.711282 -0.702712 0.016556 2.000000
0.039820 0.022816 0.324998 0.996735 -0.077895 0.021269 2.000000
0.040034 0.019834 0.327174 0.979105 0.134392 -0.152618 2.000000
0.039953 0.019879 0.326626 0.986534 0.106433 -0.124185 2.000000
0.035502 0.016871 0.315458 0.773578 -0.621868 -0.121886 2.000000
0.035915 0.017148 0.314272 -0.425659 0.705044 -0.567210 2.000000
0.036225 0.017421 0.316991 0.786219 -0.600783 -0.144635 2.000000
0.035826 0.017085 0.315989 0.775100 -0.618104 -0.131028 2.000000
0.035627 0.016769 0.316689 0.824910 -0.534466 -0.184038 2.000000
0.036735 0.017450 0.318808 0.868858 -0.425154 -0.253634 2.000000
0.037006 0.017423 0.319755 0.906222 -0.237974 -0.349472 2.000000
0.035619 0.016828 0.314132 -0.384794 0.741024 -0.550288 2.000000
0.035636 0.017071 0.314507 0.576747 -0.731431 0.363830 2.000000
0.039849 0.022892 0.324341 0.987628 -0.150045 0.045587 2.000000
0.035252 0.016657 0.315036 0.757543 -0.645661 -0.096185 2.000000
0.039874 0.019808 0.325917 0.986962 0.087250 -0.135253 2.000000
0.035288 0.016742 0.314555 0.637671 -0.742873 0.203756 2.000000
0.034835 0.015922 0.313524 -0.444382 0.723753 -0.527926 2.000000
0.040197 0.019464 0.327665 0.962240 0.195165 -0.189749 2.000000
0.035414 0.016408 0.313713 -0.246074 0.678554 -0.692107 2.000000
0.035026 0.015995 0.316060 0.810609 -0.494017 -0.314419 2.000000
0.035025 0.016112 0.313611 -0.466714 0.696534 -0.544993 2.000000
0.034960 0.016071 0.315537 0.799885 -0.551295 -0.237187 2.000000
0.036666 0.017091 0.319325 0.897088 -0.255318 -0.360618 2.000000
0.039798 0.022542 0.323982 0.991636 -0.128983 -0.004675 2.000000
0.040009 0.019403 0.326623 0.980153 0.140873 -0.139484 2.000000
0.039782 0.022242 0.325853 0.999658 -0.002906 0.025974 2.000000
0.039703 0.019583 0.324718 0.988550 0.026703 -0.148511 2.000000
0.039826 0.019544 0.325444 0.984486 0.083658 -0.154238 2.000000
0.034675 0.015598 0.315847 0.807512 -0.454168 -0.376372 2.000000
0.034203 0.015627 0.314579 0.678240 -0.720445 -0.144735 2.000000
0.039803 0.022406 0.325299 0.999662 -0.014330 0.021703 2.000000
0.034897 0.015688 0.316171 0.819328 -0.408664 -0.402112 2.000000
0.035703 0.016178 0.317519 0.871557 -0.321910 -0.369813 2.000000
0.036975 0.016860 0.319907 0.695054 0.317656 -0.644976 2.000000
0.034131 0.015526 0.313712 0.532345 -0.784886 0.317116 2.000000
0.034183 0.015189 0.315311 0.833931 -0.333705 -0.439546 2.000000
0.039988 0.019252 0.326171 0.982077 0.130121 -0.136360 2.000000
0.034581 0.015334 0.315890 0.841384 -0.343020 -0.417624 2.000000
0.040104 0.019112 0.327181 0.948074 0.235262 -0.214026 2.000000
0.036313 0.016230 0.318621 0.897059 -0.228367 -0.378329 2.000000
0.040308 0.018937 0.327650 0.928723 0.287200 -0.234497 2.000000
0.039908 0.019120 0.325742 0.979630 0.119759 -0.161191 2.000000
0.037041 0.016690 0.320160 0.601927 0.596643 -0.530756 2.000000
0.039785 0.022060 0.324179 0.993931 -0.086121 -0.068436 2.000000
0.033731 0.014939 0.314571 0.825083 -0.427833 -0.369049 2.000000
0.040089 0.018949 0.326784 0.961813 0.212090 -0.173016 2.000000
0.039756 0.019054 0.324820 0.977816 0.077277 -0.194688 2.000000
0.039767 0.021652 0.326440 0.998430 0.045804 -0.032244 2.000000
0.039786 0.021796 0.325896 0.999937 0.009691 0.005649 2.000000
0.040060 0.018889 0.326384 0.972241 0.184762 -0.143566 2.000000
0.039873 0.018914 0.325299 0.975082 0.108826 -0.193320 2.000000
0.039710 0.021872 0.323696 0.994777 -0.088557 -0.050752 2.000000
0.034472 0.014966 0.315801 0.834782 -0.294454 -0.465226 2.000000
0.040307 0.018606 0.327262 0.913126 0.330398 -0.238827 2.000000
0.040773 0.025760 0.321116 0.959120 -0.281286 0.031100 2.000000
0.033864 0.014454 0.315110 0.840295 -0.232106 -0.489929 2.000000
0.036491 0.016256 0.319046 0.901419 -0.198536 -0.384744 2.000000
0.040565 0.018443 0.327803 0.909861 0.354985 -0.214800 2.000000
0.034764 0.014732 0.316438 0.855459 -0.230041 -0.463973 2.000000
0.040003 0.018667 0.325795 0.967372 0.155393 -0.200108 2.000000
0.039649 0.018910 0.324145 0.975334 0.060197 -0.212369 2.000000
0.033664 0.014554 0.314692 0.869334 -0.266769 -0.416043 2.000000
0.040211 0.018503 0.326790 0.926302 0.302650 -0.224429 2.000000
0.039874 0.018580 0.324958 0.973041 0.093640 -0.210768 2.000000
0.039780 0.021520 0.325270 0.998756 -0.035068 -0.035440 2.000000
0.036131 0.015656 0.318614 0.888900 -0.196614 -0.413763 2.000000
0.040672 0.025373 0.320856 0.946273 -0.323313 -0.005950 2.000000
0.039756 0.021517 0.324472 0.996500 -0.068153 -0.048405 2.000000
0.034036 0.014176 0.315472 0.839060 -0.179353 -0.513626 2.000000
0.040129 0.018368 0.326092 0.955070 0.208307 -0.210828 2.000000
0.040266 0.024550 0.322718 0.967309 -0.237189 -0.089745 2.000000
0.040499 0.025175 0.319736 0.825595 -0.318229 -0.465965 2.000000
0.040713 0.018119 0.327990 0.888629 0.430220 -0.158904 2.000000
0.039787 0.018350 0.324569 0.969330 0.088836 -0.229145 2.000000
0.040060 0.018294 0.325642 0.961583 0.164384 -0.219853 2.000000
0.039718 0.021127 0.324035 0.995471 -0.050664 -0.080438 2.000000
0.040156 0.024121 0.322547 0.973818 -0.207113 -0.093717 2.000000
0.039683 0.018139 0.324085 0.965720 0.092442 -0.242570 2.000000
0.039965 0.023376 0.324133 0.971527 -0.233832 0.038188 2.000000
0.039717 0.020967 0.324662 0.997904 -0.039453 -0.051291 2.000000
0.039944 0.023414 0.324660 0.981140 -0.182736 0.063017 2.000000
0.039914 0.018118 0.325021 0.958441 0.131430 -0.253212 2.000000
0.040101 0.023712 0.322592 0.976345 -0.202754 -0.075107 2.000000
0.039652 0.021021 0.323515 0.994424 -0.058893 -0.087476 2.000000
0.039737 0.022800 0.325234 0.998468 -0.048535 0.026567 2.000000
0.039982 0.023203 0.322770 0.968730 -0.247065 -0.022814 2.000000
0.034394 0.013998 0.315976 0.829306 -0.167760 -0.533018 2.000000
0.039708 0.020671 0.324300 0.996891 -0.039010 -0.068457 2.000000
0.039584 0.020765 0.323145 0.982617 -0.113335 -0.147031 2.000000
0.039795 0.017794 0.324445 0.953413 0.150849 -0.261244 2.000000
0.039873 0.022879 0.323206 0.971371 -0.237256 0.012181 2.000000
0.039656 0.020545 0.323805 0.992850 -0.063686 -0.100957 2.000000
0.039867 0.022773 0.322891 0.969044 -0.246249 -0.017740 2.000000
0.040082 0.017368 0.325227 0.926441 0.241061 -0.289131 2.000000
0.035056 0.016251 0.315304 0.778547 -0.594147 -0.202123 2.000000
0.038085 0.014833 0.319816 0.937802 0.022680 -0.346429 2.000000
0.039991 0.017281 0.324785 0.935035 0.224400 -0.274509 2.000000
0.039787 0.022367 0.323090 0.985018 -0.169590 -0.031299 2.000000
0.034823 0.016120 0.313888 0.496416 -0.752085 0.433520 2.000000
0.035379 0.016187 0.313623 -0.244017 0.714492 -0.655711 2.000000
0.039554 0.020189 0.323402 0.978954 -0.110423 -0.171630 2.000000
0.034549 0.015762 0.313693 0.574633 -0.717063 0.394484 2.000000
0.039899 0.017176 0.324364 0.935217 0.199431 -0.292568 2.000000
0.034454 0.015458 0.315501 0.817625 -0.430376 -0.382447 2.000000
0.034805 0.015694 0.313371 -0.446583 0.715048 -0.537839 2.000000
0.033987 0.015266 0.313354 -0.473169 0.747772 -0.465778 2.000000
0.039670 0.022035 0.322493 0.967817 -0.207841 -0.141886 2.000000
0.035058 0.015836 0.313425 -0.444382 0.723753 -0.527926 2.000000
0.035138 0.015660 0.316616 0.850718 -0.320827 -0.416352 2.000000
0.034724 0.015395 0.316115 0.835846 -0.343082 -0.428551 2.000000
0.040205 0.023014 0.317771 -0.554730 0.816070 0.162184 2.000000
0.040005 0.020232 0.327218 0.986066 0.119953 -0.115259 2.000000
0.039651 0.019930 0.324143 0.988469 -0.029963 -0.148428 2.000000
0.040284 0.016837 0.325284 0.882581 0.350299 -0.313593 2.000000
0.034781 0.016003 0.313680 0.499254 -0.722373 0.478459 2.000000
0.040154 0.022930 0.317635 -0.485397 0.870202 0.084492 2.000000
0.039708 0.018178 0.324362 0.967536 0.095624 -0.233946 2.000000
0.039308 0.020025 0.322466 0.962749 -0.151355 -0.224066 2.000000
0.040185 0.016783 0.324771 0.903846 0.291477 -0.313215 2.000000
0.035595 0.015848 0.317384 0.875384 -0.289155 -0.387419 2.000000
0.039413 0.019914 0.322957 0.968446 -0.131944 -0.211432 2.000000
0.041642 0.016381 0.328450 0.793254 0.411478 -0.448814 2.000000
0.040028 0.017821 0.325386 0.946000 0.185184 -0.266066 2.000000
0.040397 0.022771 0.317737 -0.350665 -0.705786 -0.615548 2.000000
0.034674 0.015455 0.313302 -0.410586 0.686984 -0.599560 2.000000
0.039562 0.019693 0.323705 0.980058 -0.058799 -0.189815 2.000000
0.034821 0.015385 0.313224 -0.415132 0.682064 -0.602042 2.000000
0.039823 0.020242 0.325730 0.990629 0.063431 -0.120960 2.000000
0.039863 0.017825 0.324885 0.950091 0.165498 -0.264457 2.000000
0.039292 0.021532 0.321366 0.965810 -0.203799 -0.160243 2.000000
0.039422 0.021588 0.319820 -0.110666 -0.988467 0.103377 2.000000
0.034132 0.015067 0.313076 -0.460816 0.720413 -0.518318 2.000000
0.040027 0.016647 0.324350 0.902232 0.263524 -0.341368 2.000000
0.035293 0.015420 0.313624 -0.283981 0.756391 -0.589260 2.000000
0.040106 0.022038 0.318223 -0.273553 0.598446 0.753015 2.000000
0.039634 0.019429 0.324222 0.981926 -0.009741 -0.189016 2.000000
0.039461 0.021274 0.320090 0.996035 0.010593 -0.088329 2.000000
0.039455 0.021116 0.322045 0.961897 -0.153665 -0.226145 2.000000
0.035486 0.015569 0.317365 0.868642 -0.281013 -0.408034 2.000000
0.039731 0.020088 0.324981 0.993144 0.023861 -0.114436 2.000000
0.039483 0.022062 0.316972 0.771233 -0.607555 0.189941 2.000000
0.034301 0.014417 0.315685 0.827213 -0.202642 -0.524075 2.000000
0.039324 0.021220 0.321640 0.968423 -0.149031 -0.199865 2.000000
0.034226 0.014598 0.313037 -0.521953 0.759309 -0.388607 2.000000
0.034529 0.015181 0.313123 -0.375779 0.709995 -0.595564 2.000000
0.039431 0.019484 0.323248 0.970894 -0.057940 -0.232395 2.000000
0.035245 0.015284 0.316886 0.859216 -0.297646 -0.416120 2.000000
0.039627 0.021742 0.318416 0.364745 -0.873939 -0.321234 2.000000
0.040283 0.016269 0.324640 0.865747 0.344871 -0.362692 2.000000
0.040136 0.021822 0.318454 0.063247 -0.857939 -0.509844 2.000000
0.039327 0.019311 0.322847 0.968304 -0.061317 -0.242132 2.000000
0.039539 0.019146 0.323787 0.977167 0.009144 -0.212276 2.000000
0.034572 0.014425 0.316063 0.828832 -0.194994 -0.524419 2.000000
0.039892 0.021962 0.316012 0.087100 -0.758868 0.645394 2.000000
0.039250 0.020511 0.321795 0.961776 -0.172102 -0.212998 2.000000
0.039293 0.020338 0.322300 0.961927 -0.164698 -0.218106 2.000000
0.039750 0.017398 0.324112 0.945993 0.163027 -0.280215 2.000000
0.038669 0.020543 0.316217 0.837333 -0.451777 0.307848 2.000000
0.040124 0.015949 0.324167 0.847320 0.287662 -0.446429 2.000000
0.040472 0.015794 0.324652 0.827234 0.363940 -0.428055 2.000000
0.039082 0.020168 0.321239 0.985284 -0.150779 -0.080502 2.000000
0.033599 0.013309 0.314811 0.886148 0.013577 -0.463204 2.000000
0.039410 0.018852 0.323305 0.965828 0.022503 -0.258206 2.000000
0.039022 0.019859 0.320836 0.951329 -0.225550 0.210002 2.000000
0.039320 0.018803 0.322907 0.965589 0.004197 -0.260040 2.000000
0.039666 0.017147 0.323663 0.942102 0.122539 -0.312135 2.000000
0.039587 0.018581 0.323914 0.970823 0.064579 -0.230938 2.000000
0.039331 0.020350 0.320578 0.930548 -0.072789 0.358861 2.000000
0.042344 0.014853 0.328077 0.902766 0.284118 -0.322939 2.000000
0.039184 0.018692 0.322457 0.969596 -0.048472 -0.239864 2.000000
0.042528 0.014532 0.328405 0.897786 0.302759 -0.319871 2.000000
0.038198 0.019791 0.317338 0.855026 -0.514985 -0.060998 2.000000
0.039985 0.016825 0.324416 0.921444 0.237899 -0.307158 2.000000
0.040311 0.015476 0.324212 0.793985 0.376844 -0.477050 2.000000
0.036513 0.017544 0.318034 0.816317 -0.548893 -0.179839 2.000000
0.040675 0.015388 0.324672 0.782353 0.437569 -0.443235 2.000000
0.038675 0.018979 0.320738 0.615670 -0.553493 0.560888 2.000000
0.039501 0.018389 0.323452 0.959248 0.045798 -0.278831 2.000000
0.036830 0.017840 0.318554 0.841903 -0.514227 -0.163615 2.000000
0.039839 0.022263 0.324858 0.998922 -0.044131 -0.014422 2.000000
0.039749 0.022293 0.326163 0.999789 0.009523 0.018199 2.000000
0.042369 0.014502 0.328184 0.897357 0.313746 -0.310344 2.000000
0.042750 0.014329 0.328738 0.873617 0.345138 -0.343035 2.000000
0.039369 0.018322 0.323025 0.953923 0.034963 -0.298008 2.000000
0.042270 0.014570 0.327441 0.892278 0.370862 -0.257490 2.000000
0.039638 0.019119 0.324276 0.979479 0.020692 -0.200483 2.000000
0.038860 0.019257 0.320651 0.972236 -0.186698 0.141073 2.000000
0.036838 0.017719 0.318978 0.873859 -0.425133 -0.235866 2.000000
0.039847 0.016453 0.323853 0.894510 0.176700 -0.410644 2.000000
0.036826 0.017442 0.319395 0.902109 -0.265750 -0.339964 2.000000
0.039622 0.018021 0.323731 0.960526 0.087710 -0.264003 2.000000
0.040589 0.015027 0.324266 0.717350 0.489566 -0.495716 2.000000
0.036404 0.017748 0.316617 0.774702 -0.625148 -0.095005 2.000000
0.040152 0.018470 0.326400 0.949401 0.238117 -0.204786 2.000000
0.040130 0.019137 0.327543 0.940106 0.257368 -0.223520 2.000000
0.040202 0.015122 0.323785 0.762529 0.447742 -0.466988 2.000000
0.037610 0.018015 0.320897 0.929986 -0.075476 -0.359762 2.000000
0.036305 0.017224 0.318018 0.846628 -0.460678 -0.266454 2.000000
0.039069 0.018287 0.321977 0.961163 -0.052497 -0.270941 2.000000
0.036370 0.017109 0.318389 0.882623 -0.357190 -0.305600 2.000000
0.037596 0.018526 0.314652 -0.338629 0.785175 -0.518489 2.000000
0.037091 0.017350 0.319972 0.902922 -0.218388 -0.370188 2.000000
0.039183 0.018027 0.322464 0.951856 -0.000273 -0.306545 2.000000
0.039505 0.017816 0.323246 0.941224 0.070137 -0.330421 2.000000
0.034210 0.014847 0.315503 0.830052 -0.263516 -0.491502 2.000000
0.039819 0.021746 0.324884 0.996741 -0.070691 -0.038865 2.000000
0.039701 0.021895 0.323210 0.990887 -0.129609 -0.036672 2.000000
0.036856 0.017033 0.319669 0.899706 -0.231906 -0.369795 2.000000
0.039486 0.015117 0.322600 0.791416 0.363797 -0.491236 2.000000
0.042260 0.014241 0.327016 0.891038 0.376839 -0.253069 2.000000
0.037636 0.017639 0.321062 -0.340890 -0.273964 0.899298 2.000000
0.039187 0.015199 0.322163 0.829269 0.319995 -0.458166 2.000000
0.040162 0.018875 0.327397 0.925559 0.283027 -0.251468 2.000000
0.037798 0.017806 0.321758 0.586111 0.551112 -0.593927 2.000000
0.039897 0.016052 0.323816 0.872282 0.213444 -0.439962 2.000000
0.034390 0.015390 0.313376 -0.426818 0.720475 -0.546573 2.000000
0.041521 0.016711 0.327949 0.855677 0.395450 -0.333822 2.000000
0.039666 0.017537 0.323720 0.951979 0.104729 -0.287693 2.000000
0.035234 0.016339 0.313760 -0.399323 0.740634 -0.540373 2.000000
0.039696 0.015985 0.323378 0.870249 0.190049 -0.454476 2.000000
0.034922 0.015234 0.316494 0.855046 -0.285285 -0.433024 2.000000
0.040182 0.014864 0.323517 0.742714 0.476175 -0.470779 2.000000
0.040490 0.026374 0.319645 0.748851 -0.176378 -0.638838 2.000000
0.039444 0.016004 0.322924 0.859524 0.152431 -0.487835 2.000000
0.039071 0.017686 0.322038 0.947406 -0.038985 -0.317650 2.000000
0.039671 0.014744 0.322551 0.741462 0.454176 -0.493921 2.000000
0.039692 0.021476 0.323697 0.994034 -0.085536 -0.067669 2.000000
0.039334 0.014809 0.322121 0.786313 0.395558 -0.474601 2.000000
0.039526 0.017278 0.323217 0.932407 0.060456 -0.356317 2.000000
0.036498 0.016446 0.319112 0.908211 -0.203173 -0.365888 2.000000
0.042319 0.013911 0.326614 0.896829 0.358118 -0.259710 2.000000
0.040370 0.014442 0.323099 0.660322 0.587191 -0.468168 2.000000
0.039149 0.017473 0.322339 0.936386 -0.011712 -0.350776 2.000000
0.040060 0.020586 0.328686 0.966940 0.253327 -0.029183 2.000000
0.039742 0.021326 0.324853 0.997575 -0.057354 -0.039431 2.000000
0.039734 0.021057 0.325165 0.997045 -0.010723 -0.076065 2.000000
0.038797 0.017613 0.321333 0.919343 -0.057866 -0.389178 2.000000
0.039372 0.021637 0.319210 0.300054 -0.953607 0.024516 2.000000
0.039156 0.014744 0.321657 0.805182 0.358917 -0.472081 2.000000
0.039826 0.015476 0.323421 0.811816 0.326531 -0.484079 2.000000
0.039321 0.017129 0.322792 0.918737 0.010827 -0.394721 2.000000
0.038982 0.017230 0.321865 0.933839 -0.061638 -0.352342 2.000000
0.039629 0.016894 0.323410 0.924061 0.077751 -0.374254 2.000000
0.039635 0.021355 0.323153 0.989307 -0.110097 -0.095659 2.000000
0.039305 0.015549 0.322558 0.837909 0.258051 -0.480955 2.000000
0.039564 0.021005 0.322745 0.978187 -0.134402 -0.158390 2.000000
0.039108 0.017017 0.322234 0.925645 -0.046556 -0.375519 2.000000
0.036358 0.015987 0.318846 0.899161 -0.193916 -0.392309 2.000000
0.039231 0.014251 0.321403 0.765261 0.383302 -0.517161 2.000000
0.036106 0.014583 0.319012 0.746424 0.533246 -0.398120 2.000000
0.039191 0.016760 0.322514 0.904141 -0.011377 -0.427082 2.000000
0.040092 0.016308 0.324301 0.874916 0.270965 -0.401373 2.000000
0.038574 0.017117 0.320968 0.934513 -0.050344 -0.352352 2.000000
0.040811 0.013523 0.322386 -0.627446 -0.658379 0.415750 2.000000
0.034676 0.014967 0.316122 0.838732 -0.261015 -0.477912 2.000000
0.038929 0.016669 0.321880 0.917159 -0.069593 -0.392399 2.000000
0.038733 0.016749 0.321416 0.913805 -0.096074 -0.394627 2.000000
0.039390 0.016415 0.322904 0.888920 0.059766 -0.454146 2.000000
0.041165 0.013100 0.322351 0.761538 0.554923 -0.334844 2.000000
0.042817 0.012616 0.326706 0.898095 0.289801 -0.330819 2.000000
0.041636 0.015297 0.326333 0.811532 0.478106 -0.335903 2.000000
0.038847 0.013951 0.320739 0.763006 0.293617 -0.575857 2.000000
0.040990 0.012968 0.321864 0.674651 0.602982 -0.425745 2.000000
0.039053 0.016419 0.322241 0.906962 -0.026577 -0.420372 2.000000
0.043248 0.012226 0.327533 0.910398 0.237799 -0.338567 2.000000
0.042583 0.012505 0.326013 0.915307 0.277554 -0.291850 2.000000
0.040955 0.013169 0.322043 0.694902 0.599395 -0.397286 2.000000
0.038561 0.013920 0.320345 0.805210 0.220569 -0.550442 2.000000
0.042960 0.012181 0.326702 0.910396 0.259283 -0.322416 2.000000
0.039462 0.013405 0.321036 -0.588552 -0.496112 0.638341 2.000000
0.039208 0.016022 0.322538 0.876343 0.082498 -0.474571 2.000000
0.038517 0.016411 0.321023 0.919151 -0.038804 -0.391988 2.000000
0.039964 0.015610 0.323740 0.831941 0.310774 -0.459668 2.000000
0.038725 0.016234 0.321534 0.916702 -0.018892 -0.399124 2.000000
0.033583 0.013714 0.314827 0.889627 -0.070588 -0.451200 2.000000
0.034166 0.013930 0.315666 0.853849 -0.125844 -0.505079 2.000000
0.038947 0.013454 0.320575 -0.650611 -0.369280 0.663579 2.000000
0.037538 0.018399 0.320655 0.935932 -0.113023 -0.333552 2.000000
0.043002 0.013726 0.328473 0.856742 0.427396 -0.288662 2.000000
0.038991 0.015724 0.322084 0.879542 0.169085 -0.444765 2.000000
0.041249 0.014653 0.324728 0.770977 0.485278 -0.412431 2.000000
0.039627 0.015430 0.323020 0.803356 0.310290 -0.508272 2.000000
0.033767 0.013375 0.315160 0.879485 0.009340 -0.475834 2.000000
0.039300 0.012972 0.320610 -0.496150 -0.465262 0.733052 2.000000
0.039767 0.019434 0.325047 0.985187 0.068650 -0.157142 2.000000
0.040003 0.015027 0.323313 0.762291 0.431209 -0.482671 2.000000
0.041992 0.011901 0.323384 0.920188 0.265764 -0.287444 2.000000
0.042395 0.011637 0.324693 0.932065 0.219477 -0.288242 2.000000
0.039912 0.012664 0.320656 -0.384953 -0.573255 0.723319 2.000000
0.042778 0.011540 0.325657 0.916699 0.262404 -0.301342 2.000000
0.038757 0.013031 0.320210 -0.641129 -0.258322 0.722650 2.000000
0.038574 0.015654 0.321083 0.907190 0.119505 -0.403392 2.000000
0.039241 0.019503 0.322431 0.970652 -0.077845 -0.227541 2.000000
0.038954 0.015377 0.321805 0.865542 0.241921 -0.438534 2.000000
0.041319 0.014326 0.324389 0.752468 0.502706 -0.425533 2.000000
0.043185 0.011280 0.326634 0.920364 0.234395 -0.313032 2.000000
0.041367 0.012138 0.321680 0.875230 0.356971 -0.326411 2.000000
0.039864 0.014884 0.322870 0.755180 0.418738 -0.504344 2.000000
0.039718 0.018873 0.324459 0.974415 0.062886 -0.215779 2.000000
0.039151 0.020809 0.321051 0.987620 -0.144385 0.061315 2.000000
0.041933 0.013809 0.325318 0.862382 0.403688 -0.305506 2.000000
0.041499 0.011814 0.321680 0.887637 0.293990 -0.354500 2.000000
0.038404 0.012786 0.319835 -0.670327 -0.149942 0.726759 2.000000
0.038887 0.012588 0.320175 -0.540703 -0.310366 0.781866 2.000000
0.040086 0.023520 0.323473 0.966115 -0.256631 0.027611 2.000000
0.038399 0.015404 0.320630 0.901206 0.109667 -0.419286 2.000000
0.039416 0.012512 0.320422 -0.384945 -0.457498 0.801569 2.000000
0.040005 0.023666 0.321429 0.975012 -0.220435 0.027563 2.000000
0.038655 0.015257 0.321066 0.864971 0.184501 -0.466674 2.000000
0.039135 0.020501 0.321162 0.988631 -0.149585 0.015245 2.000000
0.039638 0.014518 0.322268 0.717664 0.478037 -0.506398 2.000000
0.039743 0.012105 0.320270 -0.298694 -0.470559 0.830275 2.000000
0.040102 0.014463 0.322762 0.680458 0.547856 -0.486652 2.000000
0.038906 0.014961 0.321357 0.842515 0.270803 -0.465653 2.000000
0.041377 0.011784 0.321302 0.865603 0.254625 -0.431157 2.000000
0.035405 0.015976 0.316939 0.882693 -0.314199 -0.349473 2.000000
0.034659 0.016101 0.314203 0.628344 -0.747582 0.215186 2.000000
0.041447 0.017160 0.328288 0.818622 0.491156 -0.297697 2.000000
0.036919 0.016717 0.319967 -0.609540 -0.452347 0.651033 2.000000
0.041686 0.013673 0.324368 0.847911 0.405781 -0.341158 2.000000
0.041489 0.013671 0.323936 0.803668 0.446839 -0.393004 2.000000
0.038980 0.019023 0.321523 0.964100 -0.084842 -0.251620 2.000000
0.038204 0.012375 0.319594 -0.611780 -0.146120 0.777415 2.000000
0.038697 0.014864 0.320972 0.839705 0.228357 -0.492696 2.000000
0.039221 0.012183 0.320170 -0.383209 -0.423215 0.820999 2.000000
0.041872 0.013292 0.324405 0.863208 0.379786 -0.332618 2.000000
0.038213 0.015064 0.320191 0.941017 0.064510 -0.332153 2.000000
0.038767 0.012168 0.319963 -0.490292 -0.281572 0.824822 2.000000
0.039435 0.014258 0.321669 0.713347 0.473535 -0.516624 2.000000
0.037790 0.018837 0.314821 -0.400293 0.719717 -0.567250 2.000000
0.036427 0.016061 0.319133 0.901419 -0.198536 -0.384744 2.000000
0.039120 0.018722 0.322088 0.970046 -0.051915 -0.237310 2.000000
0.041288 0.017215 0.327900 0.849946 0.456141 -0.263680 2.000000
0.038401 0.014870 0.320472 0.850604 0.179870 -0.494085 2.000000
0.038939 0.014557 0.321149 0.811506 0.301967 -0.500273 2.000000
0.038793 0.018774 0.321074 0.948389 -0.275541 -0.156958 2.000000
0.037284 0.016694 0.320833 -0.596224 -0.534242 0.599252 2.000000
0.037663 0.018697 0.314746 0.533237 -0.725231 0.435543 2.000000
0.041984 0.012236 0.323624 0.919897 0.278553 -0.276039 2.000000
0.041519 0.011137 0.321484 0.895104 0.182279 -0.406894 2.000000
0.039284 0.011737 0.319987 -0.298889 -0.415888 0.858896 2.000000
0.040062 0.011437 0.319994 -0.387104 -0.354684 0.851088 2.000000
0.038958 0.018489 0.321589 0.958778 -0.075901 -0.273831 2.000000
0.041063 0.011306 0.320723 0.726264 0.235162 -0.645940 2.000000
0.038666 0.014388 0.320717 0.795269 0.243769 -0.555088 2.000000
0.039692 0.013128 0.321017 -0.512040 -0.581393 0.632295 2.000000
0.038535 0.011783 0.319704 -0.448825 -0.326717 0.831752 2.000000
0.038222 0.014564 0.320066 0.889350 0.106999 -0.444531 2.000000
0.039629 0.011523 0.319995 -0.299733 -0.405147 0.863722 2.000000
0.039024 0.014151 0.321033 0.767164 0.333423 -0.547986 2.000000
0.039808 0.021887 0.325232 0.999051 -0.043495 0.002342 2.000000
0.038786 0.018222 0.321151 0.928606 -0.057053 -0.366654 2.000000
0.040150 0.013369 0.321574 -0.506417 -0.648999 0.567752 2.000000
0.039093 0.018019 0.322118 0.957040 -0.038507 -0.287387 2.000000
0.038331 0.014152 0.320105 0.827324 0.174444 -0.533952 2.000000
0.039715 0.011038 0.319743 -0.338642 -0.421275 0.841338 2.000000
0.039716 0.021168 0.325378 0.998168 0.002263 -0.060466 2.000000
0.041053 0.016204 0.326701 0.761707 0.537993 -0.361062 2.000000
0.041135 0.016133 0.326457 0.734925 0.583718 -0.345194 2.000000
0.039359 0.017702 0.322898 0.939162 0.042974 -0.340775 2.000000
0.038657 0.017891 0.320921 0.980869 0.010805 -0.194371 2.000000
0.039672 0.022230 0.317927 0.646080 -0.614668 -0.452509 2.000000
0.039768 0.022502 0.317068 0.485657 -0.832082 0.267912 2.000000
0.042059 0.011492 0.323269 0.928574 0.225845 -0.294524 2.000000
0.039815 0.016878 0.323911 0.921351 0.180452 -0.344311 2.000000
0.040134 0.010865 0.319866 0.433713 0.330141 -0.838391 2.000000
0.038949 0.017966 0.321656 0.948683 -0.069684 -0.308454 2.000000
0.041173 0.015890 0.326221 0.743885 0.579599 -0.332716 2.000000
0.038286 0.013795 0.319954 0.808696 0.143808 -0.570377 2.000000
0.040798 0.012632 0.321169 -0.585478 -0.595222 0.550388 2.000000
0.038939 0.017596 0.321722 0.941088 -0.071038 -0.330615 2.000000
0.039632 0.021594 0.322718 0.982429 -0.135247 -0.128611 2.000000
0.040707 0.018142 0.329800 0.894791 0.434025 -0.104748 2.000000
0.039427 0.010927 0.319544 -0.343925 -0.432153 0.833642 2.000000
0.038037 0.013707 0.319619 0.853811 0.057225 -0.517428 2.000000
0.039542 0.021874 0.316164 0.551331 -0.669793 0.497406 2.000000
0.041136 0.012285 0.321279 0.762767 0.442390 -0.471675 2.000000
0.039829 0.010540 0.319670 0.385466 0.384153 -0.838953 2.000000
0.038809 0.017211 0.321475 0.925919 -0.091890 -0.366374 2.000000
0.039253 0.021422 0.315871 0.616362 -0.530066 0.582347 2.000000
0.040934 0.012310 0.320938 0.674354 0.467758 -0.571357 2.000000
0.039662 0.021720 0.315832 -0.335404 0.606481 -0.720892 2.000000
0.038362 0.013208 0.319876 0.746974 0.136044 -0.650786 2.000000
0.038845 0.020703 0.315946 0.723576 -0.414588 0.551864 2.000000
0.040745 0.025708 0.320658 0.967518 -0.226212 -0.112860 2.000000
0.040768 0.012113 0.320641 -0.628891 -0.386673 0.674522 2.000000
0.038354 0.017020 0.320543 0.958490 -0.076572 -0.274653 2.000000
0.039662 0.016481 0.323426 0.897919 0.109741 -0.426262 2.000000
0.041291 0.015011 0.325109 0.769402 0.486778 -0.413603 2.000000
0.038716 0.011316 0.319543 -0.367936 -0.415091 0.832059 2.000000
0.036052 0.017005 0.317590 0.845819 -0.460688 -0.268994 2.000000
0.040473 0.011802 0.320296 -0.444830 -0.352275 0.823425 2.000000
0.040250 0.020028 0.329231 0.946569 0.315191 -0.068272 2.000000
0.041186 0.011620 0.320904 0.788232 0.287364 -0.544162 2.000000
0.040937 0.015121 0.324750 0.747869 0.490842 -0.446951 2.000000
0.039402 0.011414 0.319888 -0.305341 -0.418165 0.855514 2.000000
0.037934 0.012825 0.319350 0.749994 0.053485 -0.659279 2.000000
0.038335 0.016463 0.320587 0.936298 -0.127632 -0.327193 2.000000
0.039699 0.021329 0.315632 -0.377664 0.557976 -0.738940 2.000000
0.042935 0.013675 0.328111 0.852027 0.438482 -0.285979 2.000000
0.040735 0.011385 0.320364 -0.593256 -0.228947 0.771771 2.000000
0.040966 0.014673 0.324324 0.705403 0.530706 -0.469848 2.000000
0.039025 0.010930 0.319386 -0.346084 -0.452616 0.821806 2.000000
0.038429 0.012331 0.319777 -0.571735 -0.188736 0.798435 2.000000
0.039800 0.019920 0.325378 0.989376 0.055281 -0.134455 2.000000
0.039462 0.020374 0.322819 0.969522 -0.147740 -0.195446 2.000000
0.040404 0.011323 0.320081 0.474238 0.287640 -0.832083 2.000000
0.037930 0.012308 0.319326 -0.687155 -0.062221 0.723841 2.000000
0.040955 0.014434 0.323968 0.703995 0.551324 -0.447697 2.000000
0.040366 0.014665 0.323474 0.707113 0.534142 -0.463340 2.000000
0.038786 0.015790 0.321665 0.902191 0.136884 -0.409039 2.000000
0.039684 0.019906 0.324577 0.993703 -0.011413 -0.111464 2.000000
0.038195 0.016024 0.320275 0.953536 -0.001637 -0.301276 2.000000
0.041214 0.014107 0.323869 0.737907 0.533663 -0.413155 2.000000
0.037609 0.012091 0.319053 -0.680300 -0.054948 0.730872 2.000000
0.039201 0.010486 0.319237 0.354379 0.459079 -0.814655 2.000000
0.037431 0.019158 0.319970 0.925724 -0.376966 -0.030524 2.000000
0.039165 0.019727 0.322015 0.964783 -0.117163 -0.235515 2.000000
0.036582 0.011799 0.317653 0.939238 -0.131933 -0.316899 2.000000
0.035181 0.015344 0.316798 0.854847 -0.314479 -0.412722 2.000000
0.038849 0.010289 0.318955 0.364114 0.469031 -0.804631 2.000000
0.038171 0.015544 0.320223 0.955799 0.055399 -0.288754 2.000000
0.040815 0.013703 0.322791 0.695867 0.611290 -0.376954 2.000000
0.034528 0.014511 0.315924 0.830015 -0.210077 -0.516665 2.000000
0.041499 0.013290 0.323586 0.811016 0.443248 -0.381818 2.000000
0.042667 0.012732 0.326424 0.905582 0.286452 -0.312836 2.000000
0.038067 0.015694 0.319795 0.989936 0.027796 -0.138762 2.000000
0.037748 0.018167 0.321191 0.823322 0.540320 -0.173769 2.000000
0.039473 0.010745 0.319483 0.346937 0.434765 -0.831032 2.000000
0.038480 0.015050 0.320699 0.870692 0.160980 -0.464738 2.000000
0.040481 0.013589 0.322092 -0.566909 -0.666071 0.484731 2.000000
0.038073 0.015207 0.319845 0.970607 0.041353 -0.237090 2.000000
0.036609 0.011252 0.317800 0.869883 0.048563 -0.490861 2.000000
0.038102 0.011927 0.319440 -0.609787 -0.140176 0.780071 2.000000
0.040096 0.023638 0.322985 0.971116 -0.237520 -0.022750 2.000000
0.040079 0.023568 0.323830 0.964730 -0.258702 0.048672 2.000000
0.039151 0.018392 0.322329 0.964563 -0.028410 -0.262320 2.000000
0.038174 0.011504 0.319382 -0.516618 -0.272202 0.811796 2.000000
0.038009 0.014515 0.319577 0.940428 -0.034223 -0.338266 2.000000
0.038762 0.018531 0.320615 0.795251 -0.318171 0.516085 2.000000
0.038376 0.011167 0.319300 -0.402375 -0.388039 0.829168 2.000000
0.038590 0.013435 0.320190 0.734627 0.226138 -0.639675 2.000000
0.038486 0.010747 0.319090 -0.374123 -0.448884 0.811502 2.000000
0.039743 0.021494 0.324107 0.995626 -0.061090 -0.070688 2.000000
0.037778 0.013669 0.319137 0.902253 -0.078125 -0.424071 2.000000
0.038532 0.017843 0.320523 0.895008 -0.057156 0.442372 2.000000
0.037894 0.010716 0.318824 -0.501499 -0.407904 0.762963 2.000000
0.038000 0.013258 0.319466 0.798374 0.065602 -0.598578 2.000000
0.038516 0.017516 0.320707 0.944361 -0.160256 -0.287227 2.000000
0.037578 0.013258 0.318886 0.907428 -0.130992 -0.399269 2.000000
0.041384 0.012742 0.328600 0.968272 0.174110 -0.179261 2.000000
0.038441 0.017408 0.320284 0.915318 -0.392136 0.091769 2.000000
0.039912 0.020177 0.326422 0.990864 0.077590 -0.110309 2.000000
0.039794 0.021417 0.325670 0.999800 0.013312 -0.014922 2.000000
0.036767 0.012071 0.318098 0.895309 -0.198640 -0.398704 2.000000
0.038241 0.016859 0.320195 0.977447 -0.180534 -0.109567 2.000000
0.040028 0.020408 0.327665 0.982280 0.156960 -0.102417 2.000000
0.039314 0.011268 0.319740 -0.322508 -0.420670 0.847954 2.000000
0.038129 0.016680 0.319876 0.871478 -0.373353 0.318016 2.000000
0.038188 0.016362 0.320244 0.967346 -0.092355 -0.236033 2.000000
0.038455 0.015960 0.320928 0.919469 0.041741 -0.390941 2.000000
0.038042 0.016232 0.319780 0.977536 -0.210658 -0.006793 2.000000
0.039078 0.019835 0.321554 0.981576 -0.130901 -0.139192 2.000000
0.039866 0.013959 0.322209 0.628793 0.592118 -0.504000 2.000000
0.038448 0.010212 0.318755 0.381690 0.461862 -0.800622 2.000000
0.038003 0.011140 0.319120 -0.503140 -0.356740 0.787138 2.000000
0.040026 0.025126 0.319531 -0.356736 0.267132 0.895198 2.000000
0.037924 0.010225 0.318588 -0.478082 -0.417084 0.772967 2.000000
0.037857 0.009856 0.318292 0.522787 0.347426 -0.778453 2.000000
0.038154 0.020020 0.319267 0.803688 -0.523731 0.282473 2.000000
0.038638 0.020821 0.317093 0.871340 -0.490483 0.013861 2.000000
0.037188 0.009706 0.317857 -0.562769 -0.254696 0.786397 2.000000
0.037789 0.009695 0.318122 0.516098 0.301142 -0.801846 2.000000
0.038683 0.020456 0.316055 0.769650 -0.440097 0.462551 2.000000
0.036702 0.009554 0.317508 -0.604839 -0.186642 0.774167 2.000000
0.039191 0.017143 0.322516 0.923661 -0.021364 -0.382615 2.000000
0.039311 0.016713 0.322772 0.904840 0.016925 -0.425415 2.000000
0.039160 0.016362 0.322592 0.886756 0.025418 -0.461538 2.000000
0.038646 0.016451 0.321313 0.917004 -0.047856 -0.395997 2.000000
0.039926 0.019468 0.325887 0.983195 0.108938 -0.146491 2.000000
0.039265 0.018308 0.322736 0.955111 0.004157 -0.296218 2.000000
0.039843 0.017535 0.324619 0.950255 0.177155 -0.256186 2.000000
0.038016 0.016204 0.319583 0.968844 -0.240144 0.060602 2.000000
0.039189 0.017657 0.322643 0.939562 0.005623 -0.342332 2.000000
0.038237 0.009872 0.318462 0.452247 0.414662 -0.789638 2.000000
0.040680 0.018549 0.328929 0.948191 0.312535 -0.057061 2.000000
0.040685 0.016489 0.325864 0.854308 0.425414 -0.298630 2.000000
0.042545 0.015541 0.329013 0.818792 0.275148 -0.503858 2.000000
0.041386 0.015354 0.325879 0.782552 0.502829 -0.367117 2.000000
0.041065 0.015629 0.325709 0.765691 0.522421 -0.375225 2.000000
0.040740 0.015837 0.325142 0.812527 0.441473 -0.380659 2.000000
0.040000 0.023581 0.324370 0.971436 -0.224134 0.077944 2.000000
0.039894 0.023332 0.324963 0.983906 -0.172643 0.046089 2.000000
0.040583 0.015309 0.324450 0.765682 0.425370 -0.482484 2.000000
0.037648 0.012970 0.319021 0.809379 -0.036524 -0.586150 2.000000
0.039770 0.022173 0.323717 0.993382 -0.109591 -0.034374 2.000000
0.037625 0.012545 0.319037 0.737555 -0.009121 -0.675225 2.000000
0.042312 0.013791 0.326376 0.897066 0.351115 -0.268311 2.000000
0.041486 0.014893 0.325395 0.792894 0.461122 -0.398354 2.000000
0.041635 0.013946 0.324697 0.829773 0.453162 -0.325763 2.000000
0.042934 0.012793 0.327177 0.894828 0.306672 -0.324398 2.000000
0.040820 0.016092 0.325783 0.809047 0.505123 -0.300489 2.000000
0.039729 0.022052 0.322786 0.977715 -0.180298 -0.107547 2.000000
0.039847 0.020911 0.326054 0.996281 0.054631 -0.066627 2.000000
0.039444 0.017422 0.323031 0.925019 0.051775 -0.376376 2.000000
0.038392 0.019288 0.314943 -0.501721 0.703031 -0.504007 2.000000
0.041497 0.014005 0.324264 0.775874 0.497197 -0.388349 2.000000
0.039374 0.021792 0.320055 0.976539 0.203144 -0.071447 2.000000
0.038585 0.015981 0.321259 0.913070 0.065968 -0.402433 2.000000
0.040581 0.025212 0.321006 0.935844 -0.342711 0.082127 2.000000
0.036709 0.012275 0.317719 0.910099 -0.307428 -0.277864 2.000000
0.040155 0.014689 0.323054 0.702566 0.525658 -0.479671 2.000000
0.040202 0.024630 0.322075 0.956273 -0.292083 -0.015125 2.000000
0.039952 0.019703 0.326257 0.988874 0.090583 -0.117994 2.000000
0.036926 0.011688 0.318326 0.815034 0.034678 -0.578374 2.000000
0.039634 0.020125 0.323850 0.988659 -0.065875 -0.134956 2.000000
0.040020 0.024193 0.321553 0.971186 -0.229708 0.063496 2.000000
0.038861 0.019682 0.315148 -0.547709 0.721157 -0.424203 2.000000
0.038363 0.016125 0.320693 0.923758 0.003300 -0.382962 2.000000
0.040100 0.023915 0.324148 0.968106 -0.241879 0.065303 2.000000
0.040170 0.024040 0.322917 0.977065 -0.207479 -0.047923 2.000000
0.040098 0.024039 0.320986 0.963714 -0.266834 -0.007346 2.000000
0.042256 0.011513 0.324239 0.929434 0.238381 -0.281649 2.000000
0.040131 0.024380 0.321663 0.964531 -0.261163 0.038383 2.000000
0.040795 0.026469 0.319906 0.843185 -0.175113 -0.508305 2.000000
0.040080 0.023745 0.324018 0.966639 -0.251979 0.045988 2.000000
0.040090 0.024161 0.321339 0.972966 -0.220081 0.070017 2.000000
0.039118 0.013739 0.320941 0.696618 0.395471 -0.598603 2.000000
0.040070 0.023616 0.323171 0.970713 -0.240159 -0.006283 2.000000
0.040679 0.026036 0.319941 0.821780 -0.124767 -0.555978 2.000000
0.039033 0.022965 0.320104 0.684770 -0.146559 -0.713870 2.000000
0.038972 0.019709 0.321169 0.986320 -0.161001 -0.035365 2.000000
0.040913 0.011735 0.320623 0.690103 0.282526 -0.666285 2.000000
0.039448 0.023323 0.320131 0.603973 -0.265227 -0.751579 2.000000
0.040666 0.025438 0.320578 0.948630 -0.285145 -0.137087 2.000000
0.040639 0.025521 0.320164 0.915190 -0.251926 -0.314581 2.000000
0.040487 0.025488 0.319693 0.801321 -0.222045 -0.555501 2.000000
0.039056 0.019404 0.321666 0.966674 -0.104428 -0.233745 2.000000
0.040574 0.025083 0.320400 0.917601 -0.382763 -0.107245 2.000000
0.039796 0.022401 0.324382 0.997512 -0.067582 -0.020057 2.000000
0.040340 0.025149 0.319588 0.722387 -0.282034 -0.631358 2.000000
0.040165 0.024837 0.319718 -0.380548 0.471798 0.795355 2.000000
0.041228 0.015346 0.325458 0.766742 0.517393 -0.380014 2.000000
0.040921 0.015453 0.324991 0.759759 0.494428 -0.422265 2.000000
0.039951 0.016422 0.324052 0.893771 0.205008 -0.398929 2.000000
0.039473 0.022036 0.317237 0.818947 -0.573342 0.024610 2.000000
0.042088 0.013454 0.325283 0.892970 0.349506 -0.283638 2.000000
0.039323 0.021783 0.318085 0.669108 -0.691408 -0.272487 2.000000
0.039336 0.021609 0.319199 0.328594 -0.939723 0.094587 2.000000
0.038458 0.014335 0.320354 0.815860 0.209668 -0.538898 2.000000
0.039205 0.021713 0.317919 0.807042 -0.578354 -0.119124 2.000000
0.039421 0.021893 0.317492 0.814963 -0.573855 -0.080777 2.000000
0.038401 0.021276 0.319857 -0.612684 0.658363 -0.437238 2.000000
0.039044 0.021215 0.318700 0.776559 -0.629194 0.032724 2.000000
0.038362 0.012010 0.319698 -0.544499 -0.220177 0.809347 2.000000
0.042723 0.011834 0.325673 0.916642 0.263406 -0.300639 2.000000
0.036914 0.012673 0.317761 0.895120 -0.366791 -0.253427 2.000000
0.038989 0.021352 0.317303 0.853201 -0.520899 -0.026678 2.000000
0.039053 0.021399 0.317017 0.844521 -0.533631 0.044970 2.000000
0.038875 0.021109 0.317478 0.867047 -0.491681 -0.080493 2.000000
0.038760 0.020717 0.318025 0.887266 -0.455443 -0.073010 2.000000
0.038454 0.020793 0.319672 0.738326 -0.481848 0.471908 2.000000
0.038489 0.017216 0.319885 0.884286 -0.418731 0.206648 2.000000
0.038730 0.020695 0.318649 0.852054 -0.519780 0.061910 2.000000
0.038055 0.020632 0.319981 0.809541 -0.392014 0.436999 2.000000
0.039129 0.021504 0.317667 0.840131 -0.531467 -0.108268 2.000000
0.038722 0.020765 0.317590 0.882672 -0.459660 -0.097993 2.000000
0.036892 0.011375 0.318194 0.818763 0.084859 -0.567826 2.000000
0.038839 0.020984 0.316764 0.853573 -0.509160 0.110311 2.000000
0.038645 0.020437 0.318422 0.861580 -0.506419 0.034931 2.000000
0.038126 0.016414 0.320082 0.977976 -0.188059 -0.090540 2.000000
0.040406 0.013401 0.321779 -0.514204 -0.668970 0.536725 2.000000
0.040299 0.024497 0.323114 0.978316 -0.203101 -0.040591 2.000000
0.039038 0.021253 0.317897 0.868100 -0.489915 -0.079913 2.000000
0.038692 0.020856 0.316999 0.875888 -0.480980 0.038450 2.000000
0.038151 0.020142 0.319505 0.799458 -0.509372 0.318446 2.000000
0.038558 0.020599 0.316949 0.883774 -0.464843 0.053525 2.000000
0.038957 0.021040 0.318731 0.816956 -0.574288 0.052681 2.000000
0.038048 0.016389 0.319647 0.956521 -0.282570 0.072269 2.000000
0.038904 0.020962 0.316267 0.818235 -0.486833 0.305753 2.000000
0.038285 0.019908 0.318126 0.849939 -0.526199 0.026802 2.000000
0.038509 0.020385 0.317497 0.885288 -0.455406 -0.094188 2.000000
0.037377 0.010969 0.318541 -0.640576 -0.319042 0.698481 2.000000
0.038101 0.016027 0.320054 0.980183 0.006396 -0.197990 2.000000
0.038866 0.020901 0.318226 0.869976 -0.487250 -0.075693 2.000000
0.037933 0.019962 0.319642 0.812349 -0.485396 0.323232 2.000000
0.038452 0.020194 0.317704 0.880295 -0.463519 -0.101143 2.000000
0.038634 0.020534 0.316559 0.871599 -0.449254 0.196178 2.000000
0.038790 0.020244 0.315774 0.720834 -0.388774 0.573806 2.000000
0.038285 0.019953 0.316426 0.815842 -0.528580 0.234534 2.000000
0.037692 0.019793 0.319916 0.865328 -0.445396 0.229846 2.000000
0.037767 0.019185 0.321611 0.525490 -0.357439 -0.772073 2.000000
0.038154 0.019683 0.318028 0.841538 -0.539271 -0.031636 2.000000
0.038654 0.020498 0.317851 0.884202 -0.457888 -0.092337 2.000000
0.038535 0.020200 0.316253 0.839141 -0.452101 0.302401 2.000000
0.037507 0.019465 0.320155 0.929935 -0.367643 -0.007670 2.000000
0.038448 0.020103 0.318311 0.857940 -0.509995 0.061996 2.000000
0.038589 0.019851 0.315828 0.634339 -0.577358 0.514074 2.000000
0.037732 0.019547 0.319479 0.828419 -0.521620 0.204047 2.000000
0.037822 0.019444 0.319046 0.806944 -0.551233 0.212091 2.000000
0.040322 0.024950 0.322459 0.951295 -0.303407 -0.054608 2.000000
0.038576 0.020271 0.318597 0.845491 -0.521750 0.113673 2.000000
0.038148 0.019619 0.317576 0.840843 -0.536870 -0.068951 2.000000
0.041055 0.010927 0.320747 0.745829 0.167365 -0.644770 2.000000
0.037462 0.019201 0.319749 0.908908 -0.411504 0.067458 2.000000
0.037563 0.019202 0.319266 0.860822 -0.469263 0.196917 2.000000
0.038271 0.020030 0.317082 0.872709 -0.487883 -0.018700 2.000000
0.038058 0.019650 0.316417 0.743174 -0.647904 0.167070 2.000000
0.038612 0.019961 0.316008 0.669766 -0.503984 0.545357 2.000000
0.040604 0.025437 0.321273 0.937024 -0.337637 0.089370 2.000000
0.037783 0.019288 0.318759 0.802873 -0.573554 0.162572 2.000000
0.038365 0.020013 0.317888 0.862263 -0.502153 -0.065921 2.000000
0.038103 0.019338 0.315539 0.572224 -0.770381 0.281199 2.000000
0.037405 0.019089 0.320071 0.945789 -0.278041 -0.167860 2.000000
0.037433 0.018673 0.318113 0.784159 -0.619436 0.037339 2.000000
0.038487 0.019612 0.315516 0.560031 -0.743633 0.365205 2.000000
0.037886 0.019265 0.317649 0.818261 -0.571678 -0.060273 2.000000
0.037374 0.018912 0.319464 0.903032 -0.424869 0.063403 2.000000
0.037493 0.018902 0.318624 0.797933 -0.592007 0.113268 2.000000
0.040373 0.025074 0.321816 0.926883 -0.370311 0.061298 2.000000
0.037147 0.010517 0.318140 -0.611500 -0.296653 0.733529 2.000000
0.037465 0.018749 0.317561 0.749764 -0.656290 -0.084484 2.000000
0.038049 0.019625 0.317090 0.830023 -0.556591 -0.035597 2.000000
0.037694 0.018927 0.315105 0.606048 -0.736445 0.300590 2.000000
0.040539 0.025220 0.319982 0.851857 -0.300231 -0.429187 2.000000
0.037399 0.018847 0.319085 0.873427 -0.478573 0.089956 2.000000
0.040446 0.024890 0.320992 0.925015 -0.360684 0.119392 2.000000
0.040359 0.024926 0.321469 0.920633 -0.374383 0.110780 2.000000
0.037573 0.009918 0.318154 -0.547151 -0.307048 0.778683 2.000000
0.037277 0.018528 0.317921 0.766824 -0.640496 -0.041773 2.000000
0.037188 0.018510 0.318478 0.815285 -0.579014 0.007272 2.000000
0.037329 0.018539 0.320086 0.952897 -0.154843 -0.260791 2.000000
0.037755 0.019173 0.315946 0.650734 -0.744433 0.149550 2.000000
0.037239 0.018400 0.319749 0.947800 -0.260470 -0.183928 2.000000
0.040534 0.024920 0.320704 0.921551 -0.388135 -0.009734 2.000000
0.037437 0.018456 0.314686 -0.563765 0.671247 -0.481245 2.000000
0.037146 0.018414 0.317491 0.748176 -0.655906 -0.100101 2.000000
0.037129 0.018382 0.318837 0.868083 -0.496356 -0.007957 2.000000
0.037773 0.019216 0.317129 0.795463 -0.597768 -0.099556 2.000000
0.040256 0.024493 0.321077 0.936540 -0.334741 0.104123 2.000000
0.037084 0.018444 0.317107 0.739109 -0.660395 -0.132653 2.000000
0.037267 0.018664 0.315547 0.683307 -0.704797 0.190664 2.000000
0.037041 0.018250 0.318189 0.793928 -0.605024 -0.060200 2.000000
0.037018 0.018488 0.316690 0.730560 -0.675760 -0.098130 2.000000
0.039975 0.023921 0.321693 0.979816 -0.199137 0.017480 2.000000
0.037543 0.018933 0.315467 0.628815 -0.728165 0.272705 2.000000
0.040246 0.024626 0.319983 0.775432 -0.475845 -0.415062 2.000000
0.036848 0.018200 0.314986 0.599380 -0.756856 0.260600 2.000000
0.037051 0.018087 0.319273 0.930267 -0.323690 -0.172707 2.000000
0.040320 0.024436 0.320660 0.908026 -0.415460 -0.053681 2.000000
0.037337 0.017855 0.320346 0.923718 -0.164012 -0.346186 2.000000
0.037700 0.019227 0.316347 0.733601 -0.677543 0.052595 2.000000
0.036822 0.018132 0.317188 0.752827 -0.645495 -0.128790 2.000000
0.037326 0.018679 0.317011 0.741378 -0.661274 -0.114350 2.000000
0.037277 0.018285 0.314603 -0.488985 0.656007 -0.574934 2.000000
0.036668 0.018098 0.316635 0.754736 -0.649086 -0.095192 2.000000
0.040117 0.024129 0.320363 0.857718 -0.382664 -0.343348 2.000000
0.037131 0.017922 0.319789 0.930086 -0.242991 -0.275491 2.000000
0.039852 0.023002 0.324709 0.986915 -0.149696 0.059920 2.000000
0.040179 0.023976 0.320648 0.947114 -0.305469 -0.098302 2.000000
0.037086 0.018580 0.316303 0.718026 -0.695999 -0.004928 2.000000
0.040320 0.024516 0.320256 0.866690 -0.408171 -0.286783 2.000000
0.036740 0.017834 0.318118 0.812054 -0.563894 -0.150302 2.000000
0.040269 0.022874 0.317437 -0.200830 -0.945387 0.256731 2.000000
0.036634 0.018039 0.314970 0.595265 -0.722754 0.351122 2.000000
0.036560 0.017876 0.316952 0.775010 -0.620036 -0.122127 2.000000
0.040136 0.022848 0.317823 -0.565944 0.789146 0.238654 2.000000
0.036587 0.017735 0.317652 0.785919 -0.596750 -0.161930 2.000000
0.040086 0.023761 0.320492 0.867161 -0.380256 -0.321616 2.000000
0.036918 0.018393 0.315988 0.719593 -0.692464 0.051759 2.000000
0.039736 0.023751 0.320251 0.702110 -0.363052 -0.612564 2.000000
0.036605 0.017508 0.318437 0.856686 -0.468105 -0.216717 2.000000
0.036647 0.018082 0.316068 0.731016 -0.682356 0.002348 2.000000
0.039924 0.022644 0.317169 0.477496 -0.841249 0.253572 2.000000
0.040243 0.022763 0.317211 -0.258064 -0.869797 0.420543 2.000000
0.036385 0.017575 0.317272 0.791219 -0.594467 -0.143462 2.000000
0.039773 0.022541 0.324224 0.995414 -0.094675 -0.013734 2.000000
0.040083 0.022616 0.316844 0.106902 -0.862173 0.495207 2.000000
0.039902 0.022709 0.317482 0.642223 -0.766448 0.010320 2.000000
0.039608 0.022625 0.321172 0.910022 -0.389718 -0.141352 2.000000
0.035993 0.017303 0.316233 0.761184 -0.639020 -0.110692 2.000000
0.036125 0.017341 0.316661 0.785529 -0.605103 -0.129591 2.000000
0.039975 0.023283 0.320779 0.922876 -0.334021 -0.191650 2.000000
0.035644 0.017023 0.315606 0.768851 -0.629600 -0.111679 2.000000
0.036459 0.017385 0.318243 0.855122 -0.461581 -0.236026 2.000000
0.039731 0.022383 0.316852 0.571096 -0.750481 0.332608 2.000000
0.039896 0.022440 0.317880 -0.533712 0.719077 0.445061 2.000000
0.039651 0.022351 0.317297 0.735852 -0.676524 0.028932 2.000000
0.037471 0.018946 0.315965 0.683435 -0.722067 0.107405 2.000000
0.039486 0.022967 0.320128 0.640711 -0.167822 -0.749216 2.000000
0.035899 0.017058 0.316847 0.806825 -0.567771 -0.163308 2.000000
0.036642 0.017224 0.319076 0.895319 -0.287578 -0.340151 2.000000
0.035875 0.017090 0.316447 0.784562 -0.602602 -0.146062 2.000000
0.040269 0.024808 0.321676 0.936598 -0.343589 0.068780 2.000000
0.035605 0.016872 0.315792 0.784103 -0.604585 -0.140213 2.000000
0.039477 0.022012 0.316726 0.690814 -0.670305 0.271049 2.000000
0.039763 0.023052 0.320395 0.812200 -0.374211 -0.447545 2.000000
0.036202 0.017199 0.317681 0.838421 -0.479935 -0.258287 2.000000
0.040308 0.024922 0.322112 0.934803 -0.355005 -0.010744 2.000000
0.037324 0.018805 0.316489 0.716529 -0.696874 -0.030881 2.000000
0.034878 0.016292 0.314139 0.595276 -0.766321 0.241657 2.000000
0.039486 0.022624 0.320287 0.772699 -0.165385 -0.612849 2.000000
0.035930 0.016742 0.317608 0.859279 -0.412285 -0.302756 2.000000
0.039442 0.021949 0.317944 0.711406 -0.639683 -0.291044 2.000000
0.035940 0.016959 0.317263 0.836403 -0.495534 -0.234255 2.000000
0.035719 0.016762 0.317033 0.841720 -0.488266 -0.230442 2.000000
0.035504 0.016671 0.316257 0.809195 -0.557747 -0.184721 2.000000
0.039254 0.021707 0.317234 0.838784 -0.544295 0.013541 2.000000
0.036221 0.016927 0.318190 0.891551 -0.323869 -0.316615 2.000000
0.035470 0.016416 0.316807 0.863261 -0.412633 -0.290713 2.000000
0.035210 0.016476 0.315436 0.787959 -0.589659 -0.177265 2.000000
0.035247 0.016333 0.316027 0.808410 -0.543423 -0.226196 2.000000
0.040155 0.024417 0.322384 0.971972 -0.221934 -0.077555 2.000000
0.035684 0.016522 0.317251 0.870670 -0.401951 -0.283494 2.000000
0.036913 0.018352 0.315601 0.687521 -0.715159 0.125943 2.000000
0.035881 0.016260 0.317832 0.871829 -0.287155 -0.396807 2.000000
0.040467 0.024727 0.320383 0.864603 -0.456961 -0.208923 2.000000
0.038731 0.020940 0.317255 0.869028 -0.493345 -0.037419 2.000000
0.036050 0.016350 0.318031 0.878664 -0.272596 -0.391971 2.000000
0.038864 0.021172 0.317135 0.859600 -0.510966 0.001202 2.000000
0.035192 0.016113 0.316375 0.842587 -0.416395 -0.341559 2.000000
0.035280 0.016419 0.315731 0.799469 -0.576136 -0.170050 2.000000
0.034876 0.016194 0.314934 0.733929 -0.661661 -0.153466 2.000000
0.038920 0.021040 0.317752 0.878009 -0.468718 -0.096971 2.000000
0.040442 0.024896 0.319967 0.850122 -0.337293 -0.404385 2.000000
0.035594 0.015757 0.317595 0.872679 -0.276085 -0.402751 2.000000
0.034912 0.016350 0.314451 0.658757 -0.745322 0.102636 2.000000
0.039799 0.023232 0.325242 0.992179 -0.120768 0.031553 2.000000
0.038786 0.020777 0.316249 0.844407 -0.455961 0.281206 2.000000
0.036112 0.015984 0.318323 0.884997 -0.232996 -0.403104 2.000000
0.039887 0.023070 0.323768 0.975258 -0.218916 0.030774 2.000000
0.034946 0.015903 0.315825 0.822580 -0.479534 -0.305628 2.000000
0.034514 0.015923 0.314058 0.601842 -0.744665 0.288547 2.000000
0.039980 0.023534 0.321844 0.983454 -0.180497 -0.015487 2.000000
0.034581 0.016011 0.314535 0.686483 -0.726479 0.031137 2.000000
0.038567 0.020536 0.317245 0.883900 -0.461278 -0.077090 2.000000
0.034507 0.015791 0.314998 0.735599 -0.635542 -0.234481 2.000000
0.035360 0.015546 0.317037 0.865364 -0.274631 -0.419194 2.000000
0.036464 0.010092 0.317467 -0.602292 -0.147685 0.784496 2.000000
0.034279 0.015751 0.314150 0.619500 -0.774879 0.125623 2.000000
0.039738 0.023306 0.320224 0.651927 -0.324625 -0.685281 2.000000
0.040370 0.018240 0.327026 0.898619 0.343498 -0.272935 2.000000
0.038380 0.020243 0.316884 0.876738 -0.471309 0.095905 2.000000
0.039794 0.022932 0.321333 0.932728 -0.352212 -0.077229 2.000000
0.039671 0.022800 0.320798 0.863387 -0.419189 -0.280789 2.000000
0.039800 0.022760 0.321803 0.939379 -0.322755 -0.115739 2.000000
0.033821 0.015399 0.313974 0.671215 -0.740438 0.034953 2.000000
0.039758 0.022387 0.323528 0.989603 -0.143448 0.010436 2.000000
0.039763 0.022530 0.324292 0.994860 -0.100721 -0.010468 2.000000
0.039703 0.022450 0.322182 0.946523 -0.298622 -0.122141 2.000000
0.040314 0.018056 0.326561 0.912222 0.299919 -0.279104 2.000000
0.040546 0.017915 0.327072 0.869755 0.384695 -0.309089 2.000000
0.039626 0.022505 0.321467 0.925893 -0.346407 -0.150745 2.000000
0.033979 0.014867 0.315089 0.828700 -0.316606 -0.461538 2.000000
0.040940 0.017716 0.328031 0.830135 0.531436 -0.168679 2.000000
0.038170 0.019850 0.316662 0.830815 -0.540282 0.133571 2.000000
0.039248 0.022620 0.320053 0.774528 0.044905 -0.630944 2.000000
0.040771 0.017961 0.327717 0.869378 0.447432 -0.209731 2.000000
0.033897 0.015363 0.314355 0.720913 -0.681278 -0.127061 2.000000
0.039438 0.022304 0.320622 0.935429 -0.178773 -0.304979 2.000000
0.039581 0.022129 0.322008 0.947913 -0.255644 -0.190016 2.000000
0.039594 0.021653 0.323365 0.991978 -0.114163 -0.054284 2.000000
0.039228 0.022136 0.320064 0.854892 0.123104 -0.503989 2.000000
0.038112 0.018872 0.314841 -0.294449 0.682900 -0.668542 2.000000
0.039936 0.022252 0.318014 0.345776 -0.587975 -0.731249 2.000000
0.040484 0.017641 0.326663 0.880261 0.313700 -0.355997 2.000000
0.039450 0.021982 0.321519 0.946281 -0.282550 -0.157221 2.000000
0.040809 0.017511 0.327191 0.844526 0.368641 -0.388433 2.000000
0.037867 0.019414 0.316639 0.799550 -0.599485 0.036581 2.000000
0.039345 0.021885 0.320362 0.989374 0.017502 -0.144335 2.000000
0.034194 0.015398 0.315036 0.804488 -0.487560 -0.339239 2.000000
0.039476 0.022068 0.317796 0.667435 -0.659839 -0.345171 2.000000
0.040334 0.017591 0.326166 0.919345 0.264908 -0.290909 2.000000
0.041098 0.017412 0.327900 0.830094 0.515341 -0.212996 2.000000
0.039616 0.022038 0.318047 0.551620 -0.631177 -0.545280 2.000000
0.040692 0.025896 0.320330 0.930131 -0.161191 -0.329959 2.000000
0.040146 0.022443 0.316586 0.079958 -0.873377 0.480436 2.000000
0.039507 0.021649 0.322104 0.956422 -0.192600 -0.219459 2.000000
0.039339 0.021958 0.320758 0.980345 -0.165894 -0.106784 2.000000
0.039031 0.021758 0.319748 0.344563 -0.760021 0.551039 2.000000
0.039234 0.021499 0.320695 0.991744 -0.127077 -0.017188 2.000000
0.038345 0.019560 0.315934 0.687872 -0.647787 0.327419 2.000000
0.039475 0.021577 0.319115 0.341275 -0.935362 0.092892 2.000000
0.039389 0.021575 0.318547 0.614615 -0.784823 -0.079378 2.000000
0.041213 0.017343 0.328073 0.809093 0.548764 -0.210301 2.000000
0.037994 0.019475 0.317293 0.829477 -0.553918 -0.071710 2.000000
0.040549 0.017195 0.326455 0.885068 0.307272 -0.349625 2.000000
0.034052 0.014421 0.315395 0.829728 -0.212924 -0.515960 2.000000
0.039315 0.021585 0.319373 0.330533 -0.939751 0.087271 2.000000
0.041010 0.017295 0.327369 0.829697 0.389526 -0.399841 2.000000
0.037334 0.018630 0.318252 0.791806 -0.609523 0.039050 2.000000
0.039137 0.021196 0.321146 0.990969 -0.130953 -0.028833 2.000000
0.037756 0.013277 0.319144 0.822028 -0.029846 -0.568665 2.000000
0.038912 0.021364 0.319504 0.592873 -0.781296 0.195136 2.000000
0.040233 0.017370 0.325701 0.921598 0.266408 -0.282285 2.000000
0.037239 0.013081 0.317934 0.903866 -0.333912 -0.267449 2.000000
0.039306 0.021444 0.318810 -0.470889 0.875882 0.105325 2.000000
0.039821 0.022180 0.316329 0.310676 -0.789544 0.529245 2.000000
0.040476 0.022676 0.317418 -0.450626 -0.850248 0.272057 2.000000
0.040692 0.017140 0.326768 0.875895 0.308357 -0.371112 2.000000
0.039352 0.021724 0.316445 0.678528 -0.650053 0.342098 2.000000
0.037124 0.018444 0.315416 0.677323 -0.712968 0.181414 2.000000
0.033855 0.014128 0.315226 0.846035 -0.146700 -0.512546 2.000000
0.040524 0.016928 0.326031 0.889018 0.351642 -0.293249 2.000000
0.038045 0.019325 0.315807 0.587790 -0.763694 0.266971 2.000000
0.038949 0.021072 0.318536 0.857086 -0.514627 0.023718 2.000000
0.037265 0.018679 0.316049 0.698986 -0.713571 0.047277 2.000000
0.033785 0.013853 0.315198 0.872934 -0.071086 -0.482632 2.000000
0.040833 0.016669 0.326932 0.826594 0.361481 -0.431363 2.000000
0.039155 0.021383 0.318385 0.830787 -0.552237 -0.069476 2.000000
0.039221 0.021620 0.316855 0.826040 -0.551503 0.116201 2.000000
0.039253 0.021492 0.316096 0.683737 -0.563342 0.463843 2.000000
0.039152 0.020688 0.321347 0.981263 -0.152438 -0.117833 2.000000
0.039165 0.020541 0.320859 0.983729 -0.124616 0.129413 2.000000
0.038779 0.020770 0.317871 0.885813 -0.454891 -0.091705 2.000000
0.039165 0.020186 0.321971 0.961733 -0.161131 -0.221601 2.000000
0.034236 0.013608 0.315950 0.849158 -0.064333 -0.524206 2.000000
0.040691 0.016688 0.326431 0.862804 0.393085 -0.317890 2.000000
0.039100 0.021265 0.316453 0.824673 -0.529046 0.200065 2.000000
0.036803 0.018234 0.316174 0.727227 -0.686368 -0.006327 2.000000
0.041136 0.016527 0.327194 0.784880 0.400410 -0.472900 2.000000
0.041786 0.016203 0.328153 0.818331 0.425619 -0.386241 2.000000
0.041492 0.016408 0.327717 0.824817 0.404707 -0.394828 2.000000
0.040134 0.021812 0.315945 -0.074464 0.723386 -0.686417 2.000000
0.040480 0.016662 0.325640 0.877998 0.380783 -0.290040 2.000000
0.033986 0.013578 0.315570 0.858799 -0.039857 -0.510760 2.000000
0.040063 0.024035 0.322167 0.979636 -0.189549 -0.066219 2.000000
0.040853 0.016381 0.326743 0.801313 0.478234 -0.359429 2.000000
0.036503 0.017865 0.316248 0.771392 -0.634256 -0.051715 2.000000
0.040843 0.016288 0.326102 0.790627 0.528956 -0.308405 2.000000
0.041354 0.016175 0.327119 0.736941 0.582863 -0.342328 2.000000
0.040526 0.016239 0.325313 0.841598 0.422619 -0.336313 2.000000
0.036486 0.017853 0.315505 0.707650 -0.703826 0.062135 2.000000
0.041838 0.015840 0.327641 0.833203 0.432371 -0.344715 2.000000
0.034132 0.013242 0.315917 0.869298 -0.026080 -0.493599 2.000000
0.041975 0.015802 0.328006 0.826249 0.442511 -0.348563 2.000000
0.041171 0.016162 0.326958 0.738436 0.570063 -0.360196 2.000000
0.040743 0.015953 0.325550 0.809269 0.471189 -0.350806 2.000000
0.039135 0.019315 0.322064 0.970129 -0.071404 -0.231843 2.000000
0.038836 0.019288 0.320996 0.983582 -0.158098 -0.087012 2.000000
0.038028 0.019460 0.316132 0.690994 -0.696340 0.194004 2.000000
0.042101 0.015334 0.327708 0.883120 0.330656 -0.332816 2.000000
0.041418 0.016051 0.327058 0.746224 0.553612 -0.369681 2.000000
0.038096 0.019186 0.315027 -0.536224 0.718955 -0.442231 2.000000
0.041008 0.015770 0.325911 0.765656 0.533310 -0.359655 2.000000
0.041884 0.015425 0.327243 0.855831 0.415485 -0.308099 2.000000
0.036076 0.017192 0.316506 0.780804 -0.611076 -0.130121 2.000000
0.039659 0.022418 0.321789 0.933173 -0.330550 -0.141154 2.000000
0.040751 0.015808 0.325313 0.798206 0.474197 -0.371490 2.000000
0.041210 0.015572 0.325959 0.751531 0.546956 -0.368836 2.000000
0.042516 0.015012 0.328537 0.896360 0.264815 -0.355545 2.000000
0.042231 0.014899 0.327711 0.884638 0.340396 -0.318663 2.000000
0.039444 0.022189 0.321134 0.941625 -0.314946 -0.118958 2.000000
0.041784 0.015197 0.326737 0.858910 0.416586 -0.297875 2.000000
0.040957 0.015623 0.325429 0.783728 0.505211 -0.361292 2.000000
0.036094 0.016809 0.317932 0.875026 -0.347733 -0.336765 2.000000
0.035759 0.016983 0.315738 0.757051 -0.642549 -0.118337 2.000000
0.036137 0.017203 0.317380 0.804238 -0.565989 -0.181266 2.000000
0.040049 0.022983 0.317760 -0.565944 0.789146 0.238654 2.000000
0.042011 0.014952 0.327075 0.889458 0.367070 -0.272258 2.000000
0.037368 0.018429 0.314779 0.574552 -0.714944 0.398429 2.000000
0.039390 0.021753 0.321747 0.946402 -0.243955 -0.211683 2.000000
0.036402 0.017381 0.314290 -0.423822 0.649493 -0.631295 2.000000
0.042279 0.014442 0.327256 0.890223 0.380599 -0.250295 2.000000
0.040100 0.022843 0.317418 -0.457962 0.887497 -0.051183 2.000000
0.039216 0.021736 0.321084 0.978864 -0.203062 -0.024327 2.000000
0.041852 0.014892 0.326482 0.873807 0.395056 -0.283536 2.000000
0.041861 0.015138 0.326990 0.874885 0.384629 -0.294342 2.000000
0.036215 0.016565 0.318358 0.898509 -0.232064 -0.372595 2.000000
0.037443 0.017431 0.320725 0.650257 0.262429 -0.712950 2.000000
0.041852 0.013541 0.324661 0.858029 0.407737 -0.312310 2.000000
0.041503 0.015044 0.325655 0.804700 0.479122 -0.350571 2.000000
0.039861 0.022673 0.317686 -0.596761 0.745448 0.296956 2.000000
0.042495 0.014314 0.327985 0.891700 0.355860 -0.279704 2.000000
0.041293 0.013627 0.323599 0.775142 0.493234 -0.394810 2.000000
0.037683 0.017539 0.321546 -0.454846 -0.351992 0.818057 2.000000
0.042187 0.014337 0.326770 0.885194 0.388772 -0.255515 2.000000
0.041883 0.014634 0.326251 0.870768 0.409497 -0.272170 2.000000
0.037143 0.016946 0.320204 0.622494 0.497877 -0.603838 2.000000
0.041739 0.013028 0.323767 0.848546 0.377078 -0.371189 2.000000
0.041664 0.014606 0.325606 0.846304 0.403372 -0.347938 2.000000
0.037495 0.017316 0.321134 -0.629532 -0.293214 0.719524 2.000000
0.041129 0.013289 0.322737 0.748982 0.571409 -0.335438 2.000000
0.041381 0.013214 0.323285 0.818008 0.469930 -0.331705 2.000000
0.042702 0.014063 0.328389 0.866330 0.377229 -0.327371 2.000000
0.034770 0.015887 0.315336 0.756635 -0.593785 -0.273718 2.000000
0.042551 0.014041 0.327587 0.886659 0.390421 -0.247806 2.000000
0.042017 0.013127 0.324610 0.885398 0.348897 -0.307151 2.000000
0.041735 0.013192 0.324083 0.859849 0.375223 -0.346218 2.000000
0.040914 0.014813 0.324536 0.718632 0.505357 -0.477685 2.000000
0.037801 0.019074 0.315236 0.600369 -0.740415 0.302231 2.000000
0.040630 0.014713 0.323970 0.701171 0.536532 -0.469566 2.000000
0.042122 0.014220 0.326393 0.883901 0.378550 -0.274624 2.000000
0.041560 0.014486 0.325175 0.814520 0.427649 -0.392013 2.000000
0.041858 0.014180 0.325565 0.862126 0.383477 -0.331187 2.000000
0.039211 0.021485 0.319180 0.478459 -0.861978 0.167547 2.000000
0.041477 0.014197 0.324814 0.805985 0.469621 -0.360340 2.000000
0.041476 0.012893 0.323007 0.836502 0.441968 -0.323928 2.000000
0.041892 0.012921 0.324172 0.867197 0.360694 -0.343322 2.000000
0.039914 0.022459 0.316606 0.394461 -0.796040 0.459045 2.000000
0.039617 0.022126 0.316496 0.478671 -0.769583 0.422630 2.000000
0.042527 0.013846 0.327188 0.889136 0.369831 -0.269559 2.000000
0.042851 0.013868 0.328505 0.858009 0.394883 -0.328463 2.000000
0.041243 0.013095 0.322993 0.797990 0.510183 -0.320820 2.000000
0.041781 0.012601 0.323346 0.887637 0.333054 -0.318080 2.000000
0.037208 0.018289 0.314714 -0.557396 0.705586 -0.437559 2.000000
0.041718 0.014110 0.325205 0.851727 0.402566 -0.335413 2.000000
0.040752 0.014239 0.323445 0.680761 0.583523 -0.442792 2.000000
0.040402 0.022156 0.316655 -0.255478 -0.698252 0.668712 2.000000
0.042896 0.013488 0.327840 0.860551 0.409039 -0.303545 2.000000
0.033964 0.015257 0.314676 0.776998 -0.533041 -0.334874 2.000000
0.039010 0.021247 0.319182 0.692645 -0.694910 0.193244 2.000000
0.042470 0.013646 0.326726 0.899198 0.344753 -0.269422 2.000000
0.037117 0.017806 0.314435 -0.260913 0.481598 -0.836653 2.000000
0.041196 0.012827 0.322098 0.805440 0.467211 -0.364663 2.000000
0.040649 0.014378 0.323679 0.681776 0.585143 -0.439077 2.000000
0.040146 0.022049 0.316276 0.120640 -0.765834 0.631621 2.000000
0.039993 0.014170 0.322436 0.641014 0.572674 -0.511024 2.000000
0.041092 0.012642 0.321672 0.774724 0.479933 -0.411664 2.000000
0.040483 0.014048 0.322878 0.656438 0.599826 -0.457492 2.000000
0.036559 0.017746 0.314494 -0.508605 0.651900 -0.562448 2.000000
0.043365 0.013130 0.328560 0.880715 0.367629 -0.298646 2.000000
0.035163 0.016482 0.314082 -0.553786 0.765188 -0.328342 2.000000
0.039614 0.014262 0.322013 0.704429 0.523192 -0.479635 2.000000
0.038656 0.020526 0.318151 0.876931 -0.478903 -0.040543 2.000000
0.042700 0.013270 0.327069 0.889203 0.347748 -0.297303 2.000000
0.037667 0.018135 0.314639 -0.085514 0.513834 -0.853617 2.000000
0.041732 0.013894 0.324978 0.855472 0.417752 -0.306025 2.000000
0.041641 0.012393 0.322844 0.882102 0.345271 -0.320444 2.000000
0.037587 0.018963 0.320743 0.922724 -0.187521 -0.336773 2.000000
0.036127 0.016970 0.314036 -0.265877 0.609778 -0.746646 2.000000
0.036860 0.017352 0.314271 -0.187536 0.552264 -0.812302 2.000000
0.040885 0.013818 0.323119 0.713301 0.578554 -0.395571 2.000000
0.043149 0.012990 0.327878 0.878022 0.357469 -0.318266 2.000000
0.042316 0.013503 0.326041 0.906219 0.308677 -0.288940 2.000000
0.041976 0.013480 0.324993 0.881709 0.369056 -0.293917 2.000000
0.041813 0.012171 0.323103 0.894475 0.316628 -0.315692 2.000000
0.041368 0.012381 0.322119 0.873318 0.370667 -0.316103 2.000000
0.036631 0.017250 0.314160 -0.272760 0.616612 -0.738507 2.000000
0.039484 0.013925 0.321483 0.665362 0.506486 -0.548421 2.000000
0.042915 0.013048 0.327436 0.880248 0.344180 -0.326654 2.000000
0.037977 0.019557 0.316852 0.806501 -0.591232 0.000935 2.000000
0.040591 0.013812 0.322629 0.651551 0.631332 -0.420597 2.000000
0.035525 0.016505 0.313812 -0.246074 0.678554 -0.692107 2.000000
0.035908 0.016677 0.313877 -0.274446 0.722577 -0.634478 2.000000
0.043338 0.012746 0.328140 0.891716 0.315609 -0.324396 2.000000
0.041617 0.012051 0.322560 0.908036 0.288720 -0.303499 2.000000
0.040005 0.013807 0.322026 -0.601709 -0.612673 0.512424 2.000000
0.042683 0.013025 0.326733 0.903876 0.302960 -0.302032 2.000000
0.036589 0.017067 0.314125 -0.235895 0.644862 -0.726985 2.000000
0.037763 0.019238 0.316882 0.791492 -0.609698 -0.042532 2.000000
0.043230 0.012550 0.327710 0.902646 0.269831 -0.335292 2.000000
0.041141 0.013469 0.323187 0.752052 0.551125 -0.361496 2.000000
0.041652 0.013144 0.323859 0.833630 0.405682 -0.374810 2.000000
0.039812 0.013563 0.321518 -0.576444 -0.579082 0.576520 2.000000
0.035829 0.016252 0.313789 -0.269227 0.650394 -0.710285 2.000000
0.042145 0.012962 0.324840 0.912567 0.303731 -0.273806 2.000000
0.041783 0.011566 0.322578 0.921791 0.248252 -0.297778 2.000000
0.036331 0.016619 0.314002 -0.227803 0.612385 -0.757028 2.000000
0.043036 0.012434 0.327090 0.905719 0.257500 -0.336699 2.000000
0.041365 0.012880 0.322606 0.833944 0.443416 -0.328512 2.000000
0.040662 0.013322 0.321905 -0.562749 -0.675707 0.476167 2.000000
0.043489 0.012262 0.328297 0.902162 0.265532 -0.339995 2.000000
0.036994 0.018186 0.318567 0.826954 -0.560950 -0.038491 2.000000
0.042104 0.012662 0.324349 0.910481 0.279734 -0.304586 2.000000
0.042471 0.012449 0.325567 0.923881 0.268798 -0.272382 2.000000
0.041403 0.012628 0.322408 0.841701 0.428314 -0.328764 2.000000
0.040303 0.012876 0.321096 -0.446403 -0.664971 0.598780 2.000000
0.039938 0.013132 0.321238 -0.477864 -0.649674 0.591245 2.000000
0.040435 0.013039 0.321465 -0.499665 -0.673450 0.544793 2.000000
0.041698 0.011389 0.322178 0.914957 0.253164 -0.314265 2.000000
0.043430 0.011963 0.327866 0.916721 0.230710 -0.326184 2.000000
0.036228 0.015757 0.314302 -0.335231 0.784308 -0.521998 2.000000
0.040406 0.012636 0.320798 -0.457972 -0.602069 0.654045 2.000000
0.042453 0.012142 0.325154 0.930645 0.243165 -0.273441 2.000000
0.043282 0.011824 0.327378 0.916905 0.233312 -0.323807 2.000000
0.042983 0.011726 0.326495 0.916798 0.255593 -0.306844 2.000000
0.042037 0.011982 0.323622 0.925184 0.255485 -0.280645 2.000000
0.033988 0.012941 0.315590 0.874005 0.008382 -0.485844 2.000000
0.043609 0.011481 0.328141 0.920074 0.227517 -0.318904 2.000000
0.039293 0.019818 0.320478 0.940939 -0.160479 0.298128 2.000000
0.039167 0.019214 0.320357 0.904428 -0.269343 0.330854 2.000000
0.038531 0.014458 0.320549 0.810669 0.236682 -0.535535 2.000000
0.040976 0.012507 0.321337 0.742409 0.488932 -0.458011 2.000000
0.043168 0.011560 0.326957 0.917590 0.239544 -0.317251 2.000000
0.042857 0.011709 0.326056 0.911464 0.269473 -0.310834 2.000000
0.038713 0.017994 0.320254 0.862299 -0.355118 0.361015 2.000000
0.040302 0.012278 0.320476 -0.389826 -0.515780 0.762894 2.000000
0.040880 0.010831 0.320534 0.678542 0.168089 -0.715071 2.000000
0.043342 0.011301 0.327362 0.922163 0.218989 -0.318840 2.000000
0.041516 0.011878 0.322109 0.905327 0.296848 -0.303751 2.000000
0.042315 0.011347 0.324128 0.937782 0.205897 -0.279593 2.000000
0.040013 0.011829 0.320186 -0.345524 -0.394300 0.851552 2.000000
0.041567 0.011470 0.321701 0.903355 0.243649 -0.352967 2.000000
0.041733 0.012755 0.323939 0.873242 0.347347 -0.341757 2.000000
0.040524 0.010768 0.320123 0.535981 0.239224 -0.809627 2.000000
0.034916 0.010812 0.317103 0.523449 0.067239 -0.849400 2.000000
0.042342 0.011793 0.324638 0.931884 0.221158 -0.287543 2.000000
0.042222 0.011209 0.323620 0.934338 0.214903 -0.284303 2.000000
0.040224 0.023976 0.323245 0.974612 -0.223805 -0.006569 2.000000
0.041958 0.011067 0.322827 0.926601 0.240492 -0.289092 2.000000
0.039796 0.022527 0.325733 0.998576 -0.008729 0.052636 2.000000
0.040042 0.023701 0.322168 0.984672 -0.165707 -0.054418 2.000000
0.039843 0.022695 0.324677 0.997155 -0.072256 0.021449 2.000000
0.039862 0.022982 0.324026 0.978705 -0.202466 0.033817 2.000000
0.040438 0.019035 0.327972 0.931500 0.302208 -0.202430 2.000000
0.040017 0.023294 0.322273 0.970484 -0.235150 -0.053518 2.000000
0.039970 0.023211 0.321678 0.962335 -0.263813 -0.065679 2.000000
0.039644 0.020450 0.320161 0.942656 0.132471 0.306351 2.000000
0.039878 0.022806 0.322307 0.961477 -0.267658 -0.062623 2.000000
0.038271 0.015828 0.320447 0.944879 0.047160 -0.324006 2.000000
0.040062 0.022588 0.316653 0.218575 -0.865407 0.450883 2.000000
0.038636 0.016921 0.321154 0.921071 -0.112089 -0.372913 2.000000
0.039013 0.024942 0.320193 0.331686 0.257870 0.907462 2.000000
0.038473 0.022636 0.320270 0.527817 -0.142097 -0.837387 2.000000
0.040127 0.025555 0.319484 0.502562 -0.177823 -0.846056 2.000000
0.039289 0.024268 0.320182 0.120850 -0.270970 -0.954972 2.000000
0.039653 0.024829 0.319828 -0.074190 0.419238 0.904840 2.000000
0.039824 0.024292 0.320086 0.664105 -0.450338 -0.596792 2.000000
0.039942 0.023198 0.321179 0.956754 -0.289889 -0.024223 2.000000
0.039741 0.022631 0.321752 0.937081 -0.321327 -0.136484 2.000000
0.039369 0.021609 0.321563 0.958228 -0.211346 -0.192696 2.000000
0.039443 0.020704 0.322395 0.966613 -0.157355 -0.202232 2.000000
0.039699 0.019215 0.324634 0.982482 0.039610 -0.182097 2.000000
0.039100 0.023637 0.320234 -0.144494 -0.046523 0.988411 2.000000
0.039536 0.022509 0.321003 0.915525 -0.370023 -0.157790 2.000000
0.036380 0.017434 0.317762 0.807751 -0.557744 -0.190946 2.000000
0.037289 0.018158 0.314530 -0.381983 0.590946 -0.710543 2.000000
0.035547 0.016165 0.317157 0.882151 -0.314663 -0.350425 2.000000
0.037849 0.019194 0.318015 0.807948 -0.589173 0.009759 2.000000
0.039189 0.020349 0.315428 -0.657909 0.400386 -0.637845 2.000000
0.038828 0.019848 0.315353 -0.528088 0.678122 -0.511149 2.000000
0.039206 0.020002 0.315345 0.640943 -0.547320 0.538176 2.000000
0.039388 0.019545 0.316038 0.637361 -0.548743 0.540974 2.000000
0.042617 0.011189 0.324993 0.924799 0.234235 -0.299802 2.000000
0.039103 0.021460 0.318039 0.839940 -0.531194 -0.111054 2.000000
0.039060 0.018820 0.321809 0.963383 -0.063262 -0.260560 2.000000
0.036973 0.012658 0.317189 0.898278 -0.358669 -0.253878 2.000000
0.036874 0.012690 0.316916 0.907872 -0.334420 -0.252849 2.000000
0.036736 0.012244 0.317162 0.913269 -0.320506 -0.251427 2.000000
0.036869 0.013200 0.316677 0.910595 -0.304192 -0.279792 2.000000
0.037742 0.014212 0.318658 0.939859 -0.146479 -0.308560 2.000000
0.040695 0.014210 0.329623 0.833609 0.520686 -0.184345 2.000000
0.036931 0.012545 0.317456 0.894957 -0.359114 -0.264743 2.000000
0.040396 0.014238 0.328932 0.840172 0.527378 -0.126428 2.000000
0.040950 0.013464 0.328825 0.854014 0.499800 -0.144429 2.000000
0.040480 0.012803 0.326801 0.828271 0.088819 -0.553244 2.000000
0.041028 0.013162 0.327849 0.904141 0.340815 -0.257630 2.000000
0.037495 0.014523 0.317834 0.942078 -0.172209 -0.287809 2.000000
0.040306 0.012961 0.326555 0.828271 0.088819 -0.553244 2.000000
0.040551 0.014026 0.327825 0.837573 0.519715 -0.168428 2.000000
0.036725 0.012559 0.316758 0.909058 -0.335802 -0.246680 2.000000
0.040985 0.013419 0.328104 0.888594 0.426725 -0.168246 2.000000
0.040007 0.012028 0.326131 0.871120 0.078403 -0.484770 2.000000
0.040228 0.010993 0.326232 0.890338 0.220161 -0.398531 2.000000
0.039906 0.012299 0.325948 0.856160 0.090814 -0.508668 2.000000
0.039099 0.017796 0.319358 0.853047 -0.418926 0.311147 2.000000
0.040102 0.012840 0.326279 0.812097 0.108317 -0.573382 2.000000
0.040244 0.013352 0.326655 0.769026 0.256212 -0.585623 2.000000
0.038866 0.017488 0.319535 0.839287 -0.451416 0.303020 2.000000
0.041031 0.012477 0.327825 0.930021 0.038758 -0.365456 2.000000
0.040353 0.014235 0.328487 0.838557 0.540891 -0.065262 2.000000
0.041475 0.012328 0.328851 0.970525 0.156115 -0.183602 2.000000
0.038969 0.017370 0.319010 0.843780 -0.467665 0.263296 2.000000
0.040850 0.013557 0.327780 0.881628 0.397291 -0.254740 2.000000
0.037462 0.014639 0.317568 0.939632 -0.185240 -0.287711 2.000000
0.039615 0.014593 0.326421 0.842401 0.314033 -0.437885 2.000000
0.040814 0.012618 0.327147 0.880323 0.004461 -0.474355 2.000000
0.040131 0.013987 0.326848 0.796913 0.373360 -0.474903 2.000000
0.040190 0.014559 0.328219 0.863993 0.500568 -0.054289 2.000000
0.041114 0.013223 0.328485 0.893710 0.419644 -0.158688 2.000000
0.040222 0.013231 0.326509 0.789043 0.156282 -0.594127 2.000000
0.039958 0.014656 0.327049 0.884115 0.377079 -0.275956 2.000000
0.040781 0.010982 0.327354 0.890902 0.142263 -0.431340 2.000000
0.041042 0.010357 0.326988 0.871864 0.271464 -0.407627 2.000000
0.041140 0.010582 0.327538 0.894817 0.165424 -0.414654 2.000000
0.040868 0.011539 0.327691 0.900933 0.050667 -0.430991 2.000000
0.041110 0.011610 0.328195 0.902684 0.066563 -0.425124 2.000000
0.039925 0.013449 0.326314 0.767014 0.236293 -0.596537 2.000000
0.040414 0.013496 0.326882 0.806893 0.303885 -0.506535 2.000000
0.039663 0.015700 0.327805 0.960428 0.183852 0.209230 2.000000
0.039772 0.015235 0.327186 0.719289 0.237275 0.652935 2.000000
0.039702 0.015699 0.327419 0.810331 0.125047 0.572475 2.000000
0.038969 0.016830 0.325886 0.795540 -0.605901 -0.000189 2.000000
0.038770 0.017365 0.325722 0.783042 0.261317 0.564409 2.000000
0.038963 0.017016 0.326252 0.693627 0.063497 0.717531 2.000000
0.038387 0.025777 0.321037 -0.412987 0.692128 0.591946 2.000000
0.039832 0.022574 0.322764 0.972182 -0.229610 -0.046269 2.000000
0.039602 0.019699 0.319991 0.956520 -0.097932 0.274733 2.000000
0.040052 0.020414 0.319324 0.888102 0.178905 0.423400 2.000000
0.039775 0.026411 0.319593 -0.308154 0.107269 0.945270 2.000000
0.038539 0.016608 0.318064 0.846427 -0.531942 -0.024463 2.000000
0.039542 0.010546 0.319457 0.346937 0.434765 -0.831032 2.000000
0.039656 0.020545 0.323805 0.992850 -0.063686 -0.100957 2.000000
0.036755 0.010585 0.317822 0.712402 0.133526 -0.688952 2.000000
0.040341 0.014410 0.327638 0.843758 0.510262 -0.166449 2.000000
0.041516 0.011878 0.322109 0.905327 0.296848 -0.303751 2.000000
0.039542 0.010546 0.319457 0.346937 0.434765 -0.831032 2.000000
0.040005 0.023666 0.321429 0.975012 -0.220435 0.027563 2.000000
0.037360 0.013236 0.317773 0.913528 -0.309715 -0.263711 2.000000
0.039369 0.021609 0.321563 0.958228 -0.211346 -0.192696 2.000000
0.037634 0.018533 0.320867 0.850658 -0.308640 -0.425584 2.000000
0.037433 0.018673 0.318113 0.784159 -0.619436 0.037339 2.000000
0.037275 0.017222 0.320490 -0.650468 -0.325542 0.686231 2.000000
0.036926 0.011688 0.318326 0.815034 0.034678 -0.578374 2.000000
0.039234 0.021499 0.320695 0.991744 -0.127077 -0.017188 2.000000
0.038783 0.016941 0.318756 0.844215 -0.521937 0.121995 2.000000
0.037911 0.023481 0.322406 -0.032554 0.926577 0.374694 2.000000
0.037124 0.018444 0.315416 0.677323 -0.712968 0.181414 2.000000
0.041171 0.016162 0.326958 0.738436 0.570063 -0.360196 2.000000
0.036530 0.011404 0.317633 0.901388 -0.003954 -0.432993 2.000000
0.036832 0.010259 0.317822 -0.619857 -0.218204 0.753767 2.000000
0.039388 0.019545 0.316038 0.637361 -0.548743 0.540974 2.000000
0.041476 0.012893 0.323007 0.836502 0.441968 -0.323928 2.000000
0.039149 0.010755 0.322900 0.273037 0.941253 0.198731 2.000000
0.038589 0.019851 0.315828 0.634339 -0.577358 0.514074 2.000000
0.039767 0.021652 0.326440 0.998430 0.045804 -0.032244 2.000000
0.040131 0.024380 0.321663 0.964531 -0.261163 0.038383 2.000000
0.033256 0.014805 0.313393 0.809196 -0.586765 -0.030159 2.000000
0.039053 0.016419 0.322241 0.906962 -0.026577 -0.420372 2.000000
0.039306 0.021444 0.318810 -0.470889 0.875882 0.105325 2.000000
0.041384 0.012742 0.328600 0.968272 0.174110 -0.179261 2.000000
0.040086 0.020313 0.328008 0.972657 0.214901 -0.088062 2.000000
0.040691 0.016688 0.326431 0.862804 0.393085 -0.317890 2.000000
0.039311 0.016713 0.322772 0.904840 0.016925 -0.425415 2.000000
0.040713 0.018119 0.327990 0.888629 0.430220 -0.158904 2.000000
0.042516 0.012676 0.325970 0.913712 0.282742 -0.291868 2.000000
0.039847 0.020911 0.326054 0.996281 0.054631 -0.066627 2.000000
0.035625 0.017105 0.314966 0.711282 -0.702712 0.016556 2.000000
0.038335 0.016463 0.320587 0.936298 -0.127632 -0.327193 2.000000
0.038174 0.011504 0.319382 -0.516618 -0.272202 0.811796 2.000000
0.039671 0.014744 0.322551 0.741462 0.454176 -0.493921 2.000000
0.038293 0.021759 0.320103 0.268779 0.508248 -0.818194 2.000000
0.039627 0.015430 0.323020 0.803356 0.310290 -0.508272 2.000000
0.037208 0.013359 0.317433 0.923603 -0.290159 -0.250531 2.000000
0.039671 0.014744 0.322551 0.741462 0.454176 -0.493921 2.000000
0.035026 0.015995 0.316060 0.810609 -0.494017 -0.314419 2.000000
0.040138 0.020317 0.329145 0.951378 0.301876 -0.061252 2.000000
0.040583 0.018946 0.328819 0.963974 0.261261 -0.049972 2.000000
0.039501 0.018389 0.323452 0.959248 0.045798 -0.278831 2.000000
0.039149 0.017473 0.322339 0.936386 -0.011712 -0.350776 2.000000
0.040993 0.013558 0.322917 0.733339 0.575512 -0.361940 2.000000
0.042541 0.011734 0.325118 0.922445 0.246971 -0.296816 2.000000
0.037084 0.018444 0.317107 0.739109 -0.660395 -0.132653 2.000000
0.036459 0.017385 0.318243 0.855122 -0.461581 -0.236026 2.000000
0.040649 0.014378 0.323679 0.681776 0.585143 -0.439077 2.000000
0.042347 0.012139 0.324822 0.924658 0.230997 -0.302733 2.000000
0.037560 0.014099 0.318089 0.942317 -0.173199 -0.286426 2.000000
0.041474 0.015813 0.326552 0.766806 0.555759 -0.321156 2.000000
0.037269 0.011401 0.318637 -0.696210 -0.153504 0.701233 2.000000
0.037543 0.018933 0.315467 0.628815 -0.728165 0.272705 2.000000
0.040476 0.022676 0.317418 -0.450626 -0.850248 0.272057 2.000000
0.039044 0.021215 0.318700 0.776559 -0.629194 0.032724 2.000000
0.040245 0.021313 0.316431 0.786892 0.222200 -0.575698 2.000000
0.039060 0.018820 0.321809 0.963383 -0.063262 -0.260560 2.000000
0.041838 0.015840 0.327641 0.833203 0.432371 -0.344715 2.000000
0.039926 0.019468 0.325887 0.983195 0.108938 -0.146491 2.000000
0.040014 0.024571 0.319906 0.309022 -0.455705 -0.834769 2.000000
0.042145 0.012962 0.324840 0.912567 0.303731 -0.273806 2.000000
0.038489 0.017216 0.319885 0.884286 -0.418731 0.206648 2.000000
0.036371 0.017739 0.314735 -0.519627 0.711703 -0.472723 2.000000
0.037075 0.013714 0.317014 0.927865 -0.217103 -0.303204 2.000000
0.043230 0.012550 0.327710 0.902646 0.269831 -0.335292 2.000000
0.039659 0.022418 0.321789 0.933173 -0.330550 -0.141154 2.000000
0.037778 0.013669 0.319137 0.902253 -0.078125 -0.424071 2.000000
0.035627 0.016769 0.316689 0.824910 -0.534466 -0.184038 2.000000
0.034714 0.015738 0.315617 0.800608 -0.499300 -0.331249 2.000000
0.039165 0.019727 0.322015 0.964783 -0.117163 -0.235515 2.000000
0.040745 0.025708 0.320658 0.967518 -0.226212 -0.112860 2.000000
0.039056 0.019404 0.321666 0.966674 -0.104428 -0.233745 2.000000
0.037596 0.018526 0.314652 -0.338629 0.785175 -0.518489 2.000000
0.039724 0.021771 0.324122 0.994807 -0.074532 -0.069309 2.000000
0.038669 0.020543 0.316217 0.837333 -0.451777 0.307848 2.000000
0.035826 0.017085 0.315989 0.775100 -0.618104 -0.131028 2.000000
0.038762 0.018531 0.320615 0.795251 -0.318171 0.516085 2.000000
0.038480 0.015050 0.320699 0.870692 0.160980 -0.464738 2.000000
0.039679 0.020291 0.324219 0.995812 -0.027980 -0.087038 2.000000
0.039505 0.017816 0.323246 0.941224 0.070137 -0.330421 2.000000
0.037912 0.014113 0.319358 0.906802 -0.028352 -0.420602 2.000000
0.039336 0.021609 0.319199 0.328594 -0.939723 0.094587 2.000000
0.040526 0.016239 0.325313 0.841598 0.422619 -0.336313 2.000000
0.040189 0.017075 0.325420 0.905712 0.305733 -0.293620 2.000000
0.036587 0.017735 0.317652 0.785919 -0.596750 -0.161930 2.000000
0.037849 0.019194 0.318015 0.807948 -0.589173 0.009759 2.000000
0.042391 0.015788 0.328772 0.827495 0.310459 -0.467832 2.000000
0.040574 0.025083 0.320400 0.917601 -0.382763 -0.107245 2.000000
0.039893 0.021247 0.327451 0.987879 0.143472 -0.059248 2.000000
0.034279 0.015751 0.314150 0.619500 -0.774879 0.125623 2.000000
0.040070 0.023616 0.323171 0.970713 -0.240159 -0.006283 2.000000
0.042187 0.014337 0.326770 0.885194 0.388772 -0.255515 2.000000
0.041872 0.013292 0.324405 0.863208 0.379786 -0.332618 2.000000
0.038636 0.016921 0.321154 0.921071 -0.112089 -0.372913 2.000000
0.042527 0.013846 0.327188 0.889136 0.369831 -0.269559 2.000000
0.042256 0.011513 0.324239 0.929434 0.238381 -0.281649 2.000000
0.038849 0.010289 0.318955 0.364114 0.469031 -0.804631 2.000000
0.041658 0.016528 0.328082 0.835665 0.401286 -0.375012 2.000000
0.036918 0.018393 0.315988 0.719593 -0.692464 0.051759 2.000000
0.040026 0.020713 0.329317 0.955820 0.288553 -0.056075 2.000000
0.036740 0.017834 0.318118 0.812054 -0.563894 -0.150302 2.000000
0.038847 0.013951 0.320739 0.763006 0.293617 -0.575857 2.000000
0.039780 0.021520 0.325270 0.998756 -0.035068 -0.035440 2.000000
0.041447 0.017160 0.328288 0.818622 0.491156 -0.297697 2.000000
0.039958 0.014656 0.327049 0.884115 0.377079 -0.275956 2.000000
0.039443 0.020704 0.322395 0.966613 -0.157355 -0.202232 2.000000
0.036918 0.018393 0.315988 0.719593 -0.692464 0.051759 2.000000
0.036529 0.017964 0.315778 0.715328 -0.698643 0.014265 2.000000
0.041386 0.015354 0.325879 0.782552 0.502829 -0.367117 2.000000
0.039616 0.015876 0.327040 -0.128063 0.697167 0.705378 2.000000
0.040104 0.024401 0.320130 0.800449 -0.464389 -0.378977 2.000000
0.037841 0.015754 0.317995 0.909866 -0.394275 -0.129198 2.000000
0.041499 0.011814 0.321680 0.887637 0.293990 -0.354500 2.000000
0.038660 0.017040 0.319370 0.852341 -0.452238 0.262670 2.000000
0.038335 0.018255 0.315329 -0.359957 0.565555 -0.742010 2.000000
0.040591 0.013812 0.322629 0.651551 0.631332 -0.420597 2.000000
0.038009 0.014515 0.319577 0.940428 -0.034223 -0.338266 2.000000
0.036882 0.018051 0.314666 -0.522195 0.694191 -0.495390 2.000000
0.037634 0.018533 0.320867 0.850658 -0.308640 -0.425584 2.000000
0.038972 0.019709 0.321169 0.986320 -0.161001 -0.035365 2.000000
0.037267 0.018664 0.315547 0.683307 -0.704797 0.190664 2.000000
0.040914 0.014813 0.324536 0.718632 0.505357 -0.477685 2.000000
0.033409 0.013570 0.314477 0.904599 -0.072898 -0.419984 2.000000
0.042683 0.013025 0.326733 0.903876 0.302960 -0.302032 2.000000
0.039189 0.017657 0.322643 0.939562 0.005623 -0.342332 2.000000
0.039780 0.021520 0.325270 0.998756 -0.035068 -0.035440 2.000000
0.034724 0.015395 0.316115 0.835846 -0.343082 -0.428551 2.000000
0.039230 0.018659 0.322642 0.967210 -0.022335 -0.252995 2.000000
0.039060 0.018820 0.321809 0.963383 -0.063262 -0.260560 2.000000
0.035208 0.014919 0.317258 0.868565 -0.256285 -0.424161 2.000000
0.037329 0.018539 0.320086 0.952897 -0.154843 -0.260791 2.000000
0.041884 0.015425 0.327243 0.855831 0.415485 -0.308099 2.000000
0.037306 0.013969 0.317563 0.934874 -0.203043 -0.291178 2.000000
0.033564 0.015202 0.313849 0.746047 -0.664225 -0.047095 2.000000
0.040314 0.018056 0.326561 0.912222 0.299919 -0.279104 2.000000
0.033164 0.014509 0.313421 0.932807 -0.330336 -0.144045 2.000000
0.040414 0.013496 0.326882 0.806893 0.303885 -0.506535 2.000000
0.038448 0.020103 0.318311 0.857940 -0.509995 0.061996 2.000000
0.039167 0.019214 0.320357 0.904428 -0.269343 0.330854 2.000000
0.039384 0.021519 0.320207 0.986478 0.157680 -0.044707 2.000000
0.040713 0.018197 0.328281 0.897621 0.417397 -0.141621 2.000000
0.039338 0.015893 0.326476 0.802311 -0.595894 0.034758 2.000000
0.040937 0.017957 0.330034 0.783825 0.605956 -0.135778 2.000000
0.038746 0.020973 0.319413 0.758809 -0.551849 0.345935 2.000000
0.043342 0.011301 0.327362 0.922163 0.218989 -0.318840 2.000000
0.042103 0.013650 0.325565 0.893082 0.342998 -0.291131 2.000000
0.036358 0.015987 0.318846 0.899161 -0.193916 -0.392309 2.000000
0.037239 0.018400 0.319749 0.947800 -0.260470 -0.183928 2.000000
0.042700 0.013270 0.327069 0.889203 0.347748 -0.297303 2.000000
0.038730 0.020695 0.318649 0.852054 -0.519780 0.061910 2.000000
0.039830 0.021351 0.326660 0.994101 0.098979 -0.044351 2.000000
0.040005 0.020686 0.328931 0.963894 0.262788 -0.043025 2.000000
0.039692 0.021476 0.323697 0.994034 -0.085536 -0.067669 2.000000
0.041838 0.015840 0.327641 0.833203 0.432371 -0.344715 2.000000
0.039135 0.020501 0.321162 0.988631 -0.149585 0.015245 2.000000
0.040146 0.022049 0.316276 0.120640 -0.765834 0.631621 2.000000
0.037930 0.012308 0.319326 -0.687155 -0.062221 0.723841 2.000000
0.039118 0.013739 0.320941 0.696618 0.395471 -0.598603 2.000000
0.041852 0.013541 0.324661 0.858029 0.407737 -0.312310 2.000000
0.034549 0.015762 0.313693 0.574633 -0.717063 0.394484 2.000000
0.038939 0.014557 0.321149 0.811506 0.301967 -0.500273 2.000000
0.039234 0.021499 0.320695 0.991744 -0.127077 -0.017188 2.000000
0.039093 0.018019 0.322118 0.957040 -0.038507 -0.287387 2.000000
0.036587 0.017735 0.317652 0.785919 -0.596750 -0.161930 2.000000
0.039438 0.022304 0.320622 0.935429 -0.178773 -0.304979 2.000000
0.040662 0.013568 0.327091 0.824742 0.303907 -0.476907 2.000000
0.036611 0.009407 0.317342 -0.564955 -0.188946 0.803197 2.000000
0.034724 0.015395 0.316115 0.835846 -0.343082 -0.428551 2.000000
0.039622 0.018021 0.323731 0.960526 0.087710 -0.264003 2.000000
0.040654 0.018022 0.327414 0.858556 0.428334 -0.281802 2.000000
0.040105 0.020515 0.329677 0.949993 0.308626 -0.047573 2.000000
0.040595 0.019027 0.329368 0.969662 0.243110 -0.025548 2.000000
0.039843 0.022695 0.324677 0.997155 -0.072256 0.021449 2.000000
0.035110 0.013671 0.314594 0.812564 0.020785 -0.582501 2.000000
0.039151 0.018392 0.322329 0.964563 -0.028410 -0.262320 2.000000
0.039324 0.021220 0.321640 0.968423 -0.149031 -0.199865 2.000000
0.036695 0.010775 0.317769 0.790102 0.111196 -0.602806 2.000000
0.035138 0.015660 0.316616 0.850718 -0.320827 -0.416352 2.000000
0.041641 0.012393 0.322844 0.882102 0.345271 -0.320444 2.000000
0.036791 0.010937 0.317962 0.796957 0.130458 -0.589779 2.000000
0.041073 0.013393 0.329274 0.858396 0.491080 -0.148313 2.000000
0.039849 0.022892 0.324341 0.987628 -0.150045 0.045587 2.000000
0.039888 0.020970 0.326979 0.990566 0.115764 -0.073329 2.000000
0.039638 0.014518 0.322268 0.717664 0.478037 -0.506398 2.000000
0.039265 0.018289 0.319523 0.845215 -0.363250 0.391997 2.000000
0.041063 0.017400 0.327648 0.841174 0.442597 -0.310699 2.000000
0.037405 0.019089 0.320071 0.945789 -0.278041 -0.167860 2.000000
0.038479 0.018594 0.326672 0.752265 -0.630783 -0.190290 2.000000
0.039093 0.018019 0.322118 0.957040 -0.038507 -0.287387 2.000000
0.040735 0.011385 0.320364 -0.593256 -0.228947 0.771771 2.000000
0.040366 0.014665 0.323474 0.707113 0.534142 -0.463340 2.000000
0.036370 0.017109 0.318389 0.882623 -0.357190 -0.305600 2.000000
0.040476 0.022676 0.317418 -0.450626 -0.850248 0.272057 2.000000
0.039221 0.012183 0.320170 -0.383209 -0.423215 0.820999 2.000000
0.041116 0.013550 0.329655 0.848329 0.502220 -0.167668 2.000000
0.038949 0.021072 0.318536 0.857086 -0.514627 0.023718 2.000000
0.042516 0.012676 0.325970 0.913712 0.282742 -0.291868 2.000000
0.042128 0.011663 0.323717 0.930658 0.237523 -0.278314 2.000000
0.037994 0.019723 0.319268 0.797266 -0.554100 0.239457 2.000000
0.039334 0.014809 0.322121 0.786313 0.395558 -0.474601 2.000000
0.038797 0.017613 0.321333 0.919343 -0.057866 -0.389178 2.000000
0.037318 0.018768 0.319783 0.943041 -0.316360 -0.102908 2.000000
0.038783 0.016941 0.318756 0.844215 -0.521937 0.121995 2.000000
0.039336 0.021609 0.319199 0.328594 -0.939723 0.094587 2.000000
0.036695 0.010775 0.317769 0.790102 0.111196 -0.602806 2.000000
0.036838 0.017719 0.318978 0.873859 -0.425133 -0.235866 2.000000
0.038914 0.017688 0.328221 0.111747 0.213323 -0.970570 2.000000
0.040136 0.021822 0.318454 0.063247 -0.857939 -0.509844 2.000000
0.039500 0.020773 0.315473 0.606455 -0.435396 0.665314 2.000000
0.037006 0.017423 0.319755 0.906222 -0.237974 -0.349472 2.000000
0.037377 0.015585 0.315899 0.571955 -0.268222 -0.775193 2.000000
0.039606 0.022050 0.316325 0.407315 -0.766475 0.496599 2.000000
0.040293 0.014597 0.329263 0.849667 0.504830 -0.152356 2.000000
0.034473 0.013811 0.316300 0.838320 -0.140112 -0.526866 2.000000
0.039699 0.021329 0.315632 -0.377664 0.557976 -0.738940 2.000000
0.039758 0.013024 0.320933 -0.451364 -0.554329 0.699278 2.000000
0.039799 0.023232 0.325242 0.992179 -0.120768 0.031553 2.000000
0.039979 0.021768 0.315770 -0.084288 0.654600 -0.751262 2.000000
0.039476 0.022068 0.317796 0.667435 -0.659839 -0.345171 2.000000
0.040506 0.019455 0.330669 0.966190 0.255554 -0.034193 2.000000
0.043282 0.011824 0.327378 0.916905 0.233312 -0.323807 2.000000
0.038951 0.019460 0.321274 0.990691 -0.118259 -0.067417 2.000000
0.043398 0.012771 0.328384 0.891175 0.328983 -0.312375 2.000000
0.040256 0.024493 0.321077 0.936540 -0.334741 0.104123 2.000000
0.039724 0.021771 0.324122 0.994807 -0.074532 -0.069309 2.000000
0.042851 0.013868 0.328505 0.858009 0.394883 -0.328463 2.000000
0.041173 0.015890 0.326221 0.743885 0.579599 -0.332716 2.000000
0.038811 0.016153 0.321825 0.910879 -0.004845 -0.412645 2.000000
0.042516 0.015012 0.328537 0.896360 0.264815 -0.355545 2.000000
0.039652 0.021021 0.323515 0.994424 -0.058893 -0.087476 2.000000
0.038154 0.020020 0.319267 0.803688 -0.523731 0.282473 2.000000
0.040099 0.021216 0.319233 0.310384 0.887428 0.340783 2.000000
0.041976 0.013480 0.324993 0.881709 0.369056 -0.293917 2.000000
0.035940 0.016959 0.317263 0.836403 -0.495534 -0.234255 2.000000
0.041872 0.013292 0.324405 0.863208 0.379786 -0.332618 2.000000
0.041492 0.016408 0.327717 0.824817 0.404707 -0.394828 2.000000
0.038585 0.015981 0.321259 0.913070 0.065968 -0.402433 2.000000
0.038072 0.016083 0.317055 0.869472 -0.471347 -0.147821 2.000000
0.041755 0.015322 0.326919 0.844394 0.444651 -0.298806 2.000000
0.039795 0.017794 0.324445 0.953413 0.150849 -0.261244 2.000000
0.039585 0.022198 0.316788 0.588358 -0.744305 0.315982 2.000000
0.038532 0.017843 0.320523 0.895008 -0.057156 0.442372 2.000000
0.038420 0.016520 0.317499 0.861488 -0.499686 -0.090289 2.000000
0.036331 0.016619 0.314002 -0.227803 0.612385 -0.757028 2.000000
0.041786 0.016203 0.328153 0.818331 0.425619 -0.386241 2.000000
0.039731 0.020088 0.324981 0.993144 0.023861 -0.114436 2.000000
0.040397 0.022771 0.317737 -0.350665 -0.705786 -0.615548 2.000000
0.038866 0.017488 0.319535 0.839287 -0.451416 0.303020 2.000000
0.037625 0.012545 0.319037 0.737555 -0.009121 -0.675225 2.000000
0.039798 0.022114 0.325513 0.999345 -0.015480 0.032718 2.000000
0.042103 0.013650 0.325565 0.893082 0.342998 -0.291131 2.000000
0.037732 0.019547 0.319479 0.828419 -0.521620 0.204047 2.000000
0.037546 0.018895 0.317125 0.756724 -0.644509 -0.109434 2.000000
0.037495 0.014523 0.317834 0.942078 -0.172209 -0.287809 2.000000
0.040344 0.019937 0.329736 0.951641 0.303147 -0.049815 2.000000
0.038401 0.014870 0.320472 0.850604 0.179870 -0.494085 2.000000
0.037823 0.020863 0.323168 -0.613545 -0.671245 0.415924 2.000000
0.039390 0.021753 0.321747 0.946402 -0.243955 -0.211683 2.000000
0.037495 0.014523 0.317834 0.942078 -0.172209 -0.287809 2.000000
0.041654 0.015002 0.325988 0.827369 0.455339 -0.328826 2.000000
0.039339 0.021958 0.320758 0.980345 -0.165894 -0.106784 2.000000
0.036892 0.011375 0.318194 0.818763 0.084859 -0.567826 2.000000
0.040100 0.014668 0.328672 0.868542 0.477785 -0.131743 2.000000
0.037563 0.019202 0.319266 0.860822 -0.469263 0.196917 2.000000
0.037822 0.019444 0.319046 0.806944 -0.551233 0.212091 2.000000
0.040985 0.013419 0.328104 0.888594 0.426725 -0.168246 2.000000
0.039629 0.016894 0.323410 0.924061 0.077751 -0.374254 2.000000
0.039033 0.022965 0.320104 0.684770 -0.146559 -0.713870 2.000000
0.039796 0.022527 0.325733 0.998576 -0.008729 0.052636 2.000000
0.036803 0.018234 0.316174 0.727227 -0.686368 -0.006327 2.000000
0.042671 0.015045 0.328946 0.894021 0.257357 -0.366735 2.000000
0.039427 0.010927 0.319544 -0.343925 -0.432153 0.833642 2.000000
0.041867 0.011037 0.322433 0.921331 0.238274 -0.307205 2.000000
0.041031 0.012477 0.327825 0.930021 0.038758 -0.365456 2.000000
0.039536 0.022509 0.321003 0.915525 -0.370023 -0.157790 2.000000
0.038656 0.020526 0.318151 0.876931 -0.478903 -0.040543 2.000000
0.040100 0.023915 0.324148 0.968106 -0.241879 0.065303 2.000000
0.040302 0.012278 0.320476 -0.389826 -0.515780 0.762894 2.000000
0.040131 0.024380 0.321663 0.964531 -0.261163 0.038383 2.000000
0.039717 0.020967 0.324662 0.997904 -0.039453 -0.051291 2.000000
0.038331 0.014152 0.320105 0.827324 0.174444 -0.533952 2.000000
0.036422 0.016786 0.318822 0.910912 -0.229774 -0.342701 2.000000
0.042750 0.014329 0.328738 0.873617 0.345138 -0.343035 2.000000
0.041820 0.015891 0.327867 0.823396 0.453803 -0.340709 2.000000
0.033164 0.014509 0.313421 0.932807 -0.330336 -0.144045 2.000000
0.040034 0.019834 0.327174 0.979105 0.134392 -0.152618 2.000000
0.039940 0.020343 0.326810 0.990980 0.093012 -0.096475 2.000000
0.034916 0.010812 0.317103 0.523449 0.067239 -0.849400 2.000000
0.039786 0.021796 0.325896 0.999937 0.009691 0.005649 2.000000
0.036559 0.017746 0.314494 -0.508605 0.651900 -0.562448 2.000000
0.043430 0.011963 0.327866 0.916721 0.230710 -0.326184 2.000000
0.034203 0.015627 0.314579 0.678240 -0.720445 -0.144735 2.000000
0.039829 0.010540 0.319670 0.385466 0.384153 -0.838953 2.000000
0.038809 0.017211 0.321475 0.925919 -0.091890 -0.366374 2.000000
0.039796 0.022401 0.324382 0.997512 -0.067582 -0.020057 2.000000
0.038516 0.017516 0.320707 0.944361 -0.160256 -0.287227 2.000000
0.038669 0.020543 0.316217 0.837333 -0.451777 0.307848 2.000000
0.040020 0.024193 0.321553 0.971186 -0.229708 0.063496 2.000000
0.040649 0.021233 0.317499 0.992745 0.042839 0.112348 2.000000
0.040333 0.019598 0.328506 0.950767 0.288760 -0.112514 2.000000
0.036611 0.009407 0.317342 -0.564955 -0.188946 0.803197 2.000000
0.037700 0.019227 0.316347 0.733601 -0.677543 0.052595 2.000000
0.034960 0.016071 0.315537 0.799885 -0.551295 -0.237187 2.000000
0.038271 0.020030 0.317082 0.872709 -0.487883 -0.018700 2.000000
0.037329 0.018539 0.320086 0.952897 -0.154843 -0.260791 2.000000
0.034823 0.016120 0.313888 0.496416 -0.752085 0.433520 2.000000
0.039443 0.020704 0.322395 0.966613 -0.157355 -0.202232 2.000000
0.041065 0.015629 0.325709 0.765691 0.522421 -0.375225 2.000000
0.039602 0.019699 0.319991 0.956520 -0.097932 0.274733 2.000000
0.039635 0.021355 0.323153 0.989307 -0.110097 -0.095659 2.000000
0.040402 0.022156 0.316655 -0.255478 -0.698252 0.668712 2.000000
0.039873 0.018914 0.325299 0.975082 0.108826 -0.193320 2.000000
0.040224 0.023976 0.323245 0.974612 -0.223805 -0.006569 2.000000
0.033778 0.012876 0.314887 0.834279 -0.088685 -0.544163 2.000000
0.040549 0.017195 0.326455 0.885068 0.307272 -0.349625 2.000000
0.039763 0.023052 0.320395 0.812200 -0.374211 -0.447545 2.000000
0.038651 0.018800 0.329124 0.548265 -0.129104 -0.826279 2.000000
0.039103 0.021460 0.318039 0.839940 -0.531194 -0.111054 2.000000
0.038657 0.017891 0.320921 0.980869 0.010805 -0.194371 2.000000
0.040955 0.013169 0.322043 0.694902 0.599395 -0.397286 2.000000
0.039823 0.020242 0.325730 0.990629 0.063431 -0.120960 2.000000
0.040131 0.013987 0.326848 0.796913 0.373360 -0.474903 2.000000
0.036385 0.017575 0.317272 0.791219 -0.594467 -0.143462 2.000000
0.035875 0.017090 0.316447 0.784562 -0.602602 -0.146062 2.000000
0.040082 0.017368 0.325227 0.926441 0.241061 -0.289131 2.000000
0.039446 0.020456 0.315387 -0.639507 0.271639 -0.719196 2.000000
0.041617 0.012051 0.322560 0.908036 0.288720 -0.303499 2.000000
0.041165 0.013100 0.322351 0.761538 0.554923 -0.334844 2.000000
0.040702 0.013177 0.327036 0.856411 0.172086 -0.486772 2.000000
0.040476 0.022676 0.317418 -0.450626 -0.850248 0.272057 2.000000
0.033343 0.013347 0.314192 0.920338 -0.073423 -0.384170 2.000000
0.040573 0.014737 0.329984 0.847248 0.491349 -0.201859 2.000000
0.039795 0.017794 0.324445 0.953413 0.150849 -0.261244 2.000000
0.039717 0.020967 0.324662 0.997904 -0.039453 -0.051291 2.000000
0.038972 0.019709 0.321169 0.986320 -0.161001 -0.035365 2.000000
0.038646 0.021107 0.319638 0.626502 -0.666222 0.404529 2.000000
0.039431 0.019484 0.323248 0.970894 -0.057940 -0.232395 2.000000
0.038958 0.018489 0.321589 0.958778 -0.075901 -0.273831 2.000000
0.038111 0.016069 0.318312 0.872967 -0.487630 -0.012048 2.000000
0.041269 0.011064 0.328363 0.900595 0.095701 -0.423993 2.000000
0.039564 0.021005 0.322745 0.978187 -0.134402 -0.158390 2.000000
0.042390 0.015617 0.328648 0.840577 0.313836 -0.441517 2.000000
0.039798 0.022542 0.323982 0.991636 -0.128983 -0.004675 2.000000
0.038638 0.020821 0.317093 0.871340 -0.490483 0.013861 2.000000
0.034536 0.011799 0.316357 0.577657 -0.125672 -0.806548 2.000000
0.039345 0.021885 0.320362 0.989374 0.017502 -0.144335 2.000000
0.034946 0.015903 0.315825 0.822580 -0.479534 -0.305628 2.000000
0.035684 0.016522 0.317251 0.870670 -0.401951 -0.283494 2.000000
0.042516 0.015012 0.328537 0.896360 0.264815 -0.355545 2.000000
0.041664 0.014606 0.325606 0.846304 0.403372 -0.347938 2.000000
0.041065 0.015629 0.325709 0.765691 0.522421 -0.375225 2.000000
0.039359 0.017702 0.322898 0.939162 0.042974 -0.340775 2.000000
0.037368 0.018429 0.314779 0.574552 -0.714944 0.398429 2.000000
0.039623 0.019108 0.319367 0.913409 0.003148 -0.407031 2.000000
0.037538 0.018399 0.320655 0.935932 -0.113023 -0.333552 2.000000
0.040524 0.019368 0.330295 0.971294 0.235355 -0.034583 2.000000
0.042445 0.013395 0.326352 0.910303 0.297548 -0.287772 2.000000
0.037802 0.011565 0.319178 -0.593237 -0.225319 0.772853 2.000000
0.039750 0.017398 0.324112 0.945993 0.163027 -0.280215 2.000000
0.041701 0.010428 0.328682 0.143101 0.624947 -0.767440 2.000000
0.038016 0.016204 0.319583 0.968844 -0.240144 0.060602 2.000000
0.040484 0.021828 0.318392 -0.427438 -0.588598 -0.686184 2.000000
0.040102 0.012840 0.326279 0.812097 0.108317 -0.573382 2.000000
