0.014204 -0.015071 0.324872 0.807233 0.021195 0.589852 1.000000
0.022931 -0.012116 0.320607 0.093942 0.303252 0.948268 1.000000
0.024442 -0.010735 0.318014 0.823754 0.508748 0.250209 1.000000
0.018965 -0.011972 0.321704 0.442784 -0.384735 0.809890 1.000000
0.018108 -0.012441 0.321883 0.456177 -0.464348 0.759133 1.000000
0.016047 -0.012520 0.323590 0.522036 -0.690506 0.500679 1.000000
0.016493 -0.012610 0.323071 0.432963 -0.708804 0.556902 1.000000
0.022757 -0.015055 0.324002 -0.116069 -0.890207 -0.440522 1.000000
0.016465 -0.012365 0.323490 0.455340 -0.681748 0.572613 1.000000
0.018688 -0.018941 0.329853 0.443144 -0.709397 -0.548070 1.000000
0.019509 -0.014882 0.322629 0.110663 -0.761366 -0.638808 1.000000
0.014259 -0.016588 0.325068 0.214442 0.198620 0.956329 1.000000
0.014797 -0.013504 0.324145 0.780787 -0.461856 0.420785 1.000000
0.015272 -0.016828 0.324939 0.098697 0.366006 0.925364 1.000000
0.021997 -0.014544 0.322653 0.021599 -0.906244 -0.422202 1.000000
0.023167 -0.014317 0.322297 0.137611 -0.850194 -0.508167 1.000000
0.013931 -0.013964 0.325286 0.578152 -0.166628 0.798734 1.000000
0.017292 -0.015822 0.324488 -0.033568 -0.802443 -0.595784 1.000000
0.024160 -0.014234 0.322480 -0.083442 -0.795547 -0.600119 1.000000
0.014272 -0.014731 0.324357 0.887231 0.050708 0.458530 1.000000
0.015043 -0.013636 0.323463 0.790857 -0.314485 0.525018 1.000000
0.013224 -0.018798 0.326152 0.052732 -0.573932 -0.817204 1.000000
0.015913 -0.019310 0.328084 0.556610 -0.670931 -0.489936 1.000000
0.021912 -0.014407 0.322362 0.007892 -0.889886 -0.456114 1.000000
0.017682 -0.015447 0.323286 -0.181204 -0.860303 -0.476491 1.000000
0.023083 -0.013526 0.321369 -0.145988 0.686634 0.712195 1.000000
0.019746 -0.013385 0.321467 0.117702 0.391118 0.912783 1.000000
0.025295 -0.017494 0.325252 0.688442 0.370736 0.623380 1.000000
0.016489 -0.019078 0.328327 0.472861 -0.690036 -0.547954 1.000000
0.023650 -0.015705 0.324533 -0.329699 -0.754845 -0.567017 1.000000
0.020786 -0.016659 0.326646 -0.010932 -0.813145 -0.581958 1.000000
0.024661 -0.016146 0.324512 -0.476632 -0.640188 -0.602480 1.000000
0.021649 -0.013847 0.321487 -0.049236 -0.726122 -0.685801 1.000000
0.021464 -0.012904 0.320831 0.182287 0.470180 0.863541 1.000000
0.015622 -0.018591 0.326681 0.374861 -0.804281 -0.461099 1.000000
0.013400 -0.018486 0.325996 0.043912 -0.547168 -0.835870 1.000000
0.014123 -0.018320 0.325924 -0.106787 0.612588 0.783155 1.000000
0.014933 -0.018570 0.326283 0.202348 -0.766634 -0.609366 1.000000
0.015318 -0.018845 0.326706 0.322123 -0.800756 -0.505001 1.000000
0.015865 -0.018229 0.325891 0.192464 -0.814419 -0.547429 1.000000
0.016482 -0.018870 0.328076 0.497448 -0.697192 -0.516206 1.000000
0.016588 -0.019364 0.328734 0.460399 -0.672562 -0.579390 1.000000
0.016831 -0.018693 0.328137 0.451678 -0.704920 -0.546878 1.000000
0.016937 -0.018968 0.328547 0.437791 -0.685855 -0.581328 1.000000
0.017074 -0.019269 0.328943 0.443278 -0.662383 -0.603948 1.000000
0.017220 -0.018360 0.328010 0.458054 -0.743348 -0.487464 1.000000
0.017326 -0.018632 0.328464 0.449617 -0.697241 -0.558300 1.000000
0.017445 -0.019485 0.329420 0.447896 -0.678309 -0.582483 1.000000
0.017907 -0.017949 0.328099 0.466493 -0.799383 -0.378644 1.000000
0.017700 -0.018965 0.329037 0.453863 -0.658795 -0.599998 1.000000
0.017667 -0.018583 0.328663 0.455824 -0.673852 -0.581505 1.000000
0.015892 -0.019231 0.327937 0.556610 -0.670931 -0.489936 1.000000
0.017948 -0.019269 0.329531 0.461595 -0.676272 -0.574096 1.000000
0.018082 -0.018522 0.328906 0.458417 -0.653031 -0.602830 1.000000
0.018294 -0.018010 0.328566 0.448125 -0.711771 -0.540894 1.000000
0.018148 -0.019537 0.330141 0.453035 -0.702373 -0.549028 1.000000
0.018263 -0.018792 0.329263 0.461263 -0.656542 -0.596816 1.000000
0.018096 -0.017710 0.327879 -0.455599 0.852517 0.256211 1.000000
0.018376 -0.019129 0.329798 0.457672 -0.697832 -0.550969 1.000000
0.018679 -0.018142 0.328979 0.403596 -0.685312 -0.606183 1.000000
0.018561 -0.019517 0.330524 0.401855 -0.702776 -0.587042 1.000000
0.018826 -0.018671 0.329572 0.432717 -0.706898 -0.559510 1.000000
0.018769 -0.019128 0.330193 0.389286 -0.707887 -0.589366 1.000000
0.019199 -0.018228 0.329309 0.293175 -0.735148 -0.611233 1.000000
0.019230 -0.018689 0.329963 0.308044 -0.770524 -0.558034 1.000000
0.018982 -0.019281 0.330589 0.217543 -0.692544 -0.687792 1.000000
0.019300 -0.019373 0.330812 0.050282 -0.571442 -0.819100 1.000000
0.019597 -0.018391 0.329749 0.170049 -0.769201 -0.615965 1.000000
0.019743 -0.018614 0.330134 0.033153 0.664998 0.746109 1.000000
0.017720 -0.018298 0.328347 0.479592 -0.700668 -0.528256 1.000000
0.016584 -0.018269 0.326513 0.314433 -0.914969 -0.252911 1.000000
0.017412 -0.018151 0.327854 0.481067 -0.770260 -0.418658 1.000000
0.018006 -0.019428 0.329846 0.467346 -0.685078 -0.558799 1.000000
0.018387 -0.017680 0.328182 0.437050 -0.810848 -0.389245 1.000000
0.018392 -0.017506 0.327256 0.502894 -0.836038 -0.219403 1.000000
0.018567 -0.018482 0.329207 0.427807 -0.674957 -0.601177 1.000000
0.018869 -0.019474 0.330784 0.186000 -0.651400 -0.735583 1.000000
0.018761 -0.017498 0.328176 0.334133 -0.857818 -0.390516 1.000000
0.018773 -0.017754 0.328612 0.336121 -0.775267 -0.534775 1.000000
0.018352 -0.017134 0.326409 0.508268 -0.705430 -0.493997 1.000000
0.018419 -0.017020 0.326423 0.500208 -0.696095 -0.515018 1.000000
0.019270 -0.017078 0.327429 0.221278 -0.912553 -0.343924 1.000000
0.018909 -0.017239 0.327403 0.290940 -0.904051 -0.313122 1.000000
0.018926 -0.017314 0.327842 0.306473 -0.899086 -0.312600 1.000000
0.019392 -0.017207 0.327846 0.154365 -0.920690 -0.358471 1.000000
0.019699 -0.016979 0.327283 0.094476 -0.927924 -0.360599 1.000000
0.020054 -0.017160 0.327679 -0.048079 -0.925382 -0.375975 1.000000
0.020339 -0.017190 0.327696 -0.182792 -0.900673 -0.394177 1.000000
0.011447 -0.010007 0.327268 0.432148 -0.281105 0.856871 1.000000
0.011270 -0.009880 0.327464 0.433103 -0.308609 0.846866 1.000000
0.011866 -0.008650 0.327648 0.415623 -0.373468 0.829325 1.000000
0.011691 -0.012175 0.326584 -0.271933 0.260284 -0.926447 1.000000
0.012013 -0.010564 0.326822 0.311103 -0.229108 0.922347 1.000000
0.011603 -0.009684 0.327266 0.420108 -0.326402 0.846741 1.000000
0.013551 -0.015395 0.325323 0.423806 -0.051734 0.904274 1.000000
0.017226 -0.013229 0.321767 0.244771 -0.299006 0.922325 1.000000
0.010894 -0.008768 0.328031 0.438293 -0.357140 0.824833 1.000000
0.015598 -0.018696 0.326785 0.391381 -0.806022 -0.444016 1.000000
0.015837 -0.018532 0.326764 0.387146 -0.827110 -0.407440 1.000000
0.015255 -0.019213 0.327029 -0.365378 0.784127 0.501640 1.000000
0.016187 -0.018436 0.327059 0.474506 -0.812939 -0.337601 1.000000
0.016457 -0.018597 0.327689 0.512660 -0.734222 -0.445082 1.000000
0.016531 -0.018723 0.327937 0.493023 -0.717135 -0.492591 1.000000
0.017262 -0.018852 0.328657 0.434608 -0.681341 -0.588974 1.000000
0.019331 -0.018987 0.330391 -0.074872 0.666253 0.741958 1.000000
0.019074 -0.017566 0.328536 0.230232 -0.813076 -0.534696 1.000000
0.019154 -0.017825 0.328907 0.212977 -0.785487 -0.581078 1.000000
0.019587 -0.018469 0.329981 0.120575 -0.766739 -0.630533 1.000000
0.014887 -0.018312 0.325951 0.155921 -0.750391 -0.642341 1.000000
0.019428 -0.017485 0.328507 0.141572 -0.870588 -0.471205 1.000000
0.019781 -0.018428 0.330003 0.024077 0.666805 0.744843 1.000000
0.019623 -0.017805 0.329009 0.044429 -0.846319 -0.530820 1.000000
0.019780 -0.018123 0.329425 0.027483 -0.805163 -0.592417 1.000000
0.015260 -0.018366 0.326028 0.123437 -0.766963 -0.629707 1.000000
0.019878 -0.018456 0.330064 0.044868 0.630042 0.775264 1.000000
0.019948 -0.017501 0.328542 -0.008971 -0.876848 -0.480683 1.000000
0.020058 -0.017921 0.329185 -0.101892 -0.829109 -0.549723 1.000000
0.020280 -0.017625 0.328693 -0.149307 -0.864071 -0.480717 1.000000
0.020364 -0.018026 0.329268 -0.204512 -0.775105 -0.597818 1.000000
0.026597 -0.017090 0.323156 0.764019 0.418581 0.490983 1.000000
0.025358 -0.015745 0.323433 -0.557769 -0.610917 -0.561849 1.000000
0.024572 -0.018165 0.326253 0.673794 0.413763 0.612211 1.000000
0.024146 -0.017576 0.326258 0.584302 0.517203 0.625373 1.000000
0.023658 -0.018685 0.327621 0.674471 0.411083 0.613269 1.000000
0.023594 -0.019096 0.327905 0.660204 0.362551 0.657790 1.000000
0.023243 -0.019029 0.328150 0.615626 0.366594 0.697576 1.000000
0.025511 -0.015459 0.322987 -0.546513 -0.607482 -0.576445 1.000000
0.022038 -0.018208 0.328600 -0.419278 -0.651053 -0.632721 1.000000
0.024941 -0.015564 0.323626 -0.478013 -0.648666 -0.592230 1.000000
0.024856 -0.015889 0.324081 -0.469606 -0.654929 -0.592062 1.000000
0.024750 -0.015086 0.323241 -0.403064 -0.681520 -0.610794 1.000000
0.024112 -0.015057 0.323573 -0.250434 -0.772491 -0.583559 1.000000
0.022349 -0.019259 0.328991 0.519968 0.381923 0.764047 1.000000
0.020894 -0.019881 0.330352 -0.456250 -0.467154 -0.757366 1.000000
0.018807 -0.009335 0.323540 0.607462 -0.244033 0.755935 1.000000
0.018330 -0.009422 0.323925 0.593553 -0.257199 0.762590 1.000000
0.018978 -0.007763 0.323650 0.668465 -0.133019 0.731752 1.000000
0.017810 -0.010200 0.324003 0.553899 -0.333545 0.762852 1.000000
0.018618 -0.007940 0.323993 0.648627 -0.150863 0.746005 1.000000
0.017096 -0.010242 0.324492 0.494572 -0.359507 0.791298 1.000000
0.016919 -0.010765 0.324300 0.495018 -0.389669 0.776605 1.000000
0.016610 -0.010107 0.324817 0.527918 -0.329145 0.782921 1.000000
0.012895 -0.016669 0.325411 -0.321389 -0.150888 -0.934849 1.000000
0.017863 -0.010839 0.323628 -0.550100 0.433990 -0.713473 1.000000
0.015971 -0.007627 0.325910 0.493836 -0.288644 0.820250 1.000000
0.015511 -0.007335 0.326329 0.496271 -0.325173 0.804971 1.000000
0.015352 -0.006988 0.326566 0.508073 -0.295908 0.808888 1.000000
0.014411 -0.009910 0.326132 0.393287 -0.194477 0.898612 1.000000
0.014872 -0.007794 0.326501 0.474692 -0.365187 0.800816 1.000000
0.014982 -0.006936 0.326862 0.495479 -0.277212 0.823197 1.000000
0.014474 -0.007336 0.326979 0.461831 -0.358912 0.811107 1.000000
0.013381 -0.008823 0.326891 0.360153 -0.336280 0.870176 1.000000
0.015357 -0.009968 0.325717 0.474975 -0.256118 0.841904 1.000000
0.012799 -0.009782 0.326770 0.308793 -0.236546 0.921245 1.000000
0.014825 -0.010929 0.325704 0.485958 -0.265877 0.832559 1.000000
0.012909 -0.009169 0.326915 0.325780 -0.317702 0.890468 1.000000
0.012588 -0.008790 0.327219 0.363833 -0.373747 0.853193 1.000000
0.012264 -0.009182 0.327105 0.380285 -0.347424 0.857135 1.000000
0.022442 -0.017718 0.327778 -0.264207 -0.789324 -0.554222 1.000000
0.023448 -0.019038 0.327989 0.640857 0.364135 0.675801 1.000000
0.012295 -0.014711 0.325576 0.273315 -0.159662 0.948581 1.000000
0.013040 -0.015990 0.325425 -0.295826 -0.008349 -0.955205 1.000000
0.012180 -0.014163 0.325866 -0.283722 0.224852 -0.932171 1.000000
0.022097 -0.017285 0.327271 -0.164023 -0.786597 -0.595283 1.000000
0.013918 -0.009739 0.326370 0.379600 -0.189867 0.905458 1.000000
0.021358 -0.017393 0.327458 -0.135174 -0.819253 -0.557272 1.000000
0.012861 -0.013871 0.325689 0.295486 -0.240808 0.924499 1.000000
0.013102 -0.017244 0.325340 -0.280273 -0.276335 -0.919286 1.000000
0.012512 -0.010946 0.326651 0.248780 -0.216250 0.944110 1.000000
0.012525 -0.010293 0.326756 0.286966 -0.201958 0.936410 1.000000
0.014656 -0.007055 0.327025 0.469927 -0.304052 0.828686 1.000000
0.012855 -0.015519 0.325406 -0.310672 0.068940 -0.948014 1.000000
0.012425 -0.013926 0.325860 -0.281321 0.244786 -0.927867 1.000000
0.013081 -0.015008 0.325378 0.275299 -0.104954 0.955613 1.000000
0.011304 -0.010805 0.326973 -0.375248 0.239131 -0.895547 1.000000
0.012594 -0.013447 0.325896 -0.314278 0.228806 -0.921345 1.000000
0.010899 -0.009579 0.327694 0.449901 -0.342293 0.824879 1.000000
0.013305 -0.014289 0.325463 0.291901 -0.195592 0.936236 1.000000
0.013422 -0.013622 0.325595 0.319119 -0.200211 0.926325 1.000000
0.013782 -0.014071 0.325359 0.472961 -0.223278 0.852323 1.000000
0.013934 -0.013528 0.325404 0.559874 -0.180269 0.808730 1.000000
0.013145 -0.008617 0.327091 0.363894 -0.362771 0.857892 1.000000
0.011228 -0.008433 0.327956 -0.428013 0.362937 -0.827697 1.000000
0.012691 -0.014630 0.325445 0.268749 -0.154652 0.950714 1.000000
0.012800 -0.016238 0.325468 -0.320959 -0.060320 -0.945170 1.000000
0.013618 -0.016178 0.325272 0.310415 0.110842 0.944117 1.000000
0.014324 -0.013244 0.325201 0.729145 -0.198680 0.654884 1.000000
0.012608 -0.011708 0.326423 0.301603 -0.303148 0.903956 1.000000
0.016166 -0.008610 0.325582 0.499710 -0.207709 0.840920 1.000000
0.015345 -0.010485 0.325555 0.503523 -0.291870 0.813189 1.000000
0.013349 -0.011346 0.326268 0.343303 -0.304758 0.888406 1.000000
0.017254 -0.008568 0.324916 0.527243 -0.236853 0.816037 1.000000
0.014572 -0.008706 0.326302 0.422988 -0.274820 0.863455 1.000000
0.013057 -0.013202 0.325777 0.313561 -0.196638 0.928985 1.000000
0.013718 -0.013070 0.325614 0.434283 -0.212659 0.875314 1.000000
0.014193 -0.013891 0.325095 0.740736 -0.145728 0.655800 1.000000
0.013479 -0.012677 0.325759 0.320709 -0.257784 0.911424 1.000000
0.014177 -0.012963 0.325417 0.536973 -0.233642 0.810600 1.000000
0.014617 -0.012598 0.325160 0.603619 -0.349916 0.716382 1.000000
0.013794 -0.014568 0.325320 0.457335 -0.112146 0.882195 1.000000
0.012052 -0.012434 0.326351 0.310604 -0.260998 0.914005 1.000000
0.012815 -0.012196 0.326110 0.328030 -0.304027 0.894407 1.000000
0.014240 -0.014414 0.325167 -0.669928 0.112212 -0.733897 1.000000
0.013692 -0.012185 0.325817 0.369499 -0.304978 0.877758 1.000000
0.012705 -0.012842 0.325933 0.328007 -0.252288 0.910364 1.000000
0.012056 -0.011581 0.326599 0.262425 -0.257434 0.929979 1.000000
0.011391 -0.011300 0.326716 -0.305737 0.248894 -0.919009 1.000000
0.011606 -0.010198 0.327013 0.396066 -0.270682 0.877418 1.000000
0.012448 -0.009219 0.326969 0.346314 -0.326631 0.879420 1.000000
0.011961 -0.011019 0.326731 -0.284697 0.248794 -0.925770 1.000000
0.012281 -0.010527 0.326746 0.289805 -0.219689 0.931531 1.000000
0.012465 -0.009669 0.326822 0.308170 -0.268211 0.912740 1.000000
0.012489 -0.008517 0.327387 0.369899 -0.376468 0.849380 1.000000
0.016536 -0.006910 0.325880 0.504525 -0.284135 0.815305 1.000000
0.013376 -0.010036 0.326545 0.329221 -0.188269 0.925294 1.000000
0.014543 -0.010618 0.325913 0.431681 -0.217588 0.875390 1.000000
0.014272 -0.011662 0.325796 0.427615 -0.306755 0.850321 1.000000
0.012210 -0.012034 0.326455 0.299470 -0.281138 0.911745 1.000000
0.014347 -0.014301 0.324898 0.829120 -0.218736 0.514504 1.000000
0.021597 -0.016663 0.326681 0.090066 0.703573 0.704892 1.000000
0.017069 -0.018275 0.327741 0.437334 -0.790701 -0.428405 1.000000
0.015541 -0.018464 0.326216 0.266254 -0.826055 -0.496730 1.000000
0.016490 -0.018236 0.326058 -0.291358 0.860394 0.418130 1.000000
0.016143 -0.017822 0.325598 -0.170365 0.674249 0.718585 1.000000
0.016858 -0.017802 0.325771 -0.326456 0.666074 0.670651 1.000000
0.016832 -0.016881 0.325286 -0.247427 0.528120 0.812324 1.000000
0.017103 -0.017502 0.325689 -0.387722 0.600369 0.699449 1.000000
0.016774 -0.017364 0.325517 -0.270172 0.543694 0.794609 1.000000
0.017102 -0.018116 0.326401 0.335619 -0.893509 -0.298332 1.000000
0.017313 -0.016611 0.325342 -0.320995 0.592902 0.738532 1.000000
0.017463 -0.017004 0.325697 -0.443717 0.543027 0.712907 1.000000
0.017509 -0.016251 0.325101 0.247477 -0.692762 -0.677374 1.000000
0.018041 -0.016083 0.325012 0.222033 -0.836303 -0.501296 1.000000
0.016188 -0.019144 0.328141 0.520397 -0.668656 -0.531118 1.000000
0.016339 -0.019350 0.328512 0.511377 -0.673353 -0.533938 1.000000
0.019433 -0.016786 0.326742 0.183490 -0.897641 -0.400715 1.000000
0.020319 -0.017539 0.328497 -0.185211 -0.869984 -0.456974 1.000000
0.010701 -0.009205 0.327971 -0.449751 0.353202 -0.820349 1.000000
0.011150 -0.009444 0.327672 0.448223 -0.351565 0.821887 1.000000
0.011068 -0.009127 0.327855 0.440731 -0.355281 0.824337 1.000000
0.010935 -0.009877 0.327610 -0.444524 0.316897 -0.837839 1.000000
0.024427 -0.019027 0.326930 0.688458 0.400215 0.604858 1.000000
0.020046 -0.008076 0.322697 0.688144 -0.097575 0.718983 1.000000
0.019955 -0.009354 0.322545 0.646849 -0.232301 0.726377 1.000000
0.019439 -0.009668 0.322955 0.651762 -0.280339 0.704710 1.000000
0.019568 -0.009342 0.322919 0.662591 -0.250577 0.705822 1.000000
0.019688 -0.008537 0.322982 0.671745 -0.116582 0.731551 1.000000
0.019250 -0.009037 0.323272 0.643287 -0.197006 0.739845 1.000000
0.019186 -0.009694 0.323169 0.630641 -0.276396 0.725188 1.000000
0.019304 -0.008514 0.323336 0.656278 -0.118265 0.745193 1.000000
0.023057 -0.019386 0.328536 -0.582423 -0.367288 -0.725178 1.000000
0.018770 -0.009756 0.323411 0.602409 -0.283448 0.746164 1.000000
0.018929 -0.008914 0.323583 0.626191 -0.181738 0.758193 1.000000
0.018834 -0.008445 0.323743 0.642088 -0.135316 0.754595 1.000000
0.018383 -0.009739 0.323716 0.584836 -0.298242 0.754333 1.000000
0.018526 -0.009063 0.323874 0.609538 -0.205674 0.765612 1.000000
0.018478 -0.008457 0.324035 0.623664 -0.144981 0.768130 1.000000
0.018234 -0.008760 0.324167 0.604614 -0.187043 0.774246 1.000000
0.017918 -0.009075 0.324334 0.567708 -0.225737 0.791676 1.000000
0.017949 -0.009614 0.324168 0.569303 -0.269413 0.776730 1.000000
0.017339 -0.009580 0.324542 0.512004 -0.270407 0.815311 1.000000
0.021842 -0.017889 0.328282 -0.260042 -0.804689 -0.533717 1.000000
0.016851 -0.009531 0.324849 0.525990 -0.264262 0.808394 1.000000
0.021261 -0.018634 0.329377 0.415903 0.541154 0.730874 1.000000
0.020924 -0.019091 0.329918 0.473641 0.450987 0.756489 1.000000
0.021444 -0.018350 0.329170 0.387671 0.614227 0.687340 1.000000
0.020670 -0.018243 0.329379 -0.327192 -0.679793 -0.656374 1.000000
0.020838 -0.018891 0.329829 0.436359 0.490597 0.754258 1.000000
0.020538 -0.017893 0.328959 -0.248054 -0.811939 -0.528417 1.000000
0.020609 -0.019143 0.330055 0.451857 0.506877 0.734099 1.000000
0.020117 -0.018502 0.329925 0.247706 0.653792 0.714981 1.000000
0.020179 -0.018303 0.329625 -0.227231 -0.716697 -0.659326 1.000000
0.019968 -0.019118 0.330426 0.237765 0.528819 0.814750 1.000000
0.020186 -0.018777 0.330089 0.317679 0.589226 0.742895 1.000000
0.014242 -0.009256 0.326341 0.389625 -0.226475 0.892693 1.000000
0.013635 -0.010156 0.326391 0.364920 -0.187032 0.912059 1.000000
0.012995 -0.011254 0.326445 0.297920 -0.258463 0.918934 1.000000
0.013309 -0.009692 0.326612 0.338567 -0.229833 0.912441 1.000000
0.013073 -0.010705 0.326555 0.297506 -0.195618 0.934464 1.000000
0.013175 -0.010195 0.326600 0.307195 -0.179929 0.934482 1.000000
0.012956 -0.007609 0.327560 0.376294 -0.347551 0.858843 1.000000
0.012564 -0.007307 0.327819 -0.371773 0.344458 -0.862052 1.000000
0.012273 -0.008417 0.327537 0.393201 -0.382032 0.836328 1.000000
0.012026 -0.009987 0.326928 0.377942 -0.254860 0.890060 1.000000
0.012043 -0.009512 0.327026 0.411758 -0.326201 0.850910 1.000000
0.012059 -0.007782 0.327858 -0.398582 0.372504 -0.838077 1.000000
0.011880 -0.009079 0.327404 0.426058 -0.374368 0.823604 1.000000
0.011722 -0.008227 0.327839 -0.412988 0.380596 -0.827398 1.000000
0.011418 -0.008861 0.327771 0.437909 -0.354096 0.826348 1.000000
0.013570 -0.006980 0.327579 0.396145 -0.305282 0.865952 1.000000
0.018259 -0.018988 0.329456 0.464732 -0.673968 -0.574275 1.000000
0.021388 -0.009218 0.321039 0.686897 -0.085381 0.721722 1.000000
0.021940 -0.012255 0.320460 0.045249 0.223828 0.973578 1.000000
0.021608 -0.009976 0.320731 0.630657 -0.064633 0.773366 1.000000
0.021137 -0.009799 0.321319 0.686639 -0.085445 0.721960 1.000000
0.020642 -0.009670 0.321793 0.662218 -0.180031 0.727363 1.000000
0.021433 -0.010748 0.320685 0.465436 -0.393294 0.792899 1.000000
0.021341 -0.012298 0.320559 0.236992 0.268502 0.933671 1.000000
0.020962 -0.010836 0.321141 0.523100 -0.535922 0.662687 1.000000
0.016639 -0.014997 0.323490 -0.278644 -0.790455 -0.545470 1.000000
0.020593 -0.010344 0.321624 0.553324 -0.330393 0.764639 1.000000
0.016411 -0.015023 0.323763 -0.243288 -0.771650 -0.587679 1.000000
0.020925 -0.012572 0.320878 0.352453 0.323063 0.878298 1.000000
0.021408 -0.011686 0.320349 0.268369 -0.068532 0.960875 1.000000
0.021094 -0.011417 0.320368 0.322095 -0.293271 0.900137 1.000000
0.020658 -0.011044 0.321176 0.516874 -0.556512 0.650489 1.000000
0.019612 -0.010311 0.322274 0.551099 -0.431605 0.714148 1.000000
0.020388 -0.013043 0.321310 0.251475 0.353480 0.901006 1.000000
0.020891 -0.011606 0.320544 0.421073 -0.260869 0.868703 1.000000
0.019623 -0.010593 0.322099 0.523455 -0.459972 0.717231 1.000000
0.020595 -0.012048 0.320745 0.456370 0.012751 0.889699 1.000000
0.020506 -0.011428 0.320842 0.537583 -0.402946 0.740702 1.000000
0.019750 -0.012681 0.321366 -0.343300 -0.151269 -0.926964 1.000000
0.019983 -0.011395 0.321387 0.517167 -0.475277 0.711793 1.000000
0.020184 -0.012315 0.321115 0.432464 -0.000250 0.901651 1.000000
0.020148 -0.011785 0.320944 0.559331 -0.340615 0.755731 1.000000
0.019531 -0.011481 0.321681 0.494652 -0.418578 0.761651 1.000000
0.020498 -0.011735 0.320621 0.527191 -0.319870 0.787244 1.000000
0.019469 -0.012280 0.321392 0.378533 -0.133737 0.915875 1.000000
0.019047 -0.011320 0.322114 0.540942 -0.487067 0.685673 1.000000
0.018383 -0.010840 0.323045 -0.606868 0.481529 -0.632330 1.000000
0.018400 -0.011315 0.322708 0.632641 -0.515443 0.578000 1.000000
0.017931 -0.011264 0.323253 0.579940 -0.473122 0.663193 1.000000
0.019007 -0.012788 0.321494 0.233368 0.017778 0.972226 1.000000
0.018495 -0.011829 0.322134 0.526149 -0.519966 0.672906 1.000000
0.016756 -0.010383 0.324584 0.501144 -0.362875 0.785606 1.000000
0.018247 -0.012160 0.322013 0.491162 -0.556162 0.670405 1.000000
0.017745 -0.011775 0.323185 0.581854 -0.529272 0.617508 1.000000
0.018706 -0.012465 0.321595 0.342083 -0.261053 0.902680 1.000000
0.017535 -0.012143 0.322968 0.550196 -0.608821 0.571507 1.000000
0.017396 -0.011907 0.323401 0.555238 -0.536728 0.635322 1.000000
0.014798 -0.014197 0.323432 0.824494 -0.135956 0.549296 1.000000
0.022771 -0.007161 0.320035 0.749511 -0.089033 0.655977 1.000000
0.017935 -0.012359 0.322231 0.504074 -0.603452 0.617863 1.000000
0.017455 -0.012463 0.322621 0.502789 -0.646816 0.573439 1.000000
0.016980 -0.012237 0.323285 0.458935 -0.667181 0.586727 1.000000
0.014379 -0.014415 0.323808 0.883838 -0.123678 0.451147 1.000000
0.017083 -0.012882 0.322286 0.478180 -0.481420 0.734561 1.000000
0.015121 -0.010709 0.325595 0.506695 -0.275028 0.817080 1.000000
0.017642 -0.012577 0.322288 0.544981 -0.565565 0.618976 1.000000
0.015466 -0.012572 0.324198 0.637742 -0.568751 0.519430 1.000000
0.016063 -0.012249 0.323928 0.565819 -0.568303 0.597395 1.000000
0.015662 -0.012821 0.323506 0.608619 -0.640588 0.468220 1.000000
0.015348 -0.013046 0.323678 0.679943 -0.575849 0.453955 1.000000
0.014970 -0.013140 0.324338 0.759890 -0.457890 0.461415 1.000000
0.015505 -0.013095 0.323260 0.667208 -0.656894 0.351175 1.000000
0.014601 -0.012849 0.324869 0.702587 -0.399296 0.589011 1.000000
0.015229 -0.013363 0.323406 0.767111 -0.524639 0.369182 1.000000
0.014665 -0.013471 0.324418 0.811187 -0.375740 0.448102 1.000000
0.015437 -0.013392 0.322809 0.704822 -0.560075 0.435364 1.000000
0.013249 -0.012444 0.325852 0.320232 -0.292485 0.901057 1.000000
0.018586 -0.009508 0.323642 0.600055 -0.265447 0.754634 1.000000
0.012365 -0.012522 0.326051 0.342861 -0.273826 0.898591 1.000000
0.014366 -0.014395 0.325100 0.775180 -0.095795 0.624435 1.000000
0.022355 -0.019063 0.328862 0.527094 0.376062 0.762069 1.000000
0.016025 -0.012811 0.323106 0.479136 -0.749377 0.457016 1.000000
0.020375 -0.011200 0.321293 0.536300 -0.517495 0.666769 1.000000
0.024715 -0.010451 0.316379 0.764904 0.627236 0.146617 1.000000
0.017750 -0.013320 0.321553 0.229474 -0.067829 0.970948 1.000000
0.017688 -0.017897 0.327027 0.458792 -0.874606 -0.156765 1.000000
0.021362 -0.014178 0.322021 -0.016708 -0.806478 -0.591029 1.000000
0.021117 -0.013630 0.321460 0.125176 0.663589 0.737551 1.000000
0.015978 -0.015125 0.323952 0.164153 0.695355 0.699668 1.000000
0.016084 -0.015874 0.324452 0.046124 0.558404 0.828286 1.000000
0.018514 -0.015218 0.322938 0.027609 -0.777562 -0.628200 1.000000
0.017755 -0.015128 0.322901 -0.091600 -0.771075 -0.630121 1.000000
0.018239 -0.015495 0.323260 -0.013311 -0.869044 -0.494556 1.000000
0.019338 -0.013582 0.321543 0.072316 0.368808 0.926688 1.000000
0.016858 -0.013986 0.322111 0.153362 0.453213 0.878110 1.000000
0.017627 -0.014737 0.322674 -0.078673 -0.717672 -0.691923 1.000000
0.017388 -0.013727 0.321731 0.244256 0.313041 0.917793 1.000000
0.016550 -0.013452 0.321985 -0.302506 0.412781 -0.859129 1.000000
0.015911 -0.014724 0.323525 0.346955 0.617697 0.705742 1.000000
0.018815 -0.016536 0.326113 0.289344 -0.780450 -0.554237 1.000000
0.019613 -0.016348 0.326011 0.169748 -0.846161 -0.505171 1.000000
0.019208 -0.016703 0.326509 0.278560 -0.831454 -0.480718 1.000000
0.018417 -0.016395 0.325726 0.310997 -0.756396 -0.575453 1.000000
0.020059 -0.017689 0.328853 -0.068046 -0.854511 -0.514957 1.000000
0.020335 -0.017019 0.327285 -0.097584 -0.883222 -0.458690 1.000000
0.018603 -0.016031 0.325026 0.170478 -0.877629 -0.448000 1.000000
0.020041 -0.016008 0.325645 0.169800 -0.847302 -0.503236 1.000000
0.020757 -0.016321 0.326250 0.102855 -0.792255 -0.601459 1.000000
0.021689 -0.015551 0.325531 0.017954 -0.847619 -0.530302 1.000000
0.019151 -0.016167 0.325639 0.190159 -0.838005 -0.511457 1.000000
0.018229 -0.016887 0.326158 0.482771 -0.680852 -0.550793 1.000000
0.019831 -0.015919 0.325424 0.185214 -0.855801 -0.483012 1.000000
0.019183 -0.015664 0.324590 0.185004 -0.910719 -0.369275 1.000000
0.020796 -0.015404 0.324916 0.169528 -0.902056 -0.396932 1.000000
0.017793 -0.016538 0.325577 -0.383080 0.637873 0.668107 1.000000
0.016196 -0.017277 0.325257 -0.199090 0.520301 0.830451 1.000000
0.018652 -0.017006 0.326500 0.416289 -0.785132 -0.458553 1.000000
0.017633 -0.017942 0.326602 0.445738 -0.865130 -0.229930 1.000000
0.019464 -0.015867 0.325053 0.192459 -0.868625 -0.456564 1.000000
0.018055 -0.017461 0.326314 0.565256 -0.685308 -0.459172 1.000000
0.019565 -0.015550 0.324428 0.221513 -0.914733 -0.337928 1.000000
0.017328 -0.017637 0.325854 0.445601 -0.643841 -0.622020 1.000000
0.022272 -0.015028 0.323991 -0.050034 -0.911421 -0.408421 1.000000
0.020981 -0.017371 0.327596 -0.189286 -0.864489 -0.465650 1.000000
0.020007 -0.016937 0.327004 0.015861 -0.893532 -0.448719 1.000000
0.017879 -0.018935 0.329118 0.457040 -0.661196 -0.594923 1.000000
0.018629 -0.017361 0.326809 0.482803 -0.819309 -0.309247 1.000000
0.017046 -0.017992 0.325989 0.350002 -0.832974 -0.428548 1.000000
0.023546 -0.013939 0.321961 0.082772 -0.783561 -0.615776 1.000000
0.022024 -0.014203 0.321907 0.017562 -0.825883 -0.563568 1.000000
0.020256 -0.015441 0.324645 0.192494 -0.901269 -0.388150 1.000000
0.015240 -0.015338 0.324203 0.253812 0.582656 0.772070 1.000000
0.016975 -0.016226 0.324833 -0.171954 0.636894 0.751530 1.000000
0.016697 -0.015809 0.324394 0.041832 0.686891 0.725555 1.000000
0.026334 -0.018514 0.324271 0.651738 0.285745 0.702558 1.000000
0.025782 -0.018102 0.324588 0.759154 0.233165 0.607716 1.000000
0.025782 -0.015225 0.322542 -0.581580 -0.596500 -0.553130 1.000000
0.025061 -0.018012 0.325611 0.680629 0.292673 0.671630 1.000000
0.024667 -0.016640 0.325022 0.520695 0.569395 0.636134 1.000000
0.024244 -0.017312 0.325942 0.532869 0.538627 0.652635 1.000000
0.024370 -0.016406 0.325034 -0.426653 -0.651479 -0.627329 1.000000
0.023703 -0.017559 0.326606 0.561600 0.563038 0.606295 1.000000
0.023948 -0.017299 0.326183 0.538635 0.559441 0.629999 1.000000
0.024137 -0.016087 0.324804 -0.390256 -0.698170 -0.600215 1.000000
0.023375 -0.017221 0.326543 -0.506217 -0.622919 -0.596419 1.000000
0.023298 -0.018177 0.327645 0.583605 0.515289 0.627600 1.000000
0.022930 -0.019565 0.328752 -0.563464 -0.358657 -0.744227 1.000000
0.023200 -0.015089 0.323961 -0.170441 -0.846919 -0.503664 1.000000
0.023164 -0.017299 0.326777 -0.452983 -0.667233 -0.591275 1.000000
0.022933 -0.018236 0.328011 0.530400 0.505351 0.680659 1.000000
0.022526 -0.018384 0.328452 0.508523 0.496575 0.703432 1.000000
0.021634 -0.019703 0.329717 -0.524289 -0.387734 -0.758145 1.000000
0.022716 -0.017272 0.327039 -0.299750 -0.706712 -0.640866 1.000000
0.022317 -0.017957 0.328167 -0.343007 -0.698522 -0.628023 1.000000
0.022050 -0.017790 0.328115 -0.236380 -0.808887 -0.538356 1.000000
0.021003 -0.019091 0.329882 0.471000 0.443663 0.762445 1.000000
0.021357 -0.019155 0.329581 0.496285 0.416954 0.761479 1.000000
0.020875 -0.019647 0.329983 0.478904 0.470749 0.740976 1.000000
0.020685 -0.018519 0.329652 0.347130 0.601827 0.719239 1.000000
0.020567 -0.019988 0.330662 -0.363011 -0.435126 -0.823947 1.000000
0.021101 -0.019344 0.329882 0.492438 0.437338 0.752489 1.000000
0.020552 -0.019451 0.330278 0.423846 0.491937 0.760495 1.000000
0.019479 -0.007129 0.323276 0.695564 -0.136271 0.705423 1.000000
0.019455 -0.007897 0.323251 0.688373 -0.077274 0.721229 1.000000
0.019909 -0.019641 0.330864 -0.255742 -0.458439 -0.851134 1.000000
0.019203 -0.007145 0.323620 0.708467 -0.151061 0.689388 1.000000
0.020389 -0.019564 0.330557 -0.351591 -0.454119 -0.818633 1.000000
0.019017 -0.008124 0.323570 0.653803 -0.115937 0.747730 1.000000
0.018980 -0.006929 0.323901 0.695403 -0.173392 0.697388 1.000000
0.018519 -0.010436 0.323385 0.564181 -0.407935 0.717836 1.000000
0.018813 -0.007536 0.323868 0.678536 -0.155388 0.717944 1.000000
0.018499 -0.006955 0.324315 0.683097 -0.160623 0.712446 1.000000
0.018190 -0.009027 0.324162 0.599809 -0.204077 0.773680 1.000000
0.018261 -0.007462 0.324399 0.677204 -0.185372 0.712062 1.000000
0.018197 -0.008255 0.324274 0.633445 -0.162804 0.756467 1.000000
0.018107 -0.007142 0.324663 0.671651 -0.193930 0.715035 1.000000
0.017871 -0.008627 0.324449 0.589436 -0.198766 0.782980 1.000000
0.017496 -0.009195 0.324564 0.530151 -0.239666 0.813326 1.000000
0.017273 -0.010898 0.324025 0.537696 -0.399533 0.742467 1.000000
0.018002 -0.007937 0.324513 0.639145 -0.211873 0.739326 1.000000
0.017721 -0.007349 0.324995 0.615262 -0.238177 0.751482 1.000000
0.017365 -0.008757 0.324772 0.534563 -0.234191 0.812033 1.000000
0.017447 -0.008287 0.324856 0.546177 -0.237008 0.803441 1.000000
0.017373 -0.007542 0.325169 0.548858 -0.258947 0.794796 1.000000
0.016871 -0.009127 0.324973 0.528704 -0.240132 0.814131 1.000000
0.017233 -0.007091 0.325383 0.523441 -0.268843 0.808538 1.000000
0.016889 -0.008586 0.325109 0.506750 -0.228198 0.831342 1.000000
0.016953 -0.007947 0.325249 0.493511 -0.244980 0.834525 1.000000
0.016923 -0.007510 0.325409 0.498448 -0.276295 0.821712 1.000000
0.016227 -0.010973 0.324634 0.517531 -0.397576 0.757690 1.000000
0.016470 -0.008922 0.325323 0.517793 -0.225306 0.825305 1.000000
0.016669 -0.007073 0.325726 0.507552 -0.285942 0.812791 1.000000
0.016456 -0.008274 0.325445 0.497351 -0.220992 0.838930 1.000000
0.015980 -0.010915 0.324844 0.554398 -0.388596 0.735959 1.000000
0.016426 -0.007742 0.325579 0.491467 -0.272103 0.827297 1.000000
0.016196 -0.009486 0.325355 0.536129 -0.245182 0.807745 1.000000
0.016270 -0.007417 0.325824 0.493232 -0.291058 0.819761 1.000000
0.020198 -0.018114 0.329421 -0.155266 -0.781417 -0.604384 1.000000
0.016248 -0.006989 0.326034 0.496780 -0.300832 0.814070 1.000000
0.015997 -0.008240 0.325729 0.499932 -0.226372 0.835957 1.000000
0.015674 -0.007951 0.325982 0.485921 -0.273613 0.830070 1.000000
0.015160 -0.011193 0.325406 0.551187 -0.326037 0.768045 1.000000
0.015772 -0.006911 0.326357 0.503406 -0.334748 0.796572 1.000000
0.014893 -0.011320 0.325602 0.500752 -0.289597 0.815709 1.000000
0.015775 -0.007418 0.326148 0.499477 -0.317228 0.806157 1.000000
0.015726 -0.008652 0.325790 0.478347 -0.216630 0.851032 1.000000
0.015428 -0.009234 0.325842 0.441044 -0.200205 0.874870 1.000000
0.015244 -0.007736 0.326328 0.481945 -0.320568 0.815454 1.000000
0.015100 -0.006698 0.326908 0.496656 -0.264666 0.826610 1.000000
0.015132 -0.008349 0.326178 0.451589 -0.271573 0.849892 1.000000
0.014982 -0.007337 0.326665 0.484201 -0.352961 0.800604 1.000000
0.014864 -0.009095 0.326140 0.410900 -0.215126 0.885936 1.000000
0.019099 -0.017397 0.328224 0.234570 -0.895178 -0.378989 1.000000
0.014530 -0.007651 0.326777 0.462238 -0.365290 0.808021 1.000000
0.014527 -0.008233 0.326496 0.449904 -0.328587 0.830432 1.000000
0.014072 -0.006766 0.327418 0.425548 -0.242556 0.871823 1.000000
0.013778 -0.010955 0.326217 0.380389 -0.238629 0.893510 1.000000
0.014189 -0.008710 0.326505 0.407248 -0.290595 0.865854 1.000000
0.014245 -0.007162 0.327188 0.426874 -0.302686 0.852150 1.000000
0.014132 -0.007899 0.326885 0.439743 -0.365168 0.820535 1.000000
0.013893 -0.007770 0.327073 0.417728 -0.359988 0.834213 1.000000
0.013735 -0.009027 0.326633 0.373741 -0.281630 0.883743 1.000000
0.013820 -0.007391 0.327288 0.407680 -0.347499 0.844418 1.000000
0.013729 -0.008329 0.326907 0.400732 -0.348596 0.847286 1.000000
0.013334 -0.007369 0.327517 0.381103 -0.347718 0.856652 1.000000
0.013323 -0.007926 0.327254 0.383051 -0.352806 0.853698 1.000000
0.020438 -0.017377 0.327994 -0.196260 -0.891202 -0.408952 1.000000
0.012963 -0.007133 0.327756 -0.382314 0.323670 -0.865491 1.000000
0.012926 -0.008289 0.327305 0.368113 -0.372209 0.852029 1.000000
0.014208 -0.007529 0.327027 0.446958 -0.364316 0.817008 1.000000
0.026758 -0.018982 0.324053 0.699389 0.309973 0.644028 1.000000
0.027389 -0.019034 0.323370 0.773484 0.329460 0.541460 1.000000
0.025785 -0.018336 0.324713 0.759873 0.238286 0.604824 1.000000
0.026174 -0.018756 0.324512 0.672766 0.297231 0.677524 1.000000
0.027345 -0.018618 0.322829 0.811233 0.332385 0.481063 1.000000
0.027159 -0.018403 0.323018 0.811741 0.331930 0.480520 1.000000
0.024234 -0.018737 0.326891 0.688044 0.402620 0.603732 1.000000
0.026406 -0.019059 0.324447 -0.663638 -0.302525 -0.684151 1.000000
0.025528 -0.018906 0.325218 0.768008 0.295673 0.568103 1.000000
0.022754 -0.019177 0.328640 0.563083 0.385496 0.730979 1.000000
0.027359 -0.018273 0.322491 0.822037 0.345501 0.452641 1.000000
0.024196 -0.019309 0.327311 0.688670 0.379107 0.618071 1.000000
0.025983 -0.018432 0.324369 0.664195 0.289505 0.689225 1.000000
0.024805 -0.018209 0.325748 0.671969 0.338286 0.658802 1.000000
0.023095 -0.017480 0.327047 -0.463006 -0.663645 -0.587537 1.000000
0.023488 -0.016868 0.325888 -0.468563 -0.633654 -0.615574 1.000000
0.020930 -0.018004 0.328915 -0.289168 -0.776448 -0.559921 1.000000
0.021467 -0.017277 0.327224 -0.117535 -0.808880 -0.576107 1.000000
0.020992 -0.017077 0.327139 -0.138808 -0.801004 -0.582344 1.000000
0.020245 -0.017384 0.328072 -0.162052 -0.902750 -0.398474 1.000000
0.023568 -0.017809 0.326949 0.587414 0.562886 0.581467 1.000000
0.020670 -0.016858 0.326943 -0.062958 -0.839835 -0.539179 1.000000
0.021026 -0.016513 0.326486 0.068394 -0.768835 -0.635779 1.000000
0.026784 -0.015182 0.320571 0.784885 0.490694 0.378385 1.000000
0.019879 -0.016713 0.326722 0.103706 -0.880826 -0.461942 1.000000
0.021151 -0.015219 0.324410 0.103571 -0.946242 -0.306428 1.000000
0.020364 -0.016112 0.325796 0.150575 -0.822150 -0.548996 1.000000
0.020431 -0.015671 0.325205 0.203502 -0.864535 -0.459529 1.000000
0.020516 -0.015286 0.324385 0.175672 -0.922138 -0.344675 1.000000
0.020002 -0.015267 0.323899 0.200352 -0.922642 -0.329531 1.000000
0.025479 -0.018101 0.324997 0.775563 0.198712 0.599180 1.000000
0.022993 -0.014033 0.321800 0.128858 -0.788752 -0.601054 1.000000
0.020182 -0.016464 0.326193 0.116735 -0.836001 -0.536167 1.000000
0.023481 -0.017034 0.326208 -0.481587 -0.620547 -0.618866 1.000000
0.023890 -0.016334 0.325244 -0.418971 -0.670148 -0.612671 1.000000
0.023017 -0.016900 0.326469 -0.432113 -0.645271 -0.630003 1.000000
0.017976 -0.015716 0.324277 0.051802 -0.923970 -0.378940 1.000000
0.023513 -0.016324 0.325473 -0.449857 -0.671287 -0.589069 1.000000
0.021330 -0.014368 0.322337 0.003695 -0.860843 -0.508857 1.000000
0.023052 -0.016606 0.326148 -0.432336 -0.654146 -0.620628 1.000000
0.020976 -0.014041 0.321899 -0.066138 -0.756355 -0.650810 1.000000
0.021067 -0.013188 0.321171 0.194565 0.548662 0.813090 1.000000
0.020531 -0.014281 0.322193 -0.009526 -0.727826 -0.685696 1.000000
0.019893 -0.014518 0.322251 -0.040976 0.724195 0.688377 1.000000
0.019450 -0.013938 0.321815 0.018254 0.535730 0.844192 1.000000
0.019216 -0.014390 0.322192 -0.016124 0.669737 0.742423 1.000000
0.018920 -0.014020 0.321853 0.029549 0.533880 0.845044 1.000000
0.019929 -0.009823 0.322373 0.580808 -0.339497 0.739867 1.000000
0.019640 -0.011102 0.321880 0.479264 -0.484730 0.731672 1.000000
0.014056 -0.012427 0.325592 0.436314 -0.300955 0.847972 1.000000
0.014465 -0.013603 0.324661 0.831683 -0.281569 0.478562 1.000000
0.012166 -0.010865 0.326738 0.295447 -0.223987 0.928731 1.000000
0.019892 -0.008213 0.322851 0.676757 -0.095318 0.730010 1.000000
0.018388 -0.007802 0.324236 0.663856 -0.172564 0.727679 1.000000
0.014129 -0.015714 0.325038 0.444400 0.094379 0.890843 1.000000
0.023377 -0.018623 0.327877 0.629281 0.408489 0.661168 1.000000
0.022361 -0.013411 0.321034 -0.084962 0.572883 0.815222 1.000000
0.022149 -0.012906 0.320684 -0.043341 0.431548 0.901048 1.000000
0.021821 -0.013342 0.320989 0.073324 0.612261 0.787248 1.000000
0.020492 -0.013690 0.321652 0.107462 0.586797 0.802572 1.000000
0.020034 -0.013835 0.321743 0.030460 0.537317 0.842830 1.000000
0.016672 -0.015090 0.323742 -0.248365 -0.828300 -0.502229 1.000000
0.022665 -0.014560 0.322774 0.085845 -0.900742 -0.425786 1.000000
0.021887 -0.014876 0.323347 0.049352 -0.932087 -0.358856 1.000000
0.021310 -0.015014 0.323660 0.075578 -0.938354 -0.337313 1.000000
0.021587 -0.014652 0.322823 0.041788 -0.909059 -0.414567 1.000000
0.020080 -0.015606 0.324868 0.192160 -0.868295 -0.457317 1.000000
0.020710 -0.015069 0.323722 0.139738 -0.937425 -0.318916 1.000000
0.021004 -0.014786 0.323043 0.095248 -0.913497 -0.395538 1.000000
0.015320 -0.015032 0.323914 0.226496 0.542748 0.808779 1.000000
0.016191 -0.014489 0.322846 -0.328724 -0.718300 -0.613177 1.000000
0.018713 -0.015785 0.324660 0.165917 -0.917446 -0.361612 1.000000
0.015274 -0.014482 0.323332 0.441416 0.442112 0.780826 1.000000
0.014797 -0.015271 0.324162 0.542484 0.467719 0.697818 1.000000
0.015345 -0.013947 0.322704 0.827655 0.045296 0.559407 1.000000
0.021516 -0.013474 0.321176 -0.141325 -0.635896 -0.758725 1.000000
0.018733 -0.014860 0.322764 -0.035029 -0.724474 -0.688411 1.000000
0.014572 -0.014780 0.323704 0.641360 0.272977 0.717036 1.000000
0.018920 -0.015612 0.324265 0.160001 -0.926390 -0.340882 1.000000
0.014308 -0.015181 0.324131 0.724733 0.346200 0.595741 1.000000
0.014171 -0.014836 0.323770 0.895777 -0.029546 0.443521 1.000000
0.018875 -0.014622 0.322535 0.012361 0.704599 0.709498 1.000000
0.018083 -0.014638 0.322579 0.043457 0.681115 0.730885 1.000000
0.018478 -0.014132 0.322021 0.061585 0.624431 0.778648 1.000000
0.017184 -0.014629 0.322573 -0.237951 -0.688630 -0.684959 1.000000
0.015377 -0.016233 0.324720 0.182251 0.404920 0.896004 1.000000
0.016279 -0.014713 0.323394 -0.279826 -0.755100 -0.592892 1.000000
0.014729 -0.016411 0.324929 0.215685 0.312516 0.925102 1.000000
0.014647 -0.015756 0.324608 0.434566 0.461564 0.773376 1.000000
0.014251 -0.015359 0.324611 0.705494 0.232386 0.669533 1.000000
0.021454 -0.016315 0.326378 0.004318 -0.721450 -0.692453 1.000000
0.021285 -0.015925 0.325964 0.108682 -0.780679 -0.615409 1.000000
0.021988 -0.016051 0.326129 -0.137028 -0.730865 -0.668625 1.000000
0.020970 -0.015656 0.325467 0.145304 -0.836000 -0.529141 1.000000
0.021439 -0.015337 0.325035 0.034788 -0.920291 -0.389684 1.000000
0.021851 -0.015135 0.324470 -0.012148 -0.939855 -0.341358 1.000000
0.022177 -0.015319 0.324949 -0.118669 -0.898475 -0.422683 1.000000
0.022612 -0.016250 0.326093 -0.322572 -0.690715 -0.647194 1.000000
0.021792 -0.015027 0.323944 -0.045324 0.947274 0.317203 1.000000
0.022154 -0.014745 0.323127 0.048432 -0.925431 -0.375809 1.000000
0.022414 -0.015914 0.325875 -0.267890 -0.748058 -0.607160 1.000000
0.019178 -0.016963 0.326911 0.266538 -0.876420 -0.401056 1.000000
0.018007 -0.017753 0.326699 0.525909 -0.819558 -0.227473 1.000000
0.017536 -0.017854 0.326218 0.460789 -0.818525 -0.343060 1.000000
0.020689 -0.017173 0.327415 -0.155044 -0.851711 -0.500550 1.000000
0.019479 -0.016593 0.326427 0.211738 -0.846982 -0.487635 1.000000
0.024755 -0.019153 0.326564 0.729425 0.372650 0.573648 1.000000
0.025454 -0.019255 0.325543 0.766597 0.290118 0.572852 1.000000
0.022537 -0.014689 0.323104 0.047162 -0.920200 -0.388597 1.000000
0.013445 -0.017957 0.325558 -0.071496 -0.471687 -0.878863 1.000000
0.027609 -0.018499 0.322547 0.819827 0.335495 0.464034 1.000000
0.027727 -0.017726 0.321895 0.806240 0.359547 0.469790 1.000000
0.027413 -0.018874 0.323174 0.792703 0.321546 0.517909 1.000000
0.027464 -0.017991 0.322419 0.815856 0.349675 0.460550 1.000000
0.027296 -0.018237 0.322767 0.818332 0.344662 0.459935 1.000000
0.027479 -0.017008 0.321615 0.798272 0.429099 0.422654 1.000000
0.027210 -0.019035 0.323670 0.762383 0.336830 0.552556 1.000000
0.027304 -0.017406 0.322262 0.807304 0.359090 0.468310 1.000000
0.027144 -0.018490 0.323300 0.797218 0.331273 0.504679 1.000000
0.027212 -0.016776 0.321877 0.794374 0.409390 0.448742 1.000000
0.027101 -0.017712 0.322934 0.815495 0.345957 0.463984 1.000000
0.026902 -0.018669 0.323861 0.738323 0.309790 0.599090 1.000000
0.027050 -0.016277 0.321723 0.802078 0.447325 0.395691 1.000000
0.026855 -0.018066 0.323636 0.766393 0.329706 0.551303 1.000000
0.026986 -0.017062 0.322448 0.788331 0.401642 0.466067 1.000000
0.026811 -0.016534 0.322254 0.778437 0.418723 0.467660 1.000000
0.026609 -0.018885 0.324222 -0.668524 -0.296794 -0.681901 1.000000
0.026779 -0.015756 0.321689 0.796054 0.488936 0.356706 1.000000
0.026724 -0.017348 0.323253 0.779936 0.387258 0.491662 1.000000
0.026562 -0.018241 0.324065 -0.665506 -0.276967 -0.693103 1.000000
0.026675 -0.016829 0.322777 0.763967 0.428301 0.482611 1.000000
0.026586 -0.015828 0.322109 0.762504 0.459883 0.455077 1.000000
0.026487 -0.016270 0.322634 0.739634 0.457636 0.493467 1.000000
0.026440 -0.017700 0.323940 0.700887 0.308607 0.643054 1.000000
0.026348 -0.016869 0.323356 0.728708 0.449787 0.516407 1.000000
0.026116 -0.018073 0.324295 0.653329 0.281357 0.702851 1.000000
0.025902 -0.018835 0.324909 0.749400 0.291236 0.594627 1.000000
0.026178 -0.017162 0.323841 0.700948 0.407314 0.585464 1.000000
0.026040 -0.015033 0.322015 0.668823 0.564327 0.483953 1.000000
0.026135 -0.015991 0.322890 0.678692 0.507195 0.531159 1.000000
0.025818 -0.016021 0.323263 0.639309 0.532920 0.554329 1.000000
0.026033 -0.016420 0.323413 0.675620 0.500862 0.540994 1.000000
0.025993 -0.015581 0.322699 0.631774 0.555132 0.541008 1.000000
0.025398 -0.018700 0.325453 0.779794 0.259512 0.569715 1.000000
0.025996 -0.017436 0.324204 0.706435 0.278888 0.650516 1.000000
0.025699 -0.017825 0.324683 0.777453 0.221906 0.588494 1.000000
0.025861 -0.016733 0.323910 0.667008 0.486664 0.564144 1.000000
0.025931 -0.014644 0.321660 0.639837 0.613949 0.462251 1.000000
0.025649 -0.016175 0.323629 0.621213 0.543720 0.564325 1.000000
0.025548 -0.018397 0.325214 0.790971 0.222639 0.569909 1.000000
0.025587 -0.017113 0.324516 0.713666 0.378693 0.589298 1.000000
0.026083 -0.011973 0.315819 0.717418 0.693702 0.063943 1.000000
0.025260 -0.018885 0.325811 0.754661 0.301794 0.582587 1.000000
0.025328 -0.017788 0.325267 0.730560 0.320203 0.603118 1.000000
0.027753 -0.018969 0.322830 0.801455 0.331813 0.497564 1.000000
0.025068 -0.019069 0.326311 0.736999 0.318810 0.595980 1.000000
0.024159 -0.008968 0.316748 0.997302 0.035587 0.064201 1.000000
0.026363 -0.015296 0.321942 0.718907 0.523219 0.457619 1.000000
0.024064 -0.009477 0.316422 0.972654 0.228661 0.040729 1.000000
0.026276 -0.015613 0.322397 0.694964 0.509826 0.507053 1.000000
0.023978 -0.009695 0.316863 0.968755 0.247127 -0.021028 1.000000
0.023999 -0.009859 0.316413 0.947516 0.318442 0.028423 1.000000
0.025518 -0.016678 0.324279 0.632920 0.511388 0.581287 1.000000
0.025408 -0.016277 0.324010 0.606047 0.562091 0.562814 1.000000
0.025302 -0.017342 0.325051 0.662204 0.426016 0.616438 1.000000
0.025175 -0.015432 0.323277 -0.512461 -0.629673 -0.583862 1.000000
0.024850 -0.018472 0.326125 0.698960 0.370875 0.611479 1.000000
0.025039 -0.016813 0.324835 0.567771 0.535861 0.624892 1.000000
0.024913 -0.017302 0.325340 0.610802 0.449252 0.651992 1.000000
0.025145 -0.014954 0.322799 -0.462416 -0.659192 -0.592990 1.000000
0.024579 -0.018905 0.326687 0.694484 0.407326 0.593108 1.000000
0.024587 -0.017801 0.325936 0.589343 0.461282 0.663244 1.000000
0.024724 -0.016422 0.324764 0.490879 0.608486 0.623524 1.000000
0.024853 -0.014871 0.322927 -0.358065 -0.712939 -0.602915 1.000000
0.024222 -0.019024 0.327144 0.690161 0.403586 0.600663 1.000000
0.024067 -0.017761 0.326456 0.618858 0.479054 0.622512 1.000000
0.024394 -0.018428 0.326565 0.668640 0.421883 0.612320 1.000000
0.023719 -0.018555 0.327463 0.680969 0.427576 0.594525 1.000000
0.023953 -0.018384 0.326990 0.673427 0.439817 0.594186 1.000000
0.024004 -0.019197 0.327539 0.694078 0.375869 0.613986 1.000000
0.023599 -0.018384 0.327491 0.668362 0.440832 0.599132 1.000000
0.023634 -0.018144 0.327223 0.639409 0.510203 0.575195 1.000000
0.023046 -0.018074 0.327833 0.542608 0.540291 0.643166 1.000000
0.027580 -0.017372 0.321825 0.810856 0.369568 0.453797 1.000000
0.023747 -0.014735 0.323251 -0.118311 -0.850454 -0.512572 1.000000
0.023309 -0.018793 0.328031 0.620452 0.386015 0.682665 1.000000
0.023374 -0.019494 0.328290 -0.622989 -0.352987 -0.698058 1.000000
0.027075 -0.018060 0.323208 0.813703 0.355647 0.459785 1.000000
0.023263 -0.017808 0.327291 -0.564298 -0.586570 -0.580951 1.000000
0.022956 -0.018675 0.328276 0.574464 0.406432 0.710495 1.000000
0.022885 -0.017888 0.327741 -0.485575 -0.637162 -0.598532 1.000000
0.022505 -0.019528 0.329028 -0.533626 -0.368317 -0.761305 1.000000
0.026038 -0.019078 0.324921 0.739808 0.305126 0.599652 1.000000
0.022162 -0.019344 0.329161 -0.523647 -0.368340 -0.768192 1.000000
0.022554 -0.018884 0.328658 0.549813 0.405859 0.730058 1.000000
0.026370 -0.016492 0.323019 0.714461 0.479373 0.509655 1.000000
0.027283 -0.014218 0.318880 -0.666334 -0.474830 -0.574923 1.000000
0.022132 -0.018504 0.328790 0.487963 0.502304 0.713851 1.000000
0.022356 -0.015650 0.325529 -0.259984 -0.813082 -0.520871 1.000000
0.021626 -0.018444 0.329095 0.456113 0.489970 0.742894 1.000000
0.026573 -0.014081 0.319860 0.693373 0.460380 0.554332 1.000000
0.025236 -0.018398 0.325636 0.770148 0.244069 0.589324 1.000000
0.021413 -0.018406 0.329218 0.391829 0.583395 0.711421 1.000000
0.021254 -0.019964 0.330099 -0.505511 -0.425412 -0.750655 1.000000
0.025123 -0.016443 0.324422 0.560572 0.577155 0.593845 1.000000
0.024813 -0.016898 0.325110 0.529644 0.560198 0.636910 1.000000
0.024815 -0.017652 0.325580 0.628829 0.408116 0.661827 1.000000
0.024962 -0.016533 0.324654 0.528392 0.594592 0.606022 1.000000
0.024480 -0.017246 0.325638 0.528689 0.520974 0.670129 1.000000
0.024307 -0.017881 0.326299 0.625469 0.462009 0.628758 1.000000
0.023883 -0.016848 0.325729 0.479857 0.613792 0.626894 1.000000
0.022634 -0.019329 0.328828 -0.539589 -0.375861 -0.753374 1.000000
0.021941 -0.018866 0.329046 0.478812 0.432347 0.764078 1.000000
0.021785 -0.019344 0.329344 -0.518247 -0.373492 -0.769366 1.000000
0.019278 -0.010264 0.322745 0.652358 -0.406823 0.639472 1.000000
0.019572 -0.010149 0.322526 -0.586117 0.398483 -0.705463 1.000000
0.021919 -0.019658 0.329452 -0.519596 -0.377386 -0.766550 1.000000
0.021470 -0.019017 0.329300 0.478131 0.429831 0.765921 1.000000
0.018793 -0.010529 0.323150 0.596245 -0.464913 0.654483 1.000000
0.018572 -0.010657 0.323227 0.594921 -0.463012 0.657030 1.000000
0.017597 -0.010067 0.324260 0.530558 -0.319323 0.785201 1.000000
0.017302 -0.010475 0.324292 0.506539 -0.362419 0.782349 1.000000
0.016233 -0.010006 0.325161 0.542572 -0.322534 0.775621 1.000000
0.015817 -0.010001 0.325451 0.514913 -0.297273 0.804048 1.000000
0.015622 -0.010328 0.325452 0.530251 -0.315690 0.786876 1.000000
0.014771 -0.010368 0.325870 -0.428724 0.211449 -0.878342 1.000000
0.022750 -0.017568 0.327411 -0.425109 -0.684781 -0.591910 1.000000
0.022945 -0.019076 0.328386 0.579736 0.379677 0.720938 1.000000
0.013779 -0.010379 0.326338 0.363256 -0.185561 0.913024 1.000000
0.022243 -0.018150 0.328436 0.390338 0.648137 0.653877 1.000000
0.021902 -0.017590 0.327769 -0.172243 -0.835325 -0.522077 1.000000
0.021302 -0.017729 0.328185 -0.237684 -0.863307 -0.445205 1.000000
0.020908 -0.017551 0.327995 -0.235728 -0.872986 -0.426999 1.000000
0.023934 -0.018791 0.327317 0.692271 0.393900 0.604651 1.000000
0.023772 -0.018387 0.327255 0.680772 0.438517 0.586731 1.000000
0.025380 -0.017543 0.325221 0.730748 0.329409 0.597910 1.000000
0.025377 -0.018153 0.325456 0.779172 0.227078 0.584232 1.000000
0.019890 -0.017331 0.328144 -0.051071 -0.909497 -0.412561 1.000000
0.026944 -0.017398 0.322899 0.803774 0.367182 0.468107 1.000000
0.023989 -0.018014 0.326688 0.619127 0.477440 0.623485 1.000000
0.023033 -0.017815 0.327533 -0.479822 -0.629638 -0.611005 1.000000
0.024483 -0.014759 0.323013 -0.316316 -0.720258 -0.617392 1.000000
0.015307 -0.008890 0.325989 0.445278 -0.210758 0.870235 1.000000
0.014834 -0.009569 0.326051 0.407898 -0.202720 0.890238 1.000000
0.017714 -0.006551 0.325210 0.674352 -0.152253 0.722543 1.000000
0.017419 -0.006734 0.325388 0.578140 -0.217440 0.786431 1.000000
0.013657 -0.018900 0.326256 0.130417 -0.640637 -0.756687 1.000000
0.014110 -0.018623 0.326196 0.164597 -0.662432 -0.730815 1.000000
0.014223 -0.019000 0.326422 -0.176792 0.692888 0.699036 1.000000
0.014517 -0.018771 0.326390 -0.201323 0.737773 0.644329 1.000000
0.014837 -0.019094 0.326708 -0.267587 0.748399 0.606874 1.000000
0.015547 -0.018582 0.326528 0.280554 -0.843831 -0.457426 1.000000
0.015573 -0.019307 0.327422 0.543840 -0.691744 -0.475108 1.000000
0.015528 -0.019003 0.327032 -0.467869 0.736510 0.488521 1.000000
0.015850 -0.019110 0.327664 0.582664 -0.660883 -0.473008 1.000000
0.015867 -0.018700 0.327111 0.520266 -0.753083 -0.402727 1.000000
0.016328 -0.018334 0.326811 0.407383 -0.863589 -0.297073 1.000000
0.016327 -0.018493 0.327369 0.483436 -0.784782 -0.387824 1.000000
0.016717 -0.018236 0.327216 0.403356 -0.874400 -0.269684 1.000000
0.016239 -0.018822 0.327775 0.541531 -0.708349 -0.452754 1.000000
0.016815 -0.018369 0.327652 0.455458 -0.768232 -0.449865 1.000000
0.017288 -0.018028 0.327267 0.390579 -0.899359 -0.196474 1.000000
0.017193 -0.018114 0.327507 0.418155 -0.870228 -0.260482 1.000000
0.017697 -0.017903 0.327619 0.455923 -0.847279 -0.272493 1.000000
0.015776 -0.018991 0.327354 0.567831 -0.686187 -0.454660 1.000000
0.012056 -0.013985 0.325940 -0.291565 0.227296 -0.929153 1.000000
0.011839 -0.013326 0.326156 -0.345985 0.251008 -0.904041 1.000000
0.011619 -0.012771 0.326432 -0.322495 0.242125 -0.915081 1.000000
0.012227 -0.013645 0.325980 -0.303336 0.243497 -0.921247 1.000000
0.012151 -0.012894 0.326155 -0.348391 0.252098 -0.902812 1.000000
0.012411 -0.012190 0.326271 0.328521 -0.286639 0.899951 1.000000
0.011167 -0.010279 0.327311 -0.397731 0.303842 -0.865731 1.000000
0.024205 -0.008192 0.317317 0.969648 -0.048158 0.239716 1.000000
0.024083 -0.008113 0.317790 0.927025 -0.064294 0.369448 1.000000
0.024075 -0.007602 0.318030 0.907580 -0.076856 0.412786 1.000000
0.024118 -0.007085 0.318077 0.891017 -0.064070 0.449425 1.000000
0.023942 -0.008956 0.318133 0.920757 0.108742 0.374676 1.000000
0.023989 -0.006848 0.318404 0.859789 -0.043908 0.508758 1.000000
0.023894 -0.007360 0.318493 0.864759 -0.075146 0.496533 1.000000
0.023779 -0.007817 0.318652 0.856731 -0.065140 0.511634 1.000000
0.024183 -0.008799 0.317421 0.985587 -0.014735 0.168524 1.000000
0.023715 -0.008892 0.318593 0.874436 0.011931 0.484994 1.000000
0.023587 -0.007535 0.318956 0.831905 -0.055675 0.552118 1.000000
0.023723 -0.007075 0.318786 0.832500 -0.031560 0.553125 1.000000
0.024079 -0.009169 0.316960 0.997155 0.052232 0.054357 1.000000
0.023929 -0.008510 0.318255 0.904998 -0.037174 0.423788 1.000000
0.023376 -0.008483 0.319175 0.803264 -0.055164 0.593064 1.000000
0.023492 -0.009276 0.319058 0.759046 0.008056 0.650987 1.000000
0.023870 -0.009210 0.317992 0.942945 0.175688 0.282823 1.000000
0.023210 -0.010395 0.319827 0.707379 0.353089 0.612326 1.000000
0.023338 -0.007282 0.319337 0.789822 -0.034934 0.612340 1.000000
0.023239 -0.008798 0.319292 0.781441 -0.033513 0.623079 1.000000
0.023326 -0.008374 0.319235 0.788260 -0.054169 0.612954 1.000000
0.023259 -0.007854 0.319356 0.773175 -0.072010 0.630092 1.000000
0.023149 -0.009820 0.319195 0.739791 0.251500 0.624065 1.000000
0.022765 -0.010012 0.320044 0.651295 0.275156 0.707180 1.000000
0.023006 -0.007465 0.319712 0.754150 -0.085549 0.651106 1.000000
0.022983 -0.008036 0.319663 0.728527 -0.104099 0.677061 1.000000
0.022926 -0.009188 0.319621 0.738828 -0.029759 0.673237 1.000000
0.022903 -0.008612 0.319650 0.725761 -0.048717 0.686220 1.000000
0.027627 -0.013947 0.318720 -0.652416 -0.486808 -0.580837 1.000000
0.022892 -0.009838 0.319511 0.736217 0.278627 0.616727 1.000000
0.022882 -0.006909 0.319913 0.778400 -0.027556 0.627164 1.000000
0.022746 -0.007811 0.319957 0.732027 -0.115918 0.671342 1.000000
0.022543 -0.009613 0.320138 0.723135 0.091871 0.684569 1.000000
0.022602 -0.008336 0.319975 0.722675 -0.090689 0.685213 1.000000
0.022882 -0.009898 0.319215 0.738800 0.248443 0.626459 1.000000
0.022470 -0.010317 0.320426 0.510447 0.137063 0.848915 1.000000
0.022595 -0.008899 0.319908 0.733811 -0.008536 0.679300 1.000000
0.022538 -0.007449 0.320242 0.731140 -0.110771 0.673174 1.000000
0.027213 -0.015065 0.319809 0.734949 0.450143 0.507170 1.000000
0.022394 -0.007990 0.320273 0.730457 -0.127873 0.670881 1.000000
0.022313 -0.008583 0.320239 0.721514 -0.050345 0.690567 1.000000
0.022319 -0.009143 0.320231 0.725005 -0.000864 0.688743 1.000000
0.022146 -0.007174 0.320712 0.723023 -0.098013 0.683835 1.000000
0.021988 -0.010005 0.320618 0.611630 -0.024009 0.790779 1.000000
0.022122 -0.008263 0.320537 0.736731 -0.104485 0.668065 1.000000
0.022049 -0.008848 0.320550 0.703254 -0.041475 0.709727 1.000000
0.022148 -0.007684 0.320580 0.729329 -0.125460 0.672562 1.000000
0.021803 -0.007108 0.321063 0.677899 -0.074231 0.731398 1.000000
0.021833 -0.008503 0.320797 0.720181 -0.118342 0.683619 1.000000
0.021767 -0.009248 0.320818 0.686863 -0.054610 0.724732 1.000000
0.026913 -0.013670 0.319320 0.627780 0.483777 0.609797 1.000000
0.021797 -0.007989 0.320971 0.710146 -0.104862 0.696201 1.000000
0.026257 -0.014698 0.321258 0.727135 0.555864 0.402854 1.000000
0.021585 -0.008831 0.321018 0.703484 -0.101397 0.703441 1.000000
0.027174 -0.013289 0.318525 -0.662280 -0.612266 -0.431875 1.000000
0.026938 -0.013001 0.318153 0.675156 0.690940 0.258391 1.000000
0.021558 -0.007621 0.321272 0.679086 -0.089386 0.728596 1.000000
0.021399 -0.008420 0.321283 0.691571 -0.114128 0.713235 1.000000
0.021390 -0.009634 0.321081 0.672767 -0.054213 0.737866 1.000000
0.021246 -0.010086 0.321264 0.644837 -0.125915 0.753877 1.000000
0.021386 -0.007047 0.321443 0.656968 -0.086163 0.748979 1.000000
0.026586 -0.013722 0.319680 0.665293 0.496720 0.557364 1.000000
0.021221 -0.009004 0.321334 0.720258 -0.080940 0.688968 1.000000
0.021092 -0.007575 0.321650 0.701807 -0.059746 0.709857 1.000000
0.021050 -0.008522 0.321577 0.727079 -0.090753 0.680529 1.000000
0.020976 -0.009661 0.321466 0.690667 -0.118478 0.713402 1.000000
0.025978 -0.014324 0.321239 0.698932 0.582561 0.414869 1.000000
0.027185 -0.016931 0.322043 0.794168 0.411999 0.446715 1.000000
0.020587 -0.009974 0.321752 0.606211 -0.231686 0.760809 1.000000
0.020852 -0.009269 0.321724 0.727320 -0.120777 0.675587 1.000000
0.020716 -0.008407 0.321955 0.734658 -0.072729 0.674528 1.000000
0.020755 -0.007840 0.322004 0.726224 -0.061902 0.684666 1.000000
0.026014 -0.013313 0.319862 0.602023 0.593782 0.533845 1.000000
0.020440 -0.009564 0.322088 0.646938 -0.217929 0.730738 1.000000
0.020360 -0.008191 0.322376 0.701702 -0.075870 0.708419 1.000000
0.020088 -0.010175 0.322100 0.548531 -0.361234 0.754071 1.000000
0.020328 -0.008984 0.322335 0.691050 -0.132589 0.710542 1.000000
0.026179 -0.012173 0.316158 0.708554 0.702355 0.068190 1.000000
0.025250 -0.012712 0.319879 -0.560100 -0.667814 -0.490216 1.000000
0.024689 -0.012459 0.320252 -0.495416 -0.685831 -0.533103 1.000000
0.025539 -0.014861 0.322377 -0.533365 -0.628020 -0.566668 1.000000
0.026843 -0.014175 0.319651 0.702444 0.423021 0.572386 1.000000
0.024207 -0.009635 0.317543 0.983898 0.166028 0.066171 1.000000
0.023966 -0.010898 0.319180 0.692011 0.482450 0.536995 1.000000
0.024158 -0.009790 0.318162 0.934949 0.204273 0.290074 1.000000
0.024263 -0.010055 0.317843 0.945623 0.244316 0.214724 1.000000
0.027302 -0.016574 0.321520 0.803522 0.450094 0.389575 1.000000
0.024252 -0.010417 0.318289 0.887089 0.320799 0.331907 1.000000
0.024046 -0.010512 0.318746 0.798343 0.360238 0.482574 1.000000
0.024078 -0.009915 0.318439 0.872143 0.213870 0.440029 1.000000
0.024165 -0.009977 0.317246 0.948286 0.315094 -0.038327 1.000000
0.026275 -0.016538 0.323205 0.707268 0.481159 0.517936 1.000000
0.023818 -0.008588 0.318456 0.884620 -0.046841 0.463955 1.000000
0.023561 -0.010402 0.319251 0.706456 0.409854 0.577010 1.000000
0.024747 -0.014151 0.322165 -0.307144 -0.713697 -0.629523 1.000000
0.025737 -0.013585 0.320409 0.626259 0.608386 0.487511 1.000000
0.025062 -0.014505 0.322375 -0.399078 -0.688808 -0.605211 1.000000
0.021764 -0.018247 0.328821 0.403495 0.625339 0.667939 1.000000
0.023945 -0.008079 0.318275 0.905342 -0.080310 0.417020 1.000000
0.026175 -0.016315 0.323144 0.689988 0.497601 0.525652 1.000000
0.022941 -0.011072 0.320397 0.379856 0.279201 0.881905 1.000000
0.025306 -0.013395 0.320775 -0.574618 -0.647846 -0.500109 1.000000
0.024588 -0.014497 0.322650 -0.275693 -0.736104 -0.618178 1.000000
0.021216 -0.018201 0.329061 -0.354413 -0.664779 -0.657617 1.000000
0.023507 -0.008109 0.319042 0.824152 -0.059414 0.563244 1.000000
0.026633 -0.012436 0.316833 -0.700906 -0.705529 -0.104689 1.000000
0.021439 -0.017992 0.328645 -0.315008 -0.755543 -0.574390 1.000000
0.024881 -0.012888 0.320609 -0.484449 -0.685976 -0.542905 1.000000
0.025347 -0.011073 0.316053 0.713359 0.691701 0.112556 1.000000
0.020772 -0.017768 0.328616 -0.259961 -0.847963 -0.461929 1.000000
0.021450 -0.010416 0.321129 0.632564 -0.328571 0.701359 1.000000
0.025669 -0.012924 0.319795 -0.579743 -0.636810 -0.508302 1.000000
0.024416 -0.016766 0.325306 0.486555 0.581866 0.651688 1.000000
0.023396 -0.014526 0.322835 0.023309 -0.871718 -0.489454 1.000000
0.026682 -0.012938 0.318671 -0.616302 -0.699658 -0.361455 1.000000
0.023679 -0.012738 0.320959 0.076422 0.594396 0.800533 1.000000
0.024427 -0.010515 0.317591 0.849384 0.510112 0.135397 1.000000
0.024079 -0.009457 0.317030 0.983279 0.181542 0.014283 1.000000
0.024151 -0.015682 0.324287 -0.342426 -0.730139 -0.591304 1.000000
0.024124 -0.009491 0.317928 0.955964 0.197914 0.216708 1.000000
0.023217 -0.010675 0.320087 0.551436 0.409993 0.726515 1.000000
0.024209 -0.008778 0.317193 0.991979 -0.021790 0.124514 1.000000
0.026431 -0.012256 0.316759 0.706923 0.701002 0.094109 1.000000
0.023125 -0.010020 0.319229 0.729867 0.294527 0.616885 1.000000
0.024209 -0.009889 0.316281 0.940566 0.337548 0.037372 1.000000
0.020822 -0.007080 0.321941 0.733310 -0.069982 0.676283 1.000000
0.025944 -0.011775 0.316545 0.712943 0.696656 0.079890 1.000000
0.023480 -0.008585 0.319011 0.817130 -0.059679 0.573356 1.000000
0.019716 -0.009666 0.322672 0.610313 -0.332799 0.718862 1.000000
0.022330 -0.009839 0.320437 0.621700 0.053325 0.781438 1.000000
0.023188 -0.008275 0.319404 0.761607 -0.062936 0.644976 1.000000
0.024699 -0.010614 0.316816 0.719366 0.670696 0.180772 1.000000
0.022712 -0.009445 0.319869 0.749702 0.100248 0.654139 1.000000
0.025496 -0.011448 0.317523 -0.652322 -0.723855 -0.224742 1.000000
0.024226 -0.010055 0.318181 0.921288 0.228193 0.314891 1.000000
0.019149 -0.010439 0.322739 0.653455 -0.434319 0.619970 1.000000
0.024241 -0.009434 0.317678 0.978674 0.163055 0.124938 1.000000
0.019213 -0.010030 0.322967 0.662115 -0.372922 0.650026 1.000000
0.025230 -0.011118 0.316971 -0.677429 -0.714724 -0.173953 1.000000
0.019792 -0.006894 0.322947 0.683280 -0.160490 0.712300 1.000000
0.023755 -0.012280 0.320705 0.207788 0.615996 0.759850 1.000000
0.021377 -0.008702 0.321267 0.702868 -0.119050 0.701288 1.000000
0.024250 -0.011441 0.319302 0.637814 0.567943 0.520225 1.000000
0.023539 -0.009655 0.319059 0.729050 0.130732 0.671859 1.000000
0.021097 -0.008960 0.321477 0.724207 -0.098137 0.682564 1.000000
0.023329 -0.012006 0.320634 0.148639 0.347856 0.925691 1.000000
0.022980 -0.011520 0.320499 0.200123 0.297780 0.933423 1.000000
0.020337 -0.008494 0.322339 0.700170 -0.093654 0.707807 1.000000
0.024401 -0.012717 0.320873 -0.337357 -0.693967 -0.636082 1.000000
0.022987 -0.010760 0.320265 0.499365 0.415510 0.760254 1.000000
0.022180 -0.009436 0.320469 0.666841 -0.011689 0.745108 1.000000
0.024133 -0.007906 0.317648 0.927227 -0.055318 0.370391 1.000000
0.024925 -0.010523 0.315995 0.727054 0.661958 0.182218 1.000000
0.022542 -0.006997 0.320343 0.742925 -0.080335 0.664536 1.000000
0.023320 -0.010625 0.319944 0.679396 0.421743 0.600461 1.000000
0.024186 -0.009203 0.317753 0.968766 0.143274 0.202400 1.000000
0.018607 -0.007425 0.324134 0.670484 -0.171589 0.721809 1.000000
0.024047 -0.008460 0.317944 0.926556 -0.011028 0.375994 1.000000
0.018001 -0.006826 0.324886 0.684465 -0.157381 0.711856 1.000000
0.020086 -0.010738 0.321855 0.486786 -0.423524 0.763981 1.000000
0.017908 -0.007660 0.324725 0.621754 -0.226092 0.749870 1.000000
0.017537 -0.007827 0.324976 0.587601 -0.251803 0.768973 1.000000
0.021010 -0.008026 0.321644 0.712565 -0.069386 0.698167 1.000000
0.024235 -0.007376 0.317779 0.913861 -0.081432 0.397777 1.000000
0.019534 -0.009900 0.322677 0.637404 -0.342608 0.690171 1.000000
0.019622 -0.008983 0.322918 0.673816 -0.184081 0.715602 1.000000
0.023567 -0.010736 0.319635 0.677287 0.451856 0.580610 1.000000
0.018230 -0.010145 0.323631 0.570001 -0.359052 0.739040 1.000000
0.017848 -0.010418 0.323822 0.557495 -0.393443 0.731028 1.000000
0.019472 -0.006835 0.323231 0.697125 -0.175215 0.695209 1.000000
0.017968 -0.009889 0.323987 0.580062 -0.313292 0.751915 1.000000
0.018062 -0.009269 0.324195 0.575119 -0.241531 0.781602 1.000000
0.016964 -0.011788 0.323769 0.472831 -0.528416 0.705130 1.000000
0.017538 -0.010610 0.324035 0.541584 -0.387228 0.746151 1.000000
0.026304 -0.017854 0.324151 0.669142 0.276911 0.689615 1.000000
0.015687 -0.011889 0.324545 0.607942 -0.411831 0.678824 1.000000
0.016390 -0.011060 0.324406 0.499681 -0.409660 0.763215 1.000000
0.016096 -0.010557 0.324961 0.540283 -0.384099 0.748708 1.000000
0.015772 -0.010226 0.325406 0.528174 -0.318245 0.787243 1.000000
0.016605 -0.007437 0.325590 0.495399 -0.285813 0.820299 1.000000
0.015164 -0.011527 0.325216 0.593027 -0.346304 0.726906 1.000000
0.024494 -0.015391 0.323786 -0.380549 -0.700346 -0.603903 1.000000
0.014430 -0.011006 0.325835 0.439688 -0.249130 0.862907 1.000000
0.021346 -0.007951 0.321422 0.682024 -0.077579 0.727204 1.000000
0.014032 -0.011767 0.325853 0.395232 -0.316863 0.862200 1.000000
0.023585 -0.015293 0.324051 -0.236076 -0.801228 -0.549819 1.000000
0.020819 -0.008077 0.321881 0.735949 -0.057487 0.674592 1.000000
0.023602 -0.014920 0.323609 -0.142239 -0.842681 -0.519284 1.000000
0.013627 -0.011475 0.326103 0.353461 -0.312311 0.881775 1.000000
0.013983 -0.010905 0.326128 0.394562 -0.217443 0.892771 1.000000
0.024921 -0.012476 0.319904 -0.537494 -0.685272 -0.491428 1.000000
0.013013 -0.011632 0.326273 0.326812 -0.328732 0.886075 1.000000
0.013342 -0.010884 0.326389 0.321348 -0.223872 0.920118 1.000000
0.020297 -0.007678 0.322530 0.697777 -0.079932 0.711842 1.000000
0.013830 -0.009392 0.326469 0.344552 -0.243063 0.906755 1.000000
0.024207 -0.012175 0.320372 -0.421779 -0.693831 -0.583696 1.000000
0.025017 -0.011625 0.318560 -0.614195 -0.684197 -0.393242 1.000000
0.023588 -0.011860 0.320485 0.311246 0.418654 0.853144 1.000000
0.017723 -0.007943 0.324789 0.580262 -0.239843 0.778313 1.000000
0.027424 -0.013602 0.318737 -0.652222 -0.572686 -0.496626 1.000000
0.024439 -0.013300 0.321400 -0.139350 -0.720285 -0.679537 1.000000
0.024007 -0.007185 0.318313 0.871722 -0.063152 0.485913 1.000000
0.020993 -0.007169 0.321642 0.682869 -0.074524 0.726730 1.000000
0.020498 -0.008658 0.322181 0.710110 -0.098574 0.697156 1.000000
0.020067 -0.008482 0.322596 0.681201 -0.101876 0.724973 1.000000
0.018753 -0.010818 0.322923 0.602280 -0.482246 0.636158 1.000000
0.019457 -0.008694 0.323131 0.662462 -0.133401 0.737121 1.000000
0.018762 -0.010221 0.323246 0.574807 -0.387273 0.720845 1.000000
0.019155 -0.008852 0.323431 0.638618 -0.155319 0.753686 1.000000
0.018159 -0.010664 0.323405 0.582342 -0.424188 0.693500 1.000000
0.018599 -0.008746 0.323839 0.620978 -0.160720 0.767173 1.000000
0.017564 -0.011582 0.323511 0.573054 -0.483674 0.661565 1.000000
0.017509 -0.011164 0.323738 0.549215 -0.430934 0.716002 1.000000
0.017155 -0.009099 0.324759 0.521534 -0.250907 0.815505 1.000000
0.016905 -0.011213 0.324003 0.489208 -0.441839 0.751966 1.000000
0.021328 -0.006592 0.321605 0.673565 -0.116615 0.729871 1.000000
0.025271 -0.018996 0.325455 0.774238 0.290709 0.562177 1.000000
0.021458 -0.017605 0.327873 -0.183016 -0.849861 -0.494208 1.000000
0.023990 -0.014567 0.322922 -0.144951 -0.807248 -0.572136 1.000000
0.023999 -0.010111 0.318658 0.836521 0.292934 0.463058 1.000000
0.022633 -0.012695 0.320665 -0.096658 0.430208 0.897540 1.000000
0.022822 -0.008193 0.319810 0.724083 -0.096662 0.682906 1.000000
0.021758 -0.012754 0.320653 0.083966 0.402311 0.911644 1.000000
0.023984 -0.006467 0.318436 0.833329 -0.025881 0.552171 1.000000
0.023251 -0.007023 0.319444 0.786787 -0.016773 0.616997 1.000000
0.023565 -0.007025 0.319048 0.810599 -0.010978 0.585499 1.000000
0.024131 -0.013829 0.321982 -0.040818 -0.765399 -0.642261 1.000000
0.021614 -0.007016 0.321261 0.667612 -0.068753 0.741328 1.000000
0.023696 -0.014268 0.322436 -0.031662 -0.822245 -0.568252 1.000000
0.020595 -0.007093 0.322261 0.743705 -0.063577 0.665477 1.000000
0.020137 -0.006704 0.322845 0.690126 -0.159733 0.705841 1.000000
0.019371 -0.007000 0.323481 0.698864 -0.146240 0.700144 1.000000
0.024579 -0.012531 0.320560 -0.474999 -0.682995 -0.554883 1.000000
0.020363 -0.010385 0.321853 0.561210 -0.334855 0.756911 1.000000
0.019605 -0.011822 0.321354 -0.529276 0.295351 -0.795384 1.000000
0.019148 -0.011772 0.321691 0.424540 -0.336581 0.840523 1.000000
0.016604 -0.009446 0.325069 0.538053 -0.264286 0.800407 1.000000
0.016957 -0.009786 0.324696 0.519096 -0.308262 0.797191 1.000000
0.024169 -0.010411 0.318520 0.859141 0.310812 0.406536 1.000000
0.016673 -0.009932 0.324818 0.529782 -0.311941 0.788685 1.000000
0.016310 -0.010333 0.324949 0.544061 -0.366570 0.754734 1.000000
0.023827 -0.009599 0.318751 0.753647 0.170031 0.634906 1.000000
0.015135 -0.012444 0.324762 0.680565 -0.422614 0.598522 1.000000
0.019208 -0.010593 0.322321 0.607011 -0.450783 0.654471 1.000000
0.023666 -0.007804 0.318862 0.839674 -0.059727 0.539797 1.000000
0.021734 -0.007737 0.321090 0.700248 -0.102120 0.706558 1.000000
0.023223 -0.007633 0.319431 0.779174 -0.053598 0.624512 1.000000
0.018010 -0.010933 0.323083 0.587921 -0.463610 0.662884 1.000000
0.013313 -0.011954 0.326027 0.324526 -0.339191 0.882968 1.000000
0.020545 -0.007785 0.322306 0.729472 -0.065972 0.680821 1.000000
0.018921 -0.007199 0.323895 -0.693341 0.159920 -0.702640 1.000000
0.012334 -0.013240 0.326000 0.326037 -0.219867 0.919434 1.000000
0.023958 -0.007677 0.318339 0.905181 -0.072328 0.418828 1.000000
0.022265 -0.006845 0.320646 0.726405 -0.064991 0.684187 1.000000
0.020880 -0.008797 0.321746 0.738889 -0.095968 0.666958 1.000000
0.022225 -0.011445 0.320435 0.114811 0.051391 0.992057 1.000000
0.021100 -0.011159 0.320577 0.498029 -0.538064 0.680040 1.000000
0.023110 -0.013103 0.321047 -0.152046 0.541757 0.826669 1.000000
0.012568 -0.008002 0.327557 0.376302 -0.377067 0.846297 1.000000
0.027452 -0.015209 0.319606 0.727041 0.448266 0.520065 1.000000
0.027606 -0.016819 0.321034 0.804023 0.459953 0.376817 1.000000
0.027491 -0.016092 0.320436 0.789602 0.488273 0.371644 1.000000
0.027437 -0.016685 0.321328 0.803522 0.450094 0.389575 1.000000
0.027367 -0.015450 0.319942 0.727940 0.472344 0.496985 1.000000
0.027178 -0.015960 0.320724 0.800803 0.487364 0.348124 1.000000
0.027043 -0.015544 0.320465 0.783635 0.487953 0.384471 1.000000
0.027021 -0.015940 0.321386 0.809579 0.483405 0.333018 1.000000
0.026978 -0.014882 0.319949 0.745638 0.435066 0.504718 1.000000
0.026706 -0.015404 0.321330 0.794705 0.507218 0.333427 1.000000
0.026605 -0.014858 0.320618 0.779330 0.485181 0.396541 1.000000
0.026493 -0.014980 0.321140 0.780330 0.520867 0.346097 1.000000
0.026409 -0.014545 0.320598 0.756492 0.502989 0.417999 1.000000
0.027194 -0.014350 0.319385 0.670537 0.413799 0.615752 1.000000
0.027331 -0.016279 0.321064 0.798650 0.486685 0.353972 1.000000
0.027318 -0.014406 0.319167 -0.670928 -0.420252 -0.610937 1.000000
0.026974 -0.015135 0.320254 0.769221 0.451271 0.452386 1.000000
0.027048 -0.014089 0.319441 0.686414 0.399008 0.607971 1.000000
0.027306 -0.014832 0.319506 0.700146 0.416736 0.579764 1.000000
0.027011 -0.015717 0.320943 0.802403 0.492882 0.336477 1.000000
0.027281 -0.013918 0.318996 -0.666334 -0.474830 -0.574923 1.000000
0.026427 -0.014742 0.320939 0.766267 0.527822 0.366386 1.000000
0.026496 -0.015271 0.321647 0.743073 0.531955 0.406037 1.000000
0.025638 -0.014134 0.321431 -0.603731 -0.632395 -0.485371 1.000000
0.025246 -0.014051 0.321733 -0.490358 -0.654729 -0.575221 1.000000
0.025165 -0.013647 0.321308 -0.528832 -0.657428 -0.536773 1.000000
0.024778 -0.013799 0.321772 -0.343976 -0.690319 -0.636506 1.000000
0.027402 -0.015683 0.320170 0.775668 0.489285 0.398672 1.000000
0.026787 -0.015340 0.320870 0.795394 0.496028 0.348289 1.000000
0.024075 -0.011744 0.319783 0.521928 0.547838 0.653807 1.000000
0.026616 -0.014523 0.320163 0.754258 0.450003 0.478113 1.000000
0.026243 -0.014931 0.321604 0.721538 0.558925 0.408639 1.000000
0.026247 -0.014446 0.320884 0.745759 0.544597 0.383742 1.000000
0.026194 -0.014113 0.320428 0.717948 0.534713 0.445682 1.000000
0.026128 -0.013736 0.320072 0.659152 0.565244 0.496002 1.000000
0.025507 -0.014507 0.321989 -0.560608 -0.630826 -0.536448 1.000000
0.025743 -0.013873 0.320890 0.641448 0.617055 0.455838 1.000000
0.022480 -0.010903 0.320468 0.428625 0.207505 0.879331 1.000000
0.027658 -0.017061 0.321304 0.803646 0.437044 0.403912 1.000000
0.025779 -0.011624 0.316138 0.712277 0.699108 0.062529 1.000000
0.021535 -0.010469 0.321046 0.604133 -0.312302 0.733138 1.000000
0.021519 -0.010302 0.320936 0.565782 -0.305116 0.766026 1.000000
0.021169 -0.010465 0.321299 0.620818 -0.292644 0.727286 1.000000
0.027021 -0.014483 0.319611 0.712547 0.401993 0.575046 1.000000
0.020191 -0.010406 0.322005 0.527440 -0.406513 0.746025 1.000000
0.026683 -0.014402 0.319791 0.730112 0.430044 0.531036 1.000000
0.024205 -0.009156 0.317344 0.998236 0.029478 0.051531 1.000000
0.026902 -0.013331 0.318984 0.632831 0.567203 0.527073 1.000000
0.026610 -0.012469 0.316713 -0.700906 -0.705529 -0.104689 1.000000
0.026893 -0.012901 0.317416 0.692758 0.703573 0.158338 1.000000
0.023920 -0.009391 0.318346 0.885383 0.174424 0.430897 1.000000
0.026481 -0.013354 0.319394 0.622012 0.540483 0.566550 1.000000
0.023388 -0.010876 0.319940 0.604018 0.468088 0.645024 1.000000
0.026482 -0.012578 0.318151 -0.665285 -0.699181 -0.261804 1.000000
0.026680 -0.012587 0.316922 0.697388 0.706874 0.118234 1.000000
0.026227 -0.012854 0.319037 -0.579092 -0.649547 -0.492688 1.000000
0.026476 -0.012387 0.316498 0.711334 0.697621 0.085603 1.000000
0.026470 -0.012376 0.317376 0.697388 0.706874 0.118234 1.000000
0.023662 -0.008278 0.318695 0.862420 -0.062478 0.502323 1.000000
0.023010 -0.010461 0.320158 0.539016 0.351200 0.765585 1.000000
0.026134 -0.013082 0.319417 -0.585614 -0.621091 -0.520868 1.000000
0.023088 -0.009530 0.319458 0.738696 0.080273 0.669241 1.000000
0.026112 -0.012090 0.317731 -0.683394 -0.703298 -0.195819 1.000000
0.026019 -0.012261 0.318367 -0.613031 -0.714606 -0.336944 1.000000
0.025467 -0.013098 0.320161 -0.579762 -0.642217 -0.501432 1.000000
0.025776 -0.012423 0.318941 -0.559952 -0.695209 -0.450709 1.000000
0.025635 -0.012646 0.319408 -0.552953 -0.666883 -0.499509 1.000000
0.026114 -0.011961 0.316988 0.704831 0.703900 0.087964 1.000000
0.025739 -0.012004 0.318331 -0.592257 -0.721905 -0.357888 1.000000
0.025862 -0.011735 0.317375 -0.693663 -0.709093 -0.126565 1.000000
0.025338 -0.012368 0.319298 -0.545185 -0.692059 -0.473104 1.000000
0.027184 -0.016278 0.321460 0.805603 0.460502 0.372749 1.000000
0.025379 -0.011971 0.318741 -0.566304 -0.705438 -0.426213 1.000000
0.025013 -0.012784 0.320207 -0.532211 -0.675321 -0.510582 1.000000
0.025645 -0.011482 0.316976 0.688011 0.720315 0.088250 1.000000
0.025535 -0.011691 0.318014 -0.622040 -0.723623 -0.299059 1.000000
0.022018 -0.010985 0.320412 0.273136 -0.169686 0.946892 1.000000
0.024908 -0.012183 0.319508 -0.551123 -0.681280 -0.481790 1.000000
0.024896 -0.011846 0.319104 -0.570236 -0.669776 -0.475637 1.000000
0.021847 -0.010504 0.320566 0.518879 -0.213485 0.827761 1.000000
0.021864 -0.009673 0.320718 0.648327 -0.042917 0.760151 1.000000
0.025169 -0.011142 0.317305 -0.674441 -0.712121 -0.194969 1.000000
0.025406 -0.011270 0.316599 0.704985 0.697272 0.129646 1.000000
0.021542 -0.011100 0.320383 0.417703 -0.395951 0.817769 1.000000
0.024561 -0.011790 0.319386 -0.590698 -0.615057 -0.522284 1.000000
0.021307 -0.010633 0.321071 0.591673 -0.329921 0.735579 1.000000
0.024539 -0.012092 0.319800 -0.546928 -0.656611 -0.519357 1.000000
0.021920 -0.007534 0.320901 0.718682 -0.097404 0.688483 1.000000
0.024886 -0.011132 0.317908 0.695717 0.682299 0.224600 1.000000
0.024977 -0.010840 0.316712 0.712392 0.679808 0.174240 1.000000
0.021010 -0.011010 0.320862 0.527445 -0.545178 0.651601 1.000000
0.026839 -0.016831 0.322450 0.776727 0.424718 0.465092 1.000000
0.021794 -0.006831 0.321086 0.681306 -0.082380 0.727349 1.000000
0.024693 -0.010791 0.317424 0.725178 0.674317 0.139329 1.000000
0.024421 -0.011096 0.318677 0.744482 0.524656 0.412896 1.000000
0.020649 -0.010742 0.321470 0.492666 -0.487844 0.720617 1.000000
0.023764 -0.011689 0.320159 0.509540 0.531186 0.676913 1.000000
0.024494 -0.010483 0.317060 0.777834 0.611129 0.146613 1.000000
0.020674 -0.008984 0.322036 0.712902 -0.102852 0.693681 1.000000
0.023667 -0.011268 0.319793 0.609268 0.439188 0.660233 1.000000
0.024342 -0.010456 0.317875 0.862065 0.445335 0.241912 1.000000
0.024550 -0.010218 0.316248 0.809106 0.559722 0.179050 1.000000
0.024239 -0.010082 0.316661 0.911690 0.400288 0.092685 1.000000
0.020591 -0.007477 0.322258 0.747359 -0.062614 0.661464 1.000000
0.023337 -0.011263 0.320203 0.473826 0.439149 0.763307 1.000000
0.019995 -0.008701 0.322647 0.664172 -0.118621 0.738109 1.000000
0.020224 -0.007271 0.322562 0.695324 -0.066685 0.715596 1.000000
0.023609 -0.010053 0.318951 0.735896 0.280446 0.616285 1.000000
0.023023 -0.010147 0.319604 0.701410 0.323939 0.634891 1.000000
0.019865 -0.007379 0.322860 0.673682 -0.078453 0.734845 1.000000
0.019640 -0.007960 0.323107 0.679377 -0.093878 0.727760 1.000000
0.026904 -0.016301 0.321990 0.786101 0.429814 0.444191 1.000000
0.026690 -0.017548 0.323505 0.761657 0.347887 0.546675 1.000000
0.027381 -0.016799 0.321589 0.803522 0.450094 0.389575 1.000000
0.026786 -0.013984 0.319666 0.673317 0.432449 0.599693 1.000000
0.017685 -0.009451 0.324352 0.540477 -0.256782 0.801216 1.000000
0.017322 -0.009862 0.324488 0.508963 -0.293996 0.809026 1.000000
0.017073 -0.009520 0.324712 0.510368 -0.266507 0.817617 1.000000
0.016432 -0.010685 0.324645 0.521519 -0.395061 0.756270 1.000000
0.023781 -0.008864 0.318477 0.883751 0.069276 0.462802 1.000000
0.016508 -0.009763 0.325025 0.539527 -0.283712 0.792728 1.000000
0.024167 -0.008682 0.317540 0.970474 -0.038979 0.238036 1.000000
0.016328 -0.011679 0.324183 0.481314 -0.459670 0.746351 1.000000
0.023600 -0.009076 0.318873 0.828536 0.023146 0.559457 1.000000
0.015944 -0.010298 0.325228 0.543710 -0.351152 0.762281 1.000000
0.016031 -0.011339 0.324589 0.548765 -0.412764 0.726968 1.000000
0.023219 -0.009205 0.319380 0.772735 -0.018966 0.634446 1.000000
0.016046 -0.009023 0.325562 0.502661 -0.201429 0.840689 1.000000
0.015894 -0.011124 0.324805 0.555770 -0.407607 0.724553 1.000000
0.014873 -0.012183 0.325189 0.612958 -0.347080 0.709801 1.000000
0.015545 -0.010754 0.325253 0.547957 -0.315087 0.774895 1.000000
0.015679 -0.009593 0.325600 0.491255 -0.252529 0.833605 1.000000
0.015534 -0.011336 0.324947 0.600036 -0.375316 0.706466 1.000000
0.015153 -0.011964 0.325051 0.605811 -0.393292 0.691603 1.000000
0.014806 -0.011654 0.325486 0.507941 -0.317636 0.800689 1.000000
0.015112 -0.010404 0.325709 0.477692 -0.269009 0.836328 1.000000
0.014619 -0.012024 0.325371 0.542401 -0.346108 0.765513 1.000000
0.014965 -0.010003 0.325863 0.440224 -0.234077 0.866840 1.000000
0.014567 -0.011357 0.325755 0.458701 -0.290038 0.839924 1.000000
0.014187 -0.011936 0.325696 0.415250 -0.311192 0.854826 1.000000
0.021828 -0.008970 0.320803 0.676934 -0.074269 0.732287 1.000000
0.020679 -0.009312 0.322011 0.692717 -0.177558 0.699011 1.000000
0.014247 -0.010584 0.326081 0.400334 -0.208899 0.892241 1.000000
0.014103 -0.011233 0.325998 0.399179 -0.279219 0.873323 1.000000
0.013823 -0.011748 0.325935 0.373884 -0.322661 0.869541 1.000000
0.014113 -0.010240 0.326204 0.394847 -0.187712 0.899367 1.000000
0.019711 -0.007680 0.323057 0.673296 -0.079906 0.735042 1.000000
0.020274 -0.006839 0.322623 0.705358 -0.102093 0.701460 1.000000
0.019270 -0.007634 0.323429 0.698653 -0.107331 0.707365 1.000000
0.019213 -0.009405 0.323196 0.637450 -0.249874 0.728849 1.000000
0.016533 -0.009219 0.325202 0.528019 -0.236385 0.815670 1.000000
0.024823 -0.013214 0.321110 -0.437299 -0.685032 -0.582666 1.000000
0.025934 -0.012931 0.319508 -0.567433 -0.651351 -0.503747 1.000000
0.017371 -0.008569 0.324848 0.538896 -0.238217 0.807987 1.000000
0.025846 -0.018164 0.324476 0.725029 0.259400 0.638000 1.000000
0.024126 -0.018396 0.326754 0.679077 0.420437 0.601737 1.000000
0.024220 -0.018023 0.326461 -0.660762 -0.429652 -0.615462 1.000000
0.025270 -0.016790 0.324566 0.618008 0.525691 0.584564 1.000000
0.022517 -0.016974 0.326813 -0.240593 -0.710624 -0.661157 1.000000
0.022005 -0.016928 0.326916 -0.138618 -0.736407 -0.662186 1.000000
0.023721 -0.015601 0.324343 -0.314706 -0.755123 -0.575108 1.000000
0.023150 -0.015555 0.324587 -0.267309 -0.813640 -0.516271 1.000000
0.021400 -0.016969 0.326979 -0.107379 -0.763954 -0.636273 1.000000
0.023243 -0.015356 0.324224 -0.232243 -0.814666 -0.531397 1.000000
0.021941 -0.015749 0.325846 -0.070285 -0.805301 -0.588686 1.000000
0.023331 -0.014703 0.323259 -0.035810 -0.886093 -0.462122 1.000000
0.022737 -0.015264 0.324383 -0.162936 -0.876331 -0.453316 1.000000
0.022929 -0.014751 0.323366 -0.022033 -0.895736 -0.444039 1.000000
0.024523 -0.019196 0.326858 0.695081 0.397610 0.598973 1.000000
0.022596 -0.014388 0.322290 0.088228 -0.869311 -0.486327 1.000000
0.022451 -0.014143 0.321757 0.080710 -0.797105 -0.598423 1.000000
0.022805 -0.007410 0.319952 0.745951 -0.099698 0.658496 1.000000
0.022378 -0.007237 0.320473 0.729318 -0.100750 0.676716 1.000000
0.022117 -0.007989 0.320594 0.733562 -0.116303 0.669597 1.000000
0.021652 -0.006817 0.321249 0.672515 -0.074425 0.736332 1.000000
0.018974 -0.006677 0.323967 0.699524 -0.152368 0.698176 1.000000
0.018288 -0.006970 0.324499 0.684774 -0.172585 0.708025 1.000000
0.017900 -0.007081 0.324938 0.664077 -0.193191 0.722273 1.000000
0.025210 -0.015806 0.323639 -0.525052 -0.626094 -0.576478 1.000000
0.022663 -0.016599 0.326391 -0.354455 -0.667993 -0.654329 1.000000
0.018917 -0.010941 0.322554 0.588971 -0.509355 0.627432 1.000000
0.023328 -0.015864 0.325021 -0.407741 -0.736801 -0.539325 1.000000
0.022131 -0.016514 0.326507 0.133480 0.676390 0.724347 1.000000
0.019555 -0.013016 0.321413 0.220749 0.179255 0.958717 1.000000
0.018014 -0.011829 0.322766 0.623571 -0.526440 0.577945 1.000000
0.019865 -0.012006 0.321163 -0.485081 0.138665 -0.863405 1.000000
0.017844 -0.012187 0.322596 0.547026 -0.589004 0.594842 1.000000
0.016537 -0.011953 0.323977 0.481521 -0.549688 0.682628 1.000000
0.022798 -0.015581 0.325033 -0.299030 -0.826395 -0.477130 1.000000
0.018221 -0.011915 0.322364 0.598878 -0.533468 0.597292 1.000000
0.018333 -0.012885 0.321567 0.224973 -0.177974 0.957973 1.000000
0.018463 -0.012195 0.321796 0.490491 -0.472145 0.732460 1.000000
0.018254 -0.012580 0.321698 0.432387 -0.440417 0.786813 1.000000
0.017793 -0.012800 0.321852 0.414202 -0.490746 0.766554 1.000000
0.016457 -0.012168 0.323816 0.454949 -0.594370 0.663133 1.000000
0.023401 -0.016648 0.325847 -0.461394 -0.640270 -0.614142 1.000000
0.016864 -0.012575 0.322875 0.431160 -0.720350 0.543321 1.000000
0.013819 -0.008027 0.326991 0.417439 -0.354082 0.836882 1.000000
0.014933 -0.012860 0.324631 0.707721 -0.436553 0.555474 1.000000
0.015164 -0.013131 0.323964 0.707620 -0.555145 0.437136 1.000000
0.016114 -0.013050 0.322565 0.403162 -0.726931 0.555905 1.000000
0.013434 -0.009296 0.326663 0.346210 -0.260116 0.901376 1.000000
0.014542 -0.013261 0.324820 0.776451 -0.337423 0.532230 1.000000
0.014070 -0.014934 0.325188 0.631838 -0.112816 0.766846 1.000000
0.014437 -0.013997 0.324409 0.860990 -0.298053 0.412142 1.000000
0.014652 -0.013924 0.323842 0.838563 -0.306965 0.450093 1.000000
0.012328 -0.014357 0.325720 -0.274622 0.186107 -0.943370 1.000000
0.020564 -0.009246 0.322149 0.688549 -0.165799 0.705983 1.000000
0.020851 -0.010232 0.321487 0.581677 -0.230899 0.779960 1.000000
0.015762 -0.012029 0.324177 0.589994 -0.513620 0.622978 1.000000
0.020240 -0.011086 0.321537 0.510053 -0.505532 0.695905 1.000000
0.016546 -0.010792 0.324434 0.495959 -0.388240 0.776721 1.000000
0.015756 -0.010661 0.325070 0.552297 -0.355257 0.754162 1.000000
0.022559 -0.007702 0.320162 0.730063 -0.123532 0.672122 1.000000
0.023734 -0.013343 0.321450 0.029938 -0.707887 -0.705691 1.000000
0.026205 -0.012599 0.318710 -0.613163 -0.693435 -0.378389 1.000000
0.012567 -0.015666 0.325432 -0.331307 0.048477 -0.942277 1.000000
0.013562 -0.013903 0.325486 0.359516 -0.191791 0.913216 1.000000
0.013894 -0.019251 0.326430 -0.176792 0.692888 0.699036 1.000000
0.016035 -0.018766 0.327449 0.544203 -0.711175 -0.445053 1.000000
0.016026 -0.018412 0.326376 0.324260 -0.878680 -0.350396 1.000000
0.016891 -0.018157 0.326880 0.364771 -0.910962 -0.192587 1.000000
0.018070 -0.017682 0.327591 0.466444 -0.860807 -0.203570 1.000000
0.018490 -0.017468 0.327752 0.455161 -0.855100 -0.248258 1.000000
0.022993 -0.016112 0.325662 -0.410303 -0.700950 -0.583370 1.000000
0.022557 -0.014876 0.323595 -0.017398 -0.912815 -0.408002 1.000000
0.023175 -0.014882 0.323663 -0.109511 -0.859411 -0.499421 1.000000
0.014304 -0.014606 0.324989 0.849001 -0.011524 0.528266 1.000000
0.022245 -0.015138 0.324415 -0.066007 -0.927685 -0.367484 1.000000
0.015527 -0.015579 0.324340 0.115233 0.554452 0.824199 1.000000
0.016269 -0.015507 0.324203 0.063506 0.672681 0.737203 1.000000
0.017651 -0.015796 0.324468 0.006253 -0.890000 -0.455917 1.000000
0.016140 -0.016253 0.324653 -0.073681 0.560855 0.824629 1.000000
0.014355 -0.017067 0.325098 0.163604 0.305246 0.938114 1.000000
0.020389 -0.014659 0.322635 0.070823 -0.828078 -0.556122 1.000000
0.013730 -0.017052 0.325198 0.241372 0.253372 0.936772 1.000000
0.014851 -0.017054 0.325058 0.153391 0.330907 0.931113 1.000000
0.020482 -0.014930 0.323217 0.135962 -0.909285 -0.393338 1.000000
0.015203 -0.017478 0.325203 0.008855 0.511420 0.859285 1.000000
0.019227 -0.015130 0.323013 0.099421 -0.825355 -0.555792 1.000000
0.013667 -0.017588 0.325326 0.173236 0.416706 0.892382 1.000000
0.019257 -0.014784 0.322589 0.082162 -0.744150 -0.662940 1.000000
0.022276 -0.013832 0.321394 -0.045634 0.695281 0.717288 1.000000
0.019991 -0.016489 0.325793 0.146333 -0.838203 -0.525359 1.000000
0.018785 -0.016124 0.325288 0.160300 -0.862239 -0.480466 1.000000
0.019070 -0.015936 0.325048 0.163297 -0.875743 -0.454322 1.000000
0.018343 -0.016296 0.325170 0.192264 -0.823459 -0.533807 1.000000
0.018406 -0.015648 0.324084 0.105682 -0.922964 -0.370093 1.000000
0.017987 -0.015587 0.323721 -0.048956 -0.896166 -0.441009 1.000000
0.017330 -0.015475 0.323805 -0.234269 -0.815457 -0.529290 1.000000
0.016800 -0.015367 0.323972 -0.216809 -0.778065 -0.589584 1.000000
0.017176 -0.015149 0.322882 -0.257362 -0.769846 -0.584039 1.000000
0.016829 -0.015123 0.323075 -0.287370 -0.776650 -0.560564 1.000000
0.016112 -0.016696 0.324896 -0.104861 0.508058 0.854916 1.000000
0.015701 -0.017160 0.325077 -0.064271 0.492824 0.867752 1.000000
0.015616 -0.016718 0.324865 -0.039920 0.457778 0.888170 1.000000
0.015091 -0.018063 0.325644 -0.082637 0.684720 0.724106 1.000000
0.014401 -0.018023 0.325579 -0.033621 0.576790 0.816200 1.000000
0.014601 -0.017658 0.325292 -0.001197 0.537884 0.843018 1.000000
0.018872 -0.015534 0.323687 0.128603 -0.915756 -0.380594 1.000000
0.015637 -0.015942 0.324557 0.060069 0.509163 0.858571 1.000000
0.019869 -0.014978 0.322927 -0.168679 0.830842 0.530329 1.000000
0.018825 -0.013454 0.321535 0.103304 0.256097 0.961115 1.000000
0.018756 -0.014177 0.321953 0.066410 0.613829 0.786640 1.000000
0.018019 -0.015534 0.323425 -0.104265 -0.879730 -0.463900 1.000000
0.018894 -0.015515 0.323149 0.104851 -0.869084 -0.483425 1.000000
0.017663 -0.014122 0.322106 -0.226443 -0.493703 -0.839631 1.000000
0.017110 -0.013553 0.321718 0.234118 -0.121627 0.964570 1.000000
0.017899 -0.013740 0.321637 0.199808 0.202701 0.958639 1.000000
0.016551 -0.014874 0.322690 -0.292653 -0.742359 -0.602708 1.000000
0.013978 -0.016669 0.325116 0.256458 0.179309 0.949778 1.000000
0.015964 -0.013874 0.322132 -0.431474 -0.393870 -0.811601 1.000000
0.015820 -0.013538 0.322002 -0.447545 0.518186 -0.728825 1.000000
0.015469 -0.013754 0.322041 0.707595 -0.053306 0.704604 1.000000
0.015301 -0.013701 0.322255 0.791454 -0.150327 0.592454 1.000000
0.015500 -0.013507 0.322152 -0.545352 0.596643 -0.588734 1.000000
0.016760 -0.002771 0.324674 0.425954 0.564090 0.707366 1.000000
0.018270 -0.001534 0.323276 0.299264 0.588445 0.751115 1.000000
0.017536 -0.000824 0.322888 0.324360 0.572949 0.752675 1.000000
0.019192 -0.005991 0.323851 0.686759 -0.140066 0.713262 1.000000
0.018748 -0.005962 0.324286 0.679939 -0.132537 0.721191 1.000000
0.019209 -0.006739 0.323710 0.711504 -0.154301 0.685531 1.000000
0.019186 -0.005215 0.324005 0.667729 -0.151154 0.728897 1.000000
0.019526 -0.004870 0.323683 0.760387 -0.167976 0.627372 1.000000
0.019273 -0.004376 0.324171 0.577714 -0.075326 0.812756 1.000000
0.018098 -0.005961 0.324935 0.697256 -0.153713 0.700147 1.000000
0.018968 -0.003862 0.324348 0.409920 0.164464 0.897172 1.000000
0.018211 -0.004607 0.324934 0.634372 0.162085 0.755844 1.000000
0.017908 -0.005021 0.325359 0.655954 0.048445 0.753244 1.000000
0.017700 -0.006247 0.325271 0.672028 -0.146036 0.725984 1.000000
0.018062 -0.004811 0.325155 0.661152 0.076143 0.746378 1.000000
0.017185 -0.004659 0.325727 0.535275 0.232913 0.811931 1.000000
0.016774 -0.004832 0.326068 -0.510206 -0.190892 -0.838600 1.000000
0.016432 -0.005759 0.326285 0.490634 -0.098994 0.865725 1.000000
0.016382 -0.004796 0.326318 0.488104 0.139254 0.861605 1.000000
0.016256 -0.005210 0.326399 0.475638 0.041018 0.878684 1.000000
0.015723 -0.005633 0.326636 0.464049 -0.031998 0.885232 1.000000
0.015545 -0.006390 0.326671 0.502432 -0.185470 0.844490 1.000000
0.018353 -0.005969 0.324624 0.697648 -0.134831 0.703639 1.000000
0.015025 -0.006327 0.327028 0.486592 -0.131106 0.863736 1.000000
0.015076 -0.005331 0.326932 -0.451407 -0.044899 -0.891188 1.000000
0.018425 -0.004418 0.324728 0.594875 0.221325 0.772748 1.000000
0.014737 -0.005851 0.327160 0.485584 -0.075058 0.870962 1.000000
0.017807 -0.004711 0.325371 0.606789 0.180242 0.774158 1.000000
0.014445 -0.006303 0.327338 0.461602 -0.152315 0.873913 1.000000
0.014263 -0.005567 0.327377 -0.450346 0.038227 -0.892035 1.000000
0.013969 -0.006062 0.327558 -0.426349 0.116337 -0.897046 1.000000
0.017848 -0.003397 0.324391 0.373659 0.474286 0.797140 1.000000
0.017269 -0.003250 0.324714 0.421411 0.531358 0.734895 1.000000
0.017453 -0.002809 0.324247 0.335201 0.528674 0.779835 1.000000
0.013161 -0.006680 0.327832 -0.388925 0.273081 -0.879866 1.000000
0.016078 -0.004401 0.326358 0.469293 0.242349 0.849135 1.000000
0.017093 -0.002875 0.324529 0.401744 0.535646 0.742756 1.000000
0.015595 -0.005111 0.326684 0.453914 0.071292 0.888189 1.000000
0.015649 -0.004638 0.326627 -0.448283 -0.160846 -0.879301 1.000000
0.016635 -0.003550 0.325533 0.505603 0.502785 0.701123 1.000000
0.015223 -0.005856 0.326904 0.488106 -0.068810 0.870067 1.000000
0.015157 -0.004705 0.326857 -0.445781 -0.094103 -0.890182 1.000000
0.016337 -0.002582 0.324761 -0.478968 -0.540211 -0.691926 1.000000
0.016971 -0.004338 0.325774 0.525763 0.362251 0.769641 1.000000
0.015616 -0.003845 0.326367 -0.450672 -0.340140 -0.825348 1.000000
0.014601 -0.005176 0.327103 -0.442426 -0.042241 -0.895810 1.000000
0.015568 -0.004219 0.326474 -0.439138 -0.262603 -0.859184 1.000000
0.016685 -0.003866 0.325742 0.507726 0.414179 0.755427 1.000000
0.017452 -0.004455 0.325484 0.555948 0.320291 0.767030 1.000000
0.016269 -0.003037 0.325268 -0.488790 -0.533900 -0.689953 1.000000
0.016617 -0.006209 0.326105 0.521497 -0.193312 0.831066 1.000000
0.016034 -0.004907 0.326509 0.474058 0.128173 0.871115 1.000000
0.014393 -0.005939 0.327377 -0.450377 0.075919 -0.889605 1.000000
0.015245 -0.004323 0.326735 -0.426012 -0.201556 -0.881980 1.000000
0.017373 -0.003604 0.324973 0.496707 0.503809 0.706724 1.000000
0.018580 -0.002926 0.324092 0.280321 0.438963 0.853658 1.000000
0.016222 -0.003561 0.325874 0.472257 0.481139 0.738565 1.000000
0.019147 -0.005017 0.324123 0.662125 -0.169662 0.729936 1.000000
0.022529 -0.003511 0.320886 0.848258 0.217413 0.482897 1.000000
0.020018 -0.002007 0.322681 0.457319 0.569882 0.682710 1.000000
0.021206 -0.001554 0.321502 0.630959 0.420059 0.652259 1.000000
0.018053 -0.004525 0.325083 0.585629 0.241958 0.773625 1.000000
0.021104 -0.002724 0.322454 0.599171 0.357818 0.716212 1.000000
0.019918 -0.004383 0.323567 0.797169 -0.238259 0.554756 1.000000
0.021793 -0.006545 0.321113 0.707784 -0.094613 0.700065 1.000000
0.019693 -0.004687 0.323700 0.778096 -0.202875 0.594482 1.000000
0.020246 -0.003784 0.323452 0.724364 -0.253511 0.641116 1.000000
0.019014 -0.004426 0.324354 0.585340 -0.026898 0.810342 1.000000
0.020126 -0.005067 0.322915 0.776305 -0.003739 0.630347 1.000000
0.020866 -0.005015 0.322328 0.587415 -0.112957 0.801364 1.000000
0.019294 -0.003484 0.324174 0.486758 0.214171 0.846875 1.000000
0.019619 -0.003940 0.324046 0.625273 -0.078496 0.776449 1.000000
0.019896 -0.004990 0.323328 0.804081 -0.077660 0.589425 1.000000
0.020226 -0.005766 0.322910 0.727154 -0.064677 0.683421 1.000000
0.019389 -0.004923 0.323882 0.675312 -0.197637 0.710558 1.000000
0.018886 -0.003323 0.324241 0.336720 0.339530 0.878259 1.000000
0.018828 -0.004280 0.324484 0.556568 0.056626 0.828870 1.000000
0.018898 -0.005429 0.324213 0.682946 -0.134823 0.717919 1.000000
0.019260 -0.005642 0.323831 0.679493 -0.136339 0.720903 1.000000
0.018436 -0.004014 0.324596 0.447761 0.247499 0.859217 1.000000
0.017900 -0.004085 0.324945 0.522029 0.399358 0.753657 1.000000
0.022627 -0.004207 0.321017 0.826103 -0.175193 0.535594 1.000000
0.021714 -0.003488 0.322226 0.773696 0.100787 0.625489 1.000000
0.021925 -0.003432 0.321903 0.794799 0.136990 0.591210 1.000000
0.021029 -0.003370 0.322869 0.625803 -0.106174 0.772721 1.000000
0.021080 -0.005188 0.322158 0.598424 -0.157575 0.785531 1.000000
0.022175 -0.004799 0.321026 0.796479 -0.264315 0.543837 1.000000
0.020465 -0.003791 0.323264 0.705935 -0.286399 0.647790 1.000000
0.021804 -0.005334 0.321598 0.736551 -0.234403 0.634466 1.000000
0.022930 -0.006249 0.319850 0.805889 -0.040395 0.590688 1.000000
0.019991 -0.003988 0.323800 0.736775 -0.207726 0.643438 1.000000
0.021720 -0.002842 0.321925 0.789807 0.280753 0.545327 1.000000
0.020659 -0.003574 0.323133 0.659736 -0.268101 0.702047 1.000000
0.021641 -0.002297 0.321619 0.750640 0.343391 0.564467 1.000000
0.019905 -0.004723 0.323521 0.816071 -0.198295 0.542869 1.000000
0.021426 -0.003185 0.322409 0.684526 0.159439 0.711340 1.000000
0.022264 -0.003520 0.321305 0.841775 0.184095 0.507468 1.000000
0.021933 -0.002900 0.321533 0.806629 0.292049 0.513865 1.000000
0.021495 -0.001714 0.321370 0.670112 0.384725 0.634773 1.000000
0.019955 -0.003672 0.323839 0.624209 0.032938 0.780562 1.000000
0.021916 -0.002429 0.321145 0.791924 0.310889 0.525551 1.000000
0.021018 -0.001913 0.321906 0.591413 0.486555 0.643036 1.000000
0.020464 -0.003172 0.323262 0.613189 -0.008970 0.789886 1.000000
0.020556 -0.002604 0.322834 0.575589 0.374064 0.727169 1.000000
0.021439 -0.001400 0.321177 -0.673479 -0.361532 -0.644764 1.000000
0.019635 -0.003328 0.323915 0.582772 0.191926 0.789646 1.000000
0.020592 -0.001309 0.321751 -0.494272 -0.568850 -0.657347 1.000000
0.019148 -0.002800 0.323870 0.349678 0.452545 0.820322 1.000000
0.019541 -0.002842 0.323585 0.472748 0.428446 0.770029 1.000000
0.019980 -0.002326 0.323024 0.504424 0.495567 0.707086 1.000000
0.018746 -0.001288 0.322789 0.328094 0.617336 0.715018 1.000000
0.017706 -0.001306 0.323280 0.306149 0.579905 0.754972 1.000000
0.018151 -0.001082 0.322947 -0.322621 -0.602219 -0.730238 1.000000
0.018270 -0.000785 0.322483 -0.329802 -0.623302 -0.709031 1.000000
0.021275 -0.001923 0.321719 0.665010 0.402097 0.629349 1.000000
0.019468 -0.001444 0.322450 0.395971 0.631910 0.666255 1.000000
0.017171 -0.001981 0.323877 -0.329193 -0.536776 -0.776855 1.000000
0.018548 -0.006407 0.324405 0.689560 -0.119556 0.714292 1.000000
0.018211 -0.006585 0.324674 0.692636 -0.142688 0.707033 1.000000
0.018043 -0.006375 0.324908 0.695335 -0.140378 0.704842 1.000000
0.017713 -0.006856 0.325138 0.630815 -0.200080 0.749693 1.000000
0.017817 -0.005896 0.325201 0.691111 -0.143311 0.708398 1.000000
0.017331 -0.006427 0.325534 0.581569 -0.207455 0.786600 1.000000
0.017361 -0.006029 0.325616 0.602158 -0.153563 0.783469 1.000000
0.016994 -0.006571 0.325718 0.536669 -0.239030 0.809229 1.000000
0.016997 -0.005833 0.325924 0.556293 -0.109646 0.823721 1.000000
0.016526 -0.006556 0.326034 0.509000 -0.274053 0.815974 1.000000
0.016116 -0.006181 0.326387 0.506911 -0.169013 0.845267 1.000000
0.015287 -0.006464 0.326883 0.513784 -0.199252 0.834461 1.000000
0.014600 -0.006735 0.327187 0.461234 -0.234553 0.855715 1.000000
0.013589 -0.006473 0.327696 0.407645 -0.240338 0.880944 1.000000
0.019273 -0.006644 0.323658 0.703547 -0.162649 0.691786 1.000000
0.018753 -0.004666 0.324524 0.611818 -0.059096 0.788788 1.000000
0.018669 -0.005462 0.324436 0.680383 -0.120375 0.722903 1.000000
0.018357 -0.005120 0.324848 0.696237 -0.070482 0.714343 1.000000
0.017972 -0.005426 0.325210 0.695469 -0.100170 0.711540 1.000000
0.018335 -0.005403 0.324799 0.702121 -0.104729 0.704314 1.000000
0.017491 -0.005541 0.325612 0.604062 -0.066539 0.794154 1.000000
0.017672 -0.005818 0.325370 0.671377 -0.143800 0.727031 1.000000
0.023984 -0.006136 0.318442 0.826010 -0.030548 0.562827 1.000000
0.023670 -0.005603 0.318901 0.798293 -0.052908 0.599941 1.000000
0.023584 -0.006154 0.318974 0.804480 -0.015849 0.593768 1.000000
0.023448 -0.006657 0.319138 0.799332 -0.009399 0.600817 1.000000
0.023127 -0.006166 0.319543 0.799799 -0.019285 0.599958 1.000000
0.023083 -0.006655 0.319610 0.793390 -0.007012 0.608673 1.000000
0.023777 -0.006545 0.318766 0.816595 -0.015803 0.576994 1.000000
0.023357 -0.004744 0.319413 0.828548 -0.038492 0.558594 1.000000
0.023357 -0.005327 0.319352 0.815660 -0.061948 0.575205 1.000000
0.023134 -0.003937 0.319714 0.916592 0.108560 0.384805 1.000000
0.023164 -0.004918 0.319765 0.824513 -0.058382 0.562823 1.000000
0.023135 -0.004487 0.319829 0.858028 -0.024243 0.513031 1.000000
0.022968 -0.005764 0.319814 0.796083 -0.077323 0.600227 1.000000
0.022831 -0.004124 0.320324 0.894762 0.004166 0.446524 1.000000
0.022797 -0.005540 0.320088 0.779564 -0.112940 0.616055 1.000000
0.022701 -0.006062 0.320133 0.787135 -0.045307 0.615114 1.000000
0.022657 -0.004663 0.320460 0.801183 -0.217974 0.557309 1.000000
0.022440 -0.006621 0.320509 0.730750 -0.051977 0.680663 1.000000
0.022489 -0.005709 0.320456 0.756179 -0.102132 0.646346 1.000000
0.022570 -0.005136 0.320457 0.773179 -0.153802 0.615255 1.000000
0.022672 -0.003713 0.320640 0.864020 0.128136 0.486878 1.000000
0.022344 -0.004804 0.320851 0.763680 -0.271548 0.585709 1.000000
0.022288 -0.005408 0.320742 0.779840 -0.159004 0.605448 1.000000
0.022164 -0.006014 0.320765 0.750189 -0.100119 0.653600 1.000000
0.022220 -0.004547 0.321081 0.788079 -0.273149 0.551653 1.000000
0.021963 -0.005655 0.321042 0.787520 -0.163193 0.594290 1.000000
0.021838 -0.006181 0.321018 0.742167 -0.128235 0.657832 1.000000
0.022048 -0.005070 0.321103 0.793709 -0.225937 0.564782 1.000000
0.020300 -0.004172 0.322709 0.701097 -0.296826 0.648349 1.000000
0.022937 -0.003579 0.319875 0.910578 0.162807 0.379923 1.000000
0.022701 -0.003681 0.320259 0.904588 0.116335 0.410105 1.000000
0.021884 -0.005289 0.321358 0.781617 -0.225928 0.581405 1.000000
0.021532 -0.006427 0.321405 0.677361 -0.136412 0.722893 1.000000
0.021505 -0.005858 0.321498 0.669791 -0.227169 0.706948 1.000000
0.021885 -0.004851 0.321410 0.778652 -0.246756 0.576900 1.000000
0.021059 -0.006729 0.321739 0.689691 -0.107747 0.716042 1.000000
0.020893 -0.006306 0.321999 0.723116 -0.137778 0.676846 1.000000
0.022016 -0.002891 0.321074 0.826551 0.268177 0.494868 1.000000
0.021205 -0.005596 0.321843 0.637831 -0.198446 0.744171 1.000000
0.020635 -0.006493 0.322293 0.750012 -0.127481 0.649023 1.000000
0.021155 -0.004897 0.322125 0.565897 -0.210679 0.797104 1.000000
0.020939 -0.005996 0.322035 0.683537 -0.185811 0.705869 1.000000
0.020592 -0.005893 0.322436 0.734596 -0.110492 0.669448 1.000000
0.020896 -0.005445 0.322220 0.658944 -0.135727 0.739845 1.000000
0.020700 -0.004515 0.322440 0.526402 -0.271312 0.805786 1.000000
0.020447 -0.005461 0.322593 0.720305 -0.046526 0.692095 1.000000
0.020508 -0.005041 0.322559 0.656451 -0.040573 0.753277 1.000000
0.020324 -0.006515 0.322647 0.721085 -0.134847 0.679597 1.000000
0.023371 -0.005862 0.319259 0.799801 -0.054109 0.597821 1.000000
0.020009 -0.005544 0.323124 0.754331 -0.066538 0.653114 1.000000
0.020238 -0.005310 0.322849 0.737962 0.015223 0.674670 1.000000
0.019613 -0.006523 0.323315 0.691677 -0.183288 0.698562 1.000000
0.019669 -0.005343 0.323457 0.717268 -0.131762 0.684226 1.000000
0.019974 -0.004636 0.323017 0.794165 -0.194992 0.575570 1.000000
0.022559 -0.004465 0.320812 0.824275 -0.181873 0.536183 1.000000
0.022669 -0.003235 0.320240 0.875690 0.268277 0.401490 1.000000
0.021532 -0.004922 0.321884 0.646108 -0.251928 0.720470 1.000000
0.021837 -0.002673 0.320948 0.809236 0.298729 0.505863 1.000000
0.020318 -0.006244 0.322700 0.739400 -0.127566 0.661071 1.000000
0.020038 -0.006499 0.322965 0.698586 -0.169329 0.695201 1.000000
0.022808 -0.006490 0.320025 0.790223 -0.026161 0.612260 1.000000
0.019635 -0.004992 0.323571 0.776855 -0.131466 0.615803 1.000000
0.020023 -0.004286 0.322815 0.749201 -0.298879 0.591075 1.000000
0.022385 -0.004178 0.321234 0.815829 -0.195936 0.544088 1.000000
0.018169 -0.004095 0.324774 0.515917 0.325221 0.792503 1.000000
0.017842 -0.004358 0.325173 0.583344 0.306045 0.752360 1.000000
0.017622 -0.005015 0.325529 0.603887 0.017889 0.796869 1.000000
0.020718 -0.006711 0.321913 0.726757 -0.108438 0.678282 1.000000
0.017172 -0.005119 0.325831 0.557836 0.033968 0.829256 1.000000
0.018042 -0.002905 0.324042 0.267044 0.488095 0.830934 1.000000
0.016785 -0.005311 0.326097 0.529766 0.000666 0.848144 1.000000
0.020825 -0.003982 0.322607 0.525488 -0.344529 0.777922 1.000000
0.020444 -0.003903 0.323036 0.668840 -0.300684 0.679884 1.000000
0.020091 -0.004184 0.323080 0.774988 -0.307336 0.552213 1.000000
0.020657 -0.003745 0.322952 0.659736 -0.268101 0.702047 1.000000
0.020254 -0.004584 0.322657 0.703168 -0.150069 0.695006 1.000000
0.016529 -0.004312 0.326067 -0.489562 -0.294503 -0.820729 1.000000
0.016145 -0.003830 0.326088 -0.465992 -0.386027 -0.796137 1.000000
0.022366 -0.006287 0.320568 0.737464 -0.051619 0.673410 1.000000
0.023039 -0.005301 0.319837 0.819766 -0.076556 0.567558 1.000000
0.022907 -0.004769 0.320162 0.851583 -0.138429 0.505613 1.000000
0.021938 -0.004009 0.321861 0.749031 -0.151743 0.644924 1.000000
0.018342 -0.003465 0.324341 0.327419 0.390506 0.860408 1.000000
0.021463 -0.005374 0.321832 0.665962 -0.224373 0.711443 1.000000
0.022049 -0.004503 0.321461 0.751244 -0.248295 0.611540 1.000000
0.017838 -0.003728 0.324712 0.458547 0.484729 0.744831 1.000000
0.018862 -0.000894 0.322036 -0.364040 -0.646229 -0.670718 1.000000
0.016059 -0.006586 0.326276 0.511654 -0.260752 0.818669 1.000000
0.017249 -0.003880 0.325316 0.545518 0.434691 0.716557 1.000000
0.017787 -0.002428 0.323837 0.272501 0.526801 0.805124 1.000000
0.017669 -0.001821 0.323596 -0.286295 -0.557387 -0.779330 1.000000
0.022634 -0.006604 0.320267 0.768535 -0.032977 0.638957 1.000000
0.021307 -0.000793 0.320764 -0.641389 -0.368745 -0.672791 1.000000
0.021305 -0.004421 0.322163 0.583567 -0.255158 0.770937 1.000000
0.016010 -0.003293 0.325752 -0.458336 -0.511375 -0.726928 1.000000
0.022760 -0.005302 0.320229 0.784588 -0.136110 0.604893 1.000000
0.021077 -0.005844 0.321920 0.628847 -0.209423 0.748794 1.000000
0.022332 -0.003096 0.320830 0.849942 0.284378 0.443540 1.000000
0.021802 -0.003723 0.322115 0.713916 -0.109356 0.691640 1.000000
0.022144 -0.002635 0.320790 0.843828 0.265729 0.466201 1.000000
0.022920 -0.005475 0.319934 0.786126 -0.106815 0.608767 1.000000
0.018978 -0.005766 0.324080 0.678995 -0.121539 0.724013 1.000000
0.022392 -0.004934 0.320738 0.768572 -0.240934 0.592662 1.000000
0.023223 -0.004724 0.319717 0.827997 -0.039911 0.559310 1.000000
0.019609 -0.004275 0.323950 0.692793 -0.167478 0.701419 1.000000
0.016852 -0.002194 0.324205 -0.363210 -0.543378 -0.756848 1.000000
0.022151 -0.003930 0.321599 0.793635 -0.119731 0.596496 1.000000
0.023207 -0.005685 0.319517 0.804901 -0.084432 0.587371 1.000000
0.019520 -0.006206 0.323548 0.699276 -0.160114 0.696689 1.000000
0.021259 -0.006253 0.321710 0.652667 -0.189767 0.733495 1.000000
0.019759 -0.005868 0.323380 0.703314 -0.123511 0.700068 1.000000
0.017002 -0.001219 0.323405 -0.324227 -0.555585 -0.765638 1.000000
0.022238 -0.005692 0.320713 0.773143 -0.127078 0.621371 1.000000
0.022590 -0.003923 0.321037 0.873064 -0.047540 0.485282 1.000000
0.023359 -0.006279 0.319265 0.795477 -0.006137 0.605953 1.000000
0.021764 -0.005561 0.321446 0.736695 -0.233509 0.634629 1.000000
0.022713 -0.004118 0.320807 0.874214 -0.083739 0.478264 1.000000
0.021848 -0.004954 0.321628 0.735607 -0.252065 0.628765 1.000000
0.021700 -0.004072 0.322096 0.652342 -0.251879 0.714848 1.000000
0.021247 -0.004766 0.322034 0.577047 -0.244009 0.779407 1.000000
0.020793 -0.005810 0.322220 0.689105 -0.168716 0.704747 1.000000
0.022798 -0.003419 0.320017 0.904039 0.190630 0.382588 1.000000
0.021445 -0.003759 0.322365 0.595990 -0.210818 0.774824 1.000000
0.022565 -0.003074 0.320526 0.856222 0.255681 0.448900 1.000000
0.020264 -0.006065 0.322851 0.734784 -0.098657 0.671088 1.000000
0.021013 -0.003594 0.322773 0.548760 -0.266005 0.792530 1.000000
0.022422 -0.002439 0.320491 0.832546 0.265227 0.486335 1.000000
0.019940 -0.006147 0.323192 0.701238 -0.138665 0.699312 1.000000
0.020925 -0.003114 0.322878 0.580180 0.159490 0.798720 1.000000
0.020177 -0.002764 0.323259 0.594896 0.298330 0.746390 1.000000
0.017365 -0.004736 0.325613 0.553935 0.182083 0.812405 1.000000
0.022412 -0.002756 0.320566 0.847844 0.257278 0.463648 1.000000
0.021799 -0.001904 0.321176 0.729249 0.340696 0.593399 1.000000
0.021647 -0.001334 0.320891 0.729249 0.340696 0.593399 1.000000
0.021767 -0.004476 0.321869 0.724489 -0.253619 0.640931 1.000000
0.023011 -0.004279 0.320062 0.880779 -0.003962 0.473511 1.000000
0.022025 -0.002057 0.321004 0.764874 0.332277 0.551868 1.000000
0.022172 -0.002244 0.320826 0.807297 0.283716 0.517472 1.000000
0.019992 -0.003144 0.323577 0.607552 0.172355 0.775355 1.000000
0.022145 -0.001839 0.320683 0.777146 0.326524 0.537983 1.000000
0.019635 -0.002459 0.323365 0.434803 0.525485 0.731308 1.000000
0.021739 -0.005200 0.321734 -0.715643 0.210056 -0.666131 1.000000
0.021070 -0.000934 0.321100 -0.597994 -0.362631 -0.714774 1.000000
0.019423 -0.001824 0.322929 0.384976 0.605962 0.696134 1.000000
0.018942 -0.001950 0.323366 0.317737 0.576003 0.753169 1.000000
0.018385 -0.002282 0.323743 0.265197 0.529716 0.805650 1.000000
0.023851 -0.005931 0.318689 0.805703 -0.032773 0.591412 1.000000
0.019739 -0.000938 0.321839 -0.402948 -0.644711 -0.649600 1.000000
0.021347 -0.002433 0.322018 0.715839 0.367299 0.593857 1.000000
0.023204 -0.004290 0.319540 0.881967 0.015795 0.471046 1.000000
0.020674 -0.002079 0.322251 0.509158 0.527445 0.680117 1.000000
0.023634 -0.005083 0.318953 0.815907 -0.049791 0.576035 1.000000
0.020159 -0.001604 0.322232 0.446900 0.589240 0.673109 1.000000
0.022001 -0.006660 0.320880 0.707272 -0.069677 0.703499 1.000000
0.018943 -0.004940 0.324317 0.662923 -0.115496 0.739726 1.000000
0.018562 -0.004940 0.324649 0.662678 -0.049327 0.747279 1.000000
0.016857 -0.003275 0.325074 0.506313 0.539890 0.672434 1.000000
0.016350 -0.002197 0.324475 -0.446445 -0.542201 -0.711832 1.000000
0.018855 -0.006459 0.324120 0.678323 -0.131296 0.722938 1.000000
0.018938 -0.016898 0.326581 0.396035 -0.768833 -0.502049 1.000000
0.019604 -0.007453 0.323204 0.686769 -0.097323 0.720330 1.000000
0.023573 -0.008677 0.318847 0.846067 0.003362 0.533065 1.000000
0.019829 -0.008936 0.322742 0.671161 -0.162887 0.723195 1.000000
0.019419 -0.006765 0.323382 0.699350 -0.175875 0.692804 1.000000
0.022491 -0.004890 0.320611 0.779714 -0.221702 0.585572 1.000000
0.026178 -0.017162 0.323841 0.700948 0.407314 0.585464 1.000000
0.022663 -0.016599 0.326391 -0.354455 -0.667993 -0.654329 1.000000
0.027491 -0.016092 0.320436 0.789602 0.488273 0.371644 1.000000
0.022414 -0.015914 0.325875 -0.267890 -0.748058 -0.607160 1.000000
0.015775 -0.007418 0.326148 0.499477 -0.317228 0.806157 1.000000
0.018980 -0.006929 0.323901 0.695403 -0.173392 0.697388 1.000000
0.016937 -0.018968 0.328547 0.437791 -0.685855 -0.581328 1.000000
0.017721 -0.007349 0.324995 0.615262 -0.238177 0.751482 1.000000
0.019479 -0.007129 0.323276 0.695564 -0.136271 0.705423 1.000000
0.022665 -0.014560 0.322774 0.085845 -0.900742 -0.425786 1.000000
0.018270 -0.000785 0.322483 -0.329802 -0.623302 -0.709031 1.000000
0.018353 -0.005969 0.324624 0.697648 -0.134831 0.703639 1.000000
0.019829 -0.008936 0.322742 0.671161 -0.162887 0.723195 1.000000
0.022018 -0.010985 0.320412 0.273136 -0.169686 0.946892 1.000000
0.024427 -0.019027 0.326930 0.688458 0.400215 0.604858 1.000000
0.021700 -0.004072 0.322096 0.652342 -0.251879 0.714848 1.000000
0.023966 -0.010898 0.319180 0.692011 0.482450 0.536995 1.000000
0.022526 -0.018384 0.328452 0.508523 0.496575 0.703432 1.000000
0.027050 -0.016277 0.321723 0.802078 0.447325 0.395691 1.000000
0.013969 -0.006062 0.327558 -0.426349 0.116337 -0.897046 1.000000
0.021467 -0.017277 0.327224 -0.117535 -0.808880 -0.576107 1.000000
0.014129 -0.015714 0.325038 0.444400 0.094379 0.890843 1.000000
0.011167 -0.010279 0.327311 -0.397731 0.303842 -0.865731 1.000000
0.020755 -0.007840 0.322004 0.726224 -0.061902 0.684666 1.000000
0.012963 -0.007133 0.327756 -0.382314 0.323670 -0.865491 1.000000
0.016188 -0.019144 0.328141 0.520397 -0.668656 -0.531118 1.000000
0.016756 -0.010383 0.324584 0.501144 -0.362875 0.785606 1.000000
0.022145 -0.001839 0.320683 0.777146 0.326524 0.537983 1.000000
0.023568 -0.017809 0.326949 0.587414 0.562886 0.581467 1.000000
0.021458 -0.017605 0.327873 -0.183016 -0.849861 -0.494208 1.000000
0.014123 -0.018320 0.325924 -0.106787 0.612588 0.783155 1.000000
0.014933 -0.018570 0.326283 0.202348 -0.766634 -0.609366 1.000000
0.025408 -0.016277 0.324010 0.606047 0.562091 0.562814 1.000000
0.025406 -0.011270 0.316599 0.704985 0.697272 0.129646 1.000000
0.023723 -0.007075 0.318786 0.832500 -0.031560 0.553125 1.000000
0.026680 -0.012587 0.316922 0.697388 0.706874 0.118234 1.000000
0.019216 -0.014390 0.322192 -0.016124 0.669737 0.742423 1.000000
0.018965 -0.011972 0.321704 0.442784 -0.384735 0.809890 1.000000
0.019208 -0.010593 0.322321 0.607011 -0.450783 0.654471 1.000000
0.021439 -0.017992 0.328645 -0.315008 -0.755543 -0.574390 1.000000
0.026978 -0.014882 0.319949 0.745638 0.435066 0.504718 1.000000
0.020088 -0.010175 0.322100 0.548531 -0.361234 0.754071 1.000000
0.018392 -0.017506 0.327256 0.502894 -0.836038 -0.219403 1.000000
0.025862 -0.011735 0.317375 -0.693663 -0.709093 -0.126565 1.000000
0.022570 -0.005136 0.320457 0.773179 -0.153802 0.615255 1.000000
0.022805 -0.007410 0.319952 0.745951 -0.099698 0.658496 1.000000
0.019149 -0.010439 0.322739 0.653455 -0.434319 0.619970 1.000000
0.021597 -0.016663 0.326681 0.090066 0.703573 0.704892 1.000000
0.015865 -0.018229 0.325891 0.192464 -0.814419 -0.547429 1.000000
0.025358 -0.015745 0.323433 -0.557769 -0.610917 -0.561849 1.000000
0.015662 -0.012821 0.323506 0.608619 -0.640588 0.468220 1.000000
0.023338 -0.007282 0.319337 0.789822 -0.034934 0.612340 1.000000
0.016529 -0.004312 0.326067 -0.489562 -0.294503 -0.820729 1.000000
0.016832 -0.016881 0.325286 -0.247427 0.528120 0.812324 1.000000
0.021647 -0.001334 0.320891 0.729249 0.340696 0.593399 1.000000
0.016871 -0.009127 0.324973 0.528704 -0.240132 0.814131 1.000000
0.021792 -0.015027 0.323944 -0.045324 0.947274 0.317203 1.000000
0.019371 -0.007000 0.323481 0.698864 -0.146240 0.700144 1.000000
0.022983 -0.008036 0.319663 0.728527 -0.104099 0.677061 1.000000
0.022001 -0.006660 0.320880 0.707272 -0.069677 0.703499 1.000000
0.022288 -0.005408 0.320742 0.779840 -0.159004 0.605448 1.000000
0.018869 -0.019474 0.330784 0.186000 -0.651400 -0.735583 1.000000
0.018773 -0.017754 0.328612 0.336121 -0.775267 -0.534775 1.000000
0.021797 -0.007989 0.320971 0.710146 -0.104862 0.696201 1.000000
0.019155 -0.008852 0.323431 0.638618 -0.155319 0.753686 1.000000
0.024004 -0.019197 0.327539 0.694078 0.375869 0.613986 1.000000
0.019983 -0.011395 0.321387 0.517167 -0.475277 0.711793 1.000000
0.021221 -0.009004 0.321334 0.720258 -0.080940 0.688968 1.000000
0.022993 -0.014033 0.321800 0.128858 -0.788752 -0.601054 1.000000
0.027627 -0.013947 0.318720 -0.652416 -0.486808 -0.580837 1.000000
0.024853 -0.014871 0.322927 -0.358065 -0.712939 -0.602915 1.000000
0.027194 -0.014350 0.319385 0.670537 0.413799 0.615752 1.000000
0.022926 -0.009188 0.319621 0.738828 -0.029759 0.673237 1.000000
0.025846 -0.018164 0.324476 0.725029 0.259400 0.638000 1.000000
0.023164 -0.004918 0.319765 0.824513 -0.058382 0.562823 1.000000
0.021608 -0.009976 0.320731 0.630657 -0.064633 0.773366 1.000000
0.015345 -0.013947 0.322704 0.827655 0.045296 0.559407 1.000000
0.018756 -0.014177 0.321953 0.066410 0.613829 0.786640 1.000000
0.020685 -0.018519 0.329652 0.347130 0.601827 0.719239 1.000000
0.018572 -0.010657 0.323227 0.594921 -0.463012 0.657030 1.000000
0.023942 -0.008956 0.318133 0.920757 0.108742 0.374676 1.000000
0.019520 -0.006206 0.323548 0.699276 -0.160114 0.696689 1.000000
0.026470 -0.012376 0.317376 0.697388 0.706874 0.118234 1.000000
0.017452 -0.004455 0.325484 0.555948 0.320291 0.767030 1.000000
0.017918 -0.009075 0.324334 0.567708 -0.225737 0.791676 1.000000
0.012815 -0.012196 0.326110 0.328030 -0.304027 0.894407 1.000000
0.019555 -0.013016 0.321413 0.220749 0.179255 0.958717 1.000000
0.016063 -0.012249 0.323928 0.565819 -0.568303 0.597395 1.000000
0.017046 -0.017992 0.325989 0.350002 -0.832974 -0.428548 1.000000
0.017750 -0.013320 0.321553 0.229474 -0.067829 0.970948 1.000000
0.017627 -0.014737 0.322674 -0.078673 -0.717672 -0.691923 1.000000
0.014355 -0.017067 0.325098 0.163604 0.305246 0.938114 1.000000
0.015245 -0.004323 0.326735 -0.426012 -0.201556 -0.881980 1.000000
0.018353 -0.005969 0.324624 0.697648 -0.134831 0.703639 1.000000
0.027658 -0.017061 0.321304 0.803646 0.437044 0.403912 1.000000
0.016975 -0.016226 0.324833 -0.171954 0.636894 0.751530 1.000000
0.014129 -0.015714 0.325038 0.444400 0.094379 0.890843 1.000000
0.024494 -0.010483 0.317060 0.777834 0.611129 0.146613 1.000000
0.013249 -0.012444 0.325852 0.320232 -0.292485 0.901057 1.000000
0.013782 -0.014071 0.325359 0.472961 -0.223278 0.852323 1.000000
0.018478 -0.014132 0.322021 0.061585 0.624431 0.778648 1.000000
0.019565 -0.015550 0.324428 0.221513 -0.914733 -0.337928 1.000000
0.014324 -0.013244 0.325201 0.729145 -0.198680 0.654884 1.000000
0.018388 -0.007802 0.324236 0.663856 -0.172564 0.727679 1.000000
0.021458 -0.017605 0.327873 -0.183016 -0.849861 -0.494208 1.000000
0.014806 -0.011654 0.325486 0.507941 -0.317636 0.800689 1.000000
0.022931 -0.012116 0.320607 0.093942 0.303252 0.948268 1.000000
0.018770 -0.009756 0.323411 0.602409 -0.283448 0.746164 1.000000
0.012489 -0.008517 0.327387 0.369899 -0.376468 0.849380 1.000000
0.019294 -0.003484 0.324174 0.486758 0.214171 0.846875 1.000000
0.026178 -0.017162 0.323841 0.700948 0.407314 0.585464 1.000000
0.021626 -0.018444 0.329095 0.456113 0.489970 0.742894 1.000000
0.020552 -0.019451 0.330278 0.423846 0.491937 0.760495 1.000000
0.023207 -0.005685 0.319517 0.804901 -0.084432 0.587371 1.000000
0.025638 -0.014134 0.321431 -0.603731 -0.632395 -0.485371 1.000000
0.019007 -0.012788 0.321494 0.233368 0.017778 0.972226 1.000000
0.020993 -0.007169 0.321642 0.682869 -0.074524 0.726730 1.000000
0.017871 -0.008627 0.324449 0.589436 -0.198766 0.782980 1.000000
0.017627 -0.014737 0.322674 -0.078673 -0.717672 -0.691923 1.000000
0.013983 -0.010905 0.326128 0.394562 -0.217443 0.892771 1.000000
0.022713 -0.004118 0.320807 0.874214 -0.083739 0.478264 1.000000
0.023883 -0.016848 0.325729 0.479857 0.613792 0.626894 1.000000
0.016188 -0.019144 0.328141 0.520397 -0.668656 -0.531118 1.000000
0.022442 -0.017718 0.327778 -0.264207 -0.789324 -0.554222 1.000000
0.017171 -0.001981 0.323877 -0.329193 -0.536776 -0.776855 1.000000
0.014797 -0.013504 0.324145 0.780787 -0.461856 0.420785 1.000000
0.016975 -0.016226 0.324833 -0.171954 0.636894 0.751530 1.000000
0.022882 -0.006909 0.319913 0.778400 -0.027556 0.627164 1.000000
0.024427 -0.010515 0.317591 0.849384 0.510112 0.135397 1.000000
0.015911 -0.014724 0.323525 0.346955 0.617697 0.705742 1.000000
0.012525 -0.010293 0.326756 0.286966 -0.201958 0.936410 1.000000
0.018055 -0.017461 0.326314 0.565256 -0.685308 -0.459172 1.000000
0.017900 -0.007081 0.324938 0.664077 -0.193191 0.722273 1.000000
0.018926 -0.017314 0.327842 0.306473 -0.899086 -0.312600 1.000000
0.021092 -0.007575 0.321650 0.701807 -0.059746 0.709857 1.000000
0.017720 -0.018298 0.328347 0.479592 -0.700668 -0.528256 1.000000
0.021463 -0.005374 0.321832 0.665962 -0.224373 0.711443 1.000000
0.015244 -0.007736 0.326328 0.481945 -0.320568 0.815454 1.000000
0.021400 -0.016969 0.326979 -0.107379 -0.763954 -0.636273 1.000000
0.020925 -0.003114 0.322878 0.580180 0.159490 0.798720 1.000000
0.018043 -0.006375 0.324908 0.695335 -0.140378 0.704842 1.000000
0.021463 -0.005374 0.321832 0.665962 -0.224373 0.711443 1.000000
0.011304 -0.010805 0.326973 -0.375248 0.239131 -0.895547 1.000000
0.017899 -0.013740 0.321637 0.199808 0.202701 0.958639 1.000000
0.024220 -0.018023 0.326461 -0.660762 -0.429652 -0.615462 1.000000
0.027331 -0.016279 0.321064 0.798650 0.486685 0.353972 1.000000
0.015997 -0.008240 0.325729 0.499932 -0.226372 0.835957 1.000000
0.014187 -0.011936 0.325696 0.415250 -0.311192 0.854826 1.000000
0.018567 -0.018482 0.329207 0.427807 -0.674957 -0.601177 1.000000
0.012295 -0.014711 0.325576 0.273315 -0.159662 0.948581 1.000000
0.014208 -0.007529 0.327027 0.446958 -0.364316 0.817008 1.000000
0.018270 -0.000785 0.322483 -0.329802 -0.623302 -0.709031 1.000000
0.019605 -0.011822 0.321354 -0.529276 0.295351 -0.795384 1.000000
0.016919 -0.010765 0.324300 0.495018 -0.389669 0.776605 1.000000
0.020506 -0.011428 0.320842 0.537583 -0.402946 0.740702 1.000000
0.019759 -0.005868 0.323380 0.703314 -0.123511 0.700068 1.000000
0.019203 -0.007145 0.323620 0.708467 -0.151061 0.689388 1.000000
0.015892 -0.019231 0.327937 0.556610 -0.670931 -0.489936 1.000000
0.025169 -0.011142 0.317305 -0.674441 -0.712121 -0.194969 1.000000
0.020962 -0.010836 0.321141 0.523100 -0.535922 0.662687 1.000000
0.026038 -0.019078 0.324921 0.739808 0.305126 0.599652 1.000000
0.026019 -0.012261 0.318367 -0.613031 -0.714606 -0.336944 1.000000
0.012608 -0.011708 0.326423 0.301603 -0.303148 0.903956 1.000000
0.024778 -0.013799 0.321772 -0.343976 -0.690319 -0.636506 1.000000
0.023175 -0.014882 0.323663 -0.109511 -0.859411 -0.499421 1.000000
0.019192 -0.005991 0.323851 0.686759 -0.140066 0.713262 1.000000
0.023328 -0.015864 0.325021 -0.407741 -0.736801 -0.539325 1.000000
0.013830 -0.009392 0.326469 0.344552 -0.243063 0.906755 1.000000
0.018652 -0.017006 0.326500 0.416289 -0.785132 -0.458553 1.000000
0.026334 -0.018514 0.324271 0.651738 0.285745 0.702558 1.000000
0.025587 -0.017113 0.324516 0.713666 0.378693 0.589298 1.000000
0.018580 -0.002926 0.324092 0.280321 0.438963 0.853658 1.000000
0.018567 -0.018482 0.329207 0.427807 -0.674957 -0.601177 1.000000
0.012411 -0.012190 0.326271 0.328521 -0.286639 0.899951 1.000000
0.025934 -0.012931 0.319508 -0.567433 -0.651351 -0.503747 1.000000
0.022633 -0.012695 0.320665 -0.096658 0.430208 0.897540 1.000000
0.015352 -0.006988 0.326566 0.508073 -0.295908 0.808888 1.000000
0.019905 -0.004723 0.323521 0.816071 -0.198295 0.542869 1.000000
0.025169 -0.011142 0.317305 -0.674441 -0.712121 -0.194969 1.000000
0.027464 -0.017991 0.322419 0.815856 0.349675 0.460550 1.000000
0.021330 -0.014368 0.322337 0.003695 -0.860843 -0.508857 1.000000
0.017361 -0.006029 0.325616 0.602158 -0.153563 0.783469 1.000000
0.022319 -0.009143 0.320231 0.725005 -0.000864 0.688743 1.000000
0.015500 -0.013507 0.322152 -0.545352 0.596643 -0.588734 1.000000
0.026304 -0.017854 0.324151 0.669142 0.276911 0.689615 1.000000
0.022929 -0.014751 0.323366 -0.022033 -0.895736 -0.444039 1.000000
0.023723 -0.007075 0.318786 0.832500 -0.031560 0.553125 1.000000
0.015622 -0.018591 0.326681 0.374861 -0.804281 -0.461099 1.000000
0.025039 -0.016813 0.324835 0.567771 0.535861 0.624892 1.000000
0.021050 -0.008522 0.321577 0.727079 -0.090753 0.680529 1.000000
0.016673 -0.009932 0.324818 0.529782 -0.311941 0.788685 1.000000
0.014517 -0.018771 0.326390 -0.201323 0.737773 0.644329 1.000000
0.022148 -0.007684 0.320580 0.729329 -0.125460 0.672562 1.000000
0.021386 -0.007047 0.321443 0.656968 -0.086163 0.748979 1.000000
0.021151 -0.015219 0.324410 0.103571 -0.946242 -0.306428 1.000000
0.027210 -0.019035 0.323670 0.762383 0.336830 0.552556 1.000000
0.022016 -0.002891 0.321074 0.826551 0.268177 0.494868 1.000000
0.020363 -0.010385 0.321853 0.561210 -0.334855 0.756911 1.000000
0.014933 -0.018570 0.326283 0.202348 -0.766634 -0.609366 1.000000
0.015978 -0.015125 0.323952 0.164153 0.695355 0.699668 1.000000
0.017714 -0.006551 0.325210 0.674352 -0.152253 0.722543 1.000000
0.022238 -0.005692 0.320713 0.773143 -0.127078 0.621371 1.000000
0.021445 -0.003759 0.322365 0.595990 -0.210818 0.774824 1.000000
0.021652 -0.006817 0.321249 0.672515 -0.074425 0.736332 1.000000
0.018108 -0.012441 0.321883 0.456177 -0.464348 0.759133 1.000000
0.021821 -0.013342 0.320989 0.073324 0.612261 0.787248 1.000000
0.022220 -0.004547 0.321081 0.788079 -0.273149 0.551653 1.000000
0.023715 -0.008892 0.318593 0.874436 0.011931 0.484994 1.000000
0.019613 -0.016348 0.326011 0.169748 -0.846161 -0.505171 1.000000
0.014933 -0.012860 0.324631 0.707721 -0.436553 0.555474 1.000000
0.020592 -0.005893 0.322436 0.734596 -0.110492 0.669448 1.000000
0.018982 -0.019281 0.330589 0.217543 -0.692544 -0.687792 1.000000
0.024561 -0.011790 0.319386 -0.590698 -0.615057 -0.522284 1.000000
0.015466 -0.012572 0.324198 0.637742 -0.568751 0.519430 1.000000
0.021386 -0.007047 0.321443 0.656968 -0.086163 0.748979 1.000000
0.018353 -0.005969 0.324624 0.697648 -0.134831 0.703639 1.000000
0.016456 -0.008274 0.325445 0.497351 -0.220992 0.838930 1.000000
0.023204 -0.004290 0.319540 0.881967 0.015795 0.471046 1.000000
0.017622 -0.005015 0.325529 0.603887 0.017889 0.796869 1.000000
0.022945 -0.019076 0.328386 0.579736 0.379677 0.720938 1.000000
0.018921 -0.007199 0.323895 -0.693341 0.159920 -0.702640 1.000000
0.017083 -0.012882 0.322286 0.478180 -0.481420 0.734561 1.000000
0.023585 -0.015293 0.324051 -0.236076 -0.801228 -0.549819 1.000000
0.021940 -0.012255 0.320460 0.045249 0.223828 0.973578 1.000000
0.020893 -0.006306 0.321999 0.723116 -0.137778 0.676846 1.000000
0.018392 -0.017506 0.327256 0.502894 -0.836038 -0.219403 1.000000
0.021388 -0.009218 0.321039 0.686897 -0.085381 0.721722 1.000000
0.016857 -0.003275 0.325074 0.506313 0.539890 0.672434 1.000000
0.012588 -0.008790 0.327219 0.363833 -0.373747 0.853193 1.000000
0.018478 -0.014132 0.322021 0.061585 0.624431 0.778648 1.000000
0.010894 -0.008768 0.328031 0.438293 -0.357140 0.824833 1.000000
0.020796 -0.015404 0.324916 0.169528 -0.902056 -0.396932 1.000000
0.017361 -0.006029 0.325616 0.602158 -0.153563 0.783469 1.000000
0.014619 -0.012024 0.325371 0.542401 -0.346108 0.765513 1.000000
0.022590 -0.003923 0.321037 0.873064 -0.047540 0.485282 1.000000
0.021803 -0.007108 0.321063 0.677899 -0.074231 0.731398 1.000000
0.021310 -0.015014 0.323660 0.075578 -0.938354 -0.337313 1.000000
0.018159 -0.010664 0.323405 0.582342 -0.424188 0.693500 1.000000
0.024186 -0.009203 0.317753 0.968766 0.143274 0.202400 1.000000
0.023204 -0.004290 0.319540 0.881967 0.015795 0.471046 1.000000
0.024342 -0.010456 0.317875 0.862065 0.445335 0.241912 1.000000
0.015100 -0.006698 0.326908 0.496656 -0.264666 0.826610 1.000000
0.013627 -0.011475 0.326103 0.353461 -0.312311 0.881775 1.000000
0.022394 -0.007990 0.320273 0.730457 -0.127873 0.670881 1.000000
0.025295 -0.017494 0.325252 0.688442 0.370736 0.623380 1.000000
0.017908 -0.005021 0.325359 0.655954 0.048445 0.753244 1.000000
0.012691 -0.014630 0.325445 0.268749 -0.154652 0.950714 1.000000
0.022049 -0.004503 0.321461 0.751244 -0.248295 0.611540 1.000000
0.022554 -0.018884 0.328658 0.549813 0.405859 0.730058 1.000000
0.015616 -0.016718 0.324865 -0.039920 0.457778 0.888170 1.000000
0.015679 -0.009593 0.325600 0.491255 -0.252529 0.833605 1.000000
0.024494 -0.015391 0.323786 -0.380549 -0.700346 -0.603903 1.000000
0.016953 -0.007947 0.325249 0.493511 -0.244980 0.834525 1.000000
0.017622 -0.005015 0.325529 0.603887 0.017889 0.796869 1.000000
0.020981 -0.017371 0.327596 -0.189286 -0.864489 -0.465650 1.000000
0.019640 -0.007960 0.323107 0.679377 -0.093878 0.727760 1.000000
0.017388 -0.013727 0.321731 0.244256 0.313041 0.917793 1.000000
0.014837 -0.019094 0.326708 -0.267587 0.748399 0.606874 1.000000
0.027345 -0.018618 0.322829 0.811233 0.332385 0.481063 1.000000
0.023666 -0.007804 0.318862 0.839674 -0.059727 0.539797 1.000000
0.015865 -0.018229 0.325891 0.192464 -0.814419 -0.547429 1.000000
0.018762 -0.010221 0.323246 0.574807 -0.387273 0.720845 1.000000
0.011961 -0.011019 0.326731 -0.284697 0.248794 -0.925770 1.000000
0.021764 -0.005561 0.321446 0.736695 -0.233509 0.634629 1.000000
0.026843 -0.014175 0.319651 0.702444 0.423021 0.572386 1.000000
0.023670 -0.005603 0.318901 0.798293 -0.052908 0.599941 1.000000
0.020009 -0.005544 0.323124 0.754331 -0.066538 0.653114 1.000000
0.011167 -0.010279 0.327311 -0.397731 0.303842 -0.865731 1.000000
0.020274 -0.006839 0.322623 0.705358 -0.102093 0.701460 1.000000
0.020498 -0.011735 0.320621 0.527191 -0.319870 0.787244 1.000000
0.023057 -0.019386 0.328536 -0.582423 -0.367288 -0.725178 1.000000
0.024480 -0.017246 0.325638 0.528689 0.520974 0.670129 1.000000
0.021362 -0.014178 0.322021 -0.016708 -0.806478 -0.591029 1.000000
0.027359 -0.018273 0.322491 0.822037 0.345501 0.452641 1.000000
0.018151 -0.001082 0.322947 -0.322621 -0.602219 -0.730238 1.000000
0.026174 -0.018756 0.324512 0.672766 0.297231 0.677524 1.000000
0.020545 -0.007785 0.322306 0.729472 -0.065972 0.680821 1.000000
0.021092 -0.007575 0.321650 0.701807 -0.059746 0.709857 1.000000
0.015772 -0.006911 0.326357 0.503406 -0.334748 0.796572 1.000000
0.021925 -0.003432 0.321903 0.794799 0.136990 0.591210 1.000000
0.020498 -0.008658 0.322181 0.710110 -0.098574 0.697156 1.000000
0.024483 -0.014759 0.323013 -0.316316 -0.720258 -0.617392 1.000000
0.025785 -0.018336 0.324713 0.759873 0.238286 0.604824 1.000000
0.017419 -0.006734 0.325388 0.578140 -0.217440 0.786431 1.000000
0.021100 -0.011159 0.320577 0.498029 -0.538064 0.680040 1.000000
0.025377 -0.018153 0.325456 0.779172 0.227078 0.584232 1.000000
0.021254 -0.019964 0.330099 -0.505511 -0.425412 -0.750655 1.000000
0.018618 -0.007940 0.323993 0.648627 -0.150863 0.746005 1.000000
0.026116 -0.018073 0.324295 0.653329 0.281357 0.702851 1.000000
0.019468 -0.001444 0.322450 0.395971 0.631910 0.666255 1.000000
0.018387 -0.017680 0.328182 0.437050 -0.810848 -0.389245 1.000000
0.023110 -0.013103 0.321047 -0.152046 0.541757 0.826669 1.000000
0.017069 -0.018275 0.327741 0.437334 -0.790701 -0.428405 1.000000
0.021941 -0.018866 0.329046 0.478812 0.432347 0.764078 1.000000
0.021847 -0.010504 0.320566 0.518879 -0.213485 0.827761 1.000000
0.025406 -0.011270 0.316599 0.704985 0.697272 0.129646 1.000000
0.015135 -0.012444 0.324762 0.680565 -0.422614 0.598522 1.000000
0.022050 -0.017790 0.328115 -0.236380 -0.808887 -0.538356 1.000000
0.012166 -0.010865 0.326738 0.295447 -0.223987 0.928731 1.000000
0.013445 -0.017957 0.325558 -0.071496 -0.471687 -0.878863 1.000000
0.024186 -0.009203 0.317753 0.968766 0.143274 0.202400 1.000000
0.025539 -0.014861 0.322377 -0.533365 -0.628020 -0.566668 1.000000
0.019635 -0.002459 0.323365 0.434803 0.525485 0.731308 1.000000
0.023546 -0.013939 0.321961 0.082772 -0.783561 -0.615776 1.000000
0.021535 -0.010469 0.321046 0.604133 -0.312302 0.733138 1.000000
0.022931 -0.012116 0.320607 0.093942 0.303252 0.948268 1.000000
0.016411 -0.015023 0.323763 -0.243288 -0.771650 -0.587679 1.000000
0.024693 -0.010791 0.317424 0.725178 0.674317 0.139329 1.000000
0.020516 -0.015286 0.324385 0.175672 -0.922138 -0.344675 1.000000
0.021758 -0.012754 0.320653 0.083966 0.402311 0.911644 1.000000
0.016858 -0.017802 0.325771 -0.326456 0.666074 0.670651 1.000000
0.023127 -0.006166 0.319543 0.799799 -0.019285 0.599958 1.000000
0.026784 -0.015182 0.320571 0.784885 0.490694 0.378385 1.000000
0.017074 -0.019269 0.328943 0.443278 -0.662383 -0.603948 1.000000
0.024439 -0.013300 0.321400 -0.139350 -0.720285 -0.679537 1.000000
0.012295 -0.014711 0.325576 0.273315 -0.159662 0.948581 1.000000
0.018828 -0.004280 0.324484 0.556568 0.056626 0.828870 1.000000
0.024747 -0.014151 0.322165 -0.307144 -0.713697 -0.629523 1.000000
0.021246 -0.010086 0.321264 0.644837 -0.125915 0.753877 1.000000
0.017002 -0.001219 0.323405 -0.324227 -0.555585 -0.765638 1.000000
0.020893 -0.006306 0.321999 0.723116 -0.137778 0.676846 1.000000
0.024131 -0.013829 0.321982 -0.040818 -0.765399 -0.642261 1.000000
0.024244 -0.017312 0.325942 0.532869 0.538627 0.652635 1.000000
0.015377 -0.016233 0.324720 0.182251 0.404920 0.896004 1.000000
0.020034 -0.013835 0.321743 0.030460 0.537317 0.842830 1.000000
0.014729 -0.016411 0.324929 0.215685 0.312516 0.925102 1.000000
0.018055 -0.017461 0.326314 0.565256 -0.685308 -0.459172 1.000000
0.018169 -0.004095 0.324774 0.515917 0.325221 0.792503 1.000000
0.026938 -0.013001 0.318153 0.675156 0.690940 0.258391 1.000000
0.021467 -0.017277 0.327224 -0.117535 -0.808880 -0.576107 1.000000
0.013305 -0.014289 0.325463 0.291901 -0.195592 0.936236 1.000000
0.012815 -0.012196 0.326110 0.328030 -0.304027 0.894407 1.000000
0.020091 -0.004184 0.323080 0.774988 -0.307336 0.552213 1.000000
0.025260 -0.018885 0.325811 0.754661 0.301794 0.582587 1.000000
0.026116 -0.018073 0.324295 0.653329 0.281357 0.702851 1.000000
0.018211 -0.004607 0.324934 0.634372 0.162085 0.755844 1.000000
0.025978 -0.014324 0.321239 0.698932 0.582561 0.414869 1.000000
0.023958 -0.007677 0.318339 0.905181 -0.072328 0.418828 1.000000
0.022760 -0.005302 0.320229 0.784588 -0.136110 0.604893 1.000000
0.022145 -0.001839 0.320683 0.777146 0.326524 0.537983 1.000000
0.015616 -0.016718 0.324865 -0.039920 0.457778 0.888170 1.000000
0.018400 -0.011315 0.322708 0.632641 -0.515443 0.578000 1.000000
0.024234 -0.018737 0.326891 0.688044 0.402620 0.603732 1.000000
0.018417 -0.016395 0.325726 0.310997 -0.756396 -0.575453 1.000000
0.014982 -0.007337 0.326665 0.484201 -0.352961 0.800604 1.000000
0.017083 -0.012882 0.322286 0.478180 -0.481420 0.734561 1.000000
0.027302 -0.016574 0.321520 0.803522 0.450094 0.389575 1.000000
0.018572 -0.010657 0.323227 0.594921 -0.463012 0.657030 1.000000
0.023781 -0.008864 0.318477 0.883751 0.069276 0.462802 1.000000
0.024523 -0.019196 0.326858 0.695081 0.397610 0.598973 1.000000
0.024579 -0.018905 0.326687 0.694484 0.407326 0.593108 1.000000
0.027210 -0.019035 0.323670 0.762383 0.336830 0.552556 1.000000
0.016604 -0.009446 0.325069 0.538053 -0.264286 0.800407 1.000000
0.015164 -0.013131 0.323964 0.707620 -0.555145 0.437136 1.000000
0.024661 -0.016146 0.324512 -0.476632 -0.640188 -0.602480 1.000000
0.022132 -0.018504 0.328790 0.487963 0.502304 0.713851 1.000000
0.018234 -0.008760 0.324167 0.604614 -0.187043 0.774246 1.000000
0.022414 -0.015914 0.325875 -0.267890 -0.748058 -0.607160 1.000000
0.016482 -0.018870 0.328076 0.497448 -0.697192 -0.516206 1.000000
0.019213 -0.010030 0.322967 0.662115 -0.372922 0.650026 1.000000
0.012448 -0.009219 0.326969 0.346314 -0.326631 0.879420 1.000000
0.022394 -0.007990 0.320273 0.730457 -0.127873 0.670881 1.000000
0.024239 -0.010082 0.316661 0.911690 0.400288 0.092685 1.000000
0.017249 -0.003880 0.325316 0.545518 0.434691 0.716557 1.000000
0.021307 -0.010633 0.321071 0.591673 -0.329921 0.735579 1.000000
0.020595 -0.007093 0.322261 0.743705 -0.063577 0.665477 1.000000
0.014617 -0.012598 0.325160 0.603619 -0.349916 0.716382 1.000000
0.022313 -0.008583 0.320239 0.721514 -0.050345 0.690567 1.000000
0.027178 -0.015960 0.320724 0.800803 0.487364 0.348124 1.000000
0.016717 -0.018236 0.327216 0.403356 -0.874400 -0.269684 1.000000
0.024165 -0.009977 0.317246 0.948286 0.315094 -0.038327 1.000000
0.020649 -0.010742 0.321470 0.492666 -0.487844 0.720617 1.000000
0.023326 -0.008374 0.319235 0.788260 -0.054169 0.612954 1.000000
0.018886 -0.003323 0.324241 0.336720 0.339530 0.878259 1.000000
0.022529 -0.003511 0.320886 0.848258 0.217413 0.482897 1.000000
0.015997 -0.008240 0.325729 0.499932 -0.226372 0.835957 1.000000
0.021767 -0.009248 0.320818 0.686863 -0.054610 0.724732 1.000000
0.018688 -0.018941 0.329853 0.443144 -0.709397 -0.548070 1.000000
0.019450 -0.013938 0.321815 0.018254 0.535730 0.844192 1.000000
0.014572 -0.014780 0.323704 0.641360 0.272977 0.717036 1.000000
0.013313 -0.011954 0.326027 0.324526 -0.339191 0.882968 1.000000
0.023298 -0.018177 0.327645 0.583605 0.515289 0.627600 1.000000
0.020023 -0.004286 0.322815 0.749201 -0.298879 0.591075 1.000000
0.023011 -0.004279 0.320062 0.880779 -0.003962 0.473511 1.000000
0.026194 -0.014113 0.320428 0.717948 0.534713 0.445682 1.000000
0.015223 -0.005856 0.326904 0.488106 -0.068810 0.870067 1.000000
0.023338 -0.007282 0.319337 0.789822 -0.034934 0.612340 1.000000
0.017328 -0.017637 0.325854 0.445601 -0.643841 -0.622020 1.000000
0.024823 -0.013214 0.321110 -0.437299 -0.685032 -0.582666 1.000000
0.020159 -0.001604 0.322232 0.446900 0.589240 0.673109 1.000000
0.014797 -0.013504 0.324145 0.780787 -0.461856 0.420785 1.000000
0.023083 -0.013526 0.321369 -0.145988 0.686634 0.712195 1.000000
0.013589 -0.006473 0.327696 0.407645 -0.240338 0.880944 1.000000
0.027627 -0.013947 0.318720 -0.652416 -0.486808 -0.580837 1.000000
0.023448 -0.019038 0.327989 0.640857 0.364135 0.675801 1.000000
0.014072 -0.006766 0.327418 0.425548 -0.242556 0.871823 1.000000
0.022024 -0.014203 0.321907 0.017562 -0.825883 -0.563568 1.000000
0.022672 -0.003713 0.320640 0.864020 0.128136 0.486878 1.000000
0.019699 -0.016979 0.327283 0.094476 -0.927924 -0.360599 1.000000
0.020363 -0.010385 0.321853 0.561210 -0.334855 0.756911 1.000000
0.018261 -0.007462 0.324399 0.677204 -0.185372 0.712062 1.000000
0.020700 -0.004515 0.322440 0.526402 -0.271312 0.805786 1.000000
0.017682 -0.015447 0.323286 -0.181204 -0.860303 -0.476491 1.000000
0.014177 -0.012963 0.325417 0.536973 -0.233642 0.810600 1.000000
0.019619 -0.003940 0.324046 0.625273 -0.078496 0.776449 1.000000
0.024169 -0.010411 0.318520 0.859141 0.310812 0.406536 1.000000
0.017093 -0.002875 0.324529 0.401744 0.535646 0.742756 1.000000
0.023585 -0.015293 0.324051 -0.236076 -0.801228 -0.549819 1.000000
0.022024 -0.014203 0.321907 0.017562 -0.825883 -0.563568 1.000000
0.016327 -0.018493 0.327369 0.483436 -0.784782 -0.387824 1.000000
0.021938 -0.004009 0.321861 0.749031 -0.151743 0.644924 1.000000
0.021833 -0.008503 0.320797 0.720181 -0.118342 0.683619 1.000000
0.019635 -0.003328 0.323915 0.582772 0.191926 0.789646 1.000000
0.012608 -0.011708 0.326423 0.301603 -0.303148 0.903956 1.000000
0.024439 -0.013300 0.321400 -0.139350 -0.720285 -0.679537 1.000000
0.016457 -0.018597 0.327689 0.512660 -0.734222 -0.445082 1.000000
0.013161 -0.006680 0.327832 -0.388925 0.273081 -0.879866 1.000000
0.015511 -0.007335 0.326329 0.496271 -0.325173 0.804971 1.000000
0.017987 -0.015587 0.323721 -0.048956 -0.896166 -0.441009 1.000000
0.018062 -0.004811 0.325155 0.661152 0.076143 0.746378 1.000000
0.015776 -0.018991 0.327354 0.567831 -0.686187 -0.454660 1.000000
0.017651 -0.015796 0.324468 0.006253 -0.890000 -0.455917 1.000000
0.014411 -0.009910 0.326132 0.393287 -0.194477 0.898612 1.000000
0.016493 -0.012610 0.323071 0.432963 -0.708804 0.556902 1.000000
0.026893 -0.012901 0.317416 0.692758 0.703573 0.158338 1.000000
0.025302 -0.017342 0.325051 0.662204 0.426016 0.616438 1.000000
0.017907 -0.017949 0.328099 0.466493 -0.799383 -0.378644 1.000000
0.019948 -0.017501 0.328542 -0.008971 -0.876848 -0.480683 1.000000
0.024699 -0.010614 0.316816 0.719366 0.670696 0.180772 1.000000
0.015595 -0.005111 0.326684 0.453914 0.071292 0.888189 1.000000
0.018519 -0.010436 0.323385 0.564181 -0.407935 0.717836 1.000000
0.019155 -0.008852 0.323431 0.638618 -0.155319 0.753686 1.000000
0.018886 -0.003323 0.324241 0.336720 0.339530 0.878259 1.000000
