0.034523 -0.061347 0.343048 0.860314 -0.474553 -0.186171 1.000000
0.032728 -0.060636 0.337366 0.688819 -0.626160 -0.365310 1.000000
0.030764 -0.050630 0.331966 0.855366 -0.131848 -0.500965 1.000000
0.027119 -0.059930 0.332897 -0.347585 -0.849615 -0.396660 1.000000
0.031489 -0.054640 0.331728 0.848148 0.263855 -0.459376 1.000000
0.035375 -0.054386 0.339572 0.865172 0.267093 -0.424428 1.000000
0.035110 -0.059704 0.341616 0.831780 -0.517252 -0.201474 1.000000
0.023783 -0.059211 0.337063 -0.492316 -0.841030 -0.224263 1.000000
0.024043 -0.059958 0.339978 -0.534189 -0.833445 -0.141460 1.000000
0.031283 -0.052364 0.333035 0.892475 0.222971 -0.392139 1.000000
0.028632 -0.060692 0.333888 0.125812 -0.879069 -0.459792 1.000000
0.031918 -0.063500 0.341389 0.400425 -0.837298 -0.372280 1.000000
0.022503 -0.057536 0.333993 -0.452138 -0.833691 -0.317066 1.000000
0.032244 -0.062798 0.340350 0.504571 -0.767706 -0.395013 1.000000
0.032585 -0.062095 0.339573 0.607466 -0.685923 -0.400619 1.000000
0.027782 -0.060145 0.332896 -0.130951 -0.849120 -0.511711 1.000000
0.030115 -0.054723 0.328665 0.764561 -0.282463 -0.579363 1.000000
0.033527 -0.057945 0.335774 0.812870 -0.320682 -0.486215 1.000000
0.034117 -0.053274 0.337514 0.857148 0.058738 -0.511709 1.000000
0.023676 -0.058767 0.335773 -0.474099 -0.843206 -0.253445 1.000000
0.035939 -0.057510 0.340241 0.928874 -0.306172 -0.208448 1.000000
0.035560 -0.050286 0.338658 0.755271 -0.330890 -0.565754 1.000000
0.026595 -0.060538 0.335749 -0.486553 -0.838725 -0.244556 1.000000
0.029791 -0.055942 0.329304 0.615411 -0.500004 -0.609315 1.000000
0.023972 -0.057359 0.331325 -0.496365 -0.801331 -0.333901 1.000000
0.019505 -0.056231 0.334278 -0.471182 -0.830722 -0.296459 1.000000
0.034413 -0.056288 0.336771 0.868102 0.016846 -0.496100 1.000000
0.030716 -0.056382 0.330637 0.754318 -0.366255 -0.544851 1.000000
0.031783 -0.054766 0.332046 0.845339 0.265001 -0.463871 1.000000
0.032882 -0.057413 0.334326 0.799874 -0.288499 -0.526279 1.000000
0.029217 -0.058696 0.331679 0.357967 -0.725298 -0.588049 1.000000
0.029432 -0.062823 0.338695 -0.143158 -0.932184 -0.332473 1.000000
0.028703 -0.056146 0.328429 -0.513977 0.594585 0.618301 1.000000
0.035888 -0.058137 0.341113 0.879595 -0.414853 -0.232828 1.000000
0.020813 -0.057315 0.335735 -0.443167 -0.854387 -0.271341 1.000000
0.034834 -0.055419 0.337755 0.841127 0.230271 -0.489368 1.000000
0.021655 -0.057674 0.335698 -0.399464 -0.873823 -0.277239 1.000000
0.031733 -0.058840 0.333911 0.673182 -0.482286 -0.560559 1.000000
0.028896 -0.063374 0.341372 -0.378689 -0.866849 -0.324295 1.000000
0.026178 -0.058609 0.331022 -0.412384 -0.829562 -0.376518 1.000000
0.035306 -0.058095 0.338943 0.811801 -0.448302 -0.374171 1.000000
0.032481 -0.060734 0.337056 0.688653 -0.627639 -0.363079 1.000000
0.028915 -0.059880 0.332981 0.241259 -0.762298 -0.600580 1.000000
0.036736 -0.057306 0.342828 0.902097 -0.338375 -0.267814 1.000000
0.028657 -0.057508 0.329832 0.377287 -0.730665 -0.569020 1.000000
0.029747 -0.054635 0.328246 0.726975 -0.273273 -0.629944 1.000000
0.021974 -0.056995 0.333293 -0.439221 -0.835302 -0.330690 1.000000
0.024508 -0.060662 0.342226 -0.589099 -0.800613 -0.109460 1.000000
0.033020 -0.052748 0.335940 0.824311 0.022350 -0.565696 1.000000
0.031592 -0.058579 0.333526 0.661196 -0.491681 -0.566629 1.000000
0.034671 -0.057958 0.337722 0.817833 -0.354802 -0.453061 1.000000
0.029568 -0.062919 0.338911 -0.119198 -0.935884 -0.331532 1.000000
0.029143 -0.064025 0.342534 -0.432251 -0.804355 -0.407642 1.000000
0.036227 -0.056754 0.340687 0.954850 -0.129245 -0.267500 1.000000
0.021532 -0.058135 0.337300 -0.432511 -0.880430 -0.194363 1.000000
0.021250 -0.057399 0.335285 -0.403586 -0.863485 -0.302509 1.000000
0.023819 -0.059473 0.338013 -0.527438 -0.827309 -0.193311 1.000000
0.031205 -0.053159 0.332182 0.887706 0.264707 -0.376708 1.000000
0.034460 -0.058257 0.337533 0.818551 -0.367733 -0.441302 1.000000
0.025724 -0.060669 0.337853 -0.504627 -0.828489 -0.242810 1.000000
0.028043 -0.059541 0.332131 0.149784 -0.815609 -0.558880 1.000000
0.022027 -0.058690 0.340432 0.588067 0.808067 0.034714 1.000000
0.036302 -0.056972 0.341119 0.938405 -0.214687 -0.270749 1.000000
0.034987 -0.058409 0.338727 0.785542 -0.456126 -0.418177 1.000000
0.029414 -0.064123 0.342352 -0.342875 -0.820705 -0.457033 1.000000
0.034322 -0.056235 0.336585 0.859190 0.054939 -0.508698 1.000000
0.028536 -0.063412 0.341961 -0.463505 -0.817215 -0.342524 1.000000
0.034050 -0.061733 0.342157 0.800765 -0.529917 -0.279220 1.000000
0.030206 -0.063480 0.340691 -0.067787 -0.938375 -0.338905 1.000000
0.033777 -0.060049 0.338450 0.744496 -0.562954 -0.358899 1.000000
0.033440 -0.060663 0.338777 0.714053 -0.599187 -0.362082 1.000000
0.033246 -0.061680 0.340190 0.730851 -0.602842 -0.320060 1.000000
0.032198 -0.062669 0.340068 0.513249 -0.753369 -0.411110 1.000000
0.031779 -0.061061 0.336330 0.592636 -0.704313 -0.390801 1.000000
0.030815 -0.063547 0.340927 0.083605 -0.921983 -0.378097 1.000000
0.032349 -0.063131 0.341161 0.531542 -0.766965 -0.359481 1.000000
0.020363 -0.056708 0.334531 -0.408186 -0.857005 -0.314525 1.000000
0.025668 -0.057303 0.329005 -0.342742 -0.819612 -0.459090 1.000000
0.034547 -0.057798 0.337335 0.822135 -0.294602 -0.487137 1.000000
0.035975 -0.057376 0.340066 0.930159 -0.293107 -0.221116 1.000000
0.034095 -0.061252 0.341475 0.791132 -0.537390 -0.292101 1.000000
0.029793 -0.059615 0.332969 0.318282 -0.715359 -0.622059 1.000000
0.030970 -0.061423 0.336169 0.333402 -0.818657 -0.467594 1.000000
0.032333 -0.061851 0.338794 0.558452 -0.716581 -0.417902 1.000000
0.026672 -0.060203 0.334610 -0.511577 -0.823300 -0.245899 1.000000
0.023742 -0.058103 0.333613 -0.481352 -0.822772 -0.302236 1.000000
0.030468 -0.058252 0.331909 0.568549 -0.584497 -0.578891 1.000000
0.021204 -0.058052 0.337905 -0.481212 -0.865007 -0.142120 1.000000
0.032465 -0.061543 0.338524 0.591642 -0.698959 -0.401766 1.000000
0.035612 -0.052647 0.340189 0.840613 -0.157352 -0.518276 1.000000
0.032712 -0.062851 0.341212 0.646341 -0.684988 -0.336206 1.000000
0.035142 -0.060155 0.343032 0.858584 -0.491239 -0.146689 1.000000
0.034134 -0.056322 0.336163 0.861467 0.035639 -0.506561 1.000000
0.032470 -0.063862 0.343026 0.585929 -0.754874 -0.294707 1.000000
0.028022 -0.063201 0.342362 -0.537237 -0.791498 -0.291388 1.000000
0.033553 -0.062250 0.341865 0.738112 -0.600422 -0.307707 1.000000
0.026150 -0.062042 0.343081 -0.609564 -0.772564 -0.177695 1.000000
0.030302 -0.053026 0.329804 0.899181 0.352388 -0.259414 1.000000
0.031655 -0.052495 0.333702 0.864802 0.207402 -0.457276 1.000000
0.031977 -0.062144 0.338900 0.498556 -0.761029 -0.415063 1.000000
0.026664 -0.062375 0.342684 -0.590766 -0.784820 -0.187225 1.000000
0.030248 -0.060173 0.333936 0.346696 -0.734839 -0.582936 1.000000
0.025528 -0.057825 0.330119 -0.454137 -0.796614 -0.398956 1.000000
0.024118 -0.058216 0.333311 -0.483947 -0.820780 -0.303505 1.000000
0.025161 -0.060236 0.337756 -0.515930 -0.825287 -0.229602 1.000000
0.022334 -0.057623 0.334429 -0.445840 -0.841445 -0.305280 1.000000
0.033118 -0.055588 0.334637 0.886190 0.157757 -0.435638 1.000000
0.021566 -0.058272 0.337850 -0.468528 -0.870484 -0.150794 1.000000
0.034123 -0.051153 0.337124 0.799779 -0.252599 -0.544562 1.000000
0.025678 -0.059839 0.335238 -0.507641 -0.822541 -0.256374 1.000000
0.030948 -0.052069 0.332387 0.908988 0.158052 -0.385694 1.000000
0.033025 -0.061130 0.338728 0.681985 -0.622719 -0.383558 1.000000
0.031494 -0.062115 0.338185 0.494349 -0.780537 -0.382598 1.000000
0.031607 -0.060896 0.335768 0.537355 -0.710568 -0.454249 1.000000
0.025215 -0.061527 0.344197 0.640727 0.749678 0.165686 1.000000
0.030892 -0.054334 0.330202 0.964157 0.080174 -0.252931 1.000000
0.032777 -0.059253 0.335787 0.743449 -0.480705 -0.464980 1.000000
0.030637 -0.057867 0.331795 0.621467 -0.533417 -0.573799 1.000000
0.020016 -0.055832 0.332826 0.434547 0.820223 0.372026 1.000000
0.031836 -0.053412 0.333511 0.875214 0.278868 -0.395263 1.000000
0.034019 -0.060371 0.339506 0.766711 -0.561480 -0.311279 1.000000
0.024423 -0.058422 0.333375 -0.488997 -0.820284 -0.296677 1.000000
0.027381 -0.059179 0.331315 0.001647 -0.872660 -0.488326 1.000000
0.025888 -0.061781 0.342747 -0.606812 -0.779966 -0.153074 1.000000
0.025030 -0.059641 0.336093 -0.504570 -0.823898 -0.258072 1.000000
0.027150 -0.063031 0.343753 0.602695 0.756558 0.253730 1.000000
0.023335 -0.059662 0.340542 -0.533389 -0.841844 -0.082426 1.000000
0.029401 -0.058292 0.331208 0.371589 -0.685070 -0.626579 1.000000
0.021172 -0.057992 0.339026 0.536874 0.840456 0.073488 1.000000
0.036457 -0.056376 0.341317 0.941398 -0.105043 -0.320524 1.000000
0.032398 -0.052225 0.335056 0.851498 -0.017166 -0.524077 1.000000
0.031259 -0.059619 0.334118 0.574891 -0.580211 -0.576936 1.000000
0.026806 -0.061642 0.339158 -0.488523 -0.850661 -0.194218 1.000000
0.024433 -0.058622 0.333913 -0.485191 -0.826308 -0.286015 1.000000
0.027060 -0.061279 0.337161 -0.505375 -0.821757 -0.263273 1.000000
0.035015 -0.059656 0.341153 0.824104 -0.516967 -0.231510 1.000000
0.036128 -0.056973 0.340173 0.961616 -0.167055 -0.217687 1.000000
0.024198 -0.057170 0.330607 -0.495627 -0.796958 -0.345271 1.000000
0.036516 -0.058260 0.343696 0.833981 -0.513361 -0.202326 1.000000
0.027811 -0.061080 0.335439 -0.357962 -0.887849 -0.289116 1.000000
0.024185 -0.058679 0.334540 -0.482154 -0.832972 -0.271452 1.000000
0.032987 -0.062696 0.341486 0.692431 -0.650440 -0.312198 1.000000
0.030947 -0.053691 0.331057 0.911204 0.276763 -0.305139 1.000000
0.025950 -0.061627 0.341560 -0.576271 -0.801773 -0.158340 1.000000
0.027666 -0.061887 0.337962 -0.477393 -0.846318 -0.236309 1.000000
0.023029 -0.057581 0.333313 -0.470359 -0.821545 -0.322222 1.000000
0.033735 -0.054336 0.336599 0.833353 0.241109 -0.497382 1.000000
0.032810 -0.062989 0.341770 0.655868 -0.688176 -0.310242 1.000000
0.033219 -0.060051 0.337381 0.722908 -0.555506 -0.410873 1.000000
0.034418 -0.053249 0.338151 0.895237 0.082110 -0.437960 1.000000
0.034215 -0.057544 0.336693 0.830585 -0.255529 -0.494807 1.000000
0.029517 -0.055167 0.328351 -0.610340 0.479092 0.630838 1.000000
0.029716 -0.057521 0.330673 -0.458908 0.618645 0.637716 1.000000
0.029204 -0.060403 0.333721 0.250664 -0.811704 -0.527545 1.000000
0.023133 -0.058687 0.336476 -0.459907 -0.855032 -0.239593 1.000000
0.024911 -0.057101 0.329401 0.473109 0.789214 0.391547 1.000000
0.032078 -0.061694 0.338212 0.566857 -0.731015 -0.379856 1.000000
0.035112 -0.058480 0.339026 0.804363 -0.494995 -0.328603 1.000000
0.030364 -0.053020 0.330114 0.896471 0.352533 -0.268441 1.000000
0.034556 -0.059924 0.340281 0.803785 -0.533534 -0.263193 1.000000
0.034220 -0.052371 0.337679 0.871753 -0.089883 -0.481630 1.000000
0.027864 -0.059093 0.331421 0.201137 -0.837555 -0.507982 1.000000
0.030521 -0.051606 0.331600 0.905359 0.127529 -0.405046 1.000000
0.027651 -0.061093 0.335751 -0.422103 -0.863137 -0.277173 1.000000
0.031084 -0.063454 0.340772 0.141860 -0.915372 -0.376788 1.000000
0.027177 -0.060283 0.333730 -0.479360 -0.816098 -0.322797 1.000000
0.031178 -0.063303 0.340388 0.247969 -0.891199 -0.379836 1.000000
0.026133 -0.060218 0.335580 -0.501844 -0.826626 -0.254642 1.000000
0.022126 -0.056267 0.331321 0.451335 0.827365 0.334310 1.000000
0.022870 -0.056912 0.331863 -0.466687 -0.820443 -0.330268 1.000000
0.025456 -0.058605 0.332172 -0.501313 -0.811039 -0.301499 1.000000
0.027613 -0.061918 0.338399 -0.486777 -0.847509 -0.211605 1.000000
0.026843 -0.058341 0.330103 -0.026116 -0.784816 -0.619179 1.000000
0.032339 -0.062993 0.340784 0.537429 -0.759302 -0.366919 1.000000
0.028431 -0.060044 0.332879 0.159403 -0.794237 -0.586327 1.000000
0.033770 -0.050177 0.336086 0.782179 -0.299480 -0.546358 1.000000
0.034471 -0.055059 0.337357 0.826445 0.267428 -0.495450 1.000000
0.032077 -0.064199 0.343070 -0.505677 0.796716 0.330960 1.000000
0.033328 -0.061317 0.339708 0.729316 -0.600855 -0.327217 1.000000
0.028245 -0.057849 0.330151 0.320692 -0.754624 -0.572450 1.000000
0.033192 -0.059717 0.336945 0.732995 -0.521029 -0.437318 1.000000
0.034807 -0.057558 0.337790 0.812660 -0.281235 -0.510382 1.000000
0.033141 -0.053554 0.335937 0.839755 0.181737 -0.511647 1.000000
0.022349 -0.057413 0.333906 -0.450598 -0.833823 -0.318905 1.000000
0.028270 -0.058315 0.330752 0.341414 -0.684900 -0.643699 1.000000
0.028484 -0.061391 0.335561 -0.247608 -0.893685 -0.374189 1.000000
0.032800 -0.061758 0.339301 0.637792 -0.673822 -0.373075 1.000000
0.034590 -0.059687 0.339798 0.797010 -0.535691 -0.278945 1.000000
0.030732 -0.052686 0.331403 0.895841 0.260519 -0.359997 1.000000
0.024078 -0.060495 0.343454 -0.617045 -0.780067 -0.103685 1.000000
0.030396 -0.050840 0.331571 0.875589 -0.026129 -0.482349 1.000000
0.030361 -0.056882 0.330636 0.619891 -0.501106 -0.603845 1.000000
0.034148 -0.052024 0.337458 0.841876 -0.128425 -0.524167 1.000000
0.033329 -0.061724 0.340448 0.738671 -0.593951 -0.318728 1.000000
0.028007 -0.061315 0.335847 -0.359835 -0.877042 -0.318301 1.000000
0.029095 -0.063000 0.339829 -0.301720 -0.926595 -0.224469 1.000000
0.031505 -0.050060 0.332960 0.815452 -0.261358 -0.516459 1.000000
0.035330 -0.054785 0.339252 0.868725 0.279767 -0.408714 1.000000
0.031272 -0.059120 0.333649 0.624817 -0.523894 -0.578912 1.000000
0.036145 -0.058098 0.341960 0.870470 -0.433033 -0.234016 1.000000
0.024566 -0.056917 0.329519 0.489055 0.787368 0.375334 1.000000
0.033587 -0.062359 0.342204 0.740211 -0.606380 -0.290502 1.000000
0.032458 -0.054667 0.333689 0.868962 0.318579 -0.378697 1.000000
0.032097 -0.063596 0.341814 0.459115 -0.812816 -0.358529 1.000000
0.024881 -0.056860 0.328982 0.448743 0.781762 0.432986 1.000000
0.028804 -0.058596 0.331224 0.351233 -0.707077 -0.613741 1.000000
0.026625 -0.062588 0.343657 -0.609504 -0.762576 -0.216757 1.000000
0.036565 -0.057938 0.343214 0.855224 -0.467778 -0.223105 1.000000
0.036257 -0.055427 0.340700 0.917996 0.142528 -0.370093 1.000000
0.025588 -0.061508 0.342584 -0.603970 -0.784464 -0.140840 1.000000
0.030403 -0.064039 0.341929 0.000761 -0.864394 -0.502814 1.000000
0.029977 -0.063886 0.341732 -0.152289 -0.871363 -0.466406 1.000000
0.032184 -0.056501 0.332666 0.848152 -0.225762 -0.479239 1.000000
0.034041 -0.050352 0.336513 0.784599 -0.311186 -0.536254 1.000000
0.033305 -0.058302 0.335653 0.775244 -0.400946 -0.488098 1.000000
0.024238 -0.060078 0.339731 -0.536964 -0.831716 -0.141132 1.000000
0.035779 -0.054729 0.340118 0.874013 0.264095 -0.407867 1.000000
0.036065 -0.056780 0.339797 0.966861 -0.093231 -0.237673 1.000000
0.030153 -0.064784 0.343008 0.155698 0.859659 0.486563 1.000000
0.032166 -0.049932 0.333704 0.765367 -0.288800 -0.575159 1.000000
0.031609 -0.063765 0.341682 0.319362 -0.860926 -0.395999 1.000000
0.036266 -0.054403 0.341450 0.901379 0.229427 -0.367258 1.000000
0.028508 -0.056407 0.328680 -0.481653 0.614778 0.624547 1.000000
0.029366 -0.055452 0.328421 0.583295 -0.504397 -0.636672 1.000000
0.034666 -0.055882 0.337296 0.845768 0.162789 -0.508111 1.000000
0.035803 -0.056237 0.339269 0.915467 0.145957 -0.374989 1.000000
0.035730 -0.053200 0.340530 0.885674 -0.007188 -0.464251 1.000000
0.029966 -0.063781 0.341569 -0.152382 -0.880078 -0.449714 1.000000
0.033811 -0.052835 0.337030 0.841823 -0.007440 -0.539702 1.000000
0.034659 -0.059359 0.339410 0.794922 -0.532914 -0.290001 1.000000
0.024735 -0.057228 0.330014 -0.495809 -0.790310 -0.359977 1.000000
0.029516 -0.059324 0.332566 0.309702 -0.716171 -0.625447 1.000000
0.029822 -0.063242 0.339846 -0.079678 -0.961624 -0.262547 1.000000
0.031946 -0.051730 0.334253 0.829578 -0.079240 -0.552739 1.000000
0.027116 -0.061732 0.338863 -0.488748 -0.850010 -0.196489 1.000000
0.026951 -0.061394 0.337925 -0.499164 -0.834596 -0.232993 1.000000
0.030751 -0.059151 0.333097 0.548227 -0.595561 -0.587157 1.000000
0.027145 -0.060594 0.335011 -0.479154 -0.849110 -0.222312 1.000000
0.031571 -0.053147 0.332984 0.884994 0.265752 -0.382310 1.000000
0.024264 -0.059707 0.337889 -0.533525 -0.819345 -0.209822 1.000000
0.031576 -0.062186 0.338530 0.506840 -0.772197 -0.383177 1.000000
0.034482 -0.050870 0.337563 0.778310 -0.301616 -0.550692 1.000000
0.032514 -0.051790 0.335079 0.817942 -0.133080 -0.559697 1.000000
0.035549 -0.058026 0.339461 0.848946 -0.452260 -0.273407 1.000000
0.033345 -0.057195 0.335027 0.848899 -0.203203 -0.487933 1.000000
0.033674 -0.056180 0.335448 0.861291 0.042011 -0.506373 1.000000
0.024258 -0.060476 0.342206 -0.589415 -0.801179 -0.103453 1.000000
0.027565 -0.062478 0.340924 -0.489518 -0.839803 -0.234740 1.000000
0.033783 -0.054695 0.336326 0.837729 0.285605 -0.465445 1.000000
0.035284 -0.059086 0.340772 0.827526 -0.508572 -0.237812 1.000000
0.035941 -0.058983 0.343472 0.812039 -0.552866 -0.186898 1.000000
0.027031 -0.059458 0.332094 -0.248249 -0.861195 -0.443527 1.000000
0.026995 -0.060027 0.333427 -0.472555 -0.818656 -0.326333 1.000000
0.032622 -0.058063 0.334464 0.758521 -0.392541 -0.520151 1.000000
0.029475 -0.060466 0.334120 0.246863 -0.817542 -0.520273 1.000000
0.023625 -0.059261 0.337650 -0.505372 -0.839380 -0.200100 1.000000
0.030861 -0.054548 0.329976 0.955579 0.013214 -0.294437 1.000000
0.027850 -0.060025 0.332682 -0.043210 -0.833051 -0.551506 1.000000
0.025716 -0.057575 0.329416 -0.351189 -0.821932 -0.448435 1.000000
0.036690 -0.057720 0.343247 0.873018 -0.429267 -0.231451 1.000000
0.031812 -0.062395 0.339181 0.479001 -0.774543 -0.413088 1.000000
0.035057 -0.058687 0.339223 0.796446 -0.511780 -0.322110 1.000000
0.030763 -0.055254 0.329929 0.864185 -0.220601 -0.452239 1.000000
0.022824 -0.059343 0.340439 -0.550192 -0.833596 -0.049057 1.000000
0.029310 -0.062342 0.337676 -0.115780 -0.920540 -0.373097 1.000000
0.033573 -0.049891 0.335613 0.782322 -0.284348 -0.554183 1.000000
0.034095 -0.051664 0.337282 0.824101 -0.173563 -0.539197 1.000000
0.031585 -0.059499 0.334351 0.648360 -0.508059 -0.567015 1.000000
0.029997 -0.062193 0.336981 0.084911 -0.899026 -0.429584 1.000000
0.031604 -0.053802 0.332623 0.866520 0.316545 -0.385931 1.000000
0.031418 -0.050009 0.332814 0.814711 -0.258261 -0.519179 1.000000
0.032497 -0.049986 0.334170 0.768849 -0.279247 -0.575232 1.000000
0.023613 -0.057354 0.331884 -0.488884 -0.808023 -0.328774 1.000000
0.034061 -0.062294 0.343584 0.799843 -0.566996 -0.196893 1.000000
0.032954 -0.054718 0.334849 0.860437 0.293198 -0.416754 1.000000
0.021120 -0.057733 0.336443 -0.434821 -0.871859 -0.225372 1.000000
0.021367 -0.058179 0.338076 -0.479467 -0.867575 -0.132006 1.000000
0.024103 -0.058035 0.332842 -0.491133 -0.814153 -0.309748 1.000000
0.021877 -0.058218 0.337097 -0.417632 -0.882938 -0.214485 1.000000
0.022516 -0.056982 0.332547 -0.456838 -0.826162 -0.329780 1.000000
0.035912 -0.053870 0.341244 0.898875 0.152425 -0.410841 1.000000
0.023414 -0.059790 0.341643 0.596236 0.800081 0.066126 1.000000
0.034450 -0.057493 0.337019 0.829912 -0.237532 -0.504802 1.000000
0.025397 -0.060058 0.336600 -0.502004 -0.823566 -0.264068 1.000000
0.030826 -0.052919 0.331572 0.895965 0.260965 -0.359365 1.000000
0.019682 -0.056000 0.333521 -0.443000 -0.822075 -0.357693 1.000000
0.024438 -0.059442 0.336560 -0.500611 -0.824943 -0.262408 1.000000
0.029749 -0.060385 0.333970 0.256002 -0.804919 -0.535321 1.000000
0.031954 -0.059360 0.334614 0.688804 -0.476843 -0.546049 1.000000
0.031673 -0.051151 0.333699 0.791426 -0.221430 -0.569749 1.000000
0.030993 -0.060370 0.334500 0.427855 -0.668422 -0.608401 1.000000
0.031468 -0.053253 0.332685 0.883580 0.278097 -0.376761 1.000000
0.024408 -0.060679 0.342989 -0.601059 -0.790648 -0.116637 1.000000
0.025729 -0.058357 0.331006 -0.485756 -0.804706 -0.341304 1.000000
0.023703 -0.059907 0.340788 -0.545045 -0.832889 -0.096029 1.000000
0.027940 -0.058572 0.330751 0.305183 -0.692889 -0.653275 1.000000
0.030480 -0.057713 0.331493 -0.590462 0.540183 0.599630 1.000000
0.024606 -0.057790 0.331461 -0.508029 -0.797250 -0.326036 1.000000
0.025696 -0.061101 0.340044 -0.548117 -0.817299 -0.177738 1.000000
0.032846 -0.051760 0.335503 0.808500 -0.152984 -0.568264 1.000000
0.028465 -0.058119 0.330644 0.342617 -0.694789 -0.632362 1.000000
0.036496 -0.058115 0.343308 0.842259 -0.493130 -0.217766 1.000000
0.030110 -0.057239 0.330707 -0.565288 0.547302 0.617179 1.000000
0.020521 -0.057328 0.336068 -0.456121 -0.856678 -0.240948 1.000000
0.031926 -0.054304 0.332846 0.863144 0.340391 -0.372983 1.000000
0.026721 -0.062863 0.344219 0.612115 0.758141 0.224804 1.000000
0.034795 -0.057297 0.337490 0.816897 -0.208136 -0.537921 1.000000
0.030670 -0.063445 0.340582 0.062776 -0.937140 -0.343261 1.000000
0.023364 -0.057604 0.332910 -0.480307 -0.817924 -0.316711 1.000000
0.029962 -0.052309 0.329478 0.917881 0.303436 -0.255777 1.000000
0.030222 -0.052729 0.330112 0.912479 0.297658 -0.280681 1.000000
0.033948 -0.060247 0.339154 0.756640 -0.567454 -0.324796 1.000000
0.025679 -0.060459 0.337286 -0.495410 -0.827907 -0.262942 1.000000
0.036718 -0.056218 0.341893 0.939901 -0.117872 -0.320456 1.000000
0.026260 -0.057916 0.329687 -0.216709 -0.819360 -0.530742 1.000000
0.036346 -0.058023 0.342652 0.862400 -0.450459 -0.230982 1.000000
0.034321 -0.056569 0.336519 0.871903 -0.006057 -0.489641 1.000000
0.019113 -0.055722 0.333957 -0.454398 -0.827126 -0.330733 1.000000
0.030088 -0.061308 0.335582 0.192002 -0.840471 -0.506699 1.000000
0.028240 -0.062856 0.340870 -0.450320 -0.850261 -0.272522 1.000000
0.034111 -0.060612 0.340321 0.782985 -0.557625 -0.275660 1.000000
0.035934 -0.056760 0.339318 0.951804 -0.027175 -0.305499 1.000000
0.021573 -0.056241 0.331961 0.440969 0.831636 0.337532 1.000000
0.029030 -0.063093 0.340362 -0.341803 -0.906258 -0.248732 1.000000
0.023674 -0.059848 0.340457 -0.525899 -0.843127 -0.112103 1.000000
0.032190 -0.050352 0.333954 0.765759 -0.280717 -0.578629 1.000000
0.023230 -0.059739 0.342486 -0.608531 -0.789098 -0.083752 1.000000
0.020423 -0.057441 0.337096 0.473418 0.860264 0.189263 1.000000
0.028859 -0.061814 0.336481 -0.171975 -0.909396 -0.378714 1.000000
0.035537 -0.050672 0.338722 0.747843 -0.335926 -0.572612 1.000000
0.031233 -0.063962 0.341843 0.195912 -0.870699 -0.451112 1.000000
0.030639 -0.054334 0.329421 0.915387 -0.012090 -0.402393 1.000000
0.026678 -0.061155 0.337734 -0.500209 -0.826353 -0.258712 1.000000
0.025148 -0.061170 0.342551 -0.599255 -0.790691 -0.125302 1.000000
0.028528 -0.062513 0.338545 -0.382891 -0.892571 -0.238141 1.000000
0.031085 -0.056374 0.331174 0.751391 -0.323150 -0.575314 1.000000
0.035583 -0.058189 0.339948 0.859330 -0.459301 -0.224934 1.000000
0.022130 -0.058773 0.339479 -0.542361 -0.835032 -0.092555 1.000000
0.033002 -0.063231 0.342760 0.671360 -0.687902 -0.275802 1.000000
0.031266 -0.062381 0.338443 0.421708 -0.821067 -0.384723 1.000000
0.027837 -0.061883 0.337658 -0.447722 -0.855983 -0.258531 1.000000
0.032903 -0.055803 0.334023 0.919470 0.097463 -0.380889 1.000000
0.035086 -0.056549 0.337792 0.836058 0.015700 -0.548416 1.000000
0.034356 -0.051525 0.337617 0.814105 -0.227038 -0.534497 1.000000
0.020300 -0.057111 0.335777 -0.452965 -0.851441 -0.264330 1.000000
0.022125 -0.057826 0.335364 -0.426898 -0.859935 -0.279768 1.000000
0.026474 -0.061482 0.339361 -0.521960 -0.833307 -0.182092 1.000000
0.030097 -0.052845 0.329352 0.910286 0.326895 -0.254005 1.000000
0.033791 -0.062032 0.342043 0.766436 -0.570601 -0.294942 1.000000
0.034773 -0.049748 0.337150 0.770397 -0.321948 -0.550307 1.000000
0.024010 -0.059095 0.336212 -0.486957 -0.835606 -0.254233 1.000000
0.026062 -0.061491 0.340602 -0.547106 -0.815740 -0.187731 1.000000
0.033043 -0.062856 0.341937 0.682499 -0.663762 -0.305966 1.000000
0.026046 -0.062421 0.344592 0.633109 0.749364 0.193973 1.000000
0.028855 -0.056093 0.328538 -0.527272 0.578904 0.621976 1.000000
0.035846 -0.059492 0.344665 0.817672 -0.547327 -0.178454 1.000000
0.027531 -0.059620 0.332198 -0.093332 -0.841198 -0.532611 1.000000
0.030927 -0.061134 0.335616 0.304122 -0.821162 -0.482911 1.000000
0.032406 -0.055469 0.332917 0.886751 0.163177 -0.432488 1.000000
0.031660 -0.060204 0.334986 0.631894 -0.563982 -0.531634 1.000000
0.027674 -0.058544 0.330611 0.259349 -0.699729 -0.665670 1.000000
0.023592 -0.056813 0.330629 -0.478690 -0.806798 -0.346312 1.000000
0.032055 -0.053197 0.334047 0.872091 0.228035 -0.432964 1.000000
0.020792 -0.056429 0.333358 -0.387925 -0.849196 -0.358302 1.000000
0.023459 -0.059519 0.339263 -0.502803 -0.850756 -0.152981 1.000000
0.034472 -0.056562 0.336840 0.862172 -0.005971 -0.506581 1.000000
0.034273 -0.051100 0.337352 0.795430 -0.268492 -0.543327 1.000000
0.028253 -0.063169 0.341783 -0.479319 -0.823694 -0.302953 1.000000
0.024803 -0.061224 0.344262 -0.637049 -0.758595 -0.136760 1.000000
0.030406 -0.055852 0.329738 0.729371 -0.402920 -0.552878 1.000000
0.023945 -0.060124 0.341113 -0.569268 -0.815488 -0.104466 1.000000
0.028911 -0.055148 0.327879 0.550812 -0.505168 -0.664388 1.000000
0.029621 -0.063473 0.341052 -0.216536 -0.908889 -0.356417 1.000000
0.031009 -0.051096 0.332474 0.876562 -0.156495 -0.455135 1.000000
0.035722 -0.057631 0.339302 0.890849 -0.337764 -0.303815 1.000000
0.027979 -0.062796 0.341115 -0.480779 -0.839251 -0.253987 1.000000
0.025049 -0.058010 0.331282 -0.510181 -0.794134 -0.330252 1.000000
0.031051 -0.058502 0.332847 0.641821 -0.513011 -0.569987 1.000000
0.025839 -0.057264 0.328713 0.212459 0.818411 0.533915 1.000000
0.020986 -0.057540 0.336036 -0.426235 -0.867627 -0.256022 1.000000
0.030591 -0.053825 0.329457 0.918921 0.220697 -0.326920 1.000000
0.024247 -0.057663 0.331656 -0.503572 -0.799356 -0.327788 1.000000
0.031862 -0.055143 0.331998 0.854183 0.168858 -0.491791 1.000000
0.032434 -0.054031 0.334419 0.859637 0.294246 -0.417665 1.000000
0.035765 -0.057936 0.340319 0.884648 -0.414041 -0.214403 1.000000
0.021417 -0.057323 0.334876 -0.408725 -0.858234 -0.310449 1.000000
0.029750 -0.061857 0.336480 0.067445 -0.889812 -0.451315 1.000000
0.034770 -0.060459 0.342253 0.848231 -0.488191 -0.205363 1.000000
0.023935 -0.057151 0.330893 -0.489496 -0.800932 -0.344822 1.000000
0.028561 -0.064176 0.343702 0.547304 0.777425 0.309949 1.000000
0.030530 -0.056134 0.330150 0.755052 -0.390295 -0.526846 1.000000
0.026070 -0.059664 0.333958 -0.516193 -0.812876 -0.269773 1.000000
0.032057 -0.055203 0.332372 0.871924 0.184205 -0.453670 1.000000
0.023526 -0.056556 0.330132 0.485122 0.802424 0.347523 1.000000
0.034812 -0.059485 0.340156 0.806572 -0.533160 -0.255307 1.000000
0.026334 -0.060641 0.336795 -0.501219 -0.824689 -0.262047 1.000000
0.030857 -0.057454 0.331627 0.657834 -0.489862 -0.572092 1.000000
0.030799 -0.055529 0.330474 0.842477 -0.224981 -0.489506 1.000000
0.025493 -0.059141 0.333625 -0.514833 -0.807985 -0.286544 1.000000
0.029536 -0.059822 0.333108 0.286066 -0.745737 -0.601700 1.000000
0.030278 -0.062527 0.337973 0.161112 -0.908793 -0.384886 1.000000
0.025560 -0.059341 0.334001 -0.513549 -0.812296 -0.276484 1.000000
0.033834 -0.061272 0.340922 0.770637 -0.565586 -0.293651 1.000000
0.032344 -0.055259 0.332954 0.885732 0.166437 -0.433333 1.000000
0.032123 -0.057375 0.333258 0.747570 -0.388414 -0.538771 1.000000
0.027195 -0.060442 0.334050 -0.476810 -0.832099 -0.283307 1.000000
0.036295 -0.058666 0.343890 0.811686 -0.550665 -0.194767 1.000000
0.032354 -0.058455 0.334383 0.729847 -0.438549 -0.524402 1.000000
0.027685 -0.061647 0.337337 -0.460743 -0.845720 -0.269208 1.000000
0.033917 -0.054718 0.336614 0.837760 0.272147 -0.473385 1.000000
0.021481 -0.056313 0.332326 -0.432433 -0.834130 -0.342386 1.000000
0.030047 -0.058724 0.332135 0.436247 -0.660584 -0.610996 1.000000
0.033800 -0.059017 0.337142 0.747724 -0.481459 -0.457281 1.000000
0.022271 -0.058777 0.338693 -0.468398 -0.873303 -0.133957 1.000000
0.026333 -0.060033 0.334799 -0.508195 -0.824967 -0.247320 1.000000
0.032234 -0.054682 0.333385 0.872410 0.322620 -0.367175 1.000000
0.035679 -0.059574 0.344112 0.817672 -0.547327 -0.178454 1.000000
0.031058 -0.050927 0.332473 0.863139 -0.193591 -0.466384 1.000000
0.032845 -0.056144 0.334026 0.911875 -0.003064 -0.410456 1.000000
0.031925 -0.051275 0.334038 0.790494 -0.170272 -0.588326 1.000000
0.031146 -0.058959 0.333326 0.626595 -0.529463 -0.571881 1.000000
0.024805 -0.058558 0.333130 -0.496061 -0.817100 -0.293720 1.000000
0.031513 -0.054014 0.332368 0.857109 0.323244 -0.401095 1.000000
0.034928 -0.051320 0.338311 0.767660 -0.317388 -0.556743 1.000000
0.028523 -0.060287 0.333243 0.174537 -0.806291 -0.565184 1.000000
0.029639 -0.057887 0.330933 0.415161 -0.645115 -0.641458 1.000000
0.032731 -0.054923 0.334105 0.883700 0.272312 -0.380685 1.000000
0.035537 -0.059408 0.342953 0.836834 -0.524012 -0.158495 1.000000
0.027048 -0.061922 0.339831 -0.484970 -0.852904 -0.193286 1.000000
0.033698 -0.051721 0.336787 0.813981 -0.173077 -0.554508 1.000000
0.024664 -0.058328 0.332745 -0.494103 -0.816076 -0.299804 1.000000
0.022748 -0.058720 0.337487 -0.445144 -0.871005 -0.207840 1.000000
0.028378 -0.059195 0.331812 0.270459 -0.798874 -0.537265 1.000000
0.031098 -0.060753 0.335209 0.350983 -0.777016 -0.522548 1.000000
0.033893 -0.057932 0.336439 0.814560 -0.308045 -0.491529 1.000000
0.032172 -0.061427 0.337969 0.602898 -0.706780 -0.370103 1.000000
0.036345 -0.056035 0.340793 0.940482 0.006047 -0.339790 1.000000
0.024262 -0.060193 0.340278 -0.544409 -0.826885 -0.140998 1.000000
0.027779 -0.060819 0.334207 -0.292399 -0.913615 -0.282507 1.000000
0.021970 -0.057454 0.334522 -0.435034 -0.844503 -0.312346 1.000000
0.031266 -0.050143 0.332594 0.822402 -0.249553 -0.511251 1.000000
0.033419 -0.060905 0.339158 0.730742 -0.589816 -0.343706 1.000000
0.030414 -0.050680 0.331431 0.877767 -0.019375 -0.478696 1.000000
0.030369 -0.060318 0.334177 0.326296 -0.744728 -0.582161 1.000000
0.030852 -0.054874 0.330037 0.924989 -0.124343 -0.359074 1.000000
0.026777 -0.061364 0.338233 -0.502208 -0.837578 -0.215059 1.000000
0.030346 -0.060731 0.334739 0.232711 -0.803807 -0.547485 1.000000
0.029553 -0.057426 0.330501 0.447701 -0.652138 -0.611784 1.000000
0.023222 -0.058588 0.336024 -0.461952 -0.852037 -0.246240 1.000000
0.024864 -0.060195 0.338115 -0.526137 -0.826962 -0.198276 1.000000
0.035585 -0.049696 0.338356 0.760007 -0.325853 -0.562324 1.000000
0.032943 -0.055405 0.334246 0.893236 0.198903 -0.403196 1.000000
0.021707 -0.056515 0.332470 -0.441877 -0.830828 -0.338334 1.000000
0.023507 -0.058448 0.335018 -0.466575 -0.844881 -0.261695 1.000000
0.021628 -0.057063 0.333947 -0.421812 -0.843604 -0.332276 1.000000
0.034664 -0.060786 0.342449 0.852701 -0.477583 -0.211697 1.000000
0.032032 -0.060805 0.336329 0.649798 -0.654716 -0.386146 1.000000
0.033979 -0.051321 0.337000 0.810126 -0.227934 -0.540131 1.000000
0.031552 -0.061158 0.336234 0.532838 -0.742974 -0.405059 1.000000
0.030081 -0.053073 0.329080 0.901441 0.324476 -0.286566 1.000000
0.023822 -0.058719 0.335340 -0.474309 -0.842483 -0.255445 1.000000
0.030435 -0.051343 0.331506 0.904635 0.087445 -0.417120 1.000000
0.029605 -0.062709 0.338469 -0.068136 -0.926980 -0.368870 1.000000
0.021958 -0.058633 0.339419 -0.542111 -0.835395 -0.090730 1.000000
0.030572 -0.053468 0.329926 0.905515 0.338628 -0.255684 1.000000
0.036853 -0.057261 0.343130 0.902146 -0.351530 -0.250119 1.000000
0.020774 -0.056826 0.334350 -0.390255 -0.860155 -0.328382 1.000000
0.023631 -0.060098 0.342982 -0.606233 -0.789684 -0.094235 1.000000
0.027838 -0.056526 0.328179 -0.356425 0.678171 0.642685 1.000000
0.026962 -0.060438 0.334764 -0.510566 -0.829846 -0.225118 1.000000
0.029985 -0.060610 0.334468 0.225001 -0.813686 -0.535994 1.000000
0.033778 -0.059405 0.337556 0.745945 -0.514927 -0.422393 1.000000
0.029388 -0.060024 0.333300 0.270698 -0.763653 -0.586138 1.000000
0.032805 -0.056314 0.333810 0.882417 -0.091131 -0.461558 1.000000
0.030420 -0.062049 0.336935 0.221159 -0.871214 -0.438263 1.000000
0.034669 -0.054262 0.338111 0.856001 0.249137 -0.452981 1.000000
0.032263 -0.058894 0.334650 0.727539 -0.454930 -0.513543 1.000000
0.033112 -0.060548 0.337985 0.690860 -0.621803 -0.368882 1.000000
0.033050 -0.062071 0.340453 0.703813 -0.621870 -0.343402 1.000000
0.023055 -0.057803 0.333890 -0.467864 -0.826581 -0.312839 1.000000
0.028184 -0.056019 0.327913 -0.443036 0.621749 0.645869 1.000000
0.035474 -0.059303 0.341901 0.838420 -0.510756 -0.190212 1.000000
0.032796 -0.059082 0.335626 0.746500 -0.473560 -0.467417 1.000000
0.028023 -0.061718 0.336915 -0.387171 -0.867178 -0.313212 1.000000
0.033442 -0.051666 0.336360 0.814945 -0.161903 -0.556464 1.000000
0.027640 -0.056324 0.327899 -0.364044 0.659626 0.657545 1.000000
0.034708 -0.059752 0.340514 0.808343 -0.530369 -0.255521 1.000000
0.035580 -0.058398 0.340382 0.857657 -0.459323 -0.231185 1.000000
0.030963 -0.062265 0.337781 0.367376 -0.851107 -0.375035 1.000000
0.031424 -0.056067 0.331439 0.794786 -0.175088 -0.581084 1.000000
0.027892 -0.057875 0.330089 0.311136 -0.757531 -0.573883 1.000000
0.031370 -0.064305 0.342618 0.288595 -0.854251 -0.432399 1.000000
0.029976 -0.052909 0.329018 0.905420 0.316340 -0.283095 1.000000
0.030188 -0.064320 0.342345 -0.116007 -0.850387 -0.513210 1.000000
0.026346 -0.061827 0.341175 -0.544766 -0.819248 -0.179061 1.000000
0.031212 -0.057420 0.332080 0.692598 -0.470634 -0.546636 1.000000
0.034669 -0.052178 0.338524 0.850046 -0.231302 -0.473204 1.000000
0.034140 -0.056904 0.336284 0.860889 -0.107454 -0.497316 1.000000
0.026398 -0.062276 0.343305 -0.607575 -0.768880 -0.199188 1.000000
0.032550 -0.055590 0.333261 0.900808 0.121243 -0.416947 1.000000
0.025457 -0.061610 0.343545 -0.623331 -0.761643 -0.177083 1.000000
0.026897 -0.062841 0.343773 0.603940 0.760163 0.239602 1.000000
0.030377 -0.063118 0.339498 0.108829 -0.931253 -0.347742 1.000000
0.030859 -0.058331 0.332528 0.618338 -0.538578 -0.572356 1.000000
0.033400 -0.053358 0.336378 0.831468 0.121346 -0.542159 1.000000
0.026698 -0.059907 0.333566 -0.501965 -0.815404 -0.288354 1.000000
0.026505 -0.061160 0.337979 -0.501460 -0.832729 -0.234735 1.000000
0.024939 -0.059143 0.334581 -0.505138 -0.821001 -0.266070 1.000000
0.029116 -0.056898 0.329516 0.484288 -0.634134 -0.602776 1.000000
0.034763 -0.057842 0.337891 0.804810 -0.359052 -0.472612 1.000000
0.031367 -0.057723 0.332608 0.688799 -0.476175 -0.546638 1.000000
0.023862 -0.059810 0.339470 -0.527583 -0.836347 -0.148929 1.000000
0.028133 -0.062296 0.338741 -0.445340 -0.874333 -0.192908 1.000000
0.034339 -0.058661 0.337697 0.810628 -0.410875 -0.417211 1.000000
0.031758 -0.060597 0.335497 0.626114 -0.616794 -0.477018 1.000000
0.035253 -0.057790 0.338546 0.786603 -0.408285 -0.463205 1.000000
0.036085 -0.059102 0.344475 0.807410 -0.559264 -0.187919 1.000000
0.026215 -0.061281 0.339220 -0.532501 -0.826422 -0.182944 1.000000
0.024244 -0.060831 0.344971 -0.628077 -0.768773 -0.120450 1.000000
0.034610 -0.055586 0.337329 0.838596 0.213350 -0.501237 1.000000
0.027527 -0.060040 0.332834 -0.203686 -0.859691 -0.468449 1.000000
0.026010 -0.061803 0.342339 -0.595254 -0.789012 -0.152095 1.000000
0.030818 -0.062602 0.338498 0.297730 -0.879650 -0.370909 1.000000
0.032480 -0.059288 0.335314 0.743243 -0.465491 -0.480528 1.000000
0.023924 -0.057444 0.331658 -0.498982 -0.801841 -0.328738 1.000000
0.028117 -0.056528 0.328474 0.392570 -0.667991 -0.632200 1.000000
0.030367 -0.052202 0.330822 0.915726 0.224138 -0.333478 1.000000
0.032975 -0.061087 0.338519 0.678437 -0.626261 -0.384083 1.000000
0.025236 -0.060762 0.339846 -0.545237 -0.822040 -0.164214 1.000000
0.026033 -0.059411 0.333335 -0.520029 -0.805707 -0.283559 1.000000
0.034428 -0.060794 0.341534 0.816702 -0.515520 -0.259300 1.000000
0.029758 -0.054346 0.328090 0.744076 -0.137321 -0.653830 1.000000
0.026286 -0.061985 0.342158 -0.573551 -0.801554 -0.168968 1.000000
0.033755 -0.061491 0.341054 0.764562 -0.564312 -0.311444 1.000000
0.021581 -0.058314 0.338348 -0.495916 -0.859700 -0.122403 1.000000
0.021065 -0.056773 0.333984 -0.400546 -0.852289 -0.336403 1.000000
0.033564 -0.061669 0.340847 0.751290 -0.579540 -0.315747 1.000000
0.033951 -0.052394 0.337214 0.840983 -0.071163 -0.536361 1.000000
0.023668 -0.060191 0.343495 -0.610409 -0.785787 -0.099697 1.000000
0.025252 -0.060681 0.339355 -0.537444 -0.827824 -0.160813 1.000000
0.033899 -0.054261 0.336935 0.833229 0.215929 -0.509023 1.000000
0.035009 -0.060032 0.342045 0.843222 -0.505135 -0.183891 1.000000
0.034532 -0.060877 0.342111 0.841113 -0.490868 -0.227106 1.000000
0.032411 -0.061099 0.337581 0.642178 -0.678439 -0.356831 1.000000
0.031108 -0.063690 0.341306 0.143676 -0.901846 -0.407469 1.000000
0.029946 -0.050929 0.330511 0.931433 0.087627 -0.353205 1.000000
0.029821 -0.064411 0.342528 -0.219286 -0.839337 -0.497421 1.000000
0.023790 -0.060287 0.343219 -0.610286 -0.786348 -0.095959 1.000000
0.033824 -0.061654 0.341505 0.775792 -0.551875 -0.305908 1.000000
0.032078 -0.059980 0.335375 0.716062 -0.498101 -0.489031 1.000000
0.035142 -0.053555 0.339571 0.879270 0.081848 -0.469239 1.000000
0.022635 -0.057378 0.333408 -0.454364 -0.829219 -0.325497 1.000000
0.022690 -0.058654 0.337186 -0.444280 -0.867146 -0.225106 1.000000
0.033715 -0.062610 0.343136 0.742334 -0.623762 -0.244666 1.000000
0.033037 -0.060418 0.337594 0.707802 -0.596711 -0.378090 1.000000
0.022424 -0.059011 0.340581 -0.570851 -0.820265 -0.035981 1.000000
0.024919 -0.057571 0.330463 -0.508512 -0.786353 -0.350804 1.000000
0.031676 -0.053329 0.333131 0.875475 0.287205 -0.388659 1.000000
0.030556 -0.051863 0.331498 0.904808 0.181056 -0.385410 1.000000
0.022321 -0.058266 0.336628 -0.423815 -0.871236 -0.247644 1.000000
0.030370 -0.059743 0.333457 0.416296 -0.679799 -0.603797 1.000000
0.033407 -0.052833 0.336457 0.825188 0.006514 -0.564821 1.000000
0.035375 -0.059798 0.343280 0.845034 -0.512168 -0.153628 1.000000
0.028563 -0.062913 0.340460 -0.405092 -0.877067 -0.258173 1.000000
0.031047 -0.062785 0.339112 0.322320 -0.862239 -0.390709 1.000000
0.030293 -0.051021 0.331115 0.920817 0.081440 -0.381398 1.000000
0.036550 -0.055461 0.341428 0.936415 0.074810 -0.342828 1.000000
0.028470 -0.062195 0.337718 -0.345284 -0.891944 -0.291917 1.000000
0.023247 -0.057000 0.331561 -0.479295 -0.813204 -0.330115 1.000000
0.031665 -0.053576 0.332929 0.873448 0.297494 -0.385469 1.000000
0.030148 -0.053391 0.328489 0.866592 0.198346 -0.457904 1.000000
0.032408 -0.061423 0.338255 0.606986 -0.691760 -0.391198 1.000000
0.028163 -0.060200 0.333000 0.054135 -0.820377 -0.569255 1.000000
0.027740 -0.059382 0.331888 0.074519 -0.863605 -0.498631 1.000000
0.027653 -0.060972 0.335262 -0.399012 -0.881429 -0.252728 1.000000
0.026775 -0.060160 0.334065 -0.522009 -0.813835 -0.255302 1.000000
0.032381 -0.058121 0.334138 0.743539 -0.413298 -0.525676 1.000000
0.025516 -0.060215 0.336863 -0.495836 -0.825833 -0.268601 1.000000
0.036297 -0.057285 0.341296 0.923087 -0.276969 -0.266830 1.000000
0.025092 -0.059880 0.336638 -0.502894 -0.822918 -0.264391 1.000000
0.031037 -0.056775 0.331317 0.715846 -0.408260 -0.566470 1.000000
0.031779 -0.058199 0.333468 0.690155 -0.455669 -0.562186 1.000000
0.035271 -0.054839 0.338956 0.868875 0.277167 -0.410165 1.000000
0.033586 -0.058933 0.336694 0.748680 -0.471170 -0.466345 1.000000
0.032090 -0.052195 0.334498 0.849361 0.036055 -0.526580 1.000000
0.030494 -0.063815 0.341528 0.003005 -0.894953 -0.446150 1.000000
0.027970 -0.060124 0.332849 -0.030830 -0.831524 -0.554633 1.000000
0.034838 -0.059256 0.339786 0.802446 -0.531081 -0.272092 1.000000
0.022909 -0.058209 0.335259 -0.450361 -0.853980 -0.260563 1.000000
0.027856 -0.063614 0.343699 0.581936 0.760586 0.287852 1.000000
0.030354 -0.057593 0.331230 -0.578015 0.542670 0.609433 1.000000
0.030081 -0.058453 0.331824 0.462246 -0.660852 -0.591272 1.000000
0.030126 -0.055794 0.329435 0.676695 -0.450294 -0.582511 1.000000
0.029821 -0.063010 0.339107 -0.011699 -0.947269 -0.320227 1.000000
0.035631 -0.053451 0.340504 0.883385 0.063154 -0.464372 1.000000
0.031854 -0.062523 0.339475 0.461671 -0.779764 -0.422881 1.000000
0.033610 -0.050653 0.336108 0.788236 -0.286364 -0.544683 1.000000
0.035887 -0.058199 0.341321 0.870304 -0.434710 -0.231513 1.000000
0.035168 -0.059974 0.342589 0.846944 -0.510580 -0.148301 1.000000
0.031555 -0.062320 0.338888 0.464039 -0.790730 -0.399267 1.000000
0.023421 -0.059021 0.337174 -0.479052 -0.850007 -0.219084 1.000000
0.029081 -0.064362 0.343290 0.479094 0.800007 0.361190 1.000000
0.031605 -0.054447 0.331980 0.847826 0.303811 -0.434614 1.000000
0.029296 -0.059604 0.332782 0.293105 -0.721374 -0.627463 1.000000
0.036259 -0.056244 0.340629 0.950788 -0.044888 -0.306574 1.000000
0.021502 -0.056637 0.333071 -0.426140 -0.836185 -0.345254 1.000000
0.031766 -0.050132 0.333305 0.790443 -0.275958 -0.546853 1.000000
0.034805 -0.054753 0.338054 0.847199 0.270065 -0.457513 1.000000
0.030791 -0.054302 0.329835 0.952398 0.073996 -0.295741 1.000000
0.024056 -0.057740 0.332141 -0.498960 -0.805573 -0.319517 1.000000
0.032286 -0.052581 0.334722 0.866357 0.088007 -0.491609 1.000000
0.030982 -0.051440 0.332583 0.896278 -0.021509 -0.442971 1.000000
0.028818 -0.061422 0.335540 -0.122852 -0.911718 -0.392017 1.000000
0.027018 -0.059236 0.331630 -0.182748 -0.890545 -0.416572 1.000000
0.032615 -0.056107 0.333385 0.884923 -0.082464 -0.458378 1.000000
0.034963 -0.052917 0.339330 0.850581 -0.089422 -0.518186 1.000000
0.027121 -0.060852 0.335818 -0.469209 -0.845650 -0.254400 1.000000
0.035401 -0.059268 0.341614 0.837572 -0.507943 -0.201162 1.000000
0.027342 -0.060674 0.334692 -0.449473 -0.868051 -0.210857 1.000000
0.026944 -0.056887 0.328287 -0.159499 0.765777 0.623013 1.000000
0.021594 -0.058032 0.336804 -0.420422 -0.879824 -0.221711 1.000000
0.030761 -0.061587 0.336353 0.290414 -0.839448 -0.459333 1.000000
0.034816 -0.049929 0.337380 0.770236 -0.314832 -0.554632 1.000000
0.030768 -0.052294 0.331791 0.894547 0.234045 -0.380800 1.000000
0.030954 -0.059311 0.333440 0.544396 -0.594100 -0.592180 1.000000
0.028804 -0.061697 0.336201 -0.173670 -0.907523 -0.382413 1.000000
0.020924 -0.057733 0.336801 -0.452564 -0.865638 -0.214143 1.000000
0.026821 -0.062826 0.343929 0.607604 0.760255 0.229847 1.000000
0.026710 -0.060661 0.335998 -0.484549 -0.837040 -0.254118 1.000000
0.033277 -0.056545 0.334773 0.874622 -0.039965 -0.483155 1.000000
0.032904 -0.063125 0.342340 0.663347 -0.688647 -0.292805 1.000000
0.033837 -0.057029 0.335989 0.857288 -0.146712 -0.493491 1.000000
0.032355 -0.060404 0.336325 0.730520 -0.551187 -0.403155 1.000000
0.034066 -0.060477 0.339867 0.776898 -0.557412 -0.292783 1.000000
0.025533 -0.057081 0.328669 0.299675 0.793139 0.530213 1.000000
0.031040 -0.051243 0.332653 0.879106 -0.127050 -0.459381 1.000000
0.023127 -0.058346 0.335380 -0.458972 -0.850781 -0.255960 1.000000
0.036334 -0.054829 0.341245 0.897056 0.240222 -0.370922 1.000000
0.034936 -0.055218 0.338034 0.853048 0.249083 -0.458548 1.000000
0.035288 -0.057282 0.338198 0.824934 -0.225371 -0.518355 1.000000
0.025959 -0.059197 0.332849 -0.514934 -0.802362 -0.301759 1.000000
0.031869 -0.062745 0.339838 0.447500 -0.788460 -0.421990 1.000000
0.025546 -0.058835 0.332640 -0.509940 -0.808195 -0.294587 1.000000
0.023780 -0.060155 0.342523 -0.600986 -0.793537 -0.095470 1.000000
0.035338 -0.055931 0.338511 0.875662 0.213885 -0.432978 1.000000
0.026256 -0.060431 0.336055 -0.498555 -0.834338 -0.235208 1.000000
0.028751 -0.057663 0.330152 0.369516 -0.738264 -0.564290 1.000000
0.029265 -0.058493 0.331373 0.354897 -0.701639 -0.617860 1.000000
0.033942 -0.059661 0.338190 0.758542 -0.534052 -0.373365 1.000000
0.035954 -0.057674 0.340598 0.907484 -0.361427 -0.214108 1.000000
0.033992 -0.061599 0.341790 0.787457 -0.539890 -0.297373 1.000000
0.034898 -0.052209 0.338968 0.811846 -0.284661 -0.509779 1.000000
0.031078 -0.052755 0.332114 0.889029 0.256368 -0.379345 1.000000
0.019605 -0.056540 0.335405 -0.472980 -0.841323 -0.261659 1.000000
0.032649 -0.057714 0.334203 0.778457 -0.357802 -0.515735 1.000000
0.026076 -0.057640 0.329301 -0.205318 -0.848578 -0.487607 1.000000
0.023930 -0.058603 0.334766 -0.474588 -0.837498 -0.270857 1.000000
0.033157 -0.056954 0.334611 0.858827 -0.134646 -0.494254 1.000000
0.033761 -0.049850 0.335873 0.781217 -0.298721 -0.548147 1.000000
0.025250 -0.059464 0.334945 -0.509067 -0.821691 -0.256273 1.000000
0.028215 -0.056840 0.328954 0.389128 -0.679661 -0.621804 1.000000
0.034693 -0.061271 0.343946 0.865308 -0.475896 -0.157370 1.000000
0.031532 -0.063118 0.340229 0.355206 -0.851470 -0.385782 1.000000
0.023151 -0.059561 0.341278 -0.578015 -0.814103 -0.055984 1.000000
0.029780 -0.055111 0.328587 0.674078 -0.404623 -0.617980 1.000000
0.035721 -0.054948 0.339845 0.874030 0.266548 -0.406231 1.000000
0.024425 -0.056713 0.329252 0.486581 0.789986 0.373043 1.000000
0.030882 -0.063028 0.339521 0.237129 -0.888558 -0.392727 1.000000
0.030571 -0.052380 0.331171 0.901666 0.246483 -0.355309 1.000000
0.032417 -0.051185 0.334711 0.780957 -0.243295 -0.575252 1.000000
0.031728 -0.061926 0.338106 0.537107 -0.759438 -0.367110 1.000000
0.034712 -0.050198 0.337478 0.772311 -0.317267 -0.550343 1.000000
0.035071 -0.059114 0.340173 0.814513 -0.522959 -0.251163 1.000000
0.020788 -0.056016 0.332387 -0.408775 -0.841848 -0.352414 1.000000
0.025408 -0.057978 0.330608 -0.492043 -0.791717 -0.362047 1.000000
0.027539 -0.060617 0.333900 -0.365644 -0.867138 -0.338194 1.000000
0.032696 -0.059724 0.336163 0.745678 -0.496627 -0.444214 1.000000
0.025743 -0.061521 0.341864 -0.584931 -0.798165 -0.144180 1.000000
0.028090 -0.056326 0.328090 -0.420993 0.643833 0.638940 1.000000
0.033797 -0.060712 0.339623 0.752705 -0.579025 -0.313313 1.000000
0.032974 -0.061388 0.339043 0.665622 -0.639676 -0.384398 1.000000
0.023405 -0.057512 0.332607 -0.484643 -0.815551 -0.316225 1.000000
0.028213 -0.063004 0.341389 -0.472834 -0.833737 -0.285151 1.000000
0.023502 -0.058782 0.336255 -0.471384 -0.846862 -0.246214 1.000000
0.030565 -0.059997 0.333883 0.405223 -0.695385 -0.593493 1.000000
0.026600 -0.058075 0.329839 -0.130804 -0.816709 -0.562029 1.000000
0.033616 -0.052554 0.336741 0.825077 -0.015040 -0.564820 1.000000
0.027670 -0.060884 0.334900 -0.377723 -0.896465 -0.231681 1.000000
0.035183 -0.051670 0.339071 0.775110 -0.345090 -0.529262 1.000000
0.034131 -0.059128 0.337841 0.779597 -0.479561 -0.402803 1.000000
0.029309 -0.055108 0.328133 0.597978 -0.461951 -0.654999 1.000000
0.034797 -0.052629 0.339079 0.851002 -0.140050 -0.506144 1.000000
0.035342 -0.052581 0.339681 0.822804 -0.187654 -0.536451 1.000000
0.023003 -0.057365 0.332820 -0.474067 -0.820105 -0.320450 1.000000
0.029941 -0.062874 0.338807 0.024844 -0.933878 -0.356728 1.000000
0.027781 -0.062092 0.338792 -0.480704 -0.855086 -0.194297 1.000000
0.030352 -0.053327 0.329316 0.903599 0.321966 -0.282570 1.000000
0.024813 -0.058734 0.333621 -0.495108 -0.820109 -0.286860 1.000000
0.023227 -0.059189 0.338432 -0.488355 -0.850367 -0.195921 1.000000
0.032344 -0.052290 0.334914 0.862345 0.008932 -0.506243 1.000000
0.032561 -0.060027 0.336250 0.753164 -0.502317 -0.424760 1.000000
0.031471 -0.051459 0.333519 0.842194 -0.097028 -0.530372 1.000000
0.031757 -0.057363 0.332738 0.707357 -0.445523 -0.548777 1.000000
0.036604 -0.055958 0.341560 0.941153 -0.038110 -0.335826 1.000000
0.029309 -0.061942 0.336716 -0.080538 -0.900268 -0.427821 1.000000
0.022554 -0.058086 0.335520 -0.440360 -0.857929 -0.264653 1.000000
0.027707 -0.063357 0.343332 -0.583351 -0.764303 -0.274850 1.000000
0.025721 -0.059953 0.335602 -0.509524 -0.824070 -0.247578 1.000000
0.026061 -0.056982 0.328186 0.130926 0.779839 0.612135 1.000000
0.023230 -0.059557 0.340192 -0.520054 -0.848928 -0.094151 1.000000
0.028072 -0.057262 0.329178 0.337614 -0.719849 -0.606493 1.000000
0.031303 -0.061406 0.336437 0.432295 -0.809525 -0.397229 1.000000
0.026077 -0.060862 0.337744 -0.503433 -0.825704 -0.254498 1.000000
0.023378 -0.058904 0.336786 -0.474215 -0.850384 -0.227962 1.000000
0.020658 -0.057593 0.337509 0.492436 0.859981 0.133936 1.000000
0.027419 -0.061903 0.338876 -0.490511 -0.850150 -0.191425 1.000000
0.031291 -0.064598 0.343061 -0.284208 0.862824 0.418045 1.000000
0.036113 -0.058978 0.344064 0.809262 -0.555878 -0.189987 1.000000
0.029664 -0.062101 0.336833 -0.013029 -0.906186 -0.422679 1.000000
0.029837 -0.064141 0.342135 -0.195298 -0.854129 -0.481998 1.000000
0.034058 -0.062116 0.343060 0.811057 -0.544125 -0.214743 1.000000
0.028366 -0.060944 0.334673 -0.098147 -0.934527 -0.342091 1.000000
0.030859 -0.060639 0.334849 0.312443 -0.776216 -0.547603 1.000000
0.035931 -0.056463 0.339597 0.951811 0.021893 -0.305902 1.000000
0.026283 -0.062061 0.342586 -0.596731 -0.784870 -0.167006 1.000000
0.027145 -0.057883 0.329633 0.117575 -0.809013 -0.575911 1.000000
0.031258 -0.062838 0.339497 0.368237 -0.832914 -0.413105 1.000000
0.030481 -0.061163 0.335464 0.248127 -0.833110 -0.494329 1.000000
0.030940 -0.055989 0.330796 0.806613 -0.229345 -0.544773 1.000000
0.019692 -0.056656 0.335703 -0.463018 -0.848877 -0.254995 1.000000
0.033505 -0.061889 0.341264 0.752371 -0.578706 -0.314702 1.000000
0.021168 -0.058002 0.338172 0.502011 0.856771 0.118019 1.000000
0.032196 -0.057539 0.333470 0.740759 -0.402715 -0.537678 1.000000
0.023200 -0.059310 0.338987 -0.491941 -0.854743 -0.165558 1.000000
0.031857 -0.052892 0.333812 0.867838 0.226253 -0.442342 1.000000
0.025953 -0.058363 0.330669 -0.437106 -0.807892 -0.395283 1.000000
0.025118 -0.060797 0.340351 -0.553379 -0.817092 -0.161656 1.000000
0.026222 -0.057817 0.329539 -0.210419 -0.830581 -0.515616 1.000000
0.033903 -0.057321 0.336054 0.845291 -0.208008 -0.492154 1.000000
0.032317 -0.052877 0.334749 0.868613 0.141499 -0.474858 1.000000
0.026381 -0.062533 0.344058 0.618072 0.756945 0.212183 1.000000
0.033651 -0.050050 0.335817 0.779342 -0.300250 -0.549978 1.000000
0.033544 -0.055142 0.335683 0.847443 0.258394 -0.463759 1.000000
0.027983 -0.061871 0.337437 -0.434624 -0.858376 -0.272566 1.000000
0.026584 -0.059261 0.332110 -0.360093 -0.844495 -0.396435 1.000000
0.035317 -0.050998 0.338564 0.755811 -0.329619 -0.565775 1.000000
0.034213 -0.060433 0.340264 0.786335 -0.553879 -0.273668 1.000000
0.027261 -0.060122 0.333246 -0.390871 -0.825522 -0.407104 1.000000
0.025624 -0.059656 0.334797 -0.512858 -0.819859 -0.254573 1.000000
0.024882 -0.061415 0.344920 0.642357 0.751375 0.151038 1.000000
0.029674 -0.062243 0.337137 -0.019385 -0.909954 -0.414255 1.000000
0.034759 -0.058909 0.338905 0.791113 -0.506835 -0.342431 1.000000
0.030910 -0.064546 0.342759 -0.137966 0.870507 0.472422 1.000000
0.025545 -0.061235 0.341076 -0.567807 -0.806775 -0.163427 1.000000
0.024521 -0.060288 0.339872 -0.541056 -0.827857 -0.148024 1.000000
0.028838 -0.056577 0.329048 -0.495167 0.612454 0.616206 1.000000
0.033083 -0.056860 0.334416 0.868012 -0.115873 -0.482833 1.000000
0.026481 -0.060360 0.335455 -0.496279 -0.831171 -0.250722 1.000000
0.030889 -0.057600 0.331851 0.657035 -0.501346 -0.562989 1.000000
0.033697 -0.053312 0.336816 0.837456 0.070194 -0.541978 1.000000
0.036424 -0.058045 0.342962 0.858080 -0.459765 -0.228723 1.000000
0.034292 -0.050517 0.336947 0.784726 -0.306776 -0.538603 1.000000
0.027885 -0.056694 0.328645 0.368811 -0.688233 -0.624752 1.000000
0.032487 -0.051522 0.334949 0.802625 -0.195998 -0.563363 1.000000
0.036133 -0.057338 0.340958 0.926785 -0.288062 -0.241020 1.000000
0.024992 -0.058332 0.332190 -0.503971 -0.808198 -0.304679 1.000000
0.031853 -0.050566 0.333613 0.767944 -0.283385 -0.574417 1.000000
0.025937 -0.062169 0.344051 0.628370 0.753612 0.192925 1.000000
0.030011 -0.051315 0.330450 0.933253 0.144561 -0.328846 1.000000
0.035408 -0.050485 0.338400 0.755271 -0.330890 -0.565754 1.000000
0.030743 -0.055982 0.330399 0.796887 -0.312382 -0.517097 1.000000
0.035660 -0.056993 0.338682 0.895520 -0.092343 -0.435336 1.000000
0.029753 -0.061240 0.335332 0.125635 -0.854904 -0.503344 1.000000
0.029281 -0.061345 0.335392 0.045965 -0.887873 -0.457788 1.000000
0.031173 -0.055925 0.331092 0.809954 -0.175702 -0.559556 1.000000
0.028360 -0.061637 0.336286 -0.318257 -0.886947 -0.334720 1.000000
0.033259 -0.055701 0.334930 0.865951 0.139095 -0.480398 1.000000
0.027620 -0.062364 0.340436 -0.481949 -0.849274 -0.215544 1.000000
0.026415 -0.059593 0.333122 -0.503877 -0.807807 -0.305869 1.000000
0.028452 -0.063539 0.342438 -0.523063 -0.785676 -0.330330 1.000000
0.023191 -0.056490 0.330428 0.475363 0.809075 0.345583 1.000000
0.033677 -0.059813 0.337890 0.745008 -0.547740 -0.380716 1.000000
0.032217 -0.059289 0.334957 0.723417 -0.467199 -0.508324 1.000000
0.034492 -0.061686 0.344046 0.851159 -0.503073 -0.149816 1.000000
0.031968 -0.057814 0.333319 0.706675 -0.438245 -0.555475 1.000000
0.035746 -0.055653 0.339469 0.897265 0.206966 -0.389976 1.000000
0.032123 -0.054311 0.333330 0.859974 0.343859 -0.377101 1.000000
0.028062 -0.060485 0.333427 -0.048125 -0.867082 -0.495835 1.000000
0.019395 -0.056158 0.334513 -0.479528 -0.830184 -0.284336 1.000000
0.031268 -0.061041 0.335799 0.411503 -0.775122 -0.479429 1.000000
0.027480 -0.061070 0.335929 -0.453199 -0.847438 -0.276514 1.000000
0.031032 -0.052944 0.331930 0.888331 0.258690 -0.379405 1.000000
0.032438 -0.059604 0.335596 0.751726 -0.472102 -0.460464 1.000000
0.033180 -0.050871 0.335543 0.787709 -0.267667 -0.554860 1.000000
0.034145 -0.062054 0.343240 0.815576 -0.540891 -0.205604 1.000000
0.021851 -0.058089 0.336740 -0.412323 -0.880366 -0.234403 1.000000
0.026916 -0.061293 0.337559 -0.507983 -0.821560 -0.258830 1.000000
0.029037 -0.062892 0.339442 -0.335811 -0.919428 -0.204655 1.000000
0.032745 -0.063488 0.342836 0.665230 -0.692828 -0.278315 1.000000
0.026624 -0.058658 0.330593 -0.216681 -0.814190 -0.538651 1.000000
0.033874 -0.060955 0.340288 0.763362 -0.572515 -0.299175 1.000000
0.024931 -0.060969 0.342242 -0.591899 -0.796869 -0.121059 1.000000
0.025969 -0.058731 0.331629 -0.471329 -0.822698 -0.317831 1.000000
0.030703 -0.056153 0.330391 0.765040 -0.367269 -0.528987 1.000000
0.029528 -0.054748 0.328099 0.688155 -0.372124 -0.622869 1.000000
0.028409 -0.061431 0.335734 -0.269420 -0.884493 -0.380900 1.000000
0.030070 -0.057613 0.330995 -0.534129 0.571162 0.623282 1.000000
0.036519 -0.057596 0.342500 0.898335 -0.352703 -0.261907 1.000000
0.031248 -0.062711 0.339098 0.392144 -0.831187 -0.394145 1.000000
0.022582 -0.059119 0.341588 0.597792 0.800755 0.037895 1.000000
0.024944 -0.059688 0.336374 -0.500150 -0.824668 -0.264145 1.000000
0.034192 -0.054107 0.337457 0.843974 0.187323 -0.502611 1.000000
0.035870 -0.056580 0.339150 0.931563 0.042601 -0.361076 1.000000
0.036782 -0.056867 0.342490 0.932471 -0.249320 -0.261414 1.000000
0.023782 -0.057960 0.333187 -0.484047 -0.817337 -0.312504 1.000000
0.020805 -0.056618 0.333826 -0.389049 -0.854560 -0.344046 1.000000
0.033309 -0.060562 0.338380 0.705859 -0.604324 -0.369534 1.000000
0.034263 -0.052983 0.337834 0.892184 0.027244 -0.450850 1.000000
0.035728 -0.057938 0.340138 0.887536 -0.409076 -0.211983 1.000000
0.026854 -0.059574 0.332434 -0.366123 -0.839878 -0.400698 1.000000
0.020472 -0.056646 0.334297 -0.396478 -0.858775 -0.324516 1.000000
0.019573 -0.055706 0.332974 -0.443049 -0.816842 -0.369428 1.000000
0.028393 -0.056267 0.328275 -0.475204 0.624667 0.619655 1.000000
0.034991 -0.051732 0.338810 0.770782 -0.350326 -0.532134 1.000000
0.032505 -0.060553 0.336778 0.710983 -0.587652 -0.386223 1.000000
0.032227 -0.055540 0.332573 0.879175 0.086120 -0.468652 1.000000
0.019835 -0.056814 0.335955 -0.481514 -0.843943 -0.236442 1.000000
0.020066 -0.056091 0.333295 -0.416688 -0.832392 -0.365369 1.000000
0.023133 -0.059420 0.339820 -0.508701 -0.852582 -0.119698 1.000000
0.031895 -0.057584 0.333063 0.718941 -0.427320 -0.548199 1.000000
0.029170 -0.055371 0.328207 0.579767 -0.507366 -0.637534 1.000000
0.030783 -0.062472 0.338113 0.278417 -0.879373 -0.386247 1.000000
0.019840 -0.056454 0.334458 -0.438404 -0.848012 -0.297788 1.000000
0.024663 -0.059306 0.335618 -0.503025 -0.827420 -0.249683 1.000000
0.031426 -0.052760 0.332989 0.884505 0.262356 -0.385774 1.000000
0.028523 -0.057828 0.330303 0.356515 -0.734439 -0.577492 1.000000
0.029085 -0.063462 0.341355 -0.354868 -0.860929 -0.364514 1.000000
0.035803 -0.058078 0.340668 0.880055 -0.423419 -0.214986 1.000000
0.022803 -0.056533 0.331028 0.464978 0.818434 0.337582 1.000000
0.022326 -0.058434 0.337119 -0.427690 -0.874199 -0.229907 1.000000
0.028096 -0.062591 0.340293 -0.458103 -0.859618 -0.226273 1.000000
0.026459 -0.057171 0.328479 -0.026218 -0.824498 -0.565257 1.000000
0.031090 -0.058684 0.333087 0.639615 -0.521353 -0.564875 1.000000
0.033202 -0.062142 0.340919 0.725846 -0.607531 -0.322573 1.000000
0.030342 -0.058903 0.332533 0.463607 -0.627061 -0.625989 1.000000
0.022832 -0.059293 0.341320 0.588759 0.807434 0.037606 1.000000
0.033672 -0.054252 0.336440 0.836789 0.247133 -0.488579 1.000000
0.027400 -0.062531 0.341430 -0.508777 -0.829101 -0.231813 1.000000
0.035882 -0.058671 0.342076 0.845625 -0.496113 -0.196953 1.000000
0.035359 -0.053365 0.339951 0.870999 -0.018984 -0.490918 1.000000
0.031488 -0.059990 0.334632 -0.565489 0.571237 0.594904 1.000000
0.031481 -0.052566 0.333392 0.879155 0.245845 -0.408225 1.000000
0.028184 -0.062536 0.339812 -0.446993 -0.871923 -0.199868 1.000000
0.025260 -0.058794 0.333023 -0.505331 -0.812290 -0.291248 1.000000
0.033046 -0.056083 0.334394 0.894707 0.047726 -0.444096 1.000000
0.031947 -0.055630 0.332063 0.843062 0.023353 -0.537310 1.000000
0.022519 -0.058942 0.338944 -0.492454 -0.858943 -0.140376 1.000000
0.027500 -0.057885 0.329832 0.247310 -0.771426 -0.586293 1.000000
0.026838 -0.060577 0.335448 -0.481343 -0.841503 -0.245320 1.000000
0.025551 -0.058342 0.331268 -0.502898 -0.800158 -0.326866 1.000000
0.022621 -0.059099 0.339439 -0.511484 -0.850844 -0.120202 1.000000
0.026392 -0.058904 0.331421 -0.394692 -0.852472 -0.342796 1.000000
0.029007 -0.056170 0.328800 -0.534231 0.575706 0.618999 1.000000
0.027939 -0.063334 0.342828 -0.563746 -0.773456 -0.289753 1.000000
0.025879 -0.058133 0.330285 -0.423992 -0.803228 -0.418396 1.000000
0.026377 -0.060944 0.337447 -0.497354 -0.826189 -0.264669 1.000000
0.033666 -0.053820 0.336662 0.834199 0.163499 -0.526668 1.000000
0.036107 -0.058472 0.342651 0.836447 -0.507633 -0.206556 1.000000
0.031947 -0.052417 0.334170 0.857735 0.090914 -0.505989 1.000000
0.034718 -0.060912 0.342941 0.867604 -0.465701 -0.174315 1.000000
0.030168 -0.056087 0.329707 0.677713 -0.463035 -0.571230 1.000000
0.031582 -0.053622 0.332698 0.878332 0.297018 -0.374584 1.000000
0.030193 -0.052070 0.330326 0.921494 0.227318 -0.314920 1.000000
0.035600 -0.054229 0.340145 0.872943 0.252049 -0.417663 1.000000
0.032147 -0.053073 0.334318 0.863788 0.212715 -0.456751 1.000000
0.030373 -0.058550 0.332123 0.487304 -0.631897 -0.602695 1.000000
0.031678 -0.061365 0.336816 0.537980 -0.762508 -0.359388 1.000000
0.027457 -0.061198 0.336327 -0.469240 -0.834470 -0.288917 1.000000
0.024710 -0.061082 0.343968 -0.624842 -0.770388 -0.126790 1.000000
0.034231 -0.055276 0.336824 0.836641 0.252240 -0.486217 1.000000
0.035082 -0.055524 0.338164 0.858571 0.233014 -0.456685 1.000000
0.034234 -0.061424 0.342122 0.810775 -0.517586 -0.273403 1.000000
0.024162 -0.056860 0.329916 0.494786 0.793987 0.353229 1.000000
0.028238 -0.060906 0.334180 -0.064866 -0.934517 -0.349959 1.000000
0.030971 -0.057832 0.332229 0.651330 -0.518678 -0.553842 1.000000
0.035640 -0.051590 0.339447 0.758689 -0.355597 -0.545841 1.000000
0.032669 -0.061618 0.338860 0.624498 -0.673636 -0.395244 1.000000
0.022241 -0.058317 0.336876 -0.422995 -0.875980 -0.231806 1.000000
0.024091 -0.060321 0.342018 -0.588765 -0.802719 -0.094859 1.000000
0.033758 -0.056974 0.335671 0.857167 -0.126651 -0.499224 1.000000
0.024167 -0.059054 0.335747 -0.485718 -0.836374 -0.254078 1.000000
0.024992 -0.061222 0.343489 -0.614874 -0.775929 -0.140942 1.000000
0.032627 -0.058370 0.334734 0.746411 -0.426919 -0.510501 1.000000
0.022286 -0.058502 0.337396 -0.434790 -0.874249 -0.215978 1.000000
0.027294 -0.059028 0.330931 -0.006624 -0.871514 -0.490326 1.000000
0.032152 -0.060236 0.335821 0.712014 -0.544167 -0.443754 1.000000
0.034498 -0.060341 0.340822 0.808478 -0.528338 -0.259274 1.000000
0.022461 -0.056751 0.332018 -0.454605 -0.826037 -0.333163 1.000000
0.024858 -0.060566 0.340101 -0.544841 -0.823281 -0.159238 1.000000
0.031136 -0.064187 0.342287 0.196778 -0.849446 -0.489612 1.000000
0.025892 -0.059482 0.333763 -0.519133 -0.810402 -0.271568 1.000000
0.033253 -0.056967 0.334839 0.859060 -0.118578 -0.497951 1.000000
0.024751 -0.059174 0.335093 -0.499302 -0.827502 -0.256782 1.000000
0.036763 -0.055872 0.341895 0.941081 -0.061161 -0.332606 1.000000
0.031310 -0.050494 0.332822 0.840126 -0.241025 -0.485897 1.000000
0.029174 -0.062553 0.338104 -0.174235 -0.920433 -0.349923 1.000000
0.022069 -0.056614 0.332209 -0.448788 -0.828646 -0.334568 1.000000
0.026315 -0.056964 0.328168 0.041995 0.778514 0.626221 1.000000
0.033671 -0.057465 0.335679 0.844562 -0.224463 -0.486138 1.000000
0.025887 -0.058918 0.332232 -0.485398 -0.815382 -0.315502 1.000000
0.023668 -0.057058 0.331084 -0.489137 -0.803380 -0.339596 1.000000
0.031852 -0.059073 0.334260 0.676954 -0.481657 -0.556542 1.000000
0.033963 -0.062471 0.343712 0.791944 -0.579953 -0.190996 1.000000
0.030714 -0.056818 0.331026 0.670051 -0.461735 -0.581233 1.000000
0.033377 -0.050306 0.335569 0.782032 -0.286061 -0.553710 1.000000
0.032849 -0.058575 0.335267 0.751340 -0.437816 -0.493766 1.000000
0.027986 -0.062311 0.339259 -0.469588 -0.864283 -0.180283 1.000000
0.026845 -0.058554 0.330361 -0.050962 -0.775548 -0.629229 1.000000
0.032779 -0.056850 0.333920 0.833074 -0.172294 -0.525645 1.000000
0.029394 -0.064662 0.343443 0.363010 0.853026 0.374928 1.000000
0.030214 -0.061489 0.335934 0.207433 -0.847702 -0.488234 1.000000
0.029629 -0.060193 0.333586 0.275517 -0.782323 -0.558624 1.000000
0.021975 -0.056362 0.331739 0.448831 0.829556 0.332247 1.000000
0.031232 -0.060390 0.334733 0.493708 -0.641044 -0.587636 1.000000
0.025345 -0.058984 0.333491 -0.514209 -0.808297 -0.286783 1.000000
0.033382 -0.058792 0.336266 0.751299 -0.464266 -0.469049 1.000000
0.025130 -0.061432 0.343964 -0.632382 -0.758984 -0.155037 1.000000
0.029969 -0.063163 0.339469 -0.017806 -0.958585 -0.284250 1.000000
0.036602 -0.056570 0.341774 0.933836 -0.163080 -0.318364 1.000000
0.033397 -0.062072 0.341301 0.736235 -0.598930 -0.315026 1.000000
0.030650 -0.050161 0.331703 0.855273 -0.107069 -0.506996 1.000000
0.033467 -0.051180 0.336133 0.797873 -0.246002 -0.550347 1.000000
0.033567 -0.061481 0.340585 0.753973 -0.580832 -0.306853 1.000000
0.021531 -0.056017 0.331483 0.443005 0.830759 0.337026 1.000000
0.029347 -0.063386 0.340958 -0.288625 -0.907153 -0.306217 1.000000
0.032270 -0.057306 0.333493 0.774878 -0.347510 -0.528017 1.000000
0.034326 -0.059758 0.339209 0.780522 -0.541721 -0.311969 1.000000
0.034931 -0.053673 0.339099 0.873356 0.157562 -0.460894 1.000000
0.034082 -0.050899 0.336896 0.794188 -0.277045 -0.540843 1.000000
0.027290 -0.060777 0.335257 -0.463516 -0.855513 -0.230762 1.000000
0.033421 -0.063028 0.343343 0.719254 -0.650791 -0.243198 1.000000
0.036579 -0.055199 0.341588 0.929440 0.144729 -0.339405 1.000000
0.026772 -0.062617 0.343336 -0.598199 -0.770368 -0.220660 1.000000
0.031518 -0.054891 0.331557 0.849628 0.191678 -0.491316 1.000000
0.035148 -0.058709 0.339546 0.817426 -0.508682 -0.270291 1.000000
0.032966 -0.050625 0.335144 0.779525 -0.268349 -0.565977 1.000000
0.031726 -0.055720 0.331701 0.816320 -0.027292 -0.576954 1.000000
0.029270 -0.057491 0.330324 0.442673 -0.673813 -0.591621 1.000000
0.030890 -0.054970 0.330344 0.934280 -0.108041 -0.339777 1.000000
0.024744 -0.059721 0.336784 -0.502740 -0.824539 -0.259593 1.000000
0.031846 -0.061704 0.337815 0.576402 -0.737439 -0.352059 1.000000
0.030874 -0.063900 0.341666 0.085974 -0.879484 -0.468098 1.000000
0.031264 -0.057157 0.331872 0.704889 -0.435472 -0.559907 1.000000
0.031606 -0.058199 0.333251 0.675533 -0.467580 -0.570109 1.000000
0.035147 -0.054374 0.339081 0.867650 0.269761 -0.417628 1.000000
0.032709 -0.063643 0.343222 0.659549 -0.702052 -0.268550 1.000000
0.031106 -0.050945 0.332663 0.870459 -0.193793 -0.452489 1.000000
0.033496 -0.062601 0.342432 0.725311 -0.627136 -0.283946 1.000000
0.031751 -0.063175 0.340555 0.379276 -0.845507 -0.375855 1.000000
0.022980 -0.058800 0.337240 -0.452309 -0.863123 -0.224576 1.000000
0.033537 -0.062760 0.342907 0.732578 -0.636078 -0.242353 1.000000
0.036025 -0.054106 0.341285 0.896170 0.205318 -0.393349 1.000000
0.030877 -0.051041 0.332262 0.870148 -0.131949 -0.474796 1.000000
0.033173 -0.057339 0.334804 0.828387 -0.241476 -0.505435 1.000000
0.033195 -0.061547 0.339819 0.715479 -0.612066 -0.336847 1.000000
0.032516 -0.050928 0.334710 0.776269 -0.256955 -0.575656 1.000000
0.029962 -0.056971 0.330354 -0.567168 0.552372 0.610905 1.000000
0.022337 -0.058714 0.338209 -0.446575 -0.879724 -0.163267 1.000000
0.025694 -0.060181 0.336505 -0.499302 -0.826572 -0.259762 1.000000
0.032908 -0.050061 0.334762 0.777465 -0.275549 -0.565351 1.000000
0.032112 -0.062990 0.340544 0.459297 -0.800537 -0.384949 1.000000
0.020491 -0.056574 0.334023 -0.393774 -0.854846 -0.337906 1.000000
0.028711 -0.062508 0.338207 -0.311629 -0.904103 -0.292380 1.000000
0.033865 -0.056423 0.335713 0.858238 0.021504 -0.512801 1.000000
0.033019 -0.054198 0.335299 0.839291 0.285212 -0.462867 1.000000
0.033590 -0.055406 0.335593 0.855282 0.222897 -0.467770 1.000000
0.028633 -0.060932 0.334486 0.041560 -0.916900 -0.396947 1.000000
0.035651 -0.059757 0.344511 0.824516 -0.535217 -0.183617 1.000000
0.024691 -0.060843 0.342596 -0.594414 -0.795658 -0.116623 1.000000
0.030817 -0.051742 0.332193 0.903506 0.099838 -0.416784 1.000000
0.021143 -0.055900 0.331698 0.431055 0.834021 0.344385 1.000000
0.034286 -0.053702 0.337742 0.860918 0.148601 -0.486557 1.000000
0.031600 -0.056424 0.331834 0.769612 -0.285814 -0.570971 1.000000
0.035899 -0.059322 0.344234 0.812641 -0.553546 -0.182211 1.000000
0.034074 -0.061040 0.341040 0.785539 -0.548702 -0.286102 1.000000
0.032990 -0.061652 0.339529 0.691513 -0.632549 -0.348842 1.000000
0.024200 -0.059903 0.338787 -0.534244 -0.830060 -0.159950 1.000000
0.025196 -0.059070 0.333916 -0.505697 -0.815516 -0.281433 1.000000
0.032292 -0.050632 0.334231 0.773582 -0.268293 -0.574100 1.000000
0.036099 -0.057675 0.341075 0.905610 -0.352777 -0.235414 1.000000
0.023380 -0.056892 0.331165 -0.476651 -0.811551 -0.337920 1.000000
0.028610 -0.059419 0.332190 0.279958 -0.767932 -0.576111 1.000000
0.031163 -0.051761 0.333054 0.906002 0.042953 -0.421089 1.000000
0.026094 -0.060437 0.336462 -0.499637 -0.828354 -0.253361 1.000000
0.030269 -0.051343 0.330951 0.923633 0.130513 -0.360373 1.000000
0.031972 -0.054872 0.332407 0.864014 0.290213 -0.411408 1.000000
0.033851 -0.061171 0.340693 0.767245 -0.569249 -0.295452 1.000000
0.022032 -0.058702 0.339922 0.581272 0.811974 0.053116 1.000000
0.031020 -0.054258 0.330921 0.919177 0.188749 -0.345669 1.000000
0.026413 -0.061753 0.340708 -0.528147 -0.826546 -0.194634 1.000000
0.031065 -0.055388 0.330898 0.874109 -0.048654 -0.483287 1.000000
0.026098 -0.057392 0.328832 -0.167636 -0.819978 -0.547297 1.000000
0.030120 -0.062568 0.338122 0.091003 -0.923931 -0.371578 1.000000
0.028563 -0.061091 0.334891 -0.041368 -0.930712 -0.363405 1.000000
0.022404 -0.057780 0.334815 -0.441212 -0.848786 -0.291366 1.000000
0.035961 -0.058845 0.343111 0.817232 -0.545573 -0.185691 1.000000
0.029979 -0.051474 0.330013 0.931003 0.185616 -0.314294 1.000000
0.034078 -0.052716 0.337461 0.871329 -0.045429 -0.488592 1.000000
0.026922 -0.062307 0.341667 -0.534782 -0.820231 -0.203049 1.000000
0.027130 -0.058138 0.329934 0.119167 -0.782339 -0.611347 1.000000
0.025546 -0.059439 0.334395 -0.512375 -0.814740 -0.271421 1.000000
0.030196 -0.061667 0.336254 0.188504 -0.859495 -0.475115 1.000000
0.031337 -0.055272 0.331211 0.857044 0.040142 -0.513677 1.000000
0.033275 -0.049907 0.335252 0.779335 -0.282331 -0.559399 1.000000
0.023823 -0.056646 0.329955 0.489345 0.798780 0.349989 1.000000
0.035347 -0.059152 0.341147 0.832201 -0.506354 -0.225936 1.000000
0.035289 -0.052263 0.339530 0.805878 -0.239854 -0.541324 1.000000
0.029021 -0.063626 0.341800 -0.397538 -0.820426 -0.410932 1.000000
0.020325 -0.056034 0.333009 -0.402517 -0.836495 -0.371828 1.000000
0.021529 -0.058280 0.338797 0.523609 0.847143 0.090456 1.000000
0.033027 -0.050158 0.334988 0.779392 -0.276527 -0.562211 1.000000
0.029355 -0.062919 0.339119 -0.211533 -0.937680 -0.275700 1.000000
0.021676 -0.057613 0.335374 -0.407141 -0.865670 -0.291295 1.000000
0.026177 -0.061055 0.338246 -0.507711 -0.835127 -0.211644 1.000000
0.026683 -0.060167 0.334383 -0.519582 -0.818648 -0.244644 1.000000
0.028942 -0.063803 0.342301 -0.440348 -0.809330 -0.388689 1.000000
0.027723 -0.060684 0.333813 -0.276416 -0.881290 -0.383304 1.000000
0.030382 -0.056545 0.330360 0.668304 -0.480190 -0.568143 1.000000
0.028181 -0.063682 0.343244 0.564886 0.768055 0.301655 1.000000
0.028453 -0.057616 0.329883 0.344691 -0.751833 -0.562081 1.000000
0.036046 -0.058349 0.342079 0.858410 -0.468662 -0.208537 1.000000
0.022656 -0.059233 0.340164 -0.549231 -0.833065 -0.065938 1.000000
0.030460 -0.062570 0.338174 0.201118 -0.903252 -0.379060 1.000000
0.033677 -0.062477 0.342664 0.750572 -0.609737 -0.254681 1.000000
0.027322 -0.062609 0.341902 -0.524743 -0.820813 -0.225633 1.000000
0.025976 -0.060488 0.336940 -0.496773 -0.826261 -0.265534 1.000000
0.032396 -0.050361 0.334226 0.770151 -0.274946 -0.575562 1.000000
0.031159 -0.052862 0.332263 0.886815 0.257899 -0.383467 1.000000
0.027108 -0.060986 0.336279 -0.481816 -0.832881 -0.272326 1.000000
0.030152 -0.052634 0.329875 0.914080 0.303054 -0.269475 1.000000
0.035503 -0.049969 0.338349 0.756557 -0.332766 -0.562929 1.000000
0.029011 -0.060247 0.333397 0.240618 -0.793338 -0.559212 1.000000
0.029206 -0.062837 0.338827 -0.228878 -0.926324 -0.299229 1.000000
0.028421 -0.061928 0.337083 -0.311775 -0.897324 -0.312420 1.000000
0.031210 -0.051589 0.333292 0.879675 -0.039676 -0.473917 1.000000
0.033867 -0.052108 0.337045 0.826879 -0.107338 -0.552042 1.000000
0.034478 -0.054022 0.337959 0.867169 0.202421 -0.455020 1.000000
0.025288 -0.057699 0.330204 -0.481618 -0.786613 -0.386373 1.000000
0.022684 -0.058912 0.338415 -0.453147 -0.872735 -0.181636 1.000000
0.034871 -0.056686 0.337464 0.836944 -0.072586 -0.542453 1.000000
0.033048 -0.059028 0.336034 0.742656 -0.474538 -0.472521 1.000000
0.034397 -0.060568 0.341008 0.805773 -0.532074 -0.260051 1.000000
0.034318 -0.061106 0.341816 0.813322 -0.518953 -0.263049 1.000000
0.034290 -0.061781 0.343110 0.831046 -0.516059 -0.207474 1.000000
0.027507 -0.062180 0.339927 -0.479295 -0.854838 -0.198817 1.000000
0.032056 -0.053416 0.333940 0.869035 0.261195 -0.420185 1.000000
0.022786 -0.058858 0.337931 -0.448311 -0.872862 -0.192690 1.000000
0.027061 -0.058739 0.330598 -0.068608 -0.800653 -0.595187 1.000000
0.028487 -0.062625 0.339426 -0.421082 -0.887975 -0.184906 1.000000
0.034562 -0.059328 0.339100 0.789241 -0.525864 -0.317122 1.000000
0.034699 -0.060021 0.340866 0.811923 -0.527318 -0.250436 1.000000
0.034952 -0.060567 0.343242 0.868831 -0.468222 -0.160937 1.000000
0.028784 -0.061513 0.335790 -0.128763 -0.905913 -0.403413 1.000000
0.035267 -0.056848 0.338016 0.834395 -0.119419 -0.538074 1.000000
0.029197 -0.059252 0.332339 0.308465 -0.727394 -0.612982 1.000000
0.028436 -0.061888 0.336948 -0.298040 -0.899033 -0.320798 1.000000
0.035530 -0.053383 0.340232 0.881267 -0.008272 -0.472546 1.000000
0.025813 -0.060350 0.336790 -0.495547 -0.826642 -0.266640 1.000000
0.026916 -0.060337 0.334471 -0.522964 -0.818877 -0.236536 1.000000
0.032608 -0.062975 0.341438 0.622776 -0.707332 -0.334413 1.000000
0.032137 -0.062250 0.339269 0.518264 -0.745273 -0.419490 1.000000
0.033051 -0.063120 0.342578 0.672302 -0.684479 -0.281953 1.000000
0.022306 -0.058083 0.335911 -0.425117 -0.867246 -0.259151 1.000000
0.022371 -0.058950 0.339632 -0.538280 -0.836592 -0.101832 1.000000
0.034544 -0.059144 0.338775 0.783466 -0.511956 -0.352253 1.000000
0.027807 -0.060654 0.333719 -0.265160 -0.876619 -0.401534 1.000000
0.031169 -0.054785 0.331098 0.888945 0.108516 -0.444974 1.000000
0.027951 -0.058157 0.330423 0.315557 -0.713288 -0.625815 1.000000
0.025789 -0.061916 0.343647 -0.627377 -0.756091 -0.186344 1.000000
0.030571 -0.062859 0.338972 0.197064 -0.907711 -0.370442 1.000000
0.032701 -0.063404 0.342529 0.630802 -0.714487 -0.302649 1.000000
0.031466 -0.062637 0.339242 0.409091 -0.811082 -0.418080 1.000000
0.035645 -0.053643 0.340611 0.890929 0.115280 -0.439268 1.000000
0.026124 -0.061839 0.341891 -0.577341 -0.800746 -0.159637 1.000000
0.032181 -0.051361 0.334475 0.797470 -0.196202 -0.570567 1.000000
0.029674 -0.060714 0.334608 0.186652 -0.836166 -0.515739 1.000000
0.033070 -0.063282 0.343133 0.681913 -0.684632 -0.257439 1.000000
0.033224 -0.059258 0.336507 0.739966 -0.491747 -0.458950 1.000000
0.031187 -0.061887 0.337334 0.445573 -0.807270 -0.387015 1.000000
0.033936 -0.053117 0.337217 0.853767 0.037267 -0.519319 1.000000
0.029998 -0.061585 0.336041 0.105179 -0.865660 -0.489459 1.000000
0.034376 -0.057018 0.336735 0.855639 -0.143818 -0.497190 1.000000
0.030389 -0.057264 0.331004 -0.600126 0.514593 0.612408 1.000000
0.030660 -0.052253 0.331459 0.900822 0.234485 -0.365426 1.000000
0.034367 -0.055823 0.336794 0.858289 0.152472 -0.489993 1.000000
0.024082 -0.060694 0.344812 0.631172 0.767583 0.111527 1.000000
0.031119 -0.051486 0.333173 0.877083 -0.078689 -0.473850 1.000000
0.024050 -0.058467 0.334107 -0.481158 -0.829671 -0.283077 1.000000
0.024893 -0.058082 0.331687 -0.508790 -0.799281 -0.319817 1.000000
0.024364 -0.059095 0.335567 -0.493262 -0.833004 -0.250592 1.000000
0.027525 -0.063369 0.343786 0.589752 0.760805 0.270866 1.000000
0.024191 -0.057920 0.332411 -0.498610 -0.808706 -0.312061 1.000000
0.023787 -0.060077 0.341731 -0.594267 -0.799551 -0.086975 1.000000
0.035800 -0.059067 0.343094 0.819985 -0.544576 -0.176242 1.000000
0.025355 -0.058373 0.331673 -0.505586 -0.805518 -0.309069 1.000000
0.032606 -0.062276 0.340013 0.619769 -0.678012 -0.395204 1.000000
0.029553 -0.058896 0.332122 0.356691 -0.710823 -0.606220 1.000000
0.029991 -0.057496 0.330834 -0.538205 0.574875 0.616323 1.000000
0.022798 -0.057932 0.334554 -0.454490 -0.841677 -0.291581 1.000000
0.024544 -0.060857 0.343484 -0.610755 -0.783238 -0.116258 1.000000
0.023913 -0.056899 0.330354 0.489246 0.800710 0.345690 1.000000
0.035280 -0.056460 0.338067 0.845412 0.036163 -0.532889 1.000000
0.033172 -0.052529 0.336123 0.821067 -0.019168 -0.570509 1.000000
0.035020 -0.053624 0.339344 0.879562 0.154665 -0.449945 1.000000
0.036900 -0.056340 0.342522 0.942003 -0.170331 -0.289168 1.000000
0.025167 -0.057797 0.330658 -0.511038 -0.784905 -0.350376 1.000000
0.027548 -0.062096 0.339364 -0.482465 -0.856626 -0.182807 1.000000
0.030783 -0.055295 0.330171 0.897342 -0.179134 -0.403346 1.000000
0.030505 -0.063614 0.341079 -0.019399 -0.929272 -0.368887 1.000000
0.031130 -0.053927 0.331488 0.884293 0.278714 -0.374627 1.000000
0.036293 -0.056378 0.340822 0.951513 -0.067000 -0.300222 1.000000
0.027127 -0.062053 0.340267 -0.484191 -0.850950 -0.203574 1.000000
0.019939 -0.056976 0.336418 -0.477352 -0.848926 -0.226846 1.000000
0.034090 -0.060786 0.340600 0.788460 -0.547912 -0.279505 1.000000
0.034567 -0.056135 0.337052 0.858379 0.066905 -0.508634 1.000000
0.036690 -0.057866 0.343459 0.855411 -0.468389 -0.221098 1.000000
0.031798 -0.063001 0.340241 0.401110 -0.819519 -0.409267 1.000000
0.027280 -0.061962 0.339415 -0.482422 -0.855908 -0.186254 1.000000
0.030604 -0.059394 0.333161 0.474202 -0.637487 -0.607242 1.000000
0.029008 -0.060554 0.333930 0.212434 -0.848085 -0.485411 1.000000
0.032613 -0.052167 0.335314 0.836766 -0.039563 -0.546129 1.000000
0.027338 -0.059456 0.331942 -0.115518 -0.877197 -0.466027 1.000000
0.030753 -0.054022 0.329878 0.956217 0.169890 -0.238299 1.000000
0.023806 -0.059815 0.339898 -0.520766 -0.842576 -0.137361 1.000000
0.031522 -0.063533 0.341186 0.305407 -0.869979 -0.387122 1.000000
0.020407 -0.055908 0.332570 0.408812 0.835528 0.367105 1.000000
0.025717 -0.061723 0.343138 -0.617764 -0.768480 -0.166755 1.000000
0.026921 -0.060038 0.333609 -0.501760 -0.810185 -0.303046 1.000000
0.026225 -0.060141 0.335247 -0.501813 -0.827748 -0.251033 1.000000
0.025370 -0.059912 0.336222 -0.507235 -0.823192 -0.255085 1.000000
0.035584 -0.053782 0.340434 0.889282 0.102443 -0.445739 1.000000
0.023962 -0.059443 0.337507 -0.519013 -0.828537 -0.210124 1.000000
0.029831 -0.064642 0.342898 0.216804 0.862786 0.456723 1.000000
0.032297 -0.062461 0.339802 0.529779 -0.736297 -0.420953 1.000000
0.025460 -0.060536 0.338048 -0.517311 -0.828110 -0.215925 1.000000
0.028683 -0.063296 0.341455 -0.398226 -0.854076 -0.334619 1.000000
0.036831 -0.055660 0.342093 0.948707 -0.016101 -0.315745 1.000000
0.027173 -0.059381 0.331822 -0.187831 -0.884164 -0.427753 1.000000
0.024273 -0.056992 0.330089 -0.496069 -0.793906 -0.351608 1.000000
0.032572 -0.053747 0.334789 0.857722 0.264210 -0.441028 1.000000
0.030950 -0.054824 0.330689 0.935832 0.011337 -0.352264 1.000000
0.026294 -0.059193 0.332340 -0.462262 -0.821419 -0.334044 1.000000
0.023728 -0.057805 0.332831 -0.488275 -0.814349 -0.313725 1.000000
0.033771 -0.055469 0.335896 0.857646 0.231401 -0.459236 1.000000
0.035309 -0.051427 0.338948 0.764919 -0.347264 -0.542501 1.000000
0.024588 -0.060653 0.341792 -0.581549 -0.806035 -0.110039 1.000000
0.027267 -0.061663 0.338140 -0.492089 -0.841621 -0.222534 1.000000
0.029364 -0.063174 0.340300 -0.263454 -0.928681 -0.261044 1.000000
0.032827 -0.051600 0.335410 0.805128 -0.170436 -0.568084 1.000000
0.028956 -0.064101 0.342920 0.482464 0.786359 0.385833 1.000000
0.032139 -0.063762 0.342253 0.520608 -0.775349 -0.357493 1.000000
0.034196 -0.061719 0.342586 0.817136 -0.523043 -0.242311 1.000000
0.028760 -0.062365 0.337893 -0.290884 -0.905294 -0.309563 1.000000
0.025905 -0.059624 0.334182 -0.514709 -0.813243 -0.271497 1.000000
0.027076 -0.062169 0.340791 -0.494015 -0.841897 -0.217160 1.000000
0.030459 -0.053650 0.329119 0.899811 0.256466 -0.352938 1.000000
0.022756 -0.058575 0.336776 -0.439580 -0.866727 -0.235699 1.000000
0.035179 -0.059408 0.341250 0.826660 -0.515124 -0.226452 1.000000
0.027362 -0.061284 0.336698 -0.481950 -0.826391 -0.291208 1.000000
0.026255 -0.061232 0.338872 -0.522650 -0.830215 -0.193856 1.000000
0.030158 -0.050987 0.330850 0.925552 0.090138 -0.367733 1.000000
0.035098 -0.050790 0.338165 0.758191 -0.321873 -0.567049 1.000000
0.031750 -0.061497 0.337258 0.567329 -0.744354 -0.352243 1.000000
0.036249 -0.055857 0.340538 0.934826 0.092429 -0.342865 1.000000
0.026397 -0.061990 0.341738 -0.561496 -0.809810 -0.170088 1.000000
0.031573 -0.060749 0.335443 0.524808 -0.699849 -0.484549 1.000000
0.034142 -0.054401 0.337271 0.834549 0.231910 -0.499745 1.000000
0.027433 -0.058785 0.330669 0.143952 -0.766466 -0.625945 1.000000
0.031374 -0.062369 0.338692 0.457544 -0.803869 -0.380063 1.000000
0.032442 -0.063316 0.341774 0.563939 -0.758658 -0.326207 1.000000
0.036659 -0.057583 0.342974 0.890040 -0.382341 -0.248283 1.000000
0.035913 -0.058388 0.341623 0.866753 -0.442109 -0.230822 1.000000
0.024817 -0.060434 0.339535 -0.537386 -0.829970 -0.149554 1.000000
0.030102 -0.053662 0.328300 0.835489 0.078334 -0.543895 1.000000
0.032955 -0.059600 0.336555 0.737326 -0.503795 -0.450045 1.000000
0.021757 -0.056741 0.332948 -0.436011 -0.834881 -0.335960 1.000000
0.027812 -0.061297 0.336174 -0.390588 -0.864088 -0.317479 1.000000
0.029573 -0.063273 0.340539 -0.210538 -0.938930 -0.272185 1.000000
0.034127 -0.060096 0.339286 0.773121 -0.551880 -0.312591 1.000000
0.034292 -0.059406 0.338577 0.779064 -0.520451 -0.349556 1.000000
0.032131 -0.060512 0.336038 0.689267 -0.594523 -0.414070 1.000000
0.024728 -0.060025 0.337789 -0.527004 -0.819872 -0.223779 1.000000
0.030245 -0.050560 0.331029 0.897796 -0.001058 -0.440410 1.000000
0.029900 -0.062537 0.338010 0.024216 -0.923586 -0.382626 1.000000
0.027572 -0.060786 0.334699 -0.378945 -0.902721 -0.203706 1.000000
0.036691 -0.057172 0.342510 0.914809 -0.303075 -0.266964 1.000000
0.030259 -0.049920 0.331001 0.880909 -0.064391 -0.468885 1.000000
0.031562 -0.061718 0.337416 0.510892 -0.772208 -0.377736 1.000000
0.024030 -0.060513 0.343807 0.622674 0.775308 0.105712 1.000000
0.026962 -0.057232 0.328652 0.151616 -0.787596 -0.597248 1.000000
0.030015 -0.058200 0.331511 0.477727 -0.640376 -0.601411 1.000000
0.032978 -0.060169 0.337133 0.718021 -0.560981 -0.412004 1.000000
0.024039 -0.059616 0.338014 -0.534357 -0.821100 -0.200644 1.000000
0.035335 -0.059677 0.342778 0.842960 -0.518325 -0.144076 1.000000
0.023346 -0.058487 0.335500 -0.461894 -0.850273 -0.252368 1.000000
0.032589 -0.061087 0.338076 0.639676 -0.669833 -0.377012 1.000000
0.030472 -0.064838 0.343109 -0.005804 0.897655 0.440660 1.000000
0.034430 -0.052548 0.338207 0.890260 -0.126928 -0.437409 1.000000
0.032558 -0.060744 0.337282 0.680568 -0.634079 -0.367111 1.000000
0.031085 -0.062335 0.338064 0.376757 -0.840185 -0.390056 1.000000
0.030336 -0.053163 0.329578 0.903403 0.348970 -0.249166 1.000000
0.026220 -0.058963 0.331836 -0.431913 -0.836752 -0.336596 1.000000
0.030573 -0.061396 0.335909 0.253162 -0.833037 -0.491893 1.000000
0.026803 -0.060879 0.336690 -0.503231 -0.823422 -0.262173 1.000000
0.020327 -0.057349 0.337268 0.480697 0.856851 0.186375 1.000000
0.024643 -0.061199 0.345097 0.642773 0.753629 0.137427 1.000000
0.025384 -0.057482 0.329573 -0.439256 -0.799163 -0.410357 1.000000
0.033196 -0.062311 0.341209 0.721445 -0.613536 -0.321077 1.000000
0.028008 -0.057678 0.329751 0.313405 -0.760436 -0.568783 1.000000
0.025129 -0.060362 0.338119 -0.525331 -0.825905 -0.204717 1.000000
0.030532 -0.054752 0.329269 0.830611 -0.220793 -0.511210 1.000000
0.035578 -0.054846 0.339645 0.870002 0.276810 -0.408011 1.000000
0.024443 -0.060056 0.338783 -0.535368 -0.828063 -0.166411 1.000000
0.032188 -0.059560 0.335146 0.727174 -0.478625 -0.492073 1.000000
0.029928 -0.064833 0.343268 0.239725 0.859904 0.450663 1.000000
0.030316 -0.052433 0.330586 0.914675 0.240250 -0.325037 1.000000
0.032769 -0.053307 0.335423 0.854523 0.164388 -0.492715 1.000000
0.036732 -0.057842 0.343561 0.851283 -0.477898 -0.216635 1.000000
0.026592 -0.062403 0.343085 -0.589934 -0.780880 -0.205438 1.000000
0.032729 -0.054381 0.334659 0.855463 0.308444 -0.415987 1.000000
0.023613 -0.059559 0.338926 -0.515383 -0.841501 -0.162039 1.000000
0.035327 -0.058769 0.340226 0.828832 -0.506525 -0.237635 1.000000
0.022600 -0.059131 0.341016 -0.577152 -0.815751 -0.038030 1.000000
0.031355 -0.063441 0.340888 0.249699 -0.888771 -0.384364 1.000000
0.026585 -0.059084 0.331651 -0.359327 -0.859969 -0.362404 1.000000
0.035428 -0.059804 0.343795 0.831345 -0.527818 -0.173996 1.000000
0.024359 -0.059709 0.337517 -0.523809 -0.819989 -0.230744 1.000000
0.030926 -0.061869 0.336969 0.364991 -0.830034 -0.421693 1.000000
0.032928 -0.057762 0.334671 0.784186 -0.342592 -0.517382 1.000000
0.032301 -0.053351 0.334504 0.870829 0.217074 -0.441063 1.000000
0.022279 -0.058847 0.339147 -0.516312 -0.849565 -0.107990 1.000000
0.032734 -0.055304 0.333760 0.898637 0.231481 -0.372651 1.000000
0.033072 -0.053937 0.335616 0.837562 0.266745 -0.476798 1.000000
0.024522 -0.059992 0.338262 -0.531092 -0.825432 -0.191319 1.000000
0.021253 -0.057712 0.336242 -0.410555 -0.876020 -0.253049 1.000000
0.025885 -0.057816 0.329706 -0.336755 -0.812368 -0.476083 1.000000
0.033409 -0.058500 0.335969 0.768332 -0.421330 -0.481816 1.000000
0.033531 -0.051607 0.336547 0.815545 -0.166006 -0.554371 1.000000
0.024196 -0.060331 0.341484 -0.579840 -0.808445 -0.101009 1.000000
0.024105 -0.059880 0.338995 -0.534204 -0.830135 -0.159692 1.000000
0.034089 -0.055750 0.336287 0.855453 0.199519 -0.477904 1.000000
0.025886 -0.061666 0.342052 -0.589301 -0.794580 -0.146174 1.000000
0.036455 -0.056887 0.341531 0.928081 -0.208961 -0.308222 1.000000
0.031339 -0.054360 0.331622 0.865516 0.261689 -0.427083 1.000000
0.035965 -0.057192 0.339564 0.944565 -0.220557 -0.243210 1.000000
0.031424 -0.053947 0.332137 0.864630 0.307370 -0.397416 1.000000
0.027180 -0.057441 0.328954 0.179408 -0.793580 -0.581415 1.000000
0.024308 -0.057309 0.330744 -0.501109 -0.793710 -0.344840 1.000000
0.035046 -0.060391 0.343896 0.858902 -0.484328 -0.166476 1.000000
0.022914 -0.057109 0.332325 -0.465319 -0.821256 -0.330177 1.000000
0.024274 -0.059514 0.337066 -0.510881 -0.825735 -0.239088 1.000000
0.032757 -0.061207 0.338403 0.653761 -0.649283 -0.388624 1.000000
0.024904 -0.060316 0.338529 -0.526832 -0.829694 -0.184539 1.000000
0.029914 -0.051965 0.329646 0.923856 0.254593 -0.285785 1.000000
0.029843 -0.061467 0.335775 0.112485 -0.868120 -0.483441 1.000000
0.027893 -0.060790 0.333937 -0.190126 -0.905376 -0.379667 1.000000
0.028885 -0.059091 0.331975 0.323005 -0.749735 -0.577551 1.000000
0.023488 -0.059948 0.342640 -0.603161 -0.792614 -0.089220 1.000000
0.028228 -0.058910 0.331168 0.335465 -0.733748 -0.590828 1.000000
0.030987 -0.060110 0.334279 0.472853 -0.651316 -0.593462 1.000000
0.035104 -0.052334 0.339343 0.802669 -0.251591 -0.540763 1.000000
0.031457 -0.052979 0.332837 0.885330 0.267142 -0.380561 1.000000
0.027725 -0.057638 0.329468 0.266858 -0.768937 -0.580967 1.000000
0.021073 -0.057860 0.337157 -0.450059 -0.874288 -0.181842 1.000000
0.031099 -0.052582 0.332298 0.892150 0.250627 -0.375837 1.000000
0.026616 -0.061408 0.338624 -0.498382 -0.840802 -0.211346 1.000000
0.023205 -0.056809 0.331191 -0.475045 -0.812322 -0.338327 1.000000
0.031844 -0.056149 0.332021 0.818070 -0.162630 -0.551646 1.000000
0.033661 -0.061946 0.341653 0.756351 -0.574197 -0.313417 1.000000
0.025972 -0.061360 0.340378 -0.547377 -0.815574 -0.187664 1.000000
0.030594 -0.051525 0.331823 0.894052 0.081168 -0.440548 1.000000
0.026818 -0.057520 0.329075 0.060385 -0.826091 -0.560291 1.000000
0.034993 -0.053339 0.339338 0.873383 0.059968 -0.483328 1.000000
0.026396 -0.061654 0.340354 -0.523819 -0.828651 -0.197361 1.000000
0.027202 -0.056983 0.328518 -0.211393 0.751056 0.625482 1.000000
0.033626 -0.060633 0.339123 0.738323 -0.584356 -0.336760 1.000000
0.034722 -0.051097 0.337925 0.772465 -0.303504 -0.557838 1.000000
0.032323 -0.063814 0.342680 0.550061 -0.767482 -0.329247 1.000000
0.034083 -0.057438 0.336399 0.845724 -0.216795 -0.487597 1.000000
0.023153 -0.057883 0.333956 -0.469721 -0.826716 -0.309680 1.000000
0.034867 -0.058890 0.339153 0.796810 -0.508855 -0.325822 1.000000
0.024478 -0.058794 0.334346 -0.489896 -0.827259 -0.275035 1.000000
0.022979 -0.059434 0.341606 0.595007 0.801908 0.053955 1.000000
0.032475 -0.057008 0.333497 0.805672 -0.262817 -0.530867 1.000000
0.035669 -0.052738 0.340337 0.841000 -0.158546 -0.517284 1.000000
0.035024 -0.054517 0.338666 0.865272 0.275327 -0.418927 1.000000
0.023652 -0.058219 0.334064 -0.474799 -0.828627 -0.296553 1.000000
0.031901 -0.059717 0.334870 0.679272 -0.495035 -0.541785 1.000000
0.030563 -0.060859 0.335034 0.250146 -0.812486 -0.526587 1.000000
0.033865 -0.062089 0.342442 0.775430 -0.569018 -0.273728 1.000000
0.028906 -0.059574 0.332574 0.271787 -0.735433 -0.620702 1.000000
0.023127 -0.059546 0.340404 -0.529172 -0.844416 -0.083295 1.000000
0.024293 -0.058954 0.335262 -0.489478 -0.834348 -0.253526 1.000000
0.033754 -0.062783 0.343772 0.754026 -0.619778 -0.217532 1.000000
0.032366 -0.060038 0.335929 0.745204 -0.501285 -0.439755 1.000000
0.034271 -0.061961 0.343571 0.832975 -0.522093 -0.183223 1.000000
0.027050 -0.060440 0.334409 -0.523586 -0.817788 -0.238918 1.000000
0.030848 -0.064079 0.342010 0.109649 -0.866651 -0.486716 1.000000
0.026469 -0.058756 0.330919 -0.334352 -0.838511 -0.430242 1.000000
0.025144 -0.059655 0.335908 -0.510462 -0.822351 -0.251332 1.000000
0.034788 -0.054293 0.338317 0.855652 0.267795 -0.442883 1.000000
0.032005 -0.056422 0.332358 0.823275 -0.249188 -0.510023 1.000000
0.028648 -0.061580 0.335994 -0.212055 -0.903041 -0.373565 1.000000
0.026351 -0.059924 0.334195 -0.517417 -0.815059 -0.260689 1.000000
0.031910 -0.063278 0.340920 0.414074 -0.825075 -0.384440 1.000000
0.031070 -0.051948 0.332666 0.915117 0.122679 -0.384072 1.000000
0.031239 -0.051228 0.333245 0.844145 -0.157244 -0.512537 1.000000
0.024887 -0.060375 0.338974 -0.527156 -0.834115 -0.162352 1.000000
0.023117 -0.058874 0.337287 -0.456565 -0.862338 -0.218911 1.000000
0.034470 -0.058994 0.338392 0.786914 -0.482163 -0.385078 1.000000
0.034485 -0.054469 0.337696 0.830310 0.254796 -0.495645 1.000000
0.025441 -0.061257 0.341594 -0.583201 -0.799648 -0.142965 1.000000
0.032870 -0.052560 0.335677 0.835590 0.025211 -0.548775 1.000000
0.035734 -0.058985 0.342379 0.836261 -0.519941 -0.174152 1.000000
0.034271 -0.060123 0.339759 0.787295 -0.544602 -0.289095 1.000000
0.032591 -0.053212 0.335165 0.861877 0.171882 -0.477100 1.000000
0.026661 -0.061696 0.339757 -0.515060 -0.835687 -0.190631 1.000000
0.029066 -0.057817 0.330573 0.382283 -0.691290 -0.613170 1.000000
0.035506 -0.051172 0.338957 0.755271 -0.347048 -0.555989 1.000000
0.028183 -0.058676 0.331002 0.333671 -0.708848 -0.621448 1.000000
0.036327 -0.058792 0.344419 0.810042 -0.552984 -0.195038 1.000000
0.033227 -0.052362 0.336170 0.823192 -0.041035 -0.566278 1.000000
0.023266 -0.057307 0.332371 -0.480096 -0.814317 -0.326183 1.000000
0.030199 -0.061120 0.335314 0.208820 -0.835031 -0.509036 1.000000
0.031207 -0.052538 0.332606 0.889114 0.258111 -0.377961 1.000000
0.019117 -0.055495 0.333157 -0.443901 -0.817321 -0.367340 1.000000
0.030763 -0.054643 0.329718 0.916798 -0.110902 -0.383643 1.000000
0.030147 -0.053178 0.328877 0.877978 0.279042 -0.388960 1.000000
0.032587 -0.053550 0.334966 0.855636 0.242943 -0.457018 1.000000
0.030553 -0.052781 0.330932 0.897438 0.285849 -0.335999 1.000000
0.020010 -0.056460 0.334222 -0.426331 -0.847228 -0.316934 1.000000
0.032905 -0.062418 0.340680 0.693936 -0.634510 -0.340367 1.000000
0.021139 -0.057076 0.334575 -0.405893 -0.856011 -0.320151 1.000000
0.031956 -0.053788 0.333640 0.871878 0.296585 -0.389700 1.000000
0.032711 -0.054695 0.334464 0.865608 0.300695 -0.400381 1.000000
0.024852 -0.061024 0.343027 -0.600792 -0.788810 -0.129725 1.000000
0.033072 -0.057308 0.334586 0.827751 -0.236278 -0.508922 1.000000
0.025108 -0.060052 0.337052 -0.500815 -0.823185 -0.267488 1.000000
0.034012 -0.058999 0.337519 0.779706 -0.458957 -0.425932 1.000000
0.018783 -0.055242 0.333436 -0.444642 -0.821912 -0.356025 1.000000
0.027071 -0.062740 0.342941 -0.589059 -0.774575 -0.230311 1.000000
0.020169 -0.056659 0.334776 -0.427930 -0.856950 -0.287250 1.000000
0.023417 -0.059086 0.337539 -0.484813 -0.851947 -0.197846 1.000000
0.036134 -0.059027 0.344436 0.807013 -0.557712 -0.194134 1.000000
0.034917 -0.058058 0.338279 0.787233 -0.418999 -0.452442 1.000000
0.035548 -0.057104 0.338471 0.852432 -0.136945 -0.504584 1.000000
0.030432 -0.060536 0.334490 0.273981 -0.782911 -0.558557 1.000000
0.033096 -0.058158 0.335235 0.771572 -0.396946 -0.497102 1.000000
0.034514 -0.055754 0.337087 0.846373 0.165693 -0.506160 1.000000
0.035632 -0.058827 0.341462 0.845498 -0.491780 -0.208054 1.000000
0.033051 -0.060887 0.338394 0.678314 -0.628048 -0.381373 1.000000
0.034465 -0.055402 0.337180 0.829882 0.232390 -0.507238 1.000000
0.034456 -0.059778 0.339541 0.788753 -0.542135 -0.289756 1.000000
0.025972 -0.058272 0.330488 -0.401220 -0.813971 -0.420087 1.000000
0.036147 -0.056078 0.340247 0.949394 0.068624 -0.306499 1.000000
0.024120 -0.060659 0.344443 -0.625442 -0.771916 -0.113879 1.000000
0.035784 -0.052407 0.340234 0.807268 -0.238793 -0.539719 1.000000
0.031214 -0.049815 0.332376 0.821314 -0.230477 -0.521847 1.000000
0.022634 -0.058939 0.338732 -0.469021 -0.866722 -0.169740 1.000000
0.030502 -0.051101 0.331719 0.891347 0.007316 -0.453262 1.000000
0.025287 -0.058068 0.331008 -0.509893 -0.791007 -0.338108 1.000000
0.028379 -0.061822 0.336789 -0.305608 -0.894010 -0.327643 1.000000
0.029253 -0.058864 0.331984 0.340588 -0.726069 -0.597347 1.000000
0.029508 -0.061055 0.334944 0.129067 -0.861192 -0.491619 1.000000
0.026402 -0.061562 0.339908 -0.523466 -0.829825 -0.193324 1.000000
0.024674 -0.060668 0.341343 -0.578077 -0.806526 -0.123868 1.000000
0.022822 -0.057811 0.334231 -0.456628 -0.836883 -0.301857 1.000000
0.026916 -0.059077 0.331227 -0.206777 -0.881801 -0.423876 1.000000
0.029382 -0.064353 0.342801 -0.395357 -0.806237 -0.440086 1.000000
0.033863 -0.054540 0.336763 0.834093 0.254647 -0.489329 1.000000
0.023400 -0.059733 0.340947 -0.554237 -0.828520 -0.079851 1.000000
0.025185 -0.060945 0.340888 -0.563390 -0.811017 -0.157619 1.000000
0.035690 -0.058413 0.340908 0.863696 -0.449645 -0.227700 1.000000
0.033619 -0.058298 0.336165 0.781608 -0.382176 -0.492981 1.000000
0.030652 -0.053340 0.330487 0.907650 0.326283 -0.264027 1.000000
0.019518 -0.055832 0.333310 -0.443049 -0.816842 -0.369428 1.000000
0.025073 -0.060948 0.341274 -0.575165 -0.806229 -0.138489 1.000000
0.032687 -0.058966 0.335334 0.741942 -0.463050 -0.484878 1.000000
0.021686 -0.058405 0.339854 0.574384 0.816572 0.057390 1.000000
0.027628 -0.059124 0.331125 0.110947 -0.850102 -0.514798 1.000000
0.030208 -0.051673 0.330715 0.925655 0.165249 -0.340377 1.000000
0.023121 -0.059635 0.342274 0.603949 0.793199 0.077976 1.000000
0.021278 -0.056979 0.334178 -0.413055 -0.848216 -0.331535 1.000000
0.023677 -0.060309 0.344459 0.631781 0.768462 0.101585 1.000000
0.023589 -0.059393 0.338281 -0.514148 -0.835626 -0.193340 1.000000
0.031534 -0.055619 0.331435 0.834681 -0.020064 -0.550368 1.000000
0.020684 -0.057628 0.337021 0.465729 0.864962 0.186916 1.000000
0.028785 -0.063886 0.342719 -0.516530 -0.783936 -0.344443 1.000000
0.022655 -0.058010 0.335036 -0.449387 -0.848411 -0.279732 1.000000
0.030372 -0.051493 0.331235 0.913826 0.138612 -0.381717 1.000000
0.031770 -0.060346 0.335252 0.629265 -0.588785 -0.507304 1.000000
0.029326 -0.056457 0.329290 -0.531685 0.577668 0.619364 1.000000
0.031980 -0.061278 0.337228 0.616292 -0.706783 -0.347336 1.000000
0.028574 -0.059777 0.332616 0.218744 -0.765577 -0.605014 1.000000
0.027475 -0.059281 0.331643 0.002110 -0.884736 -0.466088 1.000000
0.020658 -0.057533 0.336512 -0.456438 -0.861892 -0.220924 1.000000
0.033393 -0.061177 0.339563 0.732438 -0.596173 -0.328804 1.000000
0.031662 -0.052926 0.333403 0.881266 0.252531 -0.399497 1.000000
0.029759 -0.056324 0.329562 -0.582236 0.537343 0.610134 1.000000
0.031660 -0.055382 0.331600 0.825195 0.043820 -0.563145 1.000000
0.022775 -0.059265 0.339929 -0.529744 -0.842276 -0.099712 1.000000
0.035542 -0.052855 0.340096 0.852022 -0.132056 -0.506576 1.000000
0.030868 -0.053892 0.330486 0.934544 0.232558 -0.269341 1.000000
0.027295 -0.056643 0.328070 -0.281842 0.711942 0.643198 1.000000
0.023451 -0.059571 0.339706 -0.504579 -0.851025 -0.145452 1.000000
0.019323 -0.056030 0.334173 -0.459311 -0.827615 -0.322624 1.000000
0.031561 -0.050501 0.333214 0.797499 -0.274649 -0.537181 1.000000
0.032761 -0.055858 0.333642 0.908121 0.071837 -0.412500 1.000000
0.026322 -0.060392 0.335873 -0.496016 -0.834404 -0.240289 1.000000
0.029541 -0.063101 0.339602 -0.162053 -0.954635 -0.249822 1.000000
0.029552 -0.057142 0.330156 0.480446 -0.626698 -0.613532 1.000000
0.029642 -0.062481 0.337920 -0.039859 -0.928812 -0.368402 1.000000
0.022300 -0.057809 0.335013 -0.435194 -0.852202 -0.290445 1.000000
0.033446 -0.059795 0.337443 0.731538 -0.542020 -0.413602 1.000000
0.033374 -0.055333 0.335226 0.856978 0.229573 -0.461394 1.000000
0.029999 -0.060948 0.334949 0.182388 -0.828448 -0.529536 1.000000
0.030222 -0.062970 0.339115 0.074292 -0.936233 -0.343437 1.000000
0.029052 -0.055581 0.328286 0.567032 -0.526103 -0.633791 1.000000
0.023214 -0.059724 0.342919 -0.610617 -0.787078 -0.087496 1.000000
0.023328 -0.059144 0.338033 -0.487190 -0.851428 -0.194207 1.000000
0.036659 -0.056534 0.342008 0.935118 -0.176103 -0.307477 1.000000
0.035389 -0.058484 0.339789 0.832157 -0.494443 -0.251081 1.000000
0.032152 -0.054666 0.333076 0.867952 0.328593 -0.372406 1.000000
0.033256 -0.054054 0.335856 0.839227 0.266063 -0.474246 1.000000
0.032363 -0.063538 0.342028 0.555111 -0.761728 -0.334100 1.000000
0.035506 -0.059314 0.342430 0.838961 -0.520335 -0.159361 1.000000
0.033539 -0.056733 0.335248 0.863355 -0.095300 -0.495517 1.000000
0.021919 -0.058593 0.338965 -0.514124 -0.852406 -0.095297 1.000000
0.034280 -0.059166 0.338177 0.778336 -0.497563 -0.382915 1.000000
0.027890 -0.062378 0.339885 -0.470072 -0.860297 -0.197285 1.000000
0.035290 -0.060162 0.344188 0.845755 -0.501543 -0.182082 1.000000
0.033507 -0.055783 0.335279 0.862179 0.155194 -0.482248 1.000000
0.034710 -0.051621 0.338282 0.793667 -0.318098 -0.518562 1.000000
0.026063 -0.058648 0.331269 -0.451645 -0.824872 -0.340004 1.000000
0.027090 -0.062888 0.343375 -0.598618 -0.764368 -0.239579 1.000000
0.027177 -0.058400 0.330211 0.102884 -0.739885 -0.664819 1.000000
0.029143 -0.061184 0.335065 0.075356 -0.890200 -0.449294 1.000000
0.035462 -0.056942 0.338333 0.847697 -0.109483 -0.519061 1.000000
0.027557 -0.059756 0.332365 -0.113141 -0.839381 -0.531638 1.000000
0.032548 -0.058856 0.335059 0.736763 -0.455900 -0.499334 1.000000
0.031700 -0.056674 0.332109 0.759289 -0.344563 -0.552048 1.000000
0.033308 -0.054894 0.335358 0.848832 0.276250 -0.450743 1.000000
0.027378 -0.063082 0.343303 -0.590738 -0.765837 -0.254012 1.000000
0.021156 -0.056514 0.333169 -0.408875 -0.841927 -0.352109 1.000000
0.035349 -0.053821 0.339884 0.871199 0.132921 -0.472594 1.000000
0.019748 -0.055602 0.332685 0.439493 0.813547 0.380773 1.000000
0.020499 -0.057096 0.335418 -0.442834 -0.852860 -0.276637 1.000000
0.035183 -0.059083 0.340439 0.825440 -0.510792 -0.240292 1.000000
0.034680 -0.058789 0.338577 0.793289 -0.469135 -0.388078 1.000000
0.035716 -0.050873 0.339083 0.754395 -0.342950 -0.559708 1.000000
0.026622 -0.059480 0.332541 -0.409287 -0.835498 -0.366643 1.000000
0.030697 -0.051290 0.332121 0.898034 0.042984 -0.437821 1.000000
0.030894 -0.059634 0.333750 0.519466 -0.607218 -0.601200 1.000000
0.035815 -0.057590 0.339657 0.912216 -0.321415 -0.254076 1.000000
0.032182 -0.062415 0.339585 0.513378 -0.744064 -0.427564 1.000000
0.034873 -0.059101 0.339597 0.800128 -0.529062 -0.282645 1.000000
0.022315 -0.058208 0.336363 -0.418999 -0.871620 -0.254400 1.000000
0.031394 -0.061642 0.336976 0.499994 -0.782697 -0.370665 1.000000
0.030659 -0.059493 0.333342 0.473668 -0.646535 -0.598023 1.000000
0.036304 -0.057723 0.341881 0.896707 -0.363091 -0.253142 1.000000
0.034976 -0.060709 0.344110 0.866064 -0.471819 -0.165288 1.000000
0.024289 -0.060051 0.339296 -0.539905 -0.828753 -0.147211 1.000000
0.035777 -0.057751 0.339904 0.898323 -0.381361 -0.218128 1.000000
0.025947 -0.060832 0.338119 -0.511255 -0.832423 -0.213754 1.000000
0.022636 -0.057239 0.333026 -0.457654 -0.828224 -0.323417 1.000000
0.034738 -0.060169 0.341340 0.817750 -0.522309 -0.241821 1.000000
0.033195 -0.063311 0.343518 -0.702595 0.668600 0.243586 1.000000
0.026748 -0.062308 0.342176 -0.560917 -0.806523 -0.186799 1.000000
0.030792 -0.061964 0.337279 0.329209 -0.849376 -0.412530 1.000000
0.028166 -0.062194 0.338148 -0.428628 -0.870370 -0.242352 1.000000
0.022383 -0.056494 0.331491 0.454371 0.825952 0.333691 1.000000
0.023563 -0.059957 0.342150 -0.603985 -0.792116 -0.088054 1.000000
0.035570 -0.059246 0.342665 0.836616 -0.526173 -0.152364 1.000000
0.031636 -0.055957 0.331659 0.814436 -0.103651 -0.570921 1.000000
0.030248 -0.062434 0.337720 0.150492 -0.915747 -0.372506 1.000000
0.024058 -0.056614 0.329517 0.488509 0.791913 0.366379 1.000000
0.033345 -0.060132 0.337723 0.722718 -0.568201 -0.393480 1.000000
0.029447 -0.063593 0.341372 -0.274344 -0.886225 -0.373283 1.000000
0.033851 -0.055870 0.335798 0.863276 0.126310 -0.488672 1.000000
0.029013 -0.061892 0.336669 -0.148298 -0.913340 -0.379232 1.000000
0.030862 -0.053387 0.331136 0.903313 0.276063 -0.328352 1.000000
0.034319 -0.052729 0.337964 0.898980 -0.077702 -0.431043 1.000000
0.034603 -0.057463 0.337250 0.831298 -0.228400 -0.506733 1.000000
0.032044 -0.052789 0.334227 0.863595 0.177115 -0.472052 1.000000
0.030066 -0.060098 0.333719 0.300329 -0.758792 -0.577959 1.000000
0.034172 -0.054701 0.337083 0.826660 0.268804 -0.494345 1.000000
0.032686 -0.063259 0.342043 0.625821 -0.717594 -0.305624 1.000000
0.034927 -0.055990 0.337649 0.850702 0.152147 -0.503147 1.000000
0.023849 -0.060434 0.344369 0.628031 0.770729 0.107489 1.000000
0.036236 -0.058565 0.343400 0.819543 -0.537946 -0.197393 1.000000
0.028006 -0.059191 0.331656 0.206448 -0.829276 -0.519308 1.000000
0.029028 -0.061019 0.334798 0.108681 -0.895557 -0.431470 1.000000
0.021991 -0.058585 0.338417 -0.491154 -0.862502 -0.121892 1.000000
0.023348 -0.057947 0.333825 -0.475211 -0.822684 -0.312035 1.000000
0.033515 -0.057236 0.335299 0.851843 -0.195505 -0.485944 1.000000
0.026773 -0.059700 0.332782 -0.403132 -0.836323 -0.371549 1.000000
0.031442 -0.060587 0.335160 0.495721 -0.686782 -0.531593 1.000000
0.027444 -0.061651 0.337663 -0.478666 -0.843310 -0.244351 1.000000
0.020350 -0.056341 0.333582 -0.385611 -0.852520 -0.352864 1.000000
0.032454 -0.052445 0.335128 0.852119 0.030629 -0.522450 1.000000
0.022824 -0.057639 0.333801 -0.463256 -0.827452 -0.317360 1.000000
0.027312 -0.059156 0.331107 -0.007186 -0.875303 -0.483522 1.000000
0.036564 -0.056995 0.341851 0.924428 -0.240349 -0.296084 1.000000
0.026195 -0.058394 0.330455 -0.367411 -0.809614 -0.457749 1.000000
0.024972 -0.060079 0.337432 -0.514514 -0.821495 -0.245807 1.000000
0.031319 -0.062055 0.337790 0.468496 -0.800098 -0.374640 1.000000
0.030994 -0.050129 0.332087 0.833559 -0.194316 -0.517128 1.000000
0.034212 -0.058245 0.337090 0.812147 -0.361710 -0.457803 1.000000
0.034662 -0.056544 0.337139 0.857710 -0.005764 -0.514102 1.000000
0.032861 -0.062609 0.341029 0.674800 -0.658884 -0.332441 1.000000
0.032457 -0.055825 0.333016 0.896550 0.033567 -0.441668 1.000000
0.028730 -0.058089 0.330720 0.349194 -0.699863 -0.623102 1.000000
0.023597 -0.059902 0.341304 -0.580152 -0.811101 -0.074422 1.000000
0.026236 -0.059865 0.334440 -0.511588 -0.819148 -0.259373 1.000000
0.024339 -0.059446 0.336759 -0.504832 -0.824039 -0.257109 1.000000
0.024818 -0.060692 0.340832 -0.560915 -0.815235 -0.144108 1.000000
0.031079 -0.050642 0.332388 0.847567 -0.204768 -0.489592 1.000000
0.028842 -0.062203 0.337475 -0.226489 -0.906346 -0.356706 1.000000
0.032518 -0.055615 0.333073 0.899198 0.078160 -0.430504 1.000000
0.034720 -0.054929 0.337816 0.835582 0.259426 -0.484253 1.000000
0.029975 -0.063589 0.341113 -0.143090 -0.916768 -0.372909 1.000000
0.027211 -0.061254 0.336892 -0.492939 -0.823230 -0.281611 1.000000
0.020528 -0.056315 0.333331 -0.388243 -0.846370 -0.364588 1.000000
0.025685 -0.060135 0.336339 -0.501308 -0.828077 -0.250956 1.000000
0.033219 -0.053541 0.336108 0.830702 0.171400 -0.529676 1.000000
0.032536 -0.054413 0.334166 0.856404 0.323907 -0.402065 1.000000
0.033265 -0.058005 0.335361 0.802152 -0.350637 -0.483327 1.000000
0.032659 -0.060904 0.337724 0.660838 -0.655190 -0.366087 1.000000
0.025279 -0.061350 0.343040 -0.610494 -0.778763 -0.144309 1.000000
0.034896 -0.060443 0.342608 0.862288 -0.473307 -0.180113 1.000000
0.030660 -0.063249 0.339841 0.131647 -0.927999 -0.348549 1.000000
0.034686 -0.060392 0.341667 0.822006 -0.514416 -0.244298 1.000000
0.024658 -0.059036 0.334799 -0.496606 -0.827559 -0.261781 1.000000
0.025859 -0.060933 0.338690 -0.523724 -0.832365 -0.181335 1.000000
0.032249 -0.063305 0.341494 0.496159 -0.794677 -0.349735 1.000000
0.031123 -0.054319 0.331208 0.892392 0.231822 -0.387162 1.000000
0.029975 -0.055399 0.329036 0.674826 -0.429472 -0.600137 1.000000
0.030634 -0.064314 0.342332 0.017437 -0.851896 -0.523421 1.000000
0.029030 -0.062699 0.338512 -0.233262 -0.920876 -0.312372 1.000000
0.027560 -0.061530 0.337064 -0.464222 -0.838579 -0.285103 1.000000
0.029016 -0.058593 0.331358 0.346361 -0.717255 -0.604632 1.000000
0.036366 -0.057402 0.341611 0.913152 -0.299010 -0.277032 1.000000
0.034526 -0.053069 0.338479 0.903493 0.056802 -0.424823 1.000000
0.026934 -0.061543 0.338454 -0.498036 -0.841716 -0.208504 1.000000
0.022915 -0.058326 0.335727 -0.453463 -0.854557 -0.253185 1.000000
0.025731 -0.061015 0.339572 -0.540860 -0.823111 -0.173084 1.000000
0.035886 -0.055350 0.339931 0.891875 0.216371 -0.397169 1.000000
0.024073 -0.058289 0.333593 -0.484404 -0.822003 -0.299439 1.000000
0.025855 -0.061676 0.342336 -0.596566 -0.789278 -0.145430 1.000000
0.029860 -0.058874 0.332278 0.380602 -0.692483 -0.612869 1.000000
0.035624 -0.059390 0.343415 0.815162 -0.553361 -0.171179 1.000000
0.026617 -0.060711 0.336336 -0.498606 -0.827328 -0.258690 1.000000
0.020870 -0.056254 0.332901 -0.399557 -0.843218 -0.359636 1.000000
0.030292 -0.059417 0.332997 0.435778 -0.665817 -0.605628 1.000000
0.021208 -0.056729 0.333649 -0.408848 -0.845552 -0.343342 1.000000
0.025749 -0.058642 0.331718 -0.482412 -0.817081 -0.315686 1.000000
0.031546 -0.062842 0.339713 0.390474 -0.819312 -0.419831 1.000000
0.028685 -0.064058 0.343247 0.525454 0.776309 0.348199 1.000000
0.026711 -0.059233 0.331917 -0.352677 -0.859337 -0.370349 1.000000
0.032625 -0.062487 0.340348 0.622037 -0.684599 -0.379991 1.000000
0.025952 -0.061518 0.341031 -0.560080 -0.810324 -0.172296 1.000000
0.025978 -0.057142 0.328453 0.164988 0.807904 0.565748 1.000000
0.033110 -0.052015 0.335945 0.811197 -0.123323 -0.571621 1.000000
0.031548 -0.064005 0.342166 0.332393 -0.843478 -0.421970 1.000000
0.030028 -0.050444 0.330698 0.924293 0.051459 -0.378198 1.000000
0.027647 -0.057414 0.329091 0.266957 -0.756439 -0.597104 1.000000
0.032021 -0.058121 0.333662 0.707639 -0.439987 -0.552864 1.000000
0.031368 -0.056613 0.331626 0.743523 -0.342734 -0.574201 1.000000
0.022738 -0.059269 0.340780 -0.570457 -0.820235 -0.042350 1.000000
0.034573 -0.050401 0.337419 0.766135 -0.314456 -0.560494 1.000000
0.033943 -0.050326 0.336380 0.782238 -0.308763 -0.541081 1.000000
0.030630 -0.063344 0.340164 0.083303 -0.942541 -0.323538 1.000000
0.035568 -0.056033 0.338870 0.883693 0.206513 -0.420047 1.000000
0.028152 -0.061441 0.336034 -0.345050 -0.875806 -0.337498 1.000000
0.028004 -0.059053 0.331214 0.244604 -0.809363 -0.533948 1.000000
0.035772 -0.056610 0.338963 0.922242 0.050986 -0.383236 1.000000
0.035901 -0.058806 0.342635 0.829876 -0.533816 -0.162318 1.000000
0.031872 -0.053901 0.333194 0.868308 0.315079 -0.383100 1.000000
0.031393 -0.052096 0.333390 0.864196 0.117084 -0.489343 1.000000
0.035695 -0.050373 0.338928 0.744921 -0.344141 -0.571542 1.000000
0.028394 -0.062496 0.339006 -0.416833 -0.888117 -0.193647 1.000000
0.029955 -0.059806 0.333277 0.319713 -0.725727 -0.609183 1.000000
0.033958 -0.053668 0.337178 0.845669 0.128368 -0.518040 1.000000
0.027793 -0.057037 0.328843 0.315313 -0.716013 -0.622819 1.000000
0.032388 -0.064046 0.343333 -0.557750 0.780224 0.283136 1.000000
0.036045 -0.058447 0.342418 0.844749 -0.498862 -0.193741 1.000000
0.019193 -0.055667 0.333519 -0.445259 -0.823286 -0.352058 1.000000
0.033916 -0.055170 0.336302 0.845374 0.266210 -0.463116 1.000000
0.030315 -0.052624 0.330427 0.913721 0.281491 -0.293046 1.000000
0.033217 -0.051629 0.335958 0.804492 -0.191022 -0.562408 1.000000
0.032713 -0.054022 0.334870 0.852538 0.290304 -0.434629 1.000000
0.036088 -0.057306 0.340602 0.933472 -0.284989 -0.217743 1.000000
0.031964 -0.056816 0.332593 0.798066 -0.311297 -0.515931 1.000000
0.031554 -0.051190 0.333521 0.803673 -0.214913 -0.554908 1.000000
0.027301 -0.057595 0.329293 0.186968 -0.776129 -0.602218 1.000000
0.021981 -0.057184 0.333751 -0.438438 -0.838237 -0.324239 1.000000
0.036099 -0.055815 0.340195 0.927773 0.122056 -0.352617 1.000000
0.036126 -0.054857 0.340738 0.887528 0.252567 -0.385361 1.000000
0.036155 -0.056640 0.340247 0.959625 -0.110727 -0.258573 1.000000
0.027312 -0.060831 0.335534 -0.460561 -0.855644 -0.236131 1.000000
0.034723 -0.056227 0.337266 0.857252 0.089916 -0.506985 1.000000
0.031253 -0.054587 0.331320 0.875648 0.226932 -0.426313 1.000000
0.030086 -0.056483 0.330023 0.637216 -0.504197 -0.582873 1.000000
0.035522 -0.059043 0.341588 0.841456 -0.501778 -0.200428 1.000000
0.030174 -0.063388 0.340430 -0.054251 -0.949688 -0.308463 1.000000
0.031926 -0.061880 0.338458 0.546365 -0.741277 -0.389864 1.000000
0.026627 -0.062062 0.341391 -0.532309 -0.824872 -0.190350 1.000000
0.035512 -0.055224 0.339202 0.875316 0.254790 -0.410980 1.000000
0.036099 -0.057961 0.341511 0.883416 -0.401304 -0.241931 1.000000
0.028473 -0.056353 0.328506 -0.475823 0.619602 0.624249 1.000000
0.033492 -0.061313 0.340048 0.749171 -0.585078 -0.310526 1.000000
0.030137 -0.063749 0.341426 -0.121337 -0.891454 -0.436562 1.000000
0.032878 -0.055124 0.334479 0.874610 0.253608 -0.413207 1.000000
0.035705 -0.058463 0.341189 0.861960 -0.451734 -0.230133 1.000000
0.028782 -0.058926 0.331700 0.344625 -0.740461 -0.577020 1.000000
0.025630 -0.058108 0.330554 -0.465099 -0.793404 -0.392674 1.000000
0.021950 -0.058503 0.338060 -0.475104 -0.867788 -0.145672 1.000000
0.031118 -0.061263 0.335999 0.343738 -0.816167 -0.464452 1.000000
0.035868 -0.057013 0.339099 0.930391 -0.127821 -0.343561 1.000000
0.032322 -0.053842 0.334218 0.860363 0.294827 -0.415756 1.000000
0.028079 -0.060940 0.334548 -0.228411 -0.932030 -0.281333 1.000000
0.028174 -0.059876 0.332540 0.138592 -0.799828 -0.584010 1.000000
0.031208 -0.053527 0.332025 0.880616 0.276520 -0.384775 1.000000
0.034779 -0.053289 0.338959 0.888642 0.086723 -0.450327 1.000000
0.027412 -0.058481 0.330392 0.193101 -0.733405 -0.651789 1.000000
0.031883 -0.060742 0.335904 0.622452 -0.662589 -0.416569 1.000000
0.032785 -0.052998 0.335577 0.843852 0.114011 -0.524323 1.000000
0.025439 -0.060442 0.337725 -0.508386 -0.826888 -0.240418 1.000000
0.021578 -0.056855 0.333467 -0.421736 -0.841316 -0.338122 1.000000
0.022273 -0.058875 0.341175 0.586613 0.809135 0.034444 1.000000
0.034033 -0.052957 0.337395 0.866770 0.012135 -0.498560 1.000000
0.023872 -0.060287 0.342781 -0.601863 -0.793067 -0.093837 1.000000
0.027255 -0.059772 0.332522 -0.280369 -0.846772 -0.452073 1.000000
0.032932 -0.059410 0.336214 0.742561 -0.488659 -0.458057 1.000000
0.029556 -0.056821 0.329849 -0.515863 0.598320 0.613106 1.000000
0.026204 -0.062235 0.343612 -0.617291 -0.761986 -0.195780 1.000000
0.029914 -0.062409 0.337672 0.034711 -0.928493 -0.369724 1.000000
0.029236 -0.060747 0.334414 0.185882 -0.857081 -0.480479 1.000000
0.027816 -0.062277 0.339531 -0.476403 -0.858717 -0.188802 1.000000
0.031789 -0.053623 0.333300 0.871960 0.298356 -0.388163 1.000000
0.026585 -0.057430 0.328853 -0.014612 -0.830870 -0.556274 1.000000
0.034348 -0.051365 0.337569 0.802605 -0.250434 -0.541395 1.000000
0.027533 -0.060410 0.333520 -0.319706 -0.848168 -0.422373 1.000000
0.032975 -0.061914 0.340041 0.685441 -0.637645 -0.351539 1.000000
0.033379 -0.053797 0.336234 0.833054 0.191347 -0.519045 1.000000
0.027749 -0.062850 0.341784 -0.501314 -0.827586 -0.252559 1.000000
0.032734 -0.060446 0.337066 0.707857 -0.590724 -0.387278 1.000000
0.031320 -0.057424 0.332271 0.696058 -0.472081 -0.540965 1.000000
0.019596 -0.056137 0.333967 -0.448157 -0.827591 -0.338006 1.000000
0.020646 -0.056076 0.332712 -0.398640 -0.841925 -0.363661 1.000000
0.026334 -0.059570 0.333277 -0.514520 -0.805034 -0.295278 1.000000
0.027583 -0.058146 0.330170 0.251225 -0.731853 -0.633464 1.000000
0.026120 -0.061412 0.340075 -0.540422 -0.820406 -0.186757 1.000000
0.029297 -0.056126 0.328974 -0.538170 0.565096 0.625332 1.000000
0.029585 -0.063044 0.339337 -0.151369 -0.949977 -0.273186 1.000000
0.035494 -0.056487 0.338526 0.881575 0.039794 -0.470364 1.000000
0.026493 -0.058392 0.330296 -0.232531 -0.815582 -0.529864 1.000000
0.035526 -0.057749 0.338970 0.846906 -0.384463 -0.367341 1.000000
0.036245 -0.058848 0.344246 0.810042 -0.552984 -0.195038 1.000000
0.036015 -0.056001 0.339951 0.930402 0.131386 -0.342185 1.000000
0.030071 -0.057863 0.331228 -0.496112 0.596443 0.630975 1.000000
0.035849 -0.053751 0.340891 0.894765 0.126685 -0.428190 1.000000
0.035232 -0.056090 0.338137 0.859025 0.158812 -0.486678 1.000000
0.026982 -0.062232 0.341200 -0.508137 -0.834459 -0.213250 1.000000
0.034725 -0.052811 0.338909 0.861832 -0.098299 -0.497577 1.000000
0.024508 -0.060997 0.344556 -0.632189 -0.764995 -0.122966 1.000000
0.028406 -0.063907 0.343344 0.555539 0.768618 0.317179 1.000000
0.031297 -0.050845 0.332987 0.849292 -0.221097 -0.479395 1.000000
0.034398 -0.049872 0.336737 0.776645 -0.321567 -0.541680 1.000000
0.034971 -0.057598 0.338035 0.802608 -0.312966 -0.507811 1.000000
0.022972 -0.059426 0.340912 -0.567576 -0.821920 -0.048004 1.000000
0.027999 -0.063040 0.341906 -0.506136 -0.815368 -0.281070 1.000000
0.025131 -0.057475 0.329923 -0.475453 -0.792821 -0.381287 1.000000
0.035225 -0.055147 0.338650 0.866952 0.263002 -0.423349 1.000000
0.033015 -0.056584 0.334293 0.877653 -0.083052 -0.472046 1.000000
0.021602 -0.058333 0.339347 0.551364 0.831522 0.067591 1.000000
0.029609 -0.055630 0.328862 -0.588485 0.509918 0.627430 1.000000
0.033661 -0.060304 0.338681 0.738447 -0.575191 -0.351926 1.000000
0.034011 -0.059876 0.338708 0.757899 -0.551696 -0.348167 1.000000
0.025619 -0.059078 0.333174 -0.520089 -0.803879 -0.288594 1.000000
0.032192 -0.056064 0.332520 0.864233 -0.114882 -0.489799 1.000000
0.035876 -0.055817 0.339714 0.909738 0.184233 -0.372068 1.000000
0.027616 -0.060780 0.334509 -0.386063 -0.897520 -0.213102 1.000000
0.033194 -0.053205 0.336132 0.832887 0.109106 -0.542582 1.000000
0.026054 -0.062001 0.343319 -0.618115 -0.763797 -0.185870 1.000000
0.030620 -0.053128 0.330730 0.902694 0.307211 -0.301273 1.000000
0.030318 -0.064602 0.342712 -0.089977 -0.869335 -0.485963 1.000000
0.030370 -0.050237 0.331253 0.868992 -0.075533 -0.489027 1.000000
0.031564 -0.057176 0.332309 0.715545 -0.438127 -0.544095 1.000000
0.036847 -0.056088 0.342226 0.941690 -0.140120 -0.305919 1.000000
0.034793 -0.057557 0.337672 0.812660 -0.281235 -0.510382 1.000000
0.036700 -0.055498 0.341793 0.944546 0.018624 -0.327849 1.000000
0.020274 -0.057273 0.336421 -0.474903 -0.852103 -0.219972 1.000000
0.021863 -0.058540 0.338665 -0.510489 -0.854051 -0.099989 1.000000
0.021942 -0.058063 0.336383 -0.408128 -0.875166 -0.259837 1.000000
0.029286 -0.062169 0.337193 -0.118845 -0.916498 -0.381978 1.000000
0.030767 -0.053180 0.331099 0.901291 0.275261 -0.334523 1.000000
0.030885 -0.060971 0.335327 0.312109 -0.801205 -0.510547 1.000000
0.034559 -0.060695 0.341762 0.823735 -0.509102 -0.249551 1.000000
0.034597 -0.051958 0.338269 0.840443 -0.235734 -0.487939 1.000000
0.023715 -0.058416 0.334526 -0.470037 -0.838636 -0.275236 1.000000
0.031126 -0.063138 0.339939 0.262819 -0.893739 -0.363532 1.000000
0.032099 -0.058720 0.334245 0.702794 -0.465587 -0.537875 1.000000
0.021304 -0.056386 0.332692 -0.426962 -0.835731 -0.345336 1.000000
0.033681 -0.058603 0.336513 0.767654 -0.425301 -0.479402 1.000000
0.036241 -0.058998 0.344789 0.808419 -0.555844 -0.193641 1.000000
0.031190 -0.059348 0.333828 -0.577993 0.574136 0.579907 1.000000
0.027582 -0.062889 0.342299 -0.536614 -0.806912 -0.246857 1.000000
0.027998 -0.062666 0.340777 -0.476624 -0.845373 -0.241194 1.000000
0.024264 -0.060720 0.343970 -0.623171 -0.773310 -0.116829 1.000000
0.027164 -0.061497 0.337835 -0.496275 -0.837115 -0.230107 1.000000
0.034568 -0.060489 0.341358 0.816170 -0.518235 -0.255537 1.000000
0.026205 -0.061165 0.338594 -0.514555 -0.833910 -0.199566 1.000000
0.025003 -0.060950 0.341752 -0.588766 -0.799527 -0.118792 1.000000
0.026498 -0.060666 0.336492 -0.502166 -0.826283 -0.255119 1.000000
0.034209 -0.057931 0.336888 0.812268 -0.320928 -0.487057 1.000000
0.034551 -0.061454 0.343518 0.861067 -0.480876 -0.165293 1.000000
0.032545 -0.062692 0.340551 0.597585 -0.711281 -0.370098 1.000000
0.025304 -0.060557 0.338489 -0.528450 -0.828251 -0.186388 1.000000
0.022035 -0.057392 0.334250 -0.440557 -0.839888 -0.317014 1.000000
0.034663 -0.058440 0.338230 0.803064 -0.423225 -0.419487 1.000000
0.027795 -0.061449 0.336493 -0.412049 -0.857528 -0.307996 1.000000
0.021584 -0.057899 0.336342 -0.398486 -0.879128 -0.261424 1.000000
0.034888 -0.050194 0.337704 0.767541 -0.309265 -0.561458 1.000000
0.036364 -0.056474 0.341091 0.946671 -0.103430 -0.305150 1.000000
0.023478 -0.060048 0.343987 -0.617130 -0.780615 -0.098948 1.000000
0.032302 -0.050772 0.334322 0.775570 -0.257406 -0.576397 1.000000
0.020239 -0.056855 0.335079 -0.437316 -0.855051 -0.278645 1.000000
0.026338 -0.057556 0.329074 -0.080436 -0.833302 -0.546935 1.000000
0.025630 -0.060869 0.339255 -0.535900 -0.827050 -0.169701 1.000000
0.023713 -0.057610 0.332370 -0.488858 -0.810532 -0.322578 1.000000
0.030628 -0.058414 0.332310 -0.565656 0.567102 0.598688 1.000000
0.031110 -0.057033 0.331546 0.697760 -0.427920 -0.574470 1.000000
0.023306 -0.059866 0.343452 -0.608650 -0.787681 -0.095417 1.000000
0.032557 -0.057374 0.333864 0.790475 -0.311976 -0.527087 1.000000
0.030869 -0.060494 0.334602 0.370870 -0.714394 -0.593378 1.000000
0.025761 -0.059249 0.333457 -0.518017 -0.806389 -0.285300 1.000000
0.030747 -0.058727 0.332729 -0.580586 0.568156 0.583198 1.000000
0.024473 -0.057892 0.331866 -0.503996 -0.801087 -0.322873 1.000000
0.026341 -0.059819 0.333863 -0.519402 -0.811589 -0.267479 1.000000
0.036142 -0.058527 0.342949 0.826609 -0.528096 -0.194507 1.000000
0.032075 -0.058410 0.334001 0.704923 -0.455703 -0.543524 1.000000
0.030073 -0.062007 0.336673 0.120942 -0.886351 -0.446940 1.000000
0.033511 -0.056276 0.335169 0.866218 0.040030 -0.498060 1.000000
0.035565 -0.059121 0.342125 0.838835 -0.513502 -0.180754 1.000000
0.034086 -0.051937 0.337344 0.834859 -0.143514 -0.531426 1.000000
0.032692 -0.050390 0.334648 0.774003 -0.274679 -0.570500 1.000000
0.027385 -0.060643 0.334279 -0.436071 -0.862802 -0.255763 1.000000
0.033970 -0.056717 0.335950 0.865804 -0.078242 -0.494227 1.000000
0.028374 -0.057514 0.329656 0.346797 -0.744772 -0.570128 1.000000
0.036001 -0.054380 0.340915 0.886937 0.245846 -0.391026 1.000000
0.028107 -0.061098 0.335059 -0.264193 -0.919761 -0.290244 1.000000
0.028340 -0.059000 0.331453 0.320417 -0.768578 -0.553733 1.000000
0.021543 -0.057250 0.334549 -0.414351 -0.853344 -0.316414 1.000000
0.033790 -0.053196 0.336973 0.843913 0.062923 -0.532777 1.000000
0.030307 -0.051061 0.331341 0.904591 0.075804 -0.419487 1.000000
0.023874 -0.059754 0.339121 -0.533105 -0.832237 -0.152254 1.000000
0.033424 -0.063134 0.343667 0.722405 -0.648157 -0.240880 1.000000
0.026082 -0.058066 0.330014 -0.309826 -0.820202 -0.480912 1.000000
0.020894 -0.057293 0.335478 -0.416261 -0.859975 -0.295246 1.000000
0.030094 -0.052277 0.330005 0.918734 0.270817 -0.287378 1.000000
0.031674 -0.051937 0.333842 0.842793 0.048673 -0.536032 1.000000
0.025974 -0.059954 0.335074 -0.507057 -0.823176 -0.255488 1.000000
0.034110 -0.058649 0.337273 0.797346 -0.412848 -0.440223 1.000000
0.025672 -0.062041 0.344530 0.636122 0.748875 0.185835 1.000000
0.032220 -0.054035 0.333799 0.864970 0.312783 -0.392420 1.000000
0.036415 -0.055972 0.341022 0.944367 0.004704 -0.328859 1.000000
0.027729 -0.059821 0.332435 -0.046114 -0.838138 -0.543505 1.000000
0.034735 -0.061032 0.343390 0.869942 -0.465519 -0.162765 1.000000
0.034746 -0.060458 0.342094 0.839966 -0.497905 -0.215751 1.000000
0.031122 -0.050178 0.332255 0.836174 -0.216768 -0.503811 1.000000
0.033128 -0.055193 0.334877 0.864944 0.236023 -0.442905 1.000000
0.031821 -0.051456 0.333989 0.794622 -0.158175 -0.586138 1.000000
0.035250 -0.050155 0.338067 0.762017 -0.316127 -0.565149 1.000000
0.026132 -0.059145 0.332483 -0.482882 -0.814505 -0.321570 1.000000
0.032296 -0.060722 0.336682 0.680720 -0.627447 -0.378062 1.000000
0.023214 -0.059639 0.341968 0.600989 0.796141 0.070515 1.000000
0.034293 -0.050687 0.337143 0.779832 -0.302314 -0.548150 1.000000
0.029880 -0.059391 0.332737 0.336435 -0.694607 -0.635872 1.000000
0.030012 -0.060230 0.333872 0.278399 -0.776055 -0.565892 1.000000
0.034742 -0.055471 0.337583 0.838898 0.224193 -0.495971 1.000000
0.034856 -0.053859 0.338791 0.882707 0.218792 -0.415882 1.000000
0.031252 -0.062570 0.338866 0.398423 -0.839689 -0.369027 1.000000
0.027767 -0.061234 0.336048 -0.398111 -0.863647 -0.309229 1.000000
0.025324 -0.059635 0.335405 -0.510285 -0.822004 -0.252822 1.000000
0.033969 -0.062166 0.342874 0.793116 -0.564443 -0.228846 1.000000
0.028467 -0.057984 0.330472 0.342496 -0.712498 -0.612407 1.000000
0.031283 -0.060892 0.335449 0.435303 -0.758155 -0.485503 1.000000
0.036067 -0.056395 0.340050 0.956008 0.019454 -0.292693 1.000000
0.035608 -0.059055 0.341905 0.840118 -0.508255 -0.189417 1.000000
0.030676 -0.058132 0.332055 0.601906 -0.557321 -0.571928 1.000000
0.028133 -0.061651 0.336555 -0.364430 -0.873906 -0.321681 1.000000
0.022807 -0.056333 0.330547 0.469309 0.812626 0.345527 1.000000
0.028034 -0.061510 0.336323 -0.381517 -0.866451 -0.322037 1.000000
0.035790 -0.051160 0.339351 0.757876 -0.349714 -0.550749 1.000000
0.033476 -0.052159 0.336490 0.819188 -0.072930 -0.568869 1.000000
0.030658 -0.055606 0.329980 0.819125 -0.290633 -0.494537 1.000000
0.028694 -0.060795 0.334110 0.122969 -0.892108 -0.434766 1.000000
0.021249 -0.057472 0.335554 -0.399002 -0.869024 -0.292566 1.000000
0.030664 -0.055104 0.329653 0.845099 -0.242916 -0.476235 1.000000
0.031171 -0.053870 0.331776 0.873318 0.290253 -0.391240 1.000000
0.028270 -0.060760 0.333834 -0.031893 -0.904311 -0.425681 1.000000
0.034639 -0.052684 0.338680 0.882603 -0.082637 -0.462800 1.000000
0.034073 -0.049991 0.336388 0.779720 -0.315613 -0.540763 1.000000
0.031345 -0.053266 0.332429 0.881793 0.275331 -0.382928 1.000000
0.031385 -0.050748 0.333080 0.825956 -0.239875 -0.510153 1.000000
0.032018 -0.061116 0.336921 0.627737 -0.695924 -0.348762 1.000000
0.032786 -0.052208 0.335570 0.817574 -0.060642 -0.572621 1.000000
0.024687 -0.059858 0.337250 -0.519232 -0.818139 -0.247077 1.000000
0.031506 -0.050960 0.333353 0.816291 -0.222882 -0.532909 1.000000
0.033638 -0.062832 0.343453 0.743559 -0.631264 -0.220514 1.000000
0.024506 -0.059350 0.336081 -0.497248 -0.827825 -0.259714 1.000000
0.030108 -0.052662 0.329605 0.915381 0.312479 -0.253840 1.000000
0.021448 -0.057674 0.335894 -0.396902 -0.876893 -0.271158 1.000000
0.030545 -0.054033 0.329147 0.897551 0.133527 -0.420206 1.000000
0.032896 -0.053496 0.335596 0.843631 0.185527 -0.503851 1.000000
0.025640 -0.060952 0.339789 -0.544529 -0.821088 -0.171180 1.000000
0.035753 -0.057347 0.339030 0.900455 -0.267853 -0.342688 1.000000
0.032827 -0.053736 0.335269 0.843755 0.250072 -0.474912 1.000000
0.034477 -0.061230 0.342582 0.844822 -0.487516 -0.220464 1.000000
0.033152 -0.054540 0.335292 0.839509 0.288419 -0.460477 1.000000
0.026705 -0.061509 0.338888 -0.495039 -0.843516 -0.208365 1.000000
0.033292 -0.056014 0.334813 0.885913 0.075765 -0.457622 1.000000
0.019891 -0.056190 0.333708 -0.422375 -0.837344 -0.347065 1.000000
0.030370 -0.055125 0.329231 0.786873 -0.289668 -0.544907 1.000000
0.036863 -0.056482 0.342491 0.943117 -0.169467 -0.286028 1.000000
0.020991 -0.057212 0.335075 -0.402303 -0.860461 -0.312664 1.000000
0.023075 -0.058808 0.337004 -0.452370 -0.861829 -0.229373 1.000000
0.035025 -0.057113 0.337797 0.823741 -0.173926 -0.539630 1.000000
0.033304 -0.062888 0.342632 0.700952 -0.659379 -0.271821 1.000000
0.031941 -0.057212 0.332960 0.749836 -0.390220 -0.534298 1.000000
0.032307 -0.061028 0.337334 0.653899 -0.669549 -0.352306 1.000000
0.026331 -0.059660 0.333491 -0.511936 -0.809815 -0.286568 1.000000
0.035370 -0.055495 0.338750 0.869430 0.255448 -0.422893 1.000000
0.034177 -0.050362 0.336695 0.782259 -0.312790 -0.538733 1.000000
0.023521 -0.059390 0.338533 -0.509466 -0.839915 -0.187049 1.000000
0.028675 -0.058291 0.330894 0.348404 -0.686174 -0.638576 1.000000
0.035269 -0.058422 0.339302 0.813730 -0.493779 -0.306635 1.000000
0.032227 -0.056896 0.333016 0.811431 -0.281891 -0.511973 1.000000
0.025066 -0.061548 0.344711 0.641734 0.750142 0.159577 1.000000
0.035751 -0.055230 0.339719 0.882456 0.232100 -0.409147 1.000000
0.023678 -0.058985 0.336519 -0.482927 -0.841596 -0.241863 1.000000
0.032850 -0.059909 0.336635 0.740390 -0.513534 -0.433712 1.000000
0.035463 -0.058790 0.340785 0.839710 -0.488299 -0.237593 1.000000
0.021322 -0.057880 0.336780 -0.434713 -0.875648 -0.210394 1.000000
0.021944 -0.058399 0.337565 -0.437910 -0.876598 -0.199526 1.000000
0.023843 -0.059890 0.340298 -0.528030 -0.840331 -0.122590 1.000000
0.028694 -0.055917 0.328203 -0.528804 0.576220 0.623166 1.000000
0.024883 -0.059483 0.335830 -0.506907 -0.825239 -0.249051 1.000000
0.033896 -0.058319 0.336674 0.797400 -0.365976 -0.479808 1.000000
0.030555 -0.061862 0.336648 0.261222 -0.849393 -0.458578 1.000000
0.025416 -0.060701 0.338899 -0.531854 -0.829779 -0.169110 1.000000
0.023991 -0.059708 0.338508 -0.536482 -0.823146 -0.186056 1.000000
0.024317 -0.057491 0.331170 -0.502741 -0.794893 -0.339702 1.000000
0.031675 -0.064382 0.342959 -0.382399 0.838349 0.388513 1.000000
0.033326 -0.054511 0.335739 0.840805 0.286383 -0.459382 1.000000
0.034621 -0.057765 0.337729 0.815593 -0.325922 -0.478103 1.000000
0.032921 -0.063600 0.343581 -0.678548 0.692337 0.245442 1.000000
0.032465 -0.063530 0.342297 0.590864 -0.738002 -0.325933 1.000000
0.034798 -0.053013 0.339101 0.858903 -0.087546 -0.504600 1.000000
0.035567 -0.052037 0.339665 0.783537 -0.299525 -0.544385 1.000000
0.033429 -0.057643 0.335363 0.820129 -0.298475 -0.488161 1.000000
0.026733 -0.060439 0.335208 -0.497712 -0.832936 -0.241869 1.000000
0.035643 -0.049833 0.338566 0.753167 -0.333277 -0.567156 1.000000
0.026625 -0.057742 0.329398 -0.034434 -0.813492 -0.580556 1.000000
0.033070 -0.058717 0.335703 0.755988 -0.447847 -0.477404 1.000000
0.023358 -0.059495 0.339439 -0.499552 -0.853167 -0.150177 1.000000
0.035523 -0.057344 0.338583 0.826340 -0.298855 -0.477334 1.000000
0.029764 -0.055332 0.328781 0.628258 -0.460288 -0.627238 1.000000
0.021138 -0.056101 0.332195 0.423983 0.836235 0.347778 1.000000
0.019450 -0.055933 0.333707 -0.446190 -0.824368 -0.348327 1.000000
0.035611 -0.055739 0.339121 0.891948 0.216948 -0.396688 1.000000
0.030070 -0.063310 0.340143 -0.077063 -0.959497 -0.270975 1.000000
0.032113 -0.064289 0.343342 -0.508448 0.804322 0.307484 1.000000
0.025331 -0.057187 0.329101 -0.378207 -0.809804 -0.448527 1.000000
0.030966 -0.052357 0.332139 0.891918 0.225765 -0.391807 1.000000
0.023247 -0.058095 0.334323 -0.464562 -0.836481 -0.290657 1.000000
0.024550 -0.060225 0.339325 -0.538862 -0.829155 -0.148759 1.000000
0.031163 -0.051229 0.332976 0.869516 -0.138928 -0.473964 1.000000
0.035884 -0.054681 0.340411 0.879424 0.260997 -0.398113 1.000000
0.027178 -0.063218 0.344168 0.605742 0.756146 0.247626 1.000000
0.025841 -0.060141 0.335967 -0.509980 -0.825824 -0.240695 1.000000
0.033724 -0.061199 0.340376 0.755714 -0.581765 -0.300740 1.000000
0.029756 -0.061122 0.335088 0.146291 -0.847176 -0.510776 1.000000
0.028107 -0.061277 0.335566 -0.337291 -0.887077 -0.315166 1.000000
0.023119 -0.058972 0.337695 -0.463782 -0.862834 -0.201055 1.000000
0.026687 -0.061066 0.337288 -0.505499 -0.821786 -0.262942 1.000000
0.022706 -0.058393 0.336288 -0.435215 -0.865682 -0.247351 1.000000
0.027785 -0.058920 0.330935 0.244133 -0.766181 -0.594445 1.000000
0.031657 -0.057824 0.332948 0.692130 -0.461092 -0.555293 1.000000
0.023173 -0.056658 0.330838 0.474281 0.810882 0.342823 1.000000
0.021879 -0.057573 0.334950 -0.426014 -0.853076 -0.301286 1.000000
0.026967 -0.060136 0.333769 -0.502506 -0.811911 -0.297132 1.000000
0.024136 -0.058362 0.333692 -0.483453 -0.824492 -0.294084 1.000000
0.023460 -0.059633 0.340096 -0.509912 -0.852812 -0.112699 1.000000
0.026760 -0.058807 0.330794 -0.252419 -0.840147 -0.480039 1.000000
0.020329 -0.057359 0.336760 0.473395 0.856591 0.205302 1.000000
0.030322 -0.050687 0.331166 0.897796 -0.001058 -0.440410 1.000000
0.032560 -0.060274 0.336558 0.733448 -0.537532 -0.416069 1.000000
0.028806 -0.061246 0.335225 -0.045195 -0.915345 -0.400127 1.000000
0.026478 -0.060893 0.337128 -0.501116 -0.823560 -0.265765 1.000000
0.030089 -0.060006 0.333600 0.341792 -0.749824 -0.566517 1.000000
0.032230 -0.051773 0.334674 0.837230 -0.093107 -0.538866 1.000000
0.025987 -0.062299 0.344313 0.629163 0.752126 0.196112 1.000000
0.028640 -0.060533 0.333618 0.147985 -0.860899 -0.486779 1.000000
0.026975 -0.061784 0.339362 -0.485910 -0.852987 -0.190537 1.000000
0.022772 -0.057140 0.332636 -0.462231 -0.824365 -0.326748 1.000000
0.024813 -0.057758 0.331037 -0.513969 -0.787425 -0.340291 1.000000
0.033810 -0.060887 0.339970 0.763263 -0.574281 -0.296024 1.000000
0.030493 -0.052996 0.330526 0.898473 0.331517 -0.287825 1.000000
0.031730 -0.059667 0.334599 0.651081 -0.507491 -0.564399 1.000000
0.021112 -0.055985 0.331983 0.425607 0.835202 0.348277 1.000000
0.025294 -0.059302 0.334408 -0.508883 -0.816260 -0.273420 1.000000
0.024875 -0.058935 0.334095 -0.499952 -0.819875 -0.279023 1.000000
0.036676 -0.056806 0.342121 0.932542 -0.213212 -0.291387 1.000000
0.028326 -0.057401 0.329449 0.342473 -0.727533 -0.594481 1.000000
0.032662 -0.056627 0.333579 0.846475 -0.183121 -0.499948 1.000000
0.030017 -0.054160 0.328313 0.772749 -0.112521 -0.624658 1.000000
0.025775 -0.060601 0.337579 -0.499478 -0.828094 -0.254523 1.000000
0.030850 -0.055167 0.330449 0.917015 -0.092116 -0.388071 1.000000
0.027218 -0.061416 0.337411 -0.501446 -0.824601 -0.261889 1.000000
0.029638 -0.063178 0.340152 -0.182666 -0.949962 -0.253388 1.000000
0.031929 -0.061449 0.337473 0.577764 -0.733483 -0.358038 1.000000
0.025034 -0.057487 0.330121 -0.500664 -0.785967 -0.362756 1.000000
0.030845 -0.064836 0.343193 -0.143416 0.912753 0.382509 1.000000
0.032478 -0.053316 0.334848 0.862508 0.191782 -0.468294 1.000000
0.022349 -0.056220 0.330905 0.458058 0.822463 0.337249 1.000000
0.036558 -0.057281 0.342139 0.916561 -0.290867 -0.274432 1.000000
0.022652 -0.059203 0.340712 -0.569319 -0.821137 -0.040113 1.000000
0.028524 -0.061781 0.336530 -0.292172 -0.898333 -0.328074 1.000000
0.033366 -0.061886 0.340786 0.739326 -0.590641 -0.323326 1.000000
0.031770 -0.054392 0.332408 0.853876 0.339291 -0.394687 1.000000
0.020882 -0.056099 0.332559 -0.409558 -0.840626 -0.354416 1.000000
0.028739 -0.057174 0.329432 0.424983 -0.671280 -0.607266 1.000000
0.026855 -0.059846 0.333067 -0.415145 -0.829504 -0.373601 1.000000
0.029801 -0.063437 0.340752 -0.145838 -0.936978 -0.317494 1.000000
0.033045 -0.053052 0.335923 0.836106 0.104971 -0.538431 1.000000
0.023079 -0.059159 0.338755 -0.484449 -0.856069 -0.180152 1.000000
0.030335 -0.053799 0.328763 0.871558 0.135062 -0.471322 1.000000
0.020120 -0.056403 0.333977 -0.414522 -0.845871 -0.335669 1.000000
0.025227 -0.056921 0.328740 0.417279 0.791510 0.446531 1.000000
0.029443 -0.063854 0.341894 -0.304188 -0.848241 -0.433539 1.000000
0.026698 -0.061796 0.340127 -0.500395 -0.843059 -0.197119 1.000000
0.030605 -0.062253 0.337537 0.238092 -0.887543 -0.394435 1.000000
0.029659 -0.058442 0.331554 0.397080 -0.686134 -0.609547 1.000000
0.036579 -0.058260 0.344101 0.824131 -0.528124 -0.204676 1.000000
0.025043 -0.057269 0.329588 -0.466044 -0.796161 -0.385915 1.000000
0.034417 -0.052083 0.337953 0.867820 -0.157042 -0.471409 1.000000
0.030751 -0.057237 0.331332 0.648605 -0.488822 -0.583408 1.000000
0.033917 -0.058582 0.336879 0.787092 -0.412919 -0.458241 1.000000
0.030461 -0.051974 0.331173 0.913917 0.207380 -0.348927 1.000000
0.025420 -0.059825 0.335868 -0.511700 -0.823324 -0.245561 1.000000
0.031922 -0.052977 0.333893 0.868299 0.241729 -0.433155 1.000000
0.026762 -0.056813 0.328086 -0.144472 0.753925 0.640878 1.000000
0.031560 -0.052157 0.333686 0.863065 0.121100 -0.490361 1.000000
0.032311 -0.057758 0.333757 0.745852 -0.396081 -0.535560 1.000000
0.033095 -0.055784 0.334437 0.893635 0.104850 -0.436375 1.000000
0.032413 -0.062003 0.339115 0.564395 -0.715497 -0.411729 1.000000
0.027656 -0.061514 0.336826 -0.453801 -0.840053 -0.297281 1.000000
0.032168 -0.055018 0.332765 0.875561 0.276522 -0.396142 1.000000
0.032467 -0.055824 0.333275 0.896042 0.037945 -0.442345 1.000000
0.022288 -0.058573 0.337781 -0.436577 -0.877929 -0.196574 1.000000
0.026345 -0.060966 0.337664 -0.500405 -0.826947 -0.256425 1.000000
0.031528 -0.063313 0.340691 0.323215 -0.864393 -0.385170 1.000000
0.036284 -0.055023 0.341007 0.901583 0.216257 -0.374675 1.000000
0.026363 -0.059430 0.332749 -0.482639 -0.812074 -0.328018 1.000000
0.029481 -0.055523 0.328589 -0.578543 0.516691 0.631125 1.000000
0.022243 -0.057019 0.333051 -0.449143 -0.830904 -0.328433 1.000000
0.028148 -0.063849 0.343677 0.577076 0.762157 0.293429 1.000000
0.022734 -0.059061 0.339024 -0.482705 -0.862908 -0.149617 1.000000
0.026451 -0.060737 0.336936 -0.502101 -0.822893 -0.265974 1.000000
0.022330 -0.057258 0.333491 -0.448984 -0.831978 -0.325923 1.000000
0.025424 -0.061308 0.342075 -0.593896 -0.794027 -0.129648 1.000000
0.023139 -0.058189 0.334791 -0.460767 -0.843480 -0.276109 1.000000
0.025365 -0.060291 0.337419 -0.499332 -0.828461 -0.253614 1.000000
0.027431 -0.057189 0.328740 0.264446 -0.748284 -0.608390 1.000000
0.036481 -0.056468 0.341463 0.934687 -0.133056 -0.329632 1.000000
0.022760 -0.056661 0.331409 -0.463851 -0.820486 -0.334133 1.000000
0.025022 -0.059445 0.335358 -0.509279 -0.823254 -0.250774 1.000000
0.024939 -0.061389 0.344538 0.639383 0.753052 0.155246 1.000000
0.024669 -0.059511 0.336346 -0.499322 -0.824791 -0.265325 1.000000
0.032258 -0.061271 0.337701 0.634490 -0.686404 -0.355347 1.000000
0.026792 -0.061017 0.336959 -0.502725 -0.822037 -0.267439 1.000000
0.032014 -0.050946 0.334018 0.774810 -0.244000 -0.583210 1.000000
0.029739 -0.063690 0.341501 -0.200855 -0.878990 -0.432475 1.000000
0.023394 -0.057790 0.333319 -0.479019 -0.818071 -0.318276 1.000000
0.028169 -0.056430 0.328261 -0.407988 0.640663 0.650459 1.000000
0.029495 -0.064588 0.343119 0.374357 0.832426 0.408564 1.000000
0.027557 -0.063039 0.342772 -0.572127 -0.779676 -0.254511 1.000000
0.032487 -0.060027 0.336116 0.747483 -0.504662 -0.431956 1.000000
0.030359 -0.054410 0.328865 0.830731 -0.104750 -0.546729 1.000000
0.034827 -0.050635 0.337889 0.765055 -0.307506 -0.565801 1.000000
0.028716 -0.057329 0.329612 0.390933 -0.710951 -0.584568 1.000000
0.022428 -0.059030 0.340106 -0.561992 -0.825202 -0.056630 1.000000
0.033701 -0.051221 0.336561 0.808796 -0.248465 -0.533024 1.000000
0.025472 -0.059805 0.335686 -0.513077 -0.822334 -0.246005 1.000000
0.031332 -0.058227 0.332932 0.668469 -0.479801 -0.568278 1.000000
0.027745 -0.060246 0.333141 -0.210544 -0.847685 -0.486931 1.000000
0.027775 -0.062738 0.341331 -0.488362 -0.836249 -0.249378 1.000000
0.026191 -0.061384 0.339725 -0.531562 -0.826933 -0.183365 1.000000
0.032976 -0.057050 0.334308 0.834340 -0.178629 -0.521506 1.000000
0.028487 -0.062046 0.337333 -0.306895 -0.893549 -0.327697 1.000000
0.026433 -0.061240 0.338393 -0.507484 -0.835636 -0.210172 1.000000
0.024618 -0.060487 0.340465 -0.551884 -0.820845 -0.147099 1.000000
0.025660 -0.060739 0.338363 -0.519740 -0.831114 -0.197789 1.000000
0.023988 -0.060401 0.342981 -0.603961 -0.790652 -0.100502 1.000000
0.024256 -0.059810 0.338346 -0.534385 -0.824334 -0.186831 1.000000
0.030555 -0.058363 0.332096 0.572383 -0.580991 -0.578642 1.000000
0.036447 -0.055427 0.341195 0.927833 0.107601 -0.357138 1.000000
0.035054 -0.053997 0.339175 0.877599 0.235202 -0.417733 1.000000
0.024022 -0.058731 0.335032 -0.479455 -0.838985 -0.257348 1.000000
0.034531 -0.050130 0.337056 0.773784 -0.314652 -0.549775 1.000000
0.030051 -0.051688 0.330157 0.928814 0.195435 -0.314816 1.000000
0.020007 -0.056856 0.335458 -0.453380 -0.850181 -0.267653 1.000000
0.026701 -0.061958 0.340840 -0.516237 -0.832528 -0.200991 1.000000
0.024674 -0.057476 0.330627 -0.506803 -0.789570 -0.346021 1.000000
0.036004 -0.055379 0.340166 0.905901 0.188954 -0.378997 1.000000
0.020647 -0.056955 0.334857 -0.416281 -0.857352 -0.302751 1.000000
0.032416 -0.055066 0.333282 0.888622 0.261379 -0.376871 1.000000
0.035465 -0.050947 0.338780 0.751738 -0.344262 -0.562471 1.000000
0.028083 -0.061847 0.337238 -0.400617 -0.864440 -0.303726 1.000000
0.030400 -0.055501 0.329508 0.768539 -0.345465 -0.538518 1.000000
0.028976 -0.063304 0.341126 -0.354796 -0.879349 -0.317592 1.000000
0.035703 -0.059282 0.343652 0.808145 -0.561962 -0.176354 1.000000
0.025537 -0.057381 0.329285 -0.380374 -0.808460 -0.449120 1.000000
0.032628 -0.062816 0.340877 0.608132 -0.709087 -0.356890 1.000000
0.036052 -0.055029 0.340433 0.888729 0.236623 -0.392645 1.000000
0.031657 -0.054766 0.331825 0.843509 0.257744 -0.471233 1.000000
0.026917 -0.058944 0.330961 -0.157363 -0.866748 -0.473269 1.000000
0.031398 -0.061204 0.336159 0.449376 -0.791064 -0.415065 1.000000
0.030668 -0.062432 0.337892 0.275406 -0.887968 -0.368326 1.000000
0.021153 -0.057972 0.337602 -0.462432 -0.871171 -0.164978 1.000000
0.029641 -0.061634 0.336086 0.050879 -0.879814 -0.472588 1.000000
0.032835 -0.051176 0.335228 0.787429 -0.247476 -0.564545 1.000000
0.021694 -0.057274 0.334421 -0.426156 -0.846114 -0.320128 1.000000
0.033719 -0.052127 0.336833 0.819435 -0.095733 -0.565120 1.000000
0.022788 -0.059341 0.342110 0.600107 0.797652 0.060193 1.000000
0.034629 -0.057070 0.337164 0.849682 -0.134764 -0.509783 1.000000
