-0.05386686 0.02497959 0.40917647 77 101 2 2.000000
-0.05249655 0.02860255 0.41147521 89 119 43 2.000000
-0.05427291 0.02394865 0.41382539 83 117 16 2.000000
-0.06088730 0.02790956 0.41076916 96 120 0 2.000000
-0.05384962 0.02282034 0.41344342 158 180 48 2.000000
-0.06167081 0.02674382 0.41180241 108 133 4 2.000000
-0.05604856 0.03155376 0.40558147 63 75 20 2.000000
-0.06033151 0.01917973 0.41452098 209 241 17 2.000000
-0.06080954 0.01803342 0.41328216 213 240 2 2.000000
-0.06119648 0.02182456 0.41470739 161 185 4 2.000000
-0.05911030 0.02941682 0.40877375 84 107 6 2.000000
-0.05403132 0.02901898 0.40584216 61 82 4 2.000000
-0.05199090 0.02963956 0.41174334 89 117 41 2.000000
-0.05930772 0.02752500 0.41202307 130 163 60 2.000000
-0.05977136 0.02543879 0.41357586 107 143 36 2.000000
-0.05817976 0.02479124 0.41338801 94 126 31 2.000000
-0.06059198 0.02332575 0.41650978 152 171 65 2.000000
-0.05874574 0.02732653 0.41200429 121 157 55 2.000000
-0.05547258 0.02728932 0.40798217 73 99 2 2.000000
-0.05761648 0.03201496 0.40699002 58 80 16 2.000000
-0.05608157 0.02678753 0.40858585 90 116 1 2.000000
-0.05358256 0.02625533 0.40808502 75 102 2 2.000000
-0.05167192 0.03148437 0.41169167 94 128 49 2.000000
-0.05829051 0.02720421 0.40960810 89 116 0 2.000000
-0.05787375 0.02438213 0.41390431 87 120 35 2.000000
-0.05865744 0.02599829 0.41240478 103 143 33 2.000000
-0.05526971 0.02329797 0.40907934 117 143 14 2.000000
-0.06210551 0.02677331 0.41381469 115 149 32 2.000000
-0.04936545 0.02393661 0.41362733 91 111 29 2.000000
-0.05809065 0.02878000 0.40847674 78 99 16 2.000000
-0.05379222 0.03130484 0.41206497 97 130 39 2.000000
-0.05102580 0.03020323 0.41166294 96 128 48 2.000000
-0.06007172 0.01807170 0.41112250 173 198 0 2.000000
-0.05357009 0.02355902 0.41397828 100 125 26 2.000000
-0.05480681 0.02414023 0.41360876 73 109 33 2.000000
-0.06123440 0.02711754 0.41130662 100 124 1 2.000000
-0.05883241 0.03097636 0.41149929 96 126 42 2.000000
-0.05999590 0.02707774 0.41075388 102 126 0 2.000000
-0.05705286 0.02085760 0.41290787 232 242 67 2.000000
-0.05892975 0.02495297 0.41351539 106 137 39 2.000000
-0.06010224 0.02327196 0.41642728 170 174 82 2.000000
-0.05857100 0.02555971 0.41276094 109 140 38 2.000000
-0.05597898 0.02157858 0.41287690 236 243 73 2.000000
-0.05307392 0.02482137 0.40872169 91 106 11 2.000000
-0.06122000 0.02031687 0.41636813 202 230 2 2.000000
-0.05282992 0.02030940 0.41042948 195 227 61 2.000000
-0.05045448 0.02232077 0.41182110 203 230 60 2.000000
-0.05315295 0.02225388 0.41253638 190 218 53 2.000000
-0.06373444 0.02828980 0.41290706 110 143 2 2.000000
-0.05901705 0.02912019 0.40883410 88 114 2 2.000000
-0.05214481 0.02545359 0.40837860 59 90 4 2.000000
-0.06126859 0.02633117 0.41178149 116 139 1 2.000000
-0.06176186 0.02035946 0.41630778 186 201 14 2.000000
-0.05513776 0.02179422 0.41277415 225 242 63 2.000000
-0.04983530 0.02755360 0.41026103 76 108 37 2.000000
-0.05914967 0.02844597 0.40943694 93 115 5 2.000000
-0.05218934 0.02384250 0.41346252 89 120 28 2.000000
-0.05271742 0.02369401 0.41366503 95 121 28 2.000000
-0.05307161 0.02622195 0.40778020 74 105 5 2.000000
-0.06194074 0.02482720 0.41377571 128 153 2 2.000000
-0.06255757 0.02700792 0.41372934 125 163 30 2.000000
-0.05048073 0.02290651 0.41327286 90 113 22 2.000000
-0.06158995 0.01988609 0.41483751 176 195 2 2.000000
-0.06070785 0.02181792 0.41711977 169 186 27 2.000000
-0.06151325 0.02977661 0.41046670 95 118 10 2.000000
-0.05380385 0.02738389 0.40729234 87 106 2 2.000000
-0.05752840 0.02582897 0.41228646 95 132 28 2.000000
-0.05271812 0.03134841 0.41199392 93 129 37 2.000000
-0.06102781 0.01926892 0.41397801 204 234 1 2.000000
-0.05901729 0.02968605 0.41097882 121 154 58 2.000000
-0.06032168 0.02031473 0.41306177 170 191 1 2.000000
-0.05937785 0.02937359 0.40899023 86 114 8 2.000000
-0.06113372 0.02889249 0.41183504 141 180 78 2.000000
-0.05924866 0.02265420 0.41162288 144 167 0 2.000000
-0.05242635 0.02473928 0.41170681 74 105 40 2.000000
-0.06189013 0.02543025 0.41306403 105 132 3 2.000000
-0.05682746 0.02125562 0.41312921 231 241 67 2.000000
-0.05758236 0.01715011 0.40826252 100 126 0 2.000000
-0.05548231 0.02492854 0.41258219 82 109 40 2.000000
-0.05364866 0.01887782 0.40927166 196 234 52 2.000000
-0.06025501 0.01716011 0.41267475 231 243 2 2.000000
-0.05505828 0.02494852 0.41244927 79 110 37 2.000000
-0.06337173 0.02853476 0.41293162 131 153 31 2.000000
-0.05596745 0.03075614 0.40568498 69 83 11 2.000000
-0.06000317 0.01732703 0.41118976 148 170 2 2.000000
-0.05693245 0.02902399 0.40744847 73 93 14 2.000000
-0.05703544 0.02106884 0.40930584 136 165 0 2.000000
-0.05135240 0.02432154 0.41276324 77 108 28 2.000000
-0.05408100 0.02797591 0.41200405 94 124 41 2.000000
-0.05502619 0.02939902 0.40605897 70 84 12 2.000000
-0.05431421 0.03277313 0.41186789 87 119 46 2.000000
-0.06013113 0.02098141 0.41267577 147 172 3 2.000000
-0.04983808 0.02515048 0.41087550 80 111 42 2.000000
-0.05743243 0.01912786 0.41128984 220 244 68 2.000000
-0.05523562 0.02603649 0.40904212 79 100 0 2.000000
-0.05349910 0.02193810 0.41209596 192 226 58 2.000000
-0.06182094 0.02008212 0.41598001 174 197 1 2.000000
-0.05584666 0.02251230 0.41391143 200 225 21 2.000000
-0.05678957 0.02426733 0.41383860 85 117 42 2.000000
-0.05450248 0.02175970 0.41226745 228 244 70 2.000000
-0.05736258 0.02956438 0.40748116 76 94 12 2.000000
-0.05907120 0.02689190 0.41016999 110 125 1 2.000000
-0.05818854 0.02430671 0.41412047 89 122 34 2.000000
-0.05347724 0.02790813 0.40647078 82 101 3 2.000000
-0.05726679 0.02029365 0.41231176 231 243 72 2.000000
-0.06060447 0.02315119 0.41355786 136 160 2 2.000000
-0.05878998 0.01744161 0.41142794 228 245 87 2.000000
-0.05069915 0.02439820 0.41251951 79 107 45 2.000000
-0.05365488 0.02225774 0.41266772 203 230 51 2.000000
-0.05921623 0.01935939 0.41366446 217 245 54 2.000000
-0.06120188 0.01938277 0.41430646 202 234 1 2.000000
-0.05686672 0.02824854 0.40810943 61 89 1 2.000000
-0.06023408 0.02452621 0.41250280 115 138 1 2.000000
-0.05892906 0.02915126 0.41095790 125 164 66 2.000000
-0.06117882 0.01929290 0.41478139 212 236 5 2.000000
-0.05130020 0.02725844 0.40645656 74 98 1 2.000000
-0.05205902 0.02433132 0.41262755 78 107 31 2.000000
-0.05458052 0.02439992 0.41293019 78 109 37 2.000000
-0.05631929 0.02113939 0.41242787 233 242 76 2.000000
-0.05755869 0.02880365 0.41143712 109 136 42 2.000000
-0.05601287 0.02396145 0.41428351 91 117 31 2.000000
-0.05776678 0.03122343 0.41184890 91 116 39 2.000000
-0.05430038 0.01805574 0.40869901 188 226 46 2.000000
-0.05521448 0.02728546 0.40769094 71 96 2 2.000000
-0.05426730 0.02806461 0.40694878 75 96 3 2.000000
-0.05026100 0.02263916 0.41258144 100 119 32 2.000000
-0.06149790 0.02020297 0.41639739 198 224 2 2.000000
-0.05812123 0.03065410 0.40776086 70 89 9 2.000000
-0.05798431 0.03127002 0.40722662 63 82 10 2.000000
-0.05475517 0.02502618 0.41008806 64 94 1 2.000000
-0.05658675 0.01708918 0.40939546 195 232 63 2.000000
-0.05531050 0.02519175 0.41227567 84 113 40 2.000000
-0.06096268 0.02371504 0.41619065 143 172 21 2.000000
-0.05770684 0.02890502 0.40809026 79 99 8 2.000000
-0.06045039 0.02100277 0.41621038 207 239 16 2.000000
-0.05707083 0.02347403 0.41519865 107 140 17 2.000000
-0.05868940 0.03093613 0.40818745 66 88 11 2.000000
-0.06008333 0.02466562 0.41458181 97 132 33 2.000000
-0.06207892 0.02115306 0.41535464 180 203 0 2.000000
-0.06206295 0.02462433 0.41419035 149 170 12 2.000000
-0.06178472 0.02595835 0.41263288 113 137 1 2.000000
-0.05755038 0.02686133 0.40955612 93 119 0 2.000000
-0.05859195 0.01933189 0.41243258 227 243 73 2.000000
-0.05422319 0.02462437 0.41239619 82 109 35 2.000000
-0.05012921 0.02405564 0.41339016 82 112 20 2.000000
-0.05963628 0.03070467 0.41119957 109 142 56 2.000000
-0.05628229 0.02761305 0.40810508 84 106 0 2.000000
-0.06056561 0.02382747 0.41296846 131 155 2 2.000000
-0.05286622 0.01942255 0.40952301 197 233 52 2.000000
-0.05434737 0.01906038 0.40965077 206 237 46 2.000000
-0.06047082 0.02251743 0.41322556 161 182 3 2.000000
-0.05483002 0.02177871 0.41250762 227 242 70 2.000000
-0.05154884 0.02269514 0.41299689 112 133 35 2.000000
-0.05888351 0.01841763 0.41220328 223 245 74 2.000000
-0.05765786 0.01765766 0.40835264 102 128 0 2.000000
-0.06306934 0.02924353 0.41262317 120 148 16 2.000000
-0.05953551 0.03071041 0.40874234 73 92 11 2.000000
-0.05711647 0.02615828 0.41211152 95 129 37 2.000000
-0.05716196 0.03234494 0.40651244 61 77 19 2.000000
-0.06325262 0.02828140 0.41313240 128 159 26 2.000000
-0.05550539 0.03062219 0.41209993 100 129 49 2.000000
-0.05557957 0.02834463 0.40733603 68 89 1 2.000000
-0.06134780 0.02663519 0.41359991 119 150 45 2.000000
-0.05193980 0.02585996 0.40812704 74 97 1 2.000000
-0.05651458 0.02289253 0.41483662 145 168 35 2.000000
-0.05795300 0.01733677 0.40859136 106 135 0 2.000000
-0.05520767 0.02376375 0.41428334 92 124 26 2.000000
-0.05493193 0.02831297 0.41209677 100 129 47 2.000000
-0.06028865 0.01846685 0.41203505 191 218 0 2.000000
-0.05561845 0.02420015 0.41373795 78 111 23 2.000000
-0.05548195 0.02738347 0.40780902 74 98 2 2.000000
-0.06236147 0.02616595 0.41278532 113 135 1 2.000000
-0.05486164 0.02613762 0.41200134 93 122 46 2.000000
-0.05864987 0.02629627 0.41232067 109 145 37 2.000000
-0.05102969 0.02486855 0.41150978 78 110 42 2.000000
-0.06038111 0.02462488 0.41484147 100 134 31 2.000000
-0.06171539 0.02430183 0.41576403 135 168 27 2.000000
-0.05243266 0.01986595 0.40989783 192 227 63 2.000000
-0.05594331 0.01914032 0.41013834 207 239 60 2.000000
-0.06013096 0.01765775 0.41316342 227 246 21 2.000000
-0.05285962 0.02109132 0.41113827 180 218 66 2.000000
-0.05427931 0.02429805 0.41297242 82 109 35 2.000000
-0.06038675 0.01768117 0.41329744 231 245 15 2.000000
-0.05348590 0.02599162 0.40849560 75 97 2 2.000000
-0.05987923 0.02653547 0.41276893 115 153 46 2.000000
-0.05978802 0.01708606 0.41060066 135 169 0 2.000000
-0.06015087 0.02171224 0.41262951 156 179 2 2.000000
-0.06044587 0.02442183 0.41520578 97 130 32 2.000000
-0.06032433 0.02808150 0.41199145 137 176 69 2.000000
-0.06207350 0.02867169 0.41254479 153 186 84 2.000000
-0.05691515 0.01797635 0.41001314 195 233 47 2.000000
-0.05732752 0.01693770 0.40797701 99 122 0 2.000000
-0.06097555 0.02934280 0.41016889 91 119 4 2.000000
-0.05524597 0.02716037 0.40791088 72 98 6 2.000000
-0.05965403 0.03247907 0.41253105 113 134 66 2.000000
-0.05419556 0.02070588 0.41131192 222 243 62 2.000000
-0.05975673 0.03192176 0.40867877 65 87 9 2.000000
-0.05000574 0.02521482 0.41098914 81 111 47 2.000000
-0.05899715 0.03157220 0.41190726 97 120 42 2.000000
-0.05347451 0.01859240 0.40889621 196 231 47 2.000000
-0.06208214 0.02627792 0.41406420 119 146 30 2.000000
-0.05754288 0.02376548 0.41502225 97 129 19 2.000000
-0.05521927 0.02416808 0.41376740 76 108 33 2.000000
-0.05803148 0.02425244 0.41083631 128 150 9 2.000000
-0.06094011 0.02621571 0.41368473 113 147 43 2.000000
-0.06095532 0.01992751 0.41385821 195 225 1 2.000000
-0.05738585 0.02359193 0.41019824 132 161 12 2.000000
-0.05803270 0.02551151 0.41261855 97 133 37 2.000000
-0.05526150 0.02433131 0.41336951 77 108 32 2.000000
-0.05426975 0.02523142 0.40957034 69 94 4 2.000000
-0.05287999 0.02414589 0.41287455 83 110 35 2.000000
-0.05406864 0.02235345 0.41273242 212 238 47 2.000000
-0.06074661 0.01773510 0.41316044 221 242 1 2.000000
-0.06013996 0.02482580 0.41437143 98 135 35 2.000000
-0.05422447 0.02306840 0.41384077 126 146 28 2.000000
-0.06139430 0.02365476 0.41400281 132 156 1 2.000000
-0.05851126 0.02254680 0.41594237 169 196 12 2.000000
-0.05318485 0.02977181 0.41202065 97 124 53 2.000000
-0.05673040 0.02656056 0.40915546 91 123 0 2.000000
-0.06203730 0.02051617 0.41592562 146 168 6 2.000000
-0.06056662 0.02031005 0.41348332 181 208 1 2.000000
-0.05079739 0.02264814 0.41226101 162 188 59 2.000000
-0.05693055 0.02775667 0.40833539 78 97 1 2.000000
-0.06027317 0.02668367 0.41291472 120 154 48 2.000000
-0.05352421 0.02586932 0.41155928 89 120 35 2.000000
-0.06240132 0.02753358 0.41345263 128 159 37 2.000000
-0.05233590 0.02473473 0.40808320 86 104 8 2.000000
-0.06092345 0.02580237 0.41400412 108 143 34 2.000000
-0.05087312 0.02492631 0.41135296 80 108 45 2.000000
-0.06103762 0.01912824 0.41429058 213 241 0 2.000000
-0.05092116 0.02238820 0.41196457 207 228 59 2.000000
-0.06099065 0.02156821 0.41703361 176 190 13 2.000000
-0.06084177 0.02238472 0.41419911 162 182 9 2.000000
-0.06417867 0.03047401 0.41227657 112 139 7 2.000000
-0.06105792 0.02031503 0.41399455 190 215 1 2.000000
-0.05146937 0.02144114 0.41114479 209 235 60 2.000000
-0.05558561 0.03284203 0.41225860 87 121 42 2.000000
-0.05487264 0.02547769 0.40955171 69 100 4 2.000000
-0.06219705 0.02403354 0.41474774 171 196 9 2.000000
-0.05687576 0.02227028 0.40956002 131 157 6 2.000000
-0.05673224 0.01848002 0.41028225 197 235 54 2.000000
-0.05745675 0.02631877 0.41196573 102 135 33 2.000000
-0.06013148 0.03062098 0.41116321 125 155 68 2.000000
-0.05788301 0.02728212 0.40923890 87 114 1 2.000000
-0.05526705 0.01919755 0.41005826 207 240 45 2.000000
-0.05425091 0.01881654 0.40937287 198 235 43 2.000000
-0.05838432 0.02462291 0.41125140 108 131 0 2.000000
-0.05922407 0.02545116 0.41323739 108 142 38 2.000000
-0.05337486 0.02136532 0.41154388 195 230 60 2.000000
-0.05980150 0.02810620 0.40993035 87 114 2 2.000000
-0.05533346 0.02396191 0.40955794 123 139 9 2.000000
-0.05659416 0.02387602 0.41472629 93 119 35 2.000000
-0.05468975 0.01852559 0.40916163 195 231 51 2.000000
-0.05554304 0.02768577 0.41218382 98 129 48 2.000000
-0.05662494 0.02044976 0.41193557 233 243 80 2.000000
-0.05699937 0.02064245 0.40910104 144 166 0 2.000000
-0.05220126 0.03021809 0.41197625 91 121 45 2.000000
-0.05863822 0.02784152 0.41136226 128 165 62 2.000000
-0.06220929 0.02744529 0.41343591 126 160 46 2.000000
-0.06293916 0.02857748 0.41193154 98 126 6 2.000000
-0.05927397 0.01731450 0.41194925 217 241 67 2.000000
-0.05181536 0.02046390 0.41025406 172 211 61 2.000000
-0.06148541 0.02650211 0.41177568 114 136 1 2.000000
-0.05450298 0.02864435 0.40639785 63 81 5 2.000000
-0.05534356 0.02149658 0.41251788 230 245 71 2.000000
-0.04972801 0.02803546 0.41051909 78 103 32 2.000000
-0.05976077 0.01689548 0.41074607 134 160 4 2.000000
-0.05706425 0.03338856 0.41226959 90 122 47 2.000000
-0.06199760 0.02479061 0.41519481 123 154 33 2.000000
-0.05814218 0.02129611 0.41025770 141 165 1 2.000000
-0.05736738 0.02168299 0.41384417 220 239 48 2.000000
-0.05727484 0.02735618 0.40892085 84 109 2 2.000000
-0.05820779 0.01641093 0.40888271 130 148 3 2.000000
-0.05951153 0.02681457 0.41251275 117 151 47 2.000000
-0.06352040 0.02739871 0.41291359 113 130 2 2.000000
-0.05462136 0.02867920 0.40646851 63 80 7 2.000000
-0.05344953 0.02695974 0.40750271 84 107 1 2.000000
-0.05083236 0.02793683 0.41068673 87 117 39 2.000000
-0.05975099 0.01821011 0.41329139 219 245 46 2.000000
-0.05979393 0.01874608 0.41094160 166 189 0 2.000000
-0.05964783 0.02727228 0.41233683 121 159 56 2.000000
-0.05574847 0.02155177 0.41266972 232 243 73 2.000000
-0.06162870 0.02923087 0.41077378 94 121 4 2.000000
-0.05261688 0.02460873 0.41185629 74 102 34 2.000000
-0.06332978 0.03100890 0.41253403 116 142 36 2.000000
-0.05999899 0.03155062 0.40891981 69 91 10 2.000000
-0.05500270 0.01949798 0.41030237 213 242 53 2.000000
-0.05845616 0.01909269 0.41207528 227 243 79 2.000000
-0.05246422 0.02169601 0.41164818 184 216 65 2.000000
-0.05196869 0.03108599 0.41199139 103 134 40 2.000000
-0.05897411 0.01910823 0.41305950 222 246 62 2.000000
-0.05452808 0.02538725 0.40943438 74 98 2 2.000000
-0.05240397 0.02410918 0.41303456 83 113 33 2.000000
-0.05901042 0.01588701 0.41051248 154 178 10 2.000000
-0.05064837 0.02608509 0.40731975 65 90 1 2.000000
-0.05943533 0.02700146 0.41034934 102 126 4 2.000000
-0.06070830 0.02356723 0.41627690 150 175 36 2.000000
-0.06315184 0.02865392 0.41211995 104 125 9 2.000000
-0.05885675 0.02145982 0.41530073 209 238 21 2.000000
-0.06215937 0.02600639 0.41422400 118 148 23 2.000000
-0.05817465 0.01710095 0.41071129 219 245 82 2.000000
-0.06114298 0.02154362 0.41471520 167 196 4 2.000000
-0.06377899 0.03146974 0.41228697 111 135 25 2.000000
-0.05015930 0.02283366 0.41333836 86 113 23 2.000000
-0.05571769 0.02976570 0.40637261 76 89 15 2.000000
-0.05456422 0.02090124 0.41163760 228 243 73 2.000000
-0.05131341 0.02257588 0.41264579 144 151 50 2.000000
-0.05905619 0.02113890 0.41143408 155 184 2 2.000000
-0.05579050 0.01684681 0.40890768 185 224 64 2.000000
-0.05407437 0.02573431 0.40884498 68 99 1 2.000000
-0.06079084 0.02649650 0.41146252 110 137 1 2.000000
-0.06055183 0.01802945 0.41248167 199 224 0 2.000000
-0.05791089 0.02575374 0.41241834 98 132 37 2.000000
-0.05878105 0.01912953 0.41272306 226 245 70 2.000000
-0.06075145 0.02031455 0.41373745 190 218 1 2.000000
-0.06000035 0.03286317 0.41284710 116 135 65 2.000000
-0.05537547 0.03108812 0.40517157 64 80 16 2.000000
-0.05810451 0.02644331 0.40998441 93 121 0 2.000000
-0.05342494 0.02295066 0.41361439 115 140 35 2.000000
-0.05864778 0.01884831 0.41212541 225 244 75 2.000000
-0.05039945 0.02503102 0.41101971 82 111 47 2.000000
-0.06159964 0.03051729 0.41031530 86 110 6 2.000000
-0.05403834 0.02089165 0.41139355 224 243 61 2.000000
-0.06370594 0.02802264 0.41295618 114 143 4 2.000000
-0.05806607 0.01657575 0.41016129 214 239 86 2.000000
-0.05306653 0.02996244 0.41185054 98 126 49 2.000000
-0.06266526 0.03087203 0.41120896 94 117 6 2.000000
-0.05823005 0.03158673 0.40751386 63 80 17 2.000000
-0.05899243 0.01603882 0.41073126 160 192 7 2.000000
-0.05892776 0.01891859 0.41263282 226 245 67 2.000000
-0.06192710 0.03177220 0.41248477 113 141 46 2.000000
-0.05605488 0.02623884 0.41206232 93 127 36 2.000000
-0.05669917 0.03004318 0.40672556 76 91 12 2.000000
-0.06173099 0.02117131 0.41674775 158 186 8 2.000000
-0.05832605 0.02240994 0.41576740 181 211 4 2.000000
-0.05880419 0.02317420 0.41594538 136 170 27 2.000000
-0.05607558 0.03051875 0.40599495 67 87 11 2.000000
-0.05750859 0.02246824 0.40994456 134 158 8 2.000000
-0.05506374 0.03058150 0.41202694 111 134 54 2.000000
-0.05177951 0.02661683 0.40719602 80 104 3 2.000000
-0.05087811 0.02472450 0.41186506 79 110 41 2.000000
-0.06055196 0.02786432 0.41213661 137 178 73 2.000000
-0.05304487 0.02935116 0.41195014 92 123 44 2.000000
-0.05524418 0.01834865 0.40928483 189 230 48 2.000000
-0.04999072 0.02928288 0.41117615 79 109 39 2.000000
-0.05368274 0.02603903 0.41163930 89 121 36 2.000000
-0.05612000 0.03355416 0.41198611 88 116 45 2.000000
-0.05942338 0.02581822 0.41127381 97 124 0 2.000000
-0.06367610 0.03043818 0.41246098 114 140 21 2.000000
-0.05468621 0.02643892 0.40846235 80 100 1 2.000000
-0.05405692 0.02449085 0.40915775 98 118 8 2.000000
-0.05029836 0.02695698 0.40664667 67 92 2 2.000000
-0.05003829 0.02994703 0.41134468 94 127 48 2.000000
-0.05858516 0.02275012 0.41092750 133 159 1 2.000000
-0.05845526 0.02532144 0.41291130 104 136 37 2.000000
-0.05582633 0.02607245 0.40927270 81 106 0 2.000000
-0.06028251 0.02574443 0.41358030 110 143 37 2.000000
-0.05569653 0.01800152 0.40936813 190 228 67 2.000000
-0.05393637 0.03184443 0.41211408 92 127 38 2.000000
-0.05432493 0.01865194 0.40920126 199 233 53 2.000000
-0.06036891 0.01960146 0.41495883 207 242 16 2.000000
-0.05895733 0.02459289 0.41146070 111 135 6 2.000000
-0.05650417 0.03067742 0.40614647 66 83 13 2.000000
-0.05377349 0.02407159 0.41334587 77 109 26 2.000000
-0.06056757 0.02558381 0.41396087 111 141 40 2.000000
-0.05803273 0.02513095 0.41291371 92 127 37 2.000000
-0.05180126 0.03188583 0.41144022 89 125 51 2.000000
-0.05262977 0.02088699 0.41082525 181 218 68 2.000000
-0.05578950 0.03332255 0.41190571 86 117 46 2.000000
-0.05805877 0.01940277 0.41184676 226 243 72 2.000000
-0.05652911 0.02770046 0.40815508 80 100 2 2.000000
-0.05411901 0.02197416 0.40798840 125 145 8 2.000000
-0.05631006 0.02734268 0.40830493 92 111 3 2.000000
-0.06006176 0.02867458 0.40971544 98 122 2 2.000000
-0.05377967 0.02805087 0.40651429 75 100 1 2.000000
-0.05058304 0.03048908 0.41147137 104 132 49 2.000000
-0.05393615 0.02299128 0.41372374 115 142 34 2.000000
-0.05437750 0.03261355 0.41198567 88 119 48 2.000000
-0.06170514 0.02564117 0.41277269 109 133 1 2.000000
-0.05030877 0.02943378 0.41128442 85 113 37 2.000000
-0.06015855 0.02426859 0.41246060 130 150 0 2.000000
-0.05233229 0.03187111 0.41172394 89 123 45 2.000000
-0.05682779 0.02884408 0.40753591 74 90 11 2.000000
-0.06333081 0.03072335 0.41163918 90 125 5 2.000000
-0.06075694 0.02307316 0.41375753 144 165 5 2.000000
-0.05282730 0.02606045 0.40786958 76 100 2 2.000000
-0.05202483 0.02720067 0.40689248 81 105 4 2.000000
-0.05511579 0.03023934 0.40557185 71 86 13 2.000000
-0.05138429 0.02284706 0.41330260 102 124 31 2.000000
-0.05978330 0.02802514 0.41009828 87 111 5 2.000000
-0.05421098 0.02506875 0.41192889 81 112 37 2.000000
-0.06025637 0.02356380 0.41622135 149 166 55 2.000000
-0.05834162 0.02698658 0.40979266 97 121 0 2.000000
-0.05677076 0.02207765 0.41387540 217 240 46 2.000000
-0.05125239 0.02392064 0.41350624 80 119 20 2.000000
-0.05955568 0.03010233 0.41103140 130 158 64 2.000000
-0.05898539 0.02195342 0.41588265 205 236 6 2.000000
-0.05798729 0.02187956 0.41482979 198 232 7 2.000000
-0.05994817 0.02517043 0.41392332 104 138 37 2.000000
-0.05240320 0.01957590 0.40951711 191 226 58 2.000000
-0.05784279 0.02612501 0.41023198 95 116 3 2.000000
-0.05494261 0.03177695 0.41225672 98 129 38 2.000000
-0.04957327 0.02936977 0.41117737 83 111 36 2.000000
-0.05429243 0.03110779 0.41196209 96 126 36 2.000000
-0.05025673 0.02544614 0.41035178 82 111 43 2.000000
-0.05854508 0.02185269 0.41543928 198 234 6 2.000000
-0.05979286 0.02720315 0.41052929 99 122 1 2.000000
-0.05511617 0.02777207 0.40739790 70 92 5 2.000000
-0.04946096 0.02448094 0.41240159 75 108 44 2.000000
-0.05648595 0.02237998 0.41414157 201 234 20 2.000000
-0.05865641 0.01857833 0.41185451 225 243 78 2.000000
-0.05177956 0.02426853 0.41284731 83 109 29 2.000000
-0.05843030 0.02394464 0.41484469 98 128 32 2.000000
-0.05194234 0.02077418 0.41040301 174 211 68 2.000000
-0.05862560 0.02449265 0.41396734 97 130 35 2.000000
-0.05752710 0.02813193 0.40851194 68 89 6 2.000000
-0.05035690 0.02464578 0.41205639 78 110 37 2.000000
-0.05693148 0.02666029 0.40905768 91 117 4 2.000000
-0.06077088 0.02902835 0.41012630 102 121 3 2.000000
-0.05524080 0.01959473 0.41044536 216 242 56 2.000000
-0.06198034 0.02135153 0.41655615 149 172 14 2.000000
-0.05423057 0.03025739 0.41211674 92 121 45 2.000000
-0.05683029 0.03227185 0.40627068 58 77 19 2.000000
-0.05862218 0.01791256 0.40910360 124 146 0 2.000000
-0.05856360 0.02336868 0.41576841 123 159 23 2.000000
-0.05565731 0.01946442 0.41049224 218 242 66 2.000000
-0.06153743 0.02897712 0.41203690 150 183 81 2.000000
-0.05777969 0.02201104 0.41003206 142 160 2 2.000000
-0.05637062 0.03186572 0.40585431 56 78 10 2.000000
-0.05582158 0.02028180 0.41122344 229 243 78 2.000000
-0.05481591 0.02578544 0.40910131 70 100 5 2.000000
-0.05526267 0.02648929 0.40857941 70 100 2 2.000000
-0.05431639 0.02482221 0.41220152 82 110 41 2.000000
-0.05114642 0.03049767 0.41173232 103 133 49 2.000000
-0.06167682 0.02594535 0.41419896 109 143 32 2.000000
-0.05648139 0.02628791 0.41209340 93 128 32 2.000000
-0.06136085 0.02784639 0.41264683 141 176 70 2.000000
-0.06049994 0.01716010 0.41208777 176 202 0 2.000000
-0.05257423 0.01892433 0.40896580 187 227 50 2.000000
-0.05386331 0.02191846 0.41225621 210 239 56 2.000000
-0.06088296 0.02482366 0.41480026 102 139 42 2.000000
-0.06133499 0.02782585 0.41105324 97 121 2 2.000000
-0.05956980 0.01745504 0.41013584 165 183 0 2.000000
-0.06113357 0.01980948 0.41575769 205 234 1 2.000000
-0.05841224 0.02704676 0.41202864 114 150 49 2.000000
-0.06079853 0.02951305 0.40995371 91 118 3 2.000000
-0.06068433 0.01921820 0.41481403 208 239 8 2.000000
-0.05779412 0.02299142 0.41017467 120 148 5 2.000000
-0.05625587 0.01831280 0.40991649 194 230 60 2.000000
-0.06209025 0.02967111 0.41093019 96 121 4 2.000000
-0.05476376 0.02649863 0.41192794 93 128 40 2.000000
-0.05562054 0.03310720 0.41205239 84 117 47 2.000000
-0.05597845 0.03290696 0.41229147 91 121 40 2.000000
-0.05438682 0.02375882 0.41408005 89 122 21 2.000000
-0.05654511 0.02476455 0.41286606 83 114 34 2.000000
-0.05764868 0.02454948 0.41069517 122 142 9 2.000000
-0.05504433 0.02469078 0.41009876 72 122 6 2.000000
-0.05952165 0.01880316 0.41355789 220 246 52 2.000000
-0.05741056 0.02207534 0.40982127 135 161 2 2.000000
-0.05413920 0.02672591 0.41184807 95 124 39 2.000000
-0.05459307 0.03348063 0.41147748 86 117 50 2.000000
-0.06052509 0.01795299 0.41223854 191 221 0 2.000000
-0.05827211 0.03029590 0.40800637 70 90 15 2.000000
-0.06108201 0.02248025 0.41443551 156 180 3 2.000000
-0.05901736 0.01596386 0.41017237 149 167 6 2.000000
-0.06084022 0.01920901 0.41361427 206 229 0 2.000000
-0.06135762 0.01954242 0.41487557 203 232 1 2.000000
-0.06268705 0.02643712 0.41393265 132 161 28 2.000000
-0.05614193 0.02007061 0.41131529 224 243 72 2.000000
-0.05774681 0.02531418 0.41099945 83 112 0 2.000000
-0.05218961 0.01989355 0.40977597 182 222 59 2.000000
-0.06116978 0.01925343 0.41452664 210 237 0 2.000000
-0.05799672 0.03188919 0.40725037 62 80 14 2.000000
-0.06123374 0.02083548 0.41429755 183 208 2 2.000000
-0.05315860 0.02037407 0.41064119 200 233 56 2.000000
-0.05331916 0.02437334 0.41254878 71 105 38 2.000000
-0.05028872 0.02318952 0.41356513 93 119 22 2.000000
-0.06146311 0.02714855 0.41330978 129 160 55 2.000000
-0.05983342 0.02084712 0.41225123 145 175 2 2.000000
-0.05845417 0.02128248 0.41476482 206 239 28 2.000000
-0.05777416 0.01660625 0.40989229 206 238 75 2.000000
-0.05505052 0.02740698 0.41214222 100 132 48 2.000000
-0.06051545 0.02685961 0.41114640 108 135 0 2.000000
-0.05375965 0.02688110 0.41181847 94 124 39 2.000000
-0.05080470 0.02339473 0.41363487 91 119 20 2.000000
-0.05683719 0.01889291 0.41073745 210 240 63 2.000000
-0.06087678 0.02831310 0.41050628 95 122 5 2.000000
-0.05328508 0.02007756 0.41032779 203 237 54 2.000000
-0.06261153 0.02865637 0.41284403 140 172 75 2.000000
-0.06073260 0.01803936 0.41275916 197 223 0 2.000000
-0.05771299 0.02087847 0.41341269 224 242 59 2.000000
-0.05432050 0.02169770 0.41209802 226 243 64 2.000000
-0.06250940 0.02555724 0.41391534 143 168 17 2.000000
-0.05594854 0.02429581 0.41360179 81 109 35 2.000000
-0.06220885 0.02528786 0.41430831 134 165 28 2.000000
-0.05931382 0.01867540 0.41315424 219 246 60 2.000000
-0.04971452 0.02401725 0.41347286 71 109 35 2.000000
-0.05296657 0.02095889 0.41099256 191 224 61 2.000000
-0.05213571 0.02782736 0.40612715 82 103 3 2.000000
-0.06337675 0.02767404 0.41254419 102 128 5 2.000000
-0.05890860 0.01950490 0.41333860 218 246 52 2.000000
-0.06275183 0.02590710 0.41346031 113 139 1 2.000000
-0.05952800 0.02644702 0.41073388 101 129 1 2.000000
-0.06323697 0.02807571 0.41231871 102 127 5 2.000000
-0.05193283 0.02101364 0.41072300 185 217 71 2.000000
-0.05103851 0.02258327 0.41237140 150 174 62 2.000000
-0.05537482 0.02490627 0.41026258 82 111 0 2.000000
-0.05839883 0.01726555 0.41093713 224 245 80 2.000000
-0.05985855 0.01690268 0.41200107 202 227 12 2.000000
-0.06264890 0.02766134 0.41343534 125 158 38 2.000000
-0.05881951 0.02502842 0.41137648 91 120 0 2.000000
-0.05839205 0.02075742 0.41405481 215 243 45 2.000000
-0.06085834 0.03060814 0.40966713 85 106 12 2.000000
-0.06178056 0.02783856 0.41131660 101 124 3 2.000000
-0.06094184 0.02447167 0.41542178 107 136 28 2.000000
-0.05748538 0.01840486 0.41081122 213 242 63 2.000000
-0.05451892 0.02918711 0.40596476 62 81 9 2.000000
-0.05359928 0.02779419 0.41189489 89 123 43 2.000000
-0.05978729 0.02477551 0.41423318 99 132 30 2.000000
-0.05724666 0.02535020 0.41069561 83 109 2 2.000000
-0.05469584 0.03390612 0.41117105 88 116 54 2.000000
-0.06247362 0.02769432 0.41336641 126 159 43 2.000000
-0.05954801 0.01741648 0.41243646 223 243 65 2.000000
-0.05838779 0.02576455 0.41251031 97 138 33 2.000000
-0.05607291 0.01756234 0.40936336 189 227 63 2.000000
-0.05550372 0.02621839 0.40892908 74 103 4 2.000000
-0.06303199 0.02854428 0.41300401 125 156 40 2.000000
-0.05877402 0.01741018 0.40925047 127 158 0 2.000000
-0.05131261 0.02241160 0.41202334 211 231 59 2.000000
-0.05910701 0.01965166 0.41387671 218 244 58 2.000000
-0.06082753 0.02598837 0.41378039 111 145 42 2.000000
-0.05430171 0.02848113 0.41207004 87 123 48 2.000000
-0.06077946 0.01885952 0.41343465 207 233 0 2.000000
-0.05586699 0.02558221 0.40980852 70 99 0 2.000000
-0.06239054 0.02552423 0.41348302 117 141 1 2.000000
-0.05874677 0.03277805 0.41259778 110 134 52 2.000000
-0.05377736 0.02613017 0.40852311 80 97 3 2.000000
-0.05474029 0.02506900 0.41217980 82 111 41 2.000000
-0.05237810 0.02249246 0.41263345 183 210 57 2.000000
-0.05128910 0.02455947 0.41209015 83 110 40 2.000000
-0.06041590 0.02204045 0.41304186 159 181 3 2.000000
-0.05604838 0.03329793 0.41210911 83 118 44 2.000000
-0.05951837 0.02119205 0.41187435 168 186 1 2.000000
-0.05394477 0.02641211 0.40816626 75 102 5 2.000000
-0.05676380 0.02560082 0.41228360 88 123 35 2.000000
-0.06111626 0.02295646 0.41434598 137 159 1 2.000000
-0.06167175 0.02293903 0.41680390 162 186 17 2.000000
-0.05713586 0.02701098 0.40900266 88 114 1 2.000000
-0.05943731 0.02401275 0.41535515 106 134 28 2.000000
-0.05562881 0.02199316 0.41326723 220 242 52 2.000000
-0.06218626 0.02368872 0.41553989 182 204 20 2.000000
-0.05557105 0.02163121 0.41269383 232 245 73 2.000000
-0.05530674 0.02530220 0.41001454 72 96 2 2.000000
-0.06265648 0.02979071 0.41140956 99 122 5 2.000000
-0.06333469 0.02709006 0.41287959 112 131 7 2.000000
-0.05596153 0.02841935 0.40751380 65 88 5 2.000000
-0.06066385 0.01867073 0.41310436 209 232 2 2.000000
-0.06017151 0.02217437 0.41257668 152 177 2 2.000000
-0.06343665 0.03172097 0.41250059 96 117 22 2.000000
-0.05058815 0.02275094 0.41305268 96 117 24 2.000000
-0.06365423 0.03052220 0.41194513 100 128 7 2.000000
-0.05760635 0.02531343 0.41262370 91 126 30 2.000000
-0.05732528 0.03019613 0.40731001 73 91 13 2.000000
-0.05407622 0.03219572 0.41209704 90 124 42 2.000000
-0.05725699 0.01707564 0.40971172 204 240 75 2.000000
-0.05445868 0.02645338 0.41185158 94 126 41 2.000000
-0.05478499 0.03025958 0.40546823 70 87 15 2.000000
-0.06099074 0.02878540 0.41044760 97 120 6 2.000000
-0.06128678 0.02298628 0.41705433 148 169 43 2.000000
-0.06357225 0.02763783 0.41310570 118 140 0 2.000000
-0.05585519 0.02733153 0.40814883 83 109 2 2.000000
-0.06199032 0.02421006 0.41564277 155 182 5 2.000000
-0.05304547 0.02458510 0.41201037 75 103 39 2.000000
-0.05705976 0.02513896 0.41060364 93 111 1 2.000000
-0.05780902 0.03254568 0.41248107 103 134 53 2.000000
-0.05075672 0.02291256 0.41334498 92 117 26 2.000000
-0.05286467 0.01912456 0.40913701 199 232 54 2.000000
-0.05425456 0.03402680 0.41104954 87 119 57 2.000000
-0.05439804 0.03395002 0.41117874 84 118 51 2.000000
-0.05554070 0.03319541 0.41184396 81 116 49 2.000000
-0.06015949 0.02778711 0.41065186 92 116 2 2.000000
-0.05134662 0.02123549 0.41083843 200 231 63 2.000000
-0.05495557 0.02438798 0.41320729 76 108 32 2.000000
-0.05021206 0.02436166 0.41266677 79 108 36 2.000000
-0.05610357 0.01811330 0.40968841 193 229 62 2.000000
-0.06111550 0.02394147 0.41355652 122 148 1 2.000000
-0.06044880 0.02298211 0.41331795 148 173 3 2.000000
-0.05306229 0.02515040 0.41149923 83 109 33 2.000000
-0.05239363 0.02154464 0.41147166 180 213 69 2.000000
-0.05824661 0.02269144 0.41581020 158 187 19 2.000000
-0.05719434 0.02649752 0.40944433 92 116 2 2.000000
-0.05930992 0.01655615 0.40998092 127 156 0 2.000000
-0.06042733 0.02016209 0.41326264 184 206 1 2.000000
-0.06084756 0.02324478 0.41372824 133 154 2 2.000000
-0.05288301 0.02715825 0.40697223 83 105 1 2.000000
-0.05452285 0.02303668 0.41387060 132 156 38 2.000000
-0.05053227 0.02479192 0.41165739 78 110 40 2.000000
-0.05282203 0.02145968 0.41150293 176 212 68 2.000000
-0.05727969 0.03225083 0.40666169 61 80 14 2.000000
-0.05903316 0.03179020 0.40821651 67 84 14 2.000000
-0.05767232 0.02958794 0.41140386 103 138 36 2.000000
-0.05263763 0.03215849 0.41162097 91 122 48 2.000000
-0.06148160 0.02215564 0.41732523 108 125 2 2.000000
-0.06076530 0.01896004 0.41427121 217 242 7 2.000000
-0.06214175 0.02772095 0.41321898 128 165 62 2.000000
-0.05064178 0.02418517 0.41301686 77 108 28 2.000000
-0.06311459 0.02688558 0.41282517 108 131 0 2.000000
-0.06068259 0.01735249 0.41239101 184 210 0 2.000000
-0.06031889 0.02177283 0.41682452 189 213 24 2.000000
-0.05340001 0.01917557 0.40945697 202 235 52 2.000000
-0.05560865 0.02376129 0.41435742 94 125 21 2.000000
-0.05505302 0.02056592 0.41138396 227 243 67 2.000000
-0.05638898 0.03310072 0.41230351 89 120 45 2.000000
-0.05178735 0.02216783 0.41203910 207 235 54 2.000000
-0.05853641 0.01846975 0.40927690 121 147 0 2.000000
-0.05910149 0.02565650 0.41304585 110 144 36 2.000000
-0.06059593 0.02399997 0.41586587 110 142 27 2.000000
-0.05587459 0.02351469 0.41448972 106 135 27 2.000000
-0.05753753 0.02039657 0.41265225 231 243 70 2.000000
-0.06057919 0.01859060 0.41377598 222 243 4 2.000000
-0.04990171 0.03030262 0.41128853 96 131 42 2.000000
-0.05591452 0.03058562 0.41204011 100 128 47 2.000000
-0.05351564 0.03232986 0.41193581 85 122 46 2.000000
-0.05871410 0.02149725 0.41099414 138 169 1 2.000000
-0.06216224 0.02435572 0.41537625 154 186 11 2.000000
-0.05959484 0.02271381 0.41200674 156 169 1 2.000000
-0.06041688 0.01832928 0.41227767 196 225 0 2.000000
-0.05125105 0.03136132 0.41157374 90 130 43 2.000000
-0.06151894 0.02279175 0.41721952 116 141 40 2.000000
-0.06154453 0.02870958 0.41222918 156 183 81 2.000000
-0.05632290 0.02215577 0.41376621 217 239 38 2.000000
-0.05141138 0.02044931 0.41016161 180 212 67 2.000000
-0.05625258 0.03087234 0.40585041 67 81 14 2.000000
-0.04975132 0.02496690 0.41117102 80 110 42 2.000000
-0.05637275 0.02932214 0.40693581 70 89 8 2.000000
-0.05278229 0.02512680 0.41147023 78 109 30 2.000000
-0.05600656 0.03110428 0.40561110 63 80 11 2.000000
-0.05967762 0.02774866 0.41013396 84 110 1 2.000000
-0.05878906 0.01661912 0.41099462 197 227 40 2.000000
-0.05772082 0.02737506 0.41170385 108 145 37 2.000000
-0.05727219 0.03114215 0.41187593 92 114 34 2.000000
-0.05422991 0.02914708 0.41207021 94 122 47 2.000000
-0.06363063 0.02842520 0.41285044 126 147 20 2.000000
-0.05981902 0.02209365 0.41684803 178 211 20 2.000000
-0.05442282 0.02282644 0.41364220 151 176 41 2.000000
-0.05586868 0.02780857 0.41214511 98 129 41 2.000000
-0.06014569 0.02019290 0.41279498 163 193 1 2.000000
-0.05704520 0.02186553 0.40956780 138 163 2 2.000000
-0.05032359 0.02706190 0.40648904 65 90 2 2.000000
-0.06077825 0.02338323 0.41352269 132 151 2 2.000000
-0.05771010 0.02346004 0.41542473 116 143 22 2.000000
-0.05158407 0.02725284 0.40658933 77 99 5 2.000000
-0.05903091 0.03012723 0.40852666 76 93 9 2.000000
-0.05006462 0.02512646 0.41102013 81 109 49 2.000000
-0.05233029 0.02777488 0.41134545 95 119 42 2.000000
-0.06135510 0.02100704 0.41680002 173 199 4 2.000000
-0.05527243 0.02473813 0.41272721 79 108 32 2.000000
-0.06108955 0.02816205 0.41221297 147 181 75 2.000000
-0.05970363 0.02381303 0.41575214 113 139 24 2.000000
-0.06187014 0.03172229 0.41041386 82 108 6 2.000000
-0.05893155 0.01675933 0.40955719 137 160 0 2.000000
-0.05040926 0.02370215 0.41362417 81 119 19 2.000000
-0.06123598 0.01941542 0.41513926 207 235 6 2.000000
-0.05633659 0.02808177 0.41208553 98 130 40 2.000000
-0.05998765 0.02384423 0.41584614 117 142 26 2.000000
-0.05273919 0.02891340 0.41169125 89 120 41 2.000000
-0.06171788 0.02967466 0.41065800 93 119 7 2.000000
-0.05523271 0.02067875 0.41165984 230 244 78 2.000000
-0.05642226 0.02491148 0.41271076 81 114 33 2.000000
-0.05459519 0.03023180 0.41196162 90 122 42 2.000000
-0.05576901 0.02674098 0.40853220 81 107 6 2.000000
-0.05507037 0.02746585 0.40753222 69 95 5 2.000000
-0.06118432 0.01979174 0.41412866 192 219 1 2.000000
-0.05950193 0.01690632 0.41178539 196 224 20 2.000000
-0.06110235 0.02513143 0.41469669 108 143 35 2.000000
-0.05835145 0.02592686 0.41238773 101 139 32 2.000000
-0.05661895 0.02532352 0.41022763 82 105 4 2.000000
-0.06110316 0.02601097 0.41218707 111 133 1 2.000000
-0.05811545 0.02403875 0.41460064 88 123 34 2.000000
-0.06062062 0.01954482 0.41338858 201 227 0 2.000000
-0.05459526 0.02672491 0.40813142 75 100 1 2.000000
-0.05344789 0.02905266 0.40546131 56 82 6 2.000000
-0.05538678 0.02801975 0.41215447 97 131 48 2.000000
-0.06294637 0.02901117 0.41185856 103 126 9 2.000000
-0.05115864 0.02511100 0.41106209 87 112 49 2.000000
-0.06239294 0.02577977 0.41418609 117 166 14 2.000000
-0.06154390 0.02694235 0.41154984 101 130 2 2.000000
-0.05756006 0.02725111 0.40910670 89 111 3 2.000000
-0.06289610 0.02712130 0.41251495 102 124 0 2.000000
-0.05175355 0.02613435 0.40776789 81 99 0 2.000000
-0.05185168 0.02238402 0.41236126 193 218 53 2.000000
-0.05603264 0.02417505 0.41389742 85 109 32 2.000000
-0.05739853 0.02499496 0.41076723 121 128 1 2.000000
-0.05174195 0.02412749 0.41315678 88 114 30 2.000000
-0.05433276 0.02494277 0.40986234 81 102 0 2.000000
-0.05912893 0.01712523 0.40964785 148 171 0 2.000000
-0.05438276 0.03002313 0.40533423 69 86 12 2.000000
-0.05556884 0.02582830 0.40942064 77 102 0 2.000000
-0.06057283 0.01997632 0.41531631 203 239 11 2.000000
-0.06293508 0.03076166 0.41136557 96 118 9 2.000000
-0.05848132 0.03043101 0.40813306 66 90 16 2.000000
-0.05903519 0.02440316 0.41432413 99 130 38 2.000000
-0.05946617 0.01629256 0.41076809 149 179 1 2.000000
-0.05143902 0.02376917 0.41368628 84 119 20 2.000000
-0.05439324 0.02704570 0.40781993 81 102 1 2.000000
-0.05183250 0.02274074 0.41295785 115 134 35 2.000000
-0.06299939 0.02642454 0.41328722 110 135 1 2.000000
-0.05586091 0.03017829 0.40612733 69 89 14 2.000000
-0.05918085 0.03087693 0.40849832 70 90 9 2.000000
-0.05578931 0.02904741 0.40682906 66 81 18 2.000000
-0.06183755 0.02331636 0.41457275 163 183 6 2.000000
-0.05657189 0.03140004 0.40609780 59 79 13 2.000000
-0.06007548 0.02485176 0.41222233 107 134 1 2.000000
-0.06003925 0.02633151 0.41122946 108 133 0 2.000000
-0.05840806 0.02589762 0.41069815 94 119 1 2.000000
-0.05693963 0.03198249 0.40650320 63 78 16 2.000000
-0.05106122 0.02269214 0.41302228 100 119 37 2.000000
-0.05524237 0.02852971 0.40693241 63 83 10 2.000000
-0.05857154 0.02852572 0.41116029 129 166 65 2.000000
-0.05064931 0.02396446 0.41352725 85 115 28 2.000000
-0.05974794 0.02044741 0.41516021 208 241 32 2.000000
-0.05240278 0.03165850 0.41189057 89 126 38 2.000000
-0.05728090 0.03076634 0.41172269 92 119 32 2.000000
-0.05524303 0.03378209 0.41148376 84 114 53 2.000000
-0.06332098 0.03044133 0.41175780 99 124 5 2.000000
-0.05635029 0.02502793 0.41258058 82 115 37 2.000000
-0.05308417 0.02901980 0.40535772 62 85 5 2.000000
-0.05561119 0.03250582 0.41234693 90 125 37 2.000000
-0.05980181 0.02229526 0.41217786 159 178 2 2.000000
-0.05598285 0.03248500 0.41236782 90 125 38 2.000000
-0.06361999 0.03129765 0.41244856 114 139 35 2.000000
-0.06201985 0.02056434 0.41516107 164 193 1 2.000000
-0.05749800 0.03042372 0.40697682 70 87 15 2.000000
-0.05870352 0.02428734 0.41138723 128 147 4 2.000000
-0.05614195 0.01706809 0.40919703 189 228 67 2.000000
-0.05931324 0.02833357 0.40957442 97 114 7 2.000000
-0.06173150 0.02511292 0.41323709 113 135 1 2.000000
-0.06079360 0.02371314 0.41333091 131 153 1 2.000000
-0.05318942 0.02068693 0.41090921 199 231 60 2.000000
-0.05301907 0.02602026 0.40808016 79 103 1 2.000000
-0.05635749 0.02430785 0.41371083 84 110 35 2.000000
-0.05844302 0.02635123 0.41060621 96 121 0 2.000000
-0.05482685 0.02764967 0.41205832 96 129 44 2.000000
-0.05966370 0.02649829 0.41086185 108 130 2 2.000000
-0.05830136 0.01818114 0.41124925 224 244 80 2.000000
-0.06127657 0.02159733 0.41480619 167 194 1 2.000000
-0.05341094 0.02421791 0.41283667 79 109 43 2.000000
-0.05905837 0.02970871 0.40866613 79 104 3 2.000000
-0.06332031 0.02695800 0.41307095 116 135 2 2.000000
-0.06025125 0.02015828 0.41531253 205 240 15 2.000000
-0.06116760 0.02972875 0.41019604 90 116 7 2.000000
-0.05985591 0.01747843 0.41283801 225 244 40 2.000000
-0.05888748 0.02469986 0.41382056 97 132 36 2.000000
-0.05769465 0.01714474 0.41003400 217 244 81 2.000000
-0.05922447 0.02044016 0.41126946 152 176 1 2.000000
-0.05793997 0.02330845 0.41558293 124 154 27 2.000000
-0.05251857 0.02219516 0.41211966 199 226 60 2.000000
-0.05501303 0.02162920 0.41242000 227 241 71 2.000000
-0.05263845 0.02589342 0.40823579 78 101 1 2.000000
-0.05712400 0.02461538 0.41051739 116 140 7 2.000000
-0.05827707 0.03149649 0.40764517 61 85 9 2.000000
-0.05467248 0.02969129 0.40561390 73 86 15 2.000000
-0.05142703 0.02934967 0.41146740 84 112 39 2.000000
-0.05489341 0.02843471 0.40691146 63 85 5 2.000000
-0.05915671 0.02893740 0.41118675 136 168 71 2.000000
-0.05938822 0.02218184 0.41177613 153 178 1 2.000000
-0.06407475 0.03034546 0.41225401 108 134 16 2.000000
-0.05003818 0.02521452 0.41087630 80 108 50 2.000000
-0.05824047 0.02312150 0.41058066 125 155 3 2.000000
-0.06119406 0.03149642 0.40971372 72 99 7 2.000000
-0.05784509 0.02805036 0.41125181 116 147 48 2.000000
-0.05136008 0.02207611 0.41174459 215 240 60 2.000000
-0.05816653 0.02707005 0.40960309 93 120 1 2.000000
-0.05853466 0.02337034 0.41097814 141 158 0 2.000000
-0.05699551 0.02016587 0.41194886 230 243 75 2.000000
-0.05406974 0.02794285 0.40683064 76 99 3 2.000000
-0.06161977 0.02689433 0.41356292 122 154 50 2.000000
-0.05624532 0.02647459 0.40909952 96 116 2 2.000000
-0.05917302 0.01634173 0.41095167 173 204 12 2.000000
-0.05798330 0.02987941 0.40781301 69 95 6 2.000000
-0.05862107 0.02058369 0.41060629 148 175 0 2.000000
-0.05381211 0.02836133 0.40625206 70 94 0 2.000000
-0.05498800 0.02456779 0.41286844 80 109 34 2.000000
-0.06251965 0.02799289 0.41315717 127 162 49 2.000000
-0.06022184 0.01796786 0.41343522 227 245 27 2.000000
-0.05443231 0.02980451 0.41204187 93 120 44 2.000000
-0.05256649 0.02652346 0.40737936 81 107 0 2.000000
-0.05716103 0.02429928 0.41372278 90 120 39 2.000000
-0.06252714 0.02881383 0.41155124 100 125 3 2.000000
-0.05749750 0.03009090 0.41152331 98 132 36 2.000000
-0.05275051 0.02693984 0.40727597 87 108 2 2.000000
-0.05720702 0.02502819 0.41270143 85 120 31 2.000000
-0.04999324 0.02478651 0.41153634 77 109 38 2.000000
-0.05020325 0.02829602 0.41073486 79 107 28 2.000000
-0.05488074 0.02231873 0.41323996 209 236 37 2.000000
-0.05671971 0.01920973 0.41096216 215 242 66 2.000000
-0.05951366 0.02766828 0.41184732 132 170 66 2.000000
-0.05173357 0.02692015 0.40691251 78 102 5 2.000000
-0.06186350 0.02227004 0.41711006 114 140 28 2.000000
-0.05274735 0.02810524 0.40608165 83 104 2 2.000000
-0.06143795 0.03011539 0.41028693 92 114 9 2.000000
-0.05896136 0.02106430 0.41498438 210 240 37 2.000000
-0.05574133 0.01998330 0.41098726 227 242 70 2.000000
-0.05927078 0.02495829 0.41372117 104 136 35 2.000000
-0.05463317 0.01904211 0.40969282 201 238 47 2.000000
-0.05911480 0.02547735 0.41137573 96 124 0 2.000000
-0.05539725 0.02982558 0.40603998 71 87 17 2.000000
-0.05613558 0.01969108 0.41097239 220 242 72 2.000000
-0.05806915 0.02773266 0.41135815 114 153 51 2.000000
-0.05983397 0.02410179 0.41536111 105 133 25 2.000000
-0.05874509 0.01684098 0.40935764 135 161 0 2.000000
-0.05316156 0.02719939 0.40695646 77 105 3 2.000000
-0.05340523 0.02816556 0.40626320 78 104 0 2.000000
-0.06103746 0.02587256 0.41235656 103 132 3 2.000000
-0.06258377 0.02918670 0.41263628 128 162 56 2.000000
-0.05908825 0.02641408 0.41253817 110 149 43 2.000000
-0.05719389 0.02655029 0.41189963 96 133 36 2.000000
-0.05904445 0.02879838 0.40894377 95 113 4 2.000000
-0.05928303 0.02493296 0.41157722 108 125 8 2.000000
-0.06043151 0.01806969 0.41206381 197 218 0 2.000000
-0.05680006 0.03048413 0.40648586 69 88 12 2.000000
-0.05993629 0.02614207 0.41136590 103 130 0 2.000000
-0.06066906 0.02961349 0.40979642 88 116 3 2.000000
-0.05268902 0.02400280 0.41316295 82 114 21 2.000000
-0.05670486 0.02724021 0.40850124 89 110 0 2.000000
-0.05041913 0.02211694 0.41156447 210 237 63 2.000000
-0.05310579 0.03291527 0.41141513 87 120 54 2.000000
-0.05231898 0.02820075 0.40584716 83 102 7 2.000000
-0.05841243 0.01657276 0.41067031 214 240 78 2.000000
-0.05706153 0.02927251 0.41171074 98 131 38 2.000000
-0.05956794 0.02181706 0.41194299 156 182 0 2.000000
-0.06105068 0.02343815 0.41383967 124 146 4 2.000000
-0.06218129 0.02467137 0.41449010 146 171 8 2.000000
-0.05901713 0.03224503 0.41235051 110 130 57 2.000000
-0.05179158 0.02377717 0.41361642 89 118 19 2.000000
-0.05312342 0.02687907 0.40745339 83 108 0 2.000000
-0.05090586 0.02734986 0.40625712 73 97 2 2.000000
-0.05832127 0.03128070 0.40779752 65 86 11 2.000000
-0.05898253 0.03130648 0.40829873 66 87 13 2.000000
-0.05645032 0.02707571 0.40853146 91 115 1 2.000000
-0.06276449 0.02612183 0.41320232 111 135 1 2.000000
-0.06258055 0.02666596 0.41386166 135 164 30 2.000000
-0.05216765 0.02261222 0.41286534 142 167 59 2.000000
-0.05949951 0.02089786 0.41182810 155 183 3 2.000000
-0.05057926 0.02704721 0.40674540 68 93 2 2.000000
-0.05892938 0.03092672 0.40834004 66 87 14 2.000000
-0.06072507 0.02810595 0.41202956 143 179 68 2.000000
-0.05571156 0.02731690 0.41216055 93 128 45 2.000000
-0.05920646 0.02839812 0.41142273 136 171 69 2.000000
-0.05920754 0.02714215 0.41020805 94 121 2 2.000000
-0.05550212 0.03027987 0.40576833 65 87 8 2.000000
-0.06182573 0.02391572 0.41588652 157 189 11 2.000000
-0.05512043 0.02970412 0.40587750 65 87 15 2.000000
-0.06242150 0.02594652 0.41300514 111 137 1 2.000000
-0.05469539 0.03251871 0.41203210 87 120 47 2.000000
-0.05714159 0.01893728 0.41096306 213 242 60 2.000000
-0.05941238 0.02287120 0.41641840 162 190 41 2.000000
-0.05918486 0.02289953 0.41625571 152 188 42 2.000000
-0.05796198 0.02096123 0.41372615 220 242 49 2.000000
-0.05011178 0.02485063 0.41140938 80 107 47 2.000000
-0.05929979 0.02621879 0.41275504 106 147 36 2.000000
-0.05738503 0.03001056 0.40737835 73 91 13 2.000000
-0.05447733 0.03325893 0.41160962 86 117 48 2.000000
-0.05469835 0.02933360 0.40594307 64 82 13 2.000000
-0.05991571 0.02265926 0.41679269 166 187 33 2.000000
-0.05028909 0.02421695 0.41300461 78 107 29 2.000000
-0.05865856 0.02465786 0.41378072 98 131 33 2.000000
-0.05886522 0.02156460 0.41123089 145 172 1 2.000000
-0.05426815 0.01898860 0.40695280 130 154 1 2.000000
-0.05627996 0.02542358 0.41225398 89 119 36 2.000000
-0.06074075 0.01991561 0.41368511 196 226 1 2.000000
-0.05972585 0.02934217 0.40923381 93 115 7 2.000000
-0.06190203 0.02320205 0.41611302 179 205 21 2.000000
-0.05368192 0.02544677 0.41161042 88 115 37 2.000000
-0.06246198 0.02670929 0.41240126 104 131 1 2.000000
-0.05740304 0.01994479 0.41195482 229 243 72 2.000000
-0.05787446 0.01860922 0.41108707 223 244 75 2.000000
-0.05221770 0.02503918 0.41148627 77 108 42 2.000000
-0.06136155 0.03044957 0.41010243 84 112 5 2.000000
-0.05049709 0.02408590 0.41333976 73 110 23 2.000000
-0.05770336 0.02410920 0.41430768 89 119 39 2.000000
-0.05775934 0.01909160 0.41148853 225 244 67 2.000000
-0.05520963 0.02579169 0.40925291 78 98 8 2.000000
-0.04972871 0.02865873 0.41088402 70 101 34 2.000000
-0.06085043 0.02746037 0.41259551 133 172 64 2.000000
-0.06012567 0.02121351 0.41602576 208 241 18 2.000000
-0.05273420 0.02313937 0.41379529 103 127 19 2.000000
-0.06251432 0.02631923 0.41273019 111 136 1 2.000000
-0.06097090 0.02176204 0.41722140 152 162 33 2.000000
-0.05875590 0.02646104 0.41047129 108 127 1 2.000000
-0.05169103 0.02450063 0.41217408 78 109 40 2.000000
-0.05937128 0.02356586 0.41591993 124 151 22 2.000000
-0.05604011 0.01925520 0.41046670 216 241 68 2.000000
-0.05971550 0.01708836 0.41221958 221 240 27 2.000000
-0.06014402 0.01894842 0.41189525 171 197 0 2.000000
-0.06078202 0.02752408 0.41094422 97 120 3 2.000000
-0.05311251 0.02577767 0.40842709 74 97 1 2.000000
-0.05881768 0.02630993 0.41073027 106 127 0 2.000000
-0.05619935 0.02194893 0.41341978 224 242 54 2.000000
-0.05359265 0.03074189 0.41211334 102 129 51 2.000000
-0.05032234 0.02396983 0.41352460 84 113 22 2.000000
-0.05713573 0.02812645 0.40828940 72 87 11 2.000000
-0.06032910 0.02907160 0.41158640 142 172 73 2.000000
-0.05074694 0.02611230 0.41037908 94 120 46 2.000000
-0.05661679 0.02322171 0.41513151 113 147 25 2.000000
-0.06279419 0.02740348 0.41223121 102 126 1 2.000000
-0.06122599 0.02840987 0.41070306 99 121 4 2.000000
-0.05384470 0.03029885 0.41215727 99 126 50 2.000000
-0.05829389 0.01909803 0.41182634 228 243 80 2.000000
-0.06071042 0.02213213 0.41386893 167 184 10 2.000000
-0.05995021 0.02585561 0.41154265 103 127 1 2.000000
-0.05416327 0.02439346 0.41273770 81 109 39 2.000000
-0.05127251 0.02745722 0.40623650 76 98 3 2.000000
-0.05464318 0.01986229 0.41055834 214 242 54 2.000000
-0.05659843 0.01774752 0.40968534 191 230 54 2.000000
-0.06048802 0.01882960 0.41406184 214 243 8 2.000000
-0.05414519 0.02854281 0.40626448 63 84 4 2.000000
-0.05790332 0.03029973 0.41139197 100 129 39 2.000000
-0.05783025 0.02418577 0.41421589 91 118 40 2.000000
-0.06062980 0.02274921 0.41372740 157 179 10 2.000000
-0.05437344 0.03176682 0.41212347 97 127 41 2.000000
-0.06033385 0.03117646 0.40924844 78 95 10 2.000000
-0.05709741 0.01755042 0.40983984 201 237 59 2.000000
-0.05162599 0.02171121 0.41145334 207 236 63 2.000000
-0.06126835 0.02029678 0.41422275 191 215 0 2.000000
-0.05588347 0.02535102 0.41000465 76 98 0 2.000000
-0.05655814 0.02688620 0.40877408 97 115 2 2.000000
-0.05407501 0.02939581 0.40559122 64 79 13 2.000000
-0.06054479 0.01755643 0.41310963 235 244 0 2.000000
-0.05906975 0.02465065 0.41398430 98 132 35 2.000000
-0.04899412 0.02765124 0.41025853 77 103 36 2.000000
-0.05212110 0.02624214 0.40765849 77 103 0 2.000000
-0.06046136 0.02055344 0.41328347 163 191 2 2.000000
-0.05237985 0.02539670 0.41133785 84 110 44 2.000000
-0.05969567 0.02682078 0.41256773 119 154 47 2.000000
-0.05425767 0.03379173 0.41129673 89 117 55 2.000000
-0.06096115 0.02907104 0.41027454 99 120 1 2.000000
-0.05884208 0.02742038 0.40992346 93 116 2 2.000000
-0.05691599 0.01729656 0.40953866 198 234 66 2.000000
-0.05629818 0.02700296 0.41198000 96 130 42 2.000000
-0.06226696 0.02797898 0.41157919 102 126 2 2.000000
-0.05510837 0.03113250 0.41217384 102 132 45 2.000000
-0.06315232 0.02668890 0.41309500 109 132 1 2.000000
-0.05906333 0.02579247 0.41111463 98 124 0 2.000000
-0.05473567 0.03282363 0.41194794 88 118 45 2.000000
-0.05197298 0.02739582 0.40664691 76 101 1 2.000000
-0.05883562 0.02353388 0.41570139 117 147 20 2.000000
-0.05318696 0.02880671 0.41188547 91 122 44 2.000000
-0.05343582 0.02731480 0.40706441 82 109 2 2.000000
-0.05842346 0.02768597 0.40951401 84 108 5 2.000000
-0.05734101 0.03353271 0.41236874 95 120 48 2.000000
-0.05469463 0.01881566 0.40948758 201 236 41 2.000000
-0.05443282 0.01928269 0.40985361 205 239 46 2.000000
-0.05962616 0.02550826 0.41343707 110 143 34 2.000000
-0.05927858 0.03143519 0.40847251 67 87 8 2.000000
-0.05995212 0.02996636 0.41112682 137 166 71 2.000000
-0.05576757 0.02282837 0.41419235 162 190 41 2.000000
-0.05795136 0.02987751 0.41130501 107 136 41 2.000000
-0.06023309 0.01897708 0.41270578 201 226 1 2.000000
-0.05974598 0.02296632 0.41653365 165 185 66 2.000000
-0.05807134 0.02131433 0.41433266 210 239 30 2.000000
-0.06327829 0.02759946 0.41332182 124 158 4 2.000000
-0.05665718 0.03191039 0.40631062 59 79 15 2.000000
-0.05364695 0.01986638 0.41024718 205 239 52 2.000000
-0.05876701 0.02092977 0.41467476 210 241 37 2.000000
-0.05321234 0.01934063 0.40957883 201 236 46 2.000000
-0.06056967 0.02744422 0.41239256 135 167 67 2.000000
-0.06125828 0.02172175 0.41719994 138 140 28 2.000000
-0.05611036 0.02982281 0.41200131 98 133 47 2.000000
-0.05326522 0.02365041 0.41388720 99 121 30 2.000000
-0.05749215 0.02072543 0.40961286 141 166 1 2.000000
-0.05980321 0.01722751 0.41255638 231 242 20 2.000000
-0.06048181 0.03197091 0.40909654 70 93 6 2.000000
-0.05651085 0.03012347 0.40647730 68 90 13 2.000000
-0.05499601 0.02521743 0.41211793 85 114 40 2.000000
-0.05681183 0.03105207 0.40642837 60 83 11 2.000000
-0.05809932 0.02796187 0.40900502 77 98 4 2.000000
-0.05289803 0.01796318 0.40852287 182 220 53 2.000000
-0.05286707 0.02480828 0.41163963 81 106 37 2.000000
-0.06221170 0.02264071 0.41532382 178 205 5 2.000000
-0.05315226 0.02174632 0.41185114 177 211 63 2.000000
-0.05469954 0.02551951 0.41200617 90 116 37 2.000000
-0.05611024 0.02764496 0.40800813 82 104 0 2.000000
-0.05910299 0.02510801 0.41344979 106 139 39 2.000000
-0.06148304 0.02872371 0.41082212 98 120 3 2.000000
-0.05947994 0.02019045 0.41470569 212 243 40 2.000000
-0.05646674 0.01857455 0.41022581 201 235 59 2.000000
-0.06020235 0.02038878 0.41286781 163 186 1 2.000000
-0.05733371 0.03166351 0.41215828 91 124 40 2.000000
-0.05395466 0.01937631 0.40983161 205 239 48 2.000000
-0.06207992 0.02677406 0.41213965 109 134 1 2.000000
-0.06050517 0.01898647 0.41308513 206 230 3 2.000000
-0.05998424 0.02378691 0.41221723 137 157 1 2.000000
-0.05224811 0.02280931 0.41334900 119 134 37 2.000000
-0.05216007 0.02408774 0.41311872 89 116 25 2.000000
-0.05625732 0.02448777 0.41311878 77 109 31 2.000000
-0.05771719 0.02700915 0.40938798 90 117 1 2.000000
-0.06055437 0.02486466 0.41459590 106 136 35 2.000000
-0.05337365 0.03291528 0.41148686 89 119 54 2.000000
-0.06045896 0.02066820 0.41592023 204 238 14 2.000000
-0.05577048 0.02746343 0.40793234 80 102 3 2.000000
-0.05872631 0.02482134 0.41356656 97 131 34 2.000000
-0.05364350 0.02479676 0.41189456 72 108 33 2.000000
-0.06075736 0.03104070 0.40953118 80 96 17 2.000000
-0.05844256 0.02988942 0.41113186 109 140 40 2.000000
-0.05571794 0.01842763 0.40964934 196 232 57 2.000000
-0.05584749 0.03023242 0.41202998 100 129 49 2.000000
-0.05877184 0.02846892 0.40897548 82 110 5 2.000000
-0.05449184 0.01963050 0.41030967 210 242 49 2.000000
-0.04987231 0.02413814 0.41319516 75 108 26 2.000000
-0.06006771 0.01938663 0.41208252 169 192 1 2.000000
-0.05923009 0.01594484 0.41047579 147 172 5 2.000000
-0.05566727 0.02920620 0.40661877 65 83 11 2.000000
-0.05998433 0.02953746 0.40935230 90 116 3 2.000000
-0.05575050 0.02450152 0.41314769 75 109 34 2.000000
-0.05182970 0.02307909 0.41351104 96 122 19 2.000000
-0.05962729 0.02152515 0.41597852 208 240 16 2.000000
-0.05387979 0.02771908 0.40690255 81 103 1 2.000000
-0.06082767 0.01894970 0.41401276 217 242 3 2.000000
-0.05898459 0.02667370 0.41026276 104 129 0 2.000000
-0.06386654 0.03127399 0.41201591 103 138 9 2.000000
-0.05620250 0.02047887 0.41184270 232 243 78 2.000000
-0.05817734 0.02620449 0.41227502 105 137 37 2.000000
-0.06224247 0.02517747 0.41388917 134 158 6 2.000000
-0.05940035 0.01831843 0.41287678 219 245 59 2.000000
-0.05663798 0.02343896 0.41521654 106 141 20 2.000000
-0.05860038 0.02107472 0.41077864 146 170 1 2.000000
-0.05564498 0.02996393 0.40622154 75 89 11 2.000000
-0.04959302 0.02719011 0.41008526 85 110 37 2.000000
-0.05936366 0.02795442 0.41149434 135 172 63 2.000000
-0.05580202 0.02218401 0.41356376 212 239 38 2.000000
-0.05723365 0.02591760 0.41026181 85 113 4 2.000000
-0.05563064 0.02521119 0.41232187 84 114 39 2.000000
-0.05244414 0.01917808 0.40916443 191 228 54 2.000000
-0.05108614 0.02443728 0.41240796 80 108 38 2.000000
-0.05970098 0.02611918 0.41117516 105 129 1 2.000000
-0.05286983 0.02995495 0.41195685 88 121 52 2.000000
-0.05873650 0.01630464 0.40947407 127 157 2 2.000000
-0.05804518 0.02703950 0.41190055 111 147 50 2.000000
-0.06021023 0.02732530 0.41085008 99 122 1 2.000000
-0.06056765 0.03007606 0.41132319 137 170 77 2.000000
-0.06124993 0.02133047 0.41469330 183 212 2 2.000000
-0.05169245 0.02605723 0.41082403 89 117 45 2.000000
-0.05848485 0.01687739 0.41088220 220 243 79 2.000000
-0.05785705 0.02282612 0.41559020 149 178 28 2.000000
-0.05970743 0.02232840 0.41684952 168 198 13 2.000000
-0.05909641 0.02070971 0.41475621 210 242 42 2.000000
-0.05597039 0.02703382 0.40838179 82 113 1 2.000000
-0.05983244 0.02102050 0.41557345 209 241 33 2.000000
-0.05966716 0.02592757 0.41139743 103 127 1 2.000000
-0.06206548 0.02755172 0.41163054 99 121 3 2.000000
-0.06055148 0.02859817 0.41180950 135 174 77 2.000000
-0.05418353 0.03344192 0.41144404 90 118 54 2.000000
-0.05862221 0.02779057 0.40962180 86 109 1 2.000000
-0.06298423 0.02750953 0.41231489 99 126 4 2.000000
-0.05267628 0.02818647 0.40597379 84 104 1 2.000000
-0.05541828 0.02352937 0.41437525 105 132 20 2.000000
-0.05552078 0.03337644 0.41178194 82 117 47 2.000000
-0.05229929 0.02091649 0.41056088 176 215 66 2.000000
-0.05220475 0.03138167 0.41196597 88 129 40 2.000000
-0.06041661 0.01875613 0.41277385 205 232 1 2.000000
-0.05969175 0.02759718 0.41211438 126 166 64 2.000000
-0.06118242 0.03066974 0.40989506 80 105 12 2.000000
-0.04950459 0.02978390 0.41126367 97 128 41 2.000000
-0.06077939 0.02544752 0.41417214 110 141 39 2.000000
-0.05394331 0.02467275 0.41219181 80 108 39 2.000000
-0.05251108 0.02433858 0.41251612 77 110 39 2.000000
-0.06168386 0.02789382 0.41285369 134 174 64 2.000000
-0.05410616 0.02678878 0.40786579 70 105 0 2.000000
-0.05375894 0.01783293 0.40847164 183 220 51 2.000000
-0.05781563 0.02329417 0.41028941 124 145 4 2.000000
-0.06138105 0.02731957 0.41312897 130 163 60 2.000000
-0.06087479 0.02275670 0.41421995 144 171 10 2.000000
-0.05709138 0.02939350 0.40736812 76 94 5 2.000000
-0.05558108 0.02462888 0.41016182 131 141 15 2.000000
-0.06061378 0.01709514 0.41232333 189 219 0 2.000000
-0.06055122 0.01759575 0.41210553 171 202 0 2.000000
-0.05814038 0.01762373 0.41082224 222 245 78 2.000000
-0.06053523 0.02156857 0.41660443 212 240 29 2.000000
-0.06016213 0.02969975 0.40942863 92 112 3 2.000000
-0.06358882 0.02829478 0.41302708 123 150 25 2.000000
-0.05702948 0.02584624 0.41223961 93 127 34 2.000000
-0.05446051 0.02245261 0.41321272 203 229 33 2.000000
-0.04928144 0.02402607 0.41350755 83 112 32 2.000000
-0.05647859 0.02668225 0.41199103 93 130 39 2.000000
-0.06060974 0.02630799 0.41342279 112 149 44 2.000000
-0.05545194 0.01856647 0.40954101 196 232 55 2.000000
-0.06179445 0.02644469 0.41389018 112 149 27 2.000000
-0.05689799 0.02609916 0.40983769 93 112 3 2.000000
-0.06226292 0.02940814 0.41116291 97 122 2 2.000000
-0.05175830 0.01985982 0.40966511 174 213 67 2.000000
-0.06028152 0.02656431 0.41127989 111 136 4 2.000000
-0.05978139 0.02974839 0.40915093 90 110 2 2.000000
-0.05490909 0.01813287 0.40893155 189 227 46 2.000000
-0.06076583 0.02460645 0.41522321 100 133 31 2.000000
-0.05690334 0.02048261 0.41222152 233 242 74 2.000000
-0.06121213 0.02714664 0.41316724 126 162 57 2.000000
-0.05263385 0.02285114 0.41349763 109 130 24 2.000000
-0.05316099 0.01966702 0.40987700 201 236 55 2.000000
-0.05118537 0.02201390 0.41152376 214 240 59 2.000000
-0.05839958 0.03066616 0.41139373 99 127 39 2.000000
-0.05743525 0.02102805 0.40965974 135 165 1 2.000000
-0.05771232 0.03075532 0.41158095 91 120 37 2.000000
-0.06293592 0.02971334 0.41256580 115 141 16 2.000000
-0.05689081 0.02681205 0.40894488 93 119 1 2.000000
-0.05623955 0.01893517 0.41024780 206 237 68 2.000000
-0.05226069 0.02414564 0.41300946 82 113 31 2.000000
-0.06051105 0.02853228 0.41016012 99 122 2 2.000000
-0.05530335 0.02226380 0.41342202 211 238 36 2.000000
-0.05732821 0.02100011 0.41322988 230 242 63 2.000000
-0.05920054 0.03291039 0.41268486 111 136 63 2.000000
-0.06158057 0.01971572 0.41515970 198 218 1 2.000000
-0.05408450 0.03382966 0.41120616 90 119 55 2.000000
-0.05401484 0.03076828 0.41211149 94 127 43 2.000000
-0.06143856 0.03037956 0.41019335 84 112 6 2.000000
-0.05682186 0.02143866 0.40924752 144 166 0 2.000000
-0.06104904 0.02788498 0.41232029 146 182 78 2.000000
-0.05991627 0.02179121 0.41229773 159 181 1 2.000000
-0.05977324 0.02679403 0.41071185 107 129 1 2.000000
-0.05651635 0.01917218 0.40811887 135 160 1 2.000000
-0.06205619 0.03096267 0.41069156 83 110 8 2.000000
-0.05384134 0.02390051 0.41373205 78 111 32 2.000000
-0.05415417 0.02513716 0.40964246 70 96 6 2.000000
-0.06053998 0.02026978 0.41561294 204 237 9 2.000000
-0.05943911 0.02745365 0.41219234 127 162 55 2.000000
-0.05700607 0.02948879 0.40724221 73 92 10 2.000000
-0.05228286 0.02643768 0.40737757 85 107 0 2.000000
-0.05465822 0.03067049 0.41190422 98 127 46 2.000000
-0.05481408 0.02130835 0.41204700 226 242 74 2.000000
-0.05675915 0.02797317 0.40819940 73 92 2 2.000000
-0.05375928 0.02526859 0.40895325 67 96 2 2.000000
-0.06008155 0.01980659 0.41264281 180 202 1 2.000000
-0.06330029 0.02942877 0.41236657 113 140 19 2.000000
-0.05297916 0.02432784 0.41253069 79 111 40 2.000000
-0.05641808 0.02980235 0.40669206 72 91 13 2.000000
-0.06168431 0.02074390 0.41657820 186 202 7 2.000000
-0.06327453 0.02862987 0.41225898 108 128 14 2.000000
-0.06081253 0.01780666 0.41295379 205 233 1 2.000000
-0.05968086 0.02630915 0.41281855 111 148 43 2.000000
-0.05436125 0.02887169 0.40611735 59 82 6 2.000000
-0.06208260 0.02943093 0.41098803 94 121 3 2.000000
-0.05674359 0.01826736 0.41013804 195 234 51 2.000000
-0.05981040 0.02422052 0.41519773 100 131 31 2.000000
-0.06006608 0.01964183 0.41250101 178 202 1 2.000000
-0.05954288 0.02645876 0.41264036 113 149 41 2.000000
-0.06368816 0.02823386 0.41275248 109 135 1 2.000000
-0.06140418 0.02411252 0.41592672 136 164 13 2.000000
-0.06193537 0.02932150 0.41094330 97 122 4 2.000000
-0.06148025 0.02817906 0.41098425 101 122 3 2.000000
-0.05677323 0.02646650 0.41200250 98 129 39 2.000000
-0.05808076 0.01879843 0.41140679 229 244 79 2.000000
-0.05153734 0.02443131 0.41244069 75 109 33 2.000000
-0.06373322 0.03094301 0.41187084 101 130 15 2.000000
-0.05579690 0.02525553 0.41231376 85 116 39 2.000000
-0.05534516 0.02018317 0.41101766 221 243 68 2.000000
-0.05563874 0.02166933 0.41278455 233 244 71 2.000000
-0.05815623 0.03204335 0.40741938 56 82 14 2.000000
-0.05630320 0.01940052 0.41085285 216 242 69 2.000000
-0.05720166 0.02056806 0.41265231 233 243 71 2.000000
-0.05641132 0.03209797 0.41233331 93 127 42 2.000000
-0.06188258 0.02542197 0.41456074 121 144 27 2.000000
-0.05654240 0.02524643 0.41238427 88 119 37 2.000000
-0.05869099 0.01634167 0.41077748 197 224 53 2.000000
-0.05220734 0.03076805 0.41206828 102 131 43 2.000000
-0.06388389 0.03089970 0.41230631 106 146 27 2.000000
-0.06184980 0.03005260 0.41065547 93 116 3 2.000000
-0.06216332 0.02307802 0.41583017 183 216 14 2.000000
-0.06275378 0.02658127 0.41269130 107 130 2 2.000000
-0.05666567 0.02566836 0.41002014 84 112 1 2.000000
-0.06086928 0.02152211 0.41399860 165 186 4 2.000000
-0.05566741 0.02501361 0.41024035 78 96 0 2.000000
-0.05499221 0.02727557 0.40765545 79 96 1 2.000000
-0.05655300 0.03240054 0.41236517 96 127 39 2.000000
-0.06044712 0.03049152 0.41118953 133 165 80 2.000000
-0.05651327 0.03338656 0.41221496 84 117 44 2.000000
-0.06101072 0.01949551 0.41530663 207 237 2 2.000000
-0.05465475 0.03305821 0.41174638 88 117 45 2.000000
-0.05707686 0.02379772 0.41490617 92 122 22 2.000000
-0.06079941 0.02078933 0.41638577 202 236 9 2.000000
-0.05391608 0.02962603 0.40531066 63 80 16 2.000000
-0.06031342 0.01798140 0.41172490 185 208 0 2.000000
-0.05308972 0.02826396 0.40606162 80 101 1 2.000000
-0.05860112 0.03164902 0.40795094 67 84 13 2.000000
-0.05879175 0.02662055 0.41029495 99 130 2 2.000000
-0.05636373 0.02917191 0.40705270 65 86 16 2.000000
-0.05781378 0.02649705 0.40981528 97 118 1 2.000000
-0.05379957 0.02179571 0.41205066 211 237 59 2.000000
-0.06097941 0.03014018 0.41152161 142 172 84 2.000000
-0.05644301 0.02829964 0.40778714 65 87 11 2.000000
-0.05123624 0.02319903 0.41358787 95 117 25 2.000000
-0.05469147 0.03124546 0.41205397 100 130 43 2.000000
-0.05806467 0.02170033 0.41021401 137 162 1 2.000000
-0.06293264 0.02802136 0.41209868 96 126 4 2.000000
-0.06143537 0.02955727 0.41049254 95 120 4 2.000000
-0.06124650 0.02224019 0.41462281 155 177 3 2.000000
-0.05469593 0.02911995 0.41203910 90 126 46 2.000000
-0.05842440 0.01994951 0.41308007 222 243 65 2.000000
-0.05874123 0.02128972 0.41507140 208 237 25 2.000000
-0.06351395 0.03142348 0.41157776 105 134 9 2.000000
-0.05713065 0.02884633 0.40776369 72 93 13 2.000000
-0.06184832 0.03132103 0.41045755 82 106 8 2.000000
-0.06231970 0.02966952 0.41112608 97 121 5 2.000000
-0.05607105 0.02438108 0.41340277 78 109 36 2.000000
-0.05964354 0.02171730 0.41620171 203 238 11 2.000000
-0.06222874 0.02191937 0.41579786 186 210 6 2.000000
-0.05983755 0.01693413 0.41114667 153 173 0 2.000000
-0.05334720 0.02837662 0.41188532 92 122 44 2.000000
-0.05266466 0.02730927 0.40672624 80 104 4 2.000000
-0.06269248 0.02588433 0.41400075 129 168 21 2.000000
-0.05314783 0.02619895 0.41147566 87 121 37 2.000000
-0.06077361 0.02642375 0.41158700 112 137 1 2.000000
-0.05823828 0.03131536 0.41184565 92 116 39 2.000000
-0.05853782 0.03239257 0.41246119 110 134 56 2.000000
-0.05460272 0.02471816 0.41012505 92 113 8 2.000000
-0.05839712 0.02559775 0.41087115 90 119 0 2.000000
-0.06225643 0.02448834 0.41516179 145 180 22 2.000000
-0.05495893 0.03341845 0.41167030 86 116 50 2.000000
-0.05588910 0.02976941 0.40642861 71 90 12 2.000000
-0.05435709 0.03067369 0.41201824 90 123 40 2.000000
-0.05388290 0.01992333 0.41031617 208 240 49 2.000000
-0.05708193 0.02920197 0.40742531 76 95 8 2.000000
-0.05915607 0.02797754 0.40967590 84 106 1 2.000000
-0.05866452 0.01766995 0.41139308 228 246 84 2.000000
-0.05995984 0.02692506 0.41078168 106 128 1 2.000000
-0.05889791 0.02394364 0.41513401 103 132 25 2.000000
-0.06329326 0.02967382 0.41200706 109 127 7 2.000000
-0.05784902 0.02017093 0.41266036 229 243 68 2.000000
-0.06058405 0.02094432 0.41341820 157 180 2 2.000000
-0.05840776 0.01793439 0.41121420 226 245 80 2.000000
-0.05722807 0.02987818 0.40726465 74 92 15 2.000000
-0.05735637 0.03215187 0.40680358 63 79 17 2.000000
-0.05229401 0.02911756 0.41158617 86 114 42 2.000000
-0.05443722 0.02441106 0.41282856 77 110 40 2.000000
-0.05738914 0.01978958 0.40909457 139 159 0 2.000000
-0.06057059 0.02338753 0.41324139 135 157 3 2.000000
-0.05958431 0.03296952 0.41282398 111 139 68 2.000000
-0.06128887 0.01973262 0.41574323 207 235 2 2.000000
-0.05961914 0.01669273 0.41047943 122 158 1 2.000000
-0.05772419 0.01665166 0.40835547 112 133 1 2.000000
-0.05586802 0.02308266 0.40928087 127 152 4 2.000000
-0.05455673 0.02045932 0.41104752 216 244 60 2.000000
-0.05077837 0.02232018 0.41180286 213 236 59 2.000000
-0.06111980 0.02926939 0.41037038 95 120 2 2.000000
-0.05739458 0.02686341 0.40932229 88 117 0 2.000000
-0.04988699 0.02273668 0.41298378 87 111 24 2.000000
-0.06019844 0.01768812 0.41147831 166 191 0 2.000000
-0.05642536 0.02593725 0.40973258 86 111 3 2.000000
-0.05339912 0.02606129 0.40830749 78 100 7 2.000000
-0.05921581 0.02043588 0.41462582 214 242 45 2.000000
-0.05913524 0.02191854 0.41154087 147 175 0 2.000000
-0.06277346 0.02581562 0.41364646 128 152 10 2.000000
-0.05985655 0.02831220 0.40975147 102 119 4 2.000000
-0.05129268 0.02471074 0.41184634 82 111 39 2.000000
-0.06116165 0.02817595 0.41076279 97 122 5 2.000000
-0.05483517 0.02535869 0.40982586 65 97 1 2.000000
-0.05450960 0.02192758 0.41253892 221 242 62 2.000000
-0.06216311 0.03052785 0.41240802 128 159 59 2.000000
-0.05911798 0.02218307 0.41621667 190 228 9 2.000000
-0.06026602 0.01973413 0.41290826 186 210 0 2.000000
-0.05968526 0.02747002 0.41031224 91 116 4 2.000000
-0.05603222 0.02656101 0.40882492 91 113 5 2.000000
-0.05541552 0.03134874 0.41222349 95 127 42 2.000000
-0.05719287 0.02765195 0.40859559 74 99 1 2.000000
-0.05356780 0.02942005 0.41205725 94 122 48 2.000000
-0.05835129 0.02936860 0.40826732 77 100 8 2.000000
-0.05664745 0.02010421 0.41162664 229 242 72 2.000000
-0.05901327 0.02835429 0.40928432 84 111 3 2.000000
-0.05120713 0.02608128 0.40759572 67 96 1 2.000000
-0.06151112 0.03227712 0.41267678 96 125 44 2.000000
-0.05500228 0.02294973 0.41395584 144 167 36 2.000000
-0.05882861 0.01985063 0.41365984 217 244 54 2.000000
-0.05158909 0.02475446 0.41173539 84 111 42 2.000000
-0.05676796 0.02410805 0.41412354 91 116 38 2.000000
-0.05748999 0.02263405 0.41524494 174 199 21 2.000000
-0.05204924 0.02876993 0.41137403 87 112 42 2.000000
-0.06272986 0.02673252 0.41258752 100 130 1 2.000000
-0.05266862 0.02384827 0.41346112 93 120 16 2.000000
-0.05622735 0.03369045 0.41193217 87 114 50 2.000000
-0.05424678 0.03318502 0.41159371 87 116 52 2.000000
-0.05357846 0.02388121 0.40845838 103 126 5 2.000000
-0.06063336 0.01986320 0.41352600 197 223 1 2.000000
-0.05352377 0.02765213 0.40671486 79 104 2 2.000000
-0.05389297 0.02506362 0.41174713 79 110 37 2.000000
-0.05186710 0.03133959 0.41187540 96 130 45 2.000000
-0.05822756 0.01984570 0.41267699 226 243 70 2.000000
-0.05868049 0.02673990 0.41218567 112 150 44 2.000000
-0.05504220 0.03245825 0.41222933 87 124 44 2.000000
-0.05855033 0.01586718 0.40998790 140 174 15 2.000000
-0.04956127 0.02425190 0.41288716 76 104 35 2.000000
-0.05461132 0.02325338 0.41402000 122 139 27 2.000000
-0.05383088 0.03233595 0.41205096 88 123 44 2.000000
-0.05895609 0.02613489 0.41257781 109 146 43 2.000000
-0.05750102 0.02552656 0.41068563 86 112 2 2.000000
-0.06151579 0.02269289 0.41461059 148 168 0 2.000000
-0.06297441 0.03033393 0.41155210 92 123 6 2.000000
-0.05354758 0.02445452 0.41246617 75 108 28 2.000000
-0.06298880 0.02720742 0.41351199 140 159 9 2.000000
-0.04984125 0.02446532 0.41245112 75 109 35 2.000000
-0.05309651 0.02337555 0.41390997 95 125 17 2.000000
-0.05520486 0.03052415 0.40546316 70 84 14 2.000000
-0.05627952 0.02800987 0.40785870 73 95 5 2.000000
-0.05794048 0.02755095 0.41153592 108 149 43 2.000000
-0.05794898 0.01673617 0.40863058 111 141 0 2.000000
-0.05339904 0.02660654 0.41161814 92 124 40 2.000000
-0.05947982 0.02154306 0.41185218 157 185 0 2.000000
-0.05343003 0.02315081 0.41387135 100 125 16 2.000000
-0.05999235 0.02660749 0.41102523 106 133 2 2.000000
-0.05721999 0.02416524 0.41412348 101 124 65 2.000000
-0.05398712 0.01865934 0.40915051 199 234 52 2.000000
-0.05128855 0.02655259 0.40723047 71 97 4 2.000000
-0.05426840 0.02923391 0.40579203 60 79 7 2.000000
-0.06122847 0.03029784 0.41175839 145 168 91 2.000000
-0.05337660 0.02725150 0.40726644 89 110 0 2.000000
-0.05639355 0.02444393 0.41333210 76 109 29 2.000000
-0.05414068 0.02819786 0.40667558 72 95 6 2.000000
-0.05007127 0.02259069 0.41247827 97 121 33 2.000000
-0.05836876 0.02859488 0.40871945 79 103 6 2.000000
-0.05189571 0.02390422 0.41348374 90 121 21 2.000000
-0.05090897 0.02487348 0.40739158 65 88 18 2.000000
-0.05197635 0.02440939 0.41238138 73 107 39 2.000000
-0.06177816 0.02723911 0.41160285 99 123 1 2.000000
-0.05617175 0.02254949 0.41406617 199 225 19 2.000000
-0.05474412 0.02954448 0.40578589 65 85 8 2.000000
-0.05447178 0.02456612 0.41259611 77 109 38 2.000000
-0.06065381 0.02586507 0.41203502 106 130 1 2.000000
-0.05910111 0.02743459 0.41006553 96 116 1 2.000000
-0.05153060 0.02397117 0.41345960 82 116 26 2.000000
-0.05920120 0.01814578 0.41247949 224 245 68 2.000000
-0.05394519 0.02707700 0.40772656 79 104 6 2.000000
-0.05984241 0.02620273 0.41299850 114 149 44 2.000000
-0.05811811 0.02928370 0.40819538 79 100 7 2.000000
-0.06194888 0.03049793 0.41067299 88 111 4 2.000000
-0.06225339 0.02254757 0.41581091 196 222 7 2.000000
-0.05829595 0.02311907 0.41577756 135 163 19 2.000000
-0.05738229 0.02203501 0.41443136 203 234 18 2.000000
-0.05539209 0.02686734 0.40829036 78 102 4 2.000000
-0.05665679 0.02903759 0.40728223 71 89 13 2.000000
-0.06012119 0.02690536 0.41095373 104 130 1 2.000000
-0.05797163 0.03043643 0.40758955 67 90 10 2.000000
-0.06002777 0.02913528 0.40950757 95 120 4 2.000000
-0.05936946 0.02960980 0.40888354 81 110 4 2.000000
-0.05370431 0.03301107 0.41152152 89 119 53 2.000000
-0.06167028 0.02667791 0.41373050 112 150 37 2.000000
-0.05905174 0.02822552 0.40949523 84 110 5 2.000000
-0.05293141 0.03099295 0.41203710 94 130 40 2.000000
-0.05819136 0.02807061 0.41115850 128 159 58 2.000000
-0.05328343 0.02871117 0.40571663 71 90 2 2.000000
-0.05590063 0.02631506 0.40905914 87 109 2 2.000000
-0.05301182 0.02503459 0.41155133 80 108 35 2.000000
-0.06040539 0.01887895 0.41293338 205 235 8 2.000000
-0.05269725 0.03065519 0.41204014 92 125 47 2.000000
-0.06191747 0.02886263 0.41113830 97 122 5 2.000000
-0.05442072 0.02946339 0.40572539 64 83 6 2.000000
-0.05371021 0.03351315 0.41122249 89 120 56 2.000000
-0.05974022 0.03001280 0.40900892 82 104 10 2.000000
-0.05804931 0.01825781 0.41109386 225 244 78 2.000000
-0.05476930 0.02967023 0.41195676 97 126 45 2.000000
-0.05464442 0.02482991 0.41240019 84 110 42 2.000000
-0.06011890 0.01921922 0.41237566 183 210 0 2.000000
-0.05416835 0.02551247 0.41177833 81 118 33 2.000000
-0.05752211 0.03022416 0.40724206 70 91 13 2.000000
-0.05637264 0.02160189 0.41314703 229 242 66 2.000000
-0.06090063 0.03252541 0.41276184 104 127 54 2.000000
-0.05527629 0.02629689 0.41208038 93 125 41 2.000000
-0.05882191 0.02802441 0.40948534 81 105 5 2.000000
-0.05564046 0.02647338 0.41206691 95 128 40 2.000000
-0.05960167 0.01658488 0.41102704 155 177 5 2.000000
-0.05997474 0.01709877 0.41140398 155 181 1 2.000000
-0.05324860 0.02102273 0.41123956 193 230 63 2.000000
-0.05550176 0.02682723 0.41214907 95 128 43 2.000000
-0.05626230 0.02610798 0.40948564 79 113 2 2.000000
-0.05496525 0.01991348 0.41065392 214 243 55 2.000000
-0.05394796 0.03282105 0.41174486 90 120 53 2.000000
-0.05222970 0.02293948 0.41351983 101 127 22 2.000000
-0.06129275 0.02249300 0.41740495 94 116 6 2.000000
-0.05987980 0.02758337 0.41048643 93 115 3 2.000000
-0.05693605 0.03330235 0.41232994 92 121 46 2.000000
-0.06087092 0.03058389 0.41131514 140 168 84 2.000000
-0.05115438 0.02732062 0.40635175 71 98 3 2.000000
-0.06075071 0.01760304 0.41300353 216 243 1 2.000000
-0.05086375 0.02205469 0.41158852 215 239 60 2.000000
-0.05889936 0.02301813 0.41129613 129 161 3 2.000000
-0.06368943 0.02772288 0.41292530 107 134 0 2.000000
-0.05980748 0.02195224 0.41661420 193 230 20 2.000000
-0.06063370 0.01917297 0.41329351 208 230 0 2.000000
-0.05194050 0.02276276 0.41317365 110 129 41 2.000000
-0.06139683 0.02004481 0.41623586 201 227 6 2.000000
-0.05101955 0.02841222 0.41104063 82 111 39 2.000000
-0.05831195 0.02152700 0.41489378 206 236 19 2.000000
-0.05964904 0.01917083 0.41399562 219 245 47 2.000000
-0.05165352 0.02505287 0.41127777 81 113 47 2.000000
-0.05837416 0.02349165 0.41563669 121 152 18 2.000000
-0.05262360 0.02602604 0.41128805 88 117 36 2.000000
-0.06174269 0.02073636 0.41484138 185 207 1 2.000000
-0.05519958 0.02557611 0.40960398 70 99 1 2.000000
-0.05653420 0.02532182 0.41233924 87 120 36 2.000000
-0.06148059 0.02486169 0.41526189 112 142 16 2.000000
-0.06264118 0.02823418 0.41175431 99 124 3 2.000000
-0.06005918 0.02847724 0.41172376 140 176 67 2.000000
-0.05558322 0.02964246 0.40631998 74 88 15 2.000000
-0.06002134 0.01957458 0.41209859 165 191 1 2.000000
-0.05942516 0.01623341 0.41046879 141 170 1 2.000000
-0.05270506 0.02558301 0.40847403 80 96 3 2.000000
-0.04941814 0.02332765 0.41379845 86 121 10 2.000000
-0.06031717 0.02042198 0.41552886 205 239 20 2.000000
-0.05787038 0.03044775 0.40736121 68 89 14 2.000000
-0.05584064 0.03146855 0.41218817 97 126 45 2.000000
-0.05273463 0.02637390 0.40750876 83 104 0 2.000000
-0.05908289 0.02317358 0.41606304 139 170 35 2.000000
-0.06005689 0.02509223 0.41404834 104 137 33 2.000000
-0.05897133 0.01750462 0.41170979 225 245 80 2.000000
-0.06383788 0.03017253 0.41234383 114 136 13 2.000000
-0.06194079 0.02719887 0.41183060 103 124 1 2.000000
-0.05199959 0.02473534 0.41179118 79 110 46 2.000000
-0.06291882 0.02653714 0.41291019 112 132 0 2.000000
-0.06038341 0.01787217 0.41186315 188 212 0 2.000000
-0.05797988 0.01631160 0.40864623 124 147 1 2.000000
-0.05775082 0.03339273 0.41247007 92 122 43 2.000000
-0.05939017 0.02421910 0.41491199 101 128 37 2.000000
-0.05296076 0.02651687 0.40754530 80 105 2 2.000000
-0.05606472 0.02680164 0.41205707 94 129 44 2.000000
-0.05293769 0.02527844 0.40869239 71 93 2 2.000000
-0.05805293 0.02385127 0.41499829 94 126 24 2.000000
-0.05644017 0.03180269 0.40606913 60 77 17 2.000000
-0.05316650 0.01822749 0.40863684 184 221 58 2.000000
-0.05072917 0.02192206 0.41143113 212 240 59 2.000000
-0.05955591 0.02584234 0.41314790 109 145 36 2.000000
-0.06030892 0.01821965 0.41188818 187 216 0 2.000000
-0.05954449 0.02259428 0.41665396 176 203 25 2.000000
-0.05725919 0.02715888 0.41182867 101 137 37 2.000000
-0.06175768 0.03043004 0.41209885 138 170 73 2.000000
-0.05862312 0.02288598 0.41597593 146 179 15 2.000000
-0.06015335 0.01739581 0.41149163 156 179 1 2.000000
-0.06102660 0.02206598 0.41735211 112 125 20 2.000000
-0.05628771 0.02838872 0.40764138 64 89 9 2.000000
-0.05104277 0.02381944 0.41361681 82 117 18 2.000000
-0.05662797 0.02437074 0.41368213 85 110 39 2.000000
-0.05309778 0.03231992 0.41176659 90 121 52 2.000000
-0.05339907 0.02407958 0.41319880 77 108 33 2.000000
-0.05714454 0.02237070 0.40972686 133 154 4 2.000000
-0.05262207 0.02130107 0.41128722 179 212 68 2.000000
-0.05995782 0.02956299 0.41126367 136 171 72 2.000000
-0.05673650 0.02519911 0.41248536 83 119 36 2.000000
-0.06028047 0.02257500 0.41701293 159 181 29 2.000000
-0.06211320 0.02060145 0.41551977 154 182 1 2.000000
-0.06076980 0.02065823 0.41619375 203 236 7 2.000000
-0.05876271 0.02935411 0.40859523 80 106 2 2.000000
-0.06042241 0.02277740 0.41304293 154 175 2 2.000000
-0.06013876 0.02397832 0.41569638 110 137 30 2.000000
-0.05955235 0.02805527 0.40976891 84 112 3 2.000000
-0.06105118 0.03019829 0.40995586 86 112 9 2.000000
-0.05871081 0.01957523 0.41315880 221 245 61 2.000000
-0.05529643 0.02108301 0.41217321 229 243 76 2.000000
-0.05745779 0.02555251 0.41237113 90 128 32 2.000000
-0.05802028 0.02674668 0.41205609 109 142 41 2.000000
-0.06077387 0.02992629 0.40978619 91 115 2 2.000000
-0.05085357 0.02844193 0.41099939 83 111 35 2.000000
-0.05926206 0.01604602 0.41067320 156 180 2 2.000000
-0.06352572 0.02808318 0.41254887 115 131 1 2.000000
-0.05547797 0.02248240 0.40882984 132 147 3 2.000000
-0.04938497 0.02410413 0.41328037 74 109 27 2.000000
-0.05749474 0.02924362 0.40767184 80 97 7 2.000000
-0.06072920 0.01826585 0.41354480 223 244 1 2.000000
-0.06010715 0.01769851 0.41125345 170 197 1 2.000000
-0.05977627 0.02832039 0.41161865 138 174 73 2.000000
-0.05928852 0.01628215 0.41011781 135 158 2 2.000000
-0.05804120 0.02247080 0.41557977 184 207 12 2.000000
-0.06133023 0.03132309 0.40982595 73 101 6 2.000000
-0.05379806 0.02061077 0.41107747 214 241 55 2.000000
-0.05845934 0.02798629 0.40935391 82 103 2 2.000000
-0.05444159 0.03294074 0.41175437 89 117 48 2.000000
-0.06156206 0.01968577 0.41566649 203 230 1 2.000000
-0.06200383 0.02350332 0.41590416 171 201 15 2.000000
-0.05917488 0.02863214 0.40912071 95 116 5 2.000000
-0.05188854 0.02490395 0.41155583 80 111 38 2.000000
-0.05361892 0.02025446 0.41067466 205 239 56 2.000000
-0.05835740 0.01683894 0.40902019 123 153 0 2.000000
-0.05825834 0.02503272 0.41311899 99 130 37 2.000000
-0.05417953 0.02008835 0.41064087 215 242 53 2.000000
-0.05755960 0.02495390 0.41284451 89 124 31 2.000000
-0.06013404 0.02567062 0.41178271 101 125 0 2.000000
-0.05648487 0.02261508 0.41452011 173 212 27 2.000000
-0.05283986 0.01924319 0.40930089 199 233 50 2.000000
-0.06067725 0.02711201 0.41281897 128 163 54 2.000000
-0.05645039 0.02072351 0.41218781 235 241 79 2.000000
-0.06197243 0.02570586 0.41435751 108 147 28 2.000000
-0.05259693 0.02421622 0.41276962 84 109 36 2.000000
-0.05397742 0.02735901 0.41192797 93 125 39 2.000000
-0.06097732 0.02642852 0.41353795 116 149 46 2.000000
-0.05526361 0.02999079 0.40576750 69 86 14 2.000000
-0.05459353 0.02742109 0.40751237 76 101 11 2.000000
-0.05776876 0.02922023 0.40789032 76 97 13 2.000000
-0.06278157 0.02605538 0.41339132 115 140 1 2.000000
-0.05532412 0.02456429 0.41303703 80 108 33 2.000000
-0.06124260 0.02676134 0.41143349 107 131 0 2.000000
-0.05556280 0.02411207 0.41395953 77 109 29 2.000000
-0.05374297 0.02684957 0.40769258 78 106 0 2.000000
-0.05057857 0.02925789 0.41127712 80 111 39 2.000000
-0.05548369 0.02876076 0.40685934 68 82 12 2.000000
-0.05121157 0.02356523 0.41371709 92 120 20 2.000000
-0.05420641 0.03300176 0.41167918 86 118 50 2.000000
-0.05781259 0.02460427 0.41351733 89 120 31 2.000000
-0.05500783 0.02033735 0.41097945 219 243 64 2.000000
-0.05398635 0.02449138 0.41250286 79 107 38 2.000000
-0.06021264 0.01801649 0.41149664 180 204 0 2.000000
-0.05338160 0.02639803 0.40776071 85 103 3 2.000000
-0.05853026 0.02925473 0.41092786 117 152 50 2.000000
-0.06181036 0.02029342 0.41490105 167 188 0 2.000000
-0.05148506 0.02619154 0.40764397 71 100 1 2.000000
-0.05287170 0.02554831 0.41137546 83 114 38 2.000000
-0.06103583 0.02326128 0.41406903 131 152 5 2.000000
-0.05849503 0.01577125 0.40913653 134 156 1 2.000000
-0.06109001 0.02749481 0.41106775 95 119 3 2.000000
-0.05686173 0.02985839 0.41176870 97 130 40 2.000000
-0.05134832 0.02858302 0.41121045 84 111 42 2.000000
-0.05648306 0.03154090 0.40596679 56 80 9 2.000000
-0.05782524 0.02799129 0.40879646 73 93 7 2.000000
-0.05917692 0.02722036 0.41221252 119 159 52 2.000000
-0.05865644 0.01591467 0.41030231 154 182 20 2.000000
-0.06400390 0.03060328 0.41215318 108 136 4 2.000000
-0.05636226 0.03032516 0.40625069 69 88 12 2.000000
-0.05960827 0.02092893 0.41539842 208 240 30 2.000000
-0.05551498 0.02854086 0.40708616 66 84 6 2.000000
-0.06085091 0.01892002 0.41374847 213 240 1 2.000000
-0.05454835 0.02461114 0.40975320 128 116 12 2.000000
-0.05430890 0.02657142 0.40815276 79 105 2 2.000000
-0.05962763 0.02116245 0.41551360 209 240 31 2.000000
-0.06143373 0.02922711 0.41176659 149 178 86 2.000000
-0.05270951 0.02345516 0.41377696 95 123 27 2.000000
-0.06241284 0.03147297 0.41098380 93 117 11 2.000000
-0.05925050 0.02622007 0.41081387 102 131 0 2.000000
-0.05790652 0.02221490 0.41500300 190 224 4 2.000000
-0.05891013 0.02512782 0.41331798 101 137 42 2.000000
-0.05674373 0.02770970 0.41194150 100 132 37 2.000000
-0.06162210 0.02836319 0.41243675 149 183 80 2.000000
-0.05367457 0.02751370 0.40704477 78 106 1 2.000000
-0.06041123 0.02801099 0.41057500 96 117 2 2.000000
-0.05193060 0.03178710 0.41157255 88 124 51 2.000000
-0.05574023 0.02948734 0.41206181 105 133 51 2.000000
-0.05079314 0.02458281 0.41218385 78 109 39 2.000000
-0.05141848 0.02694346 0.41079974 91 119 44 2.000000
-0.05740570 0.02910855 0.40772927 80 97 10 2.000000
-0.05841734 0.03297926 0.41262990 103 135 46 2.000000
-0.05981300 0.02137136 0.41220760 161 183 3 2.000000
-0.05798679 0.02841558 0.41118947 117 151 44 2.000000
-0.05318843 0.02777733 0.40648195 80 104 1 2.000000
-0.05597761 0.02803470 0.40774509 72 95 7 2.000000
-0.05733109 0.03315637 0.41245708 91 126 41 2.000000
-0.06002542 0.02223446 0.41696459 159 183 25 2.000000
-0.05944622 0.02341436 0.41609439 140 164 27 2.000000
-0.05610326 0.02140192 0.41264004 236 243 78 2.000000
-0.05942440 0.01844710 0.41304299 220 246 55 2.000000
-0.05156346 0.02237745 0.41224316 200 224 55 2.000000
-0.05631708 0.03167760 0.40573850 62 77 9 2.000000
-0.05795992 0.02845241 0.40858659 70 94 11 2.000000
-0.06119120 0.02841965 0.41217217 145 183 76 2.000000
-0.05542219 0.01971703 0.41058642 220 243 62 2.000000
-0.06140868 0.02510091 0.41496509 108 138 18 2.000000
-0.06322472 0.03112912 0.41145721 99 122 8 2.000000
-0.06082044 0.02433575 0.41305336 120 141 1 2.000000
-0.06025107 0.02615777 0.41146567 108 131 0 2.000000
-0.05616904 0.02276292 0.41436356 157 186 29 2.000000
-0.05825157 0.02657205 0.41218063 106 141 39 2.000000
-0.05909201 0.02867248 0.41131929 135 170 69 2.000000
-0.05062522 0.03090571 0.41142765 100 130 51 2.000000
-0.05621188 0.03003370 0.40635651 72 89 16 2.000000
-0.06050279 0.02762392 0.41088143 101 119 2 2.000000
-0.05712719 0.03343703 0.41230214 91 121 46 2.000000
-0.05841797 0.01606803 0.40901765 128 151 1 2.000000
-0.05847390 0.02023307 0.41351768 217 242 54 2.000000
-0.05795811 0.02082901 0.40998158 142 167 2 2.000000
-0.05974397 0.02057445 0.41207066 142 171 2 2.000000
-0.05704309 0.02188170 0.41377699 220 240 49 2.000000
-0.06229739 0.02847805 0.41146371 100 124 1 2.000000
-0.06062672 0.03174937 0.40927589 75 93 9 2.000000
-0.05951279 0.02188972 0.41627863 205 234 7 2.000000
-0.05857182 0.01947676 0.41274154 224 244 64 2.000000
-0.05641980 0.03359568 0.41203681 84 117 44 2.000000
-0.05518889 0.02837069 0.40709010 66 86 7 2.000000
-0.05587216 0.01964937 0.41075432 219 242 71 2.000000
-0.06065409 0.03136529 0.40947938 79 97 9 2.000000
-0.05770759 0.02137567 0.41394934 218 241 44 2.000000
-0.05187182 0.02012075 0.40999383 175 212 66 2.000000
-0.06113727 0.02512868 0.41279307 110 131 0 2.000000
-0.05939253 0.02355812 0.41165712 138 159 3 2.000000
-0.05371932 0.02398674 0.41353223 78 109 25 2.000000
-0.06106925 0.03073562 0.41165221 139 165 89 2.000000
-0.05241922 0.02710455 0.40704814 85 107 1 2.000000
-0.05496743 0.02343473 0.41421792 107 131 17 2.000000
-0.05596784 0.02085152 0.41214159 235 243 78 2.000000
-0.05142907 0.02600508 0.40779671 68 92 1 2.000000
-0.05537698 0.03361663 0.41168025 84 116 48 2.000000
-0.05799569 0.02581637 0.41055110 93 115 2 2.000000
-0.05961655 0.01651011 0.41069180 139 171 0 2.000000
-0.06044902 0.02718137 0.41261843 132 160 62 2.000000
-0.06167981 0.03192167 0.41008428 69 102 5 2.000000
-0.05665635 0.02815003 0.40798941 69 90 4 2.000000
-0.05698626 0.02479198 0.41288668 83 115 35 2.000000
-0.05095619 0.03108905 0.41155982 90 131 48 2.000000
-0.05942188 0.02990509 0.40882781 80 103 6 2.000000
-0.05599771 0.02899383 0.40702686 69 84 16 2.000000
-0.05452802 0.02354680 0.41413799 98 126 23 2.000000
-0.06164606 0.03123100 0.41013539 79 102 8 2.000000
-0.06302715 0.02991792 0.41168633 96 123 5 2.000000
-0.05257398 0.02863763 0.40554219 72 98 1 2.000000
-0.05936032 0.02049313 0.41481900 210 241 37 2.000000
-0.05596578 0.02309670 0.41443303 144 161 37 2.000000
-0.05413452 0.02192313 0.41237551 221 243 60 2.000000
-0.05535929 0.02256933 0.41376451 204 222 27 2.000000
-0.05209281 0.03224559 0.41138247 91 124 53 2.000000
-0.05527338 0.02716904 0.41218036 98 129 42 2.000000
-0.05925403 0.01681886 0.40984619 137 164 0 2.000000
-0.05242193 0.02267942 0.41315874 143 155 43 2.000000
-0.05077787 0.02747270 0.41042754 94 123 42 2.000000
-0.06204726 0.02505688 0.41476306 116 155 29 2.000000
-0.06055363 0.02573718 0.41377130 113 143 36 2.000000
-0.05649400 0.02230069 0.40932098 136 156 3 2.000000
-0.05476056 0.02440361 0.41304591 81 108 37 2.000000
-0.05665778 0.02507721 0.41036704 83 108 0 2.000000
-0.05578285 0.03052566 0.40575492 67 84 14 2.000000
-0.05684454 0.02721703 0.40865958 89 111 2 2.000000
-0.05391175 0.02413888 0.41315055 78 108 32 2.000000
-0.06111125 0.03102081 0.40975684 79 102 12 2.000000
-0.05057422 0.02496997 0.41115269 82 111 44 2.000000
-0.04976600 0.02467804 0.41179278 78 107 46 2.000000
-0.06079868 0.01823737 0.41306627 211 228 1 2.000000
-0.05900665 0.02018373 0.41424257 214 243 50 2.000000
-0.05326020 0.02531875 0.41150647 82 112 36 2.000000
-0.06149635 0.02811612 0.41247004 147 181 79 2.000000
-0.06092242 0.02619665 0.41180941 111 135 2 2.000000
-0.05945384 0.02311217 0.41175264 138 159 2 2.000000
-0.06218098 0.02567463 0.41307226 106 132 1 2.000000
-0.05527269 0.02914282 0.41205126 106 132 51 2.000000
-0.05640037 0.03226821 0.40590444 60 75 18 2.000000
-0.05051972 0.02271176 0.41261816 101 123 35 2.000000
-0.05442532 0.02522977 0.40976560 71 95 2 2.000000
-0.05383946 0.02433285 0.41273078 77 109 29 2.000000
-0.06175558 0.02509242 0.41499987 107 143 25 2.000000
-0.06073594 0.01769076 0.41259870 186 215 1 2.000000
-0.05714262 0.03188307 0.40667680 65 80 14 2.000000
-0.05002386 0.02454893 0.41226873 76 108 39 2.000000
-0.06059229 0.01786111 0.41337717 233 245 3 2.000000
-0.05542694 0.02993661 0.41201273 104 132 51 2.000000
-0.05874140 0.01599416 0.41058445 163 194 22 2.000000
-0.05721397 0.01813081 0.41035530 204 239 54 2.000000
-0.05942769 0.02944593 0.41108489 127 167 68 2.000000
-0.05672926 0.02167987 0.41335970 227 241 61 2.000000
-0.05957031 0.02867768 0.41150391 137 171 70 2.000000
-0.06028105 0.02416178 0.41544217 101 131 30 2.000000
-0.05240139 0.03247813 0.41140831 91 121 57 2.000000
-0.06103358 0.02420279 0.41578320 115 148 22 2.000000
-0.05157583 0.02351670 0.41368425 90 118 22 2.000000
-0.05784440 0.01743502 0.41053042 215 243 76 2.000000
-0.05250105 0.02790477 0.40613168 82 106 0 2.000000
-0.06035172 0.02822590 0.41030011 97 118 5 2.000000
-0.06022100 0.02616736 0.41327062 116 148 42 2.000000
-0.06082621 0.02547479 0.41246751 107 130 0 2.000000
-0.06037876 0.02159183 0.41301659 156 179 5 2.000000
-0.05698072 0.02632194 0.40955237 91 119 1 2.000000
-0.05431744 0.01772861 0.40852088 184 219 53 2.000000
-0.05282082 0.02054396 0.41065839 190 226 60 2.000000
-0.06108550 0.02650429 0.41157183 112 138 2 2.000000
-0.05678229 0.02743317 0.40844029 82 108 2 2.000000
-0.05889187 0.02057198 0.41445470 212 242 44 2.000000
-0.06018645 0.01889228 0.41219264 189 214 0 2.000000
-0.05290254 0.02835261 0.41165674 88 122 42 2.000000
-0.06323587 0.02888435 0.41221568 109 134 10 2.000000
-0.06163313 0.02527895 0.41476202 110 142 20 2.000000
-0.05655243 0.02444230 0.41347575 80 110 33 2.000000
-0.05788968 0.02234194 0.41015473 133 162 9 2.000000
-0.05776576 0.01838834 0.40867326 125 141 0 2.000000
-0.05489418 0.02928501 0.41196984 101 128 50 2.000000
-0.05206219 0.02150144 0.41135097 189 223 62 2.000000
-0.05235846 0.02056299 0.41043976 182 216 62 2.000000
-0.05158106 0.03163848 0.41152370 87 127 46 2.000000
-0.05709970 0.02668845 0.40917096 93 118 1 2.000000
-0.05288900 0.03178679 0.41188800 93 126 43 2.000000
-0.05446838 0.02421581 0.41326475 79 109 30 2.000000
-0.05244060 0.02359894 0.41363916 88 123 28 2.000000
-0.06069261 0.02469876 0.41499296 108 134 43 2.000000
-0.06255807 0.02701173 0.41231844 106 125 1 2.000000
-0.05408482 0.02404928 0.41346303 75 110 27 2.000000
-0.06178918 0.02747191 0.41321990 129 167 56 2.000000
-0.05393660 0.03311713 0.41150415 85 118 51 2.000000
-0.05762263 0.02154176 0.40987137 143 163 0 2.000000
-0.05995198 0.02004533 0.41499999 209 243 32 2.000000
-0.05578732 0.03099356 0.41207621 96 128 40 2.000000
-0.05984128 0.01876190 0.41380864 218 245 28 2.000000
-0.05752779 0.02310739 0.41543394 140 167 18 2.000000
-0.06164911 0.02253289 0.41730681 119 130 11 2.000000
-0.05062589 0.02675169 0.40693802 70 94 0 2.000000
-0.05584007 0.02841531 0.41217226 94 130 48 2.000000
-0.05324359 0.03143110 0.41199732 100 130 42 2.000000
-0.06149690 0.02555328 0.41449112 106 141 28 2.000000
-0.06007652 0.02065356 0.41557285 207 241 21 2.000000
-0.06044079 0.01977666 0.41325173 189 219 1 2.000000
-0.06160734 0.02638395 0.41203204 116 138 3 2.000000
-0.05216636 0.02186751 0.41174003 198 232 59 2.000000
-0.05875019 0.02568680 0.41104203 95 117 0 2.000000
-0.05088223 0.02653696 0.40715942 67 94 0 2.000000
-0.05575001 0.03303983 0.41219226 87 117 42 2.000000
-0.05933517 0.02898877 0.40906933 95 118 2 2.000000
-0.05201378 0.02351587 0.41363078 95 123 18 2.000000
-0.06089002 0.02041723 0.41614714 201 232 6 2.000000
-0.06249398 0.02612212 0.41412172 128 164 19 2.000000
-0.05866953 0.01738660 0.41123948 224 243 83 2.000000
-0.05860350 0.03125893 0.40804887 67 86 15 2.000000
-0.06291095 0.03154455 0.41257784 98 136 32 2.000000
-0.05812173 0.02050829 0.41337353 220 241 56 2.000000
-0.05022268 0.02519201 0.41074452 82 110 46 2.000000
-0.06108510 0.02276047 0.41728869 119 147 25 2.000000
-0.06003831 0.01721501 0.41270977 230 244 24 2.000000
-0.06219898 0.02229722 0.41621706 202 222 11 2.000000
-0.05756844 0.02764063 0.40885243 73 98 5 2.000000
-0.05579866 0.02827001 0.40751210 73 88 13 2.000000
-0.05540439 0.01796292 0.40691534 135 154 0 2.000000
-0.05776611 0.02626092 0.41217181 101 136 38 2.000000
-0.05950640 0.01690429 0.41016179 136 166 0 2.000000
-0.05116612 0.02563227 0.41065410 89 116 50 2.000000
-0.05833752 0.03195760 0.41225025 105 124 49 2.000000
-0.06356294 0.03119439 0.41165680 105 132 10 2.000000
-0.05969845 0.02797515 0.41164291 138 174 67 2.000000
-0.05767285 0.02395208 0.41470423 85 119 32 2.000000
-0.05825851 0.02000246 0.41286802 224 243 66 2.000000
-0.06135142 0.02367538 0.41623256 150 179 11 2.000000
-0.04905689 0.02825654 0.41063538 71 102 27 2.000000
-0.05993311 0.02441765 0.41486850 98 129 33 2.000000
-0.06380610 0.03023588 0.41214740 102 133 7 2.000000
-0.05394801 0.02869320 0.41205212 89 120 49 2.000000
-0.05233066 0.02319795 0.41366285 95 126 14 2.000000
-0.05547190 0.02276484 0.41402575 184 203 43 2.000000
-0.06154187 0.02990525 0.41189837 144 173 85 2.000000
-0.05829893 0.02633672 0.41030401 102 123 1 2.000000
-0.05794817 0.02551758 0.41079751 85 116 1 2.000000
-0.04947928 0.02462746 0.41200173 84 106 47 2.000000
-0.05561974 0.02713964 0.40818065 82 105 2 2.000000
-0.05671439 0.02938453 0.40708521 72 90 9 2.000000
-0.05565219 0.02889993 0.40694520 70 82 11 2.000000
-0.06199089 0.02785583 0.41304040 136 172 56 2.000000
-0.05572356 0.02902256 0.41211551 100 134 44 2.000000
-0.04931456 0.02436939 0.41262043 78 107 45 2.000000
-0.06142778 0.02514280 0.41298395 109 132 1 2.000000
-0.06152118 0.03083080 0.41011700 85 105 6 2.000000
-0.05178369 0.02746459 0.40647066 75 103 2 2.000000
-0.05934722 0.02666497 0.41046828 111 130 1 2.000000
-0.05509150 0.02911173 0.40632293 64 81 15 2.000000
-0.05388218 0.02767607 0.41194782 92 125 41 2.000000
-0.05647726 0.01809833 0.40987825 192 229 62 2.000000
-0.06115955 0.02065936 0.41658181 192 225 7 2.000000
-0.05536119 0.02798637 0.40748191 69 94 6 2.000000
-0.05837916 0.01769242 0.41109127 228 245 81 2.000000
-0.05568294 0.03126796 0.40540045 58 81 15 2.000000
-0.05794740 0.02888323 0.40831903 78 99 14 2.000000
-0.05801729 0.01973537 0.41221052 227 243 70 2.000000
-0.06048977 0.01816840 0.41359109 230 244 4 2.000000
-0.06299879 0.02770500 0.41224077 105 127 6 2.000000
-0.06016161 0.02937952 0.40952703 93 117 3 2.000000
-0.06099208 0.02307223 0.41420364 129 151 3 2.000000
-0.05208091 0.02562703 0.41112870 85 115 39 2.000000
-0.06102850 0.02483045 0.41507018 107 138 28 2.000000
-0.05234172 0.02016343 0.41018030 180 219 61 2.000000
-0.06003859 0.01997268 0.41252506 167 195 0 2.000000
-0.06322329 0.02926791 0.41207185 107 129 9 2.000000
-0.05863888 0.02218875 0.41582510 192 223 4 2.000000
-0.05597663 0.02497585 0.41257858 83 114 37 2.000000
-0.05051859 0.02718592 0.40642706 68 92 0 2.000000
-0.06301326 0.02945444 0.41180271 95 126 6 2.000000
-0.04905964 0.02793529 0.41042948 77 102 29 2.000000
-0.05126889 0.02535241 0.41087186 81 116 47 2.000000
-0.05901282 0.02412186 0.41479436 98 131 34 2.000000
-0.05634275 0.02874388 0.41209531 99 130 44 2.000000
-0.06006103 0.03195018 0.40889096 73 90 9 2.000000
-0.06340810 0.03171792 0.41144383 105 139 12 2.000000
-0.05841528 0.02046319 0.41030353 145 175 0 2.000000
-0.05035718 0.02486715 0.41140464 79 108 47 2.000000
-0.05878986 0.02594337 0.41086340 94 122 0 2.000000
-0.05555775 0.01891909 0.40986329 202 237 51 2.000000
-0.05363558 0.01840206 0.40868208 194 227 52 2.000000
-0.05046479 0.02255682 0.41222706 142 170 67 2.000000
-0.06343595 0.02994220 0.41246036 117 143 9 2.000000
-0.06337234 0.03012747 0.41188046 100 125 9 2.000000
-0.05737481 0.01775164 0.41012257 202 240 65 2.000000
-0.05859088 0.02895560 0.41099375 123 160 61 2.000000
-0.05703677 0.02412298 0.41031048 135 153 9 2.000000
-0.05536338 0.02816383 0.40734738 73 91 2 2.000000
-0.05677438 0.02263750 0.41477796 177 199 26 2.000000
-0.05085219 0.02265485 0.41272354 108 128 40 2.000000
-0.05310664 0.02737148 0.40673921 79 104 2 2.000000
-0.05795728 0.03081967 0.40726769 71 85 13 2.000000
-0.06092330 0.03128887 0.41181847 126 154 82 2.000000
-0.06127167 0.02596444 0.41238409 112 132 2 2.000000
-0.05555973 0.01988640 0.41083020 224 243 69 2.000000
-0.05288613 0.03258786 0.41154179 92 120 57 2.000000
-0.05492894 0.02693944 0.40807089 72 99 1 2.000000
-0.05405168 0.02482149 0.41203356 80 110 39 2.000000
-0.05149066 0.02673740 0.40702808 77 100 2 2.000000
-0.05704906 0.03012614 0.40682462 71 91 9 2.000000
-0.06015980 0.01938784 0.41265547 185 214 0 2.000000
-0.05340626 0.02503514 0.40893754 74 96 6 2.000000
-0.06086433 0.02665131 0.41134289 110 137 1 2.000000
-0.05977469 0.02904510 0.41142964 135 171 73 2.000000
-0.04981059 0.02572001 0.40996754 79 111 42 2.000000
-0.06062552 0.02127333 0.41659641 208 238 17 2.000000
-0.05765809 0.02674031 0.41190371 105 139 41 2.000000
-0.06281068 0.02825747 0.41306189 131 164 40 2.000000
-0.06336802 0.02722140 0.41324154 125 149 1 2.000000
-0.05637606 0.02532353 0.41012076 81 103 0 2.000000
-0.05990674 0.02779488 0.41039065 91 114 1 2.000000
-0.06029724 0.01874100 0.41243479 193 225 0 2.000000
-0.05980603 0.01683097 0.41156760 172 201 5 2.000000
-0.06354802 0.02988635 0.41221628 101 130 13 2.000000
-0.05508175 0.02280692 0.41385940 190 200 25 2.000000
-0.05087861 0.02550830 0.41060978 85 116 47 2.000000
-0.05988300 0.02819091 0.41003683 85 115 1 2.000000
-0.05447928 0.03371567 0.41131836 86 118 51 2.000000
-0.05877797 0.01933892 0.41001698 131 153 1 2.000000
-0.05482192 0.02989211 0.40559641 71 87 11 2.000000
-0.05803271 0.02155094 0.41457760 206 236 22 2.000000
-0.06076896 0.02018969 0.41579524 202 236 4 2.000000
-0.05774330 0.02631996 0.40996584 91 118 6 2.000000
-0.05395926 0.02756047 0.40721700 79 105 3 2.000000
-0.05874732 0.01694038 0.41114935 217 241 75 2.000000
-0.06095279 0.02854458 0.41197461 143 180 78 2.000000
-0.05489366 0.02707903 0.41207090 98 130 47 2.000000
-0.05377163 0.03212805 0.41208887 90 125 37 2.000000
-0.05816472 0.01583105 0.40970743 142 175 17 2.000000
-0.05868478 0.02911958 0.40859067 83 107 4 2.000000
-0.06273010 0.02772444 0.41201520 108 125 1 2.000000
-0.06045957 0.02303929 0.41354620 147 170 3 2.000000
-0.06110427 0.02540866 0.41442344 109 142 40 2.000000
-0.05449944 0.02837918 0.40672415 67 87 4 2.000000
-0.05140692 0.02417933 0.41310379 79 112 32 2.000000
-0.05628005 0.02327221 0.41482076 113 144 16 2.000000
-0.05957883 0.02441630 0.41451505 97 130 35 2.000000
-0.05807943 0.01680063 0.41042736 217 242 84 2.000000
-0.06055023 0.02137898 0.41332722 146 177 2 2.000000
-0.05907559 0.01866828 0.41268155 224 245 66 2.000000
-0.06185384 0.02834898 0.41120362 103 123 1 2.000000
-0.06148369 0.02019859 0.41452608 187 205 1 2.000000
-0.05501423 0.02616006 0.40882894 78 98 0 2.000000
-0.05923578 0.01895339 0.41335422 219 246 56 2.000000
-0.05584848 0.03204395 0.41234174 93 128 38 2.000000
-0.05647374 0.02953415 0.40687531 73 91 13 2.000000
-0.05303812 0.03023377 0.41193840 90 123 42 2.000000
-0.06008223 0.02544996 0.41374904 109 143 31 2.000000
-0.05514309 0.02809247 0.40726271 67 88 9 2.000000
-0.05224409 0.01933242 0.40920946 188 225 57 2.000000
-0.05250275 0.02533025 0.40860149 63 91 3 2.000000
-0.06014755 0.01863015 0.41384158 215 245 17 2.000000
-0.05252533 0.02947848 0.41183886 90 118 44 2.000000
-0.05603650 0.02918278 0.40684074 68 84 15 2.000000
-0.05879426 0.02713056 0.41209918 120 156 54 2.000000
-0.05787398 0.02234768 0.41524020 190 221 8 2.000000
-0.04979633 0.02301842 0.41361105 93 117 14 2.000000
-0.05698042 0.02216517 0.41423693 206 235 21 2.000000
-0.05782037 0.02491585 0.41100401 119 129 0 2.000000
-0.06040872 0.02653212 0.41312623 116 152 45 2.000000
-0.05177695 0.03077025 0.41196355 99 134 51 2.000000
-0.05568496 0.03080121 0.40547788 71 82 13 2.000000
-0.05994025 0.01930637 0.41160911 164 189 0 2.000000
-0.05859995 0.02817313 0.40915936 80 103 4 2.000000
-0.06171532 0.02476604 0.41543135 121 152 17 2.000000
-0.06216498 0.02914940 0.41120580 98 122 2 2.000000
-0.05128212 0.02765149 0.40602750 75 100 0 2.000000
-0.06037503 0.02917081 0.40975252 93 121 5 2.000000
-0.05283488 0.02706648 0.41146722 87 122 37 2.000000
-0.06048133 0.02900143 0.40990612 97 122 6 2.000000
-0.05650639 0.02121090 0.41280296 236 242 76 2.000000
-0.05932906 0.02670214 0.41251153 113 151 46 2.000000
-0.05205311 0.03159418 0.41181302 93 127 43 2.000000
-0.05458703 0.01794978 0.40868440 186 223 56 2.000000
-0.05854331 0.02741249 0.40975222 91 116 1 2.000000
-0.05873672 0.02416819 0.41457587 97 129 40 2.000000
-0.05927448 0.03043968 0.40858924 71 93 6 2.000000
-0.06146475 0.02410972 0.41377932 130 150 2 2.000000
-0.06094026 0.02697926 0.41311473 123 159 53 2.000000
-0.06022521 0.02156036 0.41645920 212 240 23 2.000000
-0.05570621 0.02801886 0.40759313 76 96 3 2.000000
-0.05036637 0.02887541 0.41107646 79 105 35 2.000000
-0.05864801 0.01590977 0.40971813 134 167 7 2.000000
-0.05861451 0.02203053 0.41088784 135 160 1 2.000000
-0.05769868 0.01883085 0.41120762 223 244 73 2.000000
-0.06051580 0.01701001 0.41221017 182 218 0 2.000000
-0.05160777 0.02775118 0.40612388 76 102 0 2.000000
-0.06121406 0.02142851 0.41699535 153 174 9 2.000000
-0.05696907 0.03188233 0.41227543 99 128 44 2.000000
-0.05630906 0.02450056 0.41021636 120 137 14 2.000000
-0.06094453 0.01981503 0.41557035 201 236 3 2.000000
-0.06002351 0.02569287 0.41351897 111 143 38 2.000000
-0.06189414 0.02014017 0.41521466 146 169 1 2.000000
-0.05602894 0.03064052 0.40581119 67 84 10 2.000000
-0.06066725 0.02762229 0.41226810 139 173 73 2.000000
-0.06095738 0.02921670 0.41160035 146 176 82 2.000000
-0.05548668 0.02598618 0.40915230 78 98 4 2.000000
-0.05987426 0.02158461 0.41621640 206 237 13 2.000000
-0.05413065 0.02594829 0.40879601 69 101 1 2.000000
-0.05853166 0.02949874 0.40839374 81 100 6 2.000000
-0.05958349 0.02323474 0.41626447 154 176 56 2.000000
-0.05853133 0.01642918 0.40919423 130 152 0 2.000000
-0.05399704 0.01912509 0.40960336 203 237 45 2.000000
-0.06145483 0.02781345 0.41278917 139 174 68 2.000000
-0.05242274 0.02673667 0.40723953 76 107 2 2.000000
-0.05847476 0.02503902 0.41125780 97 116 3 2.000000
-0.05489941 0.02476033 0.41256687 82 108 37 2.000000
-0.05629281 0.02985806 0.40653118 70 91 12 2.000000
-0.05459694 0.01935041 0.41002354 205 240 52 2.000000
-0.06107685 0.02347251 0.41640717 160 184 30 2.000000
-0.05661285 0.02976432 0.40689066 73 90 15 2.000000
-0.06111889 0.02323779 0.41417852 118 139 1 2.000000
-0.06121789 0.02808076 0.41090006 100 122 4 2.000000
-0.05830029 0.02894280 0.40847617 76 104 11 2.000000
-0.05820832 0.02612803 0.41050443 96 118 0 2.000000
-0.05089093 0.03065220 0.41161138 96 135 47 2.000000
-0.06209687 0.02599429 0.41273516 109 136 2 2.000000
-0.05483902 0.02207410 0.41291225 220 241 56 2.000000
-0.05162749 0.02548571 0.41094658 87 116 41 2.000000
-0.06151149 0.03060309 0.41201040 139 165 78 2.000000
-0.05241263 0.02592776 0.40822437 78 98 1 2.000000
-0.05979177 0.02015865 0.41195506 147 170 2 2.000000
-0.05291983 0.01868874 0.40883425 192 227 47 2.000000
-0.05517932 0.02567308 0.41207412 87 119 38 2.000000
-0.06048198 0.01894739 0.41429344 213 242 14 2.000000
-0.05952385 0.01985884 0.41451511 214 243 47 2.000000
-0.05856443 0.01583554 0.40940335 134 159 1 2.000000
-0.05746712 0.02436016 0.41379738 86 120 39 2.000000
-0.05595246 0.02173263 0.41307482 230 243 63 2.000000
-0.06043735 0.02536520 0.41230172 103 126 2 2.000000
-0.06237723 0.03108320 0.41101065 91 116 11 2.000000
-0.06006075 0.02776719 0.41210267 143 169 63 2.000000
-0.05742919 0.02787111 0.40862331 69 93 6 2.000000
-0.05168950 0.02256159 0.41264024 161 177 48 2.000000
-0.05731550 0.03135403 0.40678555 56 81 16 2.000000
-0.05648179 0.01897316 0.41059563 212 240 61 2.000000
-0.05769514 0.03161370 0.40701279 60 79 16 2.000000
-0.06026351 0.02291064 0.41675338 172 186 60 2.000000
-0.05083216 0.02272640 0.41313061 99 117 31 2.000000
-0.06186112 0.02288592 0.41640168 191 211 22 2.000000
-0.05705898 0.02150024 0.41348231 223 241 57 2.000000
-0.05522338 0.02876268 0.41211411 101 129 51 2.000000
-0.05157866 0.02555859 0.40791091 67 87 3 2.000000
-0.05256210 0.02841666 0.40570790 80 102 1 2.000000
-0.05948321 0.02222690 0.41662085 186 222 17 2.000000
-0.06229790 0.02646847 0.41242862 111 136 1 2.000000
-0.05300197 0.02372973 0.41369233 92 121 31 2.000000
-0.06310962 0.03032201 0.41257149 118 141 13 2.000000
-0.05527980 0.01779917 0.40888625 181 222 47 2.000000
-0.05659111 0.03151661 0.40626198 59 79 8 2.000000
-0.05547356 0.02394277 0.41418618 89 118 26 2.000000
-0.05860341 0.02666385 0.41009337 105 127 2 2.000000
-0.05531751 0.03078606 0.40526009 67 81 13 2.000000
-0.05320886 0.02711684 0.40723029 86 109 0 2.000000
-0.05882835 0.02229562 0.41130292 140 164 3 2.000000
-0.05694045 0.02401167 0.41448829 86 118 37 2.000000
-0.06031963 0.03024042 0.40938452 85 108 4 2.000000
-0.05753012 0.02663226 0.40959877 94 118 0 2.000000
-0.06176597 0.03095588 0.41035685 80 107 5 2.000000
-0.06177695 0.03116433 0.41230956 124 153 64 2.000000
-0.05900899 0.02720641 0.41004655 97 120 3 2.000000
-0.05721575 0.02208051 0.41433838 204 235 22 2.000000
-0.05670259 0.02595765 0.41219607 95 124 36 2.000000
-0.05710458 0.02729582 0.40882537 83 110 2 2.000000
-0.05663051 0.02625624 0.40949365 93 116 1 2.000000
-0.05688778 0.01669681 0.40936762 201 239 72 2.000000
-0.06171650 0.02703953 0.41165739 102 126 0 2.000000
-0.05125584 0.02179253 0.41141781 213 239 57 2.000000
-0.05483766 0.02270283 0.41362968 192 215 28 2.000000
-0.06034241 0.03159999 0.40913534 68 94 9 2.000000
-0.06076875 0.02654563 0.41333356 119 152 47 2.000000
-0.05946441 0.02734936 0.41022334 90 117 2 2.000000
-0.06017788 0.02321702 0.41243565 140 160 23 2.000000
-0.06124648 0.02606032 0.41394532 106 144 25 2.000000
-0.05625582 0.02372955 0.41468367 86 121 24 2.000000
-0.05708766 0.01845201 0.41045052 203 236 53 2.000000
-0.06159530 0.02471893 0.41348186 117 143 1 2.000000
-0.05782516 0.03174889 0.41217276 101 124 44 2.000000
-0.05657654 0.02711287 0.40862295 90 115 3 2.000000
-0.04967433 0.02275795 0.41348097 90 113 19 2.000000
-0.05771678 0.03061109 0.40709224 69 86 14 2.000000
-0.05236153 0.02488611 0.41158876 75 106 36 2.000000
-0.05389182 0.02867201 0.40609014 61 87 2 2.000000
-0.05823831 0.01757274 0.40882254 117 140 2 2.000000
-0.05840850 0.02172305 0.41515052 203 235 20 2.000000
-0.06227955 0.02301078 0.41549933 191 216 16 2.000000
-0.04954002 0.02372833 0.41371498 81 114 21 2.000000
-0.05649539 0.02997552 0.40659332 70 90 14 2.000000
-0.06224087 0.02341160 0.41512111 188 213 21 2.000000
-0.05767859 0.02399044 0.41047636 137 161 1 2.000000
-0.05550485 0.02558073 0.41207564 89 118 41 2.000000
-0.05688156 0.01866600 0.41057983 204 238 56 2.000000
-0.05578004 0.03371156 0.41172028 87 116 50 2.000000
-0.05905635 0.01704311 0.41149870 218 239 77 2.000000
-0.05675344 0.02852658 0.40775681 69 87 10 2.000000
-0.05408478 0.02149877 0.41189563 226 243 66 2.000000
-0.05265162 0.02624416 0.40763366 84 105 0 2.000000
-0.05823117 0.03252830 0.41250709 104 134 53 2.000000
-0.06176495 0.01987906 0.41576394 178 207 1 2.000000
-0.06186439 0.02456342 0.41553470 132 168 12 2.000000
-0.05826509 0.02993949 0.40808710 72 94 8 2.000000
-0.05876702 0.02085135 0.41093966 156 179 1 2.000000
-0.05985915 0.03069567 0.40900162 72 96 9 2.000000
-0.05973573 0.02326341 0.41199476 143 164 6 2.000000
-0.05559472 0.02599731 0.41200650 91 122 38 2.000000
-0.06088596 0.01957899 0.41374114 201 225 0 2.000000
-0.05520303 0.02084433 0.41189775 226 243 76 2.000000
-0.05187167 0.02822531 0.41127244 86 116 41 2.000000
-0.06135859 0.02325227 0.41427225 126 149 3 2.000000
-0.05191514 0.02815192 0.40586168 77 104 1 2.000000
-0.05819690 0.01611297 0.41002911 181 210 49 2.000000
-0.05299603 0.02781337 0.41166961 93 122 40 2.000000
-0.05796382 0.02679790 0.40967554 94 121 1 2.000000
-0.05939418 0.02459689 0.41423094 97 131 36 2.000000
-0.06051984 0.03160418 0.41193831 116 142 57 2.000000
-0.05355875 0.02890409 0.41201434 94 122 46 2.000000
-0.06228901 0.02973141 0.41244066 137 167 63 2.000000
-0.05671976 0.02245190 0.41448399 200 226 14 2.000000
-0.05487446 0.02904752 0.40627214 60 80 17 2.000000
-0.05352907 0.02919990 0.40536788 59 79 6 2.000000
-0.06008477 0.02831779 0.40999758 95 118 3 2.000000
-0.05565646 0.02654947 0.40869650 80 109 3 2.000000
-0.05385071 0.02626625 0.40832934 76 101 5 2.000000
-0.06088703 0.02313226 0.41391397 139 161 6 2.000000
-0.05192551 0.02573349 0.40835932 66 90 0 2.000000
-0.05799718 0.03025083 0.40780875 70 92 10 2.000000
-0.05836713 0.03084518 0.40795553 71 88 12 2.000000
-0.05904052 0.01632883 0.40979964 136 155 2 2.000000
-0.05790699 0.02154749 0.41441327 206 237 29 2.000000
-0.05570740 0.02123453 0.41240120 233 243 76 2.000000
-0.06043814 0.02433851 0.41273519 118 141 4 2.000000
-0.05271580 0.02261285 0.41298777 160 181 67 2.000000
-0.05122833 0.02480826 0.41159239 79 109 43 2.000000
-0.05943724 0.02868432 0.40933594 99 121 3 2.000000
-0.05946383 0.02489785 0.41390836 102 137 30 2.000000
-0.06183637 0.02716176 0.41347513 119 157 47 2.000000
-0.05730618 0.02328662 0.41004562 135 151 7 2.000000
-0.05700855 0.01969602 0.41149792 226 243 70 2.000000
-0.06092077 0.02982462 0.40992743 94 115 6 2.000000
-0.05552993 0.02175025 0.41290730 228 244 65 2.000000
-0.05649846 0.02399981 0.41442204 83 115 35 2.000000
-0.05608345 0.02468787 0.41288197 80 110 38 2.000000
-0.05024195 0.02250911 0.41207540 158 186 76 2.000000
-0.05913729 0.01790489 0.40963322 142 165 1 2.000000
-0.06152951 0.02197039 0.41485950 158 182 2 2.000000
-0.06192341 0.02428629 0.41419491 157 176 8 2.000000
-0.05185529 0.03009313 0.41186145 94 122 41 2.000000
-0.05789810 0.02758756 0.40906408 77 100 3 2.000000
-0.05200698 0.02757416 0.40643811 80 102 0 2.000000
-0.05474697 0.02399781 0.41397306 82 113 26 2.000000
-0.05814512 0.02905036 0.41111535 119 150 46 2.000000
