0.13561419 0.00730656 0.16109797 124 121 100 0.000000
0.13594460 -0.00333319 0.16053587 76 76 57 0.000000
0.13680038 0.00162063 0.15378535 65 65 46 0.000000
0.13585813 0.00690612 0.15845624 56 56 40 0.000000
0.12814510 0.00436893 0.16125552 116 114 91 0.000000
0.13540433 0.00170333 0.15819035 59 56 37 0.000000
0.12998745 0.00127801 0.16126682 111 106 89 0.000000
0.13575451 0.00597661 0.15972348 59 56 40 0.000000
0.12950060 0.00344177 0.16111214 111 109 88 0.000000
0.13494796 -0.00027444 0.14715584 43 41 31 0.000000
0.13602456 0.00656846 0.16097300 101 96 76 0.000000
0.13648699 0.00852345 0.15629026 65 64 42 0.000000
0.13592397 -0.00357460 0.15639003 64 64 47 0.000000
0.13619283 -0.00473012 0.15466149 61 61 42 0.000000
0.13603441 0.00683276 0.15769145 59 62 38 0.000000
0.13651088 -0.00143059 0.15318519 53 53 33 0.000000
0.13643515 -0.00350377 0.15334404 58 59 36 0.000000
0.13507254 0.00535829 0.16135417 118 113 94 0.000000
0.13322964 0.00478743 0.16119219 110 107 87 0.000000
0.13345419 0.00803195 0.16114427 105 104 84 0.000000
0.13357264 0.00083871 0.16140200 102 96 74 0.000000
0.12992816 0.00302361 0.16113925 112 110 89 0.000000
0.13654095 -0.00085864 0.15248100 53 53 36 0.000000
0.13542037 0.00351797 0.15928346 60 58 42 0.000000
0.13577330 0.00678989 0.15915506 58 57 39 0.000000
0.13535970 -0.00074827 0.14775217 41 42 27 0.000000
0.13716806 0.00566156 0.15172252 54 51 35 0.000000
0.13171661 -0.00132477 0.16115339 111 109 88 0.000000
0.12838341 0.00794963 0.16128625 112 106 88 0.000000
0.13593365 -0.00370524 0.16045702 74 72 57 0.000000
0.13550246 0.00055399 0.15921856 58 57 40 0.000000
0.12811850 -0.00154276 0.16136399 111 108 88 0.000000
0.13514219 0.00833006 0.16130242 120 115 92 0.000000
0.12827229 -0.00091429 0.16135228 111 108 86 0.000000
0.13532904 -0.00263750 0.15871036 56 56 36 0.000000
0.13651003 0.00564340 0.15534447 64 62 42 0.000000
0.13706818 0.00801929 0.15261875 62 61 41 0.000000
0.13658758 -0.00258172 0.15373205 65 64 42 0.000000
0.13672653 0.00399481 0.15313408 61 59 40 0.000000
0.13560037 0.00006974 0.15845536 57 55 37 0.000000
0.13245521 0.00788413 0.16111013 112 108 89 0.000000
0.13596700 0.00796667 0.16020040 70 67 51 0.000000
0.12538923 0.00388416 0.16139519 130 129 100 0.000000
0.13119458 0.00684379 0.16115102 110 107 86 0.000000
0.13694833 0.00318750 0.15163493 50 51 30 0.000000
0.13684982 0.00240282 0.15209682 53 55 33 0.000000
0.13565278 0.00544038 0.15948823 59 58 40 0.000000
0.13693114 0.00734314 0.15396012 70 71 47 0.000000
0.13699305 0.01000065 0.15238218 60 59 39 0.000000
0.13712536 0.01042348 0.15346719 67 65 42 0.000000
0.13429405 0.01069817 0.16126503 96 94 72 0.000000
0.13712059 0.00873342 0.15420277 77 74 53 0.000000
0.13337725 0.00131498 0.16139226 107 103 79 0.000000
0.13719480 0.00885605 0.15202717 55 55 33 0.000000
0.13661499 0.01037183 0.15644942 65 64 45 0.000000
0.13587828 0.00774780 0.16089249 102 100 79 0.000000
0.13326423 0.00258635 0.16126630 110 106 84 0.000000
0.13653305 0.00473534 0.15530293 62 63 41 0.000000
0.13594761 0.00076364 0.16035840 74 71 54 0.000000
0.12694371 0.00448188 0.16134998 117 113 89 0.000000
0.13649903 -0.00437382 0.15061465 47 49 25 0.000000
0.13443241 -0.00234823 0.14626504 40 43 29 0.000000
0.13705821 0.00239761 0.15113498 49 46 33 0.000000
0.12894481 -0.00370972 0.16133106 114 111 89 0.000000
0.13585651 0.00091956 0.16119641 123 120 93 0.000000
0.13714185 0.00832220 0.15244618 57 57 37 0.000000
0.13538311 -0.00379117 0.16109419 124 119 93 0.000000
0.13725796 0.00752473 0.15165900 52 54 32 0.000000
0.13648404 -0.00329824 0.15277638 52 53 33 0.000000
0.13705917 0.00902074 0.15330485 60 60 40 0.000000
0.13624866 -0.00278468 0.15433842 64 63 41 0.000000
0.13592707 0.00737744 0.15815136 59 59 38 0.000000
0.13395444 -0.00043406 0.16144514 98 93 74 0.000000
0.13693224 0.00105680 0.15073484 45 46 30 0.000000
0.13702904 0.00900374 0.15440294 75 75 55 0.000000
0.13682103 0.01067591 0.15613721 65 64 43 0.000000
0.13682231 -0.00128823 0.15228723 51 52 32 0.000000
0.13336471 0.01108764 0.16116603 115 115 90 0.000000
0.12955169 0.01006522 0.16119222 108 105 86 0.000000
0.13166584 0.00353581 0.16128132 112 109 87 0.000000
0.13548706 0.00077482 0.14797844 43 41 27 0.000000
0.13710138 0.01031413 0.15435174 71 70 51 0.000000
0.13708635 0.00496901 0.15219970 53 55 35 0.000000
0.13219653 -0.00057841 0.16123088 111 110 89 0.000000
0.13588598 0.01123591 0.15895304 60 59 42 0.000000
0.13740613 0.01135491 0.15166311 45 51 32 0.000000
0.13608342 0.00277703 0.15664402 63 65 43 0.000000
0.13676056 0.00863405 0.15513521 62 60 41 0.000000
0.13581887 0.01044489 0.15943149 58 53 41 0.000000
0.13608281 0.01009742 0.16012287 64 61 48 0.000000
0.13703728 0.00865405 0.15344059 63 62 42 0.000000
0.13115861 0.00578810 0.16123556 111 108 86 0.000000
0.13034621 -0.00223625 0.16129543 113 109 88 0.000000
0.13616869 0.00050533 0.15617821 66 64 44 0.000000
0.13710308 0.00996284 0.15410595 73 70 49 0.000000
0.13673052 0.00677789 0.15568413 63 62 43 0.000000
0.13330619 -0.00384286 0.16134839 102 97 77 0.000000
0.13659614 0.00333637 0.15407503 66 67 46 0.000000
0.13667405 0.00904222 0.15595686 62 63 44 0.000000
0.12868389 0.00150737 0.16124427 113 109 88 0.000000
0.13126230 0.00353136 0.16127719 112 109 89 0.000000
0.13598946 -0.00029999 0.16026545 64 67 51 0.000000
0.13637689 -0.00004299 0.15522011 61 60 40 0.000000
0.13640204 0.00839524 0.15706077 65 62 46 0.000000
0.12709881 -0.00048767 0.16133842 112 108 87 0.000000
0.13691434 0.00712841 0.15464322 63 60 40 0.000000
0.13731962 0.01131850 0.15298463 55 56 37 0.000000
0.13606900 0.01099379 0.16019875 66 68 54 0.000000
0.13628405 -0.00151340 0.15481009 63 61 44 0.000000
0.13428155 -0.00352317 0.16139920 106 102 79 0.000000
0.13615789 0.00552190 0.16063851 80 77 62 0.000000
0.13655995 0.00358964 0.14966725 39 44 27 0.000000
0.13720991 0.01120540 0.15383664 69 68 45 0.000000
0.12859863 0.00259215 0.16126283 112 108 87 0.000000
0.12927063 -0.00278766 0.16130298 113 111 90 0.000000
0.12740357 0.00396988 0.16133085 113 111 88 0.000000
0.13114963 -0.00403525 0.16135439 113 109 86 0.000000
0.12851223 0.00511699 0.16120137 120 117 93 0.000000
0.12950119 0.00109309 0.16127056 111 109 87 0.000000
0.13305289 -0.00276315 0.16127624 111 103 79 0.000000
0.13700916 0.00559697 0.15225659 52 56 36 0.000000
0.12788904 0.00483788 0.16127525 139 140 105 0.000000
0.13579971 0.00721415 0.15882304 57 56 41 0.000000
0.13629930 0.00950686 0.15746231 63 62 40 0.000000
0.12821065 0.00717790 0.16121772 112 108 86 0.000000
0.12898307 0.00588495 0.16117366 113 110 88 0.000000
0.12556224 0.00268778 0.16133726 128 127 103 0.000000
0.13544409 -0.00252299 0.15787067 59 59 41 0.000000
0.13020033 0.00875061 0.16120565 110 108 87 0.000000
0.12720872 0.00844424 0.14332274 38 39 20 0.000000
0.13584444 0.00514938 0.16122030 118 117 92 0.000000
0.13693480 0.00190827 0.15038420 42 44 27 0.000000
0.13598123 0.00024113 0.14869413 38 45 25 0.000000
0.13092524 0.00745434 0.16109569 111 107 86 0.000000
0.13594757 0.00751637 0.15772794 59 61 43 0.000000
0.13578035 0.00249381 0.15990274 61 58 41 0.000000
0.13607597 -0.00071185 0.16031076 64 67 48 0.000000
0.13603674 -0.00427121 0.15506750 62 61 44 0.000000
0.13187885 0.00393024 0.16123809 111 108 86 0.000000
0.13041469 0.00527957 0.16127005 110 107 86 0.000000
0.13593948 -0.00343597 0.15998439 58 56 44 0.000000
0.13504525 -0.00185600 0.14726689 39 38 30 0.000000
0.13647194 -0.00441552 0.15281764 54 53 35 0.000000
0.13662855 0.00834362 0.15615039 64 64 46 0.000000
0.13508111 0.01053845 0.16122054 115 113 91 0.000000
0.13582779 0.01108047 0.16114418 125 123 100 0.000000
0.12796074 0.00601584 0.16123918 151 149 114 0.000000
0.13399577 0.00346779 0.16132666 98 95 73 0.000000
0.13572608 0.00488273 0.15950890 56 58 38 0.000000
0.12768386 -0.00277000 0.16141373 112 108 86 0.000000
0.12870713 0.00587003 0.16117948 114 112 90 0.000000
0.13485003 0.00130067 0.16160378 119 119 84 0.000000
0.13598710 0.00645606 0.15776756 60 60 41 0.000000
0.13597240 -0.00099383 0.16098556 86 86 69 0.000000
0.13709319 0.00434598 0.15149064 49 50 33 0.000000
0.13680768 0.00741564 0.15518411 59 61 40 0.000000
0.13569973 0.00540488 0.15890482 57 58 37 0.000000
0.13545080 -0.00441400 0.15918840 55 53 38 0.000000
0.13611467 0.00577982 0.16090076 92 89 69 0.000000
0.13601004 0.00066006 0.16104682 97 97 77 0.000000
0.13657439 0.00081383 0.15434872 62 63 44 0.000000
0.13581318 -0.00231322 0.15651631 65 62 43 0.000000
0.13651866 -0.00151831 0.15434262 62 61 42 0.000000
0.13562851 -0.00018526 0.15811688 60 56 38 0.000000
0.13708122 0.00951294 0.15281005 60 59 39 0.000000
0.12884590 0.00900922 0.16126457 110 107 87 0.000000
0.13034627 0.00011063 0.16123153 113 111 89 0.000000
0.13629919 0.00806281 0.15723033 63 63 44 0.000000
0.12810254 0.00660874 0.16123663 120 117 92 0.000000
0.13677098 0.00453997 0.15350717 61 62 42 0.000000
0.13132650 0.00232383 0.16133188 113 110 88 0.000000
0.12639101 0.00403101 0.16139545 117 114 89 0.000000
0.13422802 0.00371649 0.16128896 100 97 77 0.000000
0.13664617 0.00233557 0.15392478 67 66 45 0.000000
0.13553447 0.00076591 0.15945426 56 57 41 0.000000
0.12642615 0.00138043 0.16141331 114 110 89 0.000000
0.13688302 0.00844122 0.15477423 64 62 40 0.000000
0.13686772 0.00644940 0.15305296 56 58 36 0.000000
0.13609113 0.00217540 0.16062303 76 76 58 0.000000
0.13166589 0.00232279 0.16132171 113 112 88 0.000000
0.13663965 0.00784659 0.15620840 67 64 45 0.000000
0.12715092 -0.00123060 0.16138710 112 110 87 0.000000
0.13299836 0.00307095 0.16130747 112 109 89 0.000000
0.13455297 -0.00101462 0.14653358 40 42 28 0.000000
0.13557623 -0.00324081 0.15925331 55 53 35 0.000000
0.13025489 -0.00121302 0.16128176 115 111 91 0.000000
0.12951115 0.00449813 0.16117689 111 110 89 0.000000
0.13556705 0.00099040 0.15908761 57 54 40 0.000000
0.13685457 0.00231945 0.15024254 46 45 25 0.000000
0.13301377 0.00354195 0.16129750 113 110 88 0.000000
0.13359112 0.00200669 0.14573008 38 41 33 0.000000
0.13581486 0.00379672 0.16130707 125 125 99 0.000000
0.13500458 0.00458363 0.16125315 116 114 96 0.000000
0.12730165 0.00085014 0.16134730 111 108 87 0.000000
0.13689139 0.01047193 0.15578993 61 61 41 0.000000
0.13313781 -0.00235726 0.16120653 105 100 79 0.000000
0.13032782 0.01014511 0.16116874 108 106 88 0.000000
0.13020030 0.00497977 0.16126890 111 108 86 0.000000
0.12844852 0.00744954 0.16127107 111 107 86 0.000000
0.13407251 0.00113775 0.16143036 100 97 73 0.000000
0.13733858 0.00751036 0.15046623 43 44 26 0.000000
0.12951609 0.00972171 0.16119754 109 105 86 0.000000
0.13649119 -0.00205800 0.15406352 66 65 44 0.000000
0.13569458 0.00077365 0.15985036 59 58 43 0.000000
0.13646360 -0.00010349 0.15399832 65 66 46 0.000000
0.13536720 -0.00452750 0.15853879 56 54 38 0.000000
0.13593490 -0.00258097 0.15993635 53 57 40 0.000000
0.13616425 0.00995807 0.16049935 81 76 55 0.000000
0.13341166 0.00946655 0.16119449 109 106 85 0.000000
0.13154095 0.00692188 0.16108011 110 107 88 0.000000
0.13672242 0.00717215 0.15584233 63 62 44 0.000000
0.13605820 -0.00339165 0.16028741 70 66 50 0.000000
0.13570693 0.00531024 0.15777726 61 58 43 0.000000
0.13075574 0.00204749 0.16132177 114 107 88 0.000000
0.13682300 0.01002327 0.14894658 38 41 26 0.000000
0.13687509 0.00061546 0.15127200 49 49 28 0.000000
0.13614459 0.00904451 0.15783553 58 60 41 0.000000
0.13147053 0.00956408 0.16109650 110 107 88 0.000000
0.13681783 0.00660406 0.15263580 58 57 38 0.000000
0.13039958 0.00057030 0.16121095 114 108 89 0.000000
0.13642955 0.00518853 0.15548626 64 64 40 0.000000
0.13657081 0.00203101 0.15434544 63 61 43 0.000000
0.13696168 -0.00198527 0.15179700 47 49 34 0.000000
0.13645639 -0.00386078 0.15243663 50 51 29 0.000000
0.13677584 0.00719752 0.15273489 62 61 38 0.000000
0.13020763 0.00826304 0.16121343 110 107 88 0.000000
0.12935902 -0.00246946 0.16130939 116 111 90 0.000000
0.13105722 0.00433262 0.16121678 112 109 88 0.000000
0.13583015 0.01066345 0.15847205 59 57 42 0.000000
0.13678555 0.00468713 0.15393034 69 68 44 0.000000
0.13649984 -0.00311997 0.15335388 59 59 36 0.000000
0.13593520 0.00405495 0.15732487 61 62 44 0.000000
0.12516458 0.00246971 0.16131023 138 137 112 0.000000
0.12821670 -0.00019557 0.16133349 112 109 85 0.000000
0.13650565 -0.00007441 0.15275748 54 54 32 0.000000
0.13600619 -0.00387319 0.14945103 44 46 27 0.000000
0.13701954 0.00994904 0.15346171 66 65 45 0.000000
0.13420805 0.00024994 0.14612965 38 41 25 0.000000
0.13591622 -0.00455861 0.14910467 44 47 20 0.000000
0.12728333 -0.00156499 0.16136469 112 110 87 0.000000
0.13729657 0.01033960 0.15151241 50 51 36 0.000000
0.13713677 0.00669450 0.14975531 41 44 21 0.000000
0.13349082 0.00217910 0.16126578 103 101 79 0.000000
0.13030860 0.01066311 0.16124637 110 105 86 0.000000
0.13339294 0.00644385 0.16115047 107 105 85 0.000000
0.13679105 0.00224760 0.15241531 54 54 37 0.000000
0.13621090 0.00308437 0.14918326 45 41 24 0.000000
0.13315643 -0.00015239 0.16131471 107 104 85 0.000000
0.13667811 0.00221073 0.15337831 58 59 37 0.000000
0.13618620 0.00061595 0.15577735 64 64 45 0.000000
0.13665983 0.00111693 0.15318629 54 55 35 0.000000
0.13538188 -0.00477553 0.15807785 58 58 38 0.000000
0.13645758 -0.00481397 0.15137909 50 51 29 0.000000
0.13373135 -0.00303410 0.14555621 43 45 26 0.000000
0.13547897 -0.00302487 0.15845495 57 57 37 0.000000
0.13600333 -0.00119281 0.16013896 61 60 42 0.000000
0.12750313 0.00024093 0.16127455 112 109 85 0.000000
0.13451689 0.00190473 0.16154625 112 112 81 0.000000
0.13604982 0.00042704 0.16064893 78 78 60 0.000000
0.13690221 0.00959706 0.15545548 63 59 43 0.000000
0.13667750 0.00366492 0.15389051 68 67 46 0.000000
0.12959392 0.00056375 0.16123232 112 108 89 0.000000
0.13595398 0.00658182 0.15802340 59 58 39 0.000000
0.12758785 0.00231608 0.16134945 111 109 87 0.000000
0.12915011 0.00075138 0.16128929 113 110 85 0.000000
0.13592975 0.00990163 0.15853028 58 57 39 0.000000
0.13640161 0.00566356 0.15618515 67 64 44 0.000000
0.13623159 0.00012469 0.15582590 68 65 44 0.000000
0.13448583 -0.00036737 0.16150644 105 101 80 0.000000
0.13286091 0.00762388 0.16113022 113 110 88 0.000000
0.13754877 0.01076435 0.15048587 40 42 29 0.000000
0.13724197 0.00657207 0.15056945 47 44 25 0.000000
0.13547751 0.00240535 0.15808567 54 58 39 0.000000
0.13505533 0.00196473 0.16151811 131 132 96 0.000000
0.12587041 0.00155086 0.16133372 120 117 92 0.000000
0.13669458 0.00140047 0.15166800 51 54 31 0.000000
0.12821573 0.00603408 0.16119793 130 126 101 0.000000
0.13629179 0.00043047 0.14916086 43 41 26 0.000000
0.13643827 -0.00001991 0.15501946 61 61 40 0.000000
0.12907480 0.00452073 0.16119449 113 111 89 0.000000
0.13283882 -0.00002116 0.16131291 111 109 90 0.000000
0.13560684 0.00163441 0.16142955 134 133 105 0.000000
0.13674225 -0.00040897 0.15212907 51 51 36 0.000000
0.13605863 -0.00278782 0.15488565 63 61 40 0.000000
0.13204126 0.00555967 0.16114466 111 108 87 0.000000
0.13619420 -0.00242873 0.15460818 59 62 42 0.000000
0.13685800 0.00761869 0.15311912 58 59 40 0.000000
0.13054270 0.01108490 0.16126089 111 107 87 0.000000
0.13597536 0.00108447 0.16071787 80 81 62 0.000000
0.13599139 -0.00024222 0.15675829 64 63 44 0.000000
0.13631207 0.01046672 0.15746522 63 61 43 0.000000
0.13228968 0.00226503 0.16130102 113 110 88 0.000000
0.13583602 0.00683459 0.15870489 57 56 40 0.000000
0.13502561 -0.00243907 0.14727956 38 43 25 0.000000
0.13544033 -0.00376062 0.15808788 57 56 41 0.000000
0.13710302 -0.00030390 0.15121473 46 48 32 0.000000
0.13634712 -0.00457823 0.15151383 47 53 29 0.000000
0.13378218 0.00454413 0.16113544 101 96 76 0.000000
0.13568372 0.00497007 0.15902425 53 56 40 0.000000
0.13419537 -0.00290635 0.16133246 104 99 79 0.000000
0.13637650 -0.00310974 0.15420870 66 65 41 0.000000
0.13511543 0.00502925 0.16129081 119 117 97 0.000000
0.12729418 0.00137135 0.16135155 111 108 87 0.000000
0.12947774 -0.00078189 0.14305472 42 43 29 0.000000
0.13697566 0.00223155 0.15139849 45 51 31 0.000000
0.13592950 0.00927612 0.15997818 58 60 42 0.000000
0.13541645 0.00227338 0.14790274 38 42 28 0.000000
0.13590045 0.00688321 0.15975611 57 57 42 0.000000
0.13591737 0.00130797 0.15661386 66 66 44 0.000000
0.13468692 0.00013968 0.14677963 41 42 23 0.000000
0.13680683 0.00655572 0.15442199 62 61 44 0.000000
0.13642265 -0.00373780 0.15131111 49 49 28 0.000000
0.13604939 0.00592180 0.15757889 64 61 42 0.000000
0.12973374 -0.00187449 0.16129428 115 111 89 0.000000
0.13545449 0.00385095 0.15934685 60 58 44 0.000000
0.13594650 0.00732277 0.16054438 84 83 63 0.000000
0.13692287 0.00712448 0.15425676 66 67 42 0.000000
0.13544992 0.01094626 0.16117732 128 122 103 0.000000
0.13565074 0.00254404 0.15783893 62 59 42 0.000000
0.13578205 -0.00438294 0.15704094 61 62 42 0.000000
0.13674617 0.00805463 0.15551832 60 60 40 0.000000
0.12697473 0.00065205 0.16140196 113 109 88 0.000000
0.13597204 0.00608106 0.16004249 62 60 41 0.000000
0.13670631 -0.00303915 0.15212764 49 48 33 0.000000
0.13679273 0.00871334 0.15552308 61 59 42 0.000000
0.13722137 0.00983249 0.15084702 46 47 30 0.000000
0.13482933 0.00092459 0.16156113 115 112 87 0.000000
0.12768267 0.00107821 0.16132762 112 108 85 0.000000
0.13568652 0.00562671 0.15962037 61 58 40 0.000000
0.13720213 0.00530183 0.15123901 49 48 32 0.000000
0.13058278 -0.00349042 0.16129391 111 107 89 0.000000
0.12988442 -0.00390685 0.16130368 116 110 90 0.000000
0.13664909 -0.00477894 0.15099983 47 49 29 0.000000
0.13721952 0.00683057 0.15099908 50 52 31 0.000000
0.12860307 -0.00394861 0.16132082 112 110 87 0.000000
0.13707246 0.00789415 0.15242545 57 58 38 0.000000
0.13588081 -0.00062624 0.16114238 105 103 81 0.000000
0.13687523 0.00259058 0.15214697 54 53 35 0.000000
0.13684934 0.00671312 0.15423238 67 64 44 0.000000
0.13600756 0.00176993 0.15660925 66 65 45 0.000000
0.13718110 0.00492353 0.15128808 47 50 30 0.000000
0.12898189 -0.00069086 0.16130927 113 108 87 0.000000
0.13554831 0.00027169 0.15819740 56 56 39 0.000000
0.13550052 -0.00199872 0.15960708 53 52 43 0.000000
0.13126163 0.00291219 0.16130047 113 110 88 0.000000
0.13039967 0.00964353 0.16113451 109 106 86 0.000000
0.13570002 0.00738642 0.15916535 60 60 40 0.000000
0.13600422 0.00983238 0.16099787 119 115 92 0.000000
0.13641760 -0.00037215 0.15484816 62 58 42 0.000000
0.13543998 -0.00022164 0.16135156 138 136 106 0.000000
0.13145599 0.00443000 0.16122760 111 108 87 0.000000
0.13472515 0.00514046 0.16129507 106 106 86 0.000000
0.12475401 0.00263755 0.16130285 138 137 110 0.000000
0.13643408 -0.00033771 0.15251483 51 52 34 0.000000
0.13603085 0.00973901 0.16012537 62 62 48 0.000000
0.13658285 0.00674042 0.15604956 66 64 44 0.000000
0.13472724 -0.00222910 0.14674680 43 42 24 0.000000
0.13403636 0.00374050 0.16128738 98 96 73 0.000000
0.13144860 0.00830826 0.16113529 110 107 87 0.000000
0.13662842 0.00101801 0.15155414 52 53 33 0.000000
0.13215718 0.00709608 0.16110700 109 108 89 0.000000
0.13718835 0.00417068 0.15100197 48 49 24 0.000000
0.13602133 0.00692446 0.16009346 67 65 45 0.000000
0.13422441 0.00751161 0.16112763 99 94 75 0.000000
0.13397306 -0.00359567 0.16131128 100 95 76 0.000000
0.13601372 -0.00364423 0.15587671 64 64 44 0.000000
0.13561469 0.00888952 0.15900360 60 59 40 0.000000
0.13597080 0.01083715 0.15971009 57 58 41 0.000000
0.13647307 0.00019798 0.15475707 60 61 40 0.000000
0.13315719 -0.00301330 0.16126633 102 99 80 0.000000
0.13654602 0.01061843 0.15673941 66 64 43 0.000000
0.13667095 0.00706848 0.15601788 65 64 44 0.000000
0.13694023 0.00501300 0.15249111 57 55 36 0.000000
0.13586223 0.00037356 0.16004729 61 60 42 0.000000
0.13579120 0.00410756 0.15784824 61 60 40 0.000000
0.13289414 0.00434713 0.16124056 113 110 90 0.000000
0.13551408 -0.00129537 0.15861309 56 56 39 0.000000
0.12720777 0.00480052 0.16130716 123 123 94 0.000000
0.13721649 0.01117284 0.15348491 64 64 40 0.000000
0.13709013 0.00648836 0.15206276 54 55 36 0.000000
0.13570036 -0.00018228 0.15755154 63 61 42 0.000000
0.13639498 0.01096941 0.15716596 64 63 43 0.000000
0.13646638 0.00013409 0.15285990 55 55 34 0.000000
0.13561811 -0.00370531 0.15768401 63 61 44 0.000000
0.13622473 0.00646596 0.15722241 63 63 44 0.000000
0.13653322 0.00003229 0.15313937 53 55 33 0.000000
0.13586675 0.00293462 0.15993857 62 57 36 0.000000
0.13667378 0.00082193 0.15237431 53 54 32 0.000000
0.13696702 0.00804421 0.15330769 65 64 39 0.000000
0.13568938 -0.00084844 0.15733917 62 60 41 0.000000
0.13602127 -0.00238801 0.15569726 64 64 42 0.000000
0.13705432 -0.00052340 0.15164594 46 50 30 0.000000
0.13720496 0.00638297 0.15100858 45 48 29 0.000000
0.13370697 0.01111902 0.16120389 108 105 80 0.000000
0.13578272 0.00889754 0.15848866 60 57 42 0.000000
0.13609585 0.00274835 0.16027826 61 66 43 0.000000
0.13713187 0.00935370 0.15179670 53 56 35 0.000000
0.13613617 0.00908470 0.16032851 73 71 54 0.000000
0.13399346 0.01104580 0.16121010 97 96 74 0.000000
0.13597821 -0.00135865 0.15626808 65 63 45 0.000000
0.12474350 0.00407511 0.14271300 36 43 16 0.000000
0.13004240 0.00984876 0.16118164 110 107 84 0.000000
0.13526599 -0.00317249 0.14779548 41 44 23 0.000000
0.13579459 0.00167341 0.16022788 66 67 49 0.000000
0.13645798 0.01059350 0.15713945 61 64 41 0.000000
0.13574208 -0.00474495 0.15692593 63 62 40 0.000000
0.13745265 0.00778236 0.15027240 46 43 25 0.000000
0.13526154 0.00075506 0.16145217 134 132 99 0.000000
0.13622357 0.00862320 0.14847119 42 42 29 0.000000
0.13729635 0.00893468 0.14956857 40 45 20 0.000000
0.13605349 0.00405167 0.16069558 82 79 60 0.000000
0.13451013 -0.00350546 0.14634201 38 43 28 0.000000
0.13628866 0.00629451 0.15697247 64 62 44 0.000000
0.13683538 0.00542341 0.15430777 64 66 44 0.000000
0.12910073 0.00616210 0.16120933 111 108 88 0.000000
0.13300772 0.00134211 0.16140926 117 111 84 0.000000
0.13330826 0.00433310 0.16122992 108 104 84 0.000000
0.13523062 0.00358879 0.14752954 42 43 24 0.000000
0.13418293 0.00700605 0.16116352 99 94 75 0.000000
0.13593124 -0.00174788 0.16001251 59 59 38 0.000000
0.12770507 -0.00233580 0.16141781 112 109 88 0.000000
0.13027598 0.00548517 0.16128618 109 107 87 0.000000
0.13664314 0.00560051 0.15458581 64 61 41 0.000000
0.13625890 -0.00465700 0.15440549 62 60 44 0.000000
0.13544185 -0.00351648 0.15846251 58 56 40 0.000000
0.13595763 0.00555174 0.16114247 115 111 91 0.000000
0.13692780 0.00689589 0.15240736 59 57 37 0.000000
0.12849328 0.00348140 0.16119027 111 109 87 0.000000
0.13580692 0.00596898 0.16118218 126 120 100 0.000000
0.13597177 0.00285879 0.15705916 64 62 43 0.000000
0.13581221 0.00091064 0.16009569 60 62 47 0.000000
0.13594900 0.00922395 0.15851662 60 57 40 0.000000
0.13651910 -0.00151758 0.15401575 64 64 47 0.000000
0.13182417 -0.00289305 0.16131981 112 109 90 0.000000
0.13499472 -0.00425704 0.14729145 44 43 25 0.000000
0.13670242 0.00608391 0.15534848 62 60 40 0.000000
0.13250318 0.00641121 0.16109774 111 108 89 0.000000
0.13590871 0.00046140 0.16118003 105 103 81 0.000000
0.13603441 -0.00320500 0.15598135 65 64 45 0.000000
0.13671838 0.00468368 0.15452126 61 60 40 0.000000
0.13518083 0.00150970 0.16157043 134 131 95 0.000000
0.13561402 0.00470898 0.15817152 55 56 36 0.000000
0.13392262 0.00230092 0.16134642 98 97 74 0.000000
0.13704924 -0.00215089 0.15151496 48 49 30 0.000000
0.13608338 -0.00316076 0.15535314 61 61 42 0.000000
0.13637386 0.00267349 0.15538730 60 62 42 0.000000
0.13509011 -0.00133736 0.16136749 129 125 98 0.000000
0.13075578 -0.00310511 0.16130306 112 108 87 0.000000
0.12735337 0.00286875 0.16135706 114 109 87 0.000000
0.13555360 -0.00387129 0.15939267 56 56 37 0.000000
0.13634484 -0.00292128 0.15017052 47 47 27 0.000000
0.13247670 0.00197849 0.16127670 113 110 90 0.000000
0.13444616 0.00535058 0.16126357 102 98 79 0.000000
0.13647522 0.00108257 0.15421906 64 64 44 0.000000
0.13120200 0.00620234 0.16121526 110 107 87 0.000000
0.13596518 0.00783471 0.16058323 81 81 61 0.000000
0.13546804 -0.00474193 0.15765505 63 61 43 0.000000
0.13602594 -0.00123097 0.16061001 77 79 60 0.000000
0.13363287 0.00836346 0.16117878 102 98 76 0.000000
0.13663800 0.00285714 0.15386459 67 67 45 0.000000
0.13688263 0.00536934 0.15248163 57 58 38 0.000000
0.13061361 0.00860429 0.16117761 110 107 88 0.000000
0.13235673 -0.00118300 0.16126564 112 110 89 0.000000
0.13582616 0.00528382 0.15764210 63 61 44 0.000000
0.12724911 0.00252749 0.16130891 112 109 86 0.000000
0.13173118 0.00566564 0.16117029 109 107 88 0.000000
0.13714236 0.00919571 0.15411921 76 74 49 0.000000
0.13307272 0.00016593 0.16136898 110 107 85 0.000000
0.13724357 0.01022348 0.15247288 57 55 37 0.000000
0.13596517 -0.00310433 0.15644327 65 63 43 0.000000
0.13610411 0.00316504 0.16075507 81 80 64 0.000000
0.13016842 -0.00430249 0.16134813 114 111 89 0.000000
0.13734727 0.01058466 0.15200382 51 53 37 0.000000
0.13644369 -0.00045879 0.15392262 66 66 48 0.000000
0.13710988 -0.00061387 0.15135142 43 48 30 0.000000
0.13311866 0.01060849 0.16118312 120 117 91 0.000000
0.12884723 0.00308316 0.16121863 111 108 86 0.000000
0.12693140 0.00232848 0.16135424 112 109 88 0.000000
0.12887923 0.00538003 0.16113423 115 112 90 0.000000
0.12798041 -0.00049013 0.16136713 111 109 87 0.000000
0.13650377 -0.00374906 0.15270714 50 51 33 0.000000
0.13592543 0.00957915 0.15875512 57 57 41 0.000000
0.13068844 0.00054495 0.16122802 112 109 92 0.000000
0.13595076 0.00771278 0.15799542 60 58 39 0.000000
0.13723287 0.00633409 0.15016942 42 47 23 0.000000
0.13658112 0.00992118 0.15628661 66 64 43 0.000000
0.13716227 0.00669547 0.15157357 54 55 34 0.000000
0.12831287 0.00462711 0.16123615 121 117 94 0.000000
0.12826008 0.00498081 0.16122219 128 127 99 0.000000
0.12927969 0.00300607 0.16113408 112 109 87 0.000000
0.12818071 -0.00329283 0.16125423 111 107 86 0.000000
0.13640401 0.00699682 0.15658350 66 63 44 0.000000
0.13512985 0.00650453 0.16117539 122 120 98 0.000000
0.13676377 0.00198827 0.15374245 65 65 42 0.000000
0.12814963 0.00547566 0.16120872 156 149 111 0.000000
0.13641497 0.00288891 0.15505166 62 62 42 0.000000
0.13625063 -0.00137920 0.14922833 43 42 27 0.000000
0.13434231 0.00144189 0.14621976 38 46 22 0.000000
0.13560399 0.00002791 0.15772611 61 61 39 0.000000
0.13602537 0.00039934 0.15667304 65 65 46 0.000000
0.13670495 0.00138189 0.15232149 53 52 34 0.000000
0.13702103 0.00805656 0.15452410 69 68 47 0.000000
0.13586478 -0.00196464 0.15600984 66 65 45 0.000000
0.13454470 0.00132928 0.16155328 108 110 81 0.000000
0.12651886 -0.00084899 0.16132742 114 110 87 0.000000
0.13571613 0.00513831 0.15806167 55 58 38 0.000000
0.13152026 -0.00392033 0.16132627 113 109 86 0.000000
0.13202976 -0.00403535 0.16131598 112 108 89 0.000000
0.13248506 0.00438519 0.16120581 111 110 89 0.000000
0.13563733 -0.00234268 0.15967833 56 53 36 0.000000
0.13621248 -0.00189174 0.14930288 42 45 26 0.000000
0.13687405 0.01005512 0.15547718 61 61 42 0.000000
0.13585620 -0.00303777 0.15973429 57 54 35 0.000000
0.13585591 -0.00407735 0.15642929 64 63 45 0.000000
0.13606571 0.00463888 0.15701249 63 63 44 0.000000
0.13567637 -0.00182639 0.15766551 62 60 41 0.000000
0.13678537 -0.00083717 0.15226907 51 52 32 0.000000
0.13680510 0.01086651 0.14903511 44 41 25 0.000000
0.13585858 -0.00416552 0.16049159 76 75 58 0.000000
0.13618569 -0.00040203 0.15593214 66 66 48 0.000000
0.13590731 -0.00132330 0.14864463 37 45 28 0.000000
0.13573499 -0.00360310 0.15687025 65 64 43 0.000000
0.13681369 0.00046334 0.15013318 43 46 23 0.000000
0.13556826 -0.00395849 0.15954952 56 56 39 0.000000
0.13539785 -0.00239345 0.15897483 58 57 37 0.000000
0.13596316 0.00606951 0.15791717 59 59 41 0.000000
0.13629261 0.00439702 0.15607193 66 66 44 0.000000
0.13030700 -0.00195440 0.16132222 112 108 89 0.000000
0.13555761 -0.00120713 0.15832454 56 58 36 0.000000
0.13597259 -0.00166426 0.16027762 67 68 46 0.000000
0.13660938 0.00163683 0.15298890 53 56 34 0.000000
0.13680857 0.00585639 0.15337391 65 64 41 0.000000
0.13570647 0.00038587 0.15749073 62 64 40 0.000000
0.13638218 0.00458906 0.15596591 65 64 45 0.000000
0.13637097 -0.00444700 0.15407206 65 65 44 0.000000
0.13644029 -0.00227573 0.15390113 67 66 45 0.000000
0.13577850 0.00365399 0.15766399 61 60 42 0.000000
0.12785821 -0.00017012 0.16130844 111 109 86 0.000000
0.12891228 0.00194170 0.16121188 111 108 86 0.000000
0.13531353 -0.00444305 0.16117741 128 125 103 0.000000
0.13603844 0.00038543 0.16093698 92 89 70 0.000000
0.13282265 -0.00175671 0.14502254 38 45 23 0.000000
0.12975535 0.00425964 0.16124538 111 107 90 0.000000
0.13562559 0.00187688 0.15899725 56 56 37 0.000000
0.13667813 0.01102269 0.15659179 64 64 44 0.000000
0.13579915 0.00198295 0.16004057 61 62 43 0.000000
0.13094063 0.00282200 0.16128914 113 110 88 0.000000
0.13712540 0.00421787 0.15128735 49 50 32 0.000000
0.12956442 0.00258210 0.16121402 112 110 89 0.000000
0.13120444 -0.00307807 0.16128150 112 108 89 0.000000
0.12831809 0.00102095 0.16128652 111 109 86 0.000000
0.12757991 0.00410760 0.16131805 114 113 88 0.000000
0.13304380 0.00799184 0.16113406 111 109 89 0.000000
0.13478461 -0.00102593 0.16147630 114 111 91 0.000000
0.13693018 0.01098321 0.15518492 61 60 41 0.000000
0.13631620 0.00851008 0.15730956 64 63 42 0.000000
0.13570419 -0.00380077 0.15976991 56 54 40 0.000000
0.13014053 0.00201979 0.16133405 111 111 90 0.000000
0.13605703 -0.00368884 0.15557259 64 64 43 0.000000
0.13573501 -0.00210053 0.15725237 62 63 43 0.000000
0.13633375 0.00683902 0.15689389 65 64 44 0.000000
0.13326895 0.00762387 0.16112445 109 106 87 0.000000
0.13427329 0.00266014 0.16140710 101 100 75 0.000000
0.13561583 0.00317456 0.15952662 56 59 42 0.000000
0.12596321 0.00113928 0.16134222 115 113 89 0.000000
0.13599791 -0.00223262 0.15533827 59 63 43 0.000000
0.13659193 0.00264694 0.15428455 61 61 43 0.000000
0.13013060 -0.00169405 0.16131578 113 109 90 0.000000
0.13610372 0.00221573 0.15631802 65 66 45 0.000000
0.12694851 -0.00167355 0.16134143 112 109 86 0.000000
0.13361506 -0.00378704 0.16131255 99 93 74 0.000000
0.13623136 -0.00118099 0.15520947 61 61 41 0.000000
0.12941246 0.00876968 0.16115206 110 107 87 0.000000
0.13647614 -0.00421613 0.15118964 50 51 24 0.000000
0.13579786 0.00999180 0.15924148 60 55 44 0.000000
0.13644284 -0.00376227 0.15325414 56 57 36 0.000000
0.13518719 0.00253794 0.14751405 38 45 23 0.000000
0.13688710 0.01020467 0.15572992 63 61 41 0.000000
0.13686532 0.00649472 0.15385331 69 68 47 0.000000
0.13643284 -0.00035890 0.15446812 59 59 42 0.000000
0.13676581 0.00078432 0.15358974 61 61 41 0.000000
0.12640665 0.00320570 0.16139747 118 115 92 0.000000
0.13512912 -0.00218626 0.16130610 129 127 101 0.000000
0.13555543 0.00294800 0.15780741 59 61 44 0.000000
0.13609123 0.00942009 0.15822065 57 59 41 0.000000
0.13749225 0.01103321 0.15096994 40 46 28 0.000000
0.13648474 0.00361516 0.15503784 61 62 43 0.000000
0.13603210 0.00558128 0.15755633 64 61 42 0.000000
0.13678676 0.00312042 0.15302236 54 57 36 0.000000
0.13303037 0.00399150 0.16127393 116 109 86 0.000000
0.13580157 0.00112385 0.15705006 64 61 43 0.000000
0.13359036 -0.00184880 0.16128005 96 93 73 0.000000
0.12704325 -0.00013672 0.16132034 112 108 87 0.000000
0.13603920 0.00424008 0.16109376 109 103 76 0.000000
0.13583435 -0.00174904 0.15629891 65 63 43 0.000000
0.12957838 0.00148264 0.16127974 113 108 87 0.000000
0.12687837 0.00154469 0.16141729 114 110 87 0.000000
0.13234629 -0.00321315 0.16134423 114 110 89 0.000000
0.12555565 0.00327722 0.16133663 128 128 101 0.000000
0.13639750 0.00082801 0.14936973 41 43 30 0.000000
0.13459289 0.00239988 0.14661367 39 45 22 0.000000
0.13645223 0.01032032 0.15671441 66 63 44 0.000000
0.13142864 0.00869013 0.16111802 112 108 88 0.000000
0.12888198 0.00652377 0.16118401 110 108 87 0.000000
0.13586868 0.00466832 0.15734927 64 61 44 0.000000
0.13672206 0.00408873 0.15358882 67 64 43 0.000000
0.13144758 0.00587589 0.16119695 110 107 88 0.000000
0.13666454 0.00378209 0.15418628 68 67 46 0.000000
0.13678876 0.00832190 0.14899130 42 43 20 0.000000
0.13566038 0.00366378 0.15832579 58 55 38 0.000000
0.13596842 -0.00410586 0.15545176 63 62 44 0.000000
0.13356934 -0.00084972 0.16136716 97 95 76 0.000000
0.13576573 0.00482251 0.15761974 63 61 42 0.000000
0.13635345 0.00137210 0.14933370 43 42 26 0.000000
0.13653319 0.00124417 0.15481046 57 58 39 0.000000
0.12873901 0.00099059 0.16124991 113 109 88 0.000000
0.13494197 0.00307623 0.16145743 115 114 91 0.000000
0.13705000 0.00926165 0.15233658 52 56 33 0.000000
0.13544458 0.00253177 0.16144216 136 131 101 0.000000
0.13659364 0.00201247 0.15298705 54 57 37 0.000000
0.13722140 0.00886569 0.15157557 53 52 31 0.000000
0.13693275 0.00776705 0.15494636 62 62 39 0.000000
0.13636816 -0.00065328 0.15495512 60 61 40 0.000000
0.13684107 0.00704201 0.15304066 59 58 36 0.000000
0.13688986 0.00234669 0.15184851 52 54 32 0.000000
0.13570556 0.00444368 0.15853588 55 57 36 0.000000
0.13244109 -0.00269740 0.16133147 114 110 87 0.000000
0.13081123 0.00118136 0.16125077 112 109 87 0.000000
0.13449201 0.00679493 0.16119495 104 101 81 0.000000
0.13102442 0.00372936 0.16123442 111 109 89 0.000000
0.13555337 0.00036460 0.15844256 54 56 38 0.000000
0.12509039 0.00306133 0.16133316 133 131 104 0.000000
0.13551860 0.00529521 0.16137120 123 124 103 0.000000
0.13647921 -0.00359589 0.15102257 48 52 29 0.000000
0.13652843 -0.00233982 0.15406069 66 66 44 0.000000
0.13648139 0.00155656 0.15422611 63 64 42 0.000000
0.13306424 0.00722743 0.16115603 114 109 90 0.000000
0.13465762 -0.00200165 0.16131218 115 113 89 0.000000
0.13694419 -0.00107547 0.15086004 45 47 29 0.000000
0.13607560 -0.00128336 0.15601148 66 64 45 0.000000
0.13232157 0.00836872 0.16104160 113 110 87 0.000000
0.13675538 0.00570418 0.15448831 64 63 42 0.000000
0.13514300 0.00354436 0.16137908 124 120 96 0.000000
0.13309735 0.00969899 0.16115251 110 109 89 0.000000
0.13605742 -0.00048025 0.15609995 66 64 49 0.000000
0.13579749 0.00962309 0.15916541 64 60 40 0.000000
0.13705155 0.00950970 0.15421315 78 76 55 0.000000
0.13079740 0.00585080 0.16126108 110 107 87 0.000000
0.12919942 0.00827144 0.16122195 111 107 85 0.000000
0.13094851 0.00165137 0.16129963 112 110 89 0.000000
0.13688728 -0.00246642 0.15164219 49 48 29 0.000000
0.12851192 0.00876766 0.16132785 112 108 86 0.000000
0.13688050 0.00586533 0.15423188 67 65 45 0.000000
0.13588816 0.00809938 0.15814640 59 59 41 0.000000
0.13586363 0.00555621 0.15799274 59 57 44 0.000000
0.13399000 0.00879216 0.16123502 94 91 73 0.000000
0.13350102 0.00991055 0.16116799 109 104 78 0.000000
0.12863128 -0.00347793 0.16133891 112 109 90 0.000000
0.13224609 -0.00021928 0.16120376 113 109 88 0.000000
0.13610952 -0.00302564 0.16037628 73 71 53 0.000000
0.13248445 0.01047736 0.16114719 113 110 89 0.000000
0.13610153 -0.00370799 0.15518649 63 61 43 0.000000
0.12962702 0.00913129 0.16114083 109 105 86 0.000000
0.13554966 0.00040472 0.15874764 55 54 41 0.000000
0.13656838 -0.00304325 0.15127258 48 48 28 0.000000
0.13388601 0.00732637 0.16115543 97 95 73 0.000000
0.13678807 0.00826750 0.15535238 61 61 39 0.000000
0.12980427 -0.00236479 0.16130130 114 112 90 0.000000
0.13628811 -0.00444372 0.15183304 50 51 31 0.000000
0.12877533 0.00044910 0.16130981 113 108 86 0.000000
0.13719156 0.00948567 0.15117520 46 49 33 0.000000
0.13664423 0.00073224 0.15294828 54 55 33 0.000000
0.13602126 0.01120101 0.15868007 58 59 39 0.000000
0.13080303 -0.00060996 0.16126099 114 112 87 0.000000
0.13606277 0.00483987 0.16039956 71 71 52 0.000000
0.13685945 0.00691537 0.15446019 63 62 42 0.000000
0.13410231 0.01025971 0.16126613 98 93 73 0.000000
0.13604869 0.00446597 0.16046768 78 74 53 0.000000
0.13287586 0.00568223 0.16109459 115 110 88 0.000000
0.13606380 0.00226323 0.16037180 66 69 52 0.000000
0.12957761 0.01043560 0.16116968 109 106 84 0.000000
0.13156499 0.00722453 0.16110738 111 107 88 0.000000
0.13600193 0.01081670 0.16069378 92 90 69 0.000000
0.13640644 -0.00452200 0.15320337 56 56 37 0.000000
0.13611361 0.00659477 0.15750086 63 63 40 0.000000
0.13568908 0.00116168 0.15762562 62 60 40 0.000000
0.13613257 -0.00130243 0.15572864 63 62 46 0.000000
0.13636166 -0.00391732 0.15431514 62 64 40 0.000000
0.13153623 0.00268796 0.16125183 112 110 90 0.000000
0.13583139 0.00437504 0.15762530 62 61 40 0.000000
0.13552094 0.00080018 0.15853579 57 57 37 0.000000
0.13708277 0.00976456 0.15377636 66 67 46 0.000000
0.12674432 0.00128203 0.16143171 114 110 87 0.000000
0.13754584 0.00826885 0.15038300 39 47 24 0.000000
0.13578188 -0.00093425 0.15708812 60 61 44 0.000000
0.13576438 0.00145840 0.16004041 64 64 43 0.000000
0.13677938 0.00502731 0.15434633 65 66 45 0.000000
0.13136713 0.00484772 0.16118824 111 107 87 0.000000
0.13547009 -0.00183903 0.16114721 128 122 98 0.000000
0.13422775 0.00929966 0.16127843 97 92 72 0.000000
0.13555528 0.00011944 0.15903986 56 57 36 0.000000
0.12827122 -0.00206038 0.16129409 110 108 87 0.000000
0.13633670 -0.00045945 0.15553921 62 61 44 0.000000
0.13308324 -0.00142868 0.16129233 111 106 85 0.000000
0.13605605 -0.00240483 0.16044925 74 72 58 0.000000
0.13575554 -0.00318502 0.15713842 62 62 45 0.000000
0.13497163 -0.00303582 0.14723033 40 41 31 0.000000
0.12921412 0.00161284 0.16126318 112 108 87 0.000000
0.13170306 0.00304157 0.16130276 110 109 89 0.000000
0.13723122 0.00590394 0.15049693 41 46 27 0.000000
0.13553925 0.00126565 0.15818757 58 56 39 0.000000
0.13446258 0.00584039 0.16122787 103 99 79 0.000000
0.13590214 0.00695145 0.15821157 58 57 40 0.000000
0.13577604 -0.00429480 0.15673034 61 62 39 0.000000
0.13702299 0.01060378 0.15469450 58 60 41 0.000000
0.13627073 0.00594705 0.15679027 66 63 43 0.000000
0.13545127 -0.00409612 0.15847036 55 55 38 0.000000
0.13616574 0.00247917 0.16061179 76 75 55 0.000000
0.12901504 -0.00340359 0.16133749 115 112 89 0.000000
0.13358748 0.00692437 0.16117325 103 100 77 0.000000
0.13381955 0.00395320 0.14624725 43 44 13 0.000000
0.13561982 -0.00269931 0.15944587 53 55 36 0.000000
0.13708919 0.00330403 0.15075159 46 46 28 0.000000
0.13551904 0.01046784 0.16110848 127 126 102 0.000000
0.13214904 0.00758397 0.16111128 111 108 88 0.000000
0.13679257 0.00706039 0.15550020 60 61 42 0.000000
0.13371707 0.00622602 0.16117181 101 95 78 0.000000
0.13591620 0.00917105 0.16104031 119 115 91 0.000000
0.13284287 0.00067307 0.16138110 113 109 89 0.000000
0.13425972 0.00221860 0.16144936 104 102 76 0.000000
0.12694415 0.00353975 0.16137789 114 112 88 0.000000
0.13016015 -0.00345631 0.16121733 113 110 87 0.000000
0.13629963 0.00218857 0.15602583 67 64 45 0.000000
0.13359423 -0.00095852 0.14567749 41 43 21 0.000000
0.12893112 0.00788666 0.16125374 110 107 86 0.000000
0.12845886 -0.00321610 0.16128208 111 108 88 0.000000
0.13587655 -0.00322609 0.15677276 64 65 44 0.000000
0.13694583 0.00451134 0.15274441 56 57 38 0.000000
0.12883301 0.00755770 0.16125581 112 107 86 0.000000
0.13678920 0.00179464 0.15355696 59 60 40 0.000000
0.13494885 0.00303653 0.14712223 39 42 26 0.000000
0.13610022 0.01027957 0.15772323 59 60 43 0.000000
0.13590102 -0.00008669 0.16111498 110 104 80 0.000000
0.13702972 0.00003605 0.15098718 45 46 30 0.000000
0.13701023 0.00226046 0.15060100 46 44 30 0.000000
0.13564678 0.00064683 0.16134407 136 134 102 0.000000
0.13620338 0.00701746 0.15728648 65 62 42 0.000000
0.13130131 -0.00354249 0.16128410 111 107 89 0.000000
0.13563141 -0.00018645 0.15840133 56 56 39 0.000000
0.13556729 -0.00179768 0.14815152 39 44 27 0.000000
0.13710171 0.00541294 0.15210333 54 53 36 0.000000
0.13551423 -0.00462849 0.16094187 113 111 85 0.000000
0.12845664 0.00002900 0.16132511 109 108 85 0.000000
0.13638328 0.00317798 0.15527113 61 61 41 0.000000
0.12655096 0.00371240 0.16139239 118 115 88 0.000000
0.12831840 0.00192550 0.16131616 111 108 88 0.000000
0.13561790 -0.00300775 0.15765019 61 59 43 0.000000
0.13568822 0.00884471 0.15966143 60 58 39 0.000000
0.13642783 0.00434439 0.15558989 64 63 43 0.000000
0.12924254 -0.00160029 0.16130055 115 111 91 0.000000
0.13653217 -0.00115798 0.15428235 63 61 42 0.000000
0.13637507 0.00620343 0.15654632 65 64 44 0.000000
0.13507716 0.00111209 0.16156144 126 125 93 0.000000
0.13657542 0.00013527 0.15231149 51 51 36 0.000000
0.13695669 0.00575696 0.15244955 56 58 36 0.000000
0.12587720 0.00302014 0.16136841 122 120 96 0.000000
0.13587886 0.00327079 0.15737176 62 63 41 0.000000
0.13580720 -0.00113308 0.15684243 64 64 42 0.000000
0.13616370 0.00422305 0.15644296 65 65 45 0.000000
0.13500004 0.00406212 0.16125846 121 118 95 0.000000
0.13668853 -0.00016333 0.14989209 43 46 25 0.000000
0.13302064 0.01009852 0.16116361 113 109 89 0.000000
0.13078794 0.00402592 0.16119176 111 108 88 0.000000
0.12701783 0.00105650 0.16139756 113 110 86 0.000000
0.13338621 -0.00344253 0.16124916 99 95 76 0.000000
0.13566722 -0.00402839 0.16083863 100 95 72 0.000000
0.13613285 0.00947562 0.16077778 90 90 70 0.000000
0.13097495 -0.00273054 0.16129231 114 110 88 0.000000
0.13558428 0.00890753 0.15931632 61 59 44 0.000000
0.13583998 -0.00212909 0.15614036 65 64 45 0.000000
0.13540944 -0.00367030 0.15890183 55 55 39 0.000000
0.13693394 -0.00008630 0.15047389 46 43 29 0.000000
0.13729674 0.00773849 0.15075231 49 46 26 0.000000
0.13318814 -0.00061902 0.16136776 107 104 82 0.000000
0.13675703 0.00679197 0.15473139 62 61 41 0.000000
0.13531111 0.00306987 0.14769897 40 41 26 0.000000
0.13066642 0.00816670 0.16118707 108 107 86 0.000000
0.13584317 -0.00085856 0.15665048 65 64 44 0.000000
0.13661714 0.00729577 0.15614441 66 64 44 0.000000
0.13544445 -0.00417619 0.15880388 59 55 37 0.000000
0.13694783 0.00538992 0.14979258 37 45 25 0.000000
0.13753197 0.01003375 0.15053429 46 43 26 0.000000
0.13619007 0.00610315 0.16068044 81 79 58 0.000000
0.13123673 0.00734087 0.16108085 111 107 87 0.000000
0.13358822 0.00501163 0.14627323 40 41 26 0.000000
0.13244104 -0.00369470 0.16133437 113 110 89 0.000000
0.13183996 0.01048170 0.16115029 112 109 89 0.000000
0.13526139 0.00151879 0.14764158 42 44 21 0.000000
0.13678639 0.01007092 0.15586630 63 65 41 0.000000
0.13583454 0.00437620 0.16125901 125 119 98 0.000000
0.12619492 0.00280902 0.16139629 117 115 92 0.000000
0.13567126 0.00372980 0.15975994 55 56 39 0.000000
0.13573526 0.00626922 0.15893805 58 56 42 0.000000
0.13558294 -0.00034493 0.15920357 59 56 41 0.000000
0.13545372 0.00166237 0.15842633 52 53 39 0.000000
0.12505499 0.00206779 0.16131905 133 133 105 0.000000
0.13690956 0.01102775 0.15589121 64 61 43 0.000000
0.12560290 0.00204415 0.16132151 129 130 104 0.000000
0.13615875 -0.00437854 0.15484627 63 62 42 0.000000
0.13642915 0.01082396 0.15729420 61 63 41 0.000000
0.13669693 0.00421328 0.15445015 63 62 42 0.000000
0.13600010 0.00894559 0.15820609 59 58 39 0.000000
0.13741821 0.01071122 0.15248151 51 52 35 0.000000
0.13714658 -0.00229262 0.15242487 49 49 33 0.000000
0.13560008 0.00453385 0.15927173 55 56 40 0.000000
0.12722300 0.00658853 0.16132478 121 120 94 0.000000
0.13657016 -0.00114194 0.15376292 66 65 43 0.000000
0.13589902 0.01007849 0.15977430 58 59 43 0.000000
0.12665106 0.00617219 0.16138130 120 117 90 0.000000
0.13568601 -0.00286995 0.15736601 63 62 41 0.000000
0.13665709 0.00255456 0.15353772 63 64 45 0.000000
0.13692982 0.00935095 0.15532063 61 60 43 0.000000
0.13676059 0.00511488 0.15363944 65 66 43 0.000000
0.13597406 0.00188554 0.14879480 40 44 27 0.000000
0.13338859 0.00316403 0.14589046 44 45 21 0.000000
0.13195226 -0.00327711 0.16128929 114 110 88 0.000000
0.12678535 0.00195180 0.16139759 114 111 88 0.000000
0.13636118 0.00657186 0.15655528 65 64 45 0.000000
0.13001204 -0.00012932 0.16127127 116 112 90 0.000000
0.13762350 0.00957523 0.15027468 42 44 25 0.000000
0.13582189 -0.00129785 0.16108805 99 95 74 0.000000
0.13603356 -0.00264505 0.15509951 61 61 42 0.000000
0.13370883 0.00303811 0.16136412 96 96 76 0.000000
0.13192487 -0.00250881 0.16127679 113 109 88 0.000000
0.13643150 0.00325198 0.15489520 61 61 43 0.000000
0.12742788 -0.00111687 0.16136682 113 108 87 0.000000
0.13566025 0.00008407 0.16128837 135 133 99 0.000000
0.13576180 0.00445361 0.15974148 57 56 41 0.000000
0.13700989 0.00957699 0.15314405 61 64 38 0.000000
0.13712685 0.00956292 0.15400830 73 68 48 0.000000
0.13487419 -0.00365750 0.14706072 40 42 26 0.000000
0.13415924 -0.00201008 0.16132762 103 99 77 0.000000
0.13674869 0.00410172 0.15392283 70 66 47 0.000000
0.13669020 -0.00004252 0.15350807 63 64 43 0.000000
0.13723661 0.00832677 0.15193436 54 54 35 0.000000
0.13577934 0.00109655 0.16000946 63 61 43 0.000000
0.13633591 0.00582277 0.15646653 66 63 45 0.000000
0.13256356 -0.00021449 0.16128072 115 110 89 0.000000
0.12971969 0.00609320 0.16124606 111 107 87 0.000000
0.13572811 0.01055238 0.15907735 59 57 41 0.000000
0.13127011 -0.00156991 0.16121069 111 111 89 0.000000
0.13073035 0.00082203 0.16123153 113 109 89 0.000000
0.13656180 -0.00119269 0.14983818 41 45 26 0.000000
0.13586861 0.00644570 0.15842131 59 58 40 0.000000
0.13563015 0.00209662 0.16141829 134 132 107 0.000000
0.12921154 0.00325073 0.16116211 111 109 87 0.000000
0.13116166 0.00933513 0.16105695 110 107 87 0.000000
0.13489708 0.00467938 0.14718711 43 38 25 0.000000
0.13175397 -0.00009946 0.16115926 112 109 88 0.000000
0.13267617 0.00694386 0.16115120 112 108 89 0.000000
0.13100193 0.01047681 0.16120559 110 109 87 0.000000
0.12937349 -0.00321305 0.16129857 114 112 89 0.000000
0.13540027 -0.00181914 0.15921514 61 57 34 0.000000
0.13624009 0.00987531 0.15747213 63 63 42 0.000000
0.13669701 -0.00251020 0.15278299 54 52 32 0.000000
0.13645694 -0.00336081 0.15132558 47 49 31 0.000000
0.13462645 -0.00432469 0.14655983 36 42 28 0.000000
0.13627577 0.00878336 0.15735374 63 63 43 0.000000
0.13586320 0.00742738 0.16087942 108 104 82 0.000000
0.13607427 0.00382312 0.15702710 65 64 42 0.000000
0.13494955 -0.00366812 0.16127290 124 122 101 0.000000
0.13400054 0.00656550 0.16120400 98 93 73 0.000000
0.12905805 0.00347363 0.16117312 112 109 87 0.000000
0.13593265 -0.00304674 0.15673903 64 65 44 0.000000
0.12672816 0.00591266 0.14336959 33 40 26 0.000000
0.13422570 -0.00020963 0.16143705 102 98 76 0.000000
0.13614133 0.00153434 0.15630293 67 68 46 0.000000
0.13638774 -0.00447261 0.15355985 62 63 41 0.000000
0.13350080 0.00600023 0.16112405 107 102 79 0.000000
0.13584703 -0.00193733 0.15705933 67 62 43 0.000000
0.13699278 0.01113119 0.15494120 61 60 41 0.000000
0.12729867 0.00556810 0.16129827 171 166 121 0.000000
0.12921965 0.00743258 0.16123293 110 107 84 0.000000
0.13466442 0.00336073 0.14675826 38 44 21 0.000000
0.13616659 -0.00348761 0.15487102 62 62 41 0.000000
0.13493092 -0.00186250 0.14705916 42 40 28 0.000000
0.13619225 0.00306697 0.15612611 65 66 45 0.000000
0.13523376 0.00745756 0.16119803 122 120 97 0.000000
0.13642547 -0.00138162 0.15256475 54 55 36 0.000000
0.13607180 -0.00327712 0.15558498 65 64 41 0.000000
0.13519046 0.00609795 0.16122526 122 120 99 0.000000
0.13538708 -0.00423252 0.15807912 56 56 38 0.000000
0.13700910 0.00795719 0.15390913 69 71 48 0.000000
0.13609599 0.00096125 0.15641861 67 66 45 0.000000
0.13595678 -0.00151777 0.16063917 77 77 60 0.000000
0.13607083 0.00627298 0.16096607 99 93 72 0.000000
0.13389716 0.00510962 0.16117913 98 95 73 0.000000
0.13675493 0.00914678 0.15582342 63 62 43 0.000000
0.13578853 0.00265827 0.14850403 37 44 23 0.000000
0.13695806 0.00989059 0.15496536 60 61 40 0.000000
0.13547046 -0.00291547 0.16119860 128 123 99 0.000000
0.12961157 0.00823735 0.16119848 109 105 88 0.000000
0.13519219 -0.00290171 0.16131461 128 126 104 0.000000
0.13555121 0.00076137 0.15804054 58 55 42 0.000000
0.13553733 0.00274320 0.15806356 57 58 38 0.000000
0.13598776 0.00511163 0.15736353 65 62 42 0.000000
0.13144529 0.00327727 0.16131189 112 109 89 0.000000
0.13636747 -0.00006606 0.15545328 63 61 41 0.000000
0.13661672 0.00055522 0.15198669 51 52 32 0.000000
0.13658568 0.00231080 0.15357716 63 64 43 0.000000
0.13584341 0.01083287 0.15880491 58 59 42 0.000000
0.13569696 0.00705861 0.15913332 57 58 42 0.000000
0.13000008 0.00246847 0.16129874 117 111 89 0.000000
0.13582441 0.01090608 0.15933457 55 58 39 0.000000
0.13575315 0.00764782 0.16105951 115 114 92 0.000000
0.13614754 0.00951536 0.16036338 76 70 55 0.000000
0.13698448 0.00035635 0.15061210 41 49 26 0.000000
0.13438922 0.00482874 0.16119765 104 100 80 0.000000
0.13591200 -0.00152074 0.15653150 63 63 42 0.000000
0.13687342 0.00288432 0.15254153 55 56 34 0.000000
0.13134703 0.00067940 0.16123196 113 110 89 0.000000
0.12593895 0.00410281 0.16141555 120 119 95 0.000000
0.13706990 0.00867473 0.15284412 57 58 38 0.000000
0.13679913 0.00836474 0.15501289 61 60 40 0.000000
0.13571857 -0.00097173 0.15761799 62 58 43 0.000000
0.13648863 -0.00038274 0.15232188 51 53 32 0.000000
0.13572976 -0.00264717 0.15722714 64 61 43 0.000000
0.13323969 -0.00425600 0.16138279 102 97 75 0.000000
0.13576040 0.00556715 0.16131788 128 125 101 0.000000
0.12729117 0.00041313 0.16133580 110 109 87 0.000000
0.13603680 0.00477443 0.16069731 80 82 62 0.000000
0.13658947 0.00026084 0.15405495 68 65 45 0.000000
0.12851088 -0.00050296 0.16133764 111 108 87 0.000000
0.13640302 -0.00400691 0.15344273 62 61 40 0.000000
0.13618363 -0.00392048 0.15488555 63 62 40 0.000000
0.13472582 0.00370015 0.16131391 114 110 89 0.000000
0.13643041 0.00124746 0.15440039 59 60 40 0.000000
0.13585459 -0.00233052 0.16076961 82 82 65 0.000000
0.13579342 0.00970212 0.15972160 60 60 43 0.000000
0.13503203 -0.00460404 0.16131289 127 126 103 0.000000
0.13253254 0.00317481 0.16125961 114 110 89 0.000000
0.13678513 0.00129871 0.15356039 61 61 39 0.000000
0.13667479 0.00488868 0.15482137 61 60 41 0.000000
0.13654952 -0.00098045 0.15323962 55 54 35 0.000000
0.13557892 -0.00073765 0.15842575 56 55 41 0.000000
0.13610423 -0.00087386 0.16061403 78 76 59 0.000000
0.13725111 0.00745958 0.15111120 49 51 33 0.000000
0.13597183 -0.00040928 0.16093858 90 92 70 0.000000
0.13605981 0.00360162 0.16042103 80 74 53 0.000000
0.13692760 0.01089765 0.15547398 59 59 42 0.000000
0.13504322 -0.00401841 0.16124670 130 127 104 0.000000
0.13440983 0.01113467 0.16123682 97 92 73 0.000000
0.13561587 0.00315509 0.15833551 56 56 38 0.000000
0.13308477 -0.00096751 0.16135061 110 105 85 0.000000
0.13270578 0.00389137 0.16126175 113 111 88 0.000000
0.13015018 -0.00270738 0.16128063 114 110 89 0.000000
0.13725559 0.00798319 0.15123145 49 50 30 0.000000
0.13449425 0.00315743 0.16140138 103 101 81 0.000000
0.13606176 0.00988071 0.15776525 59 59 41 0.000000
0.13715905 0.01072081 0.14937504 43 43 22 0.000000
0.13610655 -0.00346398 0.15539297 61 60 44 0.000000
0.13679504 0.00117347 0.15113485 46 50 25 0.000000
0.13602406 0.00226407 0.15666661 66 64 44 0.000000
0.13699594 -0.00157159 0.15110017 49 48 29 0.000000
0.13475589 0.00089484 0.14685951 36 44 27 0.000000
0.13718872 0.00597400 0.15130194 50 50 29 0.000000
0.13600776 -0.00221333 0.15508513 62 62 44 0.000000
0.13699168 0.00627703 0.15240248 58 57 37 0.000000
0.13655999 0.00528408 0.15522119 63 62 43 0.000000
0.13637438 0.00138037 0.15585004 63 63 45 0.000000
0.13722923 0.00832655 0.15143281 49 52 28 0.000000
0.13560437 -0.00263244 0.16106510 112 105 81 0.000000
0.13596846 0.00239847 0.16013271 57 59 45 0.000000
0.13704209 0.00944544 0.15447001 67 69 49 0.000000
0.13500237 0.00564178 0.16130206 114 113 94 0.000000
0.13642266 0.00806747 0.15681483 63 65 43 0.000000
0.13634467 -0.00044399 0.15523371 60 59 42 0.000000
0.13635771 -0.00395710 0.15213805 48 51 31 0.000000
0.13696277 0.00365831 0.15035477 42 43 31 0.000000
0.13684136 0.00395208 0.15274532 61 61 38 0.000000
0.13199908 -0.00223293 0.16118540 111 110 89 0.000000
0.13707384 0.01009049 0.15206569 62 60 40 0.000000
0.13012479 0.00393608 0.16123697 110 107 87 0.000000
0.13693663 0.00765553 0.15381370 70 70 47 0.000000
0.13593400 -0.00285069 0.16064128 78 76 62 0.000000
0.13698155 0.00915278 0.15487708 61 61 39 0.000000
0.13411197 -0.00425601 0.16126277 106 103 82 0.000000
0.13344863 -0.00234887 0.16126154 97 94 73 0.000000
0.13209283 0.00393970 0.16124217 112 108 89 0.000000
0.13142399 0.01071273 0.16110833 113 109 89 0.000000
0.13438797 0.00072321 0.14630628 41 44 23 0.000000
0.13720866 0.00793101 0.14958259 41 41 26 0.000000
0.12823929 -0.00264338 0.16132130 111 108 87 0.000000
0.13579242 -0.00007402 0.15986541 60 57 38 0.000000
0.13737613 0.00755127 0.14995538 43 42 28 0.000000
0.12763357 0.00577739 0.16127078 185 180 135 0.000000
0.13655497 -0.00222616 0.15297516 55 53 34 0.000000
0.12612492 0.00228952 0.16134916 117 116 92 0.000000
0.13691680 0.00950815 0.15204121 56 59 38 0.000000
0.13523042 0.01002348 0.16120879 122 117 97 0.000000
0.13399944 -0.00241017 0.16128168 99 95 77 0.000000
0.13600203 0.01094275 0.15842028 60 59 39 0.000000
0.13575278 0.01002917 0.16110414 128 125 100 0.000000
0.13564442 -0.00054600 0.15794790 60 57 42 0.000000
0.12963119 0.00761395 0.16118005 109 106 87 0.000000
0.13153966 0.00541314 0.16118917 108 106 86 0.000000
0.13633455 0.00033534 0.15558279 65 64 45 0.000000
0.12995486 0.00463334 0.16129453 112 108 87 0.000000
0.12885922 -0.00140019 0.16125724 115 110 90 0.000000
0.13710427 0.00991629 0.15310481 63 63 44 0.000000
0.12830295 0.00243869 0.16132282 112 109 86 0.000000
0.13703145 0.00804805 0.15432124 76 75 55 0.000000
0.13724184 0.01026468 0.15101108 47 47 30 0.000000
0.13583510 0.00577354 0.15854456 58 56 41 0.000000
0.13077404 0.00682535 0.16116703 111 108 87 0.000000
0.13245162 0.00932430 0.16107668 111 109 88 0.000000
0.13585891 0.00060568 0.15709026 62 63 44 0.000000
0.13653378 0.00187734 0.14964691 44 43 28 0.000000
0.13572009 0.00874639 0.15868659 60 57 41 0.000000
0.13571675 0.00290298 0.16136050 131 127 101 0.000000
0.12879707 -0.00113460 0.16131184 113 109 89 0.000000
0.13558033 0.00261480 0.15838110 53 56 37 0.000000
0.12612486 0.00169032 0.16133867 117 114 90 0.000000
0.12998781 0.00778160 0.16119348 109 107 85 0.000000
0.13695061 0.00744445 0.15484118 61 60 42 0.000000
0.13211185 0.00024523 0.16123571 111 109 89 0.000000
0.13555384 -0.00009592 0.15933348 60 56 39 0.000000
0.13042656 0.00243776 0.16134237 114 110 89 0.000000
0.13327639 0.00565618 0.16107622 110 106 84 0.000000
0.13684076 0.00904931 0.15542468 60 61 42 0.000000
0.13669896 0.00578294 0.15484749 62 61 41 0.000000
0.13635693 0.00334535 0.15562436 62 63 43 0.000000
0.13614377 0.00543439 0.15659238 67 66 43 0.000000
0.13387230 0.00972198 0.16126439 96 93 73 0.000000
0.13478740 0.00334665 0.16140711 112 110 88 0.000000
0.13293454 0.00652784 0.16111876 111 109 89 0.000000
0.13185067 0.00498230 0.16118003 111 108 87 0.000000
0.13675091 0.00646730 0.15551718 62 61 41 0.000000
0.12957644 -0.00273342 0.16128716 114 111 90 0.000000
0.13482051 0.00171726 0.16159181 132 128 87 0.000000
0.13206220 0.00964421 0.16105284 109 108 88 0.000000
0.13758369 0.00906326 0.15016493 39 44 25 0.000000
0.13756517 0.01008658 0.15002534 38 40 30 0.000000
0.13596343 -0.00196279 0.16052125 76 75 56 0.000000
0.12911360 0.00117679 0.16126831 112 110 88 0.000000
0.13721375 0.00527717 0.15065250 40 46 27 0.000000
0.13133048 0.00159432 0.16133146 113 110 90 0.000000
0.13117243 0.00074886 0.16123345 113 110 89 0.000000
0.13587357 0.00868165 0.16102107 121 119 95 0.000000
0.13569954 0.00277754 0.15962057 57 57 41 0.000000
0.13137349 0.00194187 0.16132408 112 111 90 0.000000
0.13622941 0.00351144 0.15614790 67 65 47 0.000000
0.12907116 -0.00233475 0.16131128 115 112 89 0.000000
0.13588434 0.00991223 0.15878226 59 56 41 0.000000
0.12616871 0.00537926 0.16140944 122 119 94 0.000000
0.13175917 0.00906266 0.16108662 108 107 87 0.000000
0.13611373 0.00345155 0.15672764 63 64 43 0.000000
0.13691357 0.00148887 0.15068537 44 47 26 0.000000
0.13244724 0.00985624 0.16111456 112 109 88 0.000000
0.12928568 0.00691840 0.16122264 110 106 85 0.000000
0.12700470 0.00493010 0.16132751 121 121 93 0.000000
0.13725273 0.00732563 0.15179756 56 55 35 0.000000
0.13406640 0.00422757 0.16121620 99 96 76 0.000000
0.13563068 0.00283140 0.15926746 59 57 40 0.000000
0.13536674 -0.00157227 0.16126867 129 127 104 0.000000
0.13400954 -0.00153410 0.16137539 98 95 74 0.000000
0.12605695 0.00037444 0.16138542 114 111 87 0.000000
0.13576145 0.00726554 0.15951508 60 56 44 0.000000
0.13093798 0.00894906 0.16111384 112 107 87 0.000000
0.13575217 0.00767538 0.15899558 58 56 42 0.000000
0.13611828 0.00863012 0.16032699 73 71 54 0.000000
0.13557465 -0.00052772 0.15880956 56 56 40 0.000000
0.13691655 0.00814380 0.15485774 62 61 40 0.000000
0.13215752 0.00907249 0.16101372 111 108 88 0.000000
0.13675556 0.00577404 0.15359466 65 66 45 0.000000
0.13581295 0.00138205 0.16122967 128 124 98 0.000000
0.13022462 0.00258623 0.14435533 41 41 31 0.000000
0.13660064 0.00241370 0.15435123 62 62 42 0.000000
0.13592826 -0.00232911 0.14888468 43 45 21 0.000000
0.13638325 0.00097203 0.15557143 65 64 40 0.000000
0.13672504 0.00294390 0.15345503 63 63 39 0.000000
0.13488019 0.01095746 0.16126956 104 103 84 0.000000
0.13696928 0.00243816 0.15158315 50 51 31 0.000000
0.12929650 -0.00117640 0.16130725 114 109 89 0.000000
0.12787566 0.00278918 0.16131622 114 109 85 0.000000
0.13633645 -0.00352319 0.15173852 49 52 31 0.000000
0.13583586 -0.00061087 0.15675806 64 63 43 0.000000
0.13562055 0.00162172 0.15929084 58 57 38 0.000000
0.13591291 -0.00391802 0.16013749 64 60 45 0.000000
0.13547952 0.00784190 0.16122131 127 124 102 0.000000
0.13567184 0.00343121 0.16134049 131 128 102 0.000000
0.13652796 -0.00326955 0.15166187 51 49 32 0.000000
0.13720228 0.00790429 0.15183666 50 52 35 0.000000
0.13138989 0.01031073 0.16116187 113 110 89 0.000000
0.12995900 0.00089140 0.16121513 112 108 87 0.000000
0.12961827 -0.00022020 0.16126758 112 111 89 0.000000
0.13608682 0.01037524 0.16070770 88 87 68 0.000000
0.13235313 0.00066573 0.16126901 110 108 89 0.000000
0.13604340 0.01062703 0.16021988 70 68 54 0.000000
0.13562532 0.00178425 0.15964483 62 59 39 0.000000
0.13704136 -0.00146446 0.15190823 50 51 29 0.000000
0.13141043 0.00905888 0.16106527 109 106 88 0.000000
0.13721687 0.00581314 0.15098251 46 46 36 0.000000
0.13555624 0.00417675 0.15910159 60 57 41 0.000000
0.13579492 0.00816200 0.15862381 58 57 39 0.000000
0.13483959 -0.00011624 0.16152340 109 113 91 0.000000
0.13613145 0.00364054 0.15645501 65 62 46 0.000000
0.13141000 -0.00259143 0.16129777 113 110 89 0.000000
0.13600193 0.00827072 0.16016231 66 66 50 0.000000
0.13568506 0.00171852 0.15761703 61 61 43 0.000000
0.13579413 0.00840598 0.15969056 58 56 40 0.000000
0.13622154 -0.00359982 0.15463226 62 61 40 0.000000
0.13702473 0.00923085 0.15468329 62 62 44 0.000000
0.13068874 -0.00409118 0.16135526 113 109 88 0.000000
0.13610788 -0.00266374 0.16028139 68 66 48 0.000000
0.13535541 -0.00269907 0.14791261 45 44 25 0.000000
0.13644770 -0.00258350 0.15413801 66 66 43 0.000000
0.13465299 0.01030611 0.16126014 103 100 80 0.000000
0.13703199 0.00830784 0.15364534 67 66 47 0.000000
0.13683735 0.00594625 0.15387872 69 67 44 0.000000
0.13620371 -0.00305815 0.15461098 62 61 42 0.000000
0.13351980 -0.00232221 0.14544867 39 43 28 0.000000
0.13536768 -0.00335143 0.16111264 125 123 99 0.000000
0.13569389 -0.00468262 0.14863344 45 44 26 0.000000
0.13717684 0.00981862 0.15154053 52 54 31 0.000000
0.12974133 0.00688167 0.16117397 109 107 86 0.000000
0.13656284 0.00365354 0.15473774 61 60 42 0.000000
0.13651910 -0.00199324 0.15352175 60 61 42 0.000000
0.12672226 0.00259767 0.16136457 113 110 88 0.000000
0.13234197 0.00483084 0.16117454 111 107 89 0.000000
0.13307765 0.00525685 0.16112854 112 110 87 0.000000
0.12890215 -0.00304203 0.16130166 114 111 89 0.000000
0.13592812 0.00192910 0.15705100 63 61 43 0.000000
0.13719499 0.01122468 0.15418905 68 67 47 0.000000
0.13699919 0.00826351 0.15327100 61 63 39 0.000000
0.13330844 0.00319445 0.16135503 109 103 82 0.000000
0.13574640 0.00409628 0.16128764 126 124 99 0.000000
0.13567287 0.00408958 0.15881854 59 57 38 0.000000
0.12967031 0.00197533 0.16129407 112 109 88 0.000000
0.13626294 0.00527365 0.15638456 69 66 45 0.000000
0.12739275 0.00634228 0.16127744 140 136 106 0.000000
0.13741235 0.01031664 0.15289555 59 58 38 0.000000
0.13078180 -0.00211780 0.16125424 112 109 87 0.000000
0.13718793 0.00901950 0.15403366 76 72 49 0.000000
0.13651367 -0.00059880 0.15292388 55 53 31 0.000000
0.12764698 -0.00152122 0.16138290 113 109 88 0.000000
0.13544382 0.00568658 0.16134243 122 124 102 0.000000
0.13619262 0.01111190 0.15817326 58 58 41 0.000000
0.13082799 0.00326883 0.16124193 113 109 90 0.000000
0.13653348 -0.00231901 0.15375298 63 64 44 0.000000
0.13619789 -0.00409064 0.15001695 43 49 27 0.000000
0.13341364 0.00284586 0.16133955 106 101 82 0.000000
0.13604449 0.00993247 0.15800832 58 60 41 0.000000
0.13315807 0.00685023 0.16116598 112 109 87 0.000000
0.12677513 -0.00113428 0.16136205 112 110 88 0.000000
0.13152811 -0.00089114 0.16114184 112 110 87 0.000000
0.13677427 0.00642219 0.15501676 61 60 40 0.000000
0.13726470 0.00704885 0.15055677 43 46 29 0.000000
0.13318898 0.00851750 0.16116430 109 108 89 0.000000
0.13378687 0.00915395 0.16124113 97 94 73 0.000000
0.13608243 -0.00328440 0.15494639 62 61 43 0.000000
0.13069355 -0.00166291 0.16125147 113 111 89 0.000000
0.13706593 0.00262777 0.15125790 46 48 32 0.000000
0.12829773 0.00368108 0.16122329 111 109 86 0.000000
0.13023782 0.00719693 0.16114892 110 107 88 0.000000
0.13566853 0.00038888 0.15973419 57 54 43 0.000000
0.13200094 0.00342976 0.16130638 111 108 88 0.000000
0.13726842 0.01000951 0.15283802 60 60 37 0.000000
0.13558392 -0.00120771 0.15812835 59 59 38 0.000000
0.13180086 0.00081655 0.16127674 112 109 90 0.000000
0.12928821 0.00395899 0.16115735 113 109 87 0.000000
0.13703132 0.00949009 0.15339305 59 61 40 0.000000
0.13608599 -0.00325804 0.15519975 60 60 43 0.000000
0.13352443 0.00396611 0.16126135 105 99 80 0.000000
0.13729748 0.00703134 0.15016964 43 46 25 0.000000
0.13543278 -0.00396131 0.15821616 54 54 41 0.000000
0.13633925 -0.00341859 0.15438613 63 63 41 0.000000
0.13308640 -0.00196869 0.16123255 108 103 82 0.000000
0.13654695 -0.00079040 0.15403016 66 66 44 0.000000
0.13607757 0.00903450 0.16091114 97 96 76 0.000000
0.13636361 0.00951873 0.15712595 64 63 44 0.000000
0.13349853 -0.00042865 0.16138725 99 95 77 0.000000
0.13648267 -0.00180536 0.15301174 52 53 33 0.000000
0.13177736 0.00758695 0.16106889 110 108 86 0.000000
0.13652422 -0.00284319 0.15301691 53 54 35 0.000000
0.13563295 0.00137956 0.15963939 61 59 40 0.000000
0.12534246 0.00221664 0.16130289 136 134 107 0.000000
0.13715969 0.00619495 0.15162703 51 52 31 0.000000
0.13632089 -0.00021713 0.15568149 65 64 45 0.000000
0.13685107 0.00795886 0.15514165 61 61 37 0.000000
0.13462788 -0.00402081 0.16127746 120 117 93 0.000000
0.13610366 0.01037095 0.16032951 75 74 56 0.000000
0.13679232 0.00619134 0.15490144 61 61 37 0.000000
0.13600926 0.00815472 0.15787053 62 60 39 0.000000
0.13244115 0.00585441 0.16109185 112 109 88 0.000000
0.13670966 0.00378580 0.15400368 68 68 45 0.000000
0.13694313 0.01125866 0.15564258 62 60 42 0.000000
0.13640030 -0.00423069 0.15373519 64 64 44 0.000000
0.13676243 0.01031232 0.15611829 65 64 45 0.000000
0.13351405 0.00733012 0.16112465 107 101 78 0.000000
0.13588107 0.00152509 0.15688831 65 63 42 0.000000
0.13532135 0.00218317 0.16148259 134 134 99 0.000000
0.13498864 -0.00053166 0.16150896 119 118 92 0.000000
0.13624194 0.00265874 0.15617439 69 67 42 0.000000
0.12597254 0.00363112 0.16138247 124 123 98 0.000000
0.13350365 0.00514171 0.16114032 105 100 79 0.000000
0.13065861 0.00446267 0.16124076 112 108 87 0.000000
0.13585372 0.00786350 0.15855856 56 58 38 0.000000
0.13305259 0.00443693 0.16124226 112 109 87 0.000000
0.13594879 0.00186602 0.16058064 79 77 61 0.000000
0.13612527 0.00577122 0.16038676 70 68 52 0.000000
0.13693559 0.00283961 0.15201047 50 53 36 0.000000
0.13635263 0.01018201 0.15704712 63 62 43 0.000000
0.13593647 0.00145200 0.16083731 88 90 70 0.000000
0.13696387 -0.00084803 0.15198220 49 50 31 0.000000
0.13050276 0.00144276 0.16126809 111 109 88 0.000000
0.13568375 -0.00468478 0.15731496 61 62 44 0.000000
0.13373305 -0.00321729 0.16120695 97 95 73 0.000000
0.13700262 0.00784601 0.15462993 63 64 43 0.000000
0.12784211 0.00066442 0.16131958 111 108 86 0.000000
0.13537411 -0.00462014 0.15802939 59 57 39 0.000000
0.13551179 -0.00051287 0.16135319 134 132 103 0.000000
0.12786682 0.00355291 0.16127306 112 109 87 0.000000
0.12889461 0.00849837 0.16124134 111 107 85 0.000000
0.13751671 0.00833792 0.15009549 39 42 26 0.000000
0.12525892 0.00173526 0.16132490 129 126 100 0.000000
0.13163231 0.01101096 0.16117759 110 109 88 0.000000
0.13574563 -0.00191293 0.16088291 86 88 71 0.000000
0.13758858 0.00922730 0.15053824 43 45 26 0.000000
0.13449621 -0.00161193 0.16137770 108 105 84 0.000000
0.13638924 0.00041708 0.15469280 62 61 41 0.000000
0.12755923 -0.00054019 0.16139264 112 108 88 0.000000
0.13564149 0.00231325 0.15950117 60 57 43 0.000000
0.13616157 0.00839860 0.15753196 63 61 44 0.000000
0.13615708 0.00319550 0.16040552 66 70 51 0.000000
0.13571154 0.00962875 0.15938298 63 61 45 0.000000
0.13274261 0.00829937 0.16111998 114 109 88 0.000000
0.13710959 0.00866126 0.15129223 49 52 32 0.000000
0.13446663 0.00441012 0.16121681 107 103 81 0.000000
0.13382858 0.00556797 0.16118585 98 93 75 0.000000
0.13607624 0.00786621 0.15761381 62 61 43 0.000000
0.12919603 0.00480833 0.16116527 114 110 91 0.000000
0.13592333 0.01016323 0.14830306 35 41 26 0.000000
0.13603276 0.00449469 0.16086958 91 87 66 0.000000
0.13485719 0.00876430 0.16127683 108 105 86 0.000000
0.13201968 0.00263553 0.16128449 111 109 89 0.000000
0.13670248 0.00025246 0.15346217 60 61 37 0.000000
0.12836519 0.00296878 0.16128540 111 108 88 0.000000
0.13115235 0.00006401 0.16121495 112 110 89 0.000000
0.12704250 0.00317857 0.16135940 115 111 86 0.000000
0.13027053 -0.00052055 0.16128883 114 113 91 0.000000
0.13390264 0.00183939 0.16136251 100 96 74 0.000000
0.13600983 0.00335024 0.15702860 63 63 44 0.000000
0.13114962 -0.00105956 0.16121644 115 111 90 0.000000
0.13268852 -0.00168709 0.16124207 113 110 88 0.000000
0.13590883 0.00617429 0.15826000 58 57 41 0.000000
0.13653998 -0.00249911 0.15394190 67 66 46 0.000000
0.13705207 0.00265059 0.15085128 45 47 30 0.000000
0.13681500 0.00471891 0.15321544 60 58 38 0.000000
0.13632709 0.00659617 0.14875506 39 45 20 0.000000
0.13618383 0.01080527 0.15789403 59 61 40 0.000000
0.13551746 -0.00206304 0.15829755 59 57 39 0.000000
0.13279790 -0.00233648 0.16126171 114 107 86 0.000000
0.13407424 0.00797955 0.14693622 37 41 23 0.000000
0.12987478 0.00020092 0.16121136 117 110 90 0.000000
0.13080403 0.00936728 0.16112363 109 105 88 0.000000
0.13419314 -0.00401125 0.14582287 40 44 28 0.000000
0.13724323 0.01059948 0.15315445 62 61 40 0.000000
0.13681237 0.00769917 0.15539166 62 60 41 0.000000
0.13398756 0.00057029 0.16141376 97 94 74 0.000000
0.13657238 -0.00060878 0.15336533 59 58 37 0.000000
0.13043827 0.00684050 0.16120839 111 108 86 0.000000
0.13720882 0.00475456 0.15089720 42 45 28 0.000000
0.13307603 -0.00357500 0.14485730 44 42 23 0.000000
0.13617809 0.00884812 0.15748425 60 60 43 0.000000
0.13248605 0.00530195 0.16113800 111 108 90 0.000000
0.13702151 -0.00004139 0.15144645 45 51 27 0.000000
0.13003691 0.00352115 0.16116211 109 108 88 0.000000
0.13718283 0.01087488 0.15359035 68 66 42 0.000000
0.13596699 0.00680777 0.15795453 57 58 40 0.000000
0.13106550 0.00798259 0.16109860 108 106 86 0.000000
0.13611045 0.00616034 0.15742663 62 63 43 0.000000
0.13560621 0.00002852 0.14811279 38 43 24 0.000000
0.13646197 0.00846876 0.15662540 63 62 45 0.000000
0.13571389 0.00403577 0.15847185 56 57 36 0.000000
0.13638611 0.00292004 0.15562572 63 61 42 0.000000
0.13560140 0.00597931 0.15939954 61 58 42 0.000000
0.13557854 -0.00427536 0.15757374 61 62 43 0.000000
0.13252832 0.00739598 0.16115168 115 109 88 0.000000
0.13743177 0.01105908 0.15186928 51 52 28 0.000000
0.13688374 0.01028557 0.15501520 60 60 40 0.000000
0.13685197 0.00308576 0.15026461 43 45 19 0.000000
0.13107927 0.01103169 0.16124515 111 107 88 0.000000
0.13256349 0.00017519 0.16129237 114 110 89 0.000000
0.13565178 -0.00387973 0.15757512 63 60 42 0.000000
0.13717495 0.00858921 0.15214069 55 57 35 0.000000
0.13648307 -0.00306823 0.15078022 46 47 28 0.000000
0.13711032 0.00999526 0.15122911 48 50 29 0.000000
0.13588841 0.01015332 0.15828195 56 56 43 0.000000
0.13319601 0.00181242 0.16136502 116 108 82 0.000000
0.12895449 -0.00422898 0.16122155 113 111 88 0.000000
0.13653439 0.01092992 0.15700933 64 64 44 0.000000
0.13700302 0.00414086 0.15250824 57 55 34 0.000000
0.12987606 0.01051069 0.16119914 109 106 86 0.000000
0.13669932 0.00118596 0.15259573 52 53 36 0.000000
0.13561955 0.00113432 0.15953915 59 57 40 0.000000
0.13242835 0.00357077 0.16128802 110 110 88 0.000000
0.13603917 0.00235017 0.16111822 100 100 78 0.000000
0.12698461 0.00401586 0.16136551 115 111 88 0.000000
0.13719364 0.00775251 0.15208371 57 55 37 0.000000
0.13612041 0.00747662 0.15745950 64 63 41 0.000000
0.13588434 0.00691249 0.16090438 113 109 84 0.000000
0.13016270 0.00041143 0.16119747 113 109 89 0.000000
0.13562101 -0.00049888 0.15830500 56 58 37 0.000000
0.13679248 0.00532125 0.15271308 56 58 37 0.000000
0.12845720 0.00563131 0.16115032 122 120 94 0.000000
0.13545488 -0.00214545 0.15866597 57 56 39 0.000000
0.13439144 -0.00038322 0.14635001 37 42 29 0.000000
0.13578284 0.00606755 0.15883125 56 58 41 0.000000
0.13760078 0.01038122 0.15023440 40 42 27 0.000000
0.12808642 -0.00374535 0.16134614 111 108 86 0.000000
0.13559259 -0.00019418 0.15866552 54 55 41 0.000000
0.13646631 -0.00035716 0.15422416 65 62 41 0.000000
0.13585389 0.00190750 0.15742283 61 62 40 0.000000
0.13556165 -0.00374311 0.15954971 57 54 42 0.000000
0.13683727 0.00615750 0.15452552 64 61 40 0.000000
0.13435955 -0.00350110 0.16141921 110 105 82 0.000000
0.13651496 0.00933492 0.15669577 64 63 44 0.000000
0.13628894 -0.00417962 0.15139998 50 52 28 0.000000
0.13688608 0.00876792 0.15478221 62 62 40 0.000000
0.12742797 -0.00198135 0.16138455 113 110 88 0.000000
0.13669622 0.00765620 0.15595263 66 64 41 0.000000
0.13701551 0.00740683 0.15230373 56 58 38 0.000000
0.13625759 -0.00422639 0.15460929 62 61 40 0.000000
0.13188864 0.00849527 0.16109461 109 108 88 0.000000
0.12634920 -0.00015109 0.16138691 112 109 87 0.000000
0.13611218 -0.00156582 0.15546986 62 62 41 0.000000
0.13720185 0.00688221 0.15162529 57 55 35 0.000000
0.13638496 0.00540666 0.15584216 63 62 44 0.000000
0.12691389 0.00541044 0.16131659 125 126 97 0.000000
0.13569027 0.00811966 0.15894218 58 56 41 0.000000
0.13591254 0.00246697 0.15701470 63 62 44 0.000000
0.13702881 0.00338701 0.15140623 51 51 30 0.000000
0.13656913 -0.00288428 0.15374057 65 64 43 0.000000
0.13652126 0.00040812 0.14956042 41 47 25 0.000000
0.13559213 0.00847010 0.15927538 59 59 42 0.000000
0.13588095 0.00587997 0.15814547 57 58 40 0.000000
0.13476408 -0.00282928 0.16137585 117 113 94 0.000000
0.13667345 0.00050472 0.15374197 66 65 45 0.000000
0.13582674 0.00533682 0.15830031 56 56 39 0.000000
0.13655446 -0.00255585 0.15335999 56 58 37 0.000000
0.13724558 0.00788406 0.15155941 53 50 30 0.000000
0.13601398 -0.00274530 0.15601601 65 65 44 0.000000
0.13602781 0.00221180 0.16086669 88 84 67 0.000000
0.13584858 0.01057096 0.16099951 118 117 97 0.000000
0.13595338 0.00303510 0.15721084 65 62 44 0.000000
0.13167116 0.00155221 0.16135053 114 111 89 0.000000
0.13542007 0.00435279 0.16120511 127 125 102 0.000000
0.12560472 0.00146314 0.16132033 121 119 94 0.000000
0.13596432 0.00354557 0.16009168 60 60 44 0.000000
0.13691683 0.00904968 0.15507179 62 58 41 0.000000
0.13713762 0.00879130 0.15386529 71 69 44 0.000000
0.13509549 0.00789851 0.16126123 119 115 93 0.000000
0.13678868 -0.00099379 0.15032426 40 45 30 0.000000
0.13564472 0.00100368 0.15784739 60 59 40 0.000000
0.13534799 0.00691891 0.16113125 127 124 100 0.000000
0.13617443 0.00313311 0.15637884 66 64 44 0.000000
0.13671407 0.00103057 0.15376289 64 66 41 0.000000
0.13655409 0.00963584 0.15653956 64 63 45 0.000000
0.13686778 -0.00228258 0.15189426 46 49 30 0.000000
0.13286470 0.00221130 0.16130687 117 113 88 0.000000
0.13580467 0.00157403 0.15709212 60 62 43 0.000000
0.13190922 0.00678386 0.16111305 110 107 88 0.000000
0.13588031 -0.00471618 0.16045953 78 76 53 0.000000
0.13651623 0.00610534 0.15603726 65 64 45 0.000000
0.13646959 0.00099154 0.15452312 61 59 39 0.000000
0.12869953 -0.00280327 0.16128033 113 110 89 0.000000
0.13216630 -0.00447379 0.16119334 112 109 88 0.000000
0.13634086 0.00223964 0.15573640 64 62 43 0.000000
0.13670903 0.00965823 0.15595384 64 63 43 0.000000
0.13575491 -0.00064768 0.15956192 60 56 38 0.000000
0.13574462 -0.00034767 0.15758795 61 60 44 0.000000
0.12836838 -0.00126390 0.16134188 111 107 89 0.000000
0.13631925 0.00303293 0.15590955 64 64 47 0.000000
0.13535485 -0.00254558 0.16128375 131 127 103 0.000000
0.13633187 -0.00431835 0.15327123 57 60 36 0.000000
0.13249506 -0.00417319 0.16132179 112 111 87 0.000000
0.13572417 0.00523721 0.15967943 58 57 41 0.000000
0.12952136 0.00485944 0.16123897 113 111 88 0.000000
0.13546294 -0.00388900 0.15868752 58 56 36 0.000000
0.13634424 -0.00087674 0.14930139 44 43 26 0.000000
0.13714767 -0.00242704 0.15246904 51 51 32 0.000000
0.13642591 -0.00431145 0.15219417 47 48 32 0.000000
0.13630034 0.00174317 0.15607373 67 65 47 0.000000
0.13553992 0.00020889 0.15943258 58 55 41 0.000000
0.12798868 0.00017460 0.16131030 111 109 85 0.000000
0.13561794 0.00501727 0.15778275 60 59 41 0.000000
0.13567907 0.00931110 0.15958980 62 59 45 0.000000
0.13046655 0.00101061 0.16123404 112 108 88 0.000000
0.13531156 0.00287198 0.16144551 125 127 101 0.000000
0.12664451 -0.00040553 0.16136466 112 109 86 0.000000
0.13577642 0.00118133 0.14844297 43 43 28 0.000000
0.13710192 0.01082962 0.15434511 65 68 48 0.000000
0.13667218 -0.00252856 0.15104716 47 48 29 0.000000
0.13602647 0.00277461 0.16111574 103 103 82 0.000000
0.13666728 0.00184603 0.15400548 69 68 46 0.000000
0.13631628 0.00768889 0.15685223 65 64 43 0.000000
0.12925731 -0.00359687 0.16132753 115 112 91 0.000000
0.13453360 -0.00237219 0.16132085 108 111 88 0.000000
0.12652357 0.00046558 0.16141774 112 110 88 0.000000
0.13291746 0.00000753 0.14526945 37 47 24 0.000000
0.13652658 0.00292172 0.15462960 60 58 42 0.000000
0.13587643 0.00239971 0.16129802 123 120 96 0.000000
0.13639046 0.00384523 0.15532731 64 63 43 0.000000
0.13682003 0.00951278 0.15562403 65 63 41 0.000000
0.13356242 -0.00129178 0.16129839 98 94 75 0.000000
0.13552091 -0.00234437 0.15790264 60 60 40 0.000000
0.13703327 0.00400539 0.15177134 52 52 35 0.000000
0.12856735 0.00532127 0.16116947 118 115 93 0.000000
0.13678846 0.00675446 0.15518148 60 59 40 0.000000
0.13560519 -0.00149029 0.15806282 59 60 39 0.000000
0.13277221 0.00972150 0.16108884 111 109 89 0.000000
0.13693154 0.00759404 0.15261115 63 62 42 0.000000
0.13660803 0.00505324 0.15505192 62 61 41 0.000000
0.13575171 -0.00441354 0.16073011 80 80 64 0.000000
0.13687311 0.00466347 0.15298772 57 56 39 0.000000
0.13534172 0.00014197 0.16134037 139 136 103 0.000000
0.13660768 0.00885640 0.15615940 66 64 43 0.000000
0.13407056 -0.00088686 0.16144556 98 94 74 0.000000
0.13055439 0.00499009 0.16125344 111 107 87 0.000000
0.13566799 0.00377231 0.15870985 56 56 39 0.000000
0.13691093 0.00090882 0.15091597 44 48 28 0.000000
0.13631366 -0.00228759 0.15434617 64 62 41 0.000000
0.13602076 0.00659737 0.16005743 59 62 43 0.000000
0.13344386 -0.00458707 0.16135122 97 94 76 0.000000
0.13475145 0.00770778 0.16118601 109 106 86 0.000000
0.12948811 0.00790467 0.16117966 110 106 85 0.000000
0.13703793 -0.00108359 0.15117323 44 48 30 0.000000
0.13711698 0.00598740 0.15210280 55 57 32 0.000000
0.13637649 0.00185799 0.15550445 62 63 44 0.000000
0.13603793 -0.00090566 0.14880708 36 43 32 0.000000
0.13071306 0.01068352 0.16127841 110 107 87 0.000000
0.13587072 -0.00033169 0.14850512 43 44 25 0.000000
0.13432823 -0.00116637 0.16145648 105 100 78 0.000000
0.12606220 -0.00000699 0.16136849 113 110 88 0.000000
0.13441862 -0.00366036 0.16135167 110 107 88 0.000000
0.13666520 0.00429863 0.15474039 62 60 40 0.000000
0.13698764 0.00345681 0.15199123 51 54 31 0.000000
0.13300303 -0.00431795 0.14472032 40 39 30 0.000000
0.13696100 -0.00208363 0.15125750 45 48 28 0.000000
0.13659406 0.00465973 0.14943081 39 43 26 0.000000
0.12966661 -0.00428770 0.16131209 116 112 90 0.000000
0.13651282 0.00809215 0.15640412 66 64 46 0.000000
0.13637617 -0.00183738 0.15452957 62 60 42 0.000000
0.13590845 -0.00065477 0.15993795 60 57 41 0.000000
0.12646951 0.00179989 0.16140220 115 111 90 0.000000
0.13643272 0.00432181 0.15531678 64 63 41 0.000000
0.12858145 0.00806828 0.16123459 111 107 89 0.000000
0.13683222 0.00911453 0.14894062 39 42 24 0.000000
0.13702607 0.00689789 0.15205461 55 56 36 0.000000
0.13114724 0.00037500 0.16123186 112 111 87 0.000000
0.13681248 0.00185417 0.15007950 43 45 23 0.000000
0.13605258 0.00318075 0.16015933 63 62 42 0.000000
0.13272126 -0.00304287 0.16133526 110 108 87 0.000000
0.13564707 0.00459558 0.15885192 57 56 40 0.000000
0.13569231 0.00077802 0.15756099 63 60 39 0.000000
0.13702859 0.01010200 0.15466098 62 61 44 0.000000
0.13641970 -0.00161241 0.14965619 38 45 31 0.000000
0.13565962 0.00233732 0.15912694 57 54 42 0.000000
0.13318935 0.00114844 0.14544165 45 39 25 0.000000
0.13605367 0.00388147 0.16102861 100 97 75 0.000000
0.13550104 -0.00312101 0.15811412 56 57 41 0.000000
0.13477205 0.00720093 0.16117723 109 107 87 0.000000
0.13502342 -0.00139960 0.14723222 45 43 22 0.000000
0.13448098 0.00893908 0.16125366 99 95 74 0.000000
0.13281515 -0.00120940 0.16131952 112 109 89 0.000000
0.13591112 0.00194211 0.16114545 105 105 82 0.000000
0.13462250 0.00411004 0.16122788 108 106 85 0.000000
0.12563309 0.00445742 0.16143619 122 121 95 0.000000
0.13421541 0.00173750 0.16146125 104 102 77 0.000000
0.13571456 0.00930120 0.15916421 60 58 41 0.000000
0.13297985 0.00918199 0.16115077 110 110 88 0.000000
0.12462923 0.00309574 0.16132261 139 137 109 0.000000
0.13600247 0.00719930 0.15764688 60 61 43 0.000000
0.12843357 0.00059647 0.16131148 111 108 87 0.000000
0.13609567 -0.00006328 0.15616356 65 64 44 0.000000
0.13723622 0.00705181 0.15149245 58 55 34 0.000000
0.13678037 0.00639109 0.15528147 60 60 40 0.000000
0.13136208 -0.00001649 0.16115563 115 110 89 0.000000
0.13540949 -0.00297848 0.15879975 56 55 40 0.000000
0.13760519 0.00954428 0.15053849 35 46 26 0.000000
0.13537215 -0.00376288 0.14803717 38 45 26 0.000000
0.13065241 0.00546699 0.16126533 110 108 87 0.000000
0.12940216 -0.00447269 0.16124126 115 112 91 0.000000
0.13710555 0.00484048 0.15188579 54 53 36 0.000000
0.13654639 -0.00148567 0.15345587 60 59 40 0.000000
0.13740773 0.01086376 0.15129581 48 49 30 0.000000
0.13700821 -0.00036224 0.15073474 45 47 24 0.000000
0.13580658 -0.00209191 0.15988217 53 53 41 0.000000
0.13598727 0.00018524 0.16032827 70 71 54 0.000000
0.13672169 0.00332184 0.15332118 57 57 38 0.000000
0.13437140 0.00789575 0.16117452 98 96 78 0.000000
0.13626437 -0.00256026 0.14973491 46 47 25 0.000000
0.13591367 0.00726285 0.16006374 65 63 49 0.000000
0.13600825 0.00624177 0.15761232 62 61 44 0.000000
0.13563199 -0.00305565 0.16096780 99 96 76 0.000000
0.13709633 -0.00111416 0.15155013 47 49 29 0.000000
0.13604905 -0.00384976 0.14975376 46 47 27 0.000000
0.13697298 0.00763051 0.15427507 76 73 50 0.000000
0.13086839 0.00636896 0.16123502 110 107 88 0.000000
0.13204174 0.00799940 0.16109428 110 107 88 0.000000
0.13267986 0.00271447 0.16127771 112 112 89 0.000000
0.13656425 0.00237764 0.15461434 62 60 41 0.000000
0.13565512 -0.00340806 0.15755682 61 62 42 0.000000
0.13676736 0.00135165 0.15003602 38 46 23 0.000000
0.13362356 0.01029267 0.16123651 113 104 79 0.000000
0.13642208 -0.00348185 0.15210381 51 51 32 0.000000
0.13625534 0.00469593 0.15628554 67 66 48 0.000000
0.13654718 -0.00279757 0.15274470 53 54 35 0.000000
0.13629156 0.00342811 0.15582730 64 63 45 0.000000
0.13725385 0.00882479 0.15104467 50 51 30 0.000000
0.13012439 0.01108947 0.16118543 110 107 86 0.000000
0.12608439 0.00479448 0.16142805 123 120 93 0.000000
0.13588937 0.00406476 0.16008766 60 61 47 0.000000
0.13689320 0.00681552 0.15346995 63 62 42 0.000000
0.13609886 -0.00094363 0.15608664 66 65 45 0.000000
0.12743512 0.00332866 0.16132763 112 110 87 0.000000
0.13668719 0.00170376 0.15250872 54 55 34 0.000000
0.13664445 0.00102044 0.15199593 52 53 32 0.000000
0.13430205 -0.00470277 0.16133331 108 105 85 0.000000
0.13706578 -0.00183235 0.15155014 50 50 28 0.000000
0.12845905 0.00686336 0.16122833 112 109 88 0.000000
0.12910235 0.00504240 0.16118449 116 113 90 0.000000
0.13693464 0.00961906 0.15522674 60 60 42 0.000000
0.13591509 -0.00027469 0.15718979 62 64 43 0.000000
0.13560496 0.00556052 0.15910928 61 58 41 0.000000
0.13654797 0.00187912 0.15489918 58 59 43 0.000000
0.13668014 -0.00185524 0.15043540 45 47 28 0.000000
0.13164124 0.00798430 0.16109289 110 106 87 0.000000
0.13160741 -0.00322211 0.16125526 112 110 88 0.000000
0.12691632 0.00280451 0.16136158 114 109 87 0.000000
0.13566022 -0.00335776 0.16073765 83 81 63 0.000000
0.13553667 0.00214351 0.15822682 54 55 42 0.000000
0.12689903 -0.00144919 0.16137135 113 109 86 0.000000
0.13697472 0.00837224 0.15452592 69 69 49 0.000000
0.13601616 0.01045637 0.15992564 62 62 44 0.000000
0.13555199 0.00183677 0.15868500 57 54 35 0.000000
0.13667575 0.00276017 0.15359902 69 67 44 0.000000
0.13571158 0.00792961 0.15938963 60 57 40 0.000000
0.13741150 0.00830940 0.15064913 46 47 28 0.000000
0.13657662 0.00014219 0.15253747 52 54 33 0.000000
0.13560754 -0.00419893 0.15948004 55 53 38 0.000000
0.13030821 0.00153367 0.16127980 113 108 89 0.000000
0.12706327 0.00606504 0.16133349 131 128 99 0.000000
0.13602163 -0.00217704 0.16017118 63 62 46 0.000000
0.13594958 -0.00441493 0.15534297 64 62 42 0.000000
0.12970921 0.00567720 0.16121081 112 108 88 0.000000
0.13599950 -0.00149681 0.15602674 65 63 46 0.000000
0.13589047 0.00446833 0.14840437 36 40 26 0.000000
0.13605751 0.00858250 0.15775901 61 59 43 0.000000
0.13605466 0.00685857 0.16042681 79 76 59 0.000000
0.13708986 0.00835688 0.15404518 75 72 51 0.000000
0.12861234 -0.00222564 0.16131124 112 110 89 0.000000
0.13467011 -0.00439081 0.16132331 119 117 95 0.000000
0.13649471 0.00139893 0.15526152 63 63 41 0.000000
0.12789094 -0.00201351 0.16136919 112 108 88 0.000000
0.13582364 -0.00226787 0.15695871 63 62 43 0.000000
0.13646923 0.00746066 0.15654735 64 65 44 0.000000
0.13610205 -0.00217008 0.15486495 62 62 44 0.000000
0.13694607 0.00087050 0.15049057 44 46 25 0.000000
0.13644487 0.00626066 0.15628214 65 65 45 0.000000
0.13690025 0.00701512 0.15376173 69 68 47 0.000000
0.12755948 -0.00016493 0.16133258 111 109 88 0.000000
0.13636121 0.00509634 0.15614092 67 63 45 0.000000
0.13600513 0.00078523 0.16084726 84 85 68 0.000000
0.13741796 0.01120608 0.15214249 54 52 33 0.000000
0.13556422 0.00169802 0.15795450 59 59 38 0.000000
0.13604479 -0.00301594 0.14935918 43 45 26 0.000000
0.13660885 0.00392156 0.15448341 63 61 38 0.000000
0.13658479 -0.00133609 0.15243901 53 55 33 0.000000
0.13170575 -0.00046610 0.16112000 113 109 88 0.000000
0.13553880 -0.00267772 0.14824192 39 44 25 0.000000
0.13204789 0.01076153 0.16113949 111 109 88 0.000000
0.13006870 0.00654958 0.16121708 111 107 86 0.000000
0.13707764 0.00972127 0.15256807 54 55 36 0.000000
0.13649806 -0.00280346 0.15066847 43 48 27 0.000000
0.13641681 -0.00387019 0.15383115 64 64 44 0.000000
0.13041624 0.00913297 0.16115546 111 107 88 0.000000
0.13394892 0.00151350 0.14575258 42 41 25 0.000000
0.13195865 0.00610513 0.16114242 108 108 88 0.000000
0.13153167 0.00402241 0.16124366 111 108 87 0.000000
0.13559622 0.00464332 0.15790008 60 60 39 0.000000
0.12796600 -0.00317133 0.16134189 111 107 85 0.000000
0.13575643 0.00210980 0.15769818 62 62 41 0.000000
0.13595566 0.00362018 0.16117011 116 111 87 0.000000
0.12850279 0.00632526 0.16120708 115 113 90 0.000000
0.13593407 -0.00122578 0.15659082 64 64 45 0.000000
0.13660070 -0.00073885 0.14978750 41 45 27 0.000000
0.13149352 0.00036072 0.16121700 113 109 90 0.000000
0.13661975 0.00938327 0.15626237 67 63 42 0.000000
0.13696223 0.00356801 0.15243004 55 56 36 0.000000
0.12888022 -0.00253306 0.16129136 113 112 88 0.000000
0.13448977 0.00070743 0.16151904 99 102 83 0.000000
0.12664683 0.00533423 0.16136746 119 117 95 0.000000
0.13746694 0.00960621 0.14976616 39 45 23 0.000000
0.13653941 0.00577140 0.15569815 64 62 42 0.000000
0.13368519 0.01070976 0.16124071 117 110 77 0.000000
0.13704829 0.00853267 0.15314360 59 60 41 0.000000
0.13664249 0.00537069 0.15498374 61 62 42 0.000000
0.13686682 0.00559399 0.15405191 69 66 44 0.000000
0.13686728 0.00620504 0.15325961 60 61 38 0.000000
0.13096237 -0.00355646 0.16132334 112 108 87 0.000000
0.13544042 0.00392114 0.16129929 128 128 103 0.000000
0.13599294 0.00221718 0.16122332 111 107 87 0.000000
0.13520961 0.00872825 0.16130286 116 113 94 0.000000
0.13052297 0.00994229 0.14490278 40 42 27 0.000000
0.13591118 0.00466322 0.16117135 117 115 96 0.000000
0.13513376 0.00063338 0.14743659 40 42 28 0.000000
0.12927011 0.00033353 0.16128732 112 108 88 0.000000
0.13643549 0.00266508 0.14954761 41 45 24 0.000000
0.13640970 0.00498261 0.15587252 64 63 43 0.000000
0.13578708 0.00834771 0.15836421 57 59 38 0.000000
0.13650745 -0.00333591 0.15375665 63 64 44 0.000000
0.13742846 0.01063450 0.15282911 56 56 36 0.000000
0.13732570 0.00840503 0.15084074 45 49 26 0.000000
0.13462780 -0.00289986 0.14659446 43 42 30 0.000000
0.13188635 -0.00354617 0.16130811 114 108 89 0.000000
0.13060743 -0.00260841 0.16129076 112 109 88 0.000000
0.13676701 0.00268316 0.15311201 58 58 36 0.000000
0.13686165 0.00438617 0.15307076 60 59 40 0.000000
0.13622561 0.00774752 0.15735988 64 62 44 0.000000
0.13086462 0.00542887 0.14498217 39 41 23 0.000000
0.13688050 0.01050612 0.15552826 61 60 39 0.000000
0.13648771 0.00893637 0.15650192 64 64 43 0.000000
0.13679336 0.00644790 0.15471365 60 61 39 0.000000
0.13564327 -0.00477282 0.15966406 57 54 35 0.000000
0.13506764 0.00237342 0.16143315 127 128 95 0.000000
0.13651802 -0.00301806 0.15399662 67 67 44 0.000000
0.13228656 0.00041769 0.16122919 111 108 91 0.000000
0.12881233 0.00383438 0.16118015 112 109 88 0.000000
0.13641126 0.00892819 0.15703738 65 64 42 0.000000
0.12988208 0.00532310 0.16127911 112 108 89 0.000000
0.13592306 -0.00465410 0.15552825 65 62 42 0.000000
0.12649871 0.00267821 0.16138397 114 112 87 0.000000
0.13007963 0.00925291 0.16111603 110 108 86 0.000000
0.13650538 0.00246620 0.15497954 62 59 42 0.000000
0.13433057 0.00972613 0.16127360 97 94 73 0.000000
0.13591677 -0.00456732 0.15581657 64 61 44 0.000000
0.13551104 0.00043815 0.15783909 58 59 41 0.000000
0.13680759 0.01112093 0.15624793 65 64 44 0.000000
0.13647495 0.01118877 0.15720722 63 62 45 0.000000
0.12895666 0.00257134 0.16120002 112 109 87 0.000000
0.13741279 0.01036469 0.15274133 53 56 34 0.000000
0.13455513 -0.00076972 0.16149490 105 102 85 0.000000
0.13668163 0.00011039 0.15189818 48 52 32 0.000000
0.13320000 0.00090833 0.16143171 107 103 84 0.000000
0.13293122 0.01091067 0.16109045 118 115 93 0.000000
0.13619572 0.00578503 0.16066167 77 76 59 0.000000
0.13645539 -0.00248675 0.15025042 45 46 32 0.000000
0.12670194 0.00449781 0.16136996 116 113 88 0.000000
0.12682831 0.00014473 0.16139385 113 109 88 0.000000
0.13458526 0.00633597 0.16120338 107 103 83 0.000000
0.12792744 0.00398766 0.16128020 114 110 88 0.000000
0.12912510 0.00000509 0.16130818 112 109 87 0.000000
0.13679576 0.00546169 0.15320757 59 61 39 0.000000
0.13738669 0.01117201 0.15261075 55 54 37 0.000000
0.13686399 0.00600722 0.15308532 59 57 39 0.000000
0.13604674 -0.00286321 0.15527368 59 61 42 0.000000
0.13549794 0.00887433 0.16122228 128 124 103 0.000000
0.13585472 -0.00158648 0.16087478 86 86 68 0.000000
0.13593258 -0.00395359 0.15617105 62 65 43 0.000000
0.13673273 0.00805206 0.15590666 63 62 44 0.000000
0.13538840 0.00316243 0.16143557 127 126 100 0.000000
0.12948835 0.00651323 0.16122459 110 107 85 0.000000
0.13631797 -0.00464703 0.14999160 43 46 29 0.000000
0.12835149 0.00401326 0.16122966 112 110 87 0.000000
0.13717775 0.00563959 0.15017352 40 44 25 0.000000
0.13665032 0.00137015 0.15279086 53 54 34 0.000000
0.13581856 0.00777281 0.15870695 57 57 37 0.000000
0.13182856 0.00445171 0.16119808 111 107 88 0.000000
0.13633393 0.01095129 0.15755935 62 61 42 0.000000
0.13368723 0.00009986 0.16141334 97 94 72 0.000000
0.13603942 -0.00035110 0.15637361 65 62 45 0.000000
0.13036017 -0.00301349 0.16128141 110 110 87 0.000000
0.13572136 0.00307687 0.15765820 61 61 42 0.000000
0.13565807 -0.00076937 0.15915751 56 53 38 0.000000
0.13082315 -0.00246204 0.16125481 112 109 89 0.000000
0.12919585 0.00953197 0.16121693 110 107 84 0.000000
0.13664183 0.00047522 0.15239184 51 53 32 0.000000
0.13648173 0.00573913 0.15595864 66 63 43 0.000000
0.13581981 0.01030400 0.15877277 57 57 39 0.000000
0.13548419 -0.00218677 0.16113183 124 120 97 0.000000
0.13693397 0.00967810 0.15223289 59 58 37 0.000000
0.13699606 0.00274014 0.15152963 49 51 28 0.000000
0.13701142 0.00210036 0.15084830 46 48 29 0.000000
0.13573305 -0.00418956 0.15730990 62 62 44 0.000000
0.13544105 -0.00418042 0.16105734 122 118 93 0.000000
0.12665609 0.00410383 0.16138153 114 112 89 0.000000
0.13737351 0.01141832 0.15014879 40 44 24 0.000000
0.13685966 0.00691585 0.15395635 69 69 47 0.000000
0.13607539 0.00524283 0.16037437 74 70 55 0.000000
0.13574012 0.00502262 0.15853955 56 57 36 0.000000
0.13545793 0.00429463 0.15927935 61 58 39 0.000000
0.13208055 0.00469054 0.16114768 111 108 88 0.000000
0.13559042 -0.00202331 0.15788627 61 59 40 0.000000
0.13065381 0.00360822 0.16119340 114 109 88 0.000000
0.13028534 0.00442252 0.16125374 111 108 86 0.000000
0.13687795 -0.00280325 0.15203059 49 51 26 0.000000
0.13646773 -0.00219344 0.15316845 56 56 35 0.000000
0.13618849 0.00428592 0.15615068 70 68 41 0.000000
0.13605350 -0.00067571 0.16089889 83 81 61 0.000000
0.12981373 0.00729820 0.16119032 110 106 85 0.000000
0.12932043 0.00212443 0.16124761 111 109 87 0.000000
0.13571800 -0.00457040 0.15655200 62 64 38 0.000000
0.13699277 0.00742135 0.15453637 63 63 43 0.000000
0.13655892 0.00415010 0.15506020 63 63 40 0.000000
0.13721430 0.00845652 0.15110342 50 50 32 0.000000
0.13156806 -0.00183114 0.16118248 113 110 89 0.000000
0.13120878 -0.00041903 0.16118284 113 111 88 0.000000
0.13684992 0.00633837 0.15347861 65 65 44 0.000000
0.13614610 0.00264282 0.16085793 82 81 64 0.000000
0.13557731 0.00352247 0.15907443 58 55 42 0.000000
0.13569190 0.00631201 0.15923025 59 57 40 0.000000
0.13665552 0.00332923 0.15368547 67 66 46 0.000000
0.13610950 0.00502226 0.15688154 62 62 42 0.000000
0.13730069 0.01092490 0.15309089 60 59 40 0.000000
0.13558662 0.00336891 0.15793121 58 57 42 0.000000
0.12770562 0.00683643 0.16129486 117 114 89 0.000000
0.12804051 0.00214626 0.16132163 110 109 87 0.000000
0.13610177 0.00491440 0.15659840 66 64 47 0.000000
0.13685262 0.00595183 0.15272827 60 57 35 0.000000
0.13563100 -0.00157216 0.16111888 111 110 90 0.000000
0.13713463 0.01111747 0.15455341 60 61 41 0.000000
0.13748252 0.01059385 0.15084521 46 47 24 0.000000
0.12859805 0.00444196 0.16120934 114 112 89 0.000000
0.13570926 -0.00347318 0.15961748 56 55 37 0.000000
0.13687481 -0.00055554 0.15037693 46 46 27 0.000000
0.13555293 -0.00096879 0.15869878 56 53 39 0.000000
0.12992774 0.00163365 0.16129063 111 109 89 0.000000
0.13628447 0.00753402 0.15713546 64 63 41 0.000000
0.13709797 0.01020043 0.15379825 69 69 45 0.000000
0.13561162 0.00137611 0.15773588 59 60 41 0.000000
0.13600759 0.00868804 0.15793721 60 57 42 0.000000
0.12933531 -0.00064538 0.16129038 113 110 88 0.000000
0.13625252 -0.00071179 0.15576768 63 65 43 0.000000
0.13655294 -0.00440345 0.15263064 51 51 31 0.000000
0.12972131 0.00383611 0.16117921 111 109 87 0.000000
0.13741876 0.00909659 0.15079713 39 48 27 0.000000
0.13547863 -0.00168564 0.15866581 56 57 39 0.000000
0.13580126 0.00325416 0.15990344 58 57 40 0.000000
0.13673128 0.00857185 0.15582086 63 63 40 0.000000
0.13569838 -0.00320331 0.14863528 45 42 30 0.000000
0.13666157 0.00172665 0.15328239 57 57 34 0.000000
0.13199930 0.00132242 0.16134571 112 110 90 0.000000
0.13412476 0.00308051 0.16136672 100 96 74 0.000000
0.13643935 -0.00124235 0.15284991 54 53 33 0.000000
0.13640848 0.00222336 0.15528373 64 62 41 0.000000
0.13702944 -0.00064610 0.15092386 43 48 28 0.000000
0.13116030 0.00554562 0.16123180 111 107 87 0.000000
0.13729937 0.01037474 0.15304966 60 60 39 0.000000
0.13712308 0.01128329 0.14952692 36 41 28 0.000000
0.13705513 0.00456836 0.15230606 53 55 36 0.000000
0.13713051 0.00386142 0.15121336 49 47 30 0.000000
0.12981516 0.00951227 0.16117124 109 106 86 0.000000
0.13552475 -0.00378115 0.15779859 63 60 43 0.000000
0.13645922 0.00475680 0.15567964 65 63 42 0.000000
0.13577501 0.00921281 0.15878905 59 59 40 0.000000
0.13586013 0.00367248 0.15727654 64 63 43 0.000000
0.13636488 0.00147000 0.15552305 65 63 42 0.000000
0.13698590 -0.00198132 0.15222046 49 49 32 0.000000
0.13326126 0.00049192 0.16142669 107 101 79 0.000000
0.13051252 0.00775304 0.16116664 109 106 87 0.000000
0.13599314 -0.00184072 0.15578663 66 64 44 0.000000
0.13584630 -0.00461741 0.15613398 66 65 44 0.000000
0.13182752 0.00952643 0.16108267 110 106 89 0.000000
0.12869929 0.00480948 0.16121066 115 114 90 0.000000
0.12804219 0.00769553 0.16131367 110 107 86 0.000000
0.13112302 -0.00215986 0.16124703 113 109 89 0.000000
0.13663124 0.00046134 0.15312147 53 54 35 0.000000
0.13558383 0.00832994 0.15897265 60 59 41 0.000000
0.13555363 0.00111958 0.15857086 58 56 35 0.000000
0.13585339 -0.00276482 0.15639763 65 63 45 0.000000
0.12929408 0.00995724 0.16117984 108 104 87 0.000000
0.13555633 -0.00273249 0.15776606 61 59 42 0.000000
0.12916361 0.00091566 0.14345492 40 42 28 0.000000
0.13032925 -0.00381114 0.16129458 113 110 89 0.000000
0.13217989 0.01127644 0.16113867 110 108 88 0.000000
0.13414675 0.00829061 0.16119227 95 93 74 0.000000
0.13602638 0.01063927 0.15797797 59 60 40 0.000000
0.13607562 0.00415770 0.15709168 63 63 43 0.000000
0.13590170 0.00958353 0.16106218 115 113 92 0.000000
0.13664806 0.00354428 0.15409097 67 68 45 0.000000
0.13635711 -0.00027265 0.14928755 43 45 26 0.000000
0.13728571 0.00811633 0.15098970 47 49 31 0.000000
0.12996985 0.01014110 0.16120142 109 107 86 0.000000
0.13660568 -0.00024018 0.15333094 55 58 36 0.000000
0.13597664 -0.00066789 0.15641610 67 64 44 0.000000
0.13608795 0.00005005 0.15643252 66 65 44 0.000000
0.13581352 0.00644399 0.15868069 56 56 39 0.000000
0.13613698 0.00534795 0.15702537 61 63 43 0.000000
0.13714905 0.01072384 0.15416801 68 70 48 0.000000
0.13635348 0.00256103 0.15583666 66 64 42 0.000000
0.13587388 0.00806324 0.15987456 60 60 44 0.000000
0.12644596 0.00445798 0.16139832 117 113 91 0.000000
0.13487661 0.00150119 0.14703314 37 45 18 0.000000
0.13697799 0.00062506 0.15081730 47 46 29 0.000000
0.13534510 -0.00172654 0.14776540 41 40 28 0.000000
0.13703927 0.00404162 0.15220377 53 53 33 0.000000
0.13358442 -0.00287528 0.16126911 97 93 73 0.000000
0.13649838 -0.00076166 0.15449327 60 60 40 0.000000
0.13059825 0.00724603 0.16116834 110 108 87 0.000000
0.13703176 0.00443162 0.15202539 53 53 35 0.000000
0.13560976 -0.00028126 0.15957692 56 56 41 0.000000
0.13630225 0.00361030 0.14923890 40 42 26 0.000000
0.13248070 0.00123870 0.16137946 114 111 88 0.000000
0.13567534 -0.00368393 0.16077003 89 87 67 0.000000
0.13380574 0.00258132 0.16133039 100 97 75 0.000000
0.13253850 0.01107435 0.16107997 114 113 89 0.000000
0.13700458 -0.00228527 0.15253207 50 51 33 0.000000
0.13557477 0.00481506 0.16130047 128 126 101 0.000000
0.13440824 -0.00331677 0.16139334 112 106 84 0.000000
0.13136190 0.00768219 0.16109496 109 107 87 0.000000
0.13592128 0.00121055 0.16043410 77 72 55 0.000000
0.13542572 -0.00249913 0.15812080 60 59 38 0.000000
0.13545503 -0.00221780 0.15943606 55 56 40 0.000000
0.12776119 0.00622875 0.16126184 156 150 111 0.000000
0.13664338 -0.00293265 0.15248537 51 53 32 0.000000
0.13568459 0.00389402 0.15808226 59 58 39 0.000000
0.13610581 0.00340782 0.16025417 68 64 46 0.000000
0.13508098 -0.00184318 0.16128154 128 126 100 0.000000
0.13036251 0.00342562 0.16116849 111 108 89 0.000000
0.13581005 -0.00151313 0.15721227 63 62 44 0.000000
0.13559803 -0.00111330 0.16125393 125 123 98 0.000000
0.13649093 -0.00382496 0.15115137 48 50 28 0.000000
0.12944630 -0.00345540 0.14221478 40 43 27 0.000000
0.13594759 0.01048092 0.15812607 58 59 41 0.000000
0.13598807 0.00357847 0.16081570 85 84 64 0.000000
0.13482264 -0.00328565 0.16131862 120 118 96 0.000000
0.13635145 0.00723470 0.15684070 65 65 46 0.000000
0.13621834 0.00081993 0.15622100 65 65 44 0.000000
0.13695748 -0.00047050 0.15188944 47 50 31 0.000000
0.12678349 0.00575976 0.16136083 119 118 96 0.000000
0.13592155 0.00770347 0.16018651 70 69 52 0.000000
0.13698582 0.00316657 0.15225729 52 53 34 0.000000
0.13569190 0.00431237 0.15818177 58 57 39 0.000000
0.13573328 0.00443615 0.15787184 62 60 40 0.000000
0.13596292 -0.00465711 0.15524323 64 62 43 0.000000
0.13162494 0.00993466 0.16113733 112 108 90 0.000000
0.13665426 0.00198598 0.15275453 56 56 35 0.000000
0.13094041 0.00255422 0.16131385 112 108 89 0.000000
0.13678455 0.00134282 0.15378121 66 67 45 0.000000
0.13673939 0.00477937 0.15416886 69 68 42 0.000000
0.13620257 0.00287034 0.16058727 76 74 57 0.000000
0.13067432 -0.00105285 0.16127352 115 111 92 0.000000
0.13558435 -0.00319513 0.15777017 60 60 42 0.000000
0.13652033 0.00158000 0.15452501 58 59 41 0.000000
0.12921908 0.00905161 0.16120689 110 106 86 0.000000
0.13539186 -0.00200989 0.15882975 58 55 39 0.000000
0.12850904 0.00843469 0.16124412 112 107 85 0.000000
0.13499267 0.00264150 0.16148597 121 123 92 0.000000
0.13596837 -0.00401326 0.15585044 65 64 42 0.000000
0.13632295 -0.00435586 0.15436238 63 61 41 0.000000
0.13642952 -0.00206107 0.14989707 42 45 28 0.000000
0.13696153 0.00350499 0.15163809 50 54 33 0.000000
0.13652612 -0.00410786 0.15087885 49 47 29 0.000000
0.13711813 0.00959186 0.14922583 39 44 25 0.000000
0.12982352 -0.00301465 0.16123867 113 110 90 0.000000
0.13664921 0.00068205 0.15407239 69 66 44 0.000000
0.13554509 0.00940495 0.16118923 128 127 103 0.000000
0.13021128 0.00271418 0.16128778 113 110 89 0.000000
0.12513717 0.00345123 0.16135547 129 129 99 0.000000
0.13305436 0.00614022 0.16108046 112 107 89 0.000000
0.13662934 -0.00000725 0.15368730 66 67 46 0.000000
0.13572182 -0.00156841 0.15967801 56 53 38 0.000000
0.13657714 -0.00084816 0.15361238 64 62 44 0.000000
0.13673249 0.00982390 0.15565701 64 62 43 0.000000
0.13551410 0.00840791 0.16124178 128 124 103 0.000000
0.12778212 0.00164910 0.16134432 112 109 85 0.000000
0.13511762 -0.00427114 0.16125922 129 126 105 0.000000
0.13638572 -0.00161390 0.15266414 53 57 34 0.000000
0.13262121 0.00878841 0.16110384 114 109 87 0.000000
0.13565502 0.00342552 0.15869080 56 55 41 0.000000
0.12729952 0.00193843 0.16136762 112 108 88 0.000000
0.13276272 -0.00071249 0.16133069 113 109 88 0.000000
0.13595651 -0.00333297 0.15621980 67 64 42 0.000000
0.13597444 0.00451509 0.16011795 62 61 46 0.000000
0.13581565 0.00768773 0.15982540 60 60 43 0.000000
0.13730100 0.01018917 0.14949334 40 45 22 0.000000
0.13709536 0.00879598 0.15237133 54 54 35 0.000000
0.12929441 0.00560278 0.16121873 115 109 89 0.000000
0.13189653 -0.00085088 0.16118458 111 109 89 0.000000
0.13153011 -0.00444752 0.16130057 110 107 87 0.000000
0.13681997 0.00503631 0.15302102 59 58 37 0.000000
0.13520819 -0.00018570 0.16145344 131 129 100 0.000000
0.13161567 0.00647921 0.16111539 111 107 88 0.000000
0.13585021 -0.00280424 0.15680915 63 64 42 0.000000
0.13095599 0.00981945 0.16115734 110 108 87 0.000000
0.13596293 0.00711194 0.15790689 60 60 38 0.000000
0.13601613 -0.00003208 0.16072024 80 78 59 0.000000
0.12873749 -0.00079545 0.16132562 111 108 88 0.000000
0.13170747 -0.00220015 0.16122156 113 109 88 0.000000
0.12730746 -0.00241973 0.16139372 113 108 88 0.000000
0.13629988 0.00292163 0.15522154 64 62 41 0.000000
0.13051414 0.00287862 0.16126586 113 110 91 0.000000
0.13593295 0.00485286 0.16095954 100 96 75 0.000000
0.13005856 -0.00207113 0.16132841 114 109 90 0.000000
0.13612197 0.00519386 0.15676779 63 62 45 0.000000
0.13675939 0.00554253 0.15373762 66 67 45 0.000000
0.13705200 0.00966365 0.15467703 60 62 43 0.000000
0.13564396 0.00289805 0.15884325 55 56 38 0.000000
0.13576430 -0.00395670 0.14884961 45 43 28 0.000000
0.13102695 -0.00447868 0.16137117 112 107 87 0.000000
0.13236375 -0.00222021 0.16125903 114 110 90 0.000000
0.13681999 -0.00136669 0.15059644 49 48 26 0.000000
0.13475130 0.00223653 0.16152526 120 122 85 0.000000
0.13721377 0.01011081 0.15176110 54 56 38 0.000000
0.13621378 -0.00119614 0.15547422 65 62 43 0.000000
0.13592140 0.00491941 0.15999247 63 62 42 0.000000
0.13531052 -0.00328517 0.15867269 56 56 38 0.000000
0.13587275 0.00149427 0.16047759 77 75 56 0.000000
0.12935430 -0.00399638 0.16130380 116 112 91 0.000000
0.13695256 0.01129810 0.15533283 61 61 40 0.000000
0.13712299 0.00482372 0.15037437 41 44 27 0.000000
0.13669133 0.00239119 0.15283477 57 57 37 0.000000
0.13178046 0.01019402 0.16113091 112 109 88 0.000000
0.13605183 0.00519166 0.16081651 84 82 66 0.000000
0.13669226 0.00503088 0.15332536 61 61 39 0.000000
0.13668138 0.00646349 0.15572442 64 64 43 0.000000
0.12814218 0.00324351 0.16125058 112 109 88 0.000000
0.13376135 0.00783595 0.16115205 100 95 76 0.000000
0.12857822 -0.00163040 0.16131565 113 110 88 0.000000
0.13606922 -0.00174703 0.15512872 60 62 43 0.000000
0.13607956 -0.00300091 0.16011931 61 61 42 0.000000
0.13629545 0.00394265 0.15586424 66 64 45 0.000000
0.12772295 0.00740547 0.16132922 112 109 86 0.000000
0.13665353 0.00126495 0.15401445 69 67 46 0.000000
0.13587843 -0.00430291 0.15613964 63 64 45 0.000000
0.12730876 -0.00087490 0.16139396 114 109 86 0.000000
0.13602538 0.00976227 0.15831493 59 57 42 0.000000
0.13675091 0.00047999 0.15170678 49 51 33 0.000000
0.13570446 0.00648459 0.16110998 127 124 98 0.000000
0.12654305 0.00492692 0.16139698 117 115 90 0.000000
0.13482952 0.00672543 0.16113655 111 113 91 0.000000
0.13660622 0.00040748 0.15264708 55 54 34 0.000000
0.13022168 0.00587481 0.16127355 111 108 85 0.000000
0.13216470 -0.00179977 0.16121882 113 110 88 0.000000
0.13690504 0.01059657 0.15520453 60 60 41 0.000000
0.13537435 0.00186197 0.16151994 134 135 99 0.000000
0.13508783 0.00915677 0.16125154 113 111 93 0.000000
0.13584962 0.00003875 0.15725884 64 62 45 0.000000
0.13704506 0.00836611 0.15424816 77 75 56 0.000000
0.13688435 0.00734740 0.15348151 63 63 42 0.000000
0.13633257 -0.00387574 0.15174644 49 49 36 0.000000
0.13645247 0.00035639 0.15503307 59 60 40 0.000000
0.13107415 0.00520887 0.16122384 110 107 87 0.000000
0.12983471 -0.00089086 0.16126908 113 111 90 0.000000
0.13613422 0.00634664 0.16037388 70 70 52 0.000000
0.13681336 0.00147666 0.15117209 46 48 26 0.000000
0.13744804 0.00950584 0.15074350 42 47 22 0.000000
0.13004220 0.00426188 0.16129047 112 106 89 0.000000
0.13671258 0.00528903 0.15460636 61 61 42 0.000000
0.13612910 0.00653210 0.16074820 84 81 63 0.000000
0.12736137 0.00449322 0.16132627 119 117 89 0.000000
0.13559732 -0.00124800 0.15920433 54 53 36 0.000000
0.13548839 -0.00435352 0.14826755 38 45 27 0.000000
0.13595350 -0.00129151 0.16089806 85 83 65 0.000000
0.13717227 0.00462892 0.15123451 48 50 30 0.000000
0.13591465 -0.00249772 0.15618227 63 65 47 0.000000
0.13507366 0.00223812 0.14733034 39 43 28 0.000000
0.13371667 0.00125081 0.16136380 98 96 74 0.000000
0.13286632 -0.00340919 0.16129777 110 106 83 0.000000
0.13562836 0.00233558 0.15874501 54 53 39 0.000000
0.13655372 0.00104217 0.15507761 61 60 41 0.000000
0.13700482 0.00996360 0.15100200 46 49 29 0.000000
0.13662034 0.00458005 0.15500219 63 61 42 0.000000
0.12979661 0.00856309 0.16120134 111 108 88 0.000000
0.13566992 0.00578845 0.15915360 58 57 42 0.000000
0.13714023 0.01040777 0.15400274 69 70 45 0.000000
0.13583560 -0.00058985 0.15718770 62 61 42 0.000000
0.12861483 0.00212464 0.16127278 110 108 87 0.000000
0.13366501 -0.00409556 0.16132653 100 95 75 0.000000
0.13550222 0.00346435 0.15955625 56 59 40 0.000000
0.13637926 -0.00090553 0.15490989 63 61 41 0.000000
0.13336830 0.00891300 0.16116172 107 105 84 0.000000
0.13538082 -0.00430404 0.15776747 60 60 41 0.000000
0.13667943 0.00368113 0.15343317 63 63 43 0.000000
0.13476618 0.00958674 0.16122489 106 103 85 0.000000
0.13628903 0.00918299 0.15742870 63 61 42 0.000000
0.13206570 0.01007501 0.16113362 111 107 88 0.000000
0.13646962 -0.00377143 0.15296194 53 54 32 0.000000
0.12828957 0.00148596 0.16129476 111 108 87 0.000000
0.13756491 0.00871127 0.15046942 39 44 26 0.000000
0.13609512 -0.00158901 0.15565462 64 63 43 0.000000
0.13590243 0.00222837 0.15732384 62 61 45 0.000000
0.13744907 0.01071023 0.14991538 43 43 24 0.000000
0.13551748 0.00415293 0.15956159 56 57 41 0.000000
0.13704559 0.00986158 0.15440445 73 69 52 0.000000
0.13647650 0.00185206 0.15526184 64 61 44 0.000000
0.13641049 0.00701386 0.15633154 67 64 44 0.000000
0.13665098 -0.00183967 0.15258841 53 55 31 0.000000
0.13587895 -0.00179557 0.15676418 65 63 40 0.000000
0.13581790 0.00805318 0.16100071 112 107 85 0.000000
0.13688740 0.00431836 0.15001206 43 45 25 0.000000
0.13248636 0.01115277 0.14606340 30 48 20 0.000000
0.13715763 0.01082554 0.15387352 70 68 45 0.000000
0.13565065 0.00847811 0.15889078 59 57 42 0.000000
0.13577305 0.00152940 0.15737687 62 62 42 0.000000
0.13517009 -0.00087530 0.16143796 124 124 98 0.000000
0.13651383 0.00340781 0.15440461 61 59 42 0.000000
0.13585690 -0.00459021 0.16010295 61 62 46 0.000000
0.13460562 0.00266136 0.16148615 113 110 82 0.000000
0.13534644 -0.00098000 0.16132699 132 129 102 0.000000
0.13526672 -0.00014654 0.14761363 42 44 26 0.000000
0.13652740 -0.00416553 0.15261288 52 49 32 0.000000
0.13596785 -0.00228439 0.15594716 65 65 45 0.000000
0.13654436 -0.00048943 0.15370490 68 65 47 0.000000
0.13710655 0.00313623 0.15112926 47 46 31 0.000000
0.12770677 0.00444089 0.16129832 119 118 92 0.000000
0.13569023 -0.00422701 0.15968843 54 53 39 0.000000
0.13646699 0.00005959 0.15441006 60 59 41 0.000000
0.12650797 0.00092510 0.16141826 112 110 88 0.000000
0.13681848 0.00555814 0.15302630 56 60 37 0.000000
0.13700145 0.00808934 0.15292159 63 62 41 0.000000
0.12988165 0.00893470 0.16117202 110 109 86 0.000000
0.13590646 0.00848323 0.15810739 59 58 40 0.000000
0.12659843 0.00222276 0.16136360 113 112 89 0.000000
0.13588162 0.00546042 0.16001731 60 60 43 0.000000
0.13674535 0.00435899 0.15421478 66 65 47 0.000000
0.13544627 -0.00139021 0.15889552 58 55 38 0.000000
0.13671261 0.01077436 0.15634012 67 64 43 0.000000
0.13705178 -0.00244138 0.15220495 45 49 28 0.000000
0.13141648 0.00122125 0.16127363 112 109 91 0.000000
0.13660988 0.00370597 0.15276904 61 60 38 0.000000
0.13628401 -0.00084226 0.15544477 62 61 42 0.000000
0.13616584 0.00580863 0.15722011 63 63 42 0.000000
0.13677856 0.00760306 0.15566914 62 60 41 0.000000
0.13661140 0.00605129 0.15578619 64 63 43 0.000000
0.13580596 -0.00397333 0.15686762 65 64 42 0.000000
0.13208708 0.00181165 0.16135710 113 110 88 0.000000
0.13665886 0.00094474 0.15275532 55 55 33 0.000000
0.12879659 0.00513249 0.16115111 116 113 91 0.000000
0.13652384 0.00068594 0.15478639 60 60 40 0.000000
0.13562943 0.00527968 0.15927906 59 56 40 0.000000
0.13714135 0.00927478 0.15379176 67 67 45 0.000000
0.13645180 0.00936948 0.15692769 66 65 43 0.000000
0.13583206 -0.00103389 0.15964262 56 54 38 0.000000
0.13640776 0.00047610 0.15536252 62 61 40 0.000000
0.13572393 -0.00374432 0.15726691 63 61 42 0.000000
