-0.01401482 0.10610572 0.38115662 81 102 17 2.000000
-0.01775547 0.10734764 0.38145742 95 119 8 2.000000
-0.00835289 0.10939859 0.38268295 92 115 18 2.000000
-0.01464542 0.09644386 0.38081473 77 100 17 2.000000
-0.01494023 0.10184561 0.38107923 74 86 22 2.000000
-0.00927008 0.10154455 0.38416964 133 158 98 2.000000
-0.01681952 0.09615363 0.38397858 132 154 94 2.000000
-0.01657833 0.10727411 0.38118136 94 115 8 2.000000
-0.01604110 0.09924787 0.38263315 143 171 87 2.000000
-0.00743768 0.10826738 0.38387600 122 149 80 2.000000
-0.00720089 0.10402505 0.38356945 92 108 39 2.000000
-0.01470006 0.10298374 0.38215467 126 156 91 2.000000
-0.01120583 0.10781035 0.38180041 87 111 14 2.000000
-0.01147912 0.09513275 0.38717657 94 121 64 2.000000
-0.00641275 0.09943077 0.38491935 77 94 23 2.000000
-0.00837778 0.09608355 0.38797674 115 135 78 2.000000
-0.01604115 0.10586540 0.38088375 81 105 10 2.000000
-0.00948817 0.10675415 0.38318387 133 162 99 2.000000
-0.01369127 0.10222413 0.38247859 137 166 97 2.000000
-0.01133372 0.09661067 0.38586116 119 138 86 2.000000
-0.00990985 0.09936604 0.38447547 117 141 89 2.000000
-0.00777886 0.10445040 0.38423112 110 139 70 2.000000
-0.01322726 0.09608477 0.38566503 118 141 90 2.000000
-0.00823246 0.09932549 0.38543129 123 149 92 2.000000
-0.00809933 0.10424143 0.38260305 82 100 25 2.000000
-0.01706561 0.09987855 0.38224295 139 167 99 2.000000
-0.01149188 0.09957473 0.38376236 123 146 88 2.000000
-0.01707729 0.10514206 0.38056609 85 109 16 2.000000
-0.01751667 0.09950996 0.38220361 138 165 101 2.000000
-0.01325950 0.09452630 0.38690075 88 113 57 2.000000
-0.01533120 0.10547553 0.38084677 77 95 18 2.000000
-0.00787642 0.10585982 0.38391393 111 143 69 2.000000
-0.01161053 0.09490731 0.38743144 126 144 89 2.000000
-0.00854442 0.10008140 0.38491645 131 149 96 2.000000
-0.01237112 0.10864978 0.38333410 128 156 88 2.000000
-0.01657135 0.10388849 0.38183844 138 164 98 2.000000
-0.01336158 0.10617541 0.38113323 71 97 23 2.000000
-0.00659323 0.09739639 0.38764036 127 144 74 2.000000
-0.01054238 0.09435427 0.38858619 97 123 70 2.000000
-0.01143753 0.09413019 0.38848633 94 120 65 2.000000
-0.00630468 0.09992092 0.38514742 86 103 43 2.000000
-0.00683574 0.09676163 0.38814637 120 132 70 2.000000
-0.01330986 0.09715479 0.38453051 135 159 93 2.000000
-0.00813163 0.09633146 0.38790780 114 139 78 2.000000
-0.01357430 0.10493466 0.38077185 78 94 24 2.000000
-0.00914704 0.10679125 0.38155904 64 82 24 2.000000
-0.01104843 0.10495891 0.38288495 133 161 98 2.000000
-0.01540272 0.10588386 0.38097197 74 99 15 2.000000
-0.01379570 0.10007890 0.38296807 139 161 95 2.000000
-0.01236551 0.11001240 0.38308084 139 174 72 2.000000
-0.01020950 0.09991047 0.38408247 124 148 89 2.000000
-0.00960040 0.09582645 0.38759619 113 133 83 2.000000
-0.01152501 0.10411615 0.38136750 73 85 21 2.000000
-0.01334449 0.10101466 0.38278791 141 165 102 2.000000
-0.01459185 0.09966879 0.38057214 66 83 26 2.000000
-0.00723562 0.10356299 0.38407925 112 139 52 2.000000
-0.00805550 0.09956942 0.38545942 130 149 96 2.000000
-0.01128235 0.10265671 0.38176516 83 100 26 2.000000
-0.01879686 0.10652972 0.38191259 126 158 90 2.000000
-0.01161249 0.10748879 0.38275367 135 161 101 2.000000
-0.01634439 0.10723212 0.38237348 127 157 87 2.000000
-0.01536682 0.09621475 0.38447759 128 152 94 2.000000
-0.01564484 0.10277392 0.38207933 135 157 98 2.000000
-0.01967628 0.10679036 0.38125423 101 123 17 2.000000
-0.01892942 0.10484710 0.38143903 129 159 92 2.000000
-0.01297099 0.10505441 0.38084057 74 93 23 2.000000
-0.00649782 0.09759459 0.38550827 73 92 27 2.000000
-0.01254349 0.10155244 0.38290635 138 163 96 2.000000
-0.01242733 0.10528683 0.38086018 71 91 21 2.000000
-0.00786307 0.09876051 0.38604441 128 149 94 2.000000
-0.01734599 0.10372785 0.38170204 142 167 102 2.000000
-0.01401879 0.10224468 0.38238177 140 168 100 2.000000
-0.01531425 0.10667799 0.38125369 78 100 14 2.000000
-0.01835642 0.10839622 0.38209060 138 163 80 2.000000
-0.01018681 0.10761137 0.38176453 76 93 25 2.000000
-0.01175845 0.09912769 0.38382038 123 142 87 2.000000
-0.01036043 0.10038748 0.38398045 127 151 93 2.000000
-0.00893111 0.10473411 0.38163456 79 93 27 2.000000
-0.01217737 0.09671737 0.38288635 87 111 21 2.000000
-0.01348165 0.09903190 0.38092020 81 100 13 2.000000
-0.01273830 0.09658428 0.38538706 119 143 91 2.000000
-0.00869333 0.09986733 0.38492969 125 148 93 2.000000
-0.01063913 0.09526129 0.38758060 115 138 85 2.000000
-0.01409759 0.10958464 0.38285381 153 183 43 2.000000
-0.00774714 0.10153376 0.38480738 116 141 80 2.000000
-0.01397610 0.10655541 0.38235554 131 160 97 2.000000
-0.01138376 0.09617607 0.38632351 110 131 81 2.000000
-0.00720915 0.10822339 0.38372672 130 156 55 2.000000
-0.00858209 0.09790139 0.38636792 116 139 88 2.000000
-0.01160323 0.09815452 0.38233423 96 111 20 2.000000
-0.01194689 0.10596386 0.38096586 72 89 33 2.000000
-0.01702248 0.10208412 0.38185325 137 158 100 2.000000
-0.01388519 0.10747684 0.38255510 131 161 94 2.000000
-0.01216228 0.09676541 0.38545650 118 141 88 2.000000
-0.00992208 0.09863373 0.38493013 106 129 83 2.000000
-0.01746643 0.09815987 0.38271570 137 160 88 2.000000
-0.00745752 0.09595656 0.38857272 121 144 73 2.000000
-0.01385390 0.10495234 0.38213801 133 158 97 2.000000
-0.00868867 0.10975329 0.38297877 107 132 19 2.000000
-0.01031437 0.09620487 0.38686305 106 128 79 2.000000
-0.01592659 0.10871486 0.38220987 130 165 33 2.000000
-0.01463575 0.10160388 0.38109875 68 90 18 2.000000
-0.01144529 0.09385765 0.38880068 96 118 70 2.000000
-0.01229818 0.09707731 0.38515249 128 147 98 2.000000
-0.00941675 0.09738501 0.38639531 115 136 84 2.000000
-0.01479780 0.10601500 0.38217643 132 160 96 2.000000
-0.01687355 0.10123949 0.38203126 118 151 89 2.000000
-0.01310121 0.10302164 0.38120425 72 90 17 2.000000
-0.00702809 0.10091224 0.38552234 109 135 74 2.000000
-0.00668012 0.09579208 0.38873091 109 116 60 2.000000
-0.01292396 0.10607786 0.38247079 137 160 98 2.000000
-0.01301754 0.09762082 0.38425398 110 139 72 2.000000
-0.01460219 0.10108378 0.38252899 136 167 98 2.000000
-0.01130258 0.11015487 0.38300845 133 155 31 2.000000
-0.01004663 0.09427620 0.38912019 106 127 69 2.000000
-0.01661313 0.10222109 0.38196912 138 156 100 2.000000
-0.01258126 0.09637397 0.38562360 116 139 87 2.000000
-0.00783237 0.10549358 0.38274208 86 107 22 2.000000
-0.01252710 0.10611826 0.38252822 133 161 98 2.000000
-0.01931032 0.10563302 0.38167378 124 155 86 2.000000
-0.01526188 0.10181275 0.38218883 137 167 98 2.000000
-0.01145328 0.09455012 0.38801700 107 126 83 2.000000
-0.00726582 0.10174094 0.38331744 79 94 28 2.000000
-0.00897433 0.09416424 0.38959906 98 117 41 2.000000
-0.00792351 0.10724257 0.38394371 116 147 76 2.000000
-0.00836100 0.09747905 0.38688806 117 140 84 2.000000
-0.01643759 0.10186991 0.38203299 128 152 95 2.000000
-0.01188283 0.10359915 0.38274217 132 159 97 2.000000
-0.00717110 0.09571034 0.38880712 122 135 76 2.000000
-0.00969662 0.10639165 0.38318944 135 161 102 2.000000
-0.01846563 0.10641981 0.38107771 87 113 15 2.000000
-0.01031357 0.10269441 0.38332641 139 162 104 2.000000
-0.01332648 0.09433710 0.38715389 116 137 70 2.000000
-0.01180341 0.09733742 0.38275957 91 108 18 2.000000
-0.01173351 0.09882836 0.38393021 119 142 84 2.000000
-0.01181798 0.10550419 0.38273290 132 159 96 2.000000
-0.00679006 0.10051127 0.38573691 112 137 74 2.000000
-0.01624017 0.10394415 0.38187543 135 162 98 2.000000
-0.01250439 0.10785764 0.38183445 91 112 15 2.000000
-0.00754511 0.09700289 0.38753438 127 146 93 2.000000
-0.01713165 0.10721635 0.38129413 93 118 13 2.000000
-0.00644857 0.09851632 0.38686520 123 144 72 2.000000
-0.01668421 0.10871708 0.38227230 126 175 69 2.000000
-0.01353972 0.09539551 0.38603687 115 132 79 2.000000
-0.01394489 0.10847706 0.38204208 100 117 24 2.000000
-0.00691520 0.09787642 0.38490084 76 94 23 2.000000
-0.01287288 0.09790481 0.38409966 115 138 83 2.000000
-0.01318136 0.10294238 0.38240951 134 165 99 2.000000
-0.01161809 0.09668955 0.38327032 86 108 25 2.000000
-0.01107504 0.10632568 0.38274056 131 159 96 2.000000
-0.00665835 0.10049862 0.38410765 80 92 30 2.000000
-0.00973300 0.09603014 0.38734290 110 130 79 2.000000
-0.01080279 0.10228593 0.38186133 84 101 25 2.000000
-0.00809051 0.09812383 0.38655096 121 142 89 2.000000
-0.01272536 0.09757462 0.38192531 94 117 14 2.000000
-0.00739687 0.10755029 0.38324612 104 128 33 2.000000
-0.00783395 0.10071840 0.38302115 76 98 25 2.000000
-0.00953338 0.11021659 0.38327762 137 167 63 2.000000
-0.00881582 0.10272316 0.38208035 80 100 21 2.000000
-0.01473061 0.09686227 0.38421169 134 158 96 2.000000
-0.01211013 0.10432933 0.38261354 133 164 96 2.000000
-0.01399883 0.10253596 0.38108808 69 89 18 2.000000
-0.01365766 0.09711097 0.38442990 135 158 94 2.000000
-0.00604241 0.09856603 0.38587970 89 105 40 2.000000
-0.01104217 0.10952445 0.38264579 108 133 6 2.000000
-0.01524829 0.10844978 0.38198364 105 127 31 2.000000
-0.01034018 0.09710785 0.38608626 110 137 85 2.000000
-0.01416026 0.10833175 0.38196161 92 118 12 2.000000
-0.00833998 0.09586379 0.38582456 75 92 29 2.000000
-0.01206114 0.09911320 0.38377219 121 144 87 2.000000
-0.00629859 0.10002439 0.38594562 114 139 61 2.000000
-0.01232897 0.10823829 0.38306478 129 158 94 2.000000
-0.01135286 0.10887349 0.38233572 98 122 12 2.000000
-0.01384695 0.09532349 0.38595563 113 135 84 2.000000
-0.01653810 0.10321119 0.38033950 82 100 12 2.000000
-0.01511957 0.09663808 0.38424906 130 157 94 2.000000
-0.00881847 0.10338566 0.38413849 116 148 85 2.000000
-0.01760150 0.10073398 0.38023099 92 106 42 2.000000
-0.01036359 0.09433132 0.38877451 105 125 72 2.000000
-0.00810771 0.10947430 0.38353455 122 157 69 2.000000
-0.00914645 0.09898895 0.38508525 111 137 82 2.000000
-0.01458904 0.10173194 0.38237345 143 166 104 2.000000
-0.00968646 0.10560586 0.38346532 132 159 98 2.000000
-0.01034133 0.10992392 0.38360524 136 160 96 2.000000
-0.00701829 0.09800419 0.38708556 119 144 79 2.000000
-0.01097887 0.09491001 0.38780096 111 132 83 2.000000
-0.00696019 0.10110818 0.38546619 109 137 68 2.000000
-0.01329957 0.10060091 0.38293561 141 163 97 2.000000
-0.01851426 0.10619061 0.38191018 130 158 91 2.000000
-0.01169772 0.10570274 0.38276348 128 158 94 2.000000
-0.01761699 0.10828791 0.38189727 124 148 35 2.000000
-0.01896722 0.10748756 0.38151824 104 129 13 2.000000
-0.01350742 0.10322826 0.38233727 138 163 99 2.000000
-0.01453154 0.09474403 0.38296810 92 113 22 2.000000
-0.00886351 0.09746396 0.38668403 115 135 84 2.000000
-0.01094642 0.10748927 0.38289961 131 161 98 2.000000
-0.01073156 0.10796764 0.38302803 135 161 98 2.000000
-0.01122115 0.10711423 0.38274631 133 158 100 2.000000
-0.01297580 0.10344739 0.38241729 138 165 98 2.000000
-0.00657363 0.10061991 0.38564342 113 140 55 2.000000
-0.01328122 0.09848040 0.38361168 116 140 88 2.000000
-0.01667677 0.10370733 0.38189045 136 164 101 2.000000
-0.01556387 0.09547798 0.38503739 124 143 93 2.000000
-0.01608897 0.10202267 0.38201228 124 153 90 2.000000
-0.00915164 0.09414224 0.38966966 97 124 44 2.000000
-0.01127083 0.09466597 0.38785836 109 131 81 2.000000
-0.00852088 0.10893676 0.38246164 82 105 17 2.000000
-0.01503869 0.09687261 0.38408893 136 158 93 2.000000
-0.01148002 0.10315841 0.38164374 84 100 25 2.000000
-0.00873994 0.09916931 0.38325143 85 101 25 2.000000
-0.01171415 0.11019123 0.38309088 157 173 29 2.000000
-0.01544580 0.09993060 0.38255683 145 172 93 2.000000
-0.00956811 0.10701133 0.38157123 66 78 28 2.000000
-0.00898103 0.10136879 0.38437411 132 157 96 2.000000
-0.00706702 0.10186281 0.38431615 94 114 45 2.000000
-0.01014492 0.09725589 0.38601044 119 137 89 2.000000
-0.01260663 0.09517044 0.38380435 93 108 26 2.000000
-0.01616207 0.10846193 0.38196155 110 135 31 2.000000
-0.01458745 0.09585874 0.38516679 122 144 92 2.000000
-0.01118267 0.09855498 0.38433129 119 137 90 2.000000
-0.00771754 0.10908107 0.38283229 92 115 19 2.000000
-0.00799702 0.10735543 0.38207614 81 95 25 2.000000
-0.01255941 0.09779441 0.38429064 108 132 78 2.000000
-0.01569146 0.10119987 0.38218883 138 166 97 2.000000
-0.01224890 0.09966497 0.38346535 129 149 92 2.000000
-0.01415162 0.09565287 0.38555813 120 141 91 2.000000
-0.00752258 0.10478869 0.38378868 114 142 52 2.000000
-0.01075999 0.09382203 0.38925368 101 123 65 2.000000
-0.01158930 0.09586760 0.38641489 103 128 77 2.000000
-0.01736262 0.10463157 0.38162163 138 165 100 2.000000
-0.01671774 0.09916567 0.38252643 145 170 92 2.000000
-0.01196644 0.10390832 0.38132828 72 87 19 2.000000
-0.01217703 0.10488847 0.38258913 134 159 96 2.000000
-0.01916769 0.10615396 0.38182932 127 155 86 2.000000
-0.00714415 0.09943232 0.38607267 122 149 88 2.000000
-0.01043485 0.10827705 0.38200843 91 110 18 2.000000
-0.01728813 0.10307337 0.38176972 144 164 103 2.000000
-0.01066314 0.10162314 0.38346177 129 156 94 2.000000
-0.01625522 0.10444976 0.38181314 139 163 98 2.000000
-0.01239092 0.10135971 0.38136512 78 99 18 2.000000
-0.00725294 0.10249916 0.38321894 78 98 28 2.000000
-0.01698410 0.10322478 0.38188338 140 164 103 2.000000
-0.00949620 0.09528870 0.38831192 106 127 80 2.000000
-0.01823470 0.10170160 0.38028446 74 100 21 2.000000
-0.01519284 0.09766158 0.38356003 118 145 75 2.000000
-0.00736726 0.09669034 0.38796026 124 147 81 2.000000
-0.01296698 0.09652504 0.38230738 94 118 16 2.000000
-0.01137153 0.09804726 0.38463926 103 129 82 2.000000
-0.01607537 0.10650054 0.38101172 85 103 13 2.000000
-0.00892985 0.10963475 0.38338909 130 165 61 2.000000
-0.01291927 0.10694633 0.38147104 84 102 20 2.000000
-0.01227314 0.10567999 0.38086987 72 90 25 2.000000
-0.01250244 0.10653117 0.38248968 131 158 100 2.000000
-0.01175218 0.09639896 0.38583264 119 139 87 2.000000
-0.01175890 0.10600068 0.38268542 131 157 95 2.000000
-0.01626500 0.10280820 0.38040441 74 100 15 2.000000
-0.01191903 0.10765220 0.38277087 134 159 100 2.000000
-0.00877052 0.09722553 0.38689137 114 135 84 2.000000
-0.00929982 0.10184321 0.38212508 84 100 22 2.000000
-0.01559970 0.09608147 0.38452545 129 150 93 2.000000
-0.00972322 0.10583267 0.38133729 70 81 17 2.000000
-0.01287334 0.10044299 0.38307399 134 159 97 2.000000
-0.00783650 0.09937084 0.38355345 81 99 23 2.000000
-0.01244622 0.10500850 0.38251483 132 158 98 2.000000
-0.01268654 0.10065069 0.38121170 74 95 20 2.000000
-0.00835338 0.10848362 0.38245544 76 104 15 2.000000
-0.01409387 0.09684729 0.38097349 82 101 19 2.000000
-0.01555804 0.09790549 0.38327512 118 147 74 2.000000
-0.00774599 0.10410621 0.38431630 108 138 68 2.000000
-0.00805165 0.10574087 0.38236833 83 104 24 2.000000
-0.01568257 0.10555918 0.38081810 79 99 15 2.000000
-0.00934647 0.09833850 0.38555723 138 154 101 2.000000
-0.00750427 0.10877690 0.38300300 97 122 22 2.000000
-0.00612312 0.09946924 0.38603815 108 123 55 2.000000
-0.01042959 0.09642748 0.38661122 109 132 84 2.000000
-0.01143074 0.10859691 0.38218296 98 123 12 2.000000
-0.01253742 0.10291757 0.38256696 136 162 101 2.000000
-0.01532475 0.10734802 0.38142878 79 102 25 2.000000
-0.01170134 0.09974314 0.38165659 84 107 16 2.000000
-0.01467519 0.09600008 0.38504693 124 146 92 2.000000
-0.01296300 0.10523134 0.38239002 132 161 99 2.000000
-0.00802287 0.09555544 0.38883385 108 132 62 2.000000
-0.01051951 0.10183177 0.38345253 132 158 96 2.000000
-0.01861748 0.10607880 0.38080576 88 109 13 2.000000
-0.01021708 0.09390631 0.38945547 103 127 59 2.000000
-0.01808646 0.10821583 0.38220292 131 163 87 2.000000
-0.00997429 0.09845159 0.38503271 103 128 74 2.000000
-0.01189885 0.09569490 0.38636860 106 125 78 2.000000
-0.01664740 0.09591338 0.38426307 130 152 92 2.000000
-0.00937462 0.10241400 0.38397846 133 155 98 2.000000
-0.00880855 0.09541386 0.38845864 105 132 66 2.000000
-0.01341120 0.10253330 0.38117021 74 91 24 2.000000
-0.01793549 0.10628385 0.38094342 91 113 11 2.000000
-0.01436169 0.10027792 0.38277587 141 168 96 2.000000
-0.01490991 0.09570633 0.38515002 122 144 93 2.000000
-0.00764791 0.10261361 0.38271731 86 101 25 2.000000
-0.00820440 0.10624169 0.38383344 114 145 75 2.000000
-0.01193317 0.10322700 0.38273600 134 156 101 2.000000
-0.01177984 0.09761176 0.38489699 133 152 90 2.000000
-0.01452411 0.10602281 0.38220662 133 160 97 2.000000
-0.01334552 0.09490386 0.38649583 100 123 77 2.000000
-0.00580927 0.09838150 0.38672885 90 116 57 2.000000
-0.01651544 0.09574202 0.38443109 123 148 92 2.000000
-0.01952146 0.10743386 0.38149798 114 135 13 2.000000
-0.00726013 0.09688008 0.38781226 131 149 87 2.000000
-0.01284658 0.10698525 0.38257825 129 158 97 2.000000
-0.01642980 0.10852965 0.38205126 117 151 35 2.000000
-0.01272115 0.10124754 0.38291612 139 165 98 2.000000
-0.01118944 0.09506541 0.38742775 122 141 88 2.000000
-0.01399467 0.09904008 0.38322094 128 149 91 2.000000
-0.00834479 0.10942584 0.38356897 134 161 77 2.000000
-0.01773407 0.10734389 0.38234338 123 155 88 2.000000
-0.01423520 0.09681085 0.38457575 130 157 92 2.000000
-0.01365752 0.09637366 0.38522795 126 146 93 2.000000
-0.00852206 0.09643587 0.38757646 115 136 85 2.000000
-0.00802673 0.09834500 0.38641021 123 145 93 2.000000
-0.01159478 0.09428601 0.38823512 101 120 72 2.000000
-0.01030681 0.10632713 0.38298780 135 161 103 2.000000
-0.01197550 0.09536564 0.38653997 101 121 74 2.000000
-0.01107936 0.09620103 0.38648808 109 130 79 2.000000
-0.01578910 0.10176237 0.38200048 133 156 94 2.000000
-0.01305499 0.09527537 0.38636690 110 128 80 2.000000
-0.01220694 0.09463249 0.38743502 120 145 95 2.000000
-0.01521713 0.09502883 0.38556802 116 138 88 2.000000
-0.01101404 0.10306543 0.38303262 130 159 92 2.000000
-0.01354007 0.09592751 0.38557157 119 143 90 2.000000
-0.01247350 0.10816693 0.38194853 89 115 13 2.000000
-0.01930561 0.10701972 0.38134781 102 123 10 2.000000
-0.00912264 0.10814832 0.38336715 134 160 96 2.000000
-0.01241808 0.10055541 0.38313907 132 156 94 2.000000
-0.01120661 0.10568886 0.38105604 66 83 24 2.000000
-0.01600320 0.10546067 0.38073930 81 103 16 2.000000
-0.01767237 0.10227666 0.38168743 133 161 99 2.000000
-0.00980444 0.10322552 0.38345784 135 163 95 2.000000
-0.01213248 0.10216520 0.38154081 82 101 27 2.000000
-0.00983675 0.10694968 0.38311377 136 161 98 2.000000
-0.01033663 0.09677253 0.38637781 114 134 84 2.000000
-0.01131910 0.10211049 0.38179430 88 103 23 2.000000
-0.00908768 0.09338775 0.38945496 87 111 28 2.000000
-0.00923683 0.10393809 0.38357174 133 157 93 2.000000
-0.01905105 0.10784518 0.38164026 114 142 22 2.000000
-0.01529238 0.10343682 0.38047698 73 93 20 2.000000
-0.00838785 0.09969186 0.38519013 124 148 92 2.000000
-0.01413665 0.10299682 0.38087076 64 82 25 2.000000
-0.01284982 0.10084312 0.38298088 136 163 95 2.000000
-0.01566602 0.10462242 0.38051617 70 93 20 2.000000
-0.01098486 0.10562249 0.38281775 131 162 99 2.000000
-0.01866943 0.10840692 0.38196018 133 172 47 2.000000
-0.01412776 0.10859130 0.38301790 145 167 103 2.000000
-0.01332476 0.09557916 0.38601103 114 135 85 2.000000
-0.00989388 0.10387093 0.38339484 129 154 95 2.000000
-0.01162921 0.09747947 0.38510725 136 154 100 2.000000
-0.01285766 0.10250396 0.38131234 82 97 23 2.000000
-0.00721297 0.10680849 0.38354862 113 144 40 2.000000
-0.00796722 0.10416248 0.38430604 106 139 69 2.000000
-0.01117761 0.09653310 0.38612676 112 136 86 2.000000
-0.01812308 0.10507195 0.38022840 80 107 7 2.000000
-0.01058180 0.10642514 0.38284260 134 160 98 2.000000
-0.00827273 0.09876064 0.38589096 131 153 96 2.000000
-0.01505347 0.09550921 0.38525322 119 142 91 2.000000
-0.01024360 0.09529620 0.38526851 78 92 30 2.000000
-0.01071915 0.09756399 0.38551453 125 145 95 2.000000
-0.00956461 0.09883452 0.38497126 107 134 81 2.000000
-0.01125956 0.10140437 0.38183147 84 101 21 2.000000
-0.01188368 0.10975008 0.38281050 119 144 13 2.000000
-0.00915238 0.10882004 0.38235950 80 108 15 2.000000
-0.01808605 0.10354041 0.38154215 137 160 98 2.000000
-0.01066391 0.10116477 0.38358262 133 156 96 2.000000
-0.01027183 0.10360393 0.38327965 130 154 97 2.000000
-0.01683028 0.10603442 0.38205585 130 160 95 2.000000
-0.01635344 0.09710131 0.38358647 137 162 86 2.000000
-0.01036050 0.10061946 0.38218632 80 101 13 2.000000
-0.01016049 0.10926549 0.38252571 103 124 12 2.000000
-0.01496122 0.09933623 0.38280550 140 162 92 2.000000
-0.00859042 0.10683501 0.38168800 73 84 30 2.000000
-0.01390050 0.09643582 0.38503298 126 151 90 2.000000
-0.00866963 0.10748798 0.38361862 131 162 92 2.000000
-0.01527776 0.09977801 0.38264820 144 169 95 2.000000
-0.01482888 0.10377830 0.38207698 129 155 94 2.000000
-0.01402446 0.10541687 0.38211709 133 160 94 2.000000
-0.01277016 0.09572151 0.38611618 108 132 83 2.000000
-0.00964736 0.10944930 0.38264775 99 125 14 2.000000
-0.00822296 0.10511152 0.38223818 83 103 19 2.000000
-0.01221653 0.09614608 0.38321635 92 111 21 2.000000
-0.01859728 0.10813943 0.38213158 136 167 88 2.000000
-0.00793667 0.10309181 0.38241324 80 102 23 2.000000
-0.01606707 0.09650222 0.38403201 134 160 97 2.000000
-0.01543306 0.10509027 0.38066691 74 95 21 2.000000
-0.01028375 0.10393512 0.38322613 130 155 93 2.000000
-0.01934546 0.10814689 0.38177341 137 158 54 2.000000
-0.01091185 0.09764042 0.38529918 132 150 102 2.000000
-0.01766619 0.10014015 0.38202620 136 160 99 2.000000
-0.00938630 0.10607454 0.38143918 69 83 25 2.000000
-0.00808667 0.09533625 0.38898325 110 129 63 2.000000
-0.01123184 0.10992575 0.38336557 150 176 108 2.000000
-0.00732993 0.10594073 0.38329005 101 116 35 2.000000
-0.01306883 0.10879201 0.38229442 104 125 16 2.000000
-0.01442572 0.09738212 0.38392383 120 148 78 2.000000
-0.00978563 0.09338628 0.39027715 105 124 55 2.000000
-0.00791094 0.09706029 0.38486472 77 93 27 2.000000
-0.01638412 0.09995016 0.38233447 144 166 97 2.000000
-0.00909325 0.09693238 0.38423353 84 94 25 2.000000
-0.01286284 0.10108365 0.38122466 79 95 15 2.000000
-0.00877989 0.09905056 0.38522789 116 138 87 2.000000
-0.00667910 0.09655100 0.38622046 77 94 22 2.000000
-0.01506123 0.10556365 0.38206288 135 160 96 2.000000
-0.01129000 0.10188258 0.38321999 134 156 99 2.000000
-0.01346119 0.10876772 0.38225126 97 124 12 2.000000
-0.00898140 0.10872965 0.38348153 124 157 87 2.000000
-0.01711576 0.10195330 0.38033158 80 99 17 2.000000
-0.01315297 0.10813800 0.38186911 96 117 9 2.000000
-0.01088634 0.10796743 0.38186610 86 111 15 2.000000
-0.00830951 0.09564708 0.38864926 112 133 63 2.000000
-0.01659648 0.10281043 0.38199827 138 161 99 2.000000
-0.00769352 0.10404094 0.38268399 85 99 25 2.000000
-0.00711002 0.10352433 0.38371089 92 110 41 2.000000
-0.01042755 0.11018325 0.38301030 119 156 23 2.000000
-0.00857554 0.10780542 0.38206249 76 87 19 2.000000
-0.01452026 0.09363254 0.38448507 86 97 37 2.000000
-0.01827400 0.10512648 0.38162199 134 158 94 2.000000
-0.01639313 0.09946414 0.38249263 144 172 91 2.000000
-0.01556916 0.09721983 0.38374290 132 158 85 2.000000
-0.01377315 0.10629573 0.38233274 134 159 98 2.000000
-0.01627205 0.09590741 0.38440806 128 150 91 2.000000
-0.01046539 0.09476296 0.38824472 102 124 72 2.000000
-0.01193566 0.09830613 0.38423458 117 136 85 2.000000
-0.00871229 0.09589615 0.38808048 109 134 76 2.000000
-0.01327535 0.10973325 0.38287342 126 172 66 2.000000
-0.01231066 0.10637391 0.38112059 67 91 19 2.000000
-0.00991099 0.10893545 0.38240999 93 119 12 2.000000
-0.01030997 0.09464590 0.38849476 103 125 72 2.000000
-0.01293457 0.10461740 0.38235879 137 158 99 2.000000
-0.00761479 0.10642637 0.38300988 93 117 21 2.000000
-0.01300463 0.10212637 0.38266173 132 165 97 2.000000
-0.01060143 0.09371312 0.38955870 94 119 55 2.000000
-0.01587307 0.10739489 0.38125750 84 102 23 2.000000
-0.01762041 0.10489937 0.38156188 132 161 98 2.000000
-0.01314455 0.09501927 0.38655218 104 120 75 2.000000
-0.01592936 0.09844503 0.38010499 77 81 28 2.000000
-0.00787161 0.09688210 0.38747048 122 143 86 2.000000
-0.00960462 0.11010516 0.38343439 138 167 87 2.000000
-0.01297877 0.10162415 0.38278306 140 164 101 2.000000
-0.01187741 0.09491795 0.38720730 96 125 62 2.000000
-0.01697260 0.10266639 0.38030660 78 100 22 2.000000
-0.01825487 0.10154939 0.38176197 134 159 99 2.000000
-0.01083665 0.09645917 0.38639355 112 133 80 2.000000
-0.00736132 0.10441634 0.38368347 100 127 49 2.000000
-0.00714485 0.10280814 0.38402507 101 116 44 2.000000
-0.01241317 0.09688103 0.38528141 122 144 93 2.000000
-0.00674299 0.09797537 0.38715452 122 142 74 2.000000
-0.00755821 0.10719853 0.38304618 99 121 29 2.000000
-0.01675702 0.09976642 0.38232419 137 165 95 2.000000
-0.01159084 0.10205431 0.38313019 133 159 98 2.000000
-0.01634725 0.09510891 0.38490006 117 138 88 2.000000
-0.01517488 0.09849896 0.38306335 127 154 86 2.000000
-0.01182286 0.09620199 0.38609821 113 133 83 2.000000
-0.01798520 0.10411692 0.38151705 133 160 93 2.000000
-0.01688831 0.10866325 0.38216048 149 169 37 2.000000
-0.01301541 0.09805189 0.38138783 88 111 23 2.000000
-0.00704162 0.10105216 0.38363552 80 95 28 2.000000
-0.01241836 0.10372088 0.38255870 140 163 103 2.000000
-0.01702955 0.10540950 0.38178164 135 164 97 2.000000
-0.01706271 0.10563010 0.38075200 87 112 14 2.000000
-0.00959273 0.10653703 0.38145855 66 80 21 2.000000
-0.01868200 0.10522737 0.38157728 130 160 91 2.000000
-0.00676805 0.09721181 0.38775915 143 154 88 2.000000
-0.00883001 0.09796050 0.38626865 119 142 91 2.000000
-0.00880853 0.10427830 0.38387597 129 155 96 2.000000
-0.00713877 0.10332758 0.38324878 84 98 26 2.000000
-0.01225031 0.10010473 0.38133478 85 97 21 2.000000
-0.00978581 0.09473435 0.38870716 107 128 73 2.000000
-0.01228565 0.09737170 0.38482368 128 155 95 2.000000
-0.00638832 0.09928754 0.38638434 115 138 73 2.000000
-0.01449529 0.10573962 0.38095522 79 97 15 2.000000
-0.01547164 0.09657620 0.38419124 135 157 95 2.000000
-0.00922549 0.10342085 0.38384479 137 161 102 2.000000
-0.01254462 0.10928833 0.38352183 129 156 86 2.000000
-0.01199687 0.10708884 0.38144842 78 99 15 2.000000
-0.00818187 0.10320767 0.38432679 105 138 68 2.000000
-0.00682977 0.10071485 0.38561717 110 136 71 2.000000
-0.01136646 0.10915166 0.38333899 125 153 89 2.000000
-0.00807003 0.10035446 0.38509896 132 153 96 2.000000
-0.00757937 0.09970651 0.38559696 131 156 94 2.000000
-0.01481846 0.10706051 0.38234589 127 158 91 2.000000
-0.00908556 0.09469924 0.38921046 102 123 53 2.000000
-0.00733376 0.10716980 0.38332647 105 132 28 2.000000
-0.01404160 0.09925284 0.38067716 68 95 13 2.000000
-0.01987561 0.10749210 0.38154116 117 148 35 2.000000
-0.00827452 0.10599515 0.38202146 82 96 20 2.000000
-0.01587155 0.09664592 0.38397321 138 163 97 2.000000
-0.00840072 0.10233223 0.38234979 84 101 24 2.000000
-0.00685343 0.09566501 0.38884452 105 125 71 2.000000
-0.00882863 0.10094751 0.38456854 133 157 99 2.000000
-0.00727977 0.09809104 0.38450736 75 96 28 2.000000
-0.01849304 0.10242178 0.38162032 138 163 100 2.000000
-0.01294542 0.10648053 0.38246843 132 159 95 2.000000
-0.01206142 0.10818710 0.38199449 87 117 12 2.000000
-0.01598839 0.10018043 0.38235846 141 168 96 2.000000
-0.01008938 0.10238253 0.38186565 84 101 24 2.000000
-0.01422072 0.10515659 0.38077313 76 91 20 2.000000
-0.01015450 0.10234271 0.38345882 138 163 99 2.000000
-0.01732569 0.10480913 0.38163593 139 164 100 2.000000
-0.00849340 0.10411336 0.38407150 117 146 80 2.000000
-0.00730717 0.10028170 0.38552517 127 148 89 2.000000
-0.00740201 0.10335486 0.38427010 112 139 58 2.000000
-0.01596658 0.09610869 0.38056645 68 87 29 2.000000
-0.00726580 0.10688481 0.38385341 117 153 59 2.000000
-0.01716867 0.09956732 0.38229290 140 166 98 2.000000
-0.01451655 0.09797101 0.38342699 116 143 83 2.000000
-0.01964133 0.10737377 0.38191959 138 166 88 2.000000
-0.01512596 0.09624758 0.38066259 66 93 17 2.000000
-0.00805206 0.10375055 0.38431388 107 140 64 2.000000
-0.01159667 0.10752658 0.38168904 80 109 12 2.000000
-0.01226305 0.09542692 0.38641274 105 125 74 2.000000
-0.01951411 0.10808749 0.38184866 138 171 60 2.000000
-0.01858082 0.10710879 0.38217926 131 158 92 2.000000
-0.01754896 0.09844816 0.38257313 139 163 88 2.000000
-0.01020774 0.09514377 0.38798919 106 128 79 2.000000
-0.01577113 0.09874785 0.38282257 138 164 85 2.000000
-0.00664755 0.10082400 0.38417548 74 91 31 2.000000
-0.01478546 0.09635444 0.38468140 129 154 93 2.000000
-0.00818656 0.10684788 0.38384169 115 147 73 2.000000
-0.00673633 0.09823975 0.38698232 124 145 76 2.000000
-0.01025140 0.10098055 0.38388592 132 158 97 2.000000
-0.01659841 0.10686242 0.38227826 130 156 93 2.000000
-0.01208906 0.10781325 0.38186640 84 113 16 2.000000
-0.00892380 0.09762966 0.38389328 80 98 20 2.000000
-0.01366883 0.10401340 0.38217539 128 157 97 2.000000
-0.01082888 0.09618977 0.38659930 104 129 80 2.000000
-0.00920069 0.10413532 0.38163543 80 95 30 2.000000
-0.01061843 0.09942499 0.38423103 121 144 89 2.000000
-0.01080247 0.11015300 0.38298467 125 151 22 2.000000
-0.01113195 0.09871202 0.38420424 119 141 88 2.000000
-0.01448086 0.09707324 0.38415137 132 159 91 2.000000
-0.01106158 0.09899112 0.38411567 117 145 85 2.000000
-0.00806796 0.10161719 0.38464996 111 143 80 2.000000
-0.00647360 0.10063720 0.38484341 90 106 47 2.000000
-0.01460419 0.10464268 0.38205811 135 160 99 2.000000
-0.01727792 0.10016433 0.38212866 139 165 101 2.000000
-0.01334275 0.09913573 0.38333413 122 146 91 2.000000
-0.01679715 0.09715783 0.38341025 128 159 76 2.000000
-0.01575847 0.09523273 0.38514838 119 141 91 2.000000
-0.01602799 0.10370448 0.38190049 131 158 97 2.000000
-0.01479292 0.09530097 0.38551074 122 140 93 2.000000
-0.01565404 0.10676436 0.38228258 127 155 92 2.000000
-0.00961916 0.09997874 0.38434881 125 149 93 2.000000
-0.01138630 0.10866541 0.38322335 128 159 94 2.000000
-0.00849429 0.10873622 0.38360718 127 155 89 2.000000
-0.00753154 0.10696018 0.38399908 115 146 72 2.000000
-0.00721780 0.10599886 0.38359162 108 130 38 2.000000
-0.00989312 0.09999482 0.38419220 130 147 94 2.000000
-0.01049278 0.09615499 0.38678485 103 129 77 2.000000
-0.01027692 0.10859558 0.38216397 92 115 16 2.000000
-0.01305344 0.09977397 0.38326123 127 151 93 2.000000
-0.01044207 0.10758044 0.38301790 133 159 98 2.000000
-0.00972407 0.09545008 0.38801906 109 131 79 2.000000
-0.00840336 0.10505205 0.38397571 113 144 78 2.000000
-0.00945189 0.10036099 0.38248035 84 100 23 2.000000
-0.01445482 0.10875732 0.38284421 152 179 106 2.000000
-0.01328893 0.09936906 0.38330594 126 148 89 2.000000
-0.00755208 0.10916824 0.38323748 108 132 37 2.000000
-0.01522197 0.10353304 0.38207135 130 155 96 2.000000
-0.00899755 0.09617219 0.38758066 115 135 85 2.000000
-0.00936849 0.09375624 0.39001918 98 119 56 2.000000
-0.00853636 0.09678537 0.38722944 115 138 88 2.000000
-0.01119925 0.10970338 0.38275397 114 140 9 2.000000
-0.01582360 0.10667237 0.38108790 78 101 13 2.000000
-0.01022198 0.09538863 0.38766766 110 135 85 2.000000
-0.01815605 0.10546877 0.38050419 84 110 11 2.000000
-0.01705118 0.10352688 0.38184124 144 165 105 2.000000
-0.00970384 0.10491749 0.38123262 69 85 25 2.000000
-0.01321448 0.10363493 0.38230106 136 164 100 2.000000
-0.00994474 0.10681567 0.38148183 64 82 29 2.000000
-0.01458347 0.10423420 0.38207227 135 157 99 2.000000
-0.01903901 0.10427919 0.38148907 135 162 98 2.000000
-0.01427270 0.10424130 0.38064361 72 93 21 2.000000
-0.00803965 0.10870364 0.38253087 84 105 15 2.000000
-0.01035776 0.09556646 0.38744342 112 133 82 2.000000
-0.01211149 0.10385641 0.38264072 134 163 102 2.000000
-0.01012968 0.09338248 0.39009750 105 127 51 2.000000
-0.01133079 0.10397307 0.38286024 134 158 99 2.000000
-0.01280556 0.10590238 0.38248247 132 161 99 2.000000
-0.00959463 0.09458983 0.38904881 106 127 62 2.000000
-0.01084017 0.11026208 0.38340878 159 181 80 2.000000
-0.01265549 0.10922877 0.38253963 107 135 11 2.000000
-0.01716771 0.10786509 0.38167048 98 122 11 2.000000
-0.00918705 0.09585176 0.38783824 112 133 85 2.000000
-0.01527510 0.09967354 0.38034838 63 81 20 2.000000
-0.01188637 0.10439561 0.38113603 66 81 22 2.000000
-0.01295126 0.10009152 0.38318396 127 156 91 2.000000
-0.01243387 0.09567899 0.38621005 110 128 82 2.000000
-0.01889577 0.10822524 0.38181928 125 158 36 2.000000
-0.01215910 0.10610358 0.38261190 134 159 98 2.000000
-0.01196156 0.10885737 0.38241380 102 125 11 2.000000
-0.01532769 0.09748677 0.38362321 120 148 75 2.000000
-0.01002532 0.10618255 0.38310969 135 163 101 2.000000
-0.01725140 0.10403798 0.38166368 141 168 100 2.000000
-0.01364032 0.09927166 0.38323930 123 149 90 2.000000
-0.01276779 0.10420898 0.38243544 133 160 99 2.000000
-0.00871811 0.09967010 0.38496122 125 144 90 2.000000
-0.01661188 0.10834223 0.38189754 117 140 22 2.000000
-0.00757647 0.10132790 0.38305143 76 98 22 2.000000
-0.00629901 0.09814629 0.38710162 124 145 70 2.000000
-0.00784802 0.09487659 0.38895458 113 127 58 2.000000
-0.01163016 0.09466089 0.38778010 114 134 88 2.000000
-0.00704307 0.09813648 0.38692573 122 146 81 2.000000
-0.00589630 0.09817239 0.38699061 114 129 60 2.000000
-0.01727898 0.09679162 0.38343579 138 161 92 2.000000
-0.01123814 0.10606768 0.38276774 131 159 95 2.000000
-0.01368024 0.09771559 0.38393083 116 139 81 2.000000
-0.01204389 0.09717344 0.38516560 128 149 99 2.000000
-0.01200387 0.11002437 0.38325310 150 175 97 2.000000
-0.01878990 0.10608616 0.38082901 86 109 17 2.000000
-0.01456635 0.09817875 0.38334298 113 143 82 2.000000
-0.01362188 0.09515771 0.38609755 107 129 79 2.000000
-0.01733615 0.09856335 0.37996629 64 89 24 2.000000
-0.01621880 0.10718857 0.38110536 88 106 14 2.000000
-0.00940524 0.10281914 0.38393018 130 157 98 2.000000
-0.01176434 0.10240051 0.38167617 84 103 30 2.000000
-0.00737363 0.10730992 0.38322562 102 129 22 2.000000
-0.00952748 0.09636495 0.38452685 78 94 26 2.000000
-0.00925681 0.10764473 0.38319573 133 161 98 2.000000
-0.01088535 0.10247181 0.38315496 132 160 95 2.000000
-0.00793812 0.09588498 0.38852760 114 136 65 2.000000
-0.00897072 0.10506115 0.38375229 122 149 87 2.000000
-0.00912538 0.10993299 0.38302279 105 149 24 2.000000
-0.01430131 0.10195433 0.38116461 75 91 24 2.000000
-0.00824309 0.10059530 0.38495180 132 153 95 2.000000
-0.01163077 0.09525596 0.38684812 95 116 71 2.000000
-0.01351401 0.09756812 0.38405856 117 142 79 2.000000
-0.01718581 0.09613770 0.38385704 130 152 90 2.000000
-0.01261760 0.10984308 0.38285294 128 157 35 2.000000
-0.00634541 0.09902454 0.38655075 124 140 71 2.000000
-0.01288414 0.09603260 0.38585857 114 137 84 2.000000
-0.01058774 0.10578107 0.38298342 136 162 101 2.000000
-0.01549784 0.10795090 0.38169971 89 109 14 2.000000
-0.01265001 0.09949355 0.38343734 124 149 88 2.000000
-0.00983076 0.10868332 0.38341534 131 157 97 2.000000
-0.00960838 0.09365991 0.39007226 101 122 55 2.000000
-0.01736941 0.10201112 0.38178471 136 159 98 2.000000
-0.01585746 0.09911527 0.38271025 140 168 86 2.000000
-0.01321203 0.10024518 0.38107383 73 96 12 2.000000
-0.01209589 0.10184775 0.38301525 136 161 100 2.000000
-0.00873566 0.09435034 0.38946745 82 113 40 2.000000
-0.01157446 0.09790584 0.38470063 104 129 78 2.000000
-0.00857685 0.10336122 0.38423026 111 141 77 2.000000
-0.00948334 0.10620207 0.38329771 133 160 99 2.000000
-0.01715094 0.10141926 0.38198912 127 151 92 2.000000
-0.00759357 0.10578235 0.38302267 88 111 28 2.000000
-0.00887307 0.10211989 0.38219041 83 100 30 2.000000
-0.01641628 0.09871789 0.38277563 143 168 86 2.000000
-0.01625888 0.10314910 0.38200793 133 159 99 2.000000
-0.01454269 0.10612762 0.38109434 80 103 17 2.000000
-0.01398814 0.10152251 0.38258272 136 165 94 2.000000
-0.01059648 0.10831784 0.38199052 96 114 16 2.000000
-0.00834571 0.10750901 0.38383862 119 149 81 2.000000
-0.01418073 0.10950835 0.38279498 126 180 49 2.000000
-0.01045576 0.09775465 0.38550559 128 150 98 2.000000
-0.01121451 0.09557297 0.38685358 97 121 76 2.000000
-0.01309325 0.09937652 0.38336283 119 150 87 2.000000
-0.01860890 0.10753473 0.38153997 101 126 9 2.000000
-0.01136004 0.10917393 0.38254708 107 129 16 2.000000
-0.00858322 0.10564957 0.38378948 120 147 80 2.000000
-0.01518514 0.09891728 0.38294569 135 160 91 2.000000
-0.01447702 0.10831425 0.38196689 91 112 23 2.000000
-0.01611631 0.10093319 0.38219789 142 164 98 2.000000
-0.01759676 0.09870651 0.38244775 136 166 91 2.000000
-0.00746578 0.10508030 0.38326541 90 109 31 2.000000
-0.01796074 0.10558545 0.38174558 133 159 91 2.000000
-0.00843767 0.10962276 0.38339511 123 160 65 2.000000
-0.01545823 0.10390393 0.38199598 138 162 101 2.000000
-0.01467040 0.10458013 0.38059667 72 89 17 2.000000
-0.00751377 0.09756226 0.38724822 124 145 88 2.000000
-0.01616855 0.09719890 0.38356432 122 156 77 2.000000
-0.01202859 0.11012409 0.38302895 129 167 54 2.000000
-0.01096892 0.10171017 0.38192821 88 102 26 2.000000
-0.01878918 0.10578091 0.38176051 127 157 86 2.000000
-0.01633782 0.09556568 0.38458505 122 144 90 2.000000
-0.00941721 0.09909285 0.38486335 114 136 88 2.000000
-0.01415144 0.09936004 0.38307723 124 154 94 2.000000
-0.01331231 0.09830039 0.38367832 114 138 83 2.000000
-0.00888658 0.10691362 0.38341281 140 163 105 2.000000
-0.01508442 0.10815404 0.38186112 88 113 8 2.000000
-0.01100016 0.10633709 0.38123894 73 84 23 2.000000
-0.01668749 0.10646237 0.38219637 128 159 92 2.000000
-0.01373409 0.09800126 0.38375407 117 139 81 2.000000
-0.01345784 0.10643685 0.38238809 131 160 95 2.000000
-0.01049735 0.09421074 0.38871756 104 125 72 2.000000
-0.00840189 0.10442860 0.38240218 86 100 25 2.000000
-0.01000745 0.10474408 0.38330990 133 157 98 2.000000
-0.00969921 0.09441403 0.38916469 108 128 65 2.000000
-0.01210574 0.10296839 0.38151065 80 97 26 2.000000
-0.00716225 0.09526253 0.38862747 102 122 45 2.000000
-0.00880619 0.09432671 0.38778874 71 95 14 2.000000
-0.01076210 0.09556914 0.38716912 96 121 74 2.000000
-0.00752904 0.09932590 0.38592222 132 155 103 2.000000
-0.01360910 0.10603955 0.38234162 131 160 96 2.000000
-0.00693089 0.09849554 0.38450494 79 94 27 2.000000
-0.00764660 0.10137797 0.38496855 117 145 83 2.000000
-0.00779135 0.09717283 0.38730094 123 147 92 2.000000
-0.00807224 0.10778509 0.38388157 119 147 78 2.000000
-0.00875561 0.10172582 0.38234571 83 101 24 2.000000
-0.00709243 0.09591576 0.38871235 112 126 70 2.000000
-0.01325983 0.09885812 0.38347331 121 145 89 2.000000
-0.01450018 0.09556279 0.38541093 123 141 91 2.000000
-0.01021399 0.09964478 0.38427269 120 145 88 2.000000
-0.01528257 0.10497003 0.38192630 134 162 98 2.000000
-0.01714736 0.10116232 0.38200188 121 147 89 2.000000
-0.01049455 0.09494118 0.38801748 108 128 78 2.000000
-0.01451337 0.09542190 0.38554057 125 141 92 2.000000
-0.01520755 0.10604573 0.38212985 132 159 97 2.000000
-0.01843299 0.10846687 0.38200861 126 166 65 2.000000
-0.00845708 0.09438375 0.38935381 90 105 44 2.000000
-0.00901570 0.09875585 0.38544470 126 145 87 2.000000
-0.00879425 0.10862359 0.38239548 81 102 15 2.000000
-0.00924446 0.09644280 0.38723072 109 131 80 2.000000
-0.01018023 0.09479257 0.38842174 103 123 76 2.000000
-0.00737883 0.10453298 0.38333651 86 104 31 2.000000
-0.00836917 0.10592782 0.38380760 116 143 80 2.000000
-0.01133011 0.10050879 0.38353282 132 156 95 2.000000
-0.00858641 0.10404044 0.38215148 81 100 25 2.000000
-0.01102773 0.09393098 0.38887581 97 120 69 2.000000
-0.00777907 0.10618808 0.38287258 92 113 22 2.000000
-0.01120362 0.09933420 0.38199720 92 107 16 2.000000
-0.01695914 0.10294338 0.38187531 139 164 103 2.000000
-0.01661082 0.09958339 0.38240346 136 168 92 2.000000
-0.01058473 0.11036625 0.38313195 138 173 6 2.000000
-0.01226253 0.09884291 0.38381580 121 143 85 2.000000
-0.01102723 0.10093121 0.38192740 80 99 19 2.000000
-0.01166429 0.09720549 0.38530403 125 149 95 2.000000
-0.01162661 0.10228515 0.38305137 137 161 100 2.000000
-0.01386440 0.09496801 0.38610148 102 127 75 2.000000
-0.00910667 0.10276658 0.38412130 123 151 86 2.000000
-0.01355540 0.10963107 0.38275087 143 162 59 2.000000
-0.00896969 0.09657482 0.38716760 110 133 81 2.000000
-0.00960063 0.10052855 0.38425106 128 152 93 2.000000
-0.01182950 0.10082459 0.38155136 79 99 12 2.000000
-0.01173010 0.09542063 0.38665447 97 122 74 2.000000
-0.01508729 0.09487531 0.38580281 114 133 89 2.000000
-0.01606313 0.10842275 0.38244399 146 170 91 2.000000
-0.01868834 0.10714503 0.38140082 92 123 12 2.000000
-0.00879620 0.10013973 0.38480121 124 151 94 2.000000
-0.00702835 0.09871109 0.38644356 134 159 92 2.000000
-0.01530750 0.10052945 0.38239828 143 168 99 2.000000
-0.01759408 0.10445919 0.38155416 136 163 101 2.000000
-0.01259559 0.10409910 0.38249266 139 162 100 2.000000
-0.01666616 0.09530748 0.38461682 122 143 89 2.000000
-0.01326196 0.10209450 0.38261583 139 164 101 2.000000
-0.00810206 0.10644887 0.38259929 94 112 20 2.000000
-0.00772929 0.10797800 0.38386852 121 148 79 2.000000
-0.00660665 0.09573805 0.38855666 108 123 60 2.000000
-0.01189373 0.10215048 0.38301188 142 161 103 2.000000
-0.01625910 0.10447454 0.38043222 83 100 10 2.000000
-0.00702515 0.10158487 0.38459390 100 126 36 2.000000
-0.01438409 0.09836499 0.38327774 120 144 82 2.000000
-0.00710127 0.09992993 0.38591421 124 150 89 2.000000
-0.00951311 0.09386518 0.38987634 104 128 53 2.000000
-0.01252719 0.09435765 0.38760018 116 137 90 2.000000
-0.00915937 0.09805314 0.38592312 126 148 96 2.000000
-0.01363587 0.09697223 0.38463274 134 160 93 2.000000
-0.00904862 0.10319985 0.38405874 122 151 90 2.000000
-0.00936275 0.10462797 0.38137537 73 91 18 2.000000
-0.00981383 0.09623344 0.38696668 105 129 80 2.000000
-0.01315250 0.09685375 0.38499758 127 151 92 2.000000
-0.01020139 0.10520059 0.38324443 138 162 101 2.000000
-0.01321307 0.09742972 0.38429973 118 143 82 2.000000
-0.00643946 0.10070380 0.38541377 114 130 53 2.000000
-0.00875926 0.10197621 0.38436750 122 151 88 2.000000
-0.01709886 0.09701089 0.38338506 135 162 86 2.000000
-0.01222145 0.09854434 0.38399154 119 139 87 2.000000
-0.01363735 0.09977175 0.38091618 73 95 20 2.000000
-0.01224678 0.10690886 0.38252985 130 158 95 2.000000
-0.00841890 0.10736847 0.38187104 73 88 22 2.000000
-0.01333437 0.09634741 0.38540760 121 142 90 2.000000
-0.01378882 0.09432616 0.38686889 91 119 54 2.000000
-0.00949023 0.10320726 0.38362455 141 164 104 2.000000
-0.01338043 0.10015160 0.38307858 136 158 97 2.000000
-0.01235224 0.09649730 0.38561961 118 138 89 2.000000
-0.00982646 0.10972164 0.38281479 106 131 14 2.000000
-0.01421844 0.09504895 0.38606882 109 129 80 2.000000
-0.01574931 0.09503802 0.38529548 117 139 84 2.000000
-0.01369660 0.10579404 0.38098955 74 95 22 2.000000
-0.01077276 0.09921255 0.38426170 119 143 90 2.000000
-0.00971291 0.09985261 0.38435653 125 149 92 2.000000
-0.00644239 0.09688357 0.38635534 77 96 26 2.000000
-0.01415975 0.10449263 0.38212118 132 157 97 2.000000
-0.01287047 0.10386203 0.38242254 139 164 97 2.000000
-0.01186364 0.09850235 0.38410592 120 139 88 2.000000
-0.01536270 0.09783714 0.38339642 118 145 77 2.000000
-0.01002567 0.09541929 0.38781336 111 132 80 2.000000
-0.01264610 0.10516819 0.38246602 130 158 99 2.000000
-0.01491981 0.10585005 0.38099352 75 98 15 2.000000
-0.01704423 0.10819035 0.38184324 108 136 26 2.000000
-0.01330486 0.10249485 0.38248637 138 164 99 2.000000
-0.01546662 0.10722587 0.38233322 120 153 85 2.000000
-0.01400975 0.09672963 0.38473445 130 155 92 2.000000
-0.01281590 0.09627880 0.38565895 117 140 90 2.000000
-0.01552057 0.09675178 0.38404331 140 163 100 2.000000
-0.01428209 0.09705063 0.38426420 135 159 95 2.000000
-0.01178187 0.11008099 0.38293725 124 155 19 2.000000
-0.00760402 0.09840600 0.38646981 124 149 93 2.000000
-0.01131976 0.10574576 0.38279283 131 159 94 2.000000
-0.00765035 0.10000938 0.38333920 78 101 23 2.000000
-0.01679463 0.10478444 0.38046202 86 105 11 2.000000
-0.01708149 0.10688864 0.38224664 124 156 90 2.000000
-0.00635223 0.10030975 0.38575128 115 141 58 2.000000
-0.01040991 0.10464758 0.38313240 135 158 101 2.000000
-0.00785609 0.09777376 0.38692138 123 144 86 2.000000
-0.00759972 0.10556095 0.38391823 110 144 66 2.000000
-0.01249461 0.09618810 0.38586095 115 137 86 2.000000
-0.01693388 0.10400694 0.38177603 142 165 102 2.000000
-0.00872646 0.09889938 0.38548210 130 149 93 2.000000
-0.00779023 0.10015912 0.38530111 130 152 96 2.000000
-0.01047179 0.10982573 0.38280034 115 141 9 2.000000
-0.01080288 0.10673773 0.38283107 130 158 97 2.000000
-0.01521603 0.09950732 0.38269886 141 166 93 2.000000
-0.01255924 0.10021345 0.38318089 135 154 93 2.000000
-0.00739468 0.09514585 0.38886753 113 121 67 2.000000
-0.01065455 0.09403201 0.38894895 104 122 72 2.000000
-0.01686032 0.09584817 0.38420898 129 151 93 2.000000
-0.00648129 0.10011304 0.38594252 113 138 63 2.000000
-0.01037759 0.10105830 0.38375926 133 158 94 2.000000
-0.00839373 0.10004909 0.38503632 130 151 97 2.000000
-0.01580875 0.10752123 0.38244882 123 153 86 2.000000
-0.00914859 0.10837948 0.38229150 80 98 29 2.000000
-0.01690479 0.09953440 0.38236684 136 165 94 2.000000
-0.01490908 0.09963915 0.38271531 141 167 91 2.000000
-0.00713720 0.10643261 0.38363224 114 141 40 2.000000
-0.00764340 0.09941421 0.38577366 134 156 99 2.000000
-0.00724391 0.09879102 0.38617748 139 158 103 2.000000
-0.00990136 0.09810502 0.38542792 138 158 100 2.000000
-0.00843737 0.09852636 0.38590643 128 151 97 2.000000
-0.01755956 0.10293230 0.38019586 82 101 21 2.000000
-0.00763585 0.10786564 0.38296470 100 122 23 2.000000
-0.00925542 0.10525439 0.38363639 125 151 91 2.000000
-0.01478071 0.10043836 0.38255540 142 172 99 2.000000
-0.01016293 0.10383616 0.38330764 129 154 93 2.000000
-0.01858963 0.10482486 0.38155597 133 160 96 2.000000
-0.00796460 0.10131449 0.38482288 124 149 91 2.000000
-0.00918754 0.10936161 0.38347203 122 151 81 2.000000
-0.01025828 0.10946795 0.38358060 123 153 87 2.000000
-0.00801443 0.10905962 0.38260469 85 104 28 2.000000
-0.01471726 0.10646193 0.38227186 131 160 94 2.000000
-0.01480537 0.09552374 0.38532394 122 140 91 2.000000
-0.01915490 0.10519942 0.38147622 125 156 90 2.000000
-0.01709215 0.10851280 0.38227946 139 171 94 2.000000
-0.00776352 0.10836700 0.38392147 117 149 81 2.000000
-0.00757745 0.10242656 0.38445777 109 137 62 2.000000
-0.00657489 0.09800761 0.38516301 75 93 28 2.000000
-0.00889990 0.09953871 0.38494301 121 142 90 2.000000
-0.01023774 0.10074189 0.38396966 131 154 97 2.000000
-0.00717163 0.10317828 0.38405317 109 127 47 2.000000
-0.01439539 0.09846184 0.38053003 64 86 17 2.000000
-0.01529295 0.09697688 0.38396132 136 160 94 2.000000
-0.01024964 0.10720149 0.38160393 69 87 21 2.000000
-0.00734199 0.10907061 0.38363406 129 155 73 2.000000
-0.01387553 0.09950569 0.38307691 135 155 96 2.000000
-0.01533769 0.09568648 0.38099742 85 104 18 2.000000
-0.01402976 0.10286295 0.38097233 65 84 24 2.000000
-0.00712030 0.09962334 0.38385132 81 98 24 2.000000
-0.00868338 0.10926095 0.38351980 126 157 82 2.000000
-0.01491875 0.10405137 0.38205597 128 158 95 2.000000
-0.01495369 0.10331237 0.38211161 129 153 94 2.000000
-0.01376469 0.10239183 0.38241294 141 167 101 2.000000
-0.01053125 0.09870683 0.38454002 110 138 84 2.000000
-0.01491348 0.09613137 0.38481128 129 152 91 2.000000
-0.00721397 0.09851610 0.38653040 127 148 91 2.000000
-0.00942467 0.10901384 0.38349900 123 155 83 2.000000
-0.01378505 0.10890863 0.38319540 156 175 109 2.000000
-0.01026897 0.09333499 0.39023346 106 123 48 2.000000
-0.01602675 0.10863624 0.38210204 115 146 22 2.000000
-0.01562452 0.10821178 0.38182101 93 117 17 2.000000
-0.01709504 0.10066456 0.38205802 128 158 92 2.000000
-0.00936217 0.09719446 0.38658407 112 136 84 2.000000
-0.00944958 0.10845749 0.38335431 132 157 94 2.000000
-0.01093592 0.10717105 0.38157567 73 90 21 2.000000
-0.01496255 0.10749907 0.38236347 124 155 91 2.000000
-0.01115335 0.09880310 0.38220689 91 111 18 2.000000
-0.01024117 0.10555552 0.38119343 64 80 27 2.000000
-0.00899801 0.10383284 0.38383579 134 159 96 2.000000
-0.01039865 0.09509343 0.38792133 109 129 81 2.000000
-0.01042489 0.10228013 0.38188019 86 101 28 2.000000
-0.01161973 0.10074456 0.38333121 138 160 95 2.000000
-0.01402945 0.10242917 0.38233164 146 167 102 2.000000
-0.01143638 0.10993996 0.38287476 117 151 19 2.000000
-0.01512825 0.09720811 0.38046288 66 83 23 2.000000
-0.00830621 0.09591785 0.38829899 115 134 73 2.000000
-0.00869117 0.09855014 0.38581374 131 153 99 2.000000
-0.01116941 0.09827698 0.38249457 89 109 24 2.000000
-0.01711880 0.09816401 0.38281804 135 162 82 2.000000
-0.01512062 0.10418113 0.38049030 76 90 16 2.000000
-0.01341833 0.09751927 0.38414168 116 143 77 2.000000
-0.01523907 0.10449361 0.38194284 137 161 100 2.000000
-0.01585008 0.09732264 0.38357848 122 148 73 2.000000
-0.00924362 0.09541889 0.38822272 106 131 77 2.000000
-0.00984424 0.09949367 0.38264301 86 104 24 2.000000
-0.01088733 0.09858862 0.38446853 115 138 86 2.000000
-0.01501046 0.10622470 0.38111076 77 96 19 2.000000
-0.01681897 0.09927335 0.38246289 140 168 92 2.000000
-0.01410698 0.09784377 0.38373142 117 142 81 2.000000
-0.01498294 0.09508253 0.38565472 120 138 89 2.000000
-0.01859665 0.10789677 0.38167214 113 138 22 2.000000
-0.01609619 0.10767291 0.38140249 89 108 21 2.000000
-0.01183135 0.09945802 0.38368958 127 146 89 2.000000
-0.01376515 0.10933200 0.38255394 116 145 27 2.000000
-0.01046210 0.09741510 0.38576838 122 143 90 2.000000
-0.01434010 0.09773981 0.38370934 119 144 81 2.000000
-0.01656782 0.10515230 0.38175559 137 163 101 2.000000
-0.00889069 0.10246870 0.38427007 119 148 83 2.000000
-0.01118651 0.10667931 0.38274074 132 158 97 2.000000
-0.00864353 0.09566361 0.38841900 105 133 63 2.000000
-0.01102367 0.10921204 0.38248146 99 128 15 2.000000
-0.00831265 0.09472492 0.38921505 100 118 49 2.000000
-0.01550679 0.10630499 0.38108331 79 97 20 2.000000
-0.01375185 0.09605044 0.38539907 122 144 90 2.000000
-0.01456781 0.10262338 0.38219905 134 163 97 2.000000
-0.01434286 0.10658816 0.38124508 83 106 15 2.000000
-0.00670033 0.09827240 0.38484892 74 94 26 2.000000
-0.00959199 0.09918772 0.38470453 113 141 87 2.000000
-0.01096536 0.10263003 0.38310364 134 161 97 2.000000
-0.01402734 0.10951152 0.38271964 137 170 47 2.000000
-0.01222771 0.09792655 0.38209420 92 115 15 2.000000
-0.01515818 0.09736158 0.38376883 125 154 80 2.000000
-0.00867406 0.09463448 0.38933542 96 124 44 2.000000
-0.01767073 0.10206407 0.38174319 133 160 97 2.000000
-0.00815481 0.10634855 0.38220578 81 99 26 2.000000
-0.01664928 0.10759789 0.38229561 125 155 90 2.000000
-0.01019573 0.10868019 0.38337633 131 159 94 2.000000
-0.01642012 0.09794006 0.38309571 123 153 75 2.000000
-0.00979578 0.10575718 0.38331169 136 161 101 2.000000
-0.01151319 0.10387582 0.38150468 71 95 25 2.000000
-0.01782661 0.10704678 0.38129961 95 119 11 2.000000
-0.01080095 0.09699515 0.38588786 116 137 88 2.000000
-0.01438819 0.09717065 0.38061345 79 91 24 2.000000
-0.00705532 0.10028681 0.38367346 79 99 19 2.000000
-0.01033194 0.10643446 0.38136065 69 83 27 2.000000
-0.01646670 0.10675535 0.38103989 90 111 9 2.000000
-0.01429118 0.10725003 0.38144732 85 106 20 2.000000
-0.01572310 0.10393301 0.38190433 136 161 99 2.000000
-0.01401133 0.09595706 0.38538450 122 146 89 2.000000
-0.00814252 0.10784286 0.38224125 78 99 20 2.000000
-0.01817770 0.10725338 0.38142630 97 121 13 2.000000
-0.00963940 0.09416613 0.38944942 110 132 65 2.000000
-0.00963781 0.10298900 0.38177833 85 99 23 2.000000
-0.00779707 0.09677575 0.38766870 120 142 83 2.000000
-0.01005131 0.09612413 0.38706505 107 129 79 2.000000
-0.00793456 0.10542963 0.38400313 110 141 75 2.000000
-0.01300575 0.10946021 0.38337916 144 167 107 2.000000
-0.01492409 0.10118481 0.38240400 142 166 103 2.000000
-0.00898227 0.10766871 0.38190016 68 82 29 2.000000
-0.00871474 0.10475599 0.38390031 119 148 85 2.000000
-0.01426062 0.10496827 0.38208443 131 159 97 2.000000
-0.00993122 0.10789285 0.38191357 81 94 26 2.000000
-0.00957693 0.09775273 0.38351965 81 100 19 2.000000
-0.00745531 0.09792163 0.38701060 120 145 85 2.000000
-0.01305279 0.10764705 0.38167346 87 111 8 2.000000
-0.00978084 0.10248236 0.38373744 137 161 100 2.000000
-0.01165184 0.09376076 0.38877013 97 119 66 2.000000
-0.00883590 0.10362201 0.38404986 123 149 90 2.000000
-0.01144026 0.10380024 0.38282225 131 157 96 2.000000
-0.01435065 0.10320416 0.38215536 132 158 94 2.000000
-0.00960524 0.09495289 0.38859439 100 129 75 2.000000
-0.00790924 0.09757330 0.38705251 122 144 90 2.000000
-0.00837628 0.10631311 0.38183233 80 94 19 2.000000
-0.01279509 0.10202870 0.38273770 137 164 101 2.000000
-0.01760791 0.10187560 0.38181201 135 158 97 2.000000
-0.01154532 0.10004085 0.38361156 130 151 96 2.000000
-0.01183080 0.10244634 0.38291618 138 163 102 2.000000
-0.00756829 0.10317582 0.38436568 106 137 62 2.000000
-0.00859474 0.09752213 0.38674933 112 137 84 2.000000
-0.00841204 0.09663919 0.38745576 115 139 81 2.000000
-0.01071204 0.11045533 0.38334510 159 185 90 2.000000
-0.01441713 0.10821631 0.38281965 137 166 100 2.000000
-0.01621375 0.10507420 0.38060421 77 104 12 2.000000
-0.01104234 0.09381773 0.38904712 97 120 65 2.000000
-0.00749894 0.10446662 0.38401702 116 143 56 2.000000
-0.00787016 0.10756657 0.38239729 85 105 22 2.000000
-0.01028048 0.09841389 0.38485953 105 128 77 2.000000
-0.01333164 0.10943610 0.38258731 115 143 16 2.000000
-0.01653264 0.10552417 0.38075280 88 112 9 2.000000
-0.01428877 0.10891239 0.38233840 118 145 32 2.000000
-0.00923398 0.10089074 0.38437897 132 158 100 2.000000
-0.00986378 0.10537058 0.38340780 134 160 99 2.000000
-0.01196351 0.10942120 0.38265625 115 135 13 2.000000
-0.00737806 0.10554217 0.38373277 108 139 46 2.000000
-0.01236757 0.10111252 0.38303837 135 162 98 2.000000
-0.00765717 0.09843574 0.38628542 127 149 95 2.000000
-0.01073283 0.09497522 0.38777950 111 131 79 2.000000
-0.01129192 0.10937923 0.38262600 106 132 6 2.000000
-0.01452048 0.10700827 0.38135874 82 105 14 2.000000
-0.01502449 0.10376450 0.38207439 130 156 93 2.000000
-0.01037956 0.10166391 0.38200241 86 100 23 2.000000
-0.00942122 0.10018854 0.38443491 128 153 96 2.000000
-0.01139265 0.10640529 0.38263702 135 157 100 2.000000
-0.01765640 0.10330973 0.38164601 139 166 100 2.000000
-0.01720880 0.09861637 0.38260609 139 165 89 2.000000
-0.01457517 0.09627254 0.38486797 129 151 97 2.000000
-0.01805165 0.10641722 0.38205528 129 157 91 2.000000
-0.01470560 0.09479646 0.38608360 112 129 81 2.000000
-0.01366794 0.10087974 0.38276890 138 167 97 2.000000
-0.00924914 0.09807793 0.38572517 129 150 102 2.000000
-0.01031404 0.10279176 0.38174817 82 98 30 2.000000
-0.00849316 0.10782664 0.38370374 124 154 89 2.000000
-0.00998209 0.09781690 0.38569874 128 149 97 2.000000
-0.01574592 0.09860723 0.38289648 136 161 86 2.000000
-0.01110356 0.10072998 0.38352191 133 156 95 2.000000
-0.01122869 0.09977605 0.38378116 120 148 87 2.000000
-0.01598461 0.09490725 0.38527668 113 137 84 2.000000
-0.01265004 0.10728807 0.38156044 84 104 13 2.000000
-0.01088117 0.09528372 0.38740647 106 136 80 2.000000
-0.01680946 0.09846704 0.38279536 139 167 84 2.000000
-0.00646938 0.09608179 0.38851616 107 115 58 2.000000
-0.01434309 0.09575146 0.38173199 95 120 11 2.000000
-0.01918764 0.10787217 0.38201258 137 163 89 2.000000
-0.00821664 0.10856509 0.38378784 123 151 85 2.000000
-0.01151916 0.09634395 0.38610411 117 135 86 2.000000
-0.01675462 0.10108381 0.38035414 80 100 39 2.000000
-0.00994434 0.09645852 0.38685277 110 128 80 2.000000
-0.01408802 0.09441453 0.38665253 92 114 67 2.000000
-0.01679621 0.09891722 0.38261330 144 170 88 2.000000
-0.00932519 0.11009829 0.38323519 135 164 45 2.000000
-0.00927509 0.09420984 0.38956469 96 125 48 2.000000
-0.01676814 0.09557788 0.38442230 127 147 91 2.000000
-0.01687499 0.10218513 0.38187587 136 158 101 2.000000
-0.01101519 0.10893455 0.38336205 130 159 96 2.000000
-0.00622957 0.09667508 0.38815171 112 117 71 2.000000
-0.01251631 0.10208616 0.38140082 82 100 25 2.000000
-0.01618755 0.10620943 0.38097736 85 108 10 2.000000
-0.01170446 0.09779721 0.38472125 110 133 76 2.000000
-0.01569846 0.10046954 0.38233858 140 167 97 2.000000
-0.00726004 0.10637982 0.38383368 116 146 53 2.000000
-0.01790448 0.10470736 0.38154259 132 160 93 2.000000
-0.01400108 0.09462059 0.38648590 94 118 72 2.000000
-0.01310898 0.09724243 0.38453093 137 157 94 2.000000
-0.00794705 0.10599215 0.38266093 89 108 26 2.000000
-0.00755874 0.10103827 0.38522398 121 147 87 2.000000
-0.01747135 0.10719714 0.38136292 94 119 7 2.000000
-0.00866595 0.10825393 0.38355246 125 157 90 2.000000
-0.00980042 0.10916039 0.38253233 97 122 13 2.000000
-0.01735421 0.10042789 0.38206232 130 159 94 2.000000
-0.00808028 0.10667154 0.38199240 81 99 17 2.000000
-0.00728722 0.09538214 0.38886181 116 127 69 2.000000
-0.01459735 0.10911005 0.38252833 138 173 36 2.000000
-0.01107345 0.10944748 0.38344532 129 158 90 2.000000
-0.00991636 0.10108075 0.38398284 131 156 96 2.000000
-0.00805976 0.10219242 0.38256380 84 102 23 2.000000
-0.00872923 0.10711784 0.38359177 133 160 97 2.000000
-0.01147519 0.10971046 0.38277769 119 141 14 2.000000
-0.00782108 0.10678966 0.38280520 96 114 25 2.000000
-0.00957645 0.10704893 0.38312799 132 161 97 2.000000
-0.01753965 0.10599952 0.38083059 90 113 7 2.000000
-0.01894939 0.10678302 0.38126928 96 119 19 2.000000
-0.01088319 0.10597012 0.38289577 133 161 99 2.000000
-0.01447453 0.10116157 0.38106257 74 87 24 2.000000
-0.01031556 0.09626184 0.38419786 80 97 28 2.000000
-0.01373051 0.10193291 0.38115576 80 91 26 2.000000
-0.01622370 0.09973319 0.38243064 139 170 98 2.000000
-0.01487247 0.10076556 0.38247761 140 170 99 2.000000
-0.00794066 0.10894239 0.38384384 118 149 83 2.000000
-0.01349887 0.10102718 0.38111493 75 92 16 2.000000
-0.01240690 0.10601087 0.38094738 74 89 30 2.000000
-0.00948627 0.09599262 0.38749930 111 134 82 2.000000
-0.00911061 0.09969960 0.38475302 120 146 92 2.000000
-0.00734458 0.09857397 0.38628778 133 154 102 2.000000
-0.01358909 0.10757041 0.38265258 134 161 103 2.000000
-0.00724752 0.10138586 0.38511246 115 144 67 2.000000
-0.00995105 0.09706228 0.38635963 115 136 86 2.000000
-0.01393821 0.09980749 0.38299391 135 159 94 2.000000
-0.01675418 0.09905782 0.37996867 73 90 7 2.000000
-0.01191943 0.09863160 0.38397002 119 141 86 2.000000
-0.01357111 0.09432734 0.38702759 107 134 73 2.000000
-0.01592953 0.09931841 0.38011193 56 89 25 2.000000
-0.00987665 0.10990192 0.38358244 126 158 86 2.000000
-0.01185045 0.09986624 0.38352343 129 151 93 2.000000
-0.01145153 0.10217642 0.38313270 137 158 96 2.000000
-0.01751979 0.10809939 0.38233188 141 163 94 2.000000
-0.00730199 0.09829703 0.38674584 123 145 87 2.000000
-0.01322484 0.10086502 0.38288122 141 167 97 2.000000
-0.01050801 0.09797341 0.38525519 134 156 95 2.000000
-0.01920881 0.10820923 0.38188165 143 167 69 2.000000
-0.01737265 0.10694150 0.38118830 94 116 8 2.000000
-0.01040231 0.10606974 0.38302821 137 162 101 2.000000
-0.01139634 0.09707142 0.38553256 121 140 93 2.000000
-0.01319292 0.10035950 0.38305077 137 161 93 2.000000
-0.00879094 0.09684325 0.38709632 114 135 81 2.000000
-0.01062270 0.10949110 0.38354662 128 157 94 2.000000
-0.00970280 0.10743908 0.38311443 131 160 96 2.000000
-0.01208204 0.10781823 0.38283452 131 158 95 2.000000
-0.00703529 0.09748630 0.38504231 74 95 22 2.000000
-0.01497623 0.09914947 0.38291320 133 160 91 2.000000
-0.01093285 0.09361421 0.38952914 94 120 59 2.000000
-0.01439174 0.10146753 0.38250220 139 165 101 2.000000
-0.00922236 0.10985896 0.38336471 131 164 62 2.000000
-0.00754631 0.10865749 0.38391459 121 150 75 2.000000
-0.01513146 0.10467604 0.38056627 70 91 8 2.000000
-0.01181482 0.10397312 0.38272566 138 162 96 2.000000
-0.01020880 0.09490397 0.38826582 105 124 74 2.000000
-0.01111520 0.10345647 0.38161144 85 94 39 2.000000
-0.01351054 0.10448308 0.38080111 76 90 32 2.000000
-0.00619173 0.09992907 0.38585910 113 132 52 2.000000
-0.00755252 0.10850005 0.38286421 98 123 18 2.000000
-0.00898074 0.10612632 0.38354921 126 153 92 2.000000
-0.01412148 0.10912035 0.38252228 125 153 31 2.000000
-0.00646941 0.10089114 0.38518950 112 127 46 2.000000
-0.00751591 0.10660534 0.38398793 113 145 70 2.000000
-0.01781167 0.10099275 0.38189620 125 151 92 2.000000
-0.01444892 0.09464663 0.38634229 102 121 75 2.000000
-0.01095671 0.10100956 0.38353258 134 159 94 2.000000
-0.01456577 0.09531942 0.38563487 120 139 90 2.000000
-0.01510718 0.09619054 0.38464320 129 152 96 2.000000
-0.01481561 0.10499482 0.38202932 134 162 96 2.000000
-0.01233642 0.09391922 0.38823009 97 120 69 2.000000
-0.00855423 0.09708009 0.38702524 115 138 84 2.000000
-0.00848105 0.10479438 0.38399592 112 145 76 2.000000
-0.00730409 0.09981619 0.38576469 135 156 101 2.000000
-0.01536701 0.09512101 0.38538355 116 140 90 2.000000
-0.01419527 0.10867135 0.38216683 101 125 13 2.000000
-0.00948578 0.10090558 0.38422555 129 157 96 2.000000
-0.01656337 0.10428260 0.38180155 139 164 100 2.000000
-0.01281784 0.09412395 0.38767132 122 136 89 2.000000
-0.01707572 0.09566750 0.38420695 126 148 94 2.000000
-0.01360024 0.09632998 0.38181862 98 118 21 2.000000
-0.01364200 0.10782113 0.38280666 134 161 98 2.000000
-0.01791506 0.10140066 0.38185638 131 156 96 2.000000
-0.01222066 0.09429894 0.38785872 112 129 81 2.000000
-0.00701327 0.09692495 0.38793170 132 146 82 2.000000
-0.00815439 0.10267728 0.38238925 85 102 19 2.000000
-0.01160486 0.10691291 0.38264608 137 161 100 2.000000
-0.01839298 0.10572351 0.38173160 128 157 92 2.000000
-0.01612890 0.10255764 0.38203096 133 156 96 2.000000
-0.00735914 0.10195844 0.38456213 105 140 57 2.000000
-0.00678823 0.09915631 0.38435626 76 95 25 2.000000
-0.01258617 0.09406385 0.38790661 108 127 79 2.000000
-0.00883886 0.09651121 0.38732922 114 134 84 2.000000
-0.01077432 0.09802915 0.38284966 85 109 15 2.000000
-0.01253354 0.09454013 0.38735929 126 145 86 2.000000
-0.00909495 0.09536236 0.38841823 106 129 69 2.000000
-0.01039661 0.10538573 0.38305712 137 163 103 2.000000
-0.01170327 0.10789983 0.38186193 90 114 14 2.000000
-0.01140959 0.09888967 0.38397691 117 142 89 2.000000
-0.00908809 0.10999864 0.38320574 111 158 39 2.000000
-0.01018294 0.10730124 0.38302556 131 157 98 2.000000
-0.01074770 0.09406028 0.38874224 100 122 68 2.000000
-0.00829472 0.09848021 0.38611799 127 150 95 2.000000
-0.01578661 0.10849670 0.38240319 137 173 80 2.000000
-0.01627985 0.09772396 0.38325661 121 147 72 2.000000
-0.00939928 0.10368324 0.38361317 134 161 98 2.000000
-0.01260061 0.10186012 0.38283798 134 165 98 2.000000
-0.00844327 0.10719191 0.38379079 123 148 86 2.000000
-0.01342007 0.10689482 0.38146681 86 103 14 2.000000
-0.00904371 0.09447686 0.38938347 102 126 50 2.000000
-0.01616340 0.10109086 0.38051584 79 90 35 2.000000
-0.01367008 0.09490909 0.38622835 106 123 79 2.000000
-0.01644281 0.09830102 0.38292593 136 162 81 2.000000
-0.01138660 0.10706229 0.38147342 76 95 14 2.000000
-0.01351809 0.10833118 0.38195631 99 120 21 2.000000
-0.01071349 0.09353995 0.38977671 95 122 56 2.000000
-0.01076510 0.09797532 0.38504151 124 144 81 2.000000
-0.01630196 0.10809126 0.38243702 138 165 98 2.000000
-0.01600272 0.10436111 0.38185665 136 162 100 2.000000
-0.01601274 0.10163326 0.38061905 66 85 23 2.000000
-0.01796445 0.10676176 0.38116470 94 117 8 2.000000
-0.01765072 0.10843717 0.38220331 163 169 87 2.000000
-0.01136544 0.10369143 0.38288081 132 156 93 2.000000
-0.00743897 0.10513020 0.38359106 104 126 43 2.000000
-0.00953550 0.10957918 0.38352630 125 151 84 2.000000
-0.01439780 0.10183382 0.38239303 142 167 101 2.000000
-0.01539601 0.09870385 0.38292414 128 161 87 2.000000
-0.00967858 0.09709572 0.38384777 83 99 25 2.000000
-0.00757847 0.10027421 0.38539162 132 154 101 2.000000
-0.01744856 0.10716762 0.38230348 121 154 85 2.000000
-0.01349071 0.10210109 0.38256201 138 166 97 2.000000
-0.01282814 0.10841256 0.38322681 126 159 93 2.000000
-0.01702114 0.10727148 0.38231114 124 155 84 2.000000
-0.00653433 0.09760404 0.38750952 124 141 72 2.000000
-0.01292455 0.09443651 0.38723239 117 135 76 2.000000
-0.01201797 0.09630910 0.38590732 120 138 90 2.000000
-0.01810632 0.10824540 0.38183439 117 142 25 2.000000
-0.01115281 0.10458444 0.38290495 134 158 102 2.000000
-0.00897308 0.10642783 0.38155696 66 84 24 2.000000
-0.01571804 0.10812711 0.38247702 130 158 87 2.000000
-0.00680895 0.10130566 0.38430038 85 96 47 2.000000
-0.01269004 0.10863897 0.38222554 98 123 9 2.000000
-0.01171106 0.10286792 0.38165066 83 97 32 2.000000
-0.01362394 0.09733979 0.38417754 124 151 82 2.000000
-0.01658544 0.09737983 0.38335553 110 147 64 2.000000
-0.01178001 0.10469250 0.38270605 137 162 101 2.000000
-0.01677032 0.10484808 0.38175330 137 165 100 2.000000
-0.00994992 0.09573539 0.38748017 111 134 79 2.000000
-0.01802650 0.10763749 0.38230625 128 157 91 2.000000
-0.01841864 0.10392591 0.38161600 134 160 93 2.000000
-0.01472404 0.10897063 0.38250405 133 167 69 2.000000
-0.01108680 0.10389636 0.38147828 75 92 28 2.000000
-0.01246852 0.10388450 0.38117620 59 81 27 2.000000
-0.01061912 0.10307878 0.38317853 137 160 98 2.000000
-0.01240239 0.10247534 0.38146597 85 100 23 2.000000
-0.01353822 0.09569789 0.38583243 119 138 91 2.000000
-0.01565084 0.09919802 0.38273665 139 168 87 2.000000
-0.01017417 0.10048731 0.38401803 131 151 94 2.000000
-0.00972130 0.09525535 0.38820317 106 130 79 2.000000
-0.01009910 0.11029579 0.38351077 149 182 94 2.000000
-0.01285319 0.09549217 0.38627356 111 129 79 2.000000
-0.01588800 0.10286742 0.38198560 134 156 100 2.000000
-0.01308782 0.10055143 0.38299355 138 161 96 2.000000
-0.01090006 0.09935476 0.38409731 121 145 94 2.000000
-0.01224781 0.10193802 0.38293535 139 164 98 2.000000
-0.01568964 0.10466862 0.38188228 133 161 100 2.000000
-0.01379551 0.10045725 0.38287404 132 165 96 2.000000
-0.01643172 0.09640732 0.38396049 136 157 94 2.000000
-0.00819510 0.09690261 0.38730547 117 140 88 2.000000
-0.01389936 0.10711295 0.38144967 87 107 20 2.000000
-0.01086477 0.09429218 0.38852492 96 120 64 2.000000
-0.01169431 0.10629477 0.38111630 71 89 23 2.000000
-0.01644039 0.10112566 0.38212740 134 161 102 2.000000
-0.00870969 0.10109121 0.38457802 133 156 97 2.000000
-0.01024333 0.10347509 0.38157046 80 98 27 2.000000
-0.01496584 0.10447698 0.38200969 136 161 100 2.000000
-0.01293053 0.10975338 0.38286984 140 166 46 2.000000
-0.01041106 0.11030857 0.38358060 155 179 113 2.000000
-0.00999812 0.09677043 0.38657728 112 135 85 2.000000
-0.00912838 0.10651892 0.38334215 134 160 98 2.000000
-0.01560605 0.10861962 0.38225892 139 165 44 2.000000
-0.00606021 0.09773301 0.38632718 84 107 29 2.000000
-0.01465331 0.09934340 0.38293657 132 159 96 2.000000
-0.01590084 0.09605239 0.38445026 127 149 92 2.000000
-0.01254319 0.09540452 0.38640258 104 124 76 2.000000
-0.01511056 0.10231552 0.38092032 69 84 21 2.000000
-0.01708416 0.10049652 0.38210103 134 163 98 2.000000
-0.01166396 0.10360289 0.38152346 72 96 30 2.000000
-0.00912178 0.09882798 0.38529494 110 136 80 2.000000
-0.01790046 0.10752144 0.38153392 92 121 14 2.000000
-0.01121353 0.09618948 0.38380474 86 103 20 2.000000
-0.01998203 0.10767128 0.38172504 141 165 52 2.000000
-0.00742071 0.10590927 0.38384157 113 143 58 2.000000
-0.00625715 0.10020085 0.38550341 101 116 44 2.000000
-0.00853059 0.10239879 0.38439453 114 144 76 2.000000
-0.00986867 0.10425913 0.38329193 130 156 96 2.000000
-0.01287503 0.09912537 0.38352650 124 148 89 2.000000
-0.01522365 0.10834211 0.38245925 149 172 80 2.000000
-0.00789256 0.10512595 0.38265538 85 101 27 2.000000
-0.00654970 0.09871597 0.38674858 116 144 72 2.000000
-0.00797375 0.10931115 0.38276333 87 108 24 2.000000
-0.00987716 0.10929449 0.38356075 123 154 87 2.000000
-0.01545379 0.10421985 0.38196734 133 161 102 2.000000
-0.01752840 0.10758116 0.38235512 124 154 87 2.000000
-0.01110837 0.09780622 0.38503772 118 146 90 2.000000
-0.01158720 0.10667532 0.38128477 68 89 21 2.000000
-0.01339470 0.10944275 0.38329610 153 181 110 2.000000
-0.01055685 0.09868286 0.38259417 87 108 20 2.000000
-0.01907700 0.10718098 0.38140967 105 121 17 2.000000
-0.01064274 0.10269719 0.38320386 135 162 96 2.000000
-0.00959215 0.10830982 0.38215518 76 101 22 2.000000
-0.00859991 0.09653945 0.38741556 114 136 86 2.000000
-0.00801731 0.09617614 0.38814670 117 139 76 2.000000
-0.01068258 0.10950027 0.38261512 106 128 8 2.000000
-0.00603043 0.09856059 0.38678175 103 134 56 2.000000
-0.01688767 0.10811815 0.38237071 136 162 92 2.000000
-0.01579814 0.10257716 0.38051945 70 92 21 2.000000
-0.00945510 0.10532967 0.38132334 67 86 28 2.000000
-0.00936014 0.10458427 0.38359955 130 155 97 2.000000
-0.00901939 0.09574398 0.38813740 109 130 78 2.000000
-0.01246936 0.10242743 0.38271680 136 166 99 2.000000
-0.01427176 0.09580503 0.38533130 122 146 92 2.000000
-0.01415245 0.10927231 0.38292855 163 181 120 2.000000
-0.00847989 0.10375486 0.38417992 115 142 77 2.000000
-0.01974577 0.10788722 0.38184309 137 165 78 2.000000
-0.01634485 0.09744374 0.38337341 112 145 69 2.000000
-0.01419442 0.10362212 0.38068879 73 87 34 2.000000
-0.00769331 0.10899726 0.38381720 120 153 79 2.000000
-0.00895088 0.09519502 0.38870895 104 129 62 2.000000
-0.00807841 0.10156800 0.38268930 81 99 25 2.000000
-0.01358283 0.09675171 0.38491654 130 154 93 2.000000
-0.01084436 0.09684195 0.38602751 114 135 87 2.000000
-0.00666961 0.09921652 0.38638544 120 140 72 2.000000
-0.01613654 0.10654664 0.38223451 131 156 93 2.000000
-0.01683115 0.10848863 0.38201424 121 156 39 2.000000
-0.00989740 0.10181173 0.38201720 82 102 19 2.000000
-0.01613785 0.09529646 0.38484868 122 143 91 2.000000
-0.00899646 0.10717806 0.38168320 68 84 19 2.000000
-0.01639003 0.10022260 0.38225234 135 167 98 2.000000
-0.01368758 0.09882992 0.38335297 119 147 86 2.000000
-0.01258466 0.09862621 0.38382885 118 142 90 2.000000
-0.01838581 0.10666019 0.38210520 131 158 94 2.000000
-0.01823979 0.10645695 0.38105515 87 114 15 2.000000
-0.01535712 0.10639265 0.38221022 131 158 94 2.000000
-0.01122305 0.10227444 0.38311931 134 158 97 2.000000
-0.00683378 0.10126085 0.38493505 108 130 37 2.000000
-0.01562556 0.10156775 0.38214961 139 166 99 2.000000
-0.01590416 0.10502207 0.38060331 81 100 12 2.000000
-0.01097825 0.10292295 0.38173172 83 99 26 2.000000
-0.01480656 0.10844237 0.38202187 97 122 19 2.000000
-0.00974634 0.09898333 0.38286832 84 106 19 2.000000
-0.00781476 0.09563939 0.38650766 78 90 30 2.000000
-0.01538499 0.09568273 0.38495240 127 144 95 2.000000
-0.01249953 0.10976894 0.38335285 154 175 105 2.000000
-0.01084280 0.10465385 0.38295403 131 159 97 2.000000
-0.01070234 0.10768597 0.38178182 81 103 14 2.000000
-0.01036690 0.10486738 0.38113868 71 79 29 2.000000
-0.00774311 0.10063732 0.38519901 132 154 98 2.000000
-0.01190962 0.09464984 0.38762453 117 140 94 2.000000
-0.01091576 0.09454691 0.38829923 100 120 70 2.000000
-0.00771554 0.10872928 0.38270313 91 116 12 2.000000
-0.01058340 0.10228880 0.38328382 137 161 101 2.000000
-0.01886312 0.10395840 0.38158828 135 163 97 2.000000
-0.01502628 0.10676989 0.38230306 129 157 94 2.000000
-0.01073781 0.10449094 0.38302055 133 158 98 2.000000
-0.01355808 0.09852197 0.38349521 116 143 86 2.000000
-0.00583784 0.09833211 0.38645065 97 109 48 2.000000
-0.00716194 0.10898615 0.38361523 131 159 43 2.000000
-0.01443734 0.10075042 0.38264254 143 170 101 2.000000
-0.01022651 0.09867280 0.38467318 115 135 86 2.000000
-0.01189697 0.09792683 0.38453969 106 130 78 2.000000
-0.01012739 0.09585841 0.38729209 105 128 76 2.000000
-0.01560980 0.10766838 0.38149601 88 103 18 2.000000
-0.00628307 0.09778270 0.38736996 128 136 73 2.000000
-0.01485185 0.09673946 0.38430133 133 157 93 2.000000
-0.01094414 0.09805591 0.38484558 102 125 71 2.000000
-0.00742484 0.10891198 0.38320845 110 134 31 2.000000
-0.01278766 0.10821917 0.38194862 89 117 15 2.000000
-0.01611152 0.09573825 0.38455746 125 146 90 2.000000
-0.00688710 0.09609481 0.38855848 129 132 77 2.000000
-0.00809335 0.09996464 0.38522634 128 151 98 2.000000
-0.01146882 0.10529780 0.38279462 133 160 96 2.000000
-0.01824247 0.10767458 0.38158575 102 127 16 2.000000
-0.01684126 0.10354389 0.38191697 140 164 105 2.000000
-0.01153996 0.09972651 0.38370377 122 147 90 2.000000
-0.00637014 0.09849154 0.38524985 76 94 25 2.000000
-0.01577093 0.09555037 0.38484228 123 144 92 2.000000
-0.00999159 0.09908181 0.38458613 117 138 87 2.000000
-0.00941501 0.10169058 0.38405555 134 157 98 2.000000
-0.01855517 0.10429450 0.38159600 136 162 96 2.000000
-0.01526026 0.09676777 0.38411430 133 159 94 2.000000
-0.01742672 0.09963632 0.38004956 72 89 28 2.000000
-0.01027778 0.10311191 0.38330716 136 161 100 2.000000
-0.00872291 0.10066615 0.38470119 130 153 96 2.000000
-0.01199281 0.09652861 0.38562387 118 137 89 2.000000
-0.01168024 0.09657208 0.38568953 117 138 88 2.000000
-0.01545859 0.09696414 0.38392845 139 163 96 2.000000
-0.01687533 0.10173167 0.38198808 127 152 98 2.000000
-0.01459278 0.10351520 0.38209751 128 154 96 2.000000
-0.01294237 0.09945509 0.38114187 83 104 10 2.000000
-0.01188015 0.09441371 0.38795048 106 128 78 2.000000
-0.00726686 0.10011765 0.38567045 132 156 93 2.000000
-0.01309191 0.10560592 0.38088682 73 90 20 2.000000
-0.01257991 0.10790085 0.38291124 129 158 96 2.000000
-0.01425920 0.09908444 0.38313562 127 152 92 2.000000
-0.01352303 0.09744284 0.38120851 88 109 13 2.000000
-0.00783500 0.10933602 0.38297501 92 115 23 2.000000
-0.01337985 0.10133410 0.38271880 139 164 100 2.000000
-0.00718554 0.09633584 0.38603783 77 94 26 2.000000
-0.01057380 0.10500212 0.38304713 136 162 99 2.000000
-0.01446812 0.10533482 0.38208318 134 159 100 2.000000
-0.01458220 0.10868452 0.38216594 101 128 20 2.000000
-0.00712627 0.09779315 0.38723660 113 145 77 2.000000
-0.01751586 0.10672353 0.38217375 130 158 88 2.000000
-0.01663606 0.10607388 0.38095668 86 111 5 2.000000
-0.01446018 0.09661414 0.38463885 127 155 94 2.000000
-0.00734197 0.10081483 0.38542128 112 140 79 2.000000
-0.01419982 0.10053253 0.38093770 68 93 24 2.000000
-0.01530655 0.10778344 0.38245323 121 151 84 2.000000
-0.01558765 0.09897326 0.38281003 140 164 86 2.000000
-0.01408351 0.09718326 0.38420328 132 157 84 2.000000
-0.01567226 0.10524935 0.38189465 132 160 96 2.000000
-0.01656457 0.10194021 0.38041887 79 96 25 2.000000
-0.01363312 0.09817903 0.38087067 81 102 13 2.000000
-0.00672469 0.09877364 0.38663897 120 145 76 2.000000
-0.00943237 0.10802670 0.38205448 74 93 21 2.000000
-0.01327789 0.10967971 0.38310814 145 182 94 2.000000
-0.01467037 0.10893571 0.38236687 114 147 49 2.000000
-0.01904679 0.10736336 0.38211814 132 164 88 2.000000
-0.00904776 0.10063872 0.38457254 131 155 98 2.000000
-0.01166731 0.10169112 0.38317361 137 159 96 2.000000
-0.01337590 0.10345788 0.38102534 66 81 24 2.000000
-0.01308243 0.10848533 0.38207924 99 119 18 2.000000
-0.01175099 0.09878404 0.38190091 91 112 18 2.000000
-0.01273496 0.09509052 0.38662559 99 118 70 2.000000
-0.01401736 0.10798480 0.38284600 136 164 99 2.000000
-0.00730320 0.09625469 0.38834891 130 146 77 2.000000
-0.00801140 0.10530988 0.38245362 82 104 25 2.000000
-0.01369855 0.10340626 0.38092309 65 83 18 2.000000
-0.01993113 0.10793033 0.38176501 146 161 48 2.000000
-0.01063867 0.10852249 0.38327119 135 161 100 2.000000
-0.00808483 0.09666245 0.38762230 116 140 84 2.000000
-0.00775446 0.10341077 0.38436154 102 137 65 2.000000
-0.01287205 0.09706698 0.38484442 128 154 94 2.000000
-0.01063392 0.11022425 0.38354561 158 180 109 2.000000
-0.01257415 0.09842375 0.38395959 116 140 89 2.000000
-0.01131398 0.09590091 0.38656256 108 127 80 2.000000
-0.01673814 0.10783526 0.38157457 96 118 13 2.000000
-0.01223215 0.10005646 0.38330486 128 154 93 2.000000
-0.01459485 0.10227235 0.38107523 73 86 24 2.000000
-0.00991502 0.11026864 0.38316080 128 158 25 2.000000
-0.01385532 0.09572633 0.38564771 118 140 90 2.000000
-0.01553075 0.09582181 0.38472107 125 146 96 2.000000
-0.00633491 0.09715834 0.38780022 113 119 67 2.000000
-0.01011029 0.09672321 0.38392919 82 98 28 2.000000
-0.00865879 0.09605218 0.38783902 113 137 82 2.000000
-0.00744382 0.10733815 0.38388792 119 149 66 2.000000
-0.01287951 0.10254915 0.38255316 135 163 101 2.000000
-0.00993156 0.10291576 0.38347182 133 164 101 2.000000
-0.01583802 0.09690635 0.38380465 141 165 93 2.000000
-0.01566945 0.10210255 0.38203788 129 154 95 2.000000
-0.00958525 0.09683291 0.38678059 110 132 83 2.000000
-0.01482822 0.09839115 0.38320002 117 146 84 2.000000
-0.01016091 0.10005447 0.38235721 83 104 20 2.000000
-0.01669995 0.09655454 0.38379073 134 160 92 2.000000
-0.00975601 0.10863871 0.38228029 84 113 12 2.000000
-0.00977354 0.10395812 0.38143474 78 93 28 2.000000
-0.01494189 0.09476320 0.38597986 108 131 83 2.000000
-0.01258860 0.10451344 0.38246784 134 159 98 2.000000
-0.01683055 0.09844451 0.37994832 75 89 11 2.000000
-0.01051185 0.10789063 0.38186437 82 105 19 2.000000
-0.01080230 0.10297048 0.38311610 133 161 94 2.000000
-0.00811521 0.10954610 0.38296109 94 118 17 2.000000
-0.01479584 0.10153559 0.38237843 144 166 102 2.000000
-0.01409777 0.10106170 0.38265914 136 168 93 2.000000
-0.01127845 0.10842574 0.38204283 92 122 8 2.000000
-0.00765918 0.09861019 0.38617820 127 149 95 2.000000
-0.00991329 0.10831732 0.38327944 133 160 99 2.000000
-0.01476451 0.10846283 0.38264966 157 174 105 2.000000
-0.01073239 0.10673192 0.38142031 71 86 26 2.000000
-0.01730124 0.10745154 0.38148040 90 120 11 2.000000
-0.01441891 0.09962405 0.38292947 131 162 90 2.000000
-0.01399585 0.09695166 0.38450006 133 156 95 2.000000
-0.01019751 0.10963332 0.38270947 106 131 10 2.000000
-0.01501708 0.09834631 0.38314301 124 150 84 2.000000
-0.00626712 0.09637427 0.38832748 111 122 68 2.000000
-0.01597841 0.10703360 0.38236633 123 155 90 2.000000
-0.01077509 0.09897109 0.38432601 114 141 88 2.000000
-0.01671322 0.10091467 0.38204187 135 159 93 2.000000
-0.01539859 0.10264547 0.38213077 127 155 94 2.000000
-0.01026202 0.09824574 0.38498074 99 126 75 2.000000
-0.00917110 0.09956597 0.38285896 84 103 26 2.000000
-0.00738186 0.09958848 0.38583761 136 158 95 2.000000
-0.00649039 0.09886733 0.38666782 117 144 70 2.000000
-0.00656729 0.09650368 0.38830525 115 120 62 2.000000
-0.01252174 0.10995702 0.38293815 152 168 44 2.000000
-0.00982903 0.09379980 0.38973999 105 130 52 2.000000
-0.01478839 0.09507702 0.38579211 115 137 89 2.000000
-0.01609269 0.10150713 0.38210699 129 159 96 2.000000
-0.01921309 0.10602761 0.38076946 85 108 12 2.000000
-0.01281296 0.09425578 0.38748211 126 143 95 2.000000
-0.01519028 0.09714495 0.38390630 135 159 89 2.000000
-0.01052405 0.09980077 0.38405493 125 148 88 2.000000
-0.01484021 0.09733493 0.38388008 125 154 82 2.000000
-0.00932646 0.09774494 0.38613978 120 139 91 2.000000
-0.00903597 0.09556768 0.38827384 111 129 79 2.000000
-0.01705217 0.09735544 0.38324457 116 147 68 2.000000
-0.00897506 0.09864104 0.38556865 130 151 94 2.000000
-0.00932644 0.09863252 0.38536969 118 141 80 2.000000
-0.01634991 0.09684529 0.38372707 139 161 96 2.000000
-0.01251101 0.09743388 0.38459164 131 153 94 2.000000
-0.01609512 0.09675304 0.38382354 137 162 93 2.000000
-0.01721061 0.10424868 0.38166296 141 167 103 2.000000
-0.01360288 0.10734920 0.38153908 84 108 16 2.000000
-0.01574552 0.09566721 0.38475123 122 146 94 2.000000
-0.00914930 0.09726136 0.38669077 112 137 83 2.000000
-0.01211847 0.10265709 0.38275084 136 163 98 2.000000
-0.01174528 0.10646486 0.38252041 135 159 99 2.000000
-0.01466098 0.10751759 0.38154829 87 107 18 2.000000
-0.01788419 0.10521079 0.38162282 135 157 95 2.000000
-0.00781283 0.09906143 0.38590714 133 154 97 2.000000
-0.01546693 0.09632384 0.38433692 128 153 90 2.000000
-0.00921556 0.09397622 0.38978449 95 117 36 2.000000
-0.01732836 0.10648749 0.38101086 89 115 16 2.000000
-0.01725139 0.10100207 0.38199940 123 148 88 2.000000
-0.01936996 0.10648141 0.38110328 95 120 8 2.000000
-0.01165037 0.10848229 0.38212863 95 120 17 2.000000
-0.00895719 0.09803737 0.38613358 123 144 92 2.000000
-0.01574818 0.09495264 0.38180673 96 115 14 2.000000
-0.01812810 0.10608317 0.38083783 91 112 16 2.000000
-0.01080095 0.10370959 0.38307738 128 154 95 2.000000
-0.00997026 0.09478083 0.38851658 108 127 77 2.000000
-0.01230462 0.09508411 0.38667017 97 114 65 2.000000
-0.00969519 0.09899502 0.38477093 114 139 84 2.000000
-0.00841577 0.10456399 0.38405690 118 144 75 2.000000
-0.01254488 0.10954945 0.38267463 117 141 8 2.000000
-0.01479997 0.10201584 0.38225445 138 168 97 2.000000
-0.01570954 0.10849775 0.38199350 106 135 33 2.000000
-0.01515511 0.10299021 0.38057327 70 91 23 2.000000
-0.00955951 0.09710322 0.38656881 116 134 84 2.000000
-0.01393164 0.10426135 0.38216960 129 155 99 2.000000
-0.00890564 0.10342664 0.38192844 76 100 26 2.000000
-0.01223170 0.10943176 0.38262808 109 137 8 2.000000
-0.01683123 0.09753778 0.38012686 79 94 9 2.000000
-0.01398324 0.09620991 0.38519937 129 145 93 2.000000
-0.00688623 0.09851710 0.38672829 120 145 81 2.000000
-0.01623999 0.09495326 0.38508880 120 135 88 2.000000
-0.01199143 0.10244232 0.38285980 141 164 101 2.000000
-0.01769647 0.10273475 0.38163874 134 163 99 2.000000
-0.01680464 0.10406859 0.38030916 81 102 14 2.000000
-0.00757465 0.10197335 0.38293174 81 98 24 2.000000
-0.01090528 0.11030764 0.38321501 150 178 64 2.000000
-0.00838786 0.10177135 0.38451245 120 148 86 2.000000
-0.01194448 0.10169594 0.38155708 83 102 22 2.000000
-0.01206642 0.10636701 0.38253012 133 161 97 2.000000
-0.01307672 0.09578808 0.38597310 116 136 83 2.000000
-0.01077536 0.10919886 0.38348508 131 157 91 2.000000
-0.01061582 0.10890995 0.38225713 98 122 11 2.000000
-0.01022639 0.11006001 0.38297635 120 146 17 2.000000
-0.01328580 0.10625650 0.38241974 131 159 98 2.000000
-0.00725346 0.10890344 0.38345453 126 150 43 2.000000
-0.00736235 0.10410241 0.38299569 82 97 23 2.000000
-0.00870892 0.09396763 0.38954332 87 100 38 2.000000
-0.01219178 0.10312800 0.38261741 135 159 100 2.000000
-0.00958854 0.10799623 0.38325292 132 160 92 2.000000
-0.01002864 0.10829076 0.38209590 86 106 20 2.000000
-0.00991867 0.10168976 0.38378036 134 158 98 2.000000
-0.00728756 0.10399635 0.38394821 114 136 50 2.000000
-0.01728321 0.10565181 0.38179374 134 161 96 2.000000
-0.00890608 0.09387028 0.38971856 101 96 31 2.000000
-0.00723520 0.10796934 0.38348597 114 144 41 2.000000
-0.01719122 0.10777403 0.38235462 125 154 86 2.000000
-0.00753798 0.10445677 0.38296050 78 96 32 2.000000
-0.01316610 0.10653801 0.38130713 78 99 22 2.000000
-0.00923747 0.10708536 0.38319170 137 163 98 2.000000
-0.00921043 0.09701523 0.38684791 112 132 83 2.000000
-0.01859871 0.10839324 0.38204858 143 171 68 2.000000
-0.01415424 0.10263128 0.38226134 137 167 96 2.000000
-0.01742084 0.10853372 0.38210306 138 168 54 2.000000
-0.00627218 0.09876681 0.38673243 122 145 62 2.000000
-0.00846863 0.10048655 0.38487014 133 152 95 2.000000
-0.00797227 0.10952559 0.38327327 124 146 41 2.000000
-0.00940974 0.09325117 0.39030612 103 102 41 2.000000
-0.01740273 0.09991597 0.38215885 143 167 99 2.000000
-0.01097352 0.10827149 0.38195831 92 118 10 2.000000
-0.01493570 0.10783556 0.38168934 82 108 13 2.000000
-0.01868354 0.10357875 0.38159847 137 162 97 2.000000
-0.01122575 0.09371097 0.38912633 96 119 66 2.000000
-0.01012990 0.09847226 0.38291472 85 107 22 2.000000
-0.01288833 0.10889768 0.38344583 135 161 98 2.000000
-0.01444512 0.09687591 0.38437751 137 158 97 2.000000
-0.01797202 0.10700136 0.38225263 127 157 84 2.000000
-0.01591434 0.10003275 0.38242766 140 170 95 2.000000
-0.01388212 0.10294650 0.38229722 136 165 98 2.000000
-0.00952535 0.09661636 0.38698938 108 131 78 2.000000
-0.00699675 0.09937135 0.38620451 119 145 85 2.000000
-0.01259367 0.10297552 0.38134494 77 92 31 2.000000
-0.01011967 0.09751659 0.38586903 119 144 91 2.000000
-0.01740013 0.10340476 0.38173592 143 166 100 2.000000
-0.00628557 0.09618220 0.38830742 99 113 53 2.000000
-0.01492819 0.09596359 0.38495049 126 150 90 2.000000
-0.00778747 0.09527050 0.38892686 112 130 62 2.000000
-0.01694207 0.09652793 0.38370371 133 160 90 2.000000
-0.01198168 0.10145869 0.38308492 135 161 97 2.000000
-0.01528814 0.10268603 0.38069007 64 90 20 2.000000
-0.00739938 0.10309725 0.38282606 81 101 29 2.000000
-0.01136164 0.10799760 0.38297296 134 161 100 2.000000
-0.00736868 0.10553898 0.38337177 99 119 40 2.000000
-0.01820081 0.10209870 0.38169646 144 161 101 2.000000
-0.00846897 0.10311057 0.38215029 81 99 26 2.000000
-0.00701647 0.09650338 0.38827127 129 145 77 2.000000
-0.01398745 0.10353522 0.38077703 71 88 24 2.000000
-0.01477925 0.09759922 0.38369083 121 147 80 2.000000
-0.01448105 0.10263904 0.38095862 69 84 26 2.000000
-0.01158159 0.09670650 0.38564017 116 139 85 2.000000
-0.00738994 0.09570127 0.38700640 73 96 17 2.000000
-0.01380790 0.10113727 0.38267106 140 165 98 2.000000
-0.01883921 0.10518015 0.37999019 83 102 18 2.000000
-0.00855619 0.10684472 0.38372520 123 152 88 2.000000
-0.01411361 0.10187392 0.38246581 141 165 101 2.000000
-0.00993726 0.09521772 0.38802668 107 129 79 2.000000
-0.00860681 0.09826203 0.38611630 124 147 93 2.000000
-0.00956609 0.09825183 0.38550758 138 158 101 2.000000
-0.01917611 0.10562086 0.38032308 87 106 8 2.000000
-0.01419716 0.09541296 0.38576278 117 138 89 2.000000
-0.01607734 0.10046522 0.38225728 144 164 103 2.000000
-0.00908067 0.10225487 0.38418409 126 154 96 2.000000
-0.00942575 0.10136994 0.38221771 81 99 25 2.000000
-0.01028868 0.10809486 0.38195434 81 107 14 2.000000
-0.00843390 0.09411214 0.38925281 93 114 40 2.000000
-0.01021788 0.10669087 0.38300341 133 161 98 2.000000
-0.01249678 0.10679947 0.38131246 77 97 20 2.000000
-0.00693837 0.10023276 0.38585398 117 138 76 2.000000
-0.01058197 0.11048582 0.38328519 166 187 71 2.000000
-0.00673526 0.10094478 0.38549572 118 140 68 2.000000
-0.01143072 0.11014319 0.38320458 136 172 77 2.000000
-0.01304289 0.10419240 0.38234794 133 160 99 2.000000
-0.01095849 0.10991201 0.38284674 116 146 15 2.000000
-0.01032572 0.09811616 0.38512903 121 143 84 2.000000
-0.01497653 0.10712543 0.38140294 80 101 19 2.000000
-0.00823087 0.09507006 0.38907728 99 126 51 2.000000
-0.00978940 0.09494224 0.38843498 107 129 77 2.000000
-0.01074861 0.09676974 0.38615695 112 134 86 2.000000
-0.01709208 0.09766159 0.38306952 126 149 74 2.000000
-0.01081737 0.09976004 0.38395262 124 148 90 2.000000
-0.01453872 0.10378549 0.38208783 129 156 97 2.000000
-0.00753747 0.10125881 0.38514555 116 147 76 2.000000
-0.01799626 0.10173113 0.38179159 135 159 98 2.000000
-0.00645090 0.09983719 0.38609660 118 140 65 2.000000
-0.01732224 0.10249139 0.38173139 138 163 100 2.000000
-0.00991526 0.09562708 0.38763323 115 134 83 2.000000
-0.00836569 0.09783357 0.38661554 116 139 87 2.000000
-0.01480228 0.09712999 0.38401574 131 156 90 2.000000
-0.01302448 0.09642055 0.38541052 119 142 92 2.000000
-0.01201719 0.09742595 0.38490847 136 155 95 2.000000
-0.00695001 0.10128384 0.38524717 114 144 66 2.000000
-0.01244235 0.10848157 0.38213146 95 121 17 2.000000
-0.00983828 0.09733697 0.38617054 114 137 89 2.000000
-0.01261497 0.10557346 0.38250092 134 160 99 2.000000
-0.01469768 0.10880666 0.38262108 139 177 82 2.000000
-0.00777044 0.10202130 0.38458511 103 135 64 2.000000
-0.01207183 0.09412482 0.38813892 100 121 74 2.000000
-0.01960370 0.10663776 0.38188821 132 161 95 2.000000
-0.01587102 0.09640219 0.38421771 132 155 91 2.000000
-0.01334224 0.10856730 0.38326389 130 165 94 2.000000
-0.00925460 0.09516001 0.38860083 105 125 66 2.000000
-0.01752149 0.09893562 0.38235465 139 164 96 2.000000
-0.01779218 0.10766975 0.38160387 101 126 5 2.000000
-0.01222440 0.10984764 0.38281563 119 148 22 2.000000
-0.00803679 0.10824285 0.38387600 116 148 83 2.000000
-0.01145957 0.10489204 0.38279918 134 162 98 2.000000
-0.00831403 0.10971003 0.38317019 119 142 38 2.000000
-0.00950184 0.10569512 0.38349730 127 156 93 2.000000
-0.01003352 0.10994650 0.38293314 113 141 9 2.000000
-0.00990494 0.09417862 0.38927358 104 128 77 2.000000
-0.00739389 0.10050736 0.38545513 121 145 87 2.000000
-0.00873487 0.10682962 0.38360232 131 160 97 2.000000
-0.01525794 0.10683271 0.38229808 127 158 90 2.000000
-0.00949593 0.10418893 0.38347614 129 155 94 2.000000
-0.00714519 0.09670609 0.38809812 129 144 78 2.000000
-0.01166455 0.09604242 0.38622382 104 130 81 2.000000
-0.01097357 0.09746759 0.38543713 124 144 96 2.000000
-0.01600292 0.09529201 0.38494399 123 142 90 2.000000
-0.01905649 0.10617610 0.38090080 91 112 16 2.000000
-0.01549448 0.10086822 0.38217565 139 166 99 2.000000
-0.00655122 0.10100172 0.38509437 96 128 41 2.000000
-0.01399774 0.10599842 0.38224143 132 160 97 2.000000
-0.00862977 0.10490488 0.38194218 77 99 23 2.000000
-0.00922559 0.10128419 0.38426864 136 158 99 2.000000
-0.01220826 0.10467367 0.38257802 136 161 97 2.000000
-0.01106879 0.09955504 0.38388517 123 146 90 2.000000
-0.01186176 0.09506217 0.38695055 87 113 62 2.000000
-0.00734943 0.10363797 0.38285813 82 100 26 2.000000
-0.01639447 0.10480711 0.38178656 134 164 100 2.000000
-0.01289549 0.09731767 0.38453162 129 154 90 2.000000
-0.01741674 0.10622603 0.38202351 129 159 94 2.000000
-0.01073200 0.10621459 0.38288942 135 162 98 2.000000
-0.00761505 0.10527852 0.38300768 83 105 26 2.000000
-0.00795753 0.09855299 0.38620275 125 148 92 2.000000
-0.01190661 0.10678386 0.38249967 134 159 100 2.000000
-0.00656490 0.09881613 0.38481230 78 93 29 2.000000
-0.01346432 0.10781277 0.38170159 91 114 20 2.000000
-0.01278060 0.10984849 0.38309225 160 184 88 2.000000
-0.01122434 0.10278818 0.38302380 133 161 95 2.000000
-0.01253607 0.09464296 0.38715965 90 119 61 2.000000
-0.01241328 0.09760582 0.38445857 113 138 77 2.000000
-0.00774267 0.10748406 0.38293201 99 120 26 2.000000
-0.00769684 0.10348648 0.38252684 80 103 23 2.000000
-0.01464309 0.10680645 0.38129774 81 104 16 2.000000
-0.01638483 0.10875019 0.38226506 135 162 61 2.000000
-0.01537683 0.09533995 0.38524693 120 140 92 2.000000
-0.00757654 0.09672037 0.38782397 130 146 86 2.000000
-0.00874165 0.10592102 0.38368371 118 149 83 2.000000
-0.01338322 0.09807205 0.38377514 123 138 82 2.000000
-0.01845032 0.10836447 0.38189521 131 164 49 2.000000
-0.00619634 0.09968250 0.38558900 93 108 48 2.000000
-0.00866312 0.10167336 0.38444322 126 152 93 2.000000
-0.00949614 0.09402291 0.38969612 98 127 54 2.000000
-0.00785942 0.10767937 0.38271692 93 117 23 2.000000
-0.01108502 0.11022148 0.38309050 133 166 50 2.000000
-0.00963285 0.09959083 0.38453493 122 146 90 2.000000
-0.00663096 0.10031684 0.38584772 111 138 67 2.000000
-0.01455690 0.10323038 0.38068232 73 89 18 2.000000
-0.01612115 0.10770627 0.38244364 129 157 94 2.000000
-0.00807357 0.10196796 0.38453650 113 139 77 2.000000
-0.01613930 0.09618573 0.38427994 129 153 95 2.000000
-0.00733714 0.10158086 0.38483953 115 143 69 2.000000
-0.01250881 0.09715167 0.38493106 131 151 98 2.000000
-0.00770930 0.10477315 0.38407013 109 142 66 2.000000
-0.01751405 0.10728946 0.38145882 97 119 11 2.000000
-0.01247622 0.09482591 0.38688257 83 111 56 2.000000
-0.00970009 0.10463777 0.38341177 130 157 100 2.000000
-0.00773921 0.10626631 0.38392162 114 145 71 2.000000
-0.00671441 0.09895290 0.38651663 116 144 76 2.000000
-0.00886920 0.09828566 0.38595170 131 151 99 2.000000
-0.01226248 0.10913543 0.38253555 109 131 13 2.000000
-0.01454605 0.09500667 0.38601848 110 131 86 2.000000
-0.01807423 0.10228601 0.38020495 83 97 25 2.000000
-0.00836991 0.10204514 0.38447028 111 145 77 2.000000
-0.01327638 0.10483871 0.38228244 136 159 103 2.000000
-0.00964257 0.09567165 0.38781077 110 134 80 2.000000
-0.01332237 0.10440645 0.38226625 132 161 98 2.000000
-0.00945375 0.10897162 0.38245720 90 117 12 2.000000
-0.01593729 0.10337638 0.38195458 137 159 98 2.000000
-0.01749386 0.10535951 0.38168448 134 161 95 2.000000
-0.01213908 0.10746654 0.38169172 87 107 13 2.000000
-0.01588066 0.10629397 0.38213220 128 159 91 2.000000
-0.01763849 0.10588336 0.38182184 131 159 95 2.000000
-0.01776333 0.09937847 0.38224167 140 165 97 2.000000
-0.01161288 0.10943358 0.38342211 126 154 83 2.000000
-0.01734000 0.09783515 0.38288727 125 152 78 2.000000
-0.01604707 0.10866748 0.38231930 136 171 45 2.000000
-0.01624377 0.10813850 0.38172784 98 121 20 2.000000
-0.01095829 0.10026682 0.38198200 83 101 15 2.000000
-0.00761996 0.10484287 0.38298863 85 102 24 2.000000
-0.00810788 0.09646228 0.38774994 117 138 84 2.000000
-0.01462464 0.10565721 0.38212475 135 160 96 2.000000
-0.00778760 0.09975440 0.38547578 129 155 93 2.000000
-0.01429532 0.10583121 0.38218546 131 159 97 2.000000
-0.01059452 0.10705093 0.38291720 132 158 97 2.000000
-0.01341750 0.10684031 0.38248166 132 160 94 2.000000
-0.01797110 0.10793228 0.38170323 108 129 7 2.000000
-0.01134782 0.09742559 0.38527441 132 152 98 2.000000
-0.00814005 0.09451602 0.38854146 86 107 20 2.000000
-0.01916933 0.10687249 0.38200200 131 160 93 2.000000
-0.01655556 0.10058719 0.38213935 141 164 100 2.000000
-0.01133797 0.09534995 0.38701665 86 114 62 2.000000
-0.00966536 0.09629369 0.38712072 109 130 81 2.000000
-0.01128030 0.10096145 0.38341007 129 160 96 2.000000
-0.01094173 0.09507088 0.38761413 117 137 88 2.000000
-0.01369580 0.10451942 0.38218182 133 159 96 2.000000
-0.00616325 0.09647319 0.38813505 108 120 58 2.000000
-0.01576043 0.09844239 0.38296208 135 157 87 2.000000
-0.01034279 0.09409367 0.38910952 99 126 69 2.000000
-0.00845918 0.09625112 0.38773748 115 137 84 2.000000
-0.01834752 0.10568597 0.38056538 90 106 16 2.000000
-0.01523059 0.10379266 0.38205120 133 157 97 2.000000
-0.00764790 0.09563205 0.38878447 122 138 75 2.000000
-0.01178348 0.10877737 0.38235456 102 123 11 2.000000
-0.01888067 0.10825835 0.38198715 132 175 76 2.000000
-0.01221054 0.09773195 0.38454503 108 138 79 2.000000
-0.01620899 0.10796779 0.38161549 92 115 11 2.000000
-0.00652545 0.09929191 0.38635448 113 137 73 2.000000
-0.01094830 0.10137619 0.38343391 137 157 98 2.000000
-0.01144235 0.09771414 0.38497621 132 147 82 2.000000
-0.00794784 0.10702208 0.38220963 83 102 27 2.000000
-0.01020782 0.10496546 0.38325822 132 161 98 2.000000
-0.01332529 0.10591111 0.38238844 132 160 97 2.000000
-0.00713444 0.10663879 0.38375217 118 148 48 2.000000
-0.01557995 0.10234725 0.38072151 69 85 25 2.000000
-0.00704590 0.09903901 0.38629612 137 156 97 2.000000
-0.00794220 0.10467180 0.38265565 80 102 25 2.000000
-0.00844837 0.09900263 0.38561183 132 152 99 2.000000
-0.01240785 0.09521753 0.38650966 97 120 76 2.000000
-0.00930345 0.10050053 0.38446060 131 156 96 2.000000
-0.01068605 0.10866620 0.38211566 91 123 11 2.000000
-0.00903944 0.09931840 0.38493282 116 141 84 2.000000
-0.00710010 0.10215569 0.38389170 86 100 41 2.000000
-0.01428398 0.10775189 0.38266462 136 164 100 2.000000
-0.00998511 0.10116360 0.38215879 75 100 28 2.000000
-0.00960164 0.10881676 0.38347477 124 156 91 2.000000
-0.01071082 0.10072859 0.38368073 129 155 96 2.000000
-0.01309905 0.09792814 0.38399377 117 139 84 2.000000
-0.00662181 0.09950438 0.38626632 117 136 71 2.000000
-0.00885530 0.10468503 0.38384145 120 151 86 2.000000
-0.01590079 0.09570020 0.38466060 125 145 93 2.000000
-0.00903199 0.09832614 0.38576031 134 153 102 2.000000
-0.00735971 0.10783106 0.38378155 127 159 58 2.000000
-0.01411996 0.10071326 0.38274455 142 167 100 2.000000
-0.01364881 0.10356970 0.38226309 131 160 95 2.000000
-0.01529196 0.09924608 0.38279760 136 166 89 2.000000
-0.00746663 0.09652914 0.38807324 129 146 81 2.000000
-0.01186655 0.10105110 0.38317081 136 160 95 2.000000
-0.01426124 0.09774629 0.38057375 76 89 17 2.000000
-0.01152120 0.10435769 0.38278899 135 161 99 2.000000
-0.00613484 0.09918953 0.38638178 115 127 59 2.000000
-0.01720852 0.09883863 0.38251388 141 166 89 2.000000
-0.01420758 0.09957211 0.38296801 137 157 93 2.000000
-0.01581097 0.10356987 0.38188481 139 159 99 2.000000
-0.01618370 0.10535868 0.38191018 136 161 99 2.000000
-0.01523132 0.10147041 0.38228485 139 168 99 2.000000
-0.01302738 0.10924231 0.38252777 113 134 11 2.000000
-0.01020602 0.09798818 0.38542026 136 157 100 2.000000
-0.01114014 0.09531102 0.38720438 95 120 66 2.000000
-0.00907815 0.10563236 0.38363200 119 151 85 2.000000
-0.01012448 0.10539557 0.38320047 141 162 102 2.000000
-0.01180142 0.10908717 0.38252169 103 127 7 2.000000
-0.01217642 0.10344873 0.38138628 76 93 25 2.000000
-0.00863630 0.10524692 0.38173544 74 93 28 2.000000
-0.01781351 0.10360800 0.38130417 134 161 96 2.000000
-0.01011241 0.10117706 0.38383839 132 158 96 2.000000
-0.01342769 0.10916135 0.38246003 105 133 9 2.000000
-0.01118259 0.09637247 0.38630682 110 133 86 2.000000
-0.01688753 0.10069633 0.38205776 134 160 96 2.000000
-0.01530173 0.10223657 0.38214627 135 157 95 2.000000
-0.01590507 0.10230111 0.38205668 123 154 92 2.000000
-0.01450056 0.10793354 0.38175187 88 111 18 2.000000
-0.01742812 0.10447206 0.38024461 79 102 10 2.000000
-0.01117434 0.10669248 0.38137788 60 89 21 2.000000
-0.00821541 0.09912117 0.38566777 135 154 99 2.000000
-0.01919057 0.10828485 0.38181761 126 162 41 2.000000
-0.01481236 0.09660269 0.38445136 132 155 94 2.000000
-0.00684980 0.09984043 0.38605171 110 136 72 2.000000
-0.01047768 0.09934450 0.38238195 86 106 22 2.000000
-0.01160122 0.10337579 0.38284943 128 155 94 2.000000
-0.01023902 0.11041185 0.38326484 142 171 59 2.000000
-0.01489533 0.10653037 0.38123393 78 99 20 2.000000
-0.00607676 0.09888842 0.38658270 114 139 60 2.000000
-0.01391862 0.09838694 0.38343579 114 142 85 2.000000
-0.01103491 0.09825119 0.38462028 113 131 83 2.000000
-0.01615385 0.09856870 0.38285190 141 166 81 2.000000
-0.01455660 0.09785502 0.38354897 120 144 83 2.000000
-0.00715132 0.10297489 0.38323751 83 98 28 2.000000
-0.00962967 0.10498313 0.38350430 127 156 96 2.000000
-0.00909977 0.10503430 0.38143179 75 89 26 2.000000
-0.01420565 0.09809397 0.38352445 117 143 84 2.000000
-0.01369161 0.10943964 0.38313454 156 182 107 2.000000
-0.01002800 0.10207155 0.38363767 138 159 101 2.000000
-0.01610636 0.10690494 0.38105309 85 103 19 2.000000
-0.00929547 0.09993181 0.38458303 127 150 94 2.000000
-0.00870993 0.09505995 0.38901249 104 128 49 2.000000
-0.01850514 0.10677665 0.38126174 92 117 14 2.000000
-0.01666021 0.09810261 0.38296586 134 159 80 2.000000
-0.01403644 0.09757423 0.38391003 116 141 76 2.000000
-0.00780123 0.10818698 0.38265175 93 116 22 2.000000
-0.00590903 0.09770546 0.38708928 108 116 60 2.000000
-0.01670031 0.09998162 0.38012916 74 93 25 2.000000
-0.00832501 0.09535467 0.38893130 104 130 61 2.000000
-0.01159548 0.09817806 0.38443094 110 134 81 2.000000
-0.00979285 0.11030880 0.38331091 155 171 46 2.000000
-0.01349025 0.09617894 0.38546485 122 142 93 2.000000
-0.00885793 0.09465659 0.38929865 97 125 46 2.000000
-0.01508394 0.10113876 0.38091514 64 81 21 2.000000
-0.00914280 0.09358790 0.39002109 64 107 38 2.000000
-0.00709284 0.10293238 0.38367066 85 98 33 2.000000
-0.01306443 0.09476177 0.38682401 86 112 63 2.000000
-0.01592449 0.10793959 0.38163784 91 113 13 2.000000
-0.00801372 0.10234241 0.38450018 104 137 66 2.000000
-0.01132756 0.09926517 0.38386735 123 146 86 2.000000
-0.01508028 0.09643223 0.38439587 131 155 95 2.000000
-0.01367970 0.10729825 0.38250989 130 163 95 2.000000
-0.01032275 0.10887341 0.38228717 91 121 11 2.000000
-0.01977324 0.10794652 0.38173312 142 163 51 2.000000
-0.01395807 0.09885123 0.38329059 122 147 87 2.000000
-0.01273881 0.10614151 0.38102925 77 90 21 2.000000
-0.00752343 0.10419051 0.38420370 112 140 62 2.000000
-0.01495524 0.10867134 0.38216087 107 138 25 2.000000
-0.01172247 0.10982704 0.38337660 141 169 98 2.000000
-0.00987881 0.09880820 0.38480595 116 135 85 2.000000
-0.01054240 0.10109308 0.38208926 83 100 19 2.000000
-0.00788700 0.09942304 0.38565734 130 153 96 2.000000
-0.01538217 0.10199624 0.38090381 69 84 21 2.000000
-0.01095614 0.10167485 0.38334292 135 158 94 2.000000
-0.01731888 0.09724630 0.38322532 123 152 73 2.000000
-0.01004064 0.09451299 0.38881981 108 128 68 2.000000
-0.00793606 0.10869987 0.38387865 115 148 82 2.000000
-0.01299632 0.09818424 0.38379022 115 139 83 2.000000
-0.01087596 0.10000143 0.38377953 122 149 88 2.000000
-0.00877757 0.10983261 0.38317278 124 141 38 2.000000
-0.01127358 0.09796705 0.38480073 104 131 71 2.000000
-0.01363513 0.09477545 0.38644403 103 123 76 2.000000
-0.00724026 0.09957657 0.38597083 124 147 91 2.000000
-0.00853688 0.10045853 0.38272339 81 102 18 2.000000
-0.00665470 0.10108955 0.38528436 110 141 57 2.000000
-0.01250563 0.10893559 0.38351285 126 156 89 2.000000
-0.01442091 0.10222825 0.38226086 143 167 102 2.000000
-0.00947305 0.09847215 0.38322151 84 104 17 2.000000
-0.00846350 0.09912904 0.38545257 129 148 93 2.000000
-0.00950495 0.10756226 0.38178977 69 84 19 2.000000
-0.00956826 0.09744948 0.38618079 116 138 86 2.000000
-0.01575067 0.10040540 0.38043985 71 87 43 2.000000
-0.00739338 0.10862699 0.38322169 109 134 30 2.000000
-0.01745595 0.10772093 0.38163143 94 126 11 2.000000
-0.01738888 0.10140712 0.38032258 87 102 28 2.000000
-0.01639836 0.09917451 0.38259566 146 172 89 2.000000
-0.01673694 0.10518364 0.38062105 86 109 9 2.000000
-0.01078891 0.10538399 0.38291779 137 163 99 2.000000
-0.01652057 0.09515494 0.38477799 123 140 88 2.000000
-0.01387508 0.10962018 0.38290456 139 173 68 2.000000
-0.00727058 0.10229735 0.38430491 107 131 44 2.000000
-0.00881530 0.10049936 0.38470817 127 154 97 2.000000
-0.01061307 0.09814361 0.38491058 98 126 72 2.000000
-0.01765888 0.10661982 0.38108483 97 115 18 2.000000
-0.01561166 0.09948991 0.38266084 139 170 91 2.000000
-0.01640939 0.10782477 0.38152698 90 117 11 2.000000
-0.00930721 0.09936387 0.38474932 123 139 90 2.000000
-0.00817461 0.10121072 0.38473907 129 154 95 2.000000
-0.01467079 0.10682172 0.38232797 130 159 91 2.000000
-0.01212037 0.10074773 0.38316020 133 157 96 2.000000
-0.01122328 0.09400064 0.38615757 78 91 36 2.000000
-0.01013855 0.11025180 0.38310486 140 160 25 2.000000
-0.01174847 0.10888631 0.38332170 122 153 87 2.000000
-0.01384801 0.10891981 0.38232103 106 130 24 2.000000
-0.01203606 0.10657673 0.38122734 70 90 21 2.000000
-0.00993529 0.10017006 0.38417178 126 148 90 2.000000
-0.01403829 0.10323023 0.38081560 71 84 20 2.000000
-0.01500716 0.10871504 0.38238642 132 165 51 2.000000
-0.01282980 0.10649828 0.38120314 80 92 17 2.000000
-0.00875382 0.10587627 0.38162681 73 88 30 2.000000
-0.01688526 0.10750879 0.38139653 96 117 12 2.000000
-0.01692798 0.10699963 0.38115871 90 117 7 2.000000
-0.01107396 0.10842065 0.38317400 133 162 97 2.000000
-0.00952906 0.10544645 0.38354617 127 157 91 2.000000
-0.01354673 0.10286879 0.38233393 133 164 98 2.000000
-0.00749861 0.10675476 0.38316414 98 122 29 2.000000
-0.01723468 0.10541982 0.38065147 91 112 12 2.000000
-0.01076574 0.09661628 0.38372633 85 102 23 2.000000
-0.00595303 0.09886675 0.38631174 90 114 57 2.000000
-0.01049924 0.09517887 0.38774487 113 134 83 2.000000
-0.01631298 0.10361496 0.38194168 137 160 100 2.000000
-0.01024838 0.09359739 0.38985190 98 121 64 2.000000
-0.00607980 0.09706812 0.38770545 106 119 63 2.000000
-0.00957870 0.11006999 0.38306728 112 151 14 2.000000
-0.01282922 0.09882143 0.38363913 121 145 88 2.000000
-0.01068609 0.10335452 0.38313547 132 157 93 2.000000
-0.01209555 0.10541499 0.38262653 130 160 95 2.000000
-0.01144952 0.10819160 0.38194969 94 119 9 2.000000
-0.01396056 0.10331974 0.38225362 131 163 95 2.000000
-0.00939750 0.09612243 0.38738462 109 132 84 2.000000
-0.00714756 0.09755517 0.38739765 124 149 82 2.000000
-0.01451668 0.10907968 0.38268426 163 176 59 2.000000
-0.01628432 0.10641199 0.38099399 90 108 8 2.000000
-0.01591417 0.09962941 0.38254949 147 172 93 2.000000
-0.00886304 0.10978656 0.38293910 97 137 25 2.000000
-0.01606026 0.09823839 0.38303089 132 158 81 2.000000
-0.01601550 0.10492523 0.38184810 133 162 96 2.000000
-0.00820113 0.10362906 0.38230723 82 100 24 2.000000
-0.01314546 0.10727794 0.38263962 134 159 99 2.000000
-0.01307735 0.10123217 0.38283333 140 166 97 2.000000
-0.01423138 0.09987333 0.38290837 135 162 91 2.000000
-0.00715955 0.10884968 0.38368180 127 153 51 2.000000
-0.01238429 0.09922012 0.38363063 125 147 93 2.000000
-0.01110135 0.10343743 0.38296068 128 154 92 2.000000
-0.01613688 0.10874294 0.38220328 129 156 53 2.000000
-0.01187776 0.10511508 0.38265136 131 159 98 2.000000
-0.01314610 0.10176349 0.38271710 139 164 99 2.000000
-0.01802527 0.10843356 0.38202775 141 165 49 2.000000
-0.01232240 0.09821531 0.38416940 109 135 83 2.000000
-0.01572403 0.10330354 0.38041994 75 94 26 2.000000
-0.00982010 0.10442413 0.38127941 72 86 32 2.000000
-0.01216768 0.09599452 0.38611144 109 133 83 2.000000
-0.01673852 0.10018253 0.38221034 142 165 98 2.000000
-0.01515163 0.10080563 0.38231885 140 167 101 2.000000
-0.01743257 0.10147215 0.38193500 128 154 94 2.000000
-0.01444338 0.10679946 0.38234228 133 159 97 2.000000
-0.01341623 0.10648146 0.38134494 78 100 21 2.000000
-0.01793682 0.10584419 0.38072935 91 110 15 2.000000
-0.01105008 0.09723341 0.38559645 120 141 89 2.000000
-0.00610891 0.09670725 0.38797572 102 116 57 2.000000
-0.01486703 0.10279971 0.38075516 65 84 26 2.000000
-0.00688753 0.10118201 0.38539648 108 138 68 2.000000
-0.01576583 0.10072159 0.38224253 141 166 99 2.000000
-0.00927420 0.10199265 0.38407826 131 155 98 2.000000
-0.01118208 0.10468750 0.38114029 63 79 24 2.000000
-0.01650004 0.09556894 0.38063145 72 83 28 2.000000
-0.01604359 0.09950392 0.38255525 146 172 92 2.000000
-0.00999223 0.09981573 0.38425776 124 148 91 2.000000
-0.00828803 0.10562003 0.38201115 77 97 33 2.000000
-0.01405357 0.10365520 0.38217884 133 158 96 2.000000
-0.01435200 0.10923325 0.38261166 147 167 54 2.000000
-0.01653689 0.10150428 0.38208342 126 152 92 2.000000
-0.00725275 0.10738392 0.38361976 131 156 38 2.000000
-0.00671530 0.09778384 0.38735101 126 146 73 2.000000
-0.01551070 0.10744237 0.38139915 85 100 19 2.000000
-0.00723426 0.10857262 0.38380703 125 152 79 2.000000
-0.01298745 0.10161259 0.38124472 76 99 18 2.000000
-0.00986643 0.09351670 0.39008281 110 129 59 2.000000
-0.00814401 0.09726156 0.38709393 120 141 87 2.000000
-0.01503955 0.09534720 0.38537398 120 141 89 2.000000
-0.00921161 0.10374518 0.38365138 136 162 99 2.000000
-0.01199525 0.09509141 0.38677096 92 112 67 2.000000
-0.01338724 0.10911761 0.38335583 144 173 106 2.000000
-0.01427156 0.09643461 0.38486350 129 151 95 2.000000
-0.00720045 0.10118562 0.38534582 107 140 74 2.000000
-0.01713263 0.09625288 0.38380840 132 156 90 2.000000
-0.01399365 0.09755448 0.38071135 69 99 22 2.000000
-0.00916572 0.10428289 0.38366243 133 155 97 2.000000
-0.00785294 0.09651180 0.38792032 119 142 80 2.000000
-0.00810591 0.10569140 0.38393515 109 142 74 2.000000
-0.01316099 0.10729978 0.38155895 86 107 11 2.000000
-0.01704371 0.10800086 0.38172990 109 128 17 2.000000
-0.00842123 0.10484777 0.38223514 83 102 26 2.000000
-0.01624002 0.09834952 0.38293889 134 161 83 2.000000
-0.00714391 0.09715706 0.38763139 135 153 94 2.000000
-0.01292076 0.09853479 0.38373515 119 142 88 2.000000
-0.01140042 0.09951676 0.38379177 124 146 86 2.000000
-0.01478093 0.10792293 0.38257498 139 166 99 2.000000
-0.00688654 0.09584619 0.38877109 106 116 63 2.000000
-0.00844328 0.09557698 0.38861182 112 136 68 2.000000
-0.01487180 0.09794895 0.38341764 116 144 76 2.000000
-0.01199088 0.10719057 0.38260779 131 161 95 2.000000
-0.01255280 0.10094307 0.38302827 137 163 95 2.000000
-0.00780740 0.10290565 0.38441586 103 135 67 2.000000
-0.01280305 0.10319861 0.38244337 137 163 101 2.000000
-0.01084001 0.10037202 0.38372254 127 152 94 2.000000
-0.01750224 0.10644064 0.38100341 92 116 6 2.000000
-0.01334961 0.09520437 0.38623080 109 129 81 2.000000
-0.01275112 0.09864509 0.38137174 90 111 14 2.000000
-0.01649742 0.10853131 0.38236925 145 169 91 2.000000
-0.01168913 0.10933540 0.38263628 109 133 10 2.000000
-0.01338308 0.10393340 0.38224190 130 159 98 2.000000
-0.00941380 0.09355237 0.39018720 89 116 52 2.000000
-0.00730630 0.10633515 0.38332969 101 126 31 2.000000
-0.00765047 0.10176164 0.38470876 106 136 72 2.000000
-0.01755944 0.10203306 0.38029045 75 99 24 2.000000
-0.01247992 0.09799533 0.38423330 108 133 81 2.000000
-0.01863461 0.10767291 0.38220590 133 161 95 2.000000
-0.01291192 0.10889646 0.38236874 102 126 12 2.000000
-0.01525238 0.10113822 0.38228297 142 167 98 2.000000
-0.01270984 0.09820872 0.38399342 116 139 87 2.000000
-0.00818238 0.09449030 0.38911399 98 115 40 2.000000
-0.00932203 0.09597383 0.38761416 113 135 83 2.000000
-0.00699785 0.09553514 0.38886905 127 136 83 2.000000
-0.01722307 0.10183487 0.38188529 137 156 96 2.000000
-0.01059538 0.09841180 0.38468471 112 134 84 2.000000
-0.00675752 0.09701201 0.38562584 77 94 24 2.000000
-0.01051064 0.10004644 0.38394597 125 148 92 2.000000
-0.00967566 0.09520976 0.38829544 104 127 76 2.000000
-0.01391122 0.10809562 0.38182545 93 118 17 2.000000
-0.01964509 0.10705883 0.38137314 105 129 15 2.000000
-0.00765004 0.10763543 0.38388419 119 147 74 2.000000
-0.01789866 0.10049792 0.38191539 122 148 87 2.000000
-0.01331372 0.09778386 0.38402846 116 140 80 2.000000
-0.00985617 0.09585746 0.38742021 108 132 78 2.000000
-0.00861748 0.09938835 0.38518724 123 144 88 2.000000
-0.01496981 0.09907211 0.38032791 66 82 13 2.000000
-0.01251104 0.10740805 0.38272560 132 159 94 2.000000
-0.01020109 0.10186031 0.38359979 131 157 98 2.000000
-0.00807180 0.10489613 0.38410318 107 141 74 2.000000
-0.01217925 0.09483629 0.38705862 88 113 53 2.000000
-0.01526164 0.09599892 0.38472807 129 151 93 2.000000
-0.00874416 0.10452291 0.38198784 81 98 27 2.000000
-0.00820364 0.10400739 0.38424745 108 139 71 2.000000
-0.00902551 0.10172094 0.38427025 132 156 93 2.000000
-0.01528765 0.10536265 0.38200390 136 160 98 2.000000
-0.01593456 0.10257834 0.38201419 125 156 96 2.000000
-0.01376799 0.10833498 0.38307074 140 165 102 2.000000
-0.00797508 0.09798747 0.38666001 122 142 88 2.000000
-0.00623677 0.09977773 0.38606125 115 139 55 2.000000
-0.01688798 0.10648870 0.38104731 89 112 9 2.000000
-0.01947969 0.10783526 0.38164699 128 154 22 2.000000
-0.00957431 0.10294555 0.38372463 138 163 105 2.000000
-0.01751321 0.10577075 0.38074595 88 113 6 2.000000
-0.00856179 0.09880775 0.38569522 129 153 100 2.000000
-0.01833648 0.10462534 0.38158336 134 160 95 2.000000
-0.00965424 0.10297032 0.38354328 138 163 105 2.000000
-0.01080318 0.09785055 0.38518304 131 152 92 2.000000
-0.00858771 0.09539170 0.38873053 108 131 63 2.000000
-0.01039584 0.09902248 0.38444877 114 140 87 2.000000
-0.00912405 0.10965887 0.38277051 100 126 12 2.000000
-0.01156688 0.09560794 0.38659263 104 125 79 2.000000
-0.01088499 0.09591558 0.38676050 105 125 78 2.000000
-0.00904279 0.10397866 0.38370678 136 163 100 2.000000
-0.00954933 0.09798559 0.38575342 124 147 95 2.000000
-0.01217093 0.09807605 0.38431609 110 132 82 2.000000
-0.01015353 0.09791587 0.38318440 87 103 27 2.000000
-0.01798285 0.10602683 0.38188279 133 157 91 2.000000
-0.01069002 0.09592410 0.38429347 84 99 26 2.000000
-0.01112273 0.09362745 0.38934815 98 118 64 2.000000
-0.01779351 0.09963392 0.38216427 139 164 100 2.000000
-0.01113586 0.09680144 0.38588157 117 138 85 2.000000
-0.01724269 0.09931697 0.38232124 140 165 96 2.000000
-0.01030791 0.10431220 0.38316962 130 157 94 2.000000
-0.01332755 0.10514516 0.38229319 132 161 98 2.000000
-0.01085673 0.10195350 0.38329521 133 159 97 2.000000
-0.01748128 0.10384588 0.38016436 80 103 12 2.000000
-0.01556359 0.09420904 0.38325474 91 105 32 2.000000
