-0.04865753 -0.01001425 0.36214691 76 89 42 2.000000
-0.04315514 -0.00481554 0.36566547 41 55 16 2.000000
-0.04437084 -0.01307332 0.36096498 81 108 50 2.000000
-0.04247788 -0.01795146 0.35985577 101 119 58 2.000000
-0.04380459 -0.02126762 0.35485032 94 107 27 2.000000
-0.04974480 -0.00862103 0.36437941 53 65 23 2.000000
-0.04062314 -0.01072558 0.36210921 77 107 47 2.000000
-0.04631202 -0.00785145 0.36421302 53 70 23 2.000000
-0.04498675 -0.01295378 0.36110675 81 105 48 2.000000
-0.04179400 -0.02207472 0.35839775 105 128 69 2.000000
-0.05040310 -0.01342804 0.35916910 77 87 45 2.000000
-0.04730799 -0.01026596 0.36028036 45 61 14 2.000000
-0.04398103 -0.01553065 0.36041081 83 108 45 2.000000
-0.04835482 -0.01980507 0.35649201 102 120 68 2.000000
-0.05009646 -0.01260586 0.35993341 74 84 42 2.000000
-0.04353413 -0.00972202 0.36204287 94 112 58 2.000000
-0.05038465 -0.01186981 0.36105612 67 78 29 2.000000
-0.04549992 -0.00463247 0.36662155 36 48 8 2.000000
-0.04861337 -0.00858003 0.36378476 67 80 37 2.000000
-0.04195856 -0.00836389 0.36146480 61 69 16 2.000000
-0.04037876 -0.00761769 0.36324522 78 104 44 2.000000
-0.05468763 -0.01308622 0.36055151 57 70 38 2.000000
-0.05441354 -0.01049011 0.36220860 47 57 22 2.000000
-0.04318773 -0.00780474 0.36367172 79 103 52 2.000000
-0.04761549 -0.02277740 0.35493609 114 131 74 2.000000
-0.05229932 -0.01244603 0.36155814 48 66 19 2.000000
-0.04415413 -0.00597497 0.36432290 44 56 7 2.000000
-0.05178714 -0.00997247 0.36408359 41 59 14 2.000000
-0.04166697 -0.00635258 0.36258617 44 58 6 2.000000
-0.04368541 -0.01828755 0.35954106 101 117 65 2.000000
-0.04866281 -0.01808854 0.35486203 84 95 21 2.000000
-0.05302237 -0.01373244 0.35673901 38 49 10 2.000000
-0.04078810 -0.02239797 0.35718474 70 77 35 2.000000
-0.04477559 -0.00744830 0.36212963 43 54 9 2.000000
-0.04553679 -0.00860364 0.36133873 51 59 18 2.000000
-0.03997235 -0.00659274 0.36372215 76 101 44 2.000000
-0.04191359 -0.01235031 0.36148554 85 111 54 2.000000
-0.05036482 -0.01516196 0.35501981 55 65 15 2.000000
-0.04290415 -0.00582614 0.36375666 53 66 7 2.000000
-0.04006023 -0.02121803 0.35911676 91 116 54 2.000000
-0.04135297 -0.01757060 0.36030054 96 117 60 2.000000
-0.03921441 -0.02012291 0.35967830 104 117 52 2.000000
-0.05269825 -0.01549246 0.35715088 57 73 29 2.000000
-0.04518690 -0.01580210 0.35768947 79 89 24 2.000000
-0.04754964 -0.01568831 0.35979539 102 117 67 2.000000
-0.03804259 -0.00633512 0.36194760 81 95 33 2.000000
-0.04209486 -0.00531082 0.36382625 55 70 14 2.000000
-0.05461673 -0.01243887 0.35943523 42 52 19 2.000000
-0.03957965 -0.02143923 0.35864410 80 81 51 2.000000
-0.04265800 -0.02305133 0.35721475 103 125 63 2.000000
-0.05450618 -0.01274416 0.36162323 54 76 19 2.000000
-0.04437345 -0.02199828 0.35735554 106 123 72 2.000000
-0.04991410 -0.01521122 0.35754141 86 95 50 2.000000
-0.04870874 -0.00947530 0.36274582 74 86 43 2.000000
-0.04727418 -0.00809080 0.36234477 38 52 16 2.000000
-0.04642910 -0.02366293 0.35493496 109 132 67 2.000000
-0.05113834 -0.01575149 0.35652804 81 94 49 2.000000
-0.04960843 -0.00726403 0.36392441 38 53 18 2.000000
-0.04921645 -0.01316744 0.35668889 53 76 11 2.000000
-0.03982110 -0.01436266 0.36147165 79 104 43 2.000000
-0.04344170 -0.00845652 0.36280209 85 101 53 2.000000
-0.04125975 -0.00536587 0.36314771 55 62 14 2.000000
-0.04114419 -0.01777732 0.35821137 91 100 28 2.000000
-0.05421839 -0.01416385 0.36007825 53 71 25 2.000000
-0.05019570 -0.00845084 0.36243865 51 61 21 2.000000
-0.04120611 -0.01442077 0.36109233 88 109 53 2.000000
-0.04231587 -0.00762417 0.36175898 41 53 8 2.000000
-0.04201522 -0.01804460 0.35996300 99 119 60 2.000000
-0.04960427 -0.01819981 0.35364848 75 83 39 2.000000
-0.05428359 -0.01499963 0.35906935 49 68 20 2.000000
-0.04208850 -0.01741072 0.36021987 94 116 58 2.000000
-0.04387663 -0.00940412 0.36083996 67 73 24 2.000000
-0.03971848 -0.01158747 0.36210829 82 107 38 2.000000
-0.04275845 -0.02345330 0.35636380 59 67 39 2.000000
-0.04701648 -0.02269435 0.35521883 112 131 74 2.000000
-0.04952844 -0.01760171 0.35665378 105 116 73 2.000000
-0.04223615 -0.01617667 0.36042336 92 113 52 2.000000
-0.04669663 -0.01053058 0.36194056 82 99 49 2.000000
-0.05267208 -0.01459600 0.35848927 57 73 27 2.000000
-0.04621056 -0.00490803 0.36611542 37 48 13 2.000000
-0.04246781 -0.00708899 0.36215138 42 53 11 2.000000
-0.04346203 -0.00645696 0.36333862 43 60 9 2.000000
-0.03895939 -0.01279631 0.36200312 76 103 42 2.000000
-0.04465583 -0.01424513 0.36081442 83 105 47 2.000000
-0.04201927 -0.01078982 0.36186820 88 113 56 2.000000
-0.04347347 -0.01798703 0.35970575 95 116 62 2.000000
-0.04644205 -0.01512621 0.36080891 95 112 61 2.000000
-0.04158038 -0.01480899 0.36085814 85 109 54 2.000000
-0.05446225 -0.01113490 0.36303619 56 76 24 2.000000
-0.04785632 -0.00923325 0.36102939 50 63 19 2.000000
-0.05180134 -0.00908879 0.36540973 48 66 26 2.000000
-0.04866340 -0.02158725 0.35505462 106 124 71 2.000000
-0.04578372 -0.02156288 0.35336959 85 107 15 2.000000
-0.04189901 -0.02095025 0.35891068 108 129 73 2.000000
-0.04589694 -0.02296997 0.35569710 115 131 79 2.000000
-0.05493208 -0.01351374 0.36027887 57 71 26 2.000000
-0.03875388 -0.01533755 0.36139184 71 100 38 2.000000
-0.04145459 -0.02078500 0.35903761 103 127 71 2.000000
-0.04534996 -0.00844921 0.36152551 52 69 5 2.000000
-0.04283600 -0.02349537 0.35603872 53 58 37 2.000000
-0.03781957 -0.01103592 0.36201999 86 114 70 2.000000
-0.04111667 -0.02065628 0.35682422 83 99 27 2.000000
-0.04529739 -0.02156089 0.35367417 87 110 15 2.000000
-0.04827065 -0.00946357 0.36274192 73 86 41 2.000000
-0.04859058 -0.00831362 0.36213267 56 65 19 2.000000
-0.03958757 -0.01063231 0.36224321 77 105 38 2.000000
-0.05087834 -0.01037474 0.36322954 50 63 20 2.000000
-0.04662974 -0.01814689 0.35618368 69 87 22 2.000000
-0.05471102 -0.01065504 0.36289275 40 51 26 2.000000
-0.04685955 -0.02159750 0.35634467 102 119 69 2.000000
-0.04456186 -0.02308263 0.35643828 109 130 75 2.000000
-0.05122049 -0.01370598 0.35891178 59 75 27 2.000000
-0.04226754 -0.02099699 0.35882467 111 132 70 2.000000
-0.04642155 -0.01954034 0.35785338 91 107 62 2.000000
-0.04676202 -0.00671373 0.36376819 41 53 6 2.000000
-0.04094845 -0.02215412 0.35819653 85 102 49 2.000000
-0.04940308 -0.01804766 0.35651770 105 118 70 2.000000
-0.04932966 -0.01134835 0.35887840 43 53 15 2.000000
-0.04292216 -0.01933617 0.35920709 109 124 68 2.000000
-0.04861832 -0.00861785 0.36177698 49 61 18 2.000000
-0.04060429 -0.01745058 0.36054820 94 116 56 2.000000
-0.04355772 -0.00550226 0.36452228 45 60 8 2.000000
-0.05004406 -0.01704193 0.35405481 60 77 24 2.000000
-0.04914103 -0.00876750 0.36752668 36 54 14 2.000000
-0.05151712 -0.01376875 0.35928842 58 73 31 2.000000
-0.05150133 -0.01380846 0.35863176 56 73 27 2.000000
-0.04376443 -0.00881685 0.36254957 89 108 58 2.000000
-0.04452164 -0.02039107 0.35484070 87 103 22 2.000000
-0.05465963 -0.01224262 0.36008188 37 50 14 2.000000
-0.05080311 -0.01271127 0.35717028 38 56 19 2.000000
-0.03921094 -0.01470267 0.36151031 73 97 31 2.000000
-0.05302337 -0.01326996 0.36088321 49 65 21 2.000000
-0.05224432 -0.01527091 0.35715237 63 79 28 2.000000
-0.04393869 -0.01657877 0.36010623 92 110 55 2.000000
-0.04574807 -0.01006087 0.36022589 52 74 20 2.000000
-0.04222456 -0.02324647 0.35701513 67 77 38 2.000000
-0.04205113 -0.01423004 0.36093429 87 110 51 2.000000
-0.04099010 -0.00548426 0.36285567 51 57 21 2.000000
-0.04383448 -0.01514034 0.36052209 87 105 49 2.000000
-0.04127964 -0.01659429 0.36057714 91 112 61 2.000000
-0.04900878 -0.00866666 0.36584941 41 57 13 2.000000
-0.04849134 -0.01796069 0.35733417 93 112 61 2.000000
-0.04523348 -0.00777647 0.36405596 63 76 31 2.000000
-0.04300933 -0.00928994 0.36105120 54 77 19 2.000000
-0.04994312 -0.00739489 0.36395603 35 54 17 2.000000
-0.05461894 -0.01190068 0.36061814 45 56 13 2.000000
-0.05346457 -0.01336223 0.36106643 51 66 23 2.000000
-0.03949356 -0.02100008 0.35820022 86 101 21 2.000000
-0.04346744 -0.01464268 0.36062965 86 104 51 2.000000
-0.04974094 -0.01060871 0.35992554 43 58 18 2.000000
-0.04052870 -0.01204454 0.36191094 86 110 56 2.000000
-0.04359436 -0.01788073 0.35718074 74 97 15 2.000000
-0.04765863 -0.01539380 0.36052176 101 113 67 2.000000
-0.04133499 -0.01639847 0.36060348 89 113 57 2.000000
-0.04320905 -0.00461856 0.36602300 36 53 11 2.000000
-0.04782883 -0.02130160 0.35255066 75 106 18 2.000000
-0.04020693 -0.01904314 0.36013815 95 115 66 2.000000
-0.05238117 -0.01429282 0.35860413 56 71 27 2.000000
-0.03933746 -0.01552317 0.36137149 74 100 29 2.000000
-0.04805452 -0.01443017 0.35980839 97 114 65 2.000000
-0.04394571 -0.00673569 0.36514205 53 67 26 2.000000
-0.04780892 -0.01662596 0.35853475 96 112 67 2.000000
-0.04564570 -0.01855403 0.35640544 76 92 13 2.000000
-0.05101235 -0.01773910 0.35589999 96 106 60 2.000000
-0.04423963 -0.01082117 0.36151168 89 109 56 2.000000
-0.04532219 -0.00888259 0.36107573 45 60 15 2.000000
-0.04105601 -0.01542245 0.36088526 89 109 57 2.000000
-0.05367633 -0.01269646 0.36198077 51 70 22 2.000000
-0.04791710 -0.00790750 0.36260957 41 50 13 2.000000
-0.03926754 -0.01977363 0.35987008 95 120 58 2.000000
-0.04656819 -0.02106360 0.35691825 95 112 66 2.000000
-0.04150764 -0.00522107 0.36342958 48 70 12 2.000000
-0.05029767 -0.01175262 0.36123320 67 78 31 2.000000
-0.04812333 -0.01550963 0.35896334 102 115 65 2.000000
-0.05424332 -0.01149454 0.36293000 57 76 20 2.000000
-0.04351712 -0.00612162 0.36381340 47 55 16 2.000000
-0.04572910 -0.02363872 0.35386053 60 67 15 2.000000
-0.04264678 -0.01618893 0.36038539 88 112 58 2.000000
-0.05003940 -0.01324830 0.35942766 78 89 45 2.000000
-0.04300544 -0.00874880 0.36127895 57 64 20 2.000000
-0.04456792 -0.02408504 0.35579002 93 116 56 2.000000
-0.05153910 -0.01577103 0.35647067 84 99 54 2.000000
-0.04314072 -0.00832940 0.36282828 89 101 54 2.000000
-0.04845842 -0.01096464 0.36117974 76 90 41 2.000000
-0.05101628 -0.01142865 0.36208025 55 68 20 2.000000
-0.04801809 -0.02050484 0.35611737 105 119 67 2.000000
-0.05222119 -0.01037772 0.36384058 45 58 16 2.000000
-0.04285665 -0.00573102 0.36390987 47 66 10 2.000000
-0.04455200 -0.00872650 0.36118832 56 63 19 2.000000
-0.04452988 -0.02080869 0.35805285 101 119 68 2.000000
-0.05097624 -0.01729154 0.35598591 84 101 55 2.000000
-0.04865774 -0.01212686 0.36070904 84 96 44 2.000000
-0.04456446 -0.02383507 0.35600504 108 126 65 2.000000
-0.04836983 -0.00926946 0.36296380 73 85 42 2.000000
-0.04346563 -0.00578057 0.36416712 44 58 14 2.000000
-0.04545642 -0.02340010 0.35557663 115 133 72 2.000000
-0.04703356 -0.00822221 0.36560777 41 56 16 2.000000
-0.04446228 -0.01982019 0.35867777 101 119 66 2.000000
-0.04820933 -0.01007035 0.36205572 75 89 42 2.000000
-0.04018956 -0.01622796 0.36115351 83 105 44 2.000000
-0.04475276 -0.02312022 0.35414219 65 84 18 2.000000
-0.04456444 -0.00763732 0.36190379 43 60 9 2.000000
-0.04793812 -0.00939954 0.36276355 73 86 37 2.000000
-0.04444709 -0.00527333 0.36504671 34 57 8 2.000000
-0.04520664 -0.01650563 0.36030370 86 107 58 2.000000
-0.04593295 -0.01138401 0.36176592 87 104 52 2.000000
-0.04046877 -0.01927551 0.35998127 92 117 60 2.000000
-0.04663113 -0.02237343 0.35579744 111 127 72 2.000000
-0.04145604 -0.00820549 0.36150143 72 77 28 2.000000
-0.03861072 -0.01859474 0.36030951 99 118 55 2.000000
-0.04136299 -0.02208503 0.35835534 102 128 65 2.000000
-0.04281163 -0.00709498 0.36480173 62 81 34 2.000000
-0.04203086 -0.00661586 0.36250252 42 59 16 2.000000
-0.03861907 -0.01997865 0.35904515 89 106 34 2.000000
-0.04094140 -0.00479180 0.36360118 50 65 15 2.000000
-0.04713400 -0.01965791 0.35754403 94 110 59 2.000000
-0.04959662 -0.01411735 0.35898602 83 96 46 2.000000
-0.05132712 -0.00751866 0.36438045 43 54 16 2.000000
-0.04246598 -0.00685685 0.36240238 47 56 17 2.000000
-0.04487945 -0.00747968 0.36451012 57 68 25 2.000000
-0.04052491 -0.00507222 0.36272261 50 57 15 2.000000
-0.05028538 -0.01465076 0.35761884 71 88 39 2.000000
-0.05320954 -0.01549246 0.35752088 61 77 31 2.000000
-0.04762792 -0.02095793 0.35610908 101 120 70 2.000000
-0.04099052 -0.02103664 0.35898495 106 123 68 2.000000
-0.04820504 -0.02286681 0.35453296 109 129 69 2.000000
-0.04250079 -0.01470320 0.36066580 89 109 56 2.000000
-0.04612549 -0.01609943 0.36066061 95 109 60 2.000000
-0.04006204 -0.01190927 0.36204374 75 105 48 2.000000
-0.04955497 -0.01198495 0.36071518 75 88 39 2.000000
-0.04508157 -0.01684857 0.35729808 75 91 21 2.000000
-0.04559616 -0.00658850 0.36351779 36 54 5 2.000000
-0.05404053 -0.01171007 0.36282420 60 75 25 2.000000
-0.04754261 -0.00787123 0.36265564 41 52 8 2.000000
-0.04618188 -0.01990198 0.35789192 89 107 61 2.000000
-0.04868330 -0.01713642 0.35751003 101 113 69 2.000000
-0.04738104 -0.01755434 0.35872129 94 113 66 2.000000
-0.04269133 -0.01739537 0.35772690 86 101 18 2.000000
-0.04460703 -0.00912440 0.36233735 91 106 56 2.000000
-0.04240824 -0.02330679 0.35612381 48 60 30 2.000000
-0.03881959 -0.00945456 0.36132100 85 91 34 2.000000
-0.05212600 -0.01281892 0.36086693 51 67 18 2.000000
-0.04323662 -0.01018148 0.36181438 92 113 59 2.000000
-0.04069541 -0.01576986 0.36093891 87 110 52 2.000000
-0.04388599 -0.00685978 0.36537287 55 65 20 2.000000
-0.04476704 -0.00764793 0.36396721 64 77 36 2.000000
-0.04710522 -0.01071311 0.35931143 66 80 20 2.000000
-0.04624062 -0.01031125 0.36005157 55 75 23 2.000000
-0.04778450 -0.01699135 0.35605907 69 89 18 2.000000
-0.04838153 -0.02098704 0.35555035 105 122 67 2.000000
-0.04569336 -0.02380945 0.35500959 94 114 49 2.000000
-0.03744089 -0.01240921 0.36197820 89 113 42 2.000000
-0.04053269 -0.00663026 0.36397308 80 102 49 2.000000
-0.04001072 -0.01589450 0.36135623 83 100 49 2.000000
-0.04567247 -0.01162784 0.36163938 85 102 52 2.000000
-0.04693913 -0.01844223 0.35816562 91 110 61 2.000000
-0.04717053 -0.00429604 0.36788741 33 49 7 2.000000
-0.04457084 -0.01166668 0.36116049 85 108 48 2.000000
-0.04060310 -0.01967453 0.35979742 100 118 61 2.000000
-0.04460774 -0.00628894 0.36396006 36 55 8 2.000000
-0.04982625 -0.01496734 0.35789719 84 97 47 2.000000
-0.04665197 -0.01849823 0.35835126 94 110 63 2.000000
-0.05122893 -0.00773506 0.36402938 43 51 21 2.000000
-0.04962197 -0.01190062 0.35798141 48 61 17 2.000000
-0.04355489 -0.01028685 0.36173332 94 113 61 2.000000
-0.04360224 -0.01300257 0.36106730 88 109 51 2.000000
-0.04596341 -0.02031548 0.35774919 89 105 61 2.000000
-0.04619131 -0.01435780 0.35768324 69 81 23 2.000000
-0.05001038 -0.01284659 0.35975865 77 90 41 2.000000
-0.04337155 -0.02133105 0.35790765 113 129 75 2.000000
-0.04625597 -0.01818783 0.35917285 95 110 63 2.000000
-0.03826097 -0.00593492 0.36191735 62 85 33 2.000000
-0.04676233 -0.01822010 0.35854405 94 111 61 2.000000
-0.04713328 -0.00773949 0.36465961 51 62 19 2.000000
-0.04912605 -0.00974821 0.36240724 71 84 43 2.000000
-0.04555090 -0.00889166 0.36275336 77 93 44 2.000000
-0.05077543 -0.01696524 0.35619178 84 99 51 2.000000
-0.04936638 -0.00644401 0.36485720 36 47 12 2.000000
-0.03971976 -0.01844927 0.36044630 92 112 63 2.000000
-0.03868223 -0.00856530 0.36249447 91 122 79 2.000000
-0.05139091 -0.00866252 0.36243775 50 62 21 2.000000
-0.04719120 -0.01693220 0.35980842 99 112 63 2.000000
-0.04793868 -0.01119989 0.35905388 58 73 26 2.000000
-0.04824957 -0.01710400 0.35781100 98 110 64 2.000000
-0.04671262 -0.01979017 0.35769054 90 108 61 2.000000
-0.04267470 -0.01280819 0.36125591 88 110 50 2.000000
-0.03950268 -0.00563676 0.36193973 52 65 31 2.000000
-0.04547666 -0.01794579 0.35692912 78 89 18 2.000000
-0.05442835 -0.01449220 0.35972691 56 70 22 2.000000
-0.03651057 -0.01421269 0.36135113 98 120 50 2.000000
-0.04471136 -0.01866499 0.35925779 98 117 64 2.000000
-0.03658327 -0.01415704 0.36143938 96 120 48 2.000000
-0.04472002 -0.02406811 0.35559717 90 110 35 2.000000
-0.03860558 -0.00968216 0.36222357 111 128 79 2.000000
-0.04299650 -0.01429860 0.36067975 85 107 52 2.000000
-0.04374208 -0.00672125 0.36307222 42 58 7 2.000000
-0.04472361 -0.00730213 0.36238405 30 52 5 2.000000
-0.04853880 -0.01455619 0.35915732 101 110 61 2.000000
-0.04397248 -0.02347402 0.35638466 106 127 71 2.000000
-0.04516384 -0.01979815 0.35833701 86 107 58 2.000000
-0.04163526 -0.00721466 0.36188087 46 60 13 2.000000
-0.04390389 -0.00414980 0.36684090 41 55 15 2.000000
-0.04283525 -0.00623967 0.36308217 52 64 15 2.000000
-0.04438995 -0.00405893 0.36716273 40 60 8 2.000000
-0.04752386 -0.00807125 0.36423379 56 68 27 2.000000
-0.04164209 -0.00917222 0.36121854 67 82 24 2.000000
-0.04666678 -0.02181141 0.35633183 103 120 72 2.000000
-0.04952849 -0.01448258 0.35868669 86 98 54 2.000000
-0.05104241 -0.01572409 0.35447475 51 68 16 2.000000
-0.04353210 -0.00481215 0.36581844 39 55 17 2.000000
-0.03819561 -0.00668352 0.36201343 91 108 41 2.000000
-0.05027442 -0.01285806 0.35680866 54 69 15 2.000000
-0.04353161 -0.01896118 0.35912731 103 121 67 2.000000
-0.04634953 -0.01779004 0.35942549 89 110 59 2.000000
-0.04392000 -0.01324708 0.36099991 83 110 48 2.000000
-0.04203157 -0.00909254 0.36123368 74 82 10 2.000000
-0.04959919 -0.01536027 0.35799140 90 104 54 2.000000
-0.04126187 -0.00495685 0.36378664 49 67 13 2.000000
-0.05066951 -0.00936809 0.36402011 48 60 18 2.000000
-0.04561927 -0.00772695 0.36498967 47 61 24 2.000000
-0.04931152 -0.01546649 0.35833329 90 107 57 2.000000
-0.04096090 -0.02228246 0.35678402 78 94 24 2.000000
-0.04560941 -0.01965901 0.35822988 89 109 61 2.000000
-0.04748713 -0.00983205 0.36063385 46 61 6 2.000000
-0.05069343 -0.01638566 0.35642785 79 94 46 2.000000
-0.04916840 -0.00938418 0.36291093 71 83 40 2.000000
-0.04838734 -0.01043122 0.35993204 44 56 17 2.000000
-0.05251198 -0.01423548 0.35903260 56 68 22 2.000000
-0.04533641 -0.00814495 0.36352566 71 86 45 2.000000
-0.04429906 -0.01630824 0.36023304 88 110 53 2.000000
-0.05135823 -0.00738841 0.36460945 41 54 21 2.000000
-0.04815041 -0.01205791 0.36103195 85 98 55 2.000000
-0.05204052 -0.01315313 0.36044693 54 66 24 2.000000
-0.04930872 -0.01134370 0.36118618 76 84 36 2.000000
-0.04087591 -0.00758559 0.36339208 78 99 47 2.000000
-0.05164751 -0.00745311 0.36480355 45 56 18 2.000000
-0.03799463 -0.01389142 0.36182177 71 100 31 2.000000
-0.04835222 -0.01449243 0.35650602 64 79 10 2.000000
-0.04981914 -0.00951842 0.36275914 63 72 29 2.000000
-0.04252396 -0.01177936 0.36153236 89 110 54 2.000000
-0.04106564 -0.00683945 0.36420786 79 100 51 2.000000
-0.03971127 -0.00832265 0.36284959 79 108 37 2.000000
-0.05384318 -0.01119740 0.36397952 41 64 19 2.000000
-0.05048072 -0.01715795 0.35640916 88 105 57 2.000000
-0.04184838 -0.02089255 0.35632208 73 96 23 2.000000
-0.04487975 -0.02072135 0.35801032 100 115 67 2.000000
-0.05057497 -0.00809412 0.36303604 52 57 22 2.000000
-0.05268623 -0.01364657 0.36017600 48 66 18 2.000000
-0.04757936 -0.01842650 0.35766172 91 109 62 2.000000
-0.04758320 -0.01268118 0.35762340 76 85 16 2.000000
-0.04831504 -0.01837462 0.35737833 92 112 63 2.000000
-0.04500121 -0.00981810 0.36034909 69 75 25 2.000000
-0.04037153 -0.01772671 0.36047596 91 113 57 2.000000
-0.03894604 -0.02045455 0.35943761 94 106 62 2.000000
-0.03850378 -0.00713114 0.36180690 75 93 20 2.000000
-0.04900781 -0.01536058 0.35861197 93 106 60 2.000000
-0.04086939 -0.00597062 0.36251625 47 56 12 2.000000
-0.04315619 -0.01936984 0.35639262 82 97 24 2.000000
-0.04214034 -0.00687579 0.36224791 42 55 9 2.000000
-0.04344252 -0.02283044 0.35495290 86 105 21 2.000000
-0.04478789 -0.02014343 0.35833994 99 116 64 2.000000
-0.04825810 -0.00806458 0.36241207 47 59 16 2.000000
-0.05138310 -0.01616337 0.35608435 72 91 43 2.000000
-0.04698996 -0.02001773 0.35749754 96 110 63 2.000000
-0.04615195 -0.01254368 0.35834679 74 90 23 2.000000
-0.04751670 -0.01467420 0.36085761 96 112 62 2.000000
-0.04600416 -0.00803382 0.36196539 47 59 13 2.000000
-0.04091045 -0.01017077 0.36221290 82 107 48 2.000000
-0.04973345 -0.01405205 0.35875347 80 93 42 2.000000
-0.03997092 -0.01238195 0.36197779 82 108 47 2.000000
-0.05018832 -0.00854458 0.36636555 43 56 11 2.000000
-0.05105970 -0.01686480 0.35592866 83 98 48 2.000000
-0.04954475 -0.00906194 0.36355001 64 74 36 2.000000
-0.03907392 -0.01511072 0.36147460 78 93 38 2.000000
-0.03743152 -0.01524943 0.36123565 93 108 38 2.000000
-0.04556854 -0.01862036 0.35902166 94 109 61 2.000000
-0.04582209 -0.00793312 0.36590108 44 59 12 2.000000
-0.05338496 -0.01356685 0.36072966 50 66 22 2.000000
-0.04252864 -0.01947999 0.35934022 110 124 71 2.000000
-0.03978692 -0.02100495 0.35926476 95 114 45 2.000000
-0.03992746 -0.00755853 0.36309734 77 104 47 2.000000
-0.03940750 -0.00930661 0.36261374 84 104 54 2.000000
-0.05221961 -0.01217581 0.36191452 51 66 23 2.000000
-0.04336417 -0.01405741 0.36079001 82 107 49 2.000000
-0.05047623 -0.01800683 0.35606405 107 116 69 2.000000
-0.04344303 -0.02378190 0.35589656 57 63 38 2.000000
-0.04517016 -0.01435930 0.36089164 84 105 54 2.000000
-0.04041871 -0.00526336 0.36247614 44 60 16 2.000000
-0.04429945 -0.02279622 0.35666472 109 127 76 2.000000
-0.04830336 -0.01755572 0.35752541 92 111 62 2.000000
-0.04096048 -0.00617972 0.36606029 64 83 40 2.000000
-0.03818646 -0.01703311 0.36092797 88 114 41 2.000000
-0.05071040 -0.01095283 0.35955966 43 61 17 2.000000
-0.04106555 -0.00571322 0.36271939 51 57 10 2.000000
-0.05181392 -0.01480953 0.35755712 75 86 45 2.000000
-0.04970207 -0.00759482 0.36357710 42 53 17 2.000000
-0.05449750 -0.01229632 0.36202639 41 75 22 2.000000
-0.04493624 -0.00427386 0.36719391 36 53 7 2.000000
-0.04030953 -0.00609855 0.36494905 72 91 44 2.000000
-0.04157836 -0.02301070 0.35641283 49 57 39 2.000000
-0.04775438 -0.01190838 0.35801750 73 86 21 2.000000
-0.04383305 -0.01376053 0.36091053 85 108 47 2.000000
-0.04324645 -0.00582041 0.36400023 43 61 7 2.000000
-0.03791083 -0.01541317 0.36131138 73 102 39 2.000000
-0.04629979 -0.01066027 0.36186576 88 103 53 2.000000
-0.04668831 -0.00814295 0.36584568 42 56 16 2.000000
-0.03883730 -0.01892822 0.36015135 98 118 49 2.000000
-0.04325027 -0.02317136 0.35696793 110 131 71 2.000000
-0.04942229 -0.02054995 0.35525432 110 125 76 2.000000
-0.04209979 -0.00609420 0.36283284 36 64 4 2.000000
-0.04822470 -0.01579093 0.35866171 98 112 66 2.000000
-0.05256593 -0.01034372 0.36422712 39 59 18 2.000000
-0.04408607 -0.02287429 0.35667378 113 128 77 2.000000
-0.04181520 -0.00513385 0.36412612 50 69 15 2.000000
-0.04796986 -0.01503232 0.35946742 101 115 68 2.000000
-0.04507995 -0.00937742 0.36063734 50 58 17 2.000000
-0.04128278 -0.01613621 0.36066216 91 113 54 2.000000
-0.04032558 -0.00687983 0.36369765 76 99 49 2.000000
-0.04300312 -0.00637332 0.36311060 54 65 5 2.000000
-0.04967009 -0.01853135 0.35325047 71 87 25 2.000000
-0.04039778 -0.01559391 0.35928792 80 93 24 2.000000
-0.04439089 -0.01706205 0.35732189 82 93 17 2.000000
-0.04485387 -0.01811476 0.35954127 95 111 62 2.000000
-0.04708485 -0.01786375 0.35867709 95 112 60 2.000000
-0.04169431 -0.00511991 0.36380300 59 68 14 2.000000
-0.04343616 -0.02108569 0.35814634 110 129 74 2.000000
-0.04114951 -0.02162897 0.35872787 103 127 69 2.000000
-0.04879564 -0.01977515 0.35617051 108 121 72 2.000000
-0.04568078 -0.02206082 0.35338601 88 107 22 2.000000
-0.05036154 -0.01402146 0.35582802 55 59 15 2.000000
-0.04510944 -0.00891646 0.36259350 82 96 48 2.000000
-0.04343534 -0.01738544 0.36004749 98 112 60 2.000000
-0.05134202 -0.01063785 0.36314771 51 63 19 2.000000
-0.04181472 -0.01409983 0.36102584 91 111 51 2.000000
-0.04660076 -0.01466679 0.36089227 99 110 62 2.000000
-0.04943889 -0.01716667 0.35696334 98 115 65 2.000000
-0.04199719 -0.01564095 0.36057043 86 111 53 2.000000
-0.04765451 -0.01061104 0.36174521 80 93 54 2.000000
-0.03963099 -0.01781433 0.36066276 88 113 52 2.000000
-0.04595297 -0.01307466 0.36102900 88 107 53 2.000000
-0.04714681 -0.00703051 0.36361176 44 57 4 2.000000
-0.04011428 -0.01694160 0.36083084 80 108 50 2.000000
-0.04097842 -0.01729521 0.36048579 97 115 61 2.000000
-0.03977440 -0.00516778 0.36223477 54 58 19 2.000000
-0.05005270 -0.00820777 0.36288828 45 59 16 2.000000
-0.05150316 -0.01198270 0.36185786 53 69 21 2.000000
-0.04554800 -0.02062277 0.35778561 85 104 57 2.000000
-0.04374423 -0.00994026 0.36187732 90 113 58 2.000000
-0.04286642 -0.00606632 0.36337280 46 67 13 2.000000
-0.04062647 -0.01599619 0.36091685 88 111 52 2.000000
-0.04628956 -0.00817459 0.36359078 72 80 39 2.000000
-0.04315990 -0.00599975 0.36374059 48 62 15 2.000000
-0.04308544 -0.00980311 0.36201626 89 113 58 2.000000
-0.04175968 -0.01442426 0.36096990 82 109 55 2.000000
-0.04009908 -0.00621422 0.36405087 74 99 48 2.000000
-0.04593704 -0.00706243 0.36317444 39 54 5 2.000000
-0.04263013 -0.02065057 0.35886872 111 128 76 2.000000
-0.04067926 -0.00599062 0.36237633 44 56 20 2.000000
-0.04386619 -0.02180990 0.35456580 97 117 17 2.000000
-0.03973330 -0.01381329 0.36156356 75 104 51 2.000000
-0.04660141 -0.02021900 0.35753253 94 111 60 2.000000
-0.05083625 -0.00670493 0.36533505 46 53 17 2.000000
-0.04375145 -0.00752085 0.36220551 35 58 13 2.000000
-0.03897505 -0.01005382 0.36114284 79 95 30 2.000000
-0.04219594 -0.00562113 0.36324620 57 71 11 2.000000
-0.04854617 -0.01473971 0.35899240 98 109 65 2.000000
-0.05349799 -0.01465474 0.35922176 49 66 17 2.000000
-0.04139977 -0.01178767 0.36174607 88 111 55 2.000000
-0.04398531 -0.00717688 0.36432901 61 76 31 2.000000
-0.05071485 -0.01216059 0.36075988 61 74 26 2.000000
-0.03943475 -0.01747945 0.36078733 89 108 55 2.000000
-0.04140453 -0.02258134 0.35795057 93 110 58 2.000000
-0.04599030 -0.00716845 0.36297965 36 53 5 2.000000
-0.05164918 -0.01678959 0.35547984 88 99 55 2.000000
-0.04684303 -0.01090583 0.36181465 83 98 51 2.000000
-0.04810227 -0.00853445 0.36196658 44 66 14 2.000000
-0.04705323 -0.02359872 0.35471714 112 133 70 2.000000
-0.04303351 -0.02040202 0.35880798 111 127 71 2.000000
-0.04277324 -0.00473656 0.36564970 38 55 12 2.000000
-0.04480702 -0.00511195 0.36541316 38 52 17 2.000000
-0.04455185 -0.02223645 0.35711908 106 124 73 2.000000
-0.03833196 -0.01828314 0.36036915 98 118 58 2.000000
-0.04468380 -0.02046562 0.35819608 101 116 68 2.000000
-0.03876742 -0.01908966 0.35906419 84 105 37 2.000000
-0.05470541 -0.01273018 0.35884252 45 57 16 2.000000
-0.05329141 -0.01101114 0.36387086 45 59 15 2.000000
-0.04853618 -0.01147175 0.35858569 63 71 16 2.000000
-0.04637828 -0.01014772 0.36018822 50 68 12 2.000000
-0.04724869 -0.01994031 0.35735476 98 111 65 2.000000
-0.04909814 -0.01211439 0.36058727 78 90 43 2.000000
-0.04814762 -0.00935138 0.36086991 46 64 10 2.000000
-0.04833174 -0.01290994 0.36089697 92 103 55 2.000000
-0.03725640 -0.01104796 0.36191067 103 121 57 2.000000
-0.04328898 -0.00777286 0.36171827 49 56 11 2.000000
-0.04337821 -0.00752161 0.36212352 45 58 2 2.000000
-0.04588578 -0.00617703 0.36404064 35 54 3 2.000000
-0.03777030 -0.01556122 0.36126649 80 106 43 2.000000
-0.05364551 -0.01304078 0.36167172 55 71 23 2.000000
-0.04838738 -0.01115976 0.35920542 49 59 16 2.000000
-0.05225596 -0.01470493 0.35798088 61 80 31 2.000000
-0.05434803 -0.01234440 0.36221221 59 74 34 2.000000
-0.04050677 -0.01029314 0.36221245 80 107 43 2.000000
-0.04792343 -0.00951631 0.36256096 72 85 40 2.000000
-0.04866355 -0.01294223 0.36062226 89 102 55 2.000000
-0.04374598 -0.00757581 0.36398652 74 85 41 2.000000
-0.04365421 -0.02205371 0.35748574 104 127 71 2.000000
-0.04260987 -0.01652037 0.36034614 96 112 57 2.000000
-0.05319231 -0.01059341 0.36448368 47 65 22 2.000000
-0.04273139 -0.00581913 0.36353719 55 69 11 2.000000
-0.04918363 -0.00950922 0.36270159 70 83 38 2.000000
-0.05321391 -0.01377366 0.36033100 48 64 20 2.000000
-0.05004950 -0.01761119 0.35373399 65 80 25 2.000000
-0.04119267 -0.00938201 0.36111432 81 85 33 2.000000
-0.05001661 -0.01612676 0.35461068 59 69 27 2.000000
-0.04978441 -0.01648483 0.35733387 96 108 61 2.000000
-0.04425428 -0.01461305 0.35814649 79 90 20 2.000000
-0.05018905 -0.01613082 0.35690472 89 101 58 2.000000
-0.05094177 -0.00956933 0.36398286 45 59 18 2.000000
-0.04318633 -0.00710104 0.36455390 64 79 37 2.000000
-0.04632909 -0.00944074 0.36237320 77 92 41 2.000000
-0.04804410 -0.00849405 0.36365843 72 80 44 2.000000
-0.04201959 -0.02244405 0.35805291 108 127 74 2.000000
-0.05100096 -0.00824573 0.36288124 51 61 25 2.000000
-0.04865086 -0.01845758 0.35707092 98 113 67 2.000000
-0.05068512 -0.00897989 0.36427563 48 61 18 2.000000
-0.04495977 -0.00726055 0.36873773 50 67 19 2.000000
-0.04798128 -0.00871288 0.36701000 37 51 16 2.000000
-0.04808483 -0.00828383 0.36428303 54 68 26 2.000000
-0.04852324 -0.01542425 0.35877252 94 110 62 2.000000
-0.04297544 -0.00791592 0.36331660 78 97 45 2.000000
-0.04071340 -0.00967821 0.36098692 77 89 27 2.000000
-0.04415718 -0.00982521 0.36050665 65 78 27 2.000000
-0.04020562 -0.01841126 0.36032116 91 113 59 2.000000
-0.04556040 -0.00762192 0.36461541 52 66 24 2.000000
-0.04073711 -0.00565301 0.36256942 42 56 18 2.000000
-0.04947532 -0.00903496 0.36141008 53 66 14 2.000000
-0.04312002 -0.01278343 0.36115906 81 109 52 2.000000
-0.04691943 -0.01559488 0.36078489 97 113 63 2.000000
-0.04171779 -0.00887902 0.36267141 89 111 54 2.000000
-0.04191687 -0.02011985 0.35918832 111 128 70 2.000000
-0.04917830 -0.01087405 0.36147311 75 84 39 2.000000
-0.04915428 -0.01887980 0.35630757 104 119 74 2.000000
-0.04430757 -0.01763198 0.35978341 95 113 65 2.000000
-0.04002043 -0.01941875 0.36000890 97 119 57 2.000000
-0.04186112 -0.02128957 0.35881767 112 129 75 2.000000
-0.04909885 -0.02085490 0.35527182 110 124 73 2.000000
-0.04693370 -0.00748750 0.36294171 37 52 10 2.000000
-0.04599122 -0.00737023 0.37030217 52 67 19 2.000000
-0.05360247 -0.01180508 0.36278996 54 67 25 2.000000
-0.04097028 -0.01387591 0.36137718 91 111 54 2.000000
-0.04009666 -0.00715970 0.36339334 76 101 45 2.000000
-0.04492133 -0.00609948 0.36422727 38 55 4 2.000000
-0.04960790 -0.01562862 0.35775363 91 104 55 2.000000
-0.04286557 -0.01387230 0.36079478 87 107 51 2.000000
-0.04931588 -0.00689750 0.36422315 37 53 10 2.000000
-0.04367003 -0.00933590 0.36224875 95 110 57 2.000000
-0.04651496 -0.01199732 0.36147255 90 104 52 2.000000
-0.04607597 -0.00692662 0.36332560 40 52 4 2.000000
-0.05133852 -0.01521964 0.35705563 81 93 48 2.000000
-0.04381718 -0.01993694 0.35878918 101 120 68 2.000000
-0.05361259 -0.01536302 0.35807490 59 76 29 2.000000
-0.04288933 -0.01115391 0.36160076 90 111 56 2.000000
-0.05266748 -0.01226706 0.36182895 50 64 17 2.000000
-0.03936768 -0.01267796 0.36197126 79 103 43 2.000000
-0.04496101 -0.02261875 0.35380170 99 110 9 2.000000
-0.04668700 -0.01607492 0.36069208 94 111 62 2.000000
-0.05153018 -0.00831364 0.36311877 52 62 22 2.000000
-0.05179314 -0.01525077 0.35712948 70 85 37 2.000000
-0.04770871 -0.01113235 0.35883579 70 80 30 2.000000
-0.04996262 -0.00976992 0.36267591 60 68 30 2.000000
-0.04680900 -0.00810353 0.36385092 63 74 27 2.000000
-0.03788425 -0.01804526 0.36025843 101 115 35 2.000000
-0.04781752 -0.01766228 0.35776648 95 111 64 2.000000
-0.05045182 -0.01066867 0.36239988 61 68 22 2.000000
-0.04097415 -0.01425589 0.36123681 87 110 54 2.000000
-0.04527700 -0.00782592 0.36191905 43 59 15 2.000000
-0.05008898 -0.01448416 0.35779813 77 89 38 2.000000
-0.04599186 -0.02191817 0.35671639 97 116 66 2.000000
-0.04301919 -0.02287754 0.35724464 113 129 72 2.000000
-0.04737808 -0.02155132 0.35584995 107 124 73 2.000000
-0.04751474 -0.02055583 0.35662672 102 116 68 2.000000
-0.04237045 -0.00814099 0.36285865 88 108 59 2.000000
-0.04528965 -0.00612850 0.36416721 38 52 7 2.000000
-0.04372904 -0.02374508 0.35613513 77 90 46 2.000000
-0.04299697 -0.00712716 0.36240476 46 60 1 2.000000
-0.04264050 -0.01159057 0.36156291 89 111 53 2.000000
-0.04824353 -0.01218377 0.35766554 77 85 19 2.000000
-0.05168473 -0.01093079 0.36292526 51 62 20 2.000000
-0.04740570 -0.02270816 0.35507682 115 130 74 2.000000
-0.04489461 -0.02212554 0.35377321 92 112 18 2.000000
-0.04641142 -0.00816748 0.36194026 50 61 27 2.000000
-0.04874101 -0.01409621 0.35926205 99 109 63 2.000000
-0.04300631 -0.00506351 0.36531132 48 59 13 2.000000
-0.05091143 -0.01601568 0.35645983 75 92 41 2.000000
-0.05027654 -0.01894597 0.35560620 116 126 77 2.000000
-0.04974857 -0.00867295 0.36717576 41 52 11 2.000000
-0.04921798 -0.00954358 0.36080173 48 64 18 2.000000
-0.05050866 -0.01530124 0.35718322 75 89 39 2.000000
-0.04149387 -0.01468745 0.36094117 86 111 51 2.000000
-0.04475630 -0.02234870 0.35689515 108 125 76 2.000000
-0.04602244 -0.02120270 0.35723206 90 110 60 2.000000
-0.04662814 -0.00741683 0.36288851 32 52 8 2.000000
-0.04591785 -0.01826006 0.35659829 74 88 13 2.000000
-0.04860643 -0.01328269 0.35686672 66 81 7 2.000000
-0.04688932 -0.00990016 0.36051741 52 59 22 2.000000
-0.04715809 -0.02144102 0.35289380 92 105 21 2.000000
-0.04435491 -0.02239552 0.35708287 107 126 71 2.000000
-0.03810524 -0.01744377 0.36074340 91 114 56 2.000000
-0.05270322 -0.01431354 0.35880965 54 69 25 2.000000
-0.04716858 -0.01808833 0.35825065 95 110 61 2.000000
-0.04116588 -0.02009415 0.35942462 101 125 65 2.000000
-0.04877192 -0.01390382 0.35957059 94 106 60 2.000000
-0.04971573 -0.00839620 0.36227900 49 63 14 2.000000
-0.04985327 -0.00824197 0.36266911 54 60 15 2.000000
-0.04484668 -0.00558573 0.36470333 37 52 15 2.000000
-0.04594310 -0.01516514 0.36070424 95 109 61 2.000000
-0.05239242 -0.00996069 0.36460242 43 61 19 2.000000
-0.04276421 -0.02321564 0.35699877 101 119 50 2.000000
-0.04364098 -0.00456973 0.36633974 41 54 3 2.000000
-0.05123801 -0.01424245 0.35796878 70 83 41 2.000000
-0.04519541 -0.02401455 0.35473168 59 67 37 2.000000
-0.04436909 -0.01588169 0.35790643 78 89 28 2.000000
-0.03755607 -0.01075341 0.36194250 100 115 65 2.000000
-0.04864027 -0.00785552 0.36268127 48 57 10 2.000000
-0.04625344 -0.00875167 0.36295882 76 91 41 2.000000
-0.05099855 -0.01657934 0.35613954 81 96 46 2.000000
-0.03900166 -0.01152605 0.36211303 82 107 52 2.000000
-0.04073462 -0.02076239 0.35922611 103 123 60 2.000000
-0.04983490 -0.00868212 0.36631197 43 55 15 2.000000
-0.04732708 -0.01830108 0.35791284 93 111 63 2.000000
-0.04523243 -0.01862934 0.35900044 90 108 62 2.000000
-0.05149992 -0.00738612 0.36473659 44 54 23 2.000000
-0.04943874 -0.01634269 0.35757613 95 110 65 2.000000
-0.04282574 -0.02306932 0.35555625 60 76 29 2.000000
-0.05142104 -0.00716904 0.36502278 45 53 19 2.000000
-0.03873539 -0.01821616 0.36054760 91 115 48 2.000000
-0.04403745 -0.00496435 0.36571935 44 56 16 2.000000
-0.04127451 -0.00553392 0.36293426 46 65 17 2.000000
-0.04580344 -0.00871137 0.36122090 43 62 7 2.000000
-0.05079116 -0.00848348 0.36603683 50 59 8 2.000000
-0.03826343 -0.01218512 0.36207241 91 120 52 2.000000
-0.04664905 -0.02313390 0.35337275 62 76 19 2.000000
-0.03948357 -0.01455596 0.36149114 72 100 34 2.000000
-0.05026861 -0.01773323 0.35628617 104 114 68 2.000000
-0.04388248 -0.00463674 0.36639214 30 53 6 2.000000
-0.04422216 -0.00489035 0.36599332 32 56 13 2.000000
-0.04274142 -0.02213704 0.35771486 110 131 74 2.000000
-0.04164417 -0.01566545 0.36061084 88 111 53 2.000000
-0.05063241 -0.00841434 0.36640397 42 57 14 2.000000
-0.04009923 -0.02006180 0.35965976 95 119 63 2.000000
-0.04282660 -0.00952336 0.36219820 92 114 59 2.000000
-0.04512741 -0.02123658 0.35767105 101 117 65 2.000000
-0.04359452 -0.01226734 0.36122158 83 108 51 2.000000
-0.04713063 -0.00931505 0.36260596 68 86 35 2.000000
-0.04608653 -0.02219861 0.35632056 104 121 72 2.000000
-0.04251161 -0.02133235 0.35861287 110 130 75 2.000000
-0.05444524 -0.01202364 0.36225989 51 75 19 2.000000
-0.04058444 -0.02002266 0.35964403 99 120 60 2.000000
-0.04850762 -0.01572865 0.35859585 94 110 62 2.000000
-0.04389581 -0.01870896 0.35913685 98 119 66 2.000000
-0.04048884 -0.02089753 0.35927403 100 121 62 2.000000
-0.04265958 -0.02112422 0.35865048 111 131 71 2.000000
-0.04498709 -0.02322258 0.35598546 115 132 75 2.000000
-0.04027028 -0.01073661 0.36211178 80 103 48 2.000000
-0.05051293 -0.01324245 0.35646623 53 61 17 2.000000
-0.04689412 -0.00810338 0.36222586 48 53 10 2.000000
-0.04070473 -0.02140675 0.35686576 81 94 26 2.000000
-0.04182259 -0.01378502 0.36117569 86 111 54 2.000000
-0.04711721 -0.01348965 0.36107972 98 108 57 2.000000
-0.04390844 -0.01941438 0.35894394 102 119 68 2.000000
-0.04198880 -0.01893557 0.35981473 105 122 67 2.000000
-0.04450373 -0.00612426 0.36421174 39 54 13 2.000000
-0.05496245 -0.01309352 0.36026588 45 64 18 2.000000
-0.05433463 -0.01140515 0.36076432 46 58 21 2.000000
-0.04985866 -0.01515484 0.35537085 58 70 15 2.000000
-0.04804753 -0.00869522 0.36661246 39 53 12 2.000000
-0.05458440 -0.01181484 0.36208695 46 65 31 2.000000
-0.04532450 -0.01295610 0.36103472 81 106 51 2.000000
-0.04181864 -0.01852610 0.35993996 104 120 66 2.000000
-0.04929049 -0.01577777 0.35808492 97 108 62 2.000000
-0.04783797 -0.02005032 0.35671157 98 119 62 2.000000
-0.04263656 -0.01545067 0.36055753 91 109 56 2.000000
-0.04276844 -0.00827934 0.36146471 48 62 15 2.000000
-0.03937613 -0.01949886 0.36000314 92 120 63 2.000000
-0.04346505 -0.00688643 0.36278552 43 60 10 2.000000
-0.04745516 -0.01991995 0.35712001 93 114 63 2.000000
-0.04564675 -0.02222279 0.35664022 102 118 69 2.000000
-0.04840086 -0.00861256 0.36521140 49 58 18 2.000000
-0.05057352 -0.00736460 0.36423326 41 51 25 2.000000
-0.04595968 -0.01084541 0.36193594 89 103 52 2.000000
-0.04407220 -0.02345800 0.35490406 46 62 31 2.000000
-0.04343500 -0.00735902 0.36228514 46 58 10 2.000000
-0.04785093 -0.00853807 0.36359799 70 82 40 2.000000
-0.04953640 -0.01225475 0.36041206 76 89 41 2.000000
-0.04162757 -0.01080673 0.36195174 90 113 51 2.000000
-0.05127458 -0.01164018 0.36208668 55 67 23 2.000000
-0.03954361 -0.00510722 0.36220309 47 63 19 2.000000
-0.04721009 -0.02137328 0.35623229 105 122 71 2.000000
-0.05042646 -0.00749092 0.36401805 49 54 14 2.000000
-0.04236344 -0.02217499 0.35806036 110 130 73 2.000000
-0.04906382 -0.00780326 0.36304793 38 53 11 2.000000
-0.05095951 -0.01567770 0.35674778 80 95 48 2.000000
-0.04033386 -0.01109258 0.36206043 86 105 43 2.000000
-0.05204410 -0.00829586 0.36349332 59 63 20 2.000000
-0.05106143 -0.01215615 0.36106044 59 71 23 2.000000
-0.04654112 -0.01050163 0.35987261 59 71 27 2.000000
-0.04257494 -0.00692181 0.36636615 58 76 38 2.000000
-0.04858069 -0.00881614 0.36773628 39 54 21 2.000000
-0.04192771 -0.01489517 0.36081007 86 110 54 2.000000
-0.04679182 -0.01156232 0.36162117 87 103 51 2.000000
-0.04340765 -0.00950132 0.36088231 75 78 10 2.000000
-0.04002092 -0.01974213 0.35984215 95 118 60 2.000000
-0.04950657 -0.01661631 0.35475481 59 79 22 2.000000
-0.03926921 -0.01854583 0.36043820 90 114 60 2.000000
-0.03769947 -0.01715909 0.36071050 105 115 39 2.000000
-0.04758674 -0.00872641 0.36341047 72 87 46 2.000000
-0.04977994 -0.01681482 0.35441160 66 77 22 2.000000
-0.04532380 -0.00763206 0.36460567 54 67 23 2.000000
-0.04990883 -0.00810659 0.36296791 44 57 19 2.000000
-0.05460952 -0.01306104 0.35829654 41 56 14 2.000000
-0.05064029 -0.01681907 0.35633993 86 99 50 2.000000
-0.04718988 -0.01120212 0.35867646 67 91 15 2.000000
-0.04048695 -0.01308306 0.36167920 90 110 61 2.000000
-0.04751444 -0.01055065 0.35971072 49 60 19 2.000000
-0.04406897 -0.00519682 0.36514762 37 58 9 2.000000
-0.04729891 -0.00592631 0.36473623 39 47 10 2.000000
-0.04718971 -0.00815656 0.36400244 59 75 27 2.000000
-0.04750843 -0.01635428 0.35645920 74 83 23 2.000000
-0.04716302 -0.02365804 0.35349169 52 64 31 2.000000
-0.04514838 -0.00449353 0.36685869 31 49 7 2.000000
-0.05144284 -0.00765751 0.36429384 44 54 18 2.000000
-0.05207405 -0.01558025 0.35691279 66 81 34 2.000000
-0.04461249 -0.01668484 0.36010164 91 111 57 2.000000
-0.04793762 -0.00911225 0.36124709 52 65 17 2.000000
-0.04225603 -0.01776800 0.36003801 95 117 62 2.000000
-0.04274683 -0.00897435 0.36247352 93 113 57 2.000000
-0.04430207 -0.01900607 0.35897890 96 116 64 2.000000
-0.03960653 -0.00644636 0.36362258 74 98 47 2.000000
-0.04564735 -0.02352745 0.35530943 112 131 68 2.000000
-0.04326466 -0.02245390 0.35737497 105 128 72 2.000000
-0.03834058 -0.01890889 0.36007118 104 120 58 2.000000
-0.04825544 -0.00878476 0.36752862 41 55 12 2.000000
-0.03893466 -0.01033083 0.36227804 89 113 40 2.000000
-0.05399559 -0.01124777 0.36068034 50 60 20 2.000000
-0.04220038 -0.01453636 0.35889107 78 89 26 2.000000
-0.04576641 -0.00736488 0.36248758 33 50 11 2.000000
-0.04111112 -0.02268422 0.35777405 77 81 44 2.000000
-0.03923006 -0.01815078 0.36061755 92 114 61 2.000000
-0.04582225 -0.00785459 0.36543491 45 61 20 2.000000
-0.05048483 -0.01565705 0.35464209 57 67 11 2.000000
-0.04362478 -0.02324827 0.35505176 54 71 25 2.000000
-0.04757301 -0.01747501 0.35806999 95 110 62 2.000000
-0.04520899 -0.00733160 0.36236334 32 50 13 2.000000
-0.04061909 -0.01457583 0.36124799 85 109 51 2.000000
-0.05453035 -0.01306126 0.36098343 66 77 29 2.000000
-0.04326802 -0.00523363 0.36497253 48 62 12 2.000000
-0.04583997 -0.00800974 0.36749083 48 62 23 2.000000
-0.04024702 -0.00615085 0.36436555 74 96 44 2.000000
-0.05471273 -0.01415119 0.35997245 62 78 29 2.000000
-0.05460599 -0.01124072 0.36163127 41 57 24 2.000000
-0.04713067 -0.02312783 0.35496911 113 132 74 2.000000
-0.03769127 -0.01198502 0.36202806 90 117 50 2.000000
-0.04650985 -0.00966296 0.36067310 46 61 21 2.000000
-0.03812630 -0.01794510 0.35987893 89 104 26 2.000000
-0.04622499 -0.02175346 0.35657337 99 116 67 2.000000
-0.05254411 -0.01135284 0.36287856 50 61 20 2.000000
-0.04430038 -0.00831936 0.36143672 46 62 9 2.000000
-0.03903294 -0.00693323 0.36158121 64 64 31 2.000000
-0.04783536 -0.01722193 0.35795823 93 111 61 2.000000
-0.04403031 -0.01429059 0.36077106 83 107 47 2.000000
-0.04274421 -0.01818005 0.35967800 101 120 64 2.000000
-0.04563976 -0.01189604 0.36150187 83 104 50 2.000000
-0.03833805 -0.01903614 0.35950565 102 118 31 2.000000
-0.04362321 -0.02303619 0.35698378 107 129 73 2.000000
-0.04637157 -0.02238761 0.35599974 109 126 75 2.000000
-0.03744019 -0.01669976 0.36071923 98 119 36 2.000000
-0.04291945 -0.01857784 0.35950696 103 122 62 2.000000
-0.04483357 -0.00683103 0.36319950 36 54 10 2.000000
-0.03782656 -0.01179401 0.36131129 87 96 34 2.000000
-0.04154266 -0.00511693 0.36427149 53 69 14 2.000000
-0.04562743 -0.02322284 0.35372698 64 79 25 2.000000
-0.05035999 -0.01635241 0.35424355 57 69 20 2.000000
-0.04959768 -0.01007395 0.36043420 50 66 10 2.000000
-0.04313033 -0.02144837 0.35808718 115 130 77 2.000000
-0.04224503 -0.01657175 0.36038217 94 113 59 2.000000
-0.04164069 -0.00861608 0.36139143 71 77 28 2.000000
-0.04135183 -0.01341854 0.36142042 89 111 54 2.000000
-0.04100033 -0.01091908 0.36200014 84 109 55 2.000000
-0.03933477 -0.01875687 0.36026362 97 118 61 2.000000
-0.04880130 -0.01868898 0.35403317 76 92 30 2.000000
-0.04656458 -0.02151810 0.35662419 98 115 68 2.000000
-0.04874696 -0.02023071 0.35591000 107 122 72 2.000000
-0.04715716 -0.00763672 0.36284274 39 52 10 2.000000
-0.04917410 -0.01664487 0.35729849 100 113 70 2.000000
-0.04848878 -0.02153003 0.35524344 107 126 69 2.000000
-0.04034871 -0.01425925 0.36138165 82 110 49 2.000000
-0.04373230 -0.01199620 0.36129051 86 110 50 2.000000
-0.04679189 -0.00870511 0.36151350 54 65 12 2.000000
-0.04406686 -0.00510937 0.36540398 52 55 13 2.000000
-0.03638987 -0.01375438 0.36152664 97 121 43 2.000000
-0.03837539 -0.01003293 0.36172476 93 112 40 2.000000
-0.04231922 -0.01988721 0.35921368 109 126 73 2.000000
-0.04329258 -0.02211092 0.35492444 94 109 16 2.000000
-0.04241945 -0.01576395 0.36051649 90 111 52 2.000000
-0.04780559 -0.00798927 0.36251038 44 52 13 2.000000
-0.04631129 -0.02307435 0.35532156 116 133 76 2.000000
-0.04668152 -0.02060088 0.35723367 97 111 63 2.000000
-0.04848810 -0.01946806 0.35648385 102 119 71 2.000000
-0.04710762 -0.01242027 0.36129379 92 106 51 2.000000
-0.04716639 -0.02220605 0.35290471 94 108 14 2.000000
-0.04768904 -0.02013701 0.35682824 100 116 67 2.000000
-0.05007765 -0.01366476 0.35617447 53 62 15 2.000000
-0.04474208 -0.01016182 0.36202049 87 107 55 2.000000
-0.04361649 -0.01847596 0.35936514 102 120 66 2.000000
-0.04742640 -0.01830943 0.35554051 75 89 25 2.000000
-0.04883637 -0.01754267 0.35722175 96 114 66 2.000000
-0.04849179 -0.01740384 0.35555956 69 90 17 2.000000
-0.04692941 -0.02411226 0.35425332 75 94 37 2.000000
-0.03955771 -0.01228607 0.36202940 78 103 51 2.000000
-0.04705799 -0.00911336 0.36275744 70 85 40 2.000000
-0.04692357 -0.01712906 0.35985768 94 110 62 2.000000
-0.03848929 -0.01663642 0.36104485 81 110 47 2.000000
-0.03922092 -0.00733715 0.36303684 77 107 44 2.000000
-0.04498491 -0.01657274 0.35740194 78 92 20 2.000000
-0.04694863 -0.00851043 0.36794001 45 59 18 2.000000
-0.04439841 -0.02404414 0.35556623 66 80 34 2.000000
-0.04262832 -0.02197489 0.35805339 110 131 77 2.000000
-0.04492650 -0.02388686 0.35550776 89 114 53 2.000000
-0.04580832 -0.01887661 0.35560682 76 92 30 2.000000
-0.04075101 -0.02246330 0.35762307 62 70 36 2.000000
-0.05075752 -0.00877081 0.36211705 48 62 20 2.000000
-0.04076100 -0.02144592 0.35888466 104 126 62 2.000000
-0.04388501 -0.01270649 0.35897604 71 89 33 2.000000
-0.04601779 -0.01671720 0.35721305 71 87 18 2.000000
-0.04545697 -0.00629571 0.36390647 40 53 8 2.000000
-0.04314735 -0.01200752 0.36137477 90 110 53 2.000000
-0.04883652 -0.02067826 0.35560042 104 122 73 2.000000
-0.05065140 -0.01241760 0.36021900 64 74 28 2.000000
-0.04607896 -0.00667806 0.36349386 38 54 3 2.000000
-0.04290173 -0.01763757 0.35996735 97 116 59 2.000000
-0.04370531 -0.02018577 0.35863805 103 122 69 2.000000
-0.05401931 -0.01128235 0.36358395 56 71 27 2.000000
-0.04427160 -0.01571121 0.36040771 85 108 50 2.000000
-0.04710939 -0.01809680 0.35590276 74 88 14 2.000000
-0.05380112 -0.01341477 0.35758036 42 53 19 2.000000
-0.04997617 -0.00864716 0.36410868 56 66 24 2.000000
-0.04123764 -0.00810199 0.36311346 81 104 53 2.000000
-0.04061120 -0.02070673 0.35711706 96 102 27 2.000000
-0.04390425 -0.00818928 0.36301738 71 91 43 2.000000
-0.04252345 -0.00456353 0.36585131 39 54 12 2.000000
-0.04893983 -0.00916425 0.36316842 70 84 43 2.000000
-0.05061182 -0.00791713 0.36339810 44 54 22 2.000000
-0.04993466 -0.01931160 0.35566792 113 126 82 2.000000
-0.04720303 -0.00677022 0.36393815 33 53 4 2.000000
-0.04559762 -0.01579813 0.36062273 91 109 58 2.000000
-0.03786230 -0.01772255 0.36047992 105 117 52 2.000000
-0.04547557 -0.02116349 0.35753486 90 108 58 2.000000
-0.04788477 -0.00875781 0.36771417 41 56 14 2.000000
-0.04628531 -0.01357027 0.35788956 64 80 33 2.000000
-0.04228932 -0.01875246 0.35976592 99 122 68 2.000000
-0.03918056 -0.00798626 0.36283785 83 107 42 2.000000
-0.04902014 -0.01668407 0.35756692 98 113 67 2.000000
-0.04814144 -0.01677948 0.35808286 96 112 66 2.000000
-0.04620189 -0.02209702 0.35320747 92 106 24 2.000000
-0.04413380 -0.01170571 0.36123198 83 109 52 2.000000
-0.05126087 -0.01586596 0.35627419 77 92 44 2.000000
-0.04279796 -0.00786781 0.36163992 44 57 20 2.000000
-0.05167713 -0.01261954 0.36080942 52 67 24 2.000000
-0.04924631 -0.01679768 0.35710737 101 114 69 2.000000
-0.04227228 -0.00954924 0.36220694 92 113 59 2.000000
-0.04244218 -0.02226654 0.35785398 108 130 73 2.000000
-0.04766491 -0.02047865 0.35634077 100 118 64 2.000000
-0.04655616 -0.00976634 0.36221188 80 94 41 2.000000
-0.04013505 -0.01469162 0.36136457 81 106 52 2.000000
-0.05215321 -0.01418831 0.35881835 55 71 28 2.000000
-0.04158426 -0.01116722 0.36186424 89 109 58 2.000000
-0.04369518 -0.00841158 0.36285618 79 95 49 2.000000
-0.04181083 -0.00755631 0.36345321 72 100 41 2.000000
-0.05048915 -0.01605138 0.35671535 82 96 45 2.000000
-0.05340958 -0.01306796 0.36146083 50 64 25 2.000000
-0.04975625 -0.00845962 0.36414498 58 68 24 2.000000
-0.04406597 -0.01011650 0.36182663 93 110 57 2.000000
-0.04842797 -0.00888303 0.36148870 50 65 17 2.000000
-0.04256273 -0.00607901 0.36304650 49 66 14 2.000000
-0.04974590 -0.00873586 0.36477613 55 62 16 2.000000
-0.04518747 -0.01540989 0.36070374 88 107 53 2.000000
-0.03767446 -0.01644465 0.36103538 86 109 50 2.000000
-0.04476373 -0.01291139 0.36109897 81 104 51 2.000000
-0.03971945 -0.00653963 0.36159277 58 78 38 2.000000
-0.04696887 -0.00781865 0.36444038 56 66 21 2.000000
-0.04539907 -0.00781740 0.36584815 42 58 15 2.000000
-0.05021167 -0.00878444 0.36441818 51 62 20 2.000000
-0.05276919 -0.01519125 0.35762331 68 82 40 2.000000
-0.04769135 -0.00768424 0.36291453 36 51 16 2.000000
-0.05283720 -0.01030295 0.36467606 51 65 23 2.000000
-0.04941555 -0.00874433 0.36673468 40 53 13 2.000000
-0.04582442 -0.02396688 0.35407689 48 64 26 2.000000
-0.04831019 -0.01942330 0.35681447 102 116 67 2.000000
-0.04773976 -0.02255793 0.35496712 111 131 74 2.000000
-0.04780262 -0.01978624 0.35699716 100 114 65 2.000000
-0.04840403 -0.02045340 0.35590321 106 120 68 2.000000
-0.04497713 -0.00473058 0.36642894 35 52 12 2.000000
-0.04704699 -0.02120978 0.35652325 99 117 65 2.000000
-0.05209368 -0.01297161 0.36066175 53 66 19 2.000000
-0.04670739 -0.01801814 0.35898742 94 109 62 2.000000
-0.04349697 -0.02281201 0.35718912 109 129 72 2.000000
-0.04764844 -0.00918426 0.36290997 74 85 42 2.000000
-0.04006115 -0.01656425 0.36102259 80 105 42 2.000000
-0.04573834 -0.01498693 0.35770163 69 85 25 2.000000
-0.03952727 -0.01860616 0.36042267 93 116 57 2.000000
-0.04422903 -0.02047299 0.35835195 102 122 68 2.000000
-0.05070424 -0.01632708 0.35420704 49 67 21 2.000000
-0.04456279 -0.00697928 0.36301401 39 54 5 2.000000
-0.04918508 -0.02056309 0.35549098 113 124 76 2.000000
-0.03928109 -0.01901558 0.36019731 87 119 63 2.000000
-0.05051789 -0.01842618 0.35578156 108 121 72 2.000000
-0.04536830 -0.00966212 0.36046606 59 73 19 2.000000
-0.05461811 -0.01191470 0.36188534 48 67 22 2.000000
-0.04095746 -0.01200541 0.36176872 90 111 55 2.000000
-0.04922177 -0.00863500 0.36511898 47 59 16 2.000000
-0.04766223 -0.00714788 0.36357877 36 56 4 2.000000
-0.04811177 -0.01073477 0.35960782 42 54 13 2.000000
-0.04432549 -0.00645068 0.36369181 39 57 14 2.000000
-0.04976813 -0.01880969 0.35584351 109 123 75 2.000000
-0.04144653 -0.00541564 0.36316812 57 65 16 2.000000
-0.04645098 -0.01842051 0.35875437 95 111 64 2.000000
-0.04837783 -0.01424523 0.35954493 100 112 62 2.000000
-0.04449339 -0.00968385 0.36213756 91 105 54 2.000000
-0.04011315 -0.00865256 0.36271998 82 109 44 2.000000
-0.04702746 -0.02027767 0.35727096 96 112 63 2.000000
-0.03869058 -0.01381552 0.36181730 78 95 40 2.000000
-0.04893149 -0.01104216 0.35941195 40 53 19 2.000000
-0.04811648 -0.01051234 0.36170423 78 91 44 2.000000
-0.05226720 -0.01387664 0.35965303 54 67 23 2.000000
-0.05186126 -0.01593542 0.35621235 81 99 52 2.000000
-0.04278834 -0.01727975 0.36017975 94 115 57 2.000000
-0.03703233 -0.01124970 0.36175090 99 114 52 2.000000
-0.05468031 -0.01219307 0.36079311 41 56 16 2.000000
-0.03926473 -0.02106133 0.35852402 70 85 42 2.000000
-0.03966894 -0.01259744 0.36196107 79 106 44 2.000000
-0.03991115 -0.00576505 0.36198586 49 58 28 2.000000
-0.04539010 -0.02208104 0.35697913 105 122 71 2.000000
-0.04241994 -0.01883326 0.35712588 81 96 22 2.000000
-0.04510872 -0.00724198 0.36255750 38 50 9 2.000000
-0.04607463 -0.01948698 0.35468191 89 101 33 2.000000
-0.04957372 -0.00850765 0.36549294 45 58 15 2.000000
-0.04607093 -0.00769654 0.36434808 54 69 25 2.000000
-0.04241065 -0.02243637 0.35762337 110 130 71 2.000000
-0.04536667 -0.00915157 0.36246520 85 97 50 2.000000
-0.04106152 -0.00693209 0.36386743 86 104 57 2.000000
-0.04391509 -0.01885474 0.35636503 90 98 31 2.000000
-0.04245564 -0.01311418 0.36124420 84 109 52 2.000000
-0.04489972 -0.00820729 0.36318871 77 92 48 2.000000
-0.05163715 -0.00811106 0.36380115 47 54 25 2.000000
-0.04205542 -0.00513355 0.36431971 51 67 9 2.000000
-0.04469079 -0.01696884 0.35992980 95 110 58 2.000000
-0.04812616 -0.00882072 0.36801296 45 60 13 2.000000
-0.03729745 -0.01362684 0.36175361 90 101 35 2.000000
-0.04133403 -0.00765983 0.36340171 75 99 46 2.000000
-0.03992059 -0.01322105 0.36175704 85 107 52 2.000000
-0.05131057 -0.00795627 0.36370867 42 54 20 2.000000
-0.05070878 -0.01366975 0.35608199 55 62 10 2.000000
-0.04822178 -0.02167472 0.35522521 109 126 71 2.000000
-0.03903662 -0.01783424 0.36072958 92 113 57 2.000000
-0.03845814 -0.01731832 0.36092281 88 111 50 2.000000
-0.04698037 -0.01867154 0.35535190 76 92 19 2.000000
-0.04182478 -0.00801680 0.36316118 82 102 49 2.000000
-0.04602863 -0.00838083 0.36161467 47 65 10 2.000000
-0.05182733 -0.01248548 0.36122927 54 67 23 2.000000
-0.04632491 -0.00653658 0.36368218 36 53 13 2.000000
-0.05029477 -0.00805399 0.36311290 47 56 23 2.000000
-0.04123944 -0.01499470 0.36092928 91 110 55 2.000000
-0.04105425 -0.02234925 0.35798115 80 91 53 2.000000
-0.04419672 -0.02398443 0.35592461 93 105 44 2.000000
-0.03721893 -0.01270055 0.36189190 80 109 35 2.000000
-0.04000723 -0.00790098 0.36299920 82 106 44 2.000000
-0.04418606 -0.00888492 0.36113298 52 65 10 2.000000
-0.04873150 -0.01167264 0.35824725 58 74 26 2.000000
-0.05035383 -0.00955870 0.36372155 53 63 22 2.000000
-0.04102723 -0.01610085 0.36073563 91 111 55 2.000000
-0.05350020 -0.01148293 0.36320364 48 68 18 2.000000
-0.04950374 -0.01002618 0.36218691 69 79 40 2.000000
-0.03747514 -0.01613841 0.36100966 97 119 47 2.000000
-0.04694431 -0.01569112 0.35700193 72 83 18 2.000000
-0.04362758 -0.01674103 0.36006832 94 113 55 2.000000
-0.04929060 -0.01581002 0.35534978 66 75 22 2.000000
-0.04327374 -0.00538904 0.36462080 48 62 14 2.000000
-0.04151112 -0.02172596 0.35866269 105 129 67 2.000000
-0.04457450 -0.02346007 0.35447901 46 65 25 2.000000
-0.04407524 -0.02190418 0.35745549 106 123 72 2.000000
-0.04098653 -0.00645854 0.36211106 49 55 22 2.000000
-0.04523057 -0.00655108 0.36357784 41 54 11 2.000000
-0.04373065 -0.00669741 0.36522955 54 70 22 2.000000
-0.05277951 -0.01577817 0.35675830 58 77 33 2.000000
-0.04498822 -0.00642688 0.36375177 37 57 4 2.000000
-0.04834579 -0.00667912 0.36413985 41 54 5 2.000000
-0.05116206 -0.00913956 0.36475748 48 60 13 2.000000
-0.04322678 -0.01925037 0.35913002 108 123 68 2.000000
-0.04282902 -0.00800636 0.36311668 79 97 44 2.000000
-0.04347215 -0.00909270 0.36241496 96 114 59 2.000000
-0.04894426 -0.00867071 0.36483240 48 62 21 2.000000
-0.04854922 -0.01601504 0.35839769 95 108 65 2.000000
-0.04586319 -0.02055803 0.35767582 86 106 57 2.000000
-0.04370426 -0.00638880 0.36366704 42 58 7 2.000000
-0.04533646 -0.01817319 0.35940602 94 109 61 2.000000
-0.04700342 -0.02228802 0.35540596 112 129 77 2.000000
-0.04193828 -0.02316516 0.35702726 61 70 44 2.000000
-0.04857535 -0.02052638 0.35571405 106 120 71 2.000000
-0.05275695 -0.01090752 0.36355892 44 60 17 2.000000
-0.05248167 -0.01177644 0.36250952 50 64 17 2.000000
-0.04704398 -0.01659509 0.35673514 71 85 15 2.000000
-0.04315553 -0.01996411 0.35883158 107 126 69 2.000000
-0.04653758 -0.00810038 0.36912689 45 61 19 2.000000
-0.04850421 -0.01395666 0.35972464 96 108 63 2.000000
-0.04501582 -0.01507834 0.35790816 69 90 25 2.000000
-0.04894999 -0.01838666 0.35676914 100 115 71 2.000000
-0.04131740 -0.00605686 0.36268154 43 57 14 2.000000
-0.04142662 -0.01286961 0.36151460 86 112 55 2.000000
-0.04636159 -0.01665130 0.36042559 91 110 61 2.000000
-0.04863292 -0.01084223 0.35959068 42 54 17 2.000000
-0.04638924 -0.00872526 0.36132294 53 66 8 2.000000
-0.04222480 -0.00821705 0.36291879 90 108 64 2.000000
-0.04565569 -0.00710638 0.36289564 35 53 9 2.000000
-0.03881554 -0.01628959 0.36114565 82 107 41 2.000000
-0.04517774 -0.01007847 0.36211127 86 100 53 2.000000
-0.05201103 -0.01399080 0.35935584 55 70 25 2.000000
-0.04901199 -0.01117517 0.36118025 74 86 37 2.000000
-0.04196678 -0.00494972 0.36479026 55 65 19 2.000000
-0.04536037 -0.00565417 0.36472020 35 54 4 2.000000
-0.04485120 -0.01533638 0.36066157 89 103 57 2.000000
-0.05097928 -0.00705260 0.36484134 48 56 17 2.000000
-0.04375853 -0.02367051 0.35534218 50 60 32 2.000000
-0.05504116 -0.01395837 0.36003622 58 75 26 2.000000
-0.03936175 -0.01021333 0.36233988 82 108 40 2.000000
-0.04834190 -0.01502257 0.35902640 101 114 64 2.000000
-0.04439049 -0.00499776 0.36563805 40 54 14 2.000000
-0.04759633 -0.00997812 0.36051509 42 58 11 2.000000
-0.04745948 -0.01905351 0.35753337 93 109 61 2.000000
-0.04659242 -0.01324717 0.36106503 96 108 55 2.000000
-0.04307470 -0.02082865 0.35860077 109 128 72 2.000000
-0.04946968 -0.00802474 0.36288354 48 56 17 2.000000
-0.03961555 -0.00540456 0.36207390 48 60 20 2.000000
-0.04254261 -0.01068283 0.36181882 88 114 58 2.000000
-0.04720211 -0.00749538 0.36307597 42 54 7 2.000000
-0.04710769 -0.00867860 0.36170706 52 63 19 2.000000
-0.04303513 -0.01893823 0.35929647 104 124 66 2.000000
-0.03760361 -0.01574127 0.36118463 78 109 43 2.000000
-0.04850348 -0.01759637 0.35530773 79 92 21 2.000000
-0.03876921 -0.00768575 0.36164218 67 90 30 2.000000
-0.04547580 -0.00596123 0.36436558 32 54 7 2.000000
-0.05257531 -0.01407923 0.35952213 53 67 21 2.000000
-0.05066858 -0.01561376 0.35688886 74 91 43 2.000000
-0.04270253 -0.00881687 0.36255410 90 113 58 2.000000
-0.04039713 -0.00682546 0.36158499 69 79 17 2.000000
-0.04446785 -0.02154553 0.35762697 103 121 68 2.000000
-0.04908741 -0.00726814 0.36375389 37 51 20 2.000000
-0.04247071 -0.00735772 0.36194125 41 50 9 2.000000
-0.04543873 -0.02270700 0.35360792 86 109 12 2.000000
-0.04229271 -0.00717079 0.36473304 62 82 36 2.000000
-0.04773230 -0.01618961 0.35919708 101 117 66 2.000000
-0.04018062 -0.00584119 0.36204585 44 64 22 2.000000
-0.03915150 -0.00748535 0.36145175 51 58 41 2.000000
-0.04896858 -0.01311319 0.36025965 88 100 45 2.000000
-0.04194728 -0.01319397 0.36133283 89 110 55 2.000000
-0.04082619 -0.02012086 0.35953102 97 122 63 2.000000
-0.04417697 -0.02122192 0.35780856 105 120 69 2.000000
-0.04653123 -0.00675251 0.36356783 40 55 7 2.000000
-0.04094270 -0.01304404 0.36158314 86 110 62 2.000000
-0.04703240 -0.00787577 0.36259019 37 49 10 2.000000
-0.04614972 -0.02263755 0.35586560 110 127 76 2.000000
-0.04254261 -0.00516519 0.36485463 47 68 18 2.000000
-0.04933618 -0.01264528 0.36024624 80 91 47 2.000000
-0.04437617 -0.01728453 0.35987782 98 113 62 2.000000
-0.04470271 -0.00724758 0.36490828 51 65 21 2.000000
-0.04826545 -0.00987364 0.36220717 75 88 38 2.000000
-0.03775078 -0.01291836 0.36199790 81 108 42 2.000000
-0.04602417 -0.01506969 0.35755143 65 83 27 2.000000
-0.04186141 -0.02297039 0.35737345 80 85 42 2.000000
-0.04431833 -0.02348245 0.35632572 104 127 71 2.000000
-0.04776217 -0.01158088 0.35828352 78 84 22 2.000000
-0.04288898 -0.02179606 0.35800099 113 131 76 2.000000
-0.04517017 -0.00541202 0.36501563 31 53 5 2.000000
-0.03957075 -0.00779046 0.36298233 82 107 42 2.000000
-0.05144401 -0.01395031 0.35818937 63 77 32 2.000000
-0.04378612 -0.01715264 0.36002815 94 113 54 2.000000
-0.05087530 -0.01050839 0.36307964 55 65 22 2.000000
-0.04907525 -0.01004728 0.36208162 76 87 40 2.000000
-0.04383989 -0.02311412 0.35669231 111 131 76 2.000000
-0.04053454 -0.00564075 0.36237451 40 59 16 2.000000
-0.04144117 -0.02307410 0.35669598 49 60 33 2.000000
-0.04245871 -0.00704676 0.36519238 55 76 30 2.000000
-0.04811422 -0.02185035 0.35511172 111 126 72 2.000000
-0.05222242 -0.01109374 0.36294651 48 62 16 2.000000
-0.04710012 -0.00695390 0.36378396 40 54 8 2.000000
-0.04791769 -0.01157635 0.36123690 91 99 54 2.000000
-0.05173900 -0.01394325 0.35828525 63 75 28 2.000000
-0.04493056 -0.01118940 0.36161953 89 104 52 2.000000
-0.04843327 -0.00740299 0.36344674 38 53 15 2.000000
-0.04900049 -0.01705849 0.35500801 81 82 25 2.000000
-0.04597235 -0.00939043 0.36083877 47 63 13 2.000000
-0.04258046 -0.00498959 0.36524534 50 60 17 2.000000
-0.04989461 -0.01226667 0.36027563 74 84 35 2.000000
-0.05067066 -0.01765471 0.35614437 96 108 64 2.000000
-0.05143265 -0.01558108 0.35681295 80 93 48 2.000000
-0.04345961 -0.02037984 0.35862648 108 124 70 2.000000
-0.04340455 -0.02341138 0.35654467 92 114 55 2.000000
-0.04161835 -0.02321788 0.35648727 55 56 30 2.000000
-0.04048376 -0.01666295 0.36081356 86 111 55 2.000000
-0.04422353 -0.00957251 0.36213896 85 107 53 2.000000
-0.03884240 -0.02055086 0.35917637 71 80 41 2.000000
-0.04491175 -0.01154199 0.36137235 82 105 48 2.000000
-0.04353309 -0.00534852 0.36474037 50 60 12 2.000000
-0.04304746 -0.01970823 0.35897884 107 125 71 2.000000
-0.04058938 -0.00635602 0.36188683 47 64 32 2.000000
-0.04590572 -0.01904402 0.35858449 94 110 62 2.000000
-0.05476082 -0.01074555 0.36318225 51 57 28 2.000000
-0.04943733 -0.00759261 0.36350623 44 54 13 2.000000
-0.03983081 -0.00502312 0.36233604 47 62 14 2.000000
-0.04645073 -0.01020503 0.36207741 83 99 50 2.000000
-0.04938803 -0.00874813 0.36623242 44 55 13 2.000000
-0.04795704 -0.02209843 0.35507399 111 127 73 2.000000
-0.04299153 -0.01789086 0.35969731 99 117 64 2.000000
-0.05375231 -0.01512890 0.35847586 54 71 23 2.000000
-0.05255653 -0.01308230 0.36079130 53 65 21 2.000000
-0.04628056 -0.01560319 0.36076012 96 110 62 2.000000
-0.04413172 -0.00689351 0.36453333 55 70 27 2.000000
-0.04296047 -0.01066383 0.36030823 63 87 24 2.000000
-0.04727008 -0.02343640 0.35473728 114 132 77 2.000000
-0.05082579 -0.00763605 0.36395276 44 51 21 2.000000
-0.05005528 -0.01584653 0.35724127 90 101 54 2.000000
-0.04795843 -0.01321746 0.36102352 93 107 50 2.000000
-0.04372144 -0.00799216 0.36339855 82 99 50 2.000000
-0.04516193 -0.02263745 0.35647053 111 131 75 2.000000
-0.04851471 -0.00903734 0.36317214 71 86 43 2.000000
-0.04280726 -0.00703323 0.36583281 59 77 38 2.000000
-0.04171206 -0.02265901 0.35796016 103 123 66 2.000000
-0.04008562 -0.00617933 0.36179966 68 70 27 2.000000
-0.04865851 -0.00883421 0.36345583 75 85 43 2.000000
-0.04111189 -0.00604128 0.36260054 44 57 11 2.000000
-0.04872430 -0.00773959 0.36287385 39 53 16 2.000000
-0.04883860 -0.01274486 0.35705021 57 80 13 2.000000
-0.04134879 -0.01459461 0.36101693 86 112 52 2.000000
-0.04298868 -0.01713407 0.36018264 98 112 60 2.000000
-0.04228102 -0.02333387 0.35674155 61 69 39 2.000000
-0.04423534 -0.01502976 0.36062089 86 105 50 2.000000
-0.04206644 -0.01128593 0.36177534 91 113 51 2.000000
-0.04080576 -0.00674316 0.36180678 66 69 14 2.000000
-0.04358793 -0.00516377 0.36528909 43 59 20 2.000000
-0.05302929 -0.01267108 0.36164188 47 64 22 2.000000
-0.04419586 -0.02376835 0.35618988 106 125 64 2.000000
-0.04307656 -0.02160912 0.35514849 98 111 21 2.000000
-0.04627570 -0.00774627 0.36232394 33 51 6 2.000000
-0.04430220 -0.00692114 0.36480275 50 68 25 2.000000
-0.04113468 -0.00509110 0.36338395 51 65 14 2.000000
-0.04713979 -0.00983604 0.36216721 73 92 36 2.000000
-0.05193185 -0.01576908 0.35663128 78 92 52 2.000000
-0.03670757 -0.01274539 0.36177391 87 114 57 2.000000
-0.04210102 -0.00903863 0.36248013 89 114 52 2.000000
-0.04619419 -0.02146608 0.35692817 95 112 66 2.000000
-0.05029627 -0.01011004 0.36298507 56 65 26 2.000000
-0.05155256 -0.01143687 0.36242971 55 66 22 2.000000
-0.05173399 -0.00818221 0.36351374 54 60 23 2.000000
-0.04224265 -0.02250410 0.35775360 109 130 71 2.000000
-0.04094465 -0.01933422 0.35987347 100 122 61 2.000000
-0.04734827 -0.00891007 0.36317283 77 87 45 2.000000
-0.05162558 -0.01352906 0.35645062 56 62 23 2.000000
-0.04762184 -0.01509406 0.36071888 99 115 58 2.000000
-0.04321330 -0.00748602 0.36202106 39 56 8 2.000000
-0.05084611 -0.00784819 0.36362252 45 53 20 2.000000
-0.04717058 -0.01172825 0.35833600 70 86 31 2.000000
-0.04814443 -0.00864662 0.36602390 39 53 16 2.000000
-0.04181082 -0.00945821 0.36238077 91 112 57 2.000000
-0.04664486 -0.00783094 0.36437938 53 67 21 2.000000
-0.04417956 -0.00927179 0.36226648 90 107 60 2.000000
-0.04585994 -0.00866363 0.36305609 77 93 43 2.000000
-0.05304215 -0.01436133 0.35931051 49 66 23 2.000000
-0.04439076 -0.00940604 0.36071685 63 72 21 2.000000
-0.03895524 -0.01867258 0.36035809 94 121 49 2.000000
-0.04436068 -0.01816841 0.35695913 80 99 16 2.000000
-0.04806406 -0.00771393 0.36288866 35 53 10 2.000000
-0.04790303 -0.01883857 0.35742190 96 111 61 2.000000
-0.04643727 -0.02340278 0.35511866 114 136 72 2.000000
-0.04347743 -0.01932842 0.35899886 105 121 71 2.000000
-0.04794386 -0.01010704 0.36023852 41 54 15 2.000000
-0.04971412 -0.01689476 0.35714495 97 110 67 2.000000
-0.05030335 -0.01118045 0.36166072 61 73 29 2.000000
-0.04209508 -0.01248337 0.35966837 78 83 38 2.000000
-0.04628745 -0.00805366 0.36622813 43 55 17 2.000000
-0.03880586 -0.01966510 0.35984197 109 119 48 2.000000
-0.03643773 -0.01375863 0.36143127 97 121 45 2.000000
-0.04236521 -0.00798692 0.36159009 45 60 16 2.000000
-0.04235497 -0.00661460 0.36688155 56 74 37 2.000000
-0.05087078 -0.01070931 0.36281943 52 67 21 2.000000
-0.05089951 -0.00837870 0.36260006 53 59 18 2.000000
-0.05086073 -0.01364143 0.35823825 79 86 42 2.000000
-0.04503061 -0.00782558 0.36378458 66 79 38 2.000000
-0.04988773 -0.00793637 0.36317235 43 54 20 2.000000
-0.05006678 -0.00785629 0.36335504 46 52 20 2.000000
-0.04106132 -0.02198691 0.35652992 79 97 27 2.000000
-0.04891461 -0.00755681 0.36335859 44 53 17 2.000000
-0.04150158 -0.02032062 0.35917285 106 128 67 2.000000
-0.04219999 -0.00575835 0.36310455 55 64 10 2.000000
-0.04677283 -0.01846834 0.35574892 77 91 22 2.000000
-0.04671766 -0.02204690 0.35601765 109 126 75 2.000000
-0.04745008 -0.00854503 0.36185020 57 62 18 2.000000
-0.05214534 -0.01345889 0.36016062 50 67 23 2.000000
-0.04737025 -0.01730578 0.35614663 76 85 25 2.000000
-0.03896855 -0.00887829 0.36261186 86 108 48 2.000000
-0.04057855 -0.01964573 0.35766736 72 92 16 2.000000
-0.03927486 -0.01326354 0.36183563 78 104 35 2.000000
-0.04090538 -0.01752384 0.36044338 97 116 63 2.000000
-0.04634757 -0.02094378 0.35343531 88 106 23 2.000000
-0.04818499 -0.01546825 0.35627559 58 78 21 2.000000
-0.03931782 -0.01077105 0.36221933 73 107 43 2.000000
-0.04646617 -0.00704858 0.36330876 46 53 7 2.000000
-0.04120493 -0.00831725 0.36143416 71 84 23 2.000000
-0.04315977 -0.00697622 0.36526600 57 72 26 2.000000
-0.04143257 -0.01794870 0.36017787 96 119 61 2.000000
-0.05121417 -0.01675296 0.35580069 83 100 53 2.000000
-0.04556647 -0.00926650 0.36245421 81 97 49 2.000000
-0.04267416 -0.00778411 0.36346391 78 102 47 2.000000
-0.05324438 -0.01075837 0.36419171 43 61 13 2.000000
-0.04668507 -0.01361856 0.36105683 94 110 55 2.000000
-0.04076049 -0.00796783 0.36313668 84 105 46 2.000000
-0.04182399 -0.02278001 0.35784510 106 122 66 2.000000
-0.04765378 -0.00824323 0.36221507 51 56 20 2.000000
-0.04370822 -0.00789863 0.36356235 84 99 56 2.000000
-0.04656730 -0.01876394 0.35820085 92 110 62 2.000000
-0.05261815 -0.01208987 0.36217001 49 65 23 2.000000
-0.04703200 -0.00690459 0.36377850 41 54 7 2.000000
-0.04094622 -0.00480122 0.36381578 51 64 18 2.000000
-0.04868457 -0.01605602 0.35570669 67 81 23 2.000000
-0.04786371 -0.01492796 0.36054382 100 115 60 2.000000
-0.05012442 -0.01691691 0.35682434 94 107 60 2.000000
-0.04350422 -0.01488470 0.35831404 74 91 26 2.000000
-0.03977529 -0.01098161 0.36215585 83 104 39 2.000000
-0.04268645 -0.01828909 0.35725659 88 101 20 2.000000
-0.04517287 -0.00674739 0.36332518 41 53 8 2.000000
-0.04595001 -0.02170420 0.35697132 94 112 62 2.000000
-0.04535385 -0.00940418 0.36070043 45 60 10 2.000000
-0.04983275 -0.01425853 0.35591185 47 70 9 2.000000
-0.04195702 -0.02279118 0.35770530 102 119 54 2.000000
-0.04680941 -0.02366455 0.35357615 43 60 32 2.000000
-0.04464168 -0.01876212 0.35917181 102 119 64 2.000000
-0.04758504 -0.01778246 0.35579196 75 88 16 2.000000
-0.05186956 -0.01377444 0.35954976 53 69 27 2.000000
-0.04471266 -0.02411552 0.35573745 97 123 54 2.000000
-0.04338795 -0.01377047 0.36083695 87 107 50 2.000000
-0.04982457 -0.00735296 0.36393443 36 55 15 2.000000
-0.05455656 -0.01357673 0.36049289 62 74 33 2.000000
-0.04329873 -0.00672429 0.36290178 46 62 12 2.000000
-0.04330852 -0.00556834 0.36435682 44 61 7 2.000000
-0.04184330 -0.00486900 0.36500710 47 63 19 2.000000
-0.04992556 -0.01367834 0.35915974 79 90 45 2.000000
-0.04284986 -0.00556168 0.36415222 47 65 13 2.000000
-0.04359156 -0.00675077 0.36508307 57 69 24 2.000000
-0.04909940 -0.01434067 0.35908872 92 104 58 2.000000
-0.04273889 -0.01978514 0.35909575 108 126 71 2.000000
-0.03990985 -0.02145006 0.35888880 76 96 42 2.000000
-0.04690209 -0.00836492 0.36187568 52 64 22 2.000000
-0.04108554 -0.02045835 0.35921049 102 123 67 2.000000
-0.04995153 -0.01606457 0.35731369 91 101 60 2.000000
-0.05019061 -0.01243859 0.36012506 67 80 34 2.000000
-0.04047006 -0.00493919 0.36293286 46 58 16 2.000000
-0.04680458 -0.01802738 0.35874131 92 110 64 2.000000
-0.04631616 -0.00729521 0.36293459 40 50 9 2.000000
-0.05390388 -0.01355051 0.36094970 55 75 23 2.000000
-0.05022211 -0.01468409 0.35545269 41 67 15 2.000000
-0.04885662 -0.00686573 0.36411503 41 55 6 2.000000
-0.05006067 -0.01040740 0.36216751 60 73 26 2.000000
-0.04504265 -0.01070846 0.36190030 83 104 50 2.000000
-0.04670114 -0.01402792 0.36100450 95 110 59 2.000000
-0.05464970 -0.01243102 0.36111963 49 58 20 2.000000
-0.04529694 -0.00504895 0.36560479 31 53 8 2.000000
-0.04860147 -0.00953029 0.36068332 52 60 18 2.000000
-0.04512242 -0.02314596 0.35393688 73 85 27 2.000000
-0.05028920 -0.01151993 0.36147118 63 75 32 2.000000
-0.04378580 -0.01761070 0.35989633 94 113 58 2.000000
-0.04579253 -0.01023232 0.36214989 84 101 50 2.000000
-0.05355862 -0.01121560 0.36363983 49 64 18 2.000000
-0.04803292 -0.02112267 0.35576874 108 124 70 2.000000
-0.04291948 -0.02014766 0.35610363 89 94 26 2.000000
-0.05100777 -0.01312463 0.35973546 63 71 29 2.000000
-0.05039054 -0.01717960 0.35383481 58 72 27 2.000000
-0.04337760 -0.01735753 0.35745454 83 96 26 2.000000
-0.05045735 -0.00825742 0.36275357 46 60 25 2.000000
-0.04395211 -0.00653283 0.36348438 43 58 7 2.000000
-0.05039406 -0.01359909 0.35850549 82 93 48 2.000000
-0.05035292 -0.01440240 0.35781443 76 90 42 2.000000
-0.04956210 -0.01344231 0.35644472 54 67 22 2.000000
-0.04144672 -0.00706493 0.36406729 79 103 56 2.000000
-0.04238327 -0.00564620 0.36340624 59 72 9 2.000000
-0.04320873 -0.02362081 0.35613090 58 66 39 2.000000
-0.04082208 -0.01568372 0.36090904 89 111 52 2.000000
-0.04970181 -0.01600153 0.35756770 92 104 60 2.000000
-0.04016182 -0.01869625 0.36026585 91 115 57 2.000000
-0.03907524 -0.02050558 0.35852283 91 102 30 2.000000
-0.04198785 -0.02061431 0.35898808 110 129 74 2.000000
-0.04226872 -0.01519652 0.36067235 89 110 51 2.000000
-0.03966725 -0.00705200 0.36330426 76 101 46 2.000000
-0.04453115 -0.00709003 0.36506763 51 61 27 2.000000
-0.05284172 -0.01273154 0.36142248 49 65 19 2.000000
-0.04371972 -0.00577573 0.36432147 45 57 2 2.000000
-0.04882371 -0.01622608 0.35546267 74 74 30 2.000000
-0.04438557 -0.01001253 0.36199737 89 106 56 2.000000
-0.04633450 -0.00598633 0.36437076 30 52 5 2.000000
-0.04738253 -0.01768518 0.35836804 96 112 65 2.000000
-0.04026740 -0.02146896 0.35748750 80 96 26 2.000000
-0.05428216 -0.01317922 0.36136821 63 76 29 2.000000
-0.05327073 -0.01435189 0.35956591 48 64 19 2.000000
-0.03868430 -0.01194910 0.36208263 92 116 45 2.000000
-0.05156378 -0.01287651 0.36045676 53 68 20 2.000000
-0.04509674 -0.01795658 0.35954493 93 111 60 2.000000
-0.05099585 -0.01114931 0.36238989 58 66 26 2.000000
-0.04833397 -0.01594385 0.35603034 69 80 20 2.000000
-0.04552579 -0.01164174 0.35899016 75 91 34 2.000000
-0.04457397 -0.00588119 0.36441416 39 51 14 2.000000
-0.04174593 -0.00685909 0.36516276 64 83 36 2.000000
-0.04804559 -0.00896656 0.36143216 53 63 20 2.000000
-0.04149454 -0.00765594 0.36166754 55 69 15 2.000000
-0.04790254 -0.00741561 0.36334217 40 54 15 2.000000
-0.03971097 -0.01333883 0.36173704 81 106 49 2.000000
-0.03871338 -0.01070035 0.36215857 92 115 56 2.000000
-0.04306416 -0.01735751 0.36008698 98 113 58 2.000000
-0.04442923 -0.00554821 0.36466897 43 51 17 2.000000
-0.04170799 -0.02240796 0.35815266 107 127 69 2.000000
-0.04439499 -0.01384633 0.36089528 83 107 46 2.000000
-0.04075727 -0.01652426 0.36073011 93 111 53 2.000000
-0.04982732 -0.01476822 0.35812807 85 96 48 2.000000
-0.04787206 -0.01499808 0.36023331 96 116 59 2.000000
-0.04130236 -0.00893010 0.36126941 78 79 36 2.000000
-0.04859808 -0.01656780 0.35550025 74 82 25 2.000000
-0.04747555 -0.00869908 0.36806622 45 59 18 2.000000
-0.03950461 -0.00615688 0.36379719 81 101 43 2.000000
-0.05153118 -0.01586613 0.35619798 79 94 42 2.000000
-0.04584424 -0.00977584 0.36057785 49 59 21 2.000000
-0.04418802 -0.01693687 0.35995933 92 111 61 2.000000
-0.04182868 -0.00722514 0.36424628 74 95 47 2.000000
-0.04139768 -0.00493011 0.36410040 47 64 15 2.000000
-0.04622748 -0.00458091 0.36687404 35 47 7 2.000000
-0.03766269 -0.01704226 0.36037970 107 120 32 2.000000
-0.04803847 -0.01665163 0.35832962 95 110 67 2.000000
-0.04514284 -0.01378537 0.36094892 86 106 54 2.000000
-0.04450332 -0.02255582 0.35409814 100 110 31 2.000000
-0.04823733 -0.02089030 0.35568172 107 123 68 2.000000
-0.04496485 -0.02367632 0.35435584 50 60 38 2.000000
-0.04976332 -0.01354535 0.35930860 80 90 47 2.000000
-0.04515459 -0.02224668 0.35688978 109 124 76 2.000000
-0.04295805 -0.02240180 0.35744363 111 129 72 2.000000
-0.04419234 -0.01974492 0.35881144 101 118 67 2.000000
-0.04448422 -0.01293261 0.35856819 77 90 30 2.000000
-0.04148227 -0.02224873 0.35820046 102 129 60 2.000000
-0.04508178 -0.01761196 0.35708383 79 90 21 2.000000
-0.04735504 -0.00799016 0.36454809 50 62 21 2.000000
-0.05024091 -0.01205622 0.36066875 69 80 33 2.000000
-0.04472851 -0.00526038 0.36515632 36 53 8 2.000000
-0.04063731 -0.02220065 0.35798851 65 73 47 2.000000
-0.04379499 -0.00897230 0.36112088 50 61 24 2.000000
-0.04872608 -0.01194834 0.35784104 66 80 17 2.000000
-0.04152581 -0.01607759 0.36059737 91 113 52 2.000000
-0.04734044 -0.01541681 0.35678172 68 78 25 2.000000
-0.04843142 -0.01330850 0.36079919 91 107 54 2.000000
-0.04476946 -0.01976675 0.35852167 99 115 61 2.000000
-0.04078241 -0.00879797 0.36120132 64 90 13 2.000000
-0.04325188 -0.00698357 0.36262336 47 60 8 2.000000
-0.04471184 -0.01076519 0.35984930 73 83 23 2.000000
-0.04902424 -0.01792011 0.35461426 77 94 30 2.000000
-0.04886553 -0.00811507 0.36237496 45 60 23 2.000000
-0.05275315 -0.01497077 0.35808223 64 77 33 2.000000
-0.03668011 -0.01338012 0.36167610 88 107 45 2.000000
-0.04900672 -0.00788782 0.36281624 40 55 17 2.000000
-0.04679170 -0.01925890 0.35778138 89 108 58 2.000000
-0.04687213 -0.00723401 0.36322647 44 54 8 2.000000
-0.04763000 -0.00756660 0.36307746 42 54 16 2.000000
-0.04740260 -0.02400624 0.35417157 94 111 40 2.000000
-0.05273389 -0.01065376 0.36385137 41 59 15 2.000000
-0.04754230 -0.01558817 0.35661659 67 80 25 2.000000
-0.05260569 -0.01102079 0.36330050 44 61 14 2.000000
-0.03974396 -0.02172460 0.35846108 73 77 39 2.000000
-0.04527433 -0.00822071 0.36326143 74 91 41 2.000000
-0.04149418 -0.01947584 0.35971063 102 124 68 2.000000
-0.04497407 -0.00764598 0.36568803 40 61 15 2.000000
-0.04306378 -0.01681075 0.36021432 97 112 59 2.000000
-0.04816583 -0.01477651 0.35942557 101 113 68 2.000000
-0.04967848 -0.01970681 0.35565120 113 126 80 2.000000
-0.04707988 -0.02166108 0.35602885 109 124 73 2.000000
-0.04649818 -0.00836132 0.36171776 57 67 15 2.000000
-0.05262003 -0.00820126 0.36418971 49 56 23 2.000000
-0.04246858 -0.01363544 0.36104909 86 108 54 2.000000
-0.05010507 -0.01808759 0.35607609 106 120 73 2.000000
-0.04085941 -0.00844031 0.36288434 84 107 50 2.000000
-0.04442777 -0.01805511 0.35961950 96 115 64 2.000000
-0.04445589 -0.00722871 0.36443743 53 71 29 2.000000
-0.05463017 -0.01241638 0.36141866 56 65 21 2.000000
-0.04834834 -0.01879677 0.35718420 97 114 65 2.000000
-0.04776525 -0.00674514 0.36408192 34 54 7 2.000000
-0.04840250 -0.02010761 0.35617480 103 120 69 2.000000
-0.04316584 -0.01769485 0.35990438 101 115 60 2.000000
-0.05176038 -0.01626756 0.35584399 76 90 43 2.000000
-0.04073119 -0.00621390 0.36557811 67 88 46 2.000000
-0.04677221 -0.02028843 0.35734567 95 111 61 2.000000
-0.03856316 -0.00734428 0.36253145 100 123 75 2.000000
-0.05456966 -0.01101597 0.36224657 43 52 20 2.000000
-0.05021517 -0.00698037 0.36452237 40 57 16 2.000000
-0.03898669 -0.01063337 0.36109740 72 88 31 2.000000
-0.04683285 -0.02300624 0.35508832 116 133 75 2.000000
-0.04879094 -0.01087735 0.36131519 76 86 41 2.000000
-0.04839326 -0.02249376 0.35457760 111 127 69 2.000000
-0.03865163 -0.01926735 0.36000448 101 118 54 2.000000
-0.05045638 -0.00766143 0.36380994 34 52 17 2.000000
-0.03851584 -0.01038884 0.36216012 95 118 58 2.000000
-0.04459373 -0.00438854 0.36693317 38 53 12 2.000000
-0.04321901 -0.00863747 0.36264729 92 108 59 2.000000
-0.04699947 -0.01442336 0.35723069 59 78 21 2.000000
-0.05207516 -0.00822848 0.36385438 48 59 21 2.000000
-0.04655665 -0.02406225 0.35399917 61 70 31 2.000000
-0.04868650 -0.01897758 0.35662669 103 118 70 2.000000
-0.04769864 -0.02176219 0.35542312 111 126 71 2.000000
-0.04089662 -0.00944759 0.36240321 88 108 54 2.000000
-0.04504656 -0.01850040 0.35926330 91 111 59 2.000000
-0.03977905 -0.01664193 0.36111337 80 104 43 2.000000
-0.04774911 -0.02138464 0.35575432 106 123 71 2.000000
-0.04757903 -0.00689229 0.36385509 39 55 8 2.000000
-0.03924312 -0.00600621 0.36180964 62 69 34 2.000000
-0.05290496 -0.01197431 0.36243677 48 64 19 2.000000
-0.04123863 -0.01857961 0.36007455 100 118 68 2.000000
-0.05293591 -0.01054117 0.36406526 41 59 12 2.000000
-0.04795484 -0.02023945 0.35624826 102 116 72 2.000000
-0.04759683 -0.01366956 0.36104089 94 109 59 2.000000
-0.04602354 -0.00890065 0.36112744 51 62 11 2.000000
-0.04992852 -0.00999066 0.36237147 62 72 28 2.000000
-0.05199672 -0.01201335 0.36207804 52 67 23 2.000000
-0.05094237 -0.01499032 0.35733545 81 95 49 2.000000
-0.05360625 -0.01380688 0.36051065 48 71 19 2.000000
-0.04250465 -0.02264983 0.35559323 80 88 26 2.000000
-0.04167070 -0.01901431 0.35986009 103 125 63 2.000000
-0.04944862 -0.01892530 0.35608411 110 123 73 2.000000
-0.04395902 -0.00479147 0.36622262 34 52 11 2.000000
-0.04218069 -0.00987045 0.36214185 94 114 59 2.000000
-0.03895200 -0.01586478 0.36129472 77 102 32 2.000000
-0.03789312 -0.01249065 0.36203897 88 115 43 2.000000
-0.04602109 -0.02323047 0.35540828 114 135 74 2.000000
-0.04990826 -0.00720536 0.36412579 40 55 16 2.000000
-0.05013893 -0.00989920 0.36294973 56 66 26 2.000000
-0.04418846 -0.02276095 0.35434207 84 113 21 2.000000
-0.04477739 -0.01911823 0.35885364 97 114 64 2.000000
-0.04566842 -0.01560731 0.35756683 67 89 17 2.000000
-0.04246752 -0.00822191 0.36150181 43 61 12 2.000000
-0.04170653 -0.02320113 0.35679403 56 65 33 2.000000
-0.05536276 -0.01377180 0.36001053 54 69 33 2.000000
-0.03705152 -0.01435764 0.36144117 84 103 38 2.000000
-0.04050028 -0.01107730 0.36062714 74 82 30 2.000000
-0.04368733 -0.02129599 0.35778990 105 125 70 2.000000
-0.05107120 -0.00736134 0.36446407 43 56 18 2.000000
-0.04137598 -0.00974735 0.36228427 82 110 54 2.000000
-0.04858098 -0.01843898 0.35459244 79 92 29 2.000000
-0.04399269 -0.00804437 0.36328873 79 98 50 2.000000
-0.04827341 -0.00592758 0.36511549 37 44 5 2.000000
-0.04035489 -0.00547615 0.36232349 37 58 12 2.000000
-0.05095728 -0.01249772 0.36038518 57 71 23 2.000000
-0.04365955 -0.00864407 0.36127385 38 63 11 2.000000
-0.04057045 -0.02198028 0.35843024 84 97 45 2.000000
-0.04659503 -0.01649693 0.35707498 70 84 20 2.000000
-0.05113686 -0.00891996 0.36518639 44 60 13 2.000000
-0.04097150 -0.01148432 0.36186430 87 111 52 2.000000
-0.04155741 -0.00663837 0.36228561 46 55 10 2.000000
-0.04736678 -0.00924424 0.36099231 55 62 25 2.000000
-0.03969612 -0.01500122 0.36142102 72 101 38 2.000000
-0.05132725 -0.01439330 0.35552701 45 58 16 2.000000
-0.04151710 -0.02299380 0.35704881 63 65 40 2.000000
-0.05391299 -0.01232908 0.35904548 43 58 23 2.000000
-0.04389548 -0.01268445 0.36109695 86 107 52 2.000000
-0.04073653 -0.00622851 0.36210823 57 60 13 2.000000
-0.04753251 -0.01611568 0.35651824 70 82 25 2.000000
-0.03745539 -0.01154275 0.36199462 100 120 47 2.000000
-0.05501294 -0.01265607 0.35968977 35 53 21 2.000000
-0.04605336 -0.01863590 0.35887119 95 110 59 2.000000
-0.04102048 -0.01679187 0.36061102 92 113 57 2.000000
-0.04378119 -0.00681990 0.36466610 58 72 31 2.000000
-0.04650247 -0.00641502 0.36390278 37 53 5 2.000000
-0.04361292 -0.01527017 0.36041495 87 107 51 2.000000
-0.04573628 -0.00764512 0.36438990 51 68 27 2.000000
-0.04209670 -0.00505457 0.36456439 52 68 16 2.000000
-0.03866968 -0.01440609 0.36164412 68 94 37 2.000000
-0.05456436 -0.01279053 0.36131015 60 69 26 2.000000
-0.04434326 -0.01352561 0.36096784 87 107 53 2.000000
-0.04054097 -0.00504016 0.36309737 50 57 24 2.000000
-0.04023263 -0.02015605 0.35960987 95 120 57 2.000000
-0.04981943 -0.00957962 0.36092994 49 64 19 2.000000
-0.05069513 -0.00892426 0.36498532 47 60 15 2.000000
-0.05435769 -0.01344336 0.36082688 59 76 28 2.000000
-0.04210051 -0.00492413 0.36503926 52 65 18 2.000000
-0.04768654 -0.01586831 0.35950875 101 118 67 2.000000
-0.04871302 -0.01642192 0.35813478 99 111 66 2.000000
-0.03962920 -0.02117926 0.35901177 91 91 49 2.000000
-0.04744197 -0.00729449 0.36342403 40 53 14 2.000000
-0.05466074 -0.01271868 0.36075339 56 66 24 2.000000
-0.04353832 -0.00722543 0.36244488 42 58 9 2.000000
-0.04625457 -0.02387872 0.35474646 95 115 52 2.000000
-0.03976188 -0.00617638 0.36392331 77 102 50 2.000000
-0.05409836 -0.01229106 0.36232877 61 80 26 2.000000
-0.05031495 -0.01501866 0.35744235 73 88 37 2.000000
-0.04936693 -0.01447778 0.35888669 89 102 54 2.000000
-0.04675637 -0.01779498 0.35926393 95 109 64 2.000000
-0.04228479 -0.00747537 0.36403728 82 96 46 2.000000
-0.03859382 -0.01634947 0.36002505 93 108 29 2.000000
-0.04346299 -0.02374354 0.35564709 53 58 32 2.000000
-0.03841194 -0.01431930 0.36171439 72 93 43 2.000000
-0.04711332 -0.00840792 0.36663401 38 54 10 2.000000
-0.04042970 -0.02049296 0.35945281 95 120 63 2.000000
-0.04897275 -0.01589887 0.35831359 96 109 66 2.000000
-0.05290747 -0.01351296 0.36053461 50 65 19 2.000000
-0.04838668 -0.01139930 0.36103699 82 95 48 2.000000
-0.04191076 -0.02324099 0.35632724 52 54 31 2.000000
-0.04633998 -0.01748676 0.35970637 93 110 58 2.000000
-0.04169001 -0.01525415 0.36073735 86 110 54 2.000000
-0.05218954 -0.01363126 0.35988349 57 67 21 2.000000
-0.05374190 -0.01373193 0.36068389 50 71 23 2.000000
-0.04520009 -0.01696700 0.36006364 92 109 58 2.000000
-0.05423158 -0.01289680 0.36182648 59 80 20 2.000000
-0.04612583 -0.01423613 0.36093426 96 109 58 2.000000
-0.04446724 -0.00792346 0.36342943 82 95 51 2.000000
-0.04619730 -0.01763393 0.35671467 62 91 10 2.000000
-0.04432658 -0.00791084 0.36168370 46 63 16 2.000000
-0.04932826 -0.01597389 0.35781810 97 108 60 2.000000
-0.05386797 -0.01202880 0.36255601 48 75 21 2.000000
-0.04187110 -0.01178902 0.36166430 87 109 57 2.000000
-0.04780902 -0.01091461 0.35927191 58 67 26 2.000000
-0.04887689 -0.01176025 0.36073929 73 89 44 2.000000
-0.04233928 -0.00788035 0.36317673 79 100 38 2.000000
-0.04433883 -0.01461138 0.36068603 84 106 48 2.000000
-0.04476214 -0.01381898 0.36095676 82 105 46 2.000000
-0.03815522 -0.01854309 0.36016548 101 119 43 2.000000
-0.04580497 -0.01996516 0.35799250 87 106 57 2.000000
-0.04733570 -0.01949234 0.35745266 95 111 61 2.000000
-0.04268973 -0.02333579 0.35587105 57 63 29 2.000000
-0.03810543 -0.01055770 0.36201018 102 119 66 2.000000
-0.04619593 -0.00912487 0.36257675 77 91 41 2.000000
-0.04938397 -0.00745394 0.36364502 39 55 17 2.000000
-0.05145007 -0.01220786 0.36145851 56 70 20 2.000000
-0.04744549 -0.01960186 0.35734585 95 111 59 2.000000
-0.04571742 -0.00796897 0.36635399 38 55 14 2.000000
-0.04806898 -0.02246372 0.35479894 111 128 73 2.000000
-0.04661562 -0.01122248 0.35883057 77 85 28 2.000000
-0.05244601 -0.00837249 0.36372504 56 62 26 2.000000
-0.04274825 -0.00705750 0.36239693 44 60 7 2.000000
-0.04853892 -0.00846779 0.36195210 55 63 18 2.000000
-0.04803582 -0.01451032 0.36062351 97 112 60 2.000000
-0.04419808 -0.01856849 0.35935077 99 118 65 2.000000
-0.04164579 -0.01812079 0.36006993 100 120 62 2.000000
-0.04436127 -0.00747325 0.36200425 39 56 7 2.000000
-0.03967390 -0.01880787 0.36028761 93 116 58 2.000000
-0.04671475 -0.01760388 0.35948551 94 108 64 2.000000
-0.04639136 -0.00835408 0.36339390 74 85 44 2.000000
-0.04082768 -0.00511879 0.36326352 55 63 18 2.000000
-0.04810543 -0.01664952 0.35597482 74 85 24 2.000000
-0.04712325 -0.01429986 0.36093184 94 110 61 2.000000
-0.04120768 -0.01921107 0.35988712 103 122 64 2.000000
-0.04954259 -0.00946294 0.36278239 67 78 32 2.000000
-0.05075810 -0.00984046 0.36371642 48 60 23 2.000000
-0.04308087 -0.01544104 0.36044562 90 111 49 2.000000
-0.03887306 -0.01748078 0.36088374 87 109 57 2.000000
-0.05341825 -0.01207251 0.36243016 51 67 24 2.000000
-0.05429307 -0.01167001 0.36263818 56 76 21 2.000000
-0.04883056 -0.00982007 0.36046708 56 58 21 2.000000
-0.04852260 -0.00874421 0.36702856 43 53 6 2.000000
-0.03976921 -0.00940891 0.36103252 83 83 16 2.000000
-0.05149557 -0.01451343 0.35779172 75 86 41 2.000000
-0.04346177 -0.01252437 0.36111355 86 109 50 2.000000
-0.03939079 -0.01831455 0.36056051 93 113 59 2.000000
-0.04479363 -0.02116766 0.35779923 103 119 68 2.000000
-0.05023693 -0.00901743 0.36393619 50 63 22 2.000000
-0.04784474 -0.02096794 0.35600820 102 120 68 2.000000
-0.04267082 -0.01014107 0.36193231 94 114 59 2.000000
-0.04786080 -0.01940369 0.35717008 95 112 64 2.000000
-0.04772137 -0.02289744 0.35480732 114 131 74 2.000000
-0.04227917 -0.02157405 0.35856217 110 130 73 2.000000
-0.04315577 -0.01065498 0.36167437 90 112 58 2.000000
-0.04124452 -0.02134437 0.35887593 104 126 71 2.000000
-0.04913003 -0.02123211 0.35499734 109 124 72 2.000000
-0.04474813 -0.00770663 0.36370960 70 82 44 2.000000
-0.03997005 -0.01033849 0.36225149 83 103 45 2.000000
-0.04611778 -0.01606414 0.35732213 70 84 19 2.000000
-0.04651589 -0.02253728 0.35569921 114 130 77 2.000000
-0.04537768 -0.00686508 0.36320415 39 54 10 2.000000
-0.04875084 -0.01565832 0.35855502 94 108 64 2.000000
-0.04433498 -0.00904153 0.36100549 58 63 21 2.000000
-0.04281921 -0.01342759 0.36108160 89 107 47 2.000000
-0.04621059 -0.00636201 0.36384028 34 52 12 2.000000
-0.03975010 -0.01728852 0.36081731 86 109 49 2.000000
-0.05465012 -0.01165664 0.36159837 35 53 9 2.000000
-0.04854079 -0.00869740 0.36603272 40 56 11 2.000000
-0.04356737 -0.01566902 0.36027905 87 111 50 2.000000
-0.04889380 -0.01560896 0.35579434 59 76 18 2.000000
-0.04226260 -0.02276378 0.35749719 105 124 69 2.000000
-0.04500070 -0.00856779 0.36281678 73 91 39 2.000000
-0.04454608 -0.00712770 0.36464536 55 66 26 2.000000
-0.04836879 -0.00977674 0.36045608 45 54 21 2.000000
-0.05322566 -0.01229629 0.36220533 52 66 20 2.000000
-0.04763217 -0.01010867 0.36200497 77 88 40 2.000000
-0.04374952 -0.02099841 0.35799530 107 126 75 2.000000
-0.05097749 -0.01537496 0.35702524 80 93 47 2.000000
-0.04934422 -0.00850158 0.36196616 49 64 20 2.000000
-0.04055825 -0.01877821 0.36015627 92 118 60 2.000000
-0.04125946 -0.01639098 0.35865182 83 98 19 2.000000
-0.03852960 -0.00767828 0.36203375 87 108 36 2.000000
-0.05017855 -0.01194073 0.36087006 70 81 34 2.000000
-0.04390153 -0.00606673 0.36420539 43 55 11 2.000000
-0.04517239 -0.00856092 0.36142465 49 64 23 2.000000
-0.04848242 -0.00767197 0.36295590 44 51 17 2.000000
-0.04991361 -0.00956563 0.36307648 56 71 27 2.000000
-0.04039576 -0.00596977 0.36206603 52 60 22 2.000000
-0.04713623 -0.00869215 0.36338833 72 85 43 2.000000
-0.04189194 -0.00721143 0.36193180 44 56 22 2.000000
-0.04829893 -0.02182983 0.35498196 105 127 70 2.000000
-0.04485914 -0.00402142 0.36750174 42 57 13 2.000000
-0.04535531 -0.02240087 0.35664487 110 126 73 2.000000
-0.04244339 -0.01108371 0.36174473 88 113 54 2.000000
-0.04742348 -0.00998713 0.36203119 77 88 42 2.000000
-0.04887764 -0.01032986 0.36007303 45 56 16 2.000000
-0.04619248 -0.01939773 0.35816228 93 111 63 2.000000
-0.04605106 -0.02365779 0.35507932 110 130 67 2.000000
-0.04057993 -0.00497474 0.36323607 53 61 15 2.000000
-0.04962376 -0.01748223 0.35417449 66 88 29 2.000000
-0.04590544 -0.02082042 0.35750088 89 106 59 2.000000
-0.04680753 -0.00584609 0.36463884 35 50 4 2.000000
-0.04954594 -0.01326776 0.35967168 75 93 44 2.000000
-0.04656575 -0.00989568 0.36048174 53 59 19 2.000000
-0.04984458 -0.00865716 0.36666268 38 55 13 2.000000
-0.04506281 -0.00708239 0.36291659 35 53 9 2.000000
-0.04058618 -0.01395497 0.36143330 88 111 53 2.000000
-0.04100288 -0.00872848 0.36275655 85 108 46 2.000000
-0.03888913 -0.02064931 0.35881051 75 88 36 2.000000
-0.05046947 -0.01685855 0.35397133 59 69 26 2.000000
-0.03991484 -0.01553279 0.36132902 77 102 44 2.000000
-0.04312113 -0.02173381 0.35777685 109 131 73 2.000000
-0.04831467 -0.01279607 0.35723770 63 85 9 2.000000
-0.04741494 -0.00951302 0.36250454 71 86 37 2.000000
-0.04751192 -0.02181358 0.35266823 88 107 21 2.000000
-0.04115732 -0.00758162 0.36163086 64 74 24 2.000000
-0.04883163 -0.00851570 0.36402059 59 73 35 2.000000
-0.05242578 -0.00968435 0.36491811 52 66 27 2.000000
-0.04702410 -0.01190996 0.36145511 88 104 52 2.000000
-0.04926781 -0.00864296 0.36466879 50 64 21 2.000000
-0.05117270 -0.01279743 0.36017027 56 69 24 2.000000
-0.04835224 -0.00872116 0.36650440 37 53 14 2.000000
-0.05058179 -0.01193486 0.36106575 64 75 29 2.000000
-0.04982672 -0.01204454 0.36065027 75 85 40 2.000000
-0.04681435 -0.01888657 0.35507104 78 95 26 2.000000
-0.04992120 -0.00755360 0.36371663 42 55 15 2.000000
-0.04084792 -0.00494921 0.36339307 52 62 18 2.000000
-0.04535394 -0.01899312 0.35880339 89 107 59 2.000000
-0.05028986 -0.01571759 0.35704353 83 94 48 2.000000
-0.04412388 -0.00689437 0.36301345 40 54 6 2.000000
-0.05165663 -0.00865386 0.36260450 54 61 16 2.000000
-0.03953939 -0.01025885 0.36088744 80 87 27 2.000000
-0.03841006 -0.01560388 0.36129060 76 102 40 2.000000
-0.03637754 -0.01324401 0.36161587 95 119 49 2.000000
-0.04434007 -0.02308843 0.35440090 69 84 27 2.000000
-0.04550439 -0.01769945 0.35964620 92 109 61 2.000000
-0.04697930 -0.00784182 0.36485368 50 60 15 2.000000
-0.04919185 -0.02032980 0.35564521 107 125 75 2.000000
-0.04806534 -0.01077550 0.36142781 82 95 47 2.000000
-0.03818103 -0.01331475 0.36199334 80 100 31 2.000000
-0.04825759 -0.01408621 0.35989296 101 110 63 2.000000
-0.04237346 -0.00922780 0.36236063 86 113 57 2.000000
-0.04001239 -0.00963165 0.36245239 74 106 46 2.000000
-0.04927437 -0.00812940 0.36255866 55 58 19 2.000000
-0.04077664 -0.01350507 0.36151528 87 113 54 2.000000
-0.03684516 -0.01394005 0.36156374 88 103 38 2.000000
-0.04134595 -0.01824881 0.36009324 102 119 61 2.000000
-0.04340886 -0.01086406 0.36154568 88 110 53 2.000000
-0.04119062 -0.00637002 0.36244699 42 56 17 2.000000
-0.04885255 -0.01044039 0.36171338 75 88 40 2.000000
-0.04776036 -0.01186888 0.36124757 86 101 54 2.000000
-0.05109813 -0.01189898 0.36161637 54 69 24 2.000000
-0.04267327 -0.02206349 0.35532442 89 100 27 2.000000
-0.04443826 -0.02017569 0.35850692 100 121 66 2.000000
-0.04218264 -0.00721247 0.36199507 48 52 18 2.000000
-0.05196388 -0.01418177 0.35817808 62 77 31 2.000000
-0.04840963 -0.01035882 0.36184260 78 89 41 2.000000
-0.04550440 -0.00815916 0.36175445 56 64 16 2.000000
-0.04771671 -0.01530795 0.35955891 100 117 68 2.000000
-0.04969935 -0.00873266 0.36379400 60 70 32 2.000000
-0.05355327 -0.01421598 0.35994226 50 65 20 2.000000
-0.05007218 -0.01971508 0.35533255 114 130 79 2.000000
-0.03770320 -0.01338801 0.36193353 81 100 36 2.000000
-0.04493726 -0.00728660 0.36243692 40 51 7 2.000000
-0.04715107 -0.01508037 0.36082655 97 112 63 2.000000
-0.04908933 -0.01360402 0.35972810 87 100 53 2.000000
-0.03910254 -0.02068182 0.35933998 86 102 57 2.000000
-0.05122661 -0.00994259 0.36382934 46 58 16 2.000000
-0.05019282 -0.01412226 0.35818824 71 90 44 2.000000
-0.04810372 -0.00886329 0.36328036 74 87 46 2.000000
-0.05137569 -0.01478169 0.35750023 86 95 48 2.000000
-0.04073267 -0.01473869 0.35938400 76 90 31 2.000000
-0.04682957 -0.01733438 0.35969442 96 110 62 2.000000
-0.04489793 -0.01332055 0.36099857 86 103 52 2.000000
-0.04723215 -0.00520150 0.36601177 34 49 4 2.000000
-0.04784222 -0.01698578 0.35819417 100 112 65 2.000000
-0.04276800 -0.00870189 0.36261892 89 113 60 2.000000
-0.04952684 -0.01800106 0.35399073 78 84 42 2.000000
-0.04874661 -0.00690552 0.36403382 41 54 9 2.000000
-0.04196152 -0.01696941 0.36032176 96 115 55 2.000000
-0.05172686 -0.01413956 0.35809308 67 78 32 2.000000
-0.04417223 -0.02004633 0.35871026 103 120 68 2.000000
-0.05217537 -0.00834672 0.36355898 51 64 23 2.000000
-0.04411639 -0.00750247 0.36196780 40 56 18 2.000000
-0.04711943 -0.01921351 0.35769734 91 111 55 2.000000
-0.04228095 -0.01931821 0.35954317 104 126 65 2.000000
-0.04786577 -0.00961674 0.36065096 48 62 10 2.000000
-0.05093423 -0.01515631 0.35487124 53 65 12 2.000000
-0.04209246 -0.02221377 0.35580423 87 93 34 2.000000
-0.04387038 -0.00802801 0.36156878 45 58 19 2.000000
-0.05463139 -0.01386279 0.36024553 61 79 30 2.000000
-0.04630783 -0.01718119 0.35687339 70 88 10 2.000000
-0.05419116 -0.01479142 0.35937163 48 67 18 2.000000
-0.04500045 -0.02159401 0.35748270 103 119 71 2.000000
-0.03893661 -0.01106819 0.36214799 88 112 48 2.000000
-0.03971917 -0.00948741 0.36254132 80 107 39 2.000000
-0.04563428 -0.00844930 0.36329323 80 89 47 2.000000
-0.04502102 -0.00914511 0.36238080 86 103 52 2.000000
-0.04583963 -0.00938301 0.36239603 82 97 43 2.000000
-0.04327971 -0.01495496 0.36048913 87 108 55 2.000000
-0.05424482 -0.01259044 0.36208692 62 79 25 2.000000
-0.04774713 -0.01416421 0.36090624 98 111 61 2.000000
-0.04015432 -0.00987823 0.36232546 81 105 39 2.000000
-0.04049408 -0.00895139 0.36263600 82 110 46 2.000000
-0.03804535 -0.01444936 0.36162493 72 97 44 2.000000
-0.05271474 -0.01380015 0.35988319 53 65 21 2.000000
-0.03991143 -0.02118192 0.35780481 86 98 25 2.000000
-0.04630645 -0.01706653 0.36017326 93 110 60 2.000000
-0.04926004 -0.00768993 0.36331680 39 55 13 2.000000
-0.04559601 -0.00785340 0.36199319 46 55 13 2.000000
-0.05191936 -0.01407646 0.35848898 56 73 27 2.000000
-0.04862668 -0.01346882 0.36052036 91 105 56 2.000000
-0.04553928 -0.02008365 0.35804158 85 107 58 2.000000
-0.04669510 -0.00768342 0.36261553 38 51 5 2.000000
-0.04590563 -0.00900075 0.36267582 77 94 46 2.000000
-0.05460143 -0.01275291 0.36106849 56 71 27 2.000000
-0.04382921 -0.00527794 0.36491036 42 57 12 2.000000
-0.04488426 -0.02292523 0.35628521 112 132 80 2.000000
-0.04014675 -0.01807304 0.36046660 88 113 59 2.000000
-0.04646995 -0.02196279 0.35629457 106 122 71 2.000000
-0.03753179 -0.01079365 0.36178595 98 115 58 2.000000
-0.04621533 -0.01843565 0.35616878 78 91 15 2.000000
-0.04470993 -0.00948988 0.36058000 60 70 17 2.000000
-0.04017507 -0.00599495 0.36458811 73 95 47 2.000000
-0.04049705 -0.02187065 0.35727561 78 96 24 2.000000
-0.04681490 -0.02112825 0.35677797 99 113 67 2.000000
-0.05381725 -0.01328863 0.36137912 52 73 20 2.000000
-0.04602047 -0.01789977 0.35943717 88 110 59 2.000000
-0.04873899 -0.01669705 0.35788122 101 113 65 2.000000
-0.05090280 -0.00751214 0.36415851 45 52 16 2.000000
-0.04420278 -0.01538705 0.35803255 76 93 13 2.000000
-0.04167361 -0.00492715 0.36451185 52 68 18 2.000000
-0.04997155 -0.01453782 0.35802773 77 89 40 2.000000
-0.04027457 -0.01513363 0.36123931 83 106 53 2.000000
-0.04987973 -0.01405246 0.35853463 75 88 41 2.000000
-0.05072946 -0.01427916 0.35788715 86 97 50 2.000000
-0.04019019 -0.02136700 0.35901323 102 117 50 2.000000
-0.04806307 -0.01866648 0.35469621 75 91 29 2.000000
-0.05034243 -0.01618021 0.35435686 57 67 21 2.000000
-0.03938479 -0.01765839 0.35916880 81 94 30 2.000000
-0.04331337 -0.00458425 0.36617455 39 53 5 2.000000
-0.04041647 -0.01569288 0.36114302 85 108 47 2.000000
-0.04472539 -0.02335722 0.35614532 114 131 75 2.000000
-0.04842699 -0.01912787 0.35694650 98 117 65 2.000000
-0.05216286 -0.01149444 0.36259815 50 64 20 2.000000
-0.04738620 -0.01301323 0.36116695 90 107 59 2.000000
-0.04805759 -0.01757878 0.35565540 75 87 20 2.000000
-0.04600654 -0.00974452 0.36227196 81 97 43 2.000000
-0.05026696 -0.00847460 0.36681280 40 55 6 2.000000
-0.04498263 -0.01860075 0.35650983 79 91 17 2.000000
-0.04140148 -0.01416376 0.36117250 87 112 50 2.000000
-0.04659231 -0.00808315 0.36213213 40 54 19 2.000000
-0.04273289 -0.01787400 0.35744098 80 95 29 2.000000
-0.05071161 -0.01179950 0.36142582 58 74 26 2.000000
-0.04523927 -0.02222210 0.35357368 82 110 21 2.000000
-0.04383193 -0.01118314 0.36137646 90 112 51 2.000000
-0.05094332 -0.01256860 0.36016062 56 72 24 2.000000
-0.04425827 -0.00428085 0.36692497 41 54 15 2.000000
-0.04702424 -0.01052181 0.35983428 59 66 29 2.000000
-0.05525152 -0.01338485 0.36007291 55 62 16 2.000000
-0.05019636 -0.00733757 0.36411473 43 55 16 2.000000
-0.04351766 -0.00721329 0.36437604 60 80 33 2.000000
-0.04385793 -0.01060459 0.36159894 87 112 52 2.000000
-0.04292331 -0.02117909 0.35847691 111 131 73 2.000000
-0.04782421 -0.00826323 0.36400846 59 76 30 2.000000
-0.03935575 -0.01135867 0.36214119 82 108 49 2.000000
-0.04991403 -0.00858141 0.36206058 51 64 17 2.000000
-0.03733446 -0.01557830 0.36110434 108 123 37 2.000000
-0.04539292 -0.00396618 0.36777720 37 56 17 2.000000
-0.04496256 -0.00776008 0.36189395 40 62 12 2.000000
-0.05398757 -0.01500547 0.35883370 49 67 22 2.000000
-0.04547824 -0.01506194 0.36076835 95 107 55 2.000000
-0.04920339 -0.01824340 0.35657212 100 118 70 2.000000
-0.04270549 -0.01769935 0.35998017 98 117 56 2.000000
-0.04959794 -0.01493032 0.35832354 87 101 53 2.000000
-0.04722353 -0.01122450 0.36163911 81 99 54 2.000000
-0.04006784 -0.02160882 0.35783955 79 87 38 2.000000
-0.04724151 -0.02383052 0.35444933 108 129 65 2.000000
-0.04594290 -0.02414929 0.35448113 67 76 32 2.000000
-0.04151446 -0.02284947 0.35769221 75 87 43 2.000000
-0.04637578 -0.01126842 0.36176118 92 104 52 2.000000
-0.04254243 -0.00557741 0.36379176 55 68 17 2.000000
-0.04967276 -0.00709149 0.36413381 42 58 10 2.000000
-0.04553884 -0.01429214 0.35796031 68 86 21 2.000000
-0.03994426 -0.01144326 0.36209092 81 105 43 2.000000
-0.04242699 -0.01264985 0.36134908 88 109 55 2.000000
-0.04295287 -0.01641083 0.36028805 91 112 56 2.000000
-0.04112537 -0.00724391 0.36172482 55 67 25 2.000000
-0.04739833 -0.02115852 0.35617477 102 119 68 2.000000
-0.04150133 -0.02250831 0.35631230 76 90 25 2.000000
-0.04245304 -0.01749349 0.36016673 96 116 57 2.000000
-0.05021053 -0.01652900 0.35424256 60 76 16 2.000000
-0.04696347 -0.01658738 0.36031839 100 112 62 2.000000
-0.04147852 -0.01028812 0.36206684 87 113 52 2.000000
-0.04685097 -0.01890865 0.35795921 91 109 59 2.000000
-0.04809785 -0.02136954 0.35549623 108 124 70 2.000000
-0.04446904 -0.00765372 0.36380234 67 84 39 2.000000
-0.04489009 -0.00795226 0.36352971 72 88 45 2.000000
-0.04884752 -0.00861636 0.36536905 45 59 12 2.000000
-0.04721843 -0.02082892 0.35673118 100 116 64 2.000000
-0.05526053 -0.01301273 0.35987401 42 55 15 2.000000
-0.04793906 -0.01046624 0.35985795 44 52 14 2.000000
-0.05040505 -0.00879455 0.36426586 50 63 17 2.000000
-0.04714315 -0.01739939 0.35940406 97 110 64 2.000000
-0.03865018 -0.00908031 0.36228272 111 128 83 2.000000
-0.04678208 -0.02228363 0.35562053 115 129 75 2.000000
-0.04635105 -0.01175155 0.35859135 70 90 27 2.000000
-0.04773958 -0.01631935 0.35630763 75 83 23 2.000000
-0.04404121 -0.00854521 0.36130250 42 60 11 2.000000
-0.03859189 -0.00820765 0.36232832 101 123 62 2.000000
-0.04193106 -0.00746323 0.36180237 32 62 13 2.000000
-0.04233037 -0.01834890 0.35981202 99 121 63 2.000000
-0.04891562 -0.00855413 0.36431348 58 68 26 2.000000
-0.04420864 -0.00673262 0.36324769 41 56 5 2.000000
-0.04063407 -0.01700974 0.36066347 89 112 58 2.000000
-0.03958257 -0.01288092 0.36189744 81 105 45 2.000000
-0.03985827 -0.02182309 0.35836542 76 76 44 2.000000
-0.04513100 -0.02086620 0.35782281 95 114 64 2.000000
-0.05307431 -0.01240456 0.36189085 50 65 24 2.000000
-0.04696087 -0.02074429 0.35699254 96 113 64 2.000000
-0.05327344 -0.01510168 0.35830510 56 73 27 2.000000
-0.04695525 -0.02391660 0.35449880 102 124 54 2.000000
-0.04478298 -0.02398291 0.35574830 103 128 61 2.000000
-0.03999624 -0.01352287 0.36164886 81 106 53 2.000000
-0.04719943 -0.01600355 0.36054677 99 114 67 2.000000
-0.04468689 -0.01611161 0.36027792 92 109 58 2.000000
-0.04774574 -0.01498770 0.35664439 58 75 23 2.000000
-0.04771615 -0.00904555 0.36127076 52 63 21 2.000000
-0.04537426 -0.00853217 0.36305285 75 91 39 2.000000
-0.04589537 -0.02268416 0.35593700 110 127 75 2.000000
-0.03936811 -0.01630287 0.36125019 77 101 44 2.000000
-0.05016680 -0.00882117 0.36480775 47 61 18 2.000000
-0.04651010 -0.01910602 0.35798940 90 111 57 2.000000
-0.04900297 -0.01236970 0.35734603 59 79 13 2.000000
-0.03973381 -0.00724201 0.36139396 75 73 40 2.000000
-0.03665233 -0.01282613 0.36155200 104 125 47 2.000000
-0.04877912 -0.00876415 0.36747548 39 54 12 2.000000
-0.04618115 -0.02352624 0.35368067 50 64 26 2.000000
-0.04218752 -0.02195994 0.35835615 105 129 73 2.000000
-0.04467596 -0.00725847 0.36471441 54 66 26 2.000000
-0.05021215 -0.01533405 0.35727915 78 93 44 2.000000
-0.04607673 -0.00827700 0.36349276 79 88 42 2.000000
-0.04748557 -0.00650552 0.36419314 34 51 10 2.000000
-0.04395983 -0.00725810 0.36243233 38 58 5 2.000000
-0.04561727 -0.02299889 0.35583684 113 132 75 2.000000
-0.03923217 -0.00975425 0.36103037 84 93 28 2.000000
-0.03885886 -0.00743231 0.36283469 97 116 70 2.000000
-0.04886381 -0.01806352 0.35707006 101 113 69 2.000000
-0.04977400 -0.02005121 0.35532060 111 128 75 2.000000
-0.04023609 -0.00567686 0.36216080 42 60 21 2.000000
-0.04151964 -0.00702797 0.36443031 75 89 49 2.000000
-0.03851293 -0.01391905 0.36182150 80 96 39 2.000000
-0.04196046 -0.01932308 0.35966784 105 123 69 2.000000
-0.04285198 -0.01902344 0.35933885 105 124 68 2.000000
-0.04789996 -0.01584789 0.35896391 101 115 68 2.000000
-0.04278848 -0.00730381 0.36204696 41 57 4 2.000000
-0.04786752 -0.01458230 0.36076522 96 113 61 2.000000
-0.04572755 -0.02206004 0.35681486 98 115 67 2.000000
-0.05254458 -0.01337412 0.36050665 50 65 20 2.000000
-0.04679081 -0.02334166 0.35498652 115 134 76 2.000000
-0.04790474 -0.01487513 0.35979676 101 116 65 2.000000
-0.04658339 -0.00908426 0.36110640 51 65 13 2.000000
-0.04011719 -0.01607056 0.36132631 79 104 43 2.000000
-0.04813311 -0.00717940 0.36362395 45 53 11 2.000000
-0.04787280 -0.01616010 0.35875753 101 112 64 2.000000
-0.04458923 -0.00874257 0.36261883 82 98 47 2.000000
-0.04744817 -0.02306065 0.35488206 115 133 76 2.000000
-0.05066973 -0.01271338 0.35993004 64 75 29 2.000000
-0.05199014 -0.00928718 0.36529997 53 69 24 2.000000
-0.04812606 -0.01369038 0.36089993 96 108 52 2.000000
-0.04057553 -0.00529666 0.36256444 41 57 24 2.000000
-0.04173612 -0.00996664 0.36218375 92 111 56 2.000000
-0.04531689 -0.02381224 0.35519090 87 106 46 2.000000
-0.04336388 -0.01961313 0.35895842 106 123 72 2.000000
-0.04630000 -0.01276136 0.36116746 94 105 57 2.000000
-0.05207112 -0.00784843 0.36460680 45 55 22 2.000000
-0.05041886 -0.00997323 0.36331525 53 64 21 2.000000
-0.05166748 -0.00953047 0.36450589 45 60 12 2.000000
-0.04829228 -0.00853583 0.36372471 68 80 44 2.000000
-0.04649127 -0.02421436 0.35430020 75 82 30 2.000000
-0.04263690 -0.02266266 0.35742009 111 129 72 2.000000
-0.04737946 -0.01790852 0.35807261 95 110 66 2.000000
-0.05144065 -0.01380808 0.35836846 62 76 30 2.000000
-0.04796704 -0.01808129 0.35760090 93 110 60 2.000000
-0.04823943 -0.01404418 0.36064419 93 111 55 2.000000
-0.04256197 -0.00809287 0.36298579 83 100 48 2.000000
-0.04628801 -0.02053168 0.35744163 91 108 60 2.000000
-0.04450162 -0.01881949 0.35907894 102 117 66 2.000000
-0.05231767 -0.01587077 0.35638618 78 94 53 2.000000
-0.04151514 -0.00802503 0.36320010 80 104 46 2.000000
-0.04575694 -0.01261413 0.36119142 92 105 53 2.000000
-0.04853371 -0.02209159 0.35473794 107 126 71 2.000000
-0.04150440 -0.00966863 0.36104268 74 88 24 2.000000
-0.04191666 -0.00674610 0.36583918 68 86 46 2.000000
-0.04427471 -0.00568605 0.36456987 38 53 10 2.000000
-0.05198812 -0.01621782 0.35569829 77 92 43 2.000000
-0.04947706 -0.01845863 0.35625187 106 119 73 2.000000
-0.04377598 -0.00973829 0.36199817 90 111 53 2.000000
-0.04542975 -0.01122118 0.36178795 85 101 49 2.000000
-0.04070333 -0.00745684 0.36146984 70 88 16 2.000000
-0.04974423 -0.00862459 0.36594701 44 56 14 2.000000
-0.04934976 -0.01535163 0.35563508 60 69 27 2.000000
-0.04138203 -0.00705515 0.36189550 55 57 23 2.000000
-0.04749633 -0.02350348 0.35458195 112 133 71 2.000000
-0.04436748 -0.00723706 0.36248213 41 51 6 2.000000
-0.03931385 -0.01376949 0.36162764 73 99 39 2.000000
-0.04929814 -0.00780603 0.36315763 39 52 19 2.000000
-0.03890197 -0.00635862 0.36327109 76 104 45 2.000000
-0.04362756 -0.00649498 0.36345872 42 57 13 2.000000
-0.04558803 -0.00481581 0.36618537 38 50 8 2.000000
-0.04185378 -0.00693276 0.36211950 43 57 15 2.000000
-0.04181013 -0.01636480 0.36049688 94 112 59 2.000000
-0.04807550 -0.01738947 0.35775405 92 112 61 2.000000
-0.04681769 -0.01283710 0.36120221 86 108 51 2.000000
-0.05194648 -0.01080286 0.36315814 48 60 19 2.000000
-0.03976299 -0.01999727 0.35974461 96 120 58 2.000000
-0.04801286 -0.01530920 0.35927305 102 115 70 2.000000
-0.04939138 -0.01061360 0.36168209 75 83 39 2.000000
-0.04028826 -0.02098295 0.35739082 87 93 32 2.000000
-0.05176061 -0.01399487 0.35894230 59 71 27 2.000000
-0.04753312 -0.01651608 0.35951263 98 115 66 2.000000
-0.04479269 -0.01767779 0.35973045 92 111 62 2.000000
-0.05113943 -0.00942453 0.36428294 41 59 17 2.000000
-0.04747668 -0.02168501 0.35559437 109 126 72 2.000000
-0.04975221 -0.01442205 0.35845017 84 93 44 2.000000
-0.05189309 -0.01443453 0.35792866 66 80 31 2.000000
-0.04854193 -0.01685155 0.35780537 99 113 67 2.000000
-0.05080170 -0.01228101 0.36057153 56 72 27 2.000000
-0.04408937 -0.00670883 0.36466053 52 72 25 2.000000
-0.04079664 -0.01243506 0.36174065 85 111 60 2.000000
-0.05130490 -0.01102569 0.36273146 54 66 18 2.000000
-0.03916639 -0.01971802 0.35856456 90 106 31 2.000000
-0.04877943 -0.00966274 0.36249411 73 87 44 2.000000
-0.04785313 -0.01888880 0.35447839 76 94 29 2.000000
-0.05115091 -0.01247957 0.36066011 57 70 25 2.000000
-0.04014230 -0.01757383 0.36061308 86 111 56 2.000000
-0.03978365 -0.00593516 0.36417770 77 99 51 2.000000
-0.04525769 -0.02290432 0.35602266 114 131 76 2.000000
-0.04233380 -0.01195869 0.36152497 91 110 54 2.000000
-0.04696265 -0.01697204 0.36003953 94 112 61 2.000000
-0.05059163 -0.01376081 0.35827142 84 91 49 2.000000
-0.04627960 -0.01876142 0.35852030 95 111 64 2.000000
-0.05119352 -0.01754728 0.35580161 89 103 54 2.000000
-0.04579986 -0.00764524 0.36219555 38 49 8 2.000000
-0.03839304 -0.01262244 0.36205935 79 109 43 2.000000
-0.04401642 -0.02273781 0.35696423 110 130 75 2.000000
-0.05135715 -0.01745572 0.35562724 89 104 58 2.000000
-0.04493335 -0.00847606 0.36140120 48 63 15 2.000000
-0.04681302 -0.02132129 0.35659415 101 117 67 2.000000
-0.04501552 -0.02250959 0.35672989 110 127 76 2.000000
-0.04386979 -0.02390680 0.35568774 63 69 30 2.000000
-0.04756984 -0.01239951 0.36122641 94 105 54 2.000000
-0.04637024 -0.00752647 0.36263710 35 50 11 2.000000
-0.04608579 -0.00863365 0.36132795 58 62 12 2.000000
-0.04605456 -0.02167933 0.35325760 89 108 14 2.000000
-0.04592493 -0.00806823 0.36685580 40 57 16 2.000000
-0.04463863 -0.00847932 0.36281002 70 90 38 2.000000
-0.05545029 -0.01293922 0.35942113 43 56 21 2.000000
-0.04845759 -0.01013005 0.36018446 46 57 11 2.000000
-0.05021562 -0.01018082 0.36264589 57 69 27 2.000000
-0.05146993 -0.00876674 0.36547372 48 62 21 2.000000
-0.04909284 -0.00875740 0.36363989 71 81 42 2.000000
-0.04677964 -0.02249010 0.35312468 91 106 21 2.000000
-0.05318975 -0.01530268 0.35790083 60 79 35 2.000000
-0.04999350 -0.01187875 0.36093992 68 82 36 2.000000
-0.04509248 -0.01723662 0.35986921 91 110 59 2.000000
-0.04684611 -0.00652974 0.36398277 43 52 3 2.000000
-0.04256982 -0.00583942 0.36328095 48 70 13 2.000000
-0.04341672 -0.01704568 0.36012107 97 114 54 2.000000
-0.04834201 -0.00840882 0.36405581 61 73 32 2.000000
-0.04336308 -0.01337016 0.36101869 86 107 52 2.000000
-0.05141374 -0.01348840 0.35958701 59 72 24 2.000000
-0.04658614 -0.02299032 0.35525984 115 135 75 2.000000
-0.04852202 -0.00853272 0.36451876 57 67 22 2.000000
-0.04784900 -0.01140073 0.35850173 66 82 28 2.000000
-0.04287472 -0.02332603 0.35669774 69 86 46 2.000000
-0.04808164 -0.01964846 0.35332337 74 96 30 2.000000
-0.04083486 -0.02034450 0.35938397 102 121 65 2.000000
-0.05249226 -0.00972817 0.36175096 46 62 19 2.000000
-0.04204991 -0.02287332 0.35604829 60 76 25 2.000000
-0.03948305 -0.01701426 0.36097759 88 108 49 2.000000
-0.04518536 -0.01390185 0.35814008 80 84 29 2.000000
-0.04693952 -0.00845469 0.36719707 40 54 11 2.000000
-0.04341050 -0.02110242 0.35523784 84 107 16 2.000000
-0.04278383 -0.00604369 0.36325231 51 67 9 2.000000
-0.04677488 -0.01193637 0.36148161 89 103 51 2.000000
-0.04518986 -0.00938476 0.36227340 85 101 47 2.000000
-0.04480132 -0.01565976 0.35784292 76 91 18 2.000000
-0.04827686 -0.01830394 0.35499024 80 94 23 2.000000
-0.05431817 -0.01198596 0.35990041 38 50 17 2.000000
-0.05003842 -0.01641984 0.35707051 91 105 60 2.000000
-0.04506049 -0.02380991 0.35536963 89 110 47 2.000000
-0.04982888 -0.01830720 0.35598585 107 120 75 2.000000
-0.04348446 -0.00760839 0.36203337 38 57 7 2.000000
-0.03915865 -0.00849311 0.36274302 88 107 52 2.000000
-0.04694767 -0.00769495 0.36468127 51 62 19 2.000000
-0.04745563 -0.02230134 0.35522756 112 129 72 2.000000
-0.05387762 -0.01485560 0.35915467 51 66 18 2.000000
-0.04959598 -0.01597197 0.35501784 63 71 29 2.000000
-0.04622693 -0.01180612 0.36156416 93 105 50 2.000000
-0.04232812 -0.02126385 0.35871655 112 130 73 2.000000
-0.04532301 -0.00755209 0.36213541 40 55 5 2.000000
-0.04073777 -0.01514169 0.36107725 87 112 51 2.000000
-0.04439275 -0.00741535 0.36587167 46 59 14 2.000000
-0.04292213 -0.00720428 0.36225039 48 59 6 2.000000
-0.04680596 -0.01716949 0.35657379 69 88 18 2.000000
-0.04050359 -0.01144698 0.36197898 80 108 48 2.000000
-0.04979587 -0.01797560 0.35631436 109 118 73 2.000000
-0.03952472 -0.00885937 0.36273211 85 105 50 2.000000
-0.04795670 -0.02056491 0.35270777 84 97 28 2.000000
-0.04406604 -0.00877430 0.36256886 89 104 59 2.000000
-0.04174645 -0.01771734 0.36012584 98 117 60 2.000000
-0.04736167 -0.02274987 0.35297656 71 88 21 2.000000
-0.04985018 -0.01256775 0.35709664 51 69 25 2.000000
-0.04926378 -0.00846980 0.36416978 61 71 31 2.000000
-0.04350773 -0.02168712 0.35766941 106 127 72 2.000000
-0.04240496 -0.00466740 0.36560538 38 56 10 2.000000
-0.04115128 -0.02272466 0.35698023 70 66 39 2.000000
-0.05445268 -0.01262191 0.36188048 56 74 20 2.000000
-0.04439915 -0.00823019 0.36306059 71 92 42 2.000000
-0.04244950 -0.02323173 0.35705584 95 105 48 2.000000
-0.04678217 -0.00946766 0.36233914 74 89 38 2.000000
-0.03921833 -0.01723414 0.36092636 84 110 53 2.000000
-0.04887558 -0.01939560 0.35626796 103 121 70 2.000000
