-0.06869645 -0.04591859 0.16362059 229 215 76 0.000000
-0.06472054 -0.04058991 0.16329448 226 212 74 0.000000
-0.06689832 -0.04491025 0.16347733 235 226 82 0.000000
-0.06892188 -0.04727164 0.16367486 242 229 88 0.000000
-0.06863720 -0.04515500 0.16358246 225 216 78 0.000000
-0.06876952 -0.04637557 0.16362919 237 225 83 0.000000
-0.06838240 -0.04476826 0.16356714 226 214 76 0.000000
-0.06854492 -0.04684011 0.16362259 238 225 86 0.000000
-0.06837945 -0.04568176 0.16360433 217 208 76 0.000000
-0.06473917 -0.04181646 0.16324259 205 193 65 0.000000
-0.06800342 -0.04802766 0.16365854 244 232 88 0.000000
-0.06795435 -0.04753880 0.16363971 245 232 88 0.000000
-0.06791727 -0.04964542 0.16366111 244 230 88 0.000000
-0.06787878 -0.04873733 0.16364630 226 215 79 0.000000
-0.06784161 -0.04919429 0.16364633 236 223 83 0.000000
-0.06901520 -0.04687678 0.16367160 241 228 88 0.000000
-0.06757072 -0.04722166 0.16359474 241 227 83 0.000000
-0.06758881 -0.05128436 0.16368927 247 235 92 0.000000
-0.06756104 -0.05182459 0.16369611 249 237 93 0.000000
-0.06722239 -0.04528555 0.16350719 244 230 91 0.000000
-0.06727649 -0.04481215 0.16350956 244 229 86 0.000000
-0.06734779 -0.04431213 0.16350570 231 218 80 0.000000
-0.06733542 -0.04848989 0.16362450 229 219 80 0.000000
-0.06621630 -0.05607921 0.16342385 231 218 74 0.000000
-0.06730990 -0.04989966 0.16365322 244 232 93 0.000000
-0.06719089 -0.04571766 0.16352648 242 228 84 0.000000
-0.06703610 -0.04801989 0.16361025 240 227 85 0.000000
-0.06673488 -0.04409689 0.16344406 214 203 67 0.000000
-0.06585134 -0.05623816 0.16336527 233 220 76 0.000000
-0.06701452 -0.04945200 0.16361284 236 221 78 0.000000
-0.06593169 -0.05522743 0.16346906 229 218 77 0.000000
-0.06838570 -0.04779733 0.16367082 245 232 92 0.000000
-0.06834902 -0.04836149 0.16367562 236 223 85 0.000000
-0.06667358 -0.04837622 0.16359600 218 210 72 0.000000
-0.06807119 -0.04707513 0.16362070 241 228 86 0.000000
-0.06632637 -0.04373173 0.16338676 215 202 70 0.000000
-0.06632206 -0.04998692 0.16360717 243 228 84 0.000000
-0.06771372 -0.04666040 0.16358967 238 225 81 0.000000
-0.06632897 -0.04602998 0.16350701 220 209 69 0.000000
-0.06520175 -0.05533166 0.16338420 225 212 77 0.000000
-0.06812569 -0.05034462 0.16370922 239 227 85 0.000000
-0.06612215 -0.04810626 0.16356717 231 215 78 0.000000
-0.06592263 -0.04635055 0.16348758 223 209 71 0.000000
-0.06599760 -0.04956575 0.16358879 241 227 82 0.000000
-0.06588242 -0.04465759 0.16342324 218 207 71 0.000000
-0.06748410 -0.04795094 0.16363317 244 231 88 0.000000
-0.06736019 -0.04884696 0.16361172 223 213 77 0.000000
-0.06595499 -0.04365905 0.16336432 218 207 75 0.000000
-0.06581699 -0.04586797 0.16347781 215 201 69 0.000000
-0.06580684 -0.04520162 0.16344787 214 203 68 0.000000
-0.06724331 -0.04752586 0.16360384 243 229 85 0.000000
-0.06541045 -0.04633185 0.16347678 215 206 68 0.000000
-0.06458234 -0.05498388 0.16337165 220 206 71 0.000000
-0.06555432 -0.04421348 0.16337629 223 212 80 0.000000
-0.06411391 -0.05891460 0.16332239 214 206 75 0.000000
-0.06256007 -0.03979829 0.16328008 215 202 66 0.000000
-0.06517643 -0.04595678 0.16343749 213 200 67 0.000000
-0.06699777 -0.04709144 0.16356911 217 207 73 0.000000
-0.06533384 -0.04685028 0.16349852 206 201 71 0.000000
-0.06532191 -0.04362633 0.16330388 230 216 82 0.000000
-0.06714748 -0.05043018 0.16365337 243 231 90 0.000000
-0.06712884 -0.05114907 0.16365784 240 227 86 0.000000
-0.06514584 -0.04533172 0.16341437 219 208 74 0.000000
-0.06384933 -0.05791763 0.16328602 218 204 89 0.000000
-0.06412797 -0.05520369 0.16332197 226 217 81 0.000000
-0.06363830 -0.05913406 0.16332570 212 199 71 0.000000
-0.06372115 -0.05863811 0.16330028 214 203 88 0.000000
-0.06394711 -0.05723819 0.16330186 228 214 78 0.000000
-0.06480797 -0.04638588 0.16345274 194 186 67 0.000000
-0.06450157 -0.04916720 0.16348262 230 217 73 0.000000
-0.06432293 -0.05051998 0.16348594 227 214 75 0.000000
-0.06650332 -0.04785369 0.16359109 229 217 76 0.000000
-0.06448091 -0.04691322 0.16345799 201 192 66 0.000000
-0.06518051 -0.05800947 0.16330789 221 211 73 0.000000
-0.06659835 -0.04960619 0.16358282 232 222 77 0.000000
-0.06475876 -0.04568742 0.16340259 223 211 75 0.000000
-0.06431143 -0.04590700 0.16339490 219 207 75 0.000000
-0.06454933 -0.04369498 0.16324852 235 220 81 0.000000
-0.06356497 -0.05574338 0.16328421 239 226 83 0.000000
-0.06473867 -0.05835601 0.16327752 228 215 81 0.000000
-0.06466570 -0.04504040 0.16335659 229 217 77 0.000000
-0.06608528 -0.04750139 0.16355932 222 209 74 0.000000
-0.06455136 -0.04457711 0.16333389 233 220 82 0.000000
-0.06597961 -0.04703451 0.16352914 221 209 72 0.000000
-0.06481767 -0.05736618 0.16329779 225 211 73 0.000000
-0.06672543 -0.05361092 0.16360374 242 229 82 0.000000
-0.06488951 -0.05683072 0.16329920 222 209 79 0.000000
-0.06431826 -0.04737088 0.16345786 224 211 72 0.000000
-0.06370825 -0.04868464 0.16340750 193 188 62 0.000000
-0.06428081 -0.04615686 0.16340913 207 199 71 0.000000
-0.06357344 -0.05054090 0.16343574 216 209 73 0.000000
-0.06641769 -0.05315498 0.16359326 225 217 79 0.000000
-0.06348456 -0.05012603 0.16342799 198 190 64 0.000000
-0.06355678 -0.04955293 0.16339488 183 175 60 0.000000
-0.06321090 -0.05499560 0.16332342 244 230 88 0.000000
-0.06430878 -0.05833662 0.16328920 220 207 85 0.000000
-0.06489845 -0.05631088 0.16328456 238 223 82 0.000000
-0.06622381 -0.05271362 0.16358149 224 215 79 0.000000
-0.06416289 -0.04547514 0.16336812 231 217 78 0.000000
-0.06604409 -0.05036616 0.16358450 236 223 81 0.000000
-0.06378776 -0.04663453 0.16340712 216 204 70 0.000000
-0.06340327 -0.04909603 0.16336946 183 174 58 0.000000
-0.06619357 -0.05228308 0.16357827 205 200 79 0.000000
-0.06390719 -0.04459421 0.16330729 235 222 82 0.000000
-0.06602708 -0.05175137 0.16357312 205 198 79 0.000000
-0.06588893 -0.05114058 0.16357139 217 207 72 0.000000
-0.06364144 -0.04606397 0.16338345 223 211 76 0.000000
-0.06348830 -0.04702417 0.16340597 221 209 74 0.000000
-0.06550041 -0.04793802 0.16352613 238 224 82 0.000000
-0.06289320 -0.05599020 0.16331673 231 219 78 0.000000
-0.06387151 -0.04505414 0.16333385 237 221 81 0.000000
-0.06367763 -0.04363858 0.16323966 226 215 72 0.000000
-0.06436182 -0.05703026 0.16330779 231 216 80 0.000000
-0.06548131 -0.04926577 0.16354956 241 229 85 0.000000
-0.06348407 -0.04559443 0.16334638 228 214 77 0.000000
-0.06365065 -0.04419864 0.16326302 229 219 79 0.000000
-0.06494388 -0.04753479 0.16349804 234 219 78 0.000000
-0.06337150 -0.04466325 0.16330037 230 215 80 0.000000
-0.06300951 -0.04842724 0.16338298 205 196 64 0.000000
-0.06343980 -0.04768099 0.16341133 225 214 78 0.000000
-0.06276168 -0.04888022 0.16334178 195 185 61 0.000000
-0.06821976 -0.04990371 0.16370255 238 226 88 0.000000
-0.06564152 -0.05382523 0.16351324 225 210 71 0.000000
-0.06407461 -0.05599223 0.16327548 231 219 77 0.000000
-0.06327593 -0.04505935 0.16332228 223 211 77 0.000000
-0.06270529 -0.04794266 0.16338480 219 205 74 0.000000
-0.06289795 -0.04660925 0.16336419 202 192 63 0.000000
-0.06260189 -0.05006077 0.16335760 214 201 62 0.000000
-0.06316222 -0.04366781 0.16324735 214 202 66 0.000000
-0.06543603 -0.05340231 0.16352127 219 207 72 0.000000
-0.06281743 -0.04607468 0.16335033 214 199 70 0.000000
-0.06309249 -0.04424219 0.16327420 217 204 65 0.000000
-0.06270441 -0.04698705 0.16335833 197 186 62 0.000000
-0.06365074 -0.05664750 0.16330859 243 229 86 0.000000
-0.06205955 -0.05510512 0.16330878 217 208 75 0.000000
-0.06527790 -0.05290905 0.16353501 218 210 75 0.000000
-0.06276942 -0.05939358 0.16331483 220 210 73 0.000000
-0.06261112 -0.04744245 0.16336958 205 194 65 0.000000
-0.06475408 -0.05047135 0.16351932 226 214 71 0.000000
-0.06511553 -0.05247446 0.16352616 226 213 75 0.000000
-0.06268473 -0.04533275 0.16332982 217 205 73 0.000000
-0.06367482 -0.05615893 0.16329660 243 229 83 0.000000
-0.06498693 -0.05202524 0.16351746 234 220 81 0.000000
-0.06281766 -0.04390556 0.16326761 210 198 62 0.000000
-0.06424506 -0.04781029 0.16346447 236 222 83 0.000000
-0.06479508 -0.05092912 0.16352409 224 215 77 0.000000
-0.06541494 -0.05664615 0.16330487 232 220 80 0.000000
-0.06474376 -0.05156926 0.16351862 234 221 79 0.000000
-0.06199871 -0.04860883 0.16335502 218 205 71 0.000000
-0.06202765 -0.04792843 0.16336878 217 204 74 0.000000
-0.06192827 -0.04920389 0.16332822 210 199 65 0.000000
-0.06236371 -0.04372750 0.16326898 215 203 70 0.000000
-0.06287717 -0.05806831 0.16332461 212 201 73 0.000000
-0.06238435 -0.04469983 0.16330943 217 204 72 0.000000
-0.06316652 -0.05541690 0.16329537 241 229 85 0.000000
-0.06286469 -0.05662426 0.16333014 231 219 77 0.000000
-0.06238417 -0.04653205 0.16333956 201 190 62 0.000000
-0.06178121 -0.05045092 0.16333009 178 169 48 0.000000
-0.06202871 -0.04624650 0.16334178 213 202 67 0.000000
-0.06488335 -0.05476392 0.16341436 215 203 73 0.000000
-0.06248273 -0.04584081 0.16333616 224 209 74 0.000000
-0.06466156 -0.05380223 0.16347222 241 226 82 0.000000
-0.06128585 -0.05545671 0.16328986 226 216 79 0.000000
-0.06196399 -0.04696289 0.16334969 201 188 66 0.000000
-0.06462917 -0.05423659 0.16343828 228 217 76 0.000000
-0.06171947 -0.04994176 0.16332379 182 173 52 0.000000
-0.06192469 -0.04742789 0.16335252 209 198 65 0.000000
-0.06195262 -0.05963187 0.16330440 242 228 87 0.000000
-0.06189785 -0.04571823 0.16333875 228 214 76 0.000000
-0.06225455 -0.04707209 0.16334608 193 182 59 0.000000
-0.06222868 -0.04416203 0.16329315 218 205 70 0.000000
-0.06184876 -0.04528614 0.16333424 223 211 74 0.000000
-0.06445349 -0.05335347 0.16347928 238 226 84 0.000000
-0.06693038 -0.04900746 0.16360618 221 211 71 0.000000
-0.06415963 -0.05222332 0.16349763 240 227 82 0.000000
-0.06399099 -0.05109828 0.16348556 230 219 75 0.000000
-0.06421915 -0.05293667 0.16347626 237 225 82 0.000000
-0.06448500 -0.05551668 0.16331483 229 216 75 0.000000
-0.06397894 -0.05174810 0.16349597 240 226 82 0.000000
-0.06348506 -0.04825461 0.16340613 216 209 73 0.000000
-0.06218502 -0.05690541 0.16333547 233 220 75 0.000000
-0.06257207 -0.05537193 0.16330104 236 224 79 0.000000
-0.06196587 -0.05781933 0.16332166 213 204 79 0.000000
-0.06439658 -0.05750254 0.16329874 224 212 77 0.000000
-0.06169070 -0.05820492 0.16331907 196 191 78 0.000000
-0.06120152 -0.05932946 0.16326877 199 196 75 0.000000
-0.06306133 -0.04759137 0.16338941 206 201 69 0.000000
-0.06053710 -0.05532405 0.16325703 248 235 90 0.000000
-0.06203429 -0.05580029 0.16331586 231 218 78 0.000000
-0.06352650 -0.05380999 0.16340363 232 221 80 0.000000
-0.06370274 -0.05527845 0.16332056 238 226 90 0.000000
-0.06359914 -0.05433672 0.16338247 228 216 81 0.000000
-0.06318937 -0.05217654 0.16344348 230 217 78 0.000000
-0.06018771 -0.05496395 0.16322701 234 224 80 0.000000
-0.06129385 -0.05713121 0.16331989 204 194 72 0.000000
-0.06137114 -0.05679710 0.16331410 207 198 75 0.000000
-0.06349587 -0.05474119 0.16335183 238 224 87 0.000000
-0.06317696 -0.05262014 0.16342591 234 222 80 0.000000
-0.06116006 -0.05384028 0.16332456 239 226 84 0.000000
-0.06323836 -0.05336064 0.16340381 236 225 78 0.000000
-0.06297635 -0.05132679 0.16342461 228 213 76 0.000000
-0.06102424 -0.05758348 0.16329354 220 210 80 0.000000
-0.06294867 -0.05175650 0.16342458 224 212 73 0.000000
-0.06103912 -0.05267661 0.16338181 236 223 80 0.000000
-0.06050557 -0.05904825 0.16324367 234 222 82 0.000000
-0.06149094 -0.05597801 0.16331486 233 219 80 0.000000
-0.06278252 -0.05085419 0.16340363 230 215 73 0.000000
-0.06089170 -0.05477887 0.16328473 242 227 84 0.000000
-0.06087043 -0.05426824 0.16329855 238 224 79 0.000000
-0.06309285 -0.04951879 0.16335371 197 187 62 0.000000
-0.06254591 -0.05381346 0.16335393 219 211 77 0.000000
-0.06041012 -0.05390046 0.16331153 215 208 71 0.000000
-0.06086348 -0.05507070 0.16327870 245 230 86 0.000000
-0.06223627 -0.05273390 0.16338563 210 202 71 0.000000
-0.06239878 -0.05331973 0.16336554 201 193 69 0.000000
-0.06203526 -0.05219836 0.16338590 227 212 76 0.000000
-0.06225561 -0.04960654 0.16332377 199 190 61 0.000000
-0.06004546 -0.05421764 0.16325267 215 204 69 0.000000
-0.06154073 -0.04898220 0.16334037 214 201 67 0.000000
-0.06012667 -0.05667103 0.16323446 229 219 80 0.000000
-0.05922472 -0.05955413 0.16315535 250 239 93 0.000000
-0.06167893 -0.05187276 0.16337553 223 209 70 0.000000
-0.06209266 -0.04997859 0.16332014 188 182 55 0.000000
-0.06206408 -0.05438500 0.16331998 228 216 75 0.000000
-0.06237144 -0.05722678 0.16331609 238 223 82 0.000000
-0.05893888 -0.06022396 0.16312341 250 239 91 0.000000
-0.05974430 -0.05712054 0.16319163 217 209 73 0.000000
-0.05977101 -0.05467110 0.16323861 229 217 77 0.000000
-0.05859379 -0.06063397 0.16306029 251 238 92 0.000000
-0.06151000 -0.05350833 0.16335237 231 218 77 0.000000
-0.06009357 -0.05546511 0.16322540 231 223 80 0.000000
-0.06119829 -0.05117695 0.16337286 181 173 55 0.000000
-0.06208248 -0.05833816 0.16332939 214 206 81 0.000000
-0.06135448 -0.05305299 0.16336927 236 220 76 0.000000
-0.06159050 -0.04942527 0.16334143 198 188 56 0.000000
-0.06116017 -0.05194529 0.16337712 223 212 74 0.000000
-0.06133313 -0.04976159 0.16334550 187 178 50 0.000000
-0.06126565 -0.05430143 0.16331576 242 229 85 0.000000
-0.05839282 -0.05893384 0.16309141 237 224 80 0.000000
-0.06087831 -0.05363921 0.16334033 240 227 83 0.000000
-0.06060564 -0.05206840 0.16338170 212 201 70 0.000000
-0.06060707 -0.05250053 0.16337584 225 211 71 0.000000
-0.06057543 -0.05318537 0.16334379 240 228 81 0.000000
-0.06542245 -0.05854293 0.16332059 245 233 90 0.000000
-0.06493968 -0.05909667 0.16332807 245 233 92 0.000000
-0.06570765 -0.04833034 0.16352151 232 219 81 0.000000
-0.06244403 -0.03938439 0.16327117 207 197 68 0.000000
-0.06705743 -0.05158462 0.16366088 243 231 89 0.000000
-0.06195749 -0.05385059 0.16333857 225 212 78 0.000000
-0.06182006 -0.05302002 0.16337098 203 197 67 0.000000
-0.06665879 -0.05278772 0.16362070 246 231 86 0.000000
-0.06095538 -0.05329943 0.16334487 244 229 87 0.000000
-0.06250675 -0.05581755 0.16331875 234 221 80 0.000000
-0.06386294 -0.05391023 0.16339199 235 224 78 0.000000
-0.06616400 -0.05353208 0.16356258 208 198 70 0.000000
-0.06629934 -0.05402925 0.16355674 221 208 71 0.000000
-0.06292261 -0.05459660 0.16332862 238 224 79 0.000000
-0.06806731 -0.04446371 0.16351441 227 215 78 0.000000
-0.06005747 -0.05358262 0.16330959 221 211 73 0.000000
-0.06832312 -0.04515912 0.16358103 225 214 75 0.000000
-0.06037156 -0.05451848 0.16327605 220 210 73 0.000000
-0.06723310 -0.04335525 0.16342467 226 214 71 0.000000
-0.06511539 -0.05405367 0.16347304 234 221 77 0.000000
-0.06854235 -0.04740374 0.16365232 240 228 90 0.000000
-0.06642922 -0.04271316 0.16333759 211 198 70 0.000000
-0.06755429 -0.04619540 0.16356762 230 218 77 0.000000
-0.06244327 -0.05186973 0.16340783 232 216 79 0.000000
-0.06622842 -0.05557775 0.16346401 230 217 78 0.000000
-0.06666162 -0.05501217 0.16352740 208 198 71 0.000000
-0.06641416 -0.05460958 0.16353878 209 201 71 0.000000
-0.06572308 -0.05583498 0.16338848 240 225 81 0.000000
-0.06616196 -0.04507801 0.16344559 216 203 71 0.000000
-0.06590626 -0.05474561 0.16347094 218 205 72 0.000000
-0.06670906 -0.04634545 0.16353126 220 208 74 0.000000
-0.06317327 -0.05378908 0.16338256 239 223 82 0.000000
-0.06200546 -0.04356860 0.16326000 221 207 75 0.000000
-0.06543501 -0.05501602 0.16343182 227 216 76 0.000000
-0.06716348 -0.05212775 0.16367196 249 236 94 0.000000
-0.06889445 -0.04553971 0.16361684 223 215 76 0.000000
-0.06563520 -0.05417456 0.16348878 228 214 74 0.000000
-0.06555296 -0.04553836 0.16345055 215 201 66 0.000000
-0.06511364 -0.04461342 0.16335922 227 213 79 0.000000
-0.06480850 -0.05517750 0.16334017 220 209 70 0.000000
-0.06786751 -0.04585022 0.16358936 229 218 76 0.000000
-0.06508186 -0.04893148 0.16351955 240 225 84 0.000000
-0.06514056 -0.05453761 0.16343254 219 211 71 0.000000
-0.06573613 -0.04332390 0.16332792 223 210 75 0.000000
-0.06300963 -0.05567381 0.16330543 235 225 79 0.000000
-0.06655674 -0.04506695 0.16346148 232 218 73 0.000000
-0.06573144 -0.04667138 0.16350986 227 214 75 0.000000
-0.06273314 -0.05506435 0.16332522 235 223 81 0.000000
-0.06251990 -0.05467582 0.16332962 232 220 77 0.000000
-0.06667913 -0.04880563 0.16359037 216 206 71 0.000000
-0.06239054 -0.05417490 0.16333516 229 217 82 0.000000
-0.06416660 -0.04350888 0.16324645 230 217 75 0.000000
-0.06475629 -0.04854383 0.16349930 237 224 83 0.000000
-0.06377548 -0.04323439 0.16321862 219 206 69 0.000000
-0.06650519 -0.04730347 0.16355598 215 203 66 0.000000
-0.06424356 -0.04443973 0.16330540 234 222 82 0.000000
-0.06613365 -0.04857870 0.16355611 228 215 76 0.000000
-0.06286162 -0.04342669 0.16323552 212 200 66 0.000000
-0.06425559 -0.04657964 0.16342440 200 191 67 0.000000
-0.06498843 -0.05345608 0.16350041 235 220 75 0.000000
-0.06505510 -0.04705755 0.16349497 210 198 67 0.000000
-0.06320923 -0.04692766 0.16338736 209 200 72 0.000000
-0.06407749 -0.05429628 0.16338909 230 219 79 0.000000
-0.06566121 -0.05006927 0.16357145 234 222 80 0.000000
-0.06490218 -0.04947701 0.16351515 236 224 80 0.000000
-0.06682096 -0.05097593 0.16363440 241 228 84 0.000000
-0.06179888 -0.05555347 0.16330548 216 207 75 0.000000
-0.06437229 -0.04825510 0.16347611 237 222 82 0.000000
-0.06473176 -0.05298701 0.16350545 235 221 81 0.000000
-0.06153764 -0.05462159 0.16331838 224 213 80 0.000000
-0.06157070 -0.05510804 0.16330008 209 199 70 0.000000
-0.06377337 -0.05333577 0.16342840 240 226 81 0.000000
-0.06522078 -0.05124472 0.16353460 229 214 71 0.000000
-0.06618544 -0.05695429 0.16334847 232 220 77 0.000000
-0.06269363 -0.05246683 0.16339852 230 216 77 0.000000
-0.06310976 -0.05419891 0.16336198 234 221 76 0.000000
-0.06631863 -0.05523853 0.16349974 213 205 74 0.000000
-0.06269226 -0.05422630 0.16334194 236 220 81 0.000000
-0.06726097 -0.04659730 0.16356298 226 215 75 0.000000
-0.06223665 -0.04510066 0.16332659 217 206 70 0.000000
-0.06163730 -0.05400588 0.16333325 235 221 83 0.000000
-0.05928543 -0.05897377 0.16316573 243 230 85 0.000000
-0.06262490 -0.04436266 0.16328999 210 199 66 0.000000
-0.06449975 -0.05155927 0.16351220 237 223 81 0.000000
-0.06392237 -0.05486430 0.16334799 229 218 83 0.000000
-0.06121330 -0.05629664 0.16330442 231 218 80 0.000000
-0.06115609 -0.05497806 0.16329603 233 220 80 0.000000
-0.06329831 -0.04639167 0.16337882 222 208 72 0.000000
-0.06327046 -0.04730711 0.16340011 207 203 73 0.000000
-0.06083363 -0.05600355 0.16327943 243 230 87 0.000000
-0.06470388 -0.04999943 0.16350697 233 219 77 0.000000
-0.06354079 -0.05201170 0.16346496 237 224 81 0.000000
-0.06116227 -0.05980692 0.16326939 184 177 73 0.000000
-0.06439500 -0.05107337 0.16350171 224 213 69 0.000000
-0.06181675 -0.04419198 0.16330759 223 211 75 0.000000
-0.06394365 -0.04920708 0.16343300 187 179 60 0.000000
-0.06189001 -0.04468785 0.16331483 220 208 75 0.000000
-0.06629761 -0.04663220 0.16351439 216 205 66 0.000000
-0.06208973 -0.04219930 0.16321422 201 191 60 0.000000
-0.06392159 -0.04991411 0.16344543 200 194 68 0.000000
-0.06779150 -0.04427724 0.16348681 228 215 78 0.000000
-0.06233671 -0.04172108 0.16323876 210 199 70 0.000000
-0.06563544 -0.04744278 0.16351144 230 215 76 0.000000
-0.06486215 -0.04801514 0.16349135 239 224 83 0.000000
-0.06679225 -0.04371426 0.16339663 212 201 66 0.000000
-0.06428923 -0.04877071 0.16346335 224 213 74 0.000000
-0.06229802 -0.05118895 0.16338618 213 205 64 0.000000
-0.06409281 -0.04841856 0.16344781 229 215 75 0.000000
-0.06105715 -0.05237194 0.16339326 234 220 78 0.000000
-0.06021095 -0.05625156 0.16322887 240 225 83 0.000000
-0.06231926 -0.05049838 0.16334864 197 188 59 0.000000
-0.05990319 -0.05394582 0.16327977 218 207 69 0.000000
-0.06362626 -0.05734424 0.16332050 229 216 77 0.000000
-0.06041947 -0.05351961 0.16332707 230 216 74 0.000000
-0.06169381 -0.05092370 0.16336021 179 171 52 0.000000
-0.06402633 -0.05252091 0.16346560 236 224 83 0.000000
-0.06073680 -0.05171097 0.16338047 204 196 64 0.000000
-0.06233367 -0.04918371 0.16333102 208 196 66 0.000000
-0.06171556 -0.05532930 0.16329806 209 197 67 0.000000
-0.06119630 -0.05073045 0.16336389 180 171 52 0.000000
-0.06130787 -0.05027536 0.16334203 181 170 51 0.000000
-0.06330298 -0.04340673 0.16322066 213 202 67 0.000000
-0.06401184 -0.04582169 0.16337939 219 210 76 0.000000
-0.06588957 -0.05778599 0.16332492 231 219 81 0.000000
-0.06089126 -0.05145318 0.16337924 191 182 59 0.000000
-0.06277342 -0.05202556 0.16342586 231 217 74 0.000000
-0.05910698 -0.05807950 0.16313344 221 210 71 0.000000
-0.06309656 -0.04199383 0.16320859 208 195 65 0.000000
-0.06183487 -0.04105303 0.16328967 213 201 73 0.000000
-0.06227819 -0.04828570 0.16336238 212 200 70 0.000000
-0.06191682 -0.04048788 0.16329347 197 191 65 0.000000
-0.06146332 -0.04047924 0.16328681 198 186 66 0.000000
-0.06699944 -0.04867791 0.16359793 223 211 72 0.000000
-0.06674998 -0.05185559 0.16363621 237 227 94 0.000000
-0.06507120 -0.04999002 0.16353284 230 217 80 0.000000
-0.06738623 -0.05248313 0.16367269 246 234 88 0.000000
-0.06810587 -0.04502698 0.16356403 231 216 78 0.000000
-0.06634413 -0.04341315 0.16337295 214 202 67 0.000000
-0.06555807 -0.05205641 0.16352786 208 197 70 0.000000
-0.06518965 -0.04431194 0.16331701 227 217 81 0.000000
-0.06683142 -0.04516876 0.16343403 242 228 81 0.000000
-0.06478532 -0.04108125 0.16325639 202 191 69 0.000000
-0.06551848 -0.04219585 0.16324824 208 197 65 0.000000
-0.06914444 -0.04574772 0.16363545 241 228 80 0.000000
-0.06425443 -0.04491698 0.16334870 233 220 82 0.000000
-0.06687221 -0.04768417 0.16357180 236 224 78 0.000000
-0.06739570 -0.04900029 0.16360906 226 213 79 0.000000
-0.06019783 -0.05750694 0.16321693 242 229 80 0.000000
-0.06030084 -0.05321688 0.16333094 232 217 76 0.000000
-0.06691372 -0.05393301 0.16358250 244 230 82 0.000000
-0.06021899 -0.05576469 0.16324118 242 230 84 0.000000
-0.06568662 -0.05547829 0.16342001 243 228 85 0.000000
-0.06698856 -0.05276439 0.16362907 248 234 89 0.000000
-0.06204659 -0.05479511 0.16331401 218 208 73 0.000000
-0.06016729 -0.05796542 0.16322194 241 230 85 0.000000
-0.06733628 -0.05075398 0.16364907 241 229 89 0.000000
-0.06430312 -0.05257095 0.16349745 237 226 84 0.000000
-0.06004882 -0.05960664 0.16321547 245 235 89 0.000000
-0.06745781 -0.04935939 0.16360706 236 225 86 0.000000
-0.06616380 -0.04557603 0.16348502 214 206 70 0.000000
-0.06488498 -0.04344194 0.16323905 231 219 80 0.000000
-0.06519811 -0.04834329 0.16350073 243 228 88 0.000000
-0.06753396 -0.04506769 0.16348477 244 229 86 0.000000
-0.06414855 -0.04893890 0.16345063 209 202 71 0.000000
-0.06310341 -0.04906804 0.16331299 187 180 61 0.000000
-0.06315437 -0.04676349 0.16338019 209 199 76 0.000000
-0.06496797 -0.04185676 0.16324523 206 195 71 0.000000
-0.05972349 -0.05950052 0.16319369 249 237 95 0.000000
-0.06315541 -0.04268698 0.16320662 207 194 65 0.000000
-0.06545161 -0.04991549 0.16355598 238 225 81 0.000000
-0.06243358 -0.04868675 0.16331978 204 194 65 0.000000
-0.06392270 -0.04003723 0.16326517 210 202 71 0.000000
-0.06517903 -0.05702455 0.16331930 219 207 76 0.000000
-0.06860662 -0.04802287 0.16366048 242 227 92 0.000000
-0.06269907 -0.05853154 0.16333811 219 205 78 0.000000
-0.06416249 -0.05635070 0.16328341 236 222 76 0.000000
-0.06415793 -0.05370400 0.16343494 247 233 84 0.000000
-0.06377344 -0.04281788 0.16318870 209 199 69 0.000000
-0.06462500 -0.05232485 0.16351661 243 228 86 0.000000
-0.06053659 -0.05609896 0.16325949 246 232 90 0.000000
-0.05965062 -0.05650295 0.16319662 216 206 68 0.000000
-0.06188172 -0.05286209 0.16337885 212 200 66 0.000000
-0.06146433 -0.05252038 0.16338146 224 212 73 0.000000
-0.06407232 -0.04967889 0.16344878 196 191 67 0.000000
-0.06175197 -0.05127759 0.16336466 190 183 58 0.000000
-0.06276865 -0.04946034 0.16332453 204 192 64 0.000000
-0.06340419 -0.04019913 0.16327012 219 208 72 0.000000
-0.06292535 -0.04464374 0.16329369 213 203 68 0.000000
-0.06900949 -0.04613258 0.16364482 241 229 85 0.000000
-0.06729501 -0.04376177 0.16345792 225 214 72 0.000000
-0.06751586 -0.04568842 0.16355491 237 225 85 0.000000
-0.06608764 -0.04233816 0.16329771 202 192 66 0.000000
-0.06596152 -0.04295907 0.16332607 218 206 71 0.000000
-0.06644605 -0.05184332 0.16360681 219 213 94 0.000000
-0.06650833 -0.05227067 0.16361368 227 219 88 0.000000
-0.06702253 -0.05324234 0.16364123 246 234 92 0.000000
-0.06681823 -0.04304081 0.16337891 214 201 67 0.000000
-0.06572555 -0.04182158 0.16326508 214 199 66 0.000000
-0.06686794 -0.04454203 0.16347267 230 217 75 0.000000
-0.06553466 -0.04282332 0.16329049 220 207 75 0.000000
-0.06538191 -0.04137103 0.16325645 210 199 69 0.000000
-0.06521894 -0.04186530 0.16324960 210 198 70 0.000000
-0.06669270 -0.04673856 0.16353236 211 201 64 0.000000
-0.06519672 -0.04314051 0.16325758 224 214 77 0.000000
-0.06516630 -0.04251857 0.16325146 216 205 70 0.000000
-0.06511610 -0.04094172 0.16327603 210 198 67 0.000000
-0.06436004 -0.04964560 0.16347429 218 210 70 0.000000
-0.06585289 -0.05309305 0.16355181 216 204 70 0.000000
-0.06486997 -0.04148083 0.16325022 201 189 69 0.000000
-0.06572472 -0.05267840 0.16355653 210 199 71 0.000000
-0.06568771 -0.04248436 0.16328242 212 199 67 0.000000
-0.05977316 -0.05517322 0.16322422 226 215 76 0.000000
-0.06444759 -0.04021828 0.16330002 235 221 81 0.000000
-0.06463051 -0.04308439 0.16324253 227 214 73 0.000000
-0.06078627 -0.05853208 0.16325019 226 215 81 0.000000
-0.06438108 -0.04073643 0.16329007 224 214 78 0.000000
-0.06442596 -0.04265211 0.16322209 217 206 67 0.000000
-0.06441941 -0.04133852 0.16325328 202 191 65 0.000000
-0.06428169 -0.04216930 0.16322438 212 202 67 0.000000
-0.06421900 -0.04175182 0.16324492 211 198 63 0.000000
-0.05971877 -0.05591512 0.16321199 227 212 73 0.000000
-0.06411474 -0.03976803 0.16329218 219 207 70 0.000000
-0.06795314 -0.04523111 0.16355981 231 221 80 0.000000
-0.06385352 -0.04035527 0.16328427 229 216 74 0.000000
-0.06774587 -0.04470671 0.16352946 234 222 80 0.000000
-0.06258450 -0.04843354 0.16337095 209 198 63 0.000000
-0.06478491 -0.04227909 0.16323780 215 202 67 0.000000
-0.06384373 -0.03939677 0.16328549 204 196 67 0.000000
-0.06355139 -0.04084879 0.16328137 234 221 75 0.000000
-0.06372169 -0.04247158 0.16320609 206 197 67 0.000000
-0.06306451 -0.05001497 0.16339032 204 193 65 0.000000
-0.06455329 -0.05875824 0.16331489 231 220 79 0.000000
-0.05968357 -0.05759291 0.16319047 223 212 72 0.000000
-0.06797834 -0.04624042 0.16360062 232 218 79 0.000000
-0.06452994 -0.05794441 0.16328879 221 207 81 0.000000
-0.06347541 -0.04142323 0.16324320 228 213 76 0.000000
-0.06467541 -0.04429022 0.16330126 232 220 86 0.000000
-0.06344823 -0.04201598 0.16322108 209 198 70 0.000000
-0.06016022 -0.05927910 0.16322507 242 231 85 0.000000
-0.06349655 -0.04289201 0.16319989 207 197 68 0.000000
-0.06357050 -0.05145307 0.16346787 230 219 81 0.000000
-0.06036231 -0.05987012 0.16323356 219 214 82 0.000000
-0.06413483 -0.05922746 0.16333905 214 207 73 0.000000
-0.06680159 -0.04347855 0.16340260 210 201 67 0.000000
-0.06402393 -0.04097004 0.16328344 231 219 81 0.000000
-0.06415476 -0.05668604 0.16330217 237 222 79 0.000000
-0.05925798 -0.05724772 0.16316366 217 207 72 0.000000
-0.06399063 -0.05762564 0.16329792 219 207 85 0.000000
-0.06336893 -0.05100952 0.16345035 227 216 79 0.000000
-0.06314514 -0.04044121 0.16329312 225 213 75 0.000000
-0.06382878 -0.05825818 0.16328378 216 203 88 0.000000
-0.06313556 -0.04091708 0.16328719 225 213 74 0.000000
-0.06311274 -0.03991855 0.16328773 214 203 71 0.000000
-0.06297582 -0.05046064 0.16340813 217 205 68 0.000000
-0.06417191 -0.04308600 0.16321789 220 211 70 0.000000
-0.06390084 -0.04145027 0.16326001 222 209 72 0.000000
-0.06385302 -0.04191829 0.16323856 227 211 74 0.000000
-0.06287521 -0.03954894 0.16327758 210 200 66 0.000000
-0.06337555 -0.05784152 0.16331436 215 205 77 0.000000
-0.06640627 -0.04307792 0.16335763 211 199 66 0.000000
-0.06298782 -0.04298636 0.16321179 208 197 65 0.000000
-0.06287701 -0.04135739 0.16326338 213 200 71 0.000000
-0.06287591 -0.04234264 0.16322939 206 193 65 0.000000
-0.06310377 -0.05879990 0.16333348 213 203 82 0.000000
-0.06314466 -0.05834882 0.16332066 214 204 84 0.000000
-0.06337014 -0.05689545 0.16332421 237 224 82 0.000000
-0.06700931 -0.04610795 0.16353476 232 219 78 0.000000
-0.06316154 -0.05928898 0.16332600 217 205 76 0.000000
-0.06280499 -0.04190327 0.16324186 211 199 67 0.000000
-0.06317887 -0.05735148 0.16333131 220 209 75 0.000000
-0.06320768 -0.05634318 0.16331637 236 223 79 0.000000
-0.06385423 -0.04722952 0.16343157 224 211 79 0.000000
-0.06318565 -0.04167457 0.16323745 213 203 72 0.000000
-0.06218312 -0.04090855 0.16330275 214 203 71 0.000000
-0.06325133 -0.04236958 0.16320977 204 192 64 0.000000
-0.06213547 -0.04045099 0.16329841 207 197 70 0.000000
-0.06212648 -0.04306334 0.16325973 214 201 64 0.000000
-0.06206013 -0.04137697 0.16328011 208 195 67 0.000000
-0.06257366 -0.05760733 0.16332723 221 211 76 0.000000
-0.06190770 -0.03929775 0.16327520 207 197 68 0.000000
-0.06190754 -0.04002125 0.16329455 198 188 59 0.000000
-0.06257541 -0.04107848 0.16329402 212 201 69 0.000000
-0.06194073 -0.04263684 0.16325065 205 192 63 0.000000
-0.06263481 -0.05692307 0.16333182 233 222 78 0.000000
-0.06239227 -0.04008130 0.16328450 214 202 69 0.000000
-0.06248496 -0.05804725 0.16333860 228 213 74 0.000000
-0.06243348 -0.05633748 0.16333082 230 217 79 0.000000
-0.06227887 -0.05900696 0.16331297 231 217 79 0.000000
-0.06228958 -0.05959556 0.16331044 239 225 80 0.000000
-0.06235503 -0.05849025 0.16332968 229 216 77 0.000000
-0.06289443 -0.05304797 0.16339171 225 216 74 0.000000
-0.06224100 -0.03967707 0.16328274 208 199 68 0.000000
-0.06158869 -0.04075078 0.16328914 202 192 69 0.000000
-0.06253852 -0.04271781 0.16323851 204 194 67 0.000000
-0.06245317 -0.04151653 0.16326146 212 199 68 0.000000
-0.06459667 -0.05652343 0.16330326 237 224 81 0.000000
-0.06244091 -0.04219022 0.16323932 208 195 65 0.000000
-0.06118177 -0.03941125 0.16325426 220 205 80 0.000000
-0.06184166 -0.05688711 0.16333452 225 213 78 0.000000
-0.06179336 -0.05740796 0.16332141 216 207 74 0.000000
-0.06152460 -0.05958458 0.16328780 214 209 76 0.000000
-0.06174234 -0.05240860 0.16338432 219 209 72 0.000000
-0.06167611 -0.05915649 0.16328867 232 218 78 0.000000
-0.06358836 -0.03977386 0.16327772 203 196 69 0.000000
-0.06148596 -0.05869164 0.16329221 215 207 75 0.000000
-0.06129419 -0.05799834 0.16329518 201 191 77 0.000000
-0.06224611 -0.04755957 0.16336553 213 199 63 0.000000
-0.06073615 -0.05291339 0.16336378 233 225 79 0.000000
-0.06413118 -0.04392276 0.16323888 235 222 82 0.000000
-0.06069237 -0.05956743 0.16325253 203 196 80 0.000000
-0.06095135 -0.05892419 0.16326110 221 209 76 0.000000
-0.06051845 -0.06005058 0.16324221 207 198 80 0.000000
-0.06069055 -0.05735978 0.16327976 239 226 85 0.000000
-0.06067865 -0.05705464 0.16328797 238 225 80 0.000000
-0.06159240 -0.05654502 0.16331300 221 212 79 0.000000
-0.06060581 -0.05794740 0.16325688 242 229 85 0.000000
-0.06035833 -0.05844282 0.16322939 241 230 84 0.000000
-0.06071068 -0.05554364 0.16327095 249 235 91 0.000000
-0.05976082 -0.05980644 0.16319445 249 237 93 0.000000
-0.05991440 -0.05865603 0.16321509 247 234 88 0.000000
-0.06099664 -0.05815699 0.16327012 221 209 78 0.000000
-0.05972509 -0.05904669 0.16319890 248 234 91 0.000000
-0.05960051 -0.06030458 0.16318235 249 238 93 0.000000
-0.05976247 -0.05811966 0.16319409 238 225 83 0.000000
-0.06823387 -0.04635502 0.16359815 229 220 78 0.000000
-0.06384925 -0.04797194 0.16343443 232 218 78 0.000000
-0.06173982 -0.03964941 0.16328686 196 187 62 0.000000
-0.05942174 -0.05662362 0.16317755 211 203 70 0.000000
-0.06097294 -0.05913837 0.16325921 214 204 74 0.000000
-0.05931467 -0.05773857 0.16315119 218 207 72 0.000000
-0.05927189 -0.05839428 0.16316940 232 222 80 0.000000
-0.05886937 -0.05882984 0.16313457 225 217 82 0.000000
-0.05884619 -0.05814864 0.16313414 216 207 69 0.000000
-0.06611247 -0.04405785 0.16339819 217 206 75 0.000000
-0.06637556 -0.04449885 0.16342057 216 205 71 0.000000
-0.06668222 -0.04555452 0.16348755 241 227 83 0.000000
-0.05836999 -0.05984103 0.16306794 236 228 84 0.000000
-0.05810307 -0.06024165 0.16301730 242 231 88 0.000000
-0.05790288 -0.06072943 0.16297150 236 228 86 0.000000
-0.06769330 -0.05079177 0.16368541 243 230 87 0.000000
-0.06502157 -0.04401604 0.16330083 229 219 86 0.000000
-0.06634066 -0.04908998 0.16357784 227 214 76 0.000000
-0.06571328 -0.04882785 0.16354866 235 222 84 0.000000
-0.06651349 -0.05052156 0.16361052 240 229 85 0.000000
-0.06635966 -0.05110004 0.16359663 239 227 81 0.000000
-0.06259510 -0.04068614 0.16328618 218 206 69 0.000000
-0.06535124 -0.04974891 0.16354780 241 227 85 0.000000
-0.06539857 -0.05094542 0.16356432 220 209 74 0.000000
-0.06523197 -0.05044398 0.16355622 223 210 75 0.000000
-0.06207812 -0.04187674 0.16324569 202 192 67 0.000000
-0.06559945 -0.05143977 0.16354199 220 207 72 0.000000
-0.06139771 -0.03999293 0.16327983 196 185 66 0.000000
-0.06252100 -0.04334068 0.16323331 215 200 71 0.000000
-0.06313305 -0.04569596 0.16334808 222 210 76 0.000000
-0.06282741 -0.04480607 0.16330279 212 200 69 0.000000
-0.06571630 -0.05820061 0.16329470 239 225 81 0.000000
-0.06598755 -0.05758374 0.16332711 233 222 83 0.000000
-0.06511384 -0.05871441 0.16331641 244 233 91 0.000000
-0.06430831 -0.04999779 0.16347662 226 213 73 0.000000
-0.06581054 -0.05697395 0.16329555 236 222 80 0.000000
-0.06448243 -0.05183169 0.16351342 238 226 83 0.000000
-0.06225526 -0.04553923 0.16333622 222 210 69 0.000000
-0.06524937 -0.05736122 0.16331455 214 204 72 0.000000
-0.06392366 -0.05044200 0.16346724 229 216 77 0.000000
-0.06569663 -0.05644591 0.16332847 233 222 80 0.000000
-0.06524397 -0.05653059 0.16328834 231 219 81 0.000000
-0.06416696 -0.05790563 0.16327463 217 205 88 0.000000
-0.06494585 -0.05585600 0.16328967 233 220 80 0.000000
-0.06281699 -0.05896865 0.16333668 216 204 79 0.000000
-0.06431776 -0.05540593 0.16331248 228 217 75 0.000000
-0.06371722 -0.05284878 0.16344887 239 227 82 0.000000
-0.06371162 -0.05243920 0.16344804 235 224 83 0.000000
-0.06287664 -0.05716465 0.16333415 225 215 73 0.000000
-0.06011468 -0.06018836 0.16321598 235 228 86 0.000000
-0.06329037 -0.03935775 0.16326359 216 203 72 0.000000
-0.06204734 -0.05636643 0.16332664 231 219 81 0.000000
-0.06268767 -0.05286814 0.16339366 221 210 73 0.000000
-0.06281725 -0.05351956 0.16337076 229 216 78 0.000000
-0.06200772 -0.05154930 0.16338736 210 203 70 0.000000
-0.06408166 -0.04259347 0.16318476 213 202 67 0.000000
-0.06081250 -0.05666599 0.16328159 232 218 80 0.000000
-0.05869276 -0.05945466 0.16311161 241 232 87 0.000000
-0.06280296 -0.04030448 0.16327755 218 207 72 0.000000
-0.06035187 -0.05706796 0.16325785 243 228 80 0.000000
-0.06142978 -0.05151971 0.16338204 197 190 59 0.000000
-0.06203168 -0.05344586 0.16334653 200 191 72 0.000000
-0.06066559 -0.05412639 0.16331722 221 213 72 0.000000
-0.06601132 -0.05660526 0.16334666 234 221 75 0.000000
-0.06617311 -0.05501254 0.16349468 208 200 74 0.000000
-0.06525641 -0.05582999 0.16333310 234 222 81 0.000000
-0.06596143 -0.05443487 0.16351333 214 205 68 0.000000
-0.06548232 -0.05461663 0.16345960 226 212 73 0.000000
-0.06438737 -0.05466944 0.16338646 221 208 72 0.000000
-0.05923959 -0.05998989 0.16315612 252 240 94 0.000000
-0.06674664 -0.05437233 0.16357668 230 219 78 0.000000
-0.06602623 -0.05378282 0.16354242 211 200 68 0.000000
-0.06590214 -0.05243843 0.16356248 197 191 73 0.000000
-0.06326203 -0.04120729 0.16325016 222 211 72 0.000000
-0.06825900 -0.04891986 0.16365851 227 215 80 0.000000
-0.06776138 -0.04829849 0.16362520 235 224 82 0.000000
-0.06610957 -0.04909277 0.16357040 235 222 81 0.000000
-0.06646729 -0.04700734 0.16350563 212 201 69 0.000000
-0.06197261 -0.05924854 0.16330239 237 225 81 0.000000
-0.06449984 -0.04406576 0.16322646 234 222 85 0.000000
-0.06497560 -0.04274666 0.16323686 222 210 72 0.000000
-0.06580225 -0.05336762 0.16353990 211 201 68 0.000000
-0.06328896 -0.04868923 0.16335374 190 183 58 0.000000
-0.06696543 -0.04987417 0.16361247 242 231 84 0.000000
-0.06410343 -0.05558180 0.16329795 232 219 80 0.000000
-0.06600852 -0.05073229 0.16354445 227 217 79 0.000000
-0.06926853 -0.04614681 0.16366109 246 232 89 0.000000
-0.06844886 -0.04641417 0.16358495 231 221 80 0.000000
-0.06707778 -0.04662495 0.16355440 218 207 71 0.000000
-0.06192840 -0.05873632 0.16329025 227 213 78 0.000000
-0.06491379 -0.05779253 0.16330972 219 206 72 0.000000
-0.06728429 -0.04956254 0.16363493 242 228 86 0.000000
-0.06767148 -0.05031223 0.16367470 244 232 92 0.000000
-0.06683113 -0.05015550 0.16362791 244 231 86 0.000000
-0.06682774 -0.05238401 0.16363154 247 235 95 0.000000
-0.06562255 -0.05066175 0.16356908 220 209 74 0.000000
-0.06521636 -0.05167756 0.16352917 227 213 74 0.000000
-0.06476501 -0.05123995 0.16351935 230 218 83 0.000000
-0.06339132 -0.05300620 0.16342705 239 226 83 0.000000
-0.06545828 -0.05616041 0.16332939 234 223 79 0.000000
-0.06454677 -0.05606101 0.16329858 237 223 81 0.000000
-0.06554195 -0.05770981 0.16331343 222 211 76 0.000000
-0.06515974 -0.05840307 0.16330858 235 226 85 0.000000
-0.06112614 -0.05566997 0.16329676 239 224 81 0.000000
-0.05908505 -0.05661949 0.16315207 213 203 70 0.000000
-0.06591726 -0.05579847 0.16341247 239 225 79 0.000000
-0.06559443 -0.05714491 0.16331543 230 217 76 0.000000
-0.06318796 -0.05612145 0.16331188 235 219 77 0.000000
-0.06221388 -0.05077103 0.16334790 194 183 60 0.000000
-0.06597859 -0.04340136 0.16335133 219 206 75 0.000000
-0.06550401 -0.04482973 0.16341221 220 208 74 0.000000
-0.06552955 -0.04854500 0.16351113 235 223 85 0.000000
-0.06465738 -0.04763106 0.16348404 234 220 77 0.000000
-0.06626956 -0.05048906 0.16357633 237 224 82 0.000000
-0.06647090 -0.04864542 0.16355614 217 207 72 0.000000
-0.06258762 -0.03920625 0.16326615 207 199 71 0.000000
-0.06659400 -0.04911415 0.16356967 221 211 68 0.000000
-0.06334613 -0.04839438 0.16336158 205 200 69 0.000000
-0.06381606 -0.04754626 0.16340278 229 217 81 0.000000
-0.06663638 -0.05140223 0.16362227 234 224 91 0.000000
-0.06581421 -0.05520956 0.16345173 230 218 80 0.000000
-0.05977101 -0.05467110 0.16323861 229 217 77 0.000000
-0.05859379 -0.06063397 0.16306029 251 238 92 0.000000
-0.06260189 -0.05006077 0.16335760 214 201 62 0.000000
-0.06292535 -0.04464374 0.16329369 213 203 68 0.000000
-0.06256007 -0.03979829 0.16328008 215 202 66 0.000000
-0.06663638 -0.05140223 0.16362227 234 224 91 0.000000
-0.06021899 -0.05576469 0.16324118 242 230 84 0.000000
-0.06119829 -0.05117695 0.16337286 181 173 55 0.000000
-0.05908505 -0.05661949 0.16315207 213 203 70 0.000000
-0.06901520 -0.04687678 0.16367160 241 228 88 0.000000
-0.06441941 -0.04133852 0.16325328 202 191 65 0.000000
-0.06455329 -0.05875824 0.16331489 231 220 79 0.000000
-0.06542245 -0.05854293 0.16332059 245 233 90 0.000000
-0.06553466 -0.04282332 0.16329049 220 207 75 0.000000
-0.06387151 -0.04505414 0.16333385 237 221 81 0.000000
-0.06683142 -0.04516876 0.16343403 242 228 81 0.000000
-0.06409281 -0.04841856 0.16344781 229 215 75 0.000000
-0.06287591 -0.04234264 0.16322939 206 193 65 0.000000
-0.06727649 -0.04481215 0.16350956 244 229 86 0.000000
-0.06767148 -0.05031223 0.16367470 244 232 92 0.000000
-0.06004546 -0.05421764 0.16325267 215 204 69 0.000000
-0.06548232 -0.05461663 0.16345960 226 212 73 0.000000
-0.06225561 -0.04960654 0.16332377 199 190 61 0.000000
-0.06590214 -0.05243843 0.16356248 197 191 73 0.000000
-0.05976247 -0.05811966 0.16319409 238 225 83 0.000000
-0.05976247 -0.05811966 0.16319409 238 225 83 0.000000
-0.06416660 -0.04350888 0.16324645 230 217 75 0.000000
-0.06683113 -0.05015550 0.16362791 244 231 86 0.000000
-0.06348830 -0.04702417 0.16340597 221 209 74 0.000000
-0.06726097 -0.04659730 0.16356298 226 215 75 0.000000
-0.06489845 -0.05631088 0.16328456 238 223 82 0.000000
-0.06146332 -0.04047924 0.16328681 198 186 66 0.000000
-0.06327593 -0.04505935 0.16332228 223 211 77 0.000000
-0.06194073 -0.04263684 0.16325065 205 192 63 0.000000
-0.06057543 -0.05318537 0.16334379 240 228 81 0.000000
-0.06262490 -0.04436266 0.16328999 210 199 66 0.000000
-0.06493968 -0.05909667 0.16332807 245 233 92 0.000000
-0.06278252 -0.05085419 0.16340363 230 215 73 0.000000
-0.06585289 -0.05309305 0.16355181 216 204 70 0.000000
-0.06231926 -0.05049838 0.16334864 197 188 59 0.000000
-0.06812569 -0.05034462 0.16370922 239 227 85 0.000000
-0.06416696 -0.05790563 0.16327463 217 205 88 0.000000
-0.06385423 -0.04722952 0.16343157 224 211 79 0.000000
-0.06206408 -0.05438500 0.16331998 228 216 75 0.000000
-0.06030084 -0.05321688 0.16333094 232 217 76 0.000000
-0.06287664 -0.05716465 0.16333415 225 215 73 0.000000
-0.06619357 -0.05228308 0.16357827 205 200 79 0.000000
-0.06511539 -0.05405367 0.16347304 234 221 77 0.000000
-0.06005747 -0.05358262 0.16330959 221 211 73 0.000000
-0.06371162 -0.05243920 0.16344804 235 224 83 0.000000
-0.06260189 -0.05006077 0.16335760 214 201 62 0.000000
-0.06812569 -0.05034462 0.16370922 239 227 85 0.000000
-0.06683142 -0.04516876 0.16343403 242 228 81 0.000000
-0.05974430 -0.05712054 0.16319163 217 209 73 0.000000
-0.06545828 -0.05616041 0.16332939 234 223 79 0.000000
-0.06407461 -0.05599223 0.16327548 231 219 77 0.000000
-0.06448091 -0.04691322 0.16345799 201 192 66 0.000000
-0.06679225 -0.04371426 0.16339663 212 201 66 0.000000
-0.06370825 -0.04868464 0.16340750 193 188 62 0.000000
-0.06377344 -0.04281788 0.16318870 209 199 69 0.000000
-0.06248496 -0.05804725 0.16333860 228 213 74 0.000000
-0.06407461 -0.05599223 0.16327548 231 219 77 0.000000
-0.06543603 -0.05340231 0.16352127 219 207 72 0.000000
-0.06159240 -0.05654502 0.16331300 221 212 79 0.000000
-0.06521894 -0.04186530 0.16324960 210 198 70 0.000000
-0.06384933 -0.05791763 0.16328602 218 204 89 0.000000
-0.06608528 -0.04750139 0.16355932 222 209 74 0.000000
-0.06060707 -0.05250053 0.16337584 225 211 71 0.000000
-0.06153764 -0.05462159 0.16331838 224 213 80 0.000000
-0.06786751 -0.04585022 0.16358936 229 218 76 0.000000
-0.06253852 -0.04271781 0.16323851 204 194 67 0.000000
-0.06442596 -0.04265211 0.16322209 217 206 67 0.000000
-0.06610957 -0.04909277 0.16357040 235 222 81 0.000000
-0.06203168 -0.05344586 0.16334653 200 191 72 0.000000
-0.06239878 -0.05331973 0.16336554 201 193 69 0.000000
-0.05965062 -0.05650295 0.16319662 216 206 68 0.000000
-0.06601132 -0.05660526 0.16334666 234 221 75 0.000000
-0.06402633 -0.05252091 0.16346560 236 224 83 0.000000
-0.06218502 -0.05690541 0.16333547 233 220 75 0.000000
-0.06060564 -0.05206840 0.16338170 212 201 70 0.000000
-0.06244403 -0.03938439 0.16327117 207 197 68 0.000000
-0.06315541 -0.04268698 0.16320662 207 194 65 0.000000
-0.06286469 -0.05662426 0.16333014 231 219 77 0.000000
-0.06592263 -0.04635055 0.16348758 223 209 71 0.000000
-0.06532191 -0.04362633 0.16330388 230 216 82 0.000000
-0.05972349 -0.05950052 0.16319369 249 237 95 0.000000
-0.06212648 -0.04306334 0.16325973 214 201 64 0.000000
-0.06900949 -0.04613258 0.16364482 241 229 85 0.000000
-0.06137114 -0.05679710 0.16331410 207 198 75 0.000000
-0.06061979 -0.04392660 0.16330063 224 208 71 0.000000
-0.05797910 -0.05201865 0.16315228 249 237 90 0.000000
-0.05689694 -0.04939442 0.16312569 229 216 73 0.000000
-0.05874126 -0.05388576 0.16316426 241 228 84 0.000000
-0.05795535 -0.05293984 0.16313773 247 235 89 0.000000
-0.05966688 -0.04521433 0.16332009 210 198 70 0.000000
-0.05673750 -0.05304655 0.16305472 252 241 92 0.000000
-0.05856484 -0.04357641 0.16320717 219 209 72 0.000000
-0.05673969 -0.04117070 0.16275711 208 198 65 0.000000
-0.05714602 -0.05620896 0.16298729 234 221 75 0.000000
-0.05578856 -0.05357668 0.16291636 247 234 89 0.000000
-0.05584462 -0.05401345 0.16288903 250 237 90 0.000000
-0.06129894 -0.04853456 0.16336226 217 204 68 0.000000
-0.06159993 -0.04375524 0.16329697 224 210 74 0.000000
-0.06120347 -0.04900786 0.16335653 203 194 63 0.000000
-0.06164429 -0.04664378 0.16333984 215 201 75 0.000000
-0.06125783 -0.04610546 0.16334164 222 210 67 0.000000
-0.06155552 -0.04495683 0.16332471 214 203 75 0.000000
-0.06124024 -0.04549234 0.16334130 219 209 73 0.000000
-0.06150211 -0.04589395 0.16334036 227 213 75 0.000000
-0.06100871 -0.04944648 0.16335616 193 184 58 0.000000
-0.06093163 -0.05006371 0.16335593 185 174 53 0.000000
-0.06089664 -0.05048148 0.16334657 185 174 53 0.000000
-0.06119001 -0.04673015 0.16334710 218 203 73 0.000000
-0.06102570 -0.04805966 0.16335313 221 210 74 0.000000
-0.06106735 -0.04717034 0.16335072 206 195 68 0.000000
-0.06102886 -0.04755509 0.16334283 218 205 69 0.000000
-0.06143597 -0.04436431 0.16331665 219 207 72 0.000000
-0.06109402 -0.04505795 0.16332267 212 200 69 0.000000
-0.06107072 -0.04410728 0.16330582 222 207 72 0.000000
-0.06041414 -0.04878588 0.16336386 214 202 69 0.000000
-0.06058193 -0.04564922 0.16335508 202 193 69 0.000000
-0.06042367 -0.04618323 0.16334973 216 204 72 0.000000
-0.06016651 -0.04995618 0.16333959 200 189 63 0.000000
-0.06021733 -0.04930226 0.16335520 209 198 69 0.000000
-0.06005335 -0.05043916 0.16332316 208 198 67 0.000000
-0.06072788 -0.04501940 0.16333148 209 198 68 0.000000
-0.06028239 -0.04829747 0.16334972 218 207 73 0.000000
-0.06073385 -0.04434574 0.16331419 219 207 72 0.000000
-0.06035193 -0.04532165 0.16334249 209 196 66 0.000000
-0.06022863 -0.04664426 0.16333289 227 214 78 0.000000
-0.06044980 -0.04469725 0.16331398 218 205 70 0.000000
-0.06012890 -0.04785175 0.16332690 221 206 73 0.000000
-0.06011451 -0.04719312 0.16330865 226 213 80 0.000000
-0.06058368 -0.04697555 0.16334404 211 200 69 0.000000
-0.05928645 -0.05478988 0.16319469 235 222 79 0.000000
-0.05962317 -0.04870490 0.16334461 224 212 77 0.000000
-0.05963780 -0.04967421 0.16331343 223 209 71 0.000000
-0.05976272 -0.04568848 0.16333437 212 200 67 0.000000
-0.06005951 -0.04513937 0.16332507 213 200 64 0.000000
-0.06156521 -0.04820930 0.16336556 220 210 75 0.000000
-0.05938855 -0.04915691 0.16332707 228 215 78 0.000000
-0.05949657 -0.04823377 0.16334401 232 217 85 0.000000
-0.05963565 -0.04615412 0.16332725 228 215 79 0.000000
-0.05987219 -0.04474819 0.16331495 211 200 64 0.000000
-0.05939585 -0.04770554 0.16333553 233 218 98 0.000000
-0.05973462 -0.04425643 0.16328165 212 202 72 0.000000
-0.06015565 -0.05298859 0.16333398 224 213 78 0.000000
-0.05923264 -0.04725186 0.16331090 233 221 100 0.000000
-0.05925241 -0.04668757 0.16329496 237 222 87 0.000000
-0.05889382 -0.04919729 0.16329870 231 218 80 0.000000
-0.05849104 -0.05477196 0.16311577 241 229 82 0.000000
-0.05936353 -0.04578753 0.16331901 221 209 72 0.000000
-0.05904724 -0.04515867 0.16328573 222 208 70 0.000000
-0.05871818 -0.04877746 0.16329685 227 214 78 0.000000
-0.05866393 -0.04824990 0.16329470 235 221 92 0.000000
-0.05942124 -0.05537012 0.16318440 222 211 71 0.000000
-0.05880362 -0.04560109 0.16328022 230 216 79 0.000000
-0.05946312 -0.05397649 0.16323930 232 217 80 0.000000
-0.05912085 -0.04619373 0.16329131 238 223 80 0.000000
-0.06069591 -0.04911693 0.16336590 203 193 64 0.000000
-0.05887237 -0.04473175 0.16324015 223 209 73 0.000000
-0.05880400 -0.04391064 0.16321914 233 217 75 0.000000
-0.05858619 -0.04606619 0.16325720 242 229 87 0.000000
-0.05842112 -0.04675567 0.16325976 244 230 87 0.000000
-0.05877652 -0.04697226 0.16328926 236 223 92 0.000000
-0.05917414 -0.05346205 0.16320288 239 224 88 0.000000
-0.05903331 -0.05442623 0.16317284 239 225 82 0.000000
-0.05855591 -0.04434358 0.16319834 236 219 79 0.000000
-0.05825983 -0.04560223 0.16323958 233 221 80 0.000000
-0.05874700 -0.05504831 0.16312160 231 220 81 0.000000
-0.05863596 -0.05741920 0.16311312 225 214 75 0.000000
-0.05774450 -0.06034898 0.16296974 245 233 84 0.000000
-0.06032886 -0.05134597 0.16335654 205 194 66 0.000000
-0.06048927 -0.04940565 0.16337408 204 193 62 0.000000
-0.05866055 -0.05684378 0.16311176 229 216 76 0.000000
-0.05975571 -0.05023004 0.16332057 214 204 72 0.000000
-0.05858747 -0.05565869 0.16312177 228 213 72 0.000000
-0.05988060 -0.04903481 0.16335382 211 200 72 0.000000
-0.05789432 -0.04480144 0.16315158 236 223 85 0.000000
-0.06059022 -0.04972509 0.16336167 189 182 59 0.000000
-0.06012759 -0.05089189 0.16334344 209 200 65 0.000000
-0.05781189 -0.04391819 0.16312252 236 219 81 0.000000
-0.05801335 -0.04526829 0.16320214 239 226 85 0.000000
-0.05717652 -0.06050135 0.16289541 239 229 88 0.000000
-0.06073279 -0.04838622 0.16334361 219 206 70 0.000000
-0.05766740 -0.04618084 0.16318937 241 227 87 0.000000
-0.05838533 -0.05424209 0.16310647 249 234 87 0.000000
-0.05770221 -0.04434106 0.16311246 234 221 81 0.000000
-0.05821899 -0.05376455 0.16312200 249 237 89 0.000000
-0.06011071 -0.04969132 0.16334005 206 195 69 0.000000
-0.05745530 -0.04688996 0.16317157 240 228 88 0.000000
-0.05818108 -0.05525381 0.16308369 238 223 78 0.000000
-0.05828016 -0.04724643 0.16327037 235 223 86 0.000000
-0.05802040 -0.05476076 0.16306572 243 230 89 0.000000
-0.05753196 -0.04502526 0.16312881 236 223 83 0.000000
-0.05595819 -0.05930790 0.16285226 252 242 97 0.000000
-0.05960184 -0.05248662 0.16329156 223 210 76 0.000000
-0.05941788 -0.05177450 0.16326942 238 222 85 0.000000
-0.05724661 -0.05852442 0.16298750 252 241 98 0.000000
-0.05694803 -0.05955048 0.16292456 251 241 96 0.000000
-0.05969352 -0.05363275 0.16328320 230 216 78 0.000000
-0.05951807 -0.05302238 0.16327475 229 215 86 0.000000
-0.05922399 -0.05132351 0.16325849 241 226 81 0.000000
-0.05737447 -0.05457467 0.16302848 249 236 93 0.000000
-0.05704816 -0.04503430 0.16304129 234 221 79 0.000000
-0.05724763 -0.04564193 0.16312537 237 225 81 0.000000
-0.04831774 -0.04780957 0.16222018 232 220 78 0.000000
-0.05642720 -0.05985938 0.16285397 252 241 97 0.000000
-0.05677516 -0.04587832 0.16308682 234 223 80 0.000000
-0.05681752 -0.04364861 0.16297457 221 210 70 0.000000
-0.05460379 -0.04022124 0.16244555 218 204 68 0.000000
-0.05714488 -0.05413938 0.16301826 250 238 92 0.000000
-0.05645711 -0.04711228 0.16307725 241 227 84 0.000000
-0.05659975 -0.04669546 0.16309935 246 230 86 0.000000
-0.05730617 -0.05566713 0.16300873 236 226 79 0.000000
-0.05723085 -0.05514690 0.16301607 249 236 88 0.000000
-0.05672302 -0.04414346 0.16299352 231 219 78 0.000000
-0.05655112 -0.04470185 0.16299243 234 218 74 0.000000
-0.05635989 -0.04623017 0.16303979 237 223 79 0.000000
-0.05814394 -0.04867860 0.16326375 242 229 87 0.000000
-0.05909076 -0.04854818 0.16332251 228 217 85 0.000000
-0.05617711 -0.05884633 0.16288607 251 240 96 0.000000
-0.05677902 -0.05646512 0.16294335 246 234 84 0.000000
-0.05898206 -0.05052602 0.16325016 240 226 86 0.000000
-0.05864154 -0.04966839 0.16327173 240 227 86 0.000000
-0.05850378 -0.05094329 0.16322599 249 237 91 0.000000
-0.05844513 -0.05267069 0.16316278 246 233 85 0.000000
-0.05842805 -0.05003355 0.16324617 245 233 89 0.000000
-0.05826729 -0.05322615 0.16316094 248 235 90 0.000000
-0.05494546 -0.05439323 0.16280650 251 239 94 0.000000
-0.05656331 -0.05608789 0.16293290 243 233 86 0.000000
-0.05587436 -0.04564965 0.16293408 226 213 74 0.000000
-0.05535613 -0.05953309 0.16278794 253 241 96 0.000000
-0.05625026 -0.05567525 0.16291268 250 240 93 0.000000
-0.05789340 -0.05156720 0.16318402 249 238 94 0.000000
-0.05576289 -0.04312272 0.16288976 203 190 61 0.000000
-0.05546859 -0.04737905 0.16291432 240 225 80 0.000000
-0.05107861 -0.04418466 0.16246179 232 218 76 0.000000
-0.05540194 -0.05836429 0.16283186 248 237 87 0.000000
-0.05549028 -0.04356686 0.16286464 200 189 59 0.000000
-0.05819948 -0.04802283 0.16326481 241 226 90 0.000000
-0.05490803 -0.05911162 0.16275276 249 237 91 0.000000
-0.05805741 -0.05650096 0.16305707 220 213 74 0.000000
-0.05835467 -0.04763935 0.16327181 240 226 89 0.000000
-0.04771272 -0.04631713 0.16225497 238 226 80 0.000000
-0.05561462 -0.05565773 0.16285719 249 237 90 0.000000
-0.05746987 -0.05327174 0.16310228 252 240 93 0.000000
-0.05733510 -0.05013767 0.16317663 245 231 84 0.000000
-0.05761044 -0.05483957 0.16302782 250 235 90 0.000000
-0.05563562 -0.05774578 0.16284652 249 237 88 0.000000
-0.05553217 -0.05625847 0.16283965 246 236 89 0.000000
-0.05546533 -0.05671469 0.16282703 250 238 88 0.000000
-0.05422086 -0.05990504 0.16264352 234 223 80 0.000000
-0.05819906 -0.04638782 0.16323264 246 233 90 0.000000
-0.05720762 -0.05279611 0.16310276 251 240 92 0.000000
-0.05718320 -0.05372131 0.16302909 251 241 93 0.000000
-0.05820084 -0.05121835 0.16320738 249 236 94 0.000000
-0.05021362 -0.04189709 0.16243598 240 226 83 0.000000
-0.05775901 -0.05984547 0.16299599 244 231 85 0.000000
-0.05687173 -0.05458756 0.16296659 250 238 91 0.000000
-0.05697061 -0.05696523 0.16294828 251 236 89 0.000000
-0.05686540 -0.05504625 0.16297129 251 239 94 0.000000
-0.05773810 -0.04555527 0.16316037 238 226 84 0.000000
-0.05667090 -0.05553156 0.16295418 250 239 96 0.000000
-0.05446348 -0.05587090 0.16271877 249 235 85 0.000000
-0.05350927 -0.05834719 0.16257164 238 229 85 0.000000
-0.05422261 -0.05635026 0.16268562 244 233 84 0.000000
-0.05367129 -0.04538779 0.16264001 224 210 72 0.000000
-0.05653977 -0.05785393 0.16292490 250 238 92 0.000000
-0.05601772 -0.05447562 0.16291051 252 241 98 0.000000
-0.05600520 -0.05505232 0.16287600 253 243 101 0.000000
-0.05379932 -0.05698040 0.16262183 236 223 83 0.000000
-0.05316146 -0.04725216 0.16255960 241 226 80 0.000000
-0.05620202 -0.05684231 0.16289310 244 231 89 0.000000
-0.05608280 -0.05739469 0.16288425 245 233 90 0.000000
-0.05605416 -0.05647796 0.16287763 239 227 84 0.000000
-0.05594417 -0.05594865 0.16286686 246 235 86 0.000000
-0.06169077 -0.04291574 0.16325928 209 198 64 0.000000
-0.05273269 -0.04232500 0.16259721 238 224 80 0.000000
-0.05498274 -0.05617207 0.16277397 250 238 91 0.000000
-0.05485429 -0.05572041 0.16277105 249 236 87 0.000000
-0.05820658 -0.05044713 0.16322839 246 235 91 0.000000
-0.05522401 -0.05872142 0.16278526 251 239 91 0.000000
-0.05546811 -0.06043097 0.16274089 253 242 98 0.000000
-0.05506232 -0.05998391 0.16271947 252 240 94 0.000000
-0.05252716 -0.05723871 0.16247341 238 227 85 0.000000
-0.05224378 -0.05675453 0.16245000 240 230 88 0.000000
-0.05171313 -0.04341391 0.16251057 227 212 75 0.000000
-0.05223835 -0.05622110 0.16244924 245 234 91 0.000000
-0.05150511 -0.04712345 0.16240638 244 228 85 0.000000
-0.05329387 -0.05133569 0.16259943 242 228 83 0.000000
-0.05560895 -0.04429903 0.16284889 213 200 66 0.000000
-0.05758902 -0.05063907 0.16319188 244 231 85 0.000000
-0.05722138 -0.05145148 0.16316795 246 234 88 0.000000
-0.05979787 -0.04790132 0.16334814 224 211 80 0.000000
-0.05450494 -0.05614353 0.16272271 247 236 88 0.000000
-0.05381588 -0.05634397 0.16263206 235 224 79 0.000000
-0.06109313 -0.04148526 0.16328749 190 179 59 0.000000
-0.05133309 -0.05226589 0.16222590 224 214 77 0.000000
-0.05087099 -0.04568418 0.16239426 235 221 80 0.000000
-0.06081751 -0.04215553 0.16327979 195 185 65 0.000000
-0.05084711 -0.05257298 0.16209269 204 195 65 0.000000
-0.05922687 -0.04281547 0.16325299 210 199 71 0.000000
-0.05648170 -0.05505262 0.16294554 252 242 98 0.000000
-0.05052898 -0.04536951 0.16238734 237 223 82 0.000000
-0.05833165 -0.04294812 0.16317618 204 194 69 0.000000
-0.05056530 -0.04118320 0.16248132 235 223 81 0.000000
-0.05698678 -0.04166250 0.16285382 208 197 68 0.000000
-0.05098513 -0.04645715 0.16237563 234 221 80 0.000000
-0.05956710 -0.04041940 0.16317952 229 216 80 0.000000
-0.05828762 -0.04436803 0.16316287 237 221 78 0.000000
-0.05273164 -0.05770129 0.16248190 231 220 79 0.000000
-0.04948417 -0.04874657 0.16218330 235 221 84 0.000000
-0.05396412 -0.04134601 0.16263872 225 213 75 0.000000
-0.05484783 -0.04335019 0.16277288 213 199 68 0.000000
-0.05321710 -0.04112270 0.16262375 225 213 76 0.000000
-0.04975133 -0.04838445 0.16221660 239 226 81 0.000000
-0.05785623 -0.04832293 0.16324662 245 231 87 0.000000
-0.05688427 -0.04725312 0.16314039 240 226 86 0.000000
-0.05746543 -0.04809028 0.16320741 241 229 84 0.000000
-0.05708000 -0.04780396 0.16315049 238 225 82 0.000000
-0.05560198 -0.05511623 0.16285646 252 241 95 0.000000
-0.04986735 -0.04070533 0.16249718 237 225 81 0.000000
-0.05546733 -0.05462948 0.16284595 252 240 95 0.000000
-0.04971110 -0.04489557 0.16236672 230 216 78 0.000000
-0.05684647 -0.06103767 0.16283187 214 204 77 0.000000
-0.04993301 -0.05199314 0.16199161 204 194 64 0.000000
-0.05501059 -0.04642455 0.16283882 234 219 78 0.000000
-0.04964130 -0.04130366 0.16245791 241 227 84 0.000000
-0.05566958 -0.04534153 0.16288693 219 206 71 0.000000
-0.06132951 -0.04227116 0.16327249 197 185 60 0.000000
-0.04954428 -0.04278746 0.16240074 218 209 75 0.000000
-0.04922274 -0.04908155 0.16216062 231 218 82 0.000000
-0.05493461 -0.06068636 0.16268840 251 241 95 0.000000
-0.05349129 -0.05477043 0.16263230 245 231 83 0.000000
-0.05155493 -0.04489575 0.16245456 239 224 83 0.000000
-0.05687916 -0.05071024 0.16314638 243 230 86 0.000000
-0.06112363 -0.04385065 0.16328861 223 209 74 0.000000
-0.04936660 -0.04484101 0.16236211 228 215 73 0.000000
-0.05425210 -0.05698117 0.16268399 245 231 87 0.000000
-0.04940083 -0.04222773 0.16240524 238 227 82 0.000000
-0.05546754 -0.05909632 0.16280480 252 240 95 0.000000
-0.05896199 -0.04314009 0.16324374 212 204 70 0.000000
-0.05796995 -0.05698047 0.16305970 238 227 81 0.000000
-0.05915336 -0.05595782 0.16316877 212 203 65 0.000000
-0.04963335 -0.05238665 0.16194420 198 188 63 0.000000
-0.04897797 -0.04732790 0.16223043 231 217 78 0.000000
-0.04869612 -0.05092480 0.16205056 226 212 75 0.000000
-0.05774709 -0.05421866 0.16304609 246 235 87 0.000000
-0.05645803 -0.06062188 0.16281550 245 234 92 0.000000
-0.04909064 -0.04183951 0.16241717 246 232 87 0.000000
-0.04863292 -0.04829925 0.16218655 238 222 85 0.000000
-0.04920147 -0.04533578 0.16232333 234 218 75 0.000000
-0.05424220 -0.05818266 0.16266185 242 233 89 0.000000
-0.04873504 -0.04775653 0.16221206 232 219 78 0.000000
-0.04909761 -0.04228344 0.16239931 239 228 88 0.000000
-0.04869410 -0.04879972 0.16215830 240 226 82 0.000000
-0.04999384 -0.04622968 0.16231525 228 214 75 0.000000
-0.04919496 -0.04955527 0.16214396 228 214 79 0.000000
-0.05679581 -0.05569572 0.16296105 245 236 93 0.000000
-0.04822333 -0.04896820 0.16213244 239 224 84 0.000000
-0.04887432 -0.04567822 0.16229728 229 217 75 0.000000
-0.05309707 -0.05807679 0.16251872 222 212 72 0.000000
-0.05741002 -0.05940938 0.16298200 247 235 88 0.000000
-0.04817585 -0.04962063 0.16209537 235 220 80 0.000000
-0.04856290 -0.04486804 0.16232997 229 215 77 0.000000
-0.04854659 -0.04739275 0.16222714 230 217 75 0.000000
-0.04805843 -0.04741735 0.16222891 227 214 74 0.000000
-0.05631286 -0.05393222 0.16296236 252 240 94 0.000000
-0.05085849 -0.05463614 0.16218613 235 221 81 0.000000
-0.06115149 -0.04469507 0.16332296 209 197 68 0.000000
-0.05335204 -0.05600320 0.16258499 243 233 95 0.000000
-0.04920101 -0.04434339 0.16236079 213 204 71 0.000000
-0.05371457 -0.04333320 0.16266270 240 225 83 0.000000
-0.04791716 -0.04848565 0.16216634 239 224 80 0.000000
-0.04897114 -0.04371659 0.16235612 205 195 66 0.000000
-0.05059792 -0.05409999 0.16208075 226 213 74 0.000000
-0.04783299 -0.04785035 0.16219045 236 223 78 0.000000
-0.05815689 -0.04008399 0.16299824 201 189 60 0.000000
-0.04838628 -0.04543833 0.16229597 228 215 77 0.000000
-0.05043756 -0.05360990 0.16201867 192 185 60 0.000000
-0.05606475 -0.05076623 0.16304713 242 228 85 0.000000
-0.05053187 -0.05323333 0.16201806 190 180 54 0.000000
-0.05583296 -0.05127340 0.16301934 244 230 87 0.000000
-0.05516708 -0.05799943 0.16280365 252 241 95 0.000000
-0.05932694 -0.05013619 0.16328071 228 215 76 0.000000
-0.05240172 -0.04246444 0.16257520 235 222 80 0.000000
-0.05695893 -0.05107929 0.16314138 240 229 86 0.000000
-0.05398753 -0.05545942 0.16268142 241 231 87 0.000000
-0.05238488 -0.05521392 0.16243860 244 231 83 0.000000
-0.04756516 -0.04892998 0.16213164 229 217 79 0.000000
-0.05407135 -0.05589966 0.16266865 236 227 80 0.000000
-0.05271346 -0.05481024 0.16249366 239 227 80 0.000000
-0.05019927 -0.05277026 0.16196996 188 178 53 0.000000
-0.05644486 -0.04760377 0.16306840 242 227 82 0.000000
-0.05589285 -0.05995414 0.16281107 251 239 96 0.000000
-0.05677589 -0.04886885 0.16311179 215 210 75 0.000000
-0.05755959 -0.04980841 0.16318488 242 229 85 0.000000
-0.04788138 -0.04677273 0.16220845 237 222 82 0.000000
-0.05620880 -0.05111689 0.16308604 241 228 84 0.000000
-0.05636856 -0.04863379 0.16305482 221 207 75 0.000000
-0.04963332 -0.05059819 0.16208760 214 203 70 0.000000
-0.05452599 -0.06031466 0.16265561 243 233 88 0.000000
-0.04924832 -0.05083483 0.16205496 206 195 65 0.000000
-0.05760326 -0.03995164 0.16284202 188 180 56 0.000000
-0.05566613 -0.04936627 0.16294099 228 213 75 0.000000
-0.05085242 -0.05370098 0.16209929 218 211 68 0.000000
-0.04727288 -0.04627704 0.16224985 241 226 82 0.000000
-0.05313477 -0.05698254 0.16253345 235 223 84 0.000000
-0.05132785 -0.04529386 0.16243134 239 224 83 0.000000
-0.04699821 -0.04743690 0.16219634 222 209 73 0.000000
-0.05527754 -0.04955721 0.16287848 235 220 76 0.000000
-0.05778288 -0.04928777 0.16321157 245 230 87 0.000000
-0.05811124 -0.04065869 0.16299705 213 198 64 0.000000
-0.04902989 -0.05132028 0.16201720 219 208 69 0.000000
-0.05371586 -0.04458345 0.16266574 235 222 81 0.000000
-0.04760991 -0.04944748 0.16208996 238 223 81 0.000000
-0.05172008 -0.04126950 0.16254897 241 226 84 0.000000
-0.04702362 -0.04707391 0.16221116 228 216 74 0.000000
-0.05273078 -0.05651997 0.16251265 245 232 91 0.000000
-0.05479778 -0.04680266 0.16281092 238 223 79 0.000000
-0.05368955 -0.05758311 0.16258214 229 217 77 0.000000
-0.05145282 -0.04174210 0.16251479 237 223 78 0.000000
-0.04726445 -0.04833080 0.16217010 229 214 76 0.000000
-0.04832503 -0.04438827 0.16232525 231 218 78 0.000000
-0.04895161 -0.05164039 0.16199926 227 212 74 0.000000
-0.05339989 -0.04460151 0.16262937 238 223 82 0.000000
-0.05009602 -0.04730255 0.16228563 238 223 82 0.000000
-0.06085303 -0.04879225 0.16336009 206 196 66 0.000000
-0.05696966 -0.05751951 0.16297628 251 240 94 0.000000
-0.06021369 -0.04585522 0.16334273 207 200 68 0.000000
-0.05979274 -0.04661858 0.16330467 237 224 81 0.000000
-0.05954284 -0.05435905 0.16324067 231 216 80 0.000000
-0.05990050 -0.04838055 0.16332275 217 205 79 0.000000
-0.04843966 -0.05043344 0.16207166 235 217 77 0.000000
-0.05682952 -0.05783519 0.16296142 251 239 91 0.000000
-0.05606733 -0.04346973 0.16292784 204 192 63 0.000000
-0.05853480 -0.04100095 0.16309182 214 200 73 0.000000
-0.05098204 -0.04116023 0.16252105 237 226 81 0.000000
-0.05734433 -0.04054498 0.16272835 197 184 61 0.000000
-0.04759505 -0.04686645 0.16222282 236 225 80 0.000000
-0.05297101 -0.04439954 0.16257454 217 210 73 0.000000
-0.05885398 -0.04788204 0.16328339 234 222 99 0.000000
-0.05903653 -0.04964609 0.16326056 231 220 79 0.000000
-0.05853076 -0.04534423 0.16324416 231 218 79 0.000000
-0.05610875 -0.05814714 0.16289707 248 237 88 0.000000
-0.06005438 -0.04190287 0.16324474 206 194 68 0.000000
-0.05477419 -0.05987898 0.16269942 246 234 86 0.000000
-0.05822259 -0.04390654 0.16315676 229 215 79 0.000000
-0.05861400 -0.04846741 0.16326742 232 218 82 0.000000
-0.05802828 -0.04314077 0.16311277 216 203 67 0.000000
-0.05823980 -0.04483515 0.16315387 236 223 78 0.000000
-0.05786729 -0.04166685 0.16299403 209 197 67 0.000000
-0.05190731 -0.04253223 0.16254482 223 211 74 0.000000
-0.05804398 -0.04442400 0.16311395 234 221 78 0.000000
-0.05147405 -0.04098020 0.16255160 242 227 86 0.000000
-0.05254420 -0.04391646 0.16254966 196 185 58 0.000000
-0.05220289 -0.04343824 0.16254142 219 206 71 0.000000
-0.05855016 -0.05053170 0.16322583 248 236 91 0.000000
-0.05133632 -0.05489357 0.16228479 239 228 80 0.000000
-0.06073408 -0.05101562 0.16337349 187 177 56 0.000000
-0.05218374 -0.04295485 0.16255453 232 220 77 0.000000
-0.05485133 -0.05945664 0.16272871 247 234 86 0.000000
-0.05743918 -0.04452220 0.16307801 236 223 82 0.000000
-0.05797528 -0.04966642 0.16321132 241 228 89 0.000000
-0.05733979 -0.04397373 0.16303480 236 219 78 0.000000
-0.04911970 -0.04600113 0.16229552 228 216 73 0.000000
-0.05802823 -0.05082639 0.16320914 247 234 90 0.000000
-0.05902863 -0.04213870 0.16319492 214 202 70 0.000000
-0.05147558 -0.05348131 0.16224216 232 218 79 0.000000
-0.05942607 -0.04417775 0.16323116 217 205 74 0.000000
-0.06064396 -0.04737123 0.16334166 206 196 68 0.000000
-0.05752312 -0.04760072 0.16319007 234 222 82 0.000000
-0.05199413 -0.05591845 0.16242756 247 234 88 0.000000
-0.05766046 -0.04962748 0.16318871 242 229 85 0.000000
-0.05689743 -0.04485248 0.16302566 234 219 77 0.000000
-0.05455796 -0.05964651 0.16268924 239 229 80 0.000000
-0.05998897 -0.04622917 0.16333789 223 212 77 0.000000
-0.04869976 -0.04659124 0.16224404 233 218 79 0.000000
-0.05776105 -0.04047788 0.16285646 204 192 60 0.000000
-0.05666462 -0.04799413 0.16308348 239 225 81 0.000000
-0.05938959 -0.04541250 0.16331077 217 203 70 0.000000
-0.05630192 -0.04467036 0.16294760 229 217 71 0.000000
-0.05241401 -0.04437273 0.16251902 205 194 71 0.000000
-0.04933698 -0.05010580 0.16211176 225 211 72 0.000000
-0.05626339 -0.04600210 0.16301382 227 214 76 0.000000
-0.04796006 -0.04924170 0.16210805 237 222 80 0.000000
-0.05184064 -0.05523640 0.16236599 244 231 86 0.000000
-0.05971984 -0.05152409 0.16328269 231 217 76 0.000000
-0.05393242 -0.05999644 0.16259471 232 220 80 0.000000
-0.06050932 -0.05083520 0.16336530 195 184 56 0.000000
-0.05952730 -0.05074013 0.16328223 231 218 77 0.000000
-0.05587184 -0.04331560 0.16290058 201 189 61 0.000000
-0.06071107 -0.05013224 0.16336490 189 179 53 0.000000
-0.05625033 -0.04811376 0.16303024 235 223 79 0.000000
-0.05715590 -0.03990418 0.16263726 188 175 51 0.000000
-0.05729586 -0.04892429 0.16317827 242 229 86 0.000000
-0.05576664 -0.04677030 0.16293310 224 213 77 0.000000
-0.04872596 -0.04525417 0.16230607 231 220 79 0.000000
-0.05570657 -0.04583024 0.16291320 225 213 75 0.000000
-0.05105431 -0.05344060 0.16213581 223 213 74 0.000000
-0.04867229 -0.04571447 0.16229174 231 218 78 0.000000
-0.05973214 -0.05120391 0.16330872 227 213 74 0.000000
-0.05596549 -0.05204122 0.16300312 249 236 90 0.000000
-0.05514431 -0.04471531 0.16278987 211 202 69 0.000000
-0.05563587 -0.04972463 0.16291571 227 213 75 0.000000
-0.05511280 -0.04517777 0.16281414 224 210 73 0.000000
-0.05642835 -0.04082427 0.16265839 213 199 67 0.000000
-0.05513896 -0.04695382 0.16285567 240 224 81 0.000000
-0.05840438 -0.05161929 0.16318448 248 237 93 0.000000
-0.05391771 -0.05958524 0.16263004 240 230 93 0.000000
-0.05480002 -0.04587002 0.16279140 227 214 76 0.000000
-0.05472949 -0.04781466 0.16277629 224 211 76 0.000000
-0.05241640 -0.04541160 0.16251154 237 220 79 0.000000
-0.05452256 -0.04731009 0.16275866 242 227 82 0.000000
-0.05430121 -0.04530738 0.16272548 226 213 73 0.000000
-0.05713387 -0.04851612 0.16315663 236 224 84 0.000000
-0.05845996 -0.03968903 0.16303641 206 193 65 0.000000
-0.04878226 -0.04969049 0.16210698 238 221 77 0.000000
-0.05428578 -0.04663218 0.16273119 236 222 82 0.000000
-0.04888219 -0.05021551 0.16207851 225 210 74 0.000000
-0.05414430 -0.04615018 0.16270557 231 217 77 0.000000
-0.05399795 -0.04561972 0.16268449 224 209 72 0.000000
-0.05480982 -0.05375589 0.16280957 251 240 93 0.000000
-0.05370947 -0.04600887 0.16264121 219 206 69 0.000000
-0.05618080 -0.04666211 0.16300736 227 219 77 0.000000
-0.05404154 -0.04792152 0.16267549 244 228 85 0.000000
-0.05990829 -0.04750309 0.16333242 227 214 78 0.000000
-0.04749916 -0.04749525 0.16219552 237 220 82 0.000000
-0.04995156 -0.04536525 0.16236709 236 222 82 0.000000
-0.05380352 -0.04673058 0.16265662 235 221 80 0.000000
-0.05379462 -0.04744415 0.16264749 241 227 84 0.000000
-0.04725651 -0.04799084 0.16216666 231 216 79 0.000000
-0.05386161 -0.04847417 0.16263944 237 225 84 0.000000
-0.05331884 -0.04417460 0.16262025 236 222 80 0.000000
-0.05476601 -0.05671190 0.16274789 246 235 87 0.000000
-0.05399770 -0.05914304 0.16263735 249 238 95 0.000000
-0.04795089 -0.04507160 0.16228901 232 218 78 0.000000
-0.05906891 -0.04948342 0.16327223 232 219 78 0.000000
-0.05522649 -0.04357648 0.16282667 203 193 63 0.000000
-0.04765337 -0.04568706 0.16226569 241 224 85 0.000000
-0.05869839 -0.05333267 0.16317759 245 233 88 0.000000
-0.05334227 -0.04493301 0.16261137 235 221 78 0.000000
-0.05893189 -0.05299608 0.16321264 243 229 88 0.000000
-0.05404053 -0.05359849 0.16269465 245 232 87 0.000000
-0.05693797 -0.05197418 0.16310617 251 239 94 0.000000
-0.05584403 -0.04772219 0.16296121 237 223 83 0.000000
-0.05606768 -0.04097946 0.16264391 214 200 68 0.000000
-0.05649450 -0.05108750 0.16311246 239 226 86 0.000000
-0.05596138 -0.04894695 0.16298588 221 210 75 0.000000
-0.05305935 -0.04577781 0.16256499 228 217 72 0.000000
-0.05399721 -0.05490268 0.16270065 248 236 91 0.000000
-0.05537857 -0.04645293 0.16288057 228 215 80 0.000000
-0.05299799 -0.04678549 0.16254209 233 218 82 0.000000
-0.05783617 -0.04712129 0.16323370 232 221 83 0.000000
-0.05578525 -0.04820703 0.16293763 237 221 79 0.000000
-0.05329676 -0.04834329 0.16257319 246 230 86 0.000000
-0.05317792 -0.04885725 0.16255878 245 229 84 0.000000
-0.05275924 -0.04630991 0.16252020 236 221 82 0.000000
-0.05266377 -0.04482392 0.16253255 231 214 75 0.000000
-0.05314464 -0.04935051 0.16255829 245 230 84 0.000000
-0.05410166 -0.05861582 0.16264760 250 239 91 0.000000
-0.05336418 -0.05288939 0.16259754 240 228 83 0.000000
-0.05176493 -0.04543049 0.16245575 240 226 81 0.000000
-0.05331803 -0.05196647 0.16260612 240 227 85 0.000000
-0.05580218 -0.05032409 0.16295639 231 219 78 0.000000
-0.05494674 -0.05720028 0.16277307 251 239 93 0.000000
-0.05516886 -0.04817485 0.16283242 213 203 66 0.000000
-0.05217935 -0.04487845 0.16249673 234 221 78 0.000000
-0.05524109 -0.04917668 0.16285108 229 218 76 0.000000
-0.05894810 -0.04716303 0.16329463 236 222 97 0.000000
-0.05876443 -0.04655074 0.16328961 242 227 88 0.000000
-0.05229502 -0.04585484 0.16248576 235 222 82 0.000000
-0.05556687 -0.05089369 0.16295472 237 226 81 0.000000
-0.05274298 -0.04992894 0.16251630 241 228 84 0.000000
-0.05313561 -0.05435830 0.16256502 233 223 82 0.000000
-0.05259608 -0.04947418 0.16249555 239 226 81 0.000000
-0.05259354 -0.04891930 0.16249040 240 227 81 0.000000
-0.05224448 -0.04698915 0.16246347 241 225 84 0.000000
-0.05221451 -0.04638100 0.16246775 240 225 78 0.000000
-0.05497500 -0.04873341 0.16278800 204 195 62 0.000000
-0.05760963 -0.05373764 0.16309318 251 239 93 0.000000
-0.05229639 -0.04848147 0.16246442 242 226 80 0.000000
-0.05278941 -0.05279073 0.16250190 246 232 84 0.000000
-0.05271690 -0.05331129 0.16249210 237 226 80 0.000000
-0.05986011 -0.04382815 0.16326788 230 215 76 0.000000
-0.05514525 -0.05077400 0.16288225 228 216 79 0.000000
-0.05554910 -0.05283104 0.16292043 251 239 92 0.000000
-0.05160801 -0.04394222 0.16249438 230 216 76 0.000000
-0.05535735 -0.05233601 0.16289738 248 234 91 0.000000
-0.05522244 -0.05182826 0.16288601 247 234 86 0.000000
-0.05269609 -0.05537609 0.16248499 243 232 86 0.000000
-0.05516033 -0.05132907 0.16288689 245 231 82 0.000000
-0.05239066 -0.05236717 0.16243693 248 233 87 0.000000
-0.05476037 -0.04960294 0.16278663 236 222 76 0.000000
-0.05182618 -0.04757268 0.16243088 244 229 85 0.000000
-0.05481301 -0.05031980 0.16281828 230 220 78 0.000000
-0.05459508 -0.04904822 0.16274865 207 201 73 0.000000
-0.05220272 -0.05190041 0.16240700 243 232 83 0.000000
-0.05145680 -0.04587545 0.16242437 236 223 78 0.000000
-0.05175735 -0.04949640 0.16239339 239 224 85 0.000000
-0.05427403 -0.04863330 0.16269448 216 205 73 0.000000
-0.05284391 -0.04295765 0.16259453 223 216 78 0.000000
-0.05459984 -0.05123721 0.16279931 237 226 84 0.000000
-0.05437160 -0.05080459 0.16277020 236 222 81 0.000000
-0.05456711 -0.05177814 0.16277714 248 235 88 0.000000
-0.05191549 -0.05376579 0.16234848 233 219 79 0.000000
-0.05458516 -0.05263303 0.16278267 246 233 87 0.000000
-0.05410517 -0.05000202 0.16270086 237 223 79 0.000000
-0.05121835 -0.04812070 0.16238338 246 230 89 0.000000
-0.05190835 -0.05558705 0.16240904 245 233 85 0.000000
-0.05377309 -0.04932504 0.16263400 238 225 80 0.000000
-0.05038374 -0.04243422 0.16243635 236 223 81 0.000000
-0.05092051 -0.04770839 0.16235983 242 228 86 0.000000
-0.05138655 -0.05124475 0.16228747 244 229 83 0.000000
-0.05413502 -0.05166684 0.16274321 244 233 86 0.000000
-0.05090592 -0.04868418 0.16232619 243 228 84 0.000000
-0.05141304 -0.05287312 0.16222098 232 218 76 0.000000
-0.05122364 -0.05180265 0.16222496 229 219 77 0.000000
-0.05434765 -0.05386253 0.16275114 249 237 93 0.000000
-0.05386370 -0.05119938 0.16269006 240 228 87 0.000000
-0.05361704 -0.05071326 0.16264372 235 222 80 0.000000
-0.05450964 -0.05498709 0.16275454 250 238 93 0.000000
-0.05336102 -0.04978767 0.16259132 244 229 87 0.000000
-0.05326639 -0.05734783 0.16254419 231 217 76 0.000000
-0.05384132 -0.05224821 0.16269024 248 233 85 0.000000
-0.05399831 -0.05275365 0.16270302 246 232 84 0.000000
-0.05342353 -0.05027447 0.16260743 236 224 82 0.000000
-0.05036274 -0.04779518 0.16229841 240 226 83 0.000000
-0.05277336 -0.04830220 0.16250983 244 228 83 0.000000
-0.05059368 -0.04617045 0.16235931 224 212 77 0.000000
-0.04986826 -0.05027115 0.16213076 226 212 73 0.000000
-0.05380345 -0.05436974 0.16267943 246 235 89 0.000000
-0.05570173 -0.04719001 0.16295519 239 223 81 0.000000
-0.05292305 -0.05092756 0.16254675 243 228 83 0.000000
-0.04982488 -0.05280356 0.16190773 186 178 54 0.000000
-0.05282363 -0.05048510 0.16253811 248 233 84 0.000000
-0.05424759 -0.05771290 0.16266838 236 228 84 0.000000
-0.05531778 -0.04551820 0.16283610 223 210 72 0.000000
-0.05212735 -0.04934989 0.16243887 239 226 81 0.000000
-0.05708463 -0.05357004 0.16300908 251 241 93 0.000000
-0.05032014 -0.05195782 0.16202238 203 191 59 0.000000
-0.05714200 -0.05230663 0.16312994 250 239 93 0.000000
-0.05311210 -0.05488775 0.16256541 244 231 81 0.000000
-0.04931951 -0.05176076 0.16197981 216 203 70 0.000000
-0.05187332 -0.05097023 0.16238485 246 231 86 0.000000
-0.05188303 -0.05041772 0.16239251 245 231 84 0.000000
-0.05671371 -0.05246067 0.16309322 251 241 93 0.000000
-0.05755372 -0.05189274 0.16316578 249 237 92 0.000000
-0.05758000 -0.05143509 0.16315876 247 235 92 0.000000
-0.05401459 -0.04494213 0.16268975 227 213 76 0.000000
-0.05007454 -0.04581844 0.16234297 231 218 78 0.000000
-0.05148248 -0.05003100 0.16235171 243 228 85 0.000000
-0.05606421 -0.05389129 0.16292791 251 238 91 0.000000
-0.05038156 -0.04663360 0.16232680 235 222 78 0.000000
-0.05381543 -0.04417925 0.16267152 239 224 85 0.000000
-0.05210347 -0.05330597 0.16237101 243 227 86 0.000000
-0.05251962 -0.05567013 0.16248178 247 234 87 0.000000
-0.05538295 -0.05034725 0.16290106 222 210 76 0.000000
-0.05207014 -0.05496503 0.16239403 244 231 85 0.000000
-0.05598993 -0.05277650 0.16298656 250 238 88 0.000000
-0.05544205 -0.05423935 0.16283499 251 239 91 0.000000
-0.05452846 -0.05550474 0.16272815 250 237 92 0.000000
-0.05093299 -0.05049797 0.16224460 241 228 79 0.000000
-0.05690833 -0.05130491 0.16313735 242 230 85 0.000000
-0.05094077 -0.05102899 0.16221394 239 226 82 0.000000
-0.05625630 -0.05185227 0.16305034 250 237 88 0.000000
-0.05540943 -0.05325845 0.16287029 251 237 89 0.000000
-0.05331092 -0.04634101 0.16258527 225 212 76 0.000000
-0.04896052 -0.04471767 0.16234490 230 217 78 0.000000
-0.05352533 -0.04697580 0.16260441 239 224 79 0.000000
-0.06047071 -0.04067634 0.16327350 209 198 69 0.000000
-0.05561211 -0.05222103 0.16294025 249 236 88 0.000000
-0.05708266 -0.05165539 0.16315654 249 237 91 0.000000
-0.05563650 -0.05168047 0.16294487 244 232 83 0.000000
-0.05630032 -0.05227689 0.16305317 250 237 93 0.000000
-0.05487749 -0.05219770 0.16282216 248 234 87 0.000000
-0.05660469 -0.05176757 0.16311778 249 237 88 0.000000
-0.05016236 -0.05072304 0.16213043 230 216 74 0.000000
-0.05732822 -0.05097181 0.16316985 242 230 87 0.000000
-0.05450936 -0.05323962 0.16275908 247 235 87 0.000000
-0.05398886 -0.05059082 0.16270889 239 225 81 0.000000
-0.05399534 -0.04294877 0.16268602 226 214 75 0.000000
-0.04937128 -0.05202064 0.16195786 211 199 65 0.000000
-0.05266888 -0.04680887 0.16249825 237 220 81 0.000000
-0.04973403 -0.05141611 0.16203751 216 205 70 0.000000
-0.05421424 -0.05246463 0.16272879 245 232 83 0.000000
-0.05437873 -0.05212440 0.16275026 248 236 85 0.000000
-0.05367429 -0.05168693 0.16266751 244 229 86 0.000000
-0.05939323 -0.05207090 0.16326790 234 216 80 0.000000
-0.05459971 -0.05162686 0.16279012 248 235 88 0.000000
-0.05667289 -0.04834259 0.16308621 227 217 78 0.000000
-0.05130829 -0.04757075 0.16239053 244 230 87 0.000000
-0.05231384 -0.05113776 0.16244975 241 227 82 0.000000
-0.05524249 -0.04597231 0.16285153 231 217 78 0.000000
-0.05121138 -0.04962468 0.16231574 234 221 78 0.000000
-0.05460573 -0.04633267 0.16278379 235 220 80 0.000000
-0.05509430 -0.04754705 0.16283795 233 221 82 0.000000
-0.05421646 -0.04414097 0.16270809 236 220 80 0.000000
-0.05177092 -0.05167675 0.16233085 238 223 83 0.000000
-0.05468154 -0.04826641 0.16275592 208 197 70 0.000000
-0.05240817 -0.05028031 0.16247395 244 230 85 0.000000
-0.05508461 -0.04993479 0.16284277 234 222 78 0.000000
-0.05215755 -0.04985001 0.16243160 234 222 80 0.000000
-0.04905936 -0.04646358 0.16228126 227 215 77 0.000000
-0.04789181 -0.04581489 0.16225807 236 222 81 0.000000
-0.05282954 -0.05536115 0.16250679 243 231 85 0.000000
-0.05693410 -0.05023184 0.16315079 247 232 83 0.000000
-0.05645453 -0.05055544 0.16310954 245 231 86 0.000000
-0.05142908 -0.04850493 0.16238923 243 228 86 0.000000
-0.05502667 -0.05338991 0.16283071 251 239 88 0.000000
-0.05020292 -0.04934491 0.16222417 237 222 78 0.000000
-0.05071564 -0.04815798 0.16232713 243 229 85 0.000000
-0.05156701 -0.05607788 0.16235298 248 235 91 0.000000
-0.05184887 -0.05229240 0.16233516 241 227 79 0.000000
-0.05017736 -0.04881429 0.16224582 239 225 83 0.000000
-0.05041610 -0.04828289 0.16228999 244 228 86 0.000000
-0.04966290 -0.04933655 0.16218352 224 214 78 0.000000
-0.04833667 -0.05072781 0.16206630 236 221 82 0.000000
-0.05657056 -0.04994995 0.16309562 222 216 78 0.000000
-0.05620062 -0.04953450 0.16301720 211 200 68 0.000000
-0.05295908 -0.04524248 0.16255997 232 217 78 0.000000
-0.05490163 -0.05056594 0.16283919 225 213 80 0.000000
-0.04863965 -0.04923214 0.16213207 240 225 81 0.000000
-0.05427560 -0.05118929 0.16276740 240 228 85 0.000000
-0.05452744 -0.04569444 0.16276032 226 214 78 0.000000
-0.05433227 -0.04961114 0.16271979 236 221 79 0.000000
-0.05436048 -0.04819426 0.16271359 224 213 78 0.000000
-0.04730584 -0.04671151 0.16223374 238 224 79 0.000000
-0.05354831 -0.04339980 0.16263585 241 224 82 0.000000
-0.05615754 -0.04157843 0.16270411 212 197 67 0.000000
-0.05526786 -0.05383573 0.16282490 250 237 91 0.000000
-0.05188136 -0.04997163 0.16240858 239 225 78 0.000000
-0.05850482 -0.05610142 0.16310707 219 208 72 0.000000
-0.05709456 -0.04283185 0.16292500 225 211 70 0.000000
-0.05735319 -0.05197133 0.16314135 250 238 92 0.000000
-0.05635749 -0.05354697 0.16298442 251 239 93 0.000000
-0.05746011 -0.04144067 0.16282327 203 192 68 0.000000
-0.05727103 -0.04091642 0.16269355 206 192 63 0.000000
-0.05562445 -0.05731680 0.16284359 250 239 91 0.000000
-0.05649089 -0.04032332 0.16249476 210 197 63 0.000000
-0.04827872 -0.04695795 0.16223285 230 216 76 0.000000
-0.05091548 -0.04514483 0.16240793 234 219 78 0.000000
-0.05500719 -0.04010947 0.16227689 209 198 66 0.000000
-0.05045448 -0.05296509 0.16197026 188 178 52 0.000000
-0.04925233 -0.04414414 0.16236271 209 198 65 0.000000
-0.05137031 -0.04323572 0.16249166 236 221 79 0.000000
-0.05664105 -0.05719101 0.16294071 250 239 90 0.000000
-0.05051070 -0.04713332 0.16231126 244 229 85 0.000000
-0.05006923 -0.05165903 0.16201979 213 201 69 0.000000
-0.05312549 -0.04779380 0.16255026 244 230 85 0.000000
-0.04860680 -0.04339463 0.16233182 223 209 80 0.000000
-0.05097536 -0.04927695 0.16229835 233 222 79 0.000000
-0.05240671 -0.04770472 0.16247508 241 225 81 0.000000
-0.05183829 -0.04809443 0.16243301 242 228 85 0.000000
-0.04913313 -0.04727570 0.16224152 233 218 77 0.000000
-0.05315449 -0.05358689 0.16256358 228 217 80 0.000000
-0.05537225 -0.05360628 0.16285887 249 236 88 0.000000
-0.05514792 -0.05762066 0.16279854 252 241 95 0.000000
-0.04918544 -0.04794287 0.16221492 235 221 81 0.000000
-0.05183684 -0.04673382 0.16243270 240 225 81 0.000000
-0.04914248 -0.04850743 0.16218738 234 223 81 0.000000
-0.05468765 -0.05778450 0.16273803 251 240 94 0.000000
-0.05228754 -0.05412036 0.16241957 233 221 80 0.000000
-0.05148002 -0.04652705 0.16240534 236 221 82 0.000000
-0.05327633 -0.05651497 0.16256121 237 227 87 0.000000
-0.05277858 -0.05596050 0.16251518 247 235 94 0.000000
-0.05513875 -0.06137799 0.16270508 251 242 96 0.000000
-0.05684556 -0.06050964 0.16284314 245 234 90 0.000000
-0.05897854 -0.05393145 0.16318849 239 226 84 0.000000
-0.05582697 -0.05710545 0.16286097 245 234 88 0.000000
-0.05428603 -0.05726777 0.16268443 243 231 86 0.000000
-0.05078214 -0.05288113 0.16204038 205 194 63 0.000000
-0.05078351 -0.05199458 0.16211696 205 195 59 0.000000
-0.05043369 -0.05136824 0.16210936 220 209 73 0.000000
-0.05366243 -0.05345308 0.16264601 246 232 83 0.000000
-0.05076365 -0.04988845 0.16225871 232 217 80 0.000000
-0.05269479 -0.05161989 0.16250089 246 231 87 0.000000
-0.05437108 -0.05039699 0.16276082 238 225 82 0.000000
-0.05141610 -0.04893661 0.16236901 239 226 82 0.000000
-0.05748747 -0.04866036 0.16320379 246 231 88 0.000000
-0.05381944 -0.04973649 0.16264887 237 224 81 0.000000
-0.05295647 -0.04974364 0.16254137 242 230 83 0.000000
-0.05414214 -0.04907589 0.16269462 227 214 76 0.000000
-0.05006305 -0.04980024 0.16217919 227 216 74 0.000000
-0.05785920 -0.05016769 0.16321187 242 230 85 0.000000
-0.05906399 -0.04422148 0.16322091 223 210 71 0.000000
-0.05814423 -0.04963303 0.16322978 241 228 87 0.000000
-0.05366367 -0.04885141 0.16262138 242 225 85 0.000000
-0.05619871 -0.05151596 0.16306703 248 234 85 0.000000
-0.05621321 -0.05013087 0.16304314 229 219 79 0.000000
-0.05524983 -0.05102623 0.16290274 238 226 81 0.000000
-0.05626518 -0.04910340 0.16303040 212 200 69 0.000000
-0.05552125 -0.04863237 0.16290264 228 216 73 0.000000
-0.05181576 -0.04621272 0.16243078 238 223 81 0.000000
-0.04967801 -0.04776012 0.16223750 234 219 78 0.000000
-0.05043719 -0.04565623 0.16237241 236 221 78 0.000000
-0.05397947 -0.04377685 0.16268525 239 224 83 0.000000
-0.05989955 -0.04947723 0.16333674 216 205 66 0.000000
-0.05526240 -0.05493154 0.16282448 251 240 95 0.000000
-0.05569359 -0.04112940 0.16253638 220 208 75 0.000000
-0.05271298 -0.05437413 0.16248628 231 222 78 0.000000
-0.05505907 -0.05275604 0.16283539 249 236 90 0.000000
-0.05184478 -0.04489196 0.16248135 241 225 83 0.000000
-0.05490301 -0.05412096 0.16280453 251 241 94 0.000000
-0.05395788 -0.05315612 0.16269250 246 233 86 0.000000
-0.05192093 -0.05282339 0.16233754 242 227 80 0.000000
-0.05374412 -0.05392596 0.16266100 241 230 84 0.000000
-0.05254215 -0.05178959 0.16247603 248 234 88 0.000000
-0.05850711 -0.05457495 0.16312248 243 231 80 0.000000
-0.04803595 -0.04449053 0.16229674 233 219 77 0.000000
-0.04956340 -0.05176029 0.16198607 215 201 69 0.000000
-0.05609669 -0.04555385 0.16296309 227 214 75 0.000000
-0.05349695 -0.04782914 0.16259472 246 231 86 0.000000
-0.05529162 -0.04426979 0.16277759 204 192 62 0.000000
-0.04732580 -0.04714305 0.16221340 236 222 81 0.000000
-0.05701530 -0.04031910 0.16260657 193 184 59 0.000000
-0.05478955 -0.05077081 0.16282769 226 215 79 0.000000
-0.05334850 -0.05089283 0.16261923 234 222 79 0.000000
-0.06066377 -0.04091610 0.16327904 215 199 68 0.000000
-0.05470550 -0.04496779 0.16276056 225 211 73 0.000000
-0.05897239 -0.04008561 0.16311234 212 202 66 0.000000
-0.05059625 -0.05119788 0.16214867 226 215 75 0.000000
-0.05611062 -0.04717175 0.16301365 240 225 84 0.000000
-0.05493541 -0.04081255 0.16244942 214 205 71 0.000000
-0.05388081 -0.05812210 0.16259275 234 224 82 0.000000
-0.05429099 -0.04706051 0.16272824 242 226 80 0.000000
-0.05605914 -0.04990350 0.16298883 223 212 71 0.000000
-0.05339129 -0.05251475 0.16260579 237 224 83 0.000000
-0.04823705 -0.04932711 0.16211142 236 221 81 0.000000
-0.05302441 -0.05266469 0.16254230 243 230 87 0.000000
-0.05237563 -0.04040913 0.16259605 236 222 80 0.000000
-0.05772607 -0.05519712 0.16305903 245 229 86 0.000000
-0.05996010 -0.05273340 0.16333407 223 209 77 0.000000
-0.05794445 -0.05351702 0.16313320 249 237 92 0.000000
-0.05793941 -0.05248721 0.16315755 244 234 87 0.000000
-0.05692419 -0.05336216 0.16304775 253 241 92 0.000000
-0.05899538 -0.05101587 0.16325004 243 229 82 0.000000
-0.05874902 -0.05112409 0.16323331 246 234 88 0.000000
-0.05579035 -0.05318956 0.16294767 250 236 86 0.000000
-0.06168055 -0.04615403 0.16333829 223 210 73 0.000000
-0.05916847 -0.04808877 0.16333187 235 221 99 0.000000
-0.05768783 -0.04864011 0.16322565 246 232 89 0.000000
-0.06073801 -0.04533179 0.16335057 208 196 67 0.000000
-0.05652674 -0.05424030 0.16296247 251 240 94 0.000000
-0.06022226 -0.04442840 0.16331235 216 207 70 0.000000
-0.05182052 -0.04885703 0.16241014 242 227 84 0.000000
-0.05055162 -0.04751706 0.16232057 241 226 85 0.000000
-0.05088338 -0.04695537 0.16234657 244 229 86 0.000000
-0.05044626 -0.04065047 0.16251624 239 226 83 0.000000
-0.04856098 -0.04376904 0.16233221 222 208 76 0.000000
-0.05599997 -0.04053482 0.16250040 213 202 72 0.000000
-0.05532948 -0.04060735 0.16235183 220 209 80 0.000000
-0.05722610 -0.04210481 0.16294800 207 197 66 0.000000
-0.05224881 -0.04206064 0.16257600 226 215 77 0.000000
-0.05475078 -0.04523227 0.16277641 225 211 74 0.000000
-0.06029476 -0.04149933 0.16326268 194 181 59 0.000000
-0.06004563 -0.04235839 0.16325660 215 202 71 0.000000
-0.05733538 -0.04526258 0.16309385 236 224 83 0.000000
-0.05474568 -0.04245400 0.16272786 212 199 66 0.000000
-0.05156689 -0.05213503 0.16227756 235 221 77 0.000000
-0.05236318 -0.05288317 0.16242394 246 231 85 0.000000
-0.05567654 -0.04508190 0.16286691 218 206 71 0.000000
-0.05243544 -0.05379733 0.16244651 232 218 74 0.000000
-0.04994351 -0.05226519 0.16197377 198 187 61 0.000000
-0.05132542 -0.04461397 0.16245051 233 220 75 0.000000
-0.05267946 -0.04754330 0.16250595 238 222 80 0.000000
-0.05089222 -0.04603173 0.16238335 230 219 76 0.000000
-0.04964235 -0.05119291 0.16205551 216 204 68 0.000000
-0.06138285 -0.04348236 0.16328201 220 207 70 0.000000
-0.05152864 -0.04934974 0.16236499 239 224 86 0.000000
-0.05830580 -0.05823070 0.16307333 227 218 83 0.000000
-0.05269784 -0.04341256 0.16257150 212 206 69 0.000000
-0.05353775 -0.04554829 0.16262117 223 210 72 0.000000
-0.05684069 -0.05602955 0.16295907 242 231 86 0.000000
-0.05530808 -0.05584927 0.16281454 249 237 90 0.000000
-0.05294592 -0.05580117 0.16253270 248 235 92 0.000000
-0.05362114 -0.05565565 0.16262966 242 229 86 0.000000
-0.05713448 -0.04976681 0.16315526 241 228 85 0.000000
-0.05877998 -0.04731401 0.16328920 236 223 99 0.000000
-0.05687380 -0.04071059 0.16261859 212 197 65 0.000000
-0.05709166 -0.04134326 0.16274965 214 200 69 0.000000
-0.05653830 -0.04168624 0.16276093 207 194 64 0.000000
-0.05740859 -0.04184401 0.16291788 203 191 66 0.000000
-0.05552852 -0.04388381 0.16283469 202 190 60 0.000000
-0.05421657 -0.05366411 0.16271079 246 235 89 0.000000
-0.05502083 -0.04059301 0.16238241 213 203 70 0.000000
-0.06168500 -0.04167924 0.16325988 191 182 64 0.000000
-0.06164067 -0.04218429 0.16325749 196 186 62 0.000000
-0.06145769 -0.04122921 0.16329138 206 192 64 0.000000
-0.06154306 -0.04318149 0.16327633 215 202 64 0.000000
-0.06129041 -0.04192265 0.16328257 189 178 60 0.000000
-0.06125072 -0.04263906 0.16327216 205 194 63 0.000000
-0.06107965 -0.04035316 0.16328080 211 200 71 0.000000
-0.06093703 -0.03989743 0.16325325 218 203 77 0.000000
-0.06091033 -0.04070299 0.16328311 220 206 68 0.000000
-0.06084909 -0.04244898 0.16327640 206 192 64 0.000000
-0.06083721 -0.04350213 0.16329184 218 204 70 0.000000
-0.06072581 -0.04123909 0.16328053 198 191 65 0.000000
-0.06076444 -0.04295229 0.16328764 219 204 71 0.000000
-0.06062727 -0.04031714 0.16327415 208 201 74 0.000000
-0.06045180 -0.03997632 0.16323695 215 207 91 0.000000
-0.06042183 -0.04250223 0.16327210 211 198 63 0.000000
-0.05994095 -0.05183686 0.16331893 216 201 71 0.000000
-0.05781872 -0.04751238 0.16323645 237 224 84 0.000000
-0.06024791 -0.04084724 0.16326408 207 195 68 0.000000
-0.06085899 -0.04185661 0.16328423 188 178 57 0.000000
-0.06013739 -0.04038597 0.16324835 211 196 69 0.000000
-0.06151069 -0.04720209 0.16335650 216 205 74 0.000000
-0.05611220 -0.06031560 0.16280633 250 238 94 0.000000
-0.06151865 -0.04772255 0.16336137 228 214 74 0.000000
-0.05999266 -0.04135763 0.16324741 202 190 58 0.000000
-0.05976982 -0.04188366 0.16324306 219 206 72 0.000000
-0.05544886 -0.05997828 0.16277240 253 241 97 0.000000
-0.05978799 -0.04249672 0.16325293 220 207 72 0.000000
-0.05967675 -0.04298447 0.16325837 231 216 72 0.000000
-0.06043422 -0.04194860 0.16327189 191 182 59 0.000000
-0.05552102 -0.06099499 0.16273859 251 241 96 0.000000
-0.05944066 -0.04379812 0.16324139 228 214 75 0.000000
-0.06031911 -0.04292972 0.16327322 222 208 72 0.000000
-0.05976275 -0.03964596 0.16317765 229 216 96 0.000000
-0.05904117 -0.05527399 0.16316280 225 214 74 0.000000
-0.05900884 -0.04109973 0.16316879 214 203 71 0.000000
-0.05453278 -0.06105280 0.16265097 246 234 90 0.000000
-0.06057318 -0.04771022 0.16334125 217 204 72 0.000000
-0.05879952 -0.04254619 0.16321431 208 196 67 0.000000
-0.05876718 -0.04151318 0.16316402 222 209 70 0.000000
-0.05876848 -0.04199464 0.16318773 219 206 70 0.000000
-0.05864228 -0.04309998 0.16321507 206 196 66 0.000000
-0.05919254 -0.04187929 0.16321613 218 205 72 0.000000
-0.05933945 -0.04237679 0.16323259 210 197 70 0.000000
-0.05938204 -0.04331361 0.16324428 229 217 73 0.000000
-0.05808239 -0.05594847 0.16306564 214 203 68 0.000000
-0.05844709 -0.05797894 0.16309562 226 215 77 0.000000
-0.05782805 -0.05553506 0.16304129 224 216 78 0.000000
-0.05678404 -0.05376636 0.16298816 252 240 93 0.000000
-0.05825434 -0.05924608 0.16307774 239 226 83 0.000000
-0.05962923 -0.04709226 0.16331841 234 223 90 0.000000
-0.05623881 -0.05318153 0.16297106 250 238 93 0.000000
-0.05851991 -0.05643856 0.16309959 223 213 74 0.000000
-0.05850378 -0.04051991 0.16307297 214 199 69 0.000000
-0.05817524 -0.05713415 0.16307236 240 225 79 0.000000
-0.05770729 -0.04227884 0.16303325 214 203 67 0.000000
-0.05775346 -0.04290346 0.16309214 226 211 75 0.000000
-0.05803414 -0.05762656 0.16304673 244 230 84 0.000000
-0.05631256 -0.05472370 0.16293661 253 242 98 0.000000
-0.05772107 -0.04127579 0.16292113 203 190 64 0.000000
-0.05763981 -0.05619577 0.16303544 208 200 70 0.000000
-0.05795823 -0.05945380 0.16303968 240 228 87 0.000000
-0.05762032 -0.04342524 0.16308254 226 213 74 0.000000
-0.05760800 -0.05796474 0.16302109 250 238 93 0.000000
-0.06038260 -0.04112825 0.16326918 201 189 60 0.000000
-0.05772105 -0.05839330 0.16303673 250 239 94 0.000000
-0.05707171 -0.05806500 0.16297390 252 240 92 0.000000
-0.05758577 -0.05672266 0.16302770 224 214 76 0.000000
-0.05724523 -0.04185965 0.16291802 205 194 71 0.000000
-0.05747940 -0.05726116 0.16301484 248 234 85 0.000000
-0.05733994 -0.05758400 0.16299276 249 238 92 0.000000
-0.05702216 -0.05899413 0.16295400 253 241 96 0.000000
-0.05802588 -0.04264219 0.16310816 215 201 71 0.000000
-0.05688075 -0.04338028 0.16295166 214 204 67 0.000000
-0.06079463 -0.04602980 0.16334587 206 196 69 0.000000
-0.05688452 -0.04267317 0.16291706 217 206 65 0.000000
-0.05490731 -0.05476128 0.16281116 250 238 93 0.000000
-0.06025513 -0.04404632 0.16329759 225 211 72 0.000000
-0.06086887 -0.04640936 0.16334434 213 202 71 0.000000
-0.05506840 -0.05532636 0.16280748 249 235 89 0.000000
-0.05802814 -0.04599461 0.16319911 241 227 85 0.000000
-0.05996601 -0.04340112 0.16325429 228 215 78 0.000000
-0.05791110 -0.04677355 0.16322471 241 228 87 0.000000
-0.05937071 -0.04147258 0.16319965 219 205 71 0.000000
-0.05580244 -0.05868950 0.16284816 250 239 90 0.000000
-0.05732391 -0.04302899 0.16301575 230 216 76 0.000000
-0.05437086 -0.05451915 0.16275291 251 239 95 0.000000
-0.05721357 -0.04621167 0.16315043 242 227 83 0.000000
-0.05598706 -0.04191228 0.16276111 212 199 62 0.000000
-0.05483080 -0.05832813 0.16275565 253 243 96 0.000000
-0.05656471 -0.04143915 0.16278122 206 194 63 0.000000
-0.05471699 -0.05881516 0.16272922 251 242 96 0.000000
-0.05891280 -0.04351954 0.16321474 224 212 78 0.000000
-0.05567393 -0.04158957 0.16266605 218 205 70 0.000000
-0.05649984 -0.04272927 0.16290230 209 196 58 0.000000
-0.05690587 -0.04529715 0.16305773 232 219 80 0.000000
-0.05440260 -0.05921635 0.16269067 247 235 86 0.000000
-0.06003086 -0.04865191 0.16336024 215 204 72 0.000000
-0.05616208 -0.04231977 0.16285665 204 192 62 0.000000
-0.05526249 -0.04265265 0.16278359 205 193 63 0.000000
-0.05832461 -0.04187240 0.16310342 217 205 71 0.000000
-0.05526881 -0.04309494 0.16283248 200 189 60 0.000000
-0.05361098 -0.05896567 0.16260041 248 237 94 0.000000
-0.05611126 -0.04425786 0.16293287 222 212 71 0.000000
-0.05582190 -0.04383262 0.16289696 202 192 61 0.000000
-0.06063673 -0.03937567 0.16321772 233 219 113 0.000000
-0.05465429 -0.04193762 0.16268232 204 194 63 0.000000
-0.05583045 -0.04624943 0.16295050 217 206 77 0.000000
-0.05423611 -0.04186087 0.16266285 216 203 69 0.000000
-0.05720604 -0.04244450 0.16296847 221 208 68 0.000000
-0.06114918 -0.04318167 0.16327447 213 201 66 0.000000
-0.05669931 -0.04210729 0.16287255 213 199 63 0.000000
-0.05708909 -0.04429996 0.16303641 236 220 80 0.000000
-0.05365471 -0.04250518 0.16265777 226 212 79 0.000000
-0.05409969 -0.04030276 0.16256914 209 197 71 0.000000
-0.05620161 -0.04125182 0.16271536 213 198 66 0.000000
-0.05432030 -0.04285121 0.16271831 219 207 74 0.000000
-0.05422727 -0.04338947 0.16271763 238 221 82 0.000000
-0.05352265 -0.04369749 0.16264196 238 224 85 0.000000
-0.05338965 -0.04299601 0.16264138 236 221 81 0.000000
-0.05322121 -0.04203695 0.16263695 241 224 82 0.000000
-0.05980730 -0.04091308 0.16323060 211 199 69 0.000000
-0.05933256 -0.04002648 0.16315122 224 211 80 0.000000
-0.05342612 -0.05533044 0.16259399 244 231 85 0.000000
-0.05909171 -0.03959667 0.16311570 218 206 74 0.000000
-0.05621834 -0.04312687 0.16291884 206 194 60 0.000000
-0.05636638 -0.04367535 0.16294229 214 203 70 0.000000
-0.05308967 -0.04156608 0.16262773 239 224 79 0.000000
-0.06047475 -0.04349155 0.16328518 220 207 72 0.000000
-0.05353790 -0.04109052 0.16263454 212 203 75 0.000000
-0.05680803 -0.04636398 0.16311638 243 229 82 0.000000
-0.05584588 -0.04271215 0.16284603 203 191 64 0.000000
-0.05641969 -0.04554492 0.16301112 229 216 73 0.000000
-0.05339172 -0.04152763 0.16262966 234 220 80 0.000000
-0.05526611 -0.04016368 0.16227166 216 203 70 0.000000
-0.05558681 -0.04228972 0.16277879 209 197 66 0.000000
-0.05631587 -0.04513996 0.16296968 229 216 72 0.000000
-0.05314418 -0.04065267 0.16261528 212 201 71 0.000000
-0.05581221 -0.04474460 0.16289121 221 206 72 0.000000
-0.05491062 -0.04131515 0.16256726 212 202 68 0.000000
-0.05513456 -0.04200134 0.16269158 212 202 67 0.000000
-0.05207871 -0.04108388 0.16257624 235 222 79 0.000000
-0.05305379 -0.04342051 0.16260193 216 209 73 0.000000
-0.05267410 -0.04029622 0.16260199 229 217 78 0.000000
-0.05196409 -0.04169090 0.16255315 227 214 76 0.000000
-0.05204573 -0.04370319 0.16252261 218 205 70 0.000000
-0.05219943 -0.05462795 0.16241018 243 228 85 0.000000
-0.05290834 -0.04387942 0.16258159 200 192 65 0.000000
-0.05261979 -0.04125780 0.16260104 238 224 81 0.000000
-0.05179801 -0.05421276 0.16233134 233 221 81 0.000000
-0.05180456 -0.04217233 0.16254118 221 209 73 0.000000
-0.05826277 -0.04128202 0.16307388 213 200 71 0.000000
-0.05451654 -0.04140132 0.16262801 209 197 65 0.000000
-0.05473441 -0.04272069 0.16275452 214 202 72 0.000000
-0.05438935 -0.04089021 0.16258627 217 204 70 0.000000
-0.05937383 -0.04468182 0.16327912 213 201 68 0.000000
-0.05164766 -0.04296533 0.16251422 233 218 77 0.000000
-0.05252105 -0.04310760 0.16256949 234 218 77 0.000000
-0.05120927 -0.05413650 0.16221148 235 223 82 0.000000
-0.05843183 -0.04237159 0.16314910 209 199 64 0.000000
-0.05437032 -0.04235106 0.16270326 208 196 70 0.000000
-0.05124790 -0.04151018 0.16251609 240 226 84 0.000000
-0.05178100 -0.04075491 0.16256633 238 225 81 0.000000
-0.05138493 -0.05545970 0.16232757 244 231 84 0.000000
-0.05733898 -0.04022370 0.16273227 187 177 58 0.000000
-0.05112721 -0.04383550 0.16247593 230 217 77 0.000000
-0.05380485 -0.04182697 0.16265005 231 216 76 0.000000
-0.06052268 -0.05038851 0.16334890 188 180 58 0.000000
-0.05810906 -0.04345018 0.16315612 217 205 73 0.000000
-0.05758026 -0.06008755 0.16296346 243 233 87 0.000000
-0.05186430 -0.04432220 0.16248703 227 215 76 0.000000
-0.04981075 -0.05324820 0.16193612 186 176 55 0.000000
-0.05065345 -0.04194168 0.16245976 242 227 84 0.000000
-0.05846588 -0.04504403 0.16323097 233 219 77 0.000000
-0.05737368 -0.05969595 0.16296040 247 233 85 0.000000
-0.05098860 -0.04061250 0.16254577 234 220 81 0.000000
-0.05759338 -0.05911890 0.16301052 247 234 91 0.000000
-0.05038827 -0.04429320 0.16243210 233 218 80 0.000000
-0.05891160 -0.04757934 0.16329332 238 224 100 0.000000
-0.05134086 -0.04350225 0.16248900 230 218 76 0.000000
-0.05007036 -0.04129483 0.16246603 241 226 85 0.000000
-0.05313307 -0.04254429 0.16261922 234 220 77 0.000000
-0.05106553 -0.04305420 0.16247477 239 223 80 0.000000
-0.05666809 -0.05913296 0.16291396 251 241 99 0.000000
-0.04996284 -0.04183843 0.16243178 239 227 83 0.000000
-0.04994543 -0.04436605 0.16240160 231 217 80 0.000000
-0.05069841 -0.04242452 0.16245233 242 226 84 0.000000
-0.05100526 -0.04459352 0.16243649 231 217 77 0.000000
-0.04986858 -0.04227859 0.16240931 239 224 77 0.000000
-0.06122918 -0.04086049 0.16328634 211 199 72 0.000000
-0.05660399 -0.05851970 0.16290841 251 241 94 0.000000
-0.05256225 -0.04175809 0.16259806 235 223 80 0.000000
-0.04963428 -0.04422935 0.16240114 215 204 70 0.000000
-0.05059404 -0.04342860 0.16245478 227 215 80 0.000000
-0.05207074 -0.04041415 0.16258696 238 224 82 0.000000
-0.06015407 -0.05227729 0.16335079 212 201 70 0.000000
-0.05569546 -0.05819058 0.16286607 245 235 86 0.000000
-0.05015075 -0.04382851 0.16243649 223 210 75 0.000000
-0.05842515 -0.04918625 0.16328076 236 222 81 0.000000
-0.05987403 -0.05326362 0.16331549 233 217 80 0.000000
-0.04925313 -0.04284684 0.16239315 217 208 75 0.000000
-0.05780426 -0.04790081 0.16324298 243 229 86 0.000000
-0.05001541 -0.04282392 0.16241404 230 217 72 0.000000
-0.04998678 -0.04323194 0.16241796 225 214 74 0.000000
-0.05024491 -0.04495158 0.16238867 237 221 78 0.000000
-0.04900517 -0.04337285 0.16236505 210 199 70 0.000000
-0.05989414 -0.04004419 0.16320488 233 218 88 0.000000
-0.05906294 -0.05255797 0.16323313 237 222 83 0.000000
-0.05900256 -0.05213464 0.16323042 234 219 81 0.000000
-0.05710819 -0.04682293 0.16315691 242 228 88 0.000000
-0.04964696 -0.04359636 0.16240554 202 193 68 0.000000
-0.05881023 -0.05162761 0.16322719 239 225 90 0.000000
-0.04872051 -0.04264283 0.16238606 240 225 85 0.000000
-0.04877727 -0.04430218 0.16235304 224 212 70 0.000000
-0.05840588 -0.05202518 0.16318555 249 234 92 0.000000
-0.05469737 -0.04068002 0.16249341 213 202 69 0.000000
-0.04939971 -0.04313411 0.16238885 209 197 64 0.000000
-0.04844477 -0.04404339 0.16233769 229 216 78 0.000000
-0.05130310 -0.04249175 0.16249990 230 215 78 0.000000
-0.05751877 -0.05246281 0.16312993 247 235 90 0.000000
-0.05110256 -0.04198720 0.16248810 237 222 79 0.000000
-0.04948879 -0.04536885 0.16234376 234 220 79 0.000000
-0.04943204 -0.04390183 0.16239089 202 192 64 0.000000
-0.04953089 -0.04629711 0.16231206 229 216 75 0.000000
-0.05934045 -0.04082946 0.16318126 223 210 76 0.000000
-0.04945499 -0.04583236 0.16232076 233 218 81 0.000000
-0.05066086 -0.04155938 0.16247752 237 224 80 0.000000
-0.05896416 -0.04052495 0.16312921 217 204 71 0.000000
-0.04875766 -0.04315135 0.16236356 225 212 78 0.000000
-0.05873593 -0.03999947 0.16308022 208 195 67 0.000000
-0.05510849 -0.04398790 0.16279137 202 192 64 0.000000
-0.05384269 -0.04073529 0.16260381 203 194 74 0.000000
-0.05526451 -0.04497961 0.16282752 220 208 74 0.000000
-0.05362767 -0.04032189 0.16260371 213 201 76 0.000000
-0.05052954 -0.04295493 0.16244297 239 224 85 0.000000
-0.05488235 -0.04444979 0.16276176 210 200 67 0.000000
-0.05456978 -0.04382644 0.16274200 231 216 77 0.000000
-0.05061298 -0.04386700 0.16244857 226 213 74 0.000000
-0.04873620 -0.04699857 0.16224906 233 218 76 0.000000
-0.04822005 -0.04602173 0.16227558 235 222 80 0.000000
-0.04965198 -0.04181409 0.16242631 240 227 81 0.000000
-0.05428513 -0.04453165 0.16271658 235 220 77 0.000000
-0.04827311 -0.04652222 0.16225314 238 223 82 0.000000
-0.05262215 -0.04068200 0.16259970 230 218 78 0.000000
-0.04837638 -0.05002918 0.16208377 237 221 78 0.000000
-0.04766978 -0.04715203 0.16221698 235 220 78 0.000000
-0.04797794 -0.04813872 0.16218156 236 224 78 0.000000
-0.04976142 -0.04674052 0.16229968 233 218 77 0.000000
-0.05007925 -0.04786587 0.16226660 235 223 80 0.000000
-0.04962178 -0.04723716 0.16226134 235 218 78 0.000000
-0.05155200 -0.04044488 0.16257380 234 221 81 0.000000
-0.04687969 -0.04781975 0.16218314 224 208 73 0.000000
-0.05044227 -0.05240957 0.16201961 194 185 56 0.000000
-0.04929795 -0.04821552 0.16220008 236 223 81 0.000000
-0.04867963 -0.04609773 0.16228001 232 220 77 0.000000
-0.04884462 -0.05072327 0.16206336 217 205 71 0.000000
-0.05595280 -0.04857754 0.16298819 233 217 80 0.000000
-0.06041690 -0.03965890 0.16319937 233 221 109 0.000000
-0.05794090 -0.04116457 0.16298784 209 195 69 0.000000
-0.05275764 -0.05407133 0.16249156 220 212 76 0.000000
-0.05767214 -0.04092176 0.16285877 204 191 60 0.000000
-0.05677357 -0.05980454 0.16287531 253 242 98 0.000000
-0.05604823 -0.03994103 0.16240725 211 198 70 0.000000
-0.05803373 -0.04919656 0.16323656 243 230 83 0.000000
-0.05354711 -0.05943815 0.16259456 251 239 95 0.000000
-0.05565237 -0.06129139 0.16273856 250 237 89 0.000000
-0.05197050 -0.04883267 0.16242228 244 228 84 0.000000
-0.05747689 -0.04725356 0.16317572 235 223 86 0.000000
-0.05724841 -0.05055439 0.16317216 244 229 86 0.000000
-0.05226319 -0.04735459 0.16246805 240 227 84 0.000000
-0.05179369 -0.04715312 0.16242921 244 227 86 0.000000
-0.04929924 -0.04684508 0.16226485 232 217 78 0.000000
-0.04674505 -0.04761160 0.16219239 209 199 71 0.000000
-0.05555666 -0.04037890 0.16232380 220 208 76 0.000000
-0.05537605 -0.05718018 0.16281977 252 241 95 0.000000
-0.05053626 -0.04907452 0.16226818 239 225 81 0.000000
-0.05314082 -0.05618297 0.16255246 245 235 96 0.000000
-0.05401880 -0.04236618 0.16265456 212 200 70 0.000000
-0.05318270 -0.04536022 0.16258264 230 217 76 0.000000
-0.05463445 -0.04432377 0.16274409 224 209 73 0.000000
-0.05040108 -0.04977353 0.16222323 236 222 79 0.000000
-0.05446601 -0.06065622 0.16263396 246 234 90 0.000000
-0.05425705 -0.04756906 0.16271390 236 226 85 0.000000
-0.04955463 -0.04084729 0.16248149 236 225 81 0.000000
-0.05573668 -0.04011829 0.16232660 217 204 72 0.000000
-0.05800603 -0.04212447 0.16302809 219 204 72 0.000000
-0.05712329 -0.04359156 0.16298245 225 211 75 0.000000
-0.05650644 -0.04952691 0.16306777 210 200 71 0.000000
-0.05882999 -0.05014203 0.16325231 242 229 83 0.000000
-0.05564490 -0.05449810 0.16286413 252 240 96 0.000000
-0.05603616 -0.05540723 0.16286887 252 241 97 0.000000
-0.05809082 -0.05855000 0.16305336 241 229 86 0.000000
-0.05719507 -0.05997000 0.16292281 250 237 87 0.000000
-0.05593353 -0.06078791 0.16277362 249 238 90 0.000000
-0.05670092 -0.05671491 0.16293132 252 237 87 0.000000
-0.05640334 -0.05942464 0.16287673 252 241 100 0.000000
-0.05794095 -0.05903108 0.16305053 244 230 87 0.000000
-0.05102355 -0.05523412 0.16225466 241 228 81 0.000000
-0.04999284 -0.05348308 0.16193306 186 177 54 0.000000
-0.05006269 -0.05118163 0.16208263 224 208 72 0.000000
-0.05448341 -0.05416218 0.16273929 251 239 93 0.000000
-0.05042460 -0.05027013 0.16219346 236 221 80 0.000000
-0.05062185 -0.04931160 0.16226442 238 224 80 0.000000
-0.04950272 -0.04971689 0.16214532 221 209 71 0.000000
-0.05295760 -0.05220166 0.16253649 243 231 82 0.000000
-0.05331194 -0.05407763 0.16258520 236 225 78 0.000000
-0.05589361 -0.05241595 0.16298391 250 237 87 0.000000
-0.05163354 -0.05380697 0.16228032 231 218 75 0.000000
-0.05618370 -0.06111676 0.16277310 237 225 86 0.000000
-0.05734574 -0.04919324 0.16317984 243 229 85 0.000000
-0.05145187 -0.05067055 0.16232914 247 234 87 0.000000
-0.05559868 -0.04890673 0.16292678 231 217 81 0.000000
-0.06166285 -0.04572178 0.16333985 228 215 79 0.000000
-0.05528036 -0.04147743 0.16255194 222 209 79 0.000000
-0.05557409 -0.04194068 0.16269431 214 203 66 0.000000
-0.05631508 -0.05261840 0.16303311 250 239 91 0.000000
-0.05745822 -0.05597719 0.16302083 221 211 75 0.000000
-0.05118404 -0.04687013 0.16238134 242 228 85 0.000000
-0.05166756 -0.05470822 0.16230273 241 227 80 0.000000
-0.04985570 -0.04326659 0.16241165 218 207 69 0.000000
-0.05080009 -0.05154367 0.16216026 221 210 69 0.000000
-0.05100777 -0.04906594 0.16231282 238 224 82 0.000000
-0.05530933 -0.04103325 0.16242717 225 211 82 0.000000
-0.05295637 -0.04772393 0.16253230 243 228 81 0.000000
-0.05218635 -0.04782563 0.16244860 241 227 84 0.000000
-0.05676064 -0.04314204 0.16290696 210 197 64 0.000000
-0.05678108 -0.03989803 0.16249055 201 188 57 0.000000
-0.05754568 -0.04260177 0.16302317 228 212 72 0.000000
-0.05710103 -0.04478837 0.16305435 236 221 82 0.000000
-0.05478498 -0.05157975 0.16281420 249 235 88 0.000000
-0.06021369 -0.04585522 0.16334273 207 200 68 0.000000
-0.05470550 -0.04496779 0.16276056 225 211 73 0.000000
-0.05040108 -0.04977353 0.16222323 236 222 79 0.000000
-0.05021362 -0.04189709 0.16243598 240 226 83 0.000000
-0.05134086 -0.04350225 0.16248900 230 218 76 0.000000
-0.05556687 -0.05089369 0.16295472 237 226 81 0.000000
-0.05331092 -0.04634101 0.16258527 225 212 76 0.000000
-0.05188136 -0.04997163 0.16240858 239 225 78 0.000000
-0.05553217 -0.05625847 0.16283965 246 236 89 0.000000
-0.05522244 -0.05182826 0.16288601 247 234 86 0.000000
-0.05791110 -0.04677355 0.16322471 241 228 87 0.000000
-0.05937071 -0.04147258 0.16319965 219 205 71 0.000000
-0.05120927 -0.05413650 0.16221148 235 223 82 0.000000
-0.05608280 -0.05739469 0.16288425 245 233 90 0.000000
-0.05528036 -0.04147743 0.16255194 222 209 79 0.000000
-0.05182052 -0.04885703 0.16241014 242 227 84 0.000000
-0.05605914 -0.04990350 0.16298883 223 212 71 0.000000
-0.05897239 -0.04008561 0.16311234 212 202 66 0.000000
-0.06025513 -0.04404632 0.16329759 225 211 72 0.000000
-0.05775901 -0.05984547 0.16299599 244 231 85 0.000000
-0.04687969 -0.04781975 0.16218314 224 208 73 0.000000
-0.05371586 -0.04458345 0.16266574 235 222 81 0.000000
-0.05218635 -0.04782563 0.16244860 241 227 84 0.000000
-0.05802823 -0.05082639 0.16320914 247 234 90 0.000000
-0.05061298 -0.04386700 0.16244857 226 213 74 0.000000
-0.05843183 -0.04237159 0.16314910 209 199 64 0.000000
-0.05188136 -0.04997163 0.16240858 239 225 78 0.000000
-0.05649984 -0.04272927 0.16290230 209 196 58 0.000000
-0.05636856 -0.04863379 0.16305482 221 207 75 0.000000
-0.05353790 -0.04109052 0.16263454 212 203 75 0.000000
-0.05440260 -0.05921635 0.16269067 247 235 86 0.000000
-0.05059368 -0.04617045 0.16235931 224 212 77 0.000000
-0.05803414 -0.05762656 0.16304673 244 230 84 0.000000
-0.05305935 -0.04577781 0.16256499 228 217 72 0.000000
-0.04931951 -0.05176076 0.16197981 216 203 70 0.000000
-0.05747940 -0.05726116 0.16301484 248 234 85 0.000000
-0.05452256 -0.04731009 0.16275866 242 227 82 0.000000
-0.05513456 -0.04200134 0.16269158 212 202 67 0.000000
-0.05830580 -0.05823070 0.16307333 227 218 83 0.000000
-0.05554910 -0.05283104 0.16292043 251 239 92 0.000000
-0.06035193 -0.04532165 0.16334249 209 196 66 0.000000
-0.05102355 -0.05523412 0.16225466 241 228 81 0.000000
-0.05370947 -0.04600887 0.16264121 219 206 69 0.000000
-0.05526451 -0.04497961 0.16282752 220 208 74 0.000000
-0.06013739 -0.04038597 0.16324835 211 196 69 0.000000
-0.05552852 -0.04388381 0.16283469 202 190 60 0.000000
-0.05897239 -0.04008561 0.16311234 212 202 66 0.000000
-0.04963428 -0.04422935 0.16240114 215 204 70 0.000000
-0.05353775 -0.04554829 0.16262117 223 210 72 0.000000
-0.06058368 -0.04697555 0.16334404 211 200 69 0.000000
-0.05334850 -0.05089283 0.16261923 234 222 79 0.000000
-0.05606475 -0.05076623 0.16304713 242 228 85 0.000000
-0.05708000 -0.04780396 0.16315049 238 225 82 0.000000
-0.05424220 -0.05818266 0.16266185 242 233 89 0.000000
-0.05367129 -0.04538779 0.16264001 224 210 72 0.000000
-0.05611220 -0.06031560 0.16280633 250 238 94 0.000000
-0.04940083 -0.04222773 0.16240524 238 227 82 0.000000
-0.05925241 -0.04668757 0.16329496 237 222 87 0.000000
-0.04953089 -0.04629711 0.16231206 229 216 75 0.000000
-0.05399770 -0.05914304 0.16263735 249 238 95 0.000000
-0.05197050 -0.04883267 0.16242228 244 228 84 0.000000
-0.04914248 -0.04850743 0.16218738 234 223 81 0.000000
-0.05098513 -0.04645715 0.16237563 234 221 80 0.000000
-0.05413502 -0.05166684 0.16274321 244 233 86 0.000000
-0.05380345 -0.05436974 0.16267943 246 235 89 0.000000
-0.06143597 -0.04436431 0.16331665 219 207 72 0.000000
-0.06057318 -0.04771022 0.16334125 217 204 72 0.000000
-0.05093299 -0.05049797 0.16224460 241 228 79 0.000000
-0.05130310 -0.04249175 0.16249990 230 215 78 0.000000
-0.05962923 -0.04709226 0.16331841 234 223 90 0.000000
-0.05729586 -0.04892429 0.16317827 242 229 86 0.000000
-0.06058193 -0.04564922 0.16335508 202 193 69 0.000000
-0.04897797 -0.04732790 0.16223043 231 217 78 0.000000
-0.05458516 -0.05263303 0.16278267 246 233 87 0.000000
-0.05299799 -0.04678549 0.16254209 233 218 82 0.000000
-0.05745822 -0.05597719 0.16302083 221 211 75 0.000000
-0.05122364 -0.05180265 0.16222496 229 219 77 0.000000
-0.05339172 -0.04152763 0.16262966 234 220 80 0.000000
-0.05353790 -0.04109052 0.16263454 212 203 75 0.000000
-0.05514525 -0.05077400 0.16288225 228 216 79 0.000000
-0.05642835 -0.04082427 0.16265839 213 199 67 0.000000
-0.05733510 -0.05013767 0.16317663 245 231 84 0.000000
-0.05900256 -0.05213464 0.16323042 234 219 81 0.000000
-0.05399770 -0.05914304 0.16263735 249 238 95 0.000000
-0.05802814 -0.04599461 0.16319911 241 227 85 0.000000
-0.05399534 -0.04294877 0.16268602 226 214 75 0.000000
-0.05421424 -0.05246463 0.16272879 245 232 83 0.000000
-0.05147405 -0.04098020 0.16255160 242 227 86 0.000000
-0.05617711 -0.05884633 0.16288607 251 240 96 0.000000
-0.05530933 -0.04103325 0.16242717 225 211 82 0.000000
-0.05331092 -0.04634101 0.16258527 225 212 76 0.000000
-0.05937383 -0.04468182 0.16327912 213 201 68 0.000000
-0.05702216 -0.05899413 0.16295400 253 241 96 0.000000
-0.04837638 -0.05002918 0.16208377 237 221 78 0.000000
-0.05825434 -0.05924608 0.16307774 239 226 83 0.000000
-0.05606733 -0.04346973 0.16292784 204 192 63 0.000000
-0.05594417 -0.05594865 0.16286686 246 235 86 0.000000
-0.05677902 -0.05646512 0.16294335 246 234 84 0.000000
-0.05313477 -0.05698254 0.16253345 235 223 84 0.000000
-0.05562445 -0.05731680 0.16284359 250 239 91 0.000000
-0.05566958 -0.04534153 0.16288693 219 206 71 0.000000
-0.05763981 -0.05619577 0.16303544 208 200 70 0.000000
-0.05361098 -0.05896567 0.16260041 248 237 94 0.000000
-0.04920101 -0.04434339 0.16236079 213 204 71 0.000000
-0.05284391 -0.04295765 0.16259453 223 216 78 0.000000
-0.05762032 -0.04342524 0.16308254 226 213 74 0.000000
-0.05814423 -0.04963303 0.16322978 241 228 87 0.000000
-0.05097536 -0.04927695 0.16229835 233 222 79 0.000000
-0.05768783 -0.04864011 0.16322565 246 232 89 0.000000
-0.05044626 -0.04065047 0.16251624 239 226 83 0.000000
-0.06031911 -0.04292972 0.16327322 222 208 72 0.000000
-0.05124790 -0.04151018 0.16251609 240 226 84 0.000000
-0.05527754 -0.04955721 0.16287848 235 220 76 0.000000
-0.05877998 -0.04731401 0.16328920 236 223 99 0.000000
-0.05937383 -0.04468182 0.16327912 213 201 68 0.000000
-0.05401459 -0.04494213 0.16268975 227 213 76 0.000000
-0.05596138 -0.04894695 0.16298588 221 210 75 0.000000
-0.05538295 -0.05034725 0.16290106 222 210 76 0.000000
-0.05399770 -0.05914304 0.16263735 249 238 95 0.000000
-0.05059404 -0.04342860 0.16245478 227 215 80 0.000000
-0.05016236 -0.05072304 0.16213043 230 216 74 0.000000
-0.06044980 -0.04469725 0.16331398 218 205 70 0.000000
-0.05311210 -0.05488775 0.16256541 244 231 81 0.000000
-0.05537225 -0.05360628 0.16285887 249 236 88 0.000000
-0.05844513 -0.05267069 0.16316278 246 233 85 0.000000
-0.05479778 -0.04680266 0.16281092 238 223 79 0.000000
-0.05655112 -0.04470185 0.16299243 234 218 74 0.000000
-0.05579035 -0.05318956 0.16294767 250 236 86 0.000000
-0.05240817 -0.05028031 0.16247395 244 230 85 0.000000
-0.05176493 -0.04543049 0.16245575 240 226 81 0.000000
-0.05903331 -0.05442623 0.16317284 239 225 82 0.000000
-0.05087099 -0.04568418 0.16239426 235 221 80 0.000000
-0.05631256 -0.05472370 0.16293661 253 242 98 0.000000
-0.06085303 -0.04879225 0.16336009 206 196 66 0.000000
-0.05273269 -0.04232500 0.16259721 238 224 80 0.000000
-0.05564490 -0.05449810 0.16286413 252 240 96 0.000000
-0.05335204 -0.05600320 0.16258499 243 233 95 0.000000
-0.05142908 -0.04850493 0.16238923 243 228 86 0.000000
-0.06015565 -0.05298859 0.16333398 224 213 78 0.000000
-0.05938204 -0.04331361 0.16324428 229 217 73 0.000000
-0.05042460 -0.05027013 0.16219346 236 221 80 0.000000
-0.05861400 -0.04846741 0.16326742 232 218 82 0.000000
-0.05463445 -0.04432377 0.16274409 224 209 73 0.000000
