0.11432224 0.02454301 0.11267322 49 52 36 0.000000
0.11392432 0.02348401 0.11230888 51 52 34 0.000000
0.11372365 0.02216854 0.11226689 47 51 33 0.000000
0.11688124 0.02276889 0.11634824 43 49 35 0.000000
0.11370531 0.02594701 0.11135639 52 52 37 0.000000
0.11620129 0.02172991 0.11571070 48 48 32 0.000000
0.11654201 0.02023900 0.11614393 46 47 33 0.000000
0.11746360 0.02071912 0.11716297 45 49 31 0.000000
0.11700155 0.02073377 0.11660373 45 47 34 0.000000
0.11723810 0.02125120 0.11688562 50 49 26 0.000000
0.10677751 0.03655375 0.12182824 45 49 25 0.000000
0.11962611 0.02955520 0.12776430 48 49 31 0.000000
0.11612909 0.03325470 0.12828198 47 49 28 0.000000
0.11970407 0.02347549 0.12692793 46 49 29 0.000000
0.10507562 0.03285584 0.11632800 46 51 28 0.000000
0.10514593 0.03320542 0.11693981 46 50 34 0.000000
0.11487892 0.02148709 0.11386461 45 52 30 0.000000
0.10299575 0.03270609 0.11581357 39 50 23 0.000000
0.10537303 0.03201815 0.11487785 47 47 33 0.000000
0.10603781 0.03196782 0.11461040 49 47 33 0.000000
0.10715999 0.03180717 0.11399049 44 51 36 0.000000
0.11021325 0.03475447 0.12741491 44 49 29 0.000000
0.11047763 0.03301373 0.11716092 49 50 34 0.000000
0.11545682 0.02338973 0.11445702 49 50 35 0.000000
0.11298776 0.03403252 0.12052979 49 47 30 0.000000
0.10754304 0.03627619 0.12999162 42 48 27 0.000000
0.11107486 0.03480696 0.12405640 49 50 31 0.000000
0.11130793 0.03491727 0.12364228 45 52 27 0.000000
0.11060860 0.03503618 0.12396795 50 50 31 0.000000
0.11930039 0.02281823 0.12247980 50 50 31 0.000000
0.11808028 0.01933680 0.11853971 48 51 34 0.000000
0.11012445 0.03489421 0.12491038 47 49 33 0.000000
0.10966985 0.03478670 0.12749030 44 48 29 0.000000
0.10946919 0.03528084 0.12864378 45 47 28 0.000000
0.10985658 0.03465861 0.12721686 45 48 31 0.000000
0.11619691 0.02074698 0.11589597 50 49 28 0.000000
0.11611149 0.01909161 0.11526479 42 50 25 0.000000
0.11548296 0.01692650 0.11433415 40 45 31 0.000000
0.11140988 0.03466033 0.12667994 46 47 31 0.000000
0.11508539 0.03389517 0.12508340 51 47 31 0.000000
0.11991938 0.02373478 0.12804866 47 48 32 0.000000
0.11666320 0.02333412 0.11605017 50 50 31 0.000000
0.11608151 0.02078485 0.11579560 51 48 28 0.000000
0.11434558 0.01737797 0.11353023 41 46 43 0.000000
0.11048360 0.03491436 0.12437563 48 50 32 0.000000
0.11670936 0.02210198 0.11620157 44 50 36 0.000000
0.11566344 0.01929335 0.11473574 49 48 26 0.000000
0.11514886 0.02044187 0.11429031 48 49 29 0.000000
0.10767464 0.03613959 0.12480013 48 49 31 0.000000
0.10642205 0.03674678 0.12441500 48 49 31 0.000000
0.11528799 0.02705329 0.11251064 51 51 34 0.000000
0.11967468 0.02274529 0.12682229 47 49 30 0.000000
0.10377180 0.03594574 0.12586242 46 46 31 0.000000
0.11944844 0.02817605 0.12641603 47 47 36 0.000000
0.10720432 0.03532635 0.12055699 43 48 28 0.000000
0.10566467 0.03344746 0.11734068 45 50 33 0.000000
0.11501621 0.01909465 0.11396471 46 48 32 0.000000
0.11486202 0.01833482 0.11378202 43 48 36 0.000000
0.11694963 0.01758337 0.11669030 45 48 29 0.000000
0.11989445 0.02089827 0.12605719 48 49 31 0.000000
0.10561727 0.03626059 0.12522385 48 52 29 0.000000
0.11021633 0.03204926 0.11431284 51 52 33 0.000000
0.10858077 0.03326643 0.11698056 48 50 33 0.000000
0.11544231 0.02245957 0.11451848 46 50 32 0.000000
0.10654087 0.03217168 0.11486270 47 49 34 0.000000
0.11480205 0.02329617 0.11351704 49 52 33 0.000000
0.11685716 0.02141188 0.11644014 49 46 34 0.000000
0.11749105 0.02697884 0.11647613 49 48 36 0.000000
0.12003413 0.02445871 0.12851752 45 49 30 0.000000
0.11471965 0.02255571 0.11349459 48 50 32 0.000000
0.11526200 0.02198580 0.11434287 47 50 32 0.000000
0.11780469 0.02293544 0.11779878 50 50 34 0.000000
0.10984019 0.03493737 0.11987181 47 46 33 0.000000
0.11068124 0.03471513 0.11976235 44 48 34 0.000000
0.11415897 0.01889880 0.11313017 49 51 29 0.000000
0.11390074 0.02050430 0.11274840 45 48 37 0.000000
0.10701161 0.03566543 0.12702954 50 47 31 0.000000
0.11140755 0.03504707 0.12835397 46 46 30 0.000000
0.10568440 0.03371579 0.11780408 49 52 29 0.000000
0.10431522 0.03686116 0.12437763 49 50 34 0.000000
0.11911038 0.01938043 0.12346589 48 49 28 0.000000
0.11828467 0.02133401 0.11920831 48 52 32 0.000000
0.11010716 0.03562386 0.12351992 50 51 29 0.000000
0.10363301 0.03473603 0.11895458 47 48 32 0.000000
0.11721972 0.02609331 0.11632379 49 49 31 0.000000
0.11115646 0.03459352 0.11983682 47 49 28 0.000000
0.11015000 0.03470623 0.11959902 46 48 34 0.000000
0.10857927 0.03302252 0.11638229 47 51 33 0.000000
0.10723460 0.03148298 0.11297506 50 54 32 0.000000
0.10784891 0.03142883 0.11264410 48 52 35 0.000000
0.11035056 0.03372332 0.11837048 45 49 33 0.000000
0.10794479 0.03351698 0.11773004 49 50 35 0.000000
0.10792665 0.03358823 0.11811563 46 51 34 0.000000
0.10637541 0.03357957 0.11745813 48 49 38 0.000000
0.10751999 0.03379865 0.11872414 46 49 32 0.000000
0.10757770 0.03363506 0.11835093 48 50 34 0.000000
0.10671446 0.03373928 0.11798225 50 52 33 0.000000
0.10648133 0.03335487 0.11702143 49 50 33 0.000000
0.10678367 0.03362836 0.11766894 48 50 35 0.000000
0.10427166 0.03390185 0.11793529 48 48 30 0.000000
0.11953728 0.02906869 0.12707061 49 50 28 0.000000
0.11815716 0.02668530 0.11862308 51 54 30 0.000000
0.11704329 0.02798931 0.11568756 49 50 29 0.000000
0.11748672 0.02972540 0.11602192 48 51 35 0.000000
0.11334956 0.03506741 0.12890132 46 47 27 0.000000
0.11317772 0.03502959 0.12786241 46 47 29 0.000000
0.11256304 0.03491542 0.12728493 45 48 28 0.000000
0.11273864 0.03509427 0.12903866 45 45 29 0.000000
0.11341581 0.03425312 0.12200250 46 48 31 0.000000
0.11543492 0.03425279 0.12630668 44 49 31 0.000000
0.11434284 0.03276126 0.11818045 49 49 29 0.000000
0.11506892 0.02688708 0.11219993 52 52 34 0.000000
0.11678468 0.02406709 0.11626682 47 51 30 0.000000
0.11956293 0.02344718 0.12506908 49 50 30 0.000000
0.11993711 0.02129047 0.12749462 48 49 29 0.000000
0.11978957 0.02175142 0.12547462 49 48 32 0.000000
0.11992351 0.02021501 0.12751120 48 48 30 0.000000
0.10575325 0.03264413 0.11597078 49 48 29 0.000000
0.10634409 0.03279568 0.11611873 48 50 34 0.000000
0.10611913 0.03305480 0.11658170 50 49 32 0.000000
0.10607279 0.03246194 0.11556475 43 47 39 0.000000
0.10686605 0.03287503 0.11614607 50 48 34 0.000000
0.10633016 0.03234871 0.11526532 48 49 32 0.000000
0.10736599 0.03268995 0.11573019 51 50 32 0.000000
0.10766640 0.03297779 0.11626226 50 51 30 0.000000
0.10702867 0.03242293 0.11525568 49 48 34 0.000000
0.11080046 0.03280094 0.11684459 48 49 32 0.000000
0.11443108 0.03374914 0.12286096 48 49 30 0.000000
0.11182196 0.03495500 0.12777218 46 45 31 0.000000
0.10660043 0.03262790 0.11574086 48 48 36 0.000000
0.10797666 0.03271687 0.11573800 48 49 35 0.000000
0.11168642 0.03453923 0.12450613 49 49 31 0.000000
0.11268722 0.03445359 0.12487304 48 49 29 0.000000
0.11288606 0.03445146 0.12453481 47 48 31 0.000000
0.10975005 0.03483522 0.12783457 46 48 27 0.000000
0.11335773 0.03433197 0.12428892 47 49 33 0.000000
0.11467253 0.03259876 0.11842410 48 48 33 0.000000
0.11489929 0.03245398 0.11863594 49 48 30 0.000000
0.11216099 0.03270828 0.11714529 48 49 36 0.000000
0.11260869 0.03275596 0.11732375 48 50 33 0.000000
0.11489084 0.02951004 0.11174961 48 49 33 0.000000
0.11194798 0.03230943 0.11590226 52 51 31 0.000000
0.11210187 0.03244138 0.11624002 48 51 34 0.000000
0.11226545 0.03313493 0.11808234 47 48 35 0.000000
0.11243483 0.03299782 0.11783844 48 48 34 0.000000
0.11253363 0.03428784 0.12062502 43 48 29 0.000000
0.11179637 0.03433957 0.11988346 45 50 29 0.000000
0.11227439 0.03411088 0.11987269 47 48 31 0.000000
0.11523523 0.03454631 0.12857136 46 48 29 0.000000
0.11488996 0.03468746 0.12800837 46 48 31 0.000000
0.11561856 0.03399473 0.12820454 46 47 30 0.000000
0.11467811 0.03483915 0.12852348 45 49 28 0.000000
0.11508037 0.03449364 0.12765925 48 49 30 0.000000
0.11471859 0.03474783 0.12736693 48 49 29 0.000000
0.11097443 0.03441593 0.11944966 46 49 33 0.000000
0.11149022 0.03430067 0.11955193 48 49 29 0.000000
0.11043946 0.03445194 0.11931336 44 47 35 0.000000
0.11152877 0.03467749 0.12046269 47 47 34 0.000000
0.11208480 0.03441475 0.12039037 44 50 29 0.000000
0.11086211 0.03489199 0.12025957 48 49 29 0.000000
0.11036479 0.03489067 0.11993185 49 48 33 0.000000
0.11172534 0.03480601 0.12125019 43 49 31 0.000000
0.11081082 0.03509077 0.12081341 46 48 32 0.000000
0.11015093 0.03404795 0.11874107 47 47 35 0.000000
0.11582670 0.03365577 0.12811239 46 48 34 0.000000
0.11121137 0.03506295 0.12156709 44 48 31 0.000000
0.11130276 0.03226806 0.11385225 48 51 35 0.000000
0.10924830 0.03188990 0.11402999 51 51 36 0.000000
0.11177129 0.03233889 0.11411592 49 49 37 0.000000
0.11155254 0.03196181 0.11505169 49 52 33 0.000000
0.11199345 0.03151450 0.11150322 42 49 31 0.000000
0.11052284 0.03530845 0.12123960 48 50 29 0.000000
0.11112517 0.03503348 0.12117486 48 49 27 0.000000
0.10716964 0.03316351 0.11663220 49 48 36 0.000000
0.10772792 0.03318460 0.11668912 46 50 38 0.000000
0.10858727 0.03351615 0.11775978 48 50 37 0.000000
0.10929240 0.03248784 0.11533090 47 49 36 0.000000
0.10792407 0.03190963 0.11415543 49 52 33 0.000000
0.10805529 0.03161319 0.11339351 49 52 33 0.000000
0.11014093 0.03294626 0.11661336 45 51 34 0.000000
0.10904234 0.03157750 0.11320847 48 50 38 0.000000
0.10942230 0.03143258 0.11234819 49 53 33 0.000000
0.10984703 0.03171831 0.11300667 47 53 35 0.000000
0.10994551 0.03149990 0.11206982 48 53 30 0.000000
0.11094853 0.03534689 0.12246541 47 47 30 0.000000
0.10989664 0.03589530 0.12232937 44 50 30 0.000000
0.10939475 0.03537831 0.12052935 46 48 32 0.000000
0.11034711 0.03558017 0.12201931 45 48 28 0.000000
0.10963952 0.03429006 0.11900617 47 49 32 0.000000
0.10937586 0.03586880 0.12145825 43 48 29 0.000000
0.10973136 0.03570620 0.12141809 46 47 29 0.000000
0.11086469 0.03211820 0.11443419 51 50 37 0.000000
0.11082805 0.03541682 0.12289121 45 49 31 0.000000
0.11180167 0.03211577 0.11542478 49 53 31 0.000000
0.10991223 0.03578454 0.12194948 46 47 31 0.000000
0.10929865 0.03570489 0.12111244 46 46 32 0.000000
0.11038741 0.03567625 0.12258428 45 48 30 0.000000
0.11243252 0.03449183 0.12109733 47 48 29 0.000000
0.11150154 0.03498080 0.12323209 49 49 34 0.000000
0.10872161 0.03654985 0.12342653 47 48 29 0.000000
0.10782507 0.03633934 0.12171649 43 44 34 0.000000
0.10723028 0.03645990 0.12175903 43 46 28 0.000000
0.10645755 0.03675384 0.12217427 43 46 33 0.000000
0.11083566 0.03523465 0.12162829 46 47 32 0.000000
0.11042616 0.03543544 0.12166277 44 47 30 0.000000
0.10754857 0.03614983 0.12141143 43 44 31 0.000000
0.10873988 0.03618957 0.12182215 45 48 26 0.000000
0.10636730 0.03645072 0.12169131 47 49 33 0.000000
0.10792112 0.03584077 0.12112209 44 48 23 0.000000
0.10589579 0.03622694 0.12140265 48 47 29 0.000000
0.10623400 0.03475349 0.11957265 48 47 29 0.000000
0.10744683 0.03565342 0.12089664 43 46 30 0.000000
0.10846812 0.03514309 0.12041412 43 44 31 0.000000
0.10692408 0.03561562 0.12076094 43 47 31 0.000000
0.10598978 0.03464949 0.11937135 48 49 29 0.000000
0.10530441 0.03487249 0.11952773 45 49 29 0.000000
0.10622968 0.03546137 0.12043612 45 49 27 0.000000
0.10702805 0.03498306 0.12017538 49 45 30 0.000000
0.10804112 0.03466805 0.11999895 46 48 33 0.000000
0.10791706 0.03482603 0.12018795 45 48 32 0.000000
0.10906491 0.03523711 0.12037195 49 48 27 0.000000
0.10546499 0.03559394 0.12047231 43 48 31 0.000000
0.10556517 0.03451208 0.11912144 49 49 28 0.000000
0.10434251 0.03594489 0.12104326 46 46 34 0.000000
0.10659176 0.03516459 0.12020636 43 46 33 0.000000
0.11094509 0.03208045 0.11507542 47 51 35 0.000000
0.10595746 0.03504933 0.11988054 46 47 33 0.000000
0.10395004 0.03584011 0.12068999 48 49 29 0.000000
0.10746752 0.03455803 0.11985301 41 46 34 0.000000
0.10853189 0.03378794 0.11846746 51 50 33 0.000000
0.10782608 0.03431218 0.11954036 46 50 31 0.000000
0.10643493 0.03487879 0.11981326 46 48 31 0.000000
0.10412958 0.03549941 0.12013984 44 46 35 0.000000
0.10722516 0.03449740 0.11971342 45 46 35 0.000000
0.10817002 0.03394784 0.11899832 47 49 30 0.000000
0.10495578 0.03422521 0.11865953 49 49 31 0.000000
0.10751113 0.03360888 0.11804610 49 51 33 0.000000
0.10786498 0.03387464 0.11890660 46 49 30 0.000000
0.10738356 0.03407458 0.11914679 44 50 32 0.000000
0.10677846 0.03409346 0.11885344 46 48 33 0.000000
0.10677548 0.03424232 0.11908634 45 49 31 0.000000
0.10597576 0.03369351 0.11770391 50 52 31 0.000000
0.10720505 0.03378164 0.11848349 46 49 36 0.000000
0.10614961 0.03425600 0.11885094 46 49 34 0.000000
0.10727929 0.03360846 0.11782950 45 53 33 0.000000
0.10780871 0.03367798 0.11847360 46 51 34 0.000000
0.10643249 0.03392536 0.11835686 46 51 30 0.000000
0.10701080 0.03347031 0.11730096 50 52 34 0.000000
0.10600813 0.03401001 0.11840979 48 50 31 0.000000
0.10582647 0.03386822 0.11810674 51 51 35 0.000000
0.10632077 0.03371866 0.11778889 51 50 36 0.000000
0.10607395 0.03351545 0.11735657 47 51 35 0.000000
0.10526675 0.03386934 0.11813308 47 48 35 0.000000
0.10910868 0.03598046 0.12158589 46 46 32 0.000000
0.10455818 0.03604020 0.12128162 44 49 33 0.000000
0.10609397 0.03587769 0.12091413 46 47 34 0.000000
0.10355542 0.03585787 0.12062749 47 48 31 0.000000
0.10371093 0.03598129 0.12127856 47 50 29 0.000000
0.10347794 0.03591000 0.12084895 49 47 31 0.000000
0.10509154 0.03524378 0.11995719 45 45 36 0.000000
0.10356028 0.03530159 0.11979660 48 47 34 0.000000
0.10565078 0.03412373 0.11857826 48 49 30 0.000000
0.11029045 0.03259223 0.11594106 49 50 33 0.000000
0.10539135 0.03431012 0.11883844 46 50 31 0.000000
0.11077885 0.03264334 0.11641792 46 51 33 0.000000
0.11072844 0.03230149 0.11563315 48 51 34 0.000000
0.10861813 0.03586087 0.12123236 45 47 29 0.000000
0.10941581 0.03603670 0.12206649 46 48 29 0.000000
0.11095192 0.03521752 0.12331243 49 49 33 0.000000
0.10994709 0.03214246 0.11492853 47 53 30 0.000000
0.10468910 0.03677774 0.12312343 46 48 29 0.000000
0.10514180 0.03685880 0.12306611 45 48 33 0.000000
0.10508645 0.03660963 0.12257504 47 48 27 0.000000
0.10419188 0.03639810 0.12265184 47 48 30 0.000000
0.10820384 0.03548407 0.12076931 45 49 25 0.000000
0.10754426 0.03697080 0.12370762 47 48 31 0.000000
0.10977308 0.03600932 0.12279788 44 47 32 0.000000
0.10766108 0.03508048 0.12039571 36 45 32 0.000000
0.10485110 0.03452780 0.11905010 47 48 33 0.000000
0.10980467 0.03590206 0.12334806 46 50 30 0.000000
0.10540765 0.03627812 0.12158723 43 47 31 0.000000
0.10528189 0.03647525 0.12212562 45 47 31 0.000000
0.11054290 0.03534063 0.12351184 48 50 33 0.000000
0.10555105 0.03597331 0.12101462 43 48 29 0.000000
0.10474175 0.03617936 0.12162252 44 48 32 0.000000
0.10418742 0.03619470 0.12202571 44 46 34 0.000000
0.11001468 0.03193646 0.11387075 51 51 36 0.000000
0.10802411 0.03688304 0.12331530 45 47 28 0.000000
0.10478434 0.03721193 0.12410884 45 50 30 0.000000
0.10475674 0.03712040 0.12428898 48 50 29 0.000000
0.10483508 0.03715956 0.12387682 43 47 29 0.000000
0.10469862 0.03698641 0.12353641 45 44 34 0.000000
0.10531488 0.03708015 0.12355551 46 47 29 0.000000
0.10591513 0.03677358 0.12243684 43 47 32 0.000000
0.10569587 0.03699058 0.12312164 47 47 31 0.000000
0.10551314 0.03673766 0.12261609 47 48 30 0.000000
0.10403184 0.03515097 0.11965770 45 49 35 0.000000
0.10897961 0.03596136 0.12421350 49 51 30 0.000000
0.10324035 0.03455099 0.11852153 45 48 31 0.000000
0.10608245 0.03708280 0.12401827 48 47 32 0.000000
0.10588945 0.03710385 0.12344246 43 48 29 0.000000
0.10572563 0.03688851 0.12284812 45 46 32 0.000000
0.10971656 0.03197219 0.11418083 50 52 34 0.000000
0.10990906 0.03234507 0.11531895 47 52 31 0.000000
0.10976657 0.03214962 0.11477131 50 51 36 0.000000
0.10910764 0.03211808 0.11459759 46 52 32 0.000000
0.11068737 0.03544468 0.12216813 48 48 30 0.000000
0.10842860 0.03625870 0.12420568 47 49 32 0.000000
0.10877673 0.03270164 0.11570303 47 50 35 0.000000
0.10857891 0.03237805 0.11507708 48 50 35 0.000000
0.10857976 0.03181230 0.11390527 49 51 33 0.000000
0.10859895 0.03149069 0.11303402 50 50 35 0.000000
0.10448774 0.03710180 0.12432133 50 49 29 0.000000
0.10436479 0.03704705 0.12414267 48 49 30 0.000000
0.10441776 0.03703693 0.12385494 47 48 32 0.000000
0.10529105 0.03716173 0.12405553 47 49 28 0.000000
0.10428417 0.03677815 0.12341497 47 47 30 0.000000
0.10403786 0.03679140 0.12379272 48 48 34 0.000000
0.10458884 0.03717928 0.12402796 46 48 30 0.000000
0.10580501 0.03715969 0.12382016 44 46 32 0.000000
0.10665536 0.03703278 0.12392374 46 49 30 0.000000
0.10709242 0.03686323 0.12403475 48 49 27 0.000000
0.10939047 0.03343903 0.11774019 48 51 33 0.000000
0.10373796 0.03640865 0.12317026 47 49 31 0.000000
0.10415582 0.03608233 0.12161979 46 49 30 0.000000
0.11140011 0.03201384 0.11539300 49 51 34 0.000000
0.11321080 0.03438608 0.12549517 47 48 32 0.000000
0.10354140 0.03609225 0.12216770 45 49 28 0.000000
0.10344847 0.03602729 0.12180435 47 50 29 0.000000
0.10361388 0.03566055 0.12030766 49 47 34 0.000000
0.10517120 0.03683346 0.12448503 47 50 31 0.000000
0.10441833 0.03479386 0.11927025 47 47 31 0.000000
0.10427707 0.03442701 0.11875346 49 50 30 0.000000
0.10918568 0.03553804 0.12464378 49 51 33 0.000000
0.10946465 0.03579215 0.12397780 47 50 30 0.000000
0.11185056 0.03510692 0.12909959 47 46 27 0.000000
0.11257415 0.03451744 0.12596516 48 47 29 0.000000
0.10782250 0.03340529 0.11725323 50 49 33 0.000000
0.12004772 0.02142369 0.12887084 45 49 28 0.000000
0.11981034 0.02230311 0.12744163 47 49 30 0.000000
0.11567184 0.03347557 0.12468886 49 48 30 0.000000
0.11133406 0.03200904 0.11486273 53 51 34 0.000000
0.11219895 0.03220289 0.11518156 46 55 30 0.000000
0.10467657 0.03569563 0.12051737 44 48 31 0.000000
0.11450209 0.03461794 0.12620719 47 48 27 0.000000
0.11446146 0.03482854 0.12695172 48 48 30 0.000000
0.11276098 0.03452394 0.12186006 44 47 30 0.000000
0.11357236 0.03477062 0.12643005 49 47 29 0.000000
0.11428698 0.03490434 0.12739722 44 47 34 0.000000
0.11405322 0.03478070 0.12652530 45 46 32 0.000000
0.11372851 0.03452734 0.12595208 46 48 28 0.000000
0.11536016 0.03430695 0.12812905 46 46 34 0.000000
0.11227596 0.03455877 0.12454811 49 49 29 0.000000
0.11346778 0.03431460 0.12387806 47 49 31 0.000000
0.11329108 0.03431349 0.12343739 46 48 29 0.000000
0.11385364 0.03371245 0.12050985 47 49 29 0.000000
0.11294348 0.03450843 0.12370610 46 48 29 0.000000
0.11303473 0.03435874 0.12314059 48 48 30 0.000000
0.11304579 0.03125785 0.11173230 49 48 30 0.000000
0.11284918 0.03112927 0.11139130 48 47 35 0.000000
0.11231711 0.03136469 0.11117516 45 49 34 0.000000
0.11422749 0.02950766 0.11079837 46 48 32 0.000000
0.11214867 0.03361992 0.11885244 47 50 29 0.000000
0.11566149 0.03030061 0.11397130 46 49 35 0.000000
0.11554782 0.02996342 0.11326483 49 47 32 0.000000
0.11509030 0.02992406 0.11265998 52 51 32 0.000000
0.11548104 0.03025775 0.11363149 51 51 30 0.000000
0.11526699 0.02969492 0.11249240 45 55 27 0.000000
0.11571592 0.02960807 0.11298928 47 49 32 0.000000
0.11534242 0.03053120 0.11509810 49 52 32 0.000000
0.11513224 0.03005422 0.11295980 45 54 28 0.000000
0.11567784 0.02934946 0.11268673 47 51 36 0.000000
0.11449217 0.02980583 0.11148583 47 50 35 0.000000
0.11494512 0.02818449 0.11047582 49 49 33 0.000000
0.11556444 0.03084184 0.11572396 47 51 31 0.000000
0.11330103 0.03064139 0.11123364 43 48 37 0.000000
0.11299032 0.03088377 0.11123108 47 50 35 0.000000
0.11312732 0.03192707 0.11272325 49 50 30 0.000000
0.11356070 0.03164418 0.11270431 48 49 33 0.000000
0.11610764 0.03039460 0.11521673 50 50 34 0.000000
0.11423954 0.03459026 0.12611996 45 48 29 0.000000
0.11705188 0.03014494 0.11536790 46 47 36 0.000000
0.11663846 0.03040382 0.11572005 48 53 27 0.000000
0.11725842 0.03005484 0.11573342 52 50 31 0.000000
0.11624490 0.03033189 0.11499988 47 49 35 0.000000
0.11645596 0.03014586 0.11467468 47 46 33 0.000000
0.11608844 0.03013576 0.11421624 48 49 36 0.000000
0.11607627 0.03024844 0.11463900 47 53 31 0.000000
0.11596836 0.02994115 0.11364986 46 49 33 0.000000
0.11615101 0.02958040 0.11334009 47 51 34 0.000000
0.11602095 0.02942180 0.11303581 48 55 25 0.000000
0.11369295 0.03135102 0.11236624 48 49 33 0.000000
0.11406139 0.03127220 0.11317392 52 50 32 0.000000
0.11421365 0.03108633 0.11354747 46 51 36 0.000000
0.11558907 0.03045538 0.11451254 49 51 36 0.000000
0.11391068 0.03098024 0.11217404 46 48 40 0.000000
0.11385973 0.03159633 0.11335707 53 50 31 0.000000
0.11395231 0.03124845 0.11268982 48 50 34 0.000000
0.11425848 0.03086391 0.11287542 51 51 31 0.000000
0.11353157 0.03086811 0.11164092 48 50 31 0.000000
0.11680529 0.02992563 0.11471169 52 49 30 0.000000
0.11477166 0.03044108 0.11311199 51 49 32 0.000000
0.11649828 0.02988891 0.11430433 47 52 28 0.000000
0.11451056 0.03050883 0.11274512 49 49 33 0.000000
0.11396115 0.03138609 0.11358719 50 52 29 0.000000
0.11242842 0.03117273 0.11080404 48 48 33 0.000000
0.11366171 0.03045145 0.11121961 44 50 32 0.000000
0.11644915 0.02972896 0.11403182 44 52 30 0.000000
0.11450798 0.03018268 0.11193020 48 48 36 0.000000
0.11396111 0.03055336 0.11170413 50 49 33 0.000000
0.11675893 0.02948833 0.11433216 45 52 30 0.000000
0.11316995 0.03205395 0.11317524 47 52 28 0.000000
0.11658583 0.02928077 0.11402287 50 50 33 0.000000
0.11400948 0.03015357 0.11129310 44 51 32 0.000000
0.11521030 0.03061943 0.11457128 48 52 31 0.000000
0.11502050 0.02973971 0.11212175 50 50 31 0.000000
0.11677860 0.02905595 0.11453460 49 53 30 0.000000
0.11624048 0.02916201 0.11320531 48 50 34 0.000000
0.11544522 0.02935666 0.11227717 49 49 36 0.000000
0.11603937 0.02905794 0.11276815 46 52 34 0.000000
0.11407539 0.02986142 0.11106281 47 50 32 0.000000
0.11580076 0.02900927 0.11237633 49 48 35 0.000000
0.11437937 0.03098480 0.11397355 46 51 34 0.000000
0.11403429 0.02960497 0.11066438 46 51 33 0.000000
0.11555967 0.02893180 0.11198227 49 48 38 0.000000
0.11524527 0.02920503 0.11188872 50 50 34 0.000000
0.11494711 0.02918763 0.11143641 49 53 31 0.000000
0.11471517 0.02918155 0.11099051 46 51 35 0.000000
0.11387075 0.03152305 0.11302075 49 48 36 0.000000
0.11579102 0.02864221 0.11212184 47 48 36 0.000000
0.11256584 0.03142942 0.11160735 47 48 37 0.000000
0.11498503 0.02879988 0.11110487 47 52 31 0.000000
0.11299955 0.03445073 0.12259326 45 49 32 0.000000
0.11498170 0.02853304 0.11070587 47 49 32 0.000000
0.11374268 0.03417641 0.12348723 49 48 28 0.000000
0.11272025 0.03109895 0.11110437 50 51 30 0.000000
0.11542108 0.03373921 0.12505797 47 49 32 0.000000
0.11439241 0.02914368 0.11050946 46 48 34 0.000000
0.11333603 0.03210970 0.11362419 51 49 33 0.000000
0.11505461 0.03378194 0.12415677 47 50 27 0.000000
0.11444866 0.03398693 0.12384030 47 49 30 0.000000
0.11444945 0.03388768 0.12337984 46 49 31 0.000000
0.11198383 0.03221089 0.11310943 48 49 32 0.000000
0.11457564 0.03102183 0.11449890 49 51 32 0.000000
0.11414273 0.03412661 0.12510921 45 50 29 0.000000
0.11169093 0.03186996 0.11241470 43 51 32 0.000000
0.11121175 0.03169493 0.11212032 49 50 33 0.000000
0.11155643 0.03198568 0.11266997 48 51 32 0.000000
0.11308191 0.03095180 0.11148208 43 49 36 0.000000
0.11833373 0.03186020 0.12803373 49 51 31 0.000000
0.11268759 0.03235746 0.11389258 49 51 34 0.000000
0.11100168 0.03157151 0.11185870 47 51 29 0.000000
0.11761175 0.03207053 0.12731285 52 50 31 0.000000
0.11305583 0.03176659 0.11236116 47 50 30 0.000000
0.11390421 0.03379869 0.12090252 46 49 29 0.000000
0.11845325 0.03158724 0.12750398 46 49 31 0.000000
0.11751078 0.03219252 0.12769529 51 49 30 0.000000
0.11064339 0.03147126 0.11160542 48 49 34 0.000000
0.11872080 0.03142810 0.12795109 48 49 34 0.000000
0.11396117 0.03282077 0.11789247 50 49 29 0.000000
0.11419175 0.03126344 0.11437269 50 50 35 0.000000
0.11235642 0.03378417 0.11925615 46 50 31 0.000000
0.11467538 0.03324056 0.12006653 49 49 31 0.000000
0.11722478 0.03242577 0.12663305 49 49 32 0.000000
0.11800377 0.03191455 0.12735118 53 50 34 0.000000
0.11131226 0.03154045 0.11159929 50 49 34 0.000000
0.11769164 0.03206631 0.12686338 50 51 31 0.000000
0.11297096 0.03226140 0.11480004 48 50 33 0.000000
0.11864940 0.03127400 0.12721358 46 51 32 0.000000
0.11781628 0.03193293 0.12642564 48 51 31 0.000000
0.11905958 0.03098321 0.12797332 50 50 32 0.000000
0.11489070 0.03080828 0.11481123 50 52 35 0.000000
0.11810033 0.03169043 0.12669057 44 52 31 0.000000
0.11411621 0.03226198 0.11677383 49 49 33 0.000000
0.11795600 0.03155148 0.12529339 48 50 34 0.000000
0.11836798 0.03147960 0.12690479 49 50 32 0.000000
0.11837054 0.03131282 0.12623729 52 51 28 0.000000
0.11800726 0.03167122 0.12606527 45 51 32 0.000000
0.11365140 0.03239129 0.11660208 46 50 32 0.000000
0.11901595 0.03084329 0.12733366 48 49 34 0.000000
0.11744709 0.03224481 0.12633367 47 49 32 0.000000
0.11881007 0.03118417 0.12752599 49 49 32 0.000000
0.11728239 0.03213892 0.12742379 46 49 33 0.000000
0.11886948 0.03086814 0.12686998 51 49 34 0.000000
0.11817674 0.03138028 0.12560154 45 51 32 0.000000
0.11934554 0.03045097 0.12780643 48 50 31 0.000000
0.11813775 0.03125387 0.12515907 46 51 30 0.000000
0.11861847 0.03119410 0.12683511 48 52 29 0.000000
0.11854205 0.03096726 0.12588944 50 50 32 0.000000
0.11926058 0.03040847 0.12727487 48 52 28 0.000000
0.11843199 0.03096949 0.12547272 49 50 33 0.000000
0.11911204 0.03039036 0.12673002 53 49 28 0.000000
0.11838754 0.03081638 0.12506814 48 48 35 0.000000
0.11803769 0.03108076 0.12465087 48 51 32 0.000000
0.11905593 0.03022207 0.12632588 47 51 27 0.000000
0.11946294 0.03000738 0.12733921 51 50 30 0.000000
0.11834556 0.03057636 0.12460034 49 51 29 0.000000
0.11772870 0.03101531 0.12414704 50 49 35 0.000000
0.11811840 0.03070003 0.12421094 47 48 32 0.000000
0.11801796 0.03049783 0.12339681 48 50 31 0.000000
0.11758722 0.03090400 0.12367130 47 51 34 0.000000
0.11344311 0.03194396 0.11471972 47 50 33 0.000000
0.11909387 0.02991543 0.12608007 46 49 32 0.000000
0.11801746 0.03064156 0.12385330 47 50 30 0.000000
0.11778529 0.03067277 0.12275845 48 50 33 0.000000
0.11871637 0.03032964 0.12532954 46 50 33 0.000000
0.11951645 0.03001820 0.12770660 48 50 29 0.000000
0.11852157 0.03013027 0.12455851 50 50 31 0.000000
0.11826400 0.03023121 0.12378792 46 51 30 0.000000
0.11802503 0.03035490 0.12305903 48 49 30 0.000000
0.11792604 0.03049072 0.12247691 50 51 29 0.000000
0.11935053 0.02989442 0.12685132 48 50 31 0.000000
0.11360054 0.03269029 0.11736801 48 51 32 0.000000
0.11819520 0.03015784 0.12236902 47 51 33 0.000000
0.11284804 0.03158144 0.11197972 47 45 36 0.000000
0.11792979 0.03046754 0.12192621 53 48 33 0.000000
0.11765879 0.03093564 0.12054404 46 52 29 0.000000
0.11596739 0.02861077 0.11250311 51 51 31 0.000000
0.11804883 0.03030981 0.12106025 49 50 31 0.000000
0.11423946 0.03226326 0.11744034 46 49 36 0.000000
0.11395489 0.03174483 0.11573438 50 50 30 0.000000
0.11812080 0.03014321 0.12080191 49 52 29 0.000000
0.11398683 0.03196965 0.11618208 47 51 32 0.000000
0.11827839 0.03007058 0.12205176 50 50 32 0.000000
0.11470826 0.03362896 0.12248521 48 48 28 0.000000
0.11730283 0.03112091 0.11992081 43 49 30 0.000000
0.11728456 0.03041674 0.11794379 46 51 35 0.000000
0.11746074 0.03027483 0.11779106 50 50 27 0.000000
0.11746511 0.03006229 0.11647247 48 50 32 0.000000
0.11837447 0.02987985 0.12134722 46 47 35 0.000000
0.11921261 0.02922746 0.12590589 49 50 29 0.000000
0.11741304 0.03123533 0.12027575 46 51 27 0.000000
0.11775588 0.03074979 0.12126896 45 51 32 0.000000
0.11778121 0.03074934 0.12100356 46 53 27 0.000000
0.11735131 0.03020089 0.11618704 47 48 36 0.000000
0.11743071 0.03106072 0.12086879 50 49 35 0.000000
0.11767346 0.03062887 0.11978269 47 51 32 0.000000
0.11791519 0.03051676 0.12066416 51 50 30 0.000000
0.11763590 0.03095180 0.12015362 42 50 33 0.000000
0.11806673 0.03036314 0.12147339 50 49 32 0.000000
0.11728950 0.03072695 0.11942488 45 49 32 0.000000
0.11786311 0.03053390 0.12025555 47 51 29 0.000000
0.11748501 0.03093134 0.12116282 46 50 31 0.000000
0.11775011 0.03005224 0.11778993 48 50 33 0.000000
0.11804147 0.02996609 0.11997122 47 50 33 0.000000
0.11703812 0.03056590 0.11648981 45 50 33 0.000000
0.11782482 0.03005353 0.11925770 48 50 38 0.000000
0.11682247 0.03053019 0.11614093 43 52 33 0.000000
0.11741088 0.03036907 0.11868533 48 51 34 0.000000
0.11754870 0.03037343 0.11920500 46 49 34 0.000000
0.11686750 0.03058076 0.11792810 47 48 35 0.000000
0.11772665 0.03005311 0.11889940 49 50 34 0.000000
0.11801966 0.02971690 0.11951853 50 52 29 0.000000
0.11729112 0.03047580 0.11824965 51 51 31 0.000000
0.11789960 0.02977597 0.11874165 51 54 29 0.000000
0.11737718 0.03009715 0.11743053 51 47 38 0.000000
0.11773284 0.03008768 0.11844717 50 50 36 0.000000
0.11726575 0.03038135 0.11651424 48 47 38 0.000000
0.11701302 0.03033108 0.11768734 49 50 28 0.000000
0.11714965 0.03130731 0.12060939 44 51 32 0.000000
0.11835353 0.02963185 0.12268998 51 50 33 0.000000
0.11797297 0.02965624 0.11835935 49 49 35 0.000000
0.11739194 0.03002013 0.11705001 50 51 32 0.000000
0.11776718 0.02974011 0.11749273 49 46 38 0.000000
0.11797913 0.02956907 0.11894139 49 50 34 0.000000
0.11689929 0.03026061 0.11742843 50 50 35 0.000000
0.11712611 0.03057002 0.11894476 46 52 27 0.000000
0.11765311 0.02961024 0.11712981 49 50 33 0.000000
0.11800679 0.02920583 0.11802487 49 51 32 0.000000
0.11691883 0.03101615 0.11962632 50 47 32 0.000000
0.11660881 0.03091207 0.11845534 45 51 32 0.000000
0.11866686 0.02868695 0.12346078 46 52 38 0.000000
0.11776052 0.02897521 0.11691809 47 50 33 0.000000
0.11723391 0.02893361 0.11558414 49 51 29 0.000000
0.11769818 0.02849764 0.11660496 49 50 33 0.000000
0.11831103 0.02994346 0.12363155 47 51 30 0.000000
0.11752814 0.02839960 0.11627582 52 50 30 0.000000
0.11652092 0.03165324 0.11998271 46 49 32 0.000000
0.11604521 0.03092149 0.11709791 49 50 33 0.000000
0.11832644 0.02951966 0.12347969 48 49 31 0.000000
0.11588515 0.03091766 0.11731829 50 52 29 0.000000
0.11849390 0.02912270 0.12373817 49 51 31 0.000000
0.11617691 0.03118864 0.11830927 47 48 33 0.000000
0.11594231 0.03102618 0.11771636 48 51 32 0.000000
0.11738584 0.03081155 0.12271046 51 50 34 0.000000
0.11811461 0.03045907 0.12364471 47 51 30 0.000000
0.11906001 0.02958462 0.12568828 47 50 29 0.000000
0.11700852 0.03065107 0.11854970 50 50 34 0.000000
0.11644733 0.03075670 0.11705261 51 51 36 0.000000
0.11899392 0.02923106 0.12520184 48 51 30 0.000000
0.11667718 0.03071029 0.11668389 49 51 32 0.000000
0.11715245 0.03036942 0.11612215 48 49 32 0.000000
0.11892425 0.02900727 0.12478954 46 51 32 0.000000
0.11598270 0.03075147 0.11599817 49 49 34 0.000000
0.11651285 0.03052790 0.11596177 44 50 35 0.000000
0.11788770 0.03030499 0.11992803 45 51 32 0.000000
0.11895353 0.02865884 0.12455489 49 53 26 0.000000
0.11783808 0.03070172 0.12349457 48 51 33 0.000000
0.11581850 0.03043469 0.11503682 52 51 35 0.000000
0.11873944 0.02871034 0.12412315 45 50 34 0.000000
0.11691301 0.03029287 0.11560984 51 52 26 0.000000
0.11707531 0.02993721 0.11517037 44 50 30 0.000000
0.11758842 0.02963349 0.11670758 50 49 34 0.000000
0.11756708 0.02977788 0.11635327 53 51 30 0.000000
0.11759663 0.02941586 0.11632410 42 51 32 0.000000
0.11693379 0.03043182 0.11712318 49 52 32 0.000000
0.11851046 0.02979516 0.12421204 48 50 24 0.000000
0.11785775 0.02925416 0.11739001 48 54 27 0.000000
0.11748186 0.02935226 0.11597719 49 53 28 0.000000
0.11726948 0.02955872 0.11547861 46 49 36 0.000000
0.11866918 0.02912533 0.12418221 49 48 32 0.000000
0.11880202 0.03056256 0.12599790 48 50 32 0.000000
0.11891870 0.03016273 0.12579477 44 49 32 0.000000
0.11515830 0.03111876 0.11572174 45 52 29 0.000000
0.11880342 0.02993222 0.12521458 48 51 34 0.000000
0.11831636 0.03025790 0.12409039 48 48 34 0.000000
0.11050362 0.03557233 0.12308779 47 49 34 0.000000
0.11517049 0.03082067 0.11532415 48 49 36 0.000000
0.11873060 0.02942934 0.12459248 49 49 31 0.000000
0.11387965 0.03416860 0.12398033 47 48 31 0.000000
0.11613161 0.03093983 0.11673759 48 49 37 0.000000
0.11363143 0.03399062 0.12118094 49 49 29 0.000000
0.11327805 0.03421891 0.12145878 44 48 29 0.000000
0.11498392 0.03465162 0.12689896 48 51 28 0.000000
0.11834589 0.02831575 0.12003995 50 51 34 0.000000
0.11470314 0.03470976 0.12654957 45 47 33 0.000000
0.11333597 0.03395559 0.12072472 47 49 29 0.000000
0.11322282 0.03382556 0.12025415 46 48 30 0.000000
0.11276181 0.03367655 0.11932583 46 49 34 0.000000
0.11836311 0.02972839 0.12100776 46 49 30 0.000000
0.11427644 0.03358568 0.12103814 46 48 32 0.000000
0.11348124 0.03420492 0.12297934 47 50 30 0.000000
0.11496800 0.03443225 0.12612608 46 46 33 0.000000
0.11015082 0.03580051 0.12302765 48 46 35 0.000000
0.11309065 0.03373253 0.11979125 44 47 36 0.000000
0.11387133 0.03336486 0.11924215 47 49 33 0.000000
0.11271933 0.03389699 0.11984828 46 50 33 0.000000
0.11354189 0.03355448 0.11968607 48 49 32 0.000000
0.11366884 0.03333517 0.11873496 47 52 27 0.000000
0.11328768 0.03353668 0.11923371 48 48 34 0.000000
0.11307224 0.03334045 0.11870714 46 48 35 0.000000
0.11218910 0.03240095 0.11393207 47 53 35 0.000000
0.11672253 0.03072748 0.11887544 48 52 32 0.000000
0.11356634 0.03366620 0.12016520 47 50 33 0.000000
0.11247675 0.03227254 0.11341478 47 51 33 0.000000
0.11185825 0.03235273 0.11358765 50 50 33 0.000000
0.11471630 0.03106106 0.11519382 50 49 33 0.000000
0.11666984 0.03131465 0.11970307 45 48 31 0.000000
0.11262051 0.03233738 0.11433728 47 50 35 0.000000
0.11825187 0.02980826 0.12058942 47 52 30 0.000000
0.11659999 0.03102255 0.11926888 51 50 30 0.000000
0.11219072 0.03235995 0.11426979 51 50 33 0.000000
0.11363395 0.03311084 0.11828708 49 48 32 0.000000
0.11558074 0.03104936 0.11608888 44 53 29 0.000000
0.11311465 0.03216508 0.11437128 48 50 31 0.000000
0.11355249 0.03289456 0.11792415 48 51 32 0.000000
0.11300004 0.03449562 0.12413076 47 49 30 0.000000
0.11261419 0.03247865 0.11652270 46 51 32 0.000000
0.11326760 0.03282936 0.11766690 46 52 30 0.000000
0.11254726 0.03244673 0.11630875 47 52 35 0.000000
0.11240231 0.03227523 0.11483653 49 51 34 0.000000
0.11599033 0.03400001 0.12657128 49 50 33 0.000000
0.11297397 0.03272096 0.11725517 48 50 34 0.000000
0.11556793 0.03429109 0.12678458 51 50 28 0.000000
0.11582266 0.03407679 0.12633975 51 49 29 0.000000
0.11597663 0.03392836 0.12689970 50 51 30 0.000000
0.11626927 0.03359129 0.12662801 50 50 29 0.000000
0.11260791 0.03240813 0.11592355 47 50 35 0.000000
0.11609428 0.03380482 0.12625234 47 49 28 0.000000
0.11621748 0.03347735 0.12720922 47 50 33 0.000000
0.11653718 0.03318699 0.12645718 49 50 27 0.000000
0.11628553 0.03341490 0.12603058 47 50 29 0.000000
0.11659137 0.03302779 0.12608075 47 50 29 0.000000
0.11582302 0.03352793 0.12516969 50 49 27 0.000000
0.11312641 0.03300762 0.11822459 47 51 29 0.000000
0.11701199 0.03254238 0.12681668 50 48 31 0.000000
0.11692556 0.03265172 0.12606323 50 51 25 0.000000
0.11612813 0.03322985 0.12521517 50 48 31 0.000000
0.11648809 0.03273851 0.12511596 48 50 29 0.000000
0.11693975 0.03242109 0.12713113 48 51 29 0.000000
0.11608247 0.03343501 0.12553135 49 50 30 0.000000
0.11903436 0.03093627 0.12764375 49 51 32 0.000000
0.11582217 0.03381384 0.12583406 49 50 28 0.000000
0.11841400 0.03136433 0.12664045 48 50 33 0.000000
0.11690480 0.03245198 0.12552546 49 48 33 0.000000
0.11772908 0.03181964 0.12556456 49 50 33 0.000000
0.11604816 0.03315444 0.12477983 47 47 32 0.000000
0.11623022 0.03277472 0.12453155 48 47 34 0.000000
0.11263920 0.03261979 0.11688964 48 49 35 0.000000
0.11736904 0.03195368 0.12531509 50 48 32 0.000000
0.11658975 0.03233528 0.12475876 46 48 29 0.000000
0.11915978 0.03073304 0.12761435 50 50 30 0.000000
0.11696166 0.03203420 0.12507826 46 47 31 0.000000
0.11777509 0.03154662 0.12503149 52 48 32 0.000000
0.11631662 0.03232831 0.12415750 48 48 27 0.000000
0.11662548 0.03201311 0.12450095 48 48 29 0.000000
0.11871874 0.03087652 0.12635699 50 48 35 0.000000
0.11770353 0.03129681 0.12461581 49 45 35 0.000000
0.11200714 0.03248496 0.11656902 51 49 34 0.000000
0.11557336 0.03244779 0.12091032 50 49 32 0.000000
0.11739629 0.03154058 0.12484895 48 48 29 0.000000
0.11552426 0.03259733 0.11981757 48 49 33 0.000000
0.11319427 0.03239117 0.11623829 49 50 33 0.000000
0.11591005 0.03220603 0.12068245 49 51 30 0.000000
0.11573751 0.03394492 0.12731095 50 49 31 0.000000
0.11553498 0.03255551 0.12053300 48 50 33 0.000000
0.11315096 0.03237955 0.11576936 49 50 35 0.000000
0.11856709 0.03042042 0.12500232 49 50 32 0.000000
0.11547173 0.03386169 0.12547275 47 49 30 0.000000
0.11709473 0.03143389 0.12022726 48 49 30 0.000000
0.11350106 0.03499605 0.12719813 45 48 30 0.000000
0.11558880 0.03238467 0.11953431 51 51 27 0.000000
0.11288532 0.03238304 0.11548733 47 49 32 0.000000
0.11584044 0.03228727 0.12039553 49 50 30 0.000000
0.11623347 0.03191492 0.11999071 48 49 31 0.000000
0.11565094 0.03228250 0.12124749 48 50 31 0.000000
0.11649115 0.03133361 0.12206903 50 50 32 0.000000
0.11704481 0.03098561 0.12225846 48 51 30 0.000000
0.11685432 0.03142874 0.11999403 48 48 33 0.000000
0.11559810 0.03253553 0.12245007 47 49 28 0.000000
0.11597958 0.03196243 0.11949153 48 49 30 0.000000
0.11624659 0.03150511 0.12152852 51 49 29 0.000000
0.11633939 0.03158004 0.11962352 47 47 35 0.000000
0.11265270 0.03231891 0.11518755 49 51 33 0.000000
0.11554813 0.03212915 0.11912401 49 49 28 0.000000
0.11535760 0.03356285 0.12395836 47 49 30 0.000000
0.11596382 0.03181572 0.12113655 49 49 29 0.000000
0.11703002 0.03109467 0.12106457 47 53 30 0.000000
0.11555734 0.03238321 0.12176861 48 49 32 0.000000
0.11518922 0.03245816 0.11918345 49 48 31 0.000000
0.11627162 0.03142522 0.11915190 43 49 34 0.000000
0.11709695 0.03091104 0.12170140 51 50 30 0.000000
0.11656790 0.03118632 0.12166726 48 51 30 0.000000
0.11631179 0.03135837 0.12123635 49 50 31 0.000000
0.11581028 0.03209830 0.12209833 48 47 33 0.000000
0.11836348 0.02988866 0.12253682 50 51 32 0.000000
0.11549918 0.03190739 0.11869220 46 51 28 0.000000
0.11592936 0.03168123 0.11896301 46 50 29 0.000000
0.11246521 0.03179019 0.11219072 50 50 31 0.000000
0.11842486 0.02973100 0.12386738 47 50 29 0.000000
0.11677469 0.03107442 0.12132957 46 51 29 0.000000
0.11855403 0.02960059 0.12246653 49 50 33 0.000000
0.11585381 0.03154388 0.11853668 49 49 32 0.000000
0.11518555 0.03219967 0.11872679 45 51 30 0.000000
0.11784437 0.03023179 0.11960314 50 51 30 0.000000
0.11442849 0.03211088 0.11707555 48 48 35 0.000000
0.11851421 0.02980192 0.12217145 50 53 28 0.000000
0.11517982 0.03189772 0.11818714 45 50 28 0.000000
0.11517789 0.03289563 0.11991207 46 51 29 0.000000
0.11763588 0.03026646 0.11805923 51 50 34 0.000000
0.11457145 0.03188493 0.11661298 49 50 32 0.000000
0.11571208 0.03144395 0.11811361 49 48 33 0.000000
0.11802290 0.03023640 0.12039263 44 51 30 0.000000
0.11861781 0.02947783 0.12158533 49 49 31 0.000000
0.11527508 0.03280431 0.12024846 49 50 30 0.000000
0.11563995 0.03109705 0.11711998 48 51 35 0.000000
0.11788097 0.02998479 0.11810791 51 50 33 0.000000
0.11489137 0.03183522 0.11773070 48 50 32 0.000000
0.11522525 0.03271205 0.11953332 47 48 32 0.000000
0.11529309 0.03129788 0.11709324 48 50 34 0.000000
0.11491004 0.03163261 0.11688221 48 50 37 0.000000
0.11465541 0.03228572 0.11802026 46 48 34 0.000000
0.11573215 0.03106762 0.11645360 46 49 34 0.000000
0.11534838 0.03137557 0.11769110 46 50 33 0.000000
0.11856532 0.02919055 0.12268803 50 52 29 0.000000
0.11879914 0.02906736 0.12181854 47 51 29 0.000000
0.11507483 0.03141399 0.11630540 47 51 31 0.000000
0.11730845 0.03022388 0.11681718 47 49 33 0.000000
0.11493511 0.03152866 0.11729382 47 50 32 0.000000
0.11880144 0.02868495 0.12297042 51 51 31 0.000000
0.11440550 0.03165951 0.11611914 48 49 34 0.000000
0.11535044 0.03125072 0.11668005 47 53 28 0.000000
0.11524176 0.03438730 0.12725019 47 48 31 0.000000
0.11853345 0.02910012 0.12098856 48 49 31 0.000000
0.11746479 0.02998641 0.11614912 43 53 29 0.000000
0.11817472 0.02939178 0.11979754 50 51 29 0.000000
0.11870074 0.02890848 0.12151731 46 47 33 0.000000
0.11794244 0.02961121 0.11783504 49 48 34 0.000000
0.11844702 0.02884436 0.12046345 46 51 31 0.000000
0.11519219 0.03270765 0.12075123 47 50 31 0.000000
0.11803289 0.02894838 0.11827755 49 49 33 0.000000
0.11827416 0.02868477 0.11944980 48 50 34 0.000000
0.11831336 0.02878980 0.11989237 46 51 32 0.000000
0.11816070 0.02902806 0.11935841 47 54 30 0.000000
0.11474459 0.03280444 0.11920871 47 49 29 0.000000
0.11180791 0.03261315 0.11692133 46 50 33 0.000000
0.11367205 0.03193998 0.11534925 45 50 36 0.000000
0.11386568 0.03157922 0.11506160 46 49 35 0.000000
0.11838440 0.02840499 0.12025880 46 50 31 0.000000
0.11791366 0.02869412 0.11733993 47 50 34 0.000000
0.11423071 0.03200851 0.11647869 47 50 32 0.000000
0.11285572 0.03498701 0.12753288 46 49 28 0.000000
0.11706706 0.02912774 0.11510382 45 47 39 0.000000
0.10953476 0.03610061 0.12248223 41 48 31 0.000000
0.11637056 0.02900945 0.11365931 52 51 30 0.000000
0.11648129 0.02885168 0.11409710 50 50 30 0.000000
0.10913125 0.03629919 0.12266156 46 50 28 0.000000
0.11613646 0.02874018 0.11336332 49 49 34 0.000000
0.10859198 0.03643825 0.12236865 43 47 33 0.000000
0.11486492 0.03293494 0.12067527 50 49 32 0.000000
0.11686181 0.03075031 0.11823021 50 50 34 0.000000
0.11440200 0.03293512 0.11857311 49 50 30 0.000000
0.11359099 0.03216380 0.11586224 47 50 32 0.000000
0.11532841 0.03300634 0.12280086 47 47 34 0.000000
0.11332720 0.03228892 0.11543934 49 48 37 0.000000
0.11523022 0.03289584 0.12236327 46 47 31 0.000000
0.11333915 0.03219348 0.11507370 46 50 33 0.000000
0.11527469 0.03266263 0.12194992 46 48 31 0.000000
0.11490644 0.03306144 0.12013432 48 50 31 0.000000
0.11423243 0.03243890 0.11781698 49 47 34 0.000000
0.11431854 0.03119913 0.11504948 51 52 30 0.000000
0.11706048 0.03053308 0.11677518 51 50 32 0.000000
0.11725028 0.03237387 0.12817492 46 51 28 0.000000
0.11407361 0.03321109 0.11876180 48 52 29 0.000000
0.11665310 0.03132695 0.12097353 49 52 30 0.000000
0.11568353 0.03112395 0.11685780 46 50 37 0.000000
0.11641676 0.03106071 0.11878925 47 48 34 0.000000
0.11432083 0.03134125 0.11561546 49 51 32 0.000000
0.11454821 0.03197485 0.11746129 49 49 34 0.000000
0.11687122 0.03253900 0.12775770 51 48 30 0.000000
0.11552963 0.03110292 0.11734238 49 51 33 0.000000
0.11377247 0.03165142 0.11456502 48 51 34 0.000000
0.11316010 0.03433500 0.12496947 46 50 30 0.000000
0.11806536 0.02960658 0.11972222 50 50 33 0.000000
0.11326556 0.03254811 0.11681045 45 50 35 0.000000
0.11474258 0.03026569 0.11254010 48 48 34 0.000000
0.11480507 0.02885712 0.11069742 50 51 30 0.000000
0.11946833 0.02781784 0.12640250 49 50 27 0.000000
0.11473623 0.02984934 0.11193834 49 50 34 0.000000
0.11940736 0.02836986 0.12620841 48 49 31 0.000000
0.11472254 0.02946929 0.11138123 50 49 30 0.000000
0.11400905 0.03156045 0.11543860 50 50 32 0.000000
0.11394734 0.03493742 0.12713830 47 49 28 0.000000
0.11405244 0.03309465 0.11836962 47 49 33 0.000000
0.10810719 0.03672519 0.12380715 47 49 33 0.000000
0.11479273 0.03339426 0.12190468 46 49 31 0.000000
0.11505975 0.03297051 0.12184948 48 47 32 0.000000
0.10811590 0.03649126 0.12212718 45 48 27 0.000000
0.11444797 0.03327196 0.11982635 47 48 32 0.000000
0.11934050 0.02814851 0.12562896 48 49 32 0.000000
0.11401293 0.03497832 0.12762810 47 48 31 0.000000
0.11450160 0.03377953 0.12241998 49 49 30 0.000000
0.11361441 0.03501791 0.12754661 46 49 29 0.000000
0.11498014 0.03372720 0.12370605 49 48 32 0.000000
0.11493754 0.03354725 0.12329064 45 48 34 0.000000
0.11380839 0.03221324 0.11638440 47 49 34 0.000000
0.11518763 0.03324450 0.12320536 47 49 29 0.000000
0.11446875 0.03353698 0.12147435 48 51 29 0.000000
0.10807249 0.03674009 0.12277251 48 47 29 0.000000
0.10755384 0.03691363 0.12287608 44 48 28 0.000000
0.11591667 0.03037177 0.11478610 47 51 35 0.000000
0.11806619 0.02896640 0.11879261 49 52 34 0.000000
0.11821618 0.02856046 0.11914719 47 50 33 0.000000
0.11848690 0.02791183 0.12025219 49 50 32 0.000000
0.11190864 0.03506847 0.12847303 45 48 31 0.000000
0.11728522 0.03218866 0.12707430 51 52 25 0.000000
0.11530162 0.03053794 0.11404088 51 52 30 0.000000
0.11386763 0.03500320 0.12806991 47 46 30 0.000000
0.11701231 0.03147285 0.12473810 46 50 26 0.000000
0.11344214 0.03504748 0.12834300 45 47 30 0.000000
0.11469130 0.03319957 0.12041729 47 48 34 0.000000
0.11288059 0.03506933 0.12841122 44 48 26 0.000000
0.11234219 0.03507165 0.12843768 45 48 25 0.000000
0.10758159 0.03666715 0.12225481 47 47 26 0.000000
0.10706419 0.03678170 0.12228382 40 46 33 0.000000
0.11465799 0.03365483 0.12224095 48 48 30 0.000000
0.11436947 0.03375076 0.12186344 47 47 32 0.000000
0.11457273 0.03408999 0.12525782 49 48 29 0.000000
0.11611789 0.03174734 0.12185948 48 51 29 0.000000
0.11756079 0.03204270 0.12603010 50 51 30 0.000000
0.11784201 0.03214167 0.12803663 49 48 36 0.000000
0.11214425 0.03510442 0.12883630 44 47 32 0.000000
0.11444646 0.03436960 0.12577355 45 47 31 0.000000
0.11379369 0.03502555 0.12878695 43 46 34 0.000000
0.11480940 0.03303362 0.11962634 47 48 34 0.000000
0.11623189 0.03178393 0.12079656 48 50 33 0.000000
0.11805879 0.02820667 0.11798862 51 50 34 0.000000
0.11261846 0.03509856 0.12879999 46 45 32 0.000000
0.11522608 0.03270888 0.12131346 48 50 30 0.000000
0.11823070 0.02709023 0.11895850 51 51 34 0.000000
0.11842715 0.02697257 0.11967351 49 51 33 0.000000
0.11857171 0.02631186 0.11967424 51 52 33 0.000000
0.11591227 0.02974762 0.11326497 50 51 34 0.000000
0.11539040 0.03334825 0.12368515 45 51 27 0.000000
0.11506011 0.03287577 0.12045868 50 49 31 0.000000
0.11274701 0.03209212 0.11293192 48 49 31 0.000000
0.11738634 0.03114146 0.12446997 49 48 33 0.000000
0.11837763 0.02624447 0.11906552 48 51 32 0.000000
0.11710756 0.03100338 0.12364168 50 51 29 0.000000
0.11635374 0.03197410 0.12360692 48 49 29 0.000000
0.11504983 0.03380021 0.12446061 48 50 30 0.000000
0.11500882 0.03413368 0.12561543 46 48 28 0.000000
0.11430912 0.03386803 0.12219144 49 48 30 0.000000
0.11802312 0.02921496 0.11838832 46 52 32 0.000000
0.11785274 0.02823264 0.11702732 47 50 36 0.000000
0.11584793 0.03227859 0.11998868 49 50 30 0.000000
0.11768956 0.02771808 0.11667085 50 48 37 0.000000
0.11406833 0.03246953 0.11733204 49 48 35 0.000000
0.11380159 0.03249045 0.11695278 50 50 28 0.000000
0.11816622 0.02661108 0.11826943 52 48 34 0.000000
0.11821193 0.02618649 0.11849524 49 51 35 0.000000
0.11649847 0.03139639 0.12289218 48 48 33 0.000000
0.11628128 0.03177175 0.12304106 50 49 31 0.000000
0.11661848 0.03141934 0.12350326 49 50 26 0.000000
0.11701325 0.03110499 0.12441841 46 51 30 0.000000
0.11146551 0.03222153 0.11327823 43 51 35 0.000000
0.11549494 0.03402837 0.12773012 48 49 29 0.000000
0.11437085 0.03489760 0.12794223 47 48 31 0.000000
0.11576050 0.03325520 0.12421946 47 48 31 0.000000
0.11545490 0.03355303 0.12424172 47 50 27 0.000000
0.11586426 0.03267949 0.12328449 48 50 29 0.000000
0.11555473 0.03298933 0.12336772 47 49 32 0.000000
0.11569535 0.03273918 0.12298061 48 50 29 0.000000
0.11330152 0.03151142 0.11220314 46 50 34 0.000000
0.11662345 0.03165678 0.12038179 46 49 34 0.000000
0.11492296 0.03336537 0.12258227 45 49 30 0.000000
0.11583909 0.03213331 0.12095021 46 53 29 0.000000
0.11554898 0.03258389 0.12012777 49 49 32 0.000000
0.11821035 0.02611650 0.11813813 51 50 34 0.000000
0.11494411 0.03220829 0.11834006 47 50 28 0.000000
0.11846332 0.02547307 0.11896273 49 51 36 0.000000
0.11682550 0.03117332 0.12406708 48 48 33 0.000000
0.11805098 0.02862111 0.11829720 50 49 33 0.000000
0.11652961 0.03127065 0.12253399 48 49 33 0.000000
0.11488061 0.03296996 0.12096491 47 51 30 0.000000
0.11835258 0.03039022 0.12436131 46 49 31 0.000000
0.11515416 0.03454273 0.12656415 48 50 33 0.000000
0.11133543 0.03232586 0.11602835 50 50 32 0.000000
0.11802138 0.02868996 0.11785659 50 50 30 0.000000
0.11782322 0.02689876 0.11697642 48 49 33 0.000000
0.11801413 0.02691022 0.11746641 50 50 32 0.000000
0.11573985 0.02809585 0.11217399 49 50 35 0.000000
0.11338913 0.03488947 0.12682582 43 48 26 0.000000
0.11837930 0.02525867 0.11850070 48 52 30 0.000000
0.11046337 0.03291873 0.11685774 47 51 31 0.000000
0.11308587 0.03497471 0.12730092 48 48 31 0.000000
0.11422178 0.03495318 0.12850863 45 47 31 0.000000
0.11250903 0.03327160 0.11841821 46 49 33 0.000000
0.11276678 0.03297959 0.11786412 49 50 30 0.000000
0.11158600 0.03242422 0.11628618 46 50 36 0.000000
0.11845180 0.02243841 0.12016024 49 51 33 0.000000
0.10967803 0.03282047 0.11608896 47 50 36 0.000000
0.11004376 0.03309351 0.11705767 48 50 33 0.000000
0.10966056 0.03310092 0.11673772 48 48 38 0.000000
0.11028057 0.03213986 0.11491086 48 51 34 0.000000
0.11602335 0.03254683 0.12360558 49 49 30 0.000000
0.11028850 0.03192072 0.11289987 47 51 36 0.000000
0.11759630 0.03078148 0.12242772 52 49 32 0.000000
0.11120408 0.03312965 0.11776658 47 49 33 0.000000
0.11024619 0.03280381 0.11631430 48 49 32 0.000000
0.11063688 0.03211035 0.11388181 50 51 36 0.000000
0.11738113 0.03083085 0.12318164 50 52 27 0.000000
0.11027026 0.03178361 0.11256213 49 51 32 0.000000
0.11175540 0.03239539 0.11385920 47 50 37 0.000000
0.11141282 0.03215685 0.11446060 48 50 39 0.000000
0.11656027 0.03177391 0.12407419 46 48 28 0.000000
0.11042596 0.03201127 0.11354899 51 50 36 0.000000
0.11684992 0.03098810 0.12301582 49 52 27 0.000000
0.11184961 0.03223756 0.11449607 48 53 34 0.000000
0.11180802 0.03293395 0.11760576 47 50 32 0.000000
0.10931624 0.03329580 0.11728635 47 51 35 0.000000
0.11788701 0.02620304 0.11719017 49 50 31 0.000000
0.10911668 0.03309707 0.11660486 48 50 34 0.000000
0.11180396 0.03211483 0.11485926 48 50 37 0.000000
0.10940008 0.03405030 0.11872736 48 51 30 0.000000
0.11307763 0.03234383 0.11518483 47 49 32 0.000000
0.11772308 0.02560469 0.11710025 52 52 32 0.000000
0.10905959 0.03361365 0.11799926 49 51 31 0.000000
0.11032288 0.03328966 0.11772387 48 49 34 0.000000
0.11101989 0.03334139 0.11804475 45 49 32 0.000000
0.11004858 0.03349675 0.11799848 47 51 30 0.000000
0.11434228 0.03348316 0.12053505 49 48 34 0.000000
0.10853370 0.03339581 0.11735801 50 50 31 0.000000
0.11225916 0.03287165 0.11756362 48 50 33 0.000000
0.11185313 0.03338464 0.11838558 46 52 31 0.000000
0.11862090 0.02213094 0.12070643 49 50 31 0.000000
0.10988112 0.03439811 0.11916423 49 47 32 0.000000
0.11584324 0.03293054 0.12390939 49 47 31 0.000000
0.11616086 0.03165612 0.12221580 48 50 31 0.000000
0.11692972 0.03090168 0.12263630 48 49 35 0.000000
0.11850961 0.02161359 0.12030141 51 51 34 0.000000
0.11063723 0.03407572 0.11889539 46 46 33 0.000000
0.11084177 0.03365228 0.11842684 50 46 34 0.000000
0.11765664 0.02636487 0.11676983 48 48 29 0.000000
0.11137014 0.03344900 0.11832519 51 48 32 0.000000
0.11809500 0.02584732 0.11772381 51 53 32 0.000000
0.11603576 0.02582820 0.11505751 54 51 31 0.000000
0.10967131 0.03363944 0.11812843 48 50 31 0.000000
0.11575157 0.02595730 0.11446375 46 51 36 0.000000
0.11577426 0.02660619 0.11441246 50 51 33 0.000000
0.11799995 0.02529287 0.11771975 51 52 33 0.000000
0.11598851 0.02635074 0.11486416 51 53 31 0.000000
0.11599949 0.02466661 0.11524574 48 48 37 0.000000
0.11557542 0.02696692 0.11404742 49 53 33 0.000000
0.11555379 0.02849188 0.11173186 49 48 35 0.000000
0.11545384 0.02716050 0.11344869 50 53 30 0.000000
0.11596066 0.02533392 0.11515642 52 50 35 0.000000
0.11599564 0.02810389 0.11425151 49 47 34 0.000000
0.11540430 0.02523663 0.11395412 51 51 33 0.000000
0.11576080 0.02543036 0.11462234 51 52 34 0.000000
0.11561476 0.02767465 0.11399955 50 49 33 0.000000
0.11165656 0.03312854 0.11791661 44 50 33 0.000000
0.11557211 0.02787805 0.11342762 52 50 35 0.000000
0.11610734 0.02853190 0.11390775 52 48 30 0.000000
0.11560533 0.02754303 0.11263354 48 50 33 0.000000
0.11565319 0.02813509 0.11380303 49 49 37 0.000000
0.11620304 0.02490356 0.11568138 50 49 36 0.000000
0.11541620 0.02756343 0.11365848 50 53 31 0.000000
0.11580087 0.02840235 0.11355734 46 50 35 0.000000
0.11711679 0.03074754 0.12281169 48 48 37 0.000000
0.11533126 0.02758534 0.11149047 51 53 30 0.000000
0.11538306 0.02579438 0.11373106 48 53 33 0.000000
0.11528319 0.02732686 0.11177827 49 52 30 0.000000
0.11543012 0.02786963 0.11368792 51 53 32 0.000000
0.11551133 0.02607908 0.11399270 50 51 35 0.000000
0.11618666 0.02538051 0.11551321 44 51 36 0.000000
0.11513745 0.02603227 0.11315583 51 52 34 0.000000
0.11832603 0.02254093 0.11902452 51 52 34 0.000000
0.11614558 0.03132045 0.11874694 45 50 33 0.000000
0.10988241 0.03510793 0.12014657 43 49 34 0.000000
0.11695730 0.03075289 0.11917662 49 50 28 0.000000
0.11108866 0.03208838 0.11296634 46 51 34 0.000000
0.11563639 0.02444867 0.11462060 52 51 32 0.000000
0.11088996 0.03190459 0.11257626 53 49 34 0.000000
0.11167645 0.03145325 0.11103173 44 48 31 0.000000
0.10848907 0.03420350 0.11923165 44 50 32 0.000000
0.11033906 0.03526991 0.12077118 47 48 31 0.000000
0.11550324 0.02804278 0.11159424 47 49 40 0.000000
0.11549608 0.02362465 0.11449938 49 53 26 0.000000
0.11647524 0.03088717 0.11801471 50 51 30 0.000000
0.11576454 0.02359518 0.11486729 46 50 36 0.000000
0.11547063 0.02286568 0.11450894 49 49 34 0.000000
0.11567074 0.02399270 0.11472276 49 52 32 0.000000
0.11807594 0.02236868 0.11841224 49 53 35 0.000000
0.11574979 0.02489461 0.11480478 51 51 38 0.000000
0.11586832 0.02267021 0.11507796 47 49 35 0.000000
0.11555167 0.02498351 0.11430434 51 52 34 0.000000
0.11639499 0.02462747 0.11598086 50 51 30 0.000000
0.11579109 0.02317204 0.11492948 50 48 36 0.000000
0.11558652 0.02554144 0.11421210 54 52 30 0.000000
0.11508603 0.02366262 0.11389707 47 51 35 0.000000
0.11856401 0.02116412 0.12065831 49 50 32 0.000000
0.11650651 0.02692898 0.11545561 47 48 35 0.000000
0.11609092 0.02688991 0.11490504 48 50 35 0.000000
0.11553717 0.02640972 0.11403842 48 50 37 0.000000
0.11822218 0.02110404 0.11905194 49 50 35 0.000000
0.11854344 0.02067018 0.12051806 46 50 35 0.000000
0.11498408 0.02431817 0.11365037 49 53 31 0.000000
0.11842109 0.02072126 0.11999540 47 52 32 0.000000
0.11590369 0.02737492 0.11445331 48 50 34 0.000000
0.11629117 0.02763295 0.11495030 48 49 36 0.000000
0.11541832 0.02670399 0.11376575 52 53 33 0.000000
0.11610436 0.02781806 0.11458300 51 52 31 0.000000
0.11508745 0.02313672 0.11394311 48 51 34 0.000000
0.11641002 0.02849735 0.11445542 43 52 31 0.000000
0.11926576 0.02962513 0.12636721 49 51 29 0.000000
0.11581887 0.02168721 0.11524943 46 48 32 0.000000
0.11570510 0.02217139 0.11494992 49 50 33 0.000000
0.11601786 0.02143558 0.11559272 47 49 32 0.000000
0.11626726 0.01802159 0.11520691 43 47 31 0.000000
0.11325115 0.03470700 0.12636493 45 48 27 0.000000
0.11807653 0.02100719 0.11854938 47 50 36 0.000000
0.11518693 0.02809366 0.11105169 50 50 32 0.000000
0.11851165 0.02021610 0.12024958 49 49 34 0.000000
0.11824018 0.02020507 0.11942119 50 50 32 0.000000
0.11862747 0.01980545 0.12061267 46 48 33 0.000000
0.10821886 0.03385064 0.11877723 49 51 32 0.000000
0.11688789 0.03240834 0.12843552 49 49 31 0.000000
0.11628477 0.02314419 0.11556612 48 52 27 0.000000
0.11036447 0.03507056 0.12028045 45 48 35 0.000000
0.11969234 0.02908162 0.12824215 49 49 30 0.000000
0.11061800 0.03166514 0.11217520 48 49 34 0.000000
0.11664899 0.02507130 0.11608189 50 48 36 0.000000
0.11266613 0.03348155 0.11885484 47 47 37 0.000000
0.11537585 0.02643930 0.11341612 50 51 35 0.000000
0.11520712 0.02653928 0.11286629 51 52 34 0.000000
0.11477862 0.02665999 0.11156439 48 54 33 0.000000
0.11483804 0.03076596 0.11399437 49 52 33 0.000000
0.11455967 0.03367400 0.12260801 47 50 28 0.000000
0.11479686 0.02656034 0.11198502 51 53 33 0.000000
0.11504009 0.02694893 0.11184476 48 50 38 0.000000
0.11299210 0.03450459 0.12589827 45 47 33 0.000000
0.11873623 0.02930268 0.12216054 51 49 34 0.000000
0.11400397 0.03341570 0.11981674 48 49 31 0.000000
0.11816162 0.02059419 0.11897642 46 54 32 0.000000
0.11801339 0.02046345 0.11844369 48 49 37 0.000000
0.11809911 0.01995274 0.11880966 51 51 34 0.000000
0.11797743 0.01969379 0.11823120 47 48 35 0.000000
0.10890005 0.03554861 0.12081092 46 47 32 0.000000
0.11784910 0.01936617 0.11778793 46 48 34 0.000000
0.11465127 0.03395484 0.12464777 47 49 34 0.000000
0.11939887 0.02797661 0.12595250 46 49 33 0.000000
0.11532877 0.03409282 0.12586749 49 48 29 0.000000
0.11142060 0.03398232 0.11907402 45 46 36 0.000000
0.11496729 0.02769164 0.11069035 47 53 29 0.000000
0.11065317 0.03313034 0.11754993 48 50 32 0.000000
0.11108527 0.03289561 0.11723474 50 49 31 0.000000
0.11776849 0.01991424 0.11759982 44 50 31 0.000000
0.11858907 0.02864707 0.12376053 50 50 33 0.000000
0.11213741 0.03470661 0.12393439 49 48 31 0.000000
0.11953089 0.02740464 0.12663092 46 48 32 0.000000
0.11944180 0.02744099 0.12586083 49 47 32 0.000000
0.11260396 0.03462089 0.12405016 47 48 32 0.000000
0.11678624 0.02841808 0.11512811 45 48 32 0.000000
0.11970209 0.02853486 0.12820803 48 50 27 0.000000
0.11616516 0.03201927 0.12038299 49 50 32 0.000000
0.11414604 0.03408592 0.12423883 48 47 31 0.000000
0.11953130 0.02960063 0.12730217 47 49 29 0.000000
0.10686980 0.03612398 0.12130074 43 44 32 0.000000
0.10700264 0.03210438 0.11465023 46 51 35 0.000000
0.11960626 0.02833612 0.12739982 50 49 27 0.000000
0.11881053 0.02888110 0.12241987 48 51 29 0.000000
0.11621702 0.03046882 0.11566437 50 53 25 0.000000
0.11885029 0.02864140 0.12184946 48 50 32 0.000000
0.11225200 0.03473698 0.12270772 48 49 31 0.000000
0.11278184 0.03195857 0.11254802 46 49 35 0.000000
0.11958866 0.02777386 0.12727192 47 46 32 0.000000
0.11845282 0.02901090 0.12329580 50 51 36 0.000000
0.11750605 0.02892356 0.11612571 49 48 34 0.000000
0.11824600 0.02814103 0.11913072 51 51 33 0.000000
0.11234649 0.03228055 0.11550567 51 49 36 0.000000
0.11062738 0.03201084 0.11286530 46 52 32 0.000000
0.11187998 0.03482306 0.12340382 47 49 31 0.000000
0.10939315 0.03447173 0.11931814 48 51 32 0.000000
0.11929000 0.02880004 0.12590520 48 50 26 0.000000
0.11970883 0.02802635 0.12815273 46 47 33 0.000000
0.11918794 0.02795021 0.12455618 50 51 33 0.000000
0.11916485 0.02789550 0.12342913 51 50 29 0.000000
0.10637024 0.03614333 0.12126883 48 48 29 0.000000
0.11958879 0.02706405 0.12705672 48 46 33 0.000000
0.11388224 0.03392114 0.12149036 46 48 32 0.000000
0.11896109 0.02770352 0.12164778 47 51 27 0.000000
0.11924475 0.02729264 0.12353367 49 49 30 0.000000
0.11456097 0.03070956 0.11354033 49 51 31 0.000000
0.11914245 0.02745870 0.12212145 50 47 34 0.000000
0.11637856 0.03307825 0.12774430 50 48 29 0.000000
0.11656082 0.02783382 0.11518794 47 50 32 0.000000
0.11889450 0.02744070 0.12114604 48 51 30 0.000000
0.11874413 0.02746582 0.12061754 47 49 33 0.000000
0.11912802 0.02707956 0.12179144 46 49 34 0.000000
0.11902592 0.02700429 0.12136599 46 52 32 0.000000
0.11885244 0.02692350 0.12078825 44 52 33 0.000000
0.11309204 0.03223484 0.11399762 49 49 34 0.000000
0.11867279 0.02683054 0.12022837 44 52 31 0.000000
0.11842671 0.02666093 0.11927889 51 49 35 0.000000
0.11221720 0.03450980 0.12525925 49 49 27 0.000000
0.11871395 0.02624777 0.12015092 49 52 32 0.000000
0.11822708 0.02657443 0.11885399 52 53 31 0.000000
0.11698292 0.02955673 0.11479446 44 50 34 0.000000
0.11365239 0.03426400 0.12522402 46 48 29 0.000000
0.11410361 0.03423231 0.12542440 48 47 29 0.000000
0.11542701 0.02970558 0.11287955 51 49 32 0.000000
0.11274476 0.03438434 0.12123017 45 48 27 0.000000
0.11232340 0.03470208 0.12213682 46 48 27 0.000000
0.11212452 0.03457879 0.12095766 43 49 28 0.000000
0.10791779 0.03692766 0.12359427 46 47 33 0.000000
0.11927347 0.02805272 0.12509452 51 49 31 0.000000
0.11208329 0.03472097 0.12153532 47 48 30 0.000000
0.11673763 0.02972867 0.11438776 48 50 29 0.000000
0.10707276 0.03708644 0.12360688 45 49 30 0.000000
0.11947171 0.02871685 0.12666874 50 49 30 0.000000
0.11165854 0.03496314 0.12279568 45 49 30 0.000000
0.10747303 0.03704559 0.12334920 44 48 31 0.000000
0.11159378 0.03498898 0.12221472 47 47 31 0.000000
0.11124200 0.03516731 0.12285694 45 51 30 0.000000
0.11817411 0.02940517 0.12297516 49 51 33 0.000000
0.11757123 0.02597124 0.11674146 50 51 30 0.000000
0.10819734 0.03661835 0.12246990 43 48 30 0.000000
0.11946292 0.02692239 0.12565078 46 49 28 0.000000
0.10706556 0.03711545 0.12330778 47 46 32 0.000000
0.11965559 0.02772053 0.12778193 45 49 30 0.000000
0.11119433 0.03513953 0.12197183 44 48 30 0.000000
0.11163930 0.03491941 0.12173215 46 48 30 0.000000
0.10671094 0.03693350 0.12251620 47 45 29 0.000000
0.11973673 0.02739798 0.12816991 46 49 30 0.000000
0.11830955 0.02822849 0.11943287 51 52 34 0.000000
0.11964075 0.02726996 0.12756732 49 48 28 0.000000
0.10622689 0.03714095 0.12360260 45 48 30 0.000000
0.11935909 0.02623037 0.12307775 50 50 29 0.000000
0.11969294 0.02693168 0.12784711 46 49 30 0.000000
0.11801917 0.02831496 0.11768559 50 50 34 0.000000
0.10640576 0.03690629 0.12247859 44 47 32 0.000000
0.11951198 0.02694977 0.12616426 45 49 30 0.000000
0.11644974 0.02730158 0.11528329 47 48 35 0.000000
0.11956473 0.02678263 0.12673613 45 46 32 0.000000
0.11938416 0.02699394 0.12480830 49 49 30 0.000000
0.11932359 0.02602618 0.12339974 50 51 28 0.000000
0.11955710 0.02859888 0.12708552 50 47 29 0.000000
0.11885900 0.02805828 0.12157953 51 49 30 0.000000
0.11833017 0.02730088 0.11930488 49 49 34 0.000000
0.11987161 0.02595547 0.12829065 49 50 29 0.000000
0.11918786 0.02570383 0.12219323 47 48 34 0.000000
0.11918635 0.02685674 0.12360245 49 50 33 0.000000
0.11492237 0.03001623 0.11233728 49 51 31 0.000000
0.11931484 0.02569352 0.12301841 47 50 35 0.000000
0.11937039 0.02542767 0.12384497 49 52 29 0.000000
0.11917213 0.02609167 0.12208883 45 49 31 0.000000
0.11907437 0.02609654 0.12164007 46 51 31 0.000000
0.11937129 0.02514063 0.12334079 49 49 33 0.000000
0.11852885 0.02608745 0.11932143 49 51 34 0.000000
0.11867249 0.02547240 0.12025353 51 52 35 0.000000
0.11909509 0.02466887 0.12236638 49 50 30 0.000000
0.11858018 0.02486689 0.11961710 51 51 37 0.000000
0.10863005 0.03470675 0.11985485 51 47 31 0.000000
0.11919571 0.02436135 0.12271904 47 49 33 0.000000
0.11886171 0.02433469 0.12154869 51 51 31 0.000000
0.11856675 0.02481318 0.11921673 49 51 34 0.000000
0.11411783 0.03137911 0.11472669 49 51 31 0.000000
0.11901949 0.02412854 0.12226827 47 51 31 0.000000
0.11855047 0.02462787 0.11979976 52 52 36 0.000000
0.10686410 0.03462357 0.11969380 44 46 33 0.000000
0.11863459 0.02508806 0.12054035 51 52 31 0.000000
0.11832233 0.02574326 0.11857899 48 51 35 0.000000
0.11875924 0.02552356 0.12070643 50 50 32 0.000000
0.11821143 0.02495965 0.11815493 48 49 35 0.000000
0.10740611 0.03351403 0.11750285 48 51 33 0.000000
0.10649042 0.03452326 0.11935875 46 45 35 0.000000
0.11859640 0.02420124 0.11958926 48 52 35 0.000000
0.11842358 0.02464710 0.11864509 49 53 32 0.000000
0.11863646 0.02470208 0.12086714 48 51 35 0.000000
0.11850365 0.02414414 0.11904550 51 53 33 0.000000
0.11860768 0.02385836 0.12015595 51 51 36 0.000000
0.11270885 0.03444385 0.12542306 46 49 30 0.000000
0.11813798 0.02431826 0.11812396 52 51 31 0.000000
0.11850265 0.02502871 0.11999037 51 52 35 0.000000
0.11870770 0.02351092 0.12069943 49 50 32 0.000000
0.11829213 0.02388838 0.11852986 51 52 34 0.000000
0.11297924 0.03069389 0.11075423 46 48 35 0.000000
0.11853036 0.02356592 0.11927739 48 52 35 0.000000
0.11853888 0.02446982 0.12045837 51 52 33 0.000000
0.11920054 0.02377168 0.12281372 47 50 33 0.000000
0.11858980 0.02334779 0.12013359 51 51 35 0.000000
0.11887796 0.02405856 0.12181555 48 50 33 0.000000
0.11930713 0.02713210 0.12320858 46 48 32 0.000000
0.11818590 0.02626488 0.11863399 48 52 35 0.000000
0.10989525 0.03560766 0.12383899 47 51 32 0.000000
0.11905961 0.02359938 0.12227859 48 50 31 0.000000
0.11846926 0.02434460 0.11999249 52 52 34 0.000000
0.11880691 0.02397409 0.12130227 49 49 34 0.000000
0.11801407 0.02347226 0.11809805 50 52 30 0.000000
0.11852396 0.02290190 0.11980516 50 51 34 0.000000
0.11832527 0.02311817 0.11892600 46 51 38 0.000000
0.10916125 0.03630656 0.12324216 47 48 31 0.000000
0.10837197 0.03671974 0.12356033 46 49 28 0.000000
0.11810458 0.02388235 0.11811430 50 53 29 0.000000
0.11343262 0.03035780 0.11077309 44 50 30 0.000000
0.11918520 0.02313743 0.12220855 47 51 31 0.000000
0.11824244 0.02346060 0.11860538 52 52 33 0.000000
0.11797345 0.02899132 0.11768119 50 49 32 0.000000
0.10858935 0.03660948 0.12310109 47 46 30 0.000000
0.11759575 0.02247107 0.11740665 46 52 34 0.000000
0.11820269 0.02202380 0.11873506 47 51 37 0.000000
0.11883734 0.02253343 0.12109292 48 50 29 0.000000
0.11773741 0.02165141 0.11766554 48 51 32 0.000000
0.11883055 0.02187638 0.12121682 48 49 29 0.000000
0.11203632 0.03452385 0.12586282 46 48 30 0.000000
0.11790761 0.02133353 0.11803223 50 50 33 0.000000
0.11844643 0.02198892 0.11998566 50 51 35 0.000000
0.11916856 0.02146613 0.12267330 49 50 33 0.000000
0.11780760 0.02202633 0.11781192 50 50 31 0.000000
0.11835914 0.02042166 0.11984367 54 52 31 0.000000
0.11840902 0.02157121 0.11967431 50 52 34 0.000000
0.11789193 0.02027095 0.11800567 48 49 33 0.000000
0.11903924 0.02095909 0.12239617 48 48 31 0.000000
0.11826437 0.02600941 0.11876892 51 50 35 0.000000
0.11806988 0.02166997 0.11841734 53 52 33 0.000000
0.11845971 0.02115155 0.12007327 51 49 34 0.000000
0.11771711 0.02031447 0.11752813 45 51 29 0.000000
0.11750143 0.02014120 0.11712908 41 50 34 0.000000
0.10324614 0.03531856 0.11976457 46 50 31 0.000000
0.11794513 0.02003892 0.11835220 49 50 31 0.000000
0.11814593 0.01962801 0.11917648 50 51 31 0.000000
0.11725441 0.01986208 0.11682895 46 49 28 0.000000
0.11815707 0.01918977 0.11900061 49 52 31 0.000000
0.11756319 0.02129034 0.11737604 49 50 30 0.000000
0.10840282 0.03620954 0.12169012 46 47 30 0.000000
0.11798092 0.01896609 0.11815938 46 48 35 0.000000
0.11964942 0.02662296 0.12756188 50 48 30 0.000000
0.11763126 0.01897382 0.11742233 47 50 32 0.000000
0.11836963 0.01982433 0.11973564 50 48 34 0.000000
0.11459288 0.03324797 0.12072162 47 48 32 0.000000
0.11851060 0.01969474 0.12015246 49 50 32 0.000000
0.11779568 0.01875744 0.11777048 46 46 36 0.000000
0.11723154 0.02841574 0.11578344 46 51 33 0.000000
0.11806865 0.01848366 0.11908194 50 51 32 0.000000
0.10820759 0.03606647 0.12141891 42 45 31 0.000000
0.11955485 0.02651691 0.12639378 42 50 30 0.000000
0.11962269 0.02620014 0.12705329 48 49 29 0.000000
0.11798745 0.01812218 0.11885523 48 51 32 0.000000
0.11760722 0.01960083 0.11727217 44 48 32 0.000000
0.11956955 0.02597276 0.12648360 49 49 32 0.000000
0.10981525 0.03539681 0.12069076 44 48 32 0.000000
0.11975568 0.02533756 0.12742923 49 47 31 0.000000
0.11942989 0.02558500 0.12606338 48 49 35 0.000000
0.11635325 0.02803382 0.11480580 49 49 32 0.000000
0.11660066 0.01835337 0.11590124 51 47 29 0.000000
0.11798310 0.02808826 0.11744849 50 50 31 0.000000
0.11730390 0.02778922 0.11608797 49 50 31 0.000000
0.11485417 0.03310636 0.12140971 45 49 31 0.000000
0.11673630 0.01782716 0.11610893 45 45 32 0.000000
0.11758235 0.02431258 0.11720548 48 49 37 0.000000
0.11761356 0.02475360 0.11720704 50 51 31 0.000000
0.11890575 0.02454955 0.12183134 50 51 31 0.000000
0.11720917 0.02446777 0.11669569 46 50 33 0.000000
0.11946888 0.02988840 0.12718724 49 49 31 0.000000
0.11825617 0.02557883 0.11817438 52 50 34 0.000000
0.10651073 0.03576585 0.12083540 46 46 29 0.000000
0.11961186 0.02544149 0.12677135 49 48 31 0.000000
0.11946736 0.02557181 0.12436347 49 49 34 0.000000
0.11950938 0.02504905 0.12626694 46 51 28 0.000000
0.11936201 0.02513065 0.12568653 47 51 30 0.000000
0.11944665 0.02509599 0.12458844 49 51 30 0.000000
0.11208328 0.03459718 0.12636931 43 48 29 0.000000
0.11946934 0.02508486 0.12399913 49 50 32 0.000000
0.11951715 0.02464814 0.12611854 46 50 31 0.000000
0.11944052 0.02463884 0.12567842 50 49 31 0.000000
0.11940053 0.02459054 0.12493534 48 51 31 0.000000
0.11940015 0.02455804 0.12418380 48 50 34 0.000000
0.11444820 0.02950922 0.11104425 43 49 39 0.000000
0.11969461 0.02891177 0.12791428 49 49 30 0.000000
0.11947084 0.02464843 0.12374450 52 52 32 0.000000
0.11958218 0.02411576 0.12625758 46 49 34 0.000000
0.11949401 0.02411938 0.12564130 49 51 29 0.000000
0.11949961 0.02396495 0.12514952 50 50 32 0.000000
0.11943333 0.02408350 0.12383425 51 51 30 0.000000
0.11969043 0.02767470 0.12801845 47 48 31 0.000000
0.11960992 0.02722757 0.12728807 49 49 28 0.000000
0.10584265 0.03653782 0.12195850 43 48 26 0.000000
0.11903746 0.02332759 0.12158813 48 50 31 0.000000
0.11962991 0.02670735 0.12736839 50 47 31 0.000000
0.11934781 0.02328268 0.12318368 47 51 30 0.000000
0.12002084 0.02489645 0.12851603 47 49 31 0.000000
0.11894976 0.02840667 0.12236921 48 49 28 0.000000
0.11249951 0.03497994 0.12771906 44 46 29 0.000000
0.11964343 0.02465749 0.12673739 48 47 31 0.000000
0.11811624 0.02714761 0.11807244 46 51 35 0.000000
0.11993594 0.02311102 0.12832431 46 49 28 0.000000
0.11293852 0.03501061 0.12777665 44 49 27 0.000000
0.11987248 0.02315948 0.12786867 50 48 30 0.000000
0.11951297 0.02669026 0.12600668 46 49 30 0.000000
0.11787015 0.02249474 0.11795047 48 50 31 0.000000
0.11940070 0.02457683 0.12533802 50 50 30 0.000000
0.11855410 0.02636577 0.11941606 48 50 35 0.000000
0.11940772 0.02397816 0.12471130 48 51 32 0.000000
0.11937653 0.02419800 0.12324805 50 50 33 0.000000
0.11968750 0.02406053 0.12686309 47 49 30 0.000000
0.11966601 0.02365118 0.12666899 49 50 29 0.000000
0.11953999 0.02335928 0.12470353 49 51 30 0.000000
0.11945204 0.02353447 0.12420690 48 50 34 0.000000
0.11881506 0.02778544 0.12099113 47 50 30 0.000000
0.11998530 0.02240611 0.12884299 47 49 28 0.000000
0.11962803 0.02351160 0.12631893 48 48 33 0.000000
0.11944682 0.02452286 0.12344349 52 49 35 0.000000
0.11809520 0.02627701 0.11765486 50 51 31 0.000000
0.11966719 0.02301231 0.12642585 49 49 32 0.000000
0.11974557 0.02288922 0.12711298 46 49 30 0.000000
0.11992382 0.02252118 0.12815934 46 51 28 0.000000
0.11956929 0.02346837 0.12586193 49 48 31 0.000000
0.11953721 0.02341706 0.12542132 48 51 28 0.000000
0.11976465 0.02213407 0.12707815 47 49 32 0.000000
0.11998003 0.02199041 0.12842387 44 48 31 0.000000
0.11962967 0.02287992 0.12585944 47 49 32 0.000000
0.11992025 0.02202647 0.12789838 47 48 34 0.000000
0.11651703 0.02634201 0.11555645 50 51 30 0.000000
0.11967742 0.02219385 0.12499673 46 49 31 0.000000
0.11860049 0.02344503 0.11968377 51 50 35 0.000000
0.11988563 0.02169396 0.12743339 50 50 29 0.000000
0.11979148 0.02175317 0.12663198 51 49 30 0.000000
0.11970517 0.02223042 0.12593499 46 50 34 0.000000
0.10488264 0.03638121 0.12215869 47 48 30 0.000000
0.11996259 0.02151236 0.12789291 47 48 33 0.000000
0.11435493 0.03300242 0.11899985 49 49 32 0.000000
0.11931930 0.02149710 0.12316494 45 51 26 0.000000
0.11954276 0.02152789 0.12406190 48 50 29 0.000000
0.11944612 0.02131102 0.12366173 47 47 32 0.000000
0.11986252 0.02139662 0.12692676 47 50 31 0.000000
0.11951161 0.02230212 0.12399484 50 48 32 0.000000
0.11973094 0.02164195 0.12494436 46 48 32 0.000000
0.11921391 0.02103771 0.12291512 46 49 31 0.000000
0.11935370 0.02081808 0.12345990 49 48 29 0.000000
0.11844910 0.02234984 0.11957619 51 52 33 0.000000
0.11947093 0.02190578 0.12367659 47 49 34 0.000000
0.12003425 0.02031659 0.12865420 46 48 25 0.000000
0.11943277 0.02028760 0.12407426 46 48 33 0.000000
0.11919750 0.02045315 0.12301318 49 47 32 0.000000
0.11849137 0.02296977 0.11934592 52 52 32 0.000000
0.11868800 0.02150766 0.12097766 50 48 33 0.000000
0.11927380 0.02002139 0.12358570 46 50 28 0.000000
0.11906513 0.01996584 0.12271848 51 48 32 0.000000
0.10943616 0.03602650 0.12361243 50 52 29 0.000000
0.11913592 0.01981216 0.12310082 52 49 30 0.000000
0.11896850 0.01942734 0.12266067 49 49 31 0.000000
0.11037145 0.03148880 0.11184388 46 50 36 0.000000
0.10879234 0.03635823 0.12375590 44 47 32 0.000000
0.11888374 0.01954249 0.12223539 49 47 33 0.000000
0.11794346 0.02754552 0.11726030 48 48 37 0.000000
0.11873376 0.02005864 0.12125521 48 50 33 0.000000
0.11881700 0.02003590 0.12177320 47 49 31 0.000000
0.11783992 0.02075600 0.11789647 48 48 31 0.000000
0.10771722 0.03669470 0.12403255 47 50 30 0.000000
0.11869156 0.01929657 0.12129344 50 50 31 0.000000
0.11872970 0.01907316 0.12170984 50 49 31 0.000000
0.11850034 0.01914796 0.12023018 47 49 32 0.000000
0.11823205 0.02149823 0.11895187 50 50 32 0.000000
0.11854970 0.01905501 0.12067794 49 51 31 0.000000
0.10701409 0.03702421 0.12292479 45 45 32 0.000000
0.10633031 0.03701288 0.12292923 44 48 33 0.000000
0.11839454 0.01843598 0.12037010 47 50 31 0.000000
0.11832918 0.01926293 0.11958779 47 50 36 0.000000
0.11740988 0.01928054 0.11702903 47 48 31 0.000000
0.11634071 0.03204766 0.12400973 49 48 31 0.000000
0.11798233 0.01811437 0.11850383 45 50 34 0.000000
0.11736841 0.01873874 0.11711701 45 47 32 0.000000
0.10945968 0.03484075 0.11978285 47 48 32 0.000000
0.11796115 0.01817631 0.11901335 48 50 33 0.000000
0.11618616 0.02634292 0.11517769 49 51 33 0.000000
0.11630443 0.02693297 0.11521227 45 52 34 0.000000
0.11703912 0.01910366 0.11664941 44 48 31 0.000000
0.11409953 0.03409587 0.12467925 46 49 31 0.000000
0.11363561 0.03421887 0.12457234 48 49 31 0.000000
0.11870401 0.01988025 0.12097470 51 48 33 0.000000
0.10667235 0.03711734 0.12347786 45 49 28 0.000000
0.11854179 0.01864017 0.12092308 48 51 31 0.000000
0.11888267 0.02358642 0.12128343 51 50 29 0.000000
0.11192732 0.03485436 0.12729846 46 50 25 0.000000
0.11835065 0.01853259 0.11995317 48 51 33 0.000000
0.11836638 0.02193365 0.11929359 50 52 32 0.000000
0.11616410 0.02389497 0.11540287 48 50 32 0.000000
0.11779081 0.02406878 0.11758653 52 48 33 0.000000
0.11754481 0.02322504 0.11727306 49 50 36 0.000000
0.11778336 0.02468805 0.11770108 49 49 32 0.000000
0.11740508 0.02500390 0.11680188 48 52 34 0.000000
0.11746255 0.02386116 0.11708136 49 50 33 0.000000
0.11721642 0.02392144 0.11674911 46 50 32 0.000000
0.11727917 0.02255472 0.11690142 47 52 34 0.000000
0.11724542 0.02543837 0.11651471 48 50 35 0.000000
0.11698480 0.02566571 0.11619531 51 49 30 0.000000
0.11164591 0.03242181 0.11645229 48 49 37 0.000000
0.11864207 0.01875680 0.12131875 49 50 32 0.000000
0.11941367 0.02362080 0.12352643 48 50 30 0.000000
0.11584680 0.02098546 0.11541785 48 50 32 0.000000
0.11550474 0.02154812 0.11479203 47 50 33 0.000000
0.11435980 0.03313403 0.11942393 49 49 29 0.000000
0.11652507 0.01797979 0.11565036 44 49 30 0.000000
0.11252538 0.03464920 0.12334441 48 49 31 0.000000
0.11833997 0.02940227 0.12040526 48 48 33 0.000000
0.11158045 0.03477306 0.12389600 48 48 32 0.000000
0.11639603 0.01746447 0.11535799 41 45 34 0.000000
0.11604680 0.01753513 0.11490718 49 47 31 0.000000
0.11925790 0.02446417 0.12455311 50 53 29 0.000000
0.11070716 0.03208679 0.11329310 46 51 37 0.000000
0.11928566 0.02404645 0.12428209 51 52 31 0.000000
0.11952081 0.02710268 0.12635125 48 49 28 0.000000
0.11924685 0.02576194 0.12553373 49 50 32 0.000000
0.11930667 0.02565393 0.12524295 49 54 30 0.000000
0.10495328 0.03592923 0.12095873 46 50 29 0.000000
0.11656124 0.01917007 0.11601993 44 48 29 0.000000
0.11870533 0.02851607 0.12134274 47 49 33 0.000000
0.11639701 0.01856231 0.11555480 43 49 29 0.000000
0.11867590 0.01956891 0.12086149 47 49 34 0.000000
0.11542428 0.01813095 0.11431041 52 44 34 0.000000
0.11228843 0.03203900 0.11270744 48 49 33 0.000000
0.11681841 0.01830875 0.11641716 44 47 34 0.000000
0.11965495 0.02610860 0.12737507 44 49 30 0.000000
0.11170332 0.03453103 0.12562944 47 50 29 0.000000
0.10988047 0.03536829 0.12415458 48 51 31 0.000000
0.11027446 0.03523797 0.12392861 48 50 33 0.000000
0.12001113 0.02101681 0.12808669 49 48 30 0.000000
0.12000513 0.02015927 0.12831891 42 48 31 0.000000
0.11999752 0.02067690 0.12799028 46 48 27 0.000000
0.12003209 0.02124992 0.12852736 48 47 30 0.000000
0.11988533 0.02125795 0.12590331 50 50 30 0.000000
0.11984707 0.02136545 0.12554206 46 49 30 0.000000
0.11984944 0.02088723 0.12570114 49 47 34 0.000000
0.11979672 0.02111217 0.12523708 49 47 30 0.000000
0.11974087 0.02011047 0.12621556 52 47 28 0.000000
0.11982377 0.02379931 0.12754723 45 49 30 0.000000
0.11838455 0.02803132 0.11985386 48 51 34 0.000000
0.11971941 0.02230070 0.12668124 48 50 30 0.000000
0.11982434 0.02151388 0.12612613 47 50 33 0.000000
0.11810432 0.02793047 0.11836133 50 50 34 0.000000
0.11676314 0.03019292 0.11511927 52 49 34 0.000000
0.11642076 0.03035514 0.11536872 43 54 30 0.000000
0.11592841 0.03041591 0.11535556 50 51 34 0.000000
0.11520700 0.03025320 0.11330900 48 50 33 0.000000
0.11634055 0.02946792 0.11361169 50 45 36 0.000000
0.11387635 0.03400229 0.12203164 48 48 29 0.000000
0.11815674 0.02815732 0.11878139 49 52 31 0.000000
0.11806873 0.02766301 0.11787695 48 50 38 0.000000
0.11566190 0.03063385 0.11555716 48 49 33 0.000000
0.11906382 0.02819989 0.12293749 45 49 32 0.000000
0.11962959 0.02978785 0.12802911 47 51 31 0.000000
0.11809842 0.02675823 0.11771174 50 47 37 0.000000
0.11923655 0.02763274 0.12306004 45 49 31 0.000000
0.11914562 0.02782460 0.12250535 47 50 30 0.000000
0.11215854 0.03227610 0.11456618 45 51 36 0.000000
0.11685551 0.02877933 0.11494450 48 50 34 0.000000
0.10994803 0.03162123 0.11245843 53 49 38 0.000000
0.11599081 0.03199012 0.12254904 45 50 30 0.000000
0.11419661 0.03388999 0.12246693 48 50 31 0.000000
0.11940512 0.02765351 0.12569888 49 50 30 0.000000
0.11661953 0.02582381 0.11579080 48 50 31 0.000000
0.11403541 0.03399566 0.12305538 49 47 31 0.000000
0.11842141 0.02359641 0.11900429 50 52 33 0.000000
0.11827186 0.02767303 0.11916912 50 49 36 0.000000
0.11815985 0.02741818 0.11860808 53 52 31 0.000000
0.11922395 0.02856132 0.12541266 48 50 29 0.000000
0.11430568 0.03059796 0.11226103 49 50 32 0.000000
0.11569588 0.01880058 0.11463024 46 47 31 0.000000
0.11635714 0.02420516 0.11575653 48 50 32 0.000000
0.10293263 0.03491420 0.11897628 46 48 36 0.000000
0.11961385 0.02891911 0.12746772 47 50 29 0.000000
0.11967717 0.02849568 0.12791452 48 47 29 0.000000
0.11191672 0.03165484 0.11192516 49 49 31 0.000000
0.11893425 0.02832453 0.12355977 51 52 33 0.000000
0.11862903 0.02828020 0.12079024 46 50 31 0.000000
0.11880089 0.02805215 0.12128467 48 48 35 0.000000
0.11852308 0.02745402 0.12002462 49 52 30 0.000000
0.11834870 0.02764183 0.11948523 48 53 33 0.000000
0.11949302 0.02822808 0.12670159 46 51 31 0.000000
0.11886042 0.02887742 0.12208202 46 51 31 0.000000
0.11967704 0.02924702 0.12796593 48 50 32 0.000000
0.11420736 0.03346468 0.12017691 48 48 32 0.000000
0.11913556 0.02852207 0.12500295 49 49 31 0.000000
0.11894703 0.02829626 0.12413421 50 51 34 0.000000
0.11528375 0.03370497 0.12461554 47 48 34 0.000000
0.11917786 0.02769136 0.12397608 49 50 33 0.000000
0.11930164 0.02664955 0.12338386 49 49 33 0.000000
0.11935337 0.02777163 0.12533140 46 48 31 0.000000
0.11896253 0.02810253 0.12195195 47 51 31 0.000000
0.11926492 0.02697392 0.12398056 46 50 31 0.000000
0.11931964 0.02760560 0.12487962 47 50 32 0.000000
0.11844749 0.02989586 0.12173790 48 51 30 0.000000
0.11729963 0.03222547 0.12581994 47 49 34 0.000000
0.11743917 0.03101592 0.12383771 49 52 34 0.000000
0.11347529 0.03194517 0.11416080 49 50 33 0.000000
0.11682919 0.03283200 0.12650284 52 50 29 0.000000
0.11637407 0.03298391 0.12553965 46 49 33 0.000000
0.11926018 0.02630783 0.12384675 48 50 32 0.000000
0.11653556 0.03276346 0.12828732 50 50 31 0.000000
0.11941059 0.02716225 0.12524925 49 48 30 0.000000
0.11597741 0.02836501 0.11279851 46 48 38 0.000000
0.11939351 0.02635613 0.12514611 50 48 33 0.000000
0.11857601 0.03117745 0.12661229 50 51 33 0.000000
0.11938347 0.02651438 0.12468494 46 49 31 0.000000
0.11942984 0.02609678 0.12464440 49 50 32 0.000000
0.11936952 0.02586826 0.12409244 49 49 31 0.000000
0.11552887 0.02766008 0.11196195 45 50 38 0.000000
0.11485945 0.02725136 0.11082654 50 52 35 0.000000
0.11864187 0.03060269 0.12549436 49 49 30 0.000000
0.11994153 0.02522189 0.12823756 46 49 30 0.000000
0.11512472 0.02748424 0.11112192 54 48 31 0.000000
0.11943820 0.02572167 0.12487628 46 51 31 0.000000
0.11757397 0.03075052 0.12201221 49 52 30 0.000000
0.11819402 0.03021719 0.12349901 48 52 28 0.000000
0.11725952 0.03091876 0.12133224 48 50 33 0.000000
0.11129728 0.03376040 0.11873005 48 47 30 0.000000
0.10986486 0.03326139 0.11750948 45 52 33 0.000000
0.11171880 0.03462660 0.12423802 47 50 33 0.000000
0.11106916 0.03469837 0.12438001 50 50 29 0.000000
0.11883712 0.02124045 0.12147608 49 49 32 0.000000
0.11143362 0.03455399 0.12550846 46 48 32 0.000000
0.11176786 0.03453389 0.12501249 49 48 30 0.000000
0.11145402 0.03456653 0.12589481 48 48 29 0.000000
0.11017380 0.03468478 0.12642545 47 49 30 0.000000
0.11060864 0.03465683 0.12624896 48 47 30 0.000000
0.11058795 0.03471896 0.12491149 46 46 36 0.000000
0.11118278 0.03458343 0.12494300 49 49 30 0.000000
0.11024667 0.03471490 0.12561029 47 48 29 0.000000
0.11071645 0.03469659 0.12686132 46 49 28 0.000000
0.11072855 0.03463910 0.12564516 49 50 28 0.000000
0.11131120 0.03460862 0.12630510 44 47 30 0.000000
0.11996918 0.02469634 0.12817767 46 50 27 0.000000
0.11986006 0.02462125 0.12770131 47 48 29 0.000000
0.11617225 0.03318618 0.12807216 49 49 31 0.000000
0.11183133 0.03470352 0.12681770 43 46 32 0.000000
0.10950699 0.03504649 0.12532961 47 50 30 0.000000
0.11108089 0.03491241 0.12772334 46 49 27 0.000000
0.10965789 0.03482452 0.12606078 46 51 30 0.000000
0.11950444 0.02287365 0.12414688 49 50 31 0.000000
0.10962240 0.03481340 0.12695394 44 47 31 0.000000
0.11004106 0.03499895 0.12825955 44 46 31 0.000000
0.11935774 0.02121884 0.12333782 48 50 27 0.000000
0.11135074 0.03481737 0.12725982 47 45 29 0.000000
0.11261144 0.03475755 0.12674651 45 49 29 0.000000
0.11070299 0.03508790 0.12862907 48 47 26 0.000000
0.11052372 0.03497856 0.12813473 45 49 30 0.000000
0.11023510 0.03467059 0.12689216 46 45 33 0.000000
0.11138160 0.03254198 0.11665360 48 51 33 0.000000
0.11957839 0.02308315 0.12501572 49 50 32 0.000000
0.11960176 0.02273587 0.12497228 47 49 31 0.000000
0.11961266 0.02284846 0.12554502 50 51 31 0.000000
0.11997001 0.02423190 0.12821628 48 49 27 0.000000
0.11966477 0.02237972 0.12515277 47 50 29 0.000000
0.11737125 0.03100823 0.12402614 48 53 29 0.000000
0.11970448 0.02219380 0.12549146 49 48 33 0.000000
0.11714969 0.03094280 0.12410495 47 50 37 0.000000
0.11764319 0.02898056 0.11648419 47 48 34 0.000000
0.11829221 0.01880292 0.11957167 49 51 31 0.000000
0.11806719 0.01868439 0.11860935 50 49 35 0.000000
0.11955293 0.02268777 0.12452028 50 49 34 0.000000
0.11962032 0.02206371 0.12454806 50 50 28 0.000000
0.11992782 0.02094966 0.12725466 46 50 31 0.000000
0.12003435 0.02087885 0.12843058 47 48 27 0.000000
0.11967823 0.02131003 0.12466701 47 49 31 0.000000
0.11988278 0.02083298 0.12670159 48 50 33 0.000000
0.11988538 0.02097198 0.12621938 47 51 28 0.000000
0.12000162 0.02030413 0.12797752 45 49 29 0.000000
0.11955331 0.02084727 0.12426955 47 49 30 0.000000
0.11970866 0.02074153 0.12500902 46 49 31 0.000000
0.11971300 0.02042560 0.12538226 47 49 33 0.000000
0.11953869 0.02020921 0.12467051 47 50 31 0.000000
0.11960977 0.02008208 0.12531403 48 48 31 0.000000
0.11944503 0.01973454 0.12486713 44 49 32 0.000000
0.11927131 0.01954741 0.12409273 47 49 30 0.000000
0.11505743 0.03073758 0.11437158 48 52 33 0.000000
0.11666461 0.01859298 0.11612235 48 48 29 0.000000
0.11939832 0.01987702 0.12432741 48 50 29 0.000000
0.11588610 0.03199812 0.12154229 47 52 29 0.000000
0.11660636 0.03289042 0.12741683 47 52 26 0.000000
0.11684675 0.03184916 0.12488645 45 48 30 0.000000
0.11596824 0.03356655 0.12773193 49 49 28 0.000000
0.11640286 0.03286028 0.12800586 44 50 30 0.000000
0.11676890 0.03162805 0.12449259 46 50 26 0.000000
0.11776147 0.03068661 0.12310808 49 49 33 0.000000
0.11761650 0.03074894 0.12151483 49 51 33 0.000000
0.11615235 0.03171992 0.12256342 50 50 29 0.000000
0.11465332 0.02657633 0.11133356 47 54 32 0.000000
0.11443082 0.02648592 0.11115148 53 55 32 0.000000
0.11444528 0.02639175 0.11146571 54 52 36 0.000000
0.11931787 0.02725369 0.12446155 47 51 28 0.000000
0.11936493 0.02656417 0.12438133 48 49 31 0.000000
0.11930504 0.02696200 0.12276512 48 48 33 0.000000
0.11923154 0.02669651 0.12215858 47 49 32 0.000000
0.11913594 0.02653592 0.12169734 50 49 30 0.000000
0.11900294 0.02640535 0.12113003 51 51 31 0.000000
0.11930679 0.02616825 0.12262424 49 50 30 0.000000
0.11914638 0.02571316 0.12186667 45 49 31 0.000000
0.11885553 0.02637820 0.12060539 48 49 34 0.000000
0.11900803 0.02574860 0.12125397 47 50 33 0.000000
0.11928239 0.02562464 0.12345669 51 49 30 0.000000
0.11923070 0.02569365 0.12247560 48 51 32 0.000000
0.11880983 0.02585142 0.12054573 48 50 31 0.000000
0.11864091 0.02578848 0.11997786 49 51 35 0.000000
0.11924209 0.02518097 0.12273858 47 51 31 0.000000
0.11888610 0.02513060 0.12118699 48 48 38 0.000000
0.11912502 0.02523819 0.12211948 50 48 32 0.000000
0.11854929 0.02547216 0.11952605 50 50 37 0.000000
0.11897872 0.02490470 0.12167170 49 48 32 0.000000
0.11937416 0.02477981 0.12313125 49 49 31 0.000000
0.11909136 0.02536417 0.12167928 49 50 30 0.000000
0.11928752 0.02472285 0.12287860 48 50 33 0.000000
0.11878318 0.02452376 0.12115798 50 51 34 0.000000
0.11947863 0.02304886 0.12375607 50 49 32 0.000000
0.11926883 0.02321341 0.12271728 48 49 32 0.000000
0.11945418 0.02625023 0.12582958 50 50 32 0.000000
0.11914943 0.02304656 0.12182683 48 49 32 0.000000
0.11870059 0.02404046 0.12082463 48 52 32 0.000000
0.11946288 0.02265432 0.12347134 48 48 34 0.000000
0.11897794 0.02357017 0.12175813 49 49 32 0.000000
0.11940537 0.02519701 0.12511763 48 50 32 0.000000
0.11894739 0.02308455 0.12126002 48 50 32 0.000000
0.11915250 0.02256983 0.12172370 49 48 34 0.000000
0.11931334 0.02250363 0.12269355 46 52 30 0.000000
0.11927332 0.02254986 0.12220761 47 50 33 0.000000
0.11935946 0.02214335 0.12310015 48 48 32 0.000000
0.11922226 0.02209196 0.12203300 49 50 32 0.000000
0.11920850 0.02191235 0.12239145 49 50 32 0.000000
0.11905201 0.02195315 0.12163745 47 50 33 0.000000
0.11488116 0.02606891 0.11274266 44 54 35 0.000000
0.11861282 0.02283373 0.12045965 51 50 33 0.000000
0.11918440 0.02199267 0.12270138 48 52 32 0.000000
0.11909527 0.02139205 0.12228206 48 48 33 0.000000
0.11908241 0.02155909 0.12196928 48 49 33 0.000000
0.11890155 0.02096915 0.12187062 47 48 31 0.000000
0.11902446 0.02054180 0.12239890 49 49 30 0.000000
0.11871272 0.02081383 0.12122951 46 51 32 0.000000
0.11881194 0.02049843 0.12167130 46 49 33 0.000000
0.11939175 0.02283291 0.12305716 47 49 30 0.000000
0.11861961 0.02025356 0.12091669 47 49 32 0.000000
0.11882672 0.01893904 0.12247387 50 49 27 0.000000
0.11797374 0.01842994 0.11823929 48 51 31 0.000000
0.11776289 0.01838338 0.11786724 47 49 33 0.000000
0.11777686 0.01794127 0.11809901 46 49 34 0.000000
0.11749783 0.01833138 0.11746463 46 49 34 0.000000
0.11729635 0.01781353 0.11742298 48 47 34 0.000000
0.11709083 0.01819208 0.11691676 47 48 31 0.000000
0.11806312 0.02287093 0.11842572 50 52 35 0.000000
0.11833450 0.02088582 0.11958537 48 52 33 0.000000
0.11891481 0.02008526 0.12214415 48 49 31 0.000000
0.11535189 0.01974326 0.11447369 44 50 24 0.000000
0.11646200 0.03061375 0.11749157 48 50 36 0.000000
0.11377594 0.03006100 0.11083602 48 49 32 0.000000
0.11681429 0.03108250 0.12195080 48 50 32 0.000000
0.11627945 0.03076667 0.11630653 50 49 33 0.000000
0.11365841 0.03182618 0.11373167 48 50 36 0.000000
0.11470132 0.03134469 0.11578456 50 49 30 0.000000
0.11817260 0.02983809 0.12322702 47 50 29 0.000000
0.11813810 0.02997094 0.12277681 49 49 33 0.000000
0.11298183 0.03226153 0.11363889 46 48 36 0.000000
0.11520210 0.02888425 0.11152070 46 50 35 0.000000
0.11215918 0.03260554 0.11688562 49 50 34 0.000000
0.11196387 0.03399930 0.11937694 46 48 30 0.000000
0.10942044 0.03171781 0.11358570 47 52 36 0.000000
0.11557280 0.03169454 0.11836471 45 47 36 0.000000
0.11483816 0.02493955 0.11327554 47 53 35 0.000000
0.11463331 0.02513117 0.11291844 50 52 34 0.000000
0.11432348 0.02593627 0.11208329 53 55 33 0.000000
0.11436769 0.02541391 0.11245430 50 54 33 0.000000
0.11503335 0.02248002 0.11393601 48 51 33 0.000000
0.11482608 0.02630929 0.11243816 50 52 37 0.000000
0.11456139 0.02358516 0.11315240 48 49 35 0.000000
0.11407048 0.02581216 0.11188641 53 54 30 0.000000
0.11439019 0.02616629 0.11184116 51 54 35 0.000000
0.11529995 0.02722473 0.11223456 49 54 30 0.000000
0.11398923 0.02611123 0.11142187 54 54 35 0.000000
0.11463659 0.02668439 0.11111609 45 51 37 0.000000
0.11470482 0.02693258 0.11091582 49 53 31 0.000000
0.11611476 0.02874500 0.11292954 49 51 30 0.000000
0.11558660 0.02761054 0.11232885 50 51 33 0.000000
0.11545614 0.02702683 0.11299521 49 52 34 0.000000
0.11543551 0.02719425 0.11376520 52 51 34 0.000000
0.11713384 0.02331577 0.11666460 47 50 32 0.000000
0.11528075 0.02474613 0.11393604 51 53 33 0.000000
0.11535461 0.02384183 0.11426781 50 53 30 0.000000
0.11743203 0.02205943 0.11715104 48 49 33 0.000000
0.11705437 0.02183921 0.11663231 46 49 29 0.000000
0.11614837 0.02218399 0.11553174 47 50 32 0.000000
0.11638532 0.02117505 0.11601882 48 48 32 0.000000
0.11595675 0.01829276 0.11483520 47 49 31 0.000000
0.11602642 0.01866810 0.11499165 45 43 32 0.000000
0.10873073 0.03136330 0.11240372 52 51 34 0.000000
0.11501292 0.03051757 0.11360484 47 49 37 0.000000
0.11528737 0.02844295 0.11133718 46 52 33 0.000000
0.11351333 0.03122952 0.11202767 49 51 31 0.000000
0.11397661 0.03143999 0.11400889 48 51 34 0.000000
0.11362123 0.03182702 0.11325563 46 49 37 0.000000
0.11337620 0.03209770 0.11389310 51 51 31 0.000000
0.11694540 0.02716925 0.11583748 49 49 33 0.000000
0.11507216 0.02555372 0.11333293 53 52 30 0.000000
0.11453816 0.02600766 0.11227770 53 53 34 0.000000
0.11466789 0.02576078 0.11264730 52 52 35 0.000000
0.11499341 0.02658826 0.11242745 52 52 32 0.000000
0.11585589 0.02811565 0.11257903 51 51 30 0.000000
0.11592025 0.02836988 0.11315532 50 52 30 0.000000
0.11598759 0.02020171 0.11548326 51 45 33 0.000000
0.11609225 0.02106977 0.11578644 44 47 37 0.000000
0.11936637 0.03010734 0.12709022 49 49 31 0.000000
0.11941756 0.02929963 0.12667257 47 50 34 0.000000
0.11814903 0.02661338 0.11794566 48 51 33 0.000000
0.11478291 0.03264382 0.11883800 52 50 30 0.000000
0.11602968 0.03231266 0.12307205 46 49 29 0.000000
0.11455043 0.03334197 0.12113799 47 49 32 0.000000
0.11664279 0.03297786 0.12688570 50 50 30 0.000000
0.11502600 0.03287749 0.12143665 46 50 30 0.000000
0.11593422 0.03363894 0.12845266 46 47 32 0.000000
0.11382344 0.03406865 0.12256165 47 47 34 0.000000
0.11780662 0.03069519 0.12051641 51 49 31 0.000000
0.11559944 0.02748412 0.11311334 50 50 36 0.000000
0.11496063 0.02699075 0.11136287 50 52 33 0.000000
0.11578704 0.02793549 0.11295458 49 49 38 0.000000
0.10803583 0.03224136 0.11482023 47 51 34 0.000000
0.10950020 0.03512852 0.12013309 46 50 27 0.000000
0.11722478 0.03242577 0.12663305 49 49 32 0.000000
0.11873623 0.02930268 0.12216054 51 49 34 0.000000
0.10478434 0.03721193 0.12410884 45 50 30 0.000000
0.10989664 0.03589530 0.12232937 44 50 30 0.000000
0.11739629 0.03154058 0.12484895 48 48 29 0.000000
0.11315096 0.03237955 0.11576936 49 50 35 0.000000
0.11992351 0.02021501 0.12751120 48 48 30 0.000000
0.11845325 0.03158724 0.12750398 46 49 31 0.000000
0.10677548 0.03424232 0.11908634 45 49 31 0.000000
0.11298776 0.03403252 0.12052979 49 47 30 0.000000
0.11542428 0.01813095 0.11431041 52 44 34 0.000000
0.11406139 0.03127220 0.11317392 52 50 32 0.000000
0.11250903 0.03327160 0.11841821 46 49 33 0.000000
0.11129728 0.03376040 0.11873005 48 47 30 0.000000
0.10988047 0.03536829 0.12415458 48 51 31 0.000000
0.11487892 0.02148709 0.11386461 45 52 30 0.000000
0.12000513 0.02015927 0.12831891 42 48 31 0.000000
0.11754870 0.03037343 0.11920500 46 49 34 0.000000
0.11883734 0.02253343 0.12109292 48 50 29 0.000000
0.11695730 0.03075289 0.11917662 49 50 28 0.000000
0.10994709 0.03214246 0.11492853 47 53 30 0.000000
0.11558652 0.02554144 0.11421210 54 52 30 0.000000
0.11515830 0.03111876 0.11572174 45 52 29 0.000000
0.11507216 0.02555372 0.11333293 53 52 30 0.000000
0.11957839 0.02308315 0.12501572 49 50 32 0.000000
0.11912502 0.02523819 0.12211948 50 48 32 0.000000
0.11690480 0.03245198 0.12552546 49 48 33 0.000000
0.11738634 0.03114146 0.12446997 49 48 33 0.000000
0.10584265 0.03653782 0.12195850 43 48 26 0.000000
0.11842671 0.02666093 0.11927889 51 49 35 0.000000
0.11140011 0.03201384 0.11539300 49 51 34 0.000000
0.11849390 0.02912270 0.12373817 49 51 31 0.000000
0.11757397 0.03075052 0.12201221 49 52 30 0.000000
0.11700155 0.02073377 0.11660373 45 47 34 0.000000
0.10611913 0.03305480 0.11658170 50 49 32 0.000000
0.11962967 0.02287992 0.12585944 47 49 32 0.000000
0.10707276 0.03708644 0.12360688 45 49 30 0.000000
0.11940512 0.02765351 0.12569888 49 50 30 0.000000
0.11798310 0.02808826 0.11744849 50 50 31 0.000000
0.11992351 0.02021501 0.12751120 48 48 30 0.000000
0.11956955 0.02597276 0.12648360 49 49 32 0.000000
0.10820759 0.03606647 0.12141891 42 45 31 0.000000
0.11806719 0.01868439 0.11860935 50 49 35 0.000000
0.10754426 0.03697080 0.12370762 47 48 31 0.000000
0.11520712 0.02653928 0.11286629 51 52 34 0.000000
0.10595746 0.03504933 0.11988054 46 47 33 0.000000
0.11549494 0.03402837 0.12773012 48 49 29 0.000000
0.11015000 0.03470623 0.11959902 46 48 34 0.000000
0.11649847 0.03139639 0.12289218 48 48 33 0.000000
0.11260791 0.03240813 0.11592355 47 50 35 0.000000
0.11900803 0.02574860 0.12125397 47 50 33 0.000000
0.11486492 0.03293494 0.12067527 50 49 32 0.000000
0.10720432 0.03532635 0.12055699 43 48 28 0.000000
0.11801966 0.02971690 0.11951853 50 52 29 0.000000
0.11881053 0.02888110 0.12241987 48 51 29 0.000000
0.11868800 0.02150766 0.12097766 50 48 33 0.000000
0.11923655 0.02763274 0.12306004 45 49 31 0.000000
0.11797374 0.01842994 0.11823929 48 51 31 0.000000
0.11528375 0.03370497 0.12461554 47 48 34 0.000000
0.11940772 0.02397816 0.12471130 48 51 32 0.000000
0.11730845 0.03022388 0.11681718 47 49 33 0.000000
0.11703002 0.03109467 0.12106457 47 53 30 0.000000
0.11400948 0.03015357 0.11129310 44 51 32 0.000000
0.10643493 0.03487879 0.11981326 46 48 31 0.000000
0.10782608 0.03431218 0.11954036 46 50 31 0.000000
0.10551314 0.03673766 0.12261609 47 48 30 0.000000
0.11602968 0.03231266 0.12307205 46 49 29 0.000000
0.11391068 0.03098024 0.11217404 46 48 40 0.000000
0.10950020 0.03512852 0.12013309 46 50 27 0.000000
0.11024619 0.03280381 0.11631430 48 49 32 0.000000
0.11939351 0.02635613 0.12514611 50 48 33 0.000000
0.11411621 0.03226198 0.11677383 49 49 33 0.000000
0.11678624 0.02841808 0.11512811 45 48 32 0.000000
0.10820384 0.03548407 0.12076931 45 49 25 0.000000
0.10356028 0.03530159 0.11979660 48 47 34 0.000000
0.11431854 0.03119913 0.11504948 51 52 30 0.000000
0.11962611 0.02955520 0.12776430 48 49 31 0.000000
0.11711679 0.03074754 0.12281169 48 48 37 0.000000
0.11120408 0.03312965 0.11776658 47 49 33 0.000000
0.11550324 0.02804278 0.11159424 47 49 40 0.000000
0.10299575 0.03270609 0.11581357 39 50 23 0.000000
0.10994803 0.03162123 0.11245843 53 49 38 0.000000
0.11893425 0.02832453 0.12355977 51 52 33 0.000000
0.11609092 0.02688991 0.11490504 48 50 35 0.000000
0.11837930 0.02525867 0.11850070 48 52 30 0.000000
0.11832644 0.02951966 0.12347969 48 49 31 0.000000
0.11348124 0.03420492 0.12297934 47 50 30 0.000000
0.11582670 0.03365577 0.12811239 46 48 34 0.000000
0.11309204 0.03223484 0.11399762 49 49 34 0.000000
0.11967704 0.02924702 0.12796593 48 50 32 0.000000
0.11142060 0.03398232 0.11907402 45 46 36 0.000000
0.11517982 0.03189772 0.11818714 45 50 28 0.000000
0.11517789 0.03289563 0.11991207 46 51 29 0.000000
0.11108866 0.03208838 0.11296634 46 51 34 0.000000
0.11999752 0.02067690 0.12799028 46 48 27 0.000000
0.11165854 0.03496314 0.12279568 45 49 30 0.000000
0.11939887 0.02797661 0.12595250 46 49 33 0.000000
0.10648133 0.03335487 0.11702143 49 50 33 0.000000
0.10354140 0.03609225 0.12216770 45 49 28 0.000000
0.11813775 0.03125387 0.12515907 46 51 30 0.000000
0.10966056 0.03310092 0.11673772 48 48 38 0.000000
0.11473623 0.02984934 0.11193834 49 50 34 0.000000
0.11506011 0.03287577 0.12045868 50 49 31 0.000000
0.11712611 0.03057002 0.11894476 46 52 27 0.000000
0.10986486 0.03326139 0.11750948 45 52 33 0.000000
0.11892425 0.02900727 0.12478954 46 51 32 0.000000
0.11400397 0.03341570 0.11981674 48 49 31 0.000000
0.11857171 0.02631186 0.11967424 51 52 33 0.000000
0.11946288 0.02265432 0.12347134 48 48 34 0.000000
0.11701231 0.03147285 0.12473810 46 50 26 0.000000
0.11567184 0.03347557 0.12468886 49 48 30 0.000000
0.10820759 0.03606647 0.12141891 42 45 31 0.000000
0.11070299 0.03508790 0.12862907 48 47 26 0.000000
0.11027446 0.03523797 0.12392861 48 50 33 0.000000
0.11499341 0.02658826 0.11242745 52 52 32 0.000000
0.11818590 0.02626488 0.11863399 48 52 35 0.000000
0.11996918 0.02469634 0.12817767 46 50 27 0.000000
0.11879914 0.02906736 0.12181854 47 51 29 0.000000
0.10916125 0.03630656 0.12324216 47 48 31 0.000000
0.10540765 0.03627812 0.12158723 43 47 31 0.000000
0.11930039 0.02281823 0.12247980 50 50 31 0.000000
0.11498503 0.02879988 0.11110487 47 52 31 0.000000
0.11821035 0.02611650 0.11813813 51 50 34 0.000000
0.10910868 0.03598046 0.12158589 46 46 32 0.000000
0.12003413 0.02445871 0.12851752 45 49 30 0.000000
0.11845325 0.03158724 0.12750398 46 49 31 0.000000
0.11612813 0.03322985 0.12521517 50 48 31 0.000000
0.11866918 0.02912533 0.12418221 49 48 32 0.000000
0.11192732 0.03485436 0.12729846 46 50 25 0.000000
0.11315096 0.03237955 0.11576936 49 50 35 0.000000
0.11938347 0.02651438 0.12468494 46 49 31 0.000000
0.11782322 0.02689876 0.11697642 48 49 33 0.000000
0.11978957 0.02175142 0.12547462 49 48 32 0.000000
0.11836798 0.03147960 0.12690479 49 50 32 0.000000
0.11664279 0.03297786 0.12688570 50 50 30 0.000000
0.11937129 0.02514063 0.12334079 49 49 33 0.000000
0.11819520 0.03015784 0.12236902 47 51 33 0.000000
0.10984703 0.03171831 0.11300667 47 53 35 0.000000
0.10842860 0.03625870 0.12420568 47 49 32 0.000000
0.11386763 0.03500320 0.12806991 47 46 30 0.000000
0.11666461 0.01859298 0.11612235 48 48 29 0.000000
0.11962967 0.02287992 0.12585944 47 49 32 0.000000
0.11527508 0.03280431 0.12024846 49 50 30 0.000000
0.11523022 0.03289584 0.12236327 46 47 31 0.000000
0.11558907 0.03045538 0.11451254 49 51 36 0.000000
0.11685551 0.02877933 0.11494450 48 50 34 0.000000
0.11970448 0.02219380 0.12549146 49 48 33 0.000000
0.10782507 0.03633934 0.12171649 43 44 34 0.000000
0.11909509 0.02466887 0.12236638 49 50 30 0.000000
0.10791706 0.03482603 0.12018795 45 48 32 0.000000
0.11450160 0.03377953 0.12241998 49 49 30 0.000000
0.11737125 0.03100823 0.12402614 48 53 29 0.000000
0.11944612 0.02131102 0.12366173 47 47 32 0.000000
0.11611476 0.02874500 0.11292954 49 51 30 0.000000
0.11595675 0.01829276 0.11483520 47 49 31 0.000000
0.11880691 0.02397409 0.12130227 49 49 34 0.000000
0.11219895 0.03220289 0.11518156 46 55 30 0.000000
0.11798233 0.01811437 0.11850383 45 50 34 0.000000
0.11953130 0.02960063 0.12730217 47 49 29 0.000000
0.11307763 0.03234383 0.11518483 47 49 32 0.000000
0.10966985 0.03478670 0.12749030 44 48 29 0.000000
0.11738584 0.03081155 0.12271046 51 50 34 0.000000
0.11604521 0.03092149 0.11709791 49 50 33 0.000000
0.11656027 0.03177391 0.12407419 46 48 28 0.000000
0.11893425 0.02832453 0.12355977 51 52 33 0.000000
0.10622689 0.03714095 0.12360260 45 48 30 0.000000
0.11894976 0.02840667 0.12236921 48 49 28 0.000000
0.11949302 0.02822808 0.12670159 46 51 31 0.000000
0.11274476 0.03438434 0.12123017 45 48 27 0.000000
0.10395004 0.03584011 0.12068999 48 49 29 0.000000
0.11738113 0.03083085 0.12318164 50 52 27 0.000000
0.11956293 0.02344718 0.12506908 49 50 30 0.000000
0.11637856 0.03307825 0.12774430 50 48 29 0.000000
0.11644974 0.02730158 0.11528329 47 48 35 0.000000
0.11540430 0.02523663 0.11395412 51 51 33 0.000000
0.11350106 0.03499605 0.12719813 45 48 30 0.000000
0.11567784 0.02934946 0.11268673 47 51 36 0.000000
0.11666461 0.01859298 0.11612235 48 48 29 0.000000
0.11548104 0.03025775 0.11363149 51 51 30 0.000000
0.11185056 0.03510692 0.12909959 47 46 27 0.000000
0.11861781 0.02947783 0.12158533 49 49 31 0.000000
0.10966056 0.03310092 0.11673772 48 48 38 0.000000
0.11187998 0.03482306 0.12340382 47 49 31 0.000000
0.11482608 0.02630929 0.11243816 50 52 37 0.000000
0.11260791 0.03240813 0.11592355 47 50 35 0.000000
0.11713384 0.02331577 0.11666460 47 50 32 0.000000
0.11842671 0.02666093 0.11927889 51 49 35 0.000000
0.11403541 0.03399566 0.12305538 49 47 31 0.000000
0.11590369 0.02737492 0.11445331 48 50 34 0.000000
0.11595675 0.01829276 0.11483520 47 49 31 0.000000
0.11939175 0.02283291 0.12305716 47 49 30 0.000000
0.11456139 0.02358516 0.11315240 48 49 35 0.000000
0.10985658 0.03465861 0.12721686 45 48 31 0.000000
0.10985658 0.03465861 0.12721686 45 48 31 0.000000
0.11167645 0.03145325 0.11103173 44 48 31 0.000000
0.11844643 0.02198892 0.11998566 50 51 35 0.000000
0.11488061 0.03296996 0.12096491 47 51 30 0.000000
0.11574979 0.02489461 0.11480478 51 51 38 0.000000
0.11906382 0.02819989 0.12293749 45 49 32 0.000000
0.11542108 0.03373921 0.12505797 47 49 32 0.000000
0.10441833 0.03479386 0.11927025 47 47 31 0.000000
0.11953089 0.02740464 0.12663092 46 48 32 0.000000
0.11962803 0.02351160 0.12631893 48 48 33 0.000000
0.11599033 0.03400001 0.12657128 49 50 33 0.000000
0.11470314 0.03470976 0.12654957 45 47 33 0.000000
0.10946919 0.03528084 0.12864378 45 47 28 0.000000
0.11180167 0.03211577 0.11542478 49 53 31 0.000000
0.11508745 0.02313672 0.11394311 48 51 34 0.000000
0.11832918 0.01926293 0.11958779 47 50 36 0.000000
0.11567184 0.03347557 0.12468886 49 48 30 0.000000
0.11387133 0.03336486 0.11924215 47 49 33 0.000000
0.11914562 0.02782460 0.12250535 47 50 30 0.000000
0.10640576 0.03690629 0.12247859 44 47 32 0.000000
0.11686750 0.03058076 0.11792810 47 48 35 0.000000
0.11801746 0.03064156 0.12385330 47 50 30 0.000000
0.11609092 0.02688991 0.11490504 48 50 35 0.000000
0.11926058 0.03040847 0.12727487 48 52 28 0.000000
0.11776052 0.02897521 0.11691809 47 50 33 0.000000
0.11709083 0.01819208 0.11691676 47 48 31 0.000000
0.11759663 0.02941586 0.11632410 42 51 32 0.000000
0.11486202 0.01833482 0.11378202 43 48 36 0.000000
0.11483816 0.02493955 0.11327554 47 53 35 0.000000
0.11489137 0.03183522 0.11773070 48 50 32 0.000000
0.11837054 0.03131282 0.12623729 52 51 28 0.000000
0.11316995 0.03205395 0.11317524 47 52 28 0.000000
0.11526200 0.02198580 0.11434287 47 50 32 0.000000
0.11840902 0.02157121 0.11967431 50 52 34 0.000000
0.11914638 0.02571316 0.12186667 45 49 31 0.000000
0.11519219 0.03270765 0.12075123 47 50 31 0.000000
0.11578704 0.02793549 0.11295458 49 49 38 0.000000
0.11603576 0.02582820 0.11505751 54 51 31 0.000000
0.11341581 0.03425312 0.12200250 46 48 31 0.000000
0.11619691 0.02074698 0.11589597 50 49 28 0.000000
0.11998003 0.02199041 0.12842387 44 48 31 0.000000
0.11088996 0.03190459 0.11257626 53 49 34 0.000000
0.11759663 0.02941586 0.11632410 42 51 32 0.000000
0.11027026 0.03178361 0.11256213 49 51 32 0.000000
0.11504009 0.02694893 0.11184476 48 50 38 0.000000
0.11471859 0.03474783 0.12736693 48 49 29 0.000000
0.11666320 0.02333412 0.11605017 50 50 31 0.000000
0.11646200 0.03061375 0.11749157 48 50 36 0.000000
0.11276181 0.03367655 0.11932583 46 49 34 0.000000
0.11870533 0.02851607 0.12134274 47 49 33 0.000000
0.11604521 0.03092149 0.11709791 49 50 33 0.000000
0.11728950 0.03072695 0.11942488 45 49 32 0.000000
0.11307763 0.03234383 0.11518483 47 49 32 0.000000
0.11530162 0.03053794 0.11404088 51 52 30 0.000000
0.11763588 0.03026646 0.11805923 51 50 34 0.000000
0.11400905 0.03156045 0.11543860 50 50 32 0.000000
0.11493754 0.03354725 0.12329064 45 48 34 0.000000
0.11208328 0.03459718 0.12636931 43 48 29 0.000000
0.11232340 0.03470208 0.12213682 46 48 27 0.000000
0.10475674 0.03712040 0.12428898 48 50 29 0.000000
0.11888610 0.02513060 0.12118699 48 48 38 0.000000
0.11288059 0.03506933 0.12841122 44 48 26 0.000000
0.11401293 0.03497832 0.12762810 47 48 31 0.000000
0.11611149 0.01909161 0.11526479 42 50 25 0.000000
0.11638532 0.02117505 0.11601882 48 48 32 0.000000
0.11612813 0.03322985 0.12521517 50 48 31 0.000000
0.11140011 0.03201384 0.11539300 49 51 34 0.000000
0.11885029 0.02864140 0.12184946 48 50 32 0.000000
0.11806719 0.01868439 0.11860935 50 49 35 0.000000
0.11867249 0.02547240 0.12025353 51 52 35 0.000000
0.11827186 0.02767303 0.11916912 50 49 36 0.000000
0.11467811 0.03483915 0.12852348 45 49 28 0.000000
0.10966056 0.03310092 0.11673772 48 48 38 0.000000
0.11559944 0.02748412 0.11311334 50 50 36 0.000000
0.11168642 0.03453923 0.12450613 49 49 31 0.000000
0.11970883 0.02802635 0.12815273 46 47 33 0.000000
0.11955331 0.02084727 0.12426955 47 49 30 0.000000
0.11821618 0.02856046 0.11914719 47 50 33 0.000000
0.11967468 0.02274529 0.12682229 47 49 30 0.000000
0.11962269 0.02620014 0.12705329 48 49 29 0.000000
0.11621702 0.03046882 0.11566437 50 53 25 0.000000
0.11953089 0.02740464 0.12663092 46 48 32 0.000000
0.11927131 0.01954741 0.12409273 47 49 30 0.000000
0.11656027 0.03177391 0.12407419 46 48 28 0.000000
0.12003413 0.02445871 0.12851752 45 49 30 0.000000
0.11810458 0.02388235 0.11811430 50 53 29 0.000000
0.11676314 0.03019292 0.11511927 52 49 34 0.000000
0.11443108 0.03374914 0.12286096 48 49 30 0.000000
0.10861813 0.03586087 0.12123236 45 47 29 0.000000
0.11542701 0.02970558 0.11287955 51 49 32 0.000000
0.11682919 0.03283200 0.12650284 52 50 29 0.000000
0.11615235 0.03171992 0.12256342 50 50 29 0.000000
