0.08877507 -0.05262548 0.16515249 226 216 72 0.000000
0.07680891 -0.05345624 0.16488412 243 233 86 0.000000
0.08122702 -0.05986458 0.16444503 231 222 77 0.000000
0.08211561 -0.05712753 0.16441235 233 226 85 0.000000
0.08229098 -0.05902033 0.16428161 207 200 65 0.000000
0.08247897 -0.05642912 0.16436923 225 218 79 0.000000
0.08198276 -0.05876679 0.16436008 212 204 67 0.000000
0.08044706 -0.05969330 0.16445301 242 231 88 0.000000
0.08271036 -0.05595114 0.16435853 223 213 73 0.000000
0.08131411 -0.05509515 0.16457404 234 225 81 0.000000
0.08304187 -0.05539382 0.16435103 222 212 77 0.000000
0.07950222 -0.05969562 0.16446669 250 241 99 0.000000
0.08191400 -0.05810489 0.16437797 227 219 75 0.000000
0.08246969 -0.05793769 0.16431096 224 211 75 0.000000
0.07914816 -0.06008334 0.16446176 250 240 96 0.000000
0.08148724 -0.05430552 0.16462705 235 223 80 0.000000
0.08130603 -0.05632265 0.16451266 236 223 81 0.000000
0.08214650 -0.05762602 0.16439700 232 222 78 0.000000
0.08165340 -0.05587147 0.16449237 232 223 78 0.000000
0.08267871 -0.05723158 0.16437282 239 228 81 0.000000
0.08198748 -0.05539471 0.16447282 216 208 76 0.000000
0.08056492 -0.05852164 0.16448659 245 233 87 0.000000
0.08161740 -0.05365219 0.16468167 236 227 82 0.000000
0.08228325 -0.05485446 0.16446866 216 208 73 0.000000
0.08071187 -0.05789107 0.16452581 239 232 91 0.000000
0.08117547 -0.05780227 0.16449137 243 232 88 0.000000
0.08065395 -0.05388686 0.16470292 236 227 83 0.000000
0.07854937 -0.05928903 0.16452910 251 241 94 0.000000
0.08238880 -0.05414886 0.16456306 225 215 79 0.000000
0.07945127 -0.05858029 0.16452396 247 239 91 0.000000
0.07915108 -0.05894892 0.16451284 252 242 97 0.000000
0.07991198 -0.05817581 0.16452660 243 233 86 0.000000
0.08026037 -0.05429823 0.16466987 199 194 72 0.000000
0.08100086 -0.05338098 0.16473836 245 232 92 0.000000
0.08262300 -0.05368976 0.16458066 226 215 73 0.000000
0.08194370 -0.05648009 0.16444001 222 214 77 0.000000
0.08120207 -0.05680396 0.16450796 234 221 81 0.000000
0.08200224 -0.05402420 0.16462122 228 217 79 0.000000
0.08270627 -0.05320926 0.16459405 215 208 72 0.000000
0.08223397 -0.05351879 0.16464391 218 209 73 0.000000
0.08066176 -0.05264145 0.16481356 226 218 77 0.000000
0.08035960 -0.05303680 0.16478859 235 223 83 0.000000
0.08305934 -0.05254156 0.16468105 203 193 67 0.000000
0.08021573 -0.05485180 0.16463245 221 217 78 0.000000
0.08105566 -0.05409274 0.16466154 240 229 86 0.000000
0.07979918 -0.05353274 0.16476782 221 212 73 0.000000
0.08060038 -0.05446675 0.16464798 227 221 82 0.000000
0.08218372 -0.05297776 0.16469322 213 204 69 0.000000
0.08264554 -0.05260520 0.16470912 195 191 67 0.000000
0.08070232 -0.05632250 0.16454224 235 226 81 0.000000
0.08274068 -0.05207946 0.16479175 194 184 62 0.000000
0.07931662 -0.05321474 0.16483484 234 223 81 0.000000
0.08309466 -0.05467965 0.16441093 228 219 79 0.000000
0.08222732 -0.05254629 0.16476873 206 195 70 0.000000
0.08060560 -0.05593636 0.16457364 238 230 88 0.000000
0.08192527 -0.05502463 0.16451357 232 218 73 0.000000
0.07769165 -0.05790168 0.16458285 243 232 87 0.000000
0.07850713 -0.05725953 0.16459201 246 235 89 0.000000
0.08153678 -0.05267269 0.16479900 211 204 72 0.000000
0.07933932 -0.05662517 0.16459794 238 230 88 0.000000
0.08279062 -0.05144751 0.16490598 213 204 69 0.000000
0.07972183 -0.05404944 0.16472317 192 191 72 0.000000
0.08016844 -0.05348162 0.16475263 220 214 71 0.000000
0.07967103 -0.05615550 0.16457774 250 239 99 0.000000
0.07788423 -0.05742428 0.16458525 249 239 93 0.000000
0.07874799 -0.05671946 0.16460314 240 229 85 0.000000
0.08210283 -0.05168274 0.16488974 203 196 68 0.000000
0.08252250 -0.05119966 0.16495734 215 207 70 0.000000
0.07893113 -0.05237987 0.16493908 220 212 75 0.000000
0.07932678 -0.05204163 0.16495639 226 214 75 0.000000
0.08163555 -0.05176694 0.16488102 204 196 62 0.000000
0.08314028 -0.05311296 0.16457477 217 209 74 0.000000
0.08008082 -0.05241902 0.16487014 233 220 86 0.000000
0.08107547 -0.05143967 0.16494213 227 213 73 0.000000
0.07956459 -0.05264964 0.16487429 228 219 80 0.000000
0.08056474 -0.05144361 0.16496398 234 223 85 0.000000
0.07846691 -0.05506691 0.16470063 238 227 78 0.000000
0.08131208 -0.05296867 0.16476427 225 217 82 0.000000
0.07891068 -0.05472706 0.16472341 240 229 84 0.000000
0.07759384 -0.05550328 0.16470334 227 217 78 0.000000
0.07959084 -0.05178021 0.16497371 226 215 75 0.000000
0.08014191 -0.05117894 0.16500534 242 230 87 0.000000
0.07676426 -0.05581210 0.16470473 242 229 83 0.000000
0.08202926 -0.05222443 0.16482714 205 194 65 0.000000
0.07841297 -0.05221714 0.16496852 227 213 80 0.000000
0.07870030 -0.05160243 0.16501869 232 219 84 0.000000
0.08110676 -0.05201875 0.16487382 203 194 68 0.000000
0.07828332 -0.05369917 0.16484047 228 219 80 0.000000
0.07715852 -0.05413578 0.16482694 244 231 86 0.000000
0.07774733 -0.05385717 0.16484104 238 228 79 0.000000
0.08052542 -0.05193932 0.16491054 231 218 81 0.000000
0.07864655 -0.05291981 0.16490264 219 210 74 0.000000
0.08160736 -0.05096495 0.16498138 215 204 71 0.000000
0.07670483 -0.05446743 0.16480552 235 227 82 0.000000
0.07818849 -0.05305368 0.16488245 228 218 78 0.000000
0.07766698 -0.05277602 0.16492207 244 233 88 0.000000
0.07728550 -0.05274769 0.16493653 248 237 92 0.000000
0.07664944 -0.05309081 0.16491750 238 228 85 0.000000
0.07604592 -0.05323659 0.16491140 231 220 78 0.000000
0.07830801 -0.05174458 0.16501231 228 217 82 0.000000
0.07668784 -0.05223932 0.16500103 247 235 90 0.000000
0.07610522 -0.05210660 0.16501763 246 235 94 0.000000
0.07561658 -0.05217311 0.16502847 237 227 83 0.000000
0.09001922 -0.06722808 0.16462956 239 233 85 0.000000
0.09178809 -0.06372684 0.16473472 215 208 78 0.000000
0.09208097 -0.06155111 0.16480263 233 222 85 0.000000
0.08895452 -0.06621297 0.16455188 231 221 83 0.000000
0.09050858 -0.06297678 0.16463524 231 222 85 0.000000
0.09042592 -0.06231087 0.16465814 225 217 78 0.000000
0.08624067 -0.06988031 0.16424292 241 230 80 0.000000
0.08677755 -0.06677630 0.16443096 249 235 92 0.000000
0.07960338 -0.07035205 0.16401596 229 219 85 0.000000
0.09234861 -0.06279541 0.16478615 221 215 78 0.000000
0.08333889 -0.06141188 0.16423580 222 214 82 0.000000
0.09281211 -0.05984134 0.16494571 230 219 76 0.000000
0.08786213 -0.05618046 0.16478926 224 216 79 0.000000
0.08286666 -0.05409237 0.16453031 229 218 77 0.000000
0.08319328 -0.05503089 0.16437611 228 220 80 0.000000
0.08504732 -0.05620470 0.16434132 224 216 83 0.000000
0.08242074 -0.05203843 0.16480565 194 187 63 0.000000
0.08573242 -0.05027758 0.16517425 232 221 82 0.000000
0.07570507 -0.06094901 0.16449201 228 219 82 0.000000
0.07491269 -0.05645227 0.16471943 244 233 87 0.000000
0.07786468 -0.05707554 0.16459392 248 238 93 0.000000
0.07708400 -0.06442287 0.16427703 241 235 86 0.000000
0.07932749 -0.05246432 0.16491044 225 214 75 0.000000
0.07990084 -0.05276596 0.16483724 232 221 81 0.000000
0.08103383 -0.05290103 0.16475873 223 217 83 0.000000
0.08087403 -0.05210034 0.16487461 221 209 74 0.000000
0.08302590 -0.05105870 0.16497709 233 221 82 0.000000
0.07836977 -0.07016312 0.16399345 233 221 88 0.000000
0.07763108 -0.07020278 0.16397740 215 205 81 0.000000
0.07829053 -0.06886116 0.16405074 224 213 95 0.000000
0.07877857 -0.06813397 0.16407894 228 221 90 0.000000
0.07708246 -0.06713173 0.16408110 244 233 91 0.000000
0.07619302 -0.06786565 0.16405568 234 221 93 0.000000
0.07496415 -0.06774936 0.16402756 243 231 88 0.000000
0.07466444 -0.06850915 0.16399980 241 227 86 0.000000
0.07407843 -0.06750768 0.16403425 248 238 94 0.000000
0.08394550 -0.06995621 0.16412185 225 214 77 0.000000
0.08617549 -0.06581292 0.16441329 227 217 84 0.000000
0.08607361 -0.06505580 0.16442966 235 226 85 0.000000
0.08702139 -0.06615669 0.16445364 233 222 79 0.000000
0.07404976 -0.06629764 0.16412064 227 215 78 0.000000
0.07647029 -0.06986634 0.16399069 214 205 90 0.000000
0.08115984 -0.06849048 0.16412377 248 238 93 0.000000
0.08047731 -0.06784425 0.16410550 242 231 89 0.000000
0.08140253 -0.06799653 0.16414459 247 236 91 0.000000
0.08497687 -0.05406205 0.16435744 243 234 101 0.000000
0.08440126 -0.05391381 0.16442357 227 220 88 0.000000
0.08632476 -0.05832158 0.16451196 223 214 70 0.000000
0.08562081 -0.05578870 0.16429642 227 220 91 0.000000
0.08500194 -0.05550755 0.16418575 236 233 95 0.000000
0.08624628 -0.05545253 0.16439666 226 218 84 0.000000
0.08566976 -0.05517246 0.16429363 242 234 100 0.000000
0.08587056 -0.05453224 0.16442752 246 238 107 0.000000
0.08715765 -0.05436034 0.16467921 231 218 79 0.000000
0.08549183 -0.05402555 0.16438308 250 240 109 0.000000
0.08692935 -0.05391926 0.16468531 236 226 89 0.000000
0.08669896 -0.05649722 0.16457598 223 215 76 0.000000
0.08927715 -0.06071315 0.16479568 245 233 85 0.000000
0.08677377 -0.05494622 0.16457826 223 214 86 0.000000
0.08743084 -0.05775659 0.16474169 221 213 78 0.000000
0.08712332 -0.05664932 0.16467522 224 212 74 0.000000
0.08614242 -0.05593675 0.16433406 219 212 77 0.000000
0.08278697 -0.07052539 0.16406342 243 233 91 0.000000
0.08221101 -0.06541914 0.16422854 245 235 88 0.000000
0.08767100 -0.06780491 0.16443205 242 231 86 0.000000
0.08467554 -0.06375307 0.16435494 236 227 86 0.000000
0.09132199 -0.06441396 0.16466717 213 205 73 0.000000
0.08501307 -0.05883434 0.16394137 238 228 92 0.000000
0.09276672 -0.06207623 0.16483419 229 221 76 0.000000
0.09096085 -0.06591129 0.16473800 229 219 83 0.000000
0.08879516 -0.06775712 0.16450188 240 229 87 0.000000
0.08849368 -0.06546862 0.16454610 238 228 81 0.000000
0.08822203 -0.06491648 0.16455364 242 230 88 0.000000
0.08670364 -0.06822659 0.16437097 239 230 83 0.000000
0.08777564 -0.06483978 0.16449615 227 219 77 0.000000
0.08703680 -0.06486806 0.16446164 229 222 78 0.000000
0.08620658 -0.06690495 0.16439651 243 234 83 0.000000
0.08584038 -0.06726483 0.16436116 245 235 88 0.000000
0.08543630 -0.06768724 0.16431007 243 233 87 0.000000
0.08652113 -0.06414903 0.16446167 231 224 83 0.000000
0.07413671 -0.06669024 0.16410005 232 223 84 0.000000
0.07479583 -0.06653787 0.16411312 246 234 86 0.000000
0.08591016 -0.06459296 0.16443695 236 228 86 0.000000
0.08541939 -0.06515189 0.16438870 235 228 86 0.000000
0.08409065 -0.06727484 0.16424994 245 235 87 0.000000
0.08267713 -0.06788805 0.16417153 238 228 84 0.000000
0.07468148 -0.06552042 0.16418348 245 232 88 0.000000
0.07542749 -0.06546235 0.16418783 244 234 88 0.000000
0.07590256 -0.06532867 0.16418625 247 235 94 0.000000
0.08510751 -0.06360923 0.16439375 238 228 83 0.000000
0.07644324 -0.06512644 0.16421823 244 232 89 0.000000
0.08181375 -0.06868699 0.16412212 240 233 89 0.000000
0.08462233 -0.06421499 0.16434714 241 230 88 0.000000
0.08379802 -0.06563985 0.16426904 237 227 86 0.000000
0.08337948 -0.06632495 0.16425024 246 235 96 0.000000
0.07584237 -0.06454099 0.16424745 241 231 89 0.000000
0.07639929 -0.06439282 0.16426519 242 233 87 0.000000
0.08302370 -0.06666715 0.16422877 246 237 92 0.000000
0.08390383 -0.06311827 0.16433892 236 226 83 0.000000
0.07660858 -0.06353610 0.16433053 251 241 96 0.000000
0.07957240 -0.06935222 0.16406848 214 207 92 0.000000
0.07917108 -0.06974882 0.16404626 221 211 99 0.000000
0.08040875 -0.06685518 0.16416395 241 232 89 0.000000
0.08687869 -0.06729216 0.16442329 247 237 93 0.000000
0.07787733 -0.06236819 0.16439421 253 243 101 0.000000
0.07823485 -0.06925638 0.16403107 233 221 89 0.000000
0.07789450 -0.06146939 0.16445024 252 243 99 0.000000
0.08139125 -0.06345589 0.16429575 240 230 86 0.000000
0.07619817 -0.06160675 0.16445632 249 240 94 0.000000
0.08093724 -0.06385098 0.16429284 241 229 86 0.000000
0.07502583 -0.06124887 0.16446881 244 233 84 0.000000
0.07577763 -0.06124602 0.16447707 233 224 85 0.000000
0.08540220 -0.06921339 0.16423053 243 233 91 0.000000
0.07639894 -0.06057465 0.16452862 252 243 101 0.000000
0.07687353 -0.06019726 0.16452156 252 243 99 0.000000
0.07986657 -0.06365060 0.16431458 246 236 93 0.000000
0.07486606 -0.06023917 0.16455635 250 240 95 0.000000
0.07990193 -0.06262580 0.16435966 223 215 77 0.000000
0.07759755 -0.05979717 0.16454256 251 241 94 0.000000
0.07712805 -0.05981562 0.16454528 251 243 97 0.000000
0.08010721 -0.06145136 0.16436999 248 237 88 0.000000
0.07527260 -0.05981382 0.16456759 240 232 88 0.000000
0.07593332 -0.05940507 0.16458397 248 238 90 0.000000
0.07787907 -0.05920183 0.16457184 250 240 92 0.000000
0.07645223 -0.06590297 0.16415729 246 235 93 0.000000
0.07688867 -0.05879130 0.16460139 245 235 90 0.000000
0.07567879 -0.06661770 0.16409265 242 232 92 0.000000
0.07632149 -0.06493802 0.16423063 244 232 89 0.000000
0.07706329 -0.05835212 0.16458675 247 237 89 0.000000
0.07658664 -0.05833627 0.16460933 246 236 93 0.000000
0.07475030 -0.05843995 0.16462147 247 236 90 0.000000
0.07513858 -0.06687915 0.16408862 243 231 87 0.000000
0.07453106 -0.06793533 0.16400759 245 235 91 0.000000
0.07631873 -0.05794984 0.16461499 241 231 88 0.000000
0.07612649 -0.06357931 0.16432627 251 240 98 0.000000
0.07584154 -0.05770706 0.16463172 234 223 82 0.000000
0.07515521 -0.06516010 0.16421479 250 239 92 0.000000
0.08182144 -0.05678079 0.16441438 222 218 80 0.000000
0.07724224 -0.06124987 0.16446170 250 241 97 0.000000
0.07689825 -0.06079290 0.16449626 252 243 99 0.000000
0.07611527 -0.05602593 0.16471778 246 234 90 0.000000
0.07555264 -0.06288388 0.16437399 234 222 82 0.000000
0.07500743 -0.05606671 0.16473176 230 222 80 0.000000
0.07549242 -0.05587419 0.16474095 236 228 85 0.000000
0.07613344 -0.06019403 0.16454561 240 236 90 0.000000
0.07605660 -0.05478448 0.16479057 247 237 92 0.000000
0.08080881 -0.05238798 0.16484192 219 211 75 0.000000
0.07731590 -0.05235703 0.16497451 243 230 89 0.000000
0.08248815 -0.05684255 0.16437869 240 228 84 0.000000
0.08372679 -0.05388423 0.16450998 229 220 79 0.000000
0.07921741 -0.05751656 0.16454776 239 231 88 0.000000
0.07936992 -0.05822532 0.16453184 247 237 91 0.000000
0.07832713 -0.05928986 0.16453543 249 239 92 0.000000
0.07859822 -0.05997116 0.16448002 249 240 93 0.000000
0.08254958 -0.06134663 0.16416270 216 208 75 0.000000
0.07714120 -0.05869259 0.16456880 246 236 89 0.000000
0.07866490 -0.05762182 0.16457187 250 241 95 0.000000
0.07867547 -0.05876058 0.16454563 249 240 91 0.000000
0.07881529 -0.05187815 0.16498561 230 216 81 0.000000
0.07605831 -0.05813549 0.16461642 244 235 87 0.000000
0.07810784 -0.05274821 0.16492182 229 220 78 0.000000
0.07763790 -0.05232241 0.16496558 237 226 85 0.000000
0.07649286 -0.06397267 0.16429238 247 237 92 0.000000
0.07521641 -0.05337781 0.16491385 236 227 81 0.000000
0.07971499 -0.05893481 0.16446461 243 235 87 0.000000
0.08055221 -0.06029688 0.16441588 238 230 85 0.000000
0.07550889 -0.05638204 0.16471064 239 231 87 0.000000
0.07617257 -0.05975708 0.16456567 249 240 93 0.000000
0.07434715 -0.06648114 0.16412124 235 223 82 0.000000
0.08579063 -0.06591442 0.16438422 246 235 88 0.000000
0.08063155 -0.06404660 0.16430973 242 232 90 0.000000
0.07464533 -0.06690873 0.16409323 245 231 89 0.000000
0.08640137 -0.06458722 0.16443913 233 223 79 0.000000
0.08868321 -0.06274198 0.16463701 234 221 85 0.000000
0.09055775 -0.06069637 0.16483764 241 230 86 0.000000
0.08759490 -0.06212520 0.16458896 237 223 81 0.000000
0.07809406 -0.05613477 0.16459100 225 219 79 0.000000
0.07490313 -0.05562475 0.16473357 228 216 77 0.000000
0.07871570 -0.05510697 0.16467957 239 229 84 0.000000
0.07947600 -0.05430614 0.16468941 207 205 76 0.000000
0.07922820 -0.05359611 0.16480085 240 226 78 0.000000
0.07968592 -0.05365455 0.16476278 221 214 73 0.000000
0.09022644 -0.06605659 0.16468026 234 225 84 0.000000
0.08875896 -0.05896448 0.16489281 249 238 94 0.000000
0.07602131 -0.05513759 0.16474701 242 232 85 0.000000
0.09077843 -0.06502819 0.16465183 213 209 77 0.000000
0.08820204 -0.05699238 0.16486210 218 207 75 0.000000
0.08676306 -0.05539832 0.16448657 212 205 70 0.000000
0.08216012 -0.06067225 0.16428083 206 199 73 0.000000
0.08917353 -0.05462566 0.16505149 227 216 80 0.000000
0.08201315 -0.05322982 0.16467057 220 211 73 0.000000
0.08897100 -0.05371785 0.16504204 224 214 75 0.000000
0.08614364 -0.05054180 0.16513754 228 219 79 0.000000
0.09116723 -0.06569684 0.16473666 232 220 81 0.000000
0.08810557 -0.06225978 0.16460517 232 221 79 0.000000
0.08125503 -0.05409781 0.16464409 236 227 80 0.000000
0.08632281 -0.04975668 0.16527216 232 220 83 0.000000
0.08145675 -0.05167724 0.16488360 214 203 67 0.000000
0.08763628 -0.05884222 0.16473894 229 219 81 0.000000
0.08800996 -0.05749296 0.16485040 219 211 76 0.000000
0.08993295 -0.06440446 0.16461724 205 198 74 0.000000
0.09127830 -0.06265479 0.16459665 236 228 88 0.000000
0.07801817 -0.06426169 0.16428332 248 237 92 0.000000
0.07986621 -0.06110310 0.16436450 250 241 98 0.000000
0.07634761 -0.06136452 0.16445339 251 242 98 0.000000
0.09369645 -0.06285878 0.16492374 236 226 83 0.000000
0.09425913 -0.06166526 0.16487733 218 208 69 0.000000
0.08953008 -0.06827128 0.16452761 248 238 92 0.000000
0.08891939 -0.06834594 0.16448991 245 235 89 0.000000
0.08970539 -0.06767591 0.16458042 243 233 88 0.000000
0.08816975 -0.06978926 0.16435061 233 223 84 0.000000
0.08748806 -0.07031530 0.16428682 236 224 79 0.000000
0.08800983 -0.06911934 0.16437915 238 230 88 0.000000
0.08836713 -0.06865199 0.16443384 239 229 82 0.000000
0.08696782 -0.07050662 0.16424099 228 217 81 0.000000
0.08914765 -0.06882684 0.16445172 243 233 86 0.000000
0.08635023 -0.07077983 0.16418836 227 215 83 0.000000
0.08672526 -0.06980109 0.16427495 238 226 83 0.000000
0.08777914 -0.06951748 0.16434501 235 224 87 0.000000
0.08689833 -0.06921124 0.16430700 241 231 86 0.000000
0.08589851 -0.07022291 0.16420566 234 223 81 0.000000
0.08723035 -0.06974662 0.16429432 231 220 82 0.000000
0.08746149 -0.07091934 0.16427070 231 222 86 0.000000
0.08543196 -0.07051688 0.16415679 237 227 81 0.000000
0.08488980 -0.07041195 0.16414008 245 233 91 0.000000
0.08428918 -0.07070850 0.16410041 240 229 87 0.000000
0.08512471 -0.07003146 0.16417338 243 232 87 0.000000
0.08849884 -0.06898144 0.16439891 233 223 80 0.000000
0.08751024 -0.06931112 0.16432898 236 225 85 0.000000
0.08586119 -0.06988575 0.16421326 239 227 82 0.000000
0.08640474 -0.06944526 0.16426794 242 231 85 0.000000
0.09045005 -0.06665753 0.16469890 246 236 93 0.000000
0.08770964 -0.06828593 0.16440751 246 235 91 0.000000
0.09241614 -0.06187682 0.16480327 224 216 81 0.000000
0.09150072 -0.06076305 0.16483510 244 234 85 0.000000
0.08802128 -0.06731691 0.16447057 221 213 82 0.000000
0.09216641 -0.05940353 0.16496646 229 218 80 0.000000
0.09195922 -0.06473126 0.16477013 220 209 72 0.000000
0.09020809 -0.06567732 0.16469440 230 220 80 0.000000
0.08512225 -0.06873787 0.16423343 237 228 82 0.000000
0.09164816 -0.05773975 0.16507381 240 230 89 0.000000
0.08907383 -0.06034827 0.16482134 247 237 94 0.000000
0.08935725 -0.05993382 0.16488311 245 236 93 0.000000
0.09039643 -0.06458893 0.16464797 207 198 73 0.000000
0.09214129 -0.06356427 0.16477239 221 212 76 0.000000
0.09104384 -0.05677263 0.16512479 235 225 83 0.000000
0.08971735 -0.05948957 0.16493091 244 234 88 0.000000
0.09080041 -0.06434607 0.16465114 211 205 77 0.000000
0.09402750 -0.06226131 0.16493531 230 219 80 0.000000
0.08340468 -0.06930120 0.16413400 238 228 86 0.000000
0.09052957 -0.05720233 0.16507527 220 213 74 0.000000
0.09111310 -0.06411594 0.16464983 214 206 79 0.000000
0.08777658 -0.06606817 0.16445547 223 213 68 0.000000
0.08417287 -0.06839211 0.16421372 228 218 81 0.000000
0.09164152 -0.06324817 0.16468766 221 216 82 0.000000
0.08958535 -0.06465271 0.16463070 227 216 77 0.000000
0.08471967 -0.06782790 0.16424678 240 229 82 0.000000
0.09316720 -0.06201197 0.16487372 232 222 80 0.000000
0.09272793 -0.06246991 0.16483283 230 221 78 0.000000
0.09117939 -0.06354632 0.16464692 224 217 87 0.000000
0.08847422 -0.05923297 0.16486616 244 235 89 0.000000
0.08666798 -0.06634089 0.16444115 234 227 87 0.000000
0.08895412 -0.06449720 0.16461396 238 228 85 0.000000
0.09208277 -0.06249417 0.16475812 225 217 84 0.000000
0.08799224 -0.06515427 0.16451053 234 223 81 0.000000
0.08975358 -0.05459739 0.16514732 224 213 78 0.000000
0.08993983 -0.05650164 0.16507585 228 218 81 0.000000
0.08484206 -0.06699064 0.16429405 243 232 87 0.000000
0.09252768 -0.06355859 0.16481498 220 216 78 0.000000
0.08972791 -0.06398377 0.16462256 211 203 74 0.000000
0.08912085 -0.05799291 0.16497679 244 232 88 0.000000
0.08983722 -0.06509620 0.16465580 228 220 79 0.000000
0.08861971 -0.05796519 0.16492717 245 235 91 0.000000
0.09040184 -0.05559495 0.16516703 225 216 80 0.000000
0.09012827 -0.05604434 0.16512452 233 220 80 0.000000
0.08737513 -0.06599871 0.16446121 216 210 77 0.000000
0.08920126 -0.06651532 0.16457961 228 222 82 0.000000
0.09385584 -0.06088205 0.16484293 224 214 72 0.000000
0.09063332 -0.06554443 0.16470088 221 213 75 0.000000
0.08961807 -0.06323266 0.16464034 223 215 78 0.000000
0.08530739 -0.06624604 0.16434407 246 237 90 0.000000
0.09075257 -0.06248603 0.16463387 235 225 85 0.000000
0.08339047 -0.06753805 0.16419913 244 234 92 0.000000
0.09019256 -0.06287288 0.16462895 229 220 82 0.000000
0.09246984 -0.06434175 0.16481531 216 206 74 0.000000
0.09248415 -0.06121941 0.16481501 229 220 79 0.000000
0.08956294 -0.05625224 0.16505526 227 215 80 0.000000
0.08904023 -0.05333079 0.16511384 218 209 75 0.000000
0.08403427 -0.06626616 0.16426435 235 226 86 0.000000
0.08903100 -0.06289999 0.16464914 238 226 86 0.000000
0.09057079 -0.06185818 0.16469927 223 215 78 0.000000
0.08764318 -0.05740622 0.16478664 214 207 80 0.000000
0.08803700 -0.06335849 0.16458245 223 214 76 0.000000
0.08934125 -0.06259917 0.16465420 236 223 82 0.000000
0.08836271 -0.05360280 0.16499130 231 220 76 0.000000
0.08997642 -0.06196737 0.16468728 228 218 76 0.000000
0.08704273 -0.06393776 0.16448960 243 232 85 0.000000
0.08479749 -0.06517792 0.16434476 236 228 79 0.000000
0.08734111 -0.06336164 0.16451366 228 216 76 0.000000
0.08045332 -0.06960700 0.16404013 237 225 86 0.000000
0.08262032 -0.06678423 0.16420409 250 240 102 0.000000
0.08936920 -0.06211188 0.16467099 227 219 81 0.000000
0.08812691 -0.05656941 0.16486524 223 212 79 0.000000
0.08424470 -0.06540973 0.16429143 233 221 80 0.000000
0.08819681 -0.06258039 0.16460547 223 216 77 0.000000
0.09029691 -0.06109707 0.16476947 237 227 83 0.000000
0.08996265 -0.06128279 0.16474931 235 224 83 0.000000
0.08857137 -0.06218581 0.16464220 229 217 80 0.000000
0.08844235 -0.05499208 0.16494526 220 212 75 0.000000
0.08878008 -0.05477418 0.16500606 224 217 80 0.000000
0.08902822 -0.06154572 0.16470554 231 222 80 0.000000
0.08637431 -0.06315889 0.16446859 225 215 74 0.000000
0.08999281 -0.06352221 0.16462106 216 207 77 0.000000
0.08809959 -0.05235550 0.16508260 213 204 68 0.000000
0.08718312 -0.05587710 0.16468221 220 210 74 0.000000
0.08213671 -0.06593173 0.16422026 243 233 87 0.000000
0.08767894 -0.05268164 0.16498756 216 207 72 0.000000
0.09197029 -0.06422042 0.16474839 220 210 74 0.000000
0.08162263 -0.06615773 0.16421363 247 238 91 0.000000
0.09007914 -0.06066475 0.16482280 234 224 80 0.000000
0.08589219 -0.06336606 0.16445123 230 220 81 0.000000
0.08957858 -0.06084876 0.16479146 239 227 81 0.000000
0.08785402 -0.06199129 0.16461506 238 225 81 0.000000
0.08412763 -0.06415524 0.16432726 230 220 80 0.000000
0.08816261 -0.06165705 0.16465437 237 225 82 0.000000
0.08924426 -0.06796604 0.16452295 245 234 89 0.000000
0.08374413 -0.06456105 0.16430552 235 226 82 0.000000
0.08888330 -0.05282223 0.16514800 219 211 74 0.000000
0.08717217 -0.05298390 0.16487925 224 215 73 0.000000
0.08671828 -0.05586911 0.16453692 217 205 69 0.000000
0.08616193 -0.06255243 0.16446452 225 214 78 0.000000
0.09229720 -0.06331536 0.16478463 222 215 76 0.000000
0.08815791 -0.06392507 0.16459052 229 219 85 0.000000
0.09106708 -0.05906834 0.16496201 212 203 76 0.000000
0.08693029 -0.06168753 0.16455677 223 215 76 0.000000
0.09068596 -0.06373774 0.16461286 219 211 84 0.000000
0.08860303 -0.06053114 0.16475230 237 227 85 0.000000
0.08986318 -0.06255486 0.16463839 229 219 80 0.000000
0.08914144 -0.06729217 0.16453274 227 217 82 0.000000
0.08415459 -0.05739456 0.16435960 231 222 79 0.000000
0.08163585 -0.06132336 0.16432232 211 203 71 0.000000
0.09108432 -0.06295406 0.16462335 231 223 91 0.000000
0.08671723 -0.05199887 0.16497403 228 215 75 0.000000
0.08934370 -0.06425587 0.16462132 229 220 79 0.000000
0.08534732 -0.05553132 0.16424429 238 230 95 0.000000
0.08975054 -0.06626171 0.16463926 233 224 83 0.000000
0.08804517 -0.06026440 0.16470811 242 231 87 0.000000
0.09149283 -0.06233624 0.16469641 235 229 91 0.000000
0.08287283 -0.05780528 0.16433851 224 217 75 0.000000
0.08490111 -0.06234989 0.16438316 235 225 83 0.000000
0.08650235 -0.07017478 0.16423352 235 222 81 0.000000
0.08534067 -0.06198500 0.16441518 235 223 80 0.000000
0.08566958 -0.06142896 0.16442533 224 214 75 0.000000
0.08836948 -0.06588914 0.16451742 233 222 78 0.000000
0.08754577 -0.05240563 0.16499488 217 207 71 0.000000
0.08895049 -0.05912401 0.16490915 249 239 96 0.000000
0.09322933 -0.06082404 0.16488293 228 219 77 0.000000
0.08675015 -0.05341614 0.16478081 232 226 87 0.000000
0.08553638 -0.05476958 0.16435532 247 238 106 0.000000
0.08664202 -0.05297418 0.16481747 230 221 82 0.000000
0.08641059 -0.06039801 0.16450709 235 224 86 0.000000
0.08525284 -0.05444472 0.16434209 246 238 105 0.000000
0.08747721 -0.05195113 0.16505411 220 209 73 0.000000
0.09130931 -0.06164292 0.16472794 235 227 86 0.000000
0.08693632 -0.04987232 0.16529620 225 215 78 0.000000
0.08569539 -0.05361702 0.16454977 250 240 108 0.000000
0.08616724 -0.06296133 0.16445018 221 213 74 0.000000
0.08600871 -0.05323332 0.16469285 248 238 100 0.000000
0.08850122 -0.06138176 0.16468650 237 225 85 0.000000
0.08135977 -0.06520346 0.16425230 241 230 84 0.000000
0.08790940 -0.06877229 0.16438672 243 232 90 0.000000
0.08587958 -0.06024109 0.16441257 214 212 76 0.000000
0.08656092 -0.06217643 0.16448784 226 215 80 0.000000
0.08034319 -0.06391844 0.16430683 245 233 89 0.000000
0.08124269 -0.06307253 0.16428739 229 220 81 0.000000
0.08625975 -0.05214979 0.16491067 232 221 78 0.000000
0.08056524 -0.05904367 0.16445252 238 229 86 0.000000
0.08464552 -0.05409100 0.16436015 233 225 94 0.000000
0.07858894 -0.06608053 0.16419615 248 238 91 0.000000
0.08569109 -0.06817542 0.16429520 232 221 81 0.000000
0.08527789 -0.05346924 0.16453108 246 239 105 0.000000
0.08809457 -0.06787620 0.16445227 237 226 81 0.000000
0.08747887 -0.05858603 0.16474257 232 221 81 0.000000
0.08529285 -0.06019786 0.16427958 209 200 74 0.000000
0.08671357 -0.05892343 0.16459872 221 213 75 0.000000
0.08170322 -0.05722248 0.16445084 234 223 84 0.000000
0.08441139 -0.06066449 0.16427353 219 208 83 0.000000
0.08358813 -0.05486059 0.16436654 234 223 85 0.000000
0.08785214 -0.06076583 0.16466701 237 228 83 0.000000
0.08792576 -0.06673994 0.16448119 219 210 78 0.000000
0.08470615 -0.05348799 0.16452099 239 230 90 0.000000
0.08703648 -0.06679284 0.16444382 250 235 88 0.000000
0.08424116 -0.05181094 0.16483220 219 211 78 0.000000
0.09271709 -0.06172177 0.16482985 222 218 79 0.000000
0.09100527 -0.06202498 0.16468658 235 226 81 0.000000
0.07921806 -0.06483179 0.16427673 245 236 91 0.000000
0.09023561 -0.05850506 0.16498743 224 214 75 0.000000
0.07822021 -0.06525676 0.16424017 249 238 92 0.000000
0.09165750 -0.06544073 0.16477156 224 215 77 0.000000
0.08605132 -0.06135409 0.16446224 227 215 75 0.000000
0.07885635 -0.06505986 0.16425852 246 237 96 0.000000
0.07979207 -0.05655084 0.16457710 246 236 95 0.000000
0.08326610 -0.05419298 0.16449295 228 218 79 0.000000
0.08391859 -0.06208930 0.16433892 242 231 88 0.000000
0.08690257 -0.05776167 0.16466805 223 214 77 0.000000
0.07984006 -0.05371933 0.16474727 209 200 71 0.000000
0.07674113 -0.06526811 0.16421995 243 232 87 0.000000
0.08316927 -0.07020535 0.16408235 233 225 83 0.000000
0.08148443 -0.05118594 0.16495052 223 212 77 0.000000
0.08293460 -0.05953433 0.16423377 218 211 75 0.000000
0.08930191 -0.06397673 0.16462682 224 217 79 0.000000
0.07992890 -0.05191890 0.16493164 228 219 79 0.000000
0.08682621 -0.05946580 0.16458955 221 215 76 0.000000
0.08891527 -0.05530932 0.16498567 227 215 79 0.000000
0.08320400 -0.05215138 0.16475190 204 200 70 0.000000
0.07908738 -0.05163474 0.16500294 231 219 78 0.000000
0.08774730 -0.05539937 0.16480181 235 223 77 0.000000
0.09208136 -0.05834751 0.16504477 238 227 85 0.000000
0.08987487 -0.05679145 0.16504596 222 212 73 0.000000
0.09070902 -0.05818284 0.16501960 227 214 75 0.000000
0.08936128 -0.05494562 0.16507864 223 214 80 0.000000
0.07769629 -0.06155679 0.16444567 253 243 100 0.000000
0.08249404 -0.05180567 0.16484030 197 188 64 0.000000
0.08642753 -0.05787205 0.16454794 229 218 75 0.000000
0.08742431 -0.06744781 0.16444187 243 233 86 0.000000
0.08415242 -0.05631211 0.16425069 220 213 79 0.000000
0.08806432 -0.05404598 0.16489841 224 214 75 0.000000
0.07936355 -0.05931877 0.16447507 250 241 92 0.000000
0.08153987 -0.05794573 0.16444097 239 228 85 0.000000
0.08318443 -0.05668382 0.16431507 241 231 84 0.000000
0.08836116 -0.05621048 0.16491564 218 210 76 0.000000
0.08436511 -0.05579250 0.16415645 232 226 88 0.000000
0.08535127 -0.05963684 0.16416244 215 205 74 0.000000
0.09030398 -0.06516083 0.16465329 219 208 68 0.000000
0.08426875 -0.05931443 0.16404045 233 225 94 0.000000
0.08383533 -0.05841009 0.16412961 237 228 88 0.000000
0.08627837 -0.05870850 0.16450958 225 212 71 0.000000
0.08930161 -0.05431593 0.16509902 227 215 78 0.000000
0.08703931 -0.05825944 0.16468662 227 216 79 0.000000
0.08700030 -0.05628996 0.16464779 213 205 74 0.000000
0.08769348 -0.05443683 0.16481879 222 211 75 0.000000
0.07879458 -0.06950554 0.16405278 224 214 87 0.000000
0.08441639 -0.05803697 0.16411923 239 232 92 0.000000
0.08566643 -0.05741243 0.16444439 223 214 75 0.000000
0.08494688 -0.05363881 0.16447590 243 233 98 0.000000
0.08704088 -0.05226042 0.16496380 223 213 72 0.000000
0.08344286 -0.06271110 0.16432475 244 233 91 0.000000
0.07653697 -0.05872977 0.16460674 248 238 93 0.000000
0.07730372 -0.05825979 0.16457777 246 235 89 0.000000
0.07589854 -0.06058914 0.16450661 236 226 82 0.000000
0.07872918 -0.05631418 0.16460378 239 229 88 0.000000
0.08769915 -0.05307231 0.16493836 220 212 72 0.000000
0.08234411 -0.05920881 0.16426492 212 202 70 0.000000
0.08581593 -0.05803781 0.16436328 216 206 77 0.000000
0.08497620 -0.05811326 0.16413908 238 230 91 0.000000
0.07973673 -0.05314624 0.16480853 235 223 77 0.000000
0.08761348 -0.05651784 0.16475481 220 209 75 0.000000
0.07638051 -0.05474223 0.16478518 244 235 89 0.000000
0.07928038 -0.05288994 0.16487052 227 219 80 0.000000
0.07525050 -0.05545463 0.16475818 231 222 78 0.000000
0.08287012 -0.05286862 0.16461962 208 199 72 0.000000
0.07938640 -0.05222595 0.16493328 225 213 75 0.000000
0.09156242 -0.06392206 0.16471080 215 206 77 0.000000
0.07552318 -0.05400381 0.16485032 244 235 89 0.000000
0.08213407 -0.05827169 0.16430870 216 207 69 0.000000
0.07757121 -0.06012625 0.16450220 252 242 96 0.000000
0.08011806 -0.06341180 0.16432850 247 235 89 0.000000
0.07925902 -0.06569190 0.16423054 244 234 89 0.000000
0.07461356 -0.06148006 0.16445012 247 237 89 0.000000
0.08412451 -0.06019756 0.16424030 223 216 88 0.000000
0.08527954 -0.05781290 0.16431887 225 215 80 0.000000
0.08003896 -0.05765978 0.16454448 240 230 84 0.000000
0.07513143 -0.06626461 0.16413547 243 231 87 0.000000
0.08546218 -0.05623920 0.16437590 221 215 78 0.000000
0.08376803 -0.05087925 0.16501367 236 225 84 0.000000
0.07769689 -0.06481757 0.16426402 249 240 93 0.000000
0.08458163 -0.05755161 0.16430826 232 220 76 0.000000
0.08796464 -0.06301975 0.16456471 222 212 74 0.000000
0.08876004 -0.06574761 0.16452497 232 222 83 0.000000
0.07779713 -0.05467436 0.16476339 227 217 78 0.000000
0.08650776 -0.05606488 0.16445452 212 207 75 0.000000
0.09041423 -0.06368775 0.16458037 218 209 86 0.000000
0.07874566 -0.06387056 0.16430821 229 223 84 0.000000
0.08175338 -0.05138578 0.16491112 218 206 71 0.000000
0.08791729 -0.05204227 0.16508873 208 198 72 0.000000
0.08876461 -0.05354606 0.16505301 226 215 79 0.000000
0.08472445 -0.05843544 0.16395776 245 236 96 0.000000
0.09269602 -0.06379651 0.16483700 224 213 77 0.000000
0.09239328 -0.06395143 0.16480517 223 212 77 0.000000
0.09055683 -0.06612998 0.16472185 233 225 85 0.000000
0.09120084 -0.06542370 0.16472489 232 220 80 0.000000
0.09351698 -0.06120685 0.16486064 233 222 74 0.000000
0.09001628 -0.06650302 0.16466819 235 226 84 0.000000
0.09096055 -0.06480321 0.16467622 218 207 74 0.000000
0.09295715 -0.06132382 0.16485754 233 221 80 0.000000
0.08936969 -0.06682421 0.16459532 231 221 83 0.000000
0.09305536 -0.06035572 0.16490926 229 219 77 0.000000
0.08841288 -0.06776565 0.16447619 233 224 82 0.000000
0.08867976 -0.06687954 0.16451791 215 208 74 0.000000
0.08954214 -0.06538691 0.16465032 242 228 83 0.000000
0.09256174 -0.06062984 0.16486634 219 211 75 0.000000
0.08787397 -0.06798606 0.16443329 242 229 88 0.000000
0.09055328 -0.06329611 0.16462697 229 220 86 0.000000
0.09005391 -0.06460190 0.16464040 205 199 73 0.000000
0.09173649 -0.06137739 0.16478176 235 223 82 0.000000
0.09206536 -0.06106213 0.16482064 237 225 86 0.000000
0.09025135 -0.06404563 0.16461821 208 198 73 0.000000
0.08838872 -0.06827229 0.16445944 240 230 84 0.000000
0.09272219 -0.05930114 0.16497932 236 224 81 0.000000
0.08860149 -0.06605377 0.16452055 233 222 80 0.000000
0.08898921 -0.06535141 0.16460256 237 225 82 0.000000
0.09228190 -0.05995138 0.16492823 226 217 76 0.000000
0.08704558 -0.06843318 0.16437051 241 232 89 0.000000
0.08812413 -0.06626090 0.16449070 224 216 77 0.000000
0.09202873 -0.05886500 0.16500115 236 226 82 0.000000
0.09266749 -0.05899769 0.16498938 240 227 87 0.000000
0.08996330 -0.06586945 0.16467632 238 223 82 0.000000
0.09191291 -0.06028353 0.16488920 238 227 81 0.000000
0.08749546 -0.06653684 0.16446954 222 216 79 0.000000
0.09160145 -0.05903010 0.16497867 220 212 77 0.000000
0.08749731 -0.06705529 0.16446665 229 222 87 0.000000
0.08702099 -0.06745502 0.16442481 247 239 93 0.000000
0.09160099 -0.06426954 0.16471781 214 206 73 0.000000
0.08604633 -0.06915707 0.16426915 238 227 87 0.000000
0.08941955 -0.06578331 0.16463879 237 227 84 0.000000
0.09390000 -0.06184110 0.16492832 230 220 77 0.000000
0.08619744 -0.06842387 0.16432625 238 227 87 0.000000
0.09095167 -0.06088076 0.16481951 243 232 86 0.000000
0.09148303 -0.06487093 0.16473426 221 210 74 0.000000
0.08741660 -0.06800108 0.16441108 244 235 89 0.000000
0.09110031 -0.06038844 0.16486318 242 233 88 0.000000
0.08552501 -0.06966239 0.16421399 242 230 84 0.000000
0.09357751 -0.06217320 0.16492367 232 222 84 0.000000
0.08651599 -0.06773618 0.16438709 237 226 82 0.000000
0.08840179 -0.06447868 0.16459450 242 231 89 0.000000
0.08502289 -0.06953205 0.16418688 245 231 87 0.000000
0.09156100 -0.05719029 0.16511035 233 225 79 0.000000
0.09141916 -0.05969602 0.16492623 239 227 85 0.000000
0.08872696 -0.06394506 0.16463496 234 225 82 0.000000
0.08597808 -0.06784484 0.16434526 235 224 80 0.000000
0.09327675 -0.06306867 0.16490863 231 222 82 0.000000
0.08896916 -0.06348254 0.16464925 233 224 80 0.000000
0.08461169 -0.06996798 0.16415286 241 229 87 0.000000
0.08535069 -0.06858569 0.16426477 238 227 83 0.000000
0.09315664 -0.06261649 0.16488661 233 224 84 0.000000
0.09051727 -0.06028192 0.16487309 242 230 87 0.000000
0.08739480 -0.06509390 0.16447285 224 214 76 0.000000
0.08415483 -0.07023840 0.16411740 231 222 80 0.000000
0.09068665 -0.05970915 0.16491286 231 221 80 0.000000
0.08567228 -0.06876829 0.16426873 238 226 83 0.000000
0.09163752 -0.05829935 0.16503948 222 215 78 0.000000
0.08776617 -0.06441199 0.16451986 229 220 79 0.000000
0.08692931 -0.06543276 0.16444951 229 218 82 0.000000
0.08360796 -0.07038137 0.16409345 226 218 83 0.000000
0.08623564 -0.06638972 0.16442531 232 226 82 0.000000
0.08656766 -0.06576928 0.16444030 223 215 81 0.000000
0.09080582 -0.05623638 0.16515043 241 230 84 0.000000
0.08462603 -0.06867230 0.16422249 223 215 75 0.000000
0.08582113 -0.06682103 0.16438371 246 236 90 0.000000
0.09119059 -0.05838773 0.16501842 218 209 72 0.000000
0.08411854 -0.06903450 0.16418606 223 212 76 0.000000
0.08382002 -0.06958288 0.16413610 226 217 75 0.000000
0.09066587 -0.05874562 0.16498062 228 218 78 0.000000
0.09012808 -0.05954563 0.16491862 243 233 89 0.000000
0.08522577 -0.06714239 0.16432360 249 238 95 0.000000
0.08641269 -0.06729010 0.16439898 241 230 85 0.000000
0.08444498 -0.06931036 0.16418131 223 216 78 0.000000
0.09039851 -0.05667127 0.16510664 232 223 84 0.000000
0.08985040 -0.06007411 0.16488114 241 231 84 0.000000
0.08342974 -0.06987289 0.16410384 221 214 80 0.000000
0.08938790 -0.06044112 0.16483174 245 235 90 0.000000
0.09021374 -0.05910802 0.16494891 234 224 84 0.000000
0.08507784 -0.06815663 0.16426331 236 226 82 0.000000
0.08306929 -0.06963971 0.16410284 236 224 85 0.000000
0.09201156 -0.06304312 0.16474833 222 213 80 0.000000
0.09106796 -0.05744792 0.16507903 226 215 76 0.000000
0.08438341 -0.06784197 0.16424216 233 223 82 0.000000
0.08485402 -0.06747112 0.16427961 246 236 91 0.000000
0.08269526 -0.06995141 0.16406703 239 228 85 0.000000
0.08247835 -0.07038518 0.16404535 248 236 94 0.000000
0.09066284 -0.05775211 0.16503370 218 209 74 0.000000
0.09187756 -0.06197840 0.16475941 236 226 87 0.000000
0.08879506 -0.05945592 0.16487557 248 237 96 0.000000
0.09168543 -0.06275906 0.16470130 228 221 87 0.000000
0.08383309 -0.06800763 0.16421627 246 234 87 0.000000
0.08952659 -0.06350636 0.16463581 219 212 77 0.000000
0.08193085 -0.07036529 0.16403908 240 232 90 0.000000
0.08675183 -0.06338509 0.16449004 225 219 80 0.000000
0.08352891 -0.06847048 0.16418329 245 233 89 0.000000
0.08944246 -0.05909329 0.16494080 244 234 90 0.000000
0.08943304 -0.06306414 0.16464999 229 220 80 0.000000
0.09012610 -0.05796225 0.16500124 217 206 75 0.000000
0.08526876 -0.06557834 0.16436356 234 224 81 0.000000
0.08971937 -0.05582891 0.16510402 232 221 80 0.000000
0.08641417 -0.06374466 0.16446456 231 221 82 0.000000
0.08962396 -0.05849656 0.16497307 234 221 81 0.000000
0.08880732 -0.05988786 0.16483459 247 238 93 0.000000
0.08999405 -0.05519807 0.16514839 222 212 76 0.000000
0.08825652 -0.06081595 0.16466697 238 226 85 0.000000
0.08322034 -0.06884607 0.16415605 246 235 91 0.000000
0.08659400 -0.06501530 0.16444407 230 221 81 0.000000
0.08486029 -0.06594773 0.16432603 234 223 82 0.000000
0.08749695 -0.06162794 0.16460574 227 218 76 0.000000
0.08895887 -0.06096245 0.16474713 238 228 84 0.000000
0.08826020 -0.05966388 0.16477089 240 230 89 0.000000
0.08281070 -0.06903632 0.16413109 243 232 88 0.000000
0.08462694 -0.06628862 0.16430523 239 227 85 0.000000
0.08916554 -0.05619405 0.16503046 216 207 76 0.000000
0.08236779 -0.06940553 0.16409720 239 228 84 0.000000
0.08688950 -0.06279864 0.16450086 226 217 78 0.000000
0.08304811 -0.06838789 0.16416062 241 230 86 0.000000
0.08585751 -0.06398464 0.16444299 238 226 84 0.000000
0.08411299 -0.06667156 0.16427584 242 234 87 0.000000
0.08506016 -0.06481933 0.16437088 240 232 92 0.000000
0.08201998 -0.06970447 0.16406597 231 223 83 0.000000
0.08590078 -0.06540929 0.16441084 238 228 86 0.000000
0.08114426 -0.07040413 0.16402441 231 219 81 0.000000
0.08866022 -0.06492055 0.16459209 244 231 90 0.000000
0.08542305 -0.06439700 0.16441670 243 233 89 0.000000
0.08234062 -0.06891509 0.16412072 246 233 86 0.000000
0.08772104 -0.05977358 0.16470939 244 233 89 0.000000
0.08985925 -0.05715203 0.16503708 215 206 76 0.000000
0.08154258 -0.07000342 0.16404234 237 225 82 0.000000
0.08176752 -0.06920649 0.16409189 228 217 81 0.000000
0.08972335 -0.05401538 0.16517700 224 213 78 0.000000
0.08791441 -0.05913363 0.16478322 234 225 85 0.000000
0.08360698 -0.06687279 0.16424821 235 223 82 0.000000
0.08957684 -0.05759671 0.16500700 225 213 78 0.000000
0.09064199 -0.06170553 0.16471539 224 220 82 0.000000
0.08787223 -0.06130856 0.16464800 232 221 80 0.000000
0.08734621 -0.06008006 0.16463520 241 231 88 0.000000
0.08886693 -0.05832350 0.16494554 248 238 90 0.000000
0.08130319 -0.06946183 0.16406655 239 228 86 0.000000
0.08277071 -0.06747004 0.16419528 243 232 90 0.000000
0.08851491 -0.05871550 0.16489603 244 235 93 0.000000
0.08305266 -0.06720216 0.16419889 244 234 92 0.000000
0.08239441 -0.06833624 0.16413698 239 228 86 0.000000
0.08101454 -0.06974076 0.16404365 236 224 83 0.000000
0.08910935 -0.05750081 0.16497068 233 222 83 0.000000
0.08865230 -0.05594483 0.16497257 221 212 77 0.000000
0.08796337 -0.06562033 0.16448803 229 219 74 0.000000
0.08005726 -0.07031966 0.16402870 234 223 82 0.000000
0.08054635 -0.07010290 0.16403936 236 225 84 0.000000
0.08690314 -0.06065121 0.16458590 238 227 84 0.000000
0.08733068 -0.06050408 0.16462626 242 231 86 0.000000
0.08550172 -0.06293534 0.16441271 222 215 76 0.000000
0.08422627 -0.06482881 0.16432056 233 222 81 0.000000
0.08119591 -0.06894533 0.16409364 248 237 95 0.000000
0.08910841 -0.05410745 0.16507800 229 217 77 0.000000
0.08214826 -0.06758653 0.16418076 245 233 89 0.000000
0.08567940 -0.06227433 0.16442703 229 216 79 0.000000
0.08838794 -0.05546044 0.16492213 222 214 74 0.000000
0.08377679 -0.06511962 0.16427951 237 227 86 0.000000
0.08735775 -0.06100372 0.16462830 241 229 85 0.000000
0.08075903 -0.06924886 0.16405226 244 232 90 0.000000
0.08483104 -0.06915051 0.16420449 236 226 80 0.000000
0.08916177 -0.05665061 0.16499376 211 203 72 0.000000
0.08323647 -0.06579760 0.16426702 249 238 96 0.000000
0.08180314 -0.06802940 0.16415016 249 236 92 0.000000
0.08680108 -0.06010182 0.16455051 232 223 84 0.000000
0.08485325 -0.06304822 0.16436477 232 222 82 0.000000
0.08683938 -0.06118100 0.16457026 232 222 79 0.000000
0.08862026 -0.05696994 0.16493145 215 207 76 0.000000
0.07979789 -0.06982937 0.16404434 240 225 87 0.000000
0.08273702 -0.06610981 0.16424158 248 237 92 0.000000
0.08831702 -0.05742658 0.16489306 225 217 77 0.000000
0.08137088 -0.06826439 0.16413926 248 238 91 0.000000
0.08646233 -0.06148907 0.16450417 228 219 78 0.000000
0.08139206 -0.06770900 0.16415240 245 235 87 0.000000
0.08960115 -0.05545770 0.16508646 225 216 81 0.000000
0.08857270 -0.05411633 0.16499630 222 212 79 0.000000
0.07933345 -0.07018215 0.16402081 235 222 87 0.000000
0.08433262 -0.06973664 0.16415147 231 221 80 0.000000
0.08805477 -0.05841443 0.16484199 236 227 85 0.000000
0.08911341 -0.05577107 0.16502428 209 202 78 0.000000
0.08716344 -0.05905622 0.16467224 217 207 76 0.000000
0.08512064 -0.06421679 0.16439326 246 234 88 0.000000
0.08827110 -0.05793008 0.16488281 239 229 87 0.000000
0.08063930 -0.06858411 0.16407779 248 236 91 0.000000
0.08752211 -0.06270473 0.16455767 230 218 77 0.000000
0.08221640 -0.06644264 0.16421324 249 239 93 0.000000
0.08614157 -0.05956090 0.16447142 213 206 73 0.000000
0.08850690 -0.05320287 0.16506432 223 213 72 0.000000
0.07882294 -0.07028352 0.16400602 232 220 84 0.000000
0.08640877 -0.05921878 0.16453354 214 207 71 0.000000
0.08822919 -0.05459132 0.16492151 219 211 76 0.000000
0.08760707 -0.05807013 0.16477375 228 217 82 0.000000
0.08004833 -0.06926506 0.16405731 240 227 83 0.000000
0.08186703 -0.06682371 0.16421190 244 234 87 0.000000
0.08183351 -0.06731727 0.16417642 245 234 90 0.000000
0.08093126 -0.06797595 0.16411920 244 233 91 0.000000
0.08667196 -0.05846224 0.16462556 233 219 77 0.000000
0.08780374 -0.05500020 0.16482612 231 220 75 0.000000
0.08823326 -0.05181468 0.16516109 225 216 75 0.000000
0.08151800 -0.06707437 0.16418047 244 234 86 0.000000
0.08006305 -0.06852568 0.16407599 243 231 86 0.000000
0.08109133 -0.06734119 0.16415997 242 230 83 0.000000
0.08294863 -0.06510616 0.16426755 239 230 89 0.000000
0.08265278 -0.06558619 0.16424508 248 239 91 0.000000
0.08336583 -0.06378310 0.16431722 233 224 80 0.000000
0.08439103 -0.06215298 0.16435549 238 230 88 0.000000
0.08822372 -0.05280851 0.16506423 216 207 71 0.000000
0.08820155 -0.05595426 0.16489126 223 214 77 0.000000
0.08042029 -0.06816024 0.16408843 244 234 85 0.000000
0.08365767 -0.06910497 0.16416022 239 229 87 0.000000
0.08574148 -0.05973018 0.16437386 211 201 69 0.000000
0.07920779 -0.06907087 0.16407526 212 200 86 0.000000
0.08394869 -0.06258474 0.16435206 238 228 87 0.000000
0.08442537 -0.06357665 0.16433953 235 224 79 0.000000
0.08589480 -0.05856301 0.16437507 203 196 68 0.000000
0.08090972 -0.06697945 0.16416566 242 232 90 0.000000
0.08338386 -0.06325211 0.16432430 236 227 85 0.000000
0.08234933 -0.06496605 0.16426398 239 229 90 0.000000
0.08273709 -0.06415077 0.16429603 232 222 82 0.000000
0.08042259 -0.06731273 0.16413517 238 226 87 0.000000
0.08792640 -0.05117309 0.16522576 223 213 78 0.000000
0.08771957 -0.05339387 0.16490223 220 212 73 0.000000
0.08188585 -0.06520531 0.16425225 243 232 89 0.000000
0.07866067 -0.06932316 0.16405179 229 218 87 0.000000
0.08473203 -0.06033683 0.16427127 214 206 79 0.000000
0.08562367 -0.06064740 0.16437523 219 208 70 0.000000
0.07845991 -0.06975017 0.16402599 237 225 86 0.000000
0.08366133 -0.06738913 0.16422905 246 235 88 0.000000
0.08393866 -0.06371357 0.16432068 240 228 82 0.000000
0.08766869 -0.05589017 0.16476803 225 215 76 0.000000
0.08331016 -0.06432676 0.16430469 240 229 87 0.000000
0.07968385 -0.06858215 0.16407982 239 228 88 0.000000
0.08155469 -0.06559428 0.16423178 245 235 90 0.000000
0.08421459 -0.06160399 0.16430715 224 218 81 0.000000
0.08120913 -0.06655101 0.16419657 249 239 93 0.000000
0.08109367 -0.06606800 0.16421214 246 236 90 0.000000
0.07921521 -0.06842654 0.16407704 228 219 86 0.000000
0.08287281 -0.06353682 0.16430195 231 222 79 0.000000
0.07784669 -0.06963892 0.16401710 229 219 83 0.000000
0.08512352 -0.06080501 0.16434862 209 202 72 0.000000
0.07712466 -0.07002312 0.16399451 215 204 90 0.000000
0.08325808 -0.06785924 0.16419490 241 231 91 0.000000
0.08741193 -0.05135793 0.16514747 226 217 77 0.000000
0.07948036 -0.06796915 0.16409820 245 234 89 0.000000
0.08577629 -0.06940527 0.16422088 242 229 85 0.000000
0.08062326 -0.06630794 0.16418812 243 232 90 0.000000
0.08706311 -0.05350061 0.16478877 229 220 80 0.000000
0.08216310 -0.06440265 0.16428256 235 226 83 0.000000
0.07996381 -0.06725136 0.16411923 245 235 90 0.000000
0.08096365 -0.06562606 0.16422972 242 231 88 0.000000
0.08464064 -0.05960878 0.16407302 230 221 92 0.000000
0.08729870 -0.06873580 0.16435188 241 231 88 0.000000
0.08653470 -0.05438079 0.16460125 235 229 99 0.000000
0.08443733 -0.05987686 0.16418011 221 214 86 0.000000
0.08385789 -0.06052047 0.16415860 225 215 87 0.000000
0.08341872 -0.06222488 0.16431090 245 233 89 0.000000
0.08244599 -0.06314594 0.16431518 244 233 88 0.000000
0.08668812 -0.06865598 0.16433461 242 231 90 0.000000
0.08522483 -0.06139320 0.16439392 221 212 76 0.000000
0.08652773 -0.05384138 0.16469468 242 233 96 0.000000
0.08717368 -0.05046860 0.16526239 224 215 80 0.000000
0.08284228 -0.06274311 0.16431235 237 228 85 0.000000
0.08708994 -0.05538924 0.16464858 225 211 68 0.000000
0.07956824 -0.06746937 0.16410640 245 232 89 0.000000
0.08765325 -0.05052790 0.16527292 219 211 76 0.000000
0.08279423 -0.06213063 0.16427064 237 225 83 0.000000
0.08562557 -0.05937324 0.16430908 206 197 67 0.000000
0.08011033 -0.06635324 0.16417558 240 232 87 0.000000
0.08489624 -0.05782914 0.16424935 232 224 85 0.000000
0.08598609 -0.05692374 0.16449068 242 232 89 0.000000
0.08190549 -0.06332406 0.16430539 246 234 88 0.000000
0.07917942 -0.06716223 0.16410376 245 234 90 0.000000
0.08295667 -0.06168254 0.16423887 223 218 82 0.000000
0.07666826 -0.06947007 0.16403051 213 204 92 0.000000
0.07766612 -0.06898739 0.16403487 224 211 84 0.000000
0.08593321 -0.05911274 0.16442734 204 197 73 0.000000
0.07901255 -0.06766705 0.16409844 242 230 87 0.000000
0.08149219 -0.06403744 0.16428623 238 229 86 0.000000
0.07822014 -0.06811216 0.16405779 235 224 95 0.000000
0.08684144 -0.05092620 0.16516364 219 212 74 0.000000
0.07964737 -0.06655370 0.16416104 245 234 90 0.000000
0.08404675 -0.06096933 0.16418180 215 208 80 0.000000
0.07719873 -0.06943090 0.16402568 206 197 94 0.000000
0.08241519 -0.06369816 0.16430415 235 226 81 0.000000
0.08737540 -0.05474675 0.16473478 222 214 75 0.000000
0.08698670 -0.05174362 0.16504376 212 205 76 0.000000
0.08023944 -0.06567933 0.16421628 246 236 93 0.000000
0.08309124 -0.06117213 0.16419680 218 211 83 0.000000
0.08066008 -0.06497777 0.16426001 244 234 90 0.000000
0.08396880 -0.05972114 0.16418797 225 218 89 0.000000
0.08659945 -0.05249127 0.16488004 226 218 74 0.000000
0.07846342 -0.06758252 0.16407168 243 231 90 0.000000
0.08100411 -0.06432163 0.16427949 240 230 87 0.000000
0.08754896 -0.05389337 0.16481383 220 214 81 0.000000
0.07874426 -0.06877094 0.16406097 220 210 87 0.000000
0.08353820 -0.06000156 0.16418710 224 218 87 0.000000
0.08703215 -0.06793597 0.16440135 248 235 92 0.000000
0.08241244 -0.06718635 0.16420017 243 234 93 0.000000
0.07695498 -0.06905358 0.16403440 212 201 87 0.000000
0.08978006 -0.06701563 0.16459993 233 223 80 0.000000
0.08330543 -0.06060426 0.16418105 222 212 84 0.000000
0.07762771 -0.06828153 0.16404428 234 221 87 0.000000
0.07960670 -0.06587095 0.16420121 244 234 88 0.000000
0.08198554 -0.06388614 0.16429110 243 231 89 0.000000
0.08580111 -0.05652502 0.16445677 229 221 82 0.000000
0.07912680 -0.06673621 0.16414757 250 238 95 0.000000
0.08022629 -0.06505695 0.16425499 248 238 90 0.000000
0.08287694 -0.06079541 0.16416176 218 212 82 0.000000
0.07710744 -0.06852587 0.16404308 229 216 83 0.000000
0.08671147 -0.05029232 0.16524251 228 217 79 0.000000
0.08297105 -0.06030120 0.16418861 219 212 81 0.000000
0.08369718 -0.05932460 0.16416846 230 221 88 0.000000
0.07907072 -0.06611411 0.16419491 247 238 94 0.000000
0.08610120 -0.05115658 0.16506615 224 215 75 0.000000
0.08792366 -0.05559938 0.16483428 232 220 81 0.000000
0.08654888 -0.05142017 0.16505772 218 212 72 0.000000
0.08178874 -0.06216534 0.16433154 223 215 81 0.000000
0.08481595 -0.06182850 0.16437414 238 226 84 0.000000
0.08598555 -0.05266858 0.16479324 241 232 89 0.000000
0.07861333 -0.06651752 0.16416200 248 238 91 0.000000
0.08625896 -0.05003000 0.16524324 230 218 80 0.000000
0.08164561 -0.06279655 0.16431433 237 227 83 0.000000
0.08249630 -0.06176082 0.16425534 216 208 74 0.000000
0.08202818 -0.06168747 0.16429040 202 196 73 0.000000
0.08738437 -0.05084509 0.16523090 230 219 76 0.000000
0.08397090 -0.05886904 0.16408385 236 228 96 0.000000
0.08398478 -0.05789999 0.16428156 232 225 83 0.000000
0.07861188 -0.06708790 0.16410749 248 235 92 0.000000
0.08084974 -0.06320000 0.16430643 217 213 77 0.000000
0.08319532 -0.05966085 0.16422132 223 215 80 0.000000
0.08244240 -0.06037223 0.16427459 207 201 74 0.000000
0.08441623 -0.06271739 0.16435610 228 221 81 0.000000
0.08133160 -0.06249486 0.16431463 226 217 78 0.000000
0.08637951 -0.05058124 0.16516532 231 219 81 0.000000
0.07670372 -0.06858087 0.16405487 218 208 84 0.000000
0.08624224 -0.05483864 0.16448738 238 228 97 0.000000
0.08220447 -0.06263838 0.16430758 238 229 83 0.000000
0.08267397 -0.05989429 0.16425982 211 204 73 0.000000
0.07807206 -0.06676998 0.16411996 244 235 90 0.000000
0.08213429 -0.06112487 0.16425115 208 200 70 0.000000
0.08323344 -0.05856772 0.16425453 229 220 76 0.000000
0.07799322 -0.06738798 0.16407283 243 234 89 0.000000
0.08328510 -0.05913460 0.16422041 226 218 81 0.000000
0.07764188 -0.06710090 0.16408317 244 235 89 0.000000
0.07935337 -0.06530727 0.16424781 245 235 93 0.000000
0.08644402 -0.06092404 0.16452970 230 219 82 0.000000
0.07541273 -0.06941244 0.16399048 214 203 78 0.000000
0.08590540 -0.05181490 0.16493590 230 221 76 0.000000
0.07632565 -0.06893201 0.16404626 221 209 88 0.000000
0.08582684 -0.05048884 0.16515642 233 220 79 0.000000
0.08360428 -0.05812111 0.16430548 229 221 81 0.000000
0.07605973 -0.06930741 0.16402452 221 211 82 0.000000
0.08046556 -0.06350350 0.16431768 237 229 86 0.000000
0.08833219 -0.06672239 0.16449822 222 210 75 0.000000
0.08361323 -0.05760297 0.16439931 230 222 79 0.000000
0.07994337 -0.06423043 0.16429639 244 235 91 0.000000
0.08544128 -0.05301971 0.16466567 245 236 99 0.000000
0.07726026 -0.06747150 0.16406086 238 227 86 0.000000
0.07697145 -0.06797158 0.16405544 229 218 84 0.000000
0.07609764 -0.06846873 0.16405427 211 202 89 0.000000
0.08688288 -0.05052314 0.16524048 227 216 82 0.000000
0.08547967 -0.05136857 0.16498341 217 208 71 0.000000
0.07648136 -0.06821680 0.16405554 226 214 83 0.000000
0.08488901 -0.05749725 0.16435587 227 218 81 0.000000
0.07955641 -0.06465202 0.16427873 245 233 91 0.000000
0.08612291 -0.05411677 0.16456029 247 238 107 0.000000
0.07983737 -0.06493547 0.16426612 246 237 92 0.000000
0.08590794 -0.06616419 0.16439319 242 233 85 0.000000
0.08364950 -0.05697824 0.16440560 240 232 83 0.000000
0.07871811 -0.06553927 0.16422211 245 236 95 0.000000
0.08918665 -0.06593600 0.16459629 232 221 83 0.000000
0.07490275 -0.06932512 0.16396749 226 214 82 0.000000
0.08568073 -0.04992480 0.16525847 238 226 85 0.000000
0.08561035 -0.05099350 0.16506946 229 218 71 0.000000
0.08133940 -0.06159728 0.16435058 227 219 75 0.000000
0.08213477 -0.05992549 0.16435379 203 196 66 0.000000
0.07664166 -0.06757007 0.16405775 238 225 92 0.000000
0.07451273 -0.06969167 0.16391245 224 213 84 0.000000
0.07829724 -0.06624666 0.16417007 247 237 91 0.000000
0.08273084 -0.05901816 0.16427353 217 210 73 0.000000
0.07489916 -0.06999302 0.16390821 230 218 87 0.000000
0.07814329 -0.06569045 0.16421241 248 239 91 0.000000
0.08169787 -0.06465703 0.16427206 238 228 84 0.000000
0.08103861 -0.06219357 0.16433823 223 215 72 0.000000
0.07756244 -0.06784005 0.16404764 240 228 87 0.000000
0.08420923 -0.05492097 0.16425811 229 223 89 0.000000
0.08368170 -0.05632370 0.16435540 224 217 80 0.000000
0.08280195 -0.05834937 0.16429804 222 214 71 0.000000
0.08467374 -0.05660589 0.16437092 225 219 82 0.000000
0.08034916 -0.06251256 0.16434366 216 207 73 0.000000
0.08539017 -0.05674956 0.16445376 229 222 81 0.000000
0.08519977 -0.05179134 0.16488385 219 210 70 0.000000
0.07716237 -0.06659441 0.16411361 246 235 94 0.000000
0.08537471 -0.05044491 0.16516851 226 216 73 0.000000
0.08515966 -0.05228469 0.16479918 232 223 81 0.000000
0.08319426 -0.05807411 0.16433989 225 218 73 0.000000
0.07992103 -0.06303903 0.16434501 242 230 81 0.000000
0.08372743 -0.06154088 0.16426747 223 215 83 0.000000
0.08040193 -0.06196173 0.16435786 227 216 76 0.000000
0.08481481 -0.05113078 0.16500306 227 216 78 0.000000
0.07668369 -0.06689166 0.16407710 237 227 94 0.000000
0.07573729 -0.06809641 0.16404381 227 218 93 0.000000
0.07927188 -0.06357722 0.16432114 247 237 92 0.000000
0.08467871 -0.05257162 0.16472548 240 228 88 0.000000
0.07888132 -0.06449740 0.16428968 235 227 87 0.000000
0.07924630 -0.06409954 0.16430902 242 232 89 0.000000
0.07847480 -0.06485750 0.16426992 245 237 93 0.000000
0.08077337 -0.06151455 0.16436815 233 225 81 0.000000
0.08632256 -0.06895739 0.16430099 240 229 87 0.000000
0.07948107 -0.06314930 0.16434303 246 237 92 0.000000
0.08161721 -0.05959515 0.16442339 219 210 72 0.000000
0.08479691 -0.05031417 0.16517189 221 212 77 0.000000
0.08309734 -0.05756743 0.16439663 228 221 78 0.000000
0.08367466 -0.05525189 0.16434553 229 222 86 0.000000
0.07409679 -0.06954104 0.16390264 223 214 83 0.000000
0.08408521 -0.05400881 0.16443610 223 216 80 0.000000
0.07528943 -0.06837763 0.16402328 231 219 81 0.000000
0.07580533 -0.06743316 0.16405436 235 225 91 0.000000
0.07800902 -0.06515696 0.16424705 250 239 95 0.000000
0.08470052 -0.05162136 0.16490538 219 209 75 0.000000
0.07611451 -0.06704328 0.16406642 230 220 97 0.000000
0.07422438 -0.06892250 0.16395746 229 221 88 0.000000
0.07499781 -0.06886305 0.16399975 224 214 85 0.000000
0.08367214 -0.05440141 0.16440627 228 219 80 0.000000
0.08433257 -0.05124144 0.16495362 225 214 74 0.000000
0.08487765 -0.06664034 0.16430448 243 234 88 0.000000
0.08722199 -0.06570522 0.16444196 220 211 79 0.000000
0.08391502 -0.05579783 0.16430677 222 215 77 0.000000
0.08281979 -0.05657694 0.16435756 234 226 83 0.000000
0.08061277 -0.06083552 0.16440500 227 219 81 0.000000
0.07744266 -0.06529789 0.16422798 247 237 87 0.000000
0.07735699 -0.06595909 0.16417648 247 236 90 0.000000
0.08406915 -0.05533493 0.16425817 234 223 86 0.000000
0.07972118 -0.06229011 0.16437285 226 218 79 0.000000
0.07697552 -0.06554142 0.16420510 244 235 86 0.000000
0.08471619 -0.06568258 0.16431651 235 222 80 0.000000
0.07753195 -0.06377418 0.16432631 251 240 95 0.000000
0.08510453 -0.05717617 0.16442744 229 221 80 0.000000
0.08412698 -0.05069837 0.16506742 234 224 83 0.000000
0.08423023 -0.05298753 0.16461952 234 225 88 0.000000
0.07749251 -0.06295133 0.16435996 252 243 98 0.000000
0.08397647 -0.05148182 0.16489619 210 202 73 0.000000
0.07853996 -0.06402828 0.16430901 230 226 89 0.000000
0.07997192 -0.06692002 0.16414712 247 237 92 0.000000
0.07668246 -0.06300570 0.16436242 249 240 91 0.000000
0.07613353 -0.06300191 0.16435827 247 238 93 0.000000
0.08101459 -0.05942164 0.16445702 244 232 82 0.000000
0.07793024 -0.06451594 0.16428152 250 239 93 0.000000
0.07875092 -0.06362019 0.16432849 236 229 83 0.000000
0.08563796 -0.05220992 0.16483255 236 226 85 0.000000
0.07622414 -0.06229396 0.16440637 251 241 100 0.000000
0.07609075 -0.06628276 0.16411948 247 237 97 0.000000
0.07901638 -0.06258713 0.16436936 246 235 89 0.000000
0.07554963 -0.06231423 0.16441740 237 229 87 0.000000
0.07520200 -0.06748422 0.16404492 243 231 90 0.000000
0.07984283 -0.06180281 0.16437261 239 229 83 0.000000
0.08166458 -0.06090825 0.16433772 211 202 73 0.000000
0.08499297 -0.05492996 0.16425584 244 236 101 0.000000
0.07465494 -0.06731511 0.16404565 244 233 91 0.000000
0.07514749 -0.06246869 0.16439959 227 222 83 0.000000
0.07808759 -0.06379307 0.16433176 250 240 98 0.000000
0.08479489 -0.05309667 0.16461569 239 230 89 0.000000
0.07492118 -0.06298017 0.16435736 240 228 82 0.000000
0.08315900 -0.05364713 0.16455738 229 219 78 0.000000
0.07762013 -0.06415132 0.16430001 251 240 95 0.000000
0.08146496 -0.06054360 0.16439939 226 216 76 0.000000
0.07411678 -0.06723040 0.16405056 247 236 92 0.000000
0.08088873 -0.05521430 0.16459000 242 230 85 0.000000
0.07861333 -0.06286250 0.16436692 250 241 95 0.000000
0.08198063 -0.06032670 0.16435209 205 198 69 0.000000
0.08010653 -0.06784969 0.16409832 244 233 90 0.000000
0.08292411 -0.05430669 0.16449524 224 215 76 0.000000
0.07480530 -0.06159016 0.16444167 248 237 92 0.000000
0.07423630 -0.06550958 0.16417702 243 232 85 0.000000
0.08319424 -0.05717533 0.16440295 240 230 85 0.000000
0.07914364 -0.06219916 0.16438800 247 237 92 0.000000
0.08159696 -0.06003991 0.16441369 217 209 73 0.000000
0.08266366 -0.05461498 0.16444808 221 212 74 0.000000
0.08322439 -0.05600978 0.16434968 221 214 78 0.000000
0.08224882 -0.05943434 0.16430484 205 198 66 0.000000
0.08037801 -0.06298204 0.16433328 222 213 78 0.000000
0.07930262 -0.06168746 0.16439345 249 239 96 0.000000
0.07523550 -0.06592356 0.16415608 242 230 85 0.000000
0.07618066 -0.06548375 0.16419300 246 235 94 0.000000
0.08382829 -0.05034809 0.16512664 244 233 93 0.000000
0.07464591 -0.06599262 0.16414587 234 226 81 0.000000
0.08082579 -0.05984713 0.16445082 242 230 86 0.000000
0.08001380 -0.05998414 0.16443706 245 237 89 0.000000
0.08158097 -0.05902809 0.16443145 227 219 79 0.000000
0.07980601 -0.05454274 0.16467457 199 196 76 0.000000
0.07418144 -0.06582667 0.16415457 230 220 80 0.000000
0.08235359 -0.05853999 0.16426115 215 207 68 0.000000
0.07649129 -0.06644108 0.16410396 243 234 98 0.000000
0.08411814 -0.05676544 0.16437684 235 223 78 0.000000
0.08102968 -0.05902974 0.16446121 243 233 86 0.000000
0.07577080 -0.06582436 0.16416122 242 231 86 0.000000
0.07867479 -0.06191879 0.16441064 240 232 85 0.000000
0.07898349 -0.06133031 0.16441257 249 240 96 0.000000
0.08150679 -0.05831780 0.16443847 236 229 81 0.000000
0.08105290 -0.05854086 0.16447781 242 234 90 0.000000
0.07691291 -0.06401489 0.16430010 248 239 96 0.000000
0.08453736 -0.05209200 0.16480207 234 222 81 0.000000
0.07911082 -0.05381249 0.16479903 241 227 82 0.000000
0.07813382 -0.06200839 0.16441643 245 238 93 0.000000
0.08758884 -0.06390069 0.16451517 229 219 81 0.000000
0.07550924 -0.06640615 0.16410181 241 231 87 0.000000
0.08418295 -0.05235776 0.16473939 240 227 89 0.000000
0.08025033 -0.05858551 0.16448766 242 232 85 0.000000
0.07944953 -0.06096419 0.16440578 252 242 98 0.000000
0.08188349 -0.05448110 0.16457219 228 220 84 0.000000
0.08034018 -0.05793362 0.16452348 238 231 88 0.000000
0.08010510 -0.06077713 0.16439879 249 237 93 0.000000
0.08101481 -0.06033793 0.16443323 232 223 82 0.000000
0.08159484 -0.05758218 0.16445369 239 228 83 0.000000
0.07451696 -0.06445145 0.16424389 249 238 92 0.000000
0.07515257 -0.06423268 0.16427357 232 223 84 0.000000
0.08064731 -0.05716581 0.16454729 232 223 82 0.000000
0.07947323 -0.06687067 0.16412675 246 235 87 0.000000
0.07961945 -0.06045993 0.16442479 250 241 94 0.000000
0.07840466 -0.06148738 0.16443177 250 240 93 0.000000
0.08104675 -0.05731450 0.16451621 238 228 86 0.000000
0.08853734 -0.06310772 0.16462888 230 220 79 0.000000
0.07958291 -0.05781842 0.16455086 238 230 87 0.000000
0.07554963 -0.06517242 0.16419759 247 236 89 0.000000
0.07484031 -0.06508666 0.16421147 249 238 90 0.000000
0.07864428 -0.06041213 0.16447163 251 241 97 0.000000
0.07710771 -0.06274633 0.16437583 251 242 95 0.000000
0.07539016 -0.06472947 0.16424213 244 234 88 0.000000
0.08020829 -0.05740051 0.16455139 233 223 81 0.000000
0.08217482 -0.05590597 0.16441537 212 205 73 0.000000
0.07752527 -0.06267621 0.16438465 253 243 102 0.000000
0.07828306 -0.05250867 0.16495140 226 217 76 0.000000
0.08002317 -0.05924377 0.16447155 241 231 84 0.000000
0.07816973 -0.06097374 0.16446008 253 243 104 0.000000
0.08069673 -0.06442551 0.16428669 246 235 92 0.000000
0.07749967 -0.06218904 0.16441646 250 241 94 0.000000
0.08016276 -0.05685901 0.16456322 232 222 79 0.000000
0.07853075 -0.06241454 0.16438150 242 236 91 0.000000
0.08248671 -0.05537439 0.16438492 215 206 73 0.000000
0.08440593 -0.05442851 0.16428734 229 223 89 0.000000
0.07904955 -0.05718128 0.16458531 238 229 87 0.000000
0.07715744 -0.06180793 0.16444547 247 237 91 0.000000
0.07557718 -0.06705410 0.16406785 237 227 90 0.000000
0.07583474 -0.06392806 0.16429965 241 234 88 0.000000
0.07868607 -0.06090268 0.16443743 251 242 96 0.000000
0.08024469 -0.05628433 0.16457093 241 232 87 0.000000
0.07451083 -0.06395605 0.16428757 247 236 90 0.000000
0.07455564 -0.06214294 0.16441703 245 236 94 0.000000
0.07673503 -0.06137409 0.16447234 252 242 98 0.000000
0.07809659 -0.05994426 0.16452040 248 240 90 0.000000
0.08211777 -0.05095872 0.16498666 217 205 72 0.000000
0.07743841 -0.06045049 0.16449779 251 242 96 0.000000
0.07905272 -0.05625394 0.16461623 238 229 87 0.000000
0.08057994 -0.05557961 0.16457522 243 233 88 0.000000
0.08151350 -0.05498606 0.16455983 233 223 82 0.000000
0.07561660 -0.06338309 0.16434111 244 233 88 0.000000
0.07751510 -0.06094992 0.16448736 253 243 103 0.000000
0.07816829 -0.05655966 0.16460103 236 227 84 0.000000
0.08755898 -0.06555202 0.16445561 220 211 78 0.000000
0.07838821 -0.05852829 0.16458075 248 239 96 0.000000
0.08873625 -0.06191206 0.16466568 226 216 80 0.000000
0.07948551 -0.05701667 0.16457486 242 231 93 0.000000
0.07628019 -0.06101365 0.16449451 249 241 96 0.000000
0.07897244 -0.05956280 0.16449565 252 242 98 0.000000
0.07925184 -0.05575829 0.16463165 243 233 87 0.000000
0.07989873 -0.06543347 0.16423121 247 237 90 0.000000
0.08064725 -0.05495122 0.16459408 236 229 82 0.000000
0.08368308 -0.05338229 0.16455843 231 219 78 0.000000
0.08102681 -0.05470113 0.16461805 230 221 80 0.000000
0.07798585 -0.06045771 0.16449723 253 244 100 0.000000
0.07982605 -0.05535636 0.16461989 244 235 91 0.000000
0.07889014 -0.05799900 0.16457233 250 241 96 0.000000
0.08951137 -0.06146113 0.16472600 237 226 83 0.000000
0.08052745 -0.05341009 0.16474850 239 227 85 0.000000
0.07846980 -0.05597436 0.16462886 231 225 80 0.000000
0.07430972 -0.06314059 0.16434884 244 232 87 0.000000
0.07887083 -0.05849483 0.16456020 251 241 99 0.000000
0.07513888 -0.05753418 0.16465129 238 229 87 0.000000
0.07948457 -0.05509796 0.16464335 238 229 88 0.000000
0.08630460 -0.06536132 0.16443159 229 221 78 0.000000
0.08027259 -0.05393885 0.16469865 191 191 70 0.000000
0.07544904 -0.05714275 0.16466658 227 218 81 0.000000
0.08710549 -0.06206382 0.16454943 223 215 78 0.000000
0.07825185 -0.05795959 0.16459259 252 242 102 0.000000
0.07786392 -0.05840974 0.16457799 242 235 93 0.000000
0.07515819 -0.06193784 0.16443467 247 236 89 0.000000
0.07923216 -0.05422111 0.16474040 230 222 74 0.000000
0.07849131 -0.05459083 0.16475514 240 228 85 0.000000
0.07793143 -0.05495510 0.16473389 228 221 81 0.000000
0.07569261 -0.06178694 0.16443534 247 237 89 0.000000
0.08602513 -0.06191759 0.16445085 226 214 77 0.000000
0.08119923 -0.05553420 0.16455808 239 227 86 0.000000
0.07910898 -0.06318622 0.16434798 248 239 95 0.000000
0.08318610 -0.05167045 0.16484363 215 207 68 0.000000
0.07899557 -0.05509268 0.16468006 243 229 87 0.000000
0.07732236 -0.05480625 0.16476974 236 224 84 0.000000
0.08332777 -0.06551202 0.16426769 246 235 90 0.000000
0.08000715 -0.05575424 0.16458632 246 235 90 0.000000
0.07817075 -0.05706804 0.16459301 246 236 94 0.000000
0.07870663 -0.05546882 0.16465652 234 225 82 0.000000
0.07765828 -0.05630179 0.16463244 223 215 79 0.000000
0.07537628 -0.06101034 0.16447985 230 221 82 0.000000
0.07987139 -0.05300081 0.16481359 235 222 76 0.000000
0.08060453 -0.06547402 0.16423143 247 235 91 0.000000
0.08428379 -0.05352964 0.16452105 236 225 84 0.000000
0.07761823 -0.05702247 0.16460201 247 235 87 0.000000
0.07651665 -0.05915919 0.16459933 250 239 92 0.000000
0.07876626 -0.05341484 0.16485594 226 219 80 0.000000
0.07492317 -0.06065454 0.16450453 241 232 89 0.000000
0.07717130 -0.05745641 0.16460076 237 227 82 0.000000
0.07572367 -0.05992749 0.16455841 236 229 85 0.000000
0.07449841 -0.06050912 0.16452740 247 239 95 0.000000
0.08280988 -0.05071372 0.16503933 232 220 78 0.000000
0.08265954 -0.06463975 0.16427323 239 230 85 0.000000
0.07684021 -0.05789222 0.16459514 244 233 89 0.000000
0.07938398 -0.05463140 0.16469204 223 218 84 0.000000
0.07746140 -0.05879865 0.16457933 247 237 90 0.000000
0.07653668 -0.05969525 0.16456740 253 243 100 0.000000
0.07807545 -0.06278078 0.16437684 252 243 100 0.000000
0.08376105 -0.05286129 0.16464713 227 216 80 0.000000
0.08001571 -0.05163448 0.16497174 232 220 82 0.000000
0.07805119 -0.05565740 0.16466667 214 205 71 0.000000
0.08188500 -0.05596869 0.16444187 218 212 76 0.000000
0.08073927 -0.06766481 0.16412655 240 229 88 0.000000
0.08102240 -0.05597084 0.16453749 237 226 84 0.000000
0.07789768 -0.05231267 0.16496868 239 225 85 0.000000
0.08545117 -0.06367402 0.16442831 243 230 84 0.000000
0.07694887 -0.05512922 0.16475229 227 219 83 0.000000
0.08377054 -0.05200592 0.16479219 229 217 80 0.000000
0.07487230 -0.05933529 0.16459280 241 232 89 0.000000
0.08118451 -0.06472468 0.16426565 237 229 88 0.000000
0.07716252 -0.05631505 0.16465683 225 215 76 0.000000
0.08268667 -0.05504596 0.16432537 218 208 74 0.000000
0.07559520 -0.05889332 0.16460168 249 239 94 0.000000
0.07646316 -0.05751014 0.16461718 239 230 85 0.000000
0.08398514 -0.05454357 0.16429926 224 217 83 0.000000
0.07669452 -0.05657708 0.16466062 229 220 82 0.000000
0.07720797 -0.05678624 0.16462982 228 219 78 0.000000
0.08027836 -0.05530697 0.16458453 238 233 87 0.000000
0.08161861 -0.05222166 0.16484581 197 189 68 0.000000
0.08355242 -0.05125329 0.16493268 220 214 74 0.000000
0.07723396 -0.05921734 0.16457586 249 240 95 0.000000
0.07635172 -0.05697045 0.16464791 231 222 83 0.000000
0.07949601 -0.06274389 0.16435754 238 226 83 0.000000
0.07471925 -0.05987780 0.16457385 250 242 97 0.000000
0.08340532 -0.05069897 0.16504633 243 231 89 0.000000
0.07559290 -0.05828230 0.16461819 238 231 85 0.000000
0.07799921 -0.05430320 0.16479151 230 220 80 0.000000
0.07755274 -0.05433927 0.16480187 233 223 80 0.000000
0.07602935 -0.05857750 0.16460843 251 240 100 0.000000
0.08461813 -0.05281016 0.16464344 237 227 87 0.000000
0.08741230 -0.05923604 0.16468246 226 219 77 0.000000
0.07877234 -0.05413458 0.16478677 235 224 84 0.000000
0.08407683 -0.05262690 0.16464606 238 225 83 0.000000
0.07533886 -0.05930230 0.16458918 238 226 83 0.000000
0.07510004 -0.05852951 0.16461763 243 234 91 0.000000
0.07643979 -0.05184508 0.16504897 248 237 94 0.000000
0.07667635 -0.05372788 0.16486467 246 234 89 0.000000
0.07650471 -0.05534186 0.16474459 237 230 83 0.000000
0.07513965 -0.05420269 0.16485131 244 233 92 0.000000
0.07582987 -0.05684866 0.16467342 233 224 82 0.000000
0.08430848 -0.06585475 0.16428798 229 219 81 0.000000
0.07595868 -0.05647277 0.16469474 243 233 86 0.000000
0.08085929 -0.06286313 0.16430661 211 204 74 0.000000
0.07711413 -0.05324383 0.16489528 245 234 91 0.000000
0.07630039 -0.05262342 0.16496421 232 224 82 0.000000
0.07766265 -0.05340284 0.16486946 239 229 85 0.000000
0.07720385 -0.05377550 0.16485453 246 234 88 0.000000
0.07579847 -0.05274855 0.16495444 230 222 81 0.000000
0.07531627 -0.05271925 0.16498321 230 218 76 0.000000
0.07792675 -0.05180405 0.16500995 226 215 78 0.000000
0.07689217 -0.05713820 0.16461943 224 216 78 0.000000
0.08077210 -0.05095706 0.16500033 231 220 83 0.000000
0.07586667 -0.05546903 0.16475235 238 230 82 0.000000
0.07939932 -0.05140112 0.16501844 230 219 81 0.000000
0.08169634 -0.05315889 0.16470139 228 218 77 0.000000
0.07633627 -0.05396303 0.16484903 248 238 98 0.000000
0.07564882 -0.05508039 0.16476957 239 228 81 0.000000
0.07658751 -0.05616010 0.16469078 239 231 84 0.000000
0.07719071 -0.05202014 0.16500774 233 222 85 0.000000
0.07480870 -0.05707546 0.16467881 250 239 93 0.000000
0.08187744 -0.05262483 0.16478360 218 205 71 0.000000
0.08118453 -0.05250949 0.16482151 199 192 70 0.000000
0.08782425 -0.05704001 0.16482022 213 205 74 0.000000
0.07554074 -0.05448798 0.16481878 245 234 88 0.000000
0.07516409 -0.05499948 0.16479518 236 227 81 0.000000
0.08601455 -0.06082248 0.16444023 226 215 77 0.000000
0.07596219 -0.05391374 0.16485573 248 238 96 0.000000
0.07560587 -0.05344114 0.16489813 234 225 78 0.000000
0.08463865 -0.06118108 0.16432524 213 208 79 0.000000
0.08722425 -0.05691016 0.16470100 231 216 78 0.000000
0.08351567 -0.06097078 0.16419232 217 209 79 0.000000
0.08675206 -0.05687822 0.16460308 230 220 79 0.000000
0.07685973 -0.05254356 0.16496627 247 236 94 0.000000
0.08306082 -0.05822873 0.16431537 224 216 72 0.000000
0.07802278 -0.06854007 0.16404524 221 213 94 0.000000
0.08781175 -0.06996182 0.16431059 233 221 86 0.000000
0.08621495 -0.05637558 0.16445512 232 220 77 0.000000
0.08895125 -0.06236460 0.16465357 226 216 77 0.000000
0.08519935 -0.05589821 0.16428861 224 218 86 0.000000
0.08852580 -0.06735408 0.16449349 229 219 78 0.000000
0.08446366 -0.05871557 0.16397697 244 234 97 0.000000
0.08462687 -0.06653424 0.16429180 241 232 86 0.000000
0.08450196 -0.05526030 0.16417146 237 230 96 0.000000
0.08977932 -0.06576716 0.16466382 237 224 82 0.000000
0.08615337 -0.05743299 0.16444872 232 221 78 0.000000
0.08722973 -0.06446964 0.16447689 231 222 80 0.000000
0.08643948 -0.05339260 0.16474693 237 232 91 0.000000
0.08362839 -0.05883173 0.16411658 237 225 87 0.000000
0.08073766 -0.06237164 0.16431372 212 204 70 0.000000
0.08638544 -0.05681138 0.16450593 238 227 85 0.000000
0.09298792 -0.06359268 0.16486807 229 217 79 0.000000
0.08047263 -0.06906191 0.16402070 246 233 88 0.000000
0.09278035 -0.06313311 0.16484499 241 230 79 0.000000
0.07769595 -0.06650962 0.16412924 241 233 89 0.000000
0.07800135 -0.05311665 0.16486715 234 223 80 0.000000
0.08352164 -0.06502888 0.16426417 240 227 82 0.000000
0.07693376 -0.06613428 0.16415089 248 237 92 0.000000
0.07691228 -0.05623751 0.16467285 231 222 78 0.000000
0.08559483 -0.06108253 0.16436414 214 206 71 0.000000
0.08446609 -0.06450132 0.16433470 236 225 81 0.000000
0.07970779 -0.05723204 0.16454078 240 230 85 0.000000
0.07425301 -0.06825820 0.16398361 246 236 90 0.000000
0.07780486 -0.06598882 0.16418193 247 236 90 0.000000
0.09070434 -0.06120137 0.16477518 242 229 84 0.000000
0.09352290 -0.06158479 0.16489413 236 225 80 0.000000
0.09126932 -0.06117328 0.16477083 236 227 85 0.000000
0.09398736 -0.06135987 0.16487056 231 217 77 0.000000
0.08110137 -0.05960479 0.16445677 238 229 84 0.000000
0.09197861 -0.06062503 0.16485928 239 229 83 0.000000
0.08029099 -0.06455546 0.16427597 248 237 92 0.000000
0.07623196 -0.05429151 0.16482368 247 238 94 0.000000
0.08720183 -0.05969107 0.16462240 237 226 83 0.000000
0.08450229 -0.06714463 0.16425674 247 236 91 0.000000
0.08553024 -0.05903485 0.16418417 214 206 77 0.000000
0.08189508 -0.06567663 0.16420992 242 233 85 0.000000
0.08707704 -0.05253250 0.16491006 223 211 71 0.000000
0.07752844 -0.05770540 0.16457874 243 232 88 0.000000
0.08538506 -0.06668034 0.16433717 250 240 93 0.000000
0.08533404 -0.05848899 0.16412860 225 219 85 0.000000
0.07912647 -0.06062545 0.16443391 250 240 99 0.000000
0.07837776 -0.05201161 0.16498393 227 213 83 0.000000
0.09115816 -0.05791745 0.16505633 225 217 78 0.000000
0.08713759 -0.06137516 0.16458230 231 221 80 0.000000
0.08702190 -0.05732992 0.16464975 232 218 79 0.000000
0.09015001 -0.05755419 0.16503225 211 200 74 0.000000
0.08906845 -0.05709212 0.16497613 221 211 79 0.000000
0.08494732 -0.05085737 0.16504337 227 216 76 0.000000
0.07658119 -0.06032094 0.16453300 253 243 103 0.000000
0.08867884 -0.05647900 0.16494066 211 200 77 0.000000
0.08620272 -0.05998987 0.16443199 227 218 77 0.000000
0.08492775 -0.05932285 0.16399370 231 221 90 0.000000
0.08536606 -0.06247802 0.16436364 229 218 77 0.000000
0.08253855 -0.06079927 0.16417953 213 205 77 0.000000
0.08333666 -0.06186783 0.16427802 240 230 87 0.000000
0.08185118 -0.06068391 0.16429842 205 198 69 0.000000
0.07693364 -0.06475504 0.16425413 242 230 86 0.000000
0.08654112 -0.05973848 0.16449438 231 220 80 0.000000
0.08065604 -0.05656318 0.16452438 235 224 80 0.000000
0.08113757 -0.06069427 0.16441493 229 217 78 0.000000
0.07842448 -0.06323007 0.16436912 247 238 92 0.000000
0.07497630 -0.06465863 0.16424000 247 237 90 0.000000
0.08737259 -0.05612871 0.16468738 217 208 75 0.000000
0.08480886 -0.05453496 0.16424762 244 235 100 0.000000
0.07732935 -0.06452924 0.16427444 245 235 87 0.000000
0.07580725 -0.06978693 0.16398408 203 193 84 0.000000
0.07985778 -0.06625499 0.16418780 241 231 88 0.000000
0.08654712 -0.05463713 0.16455358 237 227 93 0.000000
0.08865090 -0.05730261 0.16492437 232 222 80 0.000000
0.07613666 -0.06661952 0.16408159 239 230 101 0.000000
0.08929010 -0.05951428 0.16489533 248 238 93 0.000000
0.08791084 -0.05786597 0.16482817 229 217 80 0.000000
0.08802353 -0.06443092 0.16454427 239 227 84 0.000000
0.09324311 -0.06334127 0.16490217 231 222 83 0.000000
0.08338951 -0.05275761 0.16467027 218 209 72 0.000000
0.09155535 -0.06015912 0.16489132 242 232 86 0.000000
0.08860946 -0.06245604 0.16463627 228 217 79 0.000000
0.09069775 -0.06675157 0.16472064 247 238 96 0.000000
0.07506479 -0.06360602 0.16431873 239 229 86 0.000000
0.07496075 -0.05735842 0.16465074 247 235 91 0.000000
0.07569023 -0.06876194 0.16402929 214 201 84 0.000000
0.08487576 -0.05991698 0.16410188 221 212 83 0.000000
0.07720786 -0.06345497 0.16433230 249 240 91 0.000000
0.07728130 -0.05581168 0.16467032 224 215 81 0.000000
0.07800323 -0.06330993 0.16435258 251 241 100 0.000000
0.08498137 -0.05146916 0.16495442 215 206 75 0.000000
0.08357064 -0.05567982 0.16436747 222 215 83 0.000000
0.08373114 -0.05244755 0.16472779 232 219 79 0.000000
0.08864480 -0.06641516 0.16452207 223 214 79 0.000000
0.08169069 -0.06652415 0.16422082 249 237 91 0.000000
0.08176903 -0.06756274 0.16417125 249 237 92 0.000000
0.07489739 -0.06807213 0.16401485 241 229 85 0.000000
0.07428861 -0.06500538 0.16422425 249 239 91 0.000000
0.07859671 -0.05259681 0.16493653 219 210 77 0.000000
0.07834104 -0.06442367 0.16428027 243 233 88 0.000000
0.07534619 -0.06786332 0.16403610 239 228 89 0.000000
0.07666133 -0.06234631 0.16440992 251 240 97 0.000000
0.07590996 -0.06230307 0.16441472 246 239 92 0.000000
0.07460450 -0.06345545 0.16432934 247 236 90 0.000000
0.07443573 -0.06266613 0.16438426 244 232 89 0.000000
0.08452677 -0.05075667 0.16506742 230 218 81 0.000000
0.07670206 -0.06183805 0.16444960 250 240 98 0.000000
0.08005700 -0.05444684 0.16466491 198 192 70 0.000000
0.07502690 -0.05794490 0.16463828 239 228 84 0.000000
0.07548334 -0.06042992 0.16452460 244 234 88 0.000000
0.07774775 -0.05163775 0.16502839 222 211 77 0.000000
0.07528289 -0.05662681 0.16470163 243 231 85 0.000000
0.07472126 -0.05892395 0.16460843 244 235 89 0.000000
0.07515244 -0.05900472 0.16460213 237 228 86 0.000000
0.07560493 -0.06770190 0.16404518 237 225 90 0.000000
0.07541467 -0.06403638 0.16429578 229 220 84 0.000000
0.07989363 -0.06891244 0.16407287 233 226 85 0.000000
0.07605208 -0.05729966 0.16463868 234 225 85 0.000000
0.07640574 -0.05658900 0.16467077 241 230 85 0.000000
0.08403984 -0.06776317 0.16423617 243 232 87 0.000000
0.08313219 -0.06457056 0.16428857 238 229 87 0.000000
0.08666094 -0.06202494 0.16450039 225 215 78 0.000000
0.08746254 -0.05541167 0.16474067 233 223 76 0.000000
0.08724529 -0.05504538 0.16469988 229 215 76 0.000000
0.08810633 -0.05532889 0.16487576 232 220 81 0.000000
0.08609626 -0.05376086 0.16459666 246 238 105 0.000000
0.08570541 -0.05324669 0.16460836 249 240 106 0.000000
0.08803296 -0.05309442 0.16499105 217 206 72 0.000000
0.08579224 -0.05617041 0.16435665 220 211 80 0.000000
0.08202004 -0.07003219 0.16402875 237 227 86 0.000000
0.08194746 -0.06888017 0.16411380 239 228 84 0.000000
0.08220953 -0.06797284 0.16413212 242 230 88 0.000000
0.08330962 -0.06965629 0.16410930 228 219 81 0.000000
0.08709542 -0.07012623 0.16427602 228 217 77 0.000000
0.08846244 -0.06357441 0.16464032 227 217 79 0.000000
0.09113902 -0.05999415 0.16489708 242 231 89 0.000000
0.08957961 -0.05798066 0.16499220 227 216 81 0.000000
0.08937308 -0.06501911 0.16461346 235 226 84 0.000000
0.08443878 -0.06302794 0.16433690 230 220 81 0.000000
0.08911555 -0.05864397 0.16492736 245 235 90 0.000000
0.08005363 -0.05297294 0.16480692 233 221 83 0.000000
0.07675477 -0.05988165 0.16454925 253 243 102 0.000000
0.08320443 -0.06923255 0.16413297 238 230 90 0.000000
0.08698263 -0.05864633 0.16467358 227 216 79 0.000000
0.08464825 -0.06494907 0.16434292 238 230 82 0.000000
0.08667693 -0.05813272 0.16463710 230 218 81 0.000000
0.08785551 -0.05172168 0.16513067 212 204 72 0.000000
0.08459956 -0.05711078 0.16439389 231 222 79 0.000000
0.08466987 -0.05611907 0.16426589 226 217 85 0.000000
0.08526434 -0.05265181 0.16475180 241 231 86 0.000000
0.08518703 -0.05084349 0.16508366 225 213 77 0.000000
0.08122891 -0.06105901 0.16438854 231 217 75 0.000000
0.08235352 -0.06216198 0.16431130 222 214 79 0.000000
0.07453781 -0.06913748 0.16395962 227 214 86 0.000000
0.08876006 -0.05554967 0.16496606 218 211 83 0.000000
0.08787175 -0.05368654 0.16486223 221 211 70 0.000000
0.07713138 -0.06034254 0.16448857 250 240 94 0.000000
0.08167220 -0.06428435 0.16428170 239 228 87 0.000000
0.08358045 -0.06819570 0.16419746 245 235 87 0.000000
0.08863888 -0.05235644 0.16515729 231 220 80 0.000000
0.08656381 -0.05725992 0.16455932 233 222 79 0.000000
0.08892792 -0.06862193 0.16445945 243 232 87 0.000000
0.09218334 -0.06217569 0.16477488 226 217 82 0.000000
0.08468319 -0.06822404 0.16422039 232 223 79 0.000000
0.08053180 -0.06593619 0.16420451 241 233 89 0.000000
0.08687370 -0.06439354 0.16447967 242 231 84 0.000000
0.08780963 -0.07055881 0.16428936 236 225 80 0.000000
0.08547318 -0.06590232 0.16436453 244 234 88 0.000000
0.08945315 -0.05692857 0.16502334 217 208 76 0.000000
0.08763798 -0.06032084 0.16467655 244 233 88 0.000000
0.09008393 -0.06176899 0.16470537 230 219 78 0.000000
0.09178213 -0.05971189 0.16493379 227 219 82 0.000000
0.09316967 -0.06173689 0.16487531 232 221 79 0.000000
0.08823326 -0.05181468 0.16516109 225 216 75 0.000000
0.09119059 -0.05838773 0.16501842 218 209 72 0.000000
0.08175338 -0.05138578 0.16491112 218 206 71 0.000000
0.08724529 -0.05504538 0.16469988 229 215 76 0.000000
0.08625975 -0.05214979 0.16491067 232 221 78 0.000000
0.08671723 -0.05199887 0.16497403 228 215 75 0.000000
0.08249630 -0.06176082 0.16425534 216 208 74 0.000000
0.09272793 -0.06246991 0.16483283 230 221 78 0.000000
0.08374413 -0.06456105 0.16430552 235 226 82 0.000000
0.08746254 -0.05541167 0.16474067 233 223 76 0.000000
0.08601455 -0.06082248 0.16444023 226 215 77 0.000000
0.08394550 -0.06995621 0.16412185 225 214 77 0.000000
0.08954214 -0.06538691 0.16465032 242 228 83 0.000000
0.08421459 -0.06160399 0.16430715 224 218 81 0.000000
0.08656381 -0.05725992 0.16455932 233 222 79 0.000000
0.07814329 -0.06569045 0.16421241 248 239 91 0.000000
0.08929010 -0.05951428 0.16489533 248 238 93 0.000000
0.09116723 -0.06569684 0.16473666 232 220 81 0.000000
0.08104675 -0.05731450 0.16451621 238 228 86 0.000000
0.07605660 -0.05478448 0.16479057 247 237 92 0.000000
0.08764318 -0.05740622 0.16478664 214 207 80 0.000000
0.09100527 -0.06202498 0.16468658 235 226 81 0.000000
0.07506479 -0.06360602 0.16431873 239 229 86 0.000000
0.08155469 -0.06559428 0.16423178 245 235 90 0.000000
0.07917942 -0.06716223 0.16410376 245 234 90 0.000000
0.08452677 -0.05075667 0.16506742 230 218 81 0.000000
0.08002317 -0.05924377 0.16447155 241 231 84 0.000000
0.07825185 -0.05795959 0.16459259 252 242 102 0.000000
0.08875896 -0.05896448 0.16489281 249 238 94 0.000000
0.08005700 -0.05444684 0.16466491 198 192 70 0.000000
0.08287694 -0.06079541 0.16416176 218 212 82 0.000000
0.09385584 -0.06088205 0.16484293 224 214 72 0.000000
0.07516409 -0.05499948 0.16479518 236 227 81 0.000000
0.07944953 -0.06096419 0.16440578 252 242 98 0.000000
0.08234411 -0.05920881 0.16426492 212 202 70 0.000000
0.07496415 -0.06774936 0.16402756 243 231 88 0.000000
0.07569261 -0.06178694 0.16443534 247 237 89 0.000000
0.07684021 -0.05789222 0.16459514 244 233 89 0.000000
0.08916177 -0.05665061 0.16499376 211 203 72 0.000000
0.08188500 -0.05596869 0.16444187 218 212 76 0.000000
0.09178213 -0.05971189 0.16493379 227 219 82 0.000000
0.07541273 -0.06941244 0.16399048 214 203 78 0.000000
0.08723035 -0.06974662 0.16429432 231 220 82 0.000000
0.08868321 -0.06274198 0.16463701 234 221 85 0.000000
0.07868607 -0.06090268 0.16443743 251 242 96 0.000000
0.07850713 -0.05725953 0.16459201 246 235 89 0.000000
0.07422438 -0.06892250 0.16395746 229 221 88 0.000000
0.08133940 -0.06159728 0.16435058 227 219 75 0.000000
0.08391502 -0.05579783 0.16430677 222 215 77 0.000000
0.08149219 -0.06403744 0.16428623 238 229 86 0.000000
0.08468319 -0.06822404 0.16422039 232 223 79 0.000000
0.08417287 -0.06839211 0.16421372 228 218 81 0.000000
0.08213477 -0.05992549 0.16435379 203 196 66 0.000000
0.08941955 -0.06578331 0.16463879 237 227 84 0.000000
0.08506016 -0.06481933 0.16437088 240 232 92 0.000000
0.08809959 -0.05235550 0.16508260 213 204 68 0.000000
0.08034018 -0.05793362 0.16452348 238 231 88 0.000000
0.07728130 -0.05581168 0.16467032 224 215 81 0.000000
0.08391502 -0.05579783 0.16430677 222 215 77 0.000000
0.08105290 -0.05854086 0.16447781 242 234 90 0.000000
0.09030398 -0.06516083 0.16465329 219 208 68 0.000000
0.08102240 -0.05597084 0.16453749 237 226 84 0.000000
0.08895049 -0.05912401 0.16490915 249 239 96 0.000000
0.08527954 -0.05781290 0.16431887 225 215 80 0.000000
0.08446366 -0.05871557 0.16397697 244 234 97 0.000000
0.08569539 -0.05361702 0.16454977 250 240 108 0.000000
0.08766869 -0.05589017 0.16476803 225 215 76 0.000000
0.08960115 -0.05545770 0.16508646 225 216 81 0.000000
0.08166458 -0.06090825 0.16433772 211 202 73 0.000000
0.08353820 -0.06000156 0.16418710 224 218 87 0.000000
0.08487576 -0.05991698 0.16410188 221 212 83 0.000000
0.08412451 -0.06019756 0.16424030 223 216 88 0.000000
0.08064725 -0.05495122 0.16459408 236 229 82 0.000000
0.07744266 -0.06529789 0.16422798 247 237 87 0.000000
0.08057994 -0.05557961 0.16457522 243 233 88 0.000000
0.07644324 -0.06512644 0.16421823 244 232 89 0.000000
0.08304187 -0.05539382 0.16435103 222 212 77 0.000000
0.08733068 -0.06050408 0.16462626 242 231 86 0.000000
0.08944246 -0.05909329 0.16494080 244 234 90 0.000000
0.08534732 -0.05553132 0.16424429 238 230 95 0.000000
0.08273709 -0.06415077 0.16429603 232 222 82 0.000000
0.08861971 -0.05796519 0.16492717 245 235 91 0.000000
0.07905272 -0.05625394 0.16461623 238 229 87 0.000000
0.08670364 -0.06822659 0.16437097 239 230 83 0.000000
0.09055328 -0.06329611 0.16462697 229 220 86 0.000000
0.08467554 -0.06375307 0.16435494 236 227 86 0.000000
0.08382829 -0.05034809 0.16512664 244 233 93 0.000000
0.08463865 -0.06118108 0.16432524 213 208 79 0.000000
0.08003896 -0.05765978 0.16454448 240 230 84 0.000000
0.08763798 -0.06032084 0.16467655 244 233 88 0.000000
0.08935725 -0.05993382 0.16488311 245 236 93 0.000000
0.08382002 -0.06958288 0.16413610 226 217 75 0.000000
0.08008082 -0.05241902 0.16487014 233 220 86 0.000000
0.08415459 -0.05739456 0.16435960 231 222 79 0.000000
0.08924426 -0.06796604 0.16452295 245 234 89 0.000000
0.08162263 -0.06615773 0.16421363 247 238 91 0.000000
0.08763628 -0.05884222 0.16473894 229 219 81 0.000000
0.08472445 -0.05843544 0.16395776 245 236 96 0.000000
0.08397647 -0.05148182 0.16489619 210 202 73 0.000000
0.08751024 -0.06931112 0.16432898 236 225 85 0.000000
0.07931662 -0.05321474 0.16483484 234 223 81 0.000000
0.08506016 -0.06481933 0.16437088 240 232 92 0.000000
0.09132199 -0.06441396 0.16466717 213 205 73 0.000000
0.07471925 -0.05987780 0.16457385 250 242 97 0.000000
0.07893113 -0.05237987 0.16493908 220 212 75 0.000000
0.08060453 -0.06547402 0.16423143 247 235 91 0.000000
0.08467554 -0.06375307 0.16435494 236 227 86 0.000000
0.08791729 -0.05204227 0.16508873 208 198 72 0.000000
0.08418295 -0.05235776 0.16473939 240 227 89 0.000000
0.08938790 -0.06044112 0.16483174 245 235 90 0.000000
0.08214650 -0.05762602 0.16439700 232 222 78 0.000000
0.07817075 -0.05706804 0.16459301 246 236 94 0.000000
0.08281070 -0.06903632 0.16413109 243 232 88 0.000000
0.09055775 -0.06069637 0.16483764 241 230 86 0.000000
0.08895125 -0.06236460 0.16465357 226 216 77 0.000000
0.08774730 -0.05539937 0.16480181 235 223 77 0.000000
0.08689833 -0.06921124 0.16430700 241 231 86 0.000000
0.07955641 -0.06465202 0.16427873 245 233 91 0.000000
0.08587056 -0.05453224 0.16442752 246 238 107 0.000000
0.09019256 -0.06287288 0.16462895 229 220 82 0.000000
0.07632149 -0.06493802 0.16423063 244 232 89 0.000000
0.09248415 -0.06121941 0.16481501 229 220 79 0.000000
0.07451696 -0.06445145 0.16424389 249 238 92 0.000000
0.07554963 -0.06231423 0.16441740 237 229 87 0.000000
0.08406915 -0.05533493 0.16425817 234 223 86 0.000000
0.08886693 -0.05832350 0.16494554 248 238 90 0.000000
0.08181375 -0.06868699 0.16412212 240 233 89 0.000000
0.08945315 -0.05692857 0.16502334 217 208 76 0.000000
0.07670372 -0.06858087 0.16405487 218 208 84 0.000000
0.08525284 -0.05444472 0.16434209 246 238 105 0.000000
0.07451273 -0.06969167 0.16391245 224 213 84 0.000000
0.08627837 -0.05870850 0.16450958 225 212 71 0.000000
0.07901255 -0.06766705 0.16409844 242 230 87 0.000000
0.08198554 -0.06388614 0.16429110 243 231 89 0.000000
0.09015001 -0.05755419 0.16503225 211 200 74 0.000000
0.08567228 -0.06876829 0.16426873 238 226 83 0.000000
0.08000715 -0.05575424 0.16458632 246 235 90 0.000000
0.07997192 -0.06692002 0.16414712 247 237 92 0.000000
0.08385789 -0.06052047 0.16415860 225 215 87 0.000000
0.07611451 -0.06704328 0.16406642 230 220 97 0.000000
0.08313219 -0.06457056 0.16428857 238 229 87 0.000000
0.08591016 -0.06459296 0.16443695 236 228 86 0.000000
0.09025135 -0.06404563 0.16461821 208 198 73 0.000000
0.08102240 -0.05597084 0.16453749 237 226 84 0.000000
0.07870030 -0.05160243 0.16501869 232 219 84 0.000000
0.07987139 -0.05300081 0.16481359 235 222 76 0.000000
0.09068596 -0.06373774 0.16461286 219 211 84 0.000000
0.08958535 -0.06465271 0.16463070 227 216 77 0.000000
0.08220447 -0.06263838 0.16430758 238 229 83 0.000000
0.08248815 -0.05684255 0.16437869 240 228 84 0.000000
0.09398736 -0.06135987 0.16487056 231 217 77 0.000000
0.08492775 -0.05932285 0.16399370 231 221 90 0.000000
0.08815791 -0.06392507 0.16459052 229 219 85 0.000000
0.08601455 -0.06082248 0.16444023 226 215 77 0.000000
0.08799224 -0.06515427 0.16451053 234 223 81 0.000000
0.08397647 -0.05148182 0.16489619 210 202 73 0.000000
0.07673503 -0.06137409 0.16447234 252 242 98 0.000000
0.07648136 -0.06821680 0.16405554 226 214 83 0.000000
0.08937308 -0.06501911 0.16461346 235 226 84 0.000000
0.08467554 -0.06375307 0.16435494 236 227 86 0.000000
0.08166458 -0.06090825 0.16433772 211 202 73 0.000000
0.08323344 -0.05856772 0.16425453 229 220 76 0.000000
0.08186703 -0.06682371 0.16421190 244 234 87 0.000000
0.07549242 -0.05587419 0.16474095 236 228 85 0.000000
0.08693029 -0.06168753 0.16455677 223 215 76 0.000000
0.08441623 -0.06271739 0.16435610 228 221 81 0.000000
0.08235359 -0.05853999 0.16426115 215 207 68 0.000000
0.08020829 -0.05740051 0.16455139 233 223 81 0.000000
0.08332777 -0.06551202 0.16426769 246 235 90 0.000000
0.08501307 -0.05883434 0.16394137 238 228 92 0.000000
0.08164561 -0.06279655 0.16431433 237 227 83 0.000000
0.07817075 -0.05706804 0.16459301 246 236 94 0.000000
0.08149219 -0.06403744 0.16428623 238 229 86 0.000000
0.09020809 -0.06567732 0.16469440 230 220 80 0.000000
0.08810633 -0.05532889 0.16487576 232 220 81 0.000000
0.08130319 -0.06946183 0.16406655 239 228 86 0.000000
0.08771957 -0.05339387 0.16490223 220 212 73 0.000000
0.07911082 -0.05381249 0.16479903 241 227 82 0.000000
0.08751024 -0.06931112 0.16432898 236 225 85 0.000000
0.08042029 -0.06816024 0.16408843 244 234 85 0.000000
0.08625896 -0.05003000 0.16524324 230 218 80 0.000000
0.07490313 -0.05562475 0.16473357 228 216 77 0.000000
0.09008393 -0.06176899 0.16470537 230 219 78 0.000000
0.09080582 -0.05623638 0.16515043 241 230 84 0.000000
0.09040184 -0.05559495 0.16516703 225 216 80 0.000000
0.08906845 -0.05709212 0.16497613 221 211 79 0.000000
0.09055328 -0.06329611 0.16462697 229 220 86 0.000000
0.08228325 -0.05485446 0.16446866 216 208 73 0.000000
0.08218372 -0.05297776 0.16469322 213 204 69 0.000000
0.08816975 -0.06978926 0.16435061 233 223 84 0.000000
0.08211777 -0.05095872 0.16498666 217 205 72 0.000000
0.07611527 -0.05602593 0.16471778 246 234 90 0.000000
0.08135977 -0.06520346 0.16425230 241 230 84 0.000000
0.07864655 -0.05291981 0.16490264 219 210 74 0.000000
0.08037801 -0.06298204 0.16433328 222 213 78 0.000000
0.07428861 -0.06500538 0.16422425 249 239 91 0.000000
0.07970779 -0.05723204 0.16454078 240 230 85 0.000000
0.07945127 -0.05858029 0.16452396 247 239 91 0.000000
0.07964737 -0.06655370 0.16416104 245 234 90 0.000000
0.08816975 -0.06978926 0.16435061 233 223 84 0.000000
0.08010653 -0.06784969 0.16409832 244 233 90 0.000000
0.09070902 -0.05818284 0.16501960 227 214 75 0.000000
0.07694887 -0.05512922 0.16475229 227 219 83 0.000000
0.07605660 -0.05478448 0.16479057 247 237 92 0.000000
0.08073766 -0.06237164 0.16431372 212 204 70 0.000000
0.08689833 -0.06921124 0.16430700 241 231 86 0.000000
0.07799322 -0.06738798 0.16407283 243 234 89 0.000000
0.07960670 -0.06587095 0.16420121 244 234 88 0.000000
0.07920779 -0.06907087 0.16407526 212 200 86 0.000000
0.07472126 -0.05892395 0.16460843 244 235 89 0.000000
0.08211561 -0.05712753 0.16441235 233 226 85 0.000000
0.08470615 -0.05348799 0.16452099 239 230 90 0.000000
0.07589854 -0.06058914 0.16450661 236 226 82 0.000000
0.07769689 -0.06481757 0.16426402 249 240 93 0.000000
0.08512225 -0.06873787 0.16423343 237 228 82 0.000000
0.08612291 -0.05411677 0.16456029 247 238 107 0.000000
0.08137088 -0.06826439 0.16413926 248 238 91 0.000000
0.08234062 -0.06891509 0.16412072 246 233 86 0.000000
0.08176752 -0.06920649 0.16409189 228 217 81 0.000000
0.08320443 -0.06923255 0.16413297 238 230 90 0.000000
0.07928038 -0.05288994 0.16487052 227 219 80 0.000000
0.08600871 -0.05323332 0.16469285 248 238 100 0.000000
0.07893113 -0.05237987 0.16493908 220 212 75 0.000000
0.08677755 -0.06677630 0.16443096 249 235 92 0.000000
0.08704558 -0.06843318 0.16437051 241 232 89 0.000000
0.07622414 -0.06229396 0.16440637 251 241 100 0.000000
0.07882294 -0.07028352 0.16400602 232 220 84 0.000000
0.08704273 -0.06393776 0.16448960 243 232 85 0.000000
0.08103861 -0.06219357 0.16433823 223 215 72 0.000000
0.09015001 -0.05755419 0.16503225 211 200 74 0.000000
0.08688950 -0.06279864 0.16450086 226 217 78 0.000000
0.08235359 -0.05853999 0.16426115 215 207 68 0.000000
0.08462233 -0.06421499 0.16434714 241 230 88 0.000000
0.07809659 -0.05994426 0.16452040 248 240 90 0.000000
0.08654888 -0.05142017 0.16505772 218 212 72 0.000000
0.09052957 -0.05720233 0.16507527 220 213 74 0.000000
0.08087403 -0.05210034 0.16487461 221 209 74 0.000000
0.08064725 -0.05495122 0.16459408 236 229 82 0.000000
0.08113757 -0.06069427 0.16441493 229 217 78 0.000000
0.07799921 -0.05430320 0.16479151 230 220 80 0.000000
0.08052542 -0.05193932 0.16491054 231 218 81 0.000000
0.07968592 -0.05365455 0.16476278 221 214 73 0.000000
0.07676426 -0.05581210 0.16470473 242 229 83 0.000000
0.07570507 -0.06094901 0.16449201 228 219 82 0.000000
0.08579224 -0.05617041 0.16435665 220 211 80 0.000000
0.07769629 -0.06155679 0.16444567 253 243 100 0.000000
0.07959084 -0.05178021 0.16497371 226 215 75 0.000000
0.09052957 -0.05720233 0.16507527 220 213 74 0.000000
0.07520200 -0.06748422 0.16404492 243 231 90 0.000000
0.08319424 -0.05717533 0.16440295 240 230 85 0.000000
0.08566643 -0.05741243 0.16444439 223 214 75 0.000000
0.07866067 -0.06932316 0.16405179 229 218 87 0.000000
0.08734621 -0.06008006 0.16463520 241 231 88 0.000000
0.08704088 -0.05226042 0.16496380 223 213 72 0.000000
0.08027259 -0.05393885 0.16469865 191 191 70 0.000000
0.08895887 -0.06096245 0.16474713 238 228 84 0.000000
0.08490111 -0.06234989 0.16438316 235 225 83 0.000000
0.08016276 -0.05685901 0.16456322 232 222 79 0.000000
0.08993295 -0.06440446 0.16461724 205 198 74 0.000000
0.08367214 -0.05440141 0.16440627 228 219 80 0.000000
0.08708994 -0.05538924 0.16464858 225 211 68 0.000000
0.08464064 -0.05960878 0.16407302 230 221 92 0.000000
0.07936355 -0.05931877 0.16447507 250 241 92 0.000000
0.09206536 -0.06106213 0.16482064 237 225 86 0.000000
0.08467871 -0.05257162 0.16472548 240 228 88 0.000000
0.07719071 -0.05202014 0.16500774 233 222 85 0.000000
0.08527954 -0.05781290 0.16431887 225 215 80 0.000000
0.07948551 -0.05701667 0.16457486 242 231 93 0.000000
0.07920779 -0.06907087 0.16407526 212 200 86 0.000000
0.08274068 -0.05207946 0.16479175 194 184 62 0.000000
0.08704273 -0.06393776 0.16448960 243 232 85 0.000000
0.07822021 -0.06525676 0.16424017 249 238 92 0.000000
0.08534067 -0.06198500 0.16441518 235 223 80 0.000000
0.09208136 -0.05834751 0.16504477 238 227 85 0.000000
0.07955641 -0.06465202 0.16427873 245 233 91 0.000000
0.07496415 -0.06774936 0.16402756 243 231 88 0.000000
0.09178213 -0.05971189 0.16493379 227 219 82 0.000000
0.07697145 -0.06797158 0.16405544 229 218 84 0.000000
0.08462233 -0.06421499 0.16434714 241 230 88 0.000000
0.08876461 -0.05354606 0.16505301 226 215 79 0.000000
0.08567228 -0.06876829 0.16426873 238 226 83 0.000000
0.07787733 -0.06236819 0.16439421 253 243 101 0.000000
0.07674113 -0.06526811 0.16421995 243 232 87 0.000000
0.08441139 -0.06066449 0.16427353 219 208 83 0.000000
0.08264554 -0.05260520 0.16470912 195 191 67 0.000000
0.07816973 -0.06097374 0.16446008 253 243 104 0.000000
0.08863888 -0.05235644 0.16515729 231 220 80 0.000000
0.08214826 -0.06758653 0.16418076 245 233 89 0.000000
0.09155535 -0.06015912 0.16489132 242 232 86 0.000000
0.08021573 -0.05485180 0.16463245 221 217 78 0.000000
0.08767894 -0.05268164 0.16498756 216 207 72 0.000000
0.09160099 -0.06426954 0.16471781 214 206 73 0.000000
0.07910898 -0.06318622 0.16434798 248 239 95 0.000000
0.08916554 -0.05619405 0.16503046 216 207 76 0.000000
0.07413671 -0.06669024 0.16410005 232 223 84 0.000000
0.07923216 -0.05422111 0.16474040 230 222 74 0.000000
0.08747887 -0.05858603 0.16474257 232 221 81 0.000000
0.08073927 -0.06766481 0.16412655 240 229 88 0.000000
0.08000715 -0.05575424 0.16458632 246 235 90 0.000000
0.07716252 -0.05631505 0.16465683 225 215 76 0.000000
0.08625896 -0.05003000 0.16524324 230 218 80 0.000000
0.07451696 -0.06445145 0.16424389 249 238 92 0.000000
0.07670372 -0.06858087 0.16405487 218 208 84 0.000000
0.08659400 -0.06501530 0.16444407 230 221 81 0.000000
0.08741193 -0.05135793 0.16514747 226 217 77 0.000000
0.08914144 -0.06729217 0.16453274 227 217 82 0.000000
0.07956459 -0.05264964 0.16487429 228 219 80 0.000000
0.08192527 -0.05502463 0.16451357 232 218 73 0.000000
0.07956824 -0.06746937 0.16410640 245 232 89 0.000000
0.08609626 -0.05376086 0.16459666 246 238 105 0.000000
0.08816261 -0.06165705 0.16465437 237 225 82 0.000000
0.09206536 -0.06106213 0.16482064 237 225 86 0.000000
0.08527954 -0.05781290 0.16431887 225 215 80 0.000000
0.08539017 -0.05674956 0.16445376 229 222 81 0.000000
0.08675183 -0.06338509 0.16449004 225 219 80 0.000000
0.08352164 -0.06502888 0.16426417 240 227 82 0.000000
0.09208136 -0.05834751 0.16504477 238 227 85 0.000000
0.08125503 -0.05409781 0.16464409 236 227 80 0.000000
0.08332777 -0.06551202 0.16426769 246 235 90 0.000000
0.09104384 -0.05677263 0.16512479 235 225 83 0.000000
0.07428861 -0.06500538 0.16422425 249 239 91 0.000000
0.08104675 -0.05731450 0.16451621 238 228 86 0.000000
0.07730372 -0.05825979 0.16457777 246 235 89 0.000000
0.07936355 -0.05931877 0.16447507 250 241 92 0.000000
0.07487230 -0.05933529 0.16459280 241 232 89 0.000000
0.08891939 -0.06834594 0.16448991 245 235 89 0.000000
0.08895049 -0.05912401 0.16490915 249 239 96 0.000000
0.08960115 -0.05545770 0.16508646 225 216 81 0.000000
0.08100086 -0.05338098 0.16473836 245 232 92 0.000000
0.07475030 -0.05843995 0.16462147 247 236 90 0.000000
0.08936128 -0.05494562 0.16507864 223 214 80 0.000000
0.07766612 -0.06898739 0.16403487 224 211 84 0.000000
0.08462687 -0.06653424 0.16429180 241 232 86 0.000000
0.08597808 -0.06784484 0.16434526 235 224 80 0.000000
0.08238880 -0.05414886 0.16456306 225 215 79 0.000000
0.08877507 -0.05262548 0.16515249 226 216 72 0.000000
0.08323344 -0.05856772 0.16425453 229 220 76 0.000000
0.09155535 -0.06015912 0.16489132 242 232 86 0.000000
0.07986621 -0.06110310 0.16436450 250 241 98 0.000000
0.09165750 -0.06544073 0.16477156 224 215 77 0.000000
0.08151350 -0.05498606 0.16455983 233 223 82 0.000000
0.08703680 -0.06486806 0.16446164 229 222 78 0.000000
0.08755898 -0.06555202 0.16445561 220 211 78 0.000000
0.08587056 -0.05453224 0.16442752 246 238 107 0.000000
0.08545117 -0.06367402 0.16442831 243 230 84 0.000000
0.08791441 -0.05913363 0.16478322 234 225 85 0.000000
0.07694887 -0.05512922 0.16475229 227 219 83 0.000000
0.08597808 -0.06784484 0.16434526 235 224 80 0.000000
0.07635172 -0.05697045 0.16464791 231 222 83 0.000000
0.08000715 -0.05575424 0.16458632 246 235 90 0.000000
0.09352290 -0.06158479 0.16489413 236 225 80 0.000000
0.08244240 -0.06037223 0.16427459 207 201 74 0.000000
0.08486029 -0.06594773 0.16432603 234 223 82 0.000000
0.08804517 -0.06026440 0.16470811 242 231 87 0.000000
0.07548334 -0.06042992 0.16452460 244 234 88 0.000000
0.08997642 -0.06196737 0.16468728 228 218 76 0.000000
0.07828306 -0.05250867 0.16495140 226 217 76 0.000000
0.09029691 -0.06109707 0.16476947 237 227 83 0.000000
0.07528943 -0.06837763 0.16402328 231 219 81 0.000000
0.08704088 -0.05226042 0.16496380 223 213 72 0.000000
0.07689825 -0.06079290 0.16449626 252 243 99 0.000000
0.07920779 -0.06907087 0.16407526 212 200 86 0.000000
0.07788423 -0.05742428 0.16458525 249 239 93 0.000000
0.08277071 -0.06747004 0.16419528 243 232 90 0.000000
0.08796337 -0.06562033 0.16448803 229 219 74 0.000000
0.08211561 -0.05712753 0.16441235 233 226 85 0.000000
0.07957240 -0.06935222 0.16406848 214 207 92 0.000000
0.08862026 -0.05696994 0.16493145 215 207 76 0.000000
0.08857137 -0.06218581 0.16464220 229 217 80 0.000000
0.07443573 -0.06266613 0.16438426 244 232 89 0.000000
0.08118453 -0.05250949 0.16482151 199 192 70 0.000000
0.07928038 -0.05288994 0.16487052 227 219 80 0.000000
0.09096055 -0.06480321 0.16467622 218 207 74 0.000000
0.07451273 -0.06969167 0.16391245 224 213 84 0.000000
0.09269602 -0.06379651 0.16483700 224 213 77 0.000000
0.07451273 -0.06969167 0.16391245 224 213 84 0.000000
0.07689825 -0.06079290 0.16449626 252 243 99 0.000000
0.08702099 -0.06745502 0.16442481 247 239 93 0.000000
0.08620658 -0.06690495 0.16439651 243 234 83 0.000000
0.08616193 -0.06255243 0.16446452 225 214 78 0.000000
0.08724529 -0.05504538 0.16469988 229 215 76 0.000000
0.08119923 -0.05553420 0.16455808 239 227 86 0.000000
0.08943304 -0.06306414 0.16464999 229 220 80 0.000000
0.08683938 -0.06118100 0.16457026 232 222 79 0.000000
0.07786392 -0.05840974 0.16457799 242 235 93 0.000000
0.08464825 -0.06494907 0.16434292 238 230 82 0.000000
0.08191400 -0.05810489 0.16437797 227 219 75 0.000000
0.09168543 -0.06275906 0.16470130 228 221 87 0.000000
0.07708400 -0.06442287 0.16427703 241 235 86 0.000000
0.08244599 -0.06314594 0.16431518 244 233 88 0.000000
0.08749695 -0.06162794 0.16460574 227 218 76 0.000000
0.07689217 -0.05713820 0.16461943 224 216 78 0.000000
0.07612649 -0.06357931 0.16432627 251 240 98 0.000000
0.08510453 -0.05717617 0.16442744 229 221 80 0.000000
0.07557718 -0.06705410 0.16406785 237 227 90 0.000000
0.07866067 -0.06932316 0.16405179 229 218 87 0.000000
0.08284228 -0.06274311 0.16431235 237 228 85 0.000000
0.08180314 -0.06802940 0.16415016 249 236 92 0.000000
0.07708246 -0.06713173 0.16408110 244 233 91 0.000000
0.07658664 -0.05833627 0.16460933 246 236 93 0.000000
0.07539016 -0.06472947 0.16424213 244 234 88 0.000000
0.08659945 -0.05249127 0.16488004 226 218 74 0.000000
0.08737513 -0.06599871 0.16446121 216 210 77 0.000000
0.09075257 -0.06248603 0.16463387 235 225 85 0.000000
0.08201998 -0.06970447 0.16406597 231 223 83 0.000000
0.08598609 -0.05692374 0.16449068 242 232 89 0.000000
0.07613353 -0.06300191 0.16435827 247 238 93 0.000000
0.08292411 -0.05430669 0.16449524 224 215 76 0.000000
0.07584237 -0.06454099 0.16424745 241 231 89 0.000000
0.09201156 -0.06304312 0.16474833 222 213 80 0.000000
0.07932678 -0.05204163 0.16495639 226 214 75 0.000000
0.07948036 -0.06796915 0.16409820 245 234 89 0.000000
0.07802278 -0.06854007 0.16404524 221 213 94 0.000000
0.07717130 -0.05745641 0.16460076 237 227 82 0.000000
0.08787223 -0.06130856 0.16464800 232 221 80 0.000000
0.08847422 -0.05923297 0.16486616 244 235 89 0.000000
0.07915108 -0.05894892 0.16451284 252 242 97 0.000000
0.09248415 -0.06121941 0.16481501 229 220 79 0.000000
0.08559483 -0.06108253 0.16436414 214 206 71 0.000000
0.07808759 -0.06379307 0.16433176 250 240 98 0.000000
0.08525284 -0.05444472 0.16434209 246 238 105 0.000000
0.07764188 -0.06710090 0.16408317 244 235 89 0.000000
0.08313219 -0.06457056 0.16428857 238 229 87 0.000000
0.07763108 -0.07020278 0.16397740 215 205 81 0.000000
0.08568073 -0.04992480 0.16525847 238 226 85 0.000000
0.08464552 -0.05409100 0.16436015 233 225 94 0.000000
0.08530739 -0.06624604 0.16434407 246 237 90 0.000000
0.08368308 -0.05338229 0.16455843 231 219 78 0.000000
0.07938640 -0.05222595 0.16493328 225 213 75 0.000000
0.09012610 -0.05796225 0.16500124 217 206 75 0.000000
0.08193085 -0.07036529 0.16403908 240 232 90 0.000000
0.08804517 -0.06026440 0.16470811 242 231 87 0.000000
0.07515521 -0.06516010 0.16421479 250 239 92 0.000000
0.08248815 -0.05684255 0.16437869 240 228 84 0.000000
0.08248815 -0.05684255 0.16437869 240 228 84 0.000000
0.08087403 -0.05210034 0.16487461 221 209 74 0.000000
0.08739480 -0.06509390 0.16447285 224 214 76 0.000000
0.08735775 -0.06100372 0.16462830 241 229 85 0.000000
0.08910935 -0.05750081 0.16497068 233 222 83 0.000000
0.09156100 -0.05719029 0.16511035 233 225 79 0.000000
0.08527954 -0.05781290 0.16431887 225 215 80 0.000000
0.08160736 -0.05096495 0.16498138 215 204 71 0.000000
0.08037801 -0.06298204 0.16433328 222 213 78 0.000000
0.08273084 -0.05901816 0.16427353 217 210 73 0.000000
0.08210283 -0.05168274 0.16488974 203 196 68 0.000000
0.08836713 -0.06865199 0.16443384 239 229 82 0.000000
0.08397090 -0.05886904 0.16408385 236 228 96 0.000000
0.08929010 -0.05951428 0.16489533 248 238 93 0.000000
0.08733068 -0.06050408 0.16462626 242 231 86 0.000000
0.08320443 -0.06923255 0.16413297 238 230 90 0.000000
0.09066587 -0.05874562 0.16498062 228 218 78 0.000000
0.08176903 -0.06756274 0.16417125 249 237 92 0.000000
0.07922820 -0.05359611 0.16480085 240 226 78 0.000000
0.08852580 -0.06735408 0.16449349 229 219 78 0.000000
0.07789450 -0.06146939 0.16445024 252 243 99 0.000000
0.09012610 -0.05796225 0.16500124 217 206 75 0.000000
0.08176752 -0.06920649 0.16409189 228 217 81 0.000000
0.08093126 -0.06797595 0.16411920 244 233 91 0.000000
0.07887083 -0.05849483 0.16456020 251 241 99 0.000000
0.08027259 -0.05393885 0.16469865 191 191 70 0.000000
0.09402750 -0.06226131 0.16493531 230 219 80 0.000000
0.08819681 -0.06258039 0.16460547 223 216 77 0.000000
0.08070232 -0.05632250 0.16454224 235 226 81 0.000000
0.08487576 -0.05991698 0.16410188 221 212 83 0.000000
0.07582987 -0.05684866 0.16467342 233 224 82 0.000000
0.09116723 -0.06569684 0.16473666 232 220 81 0.000000
0.08302590 -0.05105870 0.16497709 233 221 82 0.000000
0.09155535 -0.06015912 0.16489132 242 232 86 0.000000
0.08704558 -0.06843318 0.16437051 241 232 89 0.000000
0.08709542 -0.07012623 0.16427602 228 217 77 0.000000
0.07670206 -0.06183805 0.16444960 250 240 98 0.000000
0.08573242 -0.05027758 0.16517425 232 221 82 0.000000
0.08377679 -0.06511962 0.16427951 237 227 86 0.000000
0.07816973 -0.06097374 0.16446008 253 243 104 0.000000
0.08045332 -0.06960700 0.16404013 237 225 86 0.000000
0.08473203 -0.06033683 0.16427127 214 206 79 0.000000
0.07461356 -0.06148006 0.16445012 247 237 89 0.000000
0.07668369 -0.06689166 0.16407710 237 227 94 0.000000
0.07800902 -0.06515696 0.16424705 250 239 95 0.000000
0.08586119 -0.06988575 0.16421326 239 227 82 0.000000
0.07541273 -0.06941244 0.16399048 214 203 78 0.000000
0.08461813 -0.05281016 0.16464344 237 227 87 0.000000
0.08671357 -0.05892343 0.16459872 221 213 75 0.000000
0.09051727 -0.06028192 0.16487309 242 230 87 0.000000
0.08591016 -0.06459296 0.16443695 236 228 86 0.000000
0.08672526 -0.06980109 0.16427495 238 226 83 0.000000
0.08706311 -0.05350061 0.16478877 229 220 80 0.000000
0.08566976 -0.05517246 0.16429363 242 234 100 0.000000
0.07870030 -0.05160243 0.16501869 232 219 84 0.000000
0.07972183 -0.05404944 0.16472317 192 191 72 0.000000
0.08623564 -0.06638972 0.16442531 232 226 82 0.000000
0.08815791 -0.06392507 0.16459052 229 219 85 0.000000
0.08176752 -0.06920649 0.16409189 228 217 81 0.000000
0.07720385 -0.05377550 0.16485453 246 234 88 0.000000
0.07879458 -0.06950554 0.16405278 224 214 87 0.000000
0.07531627 -0.05271925 0.16498321 230 218 76 0.000000
0.08769348 -0.05443683 0.16481879 222 211 75 0.000000
0.07689217 -0.05713820 0.16461943 224 216 78 0.000000
0.08600871 -0.05323332 0.16469285 248 238 100 0.000000
0.07893113 -0.05237987 0.16493908 220 212 75 0.000000
0.08861971 -0.05796519 0.16492717 245 235 91 0.000000
0.07653668 -0.05969525 0.16456740 253 243 100 0.000000
0.09272793 -0.06246991 0.16483283 230 221 78 0.000000
0.08070232 -0.05632250 0.16454224 235 226 81 0.000000
0.07630039 -0.05262342 0.16496421 232 224 82 0.000000
0.09390000 -0.06184110 0.16492832 230 220 77 0.000000
0.08377054 -0.05200592 0.16479219 229 217 80 0.000000
0.07928038 -0.05288994 0.16487052 227 219 80 0.000000
0.08153678 -0.05267269 0.16479900 211 204 72 0.000000
0.08211561 -0.05712753 0.16441235 233 226 85 0.000000
0.08229098 -0.05902033 0.16428161 207 200 65 0.000000
0.08693632 -0.04987232 0.16529620 225 215 78 0.000000
0.08446366 -0.05871557 0.16397697 244 234 97 0.000000
0.08223397 -0.05351879 0.16464391 218 209 73 0.000000
0.08452677 -0.05075667 0.16506742 230 218 81 0.000000
0.07646316 -0.05751014 0.16461718 239 230 85 0.000000
0.08640474 -0.06944526 0.16426794 242 231 85 0.000000
0.08042029 -0.06816024 0.16408843 244 234 85 0.000000
0.08911341 -0.05577107 0.16502428 209 202 78 0.000000
0.08473203 -0.06033683 0.16427127 214 206 79 0.000000
0.07956459 -0.05264964 0.16487429 228 219 80 0.000000
0.07967103 -0.05615550 0.16457774 250 239 99 0.000000
0.09266749 -0.05899769 0.16498938 240 227 87 0.000000
0.07749251 -0.06295133 0.16435996 252 243 98 0.000000
0.08799224 -0.06515427 0.16451053 234 223 81 0.000000
0.07792675 -0.05180405 0.16500995 226 215 78 0.000000
0.08562081 -0.05578870 0.16429642 227 220 91 0.000000
0.09163752 -0.05829935 0.16503948 222 215 78 0.000000
0.08717368 -0.05046860 0.16526239 224 215 80 0.000000
0.08304811 -0.06838789 0.16416062 241 230 86 0.000000
0.08654112 -0.05973848 0.16449438 231 220 80 0.000000
0.08194746 -0.06888017 0.16411380 239 228 84 0.000000
0.08602513 -0.06191759 0.16445085 226 214 77 0.000000
0.08005726 -0.07031966 0.16402870 234 223 82 0.000000
0.07927188 -0.06357722 0.16432114 247 237 92 0.000000
0.08176752 -0.06920649 0.16409189 228 217 81 0.000000
0.08428379 -0.05352964 0.16452105 236 225 84 0.000000
0.08265278 -0.06558619 0.16424508 248 239 91 0.000000
0.08598555 -0.05266858 0.16479324 241 232 89 0.000000
0.08704088 -0.05226042 0.16496380 223 213 72 0.000000
0.08654112 -0.05973848 0.16449438 231 220 80 0.000000
0.07762771 -0.06828153 0.16404428 234 221 87 0.000000
0.08716344 -0.05905622 0.16467224 217 207 76 0.000000
0.08411299 -0.06667156 0.16427584 242 234 87 0.000000
0.08020829 -0.05740051 0.16455139 233 223 81 0.000000
0.07992890 -0.05191890 0.16493164 228 219 79 0.000000
0.07912647 -0.06062545 0.16443391 250 240 99 0.000000
0.08408521 -0.05400881 0.16443610 223 216 80 0.000000
0.08073927 -0.06766481 0.16412655 240 229 88 0.000000
0.08118453 -0.05250949 0.16482151 199 192 70 0.000000
0.08755898 -0.06555202 0.16445561 220 211 78 0.000000
0.08497687 -0.05406205 0.16435744 243 234 101 0.000000
0.09007914 -0.06066475 0.16482280 234 224 80 0.000000
0.08180314 -0.06802940 0.16415016 249 236 92 0.000000
0.08302590 -0.05105870 0.16497709 233 221 82 0.000000
0.08464825 -0.06494907 0.16434292 238 230 82 0.000000
0.07898349 -0.06133031 0.16441257 249 240 96 0.000000
0.09178809 -0.06372684 0.16473472 215 208 78 0.000000
0.07877234 -0.05413458 0.16478677 235 224 84 0.000000
0.07763108 -0.07020278 0.16397740 215 205 81 0.000000
0.08539017 -0.05674956 0.16445376 229 222 81 0.000000
0.08704088 -0.05226042 0.16496380 223 213 72 0.000000
0.07798585 -0.06045771 0.16449723 253 244 100 0.000000
0.08812691 -0.05656941 0.16486524 223 212 79 0.000000
0.07708246 -0.06713173 0.16408110 244 233 91 0.000000
0.08062326 -0.06630794 0.16418812 243 232 90 0.000000
0.08867884 -0.05647900 0.16494066 211 200 77 0.000000
0.07521641 -0.05337781 0.16491385 236 227 81 0.000000
0.08404675 -0.06096933 0.16418180 215 208 80 0.000000
0.08704088 -0.05226042 0.16496380 223 213 72 0.000000
0.09066587 -0.05874562 0.16498062 228 218 78 0.000000
0.08046556 -0.06350350 0.16431768 237 229 86 0.000000
0.08034916 -0.06251256 0.16434366 216 207 73 0.000000
0.08573242 -0.05027758 0.16517425 232 221 82 0.000000
0.07933932 -0.05662517 0.16459794 238 230 88 0.000000
0.07720797 -0.05678624 0.16462982 228 219 78 0.000000
0.09398736 -0.06135987 0.16487056 231 217 77 0.000000
0.08703648 -0.06679284 0.16444382 250 235 88 0.000000
0.08927715 -0.06071315 0.16479568 245 233 85 0.000000
0.08609626 -0.05376086 0.16459666 246 238 105 0.000000
0.07809406 -0.05613477 0.16459100 225 219 79 0.000000
0.07945127 -0.05858029 0.16452396 247 239 91 0.000000
