-0.017073 -0.016954 0.709932 0.890974 0.152113 -0.427816 2.000000
-0.017023 -0.016424 0.710088 0.865785 0.148859 -0.477763 2.000000
-0.017279 -0.018474 0.708447 -0.574628 -0.529716 0.623862 2.000000
-0.017489 -0.019797 0.707033 0.516945 0.660138 -0.544964 2.000000
-0.016950 -0.017589 0.708819 0.833180 0.291387 -0.470005 2.000000
-0.017322 -0.019588 0.706748 -0.518882 -0.657616 0.546171 2.000000
-0.017486 -0.019429 0.707484 -0.518255 -0.650032 0.555761 2.000000
-0.017351 -0.019171 0.707891 -0.531300 -0.638756 0.556517 2.000000
-0.017114 -0.019224 0.708104 -0.480205 -0.647815 0.591387 2.000000
-0.016734 -0.019318 0.708282 -0.473560 -0.649801 0.594558 2.000000
-0.016600 -0.019694 0.707905 -0.427940 -0.704397 0.566297 2.000000
-0.016752 -0.019854 0.707573 -0.473650 -0.692633 0.543981 2.000000
-0.016820 -0.019041 0.708525 -0.487704 -0.622343 0.612237 2.000000
-0.017497 -0.018971 0.707746 -0.552416 -0.617352 0.560101 2.000000
-0.017118 -0.019029 0.708275 -0.483960 -0.628868 0.608529 2.000000
-0.016829 -0.020037 0.707279 -0.471620 -0.673577 0.569094 2.000000
-0.016618 -0.019952 0.707504 -0.415461 -0.705127 0.574620 2.000000
-0.017193 -0.020165 0.706928 -0.493365 -0.676891 0.546270 2.000000
-0.016952 -0.018254 0.709006 0.730934 0.362678 -0.578100 2.000000
-0.016955 -0.019686 0.707643 -0.500411 -0.676647 0.540128 2.000000
-0.016587 -0.018657 0.709036 0.600873 0.545296 -0.584469 2.000000
-0.016661 -0.018274 0.709329 0.645887 0.506679 -0.571058 2.000000
-0.017094 -0.019950 0.707224 -0.488451 -0.675892 0.551892 2.000000
-0.016941 -0.020320 0.706926 -0.479755 -0.676039 0.559291 2.000000
-0.016802 -0.017663 0.709691 0.779192 0.415829 -0.468985 2.000000
-0.017069 -0.019336 0.708013 -0.481983 -0.650466 0.587014 2.000000
-0.017289 -0.019696 0.707364 -0.507387 -0.663336 0.550039 2.000000
-0.017269 -0.020362 0.706632 -0.519381 -0.684613 0.511418 2.000000
-0.017447 -0.020349 0.706317 -0.546005 -0.711577 0.442197 2.000000
-0.016891 -0.016463 0.710421 0.740024 0.183987 -0.646926 2.000000
-0.017359 -0.018818 0.708162 -0.580039 -0.534495 0.614711 2.000000
-0.016964 -0.018750 0.708626 -0.561920 -0.543488 0.623592 2.000000
-0.016641 -0.019528 0.708083 -0.448003 -0.673504 0.587951 2.000000
-0.017580 -0.020045 0.706633 -0.526962 -0.681016 0.508457 2.000000
-0.016836 -0.016962 0.710242 0.668289 0.391274 -0.632688 2.000000
-0.017051 -0.019501 0.707806 -0.502422 -0.673080 0.542710 2.000000
-0.014916 -0.021576 0.703712 0.287126 -0.957690 -0.019723 2.000000
-0.008015 -0.018147 0.713106 0.659876 -0.180237 0.729437 2.000000
-0.014834 -0.019469 0.706155 0.986701 0.157824 -0.038884 2.000000
-0.012184 -0.022911 0.702684 0.296314 -0.792866 -0.532505 2.000000
-0.009478 -0.018224 0.709930 -0.225483 0.622533 -0.749406 2.000000
-0.010799 -0.019673 0.707288 0.047740 0.989475 0.136603 2.000000
-0.006601 -0.032239 0.698647 0.676815 -0.728967 -0.102605 2.000000
-0.007172 -0.032606 0.698336 -0.545801 -0.782647 -0.299274 2.000000
-0.008520 -0.017694 0.712442 -0.544540 0.392291 -0.741340 2.000000
-0.008444 -0.018390 0.711578 0.668843 -0.461913 0.582482 2.000000
-0.007887 -0.019153 0.711609 0.624288 -0.286416 0.726795 2.000000
-0.014372 -0.016320 0.708810 0.878412 -0.043823 0.475891 2.000000
-0.013983 -0.015835 0.709193 0.213257 -0.958503 -0.189192 2.000000
-0.007519 -0.032657 0.698353 -0.590166 -0.676010 -0.441265 2.000000
-0.016279 -0.017324 0.708451 0.886667 -0.406937 0.219600 2.000000
-0.015802 -0.015904 0.709332 -0.491483 0.866675 -0.085551 2.000000
-0.012197 -0.026977 0.699530 0.838884 0.397841 0.371479 2.000000
-0.011814 -0.026630 0.699317 0.823766 0.325477 0.464193 2.000000
-0.011854 -0.027056 0.699032 0.848570 0.351499 0.395446 2.000000
-0.012111 -0.026869 0.699234 0.828899 0.313803 0.463092 2.000000
-0.011202 -0.027303 0.699134 0.851547 0.340200 0.398914 2.000000
-0.013611 -0.022838 0.702147 -0.553670 0.763112 0.333332 2.000000
-0.015295 -0.020280 0.705263 0.468170 -0.000883 -0.883638 2.000000
-0.015938 -0.018703 0.707011 0.200955 0.973346 0.110520 2.000000
-0.015700 -0.017044 0.708426 0.831496 -0.497317 0.247570 2.000000
-0.016234 -0.022210 0.703292 0.632777 0.773991 -0.023030 2.000000
-0.016495 -0.022149 0.703384 0.638664 0.769274 -0.018021 2.000000
-0.016610 -0.022044 0.703586 -0.613635 -0.782773 0.103527 2.000000
-0.016809 -0.021665 0.704556 -0.642743 -0.705298 0.299059 2.000000
-0.015798 -0.021828 0.703513 0.561204 0.826099 -0.051100 2.000000
-0.016579 -0.021781 0.703691 -0.640110 -0.760556 0.108688 2.000000
-0.013773 -0.023727 0.701271 0.698170 -0.042345 0.714678 2.000000
-0.017094 -0.021101 0.704945 -0.625319 -0.707973 0.328253 2.000000
-0.016710 -0.020615 0.705099 0.151467 -0.778569 0.609005 2.000000
-0.014959 -0.023020 0.702218 0.798219 0.575822 0.176851 2.000000
-0.006790 -0.026229 0.703056 -0.081023 0.793027 0.603775 2.000000
-0.012864 -0.024011 0.701171 0.746804 0.441787 0.497101 2.000000
-0.009304 -0.025115 0.702264 -0.062492 0.283868 0.956825 2.000000
-0.009382 -0.029839 0.699016 -0.584988 -0.304146 -0.751854 2.000000
-0.010041 -0.029936 0.699061 0.720344 0.425301 0.547927 2.000000
-0.010223 -0.029044 0.699158 -0.521366 -0.462512 -0.717120 2.000000
-0.007567 -0.020224 0.710363 0.693633 -0.611245 0.381120 2.000000
-0.011278 -0.020859 0.705561 -0.601579 0.709371 -0.367280 2.000000
-0.007402 -0.021082 0.709015 0.120706 -0.630169 0.767018 2.000000
-0.010304 -0.021683 0.705185 0.701082 -0.534258 -0.472284 2.000000
-0.006151 -0.022176 0.709850 -0.067232 -0.731298 -0.678737 2.000000
-0.009720 -0.020830 0.706652 0.752393 0.585130 0.302534 2.000000
-0.008289 -0.021771 0.706712 -0.223852 -0.785282 -0.577254 2.000000
-0.009280 -0.022059 0.705558 0.974671 -0.174281 -0.140154 2.000000
-0.010537 -0.023128 0.703434 0.805473 0.213088 0.552999 2.000000
-0.006922 -0.022614 0.707099 0.501639 0.096194 -0.859712 2.000000
-0.006506 -0.022363 0.708316 0.354810 0.039888 0.934087 2.000000
-0.010959 -0.023835 0.702376 -0.375201 0.921190 0.103112 2.000000
-0.009545 -0.023677 0.703581 -0.282961 -0.707612 -0.647471 2.000000
-0.006942 -0.027161 0.701917 0.649879 -0.618169 0.442181 2.000000
-0.007812 -0.031989 0.698582 0.638238 0.349389 0.685988 2.000000
-0.013312 -0.018457 0.707373 0.907422 0.345153 -0.239698 2.000000
-0.014412 -0.023520 0.701587 0.847912 0.282178 0.448799 2.000000
-0.013366 -0.021545 0.703945 0.018212 0.761266 0.648184 2.000000
-0.013186 -0.022363 0.702857 0.853003 -0.436710 -0.285779 2.000000
-0.007649 -0.029660 0.699613 0.550592 -0.638434 -0.537820 2.000000
-0.005624 -0.031011 0.699634 0.945875 0.134966 -0.295134 2.000000
-0.011643 -0.024943 0.700857 0.944083 0.205037 0.258201 2.000000
-0.014701 -0.022478 0.702546 0.433817 0.866112 0.248300 2.000000
-0.011436 -0.021943 0.704198 0.162244 -0.613467 -0.772875 2.000000
-0.012682 -0.025058 0.700288 0.774249 -0.074784 0.628447 2.000000
-0.009685 -0.028416 0.699386 0.452182 0.812296 0.368383 2.000000
-0.006780 -0.020775 0.711497 0.859490 0.025477 0.510517 2.000000
-0.008128 -0.017728 0.713467 -0.638027 0.175602 -0.749724 2.000000
-0.015436 -0.016611 0.708730 -0.742876 0.565188 -0.358745 2.000000
-0.015007 -0.016786 0.708496 0.853556 -0.488002 0.182472 2.000000
-0.008434 -0.031832 0.700187 -0.570891 -0.571881 0.589098 2.000000
-0.009289 -0.029156 0.699265 -0.658523 -0.156621 -0.736082 2.000000
-0.008552 -0.029422 0.699380 0.200515 -0.525327 -0.826937 2.000000
-0.008449 -0.031209 0.698715 0.712407 0.511515 0.480445 2.000000
-0.010405 -0.022424 0.704307 -0.221703 -0.078043 -0.971986 2.000000
-0.008536 -0.023180 0.704929 0.953794 0.119918 -0.275494 2.000000
-0.007984 -0.032692 0.699797 0.547555 0.589527 -0.593836 2.000000
-0.009983 -0.028564 0.702116 -0.617842 -0.621618 0.481520 2.000000
-0.009765 -0.028046 0.702798 -0.526962 -0.570798 0.629683 2.000000
-0.006410 -0.029629 0.703733 -0.261546 -0.647577 0.715708 2.000000
-0.006854 -0.027915 0.705127 -0.552354 -0.559473 0.617977 2.000000
-0.007130 -0.024848 0.708003 0.678513 0.593032 -0.433513 2.000000
-0.008604 -0.021949 0.710870 0.689490 0.678742 -0.252810 2.000000
-0.008329 -0.021780 0.711902 0.793866 0.577210 -0.191324 2.000000
-0.008141 -0.021994 0.712254 0.808260 0.570810 -0.144543 2.000000
-0.008109 -0.022268 0.711384 0.746934 0.639145 -0.183258 2.000000
-0.007812 -0.022464 0.712372 0.785582 0.605301 -0.128343 2.000000
-0.008015 -0.022368 0.711696 0.771224 0.620504 -0.142087 2.000000
-0.007997 -0.022239 0.712180 0.792991 0.594200 -0.134507 2.000000
-0.011379 -0.019504 0.711626 -0.236188 -0.866245 0.440267 2.000000
-0.011105 -0.019307 0.712074 -0.309846 -0.856634 0.412522 2.000000
-0.010475 -0.019447 0.712600 -0.574867 -0.729721 0.370182 2.000000
-0.009773 -0.020090 0.712538 -0.590288 -0.740413 0.321478 2.000000
-0.008695 -0.021104 0.713134 0.796608 0.588931 -0.136294 2.000000
-0.008609 -0.021376 0.712186 0.789338 0.584207 -0.188804 2.000000
-0.010597 -0.020177 0.711281 -0.550799 -0.697716 0.458054 2.000000
-0.009578 -0.019814 0.713463 0.634662 0.706776 -0.312523 2.000000
-0.006908 -0.023713 0.711657 0.789096 0.611151 -0.061823 2.000000
-0.010289 -0.018585 0.714352 0.644634 0.596108 -0.478646 2.000000
-0.012607 -0.018674 0.712311 -0.367727 -0.718081 0.590877 2.000000
-0.007383 -0.023623 0.709578 -0.665905 -0.694257 0.273089 2.000000
-0.011992 -0.018871 0.712534 -0.316609 -0.760826 0.566482 2.000000
-0.007025 -0.023501 0.710750 0.759982 0.636287 -0.132539 2.000000
-0.007943 -0.023941 0.707757 0.666937 0.600540 -0.441074 2.000000
-0.007377 -0.023848 0.709014 0.687502 0.654664 -0.314254 2.000000
-0.007191 -0.032913 0.698279 -0.545801 -0.782647 -0.299274 2.000000
-0.008795 -0.031548 0.698754 0.743674 0.559833 0.365426 2.000000
-0.012597 -0.026453 0.699993 0.818367 0.357916 0.449635 2.000000
-0.012361 -0.026531 0.699548 0.844648 0.335876 0.416843 2.000000
-0.012031 -0.027420 0.699794 0.837920 0.470468 0.276675 2.000000
-0.011509 -0.028246 0.699419 0.847010 0.453269 0.277709 2.000000
-0.011442 -0.028535 0.699746 0.840293 0.530759 0.110462 2.000000
-0.011164 -0.028961 0.699599 0.768317 0.634719 0.082590 2.000000
-0.010803 -0.027413 0.702359 -0.551106 -0.579614 0.600275 2.000000
-0.010784 -0.027784 0.702007 -0.551968 -0.619762 0.557878 2.000000
-0.010768 -0.029343 0.700081 0.756026 0.599063 -0.263720 2.000000
-0.010931 -0.028938 0.699293 0.826937 0.556735 0.078874 2.000000
-0.010966 -0.028952 0.700177 0.726835 0.628932 -0.275962 2.000000
-0.010855 -0.029413 0.699661 0.832008 0.554684 -0.009382 2.000000
-0.011215 -0.028554 0.699162 0.793240 0.492898 0.357522 2.000000
-0.010437 -0.029764 0.700102 0.725594 0.579905 -0.370436 2.000000
-0.011392 -0.028462 0.699300 0.850436 0.464705 0.246591 2.000000
-0.010145 -0.029471 0.700608 0.620709 0.537248 -0.571038 2.000000
-0.010039 -0.030064 0.700300 0.689969 0.561013 -0.457392 2.000000
-0.010286 -0.030099 0.699955 0.768009 0.583195 -0.264660 2.000000
-0.009701 -0.029775 0.700938 0.657306 0.507613 -0.557026 2.000000
-0.009800 -0.030020 0.700654 0.657512 0.524754 -0.540658 2.000000
-0.009787 -0.030364 0.700248 0.680832 0.586303 -0.438996 2.000000
-0.009267 -0.030053 0.701237 0.612463 0.551019 -0.566804 2.000000
-0.009705 -0.030867 0.699513 0.789967 0.611752 0.041371 2.000000
-0.009406 -0.030235 0.700943 0.629908 0.561258 -0.536847 2.000000
-0.008956 -0.028672 0.702455 -0.459050 -0.632464 0.623909 2.000000
-0.009521 -0.030951 0.699821 0.702019 0.649329 -0.292474 2.000000
-0.008907 -0.029033 0.702257 -0.492006 -0.583205 0.646376 2.000000
-0.009459 -0.031163 0.699626 0.758812 0.640946 -0.115723 2.000000
-0.008904 -0.030455 0.701234 -0.565731 -0.589162 0.576920 2.000000
-0.009117 -0.031210 0.700005 0.641989 0.625888 -0.442848 2.000000
-0.008734 -0.028857 0.702577 -0.503768 -0.600294 0.621180 2.000000
-0.009227 -0.031441 0.699571 0.733307 0.623436 -0.271273 2.000000
-0.008187 -0.027591 0.704232 -0.526389 -0.499206 0.688265 2.000000
-0.008680 -0.030777 0.701081 -0.510210 -0.651887 0.561007 2.000000
-0.009098 -0.030785 0.700524 -0.587786 -0.631129 0.506147 2.000000
-0.008364 -0.028614 0.703232 -0.558447 -0.573601 0.599264 2.000000
-0.011934 -0.027303 0.699240 0.851180 0.343670 0.396716 2.000000
-0.008968 -0.031598 0.699463 0.754172 0.628294 -0.190977 2.000000
-0.008474 -0.030422 0.701644 -0.510731 -0.591509 0.623916 2.000000
-0.008754 -0.031453 0.700169 -0.596301 -0.610145 0.521678 2.000000
-0.008346 -0.029599 0.702413 -0.578115 -0.537184 0.614180 2.000000
-0.008172 -0.029032 0.703042 -0.590839 -0.546528 0.593479 2.000000
-0.007852 -0.027858 0.704257 -0.552288 -0.472414 0.686879 2.000000
-0.008234 -0.030984 0.701270 -0.494580 -0.670259 0.553303 2.000000
-0.007927 -0.028698 0.703562 -0.542539 -0.542213 0.641605 2.000000
-0.007987 -0.028831 0.703230 -0.587937 -0.544248 0.598434 2.000000
-0.008858 -0.031786 0.699706 0.662255 0.634198 -0.399012 2.000000
-0.007543 -0.028168 0.704258 -0.549221 -0.462686 0.695901 2.000000
-0.008413 -0.031474 0.700431 -0.549668 -0.610188 0.570557 2.000000
-0.008357 -0.030713 0.701459 -0.495243 -0.623871 0.604581 2.000000
-0.008842 -0.031865 0.699473 0.730666 0.641287 -0.234261 2.000000
-0.008319 -0.031088 0.701059 -0.494497 -0.647815 0.579490 2.000000
-0.007769 -0.029147 0.703240 -0.568944 -0.539746 0.620465 2.000000
-0.007767 -0.029771 0.702834 -0.567144 -0.556648 0.607034 2.000000
-0.008005 -0.031556 0.700600 -0.511843 -0.610511 0.604395 2.000000
-0.008204 -0.031934 0.700222 -0.557269 -0.555617 0.617042 2.000000
-0.007507 -0.029383 0.703430 -0.511204 -0.565292 0.647391 2.000000
-0.006983 -0.028161 0.704861 -0.551470 -0.496190 0.670579 2.000000
-0.008139 -0.032330 0.699937 0.600455 0.535440 -0.593935 2.000000
-0.007680 -0.031655 0.700860 -0.510281 -0.600730 0.615416 2.000000
-0.007346 -0.030631 0.702398 -0.453295 -0.644868 0.615361 2.000000
-0.007760 -0.032556 0.699959 -0.531234 -0.570062 0.626753 2.000000
-0.006809 -0.028519 0.704637 -0.419934 -0.592511 0.687449 2.000000
-0.007311 -0.029956 0.703050 -0.432048 -0.642298 0.633079 2.000000
-0.007664 -0.032052 0.700481 -0.531844 -0.555548 0.639146 2.000000
-0.006978 -0.029655 0.703605 -0.350250 -0.631563 0.691703 2.000000
-0.006991 -0.029935 0.703294 -0.378573 -0.654316 0.654640 2.000000
-0.007050 -0.030471 0.702659 -0.392419 -0.657249 0.643453 2.000000
-0.007309 -0.032326 0.700639 -0.541348 -0.550979 0.635110 2.000000
-0.006645 -0.028239 0.704962 -0.444563 -0.571532 0.689721 2.000000
-0.006961 -0.030146 0.702942 -0.358537 -0.651550 0.668531 2.000000
-0.007426 -0.032687 0.700142 -0.510970 -0.568727 0.644561 2.000000
-0.007688 -0.032934 0.699793 -0.533597 -0.616033 0.579463 2.000000
-0.006549 -0.029401 0.703855 -0.281938 -0.626963 0.726242 2.000000
-0.007381 -0.033386 0.699525 0.581282 0.772695 -0.255056 2.000000
-0.006720 -0.029898 0.703472 -0.310579 -0.656799 0.687136 2.000000
-0.006937 -0.032026 0.701192 -0.508702 -0.575800 0.640059 2.000000
-0.006523 -0.029794 0.703602 -0.276124 -0.645027 0.712528 2.000000
-0.006212 -0.028979 0.704435 -0.338412 -0.663977 0.666793 2.000000
-0.007086 -0.033101 0.700061 -0.494214 -0.620259 0.609124 2.000000
-0.006542 -0.030784 0.702644 0.357051 0.641816 -0.678666 2.000000
-0.006602 -0.030217 0.702999 -0.297669 -0.670790 0.679290 2.000000
-0.006155 -0.029526 0.703920 -0.289351 -0.639160 0.712566 2.000000
-0.006568 -0.032944 0.700572 -0.525308 -0.571259 0.630646 2.000000
-0.008383 -0.032557 0.699503 0.697246 0.623517 -0.353660 2.000000
-0.011669 -0.027401 0.698953 0.851547 0.340200 0.398914 2.000000
-0.008100 -0.032820 0.699641 0.680613 0.617077 -0.394946 2.000000
-0.006976 -0.032643 0.700624 -0.535511 -0.566669 0.626190 2.000000
-0.011188 -0.027854 0.699004 0.828630 0.420010 0.370085 2.000000
-0.010865 -0.028448 0.699099 0.634978 0.486567 0.600047 2.000000
-0.009223 -0.030955 0.698743 0.782597 0.465226 0.413650 2.000000
-0.007658 -0.030670 0.699149 0.921186 -0.235677 -0.309635 2.000000
-0.015581 -0.022614 0.704301 -0.405507 -0.848681 0.339565 2.000000
-0.016811 -0.021638 0.704151 0.724667 0.671459 -0.154923 2.000000
-0.016492 -0.022136 0.703843 -0.613635 -0.782773 0.103527 2.000000
-0.016062 -0.018894 0.709257 -0.524606 -0.670669 0.524396 2.000000
-0.016477 -0.018168 0.709589 0.653386 0.499602 -0.568757 2.000000
-0.015053 -0.016959 0.711570 0.569195 0.413518 -0.710647 2.000000
-0.015481 -0.019053 0.709786 -0.509582 -0.708407 0.488350 2.000000
-0.016296 -0.018442 0.709507 0.591231 0.562962 -0.577512 2.000000
-0.014969 -0.018830 0.710484 -0.488902 -0.625038 0.608524 2.000000
-0.016072 -0.018372 0.709866 0.613518 0.553465 -0.563269 2.000000
-0.016024 -0.017736 0.710406 -0.628795 -0.411401 0.659823 2.000000
-0.014683 -0.017187 0.711727 0.566370 0.459781 -0.683979 2.000000
-0.014496 -0.017945 0.711409 -0.581975 -0.447202 0.679202 2.000000
-0.015645 -0.019728 0.708609 -0.406994 -0.712066 0.572118 2.000000
-0.015108 -0.017411 0.711311 -0.536428 -0.430915 0.725643 2.000000
-0.013886 -0.018641 0.711608 -0.538244 -0.615463 0.575760 2.000000
-0.015791 -0.022420 0.704458 -0.421516 -0.823635 0.379407 2.000000
-0.016215 -0.019301 0.708633 -0.463545 -0.666526 0.583840 2.000000
-0.014973 -0.021441 0.706678 -0.310485 -0.799784 0.513756 2.000000
-0.016571 -0.020850 0.706401 -0.416626 -0.761657 0.496288 2.000000
-0.016265 -0.019576 0.708302 -0.432732 -0.694487 0.574831 2.000000
-0.015344 -0.022723 0.704244 -0.402857 -0.842558 0.357494 2.000000
-0.016205 -0.021143 0.706316 -0.385695 -0.779650 0.493342 2.000000
-0.015099 -0.022453 0.704994 -0.348275 -0.792580 0.500521 2.000000
-0.016327 -0.021352 0.705903 -0.423177 -0.794618 0.435321 2.000000
-0.016130 -0.021238 0.706199 -0.384804 -0.781882 0.490497 2.000000
-0.015814 -0.020030 0.708076 -0.417681 -0.738591 0.529175 2.000000
-0.015917 -0.021461 0.706041 -0.360176 -0.811511 0.460134 2.000000
-0.014750 -0.022843 0.704573 -0.337088 -0.824241 0.454971 2.000000
-0.015747 -0.021247 0.706510 -0.355095 -0.780983 0.513783 2.000000
-0.016508 -0.019439 0.708227 -0.444874 -0.668798 0.595647 2.000000
-0.015764 -0.021690 0.705731 -0.349562 -0.813115 0.465458 2.000000
-0.015518 -0.019969 0.708435 -0.394000 -0.728992 0.559763 2.000000
-0.015623 -0.021043 0.706860 -0.350513 -0.757527 0.550720 2.000000
-0.015438 -0.020633 0.707477 -0.364819 -0.736447 0.569695 2.000000
-0.015802 -0.022183 0.704870 -0.359654 -0.805720 0.470599 2.000000
-0.014576 -0.023715 0.701875 0.770308 0.606371 0.197332 2.000000
-0.014585 -0.023421 0.703171 -0.484471 -0.821485 0.300750 2.000000
-0.014844 -0.023598 0.702430 0.718226 0.690967 0.081954 2.000000
-0.015524 -0.021966 0.705404 -0.334395 -0.803258 0.492906 2.000000
-0.013246 -0.018931 0.711650 -0.345676 -0.759181 0.551499 2.000000
-0.015155 -0.020007 0.708590 -0.346221 -0.751155 0.562047 2.000000
-0.015425 -0.021454 0.706372 -0.329909 -0.804732 0.493524 2.000000
-0.015223 -0.020912 0.707290 -0.349023 -0.745029 0.568432 2.000000
-0.015336 -0.021794 0.705832 -0.342802 -0.814088 0.468772 2.000000
-0.014229 -0.023104 0.704411 -0.332351 -0.837669 0.433420 2.000000
-0.014083 -0.024314 0.701903 0.825379 0.563436 0.035912 2.000000
-0.014386 -0.024062 0.701959 0.781043 0.603797 0.159375 2.000000
-0.014297 -0.023681 0.702995 -0.502745 -0.770879 0.391142 2.000000
-0.014926 -0.020393 0.708163 -0.325061 -0.770180 0.548779 2.000000
-0.014956 -0.021242 0.707012 -0.310209 -0.777462 0.547105 2.000000
-0.014795 -0.020218 0.708496 -0.310464 -0.766946 0.561610 2.000000
-0.014224 -0.023474 0.703490 -0.418875 -0.818928 0.392302 2.000000
-0.014651 -0.019974 0.708824 -0.300770 -0.780684 0.547786 2.000000
-0.015395 -0.022992 0.703487 -0.538820 -0.826639 0.162301 2.000000
-0.014661 -0.021013 0.707463 -0.286153 -0.777480 0.560037 2.000000
-0.014852 -0.021696 0.706319 -0.323819 -0.808837 0.490841 2.000000
-0.013975 -0.023713 0.703282 -0.477992 -0.755269 0.448434 2.000000
-0.014964 -0.022256 0.705369 -0.351493 -0.795852 0.493024 2.000000
-0.014037 -0.024017 0.702765 -0.594939 -0.706734 0.382851 2.000000
-0.014489 -0.020599 0.708132 -0.292724 -0.771813 0.564461 2.000000
-0.013622 -0.023416 0.704277 -0.391269 -0.807627 0.441187 2.000000
-0.015060 -0.023375 0.702859 0.682561 0.730828 -0.001060 2.000000
-0.015010 -0.023050 0.703827 -0.409528 -0.854042 0.320780 2.000000
-0.013861 -0.024598 0.701360 0.862086 0.305970 0.403968 2.000000
-0.014389 -0.021946 0.706263 -0.295787 -0.803415 0.516754 2.000000
-0.014305 -0.021585 0.706852 -0.276592 -0.792058 0.544188 2.000000
-0.014342 -0.022176 0.705938 -0.315130 -0.803956 0.504329 2.000000
-0.014560 -0.023268 0.703783 -0.387373 -0.856916 0.340055 2.000000
-0.013231 -0.025175 0.700555 0.885905 0.152568 0.438058 2.000000
-0.014379 -0.023888 0.701678 0.799178 0.567996 0.196708 2.000000
-0.016630 -0.020325 0.707056 -0.401864 -0.703788 0.585822 2.000000
-0.014009 -0.022077 0.706307 -0.272742 -0.801520 0.532144 2.000000
-0.012969 -0.025461 0.700209 0.855656 0.118830 0.503718 2.000000
-0.014264 -0.022834 0.704816 -0.326982 -0.815390 0.477726 2.000000
-0.016225 -0.020025 0.707710 -0.400437 -0.718741 0.568385 2.000000
-0.013380 -0.025401 0.700835 0.895533 0.230815 0.380453 2.000000
-0.016039 -0.021065 0.706578 -0.367294 -0.766741 0.526500 2.000000
-0.013982 -0.022582 0.705499 -0.317335 -0.800046 0.509142 2.000000
-0.016212 -0.020607 0.707051 -0.377230 -0.718266 0.584630 2.000000
-0.013031 -0.025843 0.700341 0.850188 0.285136 0.442580 2.000000
-0.016726 -0.020504 0.706855 -0.424305 -0.716096 0.554230 2.000000
-0.013635 -0.021872 0.706750 -0.267269 -0.797695 0.540602 2.000000
-0.015989 -0.021676 0.705600 -0.354573 -0.803358 0.478429 2.000000
-0.016087 -0.022133 0.704812 -0.418916 -0.805066 0.419975 2.000000
-0.014113 -0.024300 0.701698 0.834981 0.546517 0.064238 2.000000
-0.015822 -0.020777 0.707053 -0.364679 -0.730350 0.577579 2.000000
-0.016417 -0.020263 0.707312 -0.387530 -0.710614 0.587238 2.000000
-0.015748 -0.020288 0.707714 -0.387157 -0.745197 0.542946 2.000000
-0.016289 -0.022214 0.704375 -0.555425 -0.809011 0.192367 2.000000
-0.016407 -0.018556 0.709230 0.615575 0.548059 -0.566303 2.000000
-0.013886 -0.024575 0.702056 0.744013 0.644015 -0.178016 2.000000
-0.013568 -0.022862 0.705348 -0.354295 -0.777576 0.519472 2.000000
-0.015798 -0.021338 0.706311 -0.354551 -0.792334 0.496488 2.000000
-0.013046 -0.021997 0.706830 -0.287029 -0.795046 0.534337 2.000000
-0.012290 -0.024646 0.703759 -0.442822 -0.671232 0.594438 2.000000
-0.015823 -0.021879 0.705177 -0.352849 -0.798181 0.488267 2.000000
-0.013775 -0.024983 0.701533 0.896209 0.420790 0.140515 2.000000
-0.014049 -0.023528 0.703683 -0.419442 -0.817683 0.394288 2.000000
-0.014145 -0.024293 0.702253 0.750869 0.641216 -0.158234 2.000000
-0.015395 -0.020262 0.707992 -0.383126 -0.760954 0.523606 2.000000
-0.013510 -0.024200 0.703266 -0.546809 -0.669153 0.503224 2.000000
-0.015647 -0.022790 0.703328 0.625511 0.776378 -0.077290 2.000000
-0.015945 -0.020429 0.707419 -0.381073 -0.720954 0.578800 2.000000
-0.013650 -0.024616 0.702492 -0.626333 -0.669334 0.399623 2.000000
-0.011494 -0.024672 0.704415 -0.469695 -0.655169 0.591727 2.000000
-0.013615 -0.024944 0.702073 0.712173 0.626476 -0.316760 2.000000
-0.013551 -0.025349 0.701344 0.923082 0.340211 0.179375 2.000000
-0.015379 -0.022497 0.704670 -0.367365 -0.802985 0.469316 2.000000
-0.013329 -0.023239 0.704854 -0.372066 -0.797079 0.475638 2.000000
-0.012211 -0.024196 0.704265 -0.433861 -0.679158 0.592039 2.000000
-0.015506 -0.021626 0.706000 -0.338318 -0.818275 0.464723 2.000000
-0.015979 -0.019068 0.708974 -0.486084 -0.689080 0.537487 2.000000
-0.015770 -0.019395 0.708841 -0.453088 -0.718911 0.527142 2.000000
-0.011686 -0.025307 0.703411 -0.448544 -0.625041 0.638852 2.000000
-0.012365 -0.026902 0.699961 0.844791 0.435599 0.310776 2.000000
-0.015166 -0.019628 0.708981 -0.371634 -0.765606 0.525105 2.000000
-0.012674 -0.025651 0.699825 0.789744 0.237497 0.565597 2.000000
-0.015431 -0.022193 0.705082 -0.342157 -0.799751 0.493282 2.000000
-0.015368 -0.023079 0.703121 0.591553 0.805752 -0.028798 2.000000
-0.013615 -0.024745 0.702309 0.672839 0.642266 -0.367126 2.000000
-0.013744 -0.023824 0.703456 -0.496636 -0.737855 0.457082 2.000000
-0.011911 -0.024680 0.703975 -0.432332 -0.667074 0.606713 2.000000
-0.013177 -0.023591 0.704350 -0.429233 -0.769830 0.472356 2.000000
-0.015326 -0.021884 0.705603 -0.341185 -0.809824 0.477260 2.000000
-0.013193 -0.025650 0.700560 0.898216 0.240027 0.368233 2.000000
-0.013531 -0.025277 0.701095 0.900684 0.294301 0.319617 2.000000
-0.013880 -0.024298 0.702678 -0.602675 -0.689811 0.401178 2.000000
-0.014969 -0.023458 0.702576 0.783119 0.621869 0.001969 2.000000
-0.013386 -0.025497 0.701611 0.781698 0.570501 -0.251948 2.000000
-0.012502 -0.026799 0.700236 0.827920 0.499282 0.255470 2.000000
-0.013376 -0.025590 0.701092 0.878687 0.448825 0.162679 2.000000
-0.013118 -0.024493 0.703300 -0.545671 -0.655784 0.521718 2.000000
-0.015541 -0.019240 0.709228 -0.458410 -0.734815 0.499907 2.000000
-0.014991 -0.020674 0.707746 -0.348326 -0.748317 0.564527 2.000000
-0.015124 -0.022626 0.704678 -0.347827 -0.814754 0.463889 2.000000
-0.013564 -0.024439 0.702900 -0.569769 -0.664195 0.483951 2.000000
-0.011374 -0.023603 0.705689 -0.390832 -0.728121 0.563108 2.000000
-0.012883 -0.023401 0.704988 -0.357096 -0.780855 0.512590 2.000000
-0.011489 -0.024338 0.704737 -0.470905 -0.651337 0.594986 2.000000
-0.011232 -0.025711 0.703452 -0.497865 -0.593568 0.632303 2.000000
-0.012780 -0.023712 0.704527 -0.407486 -0.754633 0.514280 2.000000
-0.011058 -0.025397 0.703963 -0.519706 -0.626217 0.581169 2.000000
-0.014839 -0.022075 0.705747 -0.336698 -0.803330 0.491218 2.000000
-0.011530 -0.024945 0.703967 -0.475073 -0.643788 0.599869 2.000000
-0.014559 -0.021320 0.707122 -0.280973 -0.790771 0.543816 2.000000
-0.013433 -0.025284 0.701929 0.728359 0.586833 -0.353723 2.000000
-0.013238 -0.025785 0.700910 0.877814 0.422067 0.226499 2.000000
-0.014495 -0.020907 0.707708 -0.284263 -0.774703 0.564827 2.000000
-0.014924 -0.023237 0.703382 -0.506075 -0.832410 0.225789 2.000000
-0.014684 -0.023304 0.703457 -0.433549 -0.844819 0.313555 2.000000
-0.015250 -0.021192 0.706902 -0.329184 -0.775835 0.538254 2.000000
-0.012642 -0.026045 0.699774 0.817194 0.204702 0.538787 2.000000
-0.014460 -0.020372 0.708426 -0.292331 -0.768311 0.569422 2.000000
-0.011024 -0.023436 0.706217 -0.330056 -0.733756 0.593856 2.000000
-0.013137 -0.024190 0.703631 -0.500623 -0.678529 0.537564 2.000000
-0.011204 -0.026420 0.702868 -0.501815 -0.566687 0.653489 2.000000
-0.010930 -0.025822 0.703601 -0.512234 -0.589633 0.624460 2.000000
-0.013213 -0.024782 0.702782 -0.586421 -0.643627 0.491788 2.000000
-0.015199 -0.018990 0.709989 -0.484566 -0.707289 0.514722 2.000000
-0.012829 -0.026116 0.700179 0.859176 0.298880 0.415316 2.000000
-0.012940 -0.026258 0.700680 0.850588 0.501669 0.157568 2.000000
-0.011182 -0.025025 0.704217 -0.496719 -0.625854 0.601313 2.000000
-0.013245 -0.025206 0.702160 0.673819 0.603328 -0.426572 2.000000
-0.012467 -0.023581 0.704942 -0.346045 -0.756197 0.555355 2.000000
-0.012968 -0.025200 0.702494 -0.606104 -0.618934 0.499559 2.000000
-0.010909 -0.026307 0.703196 -0.496249 -0.566955 0.657494 2.000000
-0.011317 -0.024557 0.704602 -0.464856 -0.653280 0.597607 2.000000
-0.015010 -0.021555 0.706454 -0.321587 -0.809242 0.491639 2.000000
-0.014188 -0.020252 0.708707 -0.287430 -0.782041 0.552989 2.000000
-0.010577 -0.026009 0.703762 -0.500644 -0.597244 0.626621 2.000000
-0.014249 -0.019990 0.709044 -0.307242 -0.799214 0.516584 2.000000
-0.012922 -0.024012 0.704064 -0.464978 -0.695390 0.547931 2.000000
-0.011702 -0.027902 0.699641 0.848756 0.446079 0.283949 2.000000
-0.011033 -0.026806 0.702601 -0.531918 -0.569361 0.626810 2.000000
-0.012918 -0.024815 0.703076 -0.561273 -0.638706 0.526333 2.000000
-0.012692 -0.025396 0.702462 0.603175 0.590496 -0.536184 2.000000
-0.013967 -0.021012 0.707780 -0.266964 -0.780800 0.564873 2.000000
-0.014179 -0.020825 0.708001 -0.266701 -0.778429 0.568260 2.000000
-0.013052 -0.024937 0.702651 -0.597045 -0.633428 0.492246 2.000000
-0.012022 -0.023449 0.705310 -0.356238 -0.741130 0.569053 2.000000
-0.010874 -0.025055 0.704485 -0.452215 -0.619064 0.642076 2.000000
-0.012182 -0.023951 0.704658 -0.399459 -0.699668 0.592366 2.000000
-0.014627 -0.021506 0.706763 -0.298673 -0.790243 0.535080 2.000000
-0.014465 -0.024026 0.702367 -0.699234 -0.708616 0.094525 2.000000
-0.012352 -0.026049 0.699524 0.811414 0.189049 0.553054 2.000000
-0.013874 -0.024746 0.701757 0.843476 0.536652 0.023507 2.000000
-0.010767 -0.024622 0.704931 -0.393331 -0.640342 0.659736 2.000000
-0.013778 -0.020436 0.708670 -0.274283 -0.782087 0.559561 2.000000
-0.010814 -0.026699 0.703014 -0.513922 -0.554793 0.654285 2.000000
-0.010518 -0.026388 0.703474 -0.510500 -0.562445 0.650419 2.000000
-0.014370 -0.020096 0.708831 -0.295842 -0.784423 0.545122 2.000000
-0.014148 -0.022746 0.705041 -0.330869 -0.806071 0.490689 2.000000
-0.010602 -0.025735 0.704056 -0.471581 -0.625412 0.621668 2.000000
-0.014591 -0.022430 0.705223 -0.336020 -0.800738 0.495892 2.000000
-0.010998 -0.025905 0.703360 -0.507452 -0.573717 0.642916 2.000000
-0.010446 -0.024944 0.704844 -0.403056 -0.614640 0.678059 2.000000
-0.011904 -0.023941 0.704870 -0.416165 -0.688533 0.593910 2.000000
-0.014028 -0.023342 0.704161 -0.362758 -0.836393 0.410918 2.000000
-0.012126 -0.025776 0.702815 -0.532601 -0.587856 0.608902 2.000000
-0.011700 -0.023448 0.705589 -0.415924 -0.723852 0.550495 2.000000
-0.010525 -0.025277 0.704519 -0.402196 -0.619363 0.674261 2.000000
-0.013714 -0.020806 0.708202 -0.281140 -0.777920 0.561961 2.000000
-0.013830 -0.023517 0.703984 -0.414163 -0.801551 0.431260 2.000000
-0.013492 -0.020311 0.709011 -0.288221 -0.791561 0.538851 2.000000
-0.010142 -0.026403 0.703718 -0.486467 -0.557729 0.672523 2.000000
-0.013317 -0.020547 0.708749 -0.315808 -0.769992 0.554416 2.000000
-0.010457 -0.027251 0.702793 -0.543572 -0.537236 0.644908 2.000000
-0.011647 -0.027691 0.699104 0.831275 0.400760 0.385192 2.000000
-0.010732 -0.026060 0.703461 -0.513115 -0.575192 0.637077 2.000000
-0.011553 -0.023882 0.705160 -0.438543 -0.686062 0.580516 2.000000
-0.014135 -0.022319 0.705759 -0.303245 -0.805428 0.509243 2.000000
-0.013347 -0.021099 0.707978 -0.314072 -0.774062 0.549715 2.000000
-0.013768 -0.023195 0.704545 -0.353808 -0.821537 0.447099 2.000000
-0.016741 -0.021005 0.706079 -0.481314 -0.762675 0.432046 2.000000
-0.010254 -0.026066 0.703965 -0.464460 -0.591240 0.659327 2.000000
-0.011879 -0.026012 0.702715 -0.501723 -0.578735 0.642915 2.000000
-0.013991 -0.021846 0.706622 -0.270055 -0.796550 0.540905 2.000000
-0.010467 -0.027815 0.702302 -0.580483 -0.582007 0.569481 2.000000
-0.011131 -0.028990 0.699924 0.754079 0.645625 -0.120554 2.000000
-0.010114 -0.025602 0.704477 -0.378540 -0.605527 0.700032 2.000000
-0.009950 -0.024480 0.705628 -0.416949 -0.651922 0.633365 2.000000
-0.011415 -0.028149 0.699164 0.842657 0.446498 0.300947 2.000000
-0.011622 -0.026240 0.702786 -0.474512 -0.592845 0.650671 2.000000
-0.011262 -0.024030 0.705285 -0.410231 -0.686479 0.600381 2.000000
-0.009947 -0.026835 0.703538 -0.444081 -0.566951 0.693800 2.000000
-0.009684 -0.024746 0.705556 -0.436124 -0.638242 0.634384 2.000000
-0.013061 -0.021138 0.708102 -0.325167 -0.767897 0.551907 2.000000
-0.013809 -0.022221 0.706125 -0.275413 -0.793841 0.542185 2.000000
-0.010058 -0.027217 0.703091 -0.487132 -0.530488 0.693747 2.000000
-0.013080 -0.020825 0.708486 -0.333684 -0.772908 0.539693 2.000000
-0.009854 -0.027108 0.703395 -0.449532 -0.530309 0.718814 2.000000
-0.016467 -0.021351 0.705702 -0.515928 -0.763185 0.389059 2.000000
-0.011396 -0.022858 0.706618 -0.338118 -0.731360 0.592275 2.000000
-0.010200 -0.026605 0.703460 -0.490921 -0.548239 0.677075 2.000000
-0.013201 -0.022627 0.705767 -0.300911 -0.762498 0.572756 2.000000
-0.013623 -0.022497 0.705792 -0.301805 -0.785487 0.540300 2.000000
-0.009767 -0.026393 0.703979 -0.434904 -0.571882 0.695564 2.000000
-0.010202 -0.028149 0.701948 -0.594492 -0.634757 0.493622 2.000000
-0.011839 -0.027849 0.700425 0.763365 0.616561 -0.192683 2.000000
-0.011313 -0.026058 0.703121 -0.490048 -0.571109 0.658550 2.000000
-0.012722 -0.021026 0.708455 -0.343942 -0.768119 0.540090 2.000000
-0.009852 -0.027675 0.702917 -0.520546 -0.531974 0.667859 2.000000
-0.010220 -0.028628 0.701312 -0.578548 -0.642398 0.502601 2.000000
-0.013599 -0.023680 0.703765 -0.469568 -0.748835 0.467710 2.000000
-0.013019 -0.022476 0.706086 -0.286445 -0.778642 0.558271 2.000000
-0.010842 -0.024064 0.705498 -0.379056 -0.701873 0.603068 2.000000
-0.013650 -0.025199 0.701562 0.868005 0.496248 -0.017471 2.000000
-0.010416 -0.029457 0.700283 0.687190 0.595340 -0.416342 2.000000
-0.016714 -0.021158 0.705837 -0.537806 -0.752084 0.380965 2.000000
-0.009636 -0.025631 0.704640 -0.402703 -0.601903 0.689597 2.000000
-0.008505 -0.021582 0.712037 0.786680 0.583587 -0.201398 2.000000
-0.010062 -0.028399 0.701902 -0.621559 -0.621852 0.476409 2.000000
-0.009716 -0.025276 0.704926 -0.414197 -0.630824 0.656127 2.000000
-0.009541 -0.026870 0.703761 -0.437933 -0.562745 0.701094 2.000000
-0.013046 -0.025975 0.701477 0.791740 0.568637 -0.223158 2.000000
-0.009547 -0.027415 0.703336 -0.447432 -0.492388 0.746564 2.000000
-0.008687 -0.021984 0.710582 -0.671670 -0.691542 0.265762 2.000000
-0.009054 -0.025517 0.705225 -0.494029 -0.599881 0.629348 2.000000
-0.008801 -0.022265 0.709561 -0.609837 -0.724300 0.321697 2.000000
-0.016759 -0.020620 0.706680 -0.439827 -0.733303 0.518477 2.000000
-0.011133 -0.026999 0.702403 -0.530877 -0.586433 0.611773 2.000000
-0.009316 -0.024877 0.705641 -0.463510 -0.618356 0.634661 2.000000
-0.010196 -0.029176 0.700735 0.603676 0.575653 -0.551543 2.000000
-0.013112 -0.025587 0.701933 0.691444 0.578962 -0.432098 2.000000
-0.012505 -0.022588 0.706223 -0.329637 -0.773852 0.540825 2.000000
-0.012484 -0.020943 0.708752 -0.347762 -0.768321 0.537350 2.000000
-0.009464 -0.026078 0.704393 -0.432623 -0.564357 0.703092 2.000000
-0.009721 -0.028312 0.702600 -0.525875 -0.610734 0.591996 2.000000
-0.012888 -0.026342 0.701188 0.805354 0.575220 -0.143271 2.000000
-0.009832 -0.026706 0.703717 -0.435451 -0.576531 0.691371 2.000000
-0.016627 -0.021480 0.705398 -0.538575 -0.726026 0.427579 2.000000
-0.009922 -0.028929 0.701367 0.629607 0.619431 -0.468936 2.000000
-0.009285 -0.026537 0.704199 -0.484358 -0.564498 0.668386 2.000000
-0.013029 -0.022268 0.706438 -0.292011 -0.795982 0.530228 2.000000
-0.012636 -0.020566 0.709122 -0.366299 -0.765149 0.529501 2.000000
-0.012808 -0.025595 0.702305 0.626425 0.585159 -0.514957 2.000000
-0.013010 -0.021610 0.707443 -0.314195 -0.778861 0.542823 2.000000
-0.008523 -0.022530 0.709601 -0.656533 -0.692615 0.298746 2.000000
-0.012812 -0.020709 0.708832 -0.349184 -0.757642 0.551407 2.000000
-0.012765 -0.024450 0.703674 -0.489109 -0.652198 0.579147 2.000000
-0.009396 -0.025448 0.704987 -0.440834 -0.620625 0.648452 2.000000
-0.012864 -0.025780 0.700019 0.802153 0.233672 0.549497 2.000000
-0.008199 -0.021943 0.712548 0.808602 0.572635 -0.135098 2.000000
-0.009446 -0.027946 0.703100 -0.470888 -0.520650 0.712171 2.000000
-0.012273 -0.021275 0.708386 -0.336855 -0.775962 0.533302 2.000000
-0.012733 -0.025112 0.702905 -0.558623 -0.616976 0.554329 2.000000
-0.009850 -0.029254 0.701009 0.642218 0.551115 -0.532756 2.000000
-0.012653 -0.025340 0.702693 -0.588055 -0.602327 0.539809 2.000000
-0.010256 -0.024443 0.705430 -0.407372 -0.646507 0.645040 2.000000
-0.010100 -0.029711 0.700438 0.663806 0.548401 -0.508545 2.000000
-0.012555 -0.024005 0.704360 -0.438312 -0.704816 0.557779 2.000000
-0.009107 -0.027750 0.703438 -0.475234 -0.473084 0.741852 2.000000
-0.009299 -0.027050 0.703634 -0.454532 -0.538061 0.709853 2.000000
-0.012433 -0.023029 0.705681 -0.325326 -0.752237 0.572978 2.000000
-0.009049 -0.026168 0.704638 -0.506179 -0.545651 0.667868 2.000000
-0.012654 -0.026401 0.701500 0.700423 0.605969 -0.377106 2.000000
-0.009992 -0.030271 0.699985 0.727609 0.581709 -0.363593 2.000000
-0.012814 -0.021928 0.707097 -0.323268 -0.786021 0.526943 2.000000
-0.009033 -0.027207 0.703688 -0.462861 -0.517659 0.719576 2.000000
-0.012714 -0.026662 0.700793 0.811292 0.582562 -0.049265 2.000000
-0.012098 -0.020864 0.709079 -0.354237 -0.771912 0.527890 2.000000
-0.012047 -0.021122 0.708750 -0.337007 -0.775955 0.533216 2.000000
-0.012724 -0.021416 0.707908 -0.335730 -0.776369 0.533419 2.000000
-0.008826 -0.026588 0.704484 -0.551316 -0.544481 0.632133 2.000000
-0.009331 -0.028610 0.702456 -0.465421 -0.635630 0.615920 2.000000
-0.012458 -0.026714 0.701405 0.705083 0.607289 -0.366139 2.000000
-0.009596 -0.029271 0.701415 0.640289 0.575860 -0.508346 2.000000
-0.009114 -0.028334 0.703020 -0.462281 -0.585219 0.666194 2.000000
-0.010242 -0.024712 0.705079 -0.388081 -0.639901 0.663265 2.000000
-0.008819 -0.025073 0.705832 -0.505952 -0.595573 0.623943 2.000000
-0.012610 -0.026189 0.701834 0.665858 0.590541 -0.455955 2.000000
-0.008795 -0.025525 0.705398 -0.514134 -0.596612 0.616215 2.000000
-0.007903 -0.022530 0.711611 0.768407 0.625932 -0.133265 2.000000
-0.012370 -0.025443 0.702919 -0.541056 -0.595050 0.594285 2.000000
-0.012546 -0.025975 0.702268 0.618718 0.588106 -0.520882 2.000000
-0.010011 -0.025073 0.704961 -0.396825 -0.626777 0.670582 2.000000
-0.008794 -0.027112 0.704054 -0.532119 -0.536641 0.654878 2.000000
-0.009003 -0.028582 0.702732 -0.455831 -0.627165 0.631572 2.000000
-0.008201 -0.022882 0.709537 0.696768 0.661387 -0.277634 2.000000
-0.008953 -0.025806 0.704989 -0.511902 -0.556612 0.654324 2.000000
-0.011762 -0.021471 0.708411 -0.324009 -0.781803 0.532731 2.000000
-0.008600 -0.026396 0.704836 -0.538391 -0.522085 0.661485 2.000000
-0.009717 -0.030545 0.700036 0.660660 0.613500 -0.432603 2.000000
-0.012053 -0.023001 0.705913 -0.367117 -0.744688 0.557373 2.000000
-0.008918 -0.028116 0.703345 -0.505628 -0.523357 0.685885 2.000000
-0.009443 -0.029603 0.701262 0.647961 0.528559 -0.548427 2.000000
-0.009196 -0.029123 0.702024 -0.506196 -0.600159 0.619334 2.000000
-0.009878 -0.024840 0.705270 -0.420073 -0.642553 0.640831 2.000000
-0.012229 -0.027262 0.700207 0.847880 0.499721 0.177142 2.000000
-0.012587 -0.022675 0.705975 -0.325549 -0.748728 0.577429 2.000000
-0.012378 -0.022178 0.707009 -0.337909 -0.783329 0.521741 2.000000
-0.012303 -0.024983 0.703511 -0.448131 -0.645806 0.618154 2.000000
-0.015072 -0.021773 0.706039 -0.325646 -0.805568 0.494989 2.000000
-0.012473 -0.026961 0.700869 0.783766 0.594474 -0.179753 2.000000
-0.007900 -0.023149 0.709686 0.688059 0.670470 -0.277570 2.000000
-0.012215 -0.027091 0.701288 0.691756 0.619041 -0.371836 2.000000
-0.009112 -0.027436 0.703519 -0.469341 -0.484567 0.738183 2.000000
-0.011625 -0.021088 0.709042 -0.330845 -0.787257 0.520354 2.000000
-0.008626 -0.028331 0.703356 -0.519104 -0.541412 0.661365 2.000000
-0.009606 -0.030370 0.700474 0.621817 0.598499 -0.505116 2.000000
-0.012217 -0.026614 0.701809 -0.604120 -0.623604 0.496142 2.000000
-0.012097 -0.026127 0.702529 -0.552192 -0.591632 0.587413 2.000000
-0.008498 -0.026834 0.704578 -0.541490 -0.540558 0.643883 2.000000
-0.010363 -0.029981 0.699343 0.781695 0.584982 0.216218 2.000000
-0.012258 -0.024404 0.704109 -0.436744 -0.669246 0.601136 2.000000
-0.012310 -0.019001 0.712165 -0.342890 -0.777364 0.527382 2.000000
-0.014640 -0.023742 0.702636 -0.644987 -0.741598 0.184458 2.000000
-0.014878 -0.021012 0.707364 -0.317643 -0.764606 0.560786 2.000000
-0.011820 -0.024956 0.703783 -0.441584 -0.645695 0.622962 2.000000
-0.011900 -0.024340 0.704461 -0.439702 -0.667751 0.600642 2.000000
-0.010612 -0.029733 0.699505 0.812346 0.577731 -0.079504 2.000000
-0.008421 -0.025350 0.705926 -0.523292 -0.609923 0.595114 2.000000
-0.011376 -0.021688 0.708357 -0.289728 -0.794881 0.533124 2.000000
-0.012339 -0.022629 0.706260 -0.348204 -0.773084 0.530184 2.000000
-0.009007 -0.029544 0.701828 -0.537588 -0.523803 0.660779 2.000000
-0.007777 -0.023412 0.709314 0.686255 0.672682 -0.276681 2.000000
-0.011430 -0.021382 0.708733 -0.315262 -0.789493 0.526604 2.000000
-0.008481 -0.027446 0.704068 -0.548361 -0.489137 0.678266 2.000000
-0.012144 -0.026391 0.702179 -0.571146 -0.608817 0.550577 2.000000
-0.008730 -0.027882 0.703571 -0.527223 -0.459886 0.714521 2.000000
-0.011699 -0.023097 0.706153 -0.402787 -0.732992 0.548166 2.000000
-0.016114 -0.017277 0.710565 -0.618600 -0.370759 0.692728 2.000000
-0.014672 -0.023765 0.702218 0.771096 0.632089 0.076647 2.000000
-0.011711 -0.026719 0.702214 -0.529697 -0.609085 0.590285 2.000000
-0.009098 -0.029877 0.701511 -0.591101 -0.540882 0.598370 2.000000
-0.012068 -0.020216 0.710049 -0.331320 -0.808209 0.486853 2.000000
-0.011978 -0.022222 0.707214 -0.321713 -0.781231 0.534957 2.000000
-0.012050 -0.027477 0.700878 0.744636 0.618126 -0.251868 2.000000
-0.011465 -0.024143 0.705005 -0.447295 -0.666839 0.596031 2.000000
-0.012007 -0.027617 0.700255 0.838594 0.544184 -0.024986 2.000000
-0.011569 -0.025678 0.703293 -0.448874 -0.605205 0.657449 2.000000
-0.010303 -0.030244 0.699462 0.767899 0.620416 0.159421 2.000000
-0.008513 -0.029206 0.702528 -0.575222 -0.527927 0.624830 2.000000
-0.007676 -0.023746 0.708796 0.701959 0.634601 -0.323319 2.000000
-0.011918 -0.021732 0.707949 -0.328347 -0.782297 0.529339 2.000000
-0.011773 -0.027504 0.701307 0.648991 0.631297 -0.424589 2.000000
-0.009725 -0.030617 0.698915 0.786688 0.492073 0.372808 2.000000
-0.012010 -0.020500 0.709691 -0.365949 -0.787520 0.495876 2.000000
-0.011240 -0.021925 0.708053 -0.271227 -0.794880 0.542771 2.000000
-0.011367 -0.023212 0.706267 -0.362595 -0.737065 0.570316 2.000000
-0.008630 -0.029504 0.702194 -0.551976 -0.525550 0.647395 2.000000
-0.014250 -0.024075 0.702573 -0.655143 -0.706911 0.266579 2.000000
-0.009048 -0.030542 0.700886 -0.586267 -0.613280 0.529318 2.000000
-0.008165 -0.026729 0.704956 -0.540593 -0.525811 0.656721 2.000000
-0.014598 -0.021963 0.706065 -0.326012 -0.804751 0.496077 2.000000
-0.008521 -0.027131 0.704295 -0.557655 -0.546514 0.624774 2.000000
-0.014744 -0.019665 0.709191 -0.340165 -0.804145 0.487483 2.000000
-0.011190 -0.021120 0.709282 -0.320273 -0.801535 0.504942 2.000000
-0.008730 -0.028529 0.703035 -0.495730 -0.603802 0.624240 2.000000
-0.011444 -0.023468 0.705853 -0.389253 -0.736628 0.553047 2.000000
-0.011344 -0.025465 0.703621 -0.487703 -0.622462 0.612117 2.000000
-0.011805 -0.027177 0.701672 -0.588987 -0.608256 0.532090 2.000000
-0.007502 -0.023659 0.709349 -0.678134 -0.682470 0.272707 2.000000
-0.009169 -0.025306 0.705308 -0.474429 -0.622185 0.622738 2.000000
-0.015745 -0.017150 0.711015 -0.610553 -0.345278 0.712747 2.000000
-0.014402 -0.021151 0.707384 -0.268855 -0.789861 0.551213 2.000000
-0.007458 -0.023465 0.709927 -0.677632 -0.682105 0.274861 2.000000
-0.011763 -0.022571 0.706748 -0.340816 -0.772172 0.536278 2.000000
-0.014237 -0.023900 0.702804 -0.583926 -0.733059 0.348792 2.000000
-0.008426 -0.027820 0.703829 -0.541624 -0.469387 0.697366 2.000000
-0.008160 -0.025914 0.705535 -0.526907 -0.553084 0.645342 2.000000
-0.008840 -0.030189 0.701556 -0.549440 -0.561807 0.618457 2.000000
-0.008460 -0.029046 0.702784 -0.565765 -0.559467 0.605729 2.000000
-0.008025 -0.028421 0.703777 -0.537850 -0.512190 0.669611 2.000000
-0.008377 -0.028246 0.703571 -0.548421 -0.500962 0.669531 2.000000
-0.007889 -0.026401 0.705381 -0.532256 -0.516832 0.670513 2.000000
-0.009472 -0.030750 0.700186 0.623938 0.621893 -0.473233 2.000000
-0.014319 -0.021666 0.706655 -0.282602 -0.794738 0.537148 2.000000
-0.008577 -0.029941 0.701929 -0.542306 -0.544265 0.640062 2.000000
-0.007843 -0.027154 0.704895 -0.532002 -0.560447 0.634723 2.000000
-0.007976 -0.025719 0.705907 -0.541845 -0.604540 0.583897 2.000000
-0.007448 -0.024020 0.708720 0.703854 0.619135 -0.348226 2.000000
-0.015556 -0.017455 0.710981 -0.605559 -0.361247 0.709083 2.000000
-0.010964 -0.021875 0.708270 -0.259000 -0.808357 0.528657 2.000000
-0.011514 -0.019374 0.711863 -0.221654 -0.868298 0.443766 2.000000
-0.011585 -0.021928 0.707810 -0.306998 -0.787378 0.534591 2.000000
-0.011647 -0.026503 0.702456 -0.502846 -0.610462 0.611949 2.000000
-0.011156 -0.023131 0.706410 -0.331409 -0.736587 0.589583 2.000000
-0.011535 -0.019169 0.712293 -0.258833 -0.841080 0.474964 2.000000
-0.010887 -0.021557 0.708786 -0.284390 -0.813846 0.506732 2.000000
-0.013675 -0.025099 0.701772 0.808086 0.550444 -0.209784 2.000000
-0.007190 -0.023827 0.709638 -0.676414 -0.686551 0.266667 2.000000
-0.008527 -0.029342 0.702367 -0.563421 -0.527422 0.635911 2.000000
-0.011532 -0.022438 0.707154 -0.291651 -0.783549 0.548626 2.000000
-0.006958 -0.024201 0.709379 0.683265 0.662513 -0.306960 2.000000
-0.011081 -0.024374 0.705046 -0.414307 -0.648750 0.638337 2.000000
-0.011461 -0.026866 0.702240 -0.516479 -0.603916 0.607071 2.000000
-0.011448 -0.027863 0.701163 0.634228 0.623436 -0.457254 2.000000
-0.011607 -0.022836 0.706465 -0.358614 -0.740346 0.568580 2.000000
-0.008805 -0.030770 0.700808 -0.532962 -0.654264 0.536554 2.000000
-0.015477 -0.016915 0.711356 0.602694 0.341613 -0.721152 2.000000
-0.007486 -0.025626 0.706586 -0.599621 -0.606886 0.521674 2.000000
-0.013926 -0.019800 0.709535 -0.261213 -0.859288 0.439764 2.000000
-0.011353 -0.027565 0.701690 -0.565751 -0.616347 0.547761 2.000000
-0.011482 -0.020417 0.710222 -0.359200 -0.740477 0.568040 2.000000
-0.007665 -0.026895 0.705216 -0.555783 -0.549689 0.623656 2.000000
-0.008833 -0.031068 0.700371 -0.583164 -0.620746 0.524017 2.000000
-0.008843 -0.029645 0.701891 -0.543045 -0.533789 0.648207 2.000000
-0.011356 -0.028496 0.700501 0.686004 0.647721 -0.331444 2.000000
-0.010700 -0.021336 0.709258 -0.318194 -0.822824 0.470865 2.000000
-0.007622 -0.025802 0.706134 -0.569740 -0.605396 0.555781 2.000000
-0.008023 -0.028147 0.703979 -0.523449 -0.445007 0.726616 2.000000
-0.007209 -0.024084 0.708962 0.676061 0.654687 -0.338121 2.000000
-0.006733 -0.024172 0.709896 0.733591 0.648742 -0.202430 2.000000
-0.007261 -0.024342 0.708513 0.692328 0.611048 -0.383799 2.000000
-0.011319 -0.020815 0.709656 -0.350851 -0.797461 0.490875 2.000000
-0.006116 -0.024907 0.710412 0.749890 0.657394 -0.074148 2.000000
-0.010550 -0.022014 0.708177 -0.251188 -0.817014 0.519030 2.000000
-0.008169 -0.030063 0.702128 -0.553335 -0.561948 0.614845 2.000000
-0.009454 -0.031155 0.699023 0.789002 0.467883 0.398198 2.000000
-0.011180 -0.027336 0.702013 -0.543468 -0.594578 0.592553 2.000000
-0.013626 -0.021416 0.707382 -0.272909 -0.787790 0.552185 2.000000
-0.007733 -0.026116 0.705656 -0.547901 -0.557370 0.623814 2.000000
-0.007552 -0.028844 0.703896 -0.511276 -0.541401 0.667445 2.000000
-0.011106 -0.027987 0.701480 -0.544110 -0.645173 0.536372 2.000000
-0.007825 -0.027443 0.704544 -0.537124 -0.539057 0.648780 2.000000
-0.007880 -0.026611 0.705191 -0.533803 -0.511868 0.673087 2.000000
-0.010631 -0.024379 0.705294 -0.397459 -0.659175 0.638369 2.000000
-0.013806 -0.020110 0.709141 -0.257882 -0.824337 0.503950 2.000000
-0.015342 -0.016820 0.711511 0.596484 0.355298 -0.719701 2.000000
-0.011123 -0.024713 0.704640 -0.445267 -0.636576 0.629689 2.000000
-0.008256 -0.029351 0.702757 -0.592222 -0.526852 0.609672 2.000000
-0.011071 -0.028366 0.700986 -0.561355 -0.663830 0.494176 2.000000
-0.011288 -0.022732 0.706864 -0.300741 -0.748379 0.591171 2.000000
-0.006695 -0.024463 0.709347 0.683706 0.657695 -0.316199 2.000000
-0.008036 -0.029752 0.702564 -0.588461 -0.546716 0.595664 2.000000
-0.007861 -0.029774 0.702753 -0.558699 -0.554575 0.616687 2.000000
-0.013231 -0.025840 0.701249 0.833109 0.550458 -0.054084 2.000000
-0.007458 -0.026279 0.705781 -0.575470 -0.552814 0.602686 2.000000
-0.011014 -0.028790 0.700493 0.653615 0.647916 -0.391143 2.000000
-0.008539 -0.025920 0.705246 -0.529473 -0.547988 0.647586 2.000000
-0.010314 -0.021769 0.708716 -0.312253 -0.822617 0.475184 2.000000
-0.010950 -0.019634 0.711607 -0.400924 -0.802758 0.441406 2.000000
-0.010984 -0.023652 0.705898 -0.365793 -0.720722 0.588859 2.000000
-0.007209 -0.027926 0.704765 -0.544855 -0.501197 0.672261 2.000000
-0.010245 -0.021477 0.709281 -0.354674 -0.827522 0.435217 2.000000
-0.011013 -0.020613 0.710239 -0.372726 -0.747100 0.550379 2.000000
-0.010796 -0.027026 0.702661 -0.528264 -0.559809 0.638397 2.000000
-0.013552 -0.021721 0.706946 -0.268189 -0.787265 0.555237 2.000000
-0.010626 -0.026964 0.702939 -0.539264 -0.537544 0.648260 2.000000
-0.007118 -0.026243 0.706188 0.625091 0.551439 -0.552428 2.000000
-0.007460 -0.027500 0.704787 -0.549618 -0.540802 0.636752 2.000000
-0.007229 -0.027170 0.705267 -0.589195 -0.546253 0.595363 2.000000
-0.007881 -0.023525 0.708720 0.690096 0.652686 -0.312679 2.000000
-0.014687 -0.017680 0.711496 -0.562175 -0.451123 0.693144 2.000000
-0.013445 -0.022035 0.706594 -0.269321 -0.802069 0.533058 2.000000
-0.006322 -0.024688 0.709606 0.725449 0.654089 -0.214224 2.000000
-0.006425 -0.024864 0.709144 0.701002 0.626217 -0.341246 2.000000
-0.007379 -0.026635 0.705646 -0.572680 -0.507959 0.643440 2.000000
-0.010618 -0.028936 0.700770 -0.552964 -0.640458 0.532958 2.000000
-0.010692 -0.028183 0.701651 -0.536862 -0.660935 0.524351 2.000000
-0.007653 -0.028539 0.704003 -0.534650 -0.513964 0.670813 2.000000
-0.006825 -0.024638 0.708762 0.679687 0.619118 -0.393343 2.000000
-0.010772 -0.023328 0.706443 -0.270990 -0.723208 0.635244 2.000000
-0.008112 -0.025173 0.706379 -0.564693 -0.589624 0.577464 2.000000
-0.006304 -0.024697 0.710105 0.744505 0.657922 -0.113360 2.000000
-0.012850 -0.026231 0.701493 0.738346 0.589515 -0.327593 2.000000
-0.010413 -0.028437 0.701556 -0.579538 -0.647705 0.494585 2.000000
-0.006845 -0.025381 0.707853 0.669831 0.599090 -0.438655 2.000000
-0.007928 -0.029477 0.702927 -0.591095 -0.535282 0.603391 2.000000
-0.013438 -0.019865 0.709671 -0.269369 -0.864131 0.425110 2.000000
-0.007787 -0.024034 0.708014 0.688373 0.596735 -0.412371 2.000000
-0.013369 -0.020106 0.709349 -0.285165 -0.822243 0.492543 2.000000
-0.007947 -0.030555 0.701833 -0.487019 -0.620897 0.614247 2.000000
-0.010572 -0.028511 0.701258 -0.516292 -0.672137 0.530730 2.000000
-0.008603 -0.031034 0.700764 -0.519883 -0.637200 0.568945 2.000000
-0.008128 -0.031258 0.700848 -0.497119 -0.621902 0.605070 2.000000
-0.014573 -0.017581 0.711645 -0.576242 -0.449398 0.682632 2.000000
-0.006941 -0.026822 0.705966 0.622529 0.526602 -0.578920 2.000000
-0.009040 -0.031647 0.699184 0.789991 0.608792 0.072702 2.000000
-0.006601 -0.025505 0.707952 0.662348 0.606267 -0.440155 2.000000
-0.012621 -0.026756 0.701064 0.785865 0.592512 -0.177046 2.000000
-0.008508 -0.021816 0.711379 0.755092 0.602777 -0.257866 2.000000
-0.010773 -0.020879 0.709972 -0.370893 -0.803495 0.465655 2.000000
-0.010750 -0.022926 0.706820 -0.261020 -0.733995 0.626993 2.000000
-0.007167 -0.028249 0.704543 -0.532359 -0.484378 0.694242 2.000000
-0.007786 -0.023749 0.708522 0.691157 0.626961 -0.359475 2.000000
-0.006794 -0.026061 0.706858 0.655883 0.580486 -0.482549 2.000000
-0.007586 -0.030112 0.702650 -0.496815 -0.623652 0.603517 2.000000
-0.010480 -0.022602 0.707357 -0.225553 -0.790830 0.568958 2.000000
-0.007606 -0.029011 0.703666 -0.511504 -0.542001 0.666783 2.000000
-0.010544 -0.019544 0.712256 -0.554883 -0.732144 0.395057 2.000000
-0.008435 -0.022298 0.710257 -0.669524 -0.692631 0.268329 2.000000
-0.006920 -0.026506 0.706193 0.643319 0.517956 -0.563792 2.000000
-0.009862 -0.021514 0.709574 -0.410146 -0.820640 0.397907 2.000000
-0.010309 -0.028881 0.701007 -0.567752 -0.640263 0.517418 2.000000
-0.007734 -0.024975 0.706957 0.629397 0.568146 -0.530160 2.000000
-0.007235 -0.026980 0.705444 -0.587520 -0.527679 0.613494 2.000000
-0.010204 -0.028181 0.702157 -0.591159 -0.619951 0.515938 2.000000
-0.006008 -0.025161 0.709399 0.741422 0.618086 -0.261272 2.000000
-0.006954 -0.027534 0.705262 -0.565377 -0.569184 0.596974 2.000000
-0.010394 -0.020131 0.711645 -0.575023 -0.700180 0.423198 2.000000
-0.006250 -0.025206 0.708874 0.702544 0.596224 -0.388522 2.000000
-0.010474 -0.023678 0.706133 -0.302635 -0.699872 0.646986 2.000000
-0.009736 -0.022187 0.708354 -0.377831 -0.805169 0.457106 2.000000
-0.010331 -0.026905 0.703221 -0.515832 -0.530965 0.672305 2.000000
-0.007656 -0.023596 0.709046 0.693110 0.666347 -0.274919 2.000000
-0.005989 -0.025027 0.709971 0.732985 0.661152 -0.160033 2.000000
-0.012959 -0.020288 0.709277 -0.334302 -0.789925 0.514062 2.000000
-0.007487 -0.030829 0.702000 -0.460753 -0.654685 0.599245 2.000000
-0.012641 -0.024289 0.704011 -0.468082 -0.671042 0.574980 2.000000
-0.006318 -0.025939 0.707729 0.663582 0.604020 -0.441384 2.000000
-0.010191 -0.024093 0.705847 -0.361605 -0.673598 0.644599 2.000000
-0.010394 -0.022956 0.706918 -0.228291 -0.743915 0.628072 2.000000
-0.007190 -0.028854 0.704131 -0.439712 -0.565423 0.697818 2.000000
-0.012761 -0.019884 0.710268 -0.295904 -0.860633 0.414429 2.000000
-0.010265 -0.023368 0.706559 -0.269198 -0.697578 0.664016 2.000000
-0.009556 -0.021874 0.709233 -0.471103 -0.794146 0.383919 2.000000
-0.010264 -0.021211 0.709769 -0.388940 -0.810618 0.437748 2.000000
-0.007229 -0.029220 0.703804 -0.432396 -0.568480 0.699903 2.000000
-0.007331 -0.024647 0.707977 0.701199 0.576609 -0.419335 2.000000
-0.010380 -0.020678 0.710624 -0.462588 -0.765234 0.447693 2.000000
-0.007272 -0.029703 0.703403 -0.416361 -0.629026 0.656483 2.000000
-0.006521 -0.026903 0.706343 0.621827 0.577436 -0.529055 2.000000
-0.007897 -0.032088 0.700225 -0.533696 -0.541820 0.649307 2.000000
-0.006421 -0.025414 0.708305 0.673092 0.608134 -0.420857 2.000000
-0.006097 -0.025955 0.708066 0.674350 0.595192 -0.437033 2.000000
-0.010079 -0.028015 0.702559 -0.579137 -0.560235 0.592231 2.000000
-0.009689 -0.025146 0.705087 -0.428295 -0.631320 0.646528 2.000000
-0.012351 -0.026176 0.702250 0.597567 0.596059 -0.536309 2.000000
-0.012184 -0.027253 0.701021 0.730370 0.609578 -0.308179 2.000000
-0.012808 -0.020004 0.709920 -0.330529 -0.847326 0.415679 2.000000
-0.007519 -0.024927 0.707260 0.660645 0.566896 -0.492115 2.000000
-0.009844 -0.028839 0.701881 -0.612885 -0.634507 0.470928 2.000000
-0.010154 -0.022345 0.707863 -0.277706 -0.806384 0.522135 2.000000
-0.010074 -0.022733 0.707341 -0.253450 -0.780835 0.571016 2.000000
-0.012313 -0.025632 0.702803 -0.546644 -0.580987 0.603021 2.000000
-0.010192 -0.019557 0.712921 -0.617046 -0.704531 0.350556 2.000000
-0.012108 -0.026940 0.701635 0.619085 0.616018 -0.487089 2.000000
-0.006593 -0.026498 0.706650 0.657966 0.564656 -0.498242 2.000000
-0.010297 -0.024245 0.705615 -0.378765 -0.659957 0.648840 2.000000
-0.009338 -0.022206 0.708784 -0.498392 -0.776372 0.385813 2.000000
-0.007325 -0.031039 0.701864 -0.456483 -0.648034 0.609651 2.000000
-0.012150 -0.027448 0.700521 0.815872 0.575719 -0.053861 2.000000
-0.012740 -0.021175 0.708203 -0.342859 -0.769146 0.539316 2.000000
-0.007432 -0.031332 0.701401 -0.486585 -0.628044 0.607286 2.000000
-0.012531 -0.022376 0.706594 -0.338227 -0.788614 0.513508 2.000000
-0.012543 -0.020484 0.709338 -0.364927 -0.773679 0.517927 2.000000
-0.009734 -0.023990 0.706156 -0.388239 -0.611524 0.689427 2.000000
-0.010100 -0.019869 0.712446 -0.616851 -0.698637 0.362492 2.000000
-0.006896 -0.029063 0.704086 -0.349581 -0.584547 0.732187 2.000000
-0.006090 -0.026248 0.707682 0.669855 0.580292 -0.463201 2.000000
-0.013976 -0.017970 0.712015 -0.627039 -0.455392 0.632013 2.000000
-0.012345 -0.023819 0.704731 -0.376363 -0.736548 0.562004 2.000000
-0.009884 -0.025963 0.704286 -0.400011 -0.586447 0.704323 2.000000
-0.009233 -0.021930 0.709555 -0.551069 -0.761109 0.342106 2.000000
-0.012366 -0.020150 0.710007 -0.330834 -0.826198 0.456011 2.000000
-0.016585 -0.021769 0.704965 -0.509688 -0.758179 0.406673 2.000000
-0.007023 -0.029831 0.703483 -0.361448 -0.642200 0.675969 2.000000
-0.012442 -0.023314 0.705377 -0.327743 -0.756114 0.566459 2.000000
-0.007064 -0.030982 0.702175 -0.424709 -0.663489 0.615958 2.000000
-0.006316 -0.026727 0.706853 0.672333 0.577552 -0.463037 2.000000
-0.009979 -0.020732 0.711012 -0.488358 -0.769322 0.411886 2.000000
-0.007064 -0.025162 0.707749 0.669543 0.593314 -0.446868 2.000000
-0.006072 -0.025566 0.708652 0.694988 0.600143 -0.396005 2.000000
-0.007403 -0.031800 0.701009 -0.547635 -0.573376 0.609373 2.000000
-0.011802 -0.027941 0.700144 0.845611 0.533334 0.022287 2.000000
-0.009956 -0.021122 0.710314 -0.457391 -0.797638 0.393150 2.000000
-0.011938 -0.026658 0.702103 -0.557466 -0.612921 0.559963 2.000000
-0.013828 -0.017388 0.712444 0.605776 0.358810 -0.710134 2.000000
-0.006552 -0.027437 0.705668 -0.495295 -0.630148 0.597994 2.000000
-0.007659 -0.022751 0.711720 0.772042 0.626308 -0.108119 2.000000
-0.012407 -0.019863 0.710470 -0.279480 -0.856581 0.433773 2.000000
-0.009991 -0.020471 0.711531 -0.517667 -0.748382 0.414662 2.000000
-0.012283 -0.020513 0.709527 -0.370102 -0.781238 0.502684 2.000000
-0.007112 -0.024273 0.708808 0.677564 0.634151 -0.372503 2.000000
-0.009508 -0.028904 0.702160 -0.539530 -0.608342 0.582089 2.000000
-0.009141 -0.026883 0.704006 -0.465408 -0.572613 0.674915 2.000000
-0.009737 -0.019889 0.713021 -0.619415 -0.720430 0.311939 2.000000
-0.007723 -0.022835 0.710737 0.722054 0.667347 -0.182444 2.000000
-0.009635 -0.022542 0.707872 -0.408433 -0.774115 0.483662 2.000000
-0.009710 -0.020343 0.712083 -0.553474 -0.746556 0.369216 2.000000
-0.011694 -0.026370 0.702635 -0.490106 -0.607851 0.624751 2.000000
-0.005949 -0.026544 0.707561 0.683975 0.570379 -0.454802 2.000000
-0.007007 -0.024734 0.708337 0.684298 0.594868 -0.421743 2.000000
-0.008877 -0.022451 0.708938 -0.573986 -0.743589 0.342951 2.000000
-0.011756 -0.025918 0.702986 -0.461035 -0.596982 0.656551 2.000000
-0.009678 -0.020837 0.711284 -0.518791 -0.752028 0.406583 2.000000
-0.011663 -0.028132 0.700502 0.780245 0.591771 -0.202546 2.000000
-0.012206 -0.021756 0.707700 -0.331366 -0.779843 0.531076 2.000000
-0.007006 -0.031551 0.701552 -0.478304 -0.593843 0.646974 2.000000
-0.006047 -0.026944 0.706895 0.666831 0.588653 -0.456973 2.000000
-0.009589 -0.021132 0.710744 -0.513918 -0.773543 0.370836 2.000000
-0.016367 -0.020841 0.706644 -0.385400 -0.746606 0.542260 2.000000
-0.009548 -0.020288 0.712484 -0.584080 -0.750810 0.308439 2.000000
-0.006034 -0.027296 0.706314 -0.577519 -0.661578 0.478316 2.000000
-0.009570 -0.021439 0.710053 -0.508277 -0.778439 0.368358 2.000000
-0.007829 -0.025196 0.706619 0.592158 0.589402 -0.549503 2.000000
-0.007565 -0.022904 0.711272 0.740957 0.663491 -0.103740 2.000000
-0.011996 -0.020145 0.710286 -0.283170 -0.822917 0.492566 2.000000
-0.008976 -0.029432 0.701974 -0.530729 -0.544010 0.649907 2.000000
-0.009505 -0.024505 0.705882 -0.443371 -0.614793 0.652267 2.000000
-0.008590 -0.023519 0.707591 -0.588923 -0.639782 0.493810 2.000000
-0.008011 -0.026443 0.705184 -0.530140 -0.510067 0.677336 2.000000
-0.007088 -0.032238 0.700922 -0.541282 -0.561917 0.625511 2.000000
-0.012044 -0.022369 0.706911 -0.335596 -0.782617 0.524295 2.000000
-0.013404 -0.017859 0.712605 -0.530072 -0.468928 0.706492 2.000000
-0.006048 -0.027729 0.705769 -0.534788 -0.645219 0.545614 2.000000
-0.006917 -0.025805 0.707110 0.654495 0.598676 -0.461761 2.000000
-0.006651 -0.025026 0.708486 0.679926 0.599350 -0.422470 2.000000
-0.008730 -0.022950 0.708212 -0.579781 -0.707838 0.403508 2.000000
-0.009275 -0.022508 0.708277 -0.487031 -0.754468 0.439976 2.000000
-0.007466 -0.023110 0.710588 0.714054 0.672545 -0.194451 2.000000
-0.007379 -0.023132 0.711481 0.754557 0.651796 -0.076201 2.000000
-0.009294 -0.020687 0.711845 -0.584798 -0.716104 0.381059 2.000000
-0.009284 -0.021155 0.711149 -0.584705 -0.719115 0.375490 2.000000
-0.011552 -0.028030 0.700825 0.670838 0.628242 -0.394066 2.000000
-0.007230 -0.023561 0.710287 0.698507 0.679471 -0.224517 2.000000
-0.008931 -0.020692 0.713003 0.744833 0.645112 -0.170452 2.000000
-0.009253 -0.021415 0.710582 -0.578061 -0.743301 0.336674 2.000000
-0.012678 -0.023403 0.705176 -0.329788 -0.767479 0.549742 2.000000
-0.009271 -0.020579 0.712165 -0.586459 -0.732705 0.345268 2.000000
-0.007184 -0.023405 0.710831 0.745078 0.652778 -0.136893 2.000000
-0.008556 -0.022746 0.708893 -0.621976 -0.711503 0.326970 2.000000
-0.011653 -0.020519 0.709924 -0.350300 -0.780379 0.517975 2.000000
-0.011553 -0.023674 0.705420 -0.429594 -0.708882 0.559406 2.000000
-0.006523 -0.024890 0.708826 0.678198 0.614610 -0.402867 2.000000
-0.009216 -0.020927 0.711623 -0.610608 -0.697410 0.375201 2.000000
-0.009175 -0.021756 0.710000 -0.573624 -0.750093 0.329113 2.000000
-0.013012 -0.017865 0.712840 -0.470922 -0.505334 0.723098 2.000000
-0.008942 -0.022874 0.708057 -0.519128 -0.723060 0.455730 2.000000
-0.011547 -0.020263 0.710403 -0.315902 -0.763650 0.563068 2.000000
-0.006909 -0.027293 0.705438 -0.571450 -0.544434 0.614033 2.000000
-0.011715 -0.020837 0.709385 -0.352284 -0.784605 0.510187 2.000000
-0.011707 -0.022092 0.707507 -0.306655 -0.784919 0.538390 2.000000
-0.006563 -0.025993 0.707305 0.672148 0.587778 -0.450259 2.000000
-0.008295 -0.024613 0.706721 -0.581650 -0.557735 0.592127 2.000000
-0.011290 -0.026656 0.702646 -0.512196 -0.595854 0.618557 2.000000
-0.008404 -0.023441 0.707932 -0.617429 -0.644472 0.451041 2.000000
-0.008322 -0.022589 0.709855 0.693592 0.666759 -0.272694 2.000000
-0.009023 -0.020725 0.712614 0.712939 0.664760 -0.223188 2.000000
-0.006485 -0.032198 0.701423 -0.479902 -0.566497 0.669907 2.000000
-0.016359 -0.022048 0.704775 -0.504734 -0.787522 0.353628 2.000000
-0.008970 -0.020910 0.711999 0.695118 0.660635 -0.283501 2.000000
-0.006687 -0.032480 0.701000 -0.532439 -0.552695 0.641121 2.000000
-0.010990 -0.025653 0.703780 -0.525970 -0.609629 0.593050 2.000000
-0.008866 -0.021665 0.710807 -0.636562 -0.711614 0.297313 2.000000
-0.012914 -0.017231 0.713190 0.504576 0.404488 -0.762753 2.000000
-0.016831 -0.021196 0.705598 -0.539568 -0.752567 0.377505 2.000000
-0.008835 -0.021499 0.711236 -0.663996 -0.670251 0.331470 2.000000
-0.008713 -0.021105 0.712417 0.797449 0.571468 -0.193649 2.000000
-0.006875 -0.023733 0.710809 0.782066 0.613191 -0.111218 2.000000
-0.007161 -0.025466 0.707126 0.655917 0.599152 -0.459119 2.000000
-0.006882 -0.025529 0.707523 0.663072 0.605317 -0.440371 2.000000
-0.006864 -0.029165 0.703890 -0.351080 -0.607746 0.712312 2.000000
-0.008693 -0.021393 0.711819 0.761020 0.594260 -0.260201 2.000000
-0.011224 -0.020436 0.710371 -0.364435 -0.731402 0.576402 2.000000
-0.008136 -0.023079 0.709089 0.693523 0.671010 -0.262242 2.000000
-0.008312 -0.026285 0.705136 -0.544367 -0.515249 0.661954 2.000000
-0.008028 -0.023437 0.708461 0.668761 0.649816 -0.361245 2.000000
-0.008004 -0.022804 0.710112 0.705085 0.653569 -0.275142 2.000000
-0.016148 -0.022430 0.703482 0.632777 0.773991 -0.023030 2.000000
-0.008215 -0.027127 0.704620 -0.507119 -0.574237 0.642715 2.000000
-0.006302 -0.032552 0.701250 -0.494034 -0.562992 0.662549 2.000000
-0.016287 -0.021672 0.705400 -0.406720 -0.785788 0.465958 2.000000
-0.011175 -0.022176 0.707693 -0.258314 -0.801326 0.539584 2.000000
-0.010773 -0.024937 0.704683 -0.416393 -0.606349 0.677465 2.000000
-0.008396 -0.025621 0.705642 -0.527381 -0.596120 0.605401 2.000000
-0.011157 -0.022457 0.707287 -0.269794 -0.787125 0.554658 2.000000
-0.006682 -0.024056 0.710596 0.792818 0.600856 -0.102042 2.000000
-0.006505 -0.024405 0.710814 0.787506 0.612838 -0.065297 2.000000
-0.006428 -0.027821 0.705366 -0.458967 -0.595337 0.659487 2.000000
-0.006630 -0.024223 0.710195 0.780907 0.612060 -0.124764 2.000000
-0.011754 -0.023279 0.705869 -0.409418 -0.737635 0.536910 2.000000
-0.008402 -0.021642 0.712418 0.806477 0.567315 -0.166581 2.000000
-0.010628 -0.029127 0.700489 -0.595260 -0.615507 0.516543 2.000000
-0.008226 -0.030309 0.701815 -0.511481 -0.591220 0.623574 2.000000
-0.006160 -0.027005 0.706623 0.633896 0.612572 -0.472157 2.000000
-0.008247 -0.022034 0.711617 0.765134 0.617450 -0.182553 2.000000
-0.010705 -0.022257 0.707789 -0.240053 -0.802824 0.545755 2.000000
-0.006701 -0.026197 0.706714 0.660241 0.572923 -0.485634 2.000000
-0.006484 -0.026340 0.706994 0.670865 0.573125 -0.470605 2.000000
-0.014668 -0.022603 0.704999 -0.331628 -0.808103 0.486819 2.000000
-0.008007 -0.033128 0.699271 -0.672870 -0.733459 0.096349 2.000000
-0.007891 -0.030164 0.702232 -0.540247 -0.595044 0.595025 2.000000
-0.007506 -0.025404 0.706792 0.617740 0.602816 -0.504986 2.000000
-0.007614 -0.024044 0.708326 0.704752 0.602750 -0.374189 2.000000
-0.007856 -0.031038 0.701338 -0.493646 -0.655686 0.571305 2.000000
-0.015668 -0.022719 0.703640 -0.573987 -0.810426 0.117250 2.000000
-0.006158 -0.024810 0.710714 0.758928 0.648884 -0.054569 2.000000
-0.010387 -0.020960 0.710188 -0.415235 -0.805339 0.423095 2.000000
-0.007221 -0.023957 0.709282 -0.671210 -0.676124 0.303866 2.000000
-0.007820 -0.031499 0.700784 -0.510129 -0.603597 0.612731 2.000000
-0.006014 -0.024988 0.710214 0.733698 0.670820 -0.108107 2.000000
-0.016417 -0.017383 0.710254 -0.626763 -0.389159 0.675072 2.000000
-0.007729 -0.022951 0.710418 0.699755 0.669344 -0.249642 2.000000
-0.007620 -0.030503 0.702252 -0.501883 -0.624127 0.598815 2.000000
-0.007582 -0.030944 0.701569 -0.481225 -0.651589 0.586391 2.000000
-0.010160 -0.022005 0.708341 -0.303994 -0.821443 0.482514 2.000000
-0.006054 -0.026704 0.707198 0.678609 0.576096 -0.455636 2.000000
-0.011474 -0.018970 0.712654 -0.329323 -0.788252 0.519813 2.000000
-0.009895 -0.022597 0.707619 -0.308632 -0.797868 0.517835 2.000000
-0.009924 -0.021246 0.710092 -0.452999 -0.796900 0.399677 2.000000
-0.016069 -0.016850 0.710737 -0.616308 -0.358507 0.701168 2.000000
-0.007411 -0.027286 0.705088 -0.568100 -0.559944 0.603097 2.000000
-0.007135 -0.028554 0.704300 -0.478966 -0.560644 0.675478 2.000000
-0.013845 -0.022919 0.705042 -0.345395 -0.799722 0.491068 2.000000
-0.014080 -0.021487 0.707071 -0.269253 -0.790013 0.550801 2.000000
-0.007123 -0.027720 0.705038 -0.571816 -0.536045 0.621033 2.000000
-0.007106 -0.026454 0.705971 0.626293 0.525619 -0.575744 2.000000
-0.006774 -0.025193 0.708122 0.672050 0.601052 -0.432534 2.000000
-0.013127 -0.025977 0.700737 0.881829 0.434124 0.184156 2.000000
-0.011081 -0.019148 0.712466 -0.321823 -0.834347 0.447544 2.000000
-0.010162 -0.025394 0.704617 -0.373012 -0.602931 0.705221 2.000000
-0.007095 -0.031704 0.701335 -0.491371 -0.584679 0.645527 2.000000
-0.006871 -0.026238 0.706457 0.650226 0.564864 -0.508070 2.000000
-0.015853 -0.017486 0.710717 -0.633894 -0.363325 0.682769 2.000000
-0.014055 -0.020480 0.708395 -0.276199 -0.785675 0.553560 2.000000
-0.006808 -0.029390 0.703727 -0.301688 -0.619425 0.724774 2.000000
-0.009430 -0.029192 0.701925 -0.537410 -0.609030 0.583330 2.000000
-0.006482 -0.027040 0.706225 0.611127 0.585103 -0.533084 2.000000
-0.015346 -0.017808 0.710934 -0.525810 -0.444465 0.725241 2.000000
-0.009155 -0.022185 0.709096 -0.556238 -0.752372 0.352896 2.000000
-0.006728 -0.031217 0.701966 -0.420430 -0.636300 0.646807 2.000000
-0.006744 -0.031860 0.701422 -0.466385 -0.573502 0.673483 2.000000
-0.015032 -0.019298 0.709781 -0.443058 -0.774669 0.451206 2.000000
-0.013026 -0.025795 0.701634 0.726120 0.597274 -0.340608 2.000000
-0.009072 -0.027049 0.703840 -0.471585 -0.549571 0.689623 2.000000
-0.009103 -0.023271 0.707288 -0.525313 -0.659381 0.537832 2.000000
-0.006582 -0.029993 0.703227 -0.315915 -0.668714 0.673067 2.000000
-0.013888 -0.024012 0.703045 -0.540387 -0.694315 0.475298 2.000000
-0.008988 -0.021724 0.710459 -0.613456 -0.730575 0.299888 2.000000
-0.006559 -0.029197 0.704038 -0.297088 -0.627790 0.719457 2.000000
-0.012479 -0.025145 0.703204 -0.510478 -0.630532 0.584672 2.000000
-0.015197 -0.018171 0.710858 -0.507819 -0.483085 0.713266 2.000000
-0.006674 -0.028852 0.704381 -0.352224 -0.613477 0.706812 2.000000
-0.012674 -0.024768 0.703421 -0.509346 -0.655957 0.557034 2.000000
-0.013217 -0.023856 0.703881 -0.476797 -0.722479 0.500689 2.000000
-0.008893 -0.026815 0.704173 -0.512799 -0.565255 0.646161 2.000000
-0.006400 -0.031833 0.701652 -0.460537 -0.583945 0.668516 2.000000
-0.006245 -0.026131 0.707469 0.674507 0.581177 -0.455273 2.000000
-0.006195 -0.029203 0.704084 -0.307832 -0.648091 0.696575 2.000000
-0.014823 -0.019052 0.710291 -0.458059 -0.709301 0.535792 2.000000
-0.014943 -0.017843 0.711216 -0.510141 -0.452015 0.731737 2.000000
-0.006265 -0.031514 0.701942 -0.451282 -0.598179 0.662213 2.000000
-0.008699 -0.027346 0.703827 -0.542345 -0.499172 0.675788 2.000000
-0.014662 -0.019400 0.709981 -0.408299 -0.794893 0.448817 2.000000
-0.006290 -0.028172 0.705014 -0.435098 -0.602713 0.668900 2.000000
-0.008388 -0.029794 0.702157 -0.562092 -0.540505 0.626025 2.000000
-0.012071 -0.024945 0.703675 -0.443745 -0.651333 0.615513 2.000000
-0.006099 -0.032022 0.701827 -0.470024 -0.579926 0.665405 2.000000
-0.013100 -0.021784 0.707051 -0.303888 -0.789923 0.532610 2.000000
-0.011267 -0.028721 0.700165 0.741270 0.642487 -0.194243 2.000000
-0.012965 -0.022153 0.706645 -0.299078 -0.800070 0.520038 2.000000
-0.012823 -0.023197 0.705391 -0.314533 -0.762544 0.565329 2.000000
-0.014448 -0.019096 0.710599 -0.415148 -0.685062 0.598617 2.000000
-0.008630 -0.026827 0.704344 -0.555381 -0.547956 0.625536 2.000000
-0.012216 -0.024034 0.704546 -0.405539 -0.697316 0.591007 2.000000
-0.009647 -0.020991 0.711022 -0.518720 -0.766073 0.379554 2.000000
-0.009558 -0.019962 0.713204 0.631865 0.712181 -0.305850 2.000000
-0.014236 -0.019547 0.710084 -0.325908 -0.850233 0.413386 2.000000
-0.013001 -0.020443 0.708970 -0.337356 -0.772687 0.537723 2.000000
-0.012807 -0.021480 0.707646 -0.334575 -0.776339 0.534188 2.000000
-0.011766 -0.024683 0.704170 -0.459139 -0.663529 0.590695 2.000000
-0.011662 -0.028174 0.700034 0.848352 0.528599 0.029682 2.000000
-0.013354 -0.022207 0.706269 -0.267538 -0.796447 0.542306 2.000000
-0.013272 -0.021670 0.707220 -0.297705 -0.786830 0.540620 2.000000
-0.012085 -0.022624 0.706508 -0.358567 -0.772982 0.523382 2.000000
-0.011159 -0.028887 0.700074 0.765835 0.619497 -0.172397 2.000000
-0.012290 -0.021451 0.708122 -0.330959 -0.781177 0.529366 2.000000
-0.008251 -0.026111 0.705347 -0.527627 -0.535701 0.659267 2.000000
-0.012788 -0.022828 0.705785 -0.305804 -0.752753 0.582964 2.000000
-0.007568 -0.027721 0.704382 -0.549015 -0.497423 0.671680 2.000000
-0.008610 -0.021837 0.711078 0.704007 0.661879 -0.257469 2.000000
-0.013828 -0.017775 0.712277 -0.604198 -0.426857 0.672858 2.000000
-0.010897 -0.025269 0.704269 -0.481674 -0.611482 0.627758 2.000000
-0.008565 -0.021643 0.711608 0.753495 0.605036 -0.257249 2.000000
-0.007479 -0.027471 0.704534 -0.542094 -0.529208 0.652743 2.000000
-0.011937 -0.021358 0.708440 -0.326959 -0.780916 0.532229 2.000000
-0.010193 -0.030330 0.699662 0.776404 0.615115 -0.137228 2.000000
-0.007353 -0.027805 0.704529 -0.559342 -0.478636 0.676790 2.000000
-0.012324 -0.022811 0.706052 -0.339710 -0.757878 0.556972 2.000000
-0.012573 -0.021670 0.707612 -0.327889 -0.780937 0.531625 2.000000
-0.010545 -0.029328 0.700345 0.675768 0.616401 -0.404213 2.000000
-0.007596 -0.029674 0.703028 -0.504538 -0.599456 0.621364 2.000000
-0.012063 -0.023248 0.705627 -0.359940 -0.744467 0.562328 2.000000
-0.013095 -0.019025 0.711470 -0.322587 -0.779330 0.537198 2.000000
-0.012259 -0.021946 0.707400 -0.333313 -0.777242 0.533665 2.000000
-0.011485 -0.021781 0.708110 -0.293431 -0.790384 0.537765 2.000000
-0.012387 -0.020741 0.709142 -0.361019 -0.765743 0.532262 2.000000
-0.009833 -0.030643 0.699719 0.760240 0.614350 -0.211209 2.000000
-0.012860 -0.019180 0.711354 -0.305198 -0.789133 0.533032 2.000000
-0.010853 -0.022745 0.707021 -0.256873 -0.771357 0.582259 2.000000
-0.011429 -0.020070 0.710666 -0.291705 -0.764892 0.574325 2.000000
-0.006665 -0.026687 0.706310 0.645364 0.541354 -0.538926 2.000000
-0.006150 -0.026063 0.707878 0.667673 0.589082 -0.455186 2.000000
-0.010465 -0.028075 0.701925 -0.589722 -0.630679 0.504452 2.000000
-0.016578 -0.022017 0.704185 -0.588961 -0.784109 0.195700 2.000000
-0.010625 -0.025524 0.704260 -0.445362 -0.622094 0.643934 2.000000
-0.012618 -0.019354 0.711237 -0.298660 -0.816712 0.493745 2.000000
-0.016186 -0.019836 0.708029 -0.420486 -0.727194 0.542568 2.000000
-0.008573 -0.031868 0.700027 0.606745 0.581399 -0.542066 2.000000
-0.006722 -0.027177 0.705870 -0.562383 -0.584429 0.584951 2.000000
-0.009973 -0.023523 0.706488 -0.318166 -0.668057 0.672659 2.000000
-0.008889 -0.030523 0.701040 -0.551570 -0.618642 0.559511 2.000000
-0.016124 -0.018593 0.709529 -0.587387 -0.608740 0.533303 2.000000
-0.006296 -0.027372 0.705976 -0.522720 -0.673629 0.522482 2.000000
-0.006447 -0.026839 0.706515 0.639256 0.564621 -0.522068 2.000000
-0.006321 -0.028589 0.704777 -0.404010 -0.641121 0.652487 2.000000
-0.016166 -0.021967 0.705014 -0.418319 -0.783618 0.459294 2.000000
-0.009511 -0.024106 0.706227 -0.396169 -0.608214 0.687841 2.000000
-0.010787 -0.022420 0.707517 -0.243899 -0.793524 0.557524 2.000000
-0.009504 -0.026256 0.704221 -0.428853 -0.565468 0.704507 2.000000
-0.014467 -0.022383 0.705494 -0.335825 -0.801577 0.494668 2.000000
-0.015753 -0.022606 0.704087 -0.530986 -0.831351 0.164040 2.000000
-0.009720 -0.022867 0.707301 -0.349857 -0.755288 0.554202 2.000000
-0.009890 -0.021752 0.709045 -0.393252 -0.817168 0.421414 2.000000
-0.005776 -0.027861 0.705862 -0.583799 -0.633916 0.507277 2.000000
-0.009287 -0.023740 0.706655 -0.452187 -0.610185 0.650539 2.000000
-0.011562 -0.018009 0.713544 0.443947 0.577063 -0.685500 2.000000
-0.010903 -0.021080 0.709552 -0.334458 -0.807923 0.485179 2.000000
-0.015259 -0.019271 0.709362 -0.454150 -0.743726 0.490530 2.000000
-0.005907 -0.025622 0.708953 0.709772 0.605965 -0.359208 2.000000
-0.015402 -0.022871 0.703840 -0.445866 -0.849344 0.282521 2.000000
-0.009081 -0.024133 0.706459 -0.498206 -0.579112 0.645306 2.000000
-0.013344 -0.024935 0.702405 -0.631677 -0.638502 0.439658 2.000000
-0.015997 -0.016420 0.710949 0.610020 0.347303 -0.712219 2.000000
-0.008551 -0.026560 0.704729 -0.544811 -0.512081 0.664043 2.000000
-0.008890 -0.023602 0.707155 -0.551437 -0.628749 0.548263 2.000000
-0.008596 -0.024897 0.706220 -0.530415 -0.581983 0.616405 2.000000
-0.014979 -0.022852 0.704365 -0.365100 -0.836059 0.409521 2.000000
-0.008596 -0.024109 0.706901 -0.566897 -0.586198 0.578791 2.000000
-0.010685 -0.018884 0.713356 -0.600330 -0.684993 0.412783 2.000000
-0.014756 -0.023493 0.703013 -0.534743 -0.806660 0.251696 2.000000
-0.008797 -0.022091 0.709906 -0.620782 -0.723455 0.302064 2.000000
-0.011574 -0.028356 0.700212 0.771270 0.615525 -0.162085 2.000000
-0.010052 -0.020907 0.710625 -0.458763 -0.791885 0.403055 2.000000
-0.008389 -0.023714 0.707592 -0.608557 -0.622902 0.491580 2.000000
-0.014546 -0.023010 0.704415 -0.335188 -0.832283 0.441537 2.000000
-0.008647 -0.022543 0.709246 -0.639793 -0.708637 0.297488 2.000000
-0.008168 -0.024452 0.707002 0.610598 0.575070 -0.544485 2.000000
-0.013612 -0.021125 0.707725 -0.274892 -0.786880 0.552498 2.000000
-0.014290 -0.023546 0.703254 -0.468620 -0.791271 0.392793 2.000000
-0.009520 -0.021693 0.709683 -0.505452 -0.784043 0.360270 2.000000
-0.011857 -0.026878 0.701931 -0.566094 -0.613682 0.550393 2.000000
-0.009702 -0.020035 0.712772 -0.608618 -0.723462 0.325863 2.000000
-0.011305 -0.026853 0.702439 -0.515339 -0.589987 0.621563 2.000000
-0.007864 -0.025513 0.706206 -0.555652 -0.613112 0.561556 2.000000
-0.014304 -0.022637 0.705158 -0.326652 -0.808693 0.489197 2.000000
-0.007775 -0.024589 0.707337 0.655233 0.575554 -0.489294 2.000000
-0.013462 -0.020618 0.708549 -0.296600 -0.775405 0.557472 2.000000
-0.007987 -0.024115 0.707551 0.649161 0.592738 -0.476709 2.000000
-0.008083 -0.022548 0.710560 0.701214 0.673081 -0.235077 2.000000
-0.016310 -0.017930 0.709913 0.625844 0.486821 -0.609364 2.000000
-0.013911 -0.023065 0.704722 -0.343270 -0.811169 0.473466 2.000000
-0.013076 -0.026102 0.700999 0.820717 0.570088 -0.037727 2.000000
-0.007637 -0.024327 0.707874 0.691673 0.583200 -0.425988 2.000000
-0.007795 -0.023153 0.709871 0.686126 0.669899 -0.283667 2.000000
-0.012355 -0.027103 0.700543 0.833181 0.552898 0.010659 2.000000
-0.007526 -0.025701 0.706386 -0.588072 -0.615379 0.524862 2.000000
-0.007480 -0.026001 0.705956 -0.568282 -0.576259 0.587352 2.000000
-0.007184 -0.025808 0.706686 0.631984 0.596303 -0.494994 2.000000
-0.013362 -0.023684 0.704057 -0.468002 -0.745758 0.474152 2.000000
-0.010519 -0.029950 0.699693 0.811137 0.569005 -0.135243 2.000000
-0.012544 -0.021853 0.707281 -0.332656 -0.776935 0.534521 2.000000
-0.013310 -0.023123 0.705150 -0.358384 -0.788730 0.499465 2.000000
-0.014598 -0.019666 0.709488 -0.381453 -0.824123 0.418707 2.000000
-0.006871 -0.024121 0.709638 0.702988 0.665467 -0.250921 2.000000
-0.015663 -0.016748 0.711251 0.597966 0.350584 -0.720782 2.000000
-0.012617 -0.020211 0.709568 -0.352435 -0.793775 0.495692 2.000000
-0.013205 -0.022906 0.705536 -0.321297 -0.761233 0.563287 2.000000
-0.015448 -0.017065 0.711281 0.596218 0.351728 -0.721673 2.000000
-0.007301 -0.025986 0.706282 0.607754 0.591225 -0.530177 2.000000
-0.012031 -0.025523 0.703138 -0.482861 -0.604401 0.633675 2.000000
-0.010772 -0.028640 0.700929 -0.536762 -0.664461 0.519979 2.000000
-0.008771 -0.032038 0.699285 0.791887 0.590879 -0.154197 2.000000
-0.007653 -0.023429 0.709583 0.685531 0.676892 -0.268074 2.000000
-0.007360 -0.024454 0.708144 0.701375 0.585919 -0.405920 2.000000
-0.006167 -0.024861 0.709622 0.737882 0.639954 -0.214452 2.000000
-0.012082 -0.023650 0.705057 -0.379890 -0.728672 0.569842 2.000000
-0.011150 -0.021657 0.708511 -0.278047 -0.803665 0.526131 2.000000
-0.007792 -0.033272 0.699285 -0.600721 -0.796148 0.072687 2.000000
-0.010653 -0.022603 0.707264 -0.223570 -0.788416 0.573076 2.000000
-0.010787 -0.022065 0.708015 -0.241660 -0.813341 0.529223 2.000000
-0.010738 -0.020657 0.710377 -0.419853 -0.775391 0.471691 2.000000
-0.009946 -0.023011 0.706954 -0.279161 -0.725664 0.628873 2.000000
-0.009760 -0.023339 0.706709 -0.340560 -0.665988 0.663686 2.000000
-0.009285 -0.023421 0.706962 -0.471568 -0.642315 0.604198 2.000000
-0.008509 -0.025729 0.705391 -0.525608 -0.568717 0.632690 2.000000
-0.009164 -0.022862 0.707798 -0.497233 -0.718427 0.486437 2.000000
-0.011091 -0.020801 0.709884 -0.355911 -0.793170 0.494175 2.000000
-0.008737 -0.023266 0.707752 -0.570162 -0.667480 0.478942 2.000000
-0.012685 -0.017496 0.713177 0.459378 0.478696 -0.748213 2.000000
-0.012821 -0.026519 0.700917 0.825561 0.558460 -0.081068 2.000000
-0.008778 -0.022736 0.708522 -0.588665 -0.714445 0.378209 2.000000
-0.007726 -0.025474 0.706471 -0.587060 -0.603856 0.539183 2.000000
-0.012807 -0.025882 0.701995 0.650469 0.592716 -0.474951 2.000000
-0.008381 -0.023078 0.708439 -0.632846 -0.677439 0.374943 2.000000
-0.008032 -0.023770 0.707966 0.669255 0.613522 -0.419152 2.000000
-0.015970 -0.019494 0.708522 -0.432910 -0.706014 0.560475 2.000000
-0.012651 -0.026632 0.700451 0.842672 0.521600 0.133557 2.000000
-0.010808 -0.019406 0.712025 -0.439134 -0.796929 0.414807 2.000000
-0.009063 -0.024457 0.706204 -0.479409 -0.594861 0.645219 2.000000
-0.012512 -0.025827 0.702466 0.601147 0.594447 -0.534093 2.000000
-0.016145 -0.022424 0.703915 -0.590975 -0.797641 0.120492 2.000000
-0.015190 -0.023110 0.702615 0.702894 0.707823 0.070184 2.000000
-0.009656 -0.021994 0.708771 -0.430544 -0.803233 0.411640 2.000000
-0.013434 -0.023955 0.703540 -0.524983 -0.703572 0.478935 2.000000
-0.008637 -0.024448 0.706525 -0.531484 -0.570433 0.626204 2.000000
-0.015923 -0.016989 0.710880 -0.602878 -0.357513 0.713248 2.000000
-0.014737 -0.023395 0.701958 0.834677 0.516519 0.191111 2.000000
-0.008314 -0.024082 0.707233 0.603952 0.594947 -0.530359 2.000000
-0.014012 -0.021156 0.707489 -0.263993 -0.783541 0.562469 2.000000
-0.014263 -0.023328 0.704014 -0.365524 -0.849123 0.381291 2.000000
-0.014457 -0.022867 0.704684 -0.333110 -0.820426 0.464693 2.000000
-0.007332 -0.033679 0.699266 0.476323 0.864846 -0.158610 2.000000
-0.010165 -0.028576 0.701568 -0.615861 -0.640270 0.459096 2.000000
-0.007929 -0.033089 0.699503 -0.619248 -0.681073 0.390733 2.000000
-0.009389 -0.031367 0.699281 0.768224 0.616688 0.171835 2.000000
-0.010650 -0.026616 0.703233 -0.523512 -0.544875 0.655016 2.000000
-0.008387 -0.022804 0.709176 -0.665950 -0.687659 0.289199 2.000000
-0.010200 -0.027568 0.702785 -0.561904 -0.550601 0.617335 2.000000
-0.013144 -0.021305 0.707768 -0.322811 -0.778292 0.538567 2.000000
-0.012462 -0.025636 0.702634 -0.589276 -0.589343 0.552657 2.000000
-0.008169 -0.032933 0.699351 0.716565 0.680352 -0.153808 2.000000
-0.013020 -0.020014 0.709573 -0.313098 -0.827284 0.466445 2.000000
-0.010422 -0.027643 0.702554 -0.574719 -0.572403 0.584853 2.000000
-0.016251 -0.017069 0.710469 -0.623870 -0.365945 0.690557 2.000000
-0.011480 -0.024880 0.704165 -0.483855 -0.637032 0.600062 2.000000
-0.007677 -0.032281 0.700170 -0.518776 -0.540945 0.662005 2.000000
-0.010694 -0.021799 0.708473 -0.262071 -0.821668 0.506143 2.000000
-0.010456 -0.021623 0.708902 -0.291348 -0.826396 0.481858 2.000000
-0.010569 -0.020709 0.710437 -0.406690 -0.781394 0.473316 2.000000
-0.008996 -0.024784 0.705965 -0.495722 -0.600043 0.627860 2.000000
-0.008930 -0.023922 0.706765 -0.518958 -0.600611 0.608234 2.000000
-0.009891 -0.024073 0.706020 -0.392401 -0.626084 0.673825 2.000000
-0.010289 -0.022526 0.707556 -0.239009 -0.800684 0.549345 2.000000
-0.013271 -0.020912 0.708250 -0.309019 -0.775454 0.550616 2.000000
-0.010824 -0.028908 0.700663 -0.565072 -0.635907 0.525657 2.000000
-0.011023 -0.028654 0.700751 -0.563034 -0.661281 0.495681 2.000000
-0.012762 -0.020827 0.708654 -0.349097 -0.766374 0.539261 2.000000
-0.009858 -0.022279 0.708123 -0.346746 -0.799822 0.489951 2.000000
-0.008239 -0.024854 0.706527 -0.580998 -0.562817 0.587945 2.000000
-0.009515 -0.022742 0.707626 -0.429431 -0.751555 0.500753 2.000000
-0.011021 -0.027797 0.701786 -0.551400 -0.627001 0.550297 2.000000
-0.007551 -0.033516 0.699149 -0.560429 -0.824523 0.077986 2.000000
-0.009074 -0.022675 0.708199 -0.509725 -0.739477 0.439721 2.000000
-0.008620 -0.023838 0.707114 -0.569664 -0.608846 0.552077 2.000000
-0.010888 -0.026821 0.702805 -0.522757 -0.544486 0.655942 2.000000
-0.011669 -0.021225 0.708738 -0.322647 -0.786963 0.525917 2.000000
-0.010295 -0.028313 0.701755 -0.599271 -0.646807 0.471715 2.000000
-0.007396 -0.024804 0.707651 0.685475 0.570675 -0.452167 2.000000
-0.010900 -0.021388 0.709057 -0.304338 -0.812322 0.497505 2.000000
-0.007971 -0.023166 0.709459 0.693160 0.672419 -0.259580 2.000000
-0.010908 -0.028274 0.701325 -0.514887 -0.668366 0.536823 2.000000
-0.010525 -0.021142 0.709670 -0.372602 -0.807973 0.456451 2.000000
-0.011852 -0.026522 0.702319 -0.534153 -0.609022 0.586322 2.000000
-0.015429 -0.020896 0.707171 -0.352364 -0.741464 0.571026 2.000000
-0.012156 -0.025228 0.703341 -0.462307 -0.636521 0.617344 2.000000
-0.015308 -0.020521 0.707703 -0.367771 -0.751392 0.547863 2.000000
-0.011900 -0.025139 0.703566 -0.450792 -0.633627 0.628732 2.000000
-0.007862 -0.031315 0.701108 -0.495400 -0.639521 0.587871 2.000000
-0.009446 -0.022325 0.708411 -0.470659 -0.768063 0.434234 2.000000
-0.010619 -0.023160 0.706665 -0.261423 -0.723071 0.639395 2.000000
-0.006505 -0.031160 0.702171 -0.412462 -0.646568 0.641736 2.000000
-0.010362 -0.022205 0.707984 -0.263223 -0.809596 0.524659 2.000000
-0.006301 -0.031075 0.702438 -0.405180 -0.601377 0.688604 2.000000
-0.009576 -0.031135 0.699387 0.775637 0.627240 0.070413 2.000000
-0.007493 -0.025097 0.707027 0.657161 0.572662 -0.490101 2.000000
-0.011786 -0.027865 0.700798 0.727559 0.614315 -0.305410 2.000000
-0.015323 -0.023108 0.702884 0.626625 0.778918 -0.025059 2.000000
-0.011779 -0.027759 0.700947 0.698154 0.631080 -0.338111 2.000000
-0.006231 -0.026323 0.707275 0.681158 0.572768 -0.456027 2.000000
-0.006560 -0.025654 0.707687 0.663199 0.606966 -0.437904 2.000000
-0.011388 -0.027748 0.701423 -0.586451 -0.648748 0.484975 2.000000
-0.012380 -0.026452 0.701631 0.661873 0.602979 -0.445355 2.000000
-0.006219 -0.025691 0.708147 0.665661 0.613420 -0.424983 2.000000
-0.008228 -0.025278 0.706146 -0.565215 -0.584717 0.581927 2.000000
-0.012996 -0.025078 0.700356 0.853949 0.120780 0.506145 2.000000
-0.016381 -0.020505 0.707082 -0.383093 -0.712794 0.587507 2.000000
-0.009835 -0.028755 0.702157 -0.565742 -0.633303 0.528075 2.000000
-0.010706 -0.029663 0.699884 0.791748 0.586454 -0.170900 2.000000
-0.009941 -0.021309 0.709867 -0.444709 -0.798907 0.404947 2.000000
-0.010210 -0.021370 0.709442 -0.375435 -0.823740 0.424855 2.000000
-0.009579 -0.021283 0.710403 -0.521084 -0.771466 0.365119 2.000000
-0.009975 -0.021892 0.708624 -0.348640 -0.817128 0.459077 2.000000
-0.009345 -0.022038 0.709119 -0.509097 -0.781493 0.360678 2.000000
-0.010457 -0.026180 0.703712 -0.503937 -0.582465 0.637795 2.000000
-0.009230 -0.021555 0.710221 -0.575123 -0.747736 0.331848 2.000000
-0.010070 -0.026283 0.703815 -0.456670 -0.570988 0.682220 2.000000
-0.008780 -0.028370 0.703209 -0.500051 -0.581774 0.641473 2.000000
-0.009709 -0.023727 0.706393 -0.376083 -0.628158 0.681161 2.000000
-0.008801 -0.021947 0.710255 -0.636632 -0.713784 0.291909 2.000000
-0.009469 -0.022478 0.708066 -0.436711 -0.765206 0.473015 2.000000
-0.010065 -0.024590 0.705282 -0.409625 -0.642995 0.647120 2.000000
-0.009630 -0.022101 0.708589 -0.422834 -0.800410 0.424918 2.000000
-0.009577 -0.023046 0.707082 -0.378447 -0.707656 0.596658 2.000000
-0.010497 -0.027953 0.702097 -0.586739 -0.624464 0.515540 2.000000
-0.008934 -0.022236 0.709261 -0.580816 -0.741683 0.335498 2.000000
-0.009711 -0.025740 0.704482 -0.396234 -0.588125 0.705059 2.000000
-0.009118 -0.022402 0.708715 -0.545622 -0.750333 0.373226 2.000000
-0.011499 -0.027179 0.701932 -0.533983 -0.602737 0.592933 2.000000
-0.009487 -0.025013 0.705321 -0.452904 -0.630551 0.630304 2.000000
-0.009352 -0.025809 0.704618 -0.460646 -0.566324 0.683434 2.000000
-0.008030 -0.022388 0.711086 0.723015 0.673577 -0.153438 2.000000
-0.009135 -0.023087 0.707443 -0.507228 -0.695244 0.509269 2.000000
-0.009032 -0.025142 0.705502 -0.480664 -0.624721 0.615375 2.000000
-0.008045 -0.022812 0.709813 0.692096 0.659206 -0.294024 2.000000
-0.015068 -0.019435 0.709270 -0.403929 -0.782181 0.474378 2.000000
-0.008061 -0.023229 0.708753 0.678350 0.672028 -0.297019 2.000000
-0.007613 -0.023308 0.709986 0.688059 0.670516 -0.277459 2.000000
-0.008623 -0.025306 0.705696 -0.518185 -0.601557 0.607959 2.000000
-0.007108 -0.023749 0.709901 0.694195 0.672858 -0.255646 2.000000
-0.008011 -0.024282 0.707278 0.632550 0.582894 -0.510014 2.000000
-0.007950 -0.024752 0.706919 0.614083 0.566153 -0.549884 2.000000
-0.016451 -0.016748 0.710491 0.728348 0.178861 -0.661451 2.000000
-0.006833 -0.024444 0.709067 0.680621 0.640175 -0.356275 2.000000
-0.009136 -0.025941 0.704688 -0.493892 -0.558693 0.666283 2.000000
-0.006477 -0.024438 0.709773 0.730986 0.660946 -0.169733 2.000000
-0.006487 -0.024608 0.709375 0.707250 0.641410 -0.297308 2.000000
-0.012445 -0.021151 0.708469 -0.337321 -0.773741 0.536228 2.000000
-0.014818 -0.017341 0.711553 0.556203 0.456198 -0.694637 2.000000
-0.006827 -0.027246 0.705674 -0.552275 -0.572167 0.606315 2.000000
-0.011744 -0.022470 0.706986 -0.327308 -0.773959 0.542086 2.000000
-0.011891 -0.027779 0.700647 0.733687 0.625910 -0.264462 2.000000
-0.011393 -0.023383 0.706063 -0.380959 -0.739770 0.554626 2.000000
-0.005878 -0.027184 0.706733 0.650462 0.639280 -0.410147 2.000000
-0.006675 -0.027507 0.705436 -0.486540 -0.605976 0.629343 2.000000
-0.009208 -0.029523 0.701713 -0.569062 -0.565870 0.596624 2.000000
-0.007083 -0.033386 0.699761 0.413589 0.787833 -0.456359 2.000000
-0.007338 -0.033100 0.699880 -0.523781 -0.616749 0.587600 2.000000
-0.017049 -0.020693 0.706310 -0.482231 -0.753529 0.446819 2.000000
-0.011358 -0.028335 0.700717 0.669501 0.644081 -0.370037 2.000000
-0.008872 -0.029874 0.701760 -0.549325 -0.533230 0.643357 2.000000
-0.016162 -0.022195 0.704631 -0.495049 -0.789139 0.363574 2.000000
-0.015191 -0.023097 0.703572 -0.470320 -0.858553 0.204171 2.000000
-0.006987 -0.030740 0.702517 -0.406456 -0.649287 0.642822 2.000000
-0.017081 -0.020907 0.705780 -0.627768 -0.689175 0.361863 2.000000
-0.014641 -0.023114 0.704129 -0.352529 -0.855677 0.378868 2.000000
-0.006557 -0.030487 0.702764 -0.319123 -0.659242 0.680853 2.000000
-0.007208 -0.025150 0.707344 0.671269 0.576904 -0.465381 2.000000
-0.008558 -0.028772 0.702914 -0.532926 -0.591274 0.605298 2.000000
-0.006247 -0.030324 0.703058 -0.319245 -0.642768 0.696371 2.000000
-0.011451 -0.025195 0.703758 -0.483437 -0.638184 0.599174 2.000000
-0.015125 -0.020405 0.708000 -0.358166 -0.764086 0.536554 2.000000
-0.009632 -0.029170 0.701683 0.614959 0.603817 -0.507179 2.000000
-0.014828 -0.019558 0.709437 -0.388853 -0.815797 0.428099 2.000000
-0.009880 -0.025405 0.704734 -0.388799 -0.601779 0.697637 2.000000
-0.011762 -0.023618 0.705207 -0.408993 -0.708761 0.574789 2.000000
-0.014450 -0.019473 0.710109 -0.365502 -0.827417 0.426368 2.000000
-0.014340 -0.019348 0.710359 -0.392083 -0.773799 0.497500 2.000000
-0.010450 -0.024472 0.705216 -0.393598 -0.641765 0.658193 2.000000
-0.014878 -0.018530 0.710817 -0.494371 -0.537771 0.682935 2.000000
-0.008783 -0.027662 0.703651 -0.527501 -0.458697 0.715080 2.000000
-0.010101 -0.023615 0.706336 -0.293159 -0.673101 0.678964 2.000000
-0.010370 -0.021917 0.708395 -0.263475 -0.821333 0.505957 2.000000
-0.007120 -0.031233 0.701767 -0.446275 -0.654015 0.610822 2.000000
-0.012910 -0.019093 0.711576 -0.337113 -0.778295 0.529728 2.000000
-0.010191 -0.022808 0.707165 -0.231150 -0.772568 0.591362 2.000000
-0.008594 -0.032320 0.699272 0.792414 0.608460 -0.043082 2.000000
-0.008420 -0.024306 0.706844 -0.568891 -0.582275 0.580791 2.000000
-0.008696 -0.023510 0.707441 -0.573188 -0.640246 0.511410 2.000000
-0.008357 -0.032036 0.700083 -0.586492 -0.548813 0.595677 2.000000
-0.008570 -0.023148 0.708090 -0.607753 -0.672653 0.422107 2.000000
-0.006428 -0.025232 0.708506 0.676049 0.602750 -0.423853 2.000000
-0.009466 -0.031264 0.699527 0.798076 0.592379 -0.110284 2.000000
-0.008902 -0.031606 0.699918 0.630471 0.603013 -0.488754 2.000000
-0.011190 -0.028105 0.701154 -0.591238 -0.639960 0.490804 2.000000
-0.013468 -0.023288 0.704675 -0.376312 -0.810139 0.449515 2.000000
-0.008119 -0.032978 0.699516 0.691190 0.626570 -0.360093 2.000000
-0.012978 -0.023518 0.704680 -0.400938 -0.772303 0.492744 2.000000
-0.016209 -0.022311 0.704156 -0.582673 -0.802526 0.128233 2.000000
-0.009836 -0.028517 0.702336 -0.563666 -0.598502 0.569276 2.000000
-0.006968 -0.032959 0.700331 0.510164 0.583119 -0.632222 2.000000
-0.010277 -0.025829 0.704230 -0.429170 -0.611291 0.664933 2.000000
-0.006656 -0.032733 0.700740 -0.532329 -0.563846 0.631430 2.000000
-0.010057 -0.026118 0.704057 -0.434933 -0.580074 0.688729 2.000000
-0.011222 -0.023777 0.705558 -0.399930 -0.713260 0.575601 2.000000
-0.007944 -0.030710 0.701585 -0.487174 -0.646287 0.587345 2.000000
-0.015910 -0.019813 0.708335 -0.422846 -0.710793 0.562116 2.000000
-0.015436 -0.019918 0.708582 -0.388210 -0.724672 0.569336 2.000000
-0.014627 -0.020702 0.707949 -0.313183 -0.764674 0.563197 2.000000
-0.009352 -0.023874 0.706497 -0.440672 -0.601674 0.666180 2.000000
-0.014148 -0.020637 0.708233 -0.274030 -0.778921 0.564083 2.000000
-0.014202 -0.019864 0.709382 -0.314358 -0.835131 0.451371 2.000000
-0.014267 -0.019693 0.709764 -0.330173 -0.845022 0.420623 2.000000
-0.013816 -0.019678 0.710003 -0.265240 -0.878326 0.397733 2.000000
-0.008039 -0.031813 0.700394 -0.524929 -0.574644 0.627880 2.000000
-0.013243 -0.019786 0.710136 -0.270855 -0.885677 0.377113 2.000000
-0.012395 -0.019807 0.710770 -0.240879 -0.852515 0.463891 2.000000
-0.012056 -0.019743 0.711006 -0.192453 -0.849302 0.491578 2.000000
-0.009622 -0.030777 0.699946 0.671857 0.638062 -0.376146 2.000000
-0.011952 -0.026995 0.701760 -0.585267 -0.618532 0.524291 2.000000
-0.009414 -0.030414 0.700702 0.618337 0.592833 -0.515955 2.000000
-0.009451 -0.028315 0.702779 -0.494085 -0.612337 0.617190 2.000000
-0.006143 -0.030682 0.702906 -0.399759 -0.597558 0.695066 2.000000
-0.006189 -0.030103 0.703412 -0.294072 -0.652700 0.698215 2.000000
-0.012525 -0.024468 0.703864 -0.476084 -0.650481 0.591792 2.000000
-0.007555 -0.026749 0.705432 -0.562263 -0.512521 0.648986 2.000000
-0.008891 -0.024305 0.706329 -0.507066 -0.574311 0.642690 2.000000
-0.017216 -0.020717 0.706048 -0.552200 -0.754210 0.355306 2.000000
-0.011013 -0.023042 0.706629 -0.291767 -0.732620 0.614932 2.000000
-0.007298 -0.032602 0.700378 -0.517612 -0.567628 0.640216 2.000000
-0.005833 -0.025427 0.709496 0.730618 0.629711 -0.263934 2.000000
-0.013112 -0.025934 0.700561 0.889689 0.332951 0.312404 2.000000
-0.013412 -0.022398 0.706019 -0.271294 -0.790709 0.548798 2.000000
-0.010592 -0.023674 0.705975 -0.321791 -0.702203 0.635107 2.000000
-0.016951 -0.021289 0.705173 -0.585430 -0.729319 0.354070 2.000000
-0.009957 -0.030569 0.699292 0.788726 0.520866 0.326510 2.000000
-0.006057 -0.031037 0.702683 -0.434422 -0.586529 0.683565 2.000000
-0.015369 -0.020172 0.708171 -0.374360 -0.756708 0.535955 2.000000
-0.009612 -0.027713 0.703122 -0.471517 -0.490929 0.732571 2.000000
-0.006698 -0.031539 0.701734 -0.444164 -0.602004 0.663559 2.000000
-0.015653 -0.019094 0.709631 -0.519046 -0.708343 0.478374 2.000000
-0.009794 -0.026567 0.703839 -0.432966 -0.584178 0.686496 2.000000
-0.013694 -0.025030 0.701275 0.903913 0.359127 0.232314 2.000000
-0.007465 -0.033544 0.698844 -0.454507 -0.865413 -0.210912 2.000000
-0.011450 -0.022177 0.707545 -0.286406 -0.793849 0.536447 2.000000
-0.006935 -0.023816 0.710360 0.757374 0.632312 -0.162991 2.000000
-0.013537 -0.024908 0.700955 0.870040 0.274769 0.409307 2.000000
-0.014935 -0.023370 0.702325 0.817198 0.551711 0.166741 2.000000
-0.008576 -0.021313 0.712570 0.809281 0.562114 -0.170567 2.000000
-0.008033 -0.030881 0.701436 -0.478502 -0.653417 0.586585 2.000000
-0.008318 -0.032639 0.699059 0.793753 0.596504 0.118912 2.000000
-0.013689 -0.024317 0.701056 0.853613 0.250614 0.456659 2.000000
-0.014077 -0.023997 0.701380 -0.775335 -0.359759 -0.519065 2.000000
-0.014310 -0.023106 0.701720 0.815390 0.191109 0.546457 2.000000
-0.007880 -0.033137 0.698962 -0.684026 -0.718587 -0.125468 2.000000
-0.007345 -0.033214 0.698489 -0.545801 -0.782647 -0.299274 2.000000
-0.008519 -0.032130 0.698890 0.784017 0.560944 0.265818 2.000000
-0.008068 -0.023501 0.708201 0.667647 0.630455 -0.395946 2.000000
-0.008173 -0.022191 0.711184 0.736878 0.651071 -0.181981 2.000000
-0.008740 -0.021144 0.711997 0.739982 0.622436 -0.254950 2.000000
-0.013961 -0.018384 0.711717 0.595921 0.558894 -0.576642 2.000000
-0.010554 -0.029469 0.699306 0.838418 0.544929 -0.010349 2.000000
-0.011250 -0.028731 0.699371 0.802704 0.540719 0.251573 2.000000
-0.015119 -0.023256 0.703238 -0.546810 -0.830863 0.103274 2.000000
-0.012059 -0.020739 0.709361 -0.360254 -0.779539 0.512383 2.000000
-0.009982 -0.023177 0.706740 -0.263026 -0.698379 0.665646 2.000000
-0.008860 -0.020871 0.712327 0.732185 0.635445 -0.245185 2.000000
-0.009018 -0.020409 0.713028 0.708002 0.672569 -0.215369 2.000000
-0.009875 -0.020144 0.712258 -0.564102 -0.743754 0.358634 2.000000
-0.017317 -0.020581 0.705733 -0.655524 -0.673609 0.341378 2.000000
-0.008433 -0.022859 0.708667 -0.629587 -0.697023 0.343189 2.000000
-0.008822 -0.022383 0.709061 -0.587053 -0.738120 0.332485 2.000000
-0.015665 -0.022682 0.703035 0.643235 0.762816 0.066034 2.000000
-0.009487 -0.023467 0.706678 -0.420913 -0.646506 0.636288 2.000000
-0.015310 -0.022652 0.702650 0.729313 0.673168 0.122256 2.000000
-0.013637 -0.022693 0.705576 -0.338934 -0.781790 0.523382 2.000000
-0.013224 -0.024598 0.700714 0.846020 0.075810 0.527733 2.000000
-0.007784 -0.024881 0.703693 -0.532929 -0.793188 -0.294686 2.000000
-0.007683 -0.025866 0.702722 -0.527845 -0.254750 -0.810236 2.000000
-0.010177 -0.025137 0.704787 -0.377921 -0.600877 0.704360 2.000000
-0.008663 -0.026100 0.704943 -0.525706 -0.543057 0.654769 2.000000
-0.007933 -0.032639 0.698619 -0.668769 -0.563321 -0.485199 2.000000
-0.009558 -0.030372 0.698830 0.697677 0.365869 0.615944 2.000000
-0.011798 -0.025990 0.699723 0.779656 0.033046 0.625336 2.000000
-0.008902 -0.030614 0.698814 -0.495056 -0.328113 -0.804526 2.000000
-0.012315 -0.025555 0.699853 -0.605764 0.190042 -0.772615 2.000000
-0.014676 -0.023094 0.701867 0.781617 0.284930 0.554878 2.000000
-0.010103 -0.026794 0.700173 -0.484763 -0.811242 -0.326942 2.000000
-0.016474 -0.017729 0.709972 0.673243 0.435778 -0.597362 2.000000
-0.016448 -0.019015 0.708778 -0.499279 -0.632880 0.591763 2.000000
-0.016507 -0.020543 0.706945 -0.389564 -0.718778 0.575845 2.000000
-0.016126 -0.020852 0.706796 -0.376944 -0.742814 0.553300 2.000000
-0.015737 -0.020675 0.707239 -0.369111 -0.723539 0.583308 2.000000
-0.015999 -0.021168 0.706466 -0.373454 -0.774693 0.510277 2.000000
-0.015236 -0.022236 0.705248 -0.349367 -0.796334 0.493756 2.000000
-0.014778 -0.022727 0.704754 -0.339444 -0.813568 0.472107 2.000000
-0.014439 -0.021765 0.706445 -0.300758 -0.805079 0.511267 2.000000
-0.015223 -0.020120 0.708393 -0.361140 -0.744905 0.560977 2.000000
-0.011145 -0.021274 0.709065 -0.312703 -0.803831 0.506036 2.000000
-0.015448 -0.021549 0.706184 -0.326373 -0.811958 0.483948 2.000000
-0.014455 -0.024070 0.702193 0.786821 0.617160 0.005035 2.000000
-0.012753 -0.023074 0.705556 -0.309362 -0.757757 0.574543 2.000000
-0.011948 -0.022866 0.706262 -0.382355 -0.747250 0.543527 2.000000
-0.017093 -0.021003 0.705513 -0.555825 -0.749717 0.359142 2.000000
-0.015540 -0.017725 0.710757 -0.585825 -0.416476 0.695239 2.000000
-0.015336 -0.018481 0.710483 -0.536254 -0.546765 0.643023 2.000000
-0.014393 -0.016851 0.712174 0.604982 0.449294 -0.657367 2.000000
-0.014361 -0.017376 0.711903 -0.609022 -0.442205 0.658443 2.000000
-0.014275 -0.017876 0.711734 0.638928 0.434551 -0.634772 2.000000
-0.014183 -0.018263 0.711428 -0.577449 -0.510979 0.636752 2.000000
-0.014043 -0.017316 0.712243 0.623111 0.408491 -0.666984 2.000000
-0.013942 -0.018699 0.711404 -0.514875 -0.618483 0.593618 2.000000
-0.013493 -0.017363 0.712691 0.563797 0.378960 -0.733841 2.000000
-0.013652 -0.018685 0.711728 -0.502632 -0.674500 0.540750 2.000000
-0.013744 -0.018275 0.712054 -0.584106 -0.547934 0.598823 2.000000
-0.016175 -0.017901 0.710146 -0.622184 -0.454014 0.637776 2.000000
-0.013036 -0.018566 0.712207 -0.371482 -0.720913 0.585052 2.000000
-0.012895 -0.018968 0.711823 -0.338207 -0.774466 0.534621 2.000000
-0.013007 -0.017511 0.712892 0.516594 0.433107 -0.738612 2.000000
-0.008623 -0.032149 0.699635 0.712912 0.546590 -0.439313 2.000000
-0.012512 -0.017456 0.713367 0.442857 0.487442 -0.752515 2.000000
-0.012622 -0.017873 0.713056 -0.425472 -0.518546 0.741676 2.000000
-0.012166 -0.017451 0.713570 0.457082 0.519629 -0.721846 2.000000
-0.011863 -0.017633 0.713651 0.458849 0.527126 -0.715260 2.000000
-0.012265 -0.017911 0.713283 -0.433154 -0.542822 0.719529 2.000000
-0.011554 -0.017610 0.713793 0.495387 0.574302 -0.651743 2.000000
-0.011427 -0.018570 0.713138 -0.400422 -0.706536 0.583497 2.000000
-0.011207 -0.018822 0.713027 -0.422337 -0.744616 0.516893 2.000000
-0.010164 -0.018837 0.714233 0.649596 0.607484 -0.457152 2.000000
-0.010317 -0.019186 0.713390 -0.647745 -0.674983 0.353304 2.000000
-0.009987 -0.019305 0.713960 0.657296 0.656447 -0.370188 2.000000
-0.009927 -0.019597 0.713287 -0.641614 -0.701232 0.310812 2.000000
-0.007462 -0.023847 0.708901 0.692920 0.647904 -0.316358 2.000000
-0.008553 -0.022296 0.709823 -0.652285 -0.699213 0.292620 2.000000
-0.008796 -0.021454 0.711475 0.721192 0.622374 -0.304191 2.000000
-0.010989 -0.020498 0.710439 -0.416750 -0.732232 0.538661 2.000000
-0.011059 -0.018566 0.713350 -0.498099 -0.677839 0.540770 2.000000
-0.017218 -0.020901 0.705415 -0.609540 -0.697733 0.376336 2.000000
-0.015242 -0.021333 0.706693 -0.323799 -0.793163 0.515797 2.000000
-0.015556 -0.020347 0.707761 -0.389596 -0.753482 0.529603 2.000000
-0.014048 -0.017579 0.712098 -0.641915 -0.418179 0.642706 2.000000
-0.013858 -0.020249 0.708911 -0.266771 -0.802355 0.533910 2.000000
-0.016202 -0.016597 0.710674 -0.616308 -0.358507 0.701168 2.000000
-0.014685 -0.018163 0.711150 -0.537003 -0.473980 0.697833 2.000000
-0.013915 -0.019467 0.710325 -0.312465 -0.852512 0.419034 2.000000
-0.013492 -0.019552 0.710417 -0.278853 -0.873405 0.399256 2.000000
-0.010106 -0.020052 0.712144 -0.596130 -0.701362 0.390794 2.000000
-0.009961 -0.019396 0.713733 0.654429 0.665877 -0.358233 2.000000
-0.009925 -0.020585 0.711400 -0.516094 -0.747074 0.418959 2.000000
-0.010095 -0.019033 0.714149 0.655300 0.631009 -0.415223 2.000000
-0.015028 -0.019421 0.709503 -0.424074 -0.793864 0.435822 2.000000
-0.015000 -0.019070 0.710124 -0.461647 -0.730204 0.503670 2.000000
-0.016566 -0.017833 0.709771 0.673736 0.458742 -0.579340 2.000000
-0.014622 -0.019166 0.710401 -0.435745 -0.728675 0.528355 2.000000
-0.015641 -0.017976 0.710619 -0.587045 -0.443595 0.677202 2.000000
-0.015066 -0.018582 0.710624 -0.478166 -0.568249 0.669664 2.000000
-0.014071 -0.019275 0.710674 -0.362000 -0.774402 0.518900 2.000000
-0.012993 -0.019390 0.711093 -0.287633 -0.819188 0.496183 2.000000
-0.012539 -0.019243 0.711636 -0.310989 -0.793693 0.522817 2.000000
-0.011341 -0.019873 0.710873 -0.293862 -0.785704 0.544348 2.000000
-0.012045 -0.019382 0.711725 -0.235061 -0.848069 0.474895 2.000000
-0.009996 -0.022400 0.707813 -0.308054 -0.794492 0.523340 2.000000
-0.011305 -0.019605 0.711472 -0.243835 -0.852034 0.463230 2.000000
-0.015415 -0.019231 0.709551 -0.484488 -0.738201 0.469394 2.000000
-0.015756 -0.018507 0.710100 -0.585151 -0.552716 0.593383 2.000000
-0.010517 -0.023862 0.705823 -0.339098 -0.701937 0.626337 2.000000
-0.015526 -0.018247 0.710561 -0.558190 -0.505379 0.658040 2.000000
-0.013466 -0.019497 0.710625 -0.273238 -0.851385 0.447754 2.000000
-0.013447 -0.018477 0.712164 -0.491095 -0.636801 0.594399 2.000000
-0.012293 -0.019520 0.711300 -0.235336 -0.850443 0.470494 2.000000
-0.012446 -0.018192 0.713049 -0.404877 -0.554130 0.727334 2.000000
-0.012882 -0.018140 0.712830 -0.454131 -0.541717 0.707324 2.000000
-0.012566 -0.019615 0.711013 -0.263904 -0.837351 0.478746 2.000000
-0.013592 -0.018167 0.712333 -0.527637 -0.527277 0.666017 2.000000
-0.009042 -0.021379 0.710837 -0.611003 -0.721984 0.324676 2.000000
-0.014365 -0.018557 0.711092 -0.507183 -0.559763 0.655310 2.000000
-0.015786 -0.018252 0.710292 -0.598457 -0.501915 0.624444 2.000000
-0.014331 -0.018174 0.711233 -0.580666 -0.468041 0.666157 2.000000
-0.015505 -0.018750 0.710081 -0.525673 -0.648420 0.550654 2.000000
-0.014493 -0.018938 0.710761 -0.457356 -0.631200 0.626428 2.000000
-0.013992 -0.019029 0.711038 -0.439403 -0.670971 0.597263 2.000000
-0.013289 -0.018272 0.712508 -0.484700 -0.560565 0.671440 2.000000
-0.013246 -0.018702 0.711944 -0.390061 -0.721972 0.571498 2.000000
-0.013162 -0.018431 0.712388 -0.421372 -0.634605 0.647860 2.000000
-0.012941 -0.018330 0.712640 -0.434803 -0.589401 0.680847 2.000000
-0.013552 -0.019350 0.710919 -0.313669 -0.795156 0.518979 2.000000
-0.013738 -0.019429 0.710645 -0.299756 -0.831974 0.466868 2.000000
-0.012773 -0.018408 0.712498 -0.402830 -0.635725 0.658469 2.000000
-0.012811 -0.018729 0.712027 -0.357177 -0.761057 0.541495 2.000000
-0.013130 -0.019560 0.710823 -0.278579 -0.840141 0.465357 2.000000
-0.012477 -0.018358 0.712847 -0.390914 -0.597085 0.700483 2.000000
-0.012333 -0.018516 0.712605 -0.354094 -0.694423 0.626413 2.000000
-0.012181 -0.018316 0.713098 -0.401412 -0.579544 0.709223 2.000000
-0.011897 -0.018171 0.713293 -0.424325 -0.581289 0.694299 2.000000
-0.011951 -0.018506 0.712966 -0.353627 -0.680834 0.641415 2.000000
-0.012753 -0.019730 0.710700 -0.269351 -0.848282 0.455926 2.000000
-0.011630 -0.018264 0.713245 -0.416461 -0.617431 0.667338 2.000000
-0.011219 -0.018274 0.713608 -0.488455 -0.632424 0.601208 2.000000
-0.011368 -0.018246 0.713396 -0.462686 -0.617303 0.636284 2.000000
-0.011290 -0.017989 0.713838 -0.514413 -0.604617 0.608126 2.000000
-0.011941 -0.019204 0.712110 -0.254717 -0.830568 0.495254 2.000000
-0.011008 -0.018487 0.713599 -0.558084 -0.627810 0.542583 2.000000
-0.010983 -0.017970 0.714151 0.584902 0.590351 -0.556216 2.000000
-0.010918 -0.018363 0.713849 0.606160 0.592938 -0.530089 2.000000
-0.010674 -0.017862 0.714522 0.608337 0.582028 -0.539601 2.000000
-0.010564 -0.018275 0.714364 0.630270 0.599370 -0.493472 2.000000
-0.010534 -0.018561 0.714085 0.638450 0.598466 -0.483964 2.000000
-0.012596 -0.018961 0.712026 -0.340022 -0.775180 0.532430 2.000000
-0.011677 -0.018777 0.712860 -0.357056 -0.725866 0.587902 2.000000
-0.011751 -0.019461 0.711664 -0.184427 -0.881421 0.434837 2.000000
-0.009835 -0.019572 0.713859 0.655495 0.669454 -0.349509 2.000000
-0.011337 -0.017689 0.714029 0.530353 0.583767 -0.614770 2.000000
-0.010832 -0.018627 0.713578 -0.584607 -0.663534 0.466859 2.000000
-0.010290 -0.018921 0.713947 0.656011 0.637159 -0.404572 2.000000
-0.008079 -0.022172 0.711959 0.781334 0.607043 -0.144968 2.000000
-0.008297 -0.022278 0.710810 0.703912 0.676381 -0.216834 2.000000
-0.007850 -0.022530 0.712014 0.779760 0.613854 -0.123113 2.000000
-0.007813 -0.022684 0.711188 0.749956 0.650078 -0.122331 2.000000
-0.007962 -0.022596 0.710864 0.725480 0.666099 -0.173178 2.000000
-0.007473 -0.023001 0.711630 0.767427 0.635064 -0.088031 2.000000
-0.007515 -0.023056 0.710943 0.725939 0.671524 -0.148551 2.000000
-0.007602 -0.023219 0.710231 0.691005 0.673419 -0.262713 2.000000
-0.007317 -0.023260 0.711201 0.752049 0.651184 -0.101896 2.000000
-0.007058 -0.023605 0.710560 0.751393 0.640255 -0.159633 2.000000
-0.007368 -0.023340 0.710460 0.704025 0.677418 -0.213198 2.000000
-0.006919 -0.023699 0.711015 0.785133 0.612646 -0.090725 2.000000
-0.006863 -0.023867 0.711436 0.797766 0.599208 -0.067234 2.000000
-0.006572 -0.024333 0.710498 0.787443 0.611690 -0.075961 2.000000
-0.006557 -0.024323 0.711188 0.787671 0.611700 -0.073464 2.000000
-0.006935 -0.023920 0.710074 0.729591 0.648162 -0.218135 2.000000
-0.006425 -0.024564 0.710447 0.766089 0.635354 -0.097125 2.000000
-0.006334 -0.024600 0.711095 0.778972 0.624140 -0.060432 2.000000
-0.009299 -0.020216 0.713155 0.664776 0.696190 -0.270910 2.000000
-0.011802 -0.019963 0.710668 -0.215813 -0.811900 0.542442 2.000000
-0.011551 -0.019701 0.711029 -0.211084 -0.836398 0.505848 2.000000
-0.011188 -0.020153 0.710700 -0.406195 -0.716530 0.567089 2.000000
-0.011160 -0.019713 0.711245 -0.351275 -0.786873 0.507383 2.000000
-0.010809 -0.020000 0.711173 -0.493954 -0.704259 0.509930 2.000000
-0.011358 -0.019105 0.712486 -0.267880 -0.844140 0.464401 2.000000
-0.010916 -0.019011 0.712885 -0.460794 -0.762356 0.454403 2.000000
-0.010836 -0.020429 0.710652 -0.448728 -0.717147 0.533239 2.000000
-0.010303 -0.019603 0.712600 -0.601275 -0.713473 0.359755 2.000000
-0.007327 -0.023180 0.711837 0.767449 0.637325 -0.069559 2.000000
-0.010568 -0.019257 0.712855 -0.533777 -0.744497 0.401007 2.000000
-0.011016 -0.019401 0.711774 -0.336217 -0.852640 0.399954 2.000000
-0.010717 -0.019911 0.711498 -0.545408 -0.698377 0.463466 2.000000
-0.010774 -0.019308 0.712303 -0.477525 -0.789241 0.386094 2.000000
-0.010711 -0.019549 0.711839 -0.496488 -0.773511 0.393929 2.000000
-0.009997 -0.019817 0.712735 -0.622015 -0.705269 0.340135 2.000000
-0.010340 -0.020439 0.711141 -0.531756 -0.723428 0.440327 2.000000
-0.010315 -0.019892 0.712106 -0.602267 -0.692078 0.397873 2.000000
-0.010323 -0.019663 0.712329 -0.598195 -0.705218 0.380567 2.000000
-0.010017 -0.020262 0.711891 -0.541904 -0.734651 0.408201 2.000000
-0.010223 -0.019106 0.713688 -0.648369 -0.650793 0.395078 2.000000
-0.006716 -0.024036 0.711086 0.793278 0.603923 -0.077378 2.000000
-0.009707 -0.019717 0.713727 0.629239 0.705773 -0.325489 2.000000
-0.009486 -0.021249 0.710646 -0.538996 -0.760895 0.361278 2.000000
-0.009656 -0.020582 0.711742 -0.534663 -0.745410 0.398120 2.000000
-0.009941 -0.019443 0.713555 -0.651502 -0.681994 0.332310 2.000000
-0.009441 -0.020878 0.711474 -0.553617 -0.728185 0.404048 2.000000
-0.008988 -0.021187 0.711589 -0.658750 -0.660051 0.361083 2.000000
-0.008420 -0.021482 0.712918 0.813181 0.562747 -0.148501 2.000000
-0.008322 -0.022076 0.711188 0.735923 0.639471 -0.222476 2.000000
-0.007029 -0.023623 0.711197 0.778850 0.620367 -0.092404 2.000000
-0.011029 -0.019861 0.710973 -0.439972 -0.723592 0.531826 2.000000
-0.010793 -0.020184 0.710979 -0.475945 -0.712054 0.516193 2.000000
-0.010690 -0.019277 0.712561 -0.500625 -0.778091 0.379407 2.000000
-0.010598 -0.019059 0.713173 -0.554528 -0.718746 0.419409 2.000000
-0.010584 -0.018692 0.713740 -0.608790 -0.640170 0.468570 2.000000
-0.010261 -0.019352 0.713152 -0.645540 -0.687589 0.332414 2.000000
-0.008636 -0.021177 0.712904 0.792844 0.589555 -0.154348 2.000000
-0.010758 -0.018228 0.714068 0.604441 0.603842 -0.519640 2.000000
-0.009268 -0.020215 0.713392 0.666718 0.696396 -0.265555 2.000000
-0.009306 -0.020282 0.712942 0.655481 0.708696 -0.260948 2.000000
-0.015936 -0.022574 0.703812 -0.592795 -0.796998 0.115708 2.000000
-0.016526 -0.022016 0.704531 -0.598245 -0.755502 0.267056 2.000000
-0.013316 -0.024485 0.703076 -0.559348 -0.650820 0.513385 2.000000
-0.007024 -0.027051 0.705671 -0.586897 -0.538517 0.604609 2.000000
-0.014901 -0.020837 0.707587 -0.329167 -0.750320 0.573297 2.000000
-0.016092 -0.019985 0.707880 -0.413006 -0.730319 0.544114 2.000000
-0.012744 -0.022468 0.706282 -0.317754 -0.780191 0.538827 2.000000
-0.012741 -0.022156 0.706807 -0.328495 -0.795103 0.509806 2.000000
-0.012369 -0.021610 0.707880 -0.329177 -0.781550 0.529926 2.000000
-0.015718 -0.019094 0.709484 -0.505852 -0.709200 0.491069 2.000000
-0.015839 -0.018847 0.709686 -0.557482 -0.655363 0.509620 2.000000
-0.013857 -0.019957 0.709334 -0.268304 -0.843996 0.464418 2.000000
-0.013602 -0.019787 0.709827 -0.246390 -0.875947 0.414740 2.000000
-0.013107 -0.019881 0.709862 -0.308741 -0.858910 0.408599 2.000000
-0.012802 -0.019651 0.710880 -0.273287 -0.845116 0.459449 2.000000
-0.008865 -0.023005 0.707954 -0.545932 -0.699000 0.461906 2.000000
-0.011359 -0.020568 0.710071 -0.364069 -0.765272 0.530861 2.000000
-0.013429 -0.019062 0.711312 -0.348862 -0.764007 0.542761 2.000000
-0.006672 -0.030930 0.702443 -0.364067 -0.646017 0.670907 2.000000
-0.010590 -0.019791 0.711853 -0.571132 -0.700847 0.427342 2.000000
-0.015852 -0.018635 0.709895 -0.577992 -0.609332 0.542807 2.000000
-0.013000 -0.019690 0.710537 -0.276123 -0.866140 0.416602 2.000000
-0.014147 -0.017017 0.712316 0.608470 0.414131 -0.676949 2.000000
-0.011725 -0.019564 0.711395 -0.181372 -0.868427 0.461453 2.000000
-0.007121 -0.023421 0.711478 0.773257 0.630850 -0.064047 2.000000
-0.009025 -0.020488 0.713198 0.706937 0.672884 -0.217872 2.000000
-0.016308 -0.019877 0.705739 -0.057808 -0.987549 0.146303 2.000000
-0.008110 -0.022558 0.710291 0.697914 0.670851 -0.250749 2.000000
-0.009105 -0.020606 0.711984 -0.615823 -0.711513 0.338397 2.000000
-0.008594 -0.022135 0.710105 -0.651603 -0.706472 0.276244 2.000000
-0.012974 -0.023240 0.705250 -0.332358 -0.774891 0.537664 2.000000
-0.008856 -0.016857 0.713059 -0.465215 0.560685 -0.684987 2.000000
-0.005099 -0.023345 0.710713 0.837146 0.294695 0.460804 2.000000
-0.005206 -0.023759 0.707846 0.620704 0.459393 0.635362 2.000000
-0.005524 -0.025092 0.705190 -0.131979 0.979603 -0.151521 2.000000
-0.004428 -0.024961 0.706462 -0.508230 0.212329 -0.834637 2.000000
-0.003742 -0.024921 0.709191 0.760765 0.352858 0.544727 2.000000
-0.004952 -0.026860 0.703563 0.869724 -0.191139 -0.455023 2.000000
-0.004005 -0.026331 0.704813 -0.607115 0.719963 -0.336251 2.000000
-0.003283 -0.026179 0.705641 -0.683953 0.711697 -0.160295 2.000000
-0.002629 -0.026269 0.706595 -0.515803 -0.489606 -0.703017 2.000000
-0.002434 -0.027754 0.704037 0.858674 -0.249590 -0.447642 2.000000
-0.007119 -0.028859 0.700350 0.980333 -0.159644 0.116017 2.000000
-0.003733 -0.025262 0.707067 0.784846 -0.248062 0.567875 2.000000
-0.005614 -0.025790 0.704329 0.159156 0.843998 0.512189 2.000000
-0.003375 -0.025749 0.706356 -0.049161 0.798799 0.599586 2.000000
-0.003151 -0.026030 0.706093 -0.749020 0.358984 -0.556865 2.000000
-0.003510 -0.027623 0.703593 0.271929 -0.158246 -0.949217 2.000000
-0.004891 -0.028077 0.707244 0.702976 0.580407 -0.411039 2.000000
-0.004884 -0.030710 0.703874 -0.597544 -0.499559 0.627202 2.000000
-0.005772 -0.025204 0.710624 0.739747 0.667862 -0.082063 2.000000
-0.004664 -0.029849 0.704776 0.641110 0.569372 -0.514581 2.000000
-0.005842 -0.028502 0.705120 -0.469936 -0.649579 0.597668 2.000000
-0.005537 -0.028040 0.705915 0.643373 0.604989 -0.469105 2.000000
-0.005382 -0.027934 0.706351 0.690496 0.613455 -0.383260 2.000000
-0.005218 -0.027823 0.707024 0.729141 0.581702 -0.360523 2.000000
-0.005304 -0.028436 0.705787 0.651001 0.592402 -0.474613 2.000000
-0.004976 -0.027874 0.707407 0.688800 0.575455 -0.440916 2.000000
-0.005045 -0.028183 0.706810 0.729768 0.594809 -0.337106 2.000000
-0.005047 -0.028766 0.705785 0.631984 0.620754 -0.463962 2.000000
-0.005003 -0.028245 0.706423 0.699543 0.628773 -0.339535 2.000000
-0.005104 -0.029041 0.705459 -0.594878 -0.653216 0.468433 2.000000
-0.004659 -0.028415 0.707198 0.658570 0.630244 -0.411191 2.000000
-0.004683 -0.028206 0.707452 0.664081 0.595248 -0.452411 2.000000
-0.004427 -0.027919 0.708031 0.622762 0.577740 -0.527620 2.000000
-0.004769 -0.028689 0.706259 -0.649397 -0.659307 0.378944 2.000000
-0.004537 -0.029048 0.705969 -0.603185 -0.675372 0.424313 2.000000
-0.003875 -0.028141 0.708443 -0.592183 -0.622180 0.512065 2.000000
-0.004212 -0.028221 0.707795 -0.586514 -0.622426 0.518254 2.000000
-0.004254 -0.029045 0.706473 -0.576138 -0.722037 0.383050 2.000000
-0.004016 -0.029701 0.705760 -0.573297 -0.647462 0.502118 2.000000
-0.003908 -0.029430 0.706151 -0.557126 -0.715763 0.421063 2.000000
-0.003569 -0.029244 0.706715 0.524360 0.749314 -0.404444 2.000000
-0.003278 -0.028781 0.708348 0.563787 0.687394 -0.457858 2.000000
-0.003613 -0.028881 0.707538 -0.527536 -0.737639 0.421419 2.000000
-0.003477 -0.029084 0.707399 -0.529908 -0.739507 0.415123 2.000000
-0.003244 -0.029168 0.707655 -0.522804 -0.740857 0.421671 2.000000
-0.003023 -0.029186 0.708024 -0.546297 -0.716757 0.433382 2.000000
-0.003553 -0.029821 0.706246 -0.545783 -0.719356 0.429706 2.000000
-0.002759 -0.029401 0.707852 -0.537977 -0.726380 0.427730 2.000000
-0.003415 -0.029661 0.706567 0.546817 0.728228 -0.413129 2.000000
-0.005693 -0.026286 0.708190 0.665235 0.591555 -0.455549 2.000000
-0.005656 -0.025714 0.709330 0.695176 0.644670 -0.318012 2.000000
-0.005597 -0.025492 0.709883 0.708154 0.674109 -0.209988 2.000000
-0.005370 -0.025769 0.709811 0.697484 0.676888 -0.235244 2.000000
-0.005299 -0.025990 0.709415 0.678745 0.662495 -0.316867 2.000000
-0.005725 -0.025809 0.708933 0.670548 0.641584 -0.372472 2.000000
-0.005521 -0.026176 0.708652 0.644551 0.642755 -0.414029 2.000000
-0.005001 -0.026074 0.709947 0.673540 0.694366 -0.253378 2.000000
-0.005726 -0.026481 0.707956 0.675401 0.574893 -0.461879 2.000000
-0.005210 -0.026535 0.708556 0.644429 0.620616 -0.446707 2.000000
-0.004882 -0.026333 0.709501 0.659154 0.683661 -0.313246 2.000000
-0.005240 -0.026289 0.708878 -0.637708 -0.657036 0.402035 2.000000
-0.005860 -0.027643 0.706031 -0.571081 -0.659462 0.488853 2.000000
-0.004882 -0.026718 0.708770 0.655656 0.614351 -0.438963 2.000000
-0.005391 -0.026861 0.708000 0.665108 0.567494 -0.485368 2.000000
-0.004611 -0.026656 0.709422 0.667086 0.652192 -0.360057 2.000000
-0.005562 -0.027402 0.706982 0.697194 0.608678 -0.378725 2.000000
-0.005486 -0.027707 0.706712 0.702120 0.612877 -0.362504 2.000000
-0.004736 -0.027191 0.708429 0.650006 0.562255 -0.511235 2.000000
-0.005472 -0.027194 0.707335 0.690606 0.582772 -0.428300 2.000000
-0.005015 -0.027262 0.707995 0.661186 0.549571 -0.510691 2.000000
-0.004557 -0.027007 0.708862 0.662747 0.601796 -0.445655 2.000000
-0.005123 -0.027442 0.707566 0.692771 0.549691 -0.466805 2.000000
-0.004378 -0.027650 0.708390 0.634875 0.564427 -0.527594 2.000000
-0.004142 -0.027148 0.709384 0.670379 0.617282 -0.411769 2.000000
-0.004892 -0.027703 0.707731 0.671194 0.554066 -0.492453 2.000000
-0.004809 -0.027576 0.707896 0.660810 0.553880 -0.506505 2.000000
-0.004696 -0.026707 0.709103 0.661090 0.648674 -0.377070 2.000000
-0.005677 -0.026886 0.707572 0.678664 0.574179 -0.457967 2.000000
-0.004105 -0.027407 0.709000 0.635552 0.606985 -0.477118 2.000000
-0.005926 -0.028128 0.705350 -0.516211 -0.614125 0.596973 2.000000
-0.005802 -0.029091 0.704537 -0.412137 -0.662064 0.625951 2.000000
-0.005820 -0.028789 0.704840 -0.430866 -0.680024 0.593231 2.000000
-0.005716 -0.027419 0.706637 -0.642201 -0.648594 0.408540 2.000000
-0.005947 -0.025461 0.709144 0.715748 0.605283 -0.348336 2.000000
-0.003836 -0.027752 0.708932 0.603858 0.615337 -0.506670 2.000000
-0.004306 -0.027162 0.708915 0.658852 0.596507 -0.458360 2.000000
-0.005523 -0.028523 0.705480 0.612134 0.583562 -0.533618 2.000000
-0.005714 -0.027570 0.706381 -0.648245 -0.651367 0.394334 2.000000
-0.005063 -0.026909 0.708326 0.642652 0.575414 -0.505862 2.000000
-0.005689 -0.025278 0.710191 0.729810 0.665570 -0.156188 2.000000
-0.005400 -0.029070 0.704831 -0.528444 -0.664877 0.527906 2.000000
-0.004066 -0.027834 0.708586 0.609132 0.603760 -0.514230 2.000000
-0.005896 -0.027900 0.705610 -0.526183 -0.625721 0.575852 2.000000
-0.005456 -0.025520 0.710456 0.712704 0.684921 -0.151448 2.000000
-0.003898 -0.027474 0.709225 0.636001 0.609661 -0.473092 2.000000
-0.003487 -0.028049 0.708922 0.596835 0.624423 -0.503868 2.000000
-0.005354 -0.025666 0.710084 0.700109 0.682606 -0.209513 2.000000
-0.003711 -0.028664 0.707955 -0.549115 -0.689383 0.472465 2.000000
-0.005006 -0.029349 0.704927 -0.596164 -0.638800 0.486337 2.000000
-0.005054 -0.026266 0.709211 -0.653011 -0.677859 0.337764 2.000000
-0.003352 -0.028903 0.708054 -0.548993 -0.696869 0.461498 2.000000
-0.003594 -0.029131 0.707211 -0.516328 -0.758403 0.397782 2.000000
-0.004570 -0.027516 0.708253 0.639481 0.557686 -0.529198 2.000000
-0.004971 -0.029573 0.704674 -0.597925 -0.611271 0.518492 2.000000
-0.005143 -0.028293 0.706133 0.688081 0.604502 -0.401401 2.000000
-0.004829 -0.026282 0.709760 0.660832 0.688941 -0.297760 2.000000
-0.004207 -0.027497 0.708691 0.630356 0.591948 -0.502244 2.000000
-0.003185 -0.029564 0.707032 0.528114 0.746781 -0.404245 2.000000
-0.003159 -0.029401 0.707387 -0.511487 -0.748667 0.421757 2.000000
-0.005780 -0.027031 0.707033 0.671995 0.597812 -0.437084 2.000000
-0.005746 -0.029379 0.704196 -0.369108 -0.661026 0.653302 2.000000
-0.005969 -0.031326 0.702292 0.446755 0.587916 -0.674362 2.000000
-0.003577 -0.028528 0.708323 0.573355 0.663646 -0.480455 2.000000
-0.005798 -0.026026 0.708410 0.657017 0.620583 -0.428025 2.000000
-0.005628 -0.029797 0.703899 -0.397680 -0.606966 0.688072 2.000000
-0.005326 -0.027139 0.707754 0.679024 0.563410 -0.470633 2.000000
-0.005371 -0.028822 0.705361 -0.612009 -0.629681 0.478483 2.000000
-0.005571 -0.030200 0.703586 -0.438215 -0.573645 0.692025 2.000000
-0.003462 -0.028282 0.708575 0.571313 0.649610 -0.501606 2.000000
-0.003728 -0.030053 0.705400 0.606880 0.599353 -0.521989 2.000000
-0.003677 -0.029816 0.705983 0.557852 0.695746 -0.452480 2.000000
-0.005131 -0.029146 0.705205 -0.593665 -0.650177 0.474164 2.000000
-0.003669 -0.028029 0.708722 -0.588860 -0.622035 0.516059 2.000000
-0.004757 -0.029258 0.705510 -0.602753 -0.652332 0.459513 2.000000
-0.004687 -0.029607 0.704999 0.619675 0.614688 -0.488018 2.000000
-0.004370 -0.029565 0.705485 -0.585080 -0.650670 0.484055 2.000000
-0.004485 -0.028181 0.707713 0.641053 0.588083 -0.493163 2.000000
-0.004676 -0.030425 0.704149 0.623374 0.493626 -0.606414 2.000000
-0.002890 -0.029025 0.708334 0.564945 0.694106 -0.446153 2.000000
-0.003982 -0.028369 0.708054 -0.563632 -0.644544 0.516606 2.000000
-0.004177 -0.028550 0.707564 -0.560421 -0.675840 0.478716 2.000000
-0.004232 -0.029836 0.705303 -0.583302 -0.624644 0.519210 2.000000
-0.004424 -0.030244 0.704681 0.637787 0.520204 -0.567993 2.000000
-0.003933 -0.029133 0.706831 -0.539817 -0.746482 0.389053 2.000000
-0.005465 -0.028823 0.705099 -0.543953 -0.649381 0.531431 2.000000
-0.006011 -0.029139 0.704312 -0.349569 -0.659513 0.665465 2.000000
-0.003121 -0.028627 0.708588 0.557674 0.678537 -0.478108 2.000000
-0.005108 -0.029277 0.704661 -0.563613 -0.643286 0.518192 2.000000
-0.005323 -0.028101 0.706145 0.687236 0.601997 -0.406579 2.000000
-0.005401 -0.027171 0.707574 0.686678 0.576416 -0.442966 2.000000
-0.002696 -0.029314 0.708113 -0.553475 -0.706851 0.440484 2.000000
-0.004830 -0.028551 0.706609 0.685024 0.650317 -0.328375 2.000000
-0.005254 -0.027584 0.707260 0.718455 0.567139 -0.402711 2.000000
-0.004766 -0.028792 0.706048 -0.640947 -0.641356 0.421721 2.000000
-0.004495 -0.027280 0.708579 0.654990 0.560844 -0.506401 2.000000
-0.005091 -0.027039 0.708150 0.657414 0.556070 -0.508521 2.000000
-0.004753 -0.027482 0.708115 0.644989 0.554585 -0.525761 2.000000
-0.004546 -0.028751 0.706877 -0.609459 -0.701031 0.370291 2.000000
-0.004206 -0.028016 0.708205 0.603629 0.587546 -0.538907 2.000000
-0.004458 -0.026724 0.709660 0.671823 0.658223 -0.339701 2.000000
-0.004080 -0.028915 0.707203 -0.534544 -0.739666 0.408849 2.000000
-0.002842 -0.029442 0.707595 0.521059 0.739145 -0.426805 2.000000
-0.005818 -0.025228 0.709748 0.736810 0.639346 -0.219880 2.000000
-0.005598 -0.027724 0.706139 -0.628297 -0.645084 0.434868 2.000000
-0.005569 -0.025648 0.709622 0.702702 0.665984 -0.250352 2.000000
-0.005137 -0.025995 0.709653 0.665064 0.689639 -0.286511 2.000000
-0.004760 -0.028012 0.707641 0.664794 0.565362 -0.488277 2.000000
-0.004625 -0.028804 0.706559 -0.645408 -0.685375 0.337208 2.000000
-0.004380 -0.028706 0.707233 -0.570194 -0.708432 0.415937 2.000000
-0.004671 -0.027815 0.707921 0.642448 0.562336 -0.520613 2.000000
-0.004330 -0.026963 0.709333 0.673794 0.627930 -0.389495 2.000000
-0.003983 -0.029092 0.707036 -0.541555 -0.743027 0.393229 2.000000
-0.005394 -0.026015 0.709086 -0.645171 -0.688555 0.331128 2.000000
-0.005869 -0.025058 0.709559 0.740678 0.621786 -0.254515 2.000000
-0.006114 -0.025220 0.709087 0.714786 0.604411 -0.351808 2.000000
-0.004865 -0.026386 0.709296 -0.652758 -0.675758 0.342428 2.000000
-0.004993 -0.026457 0.708904 0.656780 0.645333 -0.390109 2.000000
-0.004833 -0.026866 0.708598 0.647736 0.597723 -0.472404 2.000000
-0.005751 -0.031782 0.702249 0.459585 0.574808 -0.677036 2.000000
-0.005774 -0.026935 0.707277 0.683694 0.580692 -0.441996 2.000000
-0.004699 -0.029485 0.705236 -0.618901 -0.631929 0.466505 2.000000
-0.005182 -0.029637 0.704440 -0.561660 -0.598025 0.571755 2.000000
-0.004356 -0.030099 0.704921 0.628994 0.560712 -0.538488 2.000000
-0.005375 -0.029346 0.704500 -0.514287 -0.654965 0.553651 2.000000
-0.004329 -0.029416 0.705770 -0.568793 -0.671131 0.475456 2.000000
-0.003673 -0.029971 0.705703 -0.594139 -0.626605 0.504346 2.000000
-0.005357 -0.029723 0.704170 -0.490415 -0.589367 0.641981 2.000000
-0.005586 -0.028277 0.705603 0.617336 0.593043 -0.516910 2.000000
-0.005761 -0.026625 0.707726 0.675002 0.573317 -0.464414 2.000000
-0.005876 -0.030521 0.703103 -0.432593 -0.566730 0.701199 2.000000
-0.005337 -0.030008 0.703734 -0.481364 -0.559680 0.674572 2.000000
-0.004799 -0.030136 0.704317 0.630244 0.503767 -0.590772 2.000000
-0.006020 -0.029910 0.703689 -0.293855 -0.641320 0.708772 2.000000
-0.005431 -0.030620 0.703356 -0.479715 -0.537082 0.693842 2.000000
-0.004940 -0.031155 0.703216 -0.562030 -0.491690 0.665103 2.000000
-0.005174 -0.029999 0.704012 -0.542295 -0.534162 0.648527 2.000000
-0.005077 -0.030266 0.703894 -0.567230 -0.528652 0.631488 2.000000
-0.004188 -0.030740 0.704492 -0.611916 -0.522408 0.593842 2.000000
-0.005559 -0.031477 0.702644 0.491475 0.558086 -0.668575 2.000000
-0.005899 -0.026171 0.708034 0.678256 0.587849 -0.440912 2.000000
-0.005163 -0.031034 0.703289 -0.531117 -0.514368 0.673306 2.000000
-0.005738 -0.030845 0.703053 -0.443587 -0.558413 0.701003 2.000000
-0.004689 -0.031150 0.703641 0.596624 0.479418 -0.643582 2.000000
-0.004465 -0.030886 0.704162 0.626034 0.493834 -0.603498 2.000000
-0.004073 -0.030564 0.704806 0.627921 0.539055 -0.561369 2.000000
-0.004060 -0.030205 0.705106 0.617814 0.571699 -0.539876 2.000000
-0.005491 -0.028452 0.705576 0.617146 0.591137 -0.519315 2.000000
-0.004476 -0.030482 0.704400 0.626694 0.504348 -0.594043 2.000000
-0.005794 -0.030432 0.703265 -0.428960 -0.561962 0.707243 2.000000
-0.004193 -0.029038 0.706875 -0.552765 -0.743315 0.376742 2.000000
-0.005498 -0.031899 0.702400 0.482462 0.559759 -0.673721 2.000000
-0.005738 -0.031206 0.702749 0.480576 0.559510 -0.675275 2.000000
-0.005253 -0.030857 0.703400 -0.506333 -0.527233 0.682387 2.000000
-0.005232 -0.030567 0.703637 -0.526426 -0.533604 0.661923 2.000000
-0.005462 -0.026418 0.708321 0.654401 0.585134 -0.478934 2.000000
-0.005054 -0.030918 0.703523 0.566523 0.483974 -0.666949 2.000000
-0.005030 -0.029862 0.704360 0.604667 0.550469 -0.575641 2.000000
-0.005940 -0.024991 0.710808 0.753358 0.654221 -0.066685 2.000000
-0.005787 -0.025189 0.710411 0.735833 0.667885 -0.111715 2.000000
-0.005319 -0.031154 0.703062 -0.494321 -0.530458 0.688666 2.000000
-0.016890 -0.020660 0.706509 -0.461394 -0.737210 0.493596 2.000000
-0.009120 -0.020397 0.712988 0.693912 0.684172 -0.224489 2.000000
-0.003357 -0.029298 0.707135 0.518132 0.757715 -0.396747 2.000000
-0.015250 -0.021192 0.706902 -0.329184 -0.775835 0.538254 2.000000
-0.007850 -0.022530 0.712014 0.779760 0.613854 -0.123113 2.000000
-0.011442 -0.028535 0.699746 0.840293 0.530759 0.110462 2.000000
-0.005842 -0.028502 0.705120 -0.469936 -0.649579 0.597668 2.000000
-0.007596 -0.029674 0.703028 -0.504538 -0.599456 0.621364 2.000000
-0.011553 -0.023674 0.705420 -0.429594 -0.708882 0.559406 2.000000
-0.011607 -0.022836 0.706465 -0.358614 -0.740346 0.568580 2.000000
-0.013246 -0.018702 0.711944 -0.390061 -0.721972 0.571498 2.000000
-0.012740 -0.021175 0.708203 -0.342859 -0.769146 0.539316 2.000000
-0.011625 -0.021088 0.709042 -0.330845 -0.787257 0.520354 2.000000
-0.008740 -0.021144 0.711997 0.739982 0.622436 -0.254950 2.000000
-0.015436 -0.019918 0.708582 -0.388210 -0.724672 0.569336 2.000000
-0.009112 -0.027436 0.703519 -0.469341 -0.484567 0.738183 2.000000
-0.003283 -0.026179 0.705641 -0.683953 0.711697 -0.160295 2.000000
-0.013809 -0.022221 0.706125 -0.275413 -0.793841 0.542185 2.000000
-0.011429 -0.020070 0.710666 -0.291705 -0.764892 0.574325 2.000000
-0.015395 -0.020262 0.707992 -0.383126 -0.760954 0.523606 2.000000
-0.014737 -0.023395 0.701958 0.834677 0.516519 0.191111 2.000000
-0.009720 -0.022867 0.707301 -0.349857 -0.755288 0.554202 2.000000
-0.015481 -0.019053 0.709786 -0.509582 -0.708407 0.488350 2.000000
-0.012618 -0.019354 0.711237 -0.298660 -0.816712 0.493745 2.000000
-0.008228 -0.025278 0.706146 -0.565215 -0.584717 0.581927 2.000000
-0.004993 -0.026457 0.708904 0.656780 0.645333 -0.390109 2.000000
-0.013329 -0.023239 0.704854 -0.372066 -0.797079 0.475638 2.000000
-0.008623 -0.025306 0.705696 -0.518185 -0.601557 0.607959 2.000000
-0.009632 -0.029170 0.701683 0.614959 0.603817 -0.507179 2.000000
-0.008387 -0.022804 0.709176 -0.665950 -0.687659 0.289199 2.000000
-0.008165 -0.026729 0.704956 -0.540593 -0.525811 0.656721 2.000000
-0.010289 -0.018585 0.714352 0.644634 0.596108 -0.478646 2.000000
-0.003121 -0.028627 0.708588 0.557674 0.678537 -0.478108 2.000000
-0.009636 -0.025631 0.704640 -0.402703 -0.601903 0.689597 2.000000
-0.006114 -0.025220 0.709087 0.714786 0.604411 -0.351808 2.000000
-0.003898 -0.027474 0.709225 0.636001 0.609661 -0.473092 2.000000
-0.008737 -0.023266 0.707752 -0.570162 -0.667480 0.478942 2.000000
-0.012864 -0.025780 0.700019 0.802153 0.233672 0.549497 2.000000
-0.012765 -0.024450 0.703674 -0.489109 -0.652198 0.579147 2.000000
-0.009979 -0.020732 0.711012 -0.488358 -0.769322 0.411886 2.000000
-0.011707 -0.022092 0.707507 -0.306655 -0.784919 0.538390 2.000000
-0.013738 -0.019429 0.710645 -0.299756 -0.831974 0.466868 2.000000
-0.005299 -0.025990 0.709415 0.678745 0.662495 -0.316867 2.000000
-0.015556 -0.020347 0.707761 -0.389596 -0.753482 0.529603 2.000000
-0.005794 -0.030432 0.703265 -0.428960 -0.561962 0.707243 2.000000
-0.010685 -0.018884 0.713356 -0.600330 -0.684993 0.412783 2.000000
-0.004993 -0.026457 0.708904 0.656780 0.645333 -0.390109 2.000000
-0.009033 -0.027207 0.703688 -0.462861 -0.517659 0.719576 2.000000
-0.013231 -0.025840 0.701249 0.833109 0.550458 -0.054084 2.000000
-0.015336 -0.021794 0.705832 -0.342802 -0.814088 0.468772 2.000000
-0.010340 -0.020439 0.711141 -0.531756 -0.723428 0.440327 2.000000
-0.006954 -0.027534 0.705262 -0.565377 -0.569184 0.596974 2.000000
-0.011465 -0.024143 0.705005 -0.447295 -0.666839 0.596031 2.000000
-0.011021 -0.027797 0.701786 -0.551400 -0.627001 0.550297 2.000000
-0.011585 -0.021928 0.707810 -0.306998 -0.787378 0.534591 2.000000
-0.005382 -0.027934 0.706351 0.690496 0.613455 -0.383260 2.000000
-0.010413 -0.028437 0.701556 -0.579538 -0.647705 0.494585 2.000000
-0.006425 -0.024864 0.709144 0.701002 0.626217 -0.341246 2.000000
-0.006827 -0.027246 0.705674 -0.552275 -0.572167 0.606315 2.000000
-0.011133 -0.026999 0.702403 -0.530877 -0.586433 0.611773 2.000000
-0.012085 -0.022624 0.706508 -0.358567 -0.772982 0.523382 2.000000
-0.009285 -0.026537 0.704199 -0.484358 -0.564498 0.668386 2.000000
-0.007649 -0.029660 0.699613 0.550592 -0.638434 -0.537820 2.000000
-0.008918 -0.028116 0.703345 -0.505628 -0.523357 0.685885 2.000000
-0.002759 -0.029401 0.707852 -0.537977 -0.726380 0.427730 2.000000
-0.004892 -0.027703 0.707731 0.671194 0.554066 -0.492453 2.000000
-0.011585 -0.021928 0.707810 -0.306998 -0.787378 0.534591 2.000000
-0.010177 -0.025137 0.704787 -0.377921 -0.600877 0.704360 2.000000
-0.010192 -0.019557 0.712921 -0.617046 -0.704531 0.350556 2.000000
-0.008600 -0.026396 0.704836 -0.538391 -0.522085 0.661485 2.000000
-0.008771 -0.032038 0.699285 0.791887 0.590879 -0.154197 2.000000
-0.010773 -0.020879 0.709972 -0.370893 -0.803495 0.465655 2.000000
-0.007933 -0.032639 0.698619 -0.668769 -0.563321 -0.485199 2.000000
-0.015764 -0.021690 0.705731 -0.349562 -0.813115 0.465458 2.000000
-0.011625 -0.021088 0.709042 -0.330845 -0.787257 0.520354 2.000000
-0.010836 -0.020429 0.710652 -0.448728 -0.717147 0.533239 2.000000
-0.004232 -0.029836 0.705303 -0.583302 -0.624644 0.519210 2.000000
-0.009656 -0.021994 0.708771 -0.430544 -0.803233 0.411640 2.000000
-0.010200 -0.026605 0.703460 -0.490921 -0.548239 0.677075 2.000000
-0.007479 -0.027471 0.704534 -0.542094 -0.529208 0.652743 2.000000
-0.010628 -0.029127 0.700489 -0.595260 -0.615507 0.516543 2.000000
-0.006919 -0.023699 0.711015 0.785133 0.612646 -0.090725 2.000000
-0.005253 -0.030857 0.703400 -0.506333 -0.527233 0.682387 2.000000
-0.007812 -0.022464 0.712372 0.785582 0.605301 -0.128343 2.000000
-0.013046 -0.021997 0.706830 -0.287029 -0.795046 0.534337 2.000000
-0.008604 -0.021949 0.710870 0.689490 0.678742 -0.252810 2.000000
-0.010853 -0.022745 0.707021 -0.256873 -0.771357 0.582259 2.000000
-0.003244 -0.029168 0.707655 -0.522804 -0.740857 0.421671 2.000000
-0.008039 -0.031813 0.700394 -0.524929 -0.574644 0.627880 2.000000
-0.014331 -0.018174 0.711233 -0.580666 -0.468041 0.666157 2.000000
-0.010474 -0.023678 0.706133 -0.302635 -0.699872 0.646986 2.000000
-0.007209 -0.027926 0.704765 -0.544855 -0.501197 0.672261 2.000000
-0.006189 -0.030103 0.703412 -0.294072 -0.652700 0.698215 2.000000
-0.002629 -0.026269 0.706595 -0.515803 -0.489606 -0.703017 2.000000
-0.003677 -0.029816 0.705983 0.557852 0.695746 -0.452480 2.000000
-0.008239 -0.024854 0.706527 -0.580998 -0.562817 0.587945 2.000000
-0.012610 -0.026189 0.701834 0.665858 0.590541 -0.455955 2.000000
-0.015745 -0.017150 0.711015 -0.610553 -0.345278 0.712747 2.000000
-0.011160 -0.019713 0.711245 -0.351275 -0.786873 0.507383 2.000000
-0.003023 -0.029186 0.708024 -0.546297 -0.716757 0.433382 2.000000
-0.016162 -0.022195 0.704631 -0.495049 -0.789139 0.363574 2.000000
-0.006790 -0.026229 0.703056 -0.081023 0.793027 0.603775 2.000000
-0.004356 -0.030099 0.704921 0.628994 0.560712 -0.538488 2.000000
-0.013845 -0.022919 0.705042 -0.345395 -0.799722 0.491068 2.000000
-0.008730 -0.022950 0.708212 -0.579781 -0.707838 0.403508 2.000000
-0.010990 -0.025653 0.703780 -0.525970 -0.609629 0.593050 2.000000
-0.004537 -0.029048 0.705969 -0.603185 -0.675372 0.424313 2.000000
-0.003594 -0.029131 0.707211 -0.516328 -0.758403 0.397782 2.000000
-0.009316 -0.024877 0.705641 -0.463510 -0.618356 0.634661 2.000000
-0.008833 -0.031068 0.700371 -0.583164 -0.620746 0.524017 2.000000
-0.007088 -0.032238 0.700922 -0.541282 -0.561917 0.625511 2.000000
-0.010525 -0.025277 0.704519 -0.402196 -0.619363 0.674261 2.000000
-0.011744 -0.022470 0.706986 -0.327308 -0.773959 0.542086 2.000000
-0.014237 -0.023900 0.702804 -0.583926 -0.733059 0.348792 2.000000
-0.011662 -0.028174 0.700034 0.848352 0.528599 0.029682 2.000000
-0.006674 -0.028852 0.704381 -0.352224 -0.613477 0.706812 2.000000
-0.004232 -0.029836 0.705303 -0.583302 -0.624644 0.519210 2.000000
-0.005876 -0.030521 0.703103 -0.432593 -0.566730 0.701199 2.000000
-0.008576 -0.021313 0.712570 0.809281 0.562114 -0.170567 2.000000
-0.016202 -0.016597 0.710674 -0.616308 -0.358507 0.701168 2.000000
-0.015764 -0.021690 0.705731 -0.349562 -0.813115 0.465458 2.000000
-0.008699 -0.027346 0.703827 -0.542345 -0.499172 0.675788 2.000000
-0.013224 -0.024598 0.700714 0.846020 0.075810 0.527733 2.000000
-0.012922 -0.024012 0.704064 -0.464978 -0.695390 0.547931 2.000000
-0.011904 -0.023941 0.704870 -0.416165 -0.688533 0.593910 2.000000
-0.007325 -0.031039 0.701864 -0.456483 -0.648034 0.609651 2.000000
-0.015814 -0.020030 0.708076 -0.417681 -0.738591 0.529175 2.000000
-0.016964 -0.018750 0.708626 -0.561920 -0.543488 0.623592 2.000000
-0.005571 -0.030200 0.703586 -0.438215 -0.573645 0.692025 2.000000
-0.010584 -0.018692 0.713740 -0.608790 -0.640170 0.468570 2.000000
-0.007659 -0.022751 0.711720 0.772042 0.626308 -0.108119 2.000000
-0.007462 -0.023847 0.708901 0.692920 0.647904 -0.316358 2.000000
-0.015823 -0.021879 0.705177 -0.352849 -0.798181 0.488267 2.000000
-0.008637 -0.024448 0.706525 -0.531484 -0.570433 0.626204 2.000000
-0.009711 -0.025740 0.704482 -0.396234 -0.588125 0.705059 2.000000
-0.016417 -0.020263 0.707312 -0.387530 -0.710614 0.587238 2.000000
-0.007656 -0.023596 0.709046 0.693110 0.666347 -0.274919 2.000000
-0.012313 -0.025632 0.702803 -0.546644 -0.580987 0.603021 2.000000
-0.014546 -0.023010 0.704415 -0.335188 -0.832283 0.441537 2.000000
-0.016759 -0.020620 0.706680 -0.439827 -0.733303 0.518477 2.000000
-0.013193 -0.025650 0.700560 0.898216 0.240027 0.368233 2.000000
-0.015295 -0.020280 0.705263 0.468170 -0.000883 -0.883638 2.000000
-0.007813 -0.022684 0.711188 0.749956 0.650078 -0.122331 2.000000
-0.013492 -0.019552 0.710417 -0.278853 -0.873405 0.399256 2.000000
-0.009032 -0.025142 0.705502 -0.480664 -0.624721 0.615375 2.000000
-0.015436 -0.016611 0.708730 -0.742876 0.565188 -0.358745 2.000000
-0.007891 -0.030164 0.702232 -0.540247 -0.595044 0.595025 2.000000
-0.003908 -0.029430 0.706151 -0.557126 -0.715763 0.421063 2.000000
-0.005677 -0.026886 0.707572 0.678664 0.574179 -0.457967 2.000000
-0.011029 -0.019861 0.710973 -0.439972 -0.723592 0.531826 2.000000
-0.013231 -0.025175 0.700555 0.885905 0.152568 0.438058 2.000000
-0.016964 -0.018750 0.708626 -0.561920 -0.543488 0.623592 2.000000
-0.010767 -0.024622 0.704931 -0.393331 -0.640342 0.659736 2.000000
-0.010554 -0.029469 0.699306 0.838418 0.544929 -0.010349 2.000000
-0.003875 -0.028141 0.708443 -0.592183 -0.622180 0.512065 2.000000
-0.005218 -0.027823 0.707024 0.729141 0.581702 -0.360523 2.000000
-0.015431 -0.022193 0.705082 -0.342157 -0.799751 0.493282 2.000000
-0.011429 -0.020070 0.710666 -0.291705 -0.764892 0.574325 2.000000
-0.016126 -0.020852 0.706796 -0.376944 -0.742814 0.553300 2.000000
-0.008036 -0.029752 0.702564 -0.588461 -0.546716 0.595664 2.000000
-0.010653 -0.022603 0.707264 -0.223570 -0.788416 0.573076 2.000000
-0.012543 -0.020484 0.709338 -0.364927 -0.773679 0.517927 2.000000
-0.010674 -0.017862 0.714522 0.608337 0.582028 -0.539601 2.000000
-0.010874 -0.025055 0.704485 -0.452215 -0.619064 0.642076 2.000000
-0.003151 -0.026030 0.706093 -0.749020 0.358984 -0.556865 2.000000
-0.013366 -0.021545 0.703945 0.018212 0.761266 0.648184 2.000000
-0.011938 -0.026658 0.702103 -0.557466 -0.612921 0.559963 2.000000
-0.009352 -0.023874 0.706497 -0.440672 -0.601674 0.666180 2.000000
-0.008387 -0.022804 0.709176 -0.665950 -0.687659 0.289199 2.000000
-0.015647 -0.022790 0.703328 0.625511 0.776378 -0.077290 2.000000
-0.009720 -0.022867 0.707301 -0.349857 -0.755288 0.554202 2.000000
-0.010874 -0.025055 0.704485 -0.452215 -0.619064 0.642076 2.000000
-0.014834 -0.019469 0.706155 0.986701 0.157824 -0.038884 2.000000
-0.006047 -0.026944 0.706895 0.666831 0.588653 -0.456973 2.000000
-0.007555 -0.026749 0.705432 -0.562263 -0.512521 0.648986 2.000000
-0.011941 -0.019204 0.712110 -0.254717 -0.830568 0.495254 2.000000
-0.013224 -0.024598 0.700714 0.846020 0.075810 0.527733 2.000000
-0.014264 -0.022834 0.704816 -0.326982 -0.815390 0.477726 2.000000
-0.008693 -0.021393 0.711819 0.761020 0.594260 -0.260201 2.000000
-0.011250 -0.028731 0.699371 0.802704 0.540719 0.251573 2.000000
-0.005108 -0.029277 0.704661 -0.563613 -0.643286 0.518192 2.000000
-0.013217 -0.023856 0.703881 -0.476797 -0.722479 0.500689 2.000000
-0.009702 -0.020035 0.712772 -0.608618 -0.723462 0.325863 2.000000
-0.006505 -0.031160 0.702171 -0.412462 -0.646568 0.641736 2.000000
-0.009430 -0.029192 0.701925 -0.537410 -0.609030 0.583330 2.000000
-0.013611 -0.022838 0.702147 -0.553670 0.763112 0.333332 2.000000
-0.007161 -0.025466 0.707126 0.655917 0.599152 -0.459119 2.000000
-0.009007 -0.029544 0.701828 -0.537588 -0.523803 0.660779 2.000000
-0.016951 -0.021289 0.705173 -0.585430 -0.729319 0.354070 2.000000
-0.009316 -0.024877 0.705641 -0.463510 -0.618356 0.634661 2.000000
-0.009382 -0.029839 0.699016 -0.584988 -0.304146 -0.751854 2.000000
-0.006189 -0.030103 0.703412 -0.294072 -0.652700 0.698215 2.000000
