-0.019583 0.103064 0.799512 0.157096 -0.919538 -0.360236 2.000000
-0.021445 0.100994 0.808467 -0.094957 -0.993578 -0.061532 2.000000
-0.027276 0.101308 0.807203 0.092017 -0.982452 -0.162237 2.000000
-0.031510 0.099916 0.800809 0.004836 -0.936426 0.350831 2.000000
-0.021715 0.101843 0.800959 0.277616 -0.868034 -0.411639 2.000000
-0.020671 0.100849 0.808995 -0.116139 -0.953549 -0.277950 2.000000
-0.028430 0.101199 0.790890 0.552726 -0.804692 -0.216716 2.000000
-0.027432 0.101345 0.794349 0.518387 -0.839585 -0.162393 2.000000
-0.028812 0.099554 0.799346 0.077080 -0.968552 0.236571 2.000000
-0.021250 0.100885 0.807758 -0.109141 -0.993463 0.033464 2.000000
-0.024645 0.101652 0.798189 0.557038 -0.731223 -0.393727 2.000000
-0.025026 0.100260 0.800842 0.347196 -0.936774 -0.043709 2.000000
-0.023244 0.100750 0.802053 0.331173 -0.931456 -0.150712 2.000000
-0.028237 0.101378 0.807196 -0.012187 -0.987474 -0.157311 2.000000
-0.030379 0.097150 0.797574 -0.658753 0.248332 -0.710194 2.000000
-0.033836 0.097879 0.800390 -0.394370 -0.406173 -0.824315 2.000000
-0.018103 0.100882 0.805961 0.053935 -0.974830 -0.216329 2.000000
-0.028826 0.101384 0.805703 -0.062513 -0.992242 0.107462 2.000000
-0.029600 0.099607 0.794093 0.608482 -0.746740 -0.268569 2.000000
-0.029106 0.099644 0.799891 0.040156 -0.959344 0.279367 2.000000
-0.032359 0.099025 0.798589 0.062600 -0.924369 0.376328 2.000000
-0.021413 0.104147 0.794676 0.002190 -0.997478 0.070949 2.000000
-0.025872 0.101259 0.807175 -0.050127 -0.998686 -0.010656 2.000000
-0.026376 0.101279 0.790185 -0.378185 0.922010 0.082904 2.000000
-0.025118 0.101991 0.796683 0.530266 -0.798944 -0.283736 2.000000
-0.027283 0.099704 0.798847 0.349995 -0.923624 -0.156277 2.000000
-0.031710 0.101205 0.806936 -0.171526 0.889223 0.424102 2.000000
-0.023773 0.100902 0.809729 0.045442 0.863601 0.502124 2.000000
-0.022703 0.101039 0.808965 -0.144537 -0.948867 -0.280642 2.000000
-0.026551 0.102099 0.792401 0.531692 -0.836268 -0.134013 2.000000
-0.025780 0.100397 0.802233 0.015883 -0.950638 0.309895 2.000000
-0.024337 0.102806 0.790888 -0.356822 0.898078 -0.257164 2.000000
-0.033070 0.101255 0.805940 0.338136 -0.920904 -0.193905 2.000000
-0.020072 0.100513 0.809720 0.115571 0.873938 0.472097 2.000000
-0.025514 0.101282 0.806752 -0.064350 -0.997800 0.015944 2.000000
-0.032865 0.101164 0.805018 0.134140 -0.984845 0.109941 2.000000
-0.028996 0.099802 0.800368 0.022703 -0.952313 0.304277 2.000000
-0.026806 0.100033 0.798503 0.410819 -0.877130 -0.248739 2.000000
-0.026375 0.102552 0.790989 0.452889 -0.890883 -0.034922 2.000000
-0.020522 0.100832 0.805849 -0.031182 -0.999256 -0.022682 2.000000
-0.023741 0.101213 0.808774 -0.054875 -0.970440 -0.235020 2.000000
-0.018472 0.101284 0.804275 0.112136 -0.955166 -0.274012 2.000000
-0.023430 0.100752 0.803720 -0.018453 -0.990324 0.137540 2.000000
-0.026493 0.098997 0.795776 0.775142 -0.462032 -0.430907 2.000000
-0.031177 0.099141 0.803567 0.154668 0.393403 -0.906263 2.000000
-0.027772 0.097810 0.797261 0.802040 -0.122294 -0.584617 2.000000
-0.016440 0.100730 0.805292 -0.504063 -0.862818 -0.038270 2.000000
-0.021876 0.102334 0.799995 0.287967 -0.857895 -0.425548 2.000000
-0.032373 0.097844 0.795846 -0.167693 0.962261 -0.214319 2.000000
-0.032652 0.099580 0.800019 0.028641 -0.925186 0.378431 2.000000
-0.026589 0.102308 0.791559 0.526703 -0.837362 -0.146318 2.000000
-0.023111 0.103335 0.794774 -0.418101 0.888199 0.190509 2.000000
-0.018471 0.103038 0.800116 0.000825 -0.969956 -0.243279 2.000000
-0.016747 0.099526 0.803553 0.859869 -0.434228 -0.268462 2.000000
-0.022641 0.101805 0.800367 0.404991 -0.805802 -0.432048 2.000000
-0.025842 0.102247 0.794468 0.502267 -0.844088 -0.187734 2.000000
-0.028946 0.099233 0.797056 0.424510 -0.903729 -0.055360 2.000000
-0.029405 0.097407 0.798687 0.823191 0.312820 -0.473814 2.000000
-0.021544 0.102796 0.799161 0.190698 -0.905569 -0.378919 2.000000
-0.027853 0.101263 0.793235 -0.537612 0.827743 0.160669 2.000000
-0.032557 0.098749 0.801891 -0.617995 0.016789 0.786003 2.000000
-0.023250 0.102969 0.797498 0.457037 -0.856278 -0.240636 2.000000
-0.022434 0.103008 0.798332 0.246854 -0.894198 -0.373462 2.000000
-0.022861 0.103488 0.794761 0.416845 -0.887188 -0.197833 2.000000
-0.022141 0.100993 0.807389 -0.138083 -0.990333 -0.013164 2.000000
-0.027309 0.100701 0.808201 -0.105122 0.801499 0.588684 2.000000
-0.022089 0.100891 0.804671 0.009058 -0.997385 0.071701 2.000000
-0.035594 0.100086 0.802101 0.241944 -0.941369 0.235132 2.000000
-0.024912 0.101066 0.798943 0.538759 -0.736331 -0.409336 2.000000
-0.028163 0.101149 0.792720 0.592762 -0.800260 -0.090656 2.000000
-0.029521 0.099209 0.797922 0.184168 -0.966092 0.180965 2.000000
-0.027632 0.101387 0.793374 0.521331 -0.839518 -0.153046 2.000000
-0.017944 0.102946 0.799392 0.672854 0.662955 -0.328267 2.000000
-0.023931 0.103337 0.793846 0.392132 -0.884920 -0.251296 2.000000
-0.027845 0.101073 0.794147 0.612356 -0.769432 -0.181641 2.000000
-0.024864 0.100326 0.801453 0.277017 -0.960347 0.031558 2.000000
-0.020266 0.100567 0.809720 -0.066793 -0.853428 -0.516913 2.000000
-0.022780 0.103728 0.794280 0.359969 -0.912733 -0.193237 2.000000
-0.022898 0.103595 0.794503 0.410369 -0.884364 -0.222479 2.000000
-0.023020 0.101141 0.807203 -0.055125 -0.998479 -0.000457 2.000000
-0.030856 0.098496 0.796192 0.276168 -0.949540 0.148679 2.000000
-0.030860 0.101446 0.806500 -0.092896 0.981738 0.166015 2.000000
-0.024121 0.101389 0.799436 0.535508 -0.751472 -0.385384 2.000000
-0.021680 0.101109 0.803083 0.238991 -0.926121 -0.291861 2.000000
-0.027241 0.101221 0.808195 -0.117363 0.887079 0.446449 2.000000
-0.028989 0.099266 0.798002 0.229687 -0.969525 0.085231 2.000000
-0.026921 0.102178 0.790950 0.536711 -0.834092 -0.127409 2.000000
-0.021805 0.101018 0.807252 -0.147867 -0.988995 -0.004933 2.000000
-0.019139 0.102666 0.800607 0.193166 -0.900387 -0.389858 2.000000
-0.022970 0.100729 0.802873 0.229237 -0.970518 -0.074463 2.000000
-0.016127 0.101277 0.803287 0.648014 0.746117 0.152932 2.000000
-0.033014 0.100586 0.802599 0.036928 -0.943756 0.328573 2.000000
-0.017517 0.101854 0.802858 0.095109 -0.905594 -0.413344 2.000000
-0.020676 0.103477 0.797678 0.171886 -0.943003 -0.284958 2.000000
-0.030810 0.099101 0.798639 0.127315 -0.943559 0.305757 2.000000
-0.029463 0.101384 0.805356 -0.031940 -0.991344 0.127342 2.000000
-0.024475 0.101154 0.809295 -0.068319 0.898864 0.432869 2.000000
-0.017002 0.100368 0.808777 -0.421657 -0.687825 -0.590849 2.000000
-0.020808 0.100864 0.807000 -0.088779 -0.996050 -0.001702 2.000000
-0.027030 0.100953 0.796369 0.576641 -0.732559 -0.361721 2.000000
-0.020632 0.103991 0.796202 -0.046970 0.970728 0.235544 2.000000
-0.022394 0.100820 0.803935 0.101726 -0.994396 0.028781 2.000000
-0.023570 0.101485 0.799873 0.471566 -0.784413 -0.402891 2.000000
-0.023054 0.100778 0.802180 0.341360 -0.920224 -0.191469 2.000000
-0.028756 0.099320 0.797333 0.402737 -0.911530 -0.083159 2.000000
-0.019112 0.100494 0.809485 0.182805 0.841420 0.508523 2.000000
-0.031655 0.098634 0.797313 0.163946 -0.941286 0.295131 2.000000
-0.023764 0.103299 0.794198 0.401416 -0.879773 -0.254687 2.000000
-0.019764 0.102411 0.800846 0.199937 -0.894221 -0.400491 2.000000
-0.027874 0.100012 0.796705 0.576968 -0.766861 -0.281125 2.000000
-0.029825 0.099281 0.798565 0.122678 -0.967315 0.221928 2.000000
-0.023710 0.103643 0.792269 0.308572 -0.950827 -0.026681 2.000000
-0.023703 0.101012 0.805336 0.003743 -0.997406 0.071888 2.000000
-0.016468 0.099577 0.808453 0.748332 0.275665 0.603331 2.000000
-0.030498 0.100076 0.801224 0.024394 -0.937720 0.346535 2.000000
-0.021025 0.100848 0.804973 0.019075 -0.996215 -0.084808 2.000000
-0.029501 0.098988 0.797282 0.300440 -0.947327 0.110941 2.000000
-0.024828 0.103126 0.792304 0.447483 -0.893441 -0.039022 2.000000
-0.021221 0.101962 0.801079 0.243561 -0.877670 -0.412764 2.000000
-0.019779 0.101059 0.804493 0.124439 -0.974785 -0.185225 2.000000
-0.024672 0.101208 0.807358 -0.081412 -0.996246 0.029427 2.000000
-0.027008 0.099735 0.799927 0.143605 -0.984909 0.096597 2.000000
-0.028027 0.101484 0.789037 0.442535 -0.877380 0.185383 2.000000
-0.034863 0.099576 0.800484 0.109671 -0.913535 0.391697 2.000000
-0.022572 0.101037 0.807834 -0.069775 -0.997150 -0.028682 2.000000
-0.022484 0.101351 0.801432 0.393097 -0.867440 -0.304998 2.000000
-0.035851 0.099672 0.803410 0.731778 -0.656743 -0.182179 2.000000
-0.019520 0.101076 0.804709 0.116397 -0.974062 -0.194048 2.000000
-0.028125 0.100427 0.795325 0.656102 -0.702290 -0.276260 2.000000
-0.021257 0.104110 0.795321 0.119399 -0.983930 -0.132758 2.000000
-0.032033 0.099708 0.800285 0.010472 -0.933255 0.359061 2.000000
-0.031972 0.100772 0.803035 -0.001170 -0.943697 0.330808 2.000000
-0.018100 0.100639 0.807234 0.039008 -0.993415 -0.107728 2.000000
-0.022910 0.103386 0.795824 0.402911 -0.908298 -0.112509 2.000000
-0.023018 0.101110 0.806492 -0.000014 -0.997750 0.067051 2.000000
-0.019055 0.100859 0.805759 0.047798 -0.978497 -0.200646 2.000000
-0.020877 0.104144 0.794840 -0.134007 -0.989853 0.047260 2.000000
-0.027486 0.101044 0.804255 -0.041297 -0.970805 0.236289 2.000000
-0.022534 0.102047 0.800038 0.391566 -0.798325 -0.457552 2.000000
-0.025117 0.102945 0.792027 0.465185 -0.884874 0.024525 2.000000
-0.022488 0.103379 0.796848 0.274907 -0.943101 -0.187050 2.000000
-0.022555 0.103953 0.793711 0.285419 -0.953768 -0.094139 2.000000
-0.020467 0.100758 0.809093 -0.013370 -0.923020 -0.384520 2.000000
-0.028187 0.099487 0.797896 0.377431 -0.917828 -0.123036 2.000000
-0.018718 0.102734 0.800674 0.154529 -0.912839 -0.377950 2.000000
-0.024542 0.100625 0.800291 0.525528 -0.806865 -0.269794 2.000000
-0.022072 0.100896 0.804920 -0.020528 -0.996146 0.085273 2.000000
-0.016733 0.099294 0.805666 0.928551 0.331447 0.167139 2.000000
-0.035693 0.100233 0.803202 -0.545806 0.837619 0.022146 2.000000
-0.025293 0.101167 0.805205 -0.088195 -0.985091 0.147705 2.000000
-0.029949 0.098885 0.795663 0.495521 -0.864158 -0.087691 2.000000
-0.031481 0.098879 0.798060 0.110143 -0.941760 0.317735 2.000000
-0.034273 0.099462 0.804591 0.762611 -0.111558 -0.637165 2.000000
-0.020288 0.103568 0.795080 0.655586 0.747609 -0.106239 2.000000
-0.019679 0.098664 0.802853 -0.350225 -0.767288 0.537226 2.000000
-0.035123 0.100581 0.803532 0.463418 -0.884613 0.052001 2.000000
-0.022082 0.103413 0.793528 -0.120344 0.990641 0.064402 2.000000
-0.028110 0.101270 0.791411 0.599729 -0.791966 -0.114522 2.000000
-0.035268 0.099901 0.804395 0.824106 -0.357242 -0.439577 2.000000
-0.028194 0.097345 0.799180 0.918560 -0.255010 -0.302021 2.000000
-0.019307 0.100804 0.806191 0.001844 -0.989976 -0.141222 2.000000
-0.018784 0.101814 0.802655 0.132029 -0.911804 -0.388822 2.000000
-0.019032 0.100688 0.806336 0.008004 -0.983756 -0.179333 2.000000
-0.033149 0.100385 0.801951 0.025635 -0.937441 0.347200 2.000000
-0.020989 0.100801 0.807813 -0.106819 -0.994145 0.016308 2.000000
-0.023791 0.100692 0.803292 -0.005243 -0.986860 0.161491 2.000000
-0.026804 0.100071 0.801238 0.010332 -0.958951 0.283383 2.000000
-0.026976 0.101632 0.794085 0.499127 -0.854022 -0.146691 2.000000
-0.020695 0.101868 0.801643 0.239334 -0.899049 -0.366647 2.000000
-0.020988 0.103813 0.796586 0.206348 -0.941215 -0.267461 2.000000
-0.024539 0.102484 0.795779 0.428467 -0.880602 -0.202378 2.000000
-0.025190 0.101599 0.797358 0.560032 -0.748738 -0.354621 2.000000
-0.021192 0.100894 0.806921 -0.126138 -0.992012 -0.000942 2.000000
-0.029833 0.099395 0.794155 0.604211 -0.753871 -0.258084 2.000000
-0.028822 0.099459 0.796380 0.541713 -0.823348 -0.169251 2.000000
-0.029621 0.098922 0.796586 0.394588 -0.918830 -0.007205 2.000000
-0.018304 0.098707 0.803235 -0.235828 -0.721086 0.651475 2.000000
-0.027624 0.101266 0.793929 0.522243 -0.838743 -0.154179 2.000000
-0.032439 0.101215 0.804627 0.066218 -0.984930 0.159774 2.000000
-0.020566 0.103665 0.797259 0.102176 -0.952719 -0.286158 2.000000
-0.023993 0.101151 0.806784 -0.060841 -0.992424 0.106741 2.000000
-0.034627 0.100342 0.802306 0.163114 -0.937222 0.308234 2.000000
-0.020944 0.101897 0.801397 0.264770 -0.891888 -0.366649 2.000000
-0.030720 0.098383 0.795627 0.348127 -0.935010 0.067551 2.000000
-0.025638 0.100675 0.803003 -0.001812 -0.966767 0.255652 2.000000
-0.029750 0.100003 0.800972 0.014709 -0.941488 0.336726 2.000000
-0.016821 0.100993 0.805196 -0.419255 -0.905199 -0.069563 2.000000
-0.027606 0.101335 0.806266 -0.057283 -0.995057 0.081113 2.000000
-0.016935 0.102167 0.801774 0.373361 0.909421 0.183180 2.000000
-0.022257 0.098512 0.802102 0.328386 0.826583 -0.457081 2.000000
-0.028987 0.099982 0.794140 0.599385 -0.752135 -0.273918 2.000000
-0.019366 0.102835 0.800167 0.188756 -0.904963 -0.381332 2.000000
-0.030411 0.099493 0.799709 0.053190 -0.951968 0.301543 2.000000
-0.027342 0.101381 0.789016 -0.268716 0.933418 -0.237743 2.000000
-0.020343 0.103006 0.799181 0.200209 -0.910197 -0.362570 2.000000
-0.029090 0.100072 0.801223 0.001308 -0.942949 0.332934 2.000000
-0.031809 0.101031 0.807162 -0.173971 0.822340 0.541748 2.000000
-0.029713 0.098987 0.795675 0.516094 -0.847799 -0.122001 2.000000
-0.033873 0.100223 0.801668 0.090196 -0.926493 0.365344 2.000000
-0.025752 0.100069 0.800002 0.316172 -0.936038 -0.154492 2.000000
-0.029694 0.100969 0.807419 -0.048002 0.951046 0.305298 2.000000
-0.030135 0.099583 0.792212 0.631173 -0.752097 -0.189658 2.000000
-0.020450 0.104020 0.795353 0.338515 0.940913 -0.009514 2.000000
-0.027042 0.100065 0.798098 0.472031 -0.830351 -0.296150 2.000000
-0.020732 0.100892 0.808664 -0.102282 -0.990326 -0.093770 2.000000
-0.019774 0.099508 0.800150 -0.337212 -0.252481 -0.906941 2.000000
-0.021146 0.103968 0.795758 0.171304 -0.964047 -0.203144 2.000000
-0.025394 0.103046 0.791566 0.385907 -0.921596 0.041662 2.000000
-0.028034 0.101214 0.791729 0.603109 -0.794534 -0.070533 2.000000
-0.033196 0.098734 0.802439 -0.077978 0.084458 0.993371 2.000000
-0.017029 0.100756 0.806821 -0.118833 -0.975927 -0.182879 2.000000
-0.017336 0.102671 0.800794 0.348591 0.921062 0.173576 2.000000
-0.033213 0.098149 0.801132 -0.488003 0.683617 -0.542698 2.000000
-0.034127 0.100285 0.801880 0.129903 -0.932750 0.336307 2.000000
-0.029815 0.099556 0.793623 0.643086 -0.731258 -0.227379 2.000000
-0.027974 0.100867 0.794504 0.640700 -0.742374 -0.195918 2.000000
-0.033562 0.098582 0.797902 -0.213772 0.872756 -0.438860 2.000000
-0.018828 0.103059 0.799865 0.060833 -0.952546 -0.298255 2.000000
-0.026478 0.101759 0.794192 0.513020 -0.846664 -0.141320 2.000000
-0.030082 0.101396 0.805788 -0.002189 -0.997950 0.063962 2.000000
-0.024506 0.100590 0.802718 0.031206 -0.978671 0.203049 2.000000
-0.030007 0.099655 0.792438 0.633544 -0.750678 -0.187363 2.000000
-0.027348 0.099613 0.799550 0.184053 -0.981721 0.048453 2.000000
-0.022773 0.100713 0.803094 0.209320 -0.973746 -0.089467 2.000000
-0.030720 0.098495 0.794792 0.492183 -0.863770 -0.107964 2.000000
-0.021888 0.104025 0.793899 -0.032598 0.997281 -0.066097 2.000000
-0.021226 0.100326 0.809696 0.039150 0.849549 0.526055 2.000000
-0.017103 0.100799 0.806576 -0.079007 -0.978583 -0.190088 2.000000
-0.026665 0.100932 0.804244 -0.005514 -0.973019 0.230657 2.000000
-0.023723 0.101126 0.806583 -0.032703 -0.992603 0.116921 2.000000
-0.018303 0.101842 0.802686 0.148441 -0.904546 -0.399702 2.000000
-0.023298 0.103268 0.795122 0.426625 -0.891835 -0.150404 2.000000
-0.020494 0.103907 0.796574 0.122616 0.970162 0.209165 2.000000
-0.026151 0.099981 0.801017 0.119497 -0.980666 0.154965 2.000000
-0.028236 0.100505 0.802430 -0.013667 -0.953692 0.300475 2.000000
-0.016185 0.100621 0.805934 -0.659368 -0.747831 -0.077355 2.000000
-0.024894 0.100088 0.808758 0.198569 -0.894630 -0.400259 2.000000
-0.026809 0.101330 0.806855 -0.040340 -0.999111 0.012262 2.000000
-0.026283 0.102294 0.792484 0.533033 -0.837612 -0.119503 2.000000
-0.026939 0.102078 0.791573 0.521515 -0.840330 -0.147880 2.000000
-0.036014 0.099739 0.801436 0.289846 -0.911852 0.290716 2.000000
-0.033652 0.098367 0.797520 0.733531 -0.357503 0.578034 2.000000
-0.016124 0.100061 0.805371 0.843490 0.536507 0.026168 2.000000
-0.029613 0.097133 0.796551 0.764428 -0.182976 -0.618199 2.000000
-0.024709 0.103231 0.792532 0.442167 -0.895143 -0.056630 2.000000
-0.021884 0.101491 0.801834 0.285871 -0.903119 -0.320397 2.000000
-0.022036 0.103847 0.795323 0.345313 -0.920876 -0.180962 2.000000
-0.025010 0.103051 0.790968 -0.307548 0.919062 -0.246451 2.000000
-0.020018 0.100123 0.809722 -0.151818 -0.640260 -0.753006 2.000000
-0.022000 0.102204 0.800133 0.331839 -0.840952 -0.427413 2.000000
-0.029514 0.099276 0.798573 0.121085 -0.971305 0.204707 2.000000
-0.024760 0.100573 0.799982 0.535677 -0.786726 -0.306777 2.000000
-0.027304 0.102051 0.789896 -0.463836 0.871813 -0.157474 2.000000
-0.026775 0.101790 0.793509 0.494434 -0.853325 -0.165442 2.000000
-0.022618 0.102499 0.799083 0.352142 -0.822781 -0.446125 2.000000
-0.031674 0.100154 0.801463 -0.006374 -0.934169 0.356774 2.000000
-0.019558 0.100720 0.807011 -0.084315 -0.994945 -0.054548 2.000000
-0.028441 0.101403 0.806466 -0.054410 -0.998239 0.023651 2.000000
-0.020532 0.100277 0.809774 0.035887 0.805636 0.591323 2.000000
-0.029017 0.100794 0.790864 0.532378 -0.818440 -0.216173 2.000000
-0.023466 0.103166 0.795792 0.460662 -0.879697 -0.118002 2.000000
-0.028985 0.100177 0.801494 -0.004174 -0.941994 0.335604 2.000000
-0.030997 0.098372 0.795321 0.381663 -0.924268 0.007853 2.000000
-0.032462 0.098847 0.798258 0.075753 -0.917738 0.389897 2.000000
-0.028676 0.100620 0.791941 0.583012 -0.807719 -0.087675 2.000000
-0.022610 0.102762 0.798750 0.305005 -0.845979 -0.437370 2.000000
-0.021839 0.103168 0.798107 0.112876 -0.937759 -0.328431 2.000000
-0.028534 0.099977 0.800929 -0.003697 -0.947065 0.321022 2.000000
-0.033331 0.097804 0.799640 0.086562 0.884907 0.457654 2.000000
-0.022428 0.101058 0.807453 -0.088924 -0.995848 -0.019459 2.000000
-0.021142 0.104162 0.794614 -0.127963 -0.983073 0.131121 2.000000
-0.024758 0.102343 0.796515 0.518372 -0.825595 -0.222897 2.000000
-0.024233 0.100679 0.802916 0.019393 -0.980073 0.197689 2.000000
-0.017383 0.099340 0.802464 -0.656643 0.693734 0.295895 2.000000
-0.030015 0.101270 0.804928 -0.003790 -0.978095 0.208126 2.000000
-0.023709 0.103264 0.794445 0.411402 -0.882037 -0.229695 2.000000
-0.020038 0.100823 0.808437 -0.104286 -0.993729 -0.040346 2.000000
-0.034014 0.100022 0.801260 0.103655 -0.921250 0.374905 2.000000
-0.035475 0.098808 0.802882 0.769131 0.212520 -0.602721 2.000000
-0.025525 0.102967 0.791153 0.277124 -0.953157 0.121222 2.000000
-0.029658 0.097239 0.797739 0.972197 -0.203070 -0.116598 2.000000
-0.025746 0.102720 0.792703 0.506187 -0.855952 -0.105455 2.000000
-0.025906 0.102292 0.793873 0.534344 -0.824154 -0.187739 2.000000
-0.024460 0.102986 0.793982 0.403972 -0.878729 -0.254247 2.000000
-0.033283 0.097181 0.798262 -0.503558 -0.767435 -0.396829 2.000000
-0.028746 0.099611 0.796055 0.586313 -0.781257 -0.214182 2.000000
-0.019034 0.102737 0.797667 0.698220 0.655934 -0.286773 2.000000
-0.024812 0.102512 0.790750 -0.303964 0.907272 -0.290627 2.000000
-0.036351 0.099445 0.800759 0.546300 -0.702466 0.456178 2.000000
-0.035032 0.100394 0.802943 0.313356 -0.930379 0.190270 2.000000
-0.032937 0.100103 0.801266 0.009535 -0.928372 0.371530 2.000000
-0.023076 0.102041 0.799383 0.457750 -0.778760 -0.428949 2.000000
-0.031257 0.098518 0.796512 0.217031 -0.955389 0.200323 2.000000
-0.024575 0.102802 0.794668 0.403565 -0.883770 -0.236824 2.000000
-0.031184 0.096544 0.795490 -0.500495 -0.732088 -0.462117 2.000000
-0.027291 0.101318 0.795028 0.553635 -0.805068 -0.212962 2.000000
-0.024993 0.100826 0.799230 0.542916 -0.742630 -0.392100 2.000000
-0.025128 0.102957 0.793097 0.444702 -0.889004 -0.109144 2.000000
-0.030954 0.098479 0.801827 0.683392 0.265097 0.680220 2.000000
-0.026986 0.101240 0.805463 -0.017452 -0.987862 0.154350 2.000000
-0.015876 0.100947 0.803836 0.810764 0.534830 0.237948 2.000000
-0.024248 0.101149 0.808047 -0.050350 -0.998731 0.000803 2.000000
-0.028710 0.101140 0.790411 0.540474 -0.820723 -0.185206 2.000000
-0.022871 0.103171 0.797589 0.321023 -0.913294 -0.250678 2.000000
-0.026023 0.100729 0.808950 -0.123432 0.881845 0.455098 2.000000
-0.018995 0.098953 0.801832 0.751116 0.410471 -0.517047 2.000000
-0.023388 0.100931 0.804760 -0.028100 -0.994273 0.103107 2.000000
-0.017704 0.100596 0.808174 -0.087799 -0.987402 -0.131635 2.000000
-0.026063 0.099886 0.807643 0.166924 -0.887285 -0.429955 2.000000
-0.024694 0.101115 0.799148 0.554618 -0.731106 -0.397345 2.000000
-0.029023 0.100943 0.803744 -0.041413 -0.952984 0.300178 2.000000
-0.028617 0.100900 0.792366 0.621011 -0.782013 -0.052926 2.000000
-0.025039 0.102826 0.793743 0.433844 -0.866723 -0.246110 2.000000
-0.030172 0.098742 0.796505 0.325755 -0.942002 0.080721 2.000000
-0.034331 0.100533 0.802912 0.172107 -0.943056 0.284649 2.000000
-0.028553 0.100771 0.792878 0.613175 -0.777209 -0.141289 2.000000
-0.029040 0.100534 0.791554 0.560626 -0.812306 -0.160803 2.000000
-0.023017 0.103160 0.796934 0.376753 -0.911686 -0.163970 2.000000
-0.021413 0.100886 0.806725 -0.140198 -0.990121 -0.002250 2.000000
-0.020335 0.102750 0.799855 0.189460 -0.903571 -0.384270 2.000000
-0.018439 0.100898 0.806100 0.041081 -0.977613 -0.206364 2.000000
-0.023465 0.101723 0.799581 0.482047 -0.773872 -0.410795 2.000000
-0.030110 0.100765 0.803165 -0.015693 -0.945876 0.324149 2.000000
-0.034912 0.098492 0.802195 -0.484624 -0.237996 -0.841723 2.000000
-0.033364 0.097873 0.800510 -0.497341 0.802855 -0.328749 2.000000
-0.023131 0.101841 0.799768 0.452376 -0.780686 -0.431145 2.000000
-0.021540 0.100917 0.804336 0.080108 -0.995980 -0.040076 2.000000
-0.029195 0.100148 0.793496 0.600674 -0.759803 -0.248778 2.000000
-0.027890 0.101122 0.793572 0.585882 -0.788376 -0.187631 2.000000
-0.027991 0.101135 0.808086 -0.103766 0.921653 0.373883 2.000000
-0.029344 0.099623 0.800006 0.047117 -0.957642 0.284079 2.000000
-0.019531 0.100849 0.805773 -0.023658 0.988019 0.152505 2.000000
-0.027973 0.100556 0.807787 -0.061237 0.951339 0.301999 2.000000
-0.028599 0.100698 0.793121 0.615601 -0.768973 -0.172380 2.000000
-0.024673 0.102022 0.791424 0.438752 -0.860034 0.260458 2.000000
-0.022066 0.103051 0.798293 0.141398 -0.919583 -0.366569 2.000000
-0.022477 0.101074 0.806334 -0.061221 -0.997317 0.040135 2.000000
-0.028503 0.101360 0.789360 -0.429499 0.894452 -0.124446 2.000000
-0.026255 0.101296 0.806600 -0.034552 -0.999247 0.017650 2.000000
-0.018067 0.101691 0.803234 0.122400 -0.919094 -0.374547 2.000000
-0.028071 0.100479 0.802421 -0.006493 -0.952513 0.304430 2.000000
-0.019351 0.099399 0.800651 0.668580 0.421818 0.612430 2.000000
-0.026315 0.100305 0.801980 0.011505 -0.939977 0.341043 2.000000
-0.029109 0.100646 0.802757 -0.024032 -0.951447 0.306874 2.000000
-0.029136 0.099192 0.796623 0.453421 -0.887765 -0.079264 2.000000
-0.027822 0.101348 0.792589 0.541223 -0.833298 -0.112662 2.000000
-0.025507 0.101224 0.808379 0.156794 -0.945060 -0.286842 2.000000
-0.024748 0.100898 0.804918 -0.100585 -0.986478 0.129398 2.000000
-0.027352 0.099759 0.800225 0.108518 -0.977724 0.179664 2.000000
-0.029282 0.099238 0.798512 0.123730 -0.975673 0.180980 2.000000
-0.016175 0.100936 0.804472 0.633290 0.726268 0.267355 2.000000
-0.030794 0.101313 0.804988 0.007181 -0.984305 0.176331 2.000000
-0.025316 0.102488 0.794518 0.443757 -0.869106 -0.218483 2.000000
-0.026689 0.099845 0.800194 0.180500 -0.981590 0.062461 2.000000
-0.020616 0.100867 0.808251 -0.102582 -0.994592 -0.016240 2.000000
-0.031545 0.099133 0.798796 0.053339 -0.934196 0.352751 2.000000
-0.031017 0.101137 0.804246 -0.011379 -0.969388 0.245271 2.000000
-0.030823 0.101398 0.806921 -0.135277 0.946440 0.293175 2.000000
-0.033327 0.099628 0.804862 0.702732 -0.389010 0.595684 2.000000
-0.027723 0.101755 0.790268 0.520924 -0.852806 -0.036874 2.000000
-0.020287 0.102892 0.799498 0.194870 -0.907036 -0.373245 2.000000
-0.025548 0.102716 0.793382 0.493033 -0.855905 -0.156032 2.000000
-0.032549 0.101220 0.804870 0.104564 -0.987061 0.121564 2.000000
-0.032121 0.100609 0.802631 -0.005410 -0.936813 0.349789 2.000000
-0.032062 0.100751 0.807052 -0.236630 0.804202 0.545220 2.000000
-0.019282 0.103446 0.797975 0.332979 0.942363 -0.032820 2.000000
-0.033721 0.100504 0.802526 0.100509 -0.943304 0.316348 2.000000
-0.033982 0.100943 0.804729 0.349058 -0.929636 -0.118045 2.000000
-0.027789 0.100502 0.795810 0.645473 -0.697119 -0.312074 2.000000
-0.021532 0.103246 0.797907 0.120332 -0.939381 -0.321067 2.000000
-0.027867 0.101495 0.791325 0.571401 -0.810499 -0.128812 2.000000
-0.028982 0.098092 0.801432 0.094063 0.155682 0.983318 2.000000
-0.020758 0.103702 0.797027 0.105776 -0.944386 -0.311363 2.000000
-0.016290 0.099515 0.806241 0.950435 0.310428 0.017568 2.000000
-0.017790 0.100047 0.809193 -0.303341 -0.602778 -0.737999 2.000000
-0.029227 0.099239 0.797826 0.219255 -0.968537 0.117743 2.000000
-0.035691 0.099859 0.801487 0.215717 -0.927853 0.304227 2.000000
-0.018043 0.101960 0.802495 0.123313 -0.899743 -0.418637 2.000000
-0.033604 0.100621 0.802717 0.090932 -0.945887 0.311495 2.000000
-0.016351 0.100533 0.806949 -0.489275 -0.848743 -0.200610 2.000000
-0.021131 0.103935 0.796033 0.181612 -0.957458 -0.224256 2.000000
-0.022395 0.103227 0.797912 0.212248 -0.935272 -0.283225 2.000000
-0.034946 0.099215 0.799694 0.515814 -0.451374 0.728146 2.000000
-0.020915 0.101476 0.802505 0.216790 -0.917671 -0.332991 2.000000
-0.034169 0.099249 0.804185 -0.500836 -0.719128 0.481682 2.000000
-0.018575 0.102636 0.801003 0.147935 -0.906728 -0.394916 2.000000
-0.023937 0.102559 0.797618 0.522057 -0.797473 -0.302479 2.000000
-0.031720 0.098517 0.796918 0.185831 -0.947581 0.259918 2.000000
-0.030027 0.099568 0.792691 0.653464 -0.735756 -0.177899 2.000000
-0.024451 0.103347 0.792086 0.379611 -0.924283 0.039954 2.000000
-0.029270 0.100304 0.801748 0.010922 -0.943022 0.332551 2.000000
-0.024719 0.101108 0.808755 0.076171 -0.944779 -0.318732 2.000000
-0.019426 0.100643 0.806720 -0.056263 -0.994597 -0.087246 2.000000
-0.029247 0.101390 0.805517 -0.039025 -0.991543 0.123773 2.000000
-0.027287 0.101303 0.807375 0.121094 -0.982125 -0.144107 2.000000
-0.029393 0.101382 0.807208 0.015854 -0.977794 -0.208967 2.000000
-0.021233 0.101683 0.801641 0.246665 -0.902564 -0.352895 2.000000
-0.025889 0.100773 0.803657 -0.010149 -0.972080 0.234432 2.000000
-0.021149 0.100651 0.809630 0.036014 0.881580 0.470658 2.000000
-0.016080 0.100275 0.806433 0.775220 0.628512 0.063291 2.000000
-0.028609 0.099482 0.799055 0.117193 -0.980775 0.156033 2.000000
-0.032037 0.098638 0.797665 0.121264 -0.926574 0.356028 2.000000
-0.024464 0.103379 0.792677 0.413242 -0.907371 -0.076870 2.000000
-0.018801 0.102327 0.801607 0.182196 -0.886265 -0.425840 2.000000
-0.023544 0.100823 0.801489 0.393293 -0.896336 -0.204699 2.000000
-0.028232 0.101213 0.807931 -0.029582 0.962923 0.268148 2.000000
-0.031499 0.101418 0.806199 0.119067 -0.964346 -0.236347 2.000000
-0.035164 0.099000 0.799310 -0.649823 0.132977 -0.748363 2.000000
-0.030493 0.101383 0.806912 -0.047250 0.962875 0.265780 2.000000
-0.018144 0.103134 0.800021 -0.136786 -0.966276 -0.218176 2.000000
-0.022800 0.100682 0.809652 0.106353 0.890020 0.443343 2.000000
-0.022342 0.101061 0.806196 -0.102461 -0.993122 0.056658 2.000000
-0.022359 0.100663 0.809662 0.065645 0.920024 0.386325 2.000000
-0.017860 0.100587 0.808863 -0.207273 -0.854153 -0.476928 2.000000
-0.019533 0.100767 0.806500 -0.031329 -0.995370 -0.090866 2.000000
-0.027431 0.101204 0.794830 0.591964 -0.782621 -0.192568 2.000000
-0.018181 0.103181 0.799486 0.260609 0.963217 0.065538 2.000000
-0.023144 0.103428 0.794542 0.405533 -0.887975 -0.216894 2.000000
-0.026386 0.099873 0.800589 0.125509 -0.985557 0.113690 2.000000
-0.034390 0.100322 0.802080 0.158623 -0.933143 0.322618 2.000000
-0.028629 0.100399 0.793826 0.606389 -0.755592 -0.247736 2.000000
-0.019711 0.103521 0.796881 0.586029 0.781715 -0.213287 2.000000
-0.021455 0.102088 0.800653 0.267518 -0.859267 -0.435999 2.000000
-0.027817 0.098197 0.796158 0.182251 -0.541944 -0.820415 2.000000
-0.028062 0.101449 0.790925 0.561818 -0.809593 -0.170055 2.000000
-0.016611 0.100465 0.807936 -0.452940 -0.847542 -0.276620 2.000000
-0.031025 0.101429 0.806213 0.092672 -0.992218 -0.083156 2.000000
-0.031276 0.100311 0.801851 -0.002460 -0.933920 0.357474 2.000000
-0.031590 0.100244 0.801793 -0.010840 -0.933986 0.357146 2.000000
-0.016171 0.100004 0.807932 0.737125 0.606158 0.298697 2.000000
-0.023168 0.103098 0.796775 0.444179 -0.886332 -0.130847 2.000000
-0.026425 0.101239 0.805638 -0.009362 -0.993018 0.117593 2.000000
-0.024647 0.100301 0.809490 -0.119174 0.781779 0.612062 2.000000
-0.029534 0.099575 0.799767 0.053129 -0.959746 0.275797 2.000000
-0.028519 0.101288 0.790199 0.531489 -0.840772 -0.103057 2.000000
-0.021225 0.100825 0.806440 -0.120398 -0.992664 -0.011079 2.000000
-0.028665 0.099504 0.796541 0.532824 -0.825296 -0.187042 2.000000
-0.024917 0.101228 0.798679 0.539127 -0.735647 -0.410081 2.000000
-0.021683 0.101465 0.802000 0.264189 -0.912420 -0.312561 2.000000
-0.028718 0.100161 0.794525 0.633625 -0.730105 -0.255862 2.000000
-0.026742 0.099858 0.800402 0.115123 -0.983277 0.141115 2.000000
-0.025598 0.101538 0.797056 0.527183 -0.770201 -0.358982 2.000000
-0.021413 0.103387 0.797458 0.161005 -0.942734 -0.292112 2.000000
-0.030454 0.100990 0.803789 -0.019466 -0.952203 0.304844 2.000000
-0.030540 0.098665 0.796424 0.283617 -0.951087 0.122453 2.000000
-0.020912 0.101404 0.802869 0.213649 -0.919811 -0.329093 2.000000
-0.021038 0.099744 0.809132 -0.007958 -0.902759 -0.430074 2.000000
-0.032042 0.098994 0.798502 0.056412 -0.928705 0.366503 2.000000
-0.016614 0.099741 0.808819 -0.526494 -0.492287 -0.693151 2.000000
-0.023100 0.101077 0.806166 0.022433 -0.995619 0.090776 2.000000
-0.025608 0.102380 0.794418 0.467534 -0.860988 -0.200280 2.000000
-0.035493 0.100253 0.804069 -0.672131 0.706754 0.220767 2.000000
-0.032477 0.100401 0.802068 -0.002438 -0.934487 0.355988 2.000000
-0.025059 0.101240 0.806758 -0.078765 -0.995976 0.042759 2.000000
-0.022459 0.101103 0.806884 -0.095232 -0.995455 0.001030 2.000000
-0.025699 0.101290 0.806954 -0.049669 -0.998766 0.000085 2.000000
-0.019011 0.103290 0.799037 0.021162 0.972078 0.233701 2.000000
-0.016017 0.100651 0.804318 0.851663 0.490669 0.184157 2.000000
-0.018339 0.102013 0.798654 0.809788 0.428680 -0.400596 2.000000
-0.020320 0.102477 0.800454 0.194825 -0.891048 -0.409972 2.000000
-0.021403 0.100862 0.805161 -0.064709 -0.997792 0.014960 2.000000
-0.028243 0.100192 0.801521 -0.021054 -0.945560 0.324767 2.000000
-0.021659 0.103215 0.797638 0.129356 -0.953614 -0.271821 2.000000
-0.029038 0.100433 0.792157 0.578830 -0.808585 -0.105577 2.000000
-0.018567 0.102829 0.800405 0.085354 -0.951348 -0.296061 2.000000
-0.021030 0.100915 0.808379 -0.093030 -0.993650 -0.063292 2.000000
-0.024708 0.101225 0.806916 -0.094251 -0.993882 0.057576 2.000000
-0.025455 0.101875 0.796465 0.484718 -0.816259 -0.314277 2.000000
-0.029082 0.101232 0.804680 -0.039186 -0.973985 0.223199 2.000000
-0.026953 0.100466 0.802248 -0.010368 0.938877 -0.344097 2.000000
-0.023759 0.100960 0.795365 0.185582 -0.777294 -0.601143 2.000000
-0.027963 0.101262 0.808077 -0.103766 0.921653 0.373883 2.000000
-0.024750 0.101816 0.797750 0.572179 -0.729501 -0.374753 2.000000
-0.030632 0.098971 0.793270 0.641306 -0.741716 -0.196427 2.000000
-0.030609 0.099251 0.799002 0.109334 -0.948626 0.296908 2.000000
-0.027523 0.100301 0.796746 0.596695 -0.727453 -0.338772 2.000000
-0.026257 0.102322 0.792051 0.535030 -0.833466 -0.138123 2.000000
-0.020742 0.100815 0.807671 -0.098503 -0.994733 0.028350 2.000000
-0.025335 0.102076 0.796263 0.454967 -0.839772 -0.296290 2.000000
-0.021716 0.101580 0.801584 0.267146 -0.904395 -0.332721 2.000000
-0.025021 0.100798 0.803524 -0.010640 -0.976523 0.215152 2.000000
-0.033529 0.101007 0.804058 -0.146339 0.975148 -0.166349 2.000000
-0.026618 0.102390 0.789897 -0.324137 0.917728 -0.229586 2.000000
-0.033850 0.101007 0.804844 0.350789 -0.932531 -0.085631 2.000000
-0.026320 0.099936 0.800350 0.185301 -0.981044 0.056707 2.000000
-0.017050 0.099790 0.809148 -0.393984 -0.547017 -0.738613 2.000000
-0.029521 0.100367 0.801983 0.011614 -0.944607 0.327997 2.000000
-0.026658 0.101801 0.793734 0.508848 -0.845285 -0.162996 2.000000
-0.036213 0.099722 0.802772 0.752957 -0.575215 -0.319662 2.000000
-0.030536 0.098851 0.797420 0.176408 -0.955893 0.234838 2.000000
-0.021250 0.102443 0.800292 0.222978 -0.883445 -0.412075 2.000000
-0.022874 0.101810 0.800039 0.425593 -0.790581 -0.440287 2.000000
-0.027634 0.101686 0.791211 0.561883 -0.814166 -0.146356 2.000000
-0.025994 0.100543 0.798343 0.500161 -0.773960 -0.388363 2.000000
-0.019045 0.100932 0.805345 0.071708 -0.974763 -0.211411 2.000000
-0.036511 0.098997 0.802216 0.767176 -0.487100 -0.417342 2.000000
-0.029374 0.100159 0.801330 0.009097 -0.942532 0.333993 2.000000
-0.027192 0.102084 0.789708 -0.445875 0.874135 -0.192572 2.000000
-0.030341 0.099254 0.792859 0.655661 -0.730989 -0.189113 2.000000
-0.028337 0.101370 0.789075 -0.456591 0.870846 -0.182077 2.000000
-0.026666 0.102019 0.793011 0.518344 -0.844544 -0.134408 2.000000
-0.019882 0.100841 0.805734 0.017662 -0.989704 -0.142038 2.000000
-0.021307 0.102881 0.798859 0.152821 -0.924600 -0.348943 2.000000
-0.025362 0.100136 0.800164 0.361946 -0.916747 -0.169030 2.000000
-0.030350 0.098707 0.794853 0.530986 -0.832143 -0.159974 2.000000
-0.022924 0.101151 0.801370 0.429250 -0.851408 -0.301413 2.000000
-0.017161 0.099569 0.809054 -0.393984 -0.547017 -0.738613 2.000000
-0.018099 0.101843 0.802646 0.147900 -0.898676 -0.412926 2.000000
-0.019825 0.101478 0.803195 0.149468 -0.930391 -0.334712 2.000000
-0.020176 0.100957 0.804825 0.095790 -0.984005 -0.150195 2.000000
-0.022001 0.101393 0.802189 0.307760 -0.904611 -0.294894 2.000000
-0.021316 0.101787 0.801416 0.253478 -0.899555 -0.355738 2.000000
-0.024090 0.102246 0.797866 0.538428 -0.748945 -0.386234 2.000000
-0.033654 0.100925 0.806314 -0.514588 0.779298 0.357624 2.000000
-0.029351 0.099325 0.798837 0.098694 -0.972801 0.209565 2.000000
-0.028675 0.099361 0.798695 0.158697 -0.980051 0.119649 2.000000
-0.019826 0.101902 0.801970 0.175733 -0.908613 -0.378867 2.000000
-0.027693 0.100797 0.795222 0.646388 -0.718496 -0.256799 2.000000
-0.021795 0.103836 0.795688 0.278550 -0.930215 -0.238976 2.000000
-0.021117 0.100816 0.809453 -0.038602 -0.903994 -0.425799 2.000000
-0.029537 0.099155 0.795356 0.563350 -0.806000 -0.181661 2.000000
-0.022440 0.103806 0.794309 0.345460 -0.931325 -0.115289 2.000000
-0.026429 0.099309 0.805683 0.841047 0.533795 -0.087764 2.000000
-0.017997 0.101397 0.803859 0.124584 -0.950437 -0.284866 2.000000
-0.030464 0.099160 0.798579 0.133111 -0.950772 0.279846 2.000000
-0.028117 0.100914 0.803868 -0.051774 -0.959666 0.276335 2.000000
-0.028407 0.101043 0.792508 0.613099 -0.786904 -0.069938 2.000000
-0.020689 0.102828 0.799328 0.195067 -0.911258 -0.362709 2.000000
-0.028273 0.099729 0.796737 0.556121 -0.801881 -0.218440 2.000000
-0.025725 0.102132 0.795544 0.440968 -0.867372 -0.230678 2.000000
-0.032981 0.100563 0.806728 0.435343 -0.683825 -0.585543 2.000000
-0.018065 0.103035 0.800316 -0.153015 -0.966196 -0.207489 2.000000
-0.020926 0.100851 0.805748 -0.065957 -0.997734 -0.013313 2.000000
-0.024061 0.103539 0.791425 -0.321054 0.935496 -0.147553 2.000000
-0.033003 0.101153 0.804838 0.173006 -0.980779 0.090230 2.000000
-0.016528 0.101380 0.801989 0.751274 0.643735 -0.145578 2.000000
-0.023273 0.102892 0.797900 0.445190 -0.836544 -0.319374 2.000000
-0.024700 0.100541 0.802480 0.089910 -0.970871 0.222092 2.000000
-0.025552 0.102456 0.794255 0.461513 -0.861132 -0.213208 2.000000
-0.027453 0.101249 0.805473 -0.032492 -0.988477 0.147845 2.000000
-0.029367 0.099846 0.800488 0.016999 -0.946564 0.322069 2.000000
-0.022185 0.104045 0.793902 -0.111694 0.993427 0.025039 2.000000
-0.030390 0.098515 0.802115 0.783287 0.233941 0.575963 2.000000
-0.020955 0.100876 0.808017 -0.108980 -0.994042 0.001987 2.000000
-0.028167 0.099999 0.796106 0.615053 -0.742264 -0.265997 2.000000
-0.019063 0.101509 0.803353 0.112391 -0.935253 -0.335663 2.000000
-0.033155 0.096979 0.797769 -0.458294 -0.755246 -0.468583 2.000000
-0.025122 0.101033 0.804565 -0.066379 -0.976638 0.204382 2.000000
-0.020559 0.100844 0.805535 0.023446 -0.996933 -0.074661 2.000000
-0.017170 0.102518 0.800861 0.534011 0.839851 0.097379 2.000000
-0.021839 0.103463 0.797112 0.186706 -0.946153 -0.264454 2.000000
-0.036593 0.098574 0.801692 0.906374 0.077868 0.415239 2.000000
-0.035263 0.098328 0.801542 0.778524 0.476909 0.407993 2.000000
-0.017004 0.102207 0.800984 0.542122 0.831735 0.119672 2.000000
-0.030265 0.098667 0.795682 0.421958 -0.905658 -0.041658 2.000000
-0.022675 0.102297 0.799348 0.382933 -0.803783 -0.455297 2.000000
-0.016674 0.100225 0.808558 0.452637 0.708721 0.541141 2.000000
-0.025643 0.101285 0.806197 -0.071103 -0.996527 0.043346 2.000000
-0.021165 0.101988 0.796144 0.670676 0.734756 0.101625 2.000000
-0.017538 0.099365 0.808379 -0.510309 -0.662897 -0.547861 2.000000
-0.022317 0.102946 0.798540 0.235394 -0.888317 -0.394313 2.000000
-0.018997 0.102564 0.800996 0.191381 -0.895060 -0.402791 2.000000
-0.030379 0.101393 0.805557 -0.009842 0.997880 -0.064338 2.000000
-0.025293 0.100238 0.800055 0.380033 -0.903317 -0.198982 2.000000
-0.016995 0.100672 0.807291 -0.132915 -0.977430 -0.164210 2.000000
-0.021592 0.103740 0.796196 0.267411 -0.928686 -0.256969 2.000000
-0.021386 0.103977 0.794235 0.070274 0.984072 -0.163289 2.000000
-0.033990 0.100924 0.803876 0.188984 -0.969152 0.158209 2.000000
-0.031065 0.101404 0.805572 0.029528 -0.998049 0.055018 2.000000
-0.031496 0.097781 0.799347 0.725599 -0.009964 -0.688045 2.000000
-0.021287 0.103248 0.798096 0.146936 -0.930583 -0.335297 2.000000
-0.029530 0.099219 0.803973 0.773188 -0.599281 -0.207465 2.000000
-0.021180 0.101501 0.802340 0.230980 -0.919019 -0.319456 2.000000
-0.026542 0.101293 0.806775 -0.039133 -0.999176 0.010761 2.000000
-0.023060 0.101058 0.805711 0.024886 -0.996072 0.084980 2.000000
-0.017682 0.100502 0.800700 0.912647 -0.204081 -0.354156 2.000000
-0.026909 0.101267 0.808193 -0.018148 0.887900 0.459678 2.000000
-0.026438 0.100764 0.803534 -0.022850 -0.974993 0.221058 2.000000
-0.025645 0.100823 0.798324 0.523257 -0.748135 -0.408040 2.000000
-0.024138 0.101068 0.806390 -0.080271 -0.990727 0.109622 2.000000
-0.032248 0.098783 0.798007 0.088861 -0.922384 0.375914 2.000000
-0.034542 0.100031 0.805190 0.748228 0.200922 -0.632286 2.000000
-0.035727 0.099934 0.801735 0.236057 -0.937211 0.256734 2.000000
-0.031213 0.099456 0.799606 0.029752 -0.936837 0.348500 2.000000
-0.020645 0.100925 0.804805 0.072518 -0.988346 -0.133840 2.000000
-0.028437 0.097492 0.799963 0.551401 -0.589779 -0.590015 2.000000
-0.034771 0.100673 0.803502 0.338307 -0.931591 0.132988 2.000000
-0.022383 0.100832 0.803162 0.211250 -0.967707 -0.137538 2.000000
-0.032521 0.098152 0.796496 -0.167418 0.948506 -0.268899 2.000000
-0.024380 0.103403 0.792943 0.412733 -0.904060 -0.111025 2.000000
-0.016400 0.101656 0.802358 0.534602 0.839632 0.096018 2.000000
-0.036447 0.098221 0.801127 0.809230 0.179338 0.559450 2.000000
-0.018126 0.101350 0.804132 0.129606 -0.950794 -0.281413 2.000000
-0.021342 0.103607 0.796789 0.233162 -0.925490 -0.298503 2.000000
-0.032574 0.100167 0.801543 -0.004839 -0.932048 0.362303 2.000000
-0.021699 0.103058 0.798435 0.124221 -0.923608 -0.362654 2.000000
-0.031819 0.097181 0.797389 0.287045 0.597986 0.748343 2.000000
-0.036045 0.099979 0.802122 0.544496 -0.838744 -0.005633 2.000000
-0.026888 0.101703 0.793847 0.503888 -0.847876 -0.164935 2.000000
-0.028832 0.100003 0.801015 -0.004105 -0.942029 0.335506 2.000000
-0.034256 0.099295 0.799706 0.182409 -0.800385 0.571061 2.000000
-0.025618 0.100828 0.803605 -0.006987 -0.973744 0.227539 2.000000
-0.027884 0.101635 0.789228 0.370748 -0.909578 0.187655 2.000000
-0.030141 0.100994 0.803829 -0.015499 -0.953916 0.299672 2.000000
-0.031909 0.098570 0.797473 0.147534 -0.936840 0.317119 2.000000
-0.024948 0.100560 0.802588 0.058867 -0.965992 0.251780 2.000000
-0.026194 0.102377 0.792262 0.517451 -0.845699 -0.130530 2.000000
-0.029825 0.099184 0.798127 0.150491 -0.965380 0.213059 2.000000
-0.028428 0.099664 0.799826 0.025563 -0.965305 0.259869 2.000000
-0.029275 0.099504 0.794778 0.608227 -0.748705 -0.263629 2.000000
-0.023579 0.100971 0.804695 -0.028925 -0.992687 0.117202 2.000000
-0.035780 0.099959 0.801865 0.261026 -0.934106 0.243538 2.000000
-0.029911 0.101431 0.805956 -0.001775 -0.999078 0.042900 2.000000
-0.017863 0.100935 0.805616 0.022846 -0.969527 -0.243918 2.000000
-0.031921 0.101184 0.804438 0.025584 -0.978607 0.204141 2.000000
-0.030844 0.097088 0.797177 0.777610 0.493396 0.389722 2.000000
-0.031476 0.097100 0.797204 -0.403619 -0.362441 -0.840076 2.000000
-0.017912 0.100656 0.807555 0.031395 -0.997730 -0.059577 2.000000
-0.021997 0.103240 0.797792 0.144542 -0.952606 -0.267672 2.000000
-0.027279 0.101423 0.793721 0.491560 -0.853248 -0.174172 2.000000
-0.016906 0.102091 0.802482 -0.238758 -0.928352 -0.284883 2.000000
-0.021746 0.100913 0.809229 0.074851 0.933843 0.349763 2.000000
-0.018754 0.098750 0.804350 0.544881 0.685569 -0.482803 2.000000
-0.016637 0.100719 0.806659 -0.331632 -0.924131 -0.189743 2.000000
-0.016070 0.099909 0.805847 0.876296 0.479139 -0.050321 2.000000
-0.026974 0.101373 0.795505 0.555122 -0.789809 -0.260848 2.000000
-0.017139 0.100506 0.801343 0.871531 -0.067179 -0.485717 2.000000
-0.029914 0.100899 0.803559 -0.016377 -0.952017 0.305605 2.000000
-0.026422 0.102537 0.790410 0.419917 -0.898543 0.127634 2.000000
-0.029602 0.099991 0.793181 0.641589 -0.740846 -0.198772 2.000000
-0.025617 0.100802 0.809267 -0.263108 0.760487 0.593661 2.000000
-0.022474 0.101037 0.805989 -0.053230 -0.995783 0.074716 2.000000
-0.023449 0.100675 0.803205 0.082267 -0.994418 0.066074 2.000000
-0.029769 0.101016 0.803931 -0.022513 -0.955514 0.294084 2.000000
-0.028651 0.100324 0.794010 0.616516 -0.746779 -0.249456 2.000000
-0.025253 0.100813 0.809511 -0.235696 0.816721 0.526700 2.000000
-0.028675 0.100120 0.801378 -0.016670 -0.944098 0.329244 2.000000
-0.025772 0.101167 0.804846 -0.022739 -0.975807 0.217447 2.000000
-0.027471 0.101109 0.795214 0.615291 -0.746151 -0.254313 2.000000
-0.028121 0.101229 0.792396 0.607218 -0.791904 -0.064608 2.000000
-0.019493 0.098620 0.803616 0.437921 0.762594 -0.476104 2.000000
-0.031835 0.101088 0.804067 0.019508 -0.969968 0.242450 2.000000
-0.026182 0.101188 0.805609 -0.018597 -0.994698 0.101142 2.000000
-0.032741 0.101068 0.804037 0.064729 -0.977291 0.201773 2.000000
-0.022545 0.103523 0.796010 0.346868 -0.922192 -0.171011 2.000000
-0.027073 0.101412 0.795249 0.545695 -0.808855 -0.219019 2.000000
-0.027080 0.099948 0.798465 0.418614 -0.878134 -0.231608 2.000000
-0.032765 0.099002 0.798587 0.080347 -0.916436 0.392032 2.000000
-0.033679 0.100357 0.806276 -0.608849 0.730987 0.308158 2.000000
-0.020661 0.102331 0.800637 0.209967 -0.882849 -0.420108 2.000000
-0.028969 0.099217 0.797327 0.357382 -0.933958 -0.001081 2.000000
-0.032260 0.101307 0.806620 -0.227846 0.851220 0.472768 2.000000
-0.027702 0.101084 0.804448 -0.063451 -0.973122 0.221377 2.000000
-0.028031 0.101338 0.788836 0.442535 -0.877380 0.185383 2.000000
-0.028415 0.099525 0.799334 0.096220 -0.978047 0.184842 2.000000
-0.026119 0.102683 0.790969 0.418244 -0.908048 -0.022828 2.000000
-0.030161 0.099577 0.799781 0.051727 -0.953711 0.296243 2.000000
-0.017860 0.102136 0.799506 0.759082 0.451319 -0.469155 2.000000
-0.020563 0.103912 0.794828 0.451122 0.873013 -0.185305 2.000000
-0.033832 0.100662 0.802892 0.126910 -0.945394 0.300208 2.000000
-0.025012 0.101199 0.808418 0.058180 -0.975100 -0.214000 2.000000
-0.024138 0.103443 0.793168 0.356059 -0.925291 -0.130612 2.000000
-0.029209 0.100297 0.793208 0.612673 -0.766007 -0.194590 2.000000
-0.025515 0.101486 0.797282 0.526493 -0.768968 -0.362620 2.000000
-0.021974 0.100063 0.809418 0.089631 0.892825 0.441396 2.000000
-0.018885 0.101394 0.803674 0.119616 -0.946255 -0.300489 2.000000
-0.018369 0.102420 0.801583 0.133942 -0.900669 -0.413346 2.000000
-0.025934 0.101918 0.795679 0.456892 -0.852752 -0.253107 2.000000
-0.018002 0.100824 0.806373 0.050815 -0.983856 -0.171599 2.000000
-0.021345 0.103282 0.797720 0.135141 -0.937873 -0.319578 2.000000
-0.025771 0.100040 0.800976 0.170489 -0.977840 0.121502 2.000000
-0.028889 0.101413 0.806285 -0.033445 -0.999279 0.017995 2.000000
-0.030978 0.099814 0.800639 0.011454 -0.939237 0.343077 2.000000
-0.019706 0.100850 0.805989 -0.014126 0.991716 0.127668 2.000000
-0.035235 0.100344 0.804534 0.670841 -0.655516 -0.346802 2.000000
-0.021701 0.101228 0.802747 0.254701 -0.913392 -0.317558 2.000000
-0.023312 0.101024 0.805682 0.017230 -0.997197 0.072815 2.000000
-0.025055 0.100235 0.801136 0.298366 -0.954441 0.004547 2.000000
-0.031191 0.100924 0.803527 -0.018863 -0.950793 0.309252 2.000000
-0.028468 0.097575 0.797096 0.224234 0.103751 -0.968997 2.000000
-0.024451 0.100862 0.803771 -0.032012 -0.984333 0.173390 2.000000
-0.023096 0.100373 0.809632 0.093325 0.834564 0.542949 2.000000
-0.022016 0.103648 0.796177 0.285892 -0.931200 -0.226123 2.000000
-0.034160 0.100247 0.805589 -0.602021 0.746549 0.283257 2.000000
-0.027313 0.101331 0.806263 -0.042205 -0.995504 0.084792 2.000000
-0.023088 0.103266 0.796284 0.410641 -0.901530 -0.136446 2.000000
-0.028318 0.101035 0.791421 0.594082 -0.794801 -0.123926 2.000000
-0.020396 0.103567 0.797615 0.059613 -0.976302 -0.208041 2.000000
-0.018800 0.101174 0.804747 0.101101 -0.965136 -0.241436 2.000000
-0.030084 0.098786 0.795858 0.429089 -0.901417 -0.057704 2.000000
-0.022374 0.101012 0.808296 -0.102813 -0.993466 -0.049537 2.000000
-0.024424 0.102902 0.794342 0.400555 -0.879933 -0.255488 2.000000
-0.026243 0.101297 0.807798 0.000992 -0.990046 -0.140738 2.000000
-0.017680 0.102702 0.799772 -0.621445 -0.731277 0.281140 2.000000
-0.018570 0.100867 0.805926 0.030993 -0.974906 -0.220450 2.000000
-0.026412 0.100889 0.808657 -0.155103 0.873947 0.460609 2.000000
-0.016520 0.100307 0.808292 -0.482662 -0.761338 -0.432899 2.000000
-0.018315 0.102595 0.798649 0.746965 0.576139 -0.331823 2.000000
-0.027774 0.099555 0.799307 0.162152 -0.984281 0.069982 2.000000
-0.026991 0.102190 0.790549 0.516755 -0.851027 -0.093366 2.000000
-0.019524 0.099139 0.801184 -0.266800 -0.168868 -0.948842 2.000000
-0.019967 0.103366 0.798754 0.141366 -0.940639 -0.308568 2.000000
-0.020632 0.103796 0.796842 0.085121 -0.955497 -0.282452 2.000000
-0.029618 0.100251 0.801619 0.014706 -0.943065 0.332284 2.000000
-0.028249 0.099471 0.797580 0.418690 -0.900174 -0.119937 2.000000
-0.023170 0.103566 0.794202 0.388036 -0.891768 -0.232763 2.000000
-0.032439 0.098441 0.797278 0.150392 -0.923219 0.353623 2.000000
-0.029553 0.099731 0.793720 0.621520 -0.741161 -0.253756 2.000000
-0.035546 0.100261 0.802676 0.395804 -0.911824 0.109158 2.000000
-0.036928 0.099214 0.801782 0.865866 -0.494133 -0.078159 2.000000
-0.030931 0.101070 0.807084 -0.097019 0.859390 0.502032 2.000000
-0.029734 0.099841 0.792928 0.647718 -0.744454 -0.162020 2.000000
-0.017634 0.101511 0.803832 0.086498 -0.949080 -0.302928 2.000000
-0.032334 0.098362 0.797061 0.180321 -0.924768 0.335094 2.000000
-0.031120 0.099890 0.800801 0.002802 -0.938111 0.346324 2.000000
-0.027384 0.101182 0.808250 -0.127646 0.872644 0.471379 2.000000
-0.023198 0.100714 0.802720 0.247492 -0.965893 -0.076140 2.000000
-0.021448 0.103680 0.796505 0.230809 -0.935400 -0.267870 2.000000
-0.029637 0.101443 0.806972 0.016817 -0.979192 -0.202238 2.000000
-0.032943 0.101118 0.806564 -0.309035 0.852520 0.421553 2.000000
-0.024611 0.103216 0.791171 0.389412 -0.885723 0.252691 2.000000
-0.027169 0.101055 0.804590 -0.024962 -0.978013 0.207043 2.000000
-0.019473 0.102138 0.801612 0.184229 -0.895116 -0.405989 2.000000
-0.025168 0.100594 0.802795 0.024981 -0.961237 0.274588 2.000000
-0.020784 0.104118 0.795404 -0.120137 -0.992331 -0.029080 2.000000
-0.030688 0.098989 0.798012 0.169399 -0.946813 0.273585 2.000000
-0.022017 0.100970 0.803207 0.241372 -0.949583 -0.200080 2.000000
-0.024482 0.101227 0.807560 -0.075763 -0.997031 0.013768 2.000000
-0.024570 0.103300 0.792274 0.421750 -0.906441 -0.022173 2.000000
-0.031598 0.098460 0.796472 0.230441 -0.942490 0.242093 2.000000
-0.029998 0.101083 0.804183 -0.011230 -0.965143 0.261483 2.000000
-0.020833 0.101076 0.803627 0.171242 -0.948569 -0.266257 2.000000
-0.025413 0.100294 0.794215 -0.189536 0.933320 0.304943 2.000000
-0.033418 0.098448 0.797603 0.546029 -0.594769 0.590002 2.000000
-0.029677 0.100762 0.803167 -0.006329 -0.948708 0.316092 2.000000
-0.018426 0.101952 0.802496 0.145346 -0.898878 -0.413391 2.000000
-0.028608 0.099819 0.800439 0.013061 -0.954404 0.298232 2.000000
-0.017625 0.102011 0.802598 0.025049 -0.928083 -0.371531 2.000000
-0.029313 0.099042 0.796841 0.431202 -0.902006 -0.021237 2.000000
-0.024196 0.102483 0.797432 -0.542262 0.790240 0.285434 2.000000
-0.028528 0.100354 0.794322 0.647489 -0.722318 -0.242928 2.000000
-0.024982 0.101985 0.796878 0.545459 -0.785647 -0.291948 2.000000
-0.034918 0.100139 0.801871 0.164898 -0.933699 0.317827 2.000000
-0.031420 0.100555 0.802488 -0.017243 -0.935952 0.351704 2.000000
-0.017192 0.101160 0.805023 -0.215160 -0.958697 -0.186029 2.000000
-0.027107 0.101588 0.793874 0.493393 -0.855160 -0.158946 2.000000
-0.022739 0.101102 0.807440 -0.067404 -0.997503 -0.021085 2.000000
-0.030836 0.098690 0.797354 0.180060 -0.957484 0.225396 2.000000
-0.025383 0.100400 0.799444 0.455911 -0.820165 -0.345650 2.000000
-0.022359 0.101041 0.807740 -0.099778 -0.994597 -0.028647 2.000000
-0.019891 0.100841 0.805442 0.057315 -0.988991 -0.136425 2.000000
-0.026011 0.098086 0.802451 0.736641 -0.238707 -0.632756 2.000000
-0.031838 0.098915 0.802610 -0.308915 -0.550778 -0.775380 2.000000
-0.029717 0.098319 0.801807 0.213698 0.145750 0.965966 2.000000
-0.017807 0.101786 0.803057 0.092281 -0.923034 -0.373486 2.000000
-0.019345 0.101927 0.802129 0.167160 -0.906286 -0.388204 2.000000
-0.033102 0.101174 0.806204 0.408222 -0.877638 -0.251211 2.000000
-0.021194 0.103794 0.796424 0.208889 -0.941253 -0.265346 2.000000
-0.036441 0.099707 0.801598 0.487413 -0.866184 0.110245 2.000000
-0.023607 0.103099 0.795149 0.430458 -0.887736 -0.163188 2.000000
-0.016225 0.100260 0.807730 0.718856 0.658288 0.223387 2.000000
-0.024569 0.103240 0.793212 0.425516 -0.892605 -0.148975 2.000000
-0.027570 0.101617 0.791645 0.548732 -0.827716 -0.117388 2.000000
-0.017840 0.100318 0.809127 0.300177 0.785190 0.541636 2.000000
-0.028185 0.101103 0.804451 -0.072029 -0.968422 0.238687 2.000000
-0.025536 0.101247 0.805410 -0.087345 -0.990307 0.107999 2.000000
-0.015964 0.101200 0.803720 -0.653448 -0.685837 -0.320364 2.000000
-0.027230 0.100842 0.803532 -0.007484 -0.969684 0.244249 2.000000
-0.026693 0.101880 0.793285 0.499348 -0.853008 -0.151755 2.000000
-0.024100 0.103564 0.791639 -0.332219 0.931088 -0.150683 2.000000
-0.027355 0.101663 0.789076 -0.248504 0.919364 -0.304984 2.000000
-0.033486 0.100329 0.801845 0.057979 -0.929367 0.364577 2.000000
-0.028965 0.100269 0.801721 -0.014883 -0.941914 0.335523 2.000000
-0.031757 0.099458 0.799613 0.031603 -0.930110 0.365918 2.000000
-0.034399 0.100835 0.803905 0.292271 -0.950384 0.106527 2.000000
-0.020799 0.103962 0.796305 -0.100109 0.965607 0.239960 2.000000
-0.018219 0.102795 0.800798 0.012655 -0.924462 -0.381065 2.000000
-0.029645 0.100241 0.791601 -0.556705 0.809958 0.184521 2.000000
-0.036184 0.098639 0.802076 0.758085 0.501267 -0.417180 2.000000
-0.023027 0.101113 0.808505 -0.102654 -0.986264 -0.129401 2.000000
-0.031754 0.098995 0.798428 0.079229 -0.936328 0.342072 2.000000
-0.024018 0.101149 0.806966 -0.068950 -0.993832 0.086859 2.000000
-0.030033 0.099553 0.792888 0.659577 -0.728566 -0.184798 2.000000
-0.024988 0.100479 0.802284 0.078137 -0.966618 0.244015 2.000000
-0.023768 0.101117 0.807291 -0.038162 -0.998292 0.044227 2.000000
-0.033333 0.101147 0.805164 0.319512 -0.947554 0.007269 2.000000
-0.028516 0.100220 0.794882 0.654742 -0.711513 -0.255072 2.000000
-0.019728 0.101028 0.804828 -0.099776 0.978184 0.182210 2.000000
-0.022292 0.104025 0.793675 -0.120344 0.990641 0.064402 2.000000
-0.027711 0.101841 0.789849 -0.427278 0.893494 -0.138209 2.000000
-0.027051 0.100316 0.797361 0.534481 -0.764682 -0.359988 2.000000
-0.022489 0.100803 0.804246 0.032395 -0.996689 0.074574 2.000000
-0.036324 0.099850 0.802246 0.574761 -0.815283 -0.070458 2.000000
-0.034890 0.100525 0.803122 0.321177 -0.929613 0.180733 2.000000
-0.034019 0.100694 0.805763 -0.491830 0.831562 0.258086 2.000000
-0.016356 0.099777 0.804662 0.898808 0.413774 0.144690 2.000000
-0.019707 0.100848 0.806286 0.009658 0.995032 0.099088 2.000000
-0.029891 0.099515 0.799548 0.064737 -0.959186 0.275267 2.000000
-0.026039 0.101253 0.807690 0.001448 -0.996938 -0.078185 2.000000
-0.022092 0.099344 0.799256 0.441488 0.801901 -0.402546 2.000000
-0.024907 0.102450 0.795338 0.401731 -0.893184 -0.202075 2.000000
-0.034291 0.097535 0.799063 0.828691 0.418364 0.371810 2.000000
-0.026708 0.099849 0.800650 0.107027 -0.985520 0.131513 2.000000
-0.030872 0.098559 0.793880 -0.553703 0.813582 0.177476 2.000000
-0.019605 0.101273 0.803687 0.137532 -0.949204 -0.283013 2.000000
-0.026876 0.101249 0.796026 0.547764 -0.767936 -0.332008 2.000000
-0.020986 0.103230 0.798180 0.194846 -0.922629 -0.332852 2.000000
-0.016675 0.100699 0.801842 0.866653 0.108462 -0.486980 2.000000
-0.018352 0.101290 0.803945 0.121531 -0.950581 -0.285702 2.000000
-0.021845 0.100954 0.803377 0.198944 -0.960615 -0.194012 2.000000
-0.020103 0.100830 0.806282 -0.036357 -0.997590 -0.059092 2.000000
-0.028934 0.101261 0.804922 -0.046008 -0.977904 0.203927 2.000000
-0.028174 0.101309 0.807850 -0.036817 0.959591 0.278979 2.000000
-0.023584 0.102560 0.797869 0.488925 -0.806219 -0.333112 2.000000
-0.035300 0.099673 0.800819 0.130581 -0.920941 0.367175 2.000000
-0.034523 0.100611 0.803123 0.233533 -0.944952 0.229190 2.000000
-0.030646 0.098853 0.793598 0.618175 -0.760140 -0.200115 2.000000
-0.029438 0.099411 0.794773 0.594133 -0.762826 -0.255153 2.000000
-0.029114 0.100650 0.791087 0.519775 -0.823104 -0.228767 2.000000
-0.033885 0.099024 0.798930 -0.165693 0.883112 -0.438929 2.000000
-0.023740 0.100996 0.800643 0.464550 -0.808218 -0.361907 2.000000
-0.027613 0.100368 0.802117 -0.007178 -0.942489 0.334160 2.000000
-0.032150 0.097998 0.795649 -0.200303 0.964730 -0.170808 2.000000
-0.017907 0.101887 0.802700 0.120155 -0.900397 -0.418147 2.000000
-0.023242 0.103256 0.795929 0.435877 -0.890332 -0.131606 2.000000
-0.024898 0.100931 0.804182 -0.036895 -0.981424 0.188272 2.000000
-0.022403 0.104006 0.793796 0.255120 -0.961732 -0.099925 2.000000
-0.029716 0.099365 0.794456 0.603474 -0.752461 -0.263860 2.000000
-0.018722 0.100753 0.806400 0.005421 -0.983943 -0.178402 2.000000
-0.020546 0.100827 0.806388 -0.056655 -0.997986 -0.028544 2.000000
-0.026396 0.100178 0.798656 0.451505 -0.850695 -0.269186 2.000000
-0.030018 0.100518 0.802557 0.007484 -0.944602 0.328133 2.000000
-0.032897 0.101087 0.804216 0.079294 -0.977847 0.193720 2.000000
-0.022880 0.103376 0.795620 0.419930 -0.900884 -0.109854 2.000000
-0.024018 0.101200 0.808287 -0.060190 -0.998153 -0.008235 2.000000
-0.032212 0.098234 0.796407 -0.242050 0.931120 -0.272813 2.000000
-0.018835 0.100491 0.809266 0.181989 0.758840 0.625333 2.000000
-0.027038 0.101167 0.795898 0.582573 -0.744491 -0.326100 2.000000
-0.019894 0.100835 0.805999 0.000046 -0.994373 -0.105931 2.000000
-0.028628 0.099423 0.797117 0.468903 -0.877001 -0.104879 2.000000
-0.024124 0.103534 0.792712 0.337147 -0.938962 -0.068422 2.000000
-0.027360 0.101829 0.791470 0.540704 -0.830040 -0.136650 2.000000
-0.021260 0.101003 0.803742 0.147121 -0.974385 -0.170086 2.000000
-0.024397 0.100408 0.802107 0.171111 -0.972601 0.157379 2.000000
-0.019680 0.102831 0.799985 0.191698 -0.903568 -0.383167 2.000000
-0.024894 0.100443 0.800223 0.466838 -0.860148 -0.205444 2.000000
-0.035263 0.099249 0.799828 0.377628 -0.675089 0.633760 2.000000
-0.025727 0.101233 0.807788 -0.024335 -0.997868 -0.060560 2.000000
-0.018620 0.100869 0.806172 0.016967 -0.979610 -0.200190 2.000000
-0.018161 0.101754 0.799140 0.778179 0.456672 -0.431146 2.000000
-0.022661 0.101013 0.808701 -0.096085 -0.972179 -0.213626 2.000000
-0.020499 0.099191 0.800479 -0.336671 -0.166065 -0.926863 2.000000
-0.026730 0.100131 0.798338 0.451200 -0.836807 -0.310116 2.000000
-0.016054 0.099786 0.807393 0.919126 0.358561 0.163220 2.000000
-0.018745 0.100639 0.806729 0.013634 -0.989266 -0.145490 2.000000
-0.023937 0.102767 0.796008 0.458061 -0.878518 -0.135597 2.000000
-0.030242 0.097003 0.796684 0.423839 -0.300036 -0.854599 2.000000
-0.025719 0.101238 0.805253 -0.065648 -0.988167 0.138624 2.000000
-0.017935 0.101578 0.799655 0.899281 0.218924 -0.378637 2.000000
-0.024452 0.103421 0.791681 0.354088 -0.924329 0.142260 2.000000
-0.023685 0.101034 0.806354 -0.005744 -0.995467 0.094937 2.000000
-0.019475 0.100682 0.809241 0.137205 0.919309 0.368844 2.000000
-0.027574 0.101690 0.791378 0.552548 -0.822174 -0.136825 2.000000
-0.025601 0.101256 0.808116 0.058828 -0.975436 -0.212282 2.000000
-0.017404 0.101477 0.804080 0.033895 -0.950670 -0.308347 2.000000
-0.034790 0.097762 0.799905 0.754380 0.644788 0.123122 2.000000
-0.030635 0.096658 0.795136 -0.316178 -0.756925 -0.571923 2.000000
-0.031800 0.098208 0.795757 -0.262417 0.945601 -0.192293 2.000000
-0.026279 0.100035 0.799517 0.326555 -0.930219 -0.167494 2.000000
-0.033168 0.098572 0.797732 0.107575 -0.909111 0.402424 2.000000
-0.025720 0.100191 0.801625 0.128867 -0.961586 0.242373 2.000000
-0.026708 0.102041 0.792490 0.533519 -0.834696 -0.136532 2.000000
-0.027271 0.101349 0.807615 0.114531 -0.969835 -0.215181 2.000000
-0.033766 0.100393 0.802076 0.094169 -0.935582 0.340322 2.000000
-0.021958 0.103542 0.796575 0.250106 -0.935680 -0.248896 2.000000
-0.018804 0.100538 0.809077 0.109733 0.880384 0.461392 2.000000
-0.027554 0.101519 0.792847 0.506104 -0.850432 -0.143613 2.000000
-0.017858 0.099539 0.809063 -0.196360 -0.437579 -0.877478 2.000000
-0.025357 0.101299 0.806934 -0.057511 -0.998263 0.012749 2.000000
-0.027150 0.097583 0.800256 0.752046 -0.409527 -0.516444 2.000000
-0.023113 0.100807 0.803952 0.017630 -0.992308 0.122532 2.000000
-0.034966 0.100568 0.804734 -0.610377 0.739156 0.284760 2.000000
-0.024841 0.098973 0.805190 0.775851 -0.592585 -0.216558 2.000000
-0.026826 0.099780 0.799729 0.259728 -0.965383 -0.024025 2.000000
-0.028805 0.100360 0.801940 -0.013738 -0.945731 0.324659 2.000000
-0.022271 0.101680 0.795780 -0.473944 -0.560034 0.679514 2.000000
-0.026567 0.101892 0.789613 -0.270417 0.906201 -0.325076 2.000000
-0.020715 0.102416 0.800436 0.199123 -0.891611 -0.406669 2.000000
-0.029739 0.099473 0.794069 0.610135 -0.744760 -0.270310 2.000000
-0.016330 0.100651 0.806453 -0.612975 -0.784815 -0.091258 2.000000
-0.027219 0.100555 0.796801 0.581056 -0.726742 -0.366360 2.000000
-0.024694 0.100884 0.804319 -0.048977 -0.983518 0.174053 2.000000
-0.018808 0.102847 0.800337 0.144660 -0.921595 -0.360189 2.000000
-0.025788 0.101269 0.806540 -0.052871 -0.998433 0.018314 2.000000
-0.024226 0.100975 0.805847 -0.058501 -0.993060 0.102024 2.000000
-0.034330 0.099909 0.801220 0.117310 -0.917332 0.380446 2.000000
-0.024241 0.102928 0.794742 0.408687 -0.885087 -0.222699 2.000000
-0.030880 0.100824 0.803245 -0.020370 -0.943882 0.329653 2.000000
-0.025852 0.102761 0.791471 0.407801 -0.912565 -0.030378 2.000000
-0.022049 0.103889 0.795151 0.343628 -0.924608 -0.164380 2.000000
-0.029045 0.100922 0.790417 0.523258 -0.829802 -0.193984 2.000000
-0.027370 0.101868 0.791104 0.539702 -0.829996 -0.140811 2.000000
-0.026666 0.101751 0.794009 0.509383 -0.846877 -0.152739 2.000000
-0.019351 0.103548 0.798008 0.332979 0.942363 -0.032820 2.000000
-0.029123 0.099615 0.794968 0.613075 -0.745197 -0.262335 2.000000
-0.036778 0.099434 0.801180 0.701116 -0.650513 0.292009 2.000000
-0.020361 0.103348 0.794768 0.623160 0.759566 -0.186363 2.000000
-0.031816 0.100976 0.803685 0.005504 -0.955524 0.294863 2.000000
-0.020568 0.101136 0.803569 0.166386 -0.943466 -0.286684 2.000000
-0.033498 0.099910 0.800832 0.065407 -0.917092 0.393273 2.000000
-0.024450 0.103384 0.792443 0.409327 -0.910600 -0.057092 2.000000
-0.023527 0.103143 0.794956 0.420500 -0.892394 -0.163745 2.000000
-0.030270 0.101441 0.806352 0.023092 -0.998645 -0.046634 2.000000
-0.025202 0.103074 0.791075 -0.304103 0.927342 -0.218080 2.000000
-0.019118 0.100703 0.808554 -0.141402 -0.975492 -0.168582 2.000000
-0.019689 0.102894 0.796528 0.688398 0.684630 -0.239564 2.000000
-0.023029 0.101136 0.801186 0.436364 -0.842832 -0.314992 2.000000
-0.024819 0.100738 0.799575 0.535570 -0.762496 -0.362994 2.000000
-0.022410 0.100948 0.802761 0.325311 -0.921191 -0.213494 2.000000
-0.030993 0.098403 0.794342 -0.507501 0.851652 0.130889 2.000000
-0.028787 0.101144 0.804412 -0.044121 -0.966353 0.253407 2.000000
-0.024754 0.101643 0.797969 0.564561 -0.732776 -0.379881 2.000000
-0.031744 0.101279 0.806601 0.146550 -0.909667 -0.388624 2.000000
-0.029417 0.101233 0.804717 -0.011866 -0.974679 0.223295 2.000000
-0.034357 0.098115 0.801010 0.798410 0.512689 -0.315741 2.000000
-0.023002 0.101133 0.806958 -0.040225 -0.999185 0.003438 2.000000
-0.023567 0.101168 0.808106 -0.090640 -0.995884 0.000584 2.000000
-0.017663 0.100586 0.808692 -0.202132 -0.889869 -0.408995 2.000000
-0.025786 0.102673 0.792082 0.505852 -0.855355 -0.111724 2.000000
-0.025117 0.101270 0.806992 -0.060767 -0.997873 0.023610 2.000000
-0.036633 0.099236 0.802244 0.765682 -0.614919 -0.188697 2.000000
-0.023984 0.103426 0.793428 0.375703 -0.908874 -0.181096 2.000000
-0.027956 0.100629 0.803198 -0.008936 -0.958154 0.286113 2.000000
-0.016055 0.100006 0.807042 0.891229 0.432295 0.137230 2.000000
-0.026481 0.101312 0.807657 0.006954 -0.985361 -0.170339 2.000000
-0.023284 0.101271 0.800606 0.447445 -0.808345 -0.382586 2.000000
-0.025885 0.101292 0.806749 -0.049925 -0.998739 0.005258 2.000000
-0.025241 0.100761 0.799008 0.524414 -0.753485 -0.396548 2.000000
-0.023094 0.103809 0.793325 0.279377 -0.957964 -0.065212 2.000000
-0.026135 0.099905 0.800757 0.163270 -0.980864 0.106057 2.000000
-0.036918 0.099429 0.801699 0.713484 -0.690437 -0.119320 2.000000
-0.029327 0.099231 0.795616 0.547082 -0.816347 -0.185147 2.000000
-0.034014 0.100453 0.802316 0.135709 -0.936825 0.322401 2.000000
-0.032538 0.099112 0.798862 0.059971 -0.925090 0.374982 2.000000
-0.021574 0.101799 0.801204 0.269276 -0.883981 -0.382188 2.000000
-0.019475 0.102378 0.801112 0.190983 -0.894728 -0.403717 2.000000
-0.030340 0.100249 0.801824 0.015651 -0.941775 0.335880 2.000000
-0.026769 0.101427 0.795699 0.535176 -0.800780 -0.268956 2.000000
-0.024927 0.102603 0.794728 0.407678 -0.886522 -0.218807 2.000000
-0.017956 0.103069 0.799821 0.387715 0.921447 0.024764 2.000000
-0.024634 0.101338 0.798739 0.546730 -0.731883 -0.406735 2.000000
-0.034337 0.100683 0.805248 -0.597938 0.738936 0.310554 2.000000
-0.029509 0.100345 0.791442 -0.525077 0.822548 0.218426 2.000000
-0.034831 0.099406 0.800084 0.104001 -0.892349 0.439200 2.000000
-0.020135 0.100827 0.805895 0.002467 -0.993021 -0.117911 2.000000
-0.025995 0.101368 0.796820 0.491540 -0.793158 -0.359568 2.000000
-0.023470 0.102427 0.792599 0.274315 -0.952740 -0.130531 2.000000
-0.028967 0.098315 0.802046 0.050931 0.078292 0.995629 2.000000
-0.019156 0.101232 0.804069 0.114289 -0.958201 -0.262277 2.000000
-0.019484 0.102434 0.796947 0.695618 0.661459 -0.280335 2.000000
-0.027186 0.101203 0.795503 0.584856 -0.764320 -0.271584 2.000000
-0.030598 0.098070 0.800916 0.902081 -0.105519 -0.418469 2.000000
-0.025200 0.102338 0.795485 0.422117 -0.879685 -0.219025 2.000000
-0.024314 0.101931 0.798143 0.550825 -0.731924 -0.401096 2.000000
-0.028694 0.101166 0.804657 -0.059565 -0.974219 0.217600 2.000000
-0.026734 0.101285 0.807532 0.076403 -0.984783 -0.156094 2.000000
-0.020784 0.102007 0.801177 0.243601 -0.881237 -0.405069 2.000000
-0.028306 0.099655 0.797025 0.487024 -0.856327 -0.171790 2.000000
-0.019313 0.101533 0.803302 0.122988 -0.933180 -0.337713 2.000000
-0.027168 0.101893 0.791552 0.532399 -0.834205 -0.143713 2.000000
-0.023509 0.102774 0.797704 0.490233 -0.825998 -0.278206 2.000000
-0.030720 0.097838 0.800351 0.821871 -0.457110 -0.339970 2.000000
-0.026456 0.101709 0.795237 0.507174 -0.841870 -0.184473 2.000000
-0.016378 0.101667 0.802626 0.575520 0.810423 0.109507 2.000000
-0.022831 0.102988 0.798222 0.333907 -0.873966 -0.353113 2.000000
-0.034197 0.100934 0.804614 0.334495 -0.932649 -0.135195 2.000000
-0.025793 0.101251 0.797355 0.515496 -0.771219 -0.373478 2.000000
-0.016794 0.100469 0.808242 -0.458497 -0.790213 -0.406626 2.000000
-0.017535 0.099743 0.809180 -0.354685 -0.620896 -0.699062 2.000000
-0.030328 0.096956 0.796286 0.684109 -0.247902 -0.685959 2.000000
-0.016049 0.100262 0.806076 0.820754 0.571063 -0.015808 2.000000
-0.028463 0.100314 0.794628 0.657883 -0.712855 -0.242958 2.000000
-0.030545 0.098693 0.796693 0.249625 -0.956750 0.149389 2.000000
-0.027016 0.102060 0.791365 0.528949 -0.833946 -0.157309 2.000000
-0.025767 0.101399 0.790891 0.324773 -0.943792 0.061471 2.000000
-0.029963 0.099174 0.794403 0.604243 -0.756057 -0.251532 2.000000
-0.028758 0.099770 0.795436 0.628904 -0.735568 -0.251833 2.000000
-0.023272 0.100741 0.803566 0.023049 -0.992808 0.117476 2.000000
-0.032426 0.099644 0.800234 0.014011 -0.928680 0.370618 2.000000
-0.031140 0.098692 0.797477 0.150991 -0.956601 0.249233 2.000000
-0.024815 0.101153 0.805811 -0.139538 -0.987368 0.075064 2.000000
-0.029807 0.099905 0.792229 0.598671 -0.784449 -0.161967 2.000000
-0.033840 0.100681 0.803031 0.135117 -0.947024 0.291359 2.000000
-0.022517 0.103932 0.793505 -0.255640 0.964897 0.060189 2.000000
-0.034913 0.099393 0.804106 0.918963 0.040547 -0.392254 2.000000
-0.028905 0.099255 0.796741 0.482133 -0.869589 -0.106599 2.000000
-0.027249 0.100981 0.795870 0.598425 -0.735608 -0.317441 2.000000
-0.022886 0.103268 0.796676 0.362240 -0.919749 -0.151145 2.000000
-0.030498 0.098561 0.795581 0.383513 -0.923532 -0.002592 2.000000
-0.016591 0.100614 0.807258 -0.395191 -0.899517 -0.186259 2.000000
-0.030038 0.099286 0.793858 0.638829 -0.731663 -0.237840 2.000000
-0.024716 0.100413 0.801959 0.154775 -0.975903 0.153813 2.000000
-0.018221 0.102110 0.802244 0.148412 -0.888600 -0.434009 2.000000
-0.022809 0.100822 0.804153 0.037420 -0.994799 0.094736 2.000000
-0.025533 0.100804 0.798539 0.526671 -0.743655 -0.411818 2.000000
-0.019428 0.100857 0.805933 0.024273 -0.989067 -0.145457 2.000000
-0.035304 0.100432 0.803196 0.445280 -0.893675 0.055406 2.000000
-0.030167 0.099981 0.801026 0.027055 -0.939956 0.340221 2.000000
-0.016163 0.100104 0.803831 0.994967 -0.095821 -0.029296 2.000000
-0.032441 0.098301 0.796912 -0.152390 0.934931 -0.320439 2.000000
-0.028372 0.101122 0.804526 -0.062264 -0.968542 0.240934 2.000000
-0.020772 0.101618 0.802310 0.204245 -0.922975 -0.326190 2.000000
-0.022548 0.103710 0.794738 0.404027 -0.893262 -0.197091 2.000000
-0.027753 0.100815 0.803759 -0.032735 -0.963272 0.266525 2.000000
-0.024769 0.100765 0.803268 -0.007166 -0.973444 0.228815 2.000000
-0.035275 0.099772 0.801085 0.149042 -0.927226 0.343568 2.000000
-0.016954 0.101650 0.803641 -0.246095 -0.893805 -0.374900 2.000000
-0.030333 0.099345 0.798991 0.103246 -0.952626 0.286084 2.000000
-0.036219 0.099240 0.802709 0.812529 -0.463480 -0.353530 2.000000
-0.024643 0.101135 0.806025 -0.131799 -0.984999 0.111381 2.000000
-0.019527 0.102665 0.800431 0.190974 -0.899432 -0.393129 2.000000
-0.023324 0.101100 0.807836 -0.079879 -0.996791 -0.005120 2.000000
-0.033242 0.099755 0.800455 0.063011 -0.918108 0.391289 2.000000
-0.016252 0.100261 0.803128 0.952684 -0.074105 -0.294792 2.000000
-0.021633 0.100985 0.806296 -0.136118 -0.990633 0.010872 2.000000
-0.035625 0.099613 0.800713 -0.168022 0.919488 -0.355401 2.000000
-0.029198 0.099890 0.800608 0.016218 -0.944704 0.327523 2.000000
-0.025239 0.101241 0.807808 -0.039574 -0.998536 -0.036886 2.000000
-0.017551 0.101784 0.803114 0.094614 -0.919858 -0.380669 2.000000
-0.029088 0.100048 0.793728 0.598230 -0.757785 -0.260544 2.000000
-0.033055 0.099928 0.800840 0.032996 -0.924431 0.379919 2.000000
-0.018409 0.103189 0.799716 -0.213800 -0.971762 -0.099839 2.000000
-0.035758 0.099993 0.801967 0.247399 -0.940492 0.232956 2.000000
-0.026316 0.100548 0.808764 -0.214736 0.880556 0.422504 2.000000
-0.016071 0.100821 0.803037 0.857584 0.514175 -0.013210 2.000000
-0.030498 0.099661 0.800063 0.031933 -0.943532 0.329739 2.000000
-0.023205 0.102504 0.798382 0.480711 -0.769506 -0.420449 2.000000
-0.036337 0.099673 0.801383 0.461447 -0.875268 0.144823 2.000000
-0.022866 0.103790 0.792846 -0.235736 0.971674 0.016700 2.000000
-0.030304 0.101421 0.805881 0.007709 -0.999180 0.039739 2.000000
-0.030575 0.100602 0.802719 -0.007230 -0.939687 0.341960 2.000000
-0.027204 0.101187 0.805335 -0.027935 -0.986488 0.161434 2.000000
-0.032907 0.101021 0.803846 0.078781 -0.972667 0.218430 2.000000
-0.021521 0.102316 0.800302 0.263967 -0.863139 -0.430480 2.000000
-0.022539 0.103346 0.797342 0.239673 -0.948370 -0.207727 2.000000
-0.027829 0.101247 0.805464 -0.055037 -0.988790 0.138797 2.000000
-0.020448 0.103935 0.796293 -0.245148 -0.962411 -0.116910 2.000000
-0.032205 0.099288 0.803904 -0.374516 0.354154 -0.856920 2.000000
-0.035403 0.100446 0.804024 -0.613273 0.780923 0.118553 2.000000
-0.025441 0.100837 0.798736 0.523275 -0.741997 -0.419075 2.000000
-0.029055 0.100463 0.792608 0.613713 -0.781517 -0.112193 2.000000
-0.020143 0.101643 0.802510 0.171794 -0.922791 -0.344883 2.000000
-0.027194 0.100038 0.797591 0.502061 -0.805841 -0.313936 2.000000
-0.028100 0.099818 0.800382 0.016498 -0.961577 0.274040 2.000000
-0.017037 0.101725 0.803397 -0.148447 -0.922967 -0.355100 2.000000
-0.023413 0.103651 0.792258 -0.280578 0.958941 0.041322 2.000000
-0.032657 0.100553 0.802473 0.007641 -0.939614 0.342151 2.000000
-0.022831 0.100764 0.803755 0.074239 -0.994550 0.073201 2.000000
-0.032578 0.100625 0.806853 -0.309936 0.765592 0.563745 2.000000
-0.025155 0.103105 0.791735 0.379203 -0.913380 0.148126 2.000000
-0.024457 0.101046 0.805512 -0.107719 -0.990582 0.084518 2.000000
-0.031079 0.098685 0.797274 0.170452 -0.957643 0.232090 2.000000
-0.032318 0.099178 0.798939 0.043328 -0.928644 0.368433 2.000000
-0.017261 0.100038 0.809140 -0.384524 -0.546231 -0.744159 2.000000
-0.036831 0.099482 0.801845 0.768271 -0.628627 -0.120779 2.000000
-0.031137 0.101028 0.803860 -0.015475 -0.958194 0.285701 2.000000
-0.027528 0.101604 0.792013 0.533780 -0.837885 -0.114143 2.000000
-0.030038 0.101448 0.806517 -0.010557 -0.990127 -0.139772 2.000000
-0.028448 0.100048 0.801126 -0.010732 -0.944078 0.329547 2.000000
-0.023730 0.100985 0.805604 -0.005851 -0.996420 0.084342 2.000000
-0.026696 0.100159 0.801632 0.005032 -0.945093 0.326762 2.000000
-0.023846 0.101309 0.800009 0.506370 -0.766627 -0.394806 2.000000
-0.027671 0.100940 0.808167 -0.140702 0.756728 0.638408 2.000000
-0.017541 0.100721 0.806967 0.004271 -0.988409 -0.151754 2.000000
-0.031564 0.101382 0.806501 0.137214 -0.931145 -0.337848 2.000000
-0.035723 0.097951 0.800516 -0.696796 -0.512473 -0.501843 2.000000
-0.024139 0.100539 0.801952 0.231857 -0.972611 0.016443 2.000000
-0.025886 0.102772 0.790771 -0.357007 0.932509 -0.054522 2.000000
-0.026101 0.102058 0.794649 0.499454 -0.850092 -0.167001 2.000000
-0.028683 0.097399 0.799324 0.932652 0.360771 0.001915 2.000000
-0.032619 0.101117 0.804240 0.068173 -0.976493 0.204483 2.000000
-0.027276 0.101874 0.790758 0.543217 -0.830581 -0.122681 2.000000
-0.028093 0.100638 0.802882 -0.001513 -0.957074 0.289839 2.000000
-0.021917 0.101022 0.806099 -0.124649 -0.990797 0.052764 2.000000
-0.022883 0.101150 0.806772 -0.032420 -0.999152 0.025398 2.000000
-0.019177 0.101682 0.802659 0.135283 -0.921385 -0.364345 2.000000
-0.021594 0.102682 0.799464 0.211132 -0.894285 -0.394559 2.000000
-0.028751 0.099227 0.798246 0.193617 -0.977713 0.081174 2.000000
-0.031476 0.099503 0.799770 0.018115 -0.933925 0.357011 2.000000
-0.026018 0.102169 0.794034 0.531081 -0.827011 -0.184406 2.000000
-0.029745 0.099874 0.800693 0.017401 -0.942446 0.333905 2.000000
-0.029647 0.100121 0.805997 -0.270509 -0.933780 0.234265 2.000000
-0.031788 0.099174 0.798964 0.048439 -0.932730 0.357308 2.000000
-0.032700 0.097184 0.797988 -0.263162 -0.727550 -0.633574 2.000000
-0.024708 0.101177 0.806575 0.111735 0.987997 -0.106668 2.000000
-0.020959 0.102143 0.800878 0.226532 -0.872460 -0.433009 2.000000
-0.028528 0.100643 0.793338 0.610686 -0.757910 -0.229423 2.000000
-0.024952 0.102537 0.795020 0.394662 -0.893308 -0.215042 2.000000
-0.027742 0.100051 0.796906 0.569578 -0.770581 -0.285982 2.000000
-0.024327 0.100700 0.809804 -0.050887 0.844787 0.532678 2.000000
-0.028903 0.101054 0.790195 -0.539326 0.828046 0.153189 2.000000
-0.016078 0.099878 0.806490 0.944598 0.326297 0.035559 2.000000
-0.034710 0.097918 0.800454 -0.596181 -0.746157 -0.296339 2.000000
-0.026314 0.101878 0.794751 0.506094 -0.849215 -0.150672 2.000000
-0.017490 0.100292 0.809094 -0.310914 -0.696710 -0.646473 2.000000
-0.019861 0.100774 0.807151 -0.092609 -0.995527 -0.018675 2.000000
-0.023322 0.103692 0.792442 -0.293060 0.955559 0.031984 2.000000
-0.027231 0.100353 0.802104 0.006449 -0.941719 0.336338 2.000000
-0.027221 0.101291 0.805743 -0.033088 -0.992556 0.117206 2.000000
-0.027897 0.100430 0.802296 -0.020446 -0.949009 0.314586 2.000000
-0.031203 0.099336 0.799292 0.060627 -0.937872 0.341643 2.000000
-0.029056 0.099442 0.799017 0.086544 -0.975033 0.204499 2.000000
-0.028807 0.100287 0.793608 0.593967 -0.765211 -0.248303 2.000000
-0.017299 0.100872 0.806006 -0.053018 -0.975582 -0.213139 2.000000
-0.030957 0.096903 0.796244 -0.518524 -0.731677 -0.442472 2.000000
-0.020501 0.100881 0.805169 0.058290 -0.991972 -0.112225 2.000000
-0.017908 0.103059 0.800176 -0.279640 -0.947648 -0.154159 2.000000
-0.030781 0.098387 0.795767 0.328388 -0.941368 0.077381 2.000000
-0.030524 0.098999 0.798188 0.172187 -0.946790 0.271920 2.000000
-0.018389 0.100472 0.809007 0.213107 0.792816 0.570988 2.000000
-0.023136 0.103696 0.792482 -0.305236 0.951996 0.023125 2.000000
-0.036191 0.099853 0.801959 0.523191 -0.852212 0.002548 2.000000
-0.019176 0.101191 0.804355 0.121867 -0.961653 -0.245707 2.000000
-0.027226 0.101057 0.789587 0.022757 -0.996023 0.086145 2.000000
-0.024468 0.099422 0.806704 0.555849 -0.664738 0.499156 2.000000
-0.030736 0.100272 0.801814 0.009068 -0.940761 0.338950 2.000000
-0.025986 0.099977 0.800635 0.172062 -0.983818 0.049968 2.000000
-0.027419 0.101490 0.793396 0.508454 -0.847297 -0.153501 2.000000
-0.022617 0.103890 0.793988 0.327739 -0.933562 -0.145081 2.000000
-0.031123 0.099977 0.801125 0.004226 -0.938118 0.346289 2.000000
-0.021938 0.100783 0.809543 0.091205 0.911539 0.400972 2.000000
-0.025103 0.100379 0.799931 0.432065 -0.863748 -0.259343 2.000000
-0.029810 0.099119 0.797766 0.206379 -0.957485 0.201567 2.000000
-0.027826 0.101401 0.792375 0.570086 -0.817974 -0.076942 2.000000
-0.029343 0.100355 0.801952 0.009102 -0.944087 0.329571 2.000000
-0.029515 0.101449 0.806511 0.009532 -0.991194 -0.132073 2.000000
-0.026355 0.100304 0.798371 0.482854 -0.810069 -0.332627 2.000000
-0.018794 0.102093 0.802000 0.163530 -0.890802 -0.423946 2.000000
-0.023738 0.100398 0.809700 -0.009379 0.845069 0.534576 2.000000
-0.028730 0.099736 0.800105 0.038281 -0.960308 0.276303 2.000000
-0.023123 0.101262 0.800779 0.448092 -0.813199 -0.371376 2.000000
-0.030081 0.099759 0.804919 -0.374972 -0.606174 0.701391 2.000000
-0.025500 0.102784 0.793092 0.506836 -0.854571 -0.113252 2.000000
-0.026501 0.100885 0.803723 -0.017641 -0.977166 0.211742 2.000000
-0.026862 0.101961 0.792677 0.498281 -0.856417 -0.135151 2.000000
-0.022256 0.103419 0.796634 0.264436 -0.938897 -0.220332 2.000000
-0.031300 0.101384 0.806714 0.155826 -0.944099 -0.290510 2.000000
-0.017319 0.101701 0.803459 -0.017913 -0.935886 -0.351847 2.000000
-0.017940 0.099765 0.801196 0.870637 -0.200005 -0.449432 2.000000
-0.024840 0.101411 0.798403 0.549003 -0.736039 -0.396033 2.000000
-0.021130 0.101137 0.803393 0.207594 -0.936493 -0.282641 2.000000
-0.032552 0.097825 0.799549 0.812707 -0.313621 0.491069 2.000000
-0.023251 0.101152 0.806768 0.003702 -0.998688 0.051077 2.000000
-0.028871 0.099601 0.795784 0.603911 -0.764759 -0.224577 2.000000
-0.027370 0.100197 0.807466 -0.193137 -0.897894 -0.395582 2.000000
-0.031942 0.100231 0.801671 -0.012909 -0.933273 0.358936 2.000000
-0.024395 0.102954 0.790943 -0.356822 0.898078 -0.257164 2.000000
-0.031703 0.098732 0.797690 0.116840 -0.931892 0.343403 2.000000
-0.023865 0.103427 0.791423 -0.321054 0.935496 -0.147553 2.000000
-0.030175 0.097564 0.798835 0.652706 -0.065502 -0.754774 2.000000
-0.023431 0.100918 0.804343 -0.038143 -0.989461 0.139686 2.000000
-0.028860 0.099784 0.795104 0.632134 -0.732422 -0.252914 2.000000
-0.028068 0.101614 0.789498 0.408826 -0.897938 0.163001 2.000000
-0.016147 0.100439 0.804613 0.885010 0.436540 0.161835 2.000000
-0.016718 0.099347 0.807324 0.910050 0.336365 0.242213 2.000000
-0.021138 0.104039 0.794387 0.198219 0.954653 -0.222141 2.000000
-0.025012 0.101159 0.806490 -0.110161 -0.991266 0.072506 2.000000
-0.016204 0.100476 0.805443 0.762859 0.643404 0.063860 2.000000
-0.017798 0.102959 0.800405 -0.282219 -0.941401 -0.184709 2.000000
-0.017440 0.100585 0.808009 -0.127944 -0.981091 -0.145228 2.000000
-0.030189 0.099237 0.793397 0.656531 -0.725041 -0.208043 2.000000
-0.024243 0.102517 0.797117 0.517504 -0.823215 -0.233466 2.000000
-0.034200 0.097815 0.800026 0.760277 0.598989 0.251378 2.000000
-0.028303 0.097975 0.801398 -0.639089 0.044569 -0.767840 2.000000
-0.019370 0.103247 0.799166 0.036211 -0.959607 -0.279005 2.000000
-0.032824 0.101266 0.805381 0.165582 -0.984985 0.048859 2.000000
-0.021847 0.104023 0.794162 -0.033487 0.996604 -0.075224 2.000000
-0.030296 0.099168 0.798556 0.121867 -0.956479 0.265135 2.000000
-0.023123 0.100681 0.802996 0.207418 -0.977667 -0.033846 2.000000
-0.027086 0.101036 0.804342 -0.021626 -0.977215 0.211146 2.000000
-0.034326 0.100461 0.802493 -0.156910 0.941288 -0.298924 2.000000
-0.031679 0.101354 0.805816 0.074519 -0.995934 -0.050613 2.000000
-0.032716 0.098335 0.797046 0.217530 -0.910812 0.350858 2.000000
-0.020234 0.103824 0.796876 0.239631 0.964035 0.114954 2.000000
-0.025893 0.100905 0.804146 -0.018989 -0.971473 0.236387 2.000000
-0.027360 0.101768 0.791786 0.534641 -0.834900 -0.130773 2.000000
-0.024521 0.102263 0.797330 0.556395 -0.775615 -0.298070 2.000000
-0.029198 0.099674 0.794647 0.607176 -0.749989 -0.262400 2.000000
-0.030553 0.098747 0.794190 0.589772 -0.787376 -0.179467 2.000000
-0.036028 0.100092 0.802532 -0.526979 0.849558 0.023339 2.000000
-0.023870 0.102695 0.796584 0.474251 -0.868500 -0.144200 2.000000
-0.023328 0.103246 0.795586 0.435450 -0.892263 -0.119376 2.000000
-0.024582 0.102544 0.795404 0.407041 -0.894594 -0.184442 2.000000
-0.031823 0.099605 0.799981 0.024026 -0.934502 0.355145 2.000000
-0.028063 0.099522 0.798302 0.309387 -0.950584 -0.025889 2.000000
-0.026781 0.101342 0.806458 -0.034348 -0.998751 0.036275 2.000000
-0.036644 0.099661 0.801776 0.664573 -0.746715 -0.027544 2.000000
-0.026885 0.099823 0.799110 0.344045 -0.924293 -0.165278 2.000000
-0.035696 0.099727 0.801094 0.187314 -0.925332 0.329657 2.000000
-0.034526 0.100133 0.801683 0.142999 -0.927308 0.345906 2.000000
-0.030771 0.101392 0.806754 -0.101888 0.975992 0.192505 2.000000
-0.019870 0.101663 0.802575 0.158319 -0.921825 -0.353799 2.000000
-0.032840 0.100434 0.802080 0.007412 -0.937189 0.348743 2.000000
-0.034531 0.099328 0.799865 0.120406 -0.815097 0.566674 2.000000
-0.016784 0.100921 0.805997 -0.267545 -0.950242 -0.159562 2.000000
-0.031665 0.100816 0.803199 -0.001652 -0.945051 0.326920 2.000000
-0.029910 0.099531 0.799729 0.063558 -0.958231 0.278844 2.000000
-0.024487 0.100747 0.803254 -0.012037 -0.975949 0.217666 2.000000
-0.024435 0.102510 0.796477 0.481633 -0.859889 -0.169175 2.000000
-0.021958 0.100454 0.809676 0.095509 0.857778 0.505069 2.000000
-0.029103 0.101368 0.806467 0.007585 -0.999015 -0.043728 2.000000
-0.032274 0.101373 0.806125 0.220832 -0.934597 -0.278857 2.000000
-0.028003 0.101205 0.793010 0.549665 -0.822931 -0.143713 2.000000
-0.026633 0.100841 0.790607 0.109463 -0.984384 0.137862 2.000000
-0.031556 0.100909 0.803450 -0.000590 -0.949899 0.312557 2.000000
-0.024313 0.101354 0.799245 0.545115 -0.740798 -0.392514 2.000000
-0.034958 0.099860 0.801202 0.140737 -0.921052 0.363121 2.000000
-0.025470 0.102090 0.795955 0.453651 -0.848851 -0.271392 2.000000
-0.036333 0.099758 0.801753 0.501784 -0.861809 0.074152 2.000000
-0.029464 0.100391 0.791171 -0.511425 0.826591 0.234930 2.000000
-0.031761 0.097704 0.798866 0.712711 0.142723 -0.686784 2.000000
-0.020603 0.102148 0.801093 0.216533 -0.881504 -0.419601 2.000000
-0.028805 0.100843 0.791086 0.537507 -0.810757 -0.231861 2.000000
-0.018372 0.100589 0.807731 -0.030656 -0.998907 -0.035283 2.000000
-0.018724 0.100612 0.807093 -0.011145 -0.993757 -0.111005 2.000000
-0.032234 0.099594 0.800004 0.020321 -0.930002 0.366991 2.000000
-0.021905 0.100911 0.803742 0.143691 -0.986165 -0.082651 2.000000
-0.027030 0.102115 0.790767 0.535960 -0.838573 -0.097681 2.000000
-0.016754 0.101842 0.801849 -0.665384 -0.743799 -0.063461 2.000000
-0.029705 0.099570 0.793938 0.620969 -0.736975 -0.266957 2.000000
-0.025268 0.101804 0.796823 0.521977 -0.789387 -0.323122 2.000000
-0.020119 0.100767 0.808949 -0.141577 -0.953011 -0.267816 2.000000
-0.029047 0.101431 0.805942 -0.045740 -0.995942 0.077508 2.000000
-0.023603 0.100651 0.802122 0.257093 -0.961984 -0.092137 2.000000
-0.025392 0.100180 0.801578 0.146747 -0.972482 0.180954 2.000000
-0.025170 0.100205 0.801407 0.241066 -0.965773 0.095753 2.000000
-0.026939 0.099688 0.799392 0.331547 -0.937519 -0.105523 2.000000
-0.016702 0.100671 0.807044 -0.326591 -0.926713 -0.185853 2.000000
-0.015981 0.100532 0.803477 0.834395 0.529228 0.153958 2.000000
-0.026280 0.100933 0.797367 0.516810 -0.759699 -0.394670 2.000000
-0.019832 0.100408 0.809675 0.145264 0.858015 0.492655 2.000000
-0.027588 0.101054 0.795006 0.625487 -0.745427 -0.230445 2.000000
-0.035668 0.099153 0.799704 0.474195 -0.470520 0.744144 2.000000
-0.020521 0.100872 0.807891 -0.102756 -0.994648 0.010825 2.000000
-0.026346 0.100479 0.798134 0.497626 -0.799430 -0.336571 2.000000
-0.031403 0.100736 0.803036 -0.013614 -0.941649 0.336321 2.000000
-0.032237 0.100860 0.803296 0.014916 -0.951040 0.308707 2.000000
-0.031120 0.098924 0.802971 0.317583 0.070592 0.945599 2.000000
-0.022276 0.102546 0.799280 0.305208 -0.849306 -0.430728 2.000000
-0.023764 0.101139 0.807066 -0.037001 -0.998116 0.048949 2.000000
-0.020178 0.100397 0.809788 0.061633 0.856138 0.513058 2.000000
-0.018311 0.102907 0.800486 -0.065410 -0.955489 -0.287686 2.000000
-0.024365 0.101458 0.798832 0.539178 -0.742819 -0.396872 2.000000
-0.027072 0.101651 0.793384 0.497292 -0.854285 -0.151319 2.000000
-0.026829 0.100970 0.804018 -0.011635 -0.975137 0.221296 2.000000
-0.028897 0.101076 0.789644 -0.537082 0.843426 -0.013275 2.000000
-0.026511 0.101288 0.808165 0.024246 -0.925378 -0.378269 2.000000
-0.024736 0.100608 0.799798 0.545434 -0.773309 -0.323255 2.000000
-0.033641 0.101068 0.805619 0.429598 -0.878875 -0.207425 2.000000
-0.026060 0.100028 0.801218 0.098137 -0.974414 0.202205 2.000000
-0.021792 0.103708 0.796090 0.283548 -0.925363 -0.251602 2.000000
-0.021356 0.100888 0.806251 0.119263 0.992862 -0.000967 2.000000
-0.018159 0.098901 0.802515 -0.156298 0.690214 -0.706524 2.000000
-0.035133 0.099435 0.800209 0.113935 -0.915225 0.386500 2.000000
-0.026642 0.100991 0.804666 -0.003744 -0.978316 0.207085 2.000000
-0.031245 0.098784 0.802449 -0.320511 -0.468486 -0.823282 2.000000
-0.031241 0.098447 0.796231 0.265805 -0.948499 0.172330 2.000000
-0.027997 0.100073 0.796219 0.608128 -0.741684 -0.282993 2.000000
-0.027039 0.101162 0.808353 -0.087743 0.852080 0.516005 2.000000
-0.029267 0.100275 0.792027 0.561421 -0.815014 -0.143382 2.000000
-0.024841 0.101184 0.806199 -0.136176 -0.987321 0.081570 2.000000
-0.028580 0.100988 0.803913 -0.053107 -0.956466 0.286971 2.000000
-0.030514 0.098967 0.797774 0.176350 -0.949823 0.258334 2.000000
-0.034787 0.100747 0.803942 0.396504 -0.916785 0.047843 2.000000
-0.016382 0.100531 0.807241 -0.539881 -0.823435 -0.174596 2.000000
-0.027806 0.100235 0.801701 -0.021717 -0.941399 0.336596 2.000000
-0.021853 0.101615 0.801325 0.302313 -0.899173 -0.316378 2.000000
-0.028108 0.099922 0.796561 0.581482 -0.771133 -0.259294 2.000000
-0.019210 0.101105 0.804775 0.101832 -0.970338 -0.219260 2.000000
-0.028680 0.101376 0.806057 -0.067535 -0.994930 0.074517 2.000000
-0.024084 0.101568 0.799109 0.522200 -0.758812 -0.389246 2.000000
-0.018440 0.100600 0.808673 0.153968 0.959222 0.237036 2.000000
-0.018712 0.101613 0.803199 0.122509 -0.928235 -0.351241 2.000000
-0.016162 0.100557 0.806249 -0.662391 -0.747963 -0.042299 2.000000
-0.021494 0.104111 0.795163 0.148130 -0.983309 -0.105643 2.000000
-0.036087 0.100046 0.802375 0.565994 -0.824129 -0.021511 2.000000
-0.027976 0.100104 0.801300 -0.027917 -0.946933 0.320215 2.000000
-0.018330 0.100651 0.807515 0.001463 -0.997806 -0.066186 2.000000
-0.029351 0.100963 0.807569 -0.038943 0.949561 0.311156 2.000000
-0.017175 0.100732 0.806997 -0.077437 -0.983739 -0.162055 2.000000
-0.021536 0.103195 0.798177 0.105071 -0.935696 -0.336798 2.000000
-0.025867 0.100416 0.798872 0.485364 -0.815236 -0.315930 2.000000
-0.019209 0.102545 0.797235 0.670073 0.674804 -0.309260 2.000000
-0.032386 0.098628 0.797689 0.106720 -0.921509 0.373405 2.000000
-0.024171 0.101269 0.799672 0.536491 -0.749934 -0.387010 2.000000
-0.031037 0.101425 0.806725 -0.131873 0.960351 0.245634 2.000000
-0.026429 0.102510 0.790756 -0.399897 0.913392 0.076138 2.000000
-0.025518 0.100913 0.803956 -0.014143 -0.974148 0.225468 2.000000
-0.016793 0.099524 0.808818 -0.637853 -0.350369 -0.685846 2.000000
-0.023382 0.103095 0.796226 0.439219 -0.886906 -0.143123 2.000000
-0.025236 0.100842 0.803750 -0.015112 -0.976977 0.212807 2.000000
-0.022214 0.103725 0.795446 0.352217 -0.916116 -0.191508 2.000000
-0.019996 0.102774 0.796068 0.839310 0.464050 -0.283223 2.000000
-0.026778 0.100656 0.802669 0.005540 -0.948042 0.318098 2.000000
-0.030434 0.098639 0.796189 0.290136 -0.949781 0.117203 2.000000
-0.029710 0.099778 0.793328 0.639548 -0.739325 -0.210658 2.000000
-0.025164 0.102818 0.790649 -0.233828 0.936486 -0.261378 2.000000
-0.027705 0.101545 0.788946 -0.386104 0.894524 -0.225278 2.000000
-0.031175 0.099680 0.800252 0.013945 -0.939548 0.342132 2.000000
-0.033359 0.100846 0.803390 0.081009 -0.952782 0.292649 2.000000
-0.028680 0.100677 0.802913 -0.035321 -0.953683 0.298734 2.000000
-0.027033 0.097935 0.801625 -0.305747 0.311232 -0.899807 2.000000
-0.020335 0.100845 0.808439 -0.093147 -0.994654 -0.044572 2.000000
-0.020674 0.103267 0.798312 0.218117 -0.916438 -0.335508 2.000000
-0.025960 0.101209 0.808710 -0.152913 0.909014 0.387699 2.000000
-0.023847 0.100673 0.802965 0.066917 -0.991086 0.115196 2.000000
-0.021283 0.101415 0.797057 0.182660 0.901974 -0.391252 2.000000
-0.016414 0.099870 0.808408 0.715845 0.451225 0.532880 2.000000
-0.028630 0.101219 0.804864 -0.075920 -0.977070 0.198923 2.000000
-0.017644 0.100599 0.807822 -0.065701 -0.993340 -0.094654 2.000000
-0.018910 0.100815 0.806124 0.005583 -0.983574 -0.180418 2.000000
-0.024487 0.100937 0.804398 -0.051867 -0.986604 0.154667 2.000000
-0.020791 0.100814 0.809326 -0.104439 -0.920616 -0.376244 2.000000
-0.035995 0.099555 0.800718 -0.219307 0.913884 -0.341645 2.000000
-0.030883 0.098857 0.797711 0.158567 -0.949892 0.269373 2.000000
-0.031404 0.100799 0.807063 -0.184300 0.896641 0.402578 2.000000
-0.034463 0.098355 0.801649 -0.413006 0.271544 -0.869304 2.000000
-0.030587 0.099042 0.792977 0.646486 -0.738146 -0.192864 2.000000
-0.030152 0.099286 0.798696 0.118182 -0.959049 0.257406 2.000000
-0.025264 0.102450 0.794855 0.420590 -0.883244 -0.207325 2.000000
-0.023396 0.101119 0.807266 -0.038986 -0.998939 0.024503 2.000000
-0.029442 0.100046 0.792744 0.619342 -0.766502 -0.169970 2.000000
-0.025545 0.102160 0.790272 -0.047725 0.822833 -0.566276 2.000000
-0.023723 0.102798 0.796780 0.473564 -0.867075 -0.154655 2.000000
-0.016579 0.100567 0.807448 -0.401058 -0.896758 -0.187021 2.000000
-0.019377 0.101134 0.804462 0.122066 -0.965240 -0.231110 2.000000
-0.028191 0.101360 0.806262 -0.067714 -0.995917 0.059701 2.000000
-0.024595 0.102697 0.795048 0.398540 -0.891946 -0.213536 2.000000
-0.024156 0.103204 0.793820 0.396355 -0.884572 -0.245835 2.000000
-0.031608 0.098161 0.795115 -0.325304 0.944801 -0.039108 2.000000
-0.026016 0.101219 0.805106 -0.017560 -0.981861 0.188787 2.000000
-0.027170 0.099723 0.799984 0.143354 -0.983910 0.106637 2.000000
-0.034927 0.100289 0.802517 0.214566 -0.941924 0.258341 2.000000
-0.027755 0.101231 0.793536 -0.540206 0.827152 0.154913 2.000000
-0.021027 0.101291 0.803034 0.204757 -0.922641 -0.326816 2.000000
-0.031470 0.098556 0.801809 0.477162 0.404883 0.779991 2.000000
-0.031367 0.101108 0.807091 -0.184300 0.896641 0.402578 2.000000
-0.021063 0.103535 0.797305 0.201772 -0.928538 -0.311618 2.000000
-0.029671 0.100749 0.807329 -0.006021 0.990149 0.139890 2.000000
-0.035049 0.100661 0.804467 -0.571946 0.789134 0.223929 2.000000
-0.022125 0.101022 0.805453 -0.084391 -0.993137 0.080978 2.000000
-0.029213 0.100874 0.790188 0.522269 -0.833616 -0.179776 2.000000
-0.017229 0.102379 0.801916 -0.173769 -0.916193 -0.361102 2.000000
-0.036197 0.099374 0.800362 0.548854 -0.556525 0.623731 2.000000
-0.027058 0.097949 0.797793 0.864188 -0.388299 -0.320003 2.000000
-0.026403 0.102132 0.793253 0.542303 -0.824428 -0.161945 2.000000
-0.029054 0.101342 0.807356 -0.001459 -0.972522 -0.232806 2.000000
-0.027669 0.101298 0.805835 -0.054865 -0.990749 0.124122 2.000000
-0.027000 0.100252 0.801866 -0.005307 -0.935527 0.353215 2.000000
-0.018952 0.102919 0.800148 0.157716 -0.919303 -0.360567 2.000000
-0.027745 0.101633 0.790975 0.557823 -0.817545 -0.143018 2.000000
-0.029121 0.101453 0.806727 0.025629 -0.989152 -0.144644 2.000000
-0.034783 0.098860 0.798869 0.749912 -0.139068 0.646755 2.000000
-0.017023 0.101024 0.805362 -0.254222 -0.955962 -0.146656 2.000000
-0.028087 0.101490 0.790636 0.530428 -0.833533 -0.154496 2.000000
-0.026188 0.101612 0.796080 0.483724 -0.817574 -0.312383 2.000000
-0.018308 0.100843 0.806302 0.048248 -0.982162 -0.181743 2.000000
-0.021079 0.102818 0.799182 0.195195 -0.913592 -0.356719 2.000000
-0.022085 0.101144 0.802613 0.300145 -0.907502 -0.293859 2.000000
-0.022721 0.103887 0.793253 -0.223887 0.974484 0.015989 2.000000
-0.025833 0.100027 0.800423 0.260594 -0.964432 -0.044286 2.000000
-0.029798 0.100619 0.802789 0.005339 -0.947248 0.320457 2.000000
-0.019504 0.103585 0.797813 0.392432 0.914504 -0.098384 2.000000
-0.036596 0.099569 0.801299 0.566697 -0.807213 0.165112 2.000000
-0.021241 0.100904 0.808221 -0.101271 -0.994728 -0.016154 2.000000
-0.024288 0.101217 0.808997 0.078083 -0.940342 -0.331150 2.000000
-0.018093 0.101324 0.804447 0.107526 -0.952217 -0.285867 2.000000
-0.029321 0.099729 0.800227 0.035452 -0.951509 0.305572 2.000000
-0.033285 0.098712 0.798091 0.101937 -0.912748 0.395602 2.000000
-0.022510 0.101064 0.807205 -0.085536 -0.996304 -0.007896 2.000000
-0.028065 0.100366 0.795622 0.645345 -0.705955 -0.291817 2.000000
-0.019904 0.101207 0.803833 0.152838 -0.949638 -0.273546 2.000000
-0.026114 0.102239 0.793765 0.541783 -0.819700 -0.185913 2.000000
-0.018737 0.100662 0.808326 -0.077631 -0.992417 -0.095296 2.000000
-0.028103 0.101561 0.789984 0.473293 -0.880661 -0.020746 2.000000
-0.027376 0.099939 0.800796 0.003316 -0.970077 0.242775 2.000000
-0.027127 0.101891 0.791800 0.525089 -0.839878 -0.137428 2.000000
-0.033864 0.099315 0.799608 0.116344 -0.881193 0.458217 2.000000
-0.022318 0.101301 0.802150 0.352347 -0.896355 -0.269072 2.000000
-0.025601 0.100441 0.799120 0.469397 -0.810472 -0.350431 2.000000
-0.036892 0.099348 0.801481 0.793588 -0.572408 0.206318 2.000000
-0.018622 0.102198 0.801755 0.176975 -0.881368 -0.438029 2.000000
-0.024166 0.100497 0.802530 0.095203 -0.990992 0.094191 2.000000
-0.026193 0.100197 0.798904 0.445444 -0.849035 -0.284111 2.000000
-0.034128 0.100698 0.805486 -0.478591 0.853891 0.204503 2.000000
-0.027474 0.101904 0.790281 0.525829 -0.844624 -0.100566 2.000000
-0.027242 0.101359 0.806476 -0.044377 -0.998017 0.044630 2.000000
-0.026831 0.101981 0.792043 0.505550 -0.851857 -0.136964 2.000000
-0.028533 0.099363 0.797876 0.282713 -0.959069 0.016138 2.000000
-0.023343 0.101055 0.809209 -0.103128 -0.932939 -0.344949 2.000000
-0.022571 0.101628 0.800744 0.398935 -0.831498 -0.386603 2.000000
-0.024051 0.101759 0.798712 0.520566 -0.752711 -0.403036 2.000000
-0.035521 0.099974 0.801680 0.192169 -0.935282 0.297183 2.000000
-0.023350 0.101141 0.808226 -0.092529 -0.995681 -0.007557 2.000000
-0.023882 0.102673 0.797332 0.502493 -0.827351 -0.250980 2.000000
-0.032556 0.099284 0.799250 0.045868 -0.927363 0.371340 2.000000
-0.025943 0.102157 0.794852 0.495409 -0.849559 -0.181163 2.000000
-0.021416 0.100873 0.805601 -0.099058 -0.994843 0.021806 2.000000
-0.030017 0.099486 0.793119 0.663291 -0.725008 -0.185495 2.000000
-0.024016 0.102157 0.798186 0.524984 -0.738839 -0.422503 2.000000
-0.031526 0.098929 0.798348 0.083116 -0.936509 0.340652 2.000000
-0.019559 0.100158 0.809649 0.209334 0.764204 0.610059 2.000000
-0.030184 0.099060 0.794201 0.605134 -0.759786 -0.237777 2.000000
-0.018488 0.102546 0.801325 0.115416 -0.909254 -0.399919 2.000000
-0.028931 0.101070 0.789852 -0.548063 0.834632 0.054923 2.000000
-0.029789 0.099133 0.794704 0.588594 -0.769703 -0.247212 2.000000
-0.022047 0.104048 0.793736 -0.121843 0.991838 0.037575 2.000000
-0.021399 0.103268 0.794118 0.265336 0.937020 -0.227136 2.000000
-0.022534 0.101170 0.802216 0.378112 -0.888167 -0.261133 2.000000
-0.022529 0.101256 0.801755 0.387253 -0.876768 -0.285153 2.000000
-0.023380 0.100684 0.801960 0.320872 -0.936616 -0.140683 2.000000
-0.026806 0.102031 0.791851 -0.520060 0.843346 0.135294 2.000000
-0.023233 0.102405 0.798572 0.483817 -0.760454 -0.433165 2.000000
-0.029840 0.098845 0.796429 0.397151 -0.917752 -0.001166 2.000000
-0.020526 0.101967 0.801503 0.222002 -0.900410 -0.374134 2.000000
-0.026163 0.100344 0.802162 0.011054 -0.939973 0.341070 2.000000
-0.031779 0.100705 0.807074 -0.211526 0.777973 0.591620 2.000000
-0.031267 0.099034 0.798481 0.085887 -0.943220 0.320874 2.000000
-0.018988 0.103163 0.799541 0.067236 -0.970073 -0.233319 2.000000
-0.030549 0.100205 0.801594 0.017298 -0.937711 0.346985 2.000000
-0.032465 0.100080 0.801271 -0.009756 -0.930744 0.365542 2.000000
-0.030126 0.099036 0.794402 0.601353 -0.763565 -0.235249 2.000000
-0.019348 0.100710 0.807443 -0.105652 -0.994328 -0.012253 2.000000
-0.022153 0.101025 0.806948 -0.142700 -0.989697 -0.011703 2.000000
-0.032381 0.100917 0.806988 -0.222819 0.853676 0.470732 2.000000
-0.029477 0.100265 0.791756 -0.556705 0.809958 0.184521 2.000000
-0.027940 0.101345 0.806052 0.052384 0.993448 -0.101571 2.000000
-0.022016 0.100926 0.809043 -0.042959 -0.948747 -0.313103 2.000000
-0.033405 0.101118 0.806037 0.460598 -0.851708 -0.249887 2.000000
-0.024528 0.101104 0.806197 0.112068 0.987130 -0.114087 2.000000
-0.019914 0.100798 0.807530 -0.095379 -0.995404 0.008595 2.000000
-0.033107 0.100496 0.802290 0.031427 -0.941046 0.336815 2.000000
-0.020627 0.104080 0.795101 0.353965 0.933317 -0.060233 2.000000
-0.024818 0.100968 0.804566 -0.060319 -0.983093 0.172889 2.000000
-0.023696 0.102943 0.795694 0.455724 -0.880099 -0.133193 2.000000
-0.018408 0.101673 0.803149 0.125968 -0.918402 -0.375060 2.000000
-0.026363 0.101203 0.805131 0.010149 -0.980541 0.196050 2.000000
-0.020005 0.102710 0.800124 0.189217 -0.901896 -0.388304 2.000000
-0.024597 0.101245 0.798946 0.548580 -0.732860 -0.402463 2.000000
-0.023886 0.100941 0.805942 -0.034261 -0.995459 0.088814 2.000000
-0.027784 0.101767 0.789511 0.383555 -0.904583 0.186050 2.000000
-0.032142 0.098922 0.798299 0.073155 -0.925159 0.372465 2.000000
-0.022215 0.100825 0.804354 0.029274 -0.997439 0.065259 2.000000
-0.026105 0.100000 0.800055 0.303758 -0.947541 -0.099484 2.000000
-0.033147 0.101029 0.804028 0.101213 -0.977939 0.182733 2.000000
-0.029976 0.099349 0.793534 0.660819 -0.720296 -0.210931 2.000000
-0.022585 0.101020 0.805286 -0.038738 -0.993193 0.109850 2.000000
-0.023793 0.100936 0.804306 -0.041838 -0.989481 0.138481 2.000000
-0.016251 0.100514 0.806607 -0.660836 -0.743574 -0.101951 2.000000
-0.022852 0.103357 0.796339 0.368176 -0.919323 -0.138897 2.000000
-0.020113 0.101574 0.802830 0.160339 -0.923686 -0.347987 2.000000
-0.026518 0.100454 0.802252 -0.007449 -0.940184 0.340585 2.000000
-0.028750 0.101205 0.789622 -0.541250 0.840053 -0.036869 2.000000
-0.024216 0.100831 0.800411 0.499465 -0.807536 -0.313720 2.000000
-0.023065 0.103322 0.795598 0.440712 -0.890726 -0.111265 2.000000
-0.023412 0.102843 0.797427 0.476294 -0.852481 -0.215451 2.000000
-0.029906 0.101356 0.805496 -0.008196 -0.991923 0.126575 2.000000
-0.025742 0.102726 0.792419 0.505330 -0.857510 -0.096536 2.000000
-0.017917 0.099057 0.806202 0.514224 0.845601 0.143292 2.000000
-0.024911 0.101238 0.807975 -0.020226 -0.999179 -0.035114 2.000000
-0.034021 0.097160 0.798361 0.563961 0.700384 0.437505 2.000000
-0.020294 0.100835 0.805792 0.008490 -0.996730 -0.080362 2.000000
-0.022601 0.100730 0.803508 0.162630 -0.986628 -0.010783 2.000000
-0.028552 0.099693 0.796202 0.585461 -0.779966 -0.221108 2.000000
-0.029780 0.099633 0.799937 0.050853 -0.954741 0.293060 2.000000
-0.030212 0.098847 0.797153 0.235888 -0.953730 0.186431 2.000000
-0.018095 0.100601 0.808701 -0.169598 -0.924392 -0.341667 2.000000
-0.016158 0.101427 0.803672 -0.529451 -0.784711 -0.322352 2.000000
-0.020334 0.101084 0.803975 0.134594 -0.959167 -0.248761 2.000000
-0.029235 0.100608 0.790895 0.512981 -0.827637 -0.227747 2.000000
-0.026095 0.101245 0.808109 0.058160 -0.956034 -0.287432 2.000000
-0.017229 0.101161 0.800743 0.949057 0.155973 -0.273795 2.000000
-0.030386 0.099283 0.803895 0.111986 0.400236 -0.909544 2.000000
-0.026979 0.101470 0.794580 0.500340 -0.853765 -0.144033 2.000000
-0.020844 0.100964 0.804079 0.122906 -0.973171 -0.194505 2.000000
-0.033299 0.101147 0.805762 0.394506 -0.904367 -0.162742 2.000000
-0.036745 0.099270 0.802077 0.765682 -0.614919 -0.188697 2.000000
-0.028421 0.100861 0.791637 0.600256 -0.793763 -0.098147 2.000000
-0.031137 0.098320 0.795877 0.307431 -0.940195 0.146695 2.000000
-0.029740 0.100238 0.791373 0.532387 -0.817125 -0.221068 2.000000
-0.020845 0.103989 0.794539 0.264207 0.928579 -0.260647 2.000000
-0.023624 0.100886 0.804156 -0.037556 -0.986704 0.158130 2.000000
-0.029979 0.098886 0.797311 0.237438 -0.954108 0.182485 2.000000
-0.028694 0.100666 0.791599 0.571156 -0.813821 -0.107129 2.000000
-0.024327 0.100951 0.804472 -0.049152 -0.989025 0.139329 2.000000
-0.023919 0.100979 0.805756 -0.027109 -0.995373 0.092185 2.000000
-0.029170 0.099141 0.797467 0.301915 -0.951269 0.062734 2.000000
-0.027101 0.102030 0.791279 0.540000 -0.829074 -0.145037 2.000000
-0.023520 0.100900 0.809653 0.048889 0.884618 0.463746 2.000000
-0.029633 0.099223 0.798375 0.125786 -0.969776 0.209074 2.000000
-0.019999 0.100699 0.809264 -0.134132 -0.894901 -0.425629 2.000000
-0.026161 0.102582 0.790066 -0.258161 0.903087 -0.343200 2.000000
-0.026106 0.100875 0.803794 -0.011395 -0.973407 0.228797 2.000000
-0.017582 0.101230 0.804963 -0.002059 0.964653 0.263515 2.000000
-0.023530 0.101090 0.809338 -0.058046 -0.903202 -0.425273 2.000000
-0.035877 0.100101 0.803076 -0.625054 0.779110 0.047918 2.000000
-0.029605 0.100229 0.791743 -0.543107 0.819382 0.183431 2.000000
-0.018404 0.100681 0.806718 0.051626 -0.985950 -0.158865 2.000000
-0.032192 0.101311 0.805232 0.083443 -0.992663 0.087501 2.000000
-0.033927 0.099776 0.800638 0.092266 -0.909157 0.406104 2.000000
-0.021332 0.102795 0.799233 0.178124 -0.912223 -0.368946 2.000000
-0.016356 0.100264 0.808067 0.614669 0.709092 0.345501 2.000000
-0.023946 0.100838 0.800784 0.448129 -0.844442 -0.293426 2.000000
-0.027664 0.101265 0.805653 -0.051414 -0.989594 0.134392 2.000000
-0.022635 0.103813 0.793092 -0.224746 0.974278 0.016473 2.000000
-0.027728 0.099735 0.798128 0.403046 -0.901962 -0.154979 2.000000
-0.023423 0.103161 0.795365 0.434493 -0.890922 -0.132187 2.000000
-0.031468 0.101345 0.805156 0.036637 -0.991724 0.123052 2.000000
-0.024768 0.102361 0.795988 0.433670 -0.875769 -0.212034 2.000000
-0.018647 0.101854 0.798315 0.830818 0.343990 -0.437506 2.000000
-0.020948 0.100657 0.809671 -0.034010 -0.872596 -0.487257 2.000000
-0.026272 0.101397 0.796526 -0.497789 0.791321 0.354988 2.000000
-0.026819 0.101312 0.806104 -0.028074 -0.996632 0.077043 2.000000
-0.029740 0.097138 0.795749 0.719060 -0.279755 -0.636152 2.000000
-0.028045 0.099763 0.797317 0.509864 -0.839996 -0.185595 2.000000
-0.028622 0.101418 0.807287 0.025701 -0.967458 -0.251723 2.000000
-0.030058 0.098787 0.796199 0.392830 -0.919592 -0.005912 2.000000
-0.019735 0.102718 0.800234 0.189795 -0.900094 -0.392185 2.000000
-0.022812 0.103875 0.793693 0.291915 -0.950620 -0.105392 2.000000
-0.017368 0.100826 0.806346 -0.005313 -0.980932 -0.194277 2.000000
-0.029998 0.099854 0.792016 0.629165 -0.761304 -0.156742 2.000000
-0.028117 0.099460 0.799143 0.167551 -0.980125 0.106213 2.000000
-0.023070 0.103794 0.792707 -0.215409 0.976473 0.009998 2.000000
-0.015912 0.100899 0.803543 0.834395 0.529228 0.153958 2.000000
-0.020772 0.104015 0.796057 0.016139 -0.984429 -0.175039 2.000000
-0.023154 0.100917 0.801661 0.421820 -0.871762 -0.249198 2.000000
-0.016398 0.101560 0.803010 0.493541 0.827145 0.268791 2.000000
-0.026777 0.101204 0.805544 -0.005722 -0.989965 0.141196 2.000000
-0.026637 0.099897 0.799380 0.355001 -0.924765 -0.137059 2.000000
-0.025448 0.101277 0.797914 0.530780 -0.759711 -0.375649 2.000000
-0.028408 0.101077 0.792286 0.617498 -0.784410 -0.058287 2.000000
-0.032123 0.097766 0.799161 0.656548 -0.166507 0.735677 2.000000
-0.035255 0.100354 0.802831 0.367406 -0.920350 0.134046 2.000000
-0.020613 0.099940 0.809557 0.063040 0.830038 0.554132 2.000000
-0.032185 0.100438 0.802280 -0.009957 -0.934409 0.356063 2.000000
-0.023612 0.103655 0.792864 0.313606 -0.947235 -0.066310 2.000000
-0.024482 0.100893 0.804040 -0.037894 -0.984728 0.169925 2.000000
-0.024083 0.100945 0.809725 -0.034243 0.835308 0.548715 2.000000
-0.024307 0.103269 0.793386 0.398815 -0.898928 -0.181314 2.000000
-0.024306 0.103392 0.791898 0.365816 -0.917557 0.155781 2.000000
-0.026440 0.102044 0.793593 0.532805 -0.830643 -0.161714 2.000000
-0.035335 0.099519 0.800465 0.119681 -0.917809 0.378554 2.000000
-0.020403 0.100839 0.805458 0.056194 -0.992414 -0.109351 2.000000
-0.018355 0.100894 0.805402 0.061441 -0.965889 -0.251563 2.000000
-0.019409 0.102487 0.800910 0.192666 -0.896170 -0.399699 2.000000
-0.028899 0.101061 0.804100 -0.048889 -0.958213 0.281847 2.000000
-0.026257 0.099993 0.799814 0.304326 -0.942336 -0.139243 2.000000
-0.029393 0.100187 0.792305 0.585594 -0.798403 -0.140120 2.000000
-0.024465 0.100459 0.801437 0.314443 -0.948634 -0.034926 2.000000
-0.021320 0.102039 0.800847 0.250745 -0.868187 -0.428227 2.000000
-0.028745 0.101443 0.806694 0.027435 -0.992319 -0.120628 2.000000
-0.017298 0.102544 0.801094 -0.475220 -0.864545 -0.163486 2.000000
-0.032892 0.099274 0.799401 0.059599 -0.924337 0.376894 2.000000
-0.030761 0.100126 0.801415 0.014373 -0.937129 0.348686 2.000000
-0.017536 0.101066 0.805255 -0.015667 -0.967053 -0.254092 2.000000
-0.028881 0.100462 0.793286 0.602549 -0.765943 -0.224198 2.000000
-0.023861 0.103081 0.794715 0.415519 -0.887809 -0.197838 2.000000
-0.026440 0.102510 0.790075 -0.377459 0.915487 -0.139311 2.000000
-0.030160 0.098765 0.795533 0.479015 -0.874033 -0.081305 2.000000
-0.024399 0.101120 0.806670 -0.111796 -0.988384 0.102952 2.000000
-0.020237 0.103095 0.795358 0.628089 0.776891 -0.044099 2.000000
-0.023839 0.101500 0.799674 0.515333 -0.761103 -0.393896 2.000000
-0.027547 0.100597 0.808017 -0.095566 0.818421 0.566616 2.000000
-0.025106 0.102916 0.792259 0.454540 -0.887818 -0.071920 2.000000
-0.023300 0.102162 0.793507 0.305824 -0.920954 -0.241485 2.000000
-0.030675 0.101424 0.805801 -0.024448 0.999701 0.000642 2.000000
-0.027959 0.100560 0.802644 0.001057 -0.956778 0.290816 2.000000
-0.024553 0.101240 0.807143 -0.092719 -0.994750 0.043303 2.000000
-0.016754 0.101693 0.803308 0.270054 0.883782 0.382099 2.000000
-0.031790 0.100099 0.801337 -0.009565 -0.933815 0.357629 2.000000
-0.024111 0.100556 0.801405 0.321381 -0.941428 -0.102116 2.000000
-0.024017 0.101095 0.806527 -0.065177 -0.992380 0.104562 2.000000
-0.024500 0.100944 0.809679 -0.090050 0.833273 0.545479 2.000000
-0.033943 0.098650 0.798190 -0.425155 0.664036 -0.615060 2.000000
-0.020131 0.102603 0.800282 0.190906 -0.901006 -0.389542 2.000000
-0.019362 0.101250 0.803872 0.130848 -0.954410 -0.268292 2.000000
-0.018252 0.102273 0.801906 0.125076 -0.900062 -0.417427 2.000000
-0.025353 0.100745 0.803341 0.000049 -0.974944 0.222448 2.000000
-0.032298 0.101085 0.804073 0.025660 -0.973910 0.225479 2.000000
-0.016536 0.100399 0.808152 -0.505762 -0.787655 -0.351857 2.000000
-0.025817 0.100460 0.809017 -0.314567 0.826427 0.466976 2.000000
-0.023624 0.100641 0.802602 0.190686 -0.981651 -0.000523 2.000000
-0.025014 0.101837 0.797129 0.553903 -0.772111 -0.311505 2.000000
-0.020115 0.103651 0.797672 0.021583 -0.976552 -0.214195 2.000000
-0.017682 0.102879 0.800189 -0.456226 -0.889863 0.001177 2.000000
-0.017492 0.100697 0.807299 0.007133 -0.993408 -0.114412 2.000000
-0.025984 0.101210 0.807379 -0.042438 -0.999022 -0.012445 2.000000
-0.018454 0.101164 0.804917 0.082196 -0.966997 -0.241166 2.000000
-0.023564 0.100979 0.805973 0.000831 -0.995307 0.096759 2.000000
-0.031916 0.099846 0.800616 -0.004926 -0.935483 0.353339 2.000000
-0.025991 0.102497 0.790025 -0.258161 0.903087 -0.343200 2.000000
-0.030620 0.098605 0.794548 0.535116 -0.830763 -0.153244 2.000000
-0.017091 0.100247 0.809010 -0.426455 -0.574118 -0.698945 2.000000
-0.027661 0.101291 0.788868 0.370748 -0.909578 0.187655 2.000000
-0.028776 0.100874 0.803531 -0.042161 -0.954135 0.296394 2.000000
-0.023969 0.101015 0.806162 -0.047668 -0.994251 0.095878 2.000000
-0.025181 0.100581 0.799315 0.504295 -0.778729 -0.373187 2.000000
-0.020402 0.100838 0.807538 -0.078120 -0.996706 0.021786 2.000000
-0.027146 0.101803 0.792478 0.497040 -0.858166 -0.128465 2.000000
-0.032443 0.101348 0.806233 -0.232757 0.919031 0.318129 2.000000
-0.024107 0.101176 0.807529 -0.063777 -0.997603 0.026862 2.000000
-0.031448 0.101297 0.806830 -0.153705 0.900775 0.406177 2.000000
-0.035062 0.100298 0.804806 0.777042 -0.450755 -0.439347 2.000000
-0.023796 0.101219 0.800252 0.498285 -0.781410 -0.375646 2.000000
-0.032785 0.099155 0.803739 -0.589366 0.170010 -0.789775 2.000000
-0.033748 0.100968 0.806105 -0.486804 0.834255 0.258922 2.000000
-0.032350 0.100249 0.801700 -0.010266 -0.932678 0.360565 2.000000
-0.026179 0.101983 0.794361 0.527688 -0.834567 -0.158253 2.000000
-0.031359 0.099099 0.798731 0.070608 -0.940277 0.333007 2.000000
-0.025795 0.100988 0.809052 -0.185221 0.870897 0.455228 2.000000
-0.024335 0.100577 0.800799 0.475049 -0.864918 -0.162006 2.000000
-0.027861 0.101736 0.789587 0.428335 -0.885851 0.178319 2.000000
-0.022083 0.101047 0.808197 -0.106680 -0.994055 -0.021783 2.000000
-0.017439 0.100592 0.808318 -0.166034 -0.963410 -0.210411 2.000000
-0.019475 0.101784 0.802346 0.158607 -0.912269 -0.377636 2.000000
-0.034594 0.100449 0.802714 0.187720 -0.941114 0.281188 2.000000
-0.027094 0.100050 0.801183 0.004598 -0.959626 0.281243 2.000000
-0.017818 0.100694 0.807178 0.039773 -0.991664 -0.122557 2.000000
-0.024924 0.101476 0.798119 0.550849 -0.739618 -0.386693 2.000000
-0.028513 0.100919 0.792066 0.611091 -0.788895 -0.064905 2.000000
-0.018576 0.101625 0.803124 0.113178 -0.919605 -0.376189 2.000000
-0.025423 0.101101 0.804626 -0.037203 -0.973586 0.225269 2.000000
-0.018548 0.100883 0.805563 0.057449 -0.969376 -0.238767 2.000000
-0.029593 0.100050 0.792079 0.569108 -0.806807 -0.158676 2.000000
-0.024274 0.100411 0.809700 -0.050887 0.844787 0.532678 2.000000
-0.023418 0.101155 0.808932 -0.127705 -0.960345 -0.247849 2.000000
-0.024529 0.100721 0.803050 0.003910 -0.972841 0.231443 2.000000
-0.032976 0.099222 0.799187 0.074076 -0.921700 0.380765 2.000000
-0.030358 0.097631 0.799484 -0.537037 -0.540837 -0.647369 2.000000
-0.027163 0.099680 0.799640 0.195002 -0.980355 0.029642 2.000000
-0.029661 0.098869 0.796909 0.323490 -0.940207 0.106609 2.000000
-0.024738 0.103140 0.793332 0.430492 -0.890471 -0.147441 2.000000
-0.019948 0.100829 0.805155 0.071401 -0.988031 -0.136738 2.000000
-0.028650 0.100478 0.802293 -0.026765 -0.949192 0.313558 2.000000
-0.032561 0.101257 0.806657 -0.231825 0.867489 0.440137 2.000000
-0.029877 0.101189 0.807258 -0.031793 0.966570 0.254426 2.000000
-0.025370 0.101600 0.797224 0.539267 -0.762893 -0.356630 2.000000
-0.023838 0.103619 0.791544 -0.305947 0.939363 -0.154898 2.000000
-0.027144 0.100136 0.801489 -0.009953 -0.944836 0.327393 2.000000
-0.021105 0.100954 0.808779 -0.082366 -0.987378 -0.135279 2.000000
-0.032282 0.101372 0.805822 0.143766 -0.987172 -0.069447 2.000000
-0.022726 0.101144 0.807024 -0.064433 -0.997845 -0.012407 2.000000
-0.031273 0.098285 0.794977 -0.396385 0.917803 0.022736 2.000000
-0.031689 0.100911 0.807165 -0.184230 0.823925 0.535917 2.000000
-0.025110 0.101215 0.798423 0.538794 -0.743094 -0.396878 2.000000
-0.026368 0.101714 0.795519 0.497007 -0.835469 -0.234471 2.000000
-0.025223 0.101224 0.806293 -0.107554 -0.992831 0.052144 2.000000
-0.016250 0.101278 0.802637 0.689151 0.723341 0.043005 2.000000
-0.027320 0.101321 0.808026 -0.124060 0.942007 0.311820 2.000000
-0.031086 0.098947 0.798056 0.122865 -0.945947 0.300147 2.000000
-0.018113 0.100675 0.807378 0.020929 -0.995956 -0.087371 2.000000
-0.017589 0.102178 0.799839 0.766281 0.537416 -0.352133 2.000000
-0.017002 0.100928 0.805959 -0.200432 -0.966169 -0.162309 2.000000
-0.023789 0.101006 0.805031 0.002366 -0.997803 0.066211 2.000000
-0.024376 0.101215 0.808663 0.083812 -0.971374 -0.222278 2.000000
-0.025548 0.098527 0.803834 0.982563 -0.185153 0.016990 2.000000
-0.025923 0.101268 0.807933 0.017210 -0.967538 -0.252140 2.000000
-0.028289 0.101055 0.791769 0.606730 -0.790775 -0.080958 2.000000
-0.017368 0.102176 0.802428 -0.074181 -0.930165 -0.359568 2.000000
-0.022640 0.101010 0.802428 0.351557 -0.901598 -0.252050 2.000000
-0.021876 0.103827 0.795503 0.312220 -0.923759 -0.221782 2.000000
-0.025439 0.100108 0.800395 0.348856 -0.929561 -0.119226 2.000000
-0.029747 0.101384 0.807084 -0.013139 0.977441 0.210798 2.000000
-0.030479 0.101431 0.806596 0.061827 -0.981939 -0.178813 2.000000
-0.026726 0.100736 0.802964 0.007691 -0.962125 0.272499 2.000000
-0.028574 0.100270 0.801717 -0.025103 -0.943231 0.331187 2.000000
-0.024368 0.102238 0.797609 0.555192 -0.765373 -0.325524 2.000000
-0.033357 0.098972 0.798634 0.104804 -0.912014 0.396543 2.000000
-0.022835 0.100884 0.804568 -0.011201 -0.991357 0.130713 2.000000
-0.030605 0.099981 0.801024 0.020063 -0.939321 0.342452 2.000000
-0.018738 0.101239 0.804048 0.122078 -0.956991 -0.263181 2.000000
-0.027679 0.101678 0.790612 0.539772 -0.832093 -0.127543 2.000000
-0.020545 0.103654 0.794592 0.431155 0.860696 -0.270752 2.000000
-0.020338 0.101692 0.802338 0.186714 -0.918760 -0.347875 2.000000
-0.021030 0.102681 0.799603 0.206524 -0.902072 -0.378964 2.000000
-0.028310 0.100930 0.793055 0.611979 -0.771832 -0.172501 2.000000
-0.021687 0.102537 0.799663 0.221799 -0.887779 -0.403303 2.000000
-0.028422 0.099957 0.795555 0.635405 -0.727202 -0.259688 2.000000
-0.018095 0.100720 0.806536 0.054075 -0.983839 -0.170694 2.000000
-0.021052 0.102743 0.794862 -0.410355 -0.716217 -0.564484 2.000000
-0.026933 0.100044 0.801681 -0.004129 -0.942176 0.335093 2.000000
-0.023729 0.103642 0.792680 0.301089 -0.952093 -0.053514 2.000000
-0.027549 0.101920 0.789771 -0.431533 0.885010 -0.174747 2.000000
-0.035499 0.100239 0.803859 -0.609478 0.790887 0.055092 2.000000
-0.024427 0.103436 0.791461 0.361891 -0.912388 0.191264 2.000000
-0.022059 0.103923 0.795006 0.297276 -0.947782 -0.115479 2.000000
-0.028169 0.101351 0.806469 -0.063679 -0.997550 0.028982 2.000000
-0.033965 0.100841 0.803514 0.158669 -0.962285 0.220979 2.000000
-0.031115 0.099154 0.798820 0.088306 -0.940768 0.327350 2.000000
-0.024069 0.101242 0.808792 -0.043541 -0.978766 -0.200302 2.000000
-0.026343 0.101616 0.795754 0.494996 -0.827463 -0.265111 2.000000
-0.026926 0.101847 0.792995 0.498633 -0.855895 -0.137145 2.000000
-0.018369 0.100656 0.807272 0.014583 -0.996105 -0.086966 2.000000
-0.036718 0.099588 0.801598 0.664958 -0.744742 0.056485 2.000000
-0.020110 0.103041 0.799282 0.188993 -0.912625 -0.362488 2.000000
-0.032759 0.099740 0.800424 0.035301 -0.925594 0.376867 2.000000
-0.027430 0.099633 0.791956 -0.544095 0.804175 -0.239297 2.000000
-0.019127 0.099510 0.808827 0.249819 0.804848 0.538340 2.000000
-0.033486 0.098792 0.798292 0.103087 -0.912385 0.396139 2.000000
-0.027507 0.101103 0.804987 -0.043421 -0.980205 0.193163 2.000000
-0.019693 0.103595 0.798154 -0.122410 -0.985698 -0.115822 2.000000
-0.031334 0.098261 0.795376 0.336335 -0.939839 0.059849 2.000000
-0.027484 0.101787 0.790929 0.542393 -0.830516 -0.126701 2.000000
-0.022122 0.101062 0.806265 -0.125091 -0.991406 0.038294 2.000000
-0.016263 0.100392 0.807464 0.742325 0.646535 0.175916 2.000000
-0.022563 0.103140 0.798097 0.283021 -0.888820 -0.360414 2.000000
-0.021041 0.102970 0.798849 0.189583 -0.916525 -0.352192 2.000000
-0.016427 0.101546 0.803505 0.504666 0.806434 0.308183 2.000000
-0.019437 0.103016 0.797038 0.604239 0.741998 -0.290404 2.000000
-0.034848 0.098678 0.802770 -0.302806 -0.556437 0.773748 2.000000
-0.025092 0.100263 0.800443 0.367671 -0.922513 -0.117419 2.000000
-0.025616 0.102737 0.790381 -0.128411 0.925275 -0.356898 2.000000
-0.034504 0.099143 0.799485 -0.548612 0.382857 -0.743267 2.000000
-0.021881 0.103490 0.796893 0.207922 -0.944717 -0.253530 2.000000
-0.019982 0.103211 0.799040 0.150771 -0.940107 -0.305723 2.000000
-0.028405 0.101410 0.789610 -0.429499 0.894452 -0.124446 2.000000
-0.035272 0.099950 0.801526 0.167769 -0.930328 0.326104 2.000000
-0.016772 0.100942 0.805740 0.381542 0.920347 0.085948 2.000000
-0.017265 0.102018 0.800339 0.877548 0.322975 -0.354397 2.000000
-0.023340 0.100818 0.804001 -0.027973 -0.990031 0.138042 2.000000
-0.034146 0.098796 0.798566 -0.520329 0.602580 -0.605108 2.000000
-0.029670 0.101385 0.805457 -0.022095 -0.990298 0.137194 2.000000
-0.031285 0.098167 0.794647 -0.408983 0.911226 0.048993 2.000000
-0.026722 0.102310 0.790623 0.534398 -0.843430 0.055178 2.000000
-0.026188 0.101230 0.805374 0.004615 -0.989860 0.141972 2.000000
-0.032700 0.100974 0.803688 0.040022 -0.963458 0.264854 2.000000
-0.023064 0.103083 0.797496 0.393902 -0.892794 -0.218540 2.000000
-0.026909 0.099914 0.798770 0.400150 -0.893070 -0.205682 2.000000
-0.022945 0.103748 0.794048 0.330911 -0.929530 -0.162703 2.000000
-0.021085 0.103305 0.797890 0.175935 -0.932053 -0.316740 2.000000
-0.025777 0.102704 0.792321 0.513705 -0.852653 -0.095342 2.000000
-0.031860 0.098847 0.798046 0.091040 -0.931568 0.351983 2.000000
-0.032903 0.098446 0.797352 0.130855 -0.916624 0.377726 2.000000
-0.027047 0.100616 0.802565 0.004114 -0.946687 0.322130 2.000000
-0.029495 0.099622 0.794277 0.599769 -0.747375 -0.285847 2.000000
-0.025476 0.100164 0.801264 0.197160 -0.971056 0.134826 2.000000
-0.027734 0.101103 0.794502 0.616718 -0.765981 -0.181469 2.000000
-0.028372 0.100867 0.807823 -0.058210 0.941377 0.332297 2.000000
-0.028934 0.101347 0.805352 -0.058307 -0.988404 0.140206 2.000000
-0.033155 0.098078 0.796746 -0.439893 0.819162 -0.368060 2.000000
-0.030419 0.098775 0.794458 0.578317 -0.795960 -0.178876 2.000000
-0.032337 0.101180 0.804442 0.035454 -0.978822 0.201620 2.000000
-0.021134 0.101594 0.802093 0.231356 -0.918283 -0.321294 2.000000
-0.027509 0.100569 0.802660 0.010014 -0.948838 0.315606 2.000000
-0.034401 0.100387 0.805341 0.751332 -0.429996 -0.500604 2.000000
-0.028920 0.099882 0.800602 0.005877 -0.946606 0.322338 2.000000
-0.028247 0.101123 0.792493 0.608625 -0.789859 -0.075493 2.000000
-0.026202 0.100980 0.804484 0.000731 -0.974430 0.224688 2.000000
-0.026382 0.101272 0.806389 -0.036355 -0.998969 0.027185 2.000000
-0.019328 0.103487 0.798170 0.217317 0.973821 0.066673 2.000000
-0.032761 0.100282 0.801720 0.006525 -0.933066 0.359647 2.000000
-0.031968 0.101206 0.806935 -0.185726 0.877349 0.442453 2.000000
-0.017830 0.102319 0.801955 -0.022919 -0.931327 -0.363461 2.000000
-0.022402 0.101086 0.806342 -0.093642 -0.994874 0.038160 2.000000
-0.018154 0.101804 0.802924 0.132763 -0.906675 -0.400394 2.000000
-0.030810 0.099047 0.798346 0.135647 -0.943151 0.303425 2.000000
-0.019092 0.100584 0.809286 0.178748 0.865549 0.467840 2.000000
-0.027903 0.100578 0.795403 0.657299 -0.694745 -0.292039 2.000000
-0.030675 0.099437 0.799532 0.053747 -0.943455 0.327114 2.000000
-0.019091 0.103314 0.798496 0.444013 0.889025 -0.111748 2.000000
-0.023388 0.101861 0.794422 -0.404004 0.615580 0.676640 2.000000
-0.023104 0.103051 0.797306 0.411798 -0.888620 -0.201933 2.000000
-0.028407 0.099353 0.798194 0.235573 -0.971521 0.025531 2.000000
-0.025216 0.102847 0.793444 0.459738 -0.868934 -0.183289 2.000000
-0.032334 0.099756 0.800438 0.002181 -0.931229 0.364427 2.000000
-0.030917 0.099469 0.799599 0.048607 -0.941027 0.334820 2.000000
-0.022525 0.101040 0.808048 -0.088780 -0.995642 -0.028567 2.000000
-0.025790 0.102345 0.794049 0.520602 -0.829784 -0.201078 2.000000
-0.026544 0.100414 0.798021 0.490870 -0.793143 -0.360516 2.000000
-0.024088 0.100980 0.804957 -0.057068 -0.995358 0.077497 2.000000
-0.027764 0.100979 0.804039 -0.049805 -0.963120 0.264424 2.000000
-0.024748 0.101155 0.809058 0.110361 -0.929998 -0.350605 2.000000
-0.018503 0.101245 0.804599 0.101319 -0.960692 -0.258466 2.000000
-0.017131 0.101829 0.803076 -0.146679 -0.933168 -0.328151 2.000000
-0.032688 0.098202 0.796776 -0.139569 0.939063 -0.314136 2.000000
-0.021592 0.101950 0.800850 0.277047 -0.860305 -0.427925 2.000000
-0.024200 0.102816 0.795201 0.418478 -0.887066 -0.194912 2.000000
-0.023276 0.102079 0.799091 0.484483 -0.766796 -0.421070 2.000000
-0.025491 0.101093 0.809141 -0.222858 0.866640 0.446397 2.000000
-0.019224 0.103357 0.798847 0.065492 0.977395 0.201023 2.000000
-0.020456 0.100815 0.808761 0.096854 0.981755 0.163635 2.000000
-0.027702 0.099549 0.798677 0.304129 -0.951177 -0.052616 2.000000
-0.027432 0.101015 0.795430 0.616305 -0.741449 -0.265371 2.000000
-0.021501 0.103908 0.795710 0.235612 -0.942267 -0.237950 2.000000
-0.024985 0.101762 0.797492 0.565696 -0.745110 -0.353268 2.000000
-0.033759 0.099982 0.801065 0.081592 -0.920243 0.382747 2.000000
-0.023234 0.102979 0.797033 0.443264 -0.882934 -0.154741 2.000000
-0.025897 0.101070 0.804595 -0.004350 -0.975405 0.220377 2.000000
-0.029644 0.099781 0.800335 0.026249 -0.946437 0.321818 2.000000
-0.033094 0.098432 0.797401 0.141644 -0.901292 0.409403 2.000000
-0.027522 0.101212 0.794619 0.571275 -0.801157 -0.178304 2.000000
-0.029445 0.099931 0.793478 0.619737 -0.748017 -0.237480 2.000000
-0.029438 0.100135 0.793075 0.622983 -0.763310 -0.171026 2.000000
-0.023644 0.103606 0.791708 -0.303768 0.941862 -0.143597 2.000000
-0.031307 0.100165 0.801536 -0.002197 -0.934596 0.355705 2.000000
-0.028386 0.101346 0.805895 -0.066273 -0.991371 0.113102 2.000000
-0.024732 0.102222 0.796903 0.543608 -0.797366 -0.262102 2.000000
-0.022124 0.103943 0.793583 -0.120344 0.990641 0.064402 2.000000
-0.032691 0.098842 0.802339 0.627920 0.542063 0.558466 2.000000
-0.028493 0.100785 0.803297 -0.039470 -0.955372 0.292755 2.000000
-0.020048 0.103506 0.798283 0.126367 -0.942443 -0.309567 2.000000
-0.032880 0.098075 0.796560 -0.367900 0.881935 -0.294688 2.000000
-0.031036 0.099423 0.799418 0.054547 -0.937674 0.343208 2.000000
-0.030621 0.100413 0.802137 0.007200 -0.940539 0.339611 2.000000
-0.021258 0.100857 0.804697 0.050238 -0.994428 -0.092681 2.000000
-0.017357 0.099132 0.802999 -0.595286 0.799414 -0.081071 2.000000
-0.026210 0.100606 0.802567 -0.001849 -0.948931 0.315479 2.000000
-0.029247 0.101442 0.805787 -0.038888 -0.994308 0.099198 2.000000
-0.018402 0.100654 0.807004 0.035454 -0.989742 -0.138397 2.000000
-0.018691 0.100597 0.808643 -0.084418 -0.963444 -0.254262 2.000000
-0.029083 0.099501 0.795437 0.597160 -0.767657 -0.232599 2.000000
-0.027091 0.101193 0.795697 0.578283 -0.762400 -0.290406 2.000000
-0.028331 0.101358 0.790489 0.529201 -0.835063 -0.150387 2.000000
-0.018535 0.102132 0.802073 0.168812 -0.886105 -0.431648 2.000000
-0.025808 0.101809 0.796065 0.462617 -0.831332 -0.308013 2.000000
-0.027793 0.100619 0.802997 -0.002323 -0.956646 0.291244 2.000000
-0.027735 0.097384 0.799457 0.977189 -0.181656 -0.110009 2.000000
-0.031173 0.101422 0.805941 0.050925 -0.997286 -0.053167 2.000000
-0.035437 0.099907 0.804062 0.736233 -0.560243 -0.379591 2.000000
-0.019839 0.103462 0.796511 -0.574409 -0.818541 -0.006631 2.000000
-0.034235 0.099688 0.800568 0.102930 -0.912007 0.397049 2.000000
-0.029985 0.098941 0.794966 0.566600 -0.798641 -0.202823 2.000000
-0.018328 0.100616 0.808360 -0.124269 -0.981953 -0.142569 2.000000
-0.021781 0.103777 0.795928 0.285031 -0.923182 -0.257860 2.000000
-0.022138 0.103950 0.794360 0.251457 -0.964827 -0.076665 2.000000
-0.023639 0.103622 0.793103 0.317364 -0.942448 -0.105220 2.000000
-0.025082 0.100700 0.803149 0.001392 -0.970126 0.242597 2.000000
-0.016254 0.100729 0.806087 -0.664311 -0.744815 -0.062785 2.000000
-0.017988 0.101051 0.805278 0.026377 -0.967981 -0.249636 2.000000
-0.019819 0.100799 0.808312 -0.116413 -0.992787 -0.028661 2.000000
-0.020957 0.103685 0.794326 0.332301 0.882555 -0.332675 2.000000
-0.020806 0.103268 0.798016 0.203108 -0.924434 -0.322752 2.000000
-0.030232 0.099066 0.797944 0.174748 -0.951550 0.253013 2.000000
-0.022365 0.100956 0.808896 -0.110633 -0.948246 -0.297640 2.000000
-0.028485 0.101249 0.805064 -0.082003 -0.981884 0.170817 2.000000
-0.027706 0.101811 0.790012 0.482165 -0.875339 0.036030 2.000000
-0.023437 0.100499 0.809697 0.092440 0.806383 0.584125 2.000000
-0.017835 0.100672 0.806832 0.036967 -0.987181 -0.155262 2.000000
-0.032882 0.100823 0.806781 -0.312172 0.824751 0.471523 2.000000
-0.028624 0.099585 0.805117 0.452314 -0.847524 0.277697 2.000000
-0.018011 0.100472 0.809007 0.241748 0.840322 0.485197 2.000000
-0.025399 0.102715 0.793708 0.459940 -0.859012 -0.224842 2.000000
-0.028052 0.100774 0.803489 -0.029999 -0.957415 0.287152 2.000000
-0.029418 0.099116 0.797654 0.219631 -0.967643 0.124218 2.000000
-0.034794 0.097559 0.799293 0.751067 0.453583 0.479750 2.000000
-0.025908 0.100185 0.799194 0.434765 -0.850802 -0.295154 2.000000
-0.018102 0.100649 0.806736 0.053551 -0.985769 -0.159347 2.000000
-0.027982 0.099639 0.799729 0.065068 -0.974493 0.214779 2.000000
-0.029341 0.101021 0.803959 -0.026579 -0.957095 0.288552 2.000000
-0.020498 0.104036 0.795601 -0.341036 -0.939779 -0.022592 2.000000
-0.020566 0.102253 0.800923 0.210744 -0.879696 -0.426288 2.000000
-0.028251 0.100157 0.795623 0.635550 -0.722263 -0.272788 2.000000
-0.021149 0.104038 0.795559 0.132982 -0.977175 -0.165665 2.000000
-0.021102 0.100840 0.807384 -0.112134 -0.993411 0.023688 2.000000
-0.022702 0.101054 0.805605 0.000966 -0.996286 0.086106 2.000000
-0.019204 0.100697 0.808935 -0.134192 -0.925430 -0.354361 2.000000
-0.026975 0.099959 0.800867 0.044219 -0.978304 0.202403 2.000000
-0.025149 0.101107 0.809252 -0.164164 0.899432 0.405059 2.000000
-0.026269 0.100819 0.803462 -0.018508 -0.975290 0.220150 2.000000
-0.016707 0.101862 0.802795 0.355738 0.893922 0.272680 2.000000
-0.030109 0.099107 0.798165 0.152816 -0.960681 0.231818 2.000000
-0.021413 0.103867 0.795890 0.228763 -0.940225 -0.252279 2.000000
-0.029811 0.098993 0.797465 0.237639 -0.954042 0.182568 2.000000
-0.024628 0.100459 0.802290 0.097250 -0.975272 0.198463 2.000000
-0.020450 0.100769 0.806106 -0.052061 -0.998238 -0.028484 2.000000
-0.020131 0.102032 0.801577 0.203123 -0.903022 -0.378539 2.000000
-0.029189 0.099809 0.794344 0.599886 -0.752875 -0.270767 2.000000
-0.026211 0.101305 0.806251 -0.036475 -0.998780 0.033302 2.000000
-0.024857 0.100636 0.809656 -0.145105 0.795647 0.588125 2.000000
-0.026967 0.102318 0.790262 0.457659 -0.888508 0.033201 2.000000
-0.024769 0.103179 0.793051 0.435447 -0.892744 -0.115731 2.000000
-0.034076 0.100484 0.805946 -0.581782 0.745435 0.325355 2.000000
-0.027928 0.099900 0.800755 -0.001133 -0.957284 0.289148 2.000000
-0.023621 0.101920 0.799064 0.502509 -0.762399 -0.407716 2.000000
-0.033492 0.100416 0.802168 0.054220 -0.940577 0.335224 2.000000
-0.025804 0.101265 0.805578 -0.050644 -0.994899 0.087239 2.000000
-0.021906 0.101020 0.806411 -0.136826 -0.990506 0.013258 2.000000
-0.020583 0.101709 0.802166 0.203251 -0.918743 -0.338528 2.000000
-0.024641 0.102428 0.796176 0.451707 -0.871368 -0.191516 2.000000
-0.027251 0.100739 0.796410 0.617347 -0.702449 -0.354188 2.000000
-0.030063 0.099884 0.791773 0.593309 -0.784890 -0.178696 2.000000
-0.022058 0.103933 0.794716 0.290006 -0.948324 -0.128752 2.000000
-0.017901 0.102883 0.800646 -0.230503 -0.926026 -0.298906 2.000000
-0.031649 0.099757 0.800374 0.009442 -0.937520 0.347803 2.000000
-0.035831 0.099254 0.799940 0.458928 -0.689982 0.559740 2.000000
-0.023469 0.103414 0.794331 0.406161 -0.879834 -0.246830 2.000000
-0.025924 0.100991 0.804365 -0.012623 -0.971703 0.235868 2.000000
-0.020163 0.100832 0.808579 -0.101722 -0.989385 -0.103782 2.000000
-0.025359 0.101203 0.806509 -0.074183 -0.996621 0.035260 2.000000
-0.023096 0.103361 0.795279 0.430121 -0.892087 -0.138477 2.000000
-0.018446 0.099828 0.809280 -0.186702 -0.593599 -0.782804 2.000000
-0.028215 0.101172 0.792075 0.620972 -0.781726 -0.057437 2.000000
-0.021206 0.102509 0.800134 0.218523 -0.887348 -0.406030 2.000000
-0.027111 0.100452 0.797020 0.560095 -0.744100 -0.364155 2.000000
-0.026988 0.100778 0.796758 0.574647 -0.724727 -0.380199 2.000000
-0.025312 0.101672 0.797087 0.520541 -0.783645 -0.339024 2.000000
-0.018921 0.100388 0.809426 0.198083 0.769495 0.607158 2.000000
-0.027589 0.100770 0.803545 -0.007308 -0.964760 0.263031 2.000000
-0.027638 0.099523 0.799070 0.264153 -0.963675 -0.039408 2.000000
-0.018613 0.100356 0.809246 0.210753 0.737885 0.641177 2.000000
-0.020040 0.101986 0.796931 -0.341710 -0.836541 0.428292 2.000000
-0.020177 0.101018 0.804359 0.125339 -0.972968 -0.193970 2.000000
-0.032675 0.098808 0.798156 0.085229 -0.914512 0.395478 2.000000
-0.019011 0.100646 0.807323 -0.064804 -0.996702 -0.048848 2.000000
-0.027839 0.097484 0.800031 0.961809 -0.259166 0.088074 2.000000
-0.022306 0.103858 0.794532 0.317799 -0.936371 -0.149039 2.000000
-0.020181 0.103755 0.797206 0.073564 0.983137 0.167422 2.000000
-0.022838 0.101424 0.800731 0.423649 -0.820564 -0.383661 2.000000
-0.022808 0.101081 0.805930 0.013320 -0.996007 0.088272 2.000000
-0.023829 0.102972 0.795293 0.441198 -0.881066 -0.170489 2.000000
-0.025522 0.102783 0.792362 0.489586 -0.867868 -0.084326 2.000000
-0.017716 0.101357 0.804506 0.082208 -0.949977 -0.301308 2.000000
-0.026816 0.100990 0.808494 -0.063809 0.861622 0.503523 2.000000
-0.022232 0.101380 0.801899 0.352588 -0.889971 -0.289193 2.000000
-0.026381 0.100923 0.804070 -0.011099 -0.972305 0.233453 2.000000
-0.026831 0.101344 0.808007 0.049641 -0.945172 -0.322778 2.000000
-0.031557 0.098361 0.796054 0.261241 -0.942387 0.208951 2.000000
-0.023907 0.101195 0.800109 0.507366 -0.765480 -0.395753 2.000000
-0.023194 0.101372 0.800404 0.449968 -0.800428 -0.396036 2.000000
-0.017091 0.102250 0.802231 -0.231693 -0.919276 -0.318199 2.000000
-0.018516 0.103227 0.798987 0.379876 0.924877 -0.017243 2.000000
-0.029599 0.101123 0.804353 -0.016250 -0.967187 0.253544 2.000000
-0.022759 0.100942 0.805360 -0.023307 -0.993966 0.107183 2.000000
-0.021522 0.102997 0.798613 0.116593 -0.926403 -0.358027 2.000000
-0.036341 0.099616 0.801168 0.353324 -0.901202 0.250993 2.000000
-0.031428 0.098274 0.795710 0.306960 -0.943511 0.124752 2.000000
-0.029679 0.100118 0.801287 0.016822 -0.942302 0.334341 2.000000
-0.025914 0.100291 0.801902 0.050328 -0.948107 0.313942 2.000000
-0.024040 0.103577 0.791857 0.344157 -0.926305 0.153346 2.000000
-0.033617 0.100040 0.805754 -0.679784 0.722292 0.127233 2.000000
-0.022507 0.102665 0.798975 0.306953 -0.842347 -0.442981 2.000000
-0.021708 0.104057 0.794940 0.206839 -0.973649 -0.096046 2.000000
-0.026172 0.100607 0.802866 -0.018859 -0.959530 0.280975 2.000000
-0.028639 0.099915 0.800729 0.007747 -0.947715 0.319024 2.000000
-0.029466 0.101344 0.805125 -0.027372 -0.982569 0.183872 2.000000
-0.031145 0.098345 0.794007 -0.512035 0.845391 0.152101 2.000000
-0.021471 0.104091 0.794413 0.025337 0.997329 -0.068500 2.000000
-0.023097 0.100895 0.804359 -0.020029 -0.989794 0.141093 2.000000
-0.019786 0.102501 0.800626 0.195139 -0.896244 -0.398331 2.000000
-0.027910 0.101362 0.806466 -0.058138 -0.997150 0.048091 2.000000
-0.031424 0.099386 0.799501 0.033934 -0.931860 0.361228 2.000000
-0.019361 0.101021 0.805017 0.079347 -0.977397 -0.195955 2.000000
-0.019517 0.100755 0.807802 -0.114441 -0.993402 0.007505 2.000000
-0.023076 0.103744 0.793898 0.362213 -0.911374 -0.195448 2.000000
-0.035171 0.100623 0.804148 -0.555654 0.822286 0.122859 2.000000
-0.017811 0.102135 0.802300 0.033310 -0.926440 -0.374965 2.000000
-0.027033 0.101094 0.796087 0.569912 -0.750634 -0.334289 2.000000
-0.030060 0.100093 0.801244 -0.024280 0.938674 -0.343951 2.000000
-0.022810 0.102587 0.798873 0.367345 -0.813984 -0.449986 2.000000
-0.022258 0.103972 0.794133 0.276576 -0.956755 -0.090138 2.000000
-0.023785 0.100831 0.800965 0.433945 -0.859477 -0.270168 2.000000
-0.028251 0.100416 0.795077 0.660954 -0.701829 -0.265662 2.000000
-0.018050 0.101504 0.803569 0.121632 -0.941299 -0.314900 2.000000
-0.032992 0.098509 0.801692 -0.586317 0.060183 0.807843 2.000000
-0.017692 0.100938 0.805800 0.024239 -0.975078 -0.220535 2.000000
-0.023138 0.103027 0.797661 0.397976 -0.873199 -0.281315 2.000000
-0.019920 0.100824 0.807896 -0.094915 -0.995390 0.013801 2.000000
-0.019549 0.099843 0.809464 0.186588 0.841879 0.506384 2.000000
-0.024770 0.101237 0.807746 -0.061122 -0.998087 -0.009275 2.000000
-0.021513 0.101598 0.801738 0.261187 -0.907557 -0.328819 2.000000
-0.026832 0.100654 0.808433 -0.229649 0.811631 0.537137 2.000000
-0.027903 0.098052 0.801749 -0.050979 -0.023101 0.998432 2.000000
-0.029798 0.098191 0.801191 -0.247632 -0.464684 -0.850146 2.000000
-0.020233 0.100838 0.805612 0.037033 -0.993061 -0.111613 2.000000
-0.023467 0.101038 0.806138 0.017575 -0.993242 0.114723 2.000000
-0.025508 0.097975 0.801122 0.739324 -0.496985 -0.454318 2.000000
-0.025534 0.100249 0.801800 0.099898 -0.963424 0.248667 2.000000
-0.021325 0.103800 0.796291 0.236314 -0.933146 -0.270913 2.000000
-0.029412 0.101469 0.806874 0.014868 -0.985649 -0.168153 2.000000
-0.023566 0.103604 0.793479 0.336168 -0.933393 -0.125575 2.000000
-0.021990 0.101911 0.800701 0.322179 -0.844719 -0.427376 2.000000
-0.029924 0.100040 0.791630 0.556324 -0.808169 -0.193305 2.000000
-0.029213 0.097275 0.797080 0.567742 -0.291498 -0.769869 2.000000
-0.034896 0.100369 0.802714 0.207191 -0.942797 0.261163 2.000000
-0.018694 0.099325 0.801166 0.995581 -0.063192 -0.069466 2.000000
-0.019083 0.103192 0.798077 -0.549626 -0.829944 0.095411 2.000000
-0.022212 0.102169 0.800094 0.344543 -0.831453 -0.435862 2.000000
-0.032082 0.097423 0.798170 0.940260 -0.264191 -0.214744 2.000000
-0.033018 0.101230 0.805261 0.236074 -0.970328 0.052274 2.000000
-0.024094 0.102873 0.791266 -0.381231 0.889924 -0.250397 2.000000
-0.019119 0.100665 0.806561 -0.025025 -0.989950 -0.139186 2.000000
-0.032626 0.098497 0.797437 0.133150 -0.915212 0.380340 2.000000
-0.033876 0.100740 0.806346 -0.561954 0.744793 0.359849 2.000000
-0.024044 0.100581 0.802661 0.074933 -0.988131 0.134095 2.000000
-0.026385 0.100649 0.797781 0.522347 -0.764733 -0.377277 2.000000
-0.033543 0.100919 0.803670 0.132545 -0.967970 0.213227 2.000000
-0.021183 0.102562 0.799902 0.207366 -0.899515 -0.384541 2.000000
-0.018261 0.100542 0.807996 -0.034655 -0.996260 -0.079158 2.000000
-0.034568 0.099942 0.801282 0.136380 -0.922422 0.361300 2.000000
-0.017483 0.100738 0.806727 0.011686 -0.984882 -0.172830 2.000000
-0.022038 0.101030 0.802926 0.281677 -0.921299 -0.268079 2.000000
-0.019328 0.101605 0.802973 0.129605 -0.923284 -0.361594 2.000000
-0.023047 0.101094 0.809034 -0.099745 -0.959227 -0.264450 2.000000
-0.029950 0.100652 0.802956 -0.006060 -0.946845 0.321634 2.000000
-0.016935 0.100995 0.805501 -0.307688 -0.945118 -0.109911 2.000000
-0.028236 0.100553 0.794550 0.662800 -0.713218 -0.228070 2.000000
-0.032002 0.100991 0.807109 -0.232776 0.807906 0.541390 2.000000
-0.030146 0.098939 0.794589 0.594726 -0.776998 -0.206336 2.000000
-0.026797 0.100245 0.797979 0.478224 -0.817365 -0.321272 2.000000
-0.025385 0.100595 0.802835 0.022214 -0.959504 0.280819 2.000000
-0.023499 0.100176 0.797075 0.090168 0.994307 0.056777 2.000000
-0.021706 0.103991 0.795296 0.258491 -0.952856 -0.158894 2.000000
-0.031991 0.097864 0.799726 0.000483 0.070642 0.997502 2.000000
-0.017586 0.102753 0.800876 -0.212656 -0.943305 -0.254859 2.000000
-0.028004 0.101566 0.790121 0.467880 -0.883321 -0.028854 2.000000
-0.023450 0.102645 0.798022 0.485304 -0.790132 -0.374395 2.000000
-0.034637 0.100790 0.804674 -0.500884 0.834947 0.227987 2.000000
-0.022519 0.103580 0.795448 0.392364 -0.908555 -0.143450 2.000000
-0.017700 0.100489 0.808977 -0.234537 -0.812369 -0.533900 2.000000
-0.032604 0.101085 0.806839 -0.247062 0.824454 0.509153 2.000000
-0.024789 0.103124 0.792090 0.424674 -0.905183 0.017184 2.000000
-0.027646 0.100711 0.795570 0.649582 -0.697789 -0.301882 2.000000
-0.016410 0.100751 0.806280 -0.493291 -0.858727 -0.138749 2.000000
-0.036112 0.099644 0.801094 0.310212 -0.905214 0.290441 2.000000
-0.030968 0.100225 0.801619 0.006473 -0.937629 0.347577 2.000000
-0.026934 0.101185 0.805098 -0.000944 -0.982313 0.187242 2.000000
-0.016389 0.100120 0.808281 0.701747 0.540201 0.464472 2.000000
-0.029113 0.099403 0.795769 0.558686 -0.809274 -0.181511 2.000000
-0.027210 0.101158 0.805035 -0.027610 -0.984497 0.173214 2.000000
-0.017738 0.101662 0.803425 0.106631 -0.934451 -0.339752 2.000000
-0.026298 0.100284 0.808479 -0.081708 0.832027 0.548685 2.000000
-0.025210 0.100946 0.804042 -0.031105 -0.979515 0.198955 2.000000
-0.031537 0.097290 0.797725 -0.662316 -0.128118 -0.738189 2.000000
-0.020544 0.100667 0.809592 -0.142580 -0.884001 -0.445211 2.000000
-0.023618 0.103049 0.795615 0.447938 -0.883344 -0.138042 2.000000
-0.024687 0.100374 0.801049 0.373664 -0.925304 -0.064718 2.000000
-0.023517 0.101103 0.807643 -0.063147 -0.997974 0.007705 2.000000
-0.032151 0.099451 0.799611 0.033772 -0.929386 0.367561 2.000000
-0.031075 0.101319 0.806969 -0.142026 0.930827 0.336735 2.000000
-0.021739 0.101054 0.808152 -0.100739 -0.994810 -0.014316 2.000000
-0.016036 0.099904 0.807633 0.935593 0.303632 0.180204 2.000000
-0.018638 0.100935 0.799365 -0.362617 -0.209689 -0.908042 2.000000
-0.036050 0.099535 0.803111 0.833233 -0.497870 -0.240516 2.000000
-0.026829 0.101942 0.792266 0.504938 -0.852005 -0.138298 2.000000
-0.026749 0.102400 0.790258 0.457239 -0.887586 0.055889 2.000000
-0.026342 0.101275 0.807374 -0.037549 -0.999152 -0.016904 2.000000
-0.017501 0.102414 0.801909 -0.022664 -0.935560 -0.352439 2.000000
-0.021309 0.101573 0.802000 0.235259 -0.916953 -0.322258 2.000000
