0.018925 0.055559 0.740500 0.995235 0.014639 0.096398 2.000000
0.023585 0.050747 0.739770 0.259233 -0.965674 0.016505 2.000000
0.024590 0.054467 0.740080 -0.072623 -0.532228 0.843480 2.000000
0.023762 0.059980 0.742125 0.289297 0.400706 -0.869334 2.000000
0.022003 0.053792 0.746848 0.159794 -0.315738 0.935294 2.000000
0.018308 0.049265 0.743329 0.690942 -0.546712 0.472975 2.000000
0.018887 0.052086 0.738377 0.937278 -0.134908 0.321419 2.000000
0.022245 0.053146 0.737460 -0.579117 -0.814188 -0.041502 2.000000
0.022917 0.051029 0.741067 0.264640 -0.806774 0.528282 2.000000
0.023483 0.052358 0.736757 0.051670 -0.812984 -0.579989 2.000000
0.016126 0.050707 0.741734 0.548096 -0.725247 0.416663 2.000000
0.018700 0.052489 0.741714 0.874919 -0.482778 -0.037987 2.000000
0.021306 0.051184 0.742484 0.642777 -0.716084 0.272141 2.000000
0.017189 0.050917 0.740995 0.592959 -0.711314 0.377402 2.000000
0.019086 0.060213 0.732312 0.896447 0.037660 0.441547 2.000000
0.018554 0.058899 0.733655 0.879844 -0.284797 -0.380481 2.000000
0.023172 0.055306 0.740706 0.271876 -0.419197 0.866232 2.000000
0.018460 0.052095 0.740987 0.791219 -0.611391 0.013163 2.000000
0.021265 0.052881 0.746440 -0.456898 0.590945 -0.664852 2.000000
0.018495 0.057968 0.733118 0.963482 -0.006485 0.267694 2.000000
0.019693 0.062210 0.740774 0.360278 -0.151046 0.920535 2.000000
0.019177 0.061958 0.742742 0.800375 -0.162098 -0.577169 2.000000
0.018608 0.051186 0.738524 0.856637 -0.113414 0.503299 2.000000
0.020386 0.054486 0.737402 -0.451776 -0.852072 -0.264332 2.000000
0.025708 0.056669 0.741084 -0.331770 -0.332015 0.883003 2.000000
0.022234 0.053431 0.738900 -0.531255 -0.784778 0.319206 2.000000
0.017306 0.050641 0.740302 0.721083 -0.536949 0.437865 2.000000
0.022087 0.052053 0.736803 -0.194685 0.498709 0.844623 2.000000
0.021245 0.054755 0.735296 0.762320 0.582185 -0.282716 2.000000
0.019112 0.056804 0.739642 0.832792 -0.093989 0.545549 2.000000
0.022526 0.054688 0.740710 0.274566 -0.589399 0.759751 2.000000
0.019362 0.062540 0.742802 0.855879 -0.190705 -0.480732 2.000000
0.021028 0.051718 0.745726 0.615669 -0.678567 0.400623 2.000000
0.020338 0.057888 0.732842 -0.096633 0.652518 0.751586 2.000000
0.022998 0.050755 0.738700 0.324329 -0.908213 -0.264499 2.000000
0.018730 0.057477 0.740642 0.928955 0.067169 0.364048 2.000000
0.022129 0.052359 0.736561 0.072632 -0.293331 -0.953248 2.000000
0.021949 0.053758 0.743110 0.772545 -0.410962 0.484030 2.000000
0.021948 0.052812 0.745812 0.646732 -0.638069 0.417859 2.000000
0.021772 0.059895 0.730334 0.358186 0.537794 0.763204 2.000000
0.024008 0.052689 0.738590 -0.359611 -0.690581 0.627517 2.000000
0.021515 0.056912 0.734450 -0.276365 -0.199185 -0.940185 2.000000
0.018662 0.061143 0.732627 0.939701 0.153231 0.305749 2.000000
0.020413 0.050717 0.743673 0.484496 -0.847255 0.217765 2.000000
0.023782 0.050786 0.739439 0.330702 -0.928920 -0.166566 2.000000
0.018628 0.061750 0.741124 0.860291 -0.040541 0.508190 2.000000
0.021833 0.059215 0.740954 -0.479409 -0.445591 0.756053 2.000000
0.019935 0.057106 0.739605 0.093279 -0.255280 0.962357 2.000000
0.021883 0.059574 0.730526 0.329318 0.570516 0.752371 2.000000
0.017567 0.051448 0.742449 -0.588689 0.807979 0.024783 2.000000
0.019119 0.052203 0.737440 0.997378 -0.032853 0.064489 2.000000
0.023228 0.052409 0.737846 -0.609919 -0.671933 0.420125 2.000000
0.019537 0.062595 0.743241 0.774816 -0.191375 -0.602525 2.000000
0.022723 0.053264 0.736356 0.384234 0.918663 0.091777 2.000000
0.020702 0.052081 0.736427 -0.592786 0.336593 0.731649 2.000000
0.018672 0.057924 0.732753 0.769034 -0.005501 0.639184 2.000000
0.019290 0.059874 0.731884 0.745667 0.181848 0.641024 2.000000
0.016876 0.051116 0.742308 -0.489000 0.866485 -0.100415 2.000000
0.018837 0.059958 0.742630 0.816966 0.058577 -0.573704 2.000000
0.018548 0.057406 0.733640 0.989683 0.139334 0.033362 2.000000
0.018960 0.061995 0.732136 0.887681 0.105481 0.448215 2.000000
0.022671 0.050916 0.740949 0.276359 -0.848864 0.450617 2.000000
0.022953 0.053516 0.742647 -0.217853 0.582387 -0.783177 2.000000
0.021933 0.050358 0.738578 0.604922 -0.773444 -0.189350 2.000000
0.021230 0.049673 0.738081 0.831761 -0.441022 -0.337155 2.000000
0.018630 0.060919 0.741522 0.950503 -0.061277 0.304613 2.000000
0.021530 0.053936 0.738644 -0.506531 -0.843028 0.180914 2.000000
0.017939 0.051515 0.740766 0.750188 -0.636456 0.179278 2.000000
0.022167 0.053087 0.745637 0.679245 -0.660996 0.318921 2.000000
0.020567 0.054938 0.736323 -0.638785 -0.658177 -0.398442 2.000000
0.026288 0.058560 0.742859 0.454515 0.484971 -0.747141 2.000000
0.019102 0.063310 0.741741 0.740513 -0.671505 0.026866 2.000000
0.021458 0.054587 0.735377 0.802621 0.580793 -0.135937 2.000000
0.019075 0.052875 0.742932 0.855112 -0.462214 -0.234823 2.000000
0.019071 0.054964 0.736228 0.967236 -0.065344 -0.245325 2.000000
0.019494 0.061198 0.731436 0.764726 0.134701 0.630119 2.000000
0.019370 0.063242 0.733762 0.201792 0.397621 -0.895085 2.000000
0.018736 0.057284 0.735266 0.775021 -0.384526 -0.501480 2.000000
0.018919 0.055398 0.736126 0.940668 -0.111597 -0.320454 2.000000
0.020641 0.054913 0.740494 0.930001 0.308328 -0.200080 2.000000
0.021247 0.050111 0.737712 0.787251 -0.424686 -0.447077 2.000000
0.020597 0.059020 0.734097 -0.370330 -0.155624 -0.915771 2.000000
0.018449 0.061945 0.741496 0.954754 -0.242186 0.172598 2.000000
0.022052 0.053486 0.736559 -0.578163 -0.806746 -0.122016 2.000000
0.025622 0.058947 0.742732 -0.399654 -0.499112 0.768872 2.000000
0.018532 0.048475 0.740424 0.728999 -0.683603 0.035326 2.000000
0.022075 0.053603 0.736279 0.620635 0.760326 0.191617 2.000000
0.020295 0.062639 0.740606 0.176903 -0.102429 0.978884 2.000000
0.020661 0.061167 0.741300 0.931179 0.034877 -0.362891 2.000000
0.021263 0.049802 0.739922 0.460448 -0.824181 0.329716 2.000000
0.019321 0.049026 0.737103 0.701383 -0.162636 0.693983 2.000000
0.018589 0.058474 0.732930 0.885545 -0.007927 0.464485 2.000000
0.018841 0.056468 0.741586 0.975148 0.173653 -0.137593 2.000000
0.016529 0.049980 0.740689 0.687983 -0.418914 0.592614 2.000000
0.019079 0.049304 0.740053 0.563255 -0.716392 0.411735 2.000000
0.019653 0.059920 0.731593 0.655459 0.266179 0.706769 2.000000
0.019829 0.058356 0.734345 -0.078369 0.477794 0.874969 2.000000
0.020758 0.053850 0.735172 -0.499215 0.351043 0.792183 2.000000
0.020361 0.063085 0.740663 -0.020449 0.275548 -0.961070 2.000000
0.022583 0.053948 0.739899 -0.023710 -0.847148 0.530828 2.000000
0.018506 0.050259 0.738649 0.770971 -0.055263 0.634468 2.000000
0.018918 0.060441 0.732561 0.945425 0.097197 0.311005 2.000000
0.018991 0.063206 0.733606 0.759883 0.135236 -0.635837 2.000000
0.018426 0.048364 0.740041 -0.066372 0.965478 0.251886 2.000000
0.022541 0.051136 0.741420 0.301649 -0.765978 0.567703 2.000000
0.021285 0.053817 0.737641 -0.518536 -0.852007 0.072138 2.000000
0.019003 0.056165 0.742007 0.958982 0.068156 -0.275150 2.000000
0.026866 0.051804 0.740368 0.093455 -0.818148 -0.567363 2.000000
0.019058 0.054706 0.741973 0.982677 0.000634 -0.185326 2.000000
0.020954 0.056661 0.740018 -0.654063 -0.029325 0.755872 2.000000
0.019068 0.057722 0.740093 0.725614 -0.152623 0.670962 2.000000
0.018660 0.059726 0.741051 0.899527 -0.042385 0.434804 2.000000
0.021347 0.051867 0.744279 0.794199 -0.594775 0.124466 2.000000
0.028504 0.051325 0.741303 0.018915 -0.966229 -0.256991 2.000000
0.018722 0.056876 0.741008 0.980722 0.174324 0.088293 2.000000
0.018920 0.055603 0.740688 0.997712 0.048036 0.047566 2.000000
0.019079 0.062894 0.741991 0.889026 -0.406891 -0.209932 2.000000
0.019154 0.054641 0.742389 0.942029 0.013390 -0.335265 2.000000
0.020417 0.052234 0.745987 0.348175 -0.701947 0.621325 2.000000
0.020794 0.060931 0.742087 0.932966 0.087248 -0.349231 2.000000
0.021283 0.052303 0.746014 0.595707 -0.598994 0.535107 2.000000
0.019949 0.063199 0.740858 -0.355351 0.274973 -0.893373 2.000000
0.018928 0.061655 0.732100 0.858322 0.115467 0.499950 2.000000
0.018774 0.062458 0.741250 0.813835 -0.373751 0.444952 2.000000
0.017946 0.048375 0.738865 0.753461 0.567869 0.331394 2.000000
0.018632 0.048682 0.740060 -0.588503 0.769095 0.249311 2.000000
0.018519 0.057475 0.734433 0.985636 -0.096455 -0.138631 2.000000
0.023189 0.052900 0.738274 -0.315422 -0.878042 0.359933 2.000000
0.016072 0.049898 0.741455 0.621540 -0.474946 0.622989 2.000000
0.019842 0.059659 0.740253 0.225847 -0.161733 0.960643 2.000000
0.025642 0.058316 0.741973 -0.434229 -0.555410 0.709200 2.000000
0.023421 0.052554 0.736899 -0.512217 -0.779861 -0.359792 2.000000
0.018662 0.048956 0.742096 0.812465 -0.492503 0.311995 2.000000
0.017148 0.050214 0.740166 0.701662 -0.416090 0.578394 2.000000
0.018645 0.049770 0.743765 -0.576607 0.748791 -0.326858 2.000000
0.019241 0.053014 0.743462 0.854150 -0.443826 -0.271011 2.000000
0.020412 0.048775 0.736979 -0.514900 0.085461 0.852980 2.000000
0.023650 0.052793 0.736290 -0.252283 -0.781192 -0.571046 2.000000
0.020946 0.054071 0.746857 -0.138219 0.027334 0.990024 2.000000
0.019889 0.059073 0.740148 0.209145 -0.186151 0.960003 2.000000
0.018948 0.062813 0.741238 0.770276 -0.454241 0.447593 2.000000
0.018669 0.062396 0.732457 0.992508 -0.000824 0.122179 2.000000
0.020734 0.050725 0.743236 0.541133 -0.808823 0.230173 2.000000
0.019383 0.056926 0.739631 0.618595 -0.244846 0.746586 2.000000
0.018819 0.052766 0.741022 0.955359 -0.291641 -0.047262 2.000000
0.025310 0.052056 0.739465 -0.475315 0.438058 0.763008 2.000000
0.017239 0.050887 0.740772 0.634633 -0.673392 0.379187 2.000000
0.018998 0.053711 0.734884 0.856548 0.062770 0.512236 2.000000
0.021706 0.053889 0.736398 -0.653312 -0.729172 -0.203696 2.000000
0.019962 0.055901 0.735787 -0.390413 -0.688842 -0.610798 2.000000
0.020742 0.060066 0.740366 0.488779 0.254852 -0.834353 2.000000
0.020207 0.055526 0.744124 0.925079 -0.061020 -0.374841 2.000000
0.025774 0.058635 0.742592 0.414105 0.497157 -0.762464 2.000000
0.017216 0.051259 0.741829 0.508587 -0.846437 0.157744 2.000000
0.023826 0.051412 0.738115 0.638504 -0.556859 -0.531244 2.000000
0.019293 0.054500 0.738297 0.683309 -0.696376 0.219429 2.000000
0.019138 0.051683 0.735628 -0.293235 -0.480055 -0.826777 2.000000
0.018523 0.058228 0.741213 0.984759 -0.028721 0.171535 2.000000
0.024903 0.057175 0.741120 -0.030746 -0.339881 0.939966 2.000000
0.022158 0.055518 0.741154 -0.172490 0.297260 -0.939087 2.000000
0.017907 0.050916 0.739749 0.816542 -0.381917 0.432895 2.000000
0.018646 0.057139 0.741436 0.977017 0.190111 -0.096417 2.000000
0.017550 0.049872 0.739578 0.701821 -0.262226 0.662333 2.000000
0.020588 0.054294 0.738097 -0.505351 -0.856589 0.104285 2.000000
0.026580 0.059126 0.732886 0.092439 -0.862959 -0.496745 2.000000
0.019041 0.048831 0.737486 0.810055 -0.301608 0.502835 2.000000
0.020535 0.050407 0.741361 0.235034 -0.921375 0.309560 2.000000
0.020824 0.059903 0.730884 0.446539 0.460479 0.767178 2.000000
0.017988 0.051292 0.740116 0.812067 -0.501169 0.298959 2.000000
0.019314 0.061327 0.731623 0.780861 0.106043 0.615639 2.000000
0.020374 0.050197 0.736236 0.377254 -0.342459 -0.860466 2.000000
0.021492 0.050786 0.741352 0.372327 -0.827455 0.420347 2.000000
0.019113 0.057170 0.742305 0.869438 0.137717 -0.474460 2.000000
0.019052 0.052047 0.737803 0.983269 -0.043134 0.176978 2.000000
0.022175 0.053378 0.738380 -0.574755 -0.791555 0.207598 2.000000
0.026608 0.052320 0.739742 -0.199899 0.512834 0.834890 2.000000
0.019017 0.054761 0.739532 0.928385 -0.217465 0.301348 2.000000
0.014893 0.050245 0.741545 0.478839 -0.516040 0.710223 2.000000
0.020164 0.060759 0.730850 -0.633070 -0.252571 -0.731731 2.000000
0.024345 0.058561 0.741686 -0.247466 -0.432872 0.866823 2.000000
0.018994 0.056892 0.732669 0.292751 0.492471 0.819615 2.000000
0.016648 0.050975 0.741755 0.521204 -0.790371 0.321964 2.000000
0.021990 0.053388 0.737978 -0.590210 -0.799035 0.114871 2.000000
0.022014 0.054719 0.740978 0.106553 -0.627293 0.771459 2.000000
0.018708 0.052836 0.739059 0.949774 -0.212291 0.229919 2.000000
0.018777 0.060699 0.732621 0.964093 0.112510 0.240556 2.000000
0.018220 0.047862 0.740844 -0.590989 0.800340 0.100931 2.000000
0.024077 0.052165 0.738132 0.767008 0.341432 -0.543252 2.000000
0.020670 0.058356 0.732130 -0.121641 -0.728395 -0.674273 2.000000
0.023786 0.051188 0.738474 0.568196 -0.702023 -0.429321 2.000000
0.022166 0.051988 0.742317 0.608499 -0.451999 0.652247 2.000000
0.018796 0.048295 0.739608 0.053001 -0.990767 0.124784 2.000000
0.019010 0.052127 0.736734 0.995448 0.093581 0.018039 2.000000
0.019040 0.061164 0.742630 0.752148 -0.150644 -0.641545 2.000000
0.019279 0.059378 0.733804 -0.544701 0.395751 0.739379 2.000000
0.018555 0.061909 0.741125 0.861300 -0.066875 0.503676 2.000000
0.019297 0.062712 0.741029 0.547911 -0.274431 0.790241 2.000000
0.018899 0.055954 0.740777 0.993557 0.090226 0.068582 2.000000
0.020954 0.062354 0.742291 -0.174271 0.676092 -0.715912 2.000000
0.018836 0.060152 0.732653 0.976041 -0.022840 0.216384 2.000000
0.023110 0.054015 0.739923 0.070340 -0.703478 0.707227 2.000000
0.018260 0.051819 0.739707 0.905666 -0.366859 0.212565 2.000000
0.021686 0.053615 0.738033 -0.546411 -0.824147 0.149054 2.000000
0.018799 0.059119 0.742472 0.913846 0.098471 -0.393940 2.000000
0.020319 0.049694 0.740288 0.253811 -0.831128 0.494780 2.000000
0.018999 0.056499 0.734268 0.883584 0.420689 0.205670 2.000000
0.018551 0.057134 0.734675 0.999304 -0.023870 -0.028656 2.000000
0.021061 0.054283 0.740072 -0.495958 -0.845930 0.196032 2.000000
0.020625 0.059475 0.731230 0.402238 0.528996 0.747240 2.000000
0.020471 0.053050 0.735826 -0.423178 0.472122 0.773319 2.000000
0.019584 0.056093 0.735929 0.208118 0.569516 0.795197 2.000000
0.019567 0.054252 0.743102 0.870631 -0.053178 -0.489053 2.000000
0.019407 0.056861 0.732937 0.026576 -0.710987 -0.702703 2.000000
0.018136 0.052028 0.741504 0.696732 -0.713900 0.070085 2.000000
0.022272 0.053852 0.739565 -0.147967 -0.861145 0.486348 2.000000
0.019540 0.049754 0.741831 0.806016 -0.584013 0.096271 2.000000
0.020915 0.057271 0.740030 0.492694 0.125266 -0.861140 2.000000
0.019923 0.055571 0.743466 0.841806 -0.055221 -0.536948 2.000000
0.022730 0.053274 0.736208 0.422650 0.900130 0.105510 2.000000
0.025211 0.051489 0.740975 0.213079 -0.966021 0.146290 2.000000
0.019127 0.057562 0.742413 0.845720 0.121063 -0.519713 2.000000
0.021400 0.053719 0.737361 -0.573560 -0.817002 -0.059469 2.000000
0.022475 0.050635 0.739004 0.313788 -0.941672 -0.121617 2.000000
0.021761 0.052419 0.744881 0.835764 -0.547133 0.046307 2.000000
0.018994 0.061330 0.733380 0.826721 0.109423 -0.551868 2.000000
0.019042 0.049867 0.737967 0.875624 -0.015955 0.482730 2.000000
0.020393 0.058165 0.739891 -0.129181 -0.220304 0.966839 2.000000
0.021086 0.050973 0.742930 0.629324 -0.740417 0.236082 2.000000
0.018653 0.061694 0.742126 0.813632 -0.313324 -0.489725 2.000000
0.018620 0.059012 0.741191 0.947624 -0.074844 0.310497 2.000000
0.021713 0.058184 0.732707 0.224312 -0.888365 -0.400615 2.000000
0.021916 0.053781 0.744013 0.815273 -0.569694 -0.103823 2.000000
0.018805 0.059155 0.733693 0.712652 -0.385997 -0.585777 2.000000
0.019581 0.053876 0.734630 -0.041331 0.401170 0.915071 2.000000
0.020006 0.061266 0.740544 -0.125169 -0.152984 0.980270 2.000000
0.019305 0.049879 0.742710 0.650735 -0.704220 0.283933 2.000000
0.020757 0.050833 0.736749 0.734515 -0.177278 -0.655026 2.000000
0.018804 0.049010 0.738047 0.791241 -0.306841 0.528948 2.000000
0.016972 0.048864 0.739723 0.665085 -0.241576 0.706614 2.000000
0.019988 0.054082 0.744710 0.943222 -0.161450 -0.290287 2.000000
0.018393 0.050545 0.738812 0.791790 -0.111394 0.600550 2.000000
0.021562 0.058531 0.740715 -0.529610 -0.213847 0.820843 2.000000
0.019662 0.061190 0.733388 -0.523034 -0.054494 0.850568 2.000000
0.020722 0.054643 0.739214 0.687268 0.665821 -0.290422 2.000000
0.018498 0.057988 0.733882 0.965256 -0.105927 -0.238871 2.000000
0.021574 0.053662 0.736853 -0.600709 -0.775210 -0.195444 2.000000
0.025215 0.056179 0.740806 -0.135793 -0.319027 0.937967 2.000000
0.019687 0.061318 0.731204 -0.734986 -0.143303 -0.662767 2.000000
0.018453 0.049511 0.743638 -0.623546 0.684198 -0.378237 2.000000
0.020823 0.060213 0.730716 0.491763 0.418695 0.763455 2.000000
0.019020 0.055662 0.742065 0.954555 0.029465 -0.296576 2.000000
0.020032 0.056599 0.734986 0.790819 0.465909 0.396907 2.000000
0.020780 0.062150 0.740533 0.330828 -0.061690 -0.941672 2.000000
0.019533 0.054706 0.737552 0.282428 -0.855695 -0.433613 2.000000
0.018385 0.052004 0.741944 0.691650 -0.721568 -0.030997 2.000000
0.020649 0.055170 0.739366 0.788841 0.307124 -0.532358 2.000000
0.026273 0.057962 0.742254 0.490765 0.542145 -0.682077 2.000000
0.023155 0.054503 0.740301 0.208418 -0.590642 0.779554 2.000000
0.018886 0.062382 0.741952 0.872670 -0.348815 -0.341723 2.000000
0.019532 0.058837 0.740181 0.327347 -0.206632 0.922034 2.000000
0.019307 0.053124 0.735034 0.086894 -0.438654 -0.894445 2.000000
0.023850 0.052103 0.737825 0.780973 0.206646 -0.589389 2.000000
0.021071 0.062242 0.741675 0.902667 -0.268155 -0.336579 2.000000
0.021532 0.051606 0.743050 0.795799 -0.544442 0.265115 2.000000
0.021704 0.053853 0.735585 0.797933 0.602166 -0.026452 2.000000
0.021065 0.051063 0.743248 0.701028 -0.669073 0.246780 2.000000
0.019128 0.062006 0.742649 0.826587 -0.203526 -0.524719 2.000000
0.018556 0.059452 0.733311 0.964958 -0.247789 -0.086356 2.000000
0.021452 0.051658 0.743364 0.808113 -0.545224 0.222900 2.000000
0.019686 0.050737 0.736123 0.314807 0.450726 0.835310 2.000000
0.021244 0.058469 0.740421 0.445898 0.203999 -0.871527 2.000000
0.025825 0.055840 0.740880 -0.272527 -0.313119 0.909772 2.000000
0.021529 0.049698 0.739227 0.663800 -0.735716 0.134508 2.000000
0.018930 0.060874 0.741087 0.756125 -0.123779 0.642614 2.000000
0.019982 0.053884 0.743778 0.775732 -0.055114 -0.628651 2.000000
0.020853 0.048957 0.737958 0.867547 -0.482895 -0.119057 2.000000
0.022456 0.050659 0.738544 0.409033 -0.863656 -0.294602 2.000000
0.017868 0.047890 0.742911 0.804112 -0.486159 0.342131 2.000000
0.020698 0.058660 0.731846 -0.202828 -0.709568 -0.674814 2.000000
0.018168 0.051825 0.740994 0.746769 -0.660345 0.079255 2.000000
0.019558 0.048860 0.739442 0.444015 -0.706871 0.550621 2.000000
0.020653 0.050197 0.740926 0.168972 -0.857912 0.485217 2.000000
0.018832 0.059284 0.732749 0.910359 -0.011774 0.413651 2.000000
0.019253 0.056265 0.739524 0.699074 -0.118912 0.705092 2.000000
0.021798 0.057566 0.733932 0.596656 -0.409711 -0.690028 2.000000
0.027379 0.052002 0.740161 0.033463 -0.711160 -0.702233 2.000000
0.024538 0.051352 0.739455 0.543352 -0.717344 -0.436103 2.000000
0.021285 0.062167 0.742511 0.796414 -0.402778 0.451104 2.000000
0.019962 0.055077 0.743543 0.846684 -0.059842 -0.528720 2.000000
0.018918 0.053794 0.741159 0.993360 -0.072384 -0.089421 2.000000
0.026463 0.055116 0.740808 -0.190730 -0.444986 0.874991 2.000000
0.018599 0.052929 0.739334 0.946613 -0.255283 0.196860 2.000000
0.020341 0.047859 0.737672 0.838183 -0.483486 -0.252369 2.000000
0.018958 0.054188 0.736759 0.987308 -0.086864 -0.132958 2.000000
0.019553 0.060724 0.731549 0.747678 0.142814 0.648522 2.000000
0.019017 0.057177 0.740022 0.849389 -0.074285 0.522514 2.000000
0.018941 0.054808 0.740802 0.999381 -0.004491 -0.034894 2.000000
0.018959 0.053400 0.741805 0.970161 -0.154390 -0.186953 2.000000
0.025786 0.057212 0.741297 -0.356639 -0.355293 0.864046 2.000000
0.021027 0.060074 0.740714 0.724083 0.499050 -0.476081 2.000000
0.016782 0.048930 0.739949 0.680409 -0.281214 0.676729 2.000000
0.019383 0.055693 0.742722 0.856026 -0.044137 -0.515045 2.000000
0.023459 0.053005 0.739038 -0.131385 -0.801883 0.582857 2.000000
0.019113 0.054289 0.736308 0.995548 -0.048957 -0.080545 2.000000
0.020711 0.058147 0.732406 0.007239 -0.770438 -0.637474 2.000000
0.016912 0.049887 0.740270 0.677782 -0.380527 0.629135 2.000000
0.019317 0.054439 0.737970 0.607888 -0.784237 -0.124277 2.000000
0.018642 0.060365 0.741205 0.879987 -0.139355 0.454095 2.000000
0.019422 0.059847 0.731773 0.739910 0.191869 0.644763 2.000000
0.022508 0.053295 0.742563 -0.563455 0.426882 -0.707311 2.000000
0.021186 0.051432 0.743798 0.753988 -0.617748 0.223360 2.000000
0.018030 0.048780 0.738892 0.806194 0.100225 0.583100 2.000000
0.018934 0.055434 0.735904 0.962808 -0.018765 -0.269534 2.000000
0.018736 0.059461 0.741041 0.901929 -0.041811 0.429856 2.000000
0.019123 0.055226 0.742538 0.899581 -0.009571 -0.436649 2.000000
0.019043 0.048159 0.737108 -0.619585 -0.066874 -0.782076 2.000000
0.020604 0.057728 0.739848 -0.253799 -0.170114 0.952180 2.000000
0.017753 0.050171 0.739457 0.733258 -0.236948 0.637329 2.000000
0.019078 0.056373 0.733105 -0.337854 -0.887592 -0.313106 2.000000
0.021184 0.062555 0.741972 0.813189 -0.342233 -0.470745 2.000000
0.028772 0.054926 0.741161 0.254180 0.451964 -0.855056 2.000000
0.018556 0.059040 0.733108 0.963792 -0.090970 0.250656 2.000000
0.018402 0.047722 0.742011 0.811719 -0.518914 0.268031 2.000000
0.019110 0.060435 0.732133 0.835483 0.116109 0.537109 2.000000
0.016414 0.049646 0.742617 -0.674427 0.161070 0.720558 2.000000
0.018971 0.052573 0.735357 0.822483 0.244271 0.513666 2.000000
0.019422 0.049518 0.741844 0.802391 -0.586605 0.109836 2.000000
0.022894 0.053451 0.745021 0.794397 -0.606938 0.023645 2.000000
0.021825 0.053969 0.735705 0.757274 0.653072 -0.005774 2.000000
0.028028 0.051445 0.740748 -0.110362 -0.926673 -0.359302 2.000000
0.017277 0.050027 0.739921 0.710534 -0.330153 0.621402 2.000000
0.021739 0.053770 0.738382 -0.549563 -0.815935 0.179529 2.000000
0.019882 0.047774 0.736832 -0.055212 -0.380774 -0.923018 2.000000
0.018771 0.053169 0.740361 0.971150 -0.218044 -0.096566 2.000000
0.018912 0.056960 0.740311 0.934063 0.009731 0.356976 2.000000
0.022419 0.050556 0.739859 0.349466 -0.932667 0.089472 2.000000
0.024123 0.051067 0.739271 0.554246 -0.753023 -0.354637 2.000000
0.021359 0.052004 0.745242 0.710292 -0.664207 0.233054 2.000000
0.023843 0.056493 0.741053 0.116702 -0.334721 0.935063 2.000000
0.020041 0.054563 0.743675 0.874826 -0.079954 -0.477794 2.000000
0.026487 0.052463 0.739646 -0.167708 0.382644 0.908547 2.000000
0.022682 0.050913 0.738080 0.306625 -0.830842 -0.464417 2.000000
0.017853 0.049320 0.739147 0.652637 -0.179361 0.736135 2.000000
0.020118 0.048537 0.738683 0.564930 -0.623936 0.539960 2.000000
0.020100 0.059105 0.734041 0.011009 0.293904 0.955771 2.000000
0.018391 0.062505 0.732856 0.987327 -0.068259 -0.143270 2.000000
0.020053 0.054127 0.734792 -0.222380 0.416386 0.881572 2.000000
0.026244 0.052739 0.739514 -0.252287 0.219910 0.942333 2.000000
0.019295 0.060837 0.740705 0.497534 -0.209057 0.841876 2.000000
0.021863 0.059030 0.731217 -0.189808 -0.699894 -0.688564 2.000000
0.026295 0.052169 0.739825 -0.260150 0.551118 0.792838 2.000000
0.018851 0.056673 0.740568 0.968447 0.088990 0.232792 2.000000
0.018576 0.052105 0.742395 0.734486 -0.675264 -0.067443 2.000000
0.018914 0.063010 0.741368 0.829964 -0.541107 0.135512 2.000000
0.019773 0.049987 0.736634 0.565488 0.271678 0.778726 2.000000
0.019077 0.054719 0.739341 0.896994 -0.284012 0.338732 2.000000
0.018793 0.057073 0.735460 0.629954 -0.438281 -0.641146 2.000000
0.021804 0.059368 0.730761 0.286963 0.649313 0.704304 2.000000
0.021472 0.054252 0.740602 -0.191495 -0.835972 0.514276 2.000000
0.019140 0.051712 0.737630 0.980464 0.007406 0.196557 2.000000
0.018793 0.052836 0.740783 0.961801 -0.258864 -0.089039 2.000000
0.018607 0.059573 0.741337 0.963143 0.002028 0.268984 2.000000
0.019157 0.057432 0.735052 0.326294 -0.576975 -0.748753 2.000000
0.021642 0.052386 0.743165 0.907503 -0.221330 0.357003 2.000000
0.019280 0.054471 0.737642 0.868684 -0.434724 -0.237494 2.000000
0.019686 0.050303 0.742579 0.590841 -0.800885 0.097411 2.000000
0.019175 0.053259 0.737338 0.997296 -0.023132 -0.069757 2.000000
0.018702 0.058090 0.740552 0.901043 -0.034485 0.432357 2.000000
0.019401 0.061503 0.731486 0.776858 0.116745 0.618759 2.000000
0.021338 0.062686 0.742193 0.825948 -0.335871 -0.452770 2.000000
0.019084 0.061976 0.731880 0.846955 0.145882 0.511259 2.000000
0.022012 0.052134 0.742548 0.724563 -0.389241 0.568770 2.000000
0.021133 0.051595 0.744059 0.748310 -0.631596 0.202779 2.000000
0.025368 0.057473 0.741251 -0.206377 -0.376018 0.903337 2.000000
0.018696 0.061360 0.742358 0.826185 -0.189256 -0.530660 2.000000
0.025537 0.058898 0.742509 0.409289 0.509750 -0.756728 2.000000
0.016316 0.050849 0.741902 0.550791 -0.740902 0.384309 2.000000
0.021645 0.058268 0.732239 0.096649 -0.867645 -0.487700 2.000000
0.026359 0.054257 0.740049 -0.135414 -0.527468 0.838714 2.000000
0.019411 0.056756 0.742626 0.855384 0.035043 -0.516808 2.000000
0.017800 0.048319 0.743200 0.606053 -0.597536 0.525023 2.000000
0.018563 0.052220 0.740620 0.851042 -0.524936 -0.013015 2.000000
0.026297 0.054562 0.740380 -0.119281 -0.522621 0.844180 2.000000
0.022976 0.053749 0.739530 -0.105334 -0.719017 0.686964 2.000000
0.020364 0.051817 0.736019 -0.555902 0.222908 0.800803 2.000000
0.019035 0.058856 0.732640 0.778419 0.090025 0.621257 2.000000
0.014994 0.050093 0.741572 0.462369 -0.530704 0.710330 2.000000
0.018824 0.061319 0.741125 0.767268 -0.018340 0.641064 2.000000
0.020781 0.055637 0.740246 0.935425 -0.047454 -0.350327 2.000000
0.018818 0.048858 0.740292 0.739670 -0.629919 0.236836 2.000000
0.021054 0.059838 0.740509 -0.622707 -0.350545 0.699538 2.000000
0.019150 0.059097 0.740453 0.616519 -0.146828 0.773528 2.000000
0.022111 0.050490 0.740159 0.403114 -0.896369 0.184448 2.000000
0.019108 0.055542 0.736622 0.669943 -0.480202 -0.566200 2.000000
0.025521 0.051779 0.741659 -0.053219 0.973625 -0.221861 2.000000
0.023118 0.051838 0.741680 0.292947 -0.615923 0.731314 2.000000
0.020210 0.052704 0.735728 -0.418284 0.363426 0.832442 2.000000
0.018899 0.059684 0.732640 0.919673 -0.003953 0.392664 2.000000
0.019545 0.058305 0.732479 0.332523 0.347758 0.876637 2.000000
0.018312 0.049090 0.738718 0.701565 -0.208229 0.681504 2.000000
0.019098 0.050863 0.737717 0.920391 0.061067 0.386201 2.000000
0.018657 0.056996 0.735316 0.771880 -0.202952 -0.602504 2.000000
0.019465 0.054485 0.734384 -0.185882 -0.281347 -0.941431 2.000000
0.019728 0.060895 0.731247 0.705532 0.152052 0.692174 2.000000
0.018918 0.055514 0.740901 0.998367 0.055020 0.015393 2.000000
0.028869 0.051570 0.740369 -0.031980 -0.885451 -0.463631 2.000000
0.019008 0.049190 0.741497 0.789879 -0.602087 0.116548 2.000000
0.020487 0.057268 0.739692 -0.216132 -0.206271 0.954327 2.000000
0.019436 0.049903 0.736986 0.752952 0.126583 0.645786 2.000000
0.024313 0.054568 0.740074 0.004599 -0.536366 0.843973 2.000000
0.020101 0.058319 0.732362 0.188100 0.615902 0.765038 2.000000
0.023492 0.052893 0.736317 -0.351028 -0.774007 -0.526966 2.000000
0.019319 0.051280 0.735860 -0.458071 -0.515420 -0.724233 2.000000
0.018422 0.049361 0.743083 0.667717 -0.603342 0.436042 2.000000
0.020642 0.060696 0.741127 0.856856 0.415395 -0.305360 2.000000
0.020002 0.055684 0.739185 -0.068598 -0.412524 0.908360 2.000000
0.018915 0.052114 0.736168 0.963154 0.182213 0.197821 2.000000
0.020689 0.063142 0.740652 0.416087 0.318102 -0.851870 2.000000
0.019023 0.059313 0.732404 0.794569 0.153109 0.587553 2.000000
0.025207 0.054111 0.739949 -0.088619 -0.577303 0.811707 2.000000
0.020383 0.050987 0.744699 -0.489506 0.837035 -0.244453 2.000000
0.020995 0.057154 0.733749 -0.494372 0.404441 0.769431 2.000000
0.018685 0.049634 0.738464 0.754698 -0.106032 0.647448 2.000000
0.018361 0.049403 0.738726 0.709227 -0.158863 0.686848 2.000000
0.020754 0.055893 0.734482 0.663232 -0.573819 -0.480473 2.000000
0.020455 0.058653 0.734239 0.300226 0.241034 0.922912 2.000000
0.022725 0.050685 0.740257 0.220193 -0.942371 0.251897 2.000000
0.024914 0.052087 0.742181 -0.006834 0.817002 -0.576595 2.000000
0.019082 0.054463 0.739174 0.912658 -0.286404 0.291597 2.000000
0.027823 0.051431 0.741504 -0.055473 -0.984052 -0.169007 2.000000
0.019033 0.055195 0.735937 0.977650 -0.072585 -0.197313 2.000000
0.020635 0.051594 0.736547 -0.656978 0.218124 0.721666 2.000000
0.021529 0.049729 0.738935 0.749254 -0.659576 0.059819 2.000000
0.024806 0.051789 0.739265 0.670309 -0.400742 -0.624574 2.000000
0.019518 0.048001 0.736829 -0.326429 -0.271416 -0.905416 2.000000
0.019694 0.062265 0.743471 0.099846 -0.339548 -0.935274 2.000000
0.021635 0.060400 0.730063 0.459643 0.490021 0.740681 2.000000
0.019226 0.050467 0.737525 0.908926 0.091922 0.406698 2.000000
0.021012 0.051570 0.744974 0.681341 -0.708138 0.185246 2.000000
0.018637 0.052400 0.739148 0.938275 -0.194879 0.285765 2.000000
0.019974 0.062006 0.740652 0.251396 -0.115917 0.960918 2.000000
0.020625 0.063343 0.740699 0.320156 0.807151 -0.495991 2.000000
0.022340 0.053379 0.736407 -0.499625 -0.858346 -0.116693 2.000000
0.021157 0.058608 0.744847 0.835344 -0.077296 -0.544267 2.000000
0.020717 0.051323 0.745393 0.551289 -0.783793 0.285919 2.000000
0.017849 0.051097 0.740074 0.795064 -0.505457 0.335241 2.000000
0.020274 0.049408 0.739739 0.326492 -0.798164 0.506297 2.000000
0.019014 0.060386 0.740677 0.628566 -0.180225 0.756587 2.000000
0.018640 0.049191 0.738430 0.739854 -0.228370 0.632822 2.000000
0.019086 0.049320 0.737871 0.840452 -0.205850 0.501265 2.000000
0.016922 0.051139 0.742008 0.466957 -0.862689 0.194215 2.000000
0.025471 0.054373 0.740160 -0.093184 -0.543372 0.834304 2.000000
0.025373 0.058974 0.742257 0.430931 0.521560 -0.736392 2.000000
0.023262 0.053935 0.739773 0.065533 -0.682703 0.727752 2.000000
0.018507 0.051486 0.738751 0.879809 -0.203333 0.429640 2.000000
0.021127 0.053961 0.737132 -0.602490 -0.769505 -0.211821 2.000000
0.020342 0.049148 0.736740 -0.299891 0.286904 0.909809 2.000000
0.020534 0.053111 0.735907 -0.634938 0.315870 0.705039 2.000000
0.027829 0.051762 0.740350 0.005976 -0.808348 -0.588675 2.000000
0.021043 0.055786 0.746282 0.629926 -0.230029 -0.741808 2.000000
0.020872 0.056355 0.734000 0.427922 -0.640377 -0.637809 2.000000
0.019496 0.057373 0.739793 0.448405 -0.303628 0.840680 2.000000
0.019607 0.049986 0.742264 0.752162 -0.649440 0.111717 2.000000
0.021863 0.052643 0.744543 0.885373 -0.447458 -0.126084 2.000000
0.020724 0.054295 0.738325 -0.473699 -0.859089 0.193841 2.000000
0.018145 0.050483 0.739155 0.768524 -0.212019 0.603672 2.000000
0.020549 0.056236 0.734724 -0.646930 0.762490 -0.009476 2.000000
0.018285 0.050999 0.739006 0.846466 -0.198908 0.493894 2.000000
0.021407 0.050772 0.737622 -0.532040 0.476334 0.700028 2.000000
0.024208 0.052321 0.738431 0.750177 0.338757 -0.567872 2.000000
0.021208 0.054202 0.739821 -0.497628 -0.848772 0.178753 2.000000
0.019348 0.054608 0.738605 0.717812 -0.615995 0.324494 2.000000
0.025514 0.051758 0.741464 -0.083640 0.975959 -0.201265 2.000000
0.019292 0.061397 0.740795 0.430302 -0.122250 0.894369 2.000000
0.018600 0.056870 0.732653 0.851374 0.352357 0.388596 2.000000
0.018647 0.060269 0.742534 0.828403 0.065410 -0.556300 2.000000
0.021553 0.050029 0.738312 0.756564 -0.556571 -0.343279 2.000000
0.019117 0.051815 0.737235 0.996483 0.068157 0.048738 2.000000
0.019348 0.048236 0.739069 -0.110575 -0.984220 0.138149 2.000000
0.019000 0.054584 0.741112 0.997940 -0.024266 -0.059386 2.000000
0.023391 0.053310 0.739296 -0.093667 -0.723080 0.684384 2.000000
0.018834 0.058037 0.742216 0.895784 0.141429 -0.421388 2.000000
0.018949 0.049131 0.737980 0.810320 -0.295597 0.505968 2.000000
0.019034 0.055417 0.742239 0.950551 0.012096 -0.310331 2.000000
0.018828 0.059796 0.732823 0.984120 -0.124765 0.126258 2.000000
0.018862 0.057132 0.741980 0.935488 0.161430 -0.314329 2.000000
0.019056 0.054057 0.738900 0.946925 -0.242167 0.211396 2.000000
0.021557 0.054411 0.735376 0.822991 0.537243 -0.184542 2.000000
0.018971 0.053576 0.736453 0.996572 -0.031682 -0.076420 2.000000
0.019251 0.054895 0.737232 0.681284 -0.491640 -0.542349 2.000000
0.017045 0.051053 0.741513 0.504415 -0.797053 0.332072 2.000000
0.020860 0.052767 0.736276 -0.506418 0.329564 0.796824 2.000000
0.021801 0.053272 0.744095 0.902171 -0.365029 -0.229871 2.000000
0.018564 0.059841 0.741535 0.975121 -0.011672 0.221365 2.000000
0.022641 0.055891 0.741122 0.146450 -0.210477 0.966567 2.000000
0.019349 0.061045 0.731722 0.792941 0.143379 0.592188 2.000000
0.018335 0.049900 0.738793 0.727189 -0.098521 0.679330 2.000000
0.019445 0.056070 0.742687 0.861382 -0.024026 -0.507390 2.000000
0.023961 0.051763 0.737925 0.751902 -0.217657 -0.622309 2.000000
0.015251 0.049846 0.741536 0.475141 -0.544683 0.691058 2.000000
0.022240 0.053135 0.737864 -0.571078 -0.816655 0.083336 2.000000
0.019326 0.057847 0.739996 0.491041 -0.232815 0.839450 2.000000
0.020910 0.050138 0.740700 0.248974 -0.848588 0.466808 2.000000
0.023509 0.052718 0.736522 -0.271477 -0.753442 -0.598854 2.000000
0.020725 0.054300 0.737172 -0.615113 -0.757079 -0.220152 2.000000
0.021218 0.051336 0.743381 0.731467 -0.637730 0.241366 2.000000
0.020549 0.051057 0.736375 -0.638717 0.202500 0.742317 2.000000
0.019751 0.050453 0.742740 0.528688 -0.842135 0.106286 2.000000
0.028088 0.054542 0.740762 0.253635 0.432311 -0.865319 2.000000
0.018811 0.056587 0.740789 0.977388 0.125047 0.170515 2.000000
0.020373 0.060316 0.730923 0.550327 0.348754 0.758624 2.000000
0.018918 0.054389 0.740629 0.997927 -0.055053 -0.033328 2.000000
0.028764 0.051450 0.741308 -0.001760 -0.951531 -0.307546 2.000000
0.021447 0.059660 0.730665 0.416338 0.529059 0.739431 2.000000
0.022802 0.052940 0.738588 -0.400285 -0.836992 0.373117 2.000000
0.019394 0.057897 0.734618 -0.333486 0.556062 0.761303 2.000000
0.020517 0.061978 0.733421 0.332430 0.050226 -0.941790 2.000000
0.018767 0.048693 0.740911 0.813185 -0.578647 0.062430 2.000000
0.016839 0.050232 0.740593 0.664082 -0.472953 0.579060 2.000000
0.023446 0.051882 0.737232 0.691407 -0.288532 -0.662348 2.000000
0.019060 0.056725 0.739603 0.819243 -0.092372 0.565959 2.000000
0.025770 0.059140 0.742828 -0.399654 -0.499112 0.768872 2.000000
0.023493 0.052043 0.741693 0.153029 -0.658526 0.736835 2.000000
0.018398 0.048224 0.742361 0.797376 -0.490428 0.351670 2.000000
0.018499 0.052086 0.739295 0.919964 -0.263697 0.290053 2.000000
0.024396 0.052526 0.738818 -0.605049 -0.380365 0.699456 2.000000
0.023113 0.053459 0.743487 0.028107 0.981922 -0.187185 2.000000
0.019023 0.054445 0.741685 0.988013 -0.040269 -0.149029 2.000000
0.016392 0.049651 0.740677 0.687782 -0.370287 0.624375 2.000000
0.023172 0.051958 0.736996 -0.507796 0.582494 0.634700 2.000000
0.018933 0.053228 0.741620 0.972207 -0.192398 -0.133400 2.000000
0.025652 0.054553 0.740321 -0.102915 -0.519591 0.848194 2.000000
0.018949 0.060606 0.732424 0.928857 0.093775 0.358372 2.000000
0.023671 0.051717 0.737606 -0.679543 0.257423 0.686990 2.000000
0.018514 0.057685 0.733980 0.976944 -0.018930 -0.212654 2.000000
0.018366 0.062627 0.732746 0.995401 -0.084538 0.045051 2.000000
0.024035 0.051186 0.740804 -0.212515 0.863316 -0.457736 2.000000
0.016402 0.050236 0.740997 0.653756 -0.464471 0.597386 2.000000
0.020742 0.055397 0.739764 0.914216 0.218678 -0.341158 2.000000
0.018903 0.053191 0.738745 0.954131 -0.194144 0.227910 2.000000
0.018844 0.055877 0.735182 0.972831 0.229707 -0.028895 2.000000
0.020696 0.050634 0.742387 0.397845 -0.910072 0.116137 2.000000
0.019933 0.050137 0.741019 0.455889 -0.811032 0.366596 2.000000
0.017411 0.049323 0.739521 0.666886 -0.224946 0.710396 2.000000
0.018976 0.055706 0.740161 0.981084 -0.018431 0.192704 2.000000
0.026050 0.055394 0.740819 0.228632 0.381572 -0.895617 2.000000
0.019592 0.058679 0.734191 -0.143169 0.475202 0.868151 2.000000
0.020831 0.055669 0.746052 0.844378 -0.178897 -0.504996 2.000000
0.018981 0.061658 0.742445 0.768003 -0.221969 -0.600750 2.000000
0.017574 0.051430 0.742098 0.578491 -0.814477 0.044451 2.000000
0.021642 0.054032 0.739647 -0.297977 -0.918111 0.261309 2.000000
0.021568 0.056720 0.734333 0.489886 -0.510597 -0.706613 2.000000
0.019826 0.054135 0.734626 -0.093844 0.406555 0.908794 2.000000
0.018669 0.057914 0.741902 0.968312 0.122564 -0.217599 2.000000
0.021393 0.052115 0.744939 0.756091 -0.635492 0.156450 2.000000
0.020657 0.060579 0.741742 0.932527 0.284924 -0.221838 2.000000
0.023230 0.054920 0.740507 0.240777 -0.480601 0.843237 2.000000
0.018494 0.061566 0.741906 0.952415 -0.228533 -0.201689 2.000000
0.018959 0.059243 0.742652 0.809724 0.077182 -0.581713 2.000000
0.018562 0.048200 0.737937 0.910475 0.009274 0.413460 2.000000
0.024536 0.055744 0.740621 -0.015525 -0.371798 0.928184 2.000000
0.018465 0.052089 0.742890 0.750170 -0.654314 -0.095487 2.000000
0.018442 0.060829 0.741757 0.985360 0.011860 0.170073 2.000000
0.020457 0.050345 0.736197 0.438378 -0.336476 -0.833432 2.000000
0.020829 0.055038 0.735268 0.765872 0.605394 -0.216653 2.000000
0.023084 0.052137 0.736798 0.376012 -0.692472 -0.615709 2.000000
0.023206 0.051389 0.737706 -0.431416 0.620799 0.654591 2.000000
0.024120 0.051611 0.738292 0.758983 -0.384211 -0.525669 2.000000
0.018954 0.049541 0.742640 0.659044 -0.672334 0.337088 2.000000
0.018087 0.051552 0.740174 0.849511 -0.497783 0.174764 2.000000
0.018728 0.059556 0.733068 0.983564 -0.179954 0.014814 2.000000
0.019152 0.054009 0.738114 0.931196 -0.357221 0.072575 2.000000
0.021071 0.050413 0.741092 0.216293 -0.870124 0.442833 2.000000
0.018959 0.055706 0.735109 0.980347 0.188481 -0.058263 2.000000
0.019260 0.061688 0.742850 0.786688 -0.156970 -0.597062 2.000000
0.018132 0.051939 0.741316 0.704091 -0.704749 0.087094 2.000000
0.020810 0.050514 0.741828 0.247183 -0.950556 0.188000 2.000000
0.020011 0.062766 0.740740 0.268555 -0.146575 0.952047 2.000000
0.021772 0.053771 0.739143 -0.428139 -0.871730 0.238291 2.000000
0.019657 0.058295 0.739974 0.253140 -0.195728 0.947423 2.000000
0.019328 0.055367 0.739252 0.627975 -0.376867 0.680896 2.000000
0.019744 0.060537 0.740435 0.213298 -0.204688 0.955305 2.000000
0.019488 0.062987 0.741016 -0.527561 0.350878 -0.773669 2.000000
0.019226 0.061375 0.742705 0.719689 -0.129551 -0.682103 2.000000
0.019015 0.055115 0.741199 0.996755 0.040828 -0.069377 2.000000
0.018970 0.060184 0.732447 0.950424 0.026799 0.309799 2.000000
0.018599 0.059914 0.741207 0.936374 -0.057580 0.346250 2.000000
0.024923 0.051151 0.740304 0.381969 -0.921314 -0.072670 2.000000
0.018750 0.052197 0.740875 0.859122 -0.510503 -0.036001 2.000000
0.020890 0.061358 0.742374 0.894637 -0.323172 0.308519 2.000000
0.018722 0.060970 0.733212 0.984086 0.067869 -0.164223 2.000000
0.019283 0.063123 0.742416 0.890194 -0.294539 -0.347565 2.000000
0.021537 0.053619 0.737172 -0.563175 -0.814626 -0.138631 2.000000
0.018746 0.059804 0.740935 0.850765 -0.074534 0.520234 2.000000
0.019012 0.055319 0.735556 0.994867 -0.027623 -0.097349 2.000000
0.021288 0.059977 0.741596 0.682882 0.605305 -0.408996 2.000000
0.019315 0.058498 0.742835 0.791382 0.135690 -0.596072 2.000000
0.019806 0.054711 0.738590 0.108466 -0.821428 0.559903 2.000000
0.025310 0.051374 0.739983 0.425315 -0.820867 -0.381163 2.000000
0.019423 0.061784 0.740835 0.406922 -0.135189 0.903404 2.000000
0.019450 0.053247 0.743002 0.877853 -0.294461 -0.377713 2.000000
0.019183 0.056666 0.739567 0.755468 -0.082231 0.650005 2.000000
0.025995 0.051894 0.740056 0.317087 -0.833683 -0.452139 2.000000
0.018889 0.053803 0.740240 0.993256 -0.115944 0.000133 2.000000
0.024727 0.051271 0.740734 0.236451 -0.945323 0.224621 2.000000
0.018758 0.060147 0.732848 0.982680 -0.010123 0.185032 2.000000
0.019159 0.054438 0.734727 0.815445 0.048078 0.576835 2.000000
0.018944 0.052541 0.736449 0.999855 0.012230 0.011834 2.000000
0.020998 0.054881 0.735436 0.739573 0.660491 -0.129548 2.000000
0.020772 0.049022 0.738675 0.629622 -0.724009 0.281757 2.000000
0.018936 0.054561 0.739802 0.985413 -0.093946 0.141896 2.000000
0.019523 0.048563 0.736894 0.301776 0.012929 0.953291 2.000000
0.020229 0.048309 0.736907 -0.249459 0.187994 0.949962 2.000000
0.018850 0.059963 0.740740 0.758222 -0.126949 0.639518 2.000000
0.019318 0.062011 0.733503 -0.648949 -0.087879 0.755740 2.000000
0.018550 0.048130 0.737767 0.856129 -0.088839 0.509069 2.000000
0.021080 0.060436 0.741961 0.715515 0.508699 -0.478815 2.000000
0.021728 0.052793 0.746016 -0.508857 0.611740 -0.605672 2.000000
0.021071 0.049968 0.740348 0.339104 -0.825716 0.450779 2.000000
0.022496 0.062417 0.742579 0.491277 -0.467934 -0.734632 2.000000
0.019695 0.059409 0.733840 -0.297246 0.447057 0.843674 2.000000
0.018122 0.051499 0.739895 0.856557 -0.444855 0.261559 2.000000
0.020150 0.049642 0.736570 0.120797 0.397337 0.909688 2.000000
0.019160 0.056438 0.735804 0.277505 -0.416133 -0.865924 2.000000
0.018544 0.052287 0.740110 0.910058 -0.412475 -0.040721 2.000000
0.020986 0.056043 0.734356 0.522642 -0.586614 -0.618651 2.000000
0.018834 0.050872 0.738236 0.854370 0.001528 0.519662 2.000000
0.019181 0.058527 0.734174 -0.475324 0.525616 0.705546 2.000000
0.023314 0.052965 0.738462 -0.211199 -0.853497 0.476380 2.000000
0.021708 0.050410 0.738085 0.627241 -0.640165 -0.443573 2.000000
0.019335 0.055479 0.736797 0.297879 -0.676020 -0.673992 2.000000
0.018621 0.058348 0.733941 0.904175 -0.266292 -0.333999 2.000000
0.019693 0.060115 0.740355 0.291887 -0.177134 0.939907 2.000000
0.020348 0.062069 0.740539 -0.136613 0.076807 0.987642 2.000000
0.018930 0.055601 0.741096 0.997728 0.064154 -0.020560 2.000000
0.025437 0.055667 0.740692 -0.200125 -0.313435 0.928283 2.000000
0.018580 0.057013 0.733029 0.908185 0.363185 0.208078 2.000000
0.021262 0.059608 0.733704 -0.522066 -0.055368 -0.851106 2.000000
0.019328 0.057937 0.732550 0.158675 0.264183 0.951331 2.000000
0.020033 0.057808 0.739791 0.024764 -0.215783 0.976127 2.000000
0.022184 0.050747 0.738092 0.472227 -0.770779 -0.427670 2.000000
0.018423 0.048665 0.738316 0.725634 -0.341457 0.597379 2.000000
0.019308 0.060114 0.740483 0.532804 -0.188082 0.825073 2.000000
0.018618 0.057245 0.741085 0.983689 0.153396 0.093944 2.000000
0.021347 0.057574 0.745353 0.878932 -0.205844 -0.430241 2.000000
0.017574 0.050949 0.740276 0.723057 -0.581672 0.372620 2.000000
0.021749 0.056385 0.741161 -0.297203 0.237896 0.924703 2.000000
0.018984 0.050316 0.738009 0.848032 0.036489 0.528687 2.000000
0.020991 0.054818 0.741124 -0.428699 -0.613900 0.662831 2.000000
0.020001 0.060432 0.731131 0.629733 0.237878 0.739493 2.000000
0.019210 0.060330 0.733316 0.814213 -0.030660 -0.579756 2.000000
0.020104 0.054511 0.737761 -0.202796 -0.952240 -0.228284 2.000000
0.019564 0.063306 0.741051 -0.466454 0.479712 -0.743166 2.000000
0.026478 0.053967 0.739845 -0.187846 -0.471627 0.861558 2.000000
0.025651 0.051652 0.741201 0.166661 -0.984516 0.054330 2.000000
0.021683 0.054180 0.735497 0.786677 0.617302 0.008836 2.000000
0.020586 0.060542 0.740395 -0.544045 -0.328678 0.772001 2.000000
0.019254 0.053825 0.734654 -0.396376 -0.388420 -0.831875 2.000000
0.021999 0.053645 0.739228 -0.392587 -0.851969 0.346445 2.000000
0.017910 0.051571 0.741130 0.690824 -0.700774 0.177983 2.000000
0.018544 0.061133 0.732985 0.981298 0.188864 0.037221 2.000000
0.019698 0.050255 0.741506 0.747375 -0.649170 0.141454 2.000000
0.023048 0.052987 0.738443 -0.305179 -0.874108 0.377890 2.000000
0.018497 0.057896 0.733403 0.999875 0.009215 0.012829 2.000000
0.021721 0.051804 0.742755 0.804331 -0.463184 0.372172 2.000000
0.022891 0.052761 0.737300 -0.644444 -0.757756 -0.102462 2.000000
0.018961 0.056433 0.740271 0.963571 0.031748 0.265562 2.000000
0.018676 0.059906 0.742343 0.956399 0.096356 -0.275711 2.000000
0.018636 0.058252 0.741937 0.951929 0.102684 -0.288596 2.000000
0.020339 0.050861 0.736076 0.465174 -0.244537 -0.850773 2.000000
0.020557 0.054673 0.736736 -0.609188 -0.695478 -0.381053 2.000000
0.024714 0.051893 0.738990 0.700526 -0.143922 -0.698964 2.000000
0.019380 0.055713 0.736514 0.143452 -0.713571 -0.685740 2.000000
0.019346 0.049521 0.737297 0.840162 -0.063984 0.538548 2.000000
0.022247 0.053182 0.738118 -0.569899 -0.808154 0.148672 2.000000
0.018516 0.052458 0.739892 0.940618 -0.339439 0.004341 2.000000
0.020630 0.057842 0.733302 -0.589260 0.740005 0.324291 2.000000
0.024874 0.054224 0.740074 -0.078309 -0.560654 0.824339 2.000000
0.023145 0.059237 0.741602 0.296518 0.340018 -0.892449 2.000000
0.027666 0.051571 0.741777 -0.052809 -0.992155 -0.113314 2.000000
0.019082 0.055178 0.735083 0.903087 0.254563 0.345878 2.000000
0.020425 0.058605 0.743928 0.763704 0.031056 -0.644819 2.000000
0.019130 0.061092 0.740848 0.544968 -0.122983 0.829388 2.000000
0.020234 0.047375 0.737069 0.157043 -0.590892 -0.791318 2.000000
0.017901 0.051511 0.742555 0.644109 -0.733193 -0.218065 2.000000
0.020526 0.059081 0.731590 0.350992 0.580213 0.734954 2.000000
0.020437 0.054932 0.745314 0.943306 -0.159083 -0.291317 2.000000
0.020818 0.056304 0.739705 -0.573293 -0.025669 0.818948 2.000000
0.020986 0.051685 0.744712 0.683064 -0.709659 0.172650 2.000000
0.019248 0.048642 0.739414 0.262871 -0.913273 0.311178 2.000000
0.020442 0.054291 0.737916 -0.401013 -0.916005 -0.011066 2.000000
0.022594 0.054037 0.746489 -0.368732 0.256506 -0.893444 2.000000
0.020169 0.050493 0.736069 0.041699 -0.415178 -0.908784 2.000000
0.019790 0.050674 0.744186 -0.406692 0.852388 -0.328687 2.000000
0.020627 0.049735 0.736814 -0.606095 0.358705 0.709915 2.000000
0.026092 0.057612 0.741698 -0.450928 -0.474062 0.756260 2.000000
0.018954 0.053840 0.739534 0.971318 -0.206594 0.117732 2.000000
0.019755 0.049994 0.740820 0.597102 -0.732113 0.327840 2.000000
0.025420 0.057824 0.741418 -0.305473 -0.479283 0.822784 2.000000
0.019160 0.058203 0.734440 -0.367673 0.482404 0.795049 2.000000
0.020569 0.056195 0.739426 -0.399990 -0.218774 0.890026 2.000000
0.018696 0.048624 0.737907 0.780410 -0.336258 0.527153 2.000000
0.020829 0.060263 0.741807 0.806144 0.519523 -0.283245 2.000000
0.019486 0.049969 0.740877 0.676483 -0.686762 0.265950 2.000000
0.018360 0.051287 0.738993 0.863143 -0.214366 0.457199 2.000000
0.018596 0.056703 0.735078 0.975091 0.006082 -0.221724 2.000000
0.026482 0.051604 0.741249 0.004672 -0.987432 -0.157978 2.000000
0.020127 0.052101 0.735816 -0.429947 0.271109 0.861188 2.000000
0.025904 0.052272 0.739597 -0.375481 0.459034 0.805172 2.000000
0.021941 0.052629 0.744854 0.845187 -0.533247 -0.036143 2.000000
0.021491 0.051708 0.743773 0.809150 -0.554177 0.195358 2.000000
0.022736 0.051311 0.741533 0.320348 -0.690493 0.648534 2.000000
0.020080 0.050205 0.736350 0.065687 0.422528 0.903966 2.000000
0.018374 0.060495 0.741930 0.996486 0.083746 -0.001365 2.000000
0.018675 0.059645 0.733442 0.855909 -0.325901 -0.401507 2.000000
0.018920 0.054834 0.740432 0.999981 -0.004620 0.004157 2.000000
0.019495 0.056558 0.735514 -0.098979 -0.514472 -0.851775 2.000000
0.018632 0.062016 0.732480 0.963058 0.136151 0.232342 2.000000
0.016476 0.050466 0.741097 0.631896 -0.539234 0.556717 2.000000
0.021449 0.058368 0.734086 -0.605131 -0.458301 -0.650982 2.000000
0.018697 0.062343 0.741441 0.935729 -0.341159 0.089569 2.000000
0.019562 0.049595 0.740402 0.512211 -0.752397 0.414173 2.000000
0.016720 0.050683 0.742589 -0.592969 0.801468 0.077693 2.000000
0.018929 0.056124 0.740489 0.985113 0.042444 0.166586 2.000000
0.019745 0.055249 0.736932 -0.063006 -0.731695 -0.678714 2.000000
0.022345 0.050534 0.739276 0.493706 -0.868567 -0.042962 2.000000
0.023205 0.053186 0.739231 -0.159911 -0.758505 0.631743 2.000000
0.024036 0.052805 0.738863 -0.305455 -0.710318 0.634150 2.000000
0.020680 0.053087 0.735927 -0.528006 0.351315 0.773167 2.000000
0.023969 0.055917 0.740759 0.134111 -0.378406 0.915873 2.000000
0.022206 0.059808 0.741690 0.438480 0.597493 -0.671369 2.000000
0.020789 0.058008 0.734368 -0.379321 -0.348987 -0.856927 2.000000
0.021190 0.054573 0.735925 -0.679646 -0.690398 -0.247855 2.000000
0.019351 0.055344 0.734521 -0.561071 -0.116479 -0.819531 2.000000
0.018993 0.052356 0.738037 0.968651 -0.088686 0.232056 2.000000
0.018820 0.055991 0.735090 0.976577 0.210174 0.046094 2.000000
0.024530 0.052822 0.739062 -0.402927 -0.396447 0.824912 2.000000
0.024084 0.052143 0.741927 -0.069739 0.699652 -0.711072 2.000000
0.023337 0.055265 0.740632 0.240717 -0.427745 0.871257 2.000000
0.020349 0.055511 0.734380 -0.566062 0.463032 0.682038 2.000000
0.022372 0.053643 0.746240 0.437145 -0.614523 0.656709 2.000000
0.021862 0.054049 0.739905 -0.146885 -0.908787 0.390553 2.000000
0.017778 0.051312 0.740942 0.695664 -0.678448 0.236135 2.000000
0.018898 0.053612 0.741387 0.991100 -0.077619 -0.108145 2.000000
0.018991 0.054012 0.741674 0.985407 -0.067069 -0.156442 2.000000
0.016412 0.049387 0.740489 0.697039 -0.345338 0.628394 2.000000
0.021208 0.056710 0.740618 -0.641917 0.066018 0.763927 2.000000
0.018808 0.062651 0.741261 0.828532 -0.420725 0.369494 2.000000
0.019903 0.054059 0.743553 0.882865 -0.142894 -0.447360 2.000000
0.016721 0.050688 0.741169 0.565035 -0.663332 0.490638 2.000000
0.018804 0.062749 0.733386 0.928266 0.018726 -0.371445 2.000000
0.027281 0.052673 0.739757 -0.145549 0.205777 0.967714 2.000000
0.023485 0.052722 0.736360 -0.252283 -0.781192 -0.571046 2.000000
0.015331 0.050097 0.741692 0.478839 -0.516040 0.710223 2.000000
0.018969 0.054516 0.741385 0.993768 -0.049240 -0.100001 2.000000
0.018859 0.060720 0.741171 0.827128 -0.129766 0.546828 2.000000
0.022581 0.053876 0.742814 0.650415 -0.416944 0.634916 2.000000
0.022116 0.050414 0.739521 0.571724 -0.820443 0.002314 2.000000
0.018763 0.053244 0.739853 0.967977 -0.250279 -0.019494 2.000000
0.020404 0.050527 0.742873 0.442264 -0.883750 0.152934 2.000000
0.018448 0.048666 0.742396 0.792562 -0.455382 0.405553 2.000000
0.025184 0.059888 0.742533 -0.403994 -0.385572 0.829532 2.000000
0.025146 0.054515 0.740253 -0.101060 -0.514114 0.851747 2.000000
0.018777 0.058833 0.740857 0.891397 -0.142917 0.430101 2.000000
0.020967 0.054455 0.735045 0.638222 0.284958 -0.715173 2.000000
0.022299 0.050579 0.740452 0.269233 -0.915121 0.300111 2.000000
0.019295 0.058616 0.732506 0.574865 0.130178 0.807826 2.000000
0.018863 0.056837 0.733885 0.884870 0.451804 0.113480 2.000000
0.018991 0.054436 0.736904 0.966526 -0.191410 -0.170852 2.000000
0.018946 0.052082 0.738140 0.942763 -0.120547 0.310912 2.000000
0.019792 0.050451 0.741292 0.588655 -0.777890 0.219937 2.000000
0.021793 0.053461 0.743073 0.755272 -0.387630 0.528495 2.000000
0.019212 0.053872 0.742410 0.935153 -0.070227 -0.347213 2.000000
0.019081 0.053627 0.737116 0.991592 -0.033600 -0.124963 2.000000
0.019848 0.047490 0.738149 -0.088972 -0.976110 0.198224 2.000000
0.019136 0.058414 0.740241 0.637946 -0.209421 0.741058 2.000000
0.023635 0.052828 0.738460 -0.250769 -0.821290 0.512443 2.000000
0.020598 0.048890 0.737296 0.799106 -0.236494 -0.552721 2.000000
0.018507 0.058020 0.741083 0.986516 -0.005847 0.163558 2.000000
0.018646 0.051629 0.738646 0.890799 -0.214452 0.400609 2.000000
0.018275 0.052046 0.740255 0.882992 -0.469340 -0.006708 2.000000
0.019176 0.059706 0.740515 0.592308 -0.094332 0.800170 2.000000
0.018904 0.051615 0.738079 0.929914 -0.063777 0.362204 2.000000
0.018457 0.058077 0.733568 0.991597 -0.070311 -0.108587 2.000000
0.019670 0.057711 0.743031 0.791490 0.089001 -0.604667 2.000000
0.020301 0.060976 0.740456 -0.313780 -0.146028 0.938199 2.000000
0.018847 0.053484 0.740515 0.990987 -0.113218 -0.071604 2.000000
0.026075 0.057851 0.741883 0.451904 0.519142 -0.725448 2.000000
0.018382 0.052158 0.739640 0.936192 -0.301355 0.180914 2.000000
0.021122 0.050412 0.737542 0.761506 -0.282038 -0.583577 2.000000
0.023465 0.052411 0.737205 0.904948 0.423282 -0.043601 2.000000
0.020649 0.058915 0.740177 -0.298335 -0.213316 0.930318 2.000000
0.018951 0.054873 0.739892 0.980700 -0.063041 0.185074 2.000000
0.019838 0.050482 0.743720 0.448886 -0.863295 0.230700 2.000000
0.024496 0.050928 0.739941 0.398176 -0.913873 -0.079316 2.000000
0.022043 0.055015 0.741110 0.212615 -0.430878 0.877006 2.000000
0.018998 0.056707 0.740053 0.909480 -0.033852 0.414367 2.000000
0.016911 0.050548 0.740873 0.624074 -0.595063 0.506391 2.000000
0.019008 0.053771 0.741887 0.974103 -0.057520 -0.218664 2.000000
0.018961 0.050726 0.737997 0.872575 0.031862 0.487439 2.000000
0.017440 0.051096 0.740866 0.638586 -0.709512 0.297994 2.000000
0.018622 0.060210 0.742422 0.949889 0.055485 -0.307623 2.000000
0.019249 0.059675 0.733661 -0.484171 0.392808 0.781844 2.000000
0.028748 0.051429 0.740810 -0.079253 -0.893953 -0.441097 2.000000
0.021277 0.059267 0.731068 0.353614 0.598353 0.718980 2.000000
0.023525 0.050920 0.738657 0.400532 -0.856571 -0.325362 2.000000
0.018953 0.054222 0.739659 0.982236 -0.134777 0.130567 2.000000
0.027797 0.051804 0.742421 -0.110090 -0.993493 0.029178 2.000000
0.021873 0.052846 0.736225 0.303894 -0.463678 -0.832257 2.000000
0.018525 0.058418 0.741049 0.968513 -0.055344 0.242732 2.000000
0.021854 0.053698 0.738550 -0.554867 -0.805676 0.207388 2.000000
0.018796 0.053348 0.740392 0.985014 -0.162045 -0.059061 2.000000
0.024215 0.051234 0.739042 0.564052 -0.711937 -0.418320 2.000000
0.019196 0.048966 0.737289 0.795638 -0.202612 0.570883 2.000000
0.021163 0.054857 0.741132 -0.313430 -0.591210 0.743123 2.000000
0.028096 0.052331 0.739973 0.153072 -0.459574 -0.874849 2.000000
0.019785 0.061678 0.740687 0.162033 -0.058407 0.985055 2.000000
0.019962 0.055732 0.736074 -0.298373 -0.767597 -0.567247 2.000000
0.018632 0.056589 0.735302 0.942056 0.006595 -0.335390 2.000000
0.018628 0.056423 0.735189 0.958788 0.086414 -0.270662 2.000000
0.019188 0.059874 0.732075 0.767111 0.167260 0.619326 2.000000
0.016085 0.049780 0.741369 0.627201 -0.439920 0.642721 2.000000
0.015880 0.050195 0.741556 0.492846 -0.511133 0.704164 2.000000
0.018587 0.058251 0.740869 0.947615 -0.047670 0.315837 2.000000
0.022919 0.051678 0.737230 -0.386567 0.545449 0.743674 2.000000
0.018551 0.057803 0.740995 0.979203 0.045528 0.197709 2.000000
0.018741 0.062057 0.741112 0.743602 -0.190941 0.640779 2.000000
0.022549 0.051895 0.736949 0.268414 -0.517675 -0.812383 2.000000
0.019104 0.050162 0.743933 -0.473485 0.826873 -0.303467 2.000000
0.021062 0.054300 0.736467 -0.634354 -0.692222 -0.344128 2.000000
0.018926 0.055826 0.740572 0.993122 0.040819 0.109735 2.000000
0.018889 0.055953 0.741416 0.990342 0.100551 -0.095456 2.000000
0.019020 0.059174 0.733817 -0.590793 0.448412 0.670739 2.000000
0.021407 0.062873 0.741631 0.776868 -0.349733 -0.523605 2.000000
0.020057 0.055334 0.739089 -0.043354 -0.507375 0.860634 2.000000
0.020019 0.054625 0.734502 -0.363971 0.222574 0.904426 2.000000
0.018570 0.052143 0.739127 0.921063 -0.224346 0.318295 2.000000
0.017816 0.049724 0.739270 0.683931 -0.189615 0.704475 2.000000
0.027018 0.051509 0.740899 0.015684 0.954851 0.296670 2.000000
0.018451 0.059094 0.733422 0.937227 -0.255952 -0.236842 2.000000
0.019050 0.052886 0.738061 0.981381 -0.071981 0.178072 2.000000
0.020883 0.054471 0.739918 -0.700094 -0.706158 0.105875 2.000000
0.019123 0.054371 0.738837 0.913666 -0.329084 0.238574 2.000000
0.024852 0.056061 0.740739 -0.062236 -0.348369 0.935289 2.000000
0.018787 0.052359 0.743899 0.816513 -0.326169 -0.476362 2.000000
0.018957 0.053773 0.735995 0.997625 -0.013709 0.067501 2.000000
0.018968 0.052628 0.738215 0.965009 -0.092590 0.245326 2.000000
0.020026 0.051057 0.744953 -0.425234 0.828641 -0.364048 2.000000
0.022328 0.054153 0.740423 0.073234 -0.802838 0.591682 2.000000
0.019450 0.054576 0.738339 0.418144 -0.839545 0.346871 2.000000
0.020666 0.062887 0.740589 -0.330091 -0.179451 0.926735 2.000000
0.018922 0.057511 0.732597 -0.474519 -0.161073 -0.865383 2.000000
0.018693 0.059780 0.733264 0.960684 -0.232506 -0.151745 2.000000
0.022561 0.053453 0.739150 -0.362843 -0.773191 0.520115 2.000000
0.025041 0.057641 0.741286 -0.166274 -0.415994 0.894037 2.000000
0.020503 0.061048 0.741366 0.921168 0.166593 -0.351705 2.000000
0.018948 0.053850 0.735051 0.927502 0.010569 0.373669 2.000000
0.023124 0.050929 0.740776 0.240873 -0.883705 0.401304 2.000000
0.018701 0.050052 0.738423 0.774569 -0.030968 0.631730 2.000000
0.021222 0.050692 0.741606 0.335344 -0.881534 0.332329 2.000000
0.018750 0.056737 0.741334 0.981322 0.184487 -0.054514 2.000000
0.025432 0.056409 0.740926 -0.208628 -0.318816 0.924571 2.000000
0.025964 0.057455 0.741494 -0.380130 -0.398462 0.834703 2.000000
0.020911 0.051111 0.743661 0.693696 -0.673684 0.254824 2.000000
0.019731 0.062964 0.740903 -0.415401 0.288675 -0.862617 2.000000
0.020006 0.060784 0.740454 -0.082203 -0.360748 0.929034 2.000000
0.020423 0.054487 0.738500 -0.414137 -0.865807 0.280836 2.000000
0.028316 0.051853 0.740154 -0.032903 -0.776395 -0.629388 2.000000
0.022530 0.053118 0.738664 -0.462613 -0.827812 0.317358 2.000000
0.023511 0.055629 0.740741 0.228486 -0.402396 0.886494 2.000000
0.022574 0.058567 0.733402 -0.082496 -0.864750 -0.495381 2.000000
0.021000 0.049327 0.737842 0.851588 -0.417681 -0.316765 2.000000
0.019542 0.050471 0.736624 0.694182 0.314117 0.647643 2.000000
0.018677 0.047773 0.739539 0.026460 0.999294 0.026679 2.000000
0.025108 0.053450 0.739416 -0.142457 -0.475866 0.867904 2.000000
0.018857 0.056347 0.734648 0.955072 0.279084 0.099745 2.000000
0.022668 0.050683 0.738944 0.301836 -0.936277 -0.179669 2.000000
0.018483 0.057614 0.733360 0.993429 0.101485 0.052918 2.000000
0.018661 0.061903 0.742054 0.869057 -0.365672 -0.333202 2.000000
0.019091 0.052270 0.737101 0.999334 -0.006138 -0.035971 2.000000
0.018766 0.059355 0.740923 0.858973 -0.103151 0.501523 2.000000
0.018664 0.057116 0.733570 0.919251 0.390411 0.050569 2.000000
0.025061 0.058523 0.741787 -0.340613 -0.521437 0.782359 2.000000
0.019060 0.055945 0.739812 0.919888 -0.012283 0.391990 2.000000
0.018551 0.051808 0.738933 0.889755 -0.257324 0.376988 2.000000
0.018961 0.053025 0.738469 0.964277 -0.122499 0.234872 2.000000
0.024307 0.055222 0.740436 0.030710 -0.427771 0.903365 2.000000
0.018839 0.058621 0.740572 0.798847 -0.161899 0.579338 2.000000
0.019627 0.053828 0.743174 0.869958 -0.170330 -0.462775 2.000000
0.019155 0.052914 0.737781 0.992944 -0.038981 0.111995 2.000000
0.019234 0.056039 0.736172 0.186395 -0.569428 -0.800630 2.000000
0.019487 0.055195 0.737061 0.195370 -0.697998 -0.688934 2.000000
0.018807 0.063156 0.733337 0.799136 0.189452 -0.570518 2.000000
0.021183 0.049933 0.737749 0.820157 -0.365917 -0.439827 2.000000
0.021632 0.052068 0.744117 0.857343 -0.503716 0.105983 2.000000
0.019911 0.062409 0.740721 0.287189 -0.140591 0.947500 2.000000
0.026873 0.051704 0.741798 0.060039 0.996081 0.064951 2.000000
0.021022 0.061673 0.742555 0.708100 -0.446676 0.546878 2.000000
0.021542 0.050694 0.741072 0.363312 -0.844035 0.394474 2.000000
0.019270 0.050965 0.736922 0.916349 0.261513 0.303176 2.000000
0.019622 0.058936 0.732162 0.518889 0.372496 0.769416 2.000000
0.019454 0.060868 0.742963 -0.583766 0.112470 0.804094 2.000000
0.026054 0.053701 0.739659 -0.160077 -0.362722 0.918046 2.000000
0.018919 0.059845 0.740688 0.731381 -0.086415 0.676472 2.000000
0.022958 0.050861 0.740615 0.217104 -0.911077 0.350436 2.000000
0.020437 0.051498 0.736158 -0.612022 0.170172 0.772315 2.000000
0.018689 0.060601 0.732908 0.990279 0.109738 0.085467 2.000000
0.020236 0.056090 0.735104 0.801526 0.460462 0.381485 2.000000
0.015741 0.049523 0.741273 -0.544357 0.441942 -0.712996 2.000000
0.018499 0.061911 0.741253 0.894526 -0.109019 0.433519 2.000000
0.016294 0.050092 0.741045 0.656617 -0.426452 0.622088 2.000000
0.026291 0.051571 0.740756 0.126837 -0.976716 -0.173025 2.000000
0.021012 0.058046 0.732720 0.108070 -0.866006 -0.488216 2.000000
0.019825 0.048249 0.736825 -0.075963 -0.202049 -0.976425 2.000000
0.021226 0.050694 0.741327 0.316955 -0.854887 0.410741 2.000000
0.019844 0.049517 0.736684 0.401422 0.298089 0.866028 2.000000
0.022416 0.058922 0.741248 -0.392537 -0.390150 0.832885 2.000000
0.018863 0.050557 0.738210 0.840252 0.029291 0.541405 2.000000
0.018357 0.061007 0.741967 0.997465 -0.044587 -0.055453 2.000000
0.019911 0.060000 0.731383 0.612952 0.284278 0.737208 2.000000
0.019299 0.050428 0.744350 -0.358358 0.851066 -0.383753 2.000000
0.018256 0.051954 0.739954 0.899539 -0.411893 0.145511 2.000000
0.020590 0.052839 0.736071 -0.471226 0.434565 0.767528 2.000000
0.018785 0.052478 0.742758 0.824558 -0.544628 -0.153246 2.000000
0.018060 0.050146 0.739151 0.731892 -0.178071 0.657742 2.000000
0.019235 0.053029 0.742914 0.873879 -0.399513 -0.276992 2.000000
0.023004 0.055914 0.741011 0.210219 -0.310253 0.927120 2.000000
0.018564 0.048743 0.738140 0.765650 -0.330428 0.551903 2.000000
0.019345 0.060015 0.733508 -0.571255 0.340120 0.746985 2.000000
0.019160 0.062204 0.742574 0.849596 -0.217544 -0.480481 2.000000
0.019001 0.048963 0.737705 0.807444 -0.309405 0.502298 2.000000
0.018837 0.056318 0.740985 0.989108 0.131340 0.066441 2.000000
0.018422 0.060895 0.742273 0.895723 -0.050682 -0.441714 2.000000
0.018701 0.056799 0.734480 0.981097 0.186243 0.052551 2.000000
0.020557 0.049362 0.736937 -0.512712 0.378598 0.770578 2.000000
0.019090 0.062411 0.742286 0.854869 -0.275358 -0.439747 2.000000
0.021980 0.050908 0.741302 0.333927 -0.816519 0.470945 2.000000
0.018978 0.062296 0.732205 0.937337 0.049994 0.344818 2.000000
0.018987 0.053342 0.741970 0.954361 -0.160940 -0.251582 2.000000
0.019804 0.051863 0.735706 -0.203613 0.327946 0.922493 2.000000
0.018563 0.058138 0.741573 0.997061 0.047029 -0.060486 2.000000
0.025757 0.057939 0.741667 0.410653 0.520950 -0.748315 2.000000
0.019188 0.062631 0.742356 0.882477 -0.244451 -0.401843 2.000000
0.025945 0.051476 0.740513 0.230663 -0.963084 -0.138793 2.000000
0.022738 0.053871 0.743473 -0.043706 0.995401 -0.085243 2.000000
0.022338 0.053287 0.736815 -0.462610 -0.877919 -0.123492 2.000000
0.021527 0.053856 0.746990 0.004310 -0.138643 0.990333 2.000000
0.019600 0.053427 0.743207 0.872896 -0.243019 -0.423077 2.000000
0.021356 0.058958 0.731345 -0.276247 -0.667963 -0.691023 2.000000
0.018879 0.058849 0.733869 0.679598 -0.444161 -0.583839 2.000000
0.023698 0.054386 0.740052 0.111332 -0.585146 0.803249 2.000000
0.020015 0.060182 0.740304 -0.030797 -0.193027 0.980710 2.000000
0.025405 0.051336 0.740476 0.367155 -0.930036 -0.015153 2.000000
0.019376 0.056506 0.733737 -0.452504 -0.810665 -0.371567 2.000000
0.021197 0.053778 0.746913 -0.052614 -0.132467 0.989790 2.000000
0.017419 0.050993 0.740623 0.668152 -0.655072 0.352780 2.000000
0.022480 0.053821 0.739546 -0.137000 -0.822011 0.552747 2.000000
0.019007 0.055183 0.739699 0.940481 -0.129618 0.314158 2.000000
0.021455 0.052149 0.736730 -0.205348 0.569123 0.796198 2.000000
0.023905 0.052749 0.738461 -0.320001 -0.748388 0.580961 2.000000
0.021497 0.052140 0.744702 0.787956 -0.610597 0.079347 2.000000
0.018171 0.049119 0.738841 0.684281 -0.203442 0.700265 2.000000
0.021906 0.054092 0.743761 0.785265 -0.618197 -0.034527 2.000000
0.020717 0.056237 0.745248 0.902380 -0.257701 -0.345398 2.000000
0.024041 0.057539 0.741386 -0.015104 -0.329529 0.944025 2.000000
0.018915 0.051210 0.738043 0.915518 -0.001002 0.402276 2.000000
0.020106 0.051508 0.735906 0.296088 -0.239241 -0.924714 2.000000
0.019220 0.063209 0.741217 0.656442 -0.477829 0.583750 2.000000
0.019147 0.054213 0.738545 0.904460 -0.378906 0.195917 2.000000
0.020929 0.061880 0.740728 0.715867 -0.088799 -0.692567 2.000000
0.019774 0.062556 0.733631 -0.268905 -0.058703 0.961376 2.000000
0.019648 0.059666 0.733722 -0.375570 0.422762 0.824754 2.000000
0.019483 0.059771 0.740370 0.425301 -0.130130 0.895648 2.000000
0.020210 0.061519 0.740529 0.283893 0.030850 -0.958360 2.000000
0.020008 0.050636 0.742133 0.423431 -0.905240 0.035296 2.000000
0.020218 0.055047 0.734440 -0.570619 0.189837 0.798972 2.000000
0.027162 0.059369 0.743264 0.454515 0.484971 -0.747141 2.000000
0.019847 0.049758 0.740497 0.383418 -0.774175 0.503630 2.000000
0.021951 0.051740 0.737078 -0.151002 0.578714 0.801429 2.000000
0.022085 0.053393 0.736785 -0.499732 -0.863932 -0.062358 2.000000
0.019027 0.052784 0.743040 0.845540 -0.490471 -0.210953 2.000000
0.021815 0.053956 0.743465 -0.713342 0.269180 -0.647059 2.000000
0.020655 0.051169 0.744979 0.541566 -0.807066 0.235267 2.000000
0.020804 0.055103 0.735558 0.764635 0.627526 0.146777 2.000000
0.019450 0.053209 0.743241 0.877127 -0.368721 -0.307722 2.000000
0.018484 0.051613 0.739169 0.885190 -0.280417 0.371221 2.000000
0.019285 0.062005 0.740898 0.478314 -0.173941 0.860790 2.000000
0.024294 0.051591 0.738630 0.756796 -0.350924 -0.551463 2.000000
0.019009 0.054902 0.741583 0.993552 0.018445 -0.111866 2.000000
0.022406 0.052741 0.736325 0.088019 0.190274 0.977777 2.000000
0.020724 0.060983 0.730402 -0.556653 -0.314752 -0.768810 2.000000
0.020798 0.055000 0.735898 0.708952 0.648159 0.277989 2.000000
0.019689 0.054589 0.738108 -0.001134 -0.999588 0.028680 2.000000
0.018727 0.053203 0.739650 0.967275 -0.250473 0.040528 2.000000
0.025382 0.055298 0.740579 -0.181412 -0.358725 0.915645 2.000000
0.018589 0.052418 0.740272 0.914680 -0.375552 -0.149406 2.000000
0.019378 0.057021 0.735245 0.032392 0.470695 0.881701 2.000000
0.018933 0.054499 0.740539 0.999279 -0.037152 -0.007871 2.000000
0.026464 0.051675 0.741469 -0.019802 0.996880 0.076406 2.000000
0.022704 0.053209 0.736202 0.422650 0.900130 0.105510 2.000000
0.018834 0.056285 0.741302 0.985694 0.154290 -0.067831 2.000000
0.018394 0.052142 0.741264 0.784005 -0.620656 0.011037 2.000000
0.021050 0.058229 0.740258 0.398286 0.173180 -0.900765 2.000000
0.022717 0.053920 0.739773 -0.075924 -0.786432 0.612993 2.000000
0.018723 0.058897 0.732821 0.861814 0.004598 0.507204 2.000000
0.024952 0.056499 0.740924 -0.085809 -0.321350 0.943064 2.000000
0.019574 0.053434 0.743594 0.892035 -0.317538 -0.321628 2.000000
0.023040 0.051400 0.741437 0.280523 -0.703351 0.653150 2.000000
0.021168 0.052065 0.736848 -0.397185 0.456114 0.796369 2.000000
0.019310 0.055027 0.742784 0.875315 -0.012743 -0.483385 2.000000
0.026132 0.055952 0.741061 -0.295940 -0.349016 0.889161 2.000000
0.020540 0.059113 0.740191 -0.255271 -0.215425 0.942565 2.000000
0.023687 0.056863 0.741252 0.097869 -0.292286 0.951310 2.000000
0.019165 0.054140 0.737587 0.962548 -0.168920 -0.212053 2.000000
0.020250 0.059274 0.740188 -0.093881 -0.216819 0.971687 2.000000
0.021373 0.059507 0.740759 -0.610519 -0.353611 0.708679 2.000000
0.019303 0.054665 0.742770 0.882494 0.023468 -0.469738 2.000000
0.020293 0.054478 0.734711 0.500193 -0.227676 -0.835446 2.000000
0.018623 0.056762 0.734831 0.989700 0.004777 -0.143078 2.000000
0.019927 0.060993 0.731027 -0.669432 -0.204061 -0.714296 2.000000
0.017614 0.049502 0.739409 0.665277 -0.211630 0.715974 2.000000
0.026244 0.051650 0.740379 0.134336 -0.944752 -0.298994 2.000000
0.019779 0.050606 0.741443 0.557577 -0.819773 0.130687 2.000000
0.018734 0.052513 0.740705 0.922023 -0.375971 -0.092296 2.000000
0.019114 0.056615 0.742235 0.906163 0.092357 -0.412721 2.000000
0.021731 0.052931 0.743034 0.867561 -0.200889 0.454952 2.000000
0.019068 0.049427 0.742262 0.703383 -0.632565 0.324213 2.000000
0.021661 0.053734 0.743735 0.906110 -0.405190 0.121595 2.000000
0.026470 0.055492 0.740991 0.239591 0.413344 -0.878489 2.000000
0.022397 0.050784 0.738135 0.381803 -0.824537 -0.417571 2.000000
0.022606 0.053013 0.738246 -0.507778 -0.832987 0.219759 2.000000
0.019595 0.058615 0.732355 0.395224 0.411858 0.821079 2.000000
0.019840 0.049455 0.740021 0.352720 -0.768483 0.533874 2.000000
0.019145 0.050074 0.743320 0.513763 -0.790923 0.332398 2.000000
0.018510 0.062233 0.733106 0.994424 -0.039374 -0.097828 2.000000
0.020209 0.056029 0.739277 -0.169201 -0.297975 0.939458 2.000000
0.018506 0.062087 0.741625 0.952110 -0.296506 -0.074633 2.000000
0.020909 0.060234 0.740471 -0.618940 -0.345776 0.705232 2.000000
0.017727 0.049019 0.739185 -0.692488 0.048622 -0.719789 2.000000
0.021065 0.054634 0.740997 -0.487929 -0.668975 0.560712 2.000000
0.016232 0.050488 0.741384 0.613970 -0.554776 0.561484 2.000000
0.020871 0.051405 0.737010 -0.626461 0.343899 0.699485 2.000000
0.020945 0.054927 0.735105 0.792239 0.450711 -0.411359 2.000000
0.021253 0.057853 0.745063 0.863534 -0.157909 -0.478931 2.000000
0.024013 0.054510 0.740064 0.065162 -0.540818 0.838612 2.000000
0.019083 0.049260 0.740455 0.710737 -0.665494 0.227970 2.000000
0.019510 0.057470 0.732685 0.031322 -0.335129 -0.941652 2.000000
0.019865 0.055154 0.734334 0.302038 -0.104272 -0.947576 2.000000
0.018927 0.060895 0.732350 0.900018 0.144086 0.411347 2.000000
0.019046 0.054081 0.737131 0.981990 -0.079204 -0.171529 2.000000
0.020936 0.049483 0.739322 0.516059 -0.772125 0.370818 2.000000
0.018728 0.056729 0.735511 0.872321 -0.131399 -0.470947 2.000000
0.017625 0.051217 0.740781 0.687866 -0.671155 0.276389 2.000000
0.019226 0.052610 0.735243 -0.277561 -0.393178 -0.876568 2.000000
0.020865 0.054340 0.739121 -0.591607 -0.779812 0.204681 2.000000
0.021616 0.050874 0.741524 0.400577 -0.823559 0.401608 2.000000
0.017219 0.049261 0.739652 0.668732 -0.244600 0.702117 2.000000
0.019484 0.050423 0.744160 -0.368456 0.843557 -0.390707 2.000000
0.026334 0.059238 0.743193 0.423582 0.495461 -0.758352 2.000000
0.018667 0.057178 0.734241 0.992204 0.042521 -0.117143 2.000000
0.020970 0.050701 0.742081 0.363138 -0.912155 0.190011 2.000000
0.019225 0.049162 0.737418 0.822202 -0.197588 0.533800 2.000000
0.018517 0.059602 0.741655 0.996427 0.028489 0.079506 2.000000
0.021102 0.062140 0.741183 0.883159 -0.181491 -0.432540 2.000000
0.020588 0.055446 0.745562 0.933858 -0.165017 -0.317299 2.000000
0.019800 0.052989 0.735259 -0.331950 0.441912 0.833380 2.000000
0.019709 0.055831 0.743090 0.837286 -0.050588 -0.544420 2.000000
0.023451 0.052265 0.737631 0.818089 0.255718 -0.515111 2.000000
0.019966 0.050773 0.744469 -0.443896 0.832910 -0.330481 2.000000
0.020784 0.056788 0.733750 -0.443646 0.492783 0.748561 2.000000
0.018968 0.059672 0.732440 0.887647 0.022692 0.459964 2.000000
0.019080 0.054297 0.735927 0.999769 -0.019606 0.008843 2.000000
0.019138 0.054815 0.735906 0.982663 -0.075354 -0.169396 2.000000
0.018830 0.053306 0.739219 0.959943 -0.228600 0.162025 2.000000
0.021227 0.057208 0.745516 0.897987 -0.203796 -0.389983 2.000000
0.018399 0.052183 0.740377 0.868601 -0.489073 -0.079625 2.000000
0.019968 0.056295 0.735303 0.419667 0.870077 0.258545 2.000000
0.019407 0.050243 0.743533 0.453424 -0.849609 0.269391 2.000000
0.020321 0.050540 0.741907 0.331428 -0.935052 0.125830 2.000000
0.021746 0.050217 0.739674 0.583126 -0.803495 0.119831 2.000000
0.018932 0.053593 0.740795 0.992909 -0.095556 -0.070719 2.000000
0.018806 0.051665 0.738350 0.910075 -0.108197 0.400070 2.000000
0.019128 0.061805 0.742638 0.790869 -0.176014 -0.586127 2.000000
0.018640 0.059109 0.732890 0.944635 -0.018338 0.327611 2.000000
0.021854 0.053628 0.738272 -0.577569 -0.800235 0.161363 2.000000
0.019304 0.055803 0.739431 0.701306 -0.096768 0.706262 2.000000
0.021711 0.053506 0.737564 -0.529209 -0.847377 0.043484 2.000000
0.024058 0.051342 0.741002 0.187846 -0.827766 0.528695 2.000000
0.022298 0.053200 0.737239 -0.562669 -0.820655 -0.099643 2.000000
0.023022 0.052329 0.741990 -0.388591 0.474349 -0.789931 2.000000
0.021331 0.056628 0.734476 0.361497 -0.534269 -0.764118 2.000000
0.021018 0.054833 0.735709 0.718334 0.677748 0.157016 2.000000
0.019061 0.054860 0.736857 0.903711 -0.279714 -0.324139 2.000000
0.020679 0.061818 0.742318 0.525525 -0.313500 0.790911 2.000000
0.021562 0.049904 0.739563 0.579323 -0.801003 0.150930 2.000000
0.024359 0.051985 0.738525 0.814971 -0.048286 -0.577486 2.000000
0.022590 0.052343 0.742183 0.496583 -0.416217 0.761688 2.000000
0.023360 0.050841 0.740382 0.193483 -0.943077 0.270498 2.000000
0.019685 0.054377 0.734429 0.094382 0.322636 0.941806 2.000000
0.019880 0.050374 0.742009 0.608699 -0.791501 0.054882 2.000000
0.017708 0.051121 0.740339 0.730185 -0.608399 0.310935 2.000000
0.020530 0.049273 0.739207 0.409450 -0.790763 0.455022 2.000000
0.017722 0.050593 0.739673 0.766470 -0.353556 0.536211 2.000000
0.020591 0.056035 0.734132 0.473976 -0.652252 -0.591535 2.000000
0.020568 0.053096 0.735664 -0.403017 0.492185 0.771577 2.000000
0.016727 0.049834 0.740424 0.688153 -0.385532 0.614663 2.000000
0.024137 0.056988 0.741229 0.052702 -0.330990 0.942161 2.000000
0.025768 0.051527 0.740812 0.223119 -0.972333 -0.069183 2.000000
0.019998 0.050572 0.741352 0.330869 -0.895698 0.297070 2.000000
0.016475 0.050807 0.741518 0.539124 -0.710505 0.452248 2.000000
0.020819 0.054527 0.740290 0.787766 0.588451 -0.182074 2.000000
0.021362 0.051651 0.743941 0.793857 -0.571328 0.208270 2.000000
0.018695 0.056415 0.735473 0.940209 0.028969 -0.339364 2.000000
0.019341 0.049440 0.741466 0.774970 -0.623583 0.102793 2.000000
0.021084 0.057581 0.733638 0.658051 -0.336328 -0.673685 2.000000
0.026756 0.052852 0.739625 -0.105401 0.178466 0.978284 2.000000
0.020988 0.050937 0.737267 0.754811 -0.251677 -0.605739 2.000000
0.018688 0.060995 0.742503 0.783131 -0.120399 -0.610090 2.000000
0.025451 0.054838 0.740463 -0.143495 -0.457764 0.877417 2.000000
0.022294 0.050577 0.738782 0.464756 -0.874864 -0.136433 2.000000
0.022328 0.053455 0.736166 0.454596 0.860667 0.229335 2.000000
0.022073 0.054213 0.743590 0.826695 -0.554910 0.093002 2.000000
0.020998 0.052592 0.746435 -0.435005 0.566960 -0.699519 2.000000
0.018921 0.059950 0.733396 0.809747 -0.314479 -0.495392 2.000000
0.023589 0.051456 0.737856 -0.607087 0.509434 0.609855 2.000000
0.018642 0.048412 0.741325 0.843017 -0.537760 0.011708 2.000000
0.020092 0.047336 0.737395 -0.124146 -0.991601 -0.036252 2.000000
0.018779 0.057547 0.735003 0.656641 -0.474003 -0.586638 2.000000
0.017602 0.050782 0.740005 0.752671 -0.486454 0.443677 2.000000
0.018879 0.053669 0.739812 0.979228 -0.201002 0.026665 2.000000
0.023904 0.059147 0.741815 0.311469 0.460285 -0.831339 2.000000
0.021326 0.054588 0.735209 0.783654 0.415278 -0.461986 2.000000
0.021944 0.053550 0.746506 0.344165 -0.474572 0.810143 2.000000
0.022177 0.053095 0.742659 0.648943 -0.362328 0.669023 2.000000
0.020424 0.057696 0.744052 0.807546 -0.041028 -0.588376 2.000000
0.019002 0.054401 0.736588 0.985339 -0.082137 -0.149535 2.000000
0.020316 0.059833 0.740263 -0.176579 -0.185465 0.966655 2.000000
0.020408 0.055728 0.735324 0.803913 0.554406 0.215308 2.000000
0.024266 0.053530 0.739370 -0.069026 -0.566427 0.821216 2.000000
0.019670 0.054747 0.734312 -0.221327 -0.207987 -0.952762 2.000000
0.026001 0.060114 0.742983 -0.442844 -0.406014 0.799401 2.000000
0.019350 0.054549 0.737740 0.590974 -0.787220 -0.176166 2.000000
0.023799 0.051646 0.737768 0.735323 -0.265382 -0.623597 2.000000
0.020250 0.048152 0.738175 0.720782 -0.593158 0.358661 2.000000
0.018670 0.058026 0.734451 0.826209 -0.295200 -0.479829 2.000000
0.027808 0.052848 0.739909 0.183134 -0.135071 -0.973765 2.000000
0.022276 0.053275 0.737021 -0.524756 -0.844471 -0.107240 2.000000
0.020878 0.062176 0.742026 0.906447 -0.277802 -0.318087 2.000000
0.020534 0.050994 0.743985 0.567515 -0.772282 0.285495 2.000000
0.019023 0.053024 0.742317 0.908642 -0.313564 -0.275768 2.000000
0.019642 0.059306 0.740238 0.338734 -0.166465 0.926039 2.000000
0.020863 0.056007 0.740018 0.823764 -0.074193 -0.562057 2.000000
0.019400 0.049703 0.740827 0.723459 -0.645626 0.244488 2.000000
0.018700 0.056343 0.735008 0.956579 0.232825 -0.175356 2.000000
0.019769 0.057998 0.732547 0.002039 0.450868 0.892588 2.000000
0.019712 0.061385 0.740666 0.105274 -0.026588 0.994088 2.000000
0.016844 0.049439 0.740159 0.688852 -0.318205 0.651329 2.000000
0.020781 0.060113 0.733682 -0.244984 0.310243 0.918549 2.000000
0.019764 0.061008 0.740564 0.145955 -0.199055 0.969058 2.000000
0.021290 0.051918 0.745605 0.697355 -0.642288 0.318059 2.000000
0.021090 0.049074 0.738168 0.805451 -0.581821 -0.112842 2.000000
0.021518 0.054147 0.739988 -0.315022 -0.907221 0.278769 2.000000
0.018886 0.052626 0.742463 0.862527 -0.457806 -0.215547 2.000000
0.020747 0.061394 0.741454 0.974337 -0.081101 -0.209977 2.000000
0.023145 0.052959 0.736563 -0.457270 -0.791432 -0.405634 2.000000
0.021610 0.053574 0.743377 0.893514 -0.380565 0.238335 2.000000
0.020016 0.057577 0.734587 0.536441 0.392381 0.747174 2.000000
0.020497 0.052144 0.736156 -0.564065 0.275287 0.778491 2.000000
0.020808 0.060219 0.741115 0.744087 0.583355 -0.325626 2.000000
0.018742 0.058734 0.742254 0.940100 0.096926 -0.326830 2.000000
0.023008 0.050716 0.739821 0.215242 -0.972678 0.086991 2.000000
0.019749 0.050329 0.743007 0.519865 -0.835909 0.176058 2.000000
0.019105 0.052750 0.737689 0.992904 -0.019608 0.117294 2.000000
0.025006 0.053853 0.739704 -0.090477 -0.546096 0.832823 2.000000
0.020114 0.047480 0.737699 -0.188352 0.978712 -0.081520 2.000000
0.019788 0.048126 0.738635 0.051953 -0.978478 0.199704 2.000000
0.017388 0.050444 0.739984 0.728256 -0.442080 0.523648 2.000000
0.020082 0.056734 0.733639 0.341281 -0.571381 -0.746359 2.000000
0.020370 0.061071 0.730578 -0.606271 -0.270522 -0.747832 2.000000
0.020764 0.054844 0.740887 0.607091 0.597711 -0.523623 2.000000
0.019088 0.054765 0.737093 0.868966 -0.328465 -0.370146 2.000000
0.023935 0.052563 0.738324 -0.467538 -0.681466 0.563039 2.000000
0.024474 0.054898 0.740275 -0.021286 -0.451560 0.891987 2.000000
0.019813 0.056944 0.733314 -0.240537 0.662884 0.709033 2.000000
0.019851 0.052528 0.735524 -0.328906 0.375103 0.866671 2.000000
0.024611 0.051606 0.741270 0.109144 -0.867279 0.485710 2.000000
0.015768 0.050157 0.742096 -0.472569 0.722902 -0.504074 2.000000
0.019488 0.055300 0.739102 0.500705 -0.482537 0.718646 2.000000
0.018932 0.055275 0.740317 0.996407 -0.023411 0.081390 2.000000
0.024494 0.055266 0.740454 0.008970 -0.403806 0.914801 2.000000
0.023019 0.053433 0.739319 -0.182203 -0.726414 0.662665 2.000000
0.021499 0.057861 0.733434 0.946752 -0.027578 -0.320781 2.000000
0.018983 0.057971 0.734635 0.561940 -0.571366 -0.598134 2.000000
0.026198 0.056326 0.741236 0.351117 0.329081 -0.876597 2.000000
0.024382 0.051403 0.739265 0.598521 -0.687408 -0.411391 2.000000
0.019091 0.053477 0.738101 0.984511 -0.127126 0.120739 2.000000
0.018582 0.058246 0.741432 0.998943 0.042572 0.017328 2.000000
0.018771 0.053207 0.739176 0.958802 -0.225174 0.173190 2.000000
0.018532 0.058551 0.741235 0.979203 -0.055970 0.195012 2.000000
0.019824 0.060665 0.743329 0.007881 0.082583 0.996553 2.000000
0.020040 0.058579 0.740004 0.085149 -0.195658 0.976969 2.000000
0.020923 0.051360 0.737230 -0.563455 0.393393 0.726471 2.000000
0.019117 0.055098 0.742419 0.938631 0.014543 -0.344616 2.000000
0.020525 0.060835 0.741391 0.879425 0.375848 -0.292147 2.000000
0.019048 0.053650 0.738528 0.962950 -0.202692 0.177885 2.000000
0.027796 0.052046 0.740076 -0.017278 0.699288 0.714631 2.000000
0.020547 0.061351 0.742105 0.695263 -0.388663 0.604608 2.000000
0.020705 0.054764 0.740138 0.864911 0.480722 -0.144347 2.000000
0.018885 0.053817 0.741325 0.992276 -0.066425 -0.104763 2.000000
0.018978 0.053008 0.736565 0.994626 -0.008097 -0.103213 2.000000
0.023647 0.052163 0.737281 0.889670 0.278403 -0.361911 2.000000
0.018472 0.059177 0.741741 0.997309 0.005771 -0.073091 2.000000
0.020406 0.047992 0.737067 -0.558110 0.285644 0.779051 2.000000
0.019171 0.055173 0.736939 0.816328 -0.395098 -0.421315 2.000000
0.021758 0.052660 0.743961 0.956945 -0.283020 -0.064472 2.000000
0.019502 0.057472 0.734808 -0.102582 0.559872 0.822205 2.000000
0.022278 0.053953 0.743827 0.785265 -0.618197 -0.034527 2.000000
0.020029 0.058263 0.739872 0.006084 -0.207211 0.978277 2.000000
0.021593 0.052131 0.743459 0.887924 -0.398742 0.229337 2.000000
0.021629 0.053105 0.743522 0.956576 -0.263791 0.124006 2.000000
0.019288 0.060423 0.740562 0.518400 -0.209902 0.828977 2.000000
0.022713 0.054201 0.746541 -0.397228 0.155161 -0.904508 2.000000
0.020393 0.055579 0.739231 -0.511156 -0.359792 0.780557 2.000000
0.022657 0.052240 0.736663 -0.223011 0.541021 0.810902 2.000000
0.020644 0.061359 0.740556 0.713208 -0.064908 -0.697941 2.000000
0.023285 0.052966 0.736255 0.275346 0.761635 0.586598 2.000000
0.019882 0.056760 0.743308 0.822054 -0.012171 -0.569279 2.000000
0.020880 0.062672 0.740587 -0.502827 -0.168922 0.847721 2.000000
0.020225 0.060222 0.733598 0.349452 -0.355865 -0.866743 2.000000
0.023210 0.050741 0.739208 0.283940 -0.947554 -0.146696 2.000000
0.019008 0.055891 0.740053 0.959414 0.012520 0.281723 2.000000
0.017589 0.048615 0.739185 0.667272 0.570209 0.479177 2.000000
0.023573 0.050747 0.739369 0.305331 -0.940480 -0.149234 2.000000
0.018544 0.061348 0.733178 0.971028 0.163257 -0.174505 2.000000
0.020603 0.051076 0.744761 0.541566 -0.807066 0.235267 2.000000
0.020087 0.050232 0.741035 0.372097 -0.844408 0.385382 2.000000
0.019632 0.049082 0.736822 0.415890 -0.080446 0.905850 2.000000
0.018992 0.057056 0.740074 0.900629 -0.032741 0.433355 2.000000
0.018636 0.053038 0.739488 0.956411 -0.278892 0.086583 2.000000
0.018688 0.061745 0.733296 0.966455 0.133934 -0.219149 2.000000
0.024152 0.053303 0.739239 -0.084825 -0.606222 0.790759 2.000000
0.018515 0.049207 0.742704 0.740845 -0.570896 0.353874 2.000000
0.018856 0.052909 0.738709 0.948452 -0.158528 0.274423 2.000000
0.026069 0.056732 0.741296 -0.386670 -0.345051 0.855235 2.000000
0.021312 0.049801 0.738341 0.846790 -0.496570 -0.190697 2.000000
0.020944 0.050299 0.737180 0.808709 -0.210522 -0.549246 2.000000
0.016995 0.050237 0.740391 0.671326 -0.463721 0.578173 2.000000
0.018964 0.063120 0.741503 0.832866 -0.548461 0.074327 2.000000
0.018608 0.060513 0.742448 0.892949 0.013035 -0.449968 2.000000
0.018819 0.058241 0.734283 0.642777 -0.478493 -0.598232 2.000000
0.018638 0.050550 0.738492 0.807835 -0.048299 0.587427 2.000000
0.020574 0.050554 0.736347 -0.664289 0.242572 0.707021 2.000000
0.019584 0.055034 0.734304 -0.198181 -0.047498 -0.979014 2.000000
0.018608 0.052879 0.739744 0.961567 -0.274229 0.013703 2.000000
0.025027 0.051874 0.739396 -0.557753 0.455412 0.693911 2.000000
0.024042 0.053055 0.743884 0.644332 0.747102 0.163324 2.000000
0.021909 0.050363 0.739839 0.517756 -0.838643 0.169136 2.000000
0.018930 0.055278 0.740822 0.999550 0.029861 -0.002847 2.000000
0.022497 0.054162 0.740224 0.092538 -0.807519 0.582537 2.000000
0.019134 0.051972 0.737350 0.995471 0.037409 0.087393 2.000000
0.023202 0.050911 0.738407 0.340851 -0.854145 -0.392754 2.000000
0.027255 0.051508 0.741397 0.045778 0.994189 0.097435 2.000000
0.021278 0.054662 0.735538 0.717678 0.694115 -0.056057 2.000000
0.019647 0.060211 0.743186 -0.456200 0.030162 0.889366 2.000000
0.020786 0.060642 0.740783 0.803371 0.417404 -0.424700 2.000000
0.019641 0.055457 0.739146 0.351764 -0.392362 0.849891 2.000000
0.020417 0.049947 0.740579 0.222745 -0.816826 0.532147 2.000000
0.022285 0.054026 0.739916 -0.055125 -0.870485 0.489099 2.000000
0.019101 0.052704 0.737273 0.999664 -0.022497 -0.012841 2.000000
0.020845 0.057933 0.733207 0.607352 -0.734530 -0.302637 2.000000
0.018013 0.050857 0.739479 0.807533 -0.343037 0.479809 2.000000
0.021509 0.054269 0.736097 0.728235 0.630894 0.267669 2.000000
0.019121 0.053780 0.737393 0.985706 -0.078364 -0.149137 2.000000
0.019348 0.050393 0.737120 0.893125 0.167314 0.417533 2.000000
0.023368 0.050948 0.740712 0.221610 -0.882673 0.414459 2.000000
0.020135 0.061115 0.730765 -0.647330 -0.210668 -0.732518 2.000000
0.023624 0.051144 0.740888 0.210751 -0.834867 0.508508 2.000000
0.019852 0.058644 0.732248 0.343737 0.485595 0.803767 2.000000
0.023118 0.053068 0.739108 -0.209762 -0.779733 0.589929 2.000000
0.018908 0.054269 0.740457 0.998002 -0.062595 -0.008586 2.000000
0.018800 0.053062 0.740629 0.973186 -0.195296 -0.121528 2.000000
0.020790 0.060465 0.730603 -0.517041 -0.399900 -0.756802 2.000000
0.028416 0.051731 0.743198 -0.100463 -0.994868 0.012068 2.000000
0.025353 0.053860 0.739706 -0.095800 -0.554868 0.826404 2.000000
0.020775 0.054604 0.746573 0.269489 -0.135950 -0.953359 2.000000
0.020051 0.050567 0.742408 0.451783 -0.892017 -0.014062 2.000000
0.023246 0.052878 0.738941 -0.174298 -0.833094 0.524952 2.000000
0.018625 0.059686 0.742164 0.977552 0.082222 -0.193991 2.000000
0.023832 0.054124 0.739816 0.075457 -0.603132 0.794064 2.000000
0.019215 0.048664 0.737151 0.707878 -0.144015 0.691497 2.000000
0.027049 0.053736 0.739868 -0.247444 -0.336180 0.908710 2.000000
0.020347 0.054920 0.744542 0.921347 0.104427 -0.374454 2.000000
0.018589 0.057441 0.741492 0.971804 0.148121 -0.183460 2.000000
0.019252 0.053279 0.742636 0.902950 -0.262359 -0.340365 2.000000
0.018191 0.051173 0.739299 0.863330 -0.280875 0.419250 2.000000
0.018786 0.059482 0.742483 0.863373 0.087257 -0.496964 2.000000
0.022962 0.052808 0.738730 -0.278689 -0.860110 0.427250 2.000000
0.024524 0.051733 0.738822 0.751661 -0.235509 -0.616069 2.000000
0.019114 0.051545 0.736984 0.989866 0.138634 0.030760 2.000000
0.021079 0.054584 0.736167 -0.666019 -0.676587 -0.314084 2.000000
0.020841 0.052977 0.736114 -0.495929 0.411425 0.764711 2.000000
0.018375 0.052165 0.741572 0.758810 -0.650811 -0.025553 2.000000
0.020028 0.059528 0.731537 0.509194 0.400586 0.761743 2.000000
0.017858 0.050312 0.739390 0.745614 -0.230526 0.625234 2.000000
0.024334 0.054049 0.739749 -0.005213 -0.574585 0.818428 2.000000
0.019174 0.051244 0.737389 0.975024 0.077881 0.207998 2.000000
0.018458 0.061348 0.742017 0.933906 -0.195732 -0.299179 2.000000
0.022496 0.053237 0.736637 -0.427549 -0.897951 -0.104338 2.000000
0.019705 0.050003 0.742016 0.798558 -0.589791 0.120215 2.000000
0.025754 0.057648 0.741468 -0.378464 -0.417654 0.826033 2.000000
0.020319 0.060951 0.733455 -0.463981 -0.012018 0.885764 2.000000
0.018560 0.059831 0.741860 0.996894 0.077236 -0.015405 2.000000
0.021202 0.060890 0.730194 -0.490767 -0.435558 -0.754611 2.000000
0.018444 0.058461 0.733254 0.992923 -0.110336 0.043929 2.000000
0.021219 0.054242 0.740219 0.421167 0.871741 -0.250371 2.000000
0.025523 0.051773 0.739725 0.432672 -0.661848 -0.612170 2.000000
0.021712 0.053859 0.738683 -0.503403 -0.835484 0.220344 2.000000
0.020253 0.050486 0.743292 0.463828 -0.872166 0.155530 2.000000
0.017638 0.051550 0.741779 0.610841 -0.787984 0.077162 2.000000
0.028664 0.052265 0.739960 0.113409 -0.592153 -0.797805 2.000000
0.018726 0.056689 0.732731 0.735988 0.540609 0.407509 2.000000
0.019655 0.048510 0.739037 0.065146 -0.925744 0.372498 2.000000
0.021658 0.052367 0.736569 -0.293601 0.342458 0.892480 2.000000
0.021672 0.057020 0.734160 0.263174 -0.395450 -0.879977 2.000000
0.021590 0.051445 0.742388 0.668458 -0.641488 0.376375 2.000000
0.022618 0.050729 0.740557 0.205440 -0.920687 0.331858 2.000000
0.022849 0.052659 0.737521 -0.599571 -0.756143 0.262226 2.000000
0.017961 0.051401 0.740361 0.821303 -0.525511 0.222035 2.000000
0.018936 0.056639 0.741957 0.924820 0.110638 -0.363961 2.000000
0.017410 0.048604 0.743075 -0.581541 0.552218 -0.597382 2.000000
0.018779 0.062582 0.741378 0.898190 -0.395706 0.191498 2.000000
0.021647 0.052097 0.743720 0.900889 -0.404991 0.156147 2.000000
0.022812 0.054261 0.740237 0.134635 -0.757277 0.639065 2.000000
0.022698 0.057250 0.741217 -0.223896 -0.074450 0.971765 2.000000
0.019123 0.055463 0.742454 0.897193 -0.011540 -0.441488 2.000000
0.019029 0.057748 0.734819 0.457375 -0.587159 -0.667871 2.000000
0.019760 0.060390 0.731359 0.703371 0.183073 0.686843 2.000000
0.020276 0.055106 0.736536 -0.584279 -0.673278 -0.453117 2.000000
0.020169 0.062850 0.740685 0.198672 -0.108218 0.974073 2.000000
0.021761 0.055200 0.741170 -0.021164 -0.318827 0.947576 2.000000
0.020221 0.060509 0.743845 0.173238 0.361020 0.916326 2.000000
0.019098 0.053179 0.737104 0.995359 -0.003990 -0.096152 2.000000
0.024375 0.050978 0.739772 0.447379 -0.859794 -0.246184 2.000000
0.025123 0.052952 0.739293 -0.286589 -0.153775 0.945632 2.000000
0.018560 0.057535 0.734721 0.933783 -0.236842 -0.268245 2.000000
0.019217 0.051169 0.736259 0.718399 0.529124 0.451587 2.000000
0.018893 0.056051 0.734845 0.974515 0.224291 -0.003670 2.000000
0.020754 0.060621 0.740516 0.730744 0.409954 -0.545849 2.000000
0.020247 0.059849 0.731227 0.506047 0.396528 0.765951 2.000000
0.022975 0.054992 0.740649 0.297519 -0.464570 0.834060 2.000000
0.019215 0.054872 0.739129 0.757808 -0.448568 0.473829 2.000000
0.025055 0.052309 0.739200 -0.529048 0.145801 0.835973 2.000000
0.019031 0.054009 0.741875 0.978265 -0.067578 -0.196036 2.000000
0.019970 0.055148 0.736861 -0.277461 -0.779676 -0.561356 2.000000
0.020075 0.050616 0.742079 0.414142 -0.908276 0.059335 2.000000
0.025929 0.056305 0.741074 -0.328647 -0.322550 0.887667 2.000000
0.024402 0.056133 0.740801 0.058776 -0.351511 0.934337 2.000000
0.018832 0.052299 0.738779 0.928701 -0.159217 0.334911 2.000000
0.015091 0.049716 0.741607 0.450895 -0.620595 0.641526 2.000000
0.021710 0.050052 0.738801 0.677323 -0.724577 -0.127364 2.000000
0.018255 0.051936 0.740609 0.803688 -0.593972 0.035823 2.000000
0.018617 0.052311 0.741924 0.844137 -0.531639 -0.069236 2.000000
0.018840 0.057546 0.742081 0.897530 0.148957 -0.415031 2.000000
0.020474 0.048221 0.737268 0.847874 -0.269472 -0.456612 2.000000
0.021104 0.054287 0.739478 -0.584830 -0.802485 0.118286 2.000000
0.017114 0.050640 0.740680 0.642139 -0.602023 0.474580 2.000000
0.019929 0.055465 0.736475 -0.302472 -0.748172 -0.590550 2.000000
0.021205 0.049570 0.739450 0.533024 -0.781554 0.324126 2.000000
0.020998 0.055403 0.746573 0.525809 -0.222377 -0.821020 2.000000
0.020738 0.059146 0.744369 0.709813 -0.227347 -0.666692 2.000000
0.020812 0.049187 0.737613 0.843945 -0.404653 -0.352155 2.000000
0.018997 0.048428 0.737300 0.750227 -0.197248 0.631072 2.000000
0.016616 0.049175 0.740260 0.694516 -0.327595 0.640570 2.000000
0.019215 0.059393 0.732191 0.727008 0.243186 0.642122 2.000000
0.019146 0.063084 0.742050 0.852548 -0.473976 -0.220248 2.000000
0.021102 0.058176 0.732328 -0.066004 -0.788848 -0.611034 2.000000
0.019079 0.052415 0.737652 0.990700 -0.061028 0.121607 2.000000
0.023231 0.051117 0.741053 0.249231 -0.786095 0.565631 2.000000
0.022209 0.050498 0.739026 0.532701 -0.840556 -0.098465 2.000000
0.018535 0.059421 0.741946 0.995524 0.054475 -0.077226 2.000000
0.023411 0.058533 0.741507 -0.243662 -0.328958 0.912368 2.000000
0.020600 0.060472 0.741374 0.896511 0.377096 -0.232523 2.000000
0.020970 0.054055 0.737616 -0.537220 -0.843378 0.010368 2.000000
0.026637 0.053457 0.739652 -0.199164 -0.266291 0.943092 2.000000
0.021814 0.061237 0.742418 0.515210 0.170484 -0.839937 2.000000
0.021006 0.050874 0.742716 0.537616 -0.821343 0.190697 2.000000
0.018574 0.057991 0.734242 0.908532 -0.228909 -0.349530 2.000000
0.025821 0.051810 0.739898 0.356446 -0.797510 -0.486749 2.000000
0.019104 0.056958 0.739859 0.844841 -0.088295 0.527682 2.000000
0.019648 0.055424 0.743091 0.843173 -0.040822 -0.536090 2.000000
0.021048 0.054063 0.738132 -0.481644 -0.863492 0.149669 2.000000
0.023624 0.052719 0.736387 -0.271477 -0.753442 -0.598854 2.000000
0.018591 0.059318 0.733532 0.858872 -0.330492 -0.391299 2.000000
0.019043 0.052863 0.742734 0.860764 -0.440247 -0.255477 2.000000
0.023952 0.051671 0.741332 0.151891 -0.784274 0.601534 2.000000
0.025587 0.053633 0.739559 -0.149067 -0.436246 0.887394 2.000000
0.020794 0.052487 0.746411 -0.458950 0.561595 -0.688459 2.000000
0.023112 0.053124 0.736283 0.379038 0.802381 0.460994 2.000000
0.018561 0.048911 0.738283 0.766344 -0.279841 0.578278 2.000000
0.019747 0.053654 0.743879 0.897729 -0.295918 -0.326366 2.000000
0.020355 0.048938 0.738935 0.489763 -0.743774 0.454899 2.000000
0.019161 0.060743 0.733294 0.858084 0.077108 -0.507686 2.000000
0.020055 0.055332 0.743742 0.880590 -0.065324 -0.469356 2.000000
0.021047 0.048939 0.738373 0.788174 -0.615406 0.007557 2.000000
0.020789 0.054622 0.736406 -0.631779 -0.668311 -0.392703 2.000000
0.018523 0.057830 0.741309 0.996652 0.080861 0.012126 2.000000
0.021296 0.053412 0.735657 -0.431561 0.464214 0.773473 2.000000
0.024698 0.051045 0.740019 0.454552 -0.871186 -0.185520 2.000000
0.023750 0.053295 0.739259 -0.045854 -0.685686 0.726452 2.000000
0.019503 0.051505 0.735725 -0.337195 -0.522063 -0.783422 2.000000
0.021019 0.051501 0.745344 0.656058 -0.699382 0.283641 2.000000
0.018512 0.061675 0.741384 0.916922 -0.070185 0.392847 2.000000
0.019157 0.055948 0.742326 0.909751 -0.007941 -0.415079 2.000000
0.020738 0.054990 0.746392 0.770604 -0.025295 -0.636813 2.000000
0.018951 0.062826 0.741759 0.901347 -0.409470 -0.141095 2.000000
0.020430 0.048703 0.738517 0.641246 -0.684041 0.347694 2.000000
0.026776 0.056853 0.741776 0.445174 0.364975 -0.817688 2.000000
0.019332 0.049957 0.737359 0.899203 0.021547 0.437001 2.000000
0.018862 0.062119 0.742140 0.841514 -0.328742 -0.428700 2.000000
0.019223 0.056861 0.735517 -0.008458 -0.531248 -0.847174 2.000000
0.019041 0.053405 0.736909 0.995782 -0.008705 -0.091338 2.000000
0.018530 0.058692 0.741648 0.999540 -0.027167 -0.013503 2.000000
0.022308 0.053165 0.744636 0.868371 -0.468583 -0.162365 2.000000
0.020224 0.054941 0.744017 0.917865 -0.078218 -0.389109 2.000000
0.020922 0.054252 0.738828 -0.527867 -0.819464 0.223237 2.000000
0.027972 0.053887 0.740333 -0.292350 -0.259761 0.920356 2.000000
0.021363 0.054229 0.736359 0.674033 0.670047 0.310994 2.000000
0.019547 0.059342 0.743171 0.720127 0.059804 -0.691260 2.000000
0.021109 0.051697 0.744336 0.727485 -0.668931 0.152633 2.000000
0.021967 0.053374 0.737186 -0.549414 -0.830565 -0.091138 2.000000
0.019293 0.055404 0.742717 0.874163 -0.025641 -0.484955 2.000000
0.019640 0.055431 0.736775 0.086396 -0.742372 -0.664394 2.000000
0.019095 0.050617 0.744306 -0.368456 0.843557 -0.390707 2.000000
0.021482 0.050040 0.738100 0.765526 -0.540145 -0.349590 2.000000
0.024056 0.053700 0.739497 0.010926 -0.564128 0.825615 2.000000
0.018979 0.054950 0.740159 0.997114 -0.035366 0.067174 2.000000
0.019796 0.053918 0.734733 -0.171122 0.429760 0.886580 2.000000
0.018740 0.061612 0.732388 0.900627 0.188842 0.391421 2.000000
0.018131 0.047994 0.740339 0.136905 0.965114 0.223186 2.000000
0.020421 0.047798 0.737136 -0.558110 0.285644 0.779051 2.000000
0.018906 0.055143 0.740560 0.999882 0.003316 0.015020 2.000000
0.021552 0.053594 0.746703 0.135490 -0.317375 0.938571 2.000000
0.018883 0.050271 0.738176 0.824657 0.034085 0.564606 2.000000
0.015547 0.050324 0.741862 -0.480263 0.596343 -0.643213 2.000000
0.026215 0.058940 0.743149 0.423582 0.495461 -0.758352 2.000000
0.018927 0.053590 0.741580 0.988870 -0.076518 -0.127595 2.000000
0.023844 0.053007 0.739038 -0.098714 -0.717832 0.689182 2.000000
0.020348 0.055661 0.735584 0.744159 0.559952 0.364254 2.000000
0.019088 0.054215 0.742118 0.970943 -0.021896 -0.238306 2.000000
0.016917 0.050969 0.741390 0.521029 -0.770666 0.366882 2.000000
0.018875 0.060440 0.733193 0.996467 0.079306 0.027628 2.000000
0.019393 0.058995 0.733992 -0.300071 0.480162 0.824259 2.000000
0.022317 0.051005 0.741324 0.298303 -0.814716 0.497246 2.000000
0.020019 0.050529 0.741580 0.395051 -0.906541 0.148718 2.000000
0.019294 0.049548 0.742148 0.727628 -0.641885 0.241950 2.000000
0.019243 0.049772 0.737689 0.896367 -0.046183 0.440901 2.000000
0.021857 0.050177 0.739227 0.637044 -0.770028 -0.035105 2.000000
0.017476 0.050213 0.739761 0.713962 -0.329336 0.617896 2.000000
0.018574 0.057097 0.734491 0.997660 0.044968 -0.051500 2.000000
0.020775 0.049470 0.739586 0.452757 -0.795900 0.401938 2.000000
0.023868 0.051963 0.737632 0.815988 -0.037440 -0.576856 2.000000
0.019527 0.049532 0.736858 0.594653 0.045733 0.802681 2.000000
0.022204 0.051760 0.737046 0.228799 -0.515216 -0.825956 2.000000
0.019140 0.060510 0.742822 -0.680597 0.012602 0.732550 2.000000
0.018434 0.048353 0.738143 0.907335 0.024781 0.419678 2.000000
0.019296 0.056067 0.734293 0.642441 0.541171 0.542589 2.000000
0.022615 0.052730 0.742302 -0.461450 0.407969 -0.787797 2.000000
0.018376 0.048842 0.738556 0.716003 -0.272534 0.642701 2.000000
0.020624 0.058482 0.740075 -0.210075 -0.211584 0.954516 2.000000
0.018507 0.059194 0.741518 0.996094 -0.025010 0.084686 2.000000
0.018960 0.057895 0.740243 0.787692 -0.111014 0.605985 2.000000
0.023693 0.059746 0.730280 0.025577 0.739741 0.672405 2.000000
0.020003 0.049161 0.739519 0.380665 -0.748296 0.543275 2.000000
0.019018 0.051629 0.737892 0.951426 -0.029082 0.306501 2.000000
0.025129 0.055834 0.740677 -0.110420 -0.315917 0.942340 2.000000
0.022440 0.050910 0.741091 0.258968 -0.837665 0.480888 2.000000
0.021207 0.051887 0.744778 0.735542 -0.659953 0.153100 2.000000
0.018949 0.056132 0.735993 0.718821 -0.288995 -0.632281 2.000000
0.018936 0.060127 0.740711 0.734913 -0.138467 0.663875 2.000000
0.023911 0.055468 0.740579 0.156643 -0.434921 0.886739 2.000000
0.023252 0.052899 0.738697 -0.190254 -0.856999 0.478912 2.000000
0.018603 0.057171 0.735012 0.846485 -0.298646 -0.440765 2.000000
0.018386 0.052245 0.739852 0.930363 -0.357951 0.079351 2.000000
0.023883 0.050953 0.740481 0.226605 -0.921894 0.314264 2.000000
0.018394 0.062114 0.732781 0.993878 0.032149 0.105700 2.000000
0.019377 0.060261 0.731768 0.759012 0.153865 0.632635 2.000000
0.025080 0.051606 0.739606 0.513364 -0.702737 -0.492562 2.000000
0.020879 0.060140 0.741462 0.720119 0.598841 -0.350453 2.000000
0.020433 0.060690 0.730690 -0.580989 -0.290587 -0.760271 2.000000
0.018938 0.054400 0.740826 0.997897 -0.047922 -0.043658 2.000000
0.022197 0.053086 0.736124 -0.134694 0.375196 0.917107 2.000000
0.022434 0.053210 0.736143 0.209175 0.662732 0.719049 2.000000
0.018545 0.049569 0.743289 0.629367 -0.657633 0.414025 2.000000
0.026631 0.057457 0.742050 0.495543 0.464035 -0.734240 2.000000
0.015470 0.049546 0.742015 0.450895 -0.620595 0.641526 2.000000
0.020621 0.055562 0.735080 0.813434 0.573057 0.099654 2.000000
0.018379 0.061232 0.741863 0.999736 -0.022442 -0.004892 2.000000
0.021100 0.048878 0.738281 0.788174 -0.615406 0.007557 2.000000
0.018132 0.049527 0.738924 0.685387 -0.152018 0.712134 2.000000
0.021036 0.049707 0.737592 0.854627 -0.317690 -0.410713 2.000000
0.018038 0.050424 0.743596 -0.558829 0.057888 0.827260 2.000000
0.021180 0.052881 0.736147 -0.430100 0.447132 0.784275 2.000000
0.024802 0.052603 0.739096 -0.534105 -0.169459 0.828261 2.000000
0.020432 0.053326 0.746197 0.718428 0.199635 -0.666339 2.000000
0.023122 0.054094 0.746203 0.518344 -0.581382 0.627148 2.000000
0.018526 0.052618 0.739472 0.951638 -0.273016 0.140878 2.000000
0.024913 0.053694 0.739522 -0.081473 -0.529036 0.844679 2.000000
0.020926 0.055047 0.746717 0.203221 -0.239497 -0.949391 2.000000
0.018646 0.057089 0.741246 0.986386 0.164420 0.002791 2.000000
0.021084 0.062517 0.740847 0.811628 -0.022515 -0.583740 2.000000
0.019040 0.055203 0.742012 0.979542 0.003156 -0.201214 2.000000
0.019088 0.053463 0.742215 0.945788 -0.153510 -0.286217 2.000000
0.019317 0.049515 0.737570 0.873113 -0.098378 0.477489 2.000000
0.018815 0.056835 0.740607 0.964337 0.102475 0.244036 2.000000
0.020832 0.050571 0.742115 0.304251 -0.939332 0.158386 2.000000
0.022453 0.055122 0.740972 0.237335 -0.395072 0.887463 2.000000
0.018659 0.058233 0.734161 0.833656 -0.305852 -0.459861 2.000000
0.021226 0.053369 0.746711 0.175036 -0.387692 0.905018 2.000000
0.025691 0.053877 0.739728 -0.105715 -0.530487 0.841076 2.000000
0.024593 0.057351 0.741234 -0.024774 -0.361381 0.932089 2.000000
0.022219 0.060035 0.730063 0.375410 0.527139 0.762360 2.000000
0.017775 0.051441 0.742350 -0.588689 0.807979 0.024783 2.000000
0.018993 0.053899 0.736830 0.992388 -0.055145 -0.110114 2.000000
0.019627 0.061397 0.743254 0.301327 -0.138901 -0.943350 2.000000
0.019006 0.056515 0.732946 -0.481446 -0.732127 -0.481872 2.000000
0.019523 0.050390 0.743948 0.478318 -0.842950 0.246266 2.000000
0.020497 0.055458 0.735648 0.717771 0.628849 0.298921 2.000000
0.021649 0.052543 0.743561 0.956335 -0.243262 0.162007 2.000000
0.027754 0.051378 0.741106 -0.056638 -0.967834 -0.245133 2.000000
0.020709 0.055765 0.739537 -0.705090 -0.070928 0.705562 2.000000
0.024212 0.058603 0.732997 0.104082 -0.873971 -0.474702 2.000000
0.025689 0.055261 0.740654 -0.194912 -0.393867 0.898264 2.000000
0.018846 0.053440 0.739662 0.966646 -0.252224 0.044477 2.000000
0.019458 0.049757 0.742271 0.721927 -0.646516 0.246654 2.000000
0.019061 0.054765 0.735442 0.987669 0.074186 0.137866 2.000000
0.018258 0.048998 0.743071 0.724546 -0.502602 0.471619 2.000000
0.021321 0.056789 0.734037 0.451469 -0.474794 -0.755478 2.000000
0.023358 0.050814 0.738795 0.331359 -0.902526 -0.275042 2.000000
0.019478 0.054146 0.734509 -0.170933 -0.278857 -0.944998 2.000000
0.020152 0.060633 0.740387 -0.234110 -0.269738 0.934042 2.000000
0.022973 0.050923 0.738200 0.326590 -0.839551 -0.434157 2.000000
0.019692 0.050074 0.741070 0.645654 -0.712373 0.275055 2.000000
0.025544 0.058710 0.742257 0.460468 0.507715 -0.728145 2.000000
0.018303 0.051698 0.739518 0.903135 -0.336355 0.266855 2.000000
0.018999 0.056083 0.740108 0.958493 0.021514 0.284304 2.000000
0.021104 0.056547 0.733990 0.441637 -0.566592 -0.695651 2.000000
0.022520 0.053170 0.736915 -0.503836 -0.844096 -0.183440 2.000000
0.020704 0.055332 0.735252 0.842116 0.539040 0.016619 2.000000
0.020541 0.054708 0.738990 -0.657214 -0.663259 0.357990 2.000000
0.015867 0.050513 0.741942 -0.475370 0.694000 -0.540728 2.000000
0.021566 0.051650 0.743080 0.831532 -0.492689 0.256538 2.000000
0.019116 0.055210 0.739458 0.823368 -0.249409 0.509766 2.000000
0.020146 0.054517 0.738271 -0.244025 -0.936880 0.250414 2.000000
0.018549 0.058369 0.741430 0.998051 0.007578 0.061945 2.000000
0.015752 0.049774 0.741454 0.506095 -0.512189 0.693924 2.000000
0.018941 0.061693 0.740985 0.639287 -0.056777 0.766870 2.000000
0.018749 0.057021 0.741695 0.964587 0.162287 -0.207929 2.000000
0.022540 0.053044 0.737235 -0.609955 -0.788852 -0.075289 2.000000
0.022289 0.053650 0.739284 -0.363256 -0.824816 0.433272 2.000000
0.020927 0.053576 0.746797 -0.031382 0.275265 -0.960856 2.000000
0.023008 0.051187 0.741279 0.258287 -0.748663 0.610567 2.000000
0.018835 0.055875 0.735948 0.876889 -0.157376 -0.454201 2.000000
0.021008 0.058725 0.740305 -0.376757 -0.221928 0.899334 2.000000
0.024390 0.051486 0.738975 0.664370 -0.562238 -0.492445 2.000000
0.018931 0.053991 0.740754 0.995347 -0.076166 -0.059025 2.000000
0.022699 0.053026 0.736227 0.372236 0.801978 0.467195 2.000000
0.019833 0.051017 0.735904 -0.049401 -0.392804 -0.918294 2.000000
0.025712 0.058493 0.732581 0.109602 -0.866622 -0.486779 2.000000
0.018537 0.059009 0.741964 0.991661 0.017055 -0.127737 2.000000
0.023130 0.051125 0.738014 0.389868 -0.744319 -0.542210 2.000000
0.018214 0.047879 0.742607 0.803981 -0.486108 0.342512 2.000000
0.020076 0.055714 0.734207 0.344107 -0.329993 -0.879031 2.000000
0.019044 0.052095 0.735457 -0.605701 -0.436531 -0.665257 2.000000
0.024614 0.053151 0.739230 -0.162116 -0.498277 0.851726 2.000000
0.019267 0.056515 0.733196 -0.337854 -0.887592 -0.313106 2.000000
0.020710 0.051775 0.745834 0.483630 -0.732156 0.479635 2.000000
0.021390 0.054140 0.735318 0.713022 0.147851 -0.685375 2.000000
0.020732 0.056774 0.739680 0.328565 0.198162 -0.923459 2.000000
0.021534 0.049884 0.738616 0.798670 -0.587476 -0.130378 2.000000
0.020349 0.055287 0.744534 0.938549 -0.093409 -0.332265 2.000000
0.018083 0.049739 0.739001 0.701816 -0.123693 0.701537 2.000000
0.022612 0.053623 0.739327 -0.186844 -0.746807 0.638254 2.000000
0.019569 0.056565 0.739485 0.377305 -0.217434 0.900202 2.000000
0.025322 0.058080 0.741567 -0.320134 -0.518146 0.793120 2.000000
0.018439 0.062451 0.732648 0.996439 -0.016979 0.082594 2.000000
0.021402 0.058171 0.745191 0.855274 -0.121371 -0.503761 2.000000
0.022951 0.058651 0.732020 0.133035 -0.867577 -0.479179 2.000000
0.017273 0.048969 0.739494 -0.674946 0.051748 -0.736050 2.000000
0.019264 0.060823 0.731962 0.805678 0.124912 0.579034 2.000000
0.026904 0.052272 0.739902 -0.133792 0.474595 0.869977 2.000000
0.025865 0.054241 0.740037 -0.096662 -0.553278 0.827369 2.000000
0.018478 0.061306 0.741689 0.989479 -0.040963 0.138754 2.000000
0.020332 0.055350 0.736106 -0.641761 -0.652287 -0.403317 2.000000
0.019299 0.062593 0.742609 0.866892 -0.233845 -0.440243 2.000000
0.018668 0.057871 0.740676 0.921059 0.007565 0.389351 2.000000
0.018765 0.060058 0.733068 0.988023 -0.152309 0.024759 2.000000
0.022332 0.054056 0.743214 0.772545 -0.410962 0.484030 2.000000
0.019190 0.054540 0.738814 0.856450 -0.424490 0.293772 2.000000
0.019119 0.051249 0.737731 0.936009 0.019732 0.351422 2.000000
0.022662 0.050639 0.739413 0.277577 -0.960578 -0.015532 2.000000
0.019939 0.060115 0.743413 -0.160849 0.335878 0.928070 2.000000
0.018937 0.055938 0.741737 0.978850 0.086625 -0.185335 2.000000
0.018671 0.060166 0.741065 0.858338 -0.123084 0.498103 2.000000
0.021944 0.051476 0.742106 0.522201 -0.693530 0.496309 2.000000
0.023199 0.052437 0.736560 0.006671 -0.700923 -0.713206 2.000000
0.018170 0.049940 0.738962 0.719460 -0.133375 0.681608 2.000000
0.018777 0.056680 0.733160 0.824155 0.518893 0.226979 2.000000
0.019701 0.056059 0.739325 0.388645 -0.180890 0.903457 2.000000
0.019215 0.048222 0.736998 -0.412746 -0.194672 -0.889800 2.000000
0.025891 0.051592 0.740220 0.328482 -0.914445 -0.236411 2.000000
0.020742 0.054936 0.736088 0.667794 0.662788 0.338769 2.000000
0.019391 0.049447 0.740170 0.554108 -0.730951 0.398340 2.000000
0.020895 0.058663 0.734183 -0.371068 -0.219196 -0.902365 2.000000
0.018559 0.060130 0.741406 0.942361 -0.032678 0.332999 2.000000
0.019110 0.054885 0.742125 0.976895 0.014153 -0.213251 2.000000
0.021246 0.055539 0.741092 0.472748 -0.142322 -0.869628 2.000000
0.017747 0.051314 0.741237 0.657658 -0.723708 0.209123 2.000000
0.024095 0.051249 0.738828 0.611846 -0.649029 -0.452112 2.000000
0.021910 0.050476 0.738289 0.569606 -0.743226 -0.350947 2.000000
0.019156 0.053433 0.737326 0.992586 -0.033364 -0.116876 2.000000
0.021114 0.053942 0.737428 -0.567205 -0.821993 -0.051052 2.000000
0.018714 0.057312 0.733993 0.990870 0.056413 -0.122449 2.000000
0.020875 0.055333 0.746409 0.525809 -0.222377 -0.821020 2.000000
0.018991 0.054803 0.741290 0.995415 -0.019098 -0.093725 2.000000
0.021820 0.053911 0.739525 -0.298346 -0.904263 0.305447 2.000000
0.019002 0.049234 0.741843 0.797230 -0.566802 0.207751 2.000000
0.020179 0.055822 0.735610 0.626253 0.623396 0.468172 2.000000
0.016150 0.049390 0.740790 0.628502 -0.397830 0.668368 2.000000
0.027282 0.054945 0.740837 -0.197746 -0.492625 0.847477 2.000000
0.021988 0.053472 0.735924 -0.022267 -0.493825 -0.869276 2.000000
0.019183 0.060102 0.731962 0.806589 0.117983 0.579218 2.000000
0.018276 0.051433 0.739315 0.886118 -0.283348 0.366756 2.000000
0.026657 0.055970 0.741271 0.335541 0.377862 -0.862921 2.000000
0.020377 0.060343 0.740323 -0.331092 -0.221849 0.917148 2.000000
0.021204 0.061733 0.742626 0.708100 -0.446676 0.546878 2.000000
0.018717 0.057856 0.734674 0.822770 -0.312181 -0.474966 2.000000
0.018974 0.051636 0.736130 0.876513 0.339959 0.340811 2.000000
0.019896 0.055098 0.739002 0.152526 -0.524886 0.837395 2.000000
0.024208 0.051947 0.738247 0.814748 -0.058319 -0.576874 2.000000
0.020558 0.055802 0.734915 0.884194 0.403185 0.235886 2.000000
0.022840 0.052946 0.736934 -0.560482 -0.792910 -0.239069 2.000000
0.019433 0.049102 0.739741 0.472644 -0.721233 0.506390 2.000000
0.018779 0.048464 0.737626 0.792128 -0.291516 0.536238 2.000000
0.019428 0.059406 0.740338 0.437562 -0.132183 0.889420 2.000000
0.023668 0.054545 0.740183 0.167207 -0.538661 0.825764 2.000000
0.017422 0.051405 0.741743 0.557016 -0.819430 0.135160 2.000000
0.018501 0.061641 0.732868 0.981209 0.143712 0.128747 2.000000
0.019481 0.051630 0.744870 -0.136735 0.810314 -0.569820 2.000000
0.023339 0.053775 0.739574 0.025768 -0.650729 0.758872 2.000000
0.020998 0.054089 0.738288 -0.489030 -0.854118 0.177010 2.000000
0.019113 0.055565 0.739608 0.855856 -0.123379 0.502283 2.000000
0.019883 0.059093 0.731926 0.466393 0.452555 0.760047 2.000000
0.018786 0.051964 0.738695 0.913000 -0.183747 0.364237 2.000000
0.022028 0.054176 0.740353 -0.037886 -0.870081 0.491451 2.000000
0.018998 0.058350 0.732643 0.612901 0.097052 0.784177 2.000000
0.019324 0.054242 0.742707 0.919700 0.006522 -0.392567 2.000000
0.020520 0.048578 0.738228 0.767268 -0.578562 0.276705 2.000000
0.021233 0.050969 0.742087 0.470483 -0.823238 0.317687 2.000000
0.020415 0.054591 0.745805 0.916477 -0.005746 -0.400045 2.000000
0.022168 0.053641 0.742882 0.712182 -0.390913 0.583081 2.000000
0.019109 0.060306 0.740581 0.581824 -0.193787 0.789891 2.000000
0.026337 0.057499 0.741859 -0.450928 -0.474062 0.756260 2.000000
0.024183 0.054326 0.739915 0.023269 -0.558367 0.829267 2.000000
0.020246 0.047717 0.736966 0.173812 -0.346608 -0.921766 2.000000
0.021279 0.054012 0.736657 -0.657840 -0.721360 -0.216532 2.000000
0.018952 0.053582 0.738968 0.962063 -0.209995 0.174172 2.000000
0.018899 0.054140 0.740075 0.992751 -0.105875 0.056885 2.000000
0.019054 0.057410 0.740082 0.770354 -0.143116 0.621348 2.000000
0.016020 0.049601 0.741157 0.641557 -0.395782 0.657085 2.000000
0.023704 0.052853 0.738769 -0.192419 -0.804310 0.562192 2.000000
0.020133 0.055971 0.734078 -0.194330 0.579372 0.791558 2.000000
0.019077 0.063330 0.741437 -0.693076 0.703190 -0.158650 2.000000
0.020880 0.049205 0.737825 0.854741 -0.430404 -0.290119 2.000000
0.020919 0.056084 0.734248 0.547310 -0.665657 -0.507299 2.000000
0.018728 0.052762 0.740377 0.945448 -0.291045 -0.146358 2.000000
0.020012 0.053540 0.735021 0.245485 -0.506258 -0.826704 2.000000
0.019514 0.059490 0.731879 0.665068 0.286809 0.689511 2.000000
0.017906 0.050458 0.739399 0.752214 -0.271810 0.600245 2.000000
0.020783 0.054802 0.739690 0.814816 0.529366 -0.236319 2.000000
0.018369 0.060639 0.742094 0.982868 0.068304 -0.171186 2.000000
0.025363 0.057004 0.741099 -0.187631 -0.335568 0.923141 2.000000
0.018071 0.051752 0.742125 0.660625 -0.749803 -0.037019 2.000000
0.021359 0.054034 0.739091 -0.505330 -0.845575 0.172174 2.000000
0.018878 0.058486 0.740394 0.780476 -0.168322 0.602101 2.000000
0.026224 0.053163 0.739526 -0.154248 -0.043243 0.987085 2.000000
0.018672 0.052157 0.738929 0.920389 -0.208372 0.330854 2.000000
0.021506 0.053867 0.738330 -0.539252 -0.827241 0.157733 2.000000
0.022074 0.052461 0.742597 0.757527 -0.277077 0.591085 2.000000
0.018842 0.058088 0.734503 -0.565424 0.516445 0.643102 2.000000
0.018054 0.051894 0.741664 0.673988 -0.738570 0.015938 2.000000
0.019092 0.049223 0.741230 0.791883 -0.606636 0.070101 2.000000
0.019964 0.057329 0.733034 -0.335493 0.560459 0.757186 2.000000
0.019276 0.050813 0.737270 0.944315 0.133477 0.300753 2.000000
0.017431 0.051275 0.741450 0.605252 -0.769658 0.203214 2.000000
0.019348 0.049413 0.737109 0.796428 -0.083061 0.599001 2.000000
0.024810 0.057930 0.741443 -0.123290 -0.405117 0.905914 2.000000
0.021187 0.060220 0.730481 0.455517 0.489872 0.743323 2.000000
0.019262 0.047726 0.738955 -0.095538 -0.979171 0.179155 2.000000
0.020374 0.056413 0.733842 -0.274743 0.664490 0.694960 2.000000
0.022853 0.054080 0.740002 0.113910 -0.777435 0.618563 2.000000
0.023287 0.054187 0.740042 0.156781 -0.657573 0.736897 2.000000
0.018935 0.055509 0.736385 0.839438 -0.281778 -0.464699 2.000000
0.022659 0.055513 0.741019 0.246930 -0.357331 0.900744 2.000000
0.018613 0.056868 0.735164 0.913458 -0.044556 -0.404487 2.000000
0.020587 0.061181 0.741635 0.977787 -0.027887 -0.207739 2.000000
0.020869 0.048826 0.738309 0.785061 -0.604657 0.134419 2.000000
0.020824 0.051298 0.744129 0.642730 -0.721494 0.257575 2.000000
0.020233 0.055303 0.736324 -0.591737 -0.668541 -0.450445 2.000000
0.019301 0.049398 0.741679 0.797808 -0.593899 0.103859 2.000000
0.019671 0.056648 0.735287 -0.038999 -0.395601 -0.917594 2.000000
0.021578 0.051980 0.736905 -0.200390 0.551150 0.809986 2.000000
0.018860 0.052749 0.741442 0.941908 -0.334404 -0.031365 2.000000
0.022608 0.054167 0.746655 -0.368732 0.256506 -0.893444 2.000000
0.024642 0.052070 0.738855 0.732192 -0.034270 -0.680236 2.000000
0.019143 0.054599 0.736252 0.993790 -0.065383 -0.090038 2.000000
0.020651 0.055097 0.740190 0.936510 0.274485 -0.218192 2.000000
0.026136 0.051680 0.740283 0.234771 -0.905213 -0.354219 2.000000
0.021100 0.054124 0.738563 -0.509510 -0.839165 0.190265 2.000000
0.017105 0.049789 0.740022 0.695414 -0.325409 0.640709 2.000000
0.017033 0.050657 0.740889 0.609087 -0.635768 0.474143 2.000000
0.023732 0.053444 0.739379 -0.024436 -0.625700 0.779681 2.000000
0.021092 0.049189 0.738416 0.811804 -0.583113 -0.030895 2.000000
0.021671 0.051133 0.741895 0.494522 -0.739317 0.457010 2.000000
0.019360 0.062064 0.742975 0.826753 -0.171749 -0.535707 2.000000
0.026747 0.059811 0.743258 0.536052 0.402495 -0.742056 2.000000
0.018569 0.057446 0.741212 0.990653 0.134119 0.024867 2.000000
0.018665 0.059178 0.742251 0.962125 0.087609 -0.258147 2.000000
0.020544 0.054841 0.734720 -0.664872 0.078816 0.742787 2.000000
0.026387 0.052363 0.743878 0.146459 0.925295 -0.349828 2.000000
0.018627 0.049846 0.743848 -0.576607 0.748791 -0.326858 2.000000
0.021806 0.050772 0.737819 -0.450976 0.583124 0.675713 2.000000
0.020255 0.059649 0.733817 -0.193691 0.357327 0.913675 2.000000
0.022957 0.053113 0.736226 0.385189 0.762842 0.519328 2.000000
0.020254 0.054846 0.736950 -0.464141 -0.756080 -0.461429 2.000000
0.018894 0.052612 0.738540 0.946370 -0.132865 0.294500 2.000000
0.023152 0.055533 0.740816 0.268243 -0.403901 0.874591 2.000000
0.019231 0.061244 0.731832 0.805306 0.117768 0.581045 2.000000
0.023496 0.052593 0.738117 -0.390825 -0.840842 0.374488 2.000000
0.021445 0.057745 0.745382 0.878932 -0.205844 -0.430241 2.000000
0.020129 0.057284 0.733236 -0.400453 0.588435 0.702412 2.000000
0.018898 0.049475 0.738226 0.788070 -0.162154 0.593845 2.000000
0.021195 0.056032 0.746294 0.625971 -0.241044 -0.741659 2.000000
0.018199 0.050881 0.739157 0.844985 -0.218295 0.488209 2.000000
0.020605 0.061674 0.741878 0.942149 -0.206458 -0.264066 2.000000
0.026193 0.059520 0.743096 -0.400959 -0.506364 0.763431 2.000000
0.018546 0.061859 0.741804 0.960513 -0.258868 -0.101990 2.000000
0.018795 0.049637 0.742987 0.633805 -0.658093 0.406453 2.000000
0.018478 0.047959 0.741397 0.845839 -0.526813 0.083819 2.000000
0.020925 0.054236 0.736736 -0.612625 -0.713963 -0.339039 2.000000
0.022622 0.052855 0.737653 -0.564709 -0.824692 0.031419 2.000000
0.018900 0.049209 0.738117 0.802122 -0.233381 0.549667 2.000000
0.020088 0.049565 0.740132 0.270817 -0.809459 0.520993 2.000000
0.021370 0.049524 0.739086 0.701545 -0.694713 0.158774 2.000000
0.018414 0.051962 0.742682 -0.728669 0.679376 0.086540 2.000000
0.023252 0.051594 0.737461 -0.475559 0.547132 0.688833 2.000000
0.018929 0.049630 0.738183 0.811846 -0.106952 0.573993 2.000000
0.021511 0.054537 0.740974 -0.112849 -0.678272 0.726094 2.000000
0.022182 0.053339 0.736619 -0.467461 -0.880792 -0.075402 2.000000
0.021988 0.053580 0.738378 -0.567441 -0.799798 0.195793 2.000000
0.024563 0.053762 0.739557 -0.059846 -0.553952 0.830395 2.000000
0.023736 0.052150 0.737543 0.838816 -0.035793 -0.543237 2.000000
0.019157 0.048808 0.739562 -0.291399 0.928421 -0.230482 2.000000
0.018603 0.062805 0.733115 0.981644 -0.093875 -0.166021 2.000000
0.019320 0.051966 0.735511 -0.275669 -0.425266 -0.862065 2.000000
0.018872 0.056029 0.741129 0.992742 0.120242 -0.002375 2.000000
0.019008 0.061606 0.731955 0.816717 0.131890 0.561764 2.000000
0.018958 0.054209 0.741226 0.994303 -0.059066 -0.088733 2.000000
0.021080 0.052292 0.736569 0.375701 -0.486693 -0.788657 2.000000
0.022936 0.052940 0.738850 -0.304444 -0.834176 0.459852 2.000000
0.018013 0.051161 0.739813 0.834252 -0.407903 0.370997 2.000000
0.022563 0.051699 0.741882 0.421721 -0.565468 0.708799 2.000000
0.021437 0.057290 0.733897 0.579838 -0.392096 -0.714177 2.000000
0.022266 0.051490 0.737314 -0.167302 0.654867 0.736993 2.000000
0.024372 0.056774 0.741048 0.038572 -0.342015 0.938903 2.000000
0.018994 0.057226 0.735340 0.509544 -0.454567 -0.730571 2.000000
0.018476 0.052248 0.741684 0.780450 -0.624391 -0.032148 2.000000
0.021051 0.059539 0.730954 0.398504 0.530131 0.748436 2.000000
0.021249 0.054054 0.738865 -0.525936 -0.836271 0.155058 2.000000
0.020582 0.049970 0.736651 -0.630951 0.314968 0.709010 2.000000
0.021050 0.054623 0.746978 0.227597 -0.147934 -0.962453 2.000000
0.019956 0.048790 0.739134 0.474297 -0.656845 0.586171 2.000000
0.019988 0.048869 0.736745 0.170352 0.059715 0.983572 2.000000
0.028920 0.051893 0.740009 -0.020309 -0.803108 -0.595488 2.000000
0.022655 0.054369 0.740441 0.223801 -0.679024 0.699170 2.000000
0.018210 0.051694 0.742561 -0.658614 0.752330 0.015076 2.000000
0.019068 0.055886 0.734652 0.856005 0.329042 0.398731 2.000000
0.019011 0.053887 0.736623 0.997183 -0.039504 -0.063766 2.000000
0.019822 0.056187 0.735550 -0.365561 -0.638123 -0.677617 2.000000
0.020100 0.056167 0.743803 0.883592 -0.069980 -0.462999 2.000000
0.020081 0.054715 0.737338 -0.181898 -0.854894 -0.485870 2.000000
0.020947 0.049894 0.737259 0.830874 -0.270444 -0.486321 2.000000
0.019861 0.057338 0.734677 0.239220 0.438902 0.866106 2.000000
0.021314 0.051904 0.737019 -0.381942 0.504135 0.774577 2.000000
0.016674 0.050352 0.740846 0.676367 -0.519972 0.521687 2.000000
0.019064 0.052457 0.737819 0.984254 -0.056211 0.167582 2.000000
0.022031 0.054339 0.740681 0.066457 -0.790198 0.609238 2.000000
0.021562 0.057570 0.734269 -0.283123 -0.307834 -0.908339 2.000000
0.018417 0.052225 0.740099 0.890244 -0.455258 -0.014332 2.000000
0.018552 0.057796 0.734513 0.900096 -0.262729 -0.347565 2.000000
0.019139 0.053691 0.737746 0.984997 -0.159235 -0.066527 2.000000
0.027477 0.051585 0.740602 -0.073943 -0.905564 -0.417716 2.000000
0.018853 0.057093 0.734041 0.973491 0.224980 -0.041232 2.000000
0.025410 0.056615 0.740998 -0.170771 -0.324193 0.930450 2.000000
0.021185 0.051438 0.737261 -0.491796 0.457128 0.741060 2.000000
0.018911 0.053122 0.735661 0.965838 0.084344 0.245038 2.000000
0.017095 0.049329 0.739825 0.684394 -0.266328 0.678729 2.000000
0.018898 0.059046 0.740686 0.757549 -0.154254 0.634291 2.000000
0.019556 0.053586 0.734827 -0.008929 -0.484116 -0.874958 2.000000
0.019298 0.062777 0.742541 0.871642 -0.262006 -0.414238 2.000000
0.021743 0.052541 0.745642 0.664982 -0.626694 0.406268 2.000000
0.018816 0.058502 0.740444 0.809768 -0.147295 0.567961 2.000000
0.018929 0.053991 0.741465 0.991604 -0.052002 -0.118396 2.000000
0.018835 0.062313 0.733410 0.928266 0.018726 -0.371445 2.000000
0.018976 0.054048 0.735409 0.951694 -0.031956 0.305381 2.000000
0.015777 0.049285 0.741157 -0.551473 0.428909 -0.715482 2.000000
0.023955 0.050833 0.740074 0.246913 -0.964736 0.091202 2.000000
0.018926 0.054509 0.740120 0.994269 -0.054098 0.092212 2.000000
0.019435 0.049687 0.741319 0.812574 -0.576560 0.085447 2.000000
0.019092 0.053231 0.735002 -0.568680 -0.324056 -0.756036 2.000000
0.024915 0.062006 0.742773 0.332001 0.321941 -0.886640 2.000000
0.024990 0.054969 0.740405 -0.129192 -0.413979 0.901072 2.000000
0.020975 0.058115 0.732433 -0.010967 -0.770323 -0.637560 2.000000
0.019038 0.053963 0.736370 0.996693 -0.052526 -0.062000 2.000000
0.022751 0.050726 0.740399 0.186830 -0.932904 0.307870 2.000000
0.019607 0.055836 0.736283 -0.102749 -0.797855 -0.594028 2.000000
0.018785 0.057205 0.740584 0.946660 0.107334 0.303834 2.000000
0.020770 0.049615 0.737135 0.723517 -0.354444 -0.592362 2.000000
0.018812 0.052584 0.738977 0.936279 -0.191843 0.294240 2.000000
0.019146 0.053261 0.737458 0.999581 -0.019551 -0.021354 2.000000
0.025016 0.055475 0.740556 -0.108350 -0.354928 0.928594 2.000000
0.020547 0.055122 0.745768 0.929997 -0.095210 -0.355021 2.000000
0.019009 0.053883 0.739305 0.964665 -0.215561 0.151506 2.000000
0.020583 0.048520 0.737756 0.887554 -0.438733 -0.140579 2.000000
0.020452 0.053379 0.735292 -0.405408 0.506728 0.760836 2.000000
0.019579 0.062586 0.740885 0.437238 -0.197878 0.877307 2.000000
0.020970 0.058941 0.731502 0.284826 0.671135 0.684436 2.000000
0.019135 0.053188 0.737784 0.995212 -0.038901 0.089664 2.000000
0.018719 0.062350 0.741691 0.917829 -0.357980 -0.171583 2.000000
0.017892 0.050809 0.739608 0.800402 -0.381013 0.462802 2.000000
0.016286 0.049902 0.740932 0.665123 -0.418154 0.618675 2.000000
0.018782 0.049268 0.742317 0.744096 -0.577385 0.336076 2.000000
0.018590 0.057330 0.732774 0.878627 0.170415 0.446064 2.000000
0.018899 0.049940 0.743559 0.575065 -0.749348 0.328295 2.000000
0.019548 0.061617 0.731342 0.756014 0.118301 0.643776 2.000000
0.021712 0.054163 0.740207 -0.121097 -0.908459 0.400047 2.000000
0.022535 0.052981 0.738493 -0.480770 -0.818229 0.315217 2.000000
0.019889 0.050111 0.740974 0.583147 -0.744111 0.325943 2.000000
0.019833 0.058321 0.743324 0.739713 0.087406 -0.667221 2.000000
0.018309 0.048024 0.739980 0.024331 0.976498 0.214148 2.000000
0.021843 0.051207 0.737527 -0.313743 0.572749 0.757313 2.000000
0.022487 0.054021 0.746833 0.274456 -0.208577 0.938706 2.000000
0.018885 0.055618 0.735722 0.958755 -0.016426 -0.283758 2.000000
0.018533 0.060110 0.741683 0.989971 0.006703 0.141109 2.000000
0.022836 0.053935 0.742962 0.035189 -0.845854 0.532253 2.000000
0.026870 0.054207 0.740138 -0.201317 -0.490345 0.847958 2.000000
0.021763 0.053257 0.746325 0.402389 -0.621394 0.672275 2.000000
0.021663 0.052367 0.744987 0.824933 -0.558240 0.088618 2.000000
0.019027 0.052721 0.736845 0.996853 -0.004495 -0.079150 2.000000
0.015883 0.050495 0.741683 -0.485028 0.557863 -0.673451 2.000000
0.020057 0.054133 0.743866 0.828555 -0.037521 -0.558649 2.000000
0.020790 0.054621 0.740654 0.658010 0.614248 -0.435571 2.000000
0.019092 0.050495 0.737786 0.890952 0.048979 0.451449 2.000000
0.021591 0.054341 0.735678 0.800717 0.598368 0.028417 2.000000
0.021239 0.057996 0.740491 -0.475981 -0.171270 0.862617 2.000000
0.028375 0.051338 0.741087 -0.040704 -0.933228 -0.356972 2.000000
0.020712 0.055295 0.740715 0.862373 0.018458 -0.505937 2.000000
0.024588 0.053535 0.739385 -0.075751 -0.527420 0.846221 2.000000
0.018344 0.050303 0.738851 0.778293 -0.110024 0.618186 2.000000
0.023556 0.052276 0.737906 0.639941 0.526472 -0.559735 2.000000
0.018351 0.060665 0.741886 0.993879 0.049484 0.098772 2.000000
0.018905 0.052925 0.741890 0.944352 -0.279359 -0.173662 2.000000
0.025323 0.051620 0.741212 0.202547 -0.964003 0.172258 2.000000
0.020840 0.057920 0.740045 -0.257169 -0.167686 0.951707 2.000000
0.018892 0.053449 0.739194 0.962699 -0.222008 0.154670 2.000000
0.017712 0.051254 0.740585 0.713840 -0.650382 0.259684 2.000000
0.022084 0.053375 0.744337 0.849199 -0.460098 -0.259174 2.000000
0.020381 0.054620 0.737140 -0.533123 -0.766656 -0.357796 2.000000
0.018759 0.052813 0.740564 0.937338 -0.312002 -0.155091 2.000000
0.018712 0.048099 0.737445 0.801889 0.025940 0.596910 2.000000
0.022966 0.052703 0.737953 -0.478199 -0.859821 0.178976 2.000000
0.023527 0.053690 0.739519 0.010546 -0.626293 0.779516 2.000000
0.018858 0.062805 0.741476 0.873527 -0.482479 0.064542 2.000000
0.024218 0.053001 0.739075 -0.145529 -0.603635 0.783866 2.000000
0.019000 0.063142 0.741335 0.791145 -0.583842 0.182257 2.000000
0.022299 0.059449 0.730677 0.229135 0.667355 0.708615 2.000000
0.019162 0.050132 0.737717 0.886957 0.015674 0.461587 2.000000
0.018574 0.052186 0.739249 0.930328 -0.231792 0.284188 2.000000
0.021581 0.052805 0.736264 -0.334490 0.373958 0.865027 2.000000
0.018160 0.051786 0.740264 0.853669 -0.508091 0.114422 2.000000
0.021137 0.054447 0.740786 -0.380480 -0.750106 0.540903 2.000000
0.022753 0.053193 0.739020 -0.299939 -0.801879 0.516747 2.000000
0.018462 0.061153 0.742244 0.877541 -0.146271 -0.456647 2.000000
0.018970 0.061285 0.732133 0.854541 0.127571 0.503473 2.000000
0.022810 0.051459 0.737448 -0.342211 0.630684 0.696512 2.000000
0.021678 0.053829 0.738901 -0.481426 -0.854557 0.194836 2.000000
0.020838 0.055034 0.741039 -0.676174 -0.286729 0.678657 2.000000
0.027129 0.051982 0.740202 -0.078009 0.698984 0.710870 2.000000
0.028748 0.052966 0.740130 0.532799 -0.068727 -0.843446 2.000000
0.019171 0.062726 0.733621 0.759883 0.135236 -0.635837 2.000000
0.026412 0.056674 0.741508 0.415839 0.353134 -0.838078 2.000000
0.017805 0.051618 0.741434 0.673715 -0.729440 0.118426 2.000000
0.020784 0.056933 0.734593 -0.389982 -0.127762 -0.911916 2.000000
0.019218 0.054352 0.738291 0.816583 -0.561997 0.131726 2.000000
0.028677 0.051642 0.741952 0.020403 -0.973064 -0.229630 2.000000
0.021603 0.052156 0.744479 0.829424 -0.554012 0.071597 2.000000
0.019467 0.062456 0.743111 0.753843 -0.184655 -0.630574 2.000000
0.019837 0.055685 0.734246 -0.050358 -0.005826 0.998714 2.000000
0.020319 0.058888 0.740109 -0.125829 -0.204251 0.970798 2.000000
0.020324 0.053765 0.735056 -0.383762 0.471490 0.793993 2.000000
0.022388 0.060385 0.729702 0.375410 0.527139 0.762360 2.000000
0.027264 0.053192 0.739783 -0.183889 0.030102 0.982486 2.000000
0.018645 0.057605 0.741713 0.968975 0.135245 -0.206871 2.000000
0.021624 0.053946 0.739322 -0.410150 -0.889636 0.200809 2.000000
0.020939 0.050433 0.741435 0.226832 -0.900647 0.370651 2.000000
0.018788 0.048819 0.741531 0.844422 -0.530687 0.072951 2.000000
0.022166 0.050690 0.740804 0.258963 -0.886122 0.384353 2.000000
0.020574 0.054292 0.737616 -0.527278 -0.848377 -0.047273 2.000000
0.018673 0.052371 0.741205 0.863781 -0.503864 0.001801 2.000000
0.018685 0.057231 0.740832 0.960436 0.114896 0.253695 2.000000
0.024328 0.050919 0.740118 0.338477 -0.940090 -0.040803 2.000000
0.019656 0.056893 0.742963 0.824522 0.020819 -0.565446 2.000000
0.020484 0.054412 0.738354 -0.417042 -0.890214 0.183289 2.000000
0.018510 0.060234 0.742058 0.983307 0.123824 -0.133325 2.000000
0.023509 0.051200 0.738147 0.521945 -0.669931 -0.527982 2.000000
0.018669 0.061336 0.733320 0.957957 0.150198 -0.244458 2.000000
0.019027 0.056427 0.739914 0.919084 0.029968 0.392920 2.000000
0.019856 0.054999 0.737129 -0.193301 -0.783571 -0.590467 2.000000
0.026445 0.057176 0.741752 -0.423550 -0.376213 0.824056 2.000000
0.018124 0.051303 0.739572 0.871760 -0.334132 0.358315 2.000000
0.020270 0.054932 0.738983 -0.290435 -0.640678 0.710759 2.000000
0.020671 0.052873 0.746533 -0.111367 0.427283 -0.897233 2.000000
0.021585 0.054924 0.741136 0.130577 0.586247 -0.799540 2.000000
0.020891 0.053073 0.746662 -0.149561 0.407414 -0.900914 2.000000
0.024056 0.056251 0.740897 0.100416 -0.350052 0.931333 2.000000
0.025558 0.056117 0.740860 -0.250860 -0.311838 0.916420 2.000000
0.018070 0.048911 0.743407 0.722959 -0.527143 0.446598 2.000000
0.018887 0.060529 0.740943 0.754156 -0.186260 0.629726 2.000000
0.019428 0.053570 0.742850 0.894431 -0.216791 -0.391146 2.000000
0.019704 0.053567 0.743515 0.890780 -0.319117 -0.323536 2.000000
0.018998 0.055397 0.741616 0.990602 0.069729 -0.117670 2.000000
0.025259 0.056491 0.740947 -0.151728 -0.334495 0.930103 2.000000
0.020789 0.051349 0.744593 0.656803 -0.739049 0.149719 2.000000
0.022225 0.051244 0.741694 0.364920 -0.710767 0.601368 2.000000
0.018617 0.058607 0.740959 0.926226 -0.121441 0.356871 2.000000
0.018346 0.049243 0.743018 0.716422 -0.501432 0.485083 2.000000
0.018826 0.057545 0.740427 0.883215 0.025949 0.468250 2.000000
0.020833 0.054132 0.737875 -0.522415 -0.849459 0.074175 2.000000
0.020616 0.062491 0.740502 -0.187576 -0.068259 0.979875 2.000000
0.018799 0.053360 0.740192 0.978048 -0.199736 -0.059399 2.000000
0.018690 0.060587 0.741345 0.871425 -0.095632 0.481116 2.000000
0.025702 0.053301 0.739464 -0.215949 -0.264332 0.939944 2.000000
0.019007 0.055835 0.736288 0.617198 -0.485496 -0.619161 2.000000
0.018077 0.051614 0.740534 0.800109 -0.583640 0.138531 2.000000
0.027550 0.052358 0.739903 0.065551 -0.476646 -0.876648 2.000000
0.018826 0.056368 0.735692 0.822023 -0.155838 -0.547715 2.000000
0.018515 0.057989 0.734029 0.953719 -0.095525 -0.285122 2.000000
0.019737 0.056185 0.743131 0.834893 -0.055496 -0.547607 2.000000
0.019089 0.062443 0.741040 0.581802 -0.277335 0.764586 2.000000
0.028320 0.051386 0.741443 -0.056646 -0.978629 -0.197677 2.000000
0.019046 0.051568 0.736506 0.954239 0.258843 0.149758 2.000000
0.019020 0.062575 0.742062 0.864530 -0.346345 -0.364187 2.000000
0.021828 0.060535 0.729812 -0.395614 -0.499521 -0.770693 2.000000
0.021839 0.057284 0.734187 0.315784 -0.432620 -0.844465 2.000000
0.020521 0.054199 0.734937 0.512150 -0.164980 -0.842902 2.000000
0.021891 0.053874 0.736009 0.645623 0.731220 0.220202 2.000000
0.021558 0.050127 0.740049 0.451493 -0.835198 0.314003 2.000000
0.020977 0.052143 0.746118 0.565233 -0.594516 0.571894 2.000000
0.017576 0.051185 0.741060 0.639939 -0.712074 0.288841 2.000000
0.019691 0.054652 0.743232 0.847117 -0.060063 -0.528001 2.000000
0.028350 0.051544 0.740527 -0.052656 -0.857573 -0.511661 2.000000
0.018099 0.048339 0.742952 0.778863 -0.495888 0.384015 2.000000
0.021245 0.053976 0.738384 -0.493965 -0.854290 0.161823 2.000000
0.023685 0.050899 0.738991 0.410456 -0.869115 -0.275980 2.000000
0.025925 0.051737 0.741479 0.111996 -0.993287 0.028949 2.000000
0.017342 0.049681 0.739725 0.689354 -0.271492 0.671627 2.000000
0.018945 0.056828 0.735604 0.720874 -0.231548 -0.653243 2.000000
0.021503 0.051586 0.737253 -0.300207 0.526764 0.795233 2.000000
0.021528 0.062651 0.732853 0.757040 0.558815 -0.338550 2.000000
0.020114 0.050805 0.744091 0.452502 -0.815649 0.360497 2.000000
0.019434 0.054820 0.734358 -0.482254 -0.087690 -0.871631 2.000000
0.021764 0.059558 0.741194 -0.576446 -0.508538 0.639609 2.000000
0.018787 0.058277 0.740477 0.819186 -0.160754 0.550539 2.000000
0.023023 0.052859 0.742236 -0.390142 0.429729 -0.814323 2.000000
0.021942 0.060329 0.729848 0.381602 0.508262 0.772043 2.000000
0.018998 0.054928 0.736533 0.904183 -0.169642 -0.392013 2.000000
0.022993 0.052758 0.736337 0.383054 0.791598 0.476070 2.000000
0.018736 0.059201 0.733048 0.980316 -0.116289 0.159554 2.000000
0.021976 0.053563 0.739026 -0.510109 -0.816049 0.271758 2.000000
0.019029 0.053924 0.741968 0.969419 -0.061198 -0.237661 2.000000
0.023847 0.052328 0.738063 0.735271 0.441665 -0.514110 2.000000
0.021036 0.054380 0.740494 -0.539818 -0.788147 0.295671 2.000000
0.018708 0.052886 0.740079 0.949174 -0.288023 -0.126933 2.000000
0.020746 0.060597 0.742000 0.903317 0.276733 -0.327777 2.000000
0.018574 0.048378 0.741843 0.814792 -0.536573 0.219551 2.000000
0.019067 0.056564 0.739676 0.858476 -0.080217 0.506542 2.000000
0.022676 0.050787 0.738324 0.298054 -0.866184 -0.401110 2.000000
0.018873 0.053226 0.740808 0.986925 -0.137747 -0.083693 2.000000
0.021187 0.059849 0.741096 0.689568 0.494737 -0.528896 2.000000
0.018752 0.057967 0.740489 0.899942 -0.024060 0.435345 2.000000
0.021101 0.057599 0.740336 -0.474517 -0.129520 0.870666 2.000000
0.020395 0.051003 0.744321 0.507920 -0.795066 0.331492 2.000000
0.019611 0.055041 0.738961 0.347067 -0.609460 0.712814 2.000000
0.022837 0.053937 0.742736 0.215482 -0.692163 0.688824 2.000000
0.021091 0.056356 0.734332 0.545683 -0.671964 -0.500694 2.000000
0.019638 0.052341 0.735478 -0.222707 0.377342 0.898897 2.000000
0.025169 0.057884 0.741397 -0.197718 -0.436458 0.877731 2.000000
0.022403 0.056200 0.741187 -0.017985 0.055258 -0.998310 2.000000
0.020729 0.049639 0.740020 0.323363 -0.831483 0.451745 2.000000
0.023464 0.052343 0.737401 0.816658 0.521534 -0.247128 2.000000
0.019209 0.058985 0.732410 0.669201 0.286347 0.685693 2.000000
0.016580 0.050430 0.740977 0.623231 -0.548355 0.557575 2.000000
0.018437 0.058660 0.733499 0.990714 -0.129006 -0.042926 2.000000
0.024831 0.051247 0.739733 0.482774 -0.778154 -0.401754 2.000000
0.016194 0.050025 0.741253 0.618823 -0.446326 0.646414 2.000000
0.024839 0.059275 0.742148 -0.362209 -0.503705 0.784274 2.000000
0.019189 0.050018 0.743141 0.591402 -0.764670 0.255975 2.000000
0.022010 0.053864 0.739558 -0.243913 -0.898828 0.364162 2.000000
0.019038 0.056473 0.733299 -0.342263 -0.895234 -0.285329 2.000000
0.024119 0.054756 0.740204 0.066228 -0.498955 0.864093 2.000000
0.021143 0.049475 0.738799 0.750564 -0.657221 0.068661 2.000000
0.018908 0.059521 0.740729 0.781789 -0.071610 0.619418 2.000000
0.023478 0.051469 0.741264 0.224514 -0.738045 0.636304 2.000000
0.020389 0.047735 0.737310 0.825724 -0.371979 -0.424041 2.000000
0.018983 0.051906 0.735767 0.800508 0.291173 0.523836 2.000000
0.024386 0.051085 0.740497 0.256269 -0.942643 0.213893 2.000000
0.018988 0.055370 0.739953 0.969940 -0.078890 0.230201 2.000000
0.019186 0.061642 0.731731 0.805266 0.115319 0.581590 2.000000
0.026296 0.051939 0.740161 0.245618 -0.817141 -0.521490 2.000000
0.020836 0.061635 0.741432 0.959964 -0.179549 -0.215013 2.000000
0.018913 0.048861 0.739896 -0.414667 0.905755 -0.087523 2.000000
0.018366 0.050803 0.738860 0.814843 -0.140627 0.562365 2.000000
0.020622 0.054502 0.738785 -0.508232 -0.786793 0.350224 2.000000
0.021597 0.058745 0.731619 -0.178060 -0.715792 -0.675231 2.000000
0.020228 0.054650 0.738645 -0.217079 -0.779936 0.587007 2.000000
0.026007 0.054954 0.740620 -0.163621 -0.454050 0.875823 2.000000
0.019491 0.062891 0.743009 0.873396 -0.189702 -0.448544 2.000000
0.015630 0.050369 0.741752 0.470820 -0.533120 0.702930 2.000000
0.021281 0.058465 0.731947 -0.105651 -0.787099 -0.607712 2.000000
0.020819 0.050696 0.742864 0.512397 -0.844842 0.153920 2.000000
0.018863 0.053462 0.739432 0.965635 -0.234647 0.111761 2.000000
0.025044 0.051602 0.741246 0.143378 -0.911758 0.384889 2.000000
0.016220 0.050743 0.742033 0.633157 -0.739240 0.229426 2.000000
0.018919 0.053231 0.741190 0.988308 -0.130693 -0.078526 2.000000
0.019230 0.054504 0.736004 0.999751 -0.006315 -0.021412 2.000000
0.020478 0.058026 0.733015 0.140937 -0.911717 -0.385887 2.000000
0.023048 0.052546 0.737569 -0.667843 -0.697972 0.258498 2.000000
0.023166 0.052704 0.736955 -0.630788 -0.677431 -0.378408 2.000000
0.023249 0.052558 0.737217 -0.702148 -0.704019 -0.106515 2.000000
