0.039887 0.078188 0.250223 56 82 7 0.846965 0.493049 -0.198878
0.039033 0.075864 0.257910 121 141 38 0.509362 0.650147 -0.563790
0.039933 0.076439 0.253144 73 101 26 0.687237 0.477809 0.547178
0.043975 0.073295 0.249711 68 84 14 0.814783 0.560902 0.146691
0.043618 0.073558 0.251089 52 84 11 0.795101 0.596003 0.112226
0.039778 0.076349 0.254160 69 96 43 0.753538 0.563421 0.338730
0.042424 0.077509 0.247627 101 109 52 0.290548 -0.688171 -0.664832
0.038559 0.076469 0.256562 54 83 27 0.924611 0.027724 0.379903
0.046059 0.070922 0.250040 57 75 6 -0.554442 -0.825425 -0.106144
0.043088 0.074470 0.250375 47 72 9 0.725538 0.680227 0.104336
0.040600 0.077564 0.246114 83 103 23 -0.020362 -0.941700 0.335838
0.040007 0.077948 0.251817 54 91 8 0.800219 0.461489 0.382985
0.039086 0.075661 0.257611 95 119 23 0.365193 0.830840 -0.419929
0.042375 0.074588 0.248843 59 85 17 0.526119 0.845287 0.093208
0.043490 0.076326 0.248321 74 96 30 0.405699 0.293429 0.865626
0.041289 0.073307 0.250183 66 90 15 0.360163 0.435214 -0.825149
0.041307 0.075827 0.250164 64 86 8 -0.674252 -0.685364 0.275065
0.039830 0.073963 0.253889 54 78 5 -0.559204 -0.800350 -0.216171
0.040372 0.075139 0.254771 72 93 57 -0.460884 -0.786947 -0.410245
0.041336 0.074929 0.254386 72 97 50 -0.583453 -0.751352 -0.308306
0.037808 0.076863 0.258036 95 102 28 0.622074 -0.138597 -0.770594
0.042188 0.075186 0.249546 51 75 12 -0.569318 -0.815135 0.106922
0.043024 0.074534 0.249727 52 80 5 -0.672906 -0.739652 0.010594
0.043204 0.069679 0.251661 83 123 21 -0.218276 -0.216018 0.951678
0.040468 0.075851 0.247837 53 72 10 0.476250 0.693801 0.540209
0.041147 0.075359 0.253575 71 91 39 -0.523882 -0.803783 -0.281921
0.041238 0.075773 0.249378 52 80 10 -0.563254 -0.810109 0.162691
0.044148 0.075515 0.247980 66 88 32 0.762129 0.259142 0.593300
0.044201 0.068266 0.250036 88 92 41 0.270416 0.961541 0.048116
0.041815 0.075535 0.251304 61 91 6 0.758328 0.649926 0.050339
0.038862 0.075962 0.256363 57 85 34 0.762694 0.539800 0.356250
0.046869 0.069586 0.252012 111 148 49 0.332043 0.704013 0.627785
0.041601 0.077578 0.247174 90 126 62 0.118940 -0.878637 -0.462439
0.046830 0.068022 0.250444 96 112 7 0.189171 -0.838384 -0.511200
0.040541 0.075822 0.247990 56 72 10 0.457375 0.807509 0.372475
0.048336 0.068842 0.251189 127 149 31 0.958604 0.281897 -0.040165
0.044325 0.072814 0.251274 71 94 21 0.713575 0.683222 0.154976
0.039221 0.077539 0.253602 68 100 35 0.880643 0.421176 0.216975
0.042368 0.074392 0.253335 59 83 27 -0.554189 -0.771679 -0.312068
0.041449 0.075740 0.249874 56 80 7 -0.581445 -0.795980 0.168337
0.045830 0.071011 0.249364 64 89 17 0.689026 0.712695 -0.131561
0.042047 0.077119 0.245181 93 106 22 -0.110360 -0.853441 0.509371
0.043131 0.072972 0.252847 39 90 13 0.987715 -0.075624 0.136749
0.043863 0.069557 0.251758 100 126 35 -0.282958 -0.186953 0.940735
0.039542 0.076938 0.253646 77 107 39 0.853528 0.472030 0.220631
0.041433 0.068804 0.251022 76 110 12 -0.310304 -0.061092 0.948672
0.039315 0.074102 0.255226 45 69 10 0.666270 0.719385 -0.196389
0.043463 0.077026 0.248158 75 98 33 0.290978 0.426699 0.856306
0.046218 0.070460 0.251018 97 121 13 -0.515708 -0.836260 -0.186319
0.041184 0.075367 0.253380 70 94 34 -0.541178 -0.790814 -0.285900
0.042784 0.077311 0.246045 100 116 20 -0.325928 -0.854241 0.405021
0.047864 0.069429 0.250626 79 110 9 0.781128 0.623653 -0.029921
0.048001 0.069425 0.251411 152 169 76 -0.681233 -0.700387 -0.213024
0.041977 0.075172 0.248416 77 95 14 0.192121 0.921917 0.336390
0.042989 0.070742 0.251627 80 114 28 -0.396777 0.158497 0.904128
0.045477 0.070620 0.251828 114 146 35 -0.471875 -0.529988 -0.704590
0.044207 0.073508 0.248581 79 93 4 0.889342 0.386597 0.244159
0.038607 0.076119 0.249340 56 84 20 0.821059 0.471837 -0.321297
0.043720 0.073159 0.252047 63 87 20 0.761599 0.515650 0.392521
0.040098 0.073734 0.249873 60 88 11 0.535154 0.497781 -0.682513
0.042317 0.073295 0.250477 64 86 12 0.603336 0.550291 -0.577205
0.041911 0.072737 0.252742 74 97 6 -0.295720 -0.944170 -0.145236
0.041483 0.073217 0.250195 72 93 18 0.366671 0.473611 -0.800778
0.047366 0.069802 0.251349 157 181 107 -0.519140 -0.805235 -0.286514
0.041187 0.075951 0.250154 66 88 18 0.697818 0.650502 -0.299829
0.041001 0.073970 0.251633 69 97 4 0.686621 0.657320 0.310616
0.040056 0.077481 0.249820 62 85 1 0.879402 0.375589 -0.292550
0.045589 0.067632 0.251288 72 97 1 -0.116494 -0.990763 0.069415
0.041774 0.071988 0.250558 90 110 53 -0.340398 0.304169 0.889725
0.039728 0.074198 0.248749 63 89 40 0.809633 0.569363 0.142549
0.044531 0.072842 0.248399 78 100 19 0.906959 0.412722 0.084172
0.042813 0.074184 0.253127 66 94 10 -0.681947 -0.696118 -0.224429
0.042702 0.071510 0.251127 86 110 21 -0.517836 0.310153 0.797277
0.043073 0.069429 0.251607 87 118 21 -0.185306 -0.304564 0.934292
0.043763 0.072978 0.253897 120 140 68 0.024356 -0.895515 0.444365
0.039945 0.075235 0.257096 80 109 32 -0.458689 -0.856657 0.236097
0.043940 0.072998 0.251960 62 87 10 0.697500 0.535600 0.476053
0.044381 0.073308 0.248415 76 96 12 0.905450 0.375411 0.198058
0.044089 0.073290 0.253729 85 120 23 -0.508526 -0.794392 0.332179
0.043764 0.068808 0.251609 74 105 18 -0.521775 -0.223198 0.823367
0.045181 0.068166 0.252242 126 158 9 0.147743 0.787076 -0.598901
0.039224 0.076793 0.254614 74 97 53 0.965770 0.224323 0.130259
0.040886 0.076404 0.252309 68 99 10 0.728208 0.590271 0.348272
0.041480 0.075587 0.249490 58 80 7 -0.503707 -0.849984 0.154291
0.041635 0.075585 0.249817 50 80 9 -0.535729 -0.834428 0.129323
0.041564 0.077820 0.246285 86 107 24 -0.024288 -0.999669 0.008496
0.042775 0.072689 0.250835 70 91 13 0.802534 0.306880 -0.511629
0.043850 0.073898 0.249251 94 109 42 0.743692 0.610584 0.272232
0.039607 0.075983 0.254752 70 86 37 0.728259 0.513184 0.454182
0.043981 0.070137 0.251965 86 108 38 -0.173063 -0.094855 0.980332
0.038438 0.076335 0.257831 101 121 24 0.652833 0.542979 -0.528187
0.040810 0.075050 0.254856 74 98 56 -0.442604 -0.823811 -0.354171
0.039066 0.076515 0.258267 72 94 23 -0.613589 -0.474447 0.631196
0.039658 0.075340 0.256837 105 123 27 -0.511387 -0.842277 0.170447
0.041054 0.075797 0.249019 56 79 7 -0.565183 -0.810126 0.155769
0.039957 0.075074 0.256830 102 125 25 -0.641202 -0.750182 0.161516
0.045303 0.071607 0.250264 49 67 6 0.713895 0.696670 -0.070738
0.041943 0.077465 0.247440 113 126 54 0.228090 -0.774080 -0.590571
0.039274 0.077621 0.253308 76 97 23 0.865122 0.440561 0.239729
0.038422 0.076093 0.256839 66 87 29 0.930724 0.300325 0.208706
0.042550 0.074953 0.250252 51 75 12 -0.614957 -0.786370 -0.058731
0.042552 0.072803 0.250607 71 90 11 0.676325 0.248730 -0.693338
0.042666 0.075248 0.248707 95 109 47 -0.272970 0.464310 0.842558
0.038964 0.075922 0.257941 88 102 41 0.477820 0.639597 -0.602166
0.041562 0.076047 0.251289 61 86 7 0.822924 0.563925 0.069175
0.037420 0.076819 0.254407 51 72 10 0.763269 -0.149970 0.628434
0.039323 0.075729 0.255654 65 81 38 0.715720 0.619896 0.321674
0.047817 0.068012 0.250924 73 91 11 0.719022 -0.693869 -0.039428
0.043106 0.073438 0.254608 110 118 22 -0.377311 -0.570559 -0.729451
0.040579 0.074628 0.255993 77 105 29 0.740052 0.303567 0.600142
0.042398 0.074957 0.251280 64 89 13 -0.675816 -0.735088 -0.054031
0.040311 0.076214 0.245196 85 104 29 0.430158 -0.356835 0.829236
0.041554 0.075011 0.253651 58 91 27 -0.652582 -0.713154 -0.256023
0.042552 0.076997 0.247997 76 107 35 -0.231725 0.471385 0.850940
0.041336 0.075365 0.253041 69 93 19 -0.577353 -0.756662 -0.306801
0.039739 0.076091 0.254489 69 93 42 0.704802 0.528924 0.472751
0.041886 0.077426 0.247436 84 115 58 0.201488 -0.784078 -0.587046
0.043234 0.077709 0.247230 92 112 38 -0.402383 -0.915263 -0.019541
0.041891 0.074005 0.254721 92 118 50 0.741730 0.353415 0.570030
0.042149 0.073545 0.254646 86 108 28 0.546345 -0.178708 0.818273
0.045180 0.071840 0.251055 62 90 20 0.866773 0.446619 0.221892
0.040416 0.073601 0.255319 58 84 5 0.019374 -0.865473 0.500581
0.040488 0.074494 0.251934 66 97 3 -0.660643 -0.677858 -0.322582
0.048223 0.069049 0.251496 127 150 85 0.886403 0.420024 0.194602
0.038961 0.076591 0.258274 76 97 39 -0.627066 -0.408337 0.663362
0.040253 0.077680 0.251363 48 81 13 0.852499 0.417645 0.314354
0.045818 0.070978 0.250571 68 96 13 0.702518 0.686343 0.188155
0.039847 0.075553 0.255009 60 84 41 -0.633504 -0.658531 -0.406213
0.039350 0.077386 0.253400 73 102 29 0.853556 0.449824 0.262870
0.043006 0.077655 0.247728 86 108 38 -0.014513 -0.813260 -0.581720
0.038823 0.077327 0.245850 86 118 19 -0.117730 0.511050 -0.851450
0.040356 0.075840 0.248118 46 76 7 -0.665084 -0.745870 -0.036610
0.040223 0.077397 0.251806 59 89 9 0.858263 0.451426 0.244130
0.039902 0.075451 0.257368 71 102 18 0.306795 0.917688 -0.252438
0.043914 0.076582 0.247965 77 96 39 0.714443 0.314359 0.625099
0.040721 0.073657 0.253002 60 85 3 -0.637987 -0.718812 -0.276194
0.038566 0.076122 0.256681 65 85 28 0.864192 0.374623 0.335902
0.046740 0.070598 0.250283 62 87 25 -0.364170 -0.869589 -0.333459
0.039068 0.076090 0.255770 51 79 26 0.830573 0.326677 0.451033
0.040615 0.072351 0.249931 74 97 15 0.882830 -0.093553 -0.460282
0.038208 0.077329 0.249523 66 93 29 -0.517918 0.853111 0.062951
0.039433 0.076303 0.254738 73 90 46 0.879275 0.373329 0.295807
0.046882 0.069887 0.251830 115 140 34 -0.400990 -0.743237 -0.535542
0.040253 0.077516 0.251493 63 84 7 0.843623 0.415140 0.340527
0.040351 0.077661 0.246284 92 116 35 -0.054400 -0.928579 0.367125
0.040513 0.077214 0.250420 62 87 6 0.791132 0.496557 -0.357129
0.043505 0.073559 0.251863 70 98 21 0.797146 0.562419 0.219643
0.045142 0.071749 0.251215 59 98 14 0.814031 0.453528 0.362858
0.040064 0.075006 0.251858 69 95 6 -0.598817 -0.732469 -0.323895
0.041100 0.076123 0.252343 69 100 8 0.742328 0.536206 0.401785
0.041323 0.075570 0.248635 54 75 11 -0.462018 -0.886564 0.023303
0.040383 0.068695 0.250572 72 99 25 0.774490 0.092552 -0.625779
0.038707 0.076744 0.250165 69 92 18 0.545569 -0.546133 -0.635683
0.039185 0.074387 0.256468 68 89 12 -0.118800 -0.500599 0.857489
0.039133 0.077607 0.254548 68 100 39 0.967180 0.222670 -0.122396
0.039852 0.078358 0.250486 65 87 1 0.802820 0.581225 -0.132877
0.040898 0.075737 0.248397 48 75 8 -0.322735 -0.946390 -0.013741
0.040542 0.069891 0.250540 65 99 5 0.580826 0.030625 -0.813452
0.041008 0.074529 0.255582 94 112 56 0.699103 0.285716 0.655455
0.039562 0.075659 0.255293 69 85 46 0.715292 0.611615 0.338059
0.039556 0.075567 0.255483 61 83 43 0.700398 0.669159 0.248334
0.042961 0.073730 0.253679 80 103 30 0.753694 0.579753 0.309567
0.039203 0.074912 0.248868 79 99 44 0.843887 0.534991 0.040491
0.043956 0.076924 0.247269 80 105 26 0.862894 0.498638 0.082303
0.040757 0.076668 0.247779 71 91 21 -0.360708 -0.165470 -0.917883
0.042263 0.068385 0.250965 74 108 7 0.105203 0.481314 -0.870212
0.040706 0.069957 0.249671 54 70 5 0.909645 -0.175232 0.376616
0.040449 0.077493 0.247783 62 83 16 -0.528401 -0.602136 -0.598519
0.038709 0.076833 0.256478 50 76 18 0.888934 -0.116304 0.443023
0.040075 0.073870 0.247654 86 102 37 0.846237 0.517384 0.127268
0.038129 0.075530 0.254809 45 66 9 0.838656 0.500977 0.213725
0.039662 0.078596 0.251655 55 83 5 -0.679620 -0.640020 -0.358458
0.044594 0.071949 0.251847 76 103 32 0.697423 0.283951 0.658007
0.038927 0.075712 0.257441 101 121 27 -0.645431 -0.734852 0.208353
0.044284 0.076023 0.247588 73 93 34 0.882283 0.308319 0.355690
0.043681 0.072835 0.253486 103 130 42 0.266626 0.933277 -0.240634
0.044426 0.070184 0.252010 112 131 41 0.000691 -0.001858 -0.999998
0.041949 0.074472 0.253564 60 88 23 -0.626741 -0.721279 -0.294875
0.038702 0.074845 0.253248 63 86 4 0.720425 0.650420 0.240711
0.039621 0.075811 0.254898 68 87 52 0.706956 0.542749 0.453473
0.042586 0.073994 0.254025 76 95 39 -0.483828 -0.790445 -0.375642
0.046388 0.070575 0.250439 65 95 14 -0.394108 -0.831003 -0.392573
0.042896 0.074582 0.250648 53 74 16 -0.695967 -0.710452 -0.104348
0.042320 0.072768 0.252333 71 97 15 0.234686 0.967441 0.094766
0.046721 0.070641 0.249791 79 100 14 0.389973 0.918543 0.064808
0.040560 0.074951 0.255486 85 113 66 -0.503753 -0.818778 -0.275382
0.039549 0.073953 0.254858 51 70 7 -0.542957 -0.837037 0.067572
0.040037 0.075437 0.254922 69 84 46 -0.570830 -0.692656 -0.440886
0.042350 0.075376 0.248358 79 107 41 -0.509915 0.448907 0.733805
0.042612 0.077228 0.247901 82 102 37 -0.242779 0.529799 0.812632
0.043978 0.076871 0.247541 79 102 32 0.849078 0.472964 0.235311
0.039463 0.074694 0.248603 76 94 46 0.788264 0.601202 0.131133
0.040490 0.077681 0.250947 58 81 3 0.871001 0.482191 0.094067
0.037803 0.076241 0.254757 49 68 10 0.856299 0.506991 0.098548
0.041001 0.071029 0.249071 71 83 15 0.821545 0.163568 0.546177
0.040306 0.075264 0.254857 67 84 43 -0.467034 -0.772560 -0.430151
0.039365 0.077851 0.255061 71 90 37 0.967730 0.251103 -0.021136
0.040614 0.076803 0.251733 66 94 6 0.691747 0.679087 0.245616
0.041449 0.073805 0.255189 71 104 19 0.562828 -0.184286 0.805769
0.041364 0.075450 0.252759 69 99 23 -0.603314 -0.700448 -0.381293
0.040844 0.073294 0.254488 60 82 26 -0.212137 -0.930057 0.299985
0.042966 0.072927 0.253541 69 92 12 0.132357 -0.962514 0.236746
0.042180 0.075195 0.250584 58 78 13 -0.650548 -0.758873 -0.029981
0.039112 0.077592 0.255981 49 70 26 0.916759 0.023908 0.398725
0.038836 0.075819 0.257501 102 125 7 -0.650043 -0.724997 0.227647
0.042828 0.074630 0.250930 53 79 8 -0.677321 -0.727781 -0.107570
0.039937 0.070823 0.250478 87 101 10 -0.334075 -0.189731 -0.923253
0.043232 0.073001 0.253230 76 109 9 0.897165 0.309038 -0.315579
0.041252 0.075713 0.247945 70 93 21 0.327417 0.897419 0.295697
0.042862 0.072203 0.250931 75 104 16 0.763511 0.025113 -0.645307
0.041967 0.075383 0.251070 51 85 10 0.745799 0.666167 -0.002372
0.043705 0.073449 0.251399 65 92 4 0.775931 0.622292 0.103365
0.043176 0.073900 0.252110 65 100 14 0.784263 0.586882 0.201246
0.040430 0.076175 0.252979 68 95 20 0.580308 0.514191 0.631546
0.039911 0.074914 0.256779 101 137 42 0.824610 0.558921 -0.087324
0.046051 0.067638 0.250917 64 96 0 0.010011 0.976889 0.213511
0.046026 0.067564 0.251275 37 94 1 0.014175 0.999768 -0.016248
0.038429 0.076497 0.256908 70 87 5 0.974607 0.043789 0.219600
0.038898 0.076638 0.258253 74 87 14 -0.627066 -0.408337 0.663362
0.039636 0.078922 0.249196 66 80 4 0.909356 0.397962 -0.121237
0.043562 0.073270 0.252219 58 79 31 0.794726 0.418737 0.439398
0.040061 0.076046 0.253541 81 108 38 0.733927 0.627986 0.258815
0.043881 0.073262 0.251300 69 94 6 0.740662 0.663866 0.103446
0.043109 0.072479 0.251829 80 104 9 0.721460 0.519091 -0.458300
0.046345 0.070838 0.249993 73 91 18 -0.418911 -0.892852 -0.165314
0.039653 0.077725 0.252493 66 97 3 0.639118 0.543447 0.544237
0.038434 0.077506 0.257522 68 89 15 0.965553 0.047837 0.255772
0.040886 0.073622 0.252516 65 94 2 -0.661510 -0.682461 -0.310890
0.039545 0.076582 0.254250 75 98 47 0.820881 0.444999 0.357954
0.047662 0.069458 0.251920 113 140 34 0.492943 0.668621 0.556734
0.042139 0.075241 0.249864 58 72 12 -0.575831 -0.815719 0.054968
0.044588 0.075506 0.247058 76 96 18 0.894588 0.291124 0.339058
0.042065 0.068735 0.251192 79 114 26 0.184247 0.269238 -0.945285
0.041484 0.076034 0.250768 57 83 6 0.801293 0.576062 -0.161499
0.042472 0.074076 0.253854 75 100 40 -0.514694 -0.793879 -0.323800
0.042715 0.074380 0.252349 83 104 29 0.741572 0.644847 0.185048
0.041313 0.076150 0.251753 60 97 5 0.744798 0.603429 0.284867
0.043721 0.077342 0.247550 90 105 43 0.720143 0.655080 0.228615
0.039779 0.077854 0.252306 64 95 11 0.643155 0.551415 0.531312
0.041060 0.075111 0.254304 74 92 46 -0.507825 -0.800184 -0.319092
0.041544 0.074553 0.254734 94 125 71 0.683801 0.622077 0.381362
0.039493 0.077511 0.252885 63 95 8 0.753895 0.494614 0.432435
0.039238 0.075696 0.256027 64 83 35 -0.665016 -0.708092 -0.237400
0.041349 0.074730 0.254831 95 124 82 -0.635039 -0.688484 -0.350307
0.039317 0.077526 0.255415 50 81 19 0.983255 0.091197 0.157772
0.043754 0.071441 0.252091 101 125 51 -0.254166 -0.206725 0.944809
0.047310 0.069884 0.251228 166 192 121 -0.562897 -0.776103 -0.284274
0.039637 0.071091 0.250354 72 101 2 0.501852 0.333965 0.797879
0.041849 0.077426 0.247462 95 116 62 0.198067 -0.782185 -0.590725
0.039989 0.070953 0.250083 67 93 5 0.605710 0.213112 0.766615
0.043773 0.069518 0.251694 98 125 30 -0.290831 -0.195988 0.936486
0.039008 0.076345 0.258207 72 91 20 -0.529270 -0.575335 0.623588
0.045937 0.071041 0.249770 39 72 5 -0.628683 -0.776708 -0.038502
0.039715 0.076882 0.253125 68 98 21 0.754330 0.455308 0.472948
0.040815 0.075431 0.253837 61 95 32 -0.513177 -0.818383 -0.258646
0.041590 0.075451 0.248745 53 76 7 -0.496936 -0.866778 0.041848
0.047905 0.068962 0.250526 71 100 19 0.805001 0.141046 -0.576264
0.041305 0.074308 0.255332 91 108 47 0.657145 0.280636 0.699574
0.045530 0.071465 0.250013 42 68 4 -0.698094 -0.715906 0.012001
0.041904 0.068589 0.251110 81 114 25 -0.161606 -0.311634 0.936359
0.044758 0.072299 0.250172 48 62 8 0.823258 0.567299 -0.020461
0.040150 0.078046 0.246942 90 113 26 -0.343657 -0.926826 0.151308
0.044066 0.073062 0.253486 148 150 54 0.524701 0.726103 -0.444369
0.041026 0.075972 0.249849 70 85 6 0.696283 0.671969 -0.252284
0.040870 0.076221 0.249756 62 87 2 0.743227 0.609759 -0.275334
0.043307 0.069546 0.248509 81 105 35 0.051200 -0.636404 -0.769654
0.044172 0.073003 0.250626 51 77 6 0.719873 0.686537 0.102225
0.043506 0.068595 0.251361 63 98 18 -0.378341 -0.561212 0.736138
0.039972 0.074314 0.250126 53 81 12 -0.516761 -0.479755 0.709079
0.040333 0.076296 0.252952 62 97 19 0.593083 0.483875 0.643520
0.043285 0.073719 0.252324 71 99 38 0.809558 0.546160 0.215232
0.045273 0.071376 0.251377 72 108 9 0.691523 0.497148 0.524061
0.045742 0.068043 0.251987 88 145 19 0.062980 0.868202 -0.492197
0.044875 0.072248 0.250545 38 72 4 0.791643 0.608581 -0.054137
0.039960 0.077570 0.249596 68 83 3 0.905094 0.346634 -0.246274
0.041529 0.074417 0.255105 84 107 43 0.702903 0.473001 0.531223
0.042893 0.074048 0.252846 69 101 50 0.767657 0.624450 0.144101
0.040141 0.077922 0.251404 56 81 6 0.823166 0.497998 0.272756
0.041939 0.074959 0.252656 81 106 41 -0.628484 -0.710218 -0.317171
0.039839 0.075329 0.256898 103 120 23 -0.453060 -0.873687 0.177224
0.041365 0.075033 0.253881 61 94 34 -0.586941 -0.758731 -0.282538
0.039373 0.075089 0.252229 67 95 5 -0.530552 -0.739004 -0.415196
0.043495 0.073668 0.251526 64 95 7 0.788757 0.595031 0.154278
0.042828 0.076553 0.248322 89 110 40 -0.164698 0.365027 0.916313
0.040252 0.075141 0.255243 75 96 56 -0.473476 -0.845282 -0.247625
0.047276 0.070183 0.251071 144 163 68 -0.536752 -0.823906 -0.181868
0.043166 0.074219 0.251038 48 81 14 0.774163 0.619570 0.129636
0.043821 0.072959 0.252207 59 93 9 0.669406 0.345664 0.657580
0.038340 0.076251 0.257128 72 101 22 0.849416 0.522287 0.075549
0.041731 0.075597 0.250529 57 83 5 -0.693063 -0.713480 0.103000
0.042582 0.068108 0.250399 57 94 5 0.007456 0.866011 -0.499969
0.042222 0.075065 0.251962 76 102 7 -0.679792 -0.710061 -0.183565
0.040633 0.077891 0.246756 101 119 41 -0.169053 -0.974523 0.147398
0.041521 0.074885 0.254059 75 96 55 -0.665123 -0.697590 -0.266418
0.046964 0.070718 0.250055 66 89 6 0.366818 0.864508 0.343614
0.040212 0.076577 0.248481 58 75 5 0.943502 0.313996 0.105880
0.045879 0.067849 0.250571 89 102 8 0.039719 0.940545 0.337338
0.039730 0.078759 0.250504 56 85 0 0.799543 0.595356 -0.079269
0.043059 0.073110 0.254016 102 119 25 -0.137111 0.841288 -0.522910
0.040505 0.071749 0.250314 73 106 16 0.270103 -0.374807 -0.886885
0.039618 0.075293 0.256374 101 124 80 -0.529206 -0.833263 -0.160042
0.039208 0.075893 0.251003 68 94 5 0.724698 0.689061 -0.002853
0.040436 0.076567 0.252695 66 99 9 0.604488 0.520453 0.603095
0.043643 0.068327 0.250222 72 81 21 0.246666 0.949280 -0.194995
0.044759 0.072316 0.249047 57 77 15 0.854550 0.519208 -0.012916
0.043231 0.073692 0.253581 86 110 36 0.793410 0.603386 -0.080165
0.038471 0.077565 0.257264 59 80 13 0.942539 -0.081345 0.324041
0.042328 0.076792 0.248064 97 112 51 -0.233783 0.440818 0.866617
0.040407 0.075903 0.247904 54 73 8 0.636123 0.606162 0.477405
0.043886 0.073202 0.251555 66 100 16 0.733288 0.659799 0.164176
0.047875 0.069391 0.251845 93 124 34 0.556804 0.665791 0.496681
0.044929 0.074894 0.246900 48 78 9 0.884173 0.240663 0.400400
0.040797 0.073371 0.250009 65 87 16 -0.480591 -0.340575 0.808109
0.043445 0.073768 0.251404 60 92 4 0.792872 0.593655 0.137576
0.041280 0.073043 0.253239 70 92 9 -0.522890 -0.848138 -0.085136
0.040288 0.077138 0.251921 62 96 4 0.801205 0.553069 0.228442
0.040791 0.075867 0.247966 55 78 7 0.446238 0.867051 0.221573
0.043125 0.077404 0.246616 106 115 36 -0.454814 -0.818026 0.352106
0.041003 0.074231 0.255613 86 104 30 0.663447 0.142574 0.734514
0.040051 0.073936 0.248380 70 89 18 0.857410 0.501256 0.116578
0.044035 0.071682 0.252194 73 128 61 0.075189 -0.190646 0.978775
0.045913 0.070701 0.251311 92 127 5 -0.598337 -0.745764 -0.292966
0.041132 0.075677 0.248504 53 76 10 -0.450022 -0.892887 -0.015262
0.040037 0.070401 0.250273 64 95 3 0.758639 0.374100 0.533401
0.041046 0.074716 0.254919 106 126 82 -0.558797 -0.741402 -0.371575
0.040895 0.069618 0.249029 52 78 27 0.701219 -0.325558 0.634275
0.042604 0.077472 0.247693 90 107 43 0.248616 -0.709310 -0.659598
0.046076 0.070707 0.250595 66 105 13 -0.543996 -0.777201 -0.316271
0.042884 0.075730 0.248694 90 113 45 -0.288224 0.318982 0.902872
0.040060 0.075573 0.254622 67 91 44 -0.573429 -0.672950 -0.467243
0.040284 0.076970 0.249729 59 83 6 0.807904 0.477442 -0.345457
0.039548 0.074281 0.253461 58 83 5 0.571058 0.786579 0.234916
0.039324 0.077906 0.255281 53 82 35 0.968866 0.246513 0.023006
0.040861 0.075817 0.252892 68 100 30 -0.575901 -0.623095 -0.529237
0.046397 0.070459 0.250648 79 111 39 -0.427671 -0.844390 -0.322648
0.045104 0.068426 0.252335 105 151 66 0.081035 0.545508 -0.834179
0.039253 0.074677 0.249282 66 98 38 0.863771 0.503730 -0.012478
0.043109 0.068597 0.251158 68 96 22 -0.146170 -0.686565 0.712224
0.043537 0.073595 0.253596 80 106 40 0.708780 0.642699 -0.290807
0.038641 0.077744 0.256748 53 72 19 0.930531 -0.073881 0.358682
0.042798 0.077639 0.247625 81 111 38 0.154051 -0.807325 -0.569644
0.039763 0.075545 0.257578 64 104 25 0.290393 0.906474 -0.306557
0.039182 0.075557 0.256733 78 106 26 -0.578463 -0.806249 -0.123866
0.043547 0.073904 0.250374 49 68 10 0.787104 0.592981 0.169825
0.041866 0.074262 0.254508 98 120 82 0.742846 0.541469 0.393689
0.048287 0.069089 0.251065 124 145 39 0.927330 0.370196 -0.054892
0.041498 0.075667 0.252206 72 101 11 0.670160 0.642416 0.371736
0.039215 0.077176 0.255561 58 79 39 0.947213 -0.045683 0.317333
0.044522 0.072633 0.250217 51 66 9 0.785206 0.618259 0.034735
0.040761 0.068487 0.250805 61 95 15 0.424647 -0.046486 -0.904165
0.039916 0.074331 0.245685 88 111 39 0.901417 0.338459 0.269987
0.040002 0.075237 0.255241 63 86 40 -0.580950 -0.763555 -0.281925
0.042838 0.074147 0.252982 70 100 42 0.720891 0.667822 0.185283
0.042733 0.071046 0.251380 84 111 26 -0.439246 0.293727 0.848992
0.046425 0.067615 0.250991 84 107 1 -0.025278 0.994019 0.106239
0.042627 0.073022 0.250825 62 92 9 0.752981 0.587645 -0.296129
0.041374 0.073694 0.250348 57 81 20 -0.436192 -0.611700 0.659969
0.043607 0.073062 0.252359 58 83 16 0.789647 0.123833 0.600935
0.043525 0.071009 0.251923 105 119 37 -0.433743 0.003758 0.901029
0.039511 0.077354 0.253052 66 97 18 0.771560 0.471670 0.426875
0.041360 0.077542 0.247354 113 121 66 -0.013436 -0.796891 -0.603973
0.044130 0.069520 0.251916 98 125 45 -0.403736 -0.040834 0.913964
0.041801 0.068909 0.251137 83 117 22 -0.276294 -0.155198 0.948459
0.046430 0.069988 0.251912 107 140 25 0.402318 0.692503 0.598816
0.043220 0.077369 0.248034 80 101 34 0.089152 0.605670 0.790706
0.039754 0.078534 0.250245 59 82 10 0.871216 0.474024 -0.127609
0.038908 0.075903 0.257786 101 122 39 0.523664 0.644999 -0.556554
0.040541 0.074737 0.251641 65 97 5 -0.683074 -0.688667 -0.243203
0.039731 0.078546 0.251270 56 77 12 0.770705 0.618906 0.151555
0.043944 0.068461 0.251475 65 97 15 -0.536516 -0.697644 0.474809
0.044067 0.073023 0.251503 73 98 20 0.718068 0.677106 0.160953
0.040527 0.077788 0.247494 75 99 18 -0.443721 -0.775505 -0.449114
0.040282 0.074940 0.256227 83 105 29 0.781697 0.435139 0.446770
0.042042 0.073347 0.250351 65 87 11 0.578332 0.563305 -0.590101
0.045440 0.071534 0.250547 54 74 9 0.764351 0.641220 0.067865
0.041001 0.074231 0.250956 61 92 12 -0.634351 -0.734363 0.241475
0.047625 0.069703 0.250854 90 139 0 -0.650238 -0.755294 -0.081990
0.045229 0.069858 0.252059 118 155 51 0.096861 0.313462 0.944648
0.040776 0.073373 0.249860 69 91 16 0.561840 0.330502 -0.758356
0.040468 0.076174 0.247838 56 74 12 0.719298 0.589498 0.367564
0.044081 0.076577 0.247617 75 97 37 0.836366 0.382259 0.392899
0.042264 0.074194 0.253974 76 104 46 -0.579231 -0.739114 -0.343806
0.039372 0.077254 0.253553 78 106 44 0.865050 0.451026 0.219690
0.038311 0.076638 0.257995 77 99 27 -0.646320 -0.328676 0.688653
0.040288 0.075123 0.255890 80 111 58 -0.552155 -0.824693 -0.122501
0.040836 0.077756 0.246338 86 110 32 0.001245 0.965708 -0.259627
0.038329 0.076828 0.245891 73 94 13 -0.397186 0.346961 -0.849624
0.042777 0.074654 0.251158 64 83 11 -0.681959 -0.725934 -0.089169
0.043353 0.077705 0.247409 92 108 49 -0.451004 -0.889213 -0.076788
0.039595 0.075358 0.256223 99 115 71 -0.526469 -0.835436 -0.157726
0.042835 0.076355 0.248424 86 109 41 -0.164375 0.374199 0.912664
0.039662 0.075039 0.250254 62 86 14 0.670414 0.433255 -0.602358
0.040352 0.074667 0.245052 97 105 60 0.828228 -0.136027 0.543631
0.044305 0.076014 0.246933 84 95 38 0.910623 0.365754 0.192326
0.043828 0.073317 0.250685 40 77 4 0.779538 0.605426 0.160562
0.037709 0.076786 0.246946 80 96 45 0.945025 -0.070236 0.319366
0.041082 0.076901 0.247721 80 103 40 0.020890 -0.410463 -0.911638
0.043592 0.072918 0.253328 89 96 30 0.619638 0.671258 -0.406770
0.040142 0.077321 0.252372 67 99 14 0.756470 0.533178 0.378780
0.040501 0.076581 0.249531 65 82 8 0.770348 0.558144 -0.308284
0.041261 0.074139 0.250998 58 93 12 0.651722 0.748414 -0.123022
0.040870 0.077872 0.246645 99 114 37 -0.095695 -0.989003 0.112761
0.043883 0.074038 0.248784 78 99 21 0.785942 0.487314 0.380553
0.041715 0.073046 0.250261 67 95 30 -0.469960 -0.184358 0.863220
0.042686 0.072572 0.250705 63 92 11 -0.677229 -0.086699 0.730646
0.043252 0.071689 0.251405 94 120 35 0.731336 -0.068064 -0.678612
0.042518 0.074734 0.252074 62 101 11 0.704476 0.683293 0.191896
0.042647 0.074076 0.253587 70 91 34 -0.555173 -0.787995 -0.266173
0.046546 0.070342 0.250767 88 121 31 -0.414011 -0.869284 -0.270074
0.040322 0.075803 0.253870 83 108 59 -0.670435 -0.697104 -0.254092
0.041057 0.075776 0.252682 72 104 24 0.636478 0.606387 0.476645
0.039802 0.075273 0.255458 81 95 39 -0.611755 -0.768236 -0.188602
0.039038 0.075713 0.256487 81 93 52 -0.627988 -0.756152 -0.184024
0.042000 0.072714 0.253173 74 94 12 -0.177831 -0.983666 0.027865
0.039346 0.075445 0.251669 68 94 6 -0.597714 -0.746986 -0.291118
0.044810 0.071584 0.251755 91 120 27 0.652510 0.340983 0.676728
0.038299 0.076481 0.257862 81 109 20 0.652629 0.528668 -0.542757
0.043366 0.074038 0.250577 45 75 6 0.772102 0.616304 0.155009
0.039905 0.077724 0.249052 52 79 7 0.967643 0.248594 -0.043226
0.043402 0.077633 0.247793 92 105 47 -0.348383 -0.792214 -0.501026
0.043919 0.076862 0.247825 78 101 35 0.743119 0.366034 0.560172
0.042223 0.073418 0.251098 71 91 7 0.662090 0.747384 -0.055265
0.039696 0.075476 0.255363 69 89 49 -0.655150 -0.706609 -0.267361
0.039756 0.074253 0.248614 64 87 26 0.819034 0.555284 0.144371
0.039867 0.078377 0.247219 73 90 20 -0.441706 -0.882566 0.161164
0.043065 0.074522 0.250076 55 71 3 0.717951 0.695826 0.019281
0.041336 0.076425 0.251103 57 82 12 0.811529 0.579603 0.074032
0.039981 0.077086 0.248920 54 77 9 0.914995 0.395879 -0.077877
0.039461 0.075419 0.256395 81 116 78 -0.509068 -0.849462 -0.138797
0.042339 0.068775 0.251209 82 111 25 0.184210 0.324878 -0.927643
0.041383 0.069778 0.248799 61 85 32 -0.605038 0.203512 -0.769748
0.045363 0.070856 0.251733 110 142 46 0.519534 0.553157 0.651231
0.043287 0.073947 0.251641 59 97 12 0.791624 0.589810 0.159550
0.042237 0.073969 0.254327 85 111 53 0.613475 0.547202 0.569401
0.041881 0.075443 0.251495 63 96 6 0.740936 0.664691 0.095912
0.043033 0.075419 0.248833 94 115 54 0.142673 -0.341879 -0.928850
0.044316 0.072931 0.250214 50 75 4 0.770025 0.633156 0.078582
0.041390 0.077663 0.247097 108 119 63 -0.079303 -0.922521 -0.377712
0.045248 0.071126 0.251570 81 125 26 0.564556 0.495641 0.660013
0.041666 0.072796 0.253627 68 91 12 -0.266680 -0.956653 0.117033
0.044950 0.072106 0.249298 57 74 17 0.806222 0.590312 -0.039209
0.041114 0.077702 0.247158 96 121 52 -0.177558 -0.916006 -0.359730
0.043721 0.072793 0.252399 62 93 31 0.532005 0.070079 0.843836
0.043742 0.073421 0.251223 58 88 12 0.770720 0.630577 0.091449
0.041217 0.075378 0.253157 67 94 23 -0.558266 -0.776796 -0.291424
0.041762 0.075707 0.250961 52 83 10 0.795045 0.604922 -0.044428
0.041849 0.075385 0.249259 50 77 9 -0.535183 -0.830200 0.156037
0.037974 0.075800 0.254951 43 65 11 0.816014 0.540754 0.204221
0.043293 0.068508 0.251207 67 95 23 -0.211495 -0.733385 0.646078
0.039598 0.074540 0.256632 74 100 13 -0.258263 0.538837 -0.801845
0.043949 0.073680 0.249383 74 100 29 0.825451 0.504742 0.252718
0.042173 0.073352 0.254599 80 104 22 -0.348622 0.418538 -0.838623
0.039663 0.075378 0.250581 61 92 11 0.690655 0.632563 -0.350512
0.039938 0.077378 0.249291 60 78 11 0.908407 0.372998 -0.188863
0.038474 0.076287 0.257487 89 114 27 0.735392 0.640764 -0.220498
0.040737 0.076452 0.249823 66 86 8 0.759234 0.561465 -0.329122
0.040168 0.075116 0.255748 99 125 97 -0.510005 -0.859143 -0.042050
0.041828 0.077543 0.247197 96 119 64 0.155180 -0.874498 -0.459535
0.041613 0.074424 0.254945 87 110 54 0.720538 0.516576 0.462574
0.040232 0.073494 0.248315 78 102 20 0.892189 0.449592 0.043206
0.044808 0.070778 0.248089 89 105 40 -0.644002 -0.025000 0.764615
0.038482 0.077340 0.257188 63 79 22 0.954574 -0.094836 0.282478
0.045553 0.071077 0.248962 82 107 40 0.666369 0.653301 -0.359374
0.037467 0.076769 0.255794 40 60 18 0.818854 0.231879 -0.525081
0.043821 0.077100 0.247712 88 103 38 0.806330 0.490944 0.329856
0.043217 0.068672 0.251297 69 98 15 -0.175190 -0.503881 0.845820
0.041043 0.074178 0.250679 59 89 11 -0.633015 -0.674528 0.379873
0.040004 0.075226 0.256059 80 101 48 -0.531092 -0.839483 -0.114931
0.039800 0.076411 0.254004 81 99 39 0.774670 0.563463 0.287046
0.041945 0.073343 0.251514 70 98 5 -0.563850 -0.775047 -0.285264
0.040411 0.074560 0.256102 72 103 8 0.735668 0.149718 0.660588
0.038423 0.076796 0.257455 85 109 12 0.989903 0.068653 0.124010
0.043208 0.074360 0.249793 58 79 9 -0.688457 -0.725211 0.009827
0.041907 0.075408 0.249991 58 76 10 -0.591794 -0.801932 0.081760
0.044317 0.075794 0.247698 73 87 33 0.870558 0.256535 0.419903
0.043326 0.074215 0.249490 66 92 6 -0.612887 -0.752049 -0.242472
0.046810 0.069212 0.252027 115 139 77 0.182736 0.405338 0.895717
0.040488 0.069562 0.249561 51 70 13 0.914728 -0.273042 0.297860
0.042615 0.074920 0.250068 53 73 9 -0.612779 -0.789966 -0.021336
0.039005 0.074504 0.254442 50 70 8 -0.698484 -0.710651 -0.084236
0.039335 0.077316 0.253798 85 105 43 0.886968 0.421097 0.189646
0.040590 0.076090 0.248669 56 77 5 -0.650153 -0.707876 0.276067
0.040564 0.075113 0.254890 72 87 50 -0.440877 -0.809636 -0.387450
0.039698 0.077071 0.253026 69 95 29 0.717531 0.474686 0.509728
0.041472 0.075422 0.252673 77 99 28 -0.604141 -0.700276 -0.380299
0.042240 0.073733 0.254516 81 105 36 0.552435 0.357152 0.753165
0.041128 0.068561 0.250906 67 103 11 0.331705 0.016843 -0.943233
0.041016 0.075885 0.249665 60 78 11 -0.681130 -0.698149 0.220565
0.038250 0.077897 0.249487 72 99 36 -0.563435 0.812157 -0.151469
0.038759 0.075900 0.256816 70 90 24 0.725781 0.658915 0.197671
0.041576 0.076964 0.247812 90 108 50 -0.105688 0.537648 0.836519
0.047726 0.069576 0.251826 104 138 49 -0.444286 -0.758952 -0.476027
0.042773 0.068547 0.251091 68 100 26 -0.150052 -0.530739 0.834147
0.044537 0.075321 0.247534 59 85 21 0.864080 0.227681 0.448918
0.038631 0.077121 0.256701 57 74 21 0.904430 -0.147586 0.400280
0.042430 0.073592 0.254486 83 100 21 0.210696 0.366824 0.906117
0.040124 0.070517 0.250485 77 103 10 -0.163838 0.000774 -0.986487
0.039841 0.071271 0.250186 76 98 6 -0.463154 -0.273093 -0.843154
0.039798 0.078132 0.252010 62 91 12 0.671256 0.571275 0.472292
0.039037 0.076248 0.250509 67 92 18 0.824536 0.530067 -0.197912
0.043411 0.068335 0.250759 60 87 22 0.145968 0.853775 -0.499761
0.042667 0.070487 0.251592 84 116 26 -0.370065 0.134340 0.919241
0.041524 0.076145 0.250998 57 82 6 0.845829 0.532963 -0.022864
0.042691 0.074707 0.248918 80 98 22 0.170237 0.656560 0.734811
0.041959 0.075268 0.248052 77 99 42 0.139957 0.866424 0.479293
0.042538 0.074620 0.252281 74 101 14 0.690298 0.684822 0.233466
0.043432 0.077175 0.248094 82 100 35 0.308966 0.518974 0.796998
0.039068 0.074497 0.254036 53 76 2 -0.669914 -0.726388 -0.153541
0.046336 0.070374 0.251457 96 131 16 -0.487137 -0.829926 -0.271884
0.040612 0.076772 0.252345 71 102 14 0.719147 0.621825 0.310098
0.044395 0.072620 0.251582 65 95 10 0.743158 0.603000 0.290010
0.038994 0.074384 0.255523 43 70 11 -0.587381 -0.808175 0.042870
0.043958 0.073165 0.251072 59 87 7 0.732952 0.675094 0.083841
0.039344 0.076673 0.254432 71 93 40 0.905484 0.351689 0.237516
0.041363 0.074995 0.253989 64 96 43 -0.591592 -0.755181 -0.282349
0.041035 0.075465 0.253089 66 96 18 -0.516270 -0.795191 -0.318020
0.040145 0.078259 0.251031 58 81 3 0.784806 0.610430 0.107026
0.039829 0.075479 0.257284 88 111 48 0.328230 0.919232 -0.217434
0.039977 0.078134 0.246860 100 104 15 -0.450400 -0.867639 0.210574
0.044498 0.071713 0.251938 78 113 33 0.569339 0.128136 0.812056
0.048074 0.069341 0.251620 114 142 67 0.711169 0.637589 0.296172
0.039224 0.077477 0.254007 74 101 48 0.913291 0.393106 0.106617
0.040180 0.073594 0.248737 69 85 24 0.902312 0.430176 0.027963
0.039604 0.077617 0.246137 108 119 23 0.085111 0.780112 -0.619824
0.046026 0.070832 0.250244 65 77 4 -0.558828 -0.800147 -0.217890
0.039362 0.074617 0.248976 74 96 41 0.828282 0.550251 0.105700
0.041087 0.075858 0.249283 57 80 10 -0.614429 -0.771806 0.163686
0.039400 0.075588 0.256089 70 91 45 -0.583702 -0.788173 -0.195129
0.045031 0.071887 0.249562 52 65 20 0.791105 0.611607 0.009490
0.040392 0.073031 0.249390 66 89 16 0.915443 0.285919 -0.283221
0.043403 0.074408 0.249279 84 106 34 -0.512005 -0.647205 -0.564779
0.040126 0.073877 0.248144 74 96 17 0.860953 0.497625 0.105495
0.038488 0.076201 0.257347 86 106 34 0.760147 0.648053 -0.046952
0.042367 0.074987 0.250653 54 76 20 -0.633729 -0.770612 -0.067411
0.040780 0.070338 0.250648 83 116 9 0.502914 0.029606 -0.863829
0.039110 0.075003 0.249340 70 90 36 0.898389 0.435200 -0.059149
0.040885 0.075626 0.253047 64 98 30 -0.551094 -0.723837 -0.415157
0.041838 0.074398 0.254353 103 120 77 0.712498 0.618258 0.331819
0.040343 0.077462 0.251354 53 83 10 0.838131 0.430812 0.334570
0.042413 0.075786 0.248321 90 112 56 0.501675 -0.251318 -0.827745
0.042617 0.074930 0.249684 53 72 9 -0.617728 -0.780491 0.096154
0.043219 0.070363 0.247990 101 104 26 -0.115038 -0.058838 -0.991617
0.047183 0.070149 0.250825 99 142 18 -0.511953 -0.847239 -0.141740
0.047915 0.069492 0.251546 142 162 77 0.652298 0.700442 0.289635
0.040670 0.074132 0.252087 71 98 4 0.705832 0.625790 0.331947
0.043944 0.072713 0.252269 67 99 25 0.629451 0.313470 0.711005
0.047410 0.070361 0.250060 62 83 10 0.600733 0.765966 0.228945
0.041780 0.073870 0.254955 101 115 52 0.698960 0.076339 0.711074
0.040038 0.078198 0.247141 80 98 19 -0.441706 -0.882566 0.161164
0.043469 0.074073 0.249982 51 71 14 0.743528 0.651896 0.148991
0.040426 0.077103 0.251428 58 87 6 0.776994 0.529965 0.339730
0.041635 0.075002 0.253392 67 98 25 -0.659581 -0.703311 -0.265155
0.040432 0.074727 0.251219 67 98 8 -0.684585 -0.728928 0.002658
0.038255 0.075302 0.254807 46 67 11 0.798059 0.599495 0.060886
0.037988 0.076778 0.249135 56 89 22 -0.360313 0.851270 -0.381463
0.041445 0.075884 0.251790 67 97 7 0.755534 0.593584 0.277175
0.039332 0.074319 0.249762 67 84 17 0.735786 0.598397 -0.317081
0.041771 0.077821 0.246480 97 111 27 -0.029072 -0.998131 -0.053760
0.040945 0.076313 0.250035 62 88 3 0.747083 0.554985 -0.365866
0.038968 0.077907 0.254036 77 97 39 0.949281 0.310028 0.052431
0.042259 0.077746 0.246251 97 118 2 -0.142611 -0.957279 0.251553
0.042533 0.074899 0.250595 53 77 12 -0.630003 -0.773388 -0.070475
0.043488 0.073771 0.250909 47 78 3 0.800653 0.582149 0.141625
0.040951 0.076816 0.251321 55 83 5 0.708748 0.660530 0.247742
0.043081 0.072598 0.251373 84 114 12 0.808262 -0.164400 -0.565406
0.037882 0.075666 0.255501 43 63 16 0.866743 0.498755 -0.000716
0.040627 0.077409 0.250866 59 82 2 0.836128 0.541992 0.084472
0.039004 0.075887 0.249870 54 83 22 0.835497 0.411515 -0.364143
0.041229 0.076181 0.250475 63 88 6 0.748515 0.551981 -0.367481
0.042740 0.073646 0.254440 75 108 15 0.430467 0.643761 0.632669
0.047262 0.069378 0.251983 106 134 32 0.389545 0.736180 0.553438
0.043991 0.073919 0.248613 68 95 18 0.844601 0.382876 0.374239
0.040125 0.077676 0.251960 62 93 17 0.832354 0.437031 0.340868
0.038439 0.076225 0.256699 58 86 32 0.853890 0.389604 0.345080
0.042156 0.077762 0.246256 103 116 11 -0.142751 -0.965189 0.219162
0.042407 0.073070 0.250485 64 88 14 0.632771 0.497659 -0.593242
0.045831 0.071092 0.249593 50 76 13 -0.661330 -0.748311 0.051706
0.042486 0.074893 0.251001 61 83 6 -0.661206 -0.746794 -0.071456
0.040881 0.070464 0.249328 77 83 8 0.812738 -0.050620 0.580426
0.040455 0.075719 0.253296 71 96 26 -0.560022 -0.734742 -0.382791
0.042937 0.073838 0.254091 81 104 32 -0.441293 -0.808156 -0.390057
0.041699 0.075601 0.250105 55 80 13 -0.598251 -0.789050 0.139627
0.043064 0.072564 0.251150 82 109 16 -0.620981 0.289614 0.728359
0.039737 0.078502 0.251080 55 79 8 0.764559 0.640529 0.071911
0.047640 0.069670 0.251216 162 188 108 -0.627053 -0.767291 -0.134423
0.043234 0.072269 0.251484 88 115 40 0.863026 0.301800 -0.405097
0.040833 0.075598 0.253358 64 95 29 -0.507378 -0.789702 -0.344873
0.047030 0.067988 0.251544 83 121 9 -0.343821 0.753671 -0.560149
0.038405 0.076214 0.257181 75 99 25 0.844921 0.531020 0.064228
0.041595 0.075126 0.253140 66 94 15 -0.626727 -0.729312 -0.274439
0.040374 0.073364 0.250004 66 87 18 -0.520944 -0.376761 0.765943
0.038602 0.076636 0.249583 61 86 21 -0.126102 0.506741 0.852826
0.039222 0.075555 0.256595 72 99 39 -0.560619 -0.822486 -0.096037
0.039030 0.075871 0.255977 59 79 39 0.784010 0.539743 0.306603
0.042296 0.075070 0.250944 59 84 14 -0.663183 -0.747064 -0.045639
0.041403 0.075542 0.248427 55 78 15 -0.409011 -0.902830 -0.132697
0.039828 0.074293 0.248393 63 86 27 0.833481 0.537916 0.126319
0.042432 0.073219 0.254370 77 102 20 -0.236133 0.473586 -0.848503
0.041595 0.075653 0.252044 70 101 11 0.729207 0.613711 0.302681
0.041320 0.073508 0.251856 68 99 2 -0.619037 -0.697579 -0.360800
0.039684 0.074684 0.250122 60 82 6 -0.583829 -0.495394 0.643217
0.041276 0.075683 0.249237 57 80 7 -0.547308 -0.823997 0.146572
0.038992 0.075269 0.246527 85 103 37 0.755689 0.644925 0.114046
0.039724 0.075857 0.254700 74 88 38 0.695989 0.544792 0.467762
0.040745 0.075697 0.253184 69 95 26 -0.532883 -0.753055 -0.385932
0.041796 0.075553 0.251671 64 97 9 0.756544 0.633732 0.161325
0.040227 0.074989 0.255603 108 118 77 -0.527030 -0.836926 -0.147628
0.042027 0.074375 0.253939 80 102 57 -0.650540 -0.696184 -0.303522
0.041146 0.076237 0.252063 67 100 11 0.738348 0.609569 0.288563
0.040901 0.070997 0.250628 88 114 23 0.427517 -0.233533 -0.873322
0.040641 0.070754 0.249750 58 84 6 0.859188 0.101466 0.501499
0.045340 0.067689 0.251286 63 97 3 -0.218645 -0.964786 0.146225
0.041085 0.076539 0.251526 60 87 6 0.719466 0.634368 0.282749
0.040683 0.075603 0.253435 66 93 21 -0.546376 -0.773016 -0.322365
0.042892 0.072689 0.251732 67 104 9 0.588293 0.762869 -0.268222
0.044627 0.072509 0.250584 54 73 2 0.760005 0.649893 -0.005541
0.040553 0.075587 0.253929 80 102 40 -0.574449 -0.774623 -0.264513
0.041336 0.076249 0.251536 62 90 8 0.767936 0.601822 0.219284
0.043903 0.073464 0.250243 51 66 15 0.826406 0.549810 0.121496
0.041091 0.075327 0.253716 67 90 29 -0.502166 -0.817634 -0.281609
0.040299 0.073083 0.248623 78 99 24 0.929248 0.367668 -0.036306
0.040302 0.077509 0.250332 63 86 7 0.813602 0.464137 -0.350183
0.040894 0.074321 0.251204 66 95 5 0.725174 0.683938 0.079698
0.043673 0.073323 0.251868 74 97 26 0.760622 0.589464 0.272003
0.042639 0.073848 0.254256 72 97 24 -0.434425 -0.699005 -0.568039
0.044765 0.074376 0.247527 52 73 11 0.855561 0.222828 0.467292
0.040397 0.077732 0.250694 62 85 3 0.858834 0.494708 -0.132917
0.040691 0.077020 0.251330 58 81 11 0.721597 0.606093 0.334587
0.045709 0.070600 0.251758 107 144 37 0.469267 0.605335 0.642929
0.042123 0.075273 0.248158 78 103 39 -0.200633 0.708776 0.676301
0.039710 0.075416 0.255754 74 97 50 -0.617543 -0.776939 -0.122501
0.043494 0.069315 0.251584 85 121 30 -0.242603 -0.311502 0.918755
0.041135 0.075694 0.248039 60 82 19 0.294909 0.941756 0.161629
0.040865 0.077564 0.247479 78 104 39 -0.218487 -0.702439 -0.677379
0.042946 0.072478 0.250995 76 100 11 0.804760 0.128104 -0.579612
0.039226 0.078219 0.252425 67 94 6 0.722819 0.494710 0.482489
0.044141 0.071494 0.252078 80 125 28 0.152463 -0.193906 0.969100
0.042345 0.077578 0.246067 102 120 19 -0.192511 -0.903321 0.383341
0.045698 0.071297 0.250145 48 74 3 0.714726 0.696438 0.064348
0.043094 0.071648 0.251278 95 116 31 0.704380 -0.145952 -0.694656
0.039210 0.077429 0.254136 75 102 51 0.929117 0.350627 0.117485
0.043256 0.073807 0.252094 73 103 27 0.796873 0.562202 0.221184
0.046064 0.070749 0.250298 61 85 7 -0.503446 -0.811467 -0.296755
0.041384 0.075292 0.253191 64 94 19 -0.569111 -0.773909 -0.277808
0.042072 0.077803 0.246438 87 107 19 0.042819 -0.998935 -0.017166
0.041811 0.070727 0.251158 98 124 27 -0.439140 0.188173 0.878492
0.039789 0.075206 0.256386 86 112 32 -0.587820 -0.793185 -0.159140
0.040736 0.075171 0.254638 73 93 55 -0.470613 -0.809039 -0.352106
0.042912 0.074311 0.252000 72 102 14 0.748963 0.631034 0.202116
0.042986 0.074379 0.251396 63 91 8 0.738216 0.660873 0.135221
0.041759 0.075244 0.252517 75 105 23 -0.624319 -0.699694 -0.347352
0.039925 0.076428 0.253285 78 104 32 0.739338 0.521527 0.425899
0.044279 0.073138 0.249556 71 84 24 0.827512 0.555745 0.079824
0.048174 0.069247 0.251273 151 171 70 0.847607 0.530579 0.007012
0.042673 0.074708 0.251376 65 91 10 -0.698601 -0.708364 -0.100877
0.043127 0.068335 0.249308 85 102 37 0.183999 0.969775 0.160250
0.042350 0.075030 0.249387 49 74 11 -0.586533 -0.786347 0.194003
0.040924 0.071458 0.248913 78 100 13 0.848296 0.207185 0.487308
0.038394 0.074833 0.256219 50 71 9 -0.498284 -0.326953 0.803004
0.042704 0.074713 0.251157 64 82 11 -0.681959 -0.725934 -0.089169
0.039040 0.077010 0.256077 47 70 28 0.890192 -0.118359 0.439943
0.041312 0.076350 0.250760 58 83 11 0.804537 0.547579 -0.229950
0.044556 0.075629 0.246809 79 92 19 0.900095 0.327599 0.287241
0.042493 0.074830 0.251790 62 100 12 0.704021 0.695344 0.144403
0.041775 0.070145 0.251174 92 125 17 -0.473080 0.040948 0.880068
0.043622 0.072936 0.253848 108 137 59 0.071909 -0.855431 0.512901
0.043283 0.072595 0.252444 63 93 9 0.150796 -0.580976 0.799830
0.045507 0.071470 0.250231 47 67 7 0.725517 0.688168 0.007117
0.040275 0.075092 0.256068 79 102 40 -0.635371 -0.727154 -0.259907
0.039565 0.074190 0.249858 55 81 22 0.747672 0.549131 -0.373419
0.040652 0.076685 0.249978 55 86 3 0.761463 0.517695 -0.390085
0.039469 0.076447 0.254503 74 93 43 0.851216 0.391594 0.349408
0.045269 0.071692 0.249431 40 67 14 0.755438 0.654416 -0.032451
0.043872 0.075019 0.248418 65 90 23 0.649926 0.287420 0.703553
0.043112 0.074146 0.249230 66 96 12 0.476632 0.827088 0.297904
0.043860 0.069603 0.251763 99 125 33 -0.282958 -0.186953 0.940735
0.042506 0.069120 0.251392 72 110 14 -0.208683 -0.327633 0.921471
0.039333 0.075431 0.256851 100 120 24 -0.419240 -0.907738 0.015791
0.040495 0.072686 0.249496 61 90 13 0.962335 0.140349 -0.232837
0.039416 0.077734 0.252746 61 94 6 0.738710 0.522412 0.425903
0.041064 0.069937 0.249032 58 80 1 0.722781 -0.227681 0.652494
0.040859 0.073707 0.255390 64 87 19 0.351210 -0.582001 0.733435
0.039293 0.074247 0.254315 51 73 5 -0.639784 -0.755477 -0.141176
0.042042 0.075140 0.248639 65 87 6 -0.517194 -0.840064 -0.163716
0.043981 0.072016 0.252252 85 119 19 0.244057 -0.183489 0.952244
0.039918 0.074410 0.256409 66 107 18 -0.469657 0.383005 -0.795443
0.043189 0.075197 0.248915 88 112 50 0.129339 0.391858 0.910889
0.046461 0.070545 0.249562 103 112 36 0.411305 0.911488 -0.004217
0.039981 0.078033 0.248347 56 71 11 0.924683 0.282640 0.255099
0.039084 0.077702 0.254119 77 99 42 0.940860 0.336297 0.041070
0.039896 0.075301 0.251195 63 96 5 -0.621291 -0.782695 -0.037215
0.040454 0.076957 0.252028 67 100 7 0.737335 0.641679 0.211152
0.044198 0.076183 0.247401 76 92 35 0.889671 0.355339 0.286739
0.040299 0.077214 0.245849 79 100 36 0.126987 -0.751456 0.647447
0.041466 0.072062 0.250466 89 105 20 -0.416687 0.233339 0.878593
0.043150 0.074756 0.249044 86 109 44 0.168088 0.509623 0.843819
0.043391 0.074631 0.249128 90 109 47 -0.251385 -0.567449 -0.784097
0.047784 0.068353 0.250639 83 105 1 0.594336 -0.314181 -0.740307
0.046082 0.070763 0.250470 74 93 3 -0.512422 -0.796453 -0.321070
0.038913 0.076400 0.255676 56 76 37 0.886760 0.053370 0.459138
0.041606 0.073056 0.254515 59 86 28 0.217661 -0.733611 0.643769
0.038809 0.075906 0.249581 64 84 26 0.838101 0.438629 -0.324332
0.040778 0.073478 0.253343 55 83 9 -0.635612 -0.740454 -0.218463
0.043818 0.073815 0.249482 82 92 27 0.805813 0.533196 0.257620
0.042799 0.076930 0.245274 82 106 18 -0.247679 -0.846536 0.471203
0.047478 0.069846 0.250717 105 127 0 -0.653374 -0.747799 -0.117891
0.040074 0.075226 0.255876 90 103 54 -0.505794 -0.861980 -0.034099
0.042351 0.077661 0.247507 85 111 53 0.306401 -0.749367 -0.586999
0.042108 0.069654 0.251311 81 121 18 -0.412209 -0.080823 0.907497
0.040053 0.077645 0.252235 72 96 17 0.741308 0.516028 0.429160
0.040551 0.073981 0.252878 62 91 4 -0.629103 -0.688531 -0.360768
0.040370 0.075528 0.254358 73 96 54 -0.555219 -0.714716 -0.425338
0.041854 0.077062 0.245008 96 108 27 0.083071 -0.790927 0.606246
0.042687 0.074819 0.249537 43 75 11 -0.593836 -0.801194 0.073804
0.046029 0.070367 0.251789 101 140 9 0.494916 0.728059 0.474329
0.037288 0.076656 0.255155 44 64 14 0.871962 0.480229 0.095193
0.044122 0.072997 0.253631 109 141 78 -0.332418 -0.862001 0.382692
0.039375 0.074982 0.249974 62 81 10 0.776098 0.361064 -0.517015
0.039023 0.076729 0.255943 61 73 29 0.885090 -0.099401 0.454681
0.040372 0.077933 0.246901 103 127 38 -0.279857 -0.954219 0.105573
0.046045 0.069618 0.252068 113 148 44 -0.228282 -0.485485 -0.843914
0.039932 0.075236 0.255649 105 115 70 -0.554559 -0.827374 -0.088981
0.040512 0.072057 0.249341 62 86 22 0.965597 0.150872 0.211803
0.041173 0.071991 0.248072 66 97 15 0.883525 0.352835 0.308044
0.038061 0.075311 0.255558 46 64 13 0.970597 0.187907 -0.150439
0.038466 0.077310 0.257354 63 86 16 0.953233 -0.040413 0.299521
0.040344 0.076704 0.249330 58 80 7 0.792823 0.552548 -0.257142
0.039278 0.076736 0.255414 53 79 42 0.964028 -0.067235 0.257158
0.041573 0.077803 0.246534 87 109 35 -0.051352 -0.995962 -0.073637
0.040057 0.073681 0.254573 51 74 6 -0.436693 -0.897330 0.064008
0.045114 0.070559 0.251910 109 144 47 0.261703 0.281844 0.923079
0.040670 0.069216 0.248517 74 76 45 0.655860 -0.291571 0.696300
0.047399 0.069936 0.250846 114 142 23 -0.630713 -0.768077 -0.110720
0.041943 0.073153 0.254573 61 92 22 0.336877 -0.558219 0.758225
0.041590 0.075451 0.252425 72 102 15 -0.624664 -0.691000 -0.363751
0.043228 0.074307 0.250260 48 72 9 0.749579 0.654972 0.095619
0.040515 0.074833 0.255986 70 101 25 0.749615 0.530306 0.396047
0.042163 0.072771 0.250428 78 94 27 -0.473218 -0.073067 0.877910
0.041413 0.073046 0.252714 69 96 5 -0.523615 -0.828036 -0.200456
0.046262 0.070767 0.250287 59 82 20 -0.493287 -0.823275 -0.280866
0.044368 0.068158 0.251820 78 111 28 -0.457889 -0.790680 0.406401
0.043047 0.072653 0.252482 71 94 11 0.274395 -0.648345 0.710180
0.046724 0.070287 0.250536 95 120 50 -0.351843 -0.856198 -0.378327
0.043310 0.073346 0.252977 72 84 19 0.925030 0.374997 0.060795
0.038457 0.077117 0.257412 70 92 16 0.963909 -0.006083 0.266161
0.042203 0.075619 0.248168 76 106 44 0.376273 -0.443657 -0.813380
0.045177 0.068022 0.252024 94 138 29 0.198944 0.823646 -0.531064
0.043182 0.069231 0.251559 77 113 21 -0.175140 -0.339717 0.924077
0.041291 0.073106 0.254484 61 83 26 -0.032696 -0.806729 0.590016
0.045570 0.068247 0.250070 63 82 33 0.065507 0.883922 0.463024
0.040464 0.074984 0.255728 75 101 39 -0.578475 -0.791472 -0.197332
0.040946 0.076652 0.250452 67 88 4 0.785334 0.525338 -0.327522
0.041568 0.069586 0.251030 81 121 4 -0.436396 0.012425 0.899669
0.040825 0.076770 0.251472 58 86 14 0.678134 0.662216 0.318755
0.043417 0.073413 0.254398 93 121 14 -0.524742 -0.314319 -0.791107
0.043362 0.073532 0.252443 66 81 31 0.858354 0.384388 0.339815
0.040006 0.077926 0.250147 65 82 13 0.852474 0.450740 -0.264804
0.041161 0.077288 0.247587 78 109 55 0.035814 0.704083 0.709214
0.042602 0.077053 0.245251 87 105 27 -0.178530 -0.853965 0.488745
0.040842 0.075944 0.248884 58 79 9 -0.600111 -0.760029 0.249444
0.042782 0.077779 0.246904 102 113 37 -0.048641 -0.997907 -0.042599
0.039456 0.076093 0.254925 63 91 46 0.828368 0.427235 0.362321
0.047309 0.069617 0.251888 111 136 34 -0.381032 -0.739286 -0.555222
0.043629 0.073545 0.254238 97 117 28 -0.550459 -0.662487 -0.508042
0.047140 0.069487 0.252004 112 146 48 0.379104 0.717437 0.584435
0.038682 0.074765 0.256678 54 91 7 -0.231421 -0.580337 0.780803
0.040423 0.075143 0.255085 70 92 45 -0.419146 -0.836305 -0.353426
0.039797 0.077747 0.252435 69 96 12 0.637588 0.556876 0.532325
0.038714 0.075904 0.257145 86 111 18 0.749912 0.660039 -0.044510
0.038561 0.076874 0.249792 64 89 18 -0.578158 0.792852 0.192663
0.041889 0.073364 0.254773 78 98 13 0.500489 -0.383596 0.776122
0.039309 0.077530 0.254868 69 104 35 0.983002 0.158221 -0.093126
0.040644 0.069248 0.248801 65 78 21 0.676858 -0.320977 0.662448
0.042645 0.072709 0.252083 72 97 10 -0.229013 -0.965796 0.121617
0.040307 0.075939 0.248288 50 80 6 0.707631 0.703212 -0.068928
0.040796 0.074875 0.244726 75 102 41 -0.405725 0.223915 -0.886143
0.041056 0.075744 0.248722 55 77 7 -0.522654 -0.844042 0.120108
0.045807 0.070233 0.251910 114 148 36 0.416420 0.616005 0.668680
0.040263 0.076752 0.248135 49 72 9 0.898030 0.057826 0.436116
0.043316 0.072371 0.252288 76 96 20 -0.097661 -0.489474 0.866532
0.043863 0.073236 0.250804 56 76 14 0.761626 0.634936 0.129547
0.040987 0.075762 0.252785 72 102 25 -0.598050 -0.633428 -0.491025
0.042396 0.076611 0.248158 96 115 49 -0.281616 0.351287 0.892911
0.041599 0.075302 0.252714 72 104 33 -0.605079 -0.711599 -0.357081
0.044387 0.069962 0.251913 90 136 54 -0.112082 0.021346 0.993470
0.043825 0.076880 0.247995 75 97 38 0.699486 0.338132 0.629591
0.042001 0.074728 0.253033 65 89 21 -0.606065 -0.723052 -0.331483
0.045135 0.071578 0.251361 72 105 7 0.760082 0.466996 0.451874
0.046957 0.070031 0.251278 117 152 55 -0.379460 -0.873253 -0.305679
0.042047 0.074832 0.252817 66 98 25 -0.621245 -0.709942 -0.331718
0.040760 0.075538 0.253618 65 95 32 -0.514029 -0.807983 -0.287988
0.040200 0.077367 0.252120 69 98 1 0.783889 0.545088 0.297316
0.038743 0.076508 0.258163 70 92 24 0.627209 0.462466 -0.626685
0.041675 0.077443 0.247381 96 127 80 0.150995 -0.812934 -0.562440
0.041711 0.075342 0.248432 64 82 11 -0.403768 -0.897486 -0.177458
0.039547 0.078438 0.252063 64 89 11 0.652039 0.572465 0.497120
0.043969 0.073072 0.253875 117 137 50 -0.322596 -0.794476 0.514529
0.041632 0.072641 0.250322 81 104 38 -0.376102 0.063404 0.924406
0.040534 0.074713 0.250493 65 89 11 -0.588327 -0.680749 0.436407
0.043366 0.075211 0.248878 84 109 41 -0.197084 -0.414529 -0.888439
0.044048 0.073164 0.249751 58 82 13 0.804822 0.575328 0.145804
0.041841 0.075500 0.250587 57 80 11 0.706674 0.702843 -0.081387
0.040878 0.077852 0.246924 102 118 44 -0.157749 -0.987315 0.018010
0.044630 0.067931 0.251244 59 94 13 -0.382311 -0.918662 0.099487
0.039940 0.077319 0.252578 66 97 13 0.664195 0.515160 0.541714
0.042008 0.075299 0.249387 52 77 9 -0.545122 -0.829456 0.121842
0.047084 0.070231 0.250974 111 148 31 -0.405166 -0.894755 -0.187760
0.041083 0.076205 0.250192 62 88 0 0.735969 0.562200 -0.377201
0.043131 0.073891 0.252421 75 111 44 0.800285 0.568903 0.189455
0.040032 0.075096 0.255475 86 107 64 -0.525544 -0.835480 -0.160549
0.045600 0.069661 0.248993 37 68 0 -0.677765 0.079505 0.730968
0.038892 0.075705 0.256929 75 104 15 -0.614031 -0.782524 -0.103063
0.043823 0.072886 0.253683 147 148 52 -0.332418 -0.862001 0.382692
0.045605 0.071408 0.250020 43 68 2 0.718539 0.695424 -0.009313
0.044457 0.068064 0.251559 60 100 19 -0.430673 -0.860085 0.273448
0.040397 0.075653 0.254159 78 102 58 -0.591861 -0.732878 -0.335546
0.043100 0.074305 0.251056 49 84 7 0.760526 0.638119 0.120015
0.039273 0.076660 0.254557 78 95 43 0.923031 0.314514 0.221575
0.039586 0.075476 0.251309 65 96 6 -0.633244 -0.766040 -0.110384
0.040128 0.074882 0.250356 56 88 15 -0.560639 -0.543929 0.624360
0.040595 0.073699 0.246477 95 103 42 0.768332 0.582034 0.266275
0.038716 0.075050 0.252943 59 88 5 0.720468 0.629148 0.291717
0.038602 0.075440 0.257336 86 108 22 -0.638498 -0.688389 0.344152
0.042948 0.073999 0.253106 64 94 38 0.756751 0.637160 0.146138
0.040048 0.076874 0.248942 61 78 6 0.879580 0.450213 -0.153777
0.039043 0.075493 0.257614 94 112 42 0.368808 0.801442 -0.470819
0.045694 0.071188 0.249433 52 77 5 0.665721 0.742373 -0.075492
0.043010 0.074257 0.249174 67 92 10 0.341700 0.909799 0.235598
0.044610 0.072461 0.250160 42 64 16 0.811674 0.583955 0.013495
0.042328 0.077837 0.247172 87 109 42 0.266704 -0.909449 -0.319015
0.043162 0.073764 0.253834 76 102 23 -0.463382 -0.848084 -0.256966
0.044566 0.072476 0.248880 75 80 12 0.881330 0.472494 -0.002470
0.043495 0.074478 0.249219 85 108 39 0.498318 0.583388 0.641356
0.039337 0.077275 0.255265 59 83 28 0.993800 0.024656 0.108419
0.042667 0.075888 0.248537 92 115 51 -0.375693 0.253919 0.891280
0.039037 0.078264 0.253034 65 91 17 0.815797 0.466782 0.341453
0.045701 0.067675 0.250936 74 90 15 0.096062 0.983659 0.152273
0.043058 0.073772 0.253010 70 101 45 0.759673 0.647806 0.056961
0.041575 0.072821 0.253135 69 92 9 -0.410710 -0.909845 -0.059151
0.039453 0.078481 0.246810 76 96 1 -0.220826 -0.921568 0.319293
0.047069 0.069897 0.251566 132 159 82 -0.398569 -0.779298 -0.483567
0.040997 0.074862 0.254989 87 108 71 -0.510487 -0.782044 -0.357505
0.040184 0.074935 0.255489 101 120 75 -0.502864 -0.853518 -0.136506
0.038795 0.074735 0.253808 52 80 5 0.723293 0.670688 0.164389
0.048292 0.068458 0.251137 90 110 19 0.790172 -0.371702 0.487304
0.039896 0.078230 0.251544 54 82 9 0.790353 0.570372 0.223644
0.040731 0.074487 0.255845 91 110 44 0.707281 0.219393 0.672027
0.039695 0.075544 0.257435 112 121 44 0.314756 0.923291 -0.220142
0.040038 0.076110 0.253993 80 106 44 0.744125 0.613178 0.265126
0.040746 0.076102 0.252813 71 98 21 0.591881 0.538429 0.599809
0.041163 0.075822 0.249914 57 84 12 -0.676664 -0.694424 0.244747
0.044590 0.068517 0.252452 119 139 39 0.405028 0.364220 -0.838627
0.042574 0.074529 0.252400 80 105 30 0.704955 0.669836 0.233147
0.046321 0.070192 0.251801 108 136 12 -0.431639 -0.776188 -0.459587
0.040367 0.077149 0.247916 59 79 15 0.800682 0.167724 0.575132
0.040318 0.069338 0.249503 57 81 9 0.906957 -0.275085 0.318994
0.041479 0.068433 0.250994 74 107 7 0.205697 0.225952 -0.952173
0.044592 0.072451 0.248571 64 94 18 0.889301 0.456778 -0.022316
0.040502 0.070327 0.249934 53 83 6 0.857260 0.103989 0.504274
0.047292 0.070499 0.249983 42 81 0 0.495894 0.812577 0.306281
0.039989 0.076230 0.253475 78 108 50 0.757953 0.576064 0.306035
0.040339 0.069211 0.249311 54 82 22 0.865415 -0.285127 0.412018
0.041766 0.075538 0.251902 70 101 7 0.721702 0.649953 0.238135
0.040343 0.077842 0.246567 102 125 21 -0.101974 -0.930377 0.352135
0.042963 0.077821 0.247160 96 108 50 -0.153192 -0.984033 -0.090620
0.041208 0.068351 0.250935 75 99 17 -0.317970 -0.031825 0.947567
0.039796 0.078434 0.250981 57 82 8 0.774712 0.630665 0.045636
0.044719 0.072117 0.248352 70 88 26 0.910634 0.394004 -0.124522
0.044953 0.072069 0.250318 44 65 11 0.791041 0.605097 -0.090065
0.046883 0.069991 0.251541 127 154 65 -0.416607 -0.779975 -0.466988
0.046602 0.067570 0.251300 53 95 3 -0.137618 0.990455 0.007798
0.039901 0.076464 0.253414 79 107 44 0.766274 0.531086 0.361624
0.044345 0.073120 0.248615 63 100 6 0.893431 0.419772 0.159916
0.042210 0.072950 0.254089 74 96 16 0.260571 -0.751572 0.606005
0.048240 0.068975 0.250871 99 126 6 0.925566 0.290795 -0.242417
0.040704 0.073958 0.252466 68 96 1 -0.651523 -0.663111 -0.368512
0.040989 0.076868 0.251166 49 80 7 0.732945 0.643741 0.219977
0.039814 0.075627 0.254815 66 88 43 0.635003 0.610452 0.473412
0.041776 0.068359 0.251002 80 110 14 0.147828 0.315028 -0.937499
0.042480 0.075010 0.249707 50 72 10 -0.604912 -0.791020 0.091476
0.038810 0.077236 0.256476 53 69 26 0.895564 -0.115428 0.429700
0.043461 0.077535 0.247143 97 113 40 0.583966 0.807997 -0.078262
0.042407 0.074677 0.248920 64 84 15 0.508149 0.861152 0.014235
0.040802 0.077090 0.251173 55 79 7 0.777668 0.578979 0.244982
0.044036 0.073775 0.248690 75 95 22 0.868896 0.401582 0.289400
0.041202 0.075841 0.249758 61 80 9 -0.634786 -0.745157 0.204422
0.039300 0.077190 0.254833 84 101 49 0.995425 0.074363 -0.059985
0.047884 0.069505 0.251185 150 184 84 0.730826 0.682526 -0.007146
0.045958 0.070865 0.250391 57 89 3 -0.572173 -0.759583 -0.309276
0.040795 0.076302 0.252654 69 100 13 0.667105 0.510470 0.542578
0.045785 0.067667 0.251598 55 99 11 -0.078675 -0.924690 0.372503
0.041658 0.072842 0.252699 69 97 9 -0.449412 -0.875861 -0.175773
0.042894 0.074262 0.252158 74 102 26 0.746933 0.631067 0.209393
0.040406 0.074808 0.251910 70 97 4 -0.637747 -0.692504 -0.337220
0.039591 0.074609 0.248305 72 91 28 0.829151 0.518703 0.208460
0.038569 0.077471 0.256917 53 75 18 0.928668 -0.126522 0.348665
0.042015 0.070109 0.251356 94 127 21 -0.465624 0.022555 0.884695
0.038005 0.075267 0.256254 43 67 15 0.692064 0.308467 -0.652607
0.039336 0.075677 0.255570 63 84 41 0.697712 0.662259 0.273151
0.038408 0.075326 0.254190 54 76 5 0.844461 0.522015 0.119944
0.043027 0.074060 0.252248 81 103 32 0.767266 0.609668 0.199019
0.039736 0.073851 0.255635 62 81 19 -0.122189 -0.865253 0.486216
0.038578 0.076018 0.256920 64 94 22 0.815944 0.550251 0.177367
0.040865 0.076857 0.250546 70 88 3 0.796633 0.546516 -0.258256
0.041648 0.075106 0.252970 74 97 22 -0.619170 -0.729277 -0.291177
0.043323 0.076256 0.248412 78 101 32 0.128652 0.345214 0.929664
0.037834 0.075664 0.256524 37 72 13 0.775486 0.263701 -0.573658
0.045280 0.071752 0.250676 52 79 8 0.793614 0.601495 0.091539
0.037676 0.076523 0.256028 48 61 16 0.711415 -0.101796 -0.695361
0.041342 0.074821 0.254592 86 109 68 -0.605488 -0.732921 -0.310179
0.046201 0.070325 0.249273 91 112 61 0.574635 0.661851 -0.481402
0.041034 0.075098 0.254458 74 95 59 -0.470909 -0.818372 -0.329411
0.040607 0.075978 0.247832 56 77 8 0.525871 0.614895 0.587677
0.043873 0.069244 0.251723 84 121 28 -0.444966 -0.121119 0.887319
0.045120 0.071720 0.250055 38 65 7 0.736929 0.673314 -0.059866
0.043187 0.073646 0.252846 71 85 44 0.869817 0.480404 0.112387
0.042843 0.074898 0.248903 72 105 41 0.067133 0.581243 0.810956
0.043056 0.073892 0.252868 86 93 46 0.772648 0.626332 0.103549
0.039058 0.077857 0.255704 49 74 22 0.937761 0.063164 0.341490
0.038477 0.076245 0.257939 92 113 33 -0.578207 -0.526587 0.623203
0.039765 0.078427 0.251547 45 81 6 0.742131 0.610650 0.276310
0.043100 0.074058 0.252041 70 101 19 0.768349 0.606697 0.203857
0.043461 0.073527 0.252114 67 101 23 0.813223 0.513761 0.273348
0.039692 0.077746 0.252341 67 96 10 0.639817 0.548335 0.538482
0.040513 0.074681 0.251057 67 96 7 -0.663476 -0.746097 0.056033
0.044766 0.072430 0.249327 64 84 6 0.829765 0.557715 -0.021054
0.046386 0.070380 0.251081 99 126 26 -0.446188 -0.873774 -0.193483
0.041020 0.075014 0.254667 82 94 57 -0.465035 -0.821429 -0.330146
0.039308 0.077137 0.254158 78 101 40 0.927099 0.344604 0.147428
0.045626 0.070852 0.251540 97 129 15 0.596038 0.643313 0.480507
0.041313 0.068839 0.248262 104 124 35 -0.461893 0.351920 -0.814130
0.044407 0.068211 0.252078 81 122 37 -0.470820 -0.717497 0.513349
0.041919 0.069471 0.248607 74 98 19 0.416382 -0.146837 0.897254
0.039927 0.077304 0.249063 53 80 5 0.935998 0.329060 -0.125012
0.039790 0.075473 0.257554 73 107 21 0.186746 0.889224 -0.417620
0.043390 0.073747 0.251770 66 95 14 0.789905 0.583320 0.189177
0.044666 0.072523 0.250920 59 76 7 0.751066 0.659440 0.032225
0.037654 0.076286 0.255707 43 61 16 0.858789 0.376838 -0.347095
0.046242 0.070485 0.250869 91 122 24 -0.497207 -0.841528 -0.211224
0.046660 0.070774 0.250186 61 90 18 -0.368653 -0.876634 -0.309205
0.039937 0.076292 0.253781 81 105 40 0.777901 0.586475 0.225648
0.042361 0.071379 0.251061 94 118 44 -0.433029 0.354201 0.828871
0.040331 0.076194 0.248395 54 80 12 0.847700 0.529911 -0.024497
0.039152 0.077292 0.254468 75 98 26 0.964211 0.264437 -0.019232
0.040774 0.075334 0.254057 67 97 41 -0.502755 -0.816923 -0.282621
0.043635 0.073960 0.249643 60 88 18 0.720972 0.669240 0.179770
0.041372 0.075155 0.253636 64 89 34 -0.569961 -0.774773 -0.273627
0.045085 0.067914 0.250645 70 93 14 -0.256281 -0.950598 -0.175166
0.039778 0.075223 0.256604 97 123 35 -0.561495 -0.827370 0.013534
0.043843 0.068338 0.251110 70 88 13 -0.376829 -0.884958 0.273585
0.039474 0.078150 0.252274 70 95 2 0.645072 0.560272 0.519593
0.041820 0.075407 0.248023 75 96 34 0.185944 0.815554 0.547993
0.044171 0.073082 0.250353 50 73 3 0.757154 0.645319 0.101396
0.041664 0.074036 0.255089 92 114 52 0.742450 0.215014 0.634457
0.040269 0.074979 0.251483 67 96 7 -0.639294 -0.743979 -0.194419
0.039412 0.075432 0.256637 91 118 18 -0.488223 -0.872520 -0.018648
0.044653 0.068298 0.249888 70 80 30 -0.200371 -0.951559 -0.233210
0.043802 0.073304 0.251545 72 96 11 0.745983 0.647048 0.157601
0.040379 0.076890 0.249752 66 82 2 0.782261 0.507738 -0.360930
0.039337 0.074806 0.247912 63 91 27 0.813221 0.504560 0.289985
0.040178 0.075737 0.254354 69 94 49 0.653317 0.609354 0.449292
0.042480 0.077391 0.247719 85 111 36 -0.262367 0.629442 0.731414
0.038168 0.077595 0.245770 99 111 28 -0.099631 0.478773 -0.872267
0.047092 0.068184 0.250455 83 104 11 -0.323962 0.714472 0.620144
0.041253 0.075624 0.248917 56 80 5 -0.527005 -0.836133 0.152139
0.042958 0.072566 0.252235 76 93 12 -0.013104 -0.889923 0.455922
0.041621 0.075741 0.250609 58 84 5 0.738955 0.654564 -0.159661
0.043068 0.074426 0.250684 49 76 11 0.741983 0.659857 0.118528
0.039036 0.078137 0.253421 62 96 28 0.878366 0.431775 0.205043
0.040350 0.076021 0.253104 68 94 25 -0.583703 -0.610515 -0.535315
0.039749 0.075298 0.256096 94 119 62 -0.506048 -0.846643 -0.164654
0.041515 0.074058 0.255195 88 110 38 0.688872 0.152187 0.708727
0.044303 0.072741 0.248926 65 87 7 0.880285 0.471425 0.053456
0.041043 0.070249 0.249065 64 82 0 0.848092 -0.112144 0.517845
0.042366 0.074874 0.252167 77 103 5 -0.680372 -0.687267 -0.254476
0.038196 0.075663 0.254441 46 74 9 0.850431 0.507337 0.139194
0.041327 0.075808 0.250005 56 84 11 -0.630631 -0.744467 0.219258
0.041566 0.073405 0.254946 61 92 11 0.278240 -0.584773 0.761986
0.042693 0.074868 0.249746 47 72 11 -0.623042 -0.777183 0.088346
0.042551 0.072415 0.250663 70 96 7 0.556063 -0.079544 -0.827325
0.039689 0.075001 0.252140 62 97 3 -0.548901 -0.736264 -0.395755
0.043228 0.068936 0.251465 71 105 24 -0.160159 -0.439985 0.883608
0.038671 0.076508 0.256345 47 74 26 0.903321 -0.030443 0.427884
0.039599 0.075463 0.257167 113 131 23 -0.359481 -0.915662 0.179826
0.043384 0.073139 0.254094 109 124 26 -0.173419 0.771021 -0.612742
0.040180 0.069189 0.250301 44 79 5 0.929953 0.135189 -0.341923
0.042154 0.075083 0.252124 70 103 15 -0.665446 -0.704957 -0.245391
0.039083 0.074543 0.253690 54 82 3 -0.653604 -0.735375 -0.178956
0.040419 0.069114 0.250578 58 91 9 0.669306 -0.052381 -0.741138
0.042006 0.077620 0.245978 98 107 31 -0.112671 -0.917400 0.381685
0.045213 0.071677 0.249764 45 62 25 0.722149 0.691104 -0.029619
0.042055 0.075294 0.250317 53 77 14 -0.628309 -0.777954 -0.003912
0.037538 0.076913 0.248392 77 93 31 0.117740 -0.922310 0.368079
0.043143 0.072773 0.252606 56 86 4 0.177993 -0.732638 0.656933
0.046172 0.070503 0.251428 103 131 9 -0.521756 -0.807099 -0.276337
0.041260 0.075800 0.249542 55 81 4 -0.570481 -0.805562 0.160067
0.041629 0.073825 0.255097 81 102 21 0.664772 0.019564 0.746790
0.044379 0.073784 0.248229 67 84 19 0.848318 0.272719 0.453852
0.039563 0.076256 0.254568 71 93 47 0.770362 0.476772 0.423356
0.041202 0.069277 0.250877 77 111 17 -0.389396 0.058825 0.919190
0.043091 0.076289 0.248453 83 105 39 -0.058755 0.353944 0.933419
0.042811 0.074146 0.252798 67 103 60 0.747337 0.642812 0.168168
0.045078 0.071650 0.251341 66 102 8 0.757144 0.450679 0.472887
0.038827 0.074746 0.254190 52 72 9 0.750988 0.653195 0.096712
0.042173 0.074389 0.253464 61 83 27 -0.538845 -0.780784 -0.316264
0.042528 0.076562 0.248216 95 115 56 -0.227939 0.369349 0.900902
0.042090 0.073436 0.251227 67 94 3 -0.615659 -0.782256 0.095071
0.043644 0.074733 0.248801 80 103 23 0.512606 0.352843 0.782775
0.038066 0.076173 0.254345 54 73 11 0.364605 -0.112663 0.924321
0.040951 0.070824 0.249218 56 87 6 0.778682 0.084012 0.621768
0.042739 0.077919 0.247106 86 114 36 -0.039115 -0.995962 -0.080808
0.042053 0.075289 0.251642 72 98 14 0.709291 0.697996 0.098532
0.040010 0.073844 0.255778 62 82 22 0.016311 -0.787370 0.616264
0.039123 0.077257 0.255921 51 75 18 0.915744 -0.025131 0.400976
0.042889 0.074010 0.252780 71 98 59 0.772523 0.619901 0.137590
0.039902 0.075182 0.256784 104 131 17 -0.608915 -0.780472 0.141726
0.039638 0.076368 0.254353 69 95 37 0.764345 0.495656 0.412434
0.043562 0.077565 0.247652 89 108 41 -0.599449 -0.735553 -0.315631
0.040554 0.075601 0.253667 74 96 32 -0.577752 -0.779193 -0.243025
0.042855 0.074725 0.250217 43 72 7 -0.671702 -0.739158 -0.049625
0.040936 0.075773 0.248545 51 77 3 -0.408460 -0.908179 0.091497
0.040464 0.076802 0.247851 56 83 16 0.727777 0.037094 0.684809
0.043041 0.074024 0.249151 78 100 10 0.476632 0.827088 0.297904
0.043790 0.073640 0.250159 47 66 13 0.828868 0.546296 0.120577
0.043735 0.074289 0.249005 81 105 37 0.652058 0.530784 0.541377
0.044145 0.068380 0.251691 76 104 16 -0.514084 -0.733284 0.444985
0.037692 0.077158 0.249009 66 92 24 0.762351 -0.607909 -0.221963
0.038536 0.076727 0.256724 63 79 27 0.939603 -0.085922 0.331307
0.041977 0.075062 0.252477 79 104 21 -0.635564 -0.701959 -0.321420
0.044838 0.071688 0.247986 81 89 20 0.876634 0.280308 -0.391076
0.040770 0.074608 0.251103 70 95 7 -0.665489 -0.746400 0.003401
0.038028 0.075917 0.254617 49 71 10 0.820729 0.529110 0.215514
0.039890 0.077595 0.252460 74 98 9 0.686175 0.522550 0.506069
0.048027 0.069112 0.251721 81 107 10 0.795303 0.438099 0.419003
0.042269 0.074875 0.248817 59 86 12 -0.550710 -0.834097 -0.031639
0.042905 0.074395 0.251796 70 97 19 0.744305 0.643044 0.180291
0.038220 0.076464 0.249222 59 84 24 0.821098 0.440767 -0.362659
0.041738 0.072936 0.252402 71 98 3 -0.430377 -0.861308 -0.270044
0.046595 0.070196 0.251482 111 139 43 -0.414105 -0.858644 -0.302072
0.043798 0.077182 0.247200 83 108 43 0.803042 0.593571 0.052879
0.043832 0.069793 0.251807 104 121 35 -0.290049 -0.138381 0.946954
0.041994 0.075366 0.250702 58 82 6 -0.676458 -0.736393 -0.011397
0.042624 0.077191 0.245669 86 111 11 -0.305639 -0.861493 0.405481
0.040349 0.076418 0.248709 52 78 3 0.804516 0.543994 -0.238379
0.047109 0.070379 0.250246 68 88 21 -0.522808 -0.772540 -0.360352
0.039652 0.075278 0.256527 91 114 30 -0.497662 -0.865731 -0.053313
0.040517 0.073629 0.250072 65 86 14 -0.451458 -0.394541 0.800327
0.040591 0.077882 0.247004 98 125 62 -0.303572 -0.952649 0.017404
0.040343 0.076996 0.252454 65 102 6 0.732741 0.567978 0.374823
0.044053 0.076714 0.247335 89 97 47 0.874255 0.454327 0.171071
0.041090 0.073570 0.250149 60 85 11 -0.378652 -0.460952 0.802587
0.043349 0.071716 0.251604 98 117 30 0.722586 -0.001933 -0.691279
0.040311 0.069973 0.250243 65 92 1 0.853834 0.199503 -0.480797
0.039978 0.077896 0.252071 67 92 9 0.758680 0.488674 0.430816
0.043707 0.070445 0.251990 79 111 32 0.233496 0.103870 -0.966794
0.038696 0.076158 0.257839 103 117 33 -0.534574 -0.598205 0.596976
0.042101 0.070948 0.251203 89 120 39 -0.424184 0.274397 0.863003
0.043303 0.076895 0.246040 92 115 22 0.573061 0.702471 -0.422061
0.041946 0.075302 0.249103 54 74 11 -0.555474 -0.823442 0.115722
0.039833 0.075232 0.251551 64 95 4 -0.602165 -0.786004 -0.139983
0.039324 0.078387 0.252258 66 94 13 0.685738 0.539640 0.488417
0.043763 0.068573 0.251440 66 101 23 -0.541181 -0.596523 0.592692
0.041321 0.077708 0.246982 96 119 49 -0.134922 -0.937891 -0.319618
0.042042 0.077057 0.247892 103 114 57 -0.217791 0.523953 0.823432
0.043730 0.076078 0.248221 75 93 38 0.603165 0.208317 0.769933
0.042862 0.077172 0.248046 80 100 32 -0.186330 0.494738 0.848832
0.040659 0.069527 0.250665 67 97 10 -0.569849 0.174272 0.803058
0.040996 0.075781 0.248026 57 81 7 0.270886 0.918541 0.287928
0.043911 0.076744 0.246887 85 101 54 0.862038 0.481473 -0.158350
0.043493 0.075468 0.248653 77 104 34 -0.339219 -0.358816 -0.869587
0.039954 0.075416 0.255099 58 82 31 -0.602724 -0.703024 -0.377467
0.043248 0.074046 0.251476 60 94 10 0.786275 0.598789 0.152391
0.040324 0.076663 0.252695 68 97 13 0.599847 0.538589 0.591697
0.044601 0.071172 0.251923 95 115 49 -0.469088 -0.245435 -0.848362
0.042324 0.074270 0.253634 60 84 28 -0.541822 -0.774342 -0.326838
0.048278 0.068572 0.250887 96 126 22 0.940183 0.104366 -0.324289
0.040770 0.069412 0.248947 65 74 30 0.720990 -0.356407 0.594262
0.042074 0.074613 0.253243 61 87 19 -0.586681 -0.742998 -0.322118
0.044495 0.072294 0.251858 72 100 17 0.748776 0.351464 0.561968
0.039989 0.078112 0.250459 66 82 17 0.819831 0.529287 -0.218477
0.041682 0.075610 0.247983 71 97 27 0.249789 0.835897 0.488756
0.038230 0.077348 0.251303 70 94 5 0.945693 -0.201140 -0.255358
0.040303 0.070155 0.250430 72 95 3 0.801921 0.305219 -0.513579
0.040587 0.076878 0.251513 60 87 5 0.699407 0.632963 0.331945
0.041840 0.074885 0.253104 62 93 21 0.634584 0.705442 0.315680
0.039763 0.071131 0.250417 70 103 0 0.126250 0.171159 0.977121
0.043414 0.072871 0.252560 66 87 11 0.832691 -0.169921 0.527023
0.039200 0.076158 0.255616 55 79 33 0.835152 0.288605 0.468219
0.038805 0.076200 0.251263 70 94 4 0.764151 0.629484 0.140792
0.039768 0.075384 0.255647 80 98 54 -0.588176 -0.800801 -0.112992
0.040412 0.076991 0.249941 60 84 5 0.772569 0.506349 -0.383077
0.039327 0.074075 0.255535 50 70 15 -0.428933 -0.870755 0.240420
0.038909 0.078020 0.254313 77 97 35 0.945815 0.318637 -0.062489
0.042120 0.074380 0.253591 63 83 23 -0.556381 -0.774301 -0.301493
0.044317 0.072907 0.250318 52 75 1 0.768689 0.634890 0.077657
0.044077 0.068809 0.251970 93 120 19 -0.641258 -0.217060 0.735984
0.040580 0.073442 0.254633 61 82 11 -0.262383 -0.926916 0.268294
0.040254 0.076557 0.252844 67 96 13 0.606768 0.478240 0.634916
0.042422 0.077096 0.245244 87 105 31 -0.147760 -0.851569 0.502989
0.041467 0.075305 0.252945 71 97 23 -0.597305 -0.743227 -0.301397
0.043012 0.070164 0.251721 94 120 24 -0.267712 -0.071175 0.960867
0.044988 0.071682 0.251471 74 103 16 0.733159 0.409801 0.542716
0.039692 0.076753 0.253483 81 104 39 0.835540 0.465128 0.292453
0.040078 0.076197 0.253161 69 95 25 0.660299 0.502141 0.558444
0.044752 0.072541 0.247709 56 73 24 0.938489 0.340641 -0.056591
0.038815 0.077858 0.256414 46 74 15 0.917009 0.017064 0.398502
0.040941 0.076563 0.244948 82 96 19 0.218117 -0.603769 0.766738
0.040222 0.078024 0.250681 58 85 8 0.830236 0.547112 -0.106660
0.043124 0.073622 0.254393 90 115 24 0.360889 0.778211 0.513952
0.043299 0.073495 0.252716 58 83 5 0.908315 0.388395 0.155282
0.044592 0.069878 0.248429 61 83 32 -0.527121 0.267230 0.806679
0.040714 0.077277 0.251043 49 79 4 0.793240 0.567350 0.221098
0.040840 0.076650 0.251705 60 92 8 -0.665586 -0.690540 -0.283107
0.039669 0.078748 0.247842 56 70 10 0.813322 0.564300 0.141682
0.040181 0.074358 0.252457 68 93 5 -0.616370 -0.677084 -0.402052
0.040347 0.073644 0.253704 55 79 6 -0.549411 -0.813696 -0.189856
0.047491 0.069854 0.250512 85 113 25 -0.690829 -0.705719 -0.157213
0.040678 0.076134 0.248979 55 77 6 0.687713 0.674011 -0.269739
0.042683 0.076816 0.248139 80 110 33 -0.214127 0.414191 0.884644
0.040223 0.069071 0.250462 54 84 3 0.855693 0.117175 -0.504042
0.042719 0.076694 0.248216 86 108 47 -0.160502 0.379739 0.911064
0.038530 0.076060 0.246185 78 98 14 0.897431 0.134684 0.420093
0.040150 0.075879 0.254225 73 97 44 0.676608 0.639778 0.364535
0.040273 0.078085 0.250955 60 79 5 0.816382 0.574016 0.063451
0.038232 0.075921 0.254045 58 77 6 -0.404683 0.197646 -0.892843
0.038270 0.075362 0.254593 46 73 4 0.838214 0.513349 0.184037
0.043529 0.073683 0.251192 46 87 4 0.802811 0.584790 0.116254
0.042192 0.072263 0.250577 83 102 18 -0.459339 0.211450 0.862726
0.044596 0.072650 0.249398 57 89 7 0.827442 0.561288 -0.017193
0.041563 0.073408 0.250262 63 87 13 0.424616 0.553734 -0.716296
0.040920 0.069379 0.248830 63 83 34 0.655860 -0.291571 0.696300
0.038960 0.077669 0.256265 48 71 21 0.908377 0.026213 0.417329
0.043200 0.077088 0.248175 75 97 32 0.087188 0.454607 0.886415
0.037467 0.076679 0.255562 44 59 18 0.716884 0.644124 -0.266798
0.047286 0.070188 0.251022 143 172 74 -0.522396 -0.832499 -0.184521
0.042073 0.069511 0.251278 81 117 12 -0.422114 -0.073364 0.903569
0.038925 0.076393 0.249943 59 89 8 0.582553 -0.318976 -0.747587
0.043999 0.073094 0.250738 55 74 16 0.733640 0.670615 0.109766
0.040993 0.073351 0.253104 65 89 3 -0.638156 -0.735860 -0.226422
0.038905 0.076522 0.258183 65 92 43 0.634382 0.463413 -0.618715
0.042482 0.077824 0.247395 89 109 44 0.270226 -0.839894 -0.470697
0.041384 0.077835 0.246381 95 105 26 0.021157 -0.997550 0.066684
0.044193 0.073284 0.249050 66 97 25 0.880008 0.431269 0.198980
0.039417 0.075443 0.257545 74 87 37 0.168647 0.876860 -0.450195
0.040985 0.073818 0.250234 63 85 11 -0.414397 -0.494622 0.763953
0.041145 0.074821 0.254832 82 110 75 -0.573369 -0.736918 -0.358050
0.044175 0.072983 0.251146 65 91 6 -0.702371 -0.706275 -0.088601
0.038101 0.076333 0.248784 65 94 31 0.828118 0.462142 -0.317245
0.040003 0.077041 0.249182 54 80 6 0.885880 0.421342 -0.194131
0.038972 0.076641 0.258277 77 87 9 -0.627066 -0.408337 0.663362
0.045484 0.071319 0.251119 73 107 12 0.787766 0.533179 0.308456
0.047891 0.069522 0.251718 119 149 73 -0.629095 -0.673329 -0.388417
0.041215 0.074719 0.255004 91 114 65 -0.601094 -0.697784 -0.389593
0.043450 0.077686 0.247585 95 105 45 -0.432151 -0.836027 -0.338091
0.046607 0.070808 0.250065 53 86 10 0.385603 0.880399 0.276056
0.040198 0.075295 0.255052 63 83 41 -0.495065 -0.776071 -0.390672
0.041721 0.074325 0.254692 103 127 69 0.753881 0.507012 0.417856
0.046642 0.070070 0.251712 105 136 46 0.417932 0.750747 0.511577
0.046506 0.070205 0.251618 102 142 20 -0.446412 -0.821455 -0.354862
0.042866 0.074510 0.251503 62 93 13 0.728205 0.671592 0.136681
0.047407 0.070218 0.250145 47 86 9 0.617283 0.762306 0.194556
0.046706 0.070132 0.251434 111 141 43 -0.364751 -0.858783 -0.359790
0.042484 0.074858 0.251536 63 96 11 -0.689656 -0.718336 -0.091473
0.040792 0.076113 0.249282 59 79 10 0.723900 0.654955 -0.216802
0.042154 0.073883 0.254482 97 116 53 0.655755 0.456017 0.601693
0.043059 0.074414 0.249493 64 83 16 -0.605775 -0.787373 -0.114371
0.042364 0.074079 0.254108 89 112 49 -0.545736 -0.737203 -0.398377
0.047008 0.067595 0.251126 73 102 1 -0.274072 0.957406 -0.090876
0.040302 0.073145 0.249018 66 86 2 0.928102 0.361480 -0.089212
0.039287 0.076888 0.254367 73 97 47 0.919580 0.341758 0.193841
0.041344 0.076052 0.251848 69 98 5 0.749297 0.594600 0.291555
0.040066 0.078271 0.250761 56 85 10 0.790532 0.612346 -0.009515
0.042631 0.074810 0.250740 52 81 10 -0.654714 -0.749329 -0.099271
0.042532 0.077326 0.247800 79 106 43 -0.247244 0.576096 0.779092
0.041557 0.074236 0.255156 89 113 45 0.738537 0.303536 0.602020
0.044417 0.072727 0.250833 45 80 6 0.719249 0.693353 0.044070
0.038987 0.077821 0.256007 50 72 19 0.914510 0.040341 0.402548
0.044227 0.073101 0.253638 193 208 104 -0.508526 -0.794392 0.332179
0.039755 0.074087 0.249318 80 95 37 0.771778 0.635304 -0.027336
0.039327 0.074707 0.249921 52 79 18 0.775088 0.409562 -0.481141
0.041263 0.077764 0.246232 83 101 29 0.006805 -0.979275 0.202421
0.041413 0.075538 0.249024 56 77 9 -0.518222 -0.843859 0.139099
0.039203 0.077240 0.254327 77 101 45 0.945909 0.315778 0.074437
0.040129 0.076819 0.249097 54 79 11 0.877424 0.451767 -0.161349
0.047305 0.070055 0.251096 156 177 61 -0.552279 -0.804162 -0.219798
0.042129 0.073656 0.250481 62 83 17 -0.529170 -0.734355 0.425090
0.044496 0.073078 0.248390 79 99 21 0.909020 0.397267 0.125939
0.045711 0.071280 0.249803 33 72 10 -0.701603 -0.712469 -0.011909
0.039202 0.077920 0.253178 64 92 18 0.825055 0.480043 0.298066
0.038365 0.077410 0.257738 67 96 10 0.990765 0.130263 0.037622
0.042018 0.074056 0.254484 114 134 68 0.714057 0.477649 0.511834
0.042158 0.075215 0.250801 52 80 8 -0.674188 -0.738195 -0.023205
0.041031 0.073331 0.254763 70 82 24 -0.092341 -0.816600 0.569770
0.039988 0.078047 0.251614 58 84 9 0.815806 0.508600 0.275295
0.040732 0.075605 0.244491 83 104 22 -0.349010 0.333094 -0.875923
0.041957 0.075228 0.248213 77 100 18 0.148313 0.838548 0.524252
0.039612 0.074243 0.250077 58 78 16 -0.565668 -0.433809 0.701305
0.042317 0.077829 0.246791 92 111 39 -0.134625 0.990106 0.039567
0.041658 0.074665 0.254181 91 106 53 0.690270 0.670640 0.271605
0.039599 0.075472 0.255950 79 98 52 -0.562362 -0.810214 -0.165234
0.042144 0.072765 0.253522 62 89 3 -0.028281 -0.988575 0.148054
0.038976 0.075543 0.249575 62 80 29 0.860630 0.372181 -0.347559
0.038950 0.075727 0.256754 71 96 36 -0.616397 -0.768474 -0.171762
0.046406 0.070343 0.250934 91 125 26 -0.446877 -0.876608 -0.178492
0.046442 0.068195 0.250289 90 115 18 0.111596 -0.831583 -0.544073
0.041720 0.071054 0.248270 67 84 6 0.651513 0.143166 0.745006
0.042616 0.074795 0.250995 49 83 9 -0.665846 -0.741455 -0.083028
0.042167 0.075105 0.248493 81 100 17 -0.282337 -0.857322 -0.430447
0.040585 0.073839 0.255631 59 88 10 0.277947 -0.659816 0.698132
0.042230 0.075097 0.249264 54 72 11 -0.574346 -0.806641 0.139490
0.044179 0.073154 0.253791 93 119 38 -0.508526 -0.794392 0.332179
0.043841 0.073506 0.253765 82 115 20 0.560331 0.781510 -0.274357
0.047888 0.068143 0.251175 82 105 4 0.682750 -0.622450 0.382633
0.041868 0.077325 0.247665 102 121 49 -0.193829 0.671862 0.714865
0.044571 0.068102 0.250392 73 84 40 0.305225 0.942621 0.135291
0.041439 0.073704 0.251449 73 94 8 -0.564613 -0.774055 -0.286446
0.043545 0.076617 0.248205 78 95 36 0.415289 0.328412 0.848340
0.043388 0.072913 0.253639 91 115 37 0.037577 0.996353 -0.076611
0.043465 0.069989 0.251810 82 118 31 -0.225879 -0.144277 0.963412
0.040997 0.071622 0.250496 85 109 37 0.401803 -0.341760 -0.849561
0.046550 0.070800 0.249938 105 118 30 0.379216 0.897515 0.225082
0.040917 0.077447 0.245902 77 99 25 -0.022676 0.919322 -0.392853
0.041651 0.077258 0.245476 88 99 29 0.005068 0.841438 -0.540330
0.045852 0.071135 0.250007 56 77 9 -0.663725 -0.741470 -0.098443
0.043010 0.073396 0.254670 96 124 0 -0.316551 -0.433017 -0.843974
0.038124 0.075399 0.255127 43 65 10 0.838663 0.541918 0.054484
0.044642 0.072514 0.249151 58 83 12 0.877607 0.479027 -0.018429
0.041447 0.071340 0.250718 93 117 26 -0.472349 0.305566 0.826750
0.040170 0.075944 0.253390 78 99 35 0.678651 0.650907 0.340223
0.044467 0.074974 0.247826 61 77 35 0.832144 0.214946 0.511208
0.038927 0.076196 0.258018 97 109 38 -0.512598 -0.602528 0.611722
0.043909 0.073402 0.249798 62 81 3 0.820612 0.550694 0.152747
0.039269 0.076864 0.255230 66 88 53 0.977248 -0.064122 0.202174
0.042339 0.073398 0.250773 64 87 13 0.671348 0.584254 -0.456005
0.037942 0.075369 0.255879 44 63 16 0.788583 0.465071 -0.402301
0.040228 0.074989 0.255397 85 107 60 -0.456705 -0.873888 -0.166552
0.039214 0.077474 0.255703 58 75 38 0.943651 0.038874 0.328652
0.040590 0.075369 0.254381 73 93 49 -0.519311 -0.766562 -0.377754
0.040555 0.077383 0.251156 49 78 13 0.831360 0.477228 0.284771
0.044650 0.072595 0.249633 53 82 2 0.823629 0.567127 0.001737
0.038667 0.074969 0.254229 56 72 9 0.803888 0.583663 0.114464
0.044056 0.073580 0.249129 73 102 33 0.858234 0.455296 0.236940
0.039300 0.075775 0.250403 63 93 12 0.780033 0.579488 -0.236098
0.043209 0.075691 0.248746 87 110 39 0.061632 0.354688 0.932951
0.040977 0.069164 0.248430 86 100 0 0.655860 -0.291571 0.696300
0.041102 0.076754 0.251010 52 77 7 0.784685 0.603029 0.143617
0.041151 0.076600 0.250746 66 83 5 0.802840 0.570788 -0.172189
0.040754 0.073854 0.252709 67 91 5 -0.647150 -0.680759 -0.343169
0.042197 0.075154 0.248345 80 102 36 -0.006236 -0.798279 -0.602256
0.045263 0.071045 0.251391 91 120 6 0.641029 0.545390 0.540030
0.042166 0.075167 0.250155 52 75 14 -0.598980 -0.800763 0.001444
0.044137 0.072405 0.252177 73 101 32 0.526192 0.137003 0.839257
0.044090 0.073445 0.249441 70 95 33 0.835896 0.516869 0.184727
0.042775 0.077454 0.247804 80 103 44 -0.172857 0.659874 0.731223
0.045989 0.070904 0.249443 63 96 4 0.620637 0.769151 -0.152372
0.040670 0.074330 0.250346 59 85 13 -0.548590 -0.600130 0.582146
0.041193 0.076304 0.251773 60 93 12 0.727306 0.620964 0.292285
0.042378 0.077125 0.247904 82 105 41 -0.272563 0.516701 0.811621
0.045410 0.071035 0.251451 87 125 11 0.625853 0.549518 0.553478
0.039881 0.074045 0.248811 64 90 25 0.833805 0.536893 0.128511
0.042579 0.077046 0.245169 82 101 31 -0.149796 -0.854416 0.497529
0.039899 0.074260 0.252915 65 90 4 -0.548313 -0.729855 -0.408246
0.039839 0.075335 0.255905 84 104 61 -0.534863 -0.841365 -0.077630
0.040139 0.070517 0.250120 61 91 6 0.750608 0.421451 0.508888
0.042391 0.069268 0.251433 77 111 19 -0.270113 -0.272248 0.923537
0.042655 0.074323 0.252997 74 92 38 -0.634555 -0.736558 -0.234142
0.040549 0.075868 0.248324 55 75 4 -0.570760 -0.815732 0.093888
0.044730 0.072450 0.251114 62 88 19 0.747144 0.648564 0.145399
0.039940 0.077816 0.249729 68 81 3 0.891904 0.363593 -0.268900
0.039162 0.078086 0.252776 62 93 7 0.749163 0.513766 0.418091
0.041130 0.075652 0.248261 50 79 3 -0.331658 -0.925145 -0.184686
0.045845 0.070869 0.250715 74 107 3 -0.692094 -0.693175 -0.201281
0.040415 0.076961 0.251740 61 94 13 0.772071 0.592365 0.230239
0.046937 0.069237 0.249950 67 81 4 0.487385 -0.078023 -0.869694
0.038632 0.078167 0.246082 122 127 31 -0.133773 0.747824 -0.650281
0.039086 0.075586 0.257440 98 122 34 -0.378901 -0.872724 0.307875
0.041569 0.074120 0.244854 87 95 53 0.632740 -0.682592 -0.365662
0.042048 0.068860 0.248472 85 99 54 -0.220088 -0.451586 -0.864657
0.044536 0.075536 0.246272 81 104 30 0.917270 0.394227 0.056579
0.039239 0.076405 0.255454 62 86 30 0.909423 0.135366 0.393225
0.039777 0.078599 0.250796 63 83 9 0.789740 0.613128 0.019601
0.038885 0.076407 0.256053 55 75 39 0.851663 0.114864 0.511348
0.039406 0.077123 0.253937 81 103 44 0.878495 0.415181 0.236373
0.043592 0.077525 0.247366 83 112 39 -0.641434 -0.761665 -0.091809
0.039803 0.075402 0.250851 66 95 13 -0.667816 -0.724443 0.170890
0.040536 0.074205 0.252340 68 95 3 -0.648334 -0.662838 -0.374577
0.038766 0.075385 0.248265 86 106 57 0.825698 0.448260 0.342469
0.042658 0.071929 0.250922 86 107 21 -0.614799 0.197867 0.763460
0.039783 0.078469 0.249622 61 79 9 0.938280 0.322484 -0.125037
0.041466 0.069180 0.248579 89 107 37 0.620450 -0.279477 0.732758
0.040620 0.075914 0.253019 70 95 26 -0.571545 -0.613935 -0.544444
0.039691 0.077440 0.252723 63 93 10 0.688648 0.509096 0.516319
0.038443 0.075151 0.254533 51 69 13 0.823043 0.540866 0.173390
0.043035 0.074383 0.250980 44 83 6 0.733699 0.671470 0.103986
0.039098 0.076363 0.258192 80 97 49 -0.517564 -0.551420 0.654266
0.042153 0.075151 0.249226 54 74 10 -0.591810 -0.794630 0.135367
0.041540 0.077663 0.246970 90 116 50 -0.078679 -0.941352 -0.328124
0.039659 0.075697 0.255020 62 83 43 0.680806 0.598285 0.422562
0.043887 0.068370 0.250587 59 88 9 0.334209 0.940460 -0.061958
0.042480 0.069405 0.251493 87 116 25 -0.276088 -0.238677 0.931026
0.043229 0.077568 0.246972 103 122 47 0.364170 0.924633 -0.111510
0.042651 0.072815 0.253199 74 89 24 0.383082 -0.885613 0.262561
0.041700 0.077676 0.246879 91 112 46 0.066228 -0.946041 -0.317208
0.038387 0.076239 0.256960 68 85 36 0.852117 0.487101 0.191388
0.039077 0.075565 0.257004 90 111 16 -0.563106 -0.824107 -0.061320
0.037360 0.076556 0.254865 45 67 8 0.871962 0.480229 0.095193
0.040704 0.074451 0.250795 64 90 20 -0.641112 -0.698479 0.317966
0.039257 0.075519 0.257165 111 135 26 -0.380678 -0.913394 0.144204
0.040390 0.069537 0.250458 56 81 14 0.766208 0.037283 -0.641510
0.039842 0.078192 0.249233 55 79 7 0.960560 0.258461 -0.102581
0.042115 0.077618 0.247354 98 114 55 0.298460 -0.813290 -0.499481
0.042497 0.073176 0.250601 61 86 16 0.687889 0.539839 -0.485163
0.043570 0.069583 0.251625 84 122 29 -0.236070 -0.233645 0.943229
0.042710 0.077868 0.247423 90 107 38 0.103958 -0.903411 -0.415982
0.042141 0.077308 0.245614 105 117 22 0.197078 0.880385 -0.431373
0.042838 0.076110 0.248543 87 110 50 -0.224259 0.323521 0.919262
0.044699 0.072382 0.251338 58 97 13 0.763679 0.590623 0.260689
0.039279 0.077895 0.252926 57 91 13 0.766826 0.511984 0.387105
0.041616 0.075467 0.249238 57 78 8 -0.515559 -0.841902 0.159371
0.040814 0.075751 0.248173 51 77 9 0.372848 0.917446 0.138844
0.041150 0.076621 0.251284 57 80 15 0.763019 0.623129 0.171789
0.040194 0.073618 0.248034 77 103 23 0.874044 0.478529 0.084009
0.037087 0.076641 0.254926 49 64 13 0.871962 0.480229 0.095193
0.042344 0.075019 0.251112 62 87 7 -0.673539 -0.737317 -0.052044
0.042050 0.070526 0.251341 95 123 29 -0.439656 0.152113 0.885192
0.038628 0.074909 0.253510 58 81 10 0.729075 0.654378 0.200597
0.042219 0.074620 0.253045 61 89 23 -0.576007 -0.749491 -0.326312
0.040020 0.077723 0.246311 108 124 10 -0.093531 -0.897208 0.431590
0.043976 0.073242 0.250506 49 72 10 0.788090 0.603566 0.120924
0.038916 0.076253 0.255820 52 74 38 0.875190 0.133833 0.464899
0.041830 0.074635 0.253696 66 92 38 -0.671786 -0.689659 -0.270321
0.044245 0.073242 0.248764 75 95 19 0.896994 0.401137 0.185720
0.040504 0.071125 0.249718 57 86 15 0.788245 0.051779 0.613179
0.043319 0.072169 0.251985 71 95 27 0.654536 0.484554 -0.580336
0.042137 0.071791 0.250750 95 111 35 -0.385127 0.324824 0.863809
0.038950 0.078079 0.253766 71 99 35 0.908322 0.383717 0.166472
0.039398 0.075360 0.257025 119 141 22 -0.365382 -0.921653 0.130581
0.038870 0.075916 0.256007 66 84 39 0.796119 0.480307 0.368103
0.040978 0.069877 0.250740 76 113 9 -0.503606 0.037765 0.863108
0.039947 0.077477 0.248855 59 75 12 0.964342 0.244280 0.101846
0.041643 0.075468 0.248078 71 94 25 0.369389 0.835068 0.407692
0.047619 0.069719 0.250604 87 115 21 0.766162 0.636428 0.089191
0.047364 0.070083 0.250286 92 111 4 -0.620048 -0.759702 -0.195942
0.039716 0.075585 0.255167 67 82 44 0.663512 0.656585 0.358676
0.041749 0.076559 0.247955 87 108 52 -0.274049 0.246280 0.929647
0.040301 0.074287 0.245393 86 103 43 0.954164 0.203257 0.219678
0.042600 0.074658 0.248961 70 96 20 0.547815 0.748853 0.372985
0.043177 0.074415 0.249206 80 101 26 -0.311474 -0.696399 -0.646538
0.041619 0.070114 0.251048 81 125 12 -0.464518 0.051036 0.884092
0.039783 0.074103 0.256120 61 92 11 0.043733 -0.731523 0.680413
0.037687 0.076672 0.256031 40 63 17 0.692310 -0.221033 -0.686914
0.039439 0.075237 0.245591 102 118 44 0.918103 0.203142 0.340325
0.043979 0.073215 0.249786 65 81 16 0.812938 0.564358 0.143641
0.039799 0.076645 0.253355 75 105 35 0.790971 0.469638 0.392179
0.039841 0.075193 0.255376 64 89 38 -0.589972 -0.780674 -0.206112
0.042786 0.072727 0.252659 73 96 18 0.219305 -0.861165 0.458585
0.040947 0.074827 0.255283 106 115 66 -0.503738 -0.758424 -0.413570
0.040345 0.073575 0.254167 55 73 16 -0.445435 -0.893665 -0.054320
0.040739 0.076316 0.247812 68 85 20 -0.421245 -0.344625 -0.838919
0.041285 0.075613 0.248136 54 85 10 -0.384393 -0.896033 -0.222187
0.040854 0.075987 0.244183 102 104 23 -0.275600 0.349024 -0.895671
0.040573 0.074628 0.251380 67 98 3 0.701888 0.700170 0.130823
0.042309 0.072692 0.252830 77 96 20 0.071038 0.996819 -0.036122
0.041037 0.073146 0.254309 62 84 20 -0.294291 -0.916369 0.271405
0.041807 0.073601 0.251175 67 93 11 -0.549715 -0.828144 0.109504
0.038268 0.077331 0.257903 74 92 17 0.444711 -0.475365 -0.759118
0.042301 0.077875 0.246994 95 106 39 0.259528 -0.946713 -0.190736
0.043427 0.068410 0.251118 52 90 31 -0.215839 -0.792011 0.571080
0.038442 0.076393 0.252069 65 92 4 0.951704 -0.302190 -0.054232
0.040089 0.073877 0.249097 66 92 27 0.850044 0.525619 -0.033917
0.038875 0.075393 0.248861 83 92 32 0.846518 0.521199 -0.108440
0.038417 0.075758 0.247858 85 108 60 -0.697575 -0.716310 0.016983
0.043834 0.072443 0.252339 66 110 8 0.478981 0.100063 0.872104
0.041215 0.071015 0.248735 58 78 15 0.834094 0.121669 0.538037
0.040526 0.076894 0.252202 65 100 11 0.742249 0.625214 0.241193
0.046548 0.068418 0.251931 107 134 35 0.366764 -0.483804 0.794618
0.044731 0.068229 0.252264 127 151 76 0.385271 0.703145 -0.597623
0.043368 0.076458 0.248323 73 97 37 0.141122 0.392956 0.908664
0.044138 0.072903 0.251645 67 94 19 0.740100 0.616307 0.269106
0.043720 0.073990 0.249402 79 104 50 -0.679566 -0.682982 -0.267815
0.042867 0.074606 0.249072 78 97 16 0.028931 -0.567390 -0.822941
0.042067 0.077750 0.246967 93 107 49 0.247864 -0.930824 -0.268570
0.044845 0.072155 0.249982 39 64 15 0.823057 0.567955 0.002066
0.043367 0.074937 0.248956 90 110 48 0.202162 0.482660 0.852156
0.041367 0.073226 0.252262 67 94 6 -0.582106 -0.743378 -0.329456
0.039408 0.075571 0.257543 89 116 28 0.336569 0.907061 -0.252907
0.041148 0.075820 0.247890 66 93 12 0.322436 0.889479 0.323823
0.043472 0.073942 0.250448 49 70 7 0.791210 0.588136 0.167579
0.044156 0.073915 0.248417 65 87 24 0.865672 0.337226 0.369986
0.038732 0.075988 0.256601 60 84 21 0.760345 0.578773 0.294783
0.043528 0.077234 0.246819 94 115 40 -0.651759 -0.694802 0.304073
0.044894 0.072079 0.249674 56 70 5 0.814942 0.577944 0.043026
0.040709 0.073305 0.254063 53 77 20 -0.426691 -0.904108 0.022858
0.037597 0.076791 0.256021 45 61 17 0.702232 -0.209428 -0.680448
0.038435 0.075076 0.254904 45 67 9 0.755354 0.654794 0.026194
0.043552 0.073806 0.250594 45 71 13 0.796399 0.578223 0.177218
0.040169 0.078103 0.251234 54 78 5 0.803325 0.566492 0.183725
0.039379 0.077570 0.255149 62 89 42 0.989345 0.140238 0.039100
0.045503 0.071368 0.249262 46 83 10 0.701820 0.708844 -0.070635
0.040031 0.075165 0.256275 83 104 31 -0.552365 -0.805100 -0.216118
0.040233 0.078021 0.247175 84 106 26 -0.416956 -0.899590 0.129946
0.045081 0.071413 0.251592 90 120 28 0.661279 0.417710 0.623080
0.042599 0.074777 0.251247 58 88 14 -0.680561 -0.729799 -0.065047
0.040896 0.076345 0.252454 69 100 8 0.708509 0.527557 0.468721
0.039306 0.074136 0.254832 46 67 14 0.658210 0.744369 -0.112578
0.040389 0.076541 0.249086 61 82 6 0.788608 0.565501 -0.241467
0.043675 0.073780 0.250296 50 67 9 0.795641 0.585085 0.156942
0.038412 0.076418 0.257230 86 103 28 0.976325 0.202748 0.075388
0.044794 0.072153 0.248801 68 81 22 0.850229 0.525052 -0.037835
0.040738 0.077805 0.247239 89 116 48 -0.349268 -0.874557 -0.336396
0.038340 0.076631 0.249411 58 85 22 0.678653 0.212683 -0.702991
0.041647 0.074403 0.254624 100 131 70 0.712130 0.587620 0.384154
0.042085 0.075245 0.251376 62 94 13 0.712441 0.699737 0.052876
0.040053 0.077144 0.249429 58 81 4 0.859313 0.435263 -0.268567
0.041500 0.070606 0.250944 90 121 19 -0.437151 0.114262 0.892100
0.040832 0.076118 0.249512 57 83 4 0.735287 0.634001 -0.239573
0.041941 0.075379 0.251237 58 88 12 0.735235 0.677349 0.025050
0.043447 0.071641 0.251855 79 107 28 -0.618338 -0.098555 0.779708
0.040857 0.075185 0.254442 72 89 47 -0.489872 -0.796021 -0.355493
0.039167 0.076858 0.255682 63 79 39 0.918376 -0.115745 0.378403
0.044559 0.072658 0.249917 54 73 15 0.790801 0.610411 0.045081
0.040716 0.074898 0.255447 87 112 62 -0.546178 -0.785295 -0.291549
0.042696 0.074853 0.250232 51 72 9 -0.626162 -0.777313 -0.060875
0.038767 0.074834 0.254418 51 72 7 0.779421 0.619194 0.095401
0.042634 0.077721 0.247534 82 110 35 0.184788 -0.816169 -0.547468
0.045364 0.067780 0.251615 65 104 6 -0.183680 -0.945600 0.268520
0.038329 0.077052 0.257797 87 104 10 0.903919 -0.023864 -0.427038
0.041985 0.075300 0.251916 69 102 9 -0.686499 -0.702853 -0.186321
0.043626 0.073727 0.250588 44 70 13 0.802958 0.568998 0.177481
0.045488 0.071459 0.249567 43 59 24 0.709242 0.702733 -0.056051
0.042953 0.071421 0.247309 76 89 16 -0.112442 0.116500 -0.986805
0.038520 0.076079 0.257143 78 102 7 0.846582 0.531738 0.023541
0.039144 0.074934 0.257038 85 108 17 -0.020631 0.723549 -0.689965
0.042958 0.068961 0.251431 70 102 15 -0.156508 -0.438340 0.885078
0.044266 0.076055 0.247736 74 93 36 0.834915 0.293025 0.465890
0.045675 0.071252 0.250437 54 80 11 0.716941 0.684983 0.129593
0.038485 0.075433 0.253344 59 83 6 0.813067 0.532322 0.235704
0.039172 0.075056 0.249748 58 79 18 0.834706 0.352534 -0.423066
0.038324 0.076711 0.257809 90 111 18 0.775773 0.305106 -0.552346
0.039961 0.075160 0.256917 111 134 27 -0.663254 -0.715862 0.218255
0.040779 0.075873 0.248581 46 79 6 -0.502009 -0.850086 0.159187
0.040976 0.076841 0.250731 60 87 5 0.809313 0.572271 -0.132358
0.041559 0.073799 0.251064 61 91 11 -0.545404 -0.817888 0.183286
0.041483 0.075498 0.252478 76 101 12 -0.630064 -0.674528 -0.384749
0.043361 0.070559 0.251869 91 120 33 -0.311504 -0.041733 0.949328
0.041131 0.069284 0.248658 76 101 21 0.655860 -0.291571 0.696300
0.044614 0.067961 0.250787 65 88 9 -0.306835 -0.942623 -0.131582
0.045499 0.071478 0.249852 49 66 8 -0.681975 -0.730112 0.042969
0.041957 0.077592 0.247104 96 111 39 0.220988 -0.901280 -0.372639
0.039362 0.074898 0.248379 71 99 27 0.795919 0.549420 0.254265
0.040276 0.077972 0.247536 71 90 18 -0.522380 -0.807710 -0.273356
0.039374 0.078031 0.252393 69 94 7 0.683260 0.523183 0.509348
0.042149 0.074204 0.254111 88 110 65 -0.630796 -0.692160 -0.350729
0.040256 0.073323 0.249948 65 93 18 0.669500 0.439437 -0.598886
0.038964 0.075681 0.257231 93 115 11 -0.582790 -0.811250 0.047218
0.040396 0.075311 0.254627 76 95 58 -0.490915 -0.764428 -0.417914
0.043754 0.073358 0.250836 48 76 13 0.779204 0.610998 0.139724
0.040661 0.069388 0.249024 64 79 24 0.720990 -0.356407 0.594262
0.040597 0.072868 0.249777 70 100 18 0.718355 0.172696 -0.673900
0.047238 0.070546 0.250091 65 81 6 0.512710 0.815667 0.267985
0.041677 0.073194 0.254742 63 87 24 0.312349 -0.595139 0.740437
0.041678 0.075509 0.247959 80 94 45 0.340718 0.842708 0.416838
0.045028 0.071070 0.251808 105 132 25 -0.489956 -0.413613 -0.767377
0.040536 0.076817 0.252470 71 102 3 0.682929 0.611665 0.399341
0.041442 0.075526 0.248853 54 76 6 -0.487234 -0.868856 0.087702
0.041843 0.074496 0.254105 76 103 63 0.683184 0.671667 0.286571
0.047441 0.069823 0.251132 167 182 44 -0.602321 -0.773388 -0.197690
0.044520 0.072656 0.251097 64 88 15 0.717142 0.684429 0.131394
0.045828 0.068774 0.252166 91 138 35 0.233795 -0.244463 0.941052
0.047139 0.070198 0.250363 70 128 63 -0.559672 -0.791487 -0.245592
0.041459 0.075531 0.249165 57 79 12 -0.499867 -0.854737 0.139850
0.039365 0.077689 0.252988 66 97 21 0.765193 0.517519 0.382953
0.042355 0.075059 0.250298 58 76 6 -0.608320 -0.792225 -0.048236
0.041502 0.074816 0.254249 74 99 49 -0.653934 -0.697327 -0.293436
0.039739 0.073763 0.255206 53 75 10 -0.354111 -0.895937 0.268144
0.047767 0.069578 0.250967 111 140 0 0.735083 0.677286 -0.030606
0.043691 0.077054 0.247995 74 99 38 0.624170 0.433970 0.649679
0.040983 0.076466 0.251900 68 96 9 0.710142 0.661080 0.242223
0.039615 0.078718 0.251039 55 81 4 0.757285 0.646794 0.090429
0.043059 0.074201 0.249269 61 94 9 0.464166 0.831499 0.305219
0.046236 0.070342 0.251682 105 140 9 -0.471989 -0.768849 -0.431390
0.039321 0.077952 0.252546 62 94 6 0.710453 0.530697 0.462187
0.042468 0.074468 0.253019 69 93 24 -0.591184 -0.758649 -0.273774
0.043943 0.073409 0.249984 54 73 18 0.814748 0.564690 0.131576
0.044231 0.068153 0.250703 64 86 12 0.332071 0.942744 0.031020
0.041733 0.075430 0.252197 67 102 8 -0.671277 -0.671900 -0.312949
0.039841 0.076521 0.253544 80 106 37 0.809228 0.513670 0.285119
0.041838 0.075406 0.249454 58 78 9 -0.536284 -0.833862 0.130666
0.043387 0.073229 0.252606 62 78 23 0.939243 0.106557 0.326295
0.040802 0.076531 0.250095 67 86 6 0.759154 0.512579 -0.401184
0.043298 0.071371 0.251569 78 107 28 -0.625000 0.107475 0.773191
0.040249 0.076887 0.249496 58 80 5 0.833713 0.474389 -0.282625
0.043930 0.071523 0.252174 95 127 56 -0.023192 -0.246648 0.968827
0.041980 0.076772 0.247997 89 113 57 -0.248624 0.437978 0.863922
0.047344 0.070171 0.251082 166 184 65 -0.553078 -0.807798 -0.203881
0.040097 0.076880 0.248644 52 74 4 0.930237 0.366585 0.016557
0.039530 0.076522 0.245631 73 93 21 -0.203176 0.495722 -0.844381
0.039112 0.078125 0.253071 62 91 17 0.813358 0.482019 0.325739
0.041573 0.077304 0.247611 107 125 64 0.087430 -0.713877 -0.694792
0.041606 0.075727 0.250385 61 84 3 0.689831 0.681268 -0.244964
0.042951 0.074597 0.250471 47 75 5 -0.697504 -0.709330 -0.101682
0.042192 0.077026 0.244945 91 102 22 -0.064515 -0.813820 0.577525
0.048010 0.068645 0.251479 78 108 33 0.779733 -0.273091 0.563416
0.040201 0.074946 0.250914 74 95 16 -0.666199 -0.711917 0.222157
0.040536 0.074171 0.255891 80 108 10 0.535755 -0.262503 0.802533
0.040269 0.077762 0.247863 56 78 14 -0.679709 -0.588469 -0.437835
0.038428 0.075825 0.248559 96 107 52 0.812604 0.544628 -0.207497
0.040439 0.077188 0.250210 71 88 2 0.788026 0.478200 -0.387736
0.040810 0.070950 0.249496 60 79 15 0.902929 0.067979 0.424380
0.044825 0.069087 0.252288 106 127 45 -0.259562 0.027700 0.965329
0.038533 0.076229 0.257653 105 125 23 0.679025 0.647433 -0.346057
0.039221 0.077141 0.254605 77 99 42 0.979762 0.200117 0.004429
0.039626 0.078628 0.251431 57 78 10 0.717646 0.652816 0.242519
0.037477 0.076565 0.255393 45 61 11 0.770577 0.623482 -0.132214
0.038202 0.075154 0.255589 42 64 8 0.783000 0.614759 -0.094774
0.039336 0.074305 0.249914 65 81 14 0.705691 0.590560 -0.391458
0.040201 0.073695 0.248117 83 99 14 0.874044 0.478529 0.084009
0.042038 0.077585 0.247197 83 111 51 0.248347 -0.860649 -0.444530
0.040133 0.071232 0.250450 78 107 13 0.320547 0.260662 0.910662
0.041009 0.068832 0.250810 69 103 13 -0.373616 0.015837 0.927448
0.046961 0.070302 0.249760 54 74 11 0.508833 0.857556 0.075407
0.039864 0.070691 0.250278 68 100 2 0.599080 0.356705 0.716843
0.041974 0.074288 0.254261 107 126 71 0.670026 0.652015 0.354881
0.041036 0.076450 0.251741 67 95 6 0.705866 0.646216 0.290101
0.039389 0.075712 0.255402 62 81 44 0.739843 0.603269 0.297822
0.045004 0.071306 0.251747 95 127 43 0.590085 0.446759 0.672462
0.042433 0.073184 0.251185 68 96 6 0.750549 0.657455 -0.066551
0.039267 0.076875 0.254924 75 102 43 0.991706 0.104573 0.074722
0.044726 0.074930 0.247503 63 76 15 0.863174 0.210412 0.458974
0.044164 0.073131 0.250121 55 71 7 0.784618 0.608670 0.117878
0.039008 0.078002 0.254521 78 94 37 0.950503 0.297318 -0.090252
0.041467 0.075986 0.251628 72 92 11 0.788712 0.572091 0.225046
0.040299 0.076078 0.248081 60 73 10 0.790817 0.553227 0.261818
0.041159 0.074520 0.255356 88 108 50 0.634392 0.492720 0.595629
0.039988 0.078384 0.250957 56 83 6 0.777031 0.627951 0.043602
0.042794 0.074315 0.252301 70 107 27 0.747081 0.636608 0.191310
0.040204 0.074236 0.256121 79 102 18 0.531284 -0.304750 0.790484
0.041393 0.073935 0.250660 56 85 20 -0.493941 -0.753528 0.433840
0.044076 0.072778 0.252068 64 94 22 0.683350 0.440351 0.582344
0.038340 0.076407 0.257954 97 118 33 -0.548277 -0.592106 0.590595
0.039020 0.077793 0.254314 73 97 45 0.953902 0.294020 -0.060190
0.043958 0.074287 0.248521 70 91 16 0.789639 0.396420 0.468318
0.042604 0.076065 0.248438 83 113 51 -0.343019 0.285130 0.895008
0.040589 0.069489 0.249210 61 86 23 0.808443 -0.356670 0.468195
0.039326 0.076363 0.255025 65 91 48 0.918507 0.252552 0.304240
0.038419 0.077245 0.250264 71 97 21 -0.633335 0.583694 0.508121
0.043451 0.074109 0.249808 57 77 14 0.704796 0.700347 0.113038
0.037406 0.076947 0.256042 42 62 12 -0.428387 0.831650 0.353330
0.040939 0.075490 0.253525 60 92 29 -0.508547 -0.809891 -0.292329
0.043873 0.073506 0.254000 86 121 19 0.509474 0.849563 -0.136674
0.040793 0.069956 0.249304 66 86 18 0.819583 -0.253956 0.513605
0.043560 0.073148 0.253188 104 120 46 0.765406 0.364513 -0.530361
0.043185 0.073766 0.252617 67 97 48 0.803340 0.580880 0.131237
0.039350 0.077304 0.255015 75 97 50 0.999680 0.010800 -0.022885
0.039991 0.076808 0.252935 69 98 17 0.641568 0.477562 0.600271
0.047149 0.069773 0.251808 129 149 79 -0.367683 -0.726978 -0.579924
0.040914 0.068282 0.250889 66 97 12 0.364535 -0.007439 -0.931160
0.040297 0.070820 0.249916 61 86 8 0.672731 0.341047 0.656597
0.040470 0.075600 0.253454 67 95 29 -0.567801 -0.765852 -0.301783
0.040741 0.070295 0.249726 54 74 6 0.895150 -0.072859 0.439770
0.040238 0.077359 0.250057 68 90 4 0.804626 0.455103 -0.381390
0.042886 0.074703 0.249898 48 71 19 -0.653532 -0.756244 0.031493
0.042851 0.069188 0.251506 74 111 13 -0.195547 -0.325235 0.925194
0.045360 0.067880 0.250615 80 97 26 -0.165920 -0.956634 -0.239420
0.040029 0.078241 0.247506 63 88 6 -0.618696 -0.772912 -0.140794
0.042659 0.074371 0.252638 73 108 57 0.700278 0.687460 0.192380
0.044603 0.072397 0.251518 69 92 19 0.774215 0.497236 0.391596
0.039130 0.077529 0.254271 82 101 47 0.952949 0.303071 0.006060
0.040411 0.073985 0.250129 58 83 11 -0.455931 -0.425041 0.781963
0.044367 0.072815 0.250474 54 75 8 0.745625 0.664700 0.047084
0.040320 0.077124 0.252211 68 102 3 0.781064 0.567422 0.260712
0.043245 0.077726 0.247654 92 109 49 -0.092101 -0.841832 -0.531823
0.046312 0.067779 0.250681 102 101 22 -0.025351 0.983717 0.177925
0.044167 0.072976 0.250934 55 84 9 0.708468 0.700450 0.086280
0.039336 0.075481 0.256525 86 101 45 -0.510845 -0.854257 -0.096347
0.040361 0.077797 0.251147 45 77 7 0.846753 0.487337 0.213334
0.037274 0.076686 0.257523 74 87 31 0.999100 -0.042193 0.004448
0.042659 0.074840 0.250415 52 75 6 -0.619768 -0.780985 -0.077136
0.037852 0.076198 0.257578 70 99 26 -0.620043 -0.757096 0.205794
0.042087 0.073793 0.254607 90 114 43 0.620732 0.260228 0.739576
0.041082 0.075764 0.249024 56 79 7 -0.565183 -0.810126 0.155769
0.047469 0.069045 0.251870 108 131 51 -0.442835 -0.367190 -0.817966
0.046965 0.067624 0.251297 69 92 41 -0.301711 0.916887 -0.261323
0.042767 0.069668 0.251620 92 121 28 -0.245500 -0.166783 0.954941
0.042171 0.075176 0.251190 59 90 5 -0.692780 -0.720024 -0.040258
0.043243 0.075870 0.248679 82 105 37 -0.030530 -0.381238 -0.923973
0.041929 0.069783 0.251243 89 120 20 -0.453525 -0.032190 0.890662
0.039282 0.075806 0.255801 50 81 39 0.742577 0.583569 0.328675
0.039018 0.074431 0.254857 46 67 7 0.761404 0.631011 -0.148623
0.040193 0.075530 0.254539 73 91 45 -0.568032 -0.691457 -0.446349
0.042350 0.069822 0.251503 87 122 26 -0.364187 -0.085455 0.927397
0.040254 0.076414 0.248155 45 76 1 0.924891 0.245784 0.290114
0.040421 0.070321 0.250545 76 107 4 0.779588 0.370714 -0.504791
0.041085 0.073452 0.252247 66 97 2 -0.654552 -0.680550 -0.329263
0.042374 0.074633 0.252705 71 99 32 -0.632956 -0.725631 -0.269865
0.041696 0.075430 0.249069 52 75 15 -0.508634 -0.851995 0.124084
0.040069 0.076933 0.252809 71 99 10 0.625206 0.486149 0.610555
0.041772 0.070414 0.251198 96 121 35 -0.458866 0.112607 0.881341
0.039201 0.077766 0.255636 52 75 26 0.954744 0.081738 0.285977
0.040935 0.076029 0.247859 64 87 12 0.300331 0.709252 0.637780
0.041845 0.071180 0.250954 90 118 29 -0.396140 0.307423 0.865196
0.046227 0.067691 0.251635 78 104 4 -0.024336 0.968176 -0.249085
0.039506 0.076814 0.254046 79 102 35 0.850950 0.424937 0.308727
0.038719 0.076011 0.257650 106 125 25 0.695338 0.611710 -0.377248
0.041241 0.068817 0.250928 76 105 21 -0.306381 -0.021759 0.951660
0.041342 0.070215 0.248816 58 78 17 0.757955 -0.165075 0.631074
0.043533 0.072409 0.252377 85 108 2 0.364453 -0.045768 0.930097
0.043532 0.073408 0.253244 103 126 47 0.781236 0.587853 -0.209999
0.043497 0.074065 0.249626 63 90 9 -0.636407 -0.758923 -0.137920
0.041800 0.069340 0.251137 84 116 21 -0.409087 -0.045774 0.911346
0.038014 0.076465 0.253749 56 77 19 -0.349375 0.077828 -0.933745
0.044207 0.068379 0.252007 81 116 26 0.575744 0.470953 -0.668372
0.042054 0.077454 0.247542 98 117 58 0.238557 -0.756473 -0.608966
0.039661 0.076598 0.254017 76 103 37 0.821786 0.478928 0.308700
0.038786 0.076434 0.256214 44 75 32 0.879314 0.064640 0.471836
0.045136 0.071765 0.250272 43 64 3 0.735821 0.673294 -0.072403
0.039124 0.078074 0.255465 50 76 26 0.967566 0.235218 0.092135
0.039620 0.074589 0.252718 71 91 2 -0.522521 -0.737592 -0.427703
0.040860 0.069262 0.248622 76 90 5 0.655860 -0.291571 0.696300
0.047598 0.069825 0.250323 68 101 5 0.855144 0.517563 -0.029267
0.044407 0.068656 0.252449 102 131 45 0.485844 0.171300 -0.857095
0.044511 0.072706 0.249227 62 88 11 0.843806 0.535535 0.034546
0.044680 0.072406 0.250279 43 68 2 0.807624 0.589260 -0.022720
0.041319 0.075904 0.252170 66 102 7 0.727831 0.575175 0.373411
0.039455 0.075627 0.255885 68 88 49 -0.660226 -0.718869 -0.217550
0.043523 0.075081 0.248789 82 107 34 -0.352963 -0.357622 -0.864594
0.041730 0.074677 0.253981 88 104 59 0.691616 0.670257 0.269115
0.041271 0.075601 0.248763 60 75 11 -0.500559 -0.860442 0.095286
0.042451 0.070809 0.251399 83 116 28 -0.419366 0.249849 0.872758
0.042961 0.076851 0.248231 85 100 35 -0.097702 0.410705 0.906518
0.038614 0.076044 0.257432 98 116 7 0.745455 0.626187 -0.228444
0.039706 0.071246 0.250338 73 101 4 0.434290 0.099278 0.895285
0.038136 0.075352 0.256802 54 82 9 -0.551073 -0.487481 0.677260
0.043319 0.073990 0.251156 56 84 11 0.797959 0.589297 0.126455
0.043660 0.073433 0.251652 60 96 15 0.765976 0.609712 0.203796
0.041268 0.077771 0.246816 101 116 36 -0.129479 -0.970530 -0.203242
0.037648 0.076256 0.256358 45 68 6 0.751675 0.028644 -0.658911
0.039125 0.076133 0.258123 77 92 37 0.454243 0.613380 -0.646087
0.043021 0.073743 0.253510 79 103 39 0.804855 0.575058 0.146690
0.047311 0.067841 0.250839 81 102 21 -0.464441 0.875496 -0.133424
0.038869 0.076706 0.256225 43 75 28 0.877497 -0.097540 0.469559
0.044236 0.069978 0.251905 86 121 36 -0.198094 -0.009877 0.980133
0.042322 0.070298 0.251499 93 124 16 -0.402855 0.044730 0.914170
0.039284 0.076991 0.255380 53 81 14 0.972815 -0.100305 0.208732
0.039591 0.074338 0.248890 75 94 32 0.786348 0.602285 0.137514
0.040111 0.075108 0.251044 70 96 14 -0.646979 -0.753693 0.115606
0.040305 0.073176 0.248359 81 104 29 0.905099 0.424603 0.022533
0.039761 0.075194 0.257231 130 148 19 0.239759 0.918609 -0.314122
0.043306 0.070975 0.251702 88 120 28 -0.499205 0.089571 0.861842
0.044953 0.071978 0.251326 73 97 7 0.799233 0.458033 0.389142
0.043743 0.077136 0.246972 99 107 54 0.799545 0.575074 -0.173258
0.043004 0.077487 0.247920 80 103 31 -0.114547 0.652338 0.749222
0.038461 0.076410 0.256720 56 86 22 0.941190 0.139544 0.307717
0.039889 0.077742 0.249416 61 80 7 0.939481 0.291746 -0.179613
0.040600 0.074980 0.255192 89 103 63 -0.449176 -0.834817 -0.318309
0.043886 0.070385 0.247968 83 105 40 0.341819 -0.100354 -0.934392
0.039719 0.075132 0.250436 60 89 14 -0.583590 -0.545003 0.601992
0.045174 0.068326 0.249901 60 73 30 -0.100011 -0.810865 -0.576624
0.044255 0.072708 0.251812 65 92 12 0.746616 0.534571 0.395978
0.043494 0.073670 0.254037 91 112 17 0.479338 0.824177 0.301608
0.041863 0.077801 0.246329 89 106 25 -0.070331 -0.996850 0.036652
0.047277 0.069781 0.251613 140 160 78 -0.401361 -0.798019 -0.449528
0.042778 0.072421 0.250802 75 96 7 0.735818 0.030546 -0.676490
0.045026 0.067865 0.250871 69 92 12 -0.256281 -0.950598 -0.175166
0.038787 0.075824 0.257319 89 116 14 -0.691850 -0.705167 0.155187
0.041531 0.074936 0.253878 68 95 43 -0.660966 -0.702879 -0.262841
0.043645 0.076883 0.248112 78 97 37 0.590817 0.353656 0.725164
0.039290 0.076696 0.255268 56 86 38 0.965932 0.011900 0.258521
0.040153 0.077868 0.250444 68 85 7 0.822266 0.501465 -0.269094
0.038846 0.074429 0.256300 52 79 5 -0.322759 -0.535318 0.780552
0.040213 0.076855 0.252695 68 96 11 0.633254 0.516700 0.576204
0.045077 0.067788 0.251298 70 94 12 -0.283721 -0.947724 0.146017
0.044334 0.072834 0.251069 55 88 6 -0.701308 -0.706662 -0.093790
0.041904 0.072843 0.253920 66 92 22 0.076280 -0.920588 0.383014
0.042768 0.072994 0.253926 64 100 10 0.362191 -0.807710 0.465213
0.045351 0.071573 0.250023 40 63 6 -0.701851 -0.710109 0.056125
0.042555 0.074874 0.249412 55 75 14 -0.547824 -0.828496 0.116118
0.039511 0.075658 0.250718 61 94 13 0.740597 0.625234 -0.246169
0.047523 0.069850 0.250161 66 90 1 0.810404 0.584658 -0.037685
0.043799 0.075465 0.248289 74 91 33 0.623532 0.258129 0.737955
0.042389 0.076148 0.248262 91 118 61 -0.416410 0.193822 0.888277
0.044994 0.072148 0.250868 60 84 11 0.809783 0.582698 0.068662
0.041267 0.069432 0.248791 70 97 17 0.620450 -0.279477 0.732758
0.040918 0.075557 0.253271 73 97 8 -0.516375 -0.782139 -0.348734
0.038399 0.074946 0.255628 45 63 10 0.816479 0.442926 -0.370377
0.038895 0.075603 0.251948 68 94 5 0.593971 0.716634 0.365560
0.043974 0.070984 0.252030 79 117 42 -0.103483 -0.030576 0.994161
0.040383 0.077900 0.250879 57 81 9 0.839601 0.542814 -0.020573
0.043982 0.073347 0.250243 51 68 15 0.803709 0.582426 0.121786
0.040668 0.068773 0.250719 70 101 25 0.442230 -0.039462 -0.896033
0.046749 0.070292 0.250971 102 130 36 -0.318939 -0.928718 -0.189104
0.044077 0.073192 0.249859 53 78 8 0.806109 0.574950 0.140078
0.038714 0.075443 0.252470 66 92 4 0.815146 0.472856 0.334582
0.042587 0.075622 0.248539 89 110 49 0.462961 -0.364777 -0.807839
0.039922 0.078097 0.251781 54 88 11 0.764007 0.501481 0.405968
0.040178 0.073959 0.253212 64 87 2 -0.596308 -0.742254 -0.305738
0.040954 0.076418 0.252095 66 98 8 0.730295 0.627107 0.270933
0.043623 0.073887 0.249985 52 72 19 0.768601 0.623035 0.145188
0.040719 0.076764 0.251558 70 90 6 0.672197 0.668172 0.318901
0.046609 0.070401 0.250474 87 106 23 -0.356005 -0.849902 -0.388494
0.043891 0.073597 0.249640 66 88 14 0.818278 0.543432 0.187358
0.039250 0.074569 0.249705 69 82 19 0.803632 0.511423 -0.304340
0.045034 0.068024 0.250411 80 93 26 0.147155 0.905838 0.397244
0.042094 0.075125 0.248380 81 99 25 -0.102264 -0.816747 -0.567861
0.040536 0.073655 0.253391 53 83 5 -0.606083 -0.762956 -0.224858
0.039967 0.071434 0.250307 76 102 7 -0.487676 -0.174631 -0.855381
0.039320 0.077089 0.255134 68 92 53 0.999174 -0.015517 0.037555
0.043632 0.072129 0.252266 87 106 20 0.133228 0.381957 -0.914527
0.042326 0.075113 0.250001 52 73 8 -0.588455 -0.808323 0.018285
0.039285 0.076544 0.254801 68 93 51 0.951267 0.262334 0.162087
0.046173 0.070834 0.249688 53 86 20 -0.539906 -0.841407 0.023150
0.041834 0.077212 0.247767 95 119 63 -0.200189 0.625772 0.753879
0.040462 0.073061 0.247900 85 105 35 0.887223 0.429303 0.168921
0.043145 0.073624 0.253048 69 93 26 0.857445 0.513199 0.037620
0.042899 0.073172 0.254124 85 112 34 -0.388776 0.599253 -0.699821
0.046798 0.067846 0.250657 89 105 29 -0.199874 0.864074 0.461981
0.038901 0.076001 0.255924 67 80 34 0.821810 0.394193 0.411388
0.039281 0.075358 0.250044 55 83 7 0.789458 0.350158 -0.504128
0.042221 0.069233 0.251332 86 111 16 -0.292424 -0.201585 0.934800
0.041232 0.073602 0.255148 62 91 14 0.316506 -0.591846 0.741312
0.041267 0.075440 0.252900 66 98 27 -0.577209 -0.741360 -0.342366
0.040596 0.076819 0.252047 71 98 12 0.731032 0.648845 0.211168
0.041352 0.070110 0.250872 86 121 10 -0.442743 0.025762 0.896278
0.040166 0.076692 0.248814 53 77 6 0.872490 0.450894 -0.188298
0.042938 0.073289 0.254381 80 117 38 -0.457392 0.220664 -0.861452
0.041017 0.075227 0.253949 71 92 39 -0.510552 -0.810105 -0.288214
0.042132 0.074483 0.253377 53 84 28 -0.559042 -0.763394 -0.323578
0.039610 0.075594 0.250948 64 93 6 -0.671160 -0.732494 0.114004
0.037771 0.076420 0.254472 50 72 12 -0.705879 -0.312346 -0.635748
0.039610 0.076871 0.253291 71 102 36 0.813853 0.468682 0.343482
0.044417 0.072441 0.251834 60 96 12 0.748374 0.457769 0.479983
0.045943 0.068839 0.249648 60 104 14 0.282047 -0.400632 -0.871747
0.043011 0.068391 0.250975 64 92 27 -0.086578 -0.690000 0.718613
0.043370 0.074121 0.250294 51 72 11 0.756841 0.642152 0.121794
0.038111 0.075149 0.255893 47 63 16 0.770301 0.477285 -0.422889
0.039491 0.075568 0.255713 71 88 47 0.702746 0.685203 0.191425
0.041515 0.073628 0.255100 67 94 25 0.472172 -0.342812 0.812117
0.041720 0.075447 0.249363 61 77 9 -0.528129 -0.836742 0.144719
0.040382 0.072846 0.248902 69 90 18 0.949372 0.289933 -0.120964
0.040071 0.074697 0.250182 52 85 13 -0.561190 -0.490744 0.666510
0.040868 0.077058 0.250946 50 77 7 0.787778 0.603368 0.123909
0.041974 0.075351 0.249663 54 75 11 -0.563915 -0.820036 0.097679
0.045400 0.071004 0.251584 93 132 16 0.528944 0.536401 0.657641
0.041470 0.074577 0.254987 93 112 60 0.693299 0.601102 0.397508
0.041714 0.075985 0.247967 80 100 32 -0.097472 0.135353 0.985991
0.043679 0.073795 0.250144 43 69 10 0.801820 0.581238 0.138738
0.044952 0.071810 0.249711 44 66 18 0.780797 0.624599 0.015254
0.044711 0.072541 0.249490 61 83 2 0.840810 0.540837 -0.023109
0.043108 0.075009 0.248944 82 110 47 0.085701 0.479942 0.873104
0.037112 0.076746 0.254799 51 67 8 0.871962 0.480229 0.095193
0.039956 0.077927 0.246538 106 129 17 -0.242825 -0.895575 0.372802
0.044595 0.072235 0.251706 67 97 18 0.764347 0.414714 0.493746
0.038938 0.075895 0.251510 64 96 7 0.710066 0.667878 0.223034
0.041775 0.075087 0.252803 72 100 43 -0.612928 -0.716618 -0.332833
0.039235 0.074902 0.247181 77 98 30 0.940965 0.338455 -0.005811
0.041665 0.077696 0.246050 80 102 25 -0.002060 -0.969390 0.245516
0.044141 0.076446 0.247256 80 97 33 0.898767 0.391900 0.196551
0.042079 0.075139 0.248931 57 78 7 -0.625085 -0.780528 0.006697
0.042630 0.074311 0.253236 69 95 28 -0.627050 -0.731151 -0.268749
0.042946 0.075147 0.248871 81 108 48 0.046382 0.405315 0.913000
0.040384 0.074995 0.256101 90 106 51 -0.656780 -0.703694 -0.271025
0.039845 0.073720 0.254926 52 71 9 -0.385310 -0.908847 0.159790
0.044280 0.068055 0.251034 65 93 14 -0.384985 -0.916817 0.105985
0.045863 0.071044 0.250208 61 83 4 0.646600 0.746716 0.155960
0.041162 0.077841 0.246538 92 110 29 -0.031500 -0.994569 0.099193
0.042598 0.074232 0.253442 59 87 29 -0.572399 -0.764067 -0.297591
0.039993 0.070493 0.250398 79 97 5 0.689255 0.327432 0.646310
0.043596 0.074234 0.249314 85 108 45 -0.605823 -0.682132 -0.409481
0.041115 0.075102 0.254082 71 93 51 -0.542588 -0.787178 -0.293172
0.042942 0.073858 0.253322 75 100 35 -0.686667 -0.719716 -0.102456
0.039267 0.075550 0.256391 80 99 39 -0.573927 -0.796316 -0.191020
0.039074 0.076416 0.255648 52 76 37 0.884227 0.060945 0.463065
0.042874 0.074528 0.249302 60 86 9 -0.585296 -0.803470 0.108925
0.042852 0.073445 0.254555 90 122 2 -0.329561 -0.449308 -0.830369
0.040600 0.072428 0.248604 77 98 29 0.946214 0.319597 -0.050370
0.046365 0.067925 0.251817 85 120 25 -0.199411 0.837512 -0.508733
0.044757 0.072355 0.249774 44 76 5 0.836981 0.547028 0.014922
0.042496 0.072922 0.251696 71 104 7 -0.669811 -0.741979 -0.028648
0.041136 0.074705 0.255210 94 118 64 -0.615975 -0.634135 -0.467384
0.041289 0.074000 0.251186 68 91 6 -0.635962 -0.771714 -0.003264
0.039128 0.077815 0.253500 68 93 32 0.883248 0.422023 0.204375
0.039811 0.078283 0.251762 53 85 5 0.734679 0.565315 0.375054
0.039167 0.075070 0.248457 87 102 55 0.837724 0.499477 0.220775
0.039508 0.077118 0.253252 66 95 24 0.812916 0.454818 0.363742
0.046079 0.070557 0.251441 97 130 8 -0.548293 -0.783148 -0.293348
0.041219 0.073244 0.252840 68 91 4 -0.605645 -0.760989 -0.232572
0.039475 0.074378 0.250017 58 79 10 0.598573 0.567090 -0.565791
0.046838 0.067623 0.250993 67 100 4 -0.162154 0.986755 0.004527
0.040528 0.076160 0.252930 67 97 22 0.565598 0.545718 0.618297
0.041083 0.075573 0.252865 72 100 33 -0.593734 -0.701204 -0.394706
0.040305 0.074881 0.251185 67 97 13 -0.659020 -0.746174 0.094435
0.040854 0.076022 0.249175 62 78 4 -0.684059 -0.702417 0.196654
0.041704 0.074181 0.254975 98 126 75 0.734675 0.290735 0.612964
0.039946 0.075153 0.256514 91 112 24 -0.578107 -0.812301 -0.077194
0.044113 0.073243 0.249694 63 85 13 0.813801 0.565302 0.134764
0.040132 0.075427 0.245108 87 97 54 0.467166 -0.132945 0.874118
0.041851 0.075472 0.250160 52 78 8 -0.600949 -0.795507 0.077644
0.045187 0.071792 0.250457 40 72 1 0.757035 0.651484 -0.049665
0.044198 0.068273 0.250382 76 81 27 0.294224 0.954412 0.050299
0.042694 0.074507 0.252087 73 102 15 0.728723 0.653908 0.203387
0.043345 0.075990 0.248538 80 103 31 -0.126978 -0.370456 -0.920130
0.040560 0.076397 0.252763 67 100 12 0.604239 0.488811 0.629253
0.040504 0.076733 0.249760 62 82 4 0.762155 0.528436 -0.373998
0.038951 0.076527 0.255818 46 75 29 0.885137 -0.009222 0.465238
0.042139 0.075219 0.251004 57 86 3 -0.684468 -0.728656 -0.023739
0.042597 0.070102 0.251618 90 126 21 -0.318267 -0.010769 0.947940
0.044283 0.068861 0.252275 104 126 29 0.543575 0.127403 -0.829635
0.039745 0.075219 0.256237 93 108 59 -0.556455 -0.808246 -0.192604
0.043785 0.073344 0.251027 58 83 3 0.754010 0.648421 0.104973
0.043120 0.073349 0.254536 107 121 13 -0.393957 -0.649135 -0.650708
0.042201 0.075131 0.251762 67 99 14 -0.685793 -0.717264 -0.123370
0.039629 0.078601 0.251820 59 85 10 0.677993 0.623859 0.388750
0.043325 0.076883 0.248227 77 97 31 0.118595 0.402550 0.907683
0.044351 0.074555 0.248043 68 76 30 0.768801 0.247051 0.589840
0.040506 0.076513 0.249352 64 82 11 0.755321 0.591652 -0.281847
0.040462 0.076949 0.252355 72 103 3 0.691409 0.620738 0.369645
0.042481 0.074758 0.248817 74 98 19 0.300967 0.885138 0.354894
0.038778 0.077506 0.256547 49 74 14 0.922489 -0.076396 0.378389
0.039951 0.075479 0.254841 68 89 48 -0.585558 -0.673229 -0.451536
0.042870 0.074667 0.249587 53 76 14 -0.650862 -0.757920 0.044002
0.040658 0.076372 0.249557 64 83 11 0.748806 0.608493 -0.262727
0.040229 0.073403 0.249762 68 96 14 0.726487 0.489394 -0.482400
0.041556 0.069271 0.251033 82 116 19 -0.386000 -0.011136 0.922432
0.039988 0.074681 0.256514 111 114 5 0.763195 0.016951 0.645946
0.040367 0.074702 0.250234 60 87 10 -0.512591 -0.584111 0.629337
0.041153 0.075877 0.252458 72 102 11 0.685686 0.575312 0.445928
0.048166 0.068250 0.250939 61 100 2 0.740788 -0.595926 0.310008
0.041397 0.073252 0.254795 61 85 8 0.155517 -0.693253 0.703715
0.041462 0.068087 0.250757 64 99 14 0.186569 0.204723 -0.960875
0.043105 0.071368 0.251385 91 114 21 -0.605155 0.199631 0.770672
0.042006 0.076534 0.248057 80 116 62 -0.337222 0.223797 0.914438
0.039904 0.077122 0.252805 71 96 18 0.629201 0.492317 0.601440
0.043705 0.070069 0.251923 88 108 35 -0.230320 -0.147955 0.961801
0.040684 0.076569 0.252538 70 102 11 0.677346 0.538647 0.501060
0.040779 0.074111 0.255738 70 105 8 0.557519 -0.195049 0.806925
0.040262 0.070792 0.250531 82 107 19 0.029979 -0.152464 -0.987854
0.039631 0.074366 0.253057 63 87 10 0.549699 0.741893 0.383960
0.044793 0.072201 0.251400 63 91 21 0.783811 0.487908 0.384169
0.041353 0.069788 0.250894 80 120 9 -0.449222 0.021288 0.893167
0.040417 0.072840 0.248468 77 99 34 0.931549 0.360068 -0.050665
0.039731 0.070864 0.250397 74 100 9 -0.362136 -0.317490 -0.876389
0.044830 0.072356 0.250826 49 79 11 0.768579 0.639516 0.017520
0.044355 0.075819 0.247370 76 89 35 0.896053 0.319521 0.308211
0.040297 0.069544 0.250267 66 83 12 0.965744 0.135601 -0.221249
0.044111 0.072859 0.251895 65 90 12 0.709713 0.575080 0.406928
0.039420 0.075595 0.255550 61 85 40 0.715845 0.659739 0.228715
0.042283 0.072843 0.253818 71 87 30 0.209483 -0.882424 0.421241
0.038700 0.076547 0.250853 67 96 1 0.801009 0.597320 -0.039921
0.040903 0.073944 0.255589 64 101 1 -0.489842 0.285971 -0.823575
0.042570 0.077655 0.246479 97 122 38 -0.119695 -0.966574 0.226732
0.040340 0.074135 0.252690 66 93 3 -0.622393 -0.677965 -0.391140
0.039103 0.075753 0.256191 63 87 38 0.691052 0.670769 0.269287
0.041374 0.068993 0.250982 78 111 23 -0.346004 -0.021544 0.937985
0.041909 0.072990 0.254290 60 90 12 0.215604 -0.737787 0.639676
0.040715 0.073391 0.253573 57 81 8 -0.562800 -0.813638 -0.145769
0.046720 0.070218 0.251202 112 142 55 -0.347163 -0.909006 -0.230620
0.042024 0.075352 0.248058 76 102 37 -0.171151 0.665776 0.726257
0.042519 0.077918 0.247048 87 109 42 0.148103 -0.955226 -0.256143
0.041342 0.074975 0.254187 72 89 44 -0.601845 -0.746396 -0.284035
0.043747 0.073642 0.250390 47 68 7 0.800043 0.572162 0.180448
0.040761 0.074772 0.255709 83 105 42 -0.645469 -0.658039 -0.387756
0.045353 0.067735 0.251014 68 95 5 -0.196609 -0.978862 -0.056346
0.042171 0.074981 0.252340 76 102 14 -0.656251 -0.693518 -0.297266
0.040823 0.071897 0.248746 85 103 28 0.929984 0.294205 0.220391
0.041840 0.075317 0.248817 50 78 19 -0.469021 -0.883041 0.016097
0.039043 0.077712 0.253735 75 100 40 0.903134 0.391826 0.175559
0.040691 0.077094 0.247723 65 96 25 -0.423990 -0.375662 -0.824082
0.039200 0.078016 0.252825 65 91 9 0.759328 0.516043 0.396384
0.042235 0.076504 0.248136 105 118 67 -0.328082 0.268784 0.905603
0.038396 0.076483 0.257620 93 116 17 0.781498 0.568508 -0.257021
0.039961 0.078355 0.251156 58 78 8 0.781507 0.609182 0.134699
0.040058 0.077571 0.246134 97 115 33 0.011731 -0.797494 0.603212
0.045091 0.071987 0.250634 55 80 10 0.809675 0.586878 -0.000465
0.043082 0.074245 0.251559 71 92 15 0.760747 0.629658 0.157465
0.040445 0.073224 0.249816 66 95 9 0.721270 0.373044 -0.583616
0.038865 0.074423 0.255924 40 77 13 -0.481330 -0.670958 0.564035
0.042318 0.074309 0.253493 56 77 25 -0.542915 -0.780036 -0.311106
0.044345 0.072959 0.249914 58 77 12 0.786469 0.610421 0.094092
0.040155 0.074755 0.256361 75 112 15 0.807898 0.286363 0.515070
0.040166 0.073717 0.255562 62 80 23 0.011280 -0.848076 0.529754
0.038959 0.077796 0.255834 51 71 21 0.926150 0.044711 0.374495
0.041058 0.073054 0.253982 66 83 15 -0.379745 -0.921851 0.077361
0.041261 0.075605 0.252638 77 102 29 -0.607567 -0.676311 -0.416493
0.041331 0.077121 0.247688 102 115 51 0.013343 0.655847 0.754776
0.047099 0.070127 0.251138 125 146 61 -0.426767 -0.870526 -0.245060
0.042615 0.074719 0.249175 58 81 11 -0.611995 -0.790533 -0.022825
0.044809 0.072336 0.251217 67 91 34 0.780671 0.566623 0.263612
0.040736 0.073511 0.255077 61 79 20 -0.033852 -0.857768 0.512921
0.042950 0.074441 0.251331 60 89 14 0.732145 0.668934 0.128419
0.041883 0.075230 0.252324 73 103 7 -0.642883 -0.694685 -0.322666
0.040561 0.069819 0.249906 63 80 6 0.987667 -0.077472 0.136061
0.038666 0.076212 0.256448 52 77 21 0.863349 0.330788 0.381061
0.040312 0.077207 0.251619 61 90 13 0.808893 0.511588 0.289775
0.047022 0.070194 0.250543 105 140 57 -0.483561 -0.840541 -0.244253
0.043903 0.073765 0.249371 69 102 37 0.802649 0.529705 0.274168
0.042791 0.073892 0.253753 87 105 39 -0.518094 -0.821534 -0.238035
0.043147 0.072312 0.251207 84 113 25 0.899111 0.325010 -0.293203
0.042102 0.077673 0.247129 88 111 33 0.310829 -0.877686 -0.364764
0.040565 0.070702 0.250588 82 110 19 0.322475 0.007093 -0.946551
0.039722 0.070970 0.250279 68 99 3 0.501852 0.333965 0.797879
0.039530 0.077892 0.252394 65 95 5 0.651077 0.550063 0.523001
0.046918 0.070241 0.251074 116 142 44 -0.359481 -0.906062 -0.223216
0.042784 0.074129 0.253328 69 91 34 -0.629844 -0.748314 -0.208143
0.041111 0.070658 0.248970 63 80 10 0.820216 -0.002704 0.572048
0.045645 0.071010 0.251214 85 117 8 0.672610 0.660395 0.333878
0.040067 0.077675 0.250061 58 83 18 0.869770 0.384017 -0.309889
0.046871 0.070310 0.250419 113 130 40 -0.380258 -0.859038 -0.342721
0.040258 0.073940 0.255851 62 92 15 0.199573 -0.661403 0.722991
0.045040 0.072018 0.251129 69 93 20 0.817187 0.520364 0.247844
0.044383 0.072791 0.248800 75 91 7 0.883077 0.465445 0.059454
0.040553 0.077641 0.246235 90 110 28 -0.034495 -0.936884 0.347936
0.038110 0.077179 0.258005 83 103 20 0.525300 -0.299649 -0.796411
0.042262 0.069572 0.251410 83 118 27 -0.350177 -0.132079 0.927325
0.040577 0.076504 0.247813 64 83 12 -0.596259 -0.140288 -0.790439
0.040183 0.075915 0.254082 84 105 58 0.693711 0.660574 0.287066
0.039282 0.077317 0.254060 76 103 40 0.907579 0.375294 0.188296
0.038620 0.074987 0.253889 57 79 3 0.791647 0.597233 0.128875
0.044176 0.076274 0.247719 78 94 42 0.829019 0.301125 0.471223
0.043853 0.073456 0.250417 51 67 12 0.810350 0.564903 0.155617
0.041479 0.075786 0.250196 61 85 6 -0.654866 -0.717449 0.237523
0.044700 0.075390 0.246687 74 89 11 0.894588 0.291124 0.339058
0.043948 0.073839 0.248953 77 100 25 0.830400 0.463620 0.309018
0.043532 0.074671 0.249017 88 112 47 0.376638 0.442180 0.814015
0.039685 0.078542 0.250928 57 82 9 0.782250 0.620192 0.058707
0.040728 0.073160 0.249877 77 93 20 -0.569445 -0.291230 0.768711
0.040952 0.073747 0.252105 62 97 2 0.691889 0.637294 0.339330
0.043053 0.074533 0.249911 55 72 12 -0.699143 -0.714981 -0.001400
0.040275 0.069431 0.249990 66 80 15 0.995309 0.056417 0.078599
0.039968 0.070633 0.250471 73 100 15 0.599080 0.356705 0.716843
0.044085 0.073613 0.248822 70 100 15 0.884415 0.393214 0.251381
0.045351 0.071596 0.249603 49 68 2 0.709677 0.700940 -0.071006
0.042363 0.074939 0.251913 67 99 13 -0.693576 -0.703379 -0.155598
0.041391 0.077595 0.245961 85 101 24 0.008838 -0.940998 0.338295
0.039318 0.076117 0.255167 65 89 54 0.882656 0.304945 0.357669
0.041075 0.073357 0.252647 69 92 5 -0.636864 -0.721226 -0.272465
0.040539 0.077409 0.250625 61 85 7 0.838261 0.518802 -0.167819
0.041088 0.070296 0.250721 84 117 16 -0.535713 0.056212 0.842527
0.041988 0.074472 0.253748 64 91 32 -0.649063 -0.709293 -0.274992
0.044214 0.073044 0.250264 51 71 12 0.759533 0.642886 0.099033
0.045241 0.071650 0.249077 66 75 20 0.773395 0.631350 -0.057071
0.040114 0.077363 0.248363 53 74 11 0.919362 0.188086 0.345539
0.044670 0.072416 0.250076 51 65 12 0.829317 0.558758 0.004794
0.040727 0.076682 0.252036 69 96 17 0.709543 0.669939 0.218474
0.040311 0.073222 0.250007 63 93 9 -0.578483 -0.381698 0.720877
0.044307 0.068478 0.252304 100 131 41 0.607855 0.479923 -0.632603
0.040540 0.071447 0.249507 64 81 12 0.830688 0.066671 0.552732
0.042675 0.074652 0.251740 72 96 12 0.721822 0.672966 0.161526
0.044501 0.072588 0.251361 61 94 22 0.747697 0.614410 0.251891
0.041004 0.069571 0.250776 77 110 9 -0.482552 0.076144 0.872551
0.040033 0.074982 0.256534 85 112 27 0.897235 0.339941 0.281796
0.041899 0.077782 0.246634 96 111 39 -0.028143 -0.997592 -0.063386
0.039480 0.075841 0.255154 63 85 47 0.802461 0.467182 0.371211
0.041931 0.073655 0.254795 82 112 35 0.631493 -0.048160 0.773885
0.046107 0.070541 0.251059 89 122 19 -0.556402 -0.807170 -0.197213
0.046175 0.070506 0.251307 91 124 8 -0.517815 -0.810548 -0.273640
0.040191 0.073521 0.249334 67 94 19 0.855327 0.497041 -0.146169
0.042978 0.077792 0.247451 84 108 30 -0.048691 -0.919430 -0.390227
0.040088 0.075476 0.254722 70 91 51 -0.561537 -0.689501 -0.457455
0.038510 0.077099 0.257085 64 84 27 0.964611 -0.096378 0.245430
0.043768 0.073698 0.249884 54 77 9 0.832858 0.526982 0.169227
0.041625 0.074549 0.254470 94 119 70 0.705823 0.640322 0.302986
0.039885 0.074193 0.248150 72 90 24 0.831241 0.551200 0.072229
0.040121 0.074489 0.256318 75 112 9 0.731464 -0.092316 0.675602
0.043553 0.074501 0.249145 88 109 44 0.497403 0.546971 0.673359
0.041075 0.074101 0.250388 61 83 19 -0.435525 -0.602249 0.669039
0.040957 0.072831 0.250062 79 103 16 -0.464079 -0.042679 0.884765
0.042401 0.074740 0.252373 76 105 18 -0.669658 -0.695239 -0.261152
0.043345 0.077536 0.247938 84 100 41 -0.176154 -0.712638 -0.679056
0.043112 0.075951 0.248645 83 112 31 -0.025955 -0.374031 -0.927053
0.040741 0.077077 0.250607 59 87 5 0.815920 0.551315 -0.174144
0.044270 0.072534 0.252000 79 96 14 0.691969 0.385243 0.610547
0.041991 0.075639 0.248047 81 100 41 0.288729 -0.461849 -0.838648
0.038678 0.074900 0.254550 48 69 10 0.785399 0.610275 0.103499
0.040845 0.075242 0.254200 74 96 60 -0.483995 -0.809752 -0.331740
0.039034 0.076629 0.255728 60 78 38 0.896791 -0.058886 0.438517
0.043813 0.073019 0.253302 123 138 54 0.568497 0.734229 -0.371104
0.042112 0.073527 0.250970 63 90 7 -0.580524 -0.796975 0.166803
0.041402 0.075784 0.247913 72 94 28 -0.263730 -0.623996 -0.735578
0.044091 0.073036 0.251336 69 98 19 0.715934 0.689587 0.109126
0.044189 0.073307 0.249287 73 95 33 0.878053 0.449381 0.164561
0.041465 0.075573 0.248111 70 89 18 0.366657 0.875177 0.315637
0.042684 0.077912 0.247263 95 110 43 0.126211 -0.904640 -0.407058
0.039812 0.075336 0.255278 67 89 41 -0.622898 -0.729942 -0.281396
0.041479 0.070618 0.248631 74 80 3 0.811236 0.041784 0.583224
0.040772 0.076545 0.252306 72 99 13 0.709660 0.590909 0.383677
0.039174 0.076321 0.258243 87 91 28 -0.517564 -0.551420 0.654266
0.041417 0.075908 0.250444 62 85 8 0.698130 0.646466 -0.307727
0.040001 0.077246 0.248725 56 76 2 0.956824 0.258661 0.132602
0.041885 0.073697 0.250742 59 87 16 0.534475 0.770638 -0.347064
0.043186 0.076637 0.248306 76 98 41 0.069292 0.386235 0.919794
0.039877 0.075359 0.257058 100 123 26 -0.455695 -0.867627 0.198910
0.039158 0.078170 0.252581 64 93 6 0.736755 0.498897 0.456392
0.041238 0.071328 0.248518 54 81 22 0.847427 0.195713 0.493523
0.045963 0.070558 0.251603 101 134 13 0.520016 0.768061 0.373719
0.043170 0.072488 0.251272 91 117 18 0.805440 -0.162954 -0.569835
0.040488 0.076697 0.252593 71 100 13 0.644247 0.537980 0.543620
0.041533 0.075795 0.251847 73 97 5 0.757086 0.592325 0.275628
0.041194 0.075005 0.254450 78 97 53 -0.557280 -0.771386 -0.307251
0.039413 0.074393 0.249374 71 94 36 0.812348 0.582225 -0.033231
0.041724 0.073604 0.254968 81 105 9 0.565879 -0.256899 0.783444
0.043318 0.071957 0.251590 94 119 42 0.814081 0.184474 -0.550674
0.039323 0.075570 0.257345 109 128 18 -0.362563 -0.917646 0.162710
0.040080 0.078034 0.251399 53 81 7 0.812011 0.521333 0.262393
0.041478 0.068663 0.251029 77 110 14 -0.316928 -0.063813 0.946300
0.039262 0.074175 0.256051 51 81 20 -0.221242 -0.704628 0.674205
0.041755 0.074423 0.254468 106 126 81 0.743098 0.572626 0.346271
0.037801 0.075701 0.256048 50 62 14 0.767378 0.358831 -0.531387
0.043267 0.073612 0.253291 81 100 19 0.850847 0.521889 -0.060754
0.046864 0.070252 0.250701 122 135 53 -0.354559 -0.904542 -0.236837
0.043821 0.071721 0.252226 80 118 31 -0.074064 -0.259971 0.962772
0.043741 0.073708 0.250260 46 67 7 0.820322 0.553026 0.145718
0.042248 0.074240 0.253822 70 95 36 -0.546229 -0.765054 -0.341066
0.046434 0.070730 0.249757 84 94 22 0.422650 0.905738 -0.031712
0.042911 0.074116 0.252538 90 110 61 0.766847 0.619405 0.168176
0.041131 0.073959 0.255422 72 101 10 0.533200 -0.095296 0.840605
0.042868 0.068832 0.251291 72 99 22 -0.167412 -0.435833 0.884320
0.044129 0.076082 0.247892 72 95 35 0.793304 0.245737 0.557030
0.044269 0.071953 0.252094 84 115 28 0.524315 0.082050 0.847562
0.043883 0.072885 0.253437 116 132 37 0.266626 0.933277 -0.240634
0.044905 0.072227 0.251128 66 88 13 0.794508 0.566718 0.218147
0.041823 0.075499 0.250374 59 81 6 -0.659765 -0.748219 0.069851
0.040175 0.077945 0.246707 94 128 18 -0.292024 -0.892503 0.343744
0.043887 0.073324 0.254051 94 124 27 0.375199 0.901838 -0.214276
0.045357 0.071065 0.251549 96 125 19 0.585530 0.562044 0.584176
0.040279 0.073200 0.248646 79 95 31 0.902989 0.429450 -0.013559
0.039285 0.075940 0.255475 59 80 36 0.791469 0.459182 0.403397
0.044995 0.071870 0.249965 49 64 0 0.764818 0.643428 -0.032469
0.042979 0.073985 0.252719 73 105 55 0.780906 0.607402 0.145769
0.041688 0.077737 0.246704 97 110 47 0.019252 -0.980695 -0.194594
0.039924 0.076070 0.254285 64 93 46 0.713597 0.572626 0.403583
0.044417 0.072702 0.249041 54 86 13 0.874177 0.484212 0.036779
0.041618 0.075817 0.251527 65 92 8 0.787414 0.590524 0.176807
0.040125 0.075096 0.256347 87 107 41 0.702247 0.660900 0.264689
0.044462 0.075701 0.246577 72 99 30 0.913044 0.407494 0.017289
0.041733 0.075371 0.248154 65 96 17 0.365500 0.853106 0.372318
0.044411 0.072259 0.251963 70 101 18 0.685861 0.237646 0.687836
0.039957 0.075100 0.250635 69 92 5 0.639940 0.638219 -0.427964
0.047661 0.069636 0.251516 154 172 109 -0.530652 -0.743372 -0.407195
0.042328 0.075011 0.251610 67 97 6 -0.685700 -0.722876 -0.085233
0.044846 0.071334 0.251830 94 123 38 -0.536386 -0.330857 -0.776417
0.039301 0.076465 0.255257 63 85 58 0.940913 0.117446 0.317631
0.039836 0.076668 0.253163 71 98 28 0.711292 0.464904 0.527188
0.047039 0.070620 0.250169 62 88 4 -0.434969 -0.847717 -0.303608
0.043289 0.074274 0.250053 52 73 9 0.741951 0.667455 0.063346
0.043577 0.072609 0.252451 67 98 15 -0.526656 0.424534 -0.736481
0.038919 0.078002 0.255683 51 75 17 0.952334 0.168023 0.254613
0.040803 0.069218 0.250753 68 105 10 -0.498535 0.133968 0.856455
0.043239 0.074240 0.250531 48 72 10 0.760529 0.636121 0.130171
