-0.025796 0.027453 0.064785 132 115 63 0.603648 -0.701319 -0.379159
-0.027193 0.026680 0.063671 110 97 52 0.693260 -0.654191 -0.302364
-0.027001 0.019995 0.061228 166 138 78 -0.377435 -0.524311 0.763309
-0.027918 0.022630 0.063341 112 97 57 -0.381762 -0.788247 0.482623
-0.026117 0.021697 0.063076 129 107 53 -0.323842 -0.730530 0.601209
-0.025886 0.027293 0.064979 127 111 62 0.616106 -0.651572 -0.442570
-0.026294 0.027080 0.064792 120 104 58 0.661789 -0.604217 -0.443798
-0.026728 0.026858 0.064314 119 104 57 0.682864 -0.625804 -0.376916
-0.026969 0.026567 0.064355 120 104 62 0.707237 -0.516068 -0.483207
-0.028108 0.025863 0.063148 119 106 60 0.767105 -0.552933 -0.325292
-0.026854 0.026300 0.064707 146 129 73 0.703898 -0.406362 -0.582578
-0.024656 0.029264 0.063203 130 124 92 0.657882 -0.608061 -0.444356
-0.024866 0.028495 0.064020 101 88 47 0.622818 -0.704397 -0.340473
-0.024238 0.030035 0.062746 113 110 82 0.661355 -0.611886 -0.433826
-0.025264 0.028997 0.062622 145 139 105 0.657177 -0.609875 -0.442912
-0.025464 0.028767 0.062628 149 142 106 0.646399 -0.624850 -0.437870
-0.025060 0.028961 0.062942 137 133 100 0.643482 -0.619672 -0.449374
-0.025315 0.028703 0.062957 139 134 97 0.624265 -0.647231 -0.437476
-0.026071 0.028234 0.062533 124 107 66 0.651937 -0.658362 -0.376216
-0.025198 0.028593 0.063269 118 106 67 0.619602 -0.668981 -0.410558
-0.026334 0.027549 0.063488 114 97 52 0.628672 -0.722011 -0.288915
-0.027364 0.026626 0.063414 111 96 50 0.701478 -0.656716 -0.276861
-0.024894 0.028524 0.063854 98 86 48 0.615237 -0.701233 -0.360216
-0.026038 0.027147 0.065099 125 107 58 0.627968 -0.609595 -0.483787
-0.026293 0.026640 0.065175 149 129 73 0.705686 -0.377308 -0.599705
-0.028060 0.025393 0.063896 155 137 82 0.739975 -0.425488 -0.520957
-0.028608 0.024922 0.063254 158 140 79 0.813528 -0.387768 -0.433368
-0.026661 0.025523 0.065410 175 155 93 -0.661867 0.345522 0.665242
-0.026794 0.025312 0.065399 175 156 97 -0.667266 0.322881 0.671196
-0.026351 0.025640 0.065641 176 157 96 -0.633521 0.370435 0.679285
-0.028566 0.024288 0.063760 175 153 87 0.773499 -0.246132 -0.584053
-0.026776 0.024971 0.065565 188 167 100 -0.669014 0.261317 0.695798
-0.028372 0.024312 0.063983 180 158 90 0.779142 -0.213953 -0.589205
-0.026728 0.024908 0.065658 194 169 102 -0.676932 0.231847 0.698577
-0.027012 0.025438 0.065119 170 152 92 0.688524 -0.355128 -0.632312
-0.026145 0.024994 0.066119 184 162 99 0.603309 -0.245241 -0.758864
-0.026196 0.024761 0.066147 191 170 103 0.610563 -0.190159 -0.768800
-0.026884 0.025887 0.064940 166 150 86 0.688418 -0.397999 -0.606364
-0.027307 0.023400 0.064965 169 145 81 -0.526403 -0.554565 0.644482
-0.026583 0.026715 0.064775 132 117 67 0.708998 -0.467562 -0.527927
-0.025976 0.026848 0.065406 137 120 67 0.635775 -0.460834 -0.619211
-0.026267 0.023780 0.065993 200 175 104 -0.419243 -0.545056 0.726050
-0.025829 0.023007 0.065052 149 125 65 -0.179082 -0.822651 0.539606
-0.025337 0.022688 0.064724 127 106 54 -0.162240 -0.811258 0.561728
-0.024008 0.022143 0.064299 109 92 47 0.206407 0.691713 -0.692048
-0.023691 0.022018 0.064238 111 98 53 0.246800 0.654902 -0.714279
-0.026470 0.023514 0.065555 181 159 95 -0.335441 -0.704850 0.625033
-0.026012 0.022286 0.063920 131 108 52 -0.277587 -0.793627 0.541388
-0.025787 0.023145 0.065277 151 128 68 -0.186772 -0.830054 0.525478
-0.025461 0.022927 0.065038 141 119 62 -0.170044 -0.828053 0.534241
-0.025181 0.023136 0.065455 142 119 56 0.171860 0.834703 -0.523197
-0.024459 0.022683 0.064909 116 99 52 0.151753 0.800618 -0.579640
-0.024283 0.022503 0.064695 113 94 48 -0.146444 -0.767640 0.623925
-0.023403 0.020630 0.063501 127 109 62 -0.551497 -0.360578 0.752220
-0.023303 0.020860 0.063715 122 102 55 0.553923 0.393283 -0.733824
-0.030037 0.019567 0.059650 175 147 82 -0.250323 -0.620146 0.743477
-0.030456 0.020164 0.059918 190 163 97 -0.328996 -0.606926 0.723465
-0.030463 0.020614 0.060391 185 163 99 -0.340780 -0.622926 0.704153
-0.028867 0.020703 0.061020 184 156 85 -0.306924 -0.600890 0.738057
-0.026524 0.021063 0.062218 140 117 62 -0.267628 -0.665364 0.696898
-0.026124 0.020749 0.062065 151 124 58 -0.274284 -0.594924 0.755536
-0.024955 0.021806 0.063732 124 106 52 -0.238310 -0.700653 0.672527
-0.027147 0.022687 0.063932 127 107 61 -0.304550 -0.836354 0.455808
-0.026716 0.022464 0.063784 129 109 53 -0.300904 -0.819722 0.487353
-0.025773 0.021966 0.063613 121 100 45 -0.290646 -0.743267 0.602561
-0.025888 0.022448 0.064224 130 110 60 -0.234885 -0.796477 0.557184
-0.025426 0.022148 0.063957 118 98 43 -0.214577 -0.754468 0.620270
-0.026633 0.022862 0.064576 134 112 55 -0.228195 -0.826266 0.514987
-0.029147 0.025345 0.060785 96 87 45 0.780768 -0.610841 -0.131433
-0.029985 0.023795 0.061141 126 111 59 0.865734 -0.413560 -0.281908
-0.031050 0.022459 0.058387 124 123 78 0.830654 -0.539355 0.138240
-0.028703 0.024117 0.063639 175 153 88 0.780351 -0.213186 -0.587880
-0.028163 0.024533 0.064175 182 160 92 0.785713 -0.196198 -0.586652
-0.031937 0.020331 0.058368 195 191 131 0.966914 0.016734 -0.254552
-0.032679 0.019289 0.056489 190 184 80 0.950450 0.121985 -0.285945
-0.032361 0.019246 0.057029 177 171 100 0.809372 0.326215 -0.488365
-0.028913 0.018925 0.059357 152 131 77 -0.295286 -0.577338 0.761240
-0.029949 0.023414 0.061747 147 126 67 0.875929 -0.293058 -0.383231
-0.026722 0.027076 0.063783 108 95 52 0.654836 -0.701142 -0.282116
-0.027582 0.026468 0.063225 110 95 51 0.709998 -0.651564 -0.267148
-0.027917 0.026390 0.062416 106 90 46 0.730133 -0.650116 -0.210368
-0.028724 0.025693 0.061563 100 89 45 0.761576 -0.627001 -0.163922
-0.028402 0.025173 0.063474 157 138 81 0.809635 -0.394391 -0.434680
-0.028661 0.025921 0.060721 102 89 48 0.766550 -0.624429 -0.149966
-0.027583 0.024157 0.064989 195 170 98 0.725582 -0.003413 -0.688127
-0.027409 0.027421 0.061158 114 99 56 0.758934 -0.611618 -0.223476
-0.028219 0.026678 0.060054 106 93 50 0.793644 -0.576975 -0.192949
-0.028203 0.026498 0.060755 115 100 56 0.781673 -0.600592 -0.168158
-0.028209 0.026419 0.061047 110 95 51 0.776774 -0.609625 -0.158047
-0.024731 0.028918 0.063477 124 114 77 0.643666 -0.641911 -0.416706
-0.026527 0.028775 0.060306 104 94 60 0.775494 -0.592023 -0.219357
-0.026638 0.028744 0.059981 108 95 58 0.779219 -0.592432 -0.204553
-0.030352 0.023648 0.060339 153 159 107 0.792144 -0.478824 -0.378465
-0.031073 0.022901 0.059719 219 214 154 0.900672 -0.395271 -0.180420
-0.029152 0.025441 0.060131 99 88 47 0.784322 -0.610718 -0.108916
-0.026364 0.029321 0.059417 105 92 49 0.789745 -0.587641 -0.176015
-0.026352 0.029280 0.059732 99 91 50 0.786002 -0.584635 -0.201003
-0.027301 0.028546 0.058257 155 155 116 0.719060 -0.693919 -0.037800
-0.027487 0.028278 0.058715 176 176 131 0.738327 -0.651572 -0.174145
-0.028177 0.027257 0.057617 134 134 93 0.851979 -0.504303 0.140749
-0.028239 0.026977 0.059296 154 155 110 0.804090 -0.561916 -0.194139
-0.024256 0.030274 0.062415 124 123 96 0.658712 -0.619175 -0.427458
-0.026346 0.028709 0.061149 107 92 49 0.741977 -0.609647 -0.278928
-0.027233 0.027868 0.060484 107 90 47 0.766556 -0.607484 -0.208219
-0.028312 0.026762 0.059634 118 116 75 0.795269 -0.571787 -0.201511
-0.026608 0.027935 0.062083 120 103 59 0.694825 -0.640035 -0.327984
-0.026340 0.028131 0.062238 120 102 62 0.678696 -0.645795 -0.349744
-0.026796 0.027594 0.062364 115 97 50 0.685682 -0.660108 -0.306754
-0.028015 0.026386 0.062052 100 87 40 0.738407 -0.644407 -0.198731
-0.028922 0.025372 0.061784 110 98 53 0.794008 -0.566179 -0.221343
-0.029333 0.025036 0.061033 104 92 47 0.821776 -0.543935 -0.169764
-0.029402 0.024783 0.061363 113 103 50 0.843789 -0.482611 -0.234748
-0.029326 0.024762 0.061679 125 110 58 0.847393 -0.468100 -0.250612
-0.029721 0.024475 0.060878 111 98 49 0.847292 -0.485332 -0.215754
-0.030003 0.024109 0.060507 120 110 59 0.818994 -0.503902 -0.274467
-0.028890 0.025975 0.059431 121 116 83 0.815563 -0.562609 -0.135383
-0.030543 0.023311 0.058055 92 93 56 0.881397 -0.460783 0.104013
-0.029926 0.024127 0.060796 119 106 58 0.848072 -0.456205 -0.269538
-0.026892 0.027118 0.063322 104 91 49 0.668935 -0.696283 -0.260224
-0.026278 0.027413 0.064002 106 94 54 0.620348 -0.731978 -0.281736
-0.031349 0.022282 0.059370 178 171 112 0.928333 -0.358757 -0.097427
-0.030996 0.023056 0.059743 219 216 155 0.887462 -0.445534 -0.117948
-0.025775 0.027590 0.064562 121 103 54 0.591480 -0.738371 -0.323975
-0.031048 0.022070 0.057007 101 98 56 0.888059 -0.438963 0.136615
-0.028636 0.026348 0.057402 98 100 68 0.855373 -0.504619 0.117031
-0.031216 0.021903 0.057300 119 115 68 0.858660 -0.465827 0.213796
-0.029932 0.022850 0.061903 160 139 77 0.820777 0.176385 -0.543336
-0.027553 0.025520 0.064302 156 139 83 0.704109 -0.421387 -0.571546
-0.029015 0.023779 0.063354 168 146 84 0.816072 -0.029356 -0.577204
-0.027797 0.025750 0.063871 143 127 74 0.737694 -0.462225 -0.492092
-0.029256 0.023707 0.062927 165 143 85 0.843164 -0.111357 -0.525998
-0.031347 0.020963 0.059841 195 188 133 0.842670 0.187811 -0.504612
-0.031529 0.021938 0.059311 177 171 115 0.939800 -0.312326 -0.138670
-0.031387 0.021577 0.059782 216 206 148 0.912396 -0.072224 -0.402887
-0.031673 0.021485 0.058835 185 181 123 0.950757 -0.273330 -0.146121
-0.027847 0.024047 0.064660 187 162 95 0.754588 0.048389 -0.654412
-0.031395 0.021656 0.057418 129 128 79 0.837238 -0.463552 0.290091
-0.027360 0.028169 0.057289 108 106 70 0.728236 -0.653036 0.207885
-0.030166 0.022628 0.061457 157 135 74 0.806355 0.015114 -0.591238
-0.031787 0.020830 0.058830 206 201 143 0.950641 -0.080748 -0.299603
-0.030889 0.020728 0.060256 202 182 122 -0.569795 -0.495662 0.655479
-0.030137 0.022301 0.061423 163 139 76 0.711051 0.186559 -0.677939
-0.031156 0.020848 0.060056 181 170 116 0.722604 0.361451 -0.589234
-0.030072 0.021488 0.061166 165 138 74 -0.350025 -0.430085 0.832171
-0.030684 0.021052 0.060708 196 177 119 -0.526077 -0.466557 0.711032
-0.027547 0.027547 0.056043 134 135 89 0.787632 -0.579196 0.210163
-0.032171 0.020075 0.057548 195 192 126 0.969082 -0.168811 -0.179955
-0.031884 0.018647 0.057087 142 132 71 0.721878 0.510528 -0.467177
-0.029476 0.024564 0.055921 91 91 55 0.832242 -0.526137 0.174794
-0.027635 0.027517 0.056304 117 121 81 0.787830 -0.572527 0.227018
-0.030026 0.022389 0.061588 164 139 76 -0.678736 -0.225299 0.698969
-0.031385 0.019485 0.058972 209 197 138 0.629081 0.585707 -0.511081
-0.031135 0.019888 0.059523 193 174 116 -0.490660 -0.486033 0.723205
-0.031418 0.019149 0.058292 156 140 87 0.672681 0.574788 -0.465960
-0.031231 0.019285 0.058830 189 177 121 -0.574704 -0.626687 0.526287
-0.027600 0.024928 0.064774 176 156 92 0.715504 -0.323880 -0.618996
-0.029754 0.019672 0.059854 183 154 83 -0.242098 -0.649174 0.721084
-0.025874 0.026751 0.065563 144 124 69 0.644742 -0.427792 -0.633484
-0.031346 0.021323 0.056709 113 109 63 0.884794 -0.452512 0.111235
-0.029457 0.022514 0.062158 154 130 66 -0.488829 -0.477987 0.729777
-0.029025 0.022846 0.062682 147 123 60 -0.497127 -0.584429 0.641333
-0.032390 0.019131 0.056867 164 155 83 0.809186 0.329358 -0.486561
-0.029230 0.022200 0.062022 156 131 70 -0.370981 -0.555069 0.744495
-0.028671 0.022590 0.062587 141 121 62 -0.374294 -0.685515 0.624478
-0.028308 0.022803 0.063133 129 109 58 -0.451643 -0.755977 0.473833
-0.028605 0.022038 0.062134 155 131 72 -0.320004 -0.601173 0.732249
-0.028367 0.022191 0.062335 141 119 62 -0.346453 -0.651888 0.674546
-0.030879 0.019945 0.059674 195 173 107 -0.371198 -0.548439 0.749284
-0.027821 0.022876 0.063821 120 102 56 -0.388991 -0.773237 0.500790
-0.027844 0.022475 0.063114 112 96 57 -0.373302 -0.765063 0.524714
-0.030724 0.019123 0.059089 194 173 110 -0.395985 -0.616729 0.680325
-0.027526 0.022427 0.063141 113 97 56 -0.329685 -0.770425 0.545667
-0.027169 0.022107 0.062991 120 98 48 -0.323185 -0.720571 0.613457
-0.031682 0.020447 0.055574 144 140 84 0.810397 -0.568110 0.143206
-0.026946 0.022245 0.063286 110 91 47 -0.318496 -0.761574 0.564415
-0.031838 0.020117 0.055526 134 130 70 0.728627 -0.647825 0.222318
-0.027132 0.021700 0.062582 127 103 52 -0.348099 -0.690699 0.633847
-0.026562 0.023122 0.064969 152 128 64 -0.231280 -0.802024 0.550697
-0.030106 0.018462 0.058779 159 137 78 -0.226714 -0.628257 0.744240
-0.029508 0.020067 0.060293 198 170 97 -0.242082 -0.615985 0.749639
-0.028747 0.022371 0.062327 148 126 66 -0.332347 -0.631176 0.700830
-0.026871 0.021448 0.062441 137 112 59 -0.325806 -0.699703 0.635820
-0.028442 0.022666 0.062829 130 111 63 -0.431124 -0.742301 0.512954
-0.026677 0.021759 0.062839 123 99 49 -0.309658 -0.703038 0.640195
-0.028806 0.021167 0.061365 179 154 87 -0.313276 -0.587268 0.746307
-0.028135 0.022364 0.062701 129 108 63 -0.401610 -0.712042 0.575939
-0.026211 0.021621 0.062927 128 106 54 -0.301535 -0.733021 0.609719
-0.026150 0.021346 0.062636 139 113 57 -0.270099 -0.729098 0.628858
-0.026095 0.021191 0.062434 145 122 64 -0.264356 -0.711073 0.651530
-0.027759 0.022134 0.062716 125 106 58 -0.400359 -0.708123 0.581613
-0.028285 0.020471 0.061073 176 150 83 -0.279503 -0.648275 0.708250
-0.025961 0.021689 0.063165 132 108 54 -0.326724 -0.738354 0.589987
-0.028903 0.018339 0.058990 134 117 75 -0.315075 -0.604748 0.731442
-0.028788 0.018996 0.059476 158 134 80 -0.336392 -0.584646 0.738261
-0.028619 0.018651 0.059326 145 127 80 -0.364465 -0.568712 0.737381
-0.025868 0.021399 0.062859 138 115 58 -0.289927 -0.748589 0.596286
-0.025624 0.021199 0.062697 149 124 65 -0.324247 -0.728128 0.603899
-0.027707 0.020535 0.061358 159 133 72 -0.298415 -0.602187 0.740486
-0.028489 0.017935 0.058839 123 111 69 -0.415418 -0.612891 0.672156
-0.025283 0.021270 0.062928 147 121 63 -0.299205 -0.723650 0.621939
-0.027893 0.018738 0.059805 142 125 79 -0.379951 -0.554183 0.740620
-0.027561 0.019836 0.060799 171 144 83 -0.411793 -0.595371 0.689898
-0.025318 0.020999 0.062588 153 127 63 -0.334030 -0.676686 0.656140
-0.028065 0.018135 0.059271 124 110 69 -0.411590 -0.555609 0.722421
-0.027640 0.019119 0.060198 151 130 81 -0.382207 -0.538348 0.751065
-0.027329 0.019645 0.060815 162 137 82 -0.450091 -0.557919 0.697240
-0.024935 0.020915 0.062713 141 117 60 -0.393450 -0.591979 0.703390
-0.027396 0.019252 0.060379 155 131 79 -0.438970 -0.543659 0.715360
-0.027336 0.018886 0.060189 150 127 79 -0.409707 -0.541479 0.734126
-0.032749 0.019719 0.056297 177 173 77 0.884638 -0.456514 -0.094924
-0.024609 0.020849 0.062859 131 110 60 -0.418179 -0.541994 0.728951
-0.027070 0.018628 0.060146 157 132 81 -0.420202 -0.531539 0.735457
-0.026634 0.019556 0.061131 167 138 75 -0.372207 -0.527762 0.763498
-0.024080 0.020656 0.063017 124 107 58 -0.503440 -0.402196 0.764714
-0.026495 0.018462 0.060344 174 146 87 0.463577 0.527598 -0.711854
-0.025813 0.020167 0.061795 145 123 71 -0.336405 -0.474476 0.813452
-0.025672 0.020422 0.061997 143 117 62 -0.350443 -0.482345 0.802828
-0.031569 0.018275 0.057128 155 142 76 0.722294 0.517322 -0.458988
-0.030772 0.022874 0.058064 98 99 59 0.869944 -0.480854 0.109443
-0.025246 0.020262 0.062104 130 108 57 -0.443612 -0.431597 0.785450
-0.023176 0.020590 0.063702 128 108 64 0.558782 0.361082 -0.746581
-0.025426 0.018784 0.061332 144 122 75 0.480496 0.417677 -0.771148
-0.024451 0.020650 0.062815 129 108 58 -0.454105 -0.431866 0.779282
-0.024144 0.021122 0.063378 120 102 55 -0.389772 -0.615605 0.684915
-0.030910 0.023228 0.059822 217 215 158 0.850613 -0.477267 -0.220620
-0.027832 0.025009 0.064447 175 155 93 0.738348 -0.334325 -0.585721
-0.026495 0.027986 0.062234 119 101 57 0.683371 -0.645385 -0.341295
-0.026217 0.028199 0.062390 119 103 60 0.665332 -0.652334 -0.363034
-0.029910 0.024569 0.059237 103 98 61 0.811264 -0.584656 -0.005308
-0.025882 0.029258 0.061185 105 94 60 0.728406 -0.608680 -0.314536
-0.028564 0.026551 0.058355 115 114 76 0.857357 -0.514721 0.001197
-0.028376 0.018210 0.059193 126 114 77 -0.418506 -0.553687 0.719919
-0.027189 0.021656 0.062497 129 106 52 -0.348340 -0.690425 0.634013
-0.026866 0.021637 0.062691 127 102 50 -0.314279 -0.694684 0.647026
-0.028118 0.022690 0.063234 120 103 57 -0.407970 -0.771768 0.487785
-0.026657 0.021396 0.062542 136 112 56 -0.293058 -0.704981 0.645847
-0.027581 0.022732 0.063676 117 101 56 -0.329265 -0.810655 0.484173
-0.025846 0.020515 0.061984 147 121 64 -0.315207 -0.527696 0.788785
-0.027550 0.022119 0.062828 122 102 58 -0.369033 -0.714946 0.593858
-0.026210 0.021477 0.062759 130 108 55 -0.284626 -0.725072 0.627103
-0.027518 0.021830 0.062532 132 109 58 -0.371174 -0.691739 0.619457
-0.026790 0.023246 0.065052 158 134 72 -0.332747 -0.732225 0.594244
-0.026834 0.022580 0.063920 133 111 57 -0.298790 -0.830757 0.469645
-0.025640 0.021438 0.063059 140 115 60 -0.298266 -0.752502 0.587178
-0.027011 0.020999 0.061885 141 119 69 -0.309992 -0.612853 0.726854
-0.026947 0.021869 0.062886 123 99 47 -0.321514 -0.702863 0.634517
-0.029930 0.019227 0.059418 174 147 81 -0.216834 -0.603289 0.767480
-0.026246 0.023143 0.065110 151 128 63 -0.188967 -0.820259 0.539877
-0.025141 0.021575 0.063422 139 116 58 -0.252451 -0.735681 0.628524
-0.026272 0.022495 0.064107 138 115 60 -0.252866 -0.816624 0.518830
-0.026110 0.023538 0.065750 189 162 96 -0.277498 -0.734084 0.619770
-0.026014 0.022034 0.063539 117 95 47 -0.302154 -0.758229 0.577747
-0.025806 0.022735 0.064630 128 110 54 -0.185902 -0.808375 0.558543
-0.026106 0.018364 0.060617 164 138 83 0.459123 0.531672 -0.711709
-0.025927 0.023721 0.066050 190 166 100 -0.289864 -0.607783 0.739310
-0.025729 0.023497 0.065873 172 149 89 -0.204038 -0.770007 0.604532
-0.025697 0.021837 0.063472 127 105 51 -0.289311 -0.734782 0.613511
-0.024493 0.021922 0.063993 116 96 47 -0.212912 -0.675288 0.706155
-0.024373 0.021736 0.063877 118 99 51 -0.248963 -0.636141 0.730303
-0.028806 0.017193 0.058011 122 107 64 0.269117 0.595868 -0.756649
-0.024228 0.021782 0.063953 115 98 53 -0.244960 -0.634936 0.732701
-0.023965 0.021396 0.063762 120 100 52 -0.310560 -0.602125 0.735526
-0.023838 0.021308 0.063745 118 99 53 -0.358152 -0.558251 0.748387
-0.024787 0.022478 0.064540 118 98 48 -0.148295 -0.784212 0.602511
-0.028092 0.018880 0.059811 147 129 83 -0.381792 -0.558078 0.736738
-0.027850 0.018589 0.059697 137 122 83 -0.389040 -0.544888 0.742795
-0.024285 0.022293 0.064409 111 92 44 0.164204 0.734446 -0.658502
-0.024162 0.021592 0.063837 119 100 53 -0.255760 -0.630156 0.733137
-0.026818 0.018658 0.060314 169 143 83 -0.457006 -0.526742 0.716721
-0.023439 0.021309 0.063837 118 99 53 0.396108 0.519412 -0.757172
-0.026244 0.022222 0.063683 126 103 49 -0.304132 -0.781837 0.544275
-0.025830 0.021197 0.062575 149 124 68 -0.293054 -0.716556 0.632982
-0.028022 0.019633 0.060364 170 144 81 -0.334192 -0.573453 0.747976
-0.027691 0.019652 0.060514 170 144 86 -0.391353 -0.563198 0.727771
-0.026273 0.022956 0.064805 139 118 57 -0.199484 -0.814785 0.544364
-0.025478 0.022085 0.063813 120 99 45 -0.248940 -0.750048 0.612746
-0.025579 0.022864 0.064878 139 118 60 -0.167743 -0.820511 0.546464
-0.029733 0.019908 0.060051 184 156 86 -0.262267 -0.637506 0.724432
-0.028823 0.020393 0.060735 186 158 88 -0.276737 -0.637350 0.719167
-0.029140 0.018594 0.059109 149 128 77 -0.245972 -0.601399 0.760143
-0.029770 0.020679 0.060660 185 156 85 -0.223787 -0.595059 0.771897
-0.029677 0.019552 0.059776 184 155 87 -0.218946 -0.654721 0.723466
-0.031057 0.017804 0.057332 160 141 82 0.693393 0.486155 -0.531845
-0.030410 0.019351 0.059290 188 163 97 -0.276704 -0.603323 0.747955
-0.030377 0.019647 0.059577 181 156 90 -0.258615 -0.597148 0.759297
-0.030978 0.018250 0.057917 166 144 83 0.654986 0.522826 -0.545569
-0.030086 0.020738 0.060599 174 148 80 -0.216684 -0.610264 0.761988
-0.030601 0.019457 0.059332 198 175 109 -0.300536 -0.610190 0.733039
-0.029467 0.020605 0.060650 194 167 93 -0.251917 -0.588792 0.768025
-0.029679 0.021070 0.060908 176 150 74 -0.231936 -0.592205 0.771686
-0.030562 0.019917 0.059721 188 169 106 -0.303143 -0.585961 0.751501
-0.029372 0.025129 0.057376 99 96 65 0.836890 -0.530438 0.135098
-0.025071 0.022823 0.064993 129 107 53 -0.156382 -0.824535 0.543770
-0.029191 0.025448 0.057543 102 102 71 0.839391 -0.528170 0.128292
-0.027560 0.020381 0.061291 158 132 73 -0.325399 -0.580654 0.746295
-0.029035 0.025511 0.057077 94 89 56 0.839399 -0.523564 0.145911
-0.027269 0.021170 0.061880 140 119 66 -0.294347 -0.619681 0.727568
-0.026800 0.020876 0.061864 142 119 64 -0.301166 -0.600398 0.740824
-0.028267 0.026626 0.056472 100 95 59 0.830261 -0.523257 0.192012
-0.028376 0.025084 0.063603 161 142 84 0.808227 -0.357095 -0.468245
-0.025539 0.020593 0.062184 145 120 63 -0.352288 -0.551439 0.756181
-0.025998 0.022853 0.064642 133 112 55 -0.191754 -0.814739 0.547203
-0.026047 0.021290 0.062582 143 119 63 -0.260076 -0.727660 0.634721
-0.025667 0.021331 0.062895 142 116 62 -0.303424 -0.749882 0.587887
-0.025883 0.021537 0.063038 135 112 54 -0.314307 -0.742363 0.591699
-0.025149 0.020840 0.062562 144 119 58 -0.389912 -0.583305 0.712548
-0.026537 0.022181 0.063435 113 93 44 -0.326694 -0.763529 0.557041
-0.025389 0.023090 0.065262 142 120 60 -0.174071 -0.832637 0.525751
-0.026486 0.020443 0.061721 145 123 70 -0.288768 -0.530069 0.797270
-0.027893 0.022320 0.062884 121 104 58 -0.400930 -0.736923 0.544242
-0.027328 0.021680 0.062473 131 107 53 -0.362139 -0.682019 0.635378
-0.027135 0.019662 0.060955 161 134 76 -0.442215 -0.555223 0.704396
-0.024431 0.020839 0.062961 128 108 59 -0.439525 -0.527873 0.726752
-0.028340 0.019817 0.060367 171 146 85 -0.289637 -0.615444 0.733035
-0.024092 0.020071 0.062851 143 120 67 -0.556241 -0.237239 0.796438
-0.029218 0.018062 0.058547 141 122 71 -0.212588 -0.637951 0.740152
-0.027595 0.020165 0.060944 170 142 79 -0.353305 -0.630100 0.691484
-0.027423 0.019099 0.060265 151 128 78 -0.402083 -0.530330 0.746377
-0.027193 0.019359 0.060542 161 135 81 -0.458769 -0.563447 0.687066
-0.027440 0.017947 0.059446 137 121 81 0.387984 0.558789 -0.732955
-0.027173 0.018807 0.060224 157 133 80 -0.419998 -0.538197 0.730716
-0.029643 0.018556 0.058932 162 137 78 -0.174531 -0.642010 0.746567
-0.029743 0.017977 0.058354 149 127 78 -0.160359 -0.602056 0.782185
-0.030011 0.020323 0.060303 177 149 78 -0.255824 -0.620031 0.741698
-0.030064 0.016803 0.057381 154 131 72 0.322217 0.626176 -0.709986
-0.029911 0.018033 0.058404 156 135 80 -0.196996 -0.595871 0.778544
-0.024673 0.030054 0.061764 112 111 81 0.661872 -0.633215 -0.401204
-0.024897 0.021532 0.063455 135 114 60 -0.260587 -0.723638 0.639094
-0.026558 0.023303 0.065217 166 143 76 -0.266837 -0.776250 0.571168
-0.027832 0.023009 0.064017 126 107 56 -0.417852 -0.715281 0.560154
-0.025746 0.021655 0.063255 133 110 54 -0.302741 -0.735381 0.606270
-0.027466 0.021370 0.062076 136 116 64 -0.314711 -0.650605 0.691137
-0.030055 0.023625 0.055968 108 106 66 0.850826 -0.502078 0.154957
-0.030137 0.023427 0.055803 115 115 69 0.853224 -0.499690 0.149395
-0.030414 0.023555 0.058028 94 96 61 0.874120 -0.474610 0.103249
-0.030139 0.024133 0.060095 143 141 95 0.792445 -0.563856 -0.232588
-0.030391 0.023946 0.059734 182 176 125 0.788314 -0.599076 -0.140245
-0.030605 0.023261 0.058370 98 97 62 0.875833 -0.461779 0.140277
-0.030300 0.023878 0.060184 159 158 108 0.788866 -0.534434 -0.303431
-0.030189 0.023610 0.060708 128 118 66 0.832843 -0.434825 -0.342490
-0.032729 0.019654 0.056453 202 192 87 0.933794 -0.302897 -0.190477
-0.030402 0.023457 0.060435 154 147 96 0.806353 -0.415142 -0.421249
-0.031153 0.021782 0.056821 101 100 55 0.897881 -0.419049 0.134932
-0.032514 0.019787 0.056774 200 192 102 0.905104 -0.270957 -0.327672
-0.031355 0.021233 0.056527 113 111 63 0.880742 -0.467215 0.077490
-0.032120 0.020172 0.056591 161 151 73 0.737786 -0.673367 0.047432
-0.031685 0.021252 0.057635 154 149 94 0.855803 -0.437332 0.276300
-0.031788 0.020534 0.056160 160 152 81 0.797268 -0.590643 0.124517
-0.031936 0.020396 0.056847 141 135 71 0.798941 -0.592486 0.103214
-0.032027 0.020414 0.057878 198 190 132 0.973910 -0.210626 -0.084474
-0.032346 0.019922 0.057076 213 200 118 0.906548 -0.304031 -0.292806
-0.031520 0.020567 0.059477 197 190 128 0.822618 0.195696 -0.533857
-0.028876 0.026059 0.058697 111 105 64 0.833920 -0.550381 -0.040731
-0.029106 0.025599 0.057527 106 107 74 0.841091 -0.525400 0.128536
-0.029529 0.025077 0.058228 112 105 69 0.841127 -0.534991 0.079311
-0.029691 0.024745 0.060058 107 98 59 0.799161 -0.584256 -0.141372
-0.029764 0.024759 0.059365 106 99 65 0.799789 -0.597673 -0.055897
-0.029018 0.025243 0.055970 93 92 59 0.833190 -0.528232 0.163601
-0.029461 0.016774 0.057568 149 127 75 0.185499 0.638298 -0.747105
-0.032399 0.019733 0.055754 143 135 62 -0.758047 0.627522 -0.177711
-0.032140 0.018676 0.056600 136 128 55 0.750831 0.506266 -0.424202
-0.032051 0.018918 0.057028 143 133 71 0.721903 0.504965 -0.473145
-0.031363 0.021305 0.055964 150 149 101 0.893589 -0.446674 0.044500
-0.027236 0.026835 0.063060 106 92 44 0.678726 -0.691053 -0.248549
-0.028355 0.025959 0.062136 98 87 45 0.761119 -0.613794 -0.209655
-0.029250 0.018667 0.059075 156 134 80 -0.216551 -0.606927 0.764686
-0.031047 0.021504 0.060538 203 193 141 0.821754 -0.022534 -0.569397
-0.031382 0.021294 0.059839 212 205 148 0.890512 0.045013 -0.452728
-0.026715 0.028894 0.059367 102 93 53 0.766491 -0.615396 -0.183791
-0.028678 0.026230 0.059593 124 120 82 0.801754 -0.573425 -0.168447
-0.026254 0.025685 0.065686 174 155 92 -0.628442 0.360341 0.689358
-0.029502 0.025104 0.059352 103 96 58 0.806341 -0.587494 -0.068303
-0.031492 0.021940 0.059062 159 157 102 0.919649 -0.390659 -0.040385
-0.026133 0.024302 0.066291 203 178 106 -0.546703 -0.099602 0.831382
-0.026767 0.028926 0.058790 108 102 61 0.731141 -0.669734 -0.129960
-0.026133 0.029559 0.059831 107 96 57 0.783300 -0.585473 -0.208955
-0.024611 0.030065 0.062178 127 125 97 0.659611 -0.626685 -0.414945
-0.028441 0.026658 0.057262 110 114 77 0.853765 -0.498020 0.151860
-0.027779 0.027506 0.059441 130 122 75 0.778172 -0.584072 -0.230885
-0.027542 0.027413 0.060661 116 98 51 0.773773 -0.599822 -0.203687
-0.024969 0.029279 0.062706 140 130 96 0.656038 -0.604409 -0.452000
-0.026249 0.027875 0.062914 104 90 51 0.643790 -0.685176 -0.340688
-0.028909 0.025698 0.060455 94 84 44 0.765584 -0.629250 -0.133889
-0.029168 0.025387 0.060325 101 89 49 0.787143 -0.605918 -0.115186
-0.028780 0.025312 0.062313 124 109 55 0.798092 -0.541555 -0.264133
-0.025563 0.028791 0.062493 142 133 99 0.650488 -0.624069 -0.432901
-0.029271 0.024674 0.061978 132 116 60 0.850643 -0.453193 -0.266502
-0.030807 0.022822 0.058147 104 99 60 0.861292 -0.493556 0.120744
-0.027516 0.026140 0.063984 132 113 64 0.743232 -0.466737 -0.479336
-0.029692 0.024007 0.061680 137 120 63 0.863062 -0.413591 -0.289941
-0.031003 0.022026 0.056575 100 104 62 0.894742 -0.437889 0.087697
-0.028321 0.024956 0.063753 169 149 87 0.805504 -0.322115 -0.497398
-0.027999 0.024700 0.064348 185 162 95 0.779353 -0.222859 -0.585614
-0.028238 0.024087 0.064211 182 157 92 0.757811 -0.079523 -0.647610
-0.030157 0.023969 0.060333 133 128 78 0.801452 -0.513358 -0.306821
-0.032647 0.019846 0.056389 178 173 72 0.842725 -0.536195 -0.048067
-0.032759 0.019491 0.056277 191 181 77 0.917728 -0.335470 -0.212685
-0.032599 0.019758 0.056081 158 149 64 0.854007 -0.518861 0.038157
-0.032614 0.019818 0.056589 191 183 85 0.886591 -0.372937 -0.273632
-0.032728 0.019226 0.056336 186 180 75 0.984275 0.109495 -0.138610
-0.032706 0.019492 0.056092 170 161 64 0.882583 -0.470052 0.009951
-0.032620 0.019552 0.056673 202 191 104 0.898872 -0.212503 -0.383239
-0.032407 0.019992 0.056642 176 174 83 0.778990 -0.622794 -0.072814
-0.032593 0.019241 0.056654 173 170 85 0.902853 0.179891 -0.390508
-0.032262 0.020084 0.056323 158 151 70 0.692533 -0.718603 0.063306
-0.032252 0.020126 0.056987 173 164 88 0.836853 -0.544755 -0.054026
-0.031969 0.020324 0.056554 149 148 81 0.766971 -0.634575 0.095234
-0.032413 0.019849 0.056950 205 197 114 0.918538 -0.295486 -0.262633
-0.032051 0.020200 0.056054 161 150 75 0.688705 -0.699186 0.191895
-0.032007 0.020443 0.057004 137 130 68 0.836241 -0.544633 0.063838
-0.032450 0.019513 0.056984 210 199 121 0.888064 0.015043 -0.459473
-0.032160 0.020204 0.057344 185 174 99 0.900902 -0.432009 -0.041753
-0.031804 0.020457 0.055896 160 154 86 0.796410 -0.589720 0.134022
-0.031830 0.020766 0.057286 133 130 75 0.861669 -0.468036 0.196136
-0.032008 0.020151 0.055796 147 140 71 0.694006 -0.688351 0.211018
-0.032272 0.019919 0.057320 207 203 130 0.952119 -0.181504 -0.246018
-0.031860 0.020469 0.056355 146 144 80 0.766208 -0.629308 0.129989
-0.031613 0.020761 0.055895 160 158 101 0.838548 -0.536251 0.096287
-0.031664 0.020733 0.056252 145 144 84 0.836315 -0.541235 0.087417
-0.031963 0.020645 0.057693 184 177 117 0.933949 -0.347993 0.081483
-0.032005 0.020511 0.057402 152 145 85 0.900959 -0.429966 0.058327
-0.031425 0.021128 0.055871 152 154 105 0.881990 -0.468813 0.048032
-0.031104 0.021784 0.055869 158 156 109 0.897097 -0.438995 0.050002
-0.031269 0.021462 0.055891 146 149 104 0.896144 -0.442409 0.034646
-0.032064 0.020337 0.057710 193 189 124 0.962103 -0.263054 -0.071842
-0.031357 0.022074 0.058207 143 144 94 0.821829 -0.559757 0.106155
-0.030956 0.022122 0.056060 160 164 118 0.884543 -0.459992 0.077399
-0.032089 0.020063 0.055965 152 145 66 -0.691682 0.692715 -0.204260
-0.032289 0.019578 0.057330 192 188 121 0.872712 0.131023 -0.470327
-0.031505 0.021399 0.057369 136 131 77 0.841999 -0.445893 0.303673
-0.031677 0.020770 0.056583 124 123 66 0.821777 -0.557151 0.119441
-0.030745 0.022440 0.055917 149 144 97 0.872340 -0.478388 0.100839
-0.031486 0.021034 0.056216 131 135 83 0.874451 -0.480866 0.064054
-0.030878 0.022100 0.055688 141 136 84 0.889978 -0.451331 0.065116
-0.031559 0.021811 0.058245 175 173 118 0.848081 -0.523843 0.079665
-0.031702 0.021423 0.057858 158 159 103 0.877117 -0.437736 0.197616
-0.031161 0.021739 0.056209 133 138 92 0.899861 -0.433558 0.047728
-0.031815 0.020655 0.056877 131 125 63 0.811723 -0.564781 0.148759
-0.031848 0.020963 0.057686 166 157 96 0.911218 -0.355239 0.208535
-0.031429 0.021871 0.057901 157 153 98 0.820791 -0.535393 0.199137
-0.030827 0.022392 0.056266 123 125 88 0.883589 -0.459765 0.088810
-0.031327 0.021354 0.056205 127 132 83 0.896822 -0.441103 0.033732
-0.030993 0.022083 0.056352 120 126 88 0.893001 -0.444577 0.070007
-0.031736 0.021535 0.058185 184 180 126 0.903425 -0.428072 0.024025
-0.032137 0.020027 0.057714 193 189 127 0.958436 -0.051067 -0.280701
-0.031967 0.020857 0.058083 185 181 121 0.974012 -0.226130 0.012874
-0.031885 0.021172 0.058026 180 173 111 0.938515 -0.333532 0.089142
-0.031234 0.022150 0.057924 133 130 78 0.817796 -0.554898 0.152635
-0.032321 0.019307 0.057140 174 167 103 0.819793 0.244287 -0.517941
-0.031405 0.022036 0.058503 141 139 84 0.840992 -0.535084 0.080117
-0.031317 0.021897 0.057603 141 139 86 0.823072 -0.510215 0.249466
-0.031668 0.021078 0.057373 142 137 79 0.842240 -0.467601 0.268292
-0.031482 0.021034 0.056550 118 114 59 0.860248 -0.501182 0.093753
-0.030621 0.022697 0.056069 113 112 65 0.868064 -0.481954 0.119103
-0.030853 0.022390 0.056623 99 101 65 0.885512 -0.453779 0.099770
-0.031578 0.021758 0.058597 159 154 101 0.899939 -0.435557 -0.020017
-0.031999 0.020553 0.058061 189 187 128 0.982017 -0.160628 -0.099206
-0.031120 0.021824 0.056576 104 105 62 0.908197 -0.410923 0.079503
-0.031384 0.022081 0.058927 145 146 91 0.873575 -0.479196 0.085078
-0.031868 0.021045 0.058456 195 192 132 0.965182 -0.186667 -0.183244
-0.031108 0.022209 0.057594 128 126 84 0.841808 -0.510343 0.175813
-0.031119 0.022351 0.058262 128 126 81 0.824938 -0.550528 0.128044
-0.030665 0.022709 0.056367 108 109 70 0.874206 -0.471641 0.115404
-0.031608 0.020922 0.056867 121 116 61 0.829173 -0.533965 0.165387
-0.031253 0.021512 0.056563 111 109 60 0.902119 -0.428246 0.052788
-0.030432 0.022991 0.056030 104 102 64 0.862422 -0.489514 0.128856
-0.031690 0.021470 0.058706 187 183 122 0.938139 -0.305912 -0.162212
-0.030995 0.022105 0.056745 97 95 54 0.894998 -0.435129 0.098186
-0.031883 0.020695 0.057419 146 138 85 0.877616 -0.448423 0.169430
-0.031172 0.021831 0.057058 105 103 59 0.886623 -0.427706 0.175973
-0.031808 0.021029 0.058666 199 194 135 0.963759 -0.157151 -0.215575
-0.031178 0.022353 0.058571 122 122 75 0.833788 -0.536565 0.129985
-0.030245 0.023311 0.056019 106 104 66 0.858007 -0.494411 0.139219
-0.031266 0.022400 0.059091 142 140 90 0.873890 -0.468974 0.127982
-0.031024 0.022220 0.057264 111 111 71 0.868278 -0.463900 0.175756
-0.032144 0.019662 0.057665 172 169 111 0.890394 0.185694 -0.415592
-0.030497 0.022998 0.056375 101 100 63 0.863791 -0.487156 0.128625
-0.030878 0.022426 0.056993 100 99 59 0.885531 -0.449731 0.116518
-0.031463 0.021217 0.057086 115 114 65 0.845692 -0.479664 0.233938
-0.030682 0.022731 0.056702 94 101 63 0.880564 -0.460622 0.111511
-0.030305 0.023322 0.056372 97 98 63 0.858677 -0.491792 0.144274
-0.031340 0.021572 0.057225 117 116 64 0.855367 -0.449314 0.257807
-0.030509 0.023050 0.056728 102 98 66 0.871744 -0.472013 0.131405
-0.030112 0.023629 0.056277 99 99 59 0.853268 -0.498943 0.151624
-0.032040 0.020181 0.058022 194 192 131 0.976763 -0.066407 -0.203775
-0.030710 0.022761 0.057050 101 102 70 0.880269 -0.458496 0.122095
-0.031016 0.022435 0.057933 117 114 69 0.829626 -0.540576 0.139636
-0.030878 0.022511 0.057391 112 113 76 0.872028 -0.471205 0.132413
-0.031298 0.021494 0.056928 113 107 63 0.874860 -0.439317 0.204012
-0.030336 0.023367 0.056710 105 101 66 0.862179 -0.485601 0.144358
-0.030509 0.023157 0.057049 103 100 67 0.876417 -0.465408 0.123649
-0.031035 0.023009 0.059587 217 209 151 0.899395 -0.431662 -0.068969
-0.030153 0.023668 0.056627 102 99 62 0.855165 -0.496937 0.147466
-0.029914 0.023915 0.056106 95 97 57 0.848210 -0.505652 0.157656
-0.030349 0.023453 0.057048 105 104 67 0.867188 -0.480081 0.132316
-0.031533 0.021814 0.058867 161 157 98 0.916068 -0.401009 -0.003432
-0.030665 0.022925 0.057400 100 99 63 0.879872 -0.460914 0.115689
-0.030519 0.023248 0.057368 103 102 74 0.878786 -0.463411 0.113956
-0.029964 0.023934 0.056447 98 98 60 0.849917 -0.504247 0.152893
-0.031206 0.022616 0.059413 188 180 118 0.909765 -0.414625 0.020356
-0.030914 0.022657 0.058291 113 109 67 0.843660 -0.518251 0.140196
-0.031857 0.020808 0.058589 199 194 134 0.962956 -0.107531 -0.247291
-0.031413 0.022122 0.059208 163 157 100 0.929942 -0.360889 -0.070483
-0.030340 0.023570 0.057374 114 112 78 0.867102 -0.483851 0.118411
-0.031111 0.022555 0.058869 125 119 74 0.857334 -0.479949 0.186086
-0.030499 0.023794 0.059849 198 191 135 0.786756 -0.582309 -0.204769
-0.030173 0.023827 0.057304 120 117 78 0.857566 -0.499166 0.124152
-0.032105 0.019333 0.057487 158 150 88 0.816601 0.308780 -0.487665
-0.030011 0.023968 0.056808 104 101 67 0.850636 -0.505185 0.145624
-0.030970 0.022672 0.058607 114 113 69 0.843671 -0.505222 0.181577
-0.030766 0.022958 0.058399 103 101 60 0.866598 -0.472855 0.159423
-0.029739 0.024174 0.056022 93 91 52 0.839939 -0.516530 0.166431
-0.031927 0.020449 0.058445 198 193 132 0.969917 -0.031506 -0.241389
-0.030549 0.023263 0.057731 101 100 63 0.881399 -0.460878 0.103578
-0.031681 0.021281 0.058997 198 191 133 0.959614 -0.181776 -0.214707
-0.030713 0.022924 0.057759 108 107 70 0.878387 -0.466450 0.104215
-0.030524 0.023423 0.058320 100 99 62 0.872741 -0.468086 0.138629
-0.030902 0.023259 0.059643 218 213 150 0.865257 -0.489573 -0.107929
-0.030801 0.023023 0.058757 117 115 73 0.859257 -0.468957 0.204342
-0.030013 0.024055 0.057136 107 107 72 0.850535 -0.508818 0.133022
-0.030377 0.023574 0.057716 106 102 68 0.869024 -0.482195 0.110842
-0.030190 0.023860 0.057563 115 111 74 0.857325 -0.501742 0.115108
-0.029790 0.024198 0.056360 95 93 57 0.844014 -0.512672 0.157506
-0.030674 0.023068 0.058079 95 93 61 0.878391 -0.466245 0.105094
-0.030629 0.023306 0.058646 127 122 80 0.858925 -0.473729 0.194496
-0.029833 0.024230 0.056695 103 101 63 0.846350 -0.511307 0.149190
-0.029619 0.024505 0.056449 96 94 57 0.836562 -0.523066 0.162994
-0.030016 0.024119 0.057430 114 109 73 0.850948 -0.510453 0.123792
-0.031622 0.021389 0.059306 199 195 136 0.954752 -0.085150 -0.284952
-0.030730 0.023293 0.058951 122 122 77 0.846859 -0.494487 0.195736
-0.030482 0.023612 0.058667 125 123 84 0.850930 -0.502360 0.153468
-0.029828 0.024334 0.057020 106 100 65 0.845689 -0.515305 0.138821
-0.030164 0.023970 0.057894 110 105 69 0.855736 -0.505158 0.111941
-0.030387 0.023688 0.058310 98 97 62 0.867830 -0.481987 0.120662
-0.029645 0.024546 0.056749 97 95 58 0.839809 -0.521728 0.150070
-0.029572 0.024469 0.056128 92 90 54 0.834387 -0.524327 0.169943
-0.031080 0.022882 0.059460 205 194 131 0.908123 -0.418161 0.021326
-0.030942 0.022992 0.059085 138 131 84 0.866126 -0.466219 0.180181
-0.029415 0.024828 0.056461 95 94 63 0.829043 -0.535554 0.160841
-0.030211 0.023990 0.058256 100 99 64 0.857865 -0.502486 0.107586
-0.031305 0.022257 0.059652 205 198 141 0.924948 -0.280936 -0.256020
-0.029987 0.024232 0.057712 109 103 71 0.851522 -0.511149 0.116773
-0.029370 0.024777 0.056125 93 92 61 0.829713 -0.533144 0.165331
-0.029864 0.024357 0.057365 104 103 66 0.848723 -0.513766 0.125355
-0.030559 0.023577 0.058964 130 128 82 0.832124 -0.530725 0.160936
-0.029469 0.024846 0.056774 92 90 56 0.829634 -0.536652 0.153987
-0.030016 0.024260 0.058061 111 106 70 0.849689 -0.516206 0.107515
-0.030305 0.023906 0.058586 121 118 80 0.846268 -0.519752 0.117003
-0.029649 0.024627 0.057023 98 96 61 0.840284 -0.522886 0.143223
-0.030665 0.023608 0.059771 208 202 139 0.797629 -0.581127 -0.161489
-0.029232 0.025144 0.056542 92 91 59 0.828164 -0.537570 0.158629
-0.030547 0.023661 0.060032 194 193 137 0.778989 -0.541891 -0.315486
-0.031108 0.022764 0.059804 215 211 153 0.897061 -0.371658 -0.239064
-0.031927 0.019998 0.058327 202 195 133 0.919920 0.208611 -0.332006
-0.030841 0.023295 0.059368 177 169 113 0.863680 -0.494413 0.098044
-0.029165 0.025077 0.056108 94 92 62 0.830184 -0.533774 0.160870
-0.030936 0.023057 0.059912 214 208 152 0.860286 -0.415580 -0.295298
-0.029669 0.024680 0.057386 100 100 62 0.842573 -0.523169 0.127927
-0.029466 0.024947 0.057109 102 96 62 0.835012 -0.531713 0.141549
-0.030726 0.023511 0.059485 188 182 122 0.832501 -0.553361 0.027084
-0.029801 0.024534 0.057703 110 103 69 0.847378 -0.517994 0.116758
-0.030367 0.023869 0.058980 129 127 81 0.826248 -0.552320 0.110709
-0.030046 0.024288 0.058404 110 110 77 0.847145 -0.524186 0.087030
-0.029831 0.024553 0.058040 114 109 74 0.846667 -0.522041 0.103094
-0.029493 0.024987 0.057449 96 97 64 0.836579 -0.531503 0.132816
-0.028997 0.025399 0.056251 90 90 59 0.834010 -0.526439 0.165194
-0.031963 0.019031 0.057413 146 138 72 0.733354 0.482755 -0.478685
-0.031423 0.021859 0.059668 211 204 147 0.928419 -0.196781 -0.315142
-0.031712 0.020909 0.059079 219 210 147 0.944676 -0.050184 -0.324144
-0.029288 0.025135 0.056783 92 90 55 0.828709 -0.537115 0.157319
-0.030306 0.024053 0.059517 151 151 101 0.795150 -0.606323 -0.010435
-0.030167 0.024156 0.058814 119 118 79 0.830613 -0.550906 0.081142
-0.031935 0.019470 0.057880 153 144 88 0.828235 0.343992 -0.442376
-0.029057 0.025437 0.056610 87 89 58 0.836541 -0.523914 0.160351
-0.029627 0.024855 0.057801 109 103 71 0.842932 -0.526948 0.108589
-0.029297 0.025275 0.057419 99 96 66 0.836826 -0.530891 0.133703
-0.029860 0.024575 0.058393 115 111 76 0.845596 -0.528941 0.072025
-0.029440 0.025139 0.057746 99 98 63 0.839081 -0.530420 0.120823
-0.029074 0.025470 0.056910 90 88 52 0.835665 -0.526096 0.157757
-0.031278 0.022036 0.059935 209 202 143 0.897842 -0.185890 -0.399155
-0.028850 0.025708 0.056441 89 90 55 0.838566 -0.518168 0.168251
-0.029978 0.024435 0.058710 122 119 86 0.835798 -0.545920 0.058423
-0.030822 0.023322 0.059892 216 212 157 0.829946 -0.505312 -0.236323
-0.028769 0.025711 0.056114 90 91 56 0.839825 -0.516572 0.166877
-0.030337 0.023960 0.059976 168 171 124 0.782848 -0.573689 -0.240892
-0.029657 0.024867 0.058142 113 108 71 0.841980 -0.532389 0.087362
-0.030182 0.024145 0.059161 115 112 70 0.817373 -0.572362 0.065596
-0.031821 0.020381 0.058770 213 207 147 0.933459 0.059018 -0.353796
-0.028887 0.025751 0.056778 91 90 58 0.844669 -0.510006 0.162566
-0.030359 0.023907 0.059293 135 134 91 0.809501 -0.584287 0.057599
-0.031187 0.022356 0.059941 212 205 146 0.877080 -0.265652 -0.400199
-0.029248 0.025470 0.057860 99 98 61 0.840196 -0.531439 0.107903
-0.029083 0.025572 0.057282 98 96 65 0.840814 -0.523522 0.137684
-0.028586 0.026017 0.056099 92 92 64 0.841652 -0.511970 0.171779
-0.029675 0.024885 0.058490 115 109 71 0.839681 -0.541357 0.043236
-0.029458 0.025174 0.058023 106 102 66 0.840384 -0.534086 0.092229
-0.028898 0.025835 0.057116 91 94 60 0.846575 -0.511649 0.146718
-0.031463 0.021512 0.059622 211 204 144 0.931827 -0.067224 -0.356621
-0.028652 0.026030 0.056430 89 89 54 0.844141 -0.509451 0.166991
-0.030885 0.022876 0.060141 191 187 134 0.822609 -0.346189 -0.451074
-0.029312 0.025418 0.058147 102 100 68 0.833969 -0.547478 0.069020
-0.029985 0.024448 0.059073 103 96 59 0.817405 -0.575264 0.030344
-0.029784 0.024740 0.058812 108 107 75 0.827625 -0.560771 0.023924
-0.029485 0.025188 0.058489 115 106 71 0.836076 -0.548294 0.018710
-0.030103 0.024324 0.059418 113 109 72 0.802723 -0.595997 -0.020553
-0.028934 0.025904 0.057527 105 103 70 0.848040 -0.516857 0.116990
-0.031265 0.021715 0.060054 208 202 145 0.877863 -0.105511 -0.467144
-0.028425 0.026332 0.056219 94 92 59 0.838476 -0.514679 0.179064
-0.031855 0.019634 0.058222 177 173 119 0.842131 0.370683 -0.391675
-0.031830 0.020025 0.058633 209 203 146 0.902035 0.226182 -0.367661
-0.028695 0.026072 0.056788 93 97 67 0.846841 -0.506091 0.163502
-0.031496 0.021208 0.059616 213 204 144 0.906922 0.035638 -0.419789
-0.029582 0.025053 0.058785 112 110 73 0.831218 -0.555945 0.001346
-0.029076 0.025735 0.057805 101 101 70 0.840666 -0.531854 0.102041
-0.029800 0.024721 0.059164 101 96 57 0.817336 -0.576151 -0.003322
-0.029097 0.025761 0.058209 106 103 62 0.839957 -0.540167 0.051877
-0.028523 0.026277 0.056517 93 92 60 0.845732 -0.506626 0.167532
-0.030451 0.023557 0.060275 174 173 124 0.780189 -0.471755 -0.410796
-0.029287 0.025496 0.058489 107 103 67 0.834542 -0.550625 0.018760
-0.028727 0.026155 0.057218 94 98 63 0.849083 -0.506718 0.149313
-0.029395 0.025349 0.058821 115 110 77 0.828720 -0.559283 -0.020621
-0.030004 0.024452 0.059786 125 120 82 0.791940 -0.596146 -0.132067
-0.028562 0.026315 0.056855 110 107 75 0.848151 -0.503355 0.165144
-0.031674 0.020337 0.059092 219 209 154 0.875638 0.157349 -0.456617
-0.028877 0.026073 0.057906 113 108 77 0.850561 -0.519842 0.079444
-0.028283 0.026585 0.056308 98 95 60 0.830733 -0.522935 0.190845
-0.029600 0.025032 0.059022 106 103 66 0.818222 -0.574656 -0.016845
-0.029847 0.024655 0.059469 110 106 72 0.797350 -0.600940 -0.055714
-0.029083 0.025793 0.058559 107 102 66 0.833865 -0.551944 -0.005239
-0.028406 0.026499 0.056616 98 99 63 0.842208 -0.510925 0.172166
-0.031597 0.020713 0.059346 210 203 143 0.906398 0.085626 -0.413656
-0.028505 0.026492 0.057090 113 116 77 0.848704 -0.504407 0.158979
-0.028727 0.026257 0.057616 100 100 67 0.854417 -0.508417 0.107157
-0.028148 0.026791 0.056237 98 98 61 0.821219 -0.531170 0.208466
-0.028899 0.026068 0.058243 109 105 65 0.849026 -0.526910 0.038999
-0.029413 0.025294 0.059124 116 108 74 0.816697 -0.573930 -0.060089
-0.029783 0.024712 0.059818 118 113 75 0.795902 -0.593917 -0.117486
-0.030678 0.023102 0.060296 168 165 112 0.797190 -0.375508 -0.472739
-0.029202 0.025635 0.058793 110 105 66 0.835075 -0.549156 -0.032831
-0.029621 0.024954 0.059379 102 97 62 0.800880 -0.595406 -0.063896
-0.030884 0.022591 0.060298 191 181 122 0.811239 -0.291932 -0.506624
-0.030026 0.024188 0.060288 122 119 73 0.808338 -0.532858 -0.250304
-0.031725 0.019143 0.057822 149 136 80 0.723250 0.494754 -0.481796
-0.028680 0.026396 0.057962 107 106 72 0.859715 -0.506521 0.065777
-0.028216 0.026800 0.056611 99 98 61 0.829525 -0.526952 0.184960
-0.028303 0.026779 0.056970 123 122 84 0.842112 -0.510542 0.173767
-0.028532 0.026579 0.057584 110 109 75 0.861286 -0.496559 0.107773
-0.028878 0.026089 0.058526 110 103 64 0.838869 -0.544316 -0.004355
-0.031122 0.021979 0.060221 202 194 138 0.841205 -0.204894 -0.500392
-0.029404 0.025202 0.059525 107 98 61 0.797964 -0.595653 -0.091934
-0.028488 0.026721 0.057905 106 109 73 0.868985 -0.488711 0.077632
-0.031304 0.021455 0.059997 207 201 148 0.890279 0.008993 -0.455326
-0.029184 0.025637 0.059033 121 113 75 0.821757 -0.566487 -0.061706
-0.030428 0.023189 0.060646 144 134 83 0.827750 -0.368151 -0.423433
-0.027863 0.027176 0.056138 122 123 86 0.801800 -0.556524 0.217712
-0.028303 0.026893 0.057265 115 115 78 0.854034 -0.495780 0.157570
-0.031711 0.019676 0.058571 192 187 133 0.839227 0.389627 -0.379327
-0.031000 0.022294 0.060283 194 187 132 0.825483 -0.241904 -0.509961
-0.027994 0.027116 0.056490 101 98 60 0.813655 -0.542150 0.209854
-0.030196 0.023819 0.060458 140 131 83 0.811709 -0.475390 -0.339313
-0.028693 0.026394 0.058347 112 109 65 0.857308 -0.514579 0.015198
-0.030608 0.022802 0.060578 154 146 92 0.819096 -0.294944 -0.492026
-0.029939 0.024402 0.060088 137 131 89 0.797848 -0.570223 -0.195663
-0.028148 0.027040 0.056960 108 105 68 0.831446 -0.518836 0.198761
-0.029020 0.025872 0.058875 108 104 69 0.833943 -0.548078 -0.064423
-0.028014 0.027598 0.057741 159 157 111 0.831867 -0.536734 0.141117
-0.028350 0.026907 0.057603 113 117 79 0.868459 -0.482890 0.112230
-0.028330 0.027023 0.057971 125 125 86 0.878096 -0.476783 0.040313
-0.028514 0.026694 0.058226 115 117 79 0.872343 -0.488531 0.018831
-0.029233 0.025503 0.059339 113 107 74 0.816445 -0.570334 -0.090202
-0.027977 0.027272 0.056877 99 95 61 0.814206 -0.539611 0.214215
-0.029717 0.024658 0.060185 106 97 57 0.806432 -0.566742 -0.168735
-0.028176 0.027333 0.057849 139 139 98 0.866603 -0.493996 0.070480
-0.028137 0.027192 0.057297 123 121 85 0.844926 -0.503608 0.180220
-0.029816 0.024414 0.060613 114 101 56 0.838171 -0.505091 -0.205798
-0.030099 0.023823 0.060720 123 113 63 0.841699 -0.449361 -0.299361
-0.029580 0.024985 0.059722 110 105 67 0.792348 -0.602220 -0.097550
-0.031611 0.019942 0.059046 208 202 146 0.830264 0.323347 -0.453991
-0.027801 0.027392 0.056480 105 106 67 0.796168 -0.562564 0.222796
-0.027991 0.027502 0.057427 121 120 80 0.815695 -0.541534 0.203426
-0.027652 0.027408 0.056048 136 134 94 0.792765 -0.569293 0.217781
-0.027926 0.027448 0.057131 98 98 68 0.806011 -0.550347 0.217866
-0.028199 0.027293 0.058151 158 156 110 0.870973 -0.490011 0.035975
-0.027778 0.027557 0.056838 98 97 60 0.790929 -0.573125 0.214379
-0.028713 0.026381 0.058670 117 111 70 0.842132 -0.537207 -0.047155
-0.028996 0.025892 0.059141 114 106 75 0.819422 -0.564683 -0.098392
-0.028509 0.026726 0.058568 124 121 80 0.859356 -0.510327 -0.032769
-0.029670 0.024660 0.060585 110 99 56 0.830055 -0.530949 -0.170589
-0.028086 0.027526 0.058104 178 175 126 0.854476 -0.518795 0.026887
-0.028340 0.027029 0.058325 140 139 102 0.872790 -0.487416 -0.025749
-0.030699 0.022577 0.060554 158 152 102 0.823925 -0.271757 -0.497288
-0.031648 0.019420 0.058304 170 157 101 0.732486 0.518287 -0.441410
-0.030296 0.023484 0.060624 136 126 72 0.835158 -0.396537 -0.381142
-0.029547 0.024946 0.060076 103 93 52 0.792591 -0.599078 -0.113604
-0.028810 0.026202 0.059003 117 114 75 0.830837 -0.549367 -0.088919
-0.029053 0.025757 0.059437 122 116 85 0.811205 -0.573625 -0.113585
-0.031044 0.021736 0.060447 203 193 142 0.847062 -0.094238 -0.523073
-0.031426 0.020648 0.059616 186 182 123 0.828332 0.201803 -0.522629
-0.029320 0.025301 0.059853 105 96 56 0.792885 -0.600332 -0.104569
-0.028216 0.027239 0.058487 157 153 107 0.859398 -0.504690 -0.081994
-0.031271 0.021128 0.060036 200 192 131 0.848612 0.179828 -0.497513
-0.029804 0.024415 0.060701 114 99 55 0.839766 -0.499281 -0.213335
-0.031496 0.020068 0.059272 203 196 144 0.760684 0.318955 -0.565356
-0.029478 0.024979 0.060435 105 96 54 0.806805 -0.574696 -0.137076
-0.028567 0.026596 0.058918 150 143 97 0.840290 -0.532119 -0.103743
-0.028814 0.026145 0.059311 120 114 81 0.819451 -0.560002 -0.122056
-0.031571 0.019680 0.058899 201 196 139 0.742760 0.483105 -0.463591
-0.028322 0.027048 0.058635 148 150 107 0.851851 -0.514267 -0.099396
-0.028096 0.027461 0.058453 162 165 120 0.850261 -0.516508 -0.101373
-0.029324 0.025240 0.060153 99 87 46 0.793123 -0.600039 -0.104446
-0.029095 0.025612 0.059743 109 98 58 0.801635 -0.584696 -0.124546
-0.028629 0.026432 0.059250 134 129 88 0.828642 -0.546834 -0.119682
-0.028140 0.027291 0.058841 183 182 137 0.826732 -0.537507 -0.166132
-0.030114 0.023624 0.060984 127 113 60 0.868788 -0.398803 -0.293536
-0.029587 0.024719 0.060838 109 98 51 0.835295 -0.521797 -0.173237
-0.029953 0.023957 0.061027 125 111 58 0.861791 -0.428329 -0.271756
-0.028837 0.026000 0.059650 124 113 73 0.806072 -0.574502 -0.142111
-0.028347 0.026925 0.058960 181 179 135 0.827566 -0.547156 -0.125522
-0.030453 0.022838 0.060911 140 127 74 0.860418 -0.247085 -0.445680
-0.031159 0.021446 0.060298 204 195 141 0.852794 0.023919 -0.521700
-0.031592 0.018055 0.056945 151 137 81 0.728437 0.519029 -0.447200
-0.030862 0.021884 0.060660 182 176 123 0.791518 -0.172248 -0.586370
-0.031203 0.020632 0.059854 179 167 116 0.693986 0.381145 -0.610829
-0.030812 0.022233 0.060543 188 176 116 0.810965 -0.231843 -0.537200
-0.029758 0.024262 0.061115 121 107 53 0.854492 -0.453288 -0.253718
-0.029233 0.025288 0.060558 102 91 50 0.790544 -0.600448 -0.120425
-0.029057 0.025597 0.060065 101 88 47 0.788547 -0.603460 -0.118445
-0.027940 0.027625 0.058765 178 177 135 0.816089 -0.549865 -0.177896
-0.028819 0.025905 0.060047 106 90 50 0.786092 -0.597314 -0.158979
-0.028503 0.026485 0.059581 119 118 81 0.803268 -0.567435 -0.181047
-0.029423 0.024985 0.060783 104 91 46 0.819041 -0.555197 -0.144669
-0.031282 0.020289 0.059615 183 171 118 -0.652129 -0.371566 0.660807
-0.029927 0.023826 0.061288 129 114 58 0.868755 -0.407898 -0.280863
-0.031366 0.019732 0.059228 205 196 141 0.640786 0.501937 -0.580907
-0.029526 0.024614 0.061218 117 101 50 0.853288 -0.458097 -0.249091
-0.028423 0.026698 0.059336 154 150 110 0.804533 -0.564010 -0.186061
-0.030192 0.023277 0.061200 140 121 67 0.898225 -0.316910 -0.304566
-0.030932 0.021586 0.060689 201 186 133 0.779375 -0.010875 -0.626463
-0.028071 0.027245 0.059194 174 174 127 0.802375 -0.561052 -0.203505
-0.031501 0.018290 0.057345 159 141 80 0.713263 0.515875 -0.474477
-0.029005 0.025592 0.060406 99 85 43 0.772788 -0.621512 -0.128535
-0.030538 0.022641 0.060810 150 133 75 0.835161 -0.226699 -0.501113
-0.029340 0.024984 0.061204 106 93 49 0.824529 -0.529477 -0.199514
-0.028553 0.026279 0.059972 110 96 54 0.790070 -0.585501 -0.181597
-0.028787 0.025875 0.060322 98 85 44 0.772801 -0.616840 -0.149288
-0.030706 0.022049 0.060786 170 158 104 0.806455 -0.168532 -0.566769
-0.030450 0.022477 0.061116 155 138 78 0.841842 -0.070226 -0.535135
-0.029189 0.025281 0.060876 96 86 45 0.786959 -0.600922 -0.139958
-0.031411 0.018787 0.057945 150 133 74 0.693500 0.513974 -0.504865
-0.030256 0.022906 0.061328 150 128 69 0.886553 -0.135179 -0.442436
-0.027849 0.027589 0.059112 157 162 121 0.787635 -0.569551 -0.235040
-0.028378 0.026535 0.059918 109 96 55 0.794175 -0.577488 -0.189193
-0.028120 0.027027 0.059589 124 119 77 0.791392 -0.575406 -0.206415
-0.028607 0.026129 0.060246 104 90 47 0.782017 -0.601411 -0.163568
-0.029977 0.023544 0.061518 140 121 62 0.887603 -0.347504 -0.302328
-0.028974 0.025554 0.060777 102 90 47 0.763503 -0.632369 -0.131048
-0.030703 0.021677 0.060898 183 169 109 0.711747 0.024191 -0.702020
-0.029570 0.024321 0.061594 131 117 61 0.862874 -0.432390 -0.261700
-0.029522 0.024494 0.061462 124 111 59 0.856718 -0.446687 -0.257886
-0.029167 0.025247 0.061205 100 87 44 0.796964 -0.579629 -0.169936
-0.027971 0.027271 0.059427 137 135 94 0.788503 -0.576433 -0.214445
-0.029754 0.024001 0.061510 130 114 61 0.860850 -0.425655 -0.278847
-0.030101 0.023114 0.061651 154 131 68 0.894258 -0.128896 -0.428588
-0.030487 0.022192 0.061118 162 141 79 0.787803 -0.030676 -0.615163
-0.028785 0.025795 0.060691 102 88 49 0.763927 -0.629569 -0.141624
-0.029262 0.024960 0.061574 117 102 57 0.833936 -0.501332 -0.230686
-0.029017 0.025442 0.061121 98 88 45 0.772048 -0.618298 -0.147136
-0.028369 0.026447 0.060293 108 92 49 0.789431 -0.588304 -0.175208
-0.030025 0.023351 0.061641 144 124 64 0.896025 -0.282589 -0.342465
-0.028536 0.026104 0.060630 101 89 47 0.778096 -0.607016 -0.161548
-0.028136 0.026862 0.059940 102 95 52 0.794016 -0.575786 -0.194961
-0.029138 0.025195 0.061505 109 96 51 0.807553 -0.553633 -0.203343
-0.027974 0.027152 0.059719 112 106 59 0.784794 -0.583292 -0.209449
-0.029862 0.023701 0.061636 141 122 65 0.870934 -0.383969 -0.306662
-0.028733 0.025777 0.061006 106 93 48 0.758807 -0.637136 -0.135163
-0.028151 0.026724 0.060329 110 93 52 0.790657 -0.582359 -0.188996
-0.030441 0.022006 0.061174 171 149 86 -0.684210 -0.021003 0.728983
-0.028943 0.025465 0.061455 99 88 44 0.778434 -0.601320 -0.180155
-0.028506 0.026077 0.060906 105 92 49 0.775196 -0.613478 -0.150717
-0.028343 0.026366 0.060654 109 95 52 0.780482 -0.602549 -0.166680
-0.028748 0.025689 0.061335 101 89 49 0.756870 -0.637476 -0.144124
-0.027931 0.027114 0.060029 104 91 48 0.780242 -0.590729 -0.205575
-0.029322 0.024628 0.061890 133 116 61 0.852648 -0.451217 -0.263429
-0.029589 0.024153 0.061843 138 121 62 0.866984 -0.414895 -0.276043
-0.027802 0.027386 0.059677 115 103 60 0.777314 -0.587784 -0.224262
-0.030696 0.021340 0.060860 193 178 118 -0.550826 -0.291584 0.782029
-0.029913 0.023183 0.061998 160 138 77 0.874605 -0.049050 -0.482348
-0.029829 0.023457 0.062040 155 133 71 0.861378 -0.226358 -0.454742
-0.029701 0.023796 0.062003 145 126 71 0.875973 -0.355586 -0.325929
-0.028118 0.026687 0.060613 121 103 59 0.782187 -0.596999 -0.178257
-0.028500 0.025985 0.061311 110 93 55 0.761574 -0.631819 -0.144259
-0.028302 0.026330 0.060971 108 94 50 0.776026 -0.611397 -0.154846
-0.029548 0.024104 0.062076 142 125 66 0.867421 -0.398262 -0.298276
-0.029103 0.025111 0.061787 116 103 55 0.814821 -0.529737 -0.235469
-0.027708 0.027404 0.060037 108 96 50 0.776664 -0.595103 -0.206507
-0.029197 0.024874 0.061885 127 112 57 0.837811 -0.479206 -0.261601
-0.028747 0.025630 0.061698 99 88 48 0.763412 -0.621667 -0.175305
-0.027951 0.026987 0.060349 107 92 47 0.783257 -0.589018 -0.198914
-0.028536 0.025894 0.061615 100 89 45 0.761626 -0.628213 -0.158977
-0.029416 0.024363 0.062070 132 116 65 0.863819 -0.419325 -0.279255
-0.027730 0.027273 0.060385 106 92 46 0.779215 -0.594586 -0.198222
-0.028066 0.026641 0.060939 110 96 50 0.777001 -0.607506 -0.164943
-0.028284 0.026269 0.061319 108 93 50 0.769760 -0.619968 -0.152019
-0.029785 0.023277 0.062214 164 140 75 0.864694 -0.080147 -0.495863
-0.027852 0.026995 0.060711 113 97 53 0.779058 -0.596727 -0.192318
-0.028618 0.025706 0.061933 100 91 41 0.771922 -0.603784 -0.198950
-0.029071 0.024970 0.062101 129 114 61 0.824147 -0.497021 -0.271571
-0.028876 0.025291 0.062088 122 106 57 0.800050 -0.544731 -0.251373
-0.028298 0.026170 0.061663 102 87 47 0.761189 -0.628275 -0.160814
-0.029802 0.022963 0.062125 163 140 75 0.821046 0.182082 -0.541045
-0.029569 0.023758 0.062391 156 136 79 0.876836 -0.243065 -0.414824
-0.029230 0.024585 0.062287 131 115 64 0.843626 -0.441945 -0.304925
-0.027651 0.027254 0.060719 112 95 47 0.775260 -0.598760 -0.201143
-0.029664 0.023207 0.062398 163 142 80 0.804417 0.094438 -0.586511
-0.029427 0.024016 0.062507 155 134 74 0.866730 -0.276922 -0.414840
-0.028066 0.026547 0.061297 111 99 55 0.764764 -0.620595 -0.173201
-0.028398 0.025971 0.061930 96 85 44 0.759710 -0.625212 -0.178746
-0.027839 0.026867 0.061133 108 94 56 0.770491 -0.607721 -0.192401
-0.028652 0.025537 0.062272 118 103 56 0.786088 -0.567857 -0.244140
-0.030947 0.017551 0.057349 163 144 85 0.671880 0.501237 -0.545288
-0.028085 0.026436 0.061641 103 90 46 0.753941 -0.631971 -0.179404
-0.029257 0.024305 0.062611 149 130 73 0.844637 -0.376505 -0.380570
-0.028183 0.026233 0.061910 100 88 45 0.750821 -0.634382 -0.183923
-0.029031 0.024843 0.062447 133 118 62 0.826155 -0.470077 -0.310636
-0.028428 0.025819 0.062294 106 92 47 0.766265 -0.603803 -0.219682
-0.029231 0.024035 0.062874 162 141 77 0.841591 -0.248885 -0.479355
-0.027863 0.026738 0.061516 118 104 60 0.751666 -0.631867 -0.189056
-0.028836 0.025161 0.062451 127 112 61 0.812671 -0.499342 -0.300372
-0.028213 0.026099 0.062233 99 88 47 0.751206 -0.628027 -0.203155
-0.027619 0.027180 0.061052 112 95 50 0.770467 -0.602758 -0.207516
-0.027936 0.026561 0.061807 103 89 44 0.743412 -0.640586 -0.192323
-0.028454 0.025677 0.062575 117 102 57 0.783526 -0.566609 -0.255029
-0.030896 0.017799 0.057680 170 146 84 0.657170 0.502741 -0.561587
-0.027885 0.026492 0.062180 99 86 41 0.730564 -0.650234 -0.208498
-0.029110 0.024292 0.062934 156 136 74 0.820227 -0.347539 -0.454361
-0.027647 0.027019 0.061447 122 108 63 0.753595 -0.622394 -0.211472
-0.028249 0.025926 0.062624 111 95 49 0.764133 -0.600119 -0.236553
-0.028047 0.026242 0.062414 105 89 49 0.742274 -0.635034 -0.213917
-0.028601 0.025436 0.062645 130 113 60 0.799253 -0.529695 -0.283933
-0.028957 0.024744 0.062780 138 122 69 0.823649 -0.418644 -0.382542
-0.027681 0.026828 0.061848 104 91 47 0.731159 -0.644393 -0.223972
-0.029019 0.024011 0.063258 169 145 81 0.820535 -0.192200 -0.538314
-0.027423 0.027293 0.061450 125 111 64 0.752011 -0.618148 -0.228851
-0.027901 0.026349 0.062625 101 88 44 0.732145 -0.642532 -0.226090
-0.028255 0.025746 0.062990 123 110 63 0.773192 -0.554888 -0.307039
-0.029245 0.023449 0.062974 161 137 78 0.812607 0.133667 -0.567278
-0.027724 0.026644 0.062255 99 87 42 0.717344 -0.658995 -0.226151
-0.027467 0.027105 0.061791 118 103 61 0.736557 -0.633893 -0.235932
-0.028744 0.024929 0.063020 147 129 73 0.814933 -0.410815 -0.408797
-0.028693 0.025201 0.062804 140 122 69 0.806453 -0.482900 -0.341235
-0.028430 0.025506 0.062978 135 121 66 0.792922 -0.513227 -0.328440
-0.028089 0.026015 0.062907 112 97 53 0.756857 -0.590023 -0.281140
-0.027497 0.026919 0.062168 102 87 43 0.710910 -0.659852 -0.243316
-0.027211 0.027450 0.061672 126 108 62 0.732506 -0.628630 -0.261264
-0.027772 0.026414 0.062853 106 92 48 0.717560 -0.653515 -0.240886
-0.028549 0.025192 0.063125 149 133 75 0.806448 -0.444883 -0.389514
-0.028989 0.024238 0.063171 160 139 78 0.807067 -0.288902 -0.514955
-0.027510 0.026801 0.062448 103 87 42 0.701597 -0.671107 -0.239534
-0.027291 0.027223 0.061993 113 99 57 0.719045 -0.643059 -0.263533
-0.028300 0.025476 0.063314 146 130 75 0.790230 -0.483191 -0.376912
-0.029121 0.023682 0.063163 166 144 82 0.821400 -0.023667 -0.569861
-0.027309 0.027064 0.062307 103 88 45 0.705609 -0.658128 -0.262648
-0.027857 0.026205 0.063141 111 97 51 0.744013 -0.599285 -0.295471
-0.028470 0.024932 0.063491 164 147 87 0.815569 -0.342009 -0.466773
-0.028985 0.023491 0.063348 159 138 80 0.789461 0.205472 -0.578388
-0.028081 0.025769 0.063355 131 118 67 0.770979 -0.525878 -0.359226
-0.027544 0.026591 0.062994 109 94 45 0.701853 -0.669253 -0.243934
-0.028761 0.024323 0.063414 163 143 83 0.783556 -0.295671 -0.546460
-0.028653 0.024616 0.063372 162 143 83 0.796585 -0.326822 -0.508565
-0.027369 0.026886 0.062635 106 90 43 0.693989 -0.677333 -0.244130
-0.028262 0.025298 0.063624 156 138 83 0.795325 -0.417095 -0.439875
-0.027065 0.027396 0.062166 118 102 59 0.711095 -0.643439 -0.283426
-0.028871 0.023983 0.063478 172 151 86 0.786451 -0.167840 -0.594411
-0.027708 0.026288 0.063351 111 97 54 0.731393 -0.607639 -0.309580
-0.027879 0.025986 0.063476 125 110 64 0.759289 -0.537091 -0.367441
-0.028901 0.023662 0.063521 168 146 83 0.795971 -0.004743 -0.605316
-0.027135 0.027169 0.062516 105 90 43 0.701214 -0.661741 -0.265326
-0.028060 0.025517 0.063756 151 135 79 0.750909 -0.447209 -0.485943
-0.027363 0.026717 0.063105 108 93 46 0.686238 -0.682495 -0.251551
-0.028436 0.024730 0.063633 168 149 86 0.806357 -0.302672 -0.508112
-0.027558 0.026413 0.063468 112 97 56 0.730331 -0.602988 -0.320969
-0.027197 0.026964 0.062858 107 92 45 0.685568 -0.683109 -0.251710
-0.027663 0.026172 0.063650 125 108 62 0.741696 -0.540862 -0.396681
-0.028801 0.023395 0.063553 155 134 72 0.707875 0.351363 -0.612745
-0.026943 0.027267 0.062747 107 93 46 0.688125 -0.672238 -0.273093
-0.027406 0.026475 0.063706 114 98 53 0.728117 -0.593310 -0.343262
-0.028706 0.023736 0.063726 175 152 87 0.758582 0.015184 -0.651401
-0.027164 0.026843 0.063341 108 91 47 0.680411 -0.684998 -0.260420
-0.027846 0.025644 0.063911 146 128 73 0.725232 -0.442360 -0.527595
-0.027005 0.027090 0.063060 112 94 48 0.674552 -0.690371 -0.261472
-0.027967 0.025294 0.064052 160 140 82 0.726672 -0.414240 -0.548045
-0.027643 0.025925 0.063948 139 122 66 0.729511 -0.473499 -0.493572
-0.028550 0.024039 0.063816 177 153 91 0.758330 -0.151930 -0.633919
-0.027165 0.026644 0.063919 113 97 53 0.694970 -0.634822 -0.337665
-0.027356 0.026356 0.064028 122 106 58 0.727930 -0.524331 -0.441809
-0.026973 0.026935 0.063600 106 92 47 0.667028 -0.693807 -0.271487
-0.028448 0.023691 0.064001 177 151 89 -0.702729 -0.097613 0.704729
-0.028258 0.024517 0.064011 180 157 90 0.785245 -0.213147 -0.581343
-0.027100 0.026554 0.064208 118 103 55 0.705708 -0.554288 -0.441294
-0.027706 0.025563 0.064117 156 138 77 0.708540 -0.431053 -0.558717
-0.028513 0.023370 0.063840 148 129 75 0.657237 0.371704 -0.655649
-0.026929 0.026876 0.063882 112 100 54 0.676325 -0.672121 -0.301393
-0.027499 0.025831 0.064195 150 133 76 0.725782 -0.406562 -0.554930
-0.026753 0.027150 0.063526 104 92 45 0.659339 -0.702446 -0.268034
-0.028254 0.023812 0.064223 182 156 87 0.722235 0.058177 -0.689197
-0.028160 0.024265 0.064227 183 160 92 0.759615 -0.093753 -0.643580
-0.027350 0.026119 0.064239 139 119 65 0.736598 -0.409356 -0.538378
-0.026703 0.026993 0.064080 116 103 58 0.664961 -0.680719 -0.307327
-0.026850 0.026718 0.064341 117 102 61 0.704731 -0.572011 -0.419711
-0.027040 0.026388 0.064450 140 122 71 0.714721 -0.433336 -0.548993
-0.027788 0.025261 0.064255 164 145 88 0.710026 -0.412298 -0.570853
-0.028060 0.023674 0.064374 178 152 85 0.688705 0.242309 -0.683353
-0.028225 0.023494 0.064174 169 144 79 -0.611569 -0.308606 0.728523
-0.028081 0.023938 0.064395 182 156 91 0.752273 0.048482 -0.657065
-0.026576 0.026973 0.064428 118 101 59 0.678457 -0.634171 -0.370841
-0.027136 0.026054 0.064532 150 132 72 0.715396 -0.387363 -0.581514
-0.026808 0.026538 0.064612 135 118 68 0.710650 -0.466536 -0.526612
-0.027310 0.025696 0.064515 163 143 83 0.726578 -0.396988 -0.560790
-0.026961 0.026040 0.064742 155 136 77 0.704778 -0.396861 -0.588039
-0.026434 0.027010 0.064663 117 103 55 0.676026 -0.601776 -0.425270
-0.027418 0.025341 0.064643 170 151 92 0.713512 -0.410563 -0.567749
-0.027888 0.023593 0.064476 178 151 77 0.683197 0.333849 -0.649451
-0.027884 0.023897 0.064580 185 161 93 0.736411 0.125412 -0.664809
-0.027044 0.025631 0.064966 174 156 93 0.691830 -0.393917 -0.605145
-0.026409 0.026828 0.064909 136 117 67 0.710947 -0.463965 -0.528480
-0.027730 0.027933 0.057597 129 128 92 0.773663 -0.609190 0.174163
-0.027213 0.025622 0.064702 166 148 89 0.713484 -0.402386 -0.573608
-0.027022 0.025838 0.064801 162 144 85 0.703312 -0.396635 -0.589943
-0.027189 0.025171 0.065068 174 154 93 0.677579 -0.332124 -0.656186
-0.026616 0.026433 0.064886 148 130 75 0.698702 -0.408995 -0.586974
-0.026206 0.026981 0.065057 132 115 63 0.659338 -0.528883 -0.534374
-0.027670 0.023759 0.064788 184 161 91 0.688961 0.281583 -0.667865
-0.027582 0.024385 0.064979 191 167 99 0.726249 -0.102614 -0.679730
-0.027721 0.023354 0.064493 160 138 71 -0.577392 -0.534021 0.617608
-0.029247 0.025249 0.057029 94 91 59 0.832759 -0.533487 0.148000
-0.027544 0.023838 0.064974 193 169 98 0.695068 0.217706 -0.685189
-0.026760 0.025761 0.065168 170 149 91 0.669436 -0.397680 -0.627460
-0.026434 0.026485 0.065052 149 130 74 0.701915 -0.366119 -0.610959
-0.030187 0.023721 0.056992 109 105 69 0.856437 -0.497632 0.137398
-0.027151 0.024850 0.065199 184 163 97 -0.681242 0.252059 0.687296
-0.026115 0.026614 0.065380 147 129 73 0.693267 -0.342907 -0.633874
-0.026615 0.026103 0.065058 164 145 83 0.672848 -0.376626 -0.636733
-0.026957 0.025035 0.065314 178 158 97 0.683643 -0.266135 -0.679562
-0.027501 0.023550 0.064880 174 151 84 -0.626804 -0.384586 0.677651
-0.027393 0.024042 0.065115 196 170 99 0.704365 0.110588 -0.701171
-0.027229 0.023564 0.065163 180 157 88 -0.569584 -0.454727 0.684688
-0.026091 0.026781 0.065335 141 123 70 0.653631 -0.444791 -0.612313
-0.027086 0.024557 0.065345 189 168 99 -0.679673 0.167835 0.714056
-0.026417 0.026019 0.065366 166 149 86 0.667675 -0.369487 -0.646289
-0.026908 0.024809 0.065418 188 166 99 -0.674808 0.227929 0.701913
-0.030532 0.023755 0.059456 169 165 113 0.803384 -0.594424 0.035136
-0.027232 0.023898 0.065280 197 172 97 -0.682956 -0.221916 0.695935
-0.032477 0.019936 0.056289 169 157 69 0.788104 -0.614705 0.032089
-0.026796 0.025117 0.065468 180 161 101 -0.675361 0.269088 0.686643
-0.025976 0.026366 0.065639 160 141 82 0.675128 -0.337487 -0.655977
-0.030199 0.024171 0.059831 163 157 112 0.788479 -0.591098 -0.170013
-0.027093 0.024209 0.065411 199 175 104 -0.673772 -0.000219 0.738939
-0.030702 0.023473 0.059204 153 149 98 0.828867 -0.539754 0.147125
-0.030839 0.022660 0.057650 117 117 78 0.873788 -0.472951 0.113188
-0.030853 0.022702 0.057994 101 99 61 0.858226 -0.500543 0.113596
-0.026245 0.026325 0.065305 156 139 79 0.690826 -0.328910 -0.643877
-0.026260 0.026220 0.065351 161 143 84 0.684245 -0.338091 -0.646144
-0.031852 0.020700 0.057124 125 122 64 0.837217 -0.517957 0.175467
-0.031515 0.021560 0.057621 147 143 91 0.830613 -0.471813 0.295761
-0.026538 0.025510 0.065567 177 157 96 -0.639450 0.366211 0.676012
-0.027037 0.023909 0.065500 198 174 99 -0.621234 -0.277289 0.732925
-0.032046 0.020227 0.056318 159 151 79 0.714071 -0.692332 0.103824
-0.026927 0.024380 0.065547 199 175 107 -0.688716 0.093223 0.719013
-0.031665 0.020967 0.057136 124 119 69 0.828591 -0.509784 0.231423
-0.032149 0.020200 0.056820 150 147 77 0.770283 -0.636546 -0.038385
-0.030430 0.023747 0.060120 185 180 125 0.784744 -0.533040 -0.316300
-0.031862 0.020507 0.056631 143 137 71 0.786932 -0.604479 0.123868
-0.032080 0.020386 0.057180 143 141 77 0.863266 -0.503121 0.040503
-0.027064 0.023635 0.065348 186 164 95 -0.555359 -0.485364 0.675276
-0.031838 0.021275 0.058336 192 190 129 0.945225 -0.320920 -0.059670
-0.031412 0.021177 0.056784 118 113 61 0.859162 -0.489056 0.150548
-0.026274 0.025810 0.065593 170 153 94 -0.639832 0.368537 0.674385
-0.032236 0.020070 0.057186 189 180 104 0.889227 -0.439532 -0.126832
-0.031908 0.020362 0.056126 163 157 79 0.760113 -0.628952 0.163237
-0.031458 0.021897 0.058679 148 147 88 0.883586 -0.465249 0.053100
-0.026829 0.024141 0.065709 202 177 103 -0.667880 -0.056415 0.742128
-0.026376 0.025247 0.065826 177 160 98 -0.628140 0.304747 0.715940
-0.032121 0.020224 0.057507 191 185 117 0.927537 -0.362955 -0.089099
-0.030540 0.023317 0.060320 168 165 114 0.785442 -0.428388 -0.446726
-0.030839 0.023136 0.060014 209 206 151 0.836779 -0.423466 -0.347099
-0.026204 0.025580 0.065777 177 158 98 -0.629403 0.349131 0.694233
-0.025967 0.026183 0.065726 168 149 88 0.666098 -0.334086 -0.666858
-0.026654 0.024402 0.065834 202 178 109 -0.675258 0.053108 0.735668
-0.031447 0.022102 0.059367 170 167 110 0.945062 -0.298526 -0.133189
-0.031034 0.022770 0.059970 208 205 149 0.859423 -0.353030 -0.369812
-0.031703 0.021161 0.058785 195 192 131 0.954107 -0.180247 -0.239146
-0.026868 0.023752 0.065611 195 168 98 -0.575586 -0.403774 0.711103
-0.026061 0.025902 0.065733 171 152 95 0.642233 -0.350098 -0.681885
-0.026341 0.024937 0.065959 188 167 101 -0.638255 0.252044 0.727396
-0.026131 0.025281 0.065993 179 157 98 -0.613034 0.308696 0.727252
-0.028936 0.025785 0.059825 107 93 51 0.798798 -0.586089 -0.135726
-0.026679 0.023893 0.065856 200 174 102 -0.604619 -0.229787 0.762649
-0.026366 0.024696 0.065951 196 172 106 -0.654263 0.193349 0.731134
-0.030695 0.022806 0.060428 169 160 108 0.808850 -0.309837 -0.499762
-0.025959 0.025636 0.065974 179 160 98 0.615843 -0.348190 -0.706754
-0.030536 0.023004 0.060560 150 139 92 0.822070 -0.336121 -0.459590
-0.026413 0.023998 0.066069 201 177 104 -0.576010 -0.215661 0.788481
-0.031739 0.020649 0.058928 214 208 151 0.935045 0.004335 -0.354503
-0.026012 0.025107 0.066158 182 162 101 0.582707 -0.262283 -0.769195
-0.026274 0.024542 0.066129 197 173 104 -0.614432 0.084671 0.784413
-0.030239 0.023318 0.060908 133 118 65 0.877415 -0.355105 -0.322556
-0.026373 0.024301 0.066107 201 176 104 -0.621029 -0.024938 0.783390
-0.032036 0.019804 0.057993 182 178 120 0.908537 0.219623 -0.355424
-0.025923 0.025365 0.066122 181 161 99 0.602785 -0.309279 -0.735525
-0.026528 0.023769 0.065913 201 177 108 -0.518952 -0.482682 0.705483
-0.031160 0.021699 0.060198 201 197 140 0.875492 -0.093413 -0.474118
-0.031545 0.021015 0.059424 210 201 141 0.913420 0.039414 -0.405106
-0.030021 0.023599 0.061287 136 118 61 0.882753 -0.370891 -0.288421
-0.027751 0.026672 0.062066 99 86 43 0.726558 -0.653880 -0.211080
-0.026424 0.023416 0.065416 175 149 83 -0.283047 -0.770734 0.570835
-0.029364 0.025148 0.060372 105 93 52 0.795749 -0.592081 -0.127370
-0.029258 0.025048 0.061387 111 96 54 0.825630 -0.520284 -0.218263
-0.026198 0.024121 0.066244 203 178 106 -0.504326 -0.181420 0.844240
-0.030326 0.023008 0.061006 140 122 65 0.881268 -0.283845 -0.377888
-0.025959 0.024859 0.066312 194 171 104 0.575866 -0.184194 -0.796525
-0.029538 0.024830 0.060694 107 96 52 0.831614 -0.532037 -0.159233
-0.029516 0.024729 0.061044 110 97 50 0.846888 -0.488291 -0.210600
-0.029639 0.024700 0.060353 107 99 55 0.816929 -0.551784 -0.167815
-0.026058 0.024559 0.066321 202 180 107 0.555452 -0.033191 -0.830886
-0.030068 0.023362 0.061471 142 123 67 0.897872 -0.305035 -0.317457
-0.031488 0.020364 0.059420 191 185 129 0.791628 0.227208 -0.567187
-0.030940 0.023144 0.059340 177 172 114 0.871057 -0.476188 0.120439
-0.029731 0.023833 0.061800 143 125 69 0.871640 -0.382005 -0.307107
-0.028664 0.025832 0.055999 98 95 61 0.839600 -0.516234 0.169040
-0.026446 0.023630 0.065789 197 172 98 -0.404381 -0.627931 0.664965
-0.031058 0.022913 0.059290 172 163 100 0.884469 -0.449961 0.123486
-0.030379 0.022755 0.061164 150 129 71 0.880848 -0.154933 -0.447329
-0.027518 0.026689 0.062776 108 92 41 0.698560 -0.676171 -0.234109
-0.026102 0.023942 0.066209 205 179 105 -0.444429 -0.385430 0.808657
-0.031107 0.021079 0.060287 200 187 134 0.780747 0.287973 -0.554531
-0.029630 0.024383 0.061283 125 109 55 0.854435 -0.452785 -0.254808
-0.030012 0.023153 0.061790 157 134 71 0.878043 -0.126181 -0.461649
-0.029832 0.024415 0.060425 114 104 59 0.824277 -0.527942 -0.204558
-0.029530 0.023991 0.062221 147 128 73 0.865178 -0.369934 -0.338549
-0.030385 0.022369 0.061244 159 136 74 0.798180 -0.057696 -0.599650
-0.029812 0.024058 0.061275 125 112 58 0.856202 -0.435629 -0.277751
-0.030950 0.022799 0.058863 120 119 75 0.859088 -0.469576 0.203634
-0.028874 0.025476 0.055992 91 91 55 0.836364 -0.523329 0.163164
-0.025964 0.024130 0.066384 208 181 107 0.415793 0.194499 -0.888418
-0.030605 0.022990 0.057111 103 99 66 0.877447 -0.462943 0.125582
-0.030095 0.022826 0.061626 160 135 74 0.841176 0.025166 -0.540176
-0.030640 0.023483 0.060072 200 199 145 0.788377 -0.490262 -0.371626
-0.030558 0.022001 0.061020 172 153 95 0.739871 -0.071537 -0.668935
-0.030951 0.021292 0.060615 204 191 134 0.745633 0.185983 -0.639876
-0.029691 0.023580 0.062198 156 136 73 0.877522 -0.215409 -0.428433
-0.031084 0.022765 0.059114 143 141 91 0.883461 -0.445573 0.144779
-0.031289 0.022176 0.058379 140 137 91 0.817110 -0.564274 0.118011
-0.030306 0.022134 0.061277 162 139 75 0.708969 0.080951 -0.700579
-0.025841 0.023888 0.066310 202 177 103 0.353923 0.468098 -0.809706
-0.031297 0.022191 0.058761 133 127 79 0.856923 -0.502119 0.116441
-0.029017 0.024484 0.062908 152 132 74 0.816769 -0.375828 -0.437768
-0.030150 0.023146 0.061496 147 129 64 0.904187 -0.226024 -0.362436
-0.031151 0.022754 0.059627 209 207 144 0.918673 -0.369700 -0.139145
-0.030274 0.023774 0.057968 105 103 65 0.862086 -0.494867 0.109152
-0.031197 0.022557 0.059737 212 205 149 0.917122 -0.337513 -0.212069
-0.029497 0.023181 0.062576 162 140 81 0.754989 0.202838 -0.623577
-0.029473 0.024446 0.061679 132 117 64 0.861599 -0.436815 -0.258533
-0.024969 0.022879 0.065107 127 106 54 0.161237 0.829697 -0.534420
-0.031076 0.022568 0.060032 209 204 146 0.844814 -0.302794 -0.441140
-0.028496 0.025119 0.063303 153 137 78 0.812719 -0.400341 -0.423338
-0.031602 0.021731 0.059162 178 173 114 0.951972 -0.270073 -0.144256
-0.029637 0.024207 0.061490 130 115 61 0.859475 -0.434870 -0.268683
-0.031811 0.020842 0.057452 151 144 90 0.879710 -0.433998 0.194309
-0.030314 0.022525 0.061305 155 135 72 0.811144 -0.005294 -0.584823
-0.029560 0.022992 0.062405 163 138 78 0.728764 0.275272 -0.627000
-0.030681 0.022395 0.060626 165 151 95 0.828397 -0.229237 -0.511087
-0.030589 0.022335 0.060887 159 144 86 0.836536 -0.175546 -0.519030
-0.028599 0.025274 0.062930 143 126 71 0.804512 -0.488257 -0.338179
-0.031917 0.020825 0.058370 193 188 129 0.975894 -0.140061 -0.167376
-0.029880 0.023480 0.061865 150 129 70 0.884339 -0.279506 -0.373926
-0.029224 0.023129 0.062829 154 129 73 0.702081 0.343621 -0.623704
-0.030899 0.022074 0.060473 203 188 133 0.809234 -0.218343 -0.545405
-0.031570 0.021682 0.057947 165 163 109 0.839929 -0.512385 0.178832
-0.028083 0.025636 0.063536 144 127 75 0.769969 -0.495069 -0.402560
-0.028809 0.023566 0.063634 169 145 78 0.763481 0.109273 -0.636519
-0.031650 0.021071 0.059242 210 204 144 0.946037 -0.022515 -0.323274
-0.031483 0.020918 0.059596 207 196 134 0.860114 0.149998 -0.487550
-0.031702 0.020667 0.059101 218 212 154 0.921365 0.040978 -0.386532
-0.031642 0.021581 0.058917 183 178 119 0.945905 -0.302231 -0.117986
-0.030382 0.021764 0.061143 174 153 86 -0.571859 -0.165621 0.803460
-0.029332 0.023937 0.062744 161 140 79 0.862755 -0.205578 -0.461943
-0.028710 0.023466 0.063703 160 139 78 0.712636 0.330605 -0.618749
-0.031360 0.021733 0.059861 212 205 148 0.902072 -0.133476 -0.410427
-0.031881 0.020573 0.058620 206 200 139 0.959423 -0.045053 -0.278347
-0.031582 0.020840 0.056366 127 126 73 0.847329 -0.525290 0.078127
-0.030472 0.021470 0.061016 182 160 96 -0.467436 -0.314971 0.826013
-0.032358 0.019784 0.057163 218 207 136 0.931615 -0.114752 -0.344855
-0.031974 0.020390 0.058262 193 189 127 0.971261 -0.017764 -0.237352
-0.031770 0.020348 0.058898 218 208 153 0.910797 0.116062 -0.396206
-0.030336 0.021190 0.060937 172 150 92 -0.305598 -0.474623 0.825435
-0.031881 0.020239 0.058549 208 201 142 0.948855 0.061477 -0.309670
-0.031744 0.020029 0.058848 209 204 147 0.893359 0.237641 -0.381361
-0.027919 0.027421 0.059231 157 161 115 0.791001 -0.567795 -0.227873
-0.032274 0.020022 0.056036 150 145 62 0.688762 -0.703777 0.174082
-0.032210 0.019964 0.057491 199 193 129 0.938451 -0.179744 -0.294962
-0.028051 0.024129 0.064405 183 158 94 0.756193 -0.036335 -0.653339
-0.031013 0.020265 0.059799 188 169 108 -0.506714 -0.441079 0.740736
-0.027683 0.023596 0.064632 177 152 84 -0.653889 -0.375387 0.656898
-0.028360 0.023418 0.064036 167 142 79 -0.603776 -0.409010 0.684226
-0.032518 0.019145 0.056733 166 157 78 0.848388 0.262962 -0.459444
-0.031143 0.022265 0.060104 206 199 146 0.848682 -0.246893 -0.467743
-0.028707 0.026071 0.059931 111 96 53 0.787025 -0.594471 -0.164914
-0.032476 0.018992 0.056619 153 148 70 0.849851 0.377905 -0.367343
-0.028701 0.025954 0.060424 96 83 42 0.776674 -0.610508 -0.155104
-0.031458 0.022038 0.059482 189 184 125 0.938170 -0.280870 -0.202357
-0.028881 0.025799 0.060164 101 86 48 0.775405 -0.615175 -0.142500
-0.029167 0.025512 0.059593 115 107 74 0.804279 -0.583620 -0.111909
-0.031563 0.021710 0.059451 196 189 133 0.951224 -0.183485 -0.248003
-0.031762 0.021458 0.058035 180 171 110 0.889860 -0.434398 0.139455
-0.031723 0.021542 0.058420 179 184 125 0.913730 -0.402281 -0.057164
-0.029345 0.025281 0.059383 106 99 60 0.804205 -0.586964 -0.093424
-0.029463 0.025078 0.060013 103 93 53 0.795385 -0.597289 -0.102999
-0.029840 0.024607 0.059887 119 115 77 0.788162 -0.599080 -0.141078
-0.030768 0.023201 0.060102 195 193 142 0.804608 -0.412080 -0.427546
-0.032543 0.019321 0.056785 187 176 98 0.889126 0.187555 -0.417466
-0.032150 0.019157 0.057244 154 146 79 0.773864 0.391583 -0.497792
-0.032125 0.018723 0.056742 141 131 57 0.737355 0.504179 -0.449567
-0.030893 0.020970 0.060490 202 187 131 -0.598777 -0.445075 0.665863
-0.031928 0.018609 0.056925 140 129 69 0.723100 0.512123 -0.463526
-0.031700 0.018829 0.057548 149 135 69 0.718155 0.497690 -0.486372
-0.031564 0.021454 0.059509 205 200 142 0.938138 -0.067946 -0.339529
-0.031253 0.018831 0.058186 156 137 78 0.676627 0.536924 -0.503873
-0.031112 0.019570 0.059326 201 181 119 -0.407542 -0.590582 0.696507
-0.031180 0.018487 0.057941 156 135 80 0.677162 0.514735 -0.525833
-0.031691 0.018508 0.057266 151 136 73 0.726191 0.507491 -0.463788
-0.031255 0.017836 0.057143 165 145 86 0.716883 0.487058 -0.498852
-0.031862 0.021293 0.058166 186 182 126 0.929376 -0.368464 0.022242
-0.031788 0.021272 0.058552 194 191 130 0.945779 -0.287222 -0.151673
-0.031834 0.021157 0.057858 166 161 104 0.922981 -0.342593 0.175314
-0.031947 0.020684 0.058343 192 186 127 0.978406 -0.117016 -0.170378
-0.031537 0.018108 0.057095 161 146 80 0.725078 0.504002 -0.469302
-0.030520 0.023719 0.059188 146 143 93 0.809430 -0.578303 0.101924
-0.030836 0.017609 0.057582 169 146 86 0.638583 0.511320 -0.575120
-0.030701 0.017196 0.057396 169 147 91 0.555692 0.588753 -0.587006
-0.030337 0.017145 0.057662 171 146 81 -0.380252 -0.610197 0.695031
-0.030749 0.020323 0.059969 197 177 117 -0.412307 -0.552431 0.724447
-0.030078 0.016960 0.057564 153 128 70 0.322217 0.626176 -0.709986
-0.031473 0.019416 0.058665 175 165 114 0.692579 0.576077 -0.434130
-0.031005 0.019258 0.059027 194 176 115 -0.460244 -0.642622 0.612546
-0.030696 0.020117 0.059821 195 174 111 -0.349654 -0.570198 0.743381
-0.030874 0.018790 0.058667 182 159 101 -0.523981 -0.604653 0.599866
-0.031314 0.019196 0.058493 163 148 100 0.652623 0.598041 -0.465221
-0.030021 0.020997 0.060873 169 142 73 -0.217259 -0.563644 0.796934
-0.031072 0.017579 0.057089 162 144 83 0.685817 0.504660 -0.524379
-0.030308 0.020165 0.060043 178 155 89 -0.314147 -0.617158 0.721407
-0.030877 0.018924 0.058772 186 165 104 -0.504451 -0.600745 0.620190
-0.029352 0.022003 0.061842 162 136 70 -0.381357 -0.541626 0.749138
-0.030983 0.018767 0.058468 170 150 95 0.621388 0.568426 -0.539230
-0.028992 0.022620 0.062473 150 125 62 -0.406554 -0.612900 0.677545
-0.029566 0.021178 0.061066 174 148 78 -0.251383 -0.581528 0.773713
-0.029815 0.020857 0.060799 182 151 83 -0.224090 -0.590463 0.775330
-0.029241 0.021803 0.061728 163 138 72 -0.343870 -0.566273 0.749058
-0.030125 0.019775 0.059810 175 148 80 -0.269086 -0.627035 0.731040
-0.029593 0.020805 0.060785 188 161 87 -0.240519 -0.587064 0.772986
-0.030319 0.019361 0.059362 184 158 89 -0.247409 -0.604985 0.756824
-0.030469 0.018470 0.058639 178 153 90 -0.364880 -0.622343 0.692497
-0.029026 0.021325 0.061432 176 150 83 -0.313066 -0.591060 0.743396
-0.029104 0.020814 0.061010 188 160 86 -0.296526 -0.587367 0.753042
-0.030213 0.020211 0.060146 173 147 83 -0.285563 -0.621853 0.729214
-0.030310 0.020625 0.060479 179 153 88 -0.270475 -0.634888 0.723712
-0.030346 0.017495 0.057931 173 148 82 -0.416106 -0.565090 0.712411
-0.030185 0.017879 0.058291 160 138 82 -0.298125 -0.567439 0.767551
-0.027633 0.023117 0.064327 133 112 62 -0.455809 -0.693022 0.558532
-0.030589 0.017218 0.057552 174 150 91 0.494476 0.592404 -0.636043
-0.031925 0.018844 0.057253 146 133 68 0.720325 0.505679 -0.474784
-0.030049 0.017196 0.057794 149 127 70 -0.310769 -0.625258 0.715874
-0.027797 0.022690 0.063517 111 96 56 -0.349928 -0.803328 0.481886
-0.029937 0.017387 0.057994 143 124 70 -0.223090 -0.598296 0.769592
-0.031830 0.018398 0.056777 136 131 62 0.717042 0.525578 -0.457842
-0.029826 0.016718 0.057441 144 120 65 0.268040 0.622434 -0.735344
-0.031029 0.019038 0.058691 181 162 103 -0.573661 -0.634258 0.518295
-0.028539 0.020137 0.060633 180 152 86 -0.243089 -0.659815 0.711022
-0.029345 0.019209 0.059519 168 143 80 -0.186292 -0.642307 0.743463
-0.029712 0.017019 0.057690 139 120 66 0.190585 0.630822 -0.752157
-0.028190 0.020047 0.060703 179 152 85 -0.279368 -0.658539 0.698770
-0.028117 0.020358 0.061047 175 148 83 -0.295640 -0.651434 0.698734
-0.028202 0.019900 0.060526 177 149 83 -0.273813 -0.633289 0.723859
-0.030754 0.018506 0.058497 186 162 98 -0.508540 -0.591607 0.625610
-0.027571 0.020775 0.061569 147 122 67 -0.263258 -0.597834 0.757159
-0.027410 0.020446 0.061423 154 128 71 -0.317801 -0.564690 0.761661
-0.027260 0.020133 0.061257 161 134 73 -0.377615 -0.562687 0.735384
-0.030222 0.018201 0.058531 167 145 88 -0.280500 -0.617771 0.734628
-0.027108 0.020375 0.061481 155 129 73 -0.325900 -0.533897 0.780220
-0.027072 0.019802 0.061096 164 136 75 -0.406647 -0.551224 0.728553
-0.026743 0.020351 0.061584 151 126 72 -0.295099 -0.511023 0.807324
-0.027131 0.019474 0.060824 162 137 81 -0.458720 -0.551812 0.696477
-0.027270 0.018648 0.060066 148 125 76 -0.397853 -0.528717 0.749781
-0.026839 0.019115 0.060696 167 139 82 -0.448085 -0.561692 0.695501
-0.026717 0.019318 0.060941 164 136 79 -0.406705 -0.535750 0.739975
-0.026363 0.019933 0.061451 156 130 72 -0.316277 -0.492533 0.810790
-0.026408 0.019679 0.061287 164 136 75 -0.340034 -0.500619 0.796089
-0.026185 0.020197 0.061675 144 118 68 -0.313995 -0.494743 0.810331
-0.026434 0.019149 0.060950 168 139 75 -0.407296 -0.504055 0.761603
-0.026667 0.018377 0.060185 172 146 86 0.455256 0.527708 -0.717124
-0.025940 0.019863 0.061571 147 124 73 -0.365993 -0.450480 0.814320
-0.026143 0.019445 0.061241 159 133 77 -0.375283 -0.476483 0.795064
-0.029216 0.017332 0.058082 128 110 66 -0.156314 -0.594910 0.788447
-0.026300 0.018914 0.060852 165 137 75 -0.431348 -0.505336 0.747379
-0.029082 0.017031 0.057861 134 116 73 0.180678 0.603089 -0.776942
-0.026259 0.018592 0.060666 168 142 82 -0.454852 -0.532835 0.713580
-0.025773 0.019572 0.061491 145 123 72 -0.408168 -0.434526 0.802861
-0.026086 0.019079 0.061061 160 134 76 -0.414570 -0.481271 0.772341
-0.025515 0.020125 0.061894 143 121 68 -0.395798 -0.431194 0.810812
-0.026224 0.018325 0.060479 167 141 84 0.460882 0.535551 -0.707653
-0.025818 0.019300 0.061290 143 121 70 -0.422894 -0.443357 0.790313
-0.025867 0.018704 0.060987 146 123 68 0.437548 0.482563 -0.758739
-0.025983 0.018465 0.060780 155 131 74 0.460114 0.493842 -0.737845
-0.025644 0.019029 0.061279 135 115 69 0.460265 0.429282 -0.777093
-0.025188 0.019944 0.061969 128 109 59 -0.499369 -0.371658 0.782624
-0.025042 0.020434 0.062317 129 107 54 -0.459545 -0.450076 0.765670
-0.032307 0.019934 0.055837 146 137 60 -0.735184 0.649384 -0.194436
-0.026368 0.023287 0.065271 165 140 74 -0.224205 -0.803277 0.551796
-0.025599 0.018641 0.061129 144 121 74 0.473141 0.457991 -0.752584
-0.024687 0.020223 0.062476 126 106 57 -0.542978 -0.342108 0.766901
-0.032093 0.019862 0.055568 143 137 64 0.735522 -0.638678 0.226048
-0.031927 0.020980 0.057910 180 173 110 0.962562 -0.261182 0.072523
-0.031962 0.020793 0.057897 187 182 121 0.969153 -0.237756 0.064912
-0.024269 0.020470 0.062828 130 109 61 -0.495295 -0.367328 0.787244
-0.032002 0.019404 0.057659 157 148 92 0.822113 0.311010 -0.476867
-0.031928 0.021009 0.058246 189 183 125 0.971807 -0.231062 -0.046923
-0.023847 0.020442 0.063068 132 111 63 -0.534113 -0.349071 0.769982
-0.031759 0.019412 0.058044 157 148 95 0.776423 0.440050 -0.451135
-0.031192 0.021685 0.056010 154 153 104 0.899438 -0.435090 0.041327
-0.031557 0.018916 0.057837 153 136 77 0.702156 0.509003 -0.497889
-0.023558 0.020580 0.063343 131 112 61 -0.554348 -0.350964 0.754667
-0.031204 0.018053 0.057369 160 140 84 0.706792 0.493447 -0.506907
-0.030949 0.022171 0.056209 134 141 102 0.885178 -0.458494 0.079015
-0.031122 0.022082 0.057301 114 113 72 0.859150 -0.472829 0.195690
-0.030908 0.022328 0.056823 97 95 57 0.886092 -0.449620 0.112618
-0.030751 0.022658 0.056946 100 98 67 0.880334 -0.459203 0.118927
-0.031000 0.022667 0.058802 115 117 71 0.852978 -0.485085 0.192667
-0.030850 0.017405 0.057374 165 144 90 0.623984 0.537883 -0.566856
-0.030558 0.022871 0.056250 103 102 62 0.867960 -0.480539 0.125407
-0.030748 0.022830 0.057606 112 114 79 0.879231 -0.464521 0.105698
-0.030055 0.020121 0.060128 176 149 79 -0.288286 -0.620638 0.729177
-0.030537 0.023298 0.057581 101 103 68 0.879729 -0.463347 0.106704
-0.030483 0.023388 0.057578 105 103 71 0.874826 -0.472192 0.108236
-0.030337 0.016907 0.057421 166 143 87 0.428059 0.630881 -0.647113
-0.030519 0.018264 0.058481 182 157 91 -0.368868 -0.619183 0.693216
-0.030457 0.023619 0.058472 108 109 71 0.859816 -0.492562 0.134535
-0.031225 0.021260 0.060170 199 193 137 0.869093 0.098275 -0.484788
-0.030789 0.023469 0.059692 214 203 141 0.823794 -0.551249 -0.132243
-0.030152 0.024167 0.058565 123 119 84 0.843748 -0.528735 0.092347
-0.031116 0.018999 0.058481 167 150 99 0.633760 0.593792 -0.495741
-0.030164 0.024280 0.059629 132 129 89 0.804745 -0.589957 -0.065844
-0.030000 0.017628 0.058194 150 127 74 -0.253550 -0.586416 0.769304
-0.029539 0.019543 0.059780 187 159 88 -0.205648 -0.658279 0.724139
-0.030009 0.024478 0.059628 118 112 73 0.793043 -0.599147 -0.110028
-0.029707 0.018359 0.058772 157 133 74 -0.174903 -0.643541 0.745161
-0.031185 0.022663 0.059710 215 206 145 0.919182 -0.338127 -0.201926
-0.031829 0.019162 0.057680 149 136 79 0.728376 0.490083 -0.478839
-0.028352 0.022462 0.062611 131 113 63 -0.399222 -0.709903 0.580224
-0.029153 0.018960 0.059387 158 134 77 -0.207031 -0.597612 0.774595
-0.031564 0.019108 0.058015 151 136 83 0.706392 0.524587 -0.475204
-0.028751 0.019380 0.059833 179 153 87 -0.284258 -0.644769 0.709556
-0.028379 0.020914 0.061375 173 146 79 -0.288821 -0.606143 0.741062
-0.029265 0.017628 0.058269 128 110 62 -0.179698 -0.604406 0.776145
-0.028609 0.019763 0.060218 178 153 89 -0.252260 -0.633319 0.731623
-0.029864 0.020542 0.060505 186 158 82 -0.226579 -0.601981 0.765690
-0.028302 0.019265 0.060054 161 138 83 -0.358519 -0.565519 0.742733
-0.028560 0.018223 0.059084 133 119 80 -0.389066 -0.579600 0.716024
-0.030693 0.018760 0.058769 185 162 98 -0.470063 -0.597497 0.649645
-0.027557 0.021719 0.062352 136 114 62 -0.361036 -0.675100 0.643344
-0.027171 0.023052 0.064614 137 115 61 -0.391384 -0.739413 0.547801
-0.027439 0.021950 0.062718 124 103 55 -0.371098 -0.704672 0.604751
-0.026883 0.023120 0.064847 146 124 64 -0.307450 -0.772046 0.556255
-0.030264 0.017382 0.057893 166 141 76 -0.385480 -0.602170 0.699140
-0.030299 0.016991 0.057528 166 143 84 0.398938 0.630711 -0.665621
-0.030168 0.018802 0.059027 167 145 84 -0.257821 -0.594849 0.761370
-0.029091 0.023097 0.062977 148 126 69 0.598995 0.534465 -0.596282
-0.028920 0.021677 0.061749 160 134 74 -0.307206 -0.581308 0.753462
-0.029401 0.018537 0.058996 154 131 77 -0.185773 -0.619430 0.762754
-0.026266 0.021814 0.063127 126 103 45 -0.321044 -0.728697 0.604922
-0.029229 0.019348 0.059667 179 151 83 -0.201879 -0.663366 0.720549
-0.028429 0.022994 0.063321 136 114 63 -0.519638 -0.704481 0.483407
-0.026254 0.020433 0.061796 146 122 66 -0.294060 -0.528269 0.796531
-0.028137 0.022991 0.063773 120 104 60 -0.473964 -0.707524 0.524183
-0.028383 0.020246 0.060840 180 153 85 -0.262763 -0.660608 0.703244
-0.028792 0.018122 0.058800 130 114 70 -0.360774 -0.627283 0.690187
-0.028642 0.018881 0.059464 159 138 83 -0.359565 -0.577518 0.732930
-0.028061 0.021968 0.062305 141 119 66 -0.361988 -0.650602 0.667594
-0.027950 0.022235 0.062692 127 107 60 -0.418656 -0.711712 0.564086
-0.025569 0.020765 0.062257 150 122 61 -0.335142 -0.594943 0.730563
-0.028367 0.018658 0.059481 140 127 84 -0.410977 -0.559101 0.720072
-0.027930 0.020708 0.061391 162 136 71 -0.285627 -0.609059 0.739908
-0.027779 0.021819 0.062276 137 117 63 -0.374486 -0.664739 0.646438
-0.027927 0.020447 0.061159 169 142 79 -0.299667 -0.640913 0.706704
-0.027611 0.022983 0.064126 127 106 58 -0.418001 -0.719816 0.554202
-0.027467 0.022598 0.063500 114 98 53 -0.300507 -0.817179 0.491848
-0.027752 0.021949 0.062477 135 113 61 -0.389957 -0.684164 0.616323
-0.025064 0.021460 0.063281 141 117 60 -0.269437 -0.738678 0.617866
-0.027599 0.021606 0.062156 137 116 62 -0.338359 -0.662123 0.668660
-0.027232 0.022349 0.063238 113 96 51 -0.310854 -0.772319 0.553980
-0.027112 0.022568 0.063692 116 97 53 -0.306428 -0.826589 0.472072
-0.027371 0.023680 0.065089 188 166 94 -0.643142 -0.349423 0.681375
-0.024737 0.021177 0.063097 137 115 59 -0.339679 -0.672191 0.657858
-0.027396 0.019916 0.060991 163 136 76 -0.416708 -0.594533 0.687666
-0.026744 0.022700 0.064193 134 112 58 -0.263233 -0.833579 0.485648
-0.025987 0.019453 0.061319 153 128 74 -0.400458 -0.452045 0.797050
-0.026619 0.022964 0.064737 140 118 60 -0.227725 -0.814693 0.533307
-0.026779 0.022372 0.063569 114 96 50 -0.317824 -0.792962 0.519807
-0.030493 0.019187 0.059225 193 169 102 -0.290957 -0.613517 0.734126
-0.026888 0.022940 0.064566 134 114 55 -0.263339 -0.820375 0.507579
-0.026499 0.022711 0.064341 133 113 59 -0.235489 -0.832770 0.501039
-0.026772 0.023473 0.065369 182 157 84 -0.414783 -0.659814 0.626578
-0.026648 0.022152 0.063332 111 93 42 -0.316114 -0.752655 0.577565
-0.026456 0.022499 0.063994 141 115 56 -0.272099 -0.823365 0.498028
-0.027574 0.020248 0.061109 167 138 76 -0.353935 -0.621251 0.699126
-0.026548 0.021931 0.063114 120 97 46 -0.313196 -0.720608 0.618573
-0.026792 0.019809 0.061174 167 139 77 -0.367453 -0.521548 0.770043
-0.026534 0.021484 0.062659 131 109 54 -0.285262 -0.713808 0.639613
-0.026284 0.022796 0.064576 133 112 56 -0.207878 -0.822744 0.529037
-0.027010 0.018913 0.060386 165 138 83 -0.440740 -0.554196 0.706127
-0.026358 0.022052 0.063364 116 96 42 -0.322268 -0.751926 0.575109
-0.026344 0.022369 0.063841 137 113 57 -0.295172 -0.801429 0.520178
-0.025947 0.022924 0.064860 142 120 62 -0.181516 -0.817594 0.546436
-0.026079 0.022595 0.064358 135 114 59 -0.219028 -0.817628 0.532457
-0.025481 0.020387 0.062083 137 114 60 -0.380326 -0.474548 0.793824
-0.025297 0.019392 0.061707 142 120 69 -0.503480 -0.356689 0.786944
-0.026662 0.018737 0.060472 168 142 82 -0.467943 -0.533891 0.704265
-0.025373 0.019783 0.061822 141 123 78 -0.472428 -0.377363 0.796498
-0.025110 0.020143 0.062121 128 107 55 -0.474705 -0.410544 0.778530
-0.026110 0.023351 0.065473 169 145 83 -0.223134 -0.803905 0.551314
-0.025612 0.022536 0.064443 122 105 57 -0.190191 -0.799116 0.570299
-0.025654 0.022097 0.063814 120 99 44 -0.252224 -0.761622 0.596921
-0.025559 0.022340 0.064182 119 100 48 -0.210692 -0.772301 0.599300
-0.025004 0.020642 0.062504 133 110 57 -0.443890 -0.476951 0.758604
-0.025490 0.021592 0.063303 137 116 61 -0.274821 -0.739796 0.614146
-0.024783 0.020294 0.062444 126 106 56 -0.509879 -0.378209 0.772646
-0.029304 0.016955 0.057733 142 124 74 0.149682 0.620811 -0.769538
-0.025526 0.020957 0.062449 155 129 63 -0.334060 -0.640769 0.691244
-0.025200 0.022184 0.064076 115 96 44 -0.208170 -0.751996 0.625434
-0.025562 0.023221 0.065464 153 129 65 -0.187799 -0.829885 0.525378
-0.025155 0.022466 0.064471 115 96 50 -0.164227 -0.790491 0.590045
-0.025246 0.021938 0.063779 120 100 46 -0.231436 -0.730839 0.642115
-0.025458 0.023463 0.065915 169 146 79 0.186997 0.779095 -0.598367
-0.024548 0.020265 0.062589 132 111 61 -0.527958 -0.330102 0.782491
-0.024404 0.019702 0.062522 155 130 71 -0.580702 -0.261095 0.771113
-0.025162 0.022979 0.065204 133 112 54 0.165711 0.832207 -0.529123
-0.024893 0.022218 0.064166 113 93 44 -0.176658 -0.754643 0.631906
-0.025010 0.022675 0.064781 121 104 53 -0.153852 -0.812116 0.562848
-0.024275 0.020169 0.062750 136 115 63 -0.536105 -0.275822 0.797818
-0.024566 0.021520 0.063591 127 106 55 -0.283383 -0.681626 0.674596
-0.024301 0.020658 0.062900 125 107 60 -0.490384 -0.413904 0.766946
-0.024880 0.021682 0.063630 128 108 55 -0.248030 -0.707481 0.661779
-0.025121 0.023273 0.065678 150 129 69 0.169010 0.825840 -0.537982
-0.024806 0.021959 0.063923 115 95 46 -0.216733 -0.713120 0.666698
-0.024752 0.022707 0.064884 121 103 54 0.151339 0.811488 -0.564432
-0.024580 0.022175 0.064210 111 93 45 -0.171040 -0.732863 0.658526
-0.028344 0.018895 0.059688 156 136 87 -0.395193 -0.563340 0.725582
-0.023838 0.020320 0.063046 137 114 66 -0.554750 -0.264918 0.788714
-0.024730 0.021494 0.063468 131 109 58 -0.282403 -0.705771 0.649720
-0.024530 0.021718 0.063796 120 100 51 -0.269530 -0.663844 0.697613
-0.024484 0.021312 0.063395 128 107 58 -0.321802 -0.674740 0.664206
-0.024257 0.021994 0.064113 112 94 49 -0.221639 -0.665965 0.712297
-0.028139 0.018314 0.059337 126 112 72 -0.402974 -0.546910 0.733826
-0.023761 0.020524 0.063185 129 109 59 -0.544580 -0.333034 0.769754
-0.024289 0.021444 0.063648 121 103 53 -0.300354 -0.647387 0.700484
-0.024008 0.021908 0.064083 112 96 54 -0.237790 -0.637664 0.732694
-0.024237 0.020975 0.063178 122 103 56 -0.416994 -0.578934 0.700679
-0.023888 0.021560 0.063879 117 99 53 -0.299853 -0.592167 0.747948
-0.023724 0.021784 0.064054 116 98 54 0.271208 0.600381 -0.752323
-0.023915 0.020857 0.063276 118 100 52 -0.477154 -0.510884 0.715068
-0.023899 0.021257 0.063658 117 100 54 -0.347221 -0.566526 0.747319
-0.023623 0.021003 0.063560 116 98 53 -0.437223 -0.506763 0.742985
-0.023477 0.021583 0.063990 117 99 50 0.338042 0.544093 -0.767913
-0.023308 0.021152 0.063838 120 100 51 0.424346 0.486848 -0.763485
-0.026833 0.018437 0.060137 165 140 83 -0.449431 -0.523196 0.724070
-0.023123 0.020863 0.063869 122 104 56 0.549960 0.396937 -0.734837
-0.023019 0.020251 0.063747 134 114 68 -0.585691 -0.329706 0.740445
-0.026383 0.020248 0.061636 146 121 69 -0.302233 -0.500261 0.811415
-0.031721 0.021042 0.058964 206 201 143 0.956761 -0.085252 -0.278102
-0.030188 0.020016 0.059970 176 150 81 -0.292013 -0.622254 0.726311
-0.030045 0.023849 0.060855 124 112 58 0.850258 -0.443840 -0.282961
-0.028715 0.020893 0.061201 180 152 82 -0.311348 -0.593478 0.742190
-0.028369 0.022333 0.062447 138 118 65 -0.368045 -0.664661 0.650206
-0.027838 0.018171 0.059377 130 118 82 -0.404362 -0.551129 0.729896
-0.027369 0.022845 0.064016 126 106 55 -0.336810 -0.810959 0.478440
-0.027023 0.022744 0.064108 129 111 54 -0.301987 -0.837980 0.454525
-0.027127 0.021512 0.062366 134 111 59 -0.345137 -0.687105 0.639349
-0.030307 0.020372 0.060230 177 153 85 -0.326108 -0.626427 0.707985
-0.026464 0.022309 0.063676 128 106 53 -0.306296 -0.799688 0.516412
-0.026303 0.021085 0.062317 142 117 61 -0.255872 -0.687361 0.679753
-0.026108 0.018705 0.060842 159 134 75 -0.450002 -0.500220 0.739782
-0.029462 0.018224 0.058656 148 128 77 -0.183929 -0.635398 0.749960
-0.025471 0.021247 0.062858 148 122 62 -0.304402 -0.733377 0.607863
-0.029062 0.017835 0.058386 127 109 65 -0.220703 -0.628492 0.745847
-0.029344 0.020856 0.060897 189 160 88 -0.265579 -0.589946 0.762517
-0.025352 0.021397 0.063114 141 118 62 -0.279972 -0.747500 0.602378
-0.025325 0.021740 0.063544 128 106 49 -0.260298 -0.731756 0.629903
-0.028754 0.017681 0.058344 121 107 66 -0.309005 -0.604015 0.734630
-0.025083 0.021107 0.062860 148 122 60 -0.331749 -0.687312 0.646177
-0.028683 0.018489 0.059177 137 122 81 -0.351303 -0.556649 0.752813
-0.028534 0.017659 0.058502 120 107 69 -0.392821 -0.618627 0.680435
-0.024922 0.021313 0.063181 140 116 61 -0.296190 -0.722689 0.624493
-0.024639 0.020558 0.062659 130 109 55 -0.477842 -0.434059 0.763714
-0.027721 0.020073 0.060863 172 143 81 -0.359058 -0.631181 0.687523
-0.030844 0.019069 0.058882 190 168 105 -0.449579 -0.616631 0.646255
-0.028939 0.020615 0.060872 187 159 86 -0.291159 -0.610027 0.736948
-0.029663 0.017207 0.057789 140 120 64 -0.177386 -0.616825 0.766852
-0.030403 0.018992 0.059102 181 158 96 -0.317892 -0.582737 0.747905
-0.029870 0.019006 0.059258 170 145 80 -0.199262 -0.601563 0.773574
-0.029562 0.019375 0.059542 180 151 83 -0.196155 -0.644987 0.738590
-0.028976 0.017544 0.058202 121 106 63 -0.255015 -0.596580 0.760960
-0.028066 0.020230 0.060907 177 150 84 -0.293041 -0.660983 0.690817
-0.028508 0.018089 0.058924 125 112 70 -0.411228 -0.608161 0.678993
-0.028162 0.017780 0.058895 122 109 70 -0.423009 -0.602512 0.676788
-0.029719 0.016901 0.057574 139 120 68 0.204316 0.633796 -0.746028
-0.024345 0.019408 0.062461 164 136 73 0.594436 0.266637 -0.758650
-0.029986 0.018328 0.058681 157 134 76 -0.198418 -0.624658 0.755270
-0.028945 0.019501 0.059838 189 162 93 -0.249871 -0.651075 0.716705
-0.028601 0.019627 0.060100 181 157 93 -0.269887 -0.613039 0.742525
-0.028941 0.019944 0.060331 190 164 93 -0.225925 -0.649071 0.726405
-0.025637 0.027422 0.065111 127 109 57 0.593577 -0.653669 -0.469451
-0.025975 0.027708 0.063846 108 93 50 0.601366 -0.744342 -0.290368
-0.027606 0.022872 0.063964 123 104 56 -0.344364 -0.806641 0.480357
-0.026392 0.021270 0.062498 137 113 61 -0.271042 -0.716202 0.643111
-0.027028 0.022856 0.064362 128 109 56 -0.306693 -0.817510 0.487460
-0.026264 0.019100 0.060950 168 139 76 -0.410021 -0.485893 0.771875
-0.027837 0.022044 0.062541 132 110 61 -0.396411 -0.697789 0.596614
-0.026385 0.018588 0.060526 171 145 84 -0.462978 -0.537610 0.704717
-0.029500 0.019741 0.059980 187 158 90 -0.221290 -0.662790 0.715360
-0.028800 0.019164 0.059618 168 143 82 -0.305279 -0.617699 0.724743
-0.026771 0.022111 0.063218 112 93 43 -0.321669 -0.738005 0.593192
-0.027912 0.019387 0.060226 161 137 83 -0.343469 -0.539878 0.768479
-0.027555 0.019744 0.060641 170 143 85 -0.424077 -0.572914 0.701376
-0.025546 0.021909 0.063663 122 101 49 -0.259470 -0.745581 0.613827
-0.028628 0.017168 0.057991 121 108 66 0.280949 0.586164 -0.759921
-0.027694 0.026586 0.062567 104 89 44 0.708890 -0.667204 -0.228722
-0.025702 0.028365 0.062945 118 106 70 0.627974 -0.665388 -0.403618
-0.027540 0.026212 0.063852 127 111 62 0.748368 -0.510799 -0.423120
-0.027767 0.025957 0.063724 135 119 67 0.744430 -0.503665 -0.438343
-0.027208 0.026296 0.064317 137 118 66 0.719822 -0.454925 -0.524308
-0.026645 0.026795 0.064587 121 107 61 0.694696 -0.553188 -0.459761
-0.027466 0.026100 0.064088 134 117 68 0.745774 -0.427673 -0.510801
-0.027964 0.025733 0.063632 141 124 72 0.759025 -0.505586 -0.410200
-0.027693 0.025782 0.063991 145 125 70 0.729133 -0.431934 -0.530847
-0.027240 0.026070 0.064407 146 127 70 0.729316 -0.384691 -0.565784
-0.028832 0.025011 0.062730 138 122 68 0.812776 -0.460920 -0.356296
-0.026519 0.026640 0.064904 146 127 72 0.705822 -0.412282 -0.576054
-0.027412 0.025830 0.064307 153 135 80 0.730519 -0.388132 -0.561869
-0.025965 0.026966 0.065358 133 115 64 0.636359 -0.499739 -0.587629
-0.027984 0.025487 0.063914 153 135 78 0.734030 -0.442770 -0.514932
-0.026663 0.026248 0.064943 152 133 79 0.684513 -0.379112 -0.622668
-0.029382 0.024275 0.062327 140 122 67 0.858063 -0.395546 -0.327522
-0.028894 0.024610 0.063041 153 134 74 0.802847 -0.386408 -0.454009
-0.027163 0.025831 0.064619 161 142 85 0.714304 -0.400796 -0.573701
-0.028177 0.025166 0.063865 162 144 85 0.775550 -0.369487 -0.511861
-0.026388 0.026289 0.065225 158 139 79 0.683693 -0.343634 -0.643800
-0.027436 0.025483 0.064507 163 145 86 0.712326 -0.423486 -0.559688
-0.026576 0.026017 0.065221 165 149 89 0.666835 -0.379170 -0.641530
-0.027672 0.025220 0.064464 167 149 92 0.710993 -0.408559 -0.572336
-0.027257 0.025457 0.064818 172 153 97 0.695695 -0.395908 -0.599387
-0.026201 0.026395 0.065350 153 136 76 0.692372 -0.329999 -0.641655
-0.028613 0.024435 0.063591 168 148 84 0.788407 -0.295497 -0.539533
-0.028875 0.024205 0.063340 162 145 79 0.798472 -0.273772 -0.536183
-0.028237 0.024787 0.063965 174 152 88 0.792705 -0.268643 -0.547220
-0.027490 0.025188 0.064743 170 152 94 0.703345 -0.389149 -0.594869
-0.029136 0.023991 0.063066 163 143 82 0.829915 -0.221627 -0.511978
-0.028401 0.024596 0.063820 171 152 89 0.802638 -0.266096 -0.533821
-0.027730 0.024943 0.064602 175 157 93 0.735819 -0.307497 -0.603338
-0.029621 0.023458 0.062463 165 143 80 0.846100 -0.062526 -0.529344
-0.026962 0.026739 0.064110 112 99 55 0.702705 -0.615048 -0.357660
-0.027803 0.024703 0.064581 184 162 93 0.756704 -0.223731 -0.614283
-0.027986 0.024410 0.064410 185 162 94 0.782749 -0.143702 -0.605519
-0.026629 0.025232 0.065638 178 159 98 -0.656727 0.298978 0.692331
-0.028388 0.024026 0.064026 182 158 89 0.750900 -0.095757 -0.653437
-0.027779 0.024405 0.064689 184 161 94 0.761140 -0.113626 -0.638557
-0.027497 0.024565 0.065000 188 165 99 0.697699 -0.162840 -0.697638
-0.026583 0.024947 0.065772 191 171 105 -0.658183 0.246867 0.711232
-0.026525 0.024597 0.065904 201 176 107 -0.660507 0.181297 0.728603
-0.028164 0.023182 0.063988 133 115 68 -0.504384 -0.620798 0.600172
-0.027446 0.023306 0.064714 150 131 70 -0.569005 -0.569218 0.593485
-0.032235 0.019069 0.057022 155 145 77 0.779677 0.393799 -0.486853
-0.030842 0.023196 0.059085 131 130 74 0.854852 -0.480562 0.195672
-0.031708 0.018329 0.056991 146 136 79 0.720773 0.523607 -0.454227
-0.031390 0.018064 0.057264 162 146 83 0.717581 0.503972 -0.480718
-0.031476 0.018590 0.057658 155 137 75 0.700512 0.510119 -0.499060
-0.031323 0.020043 0.059458 191 175 117 -0.642497 -0.388152 0.660708
-0.026141 0.026125 0.065541 167 149 90 0.671346 -0.345980 -0.655433
-0.030982 0.020551 0.060010 190 173 118 -0.560643 -0.495577 0.663387
-0.031191 0.019431 0.059128 206 191 132 -0.537819 -0.603286 0.588895
-0.031293 0.018262 0.057583 157 136 77 0.692503 0.509102 -0.511131
-0.031128 0.018214 0.057750 161 139 81 0.672506 0.517136 -0.529439
-0.031066 0.017950 0.057535 162 141 81 0.690134 0.488427 -0.533997
-0.030777 0.020493 0.060122 201 181 116 -0.474962 -0.543566 0.692060
-0.030820 0.019668 0.059497 198 174 109 -0.327378 -0.576768 0.748440
-0.028324 0.022947 0.063479 127 109 64 -0.494700 -0.728298 0.474188
-0.030736 0.018153 0.058127 182 157 96 -0.528341 -0.569229 0.629947
-0.031888 0.019117 0.057557 150 139 75 0.726921 0.490228 -0.480897
-0.030797 0.017400 0.057486 166 145 90 0.623466 0.539789 -0.565613
-0.028086 0.022761 0.063431 117 100 58 -0.409207 -0.780078 0.473315
-0.030716 0.017742 0.057821 178 154 89 0.606278 0.519573 -0.602056
-0.027468 0.023136 0.064506 135 115 61 -0.491748 -0.675891 0.548958
-0.029586 0.022932 0.062326 163 139 74 0.722528 0.280428 -0.631912
-0.029307 0.022812 0.062485 155 131 70 -0.590639 -0.458659 0.663911
-0.031005 0.018559 0.058221 167 146 91 0.638189 0.537671 -0.551022
-0.030950 0.018003 0.057765 168 144 84 0.654150 0.518556 -0.550625
-0.030889 0.018354 0.058162 175 152 91 0.611989 0.559886 -0.558567
-0.030888 0.019360 0.059239 201 179 118 -0.378964 -0.606986 0.698537
-0.030620 0.020752 0.060484 190 172 114 -0.389084 -0.597207 0.701397
-0.030712 0.018007 0.057999 177 153 92 0.597266 0.538630 -0.594265
-0.030594 0.020473 0.060198 195 175 112 -0.367353 -0.615155 0.697593
-0.030649 0.018228 0.058335 187 163 100 -0.462833 -0.599535 0.652950
-0.029832 0.022219 0.061711 165 137 70 -0.584415 -0.397436 0.707463
-0.030339 0.020872 0.060709 174 153 85 -0.284476 -0.577403 0.765297
-0.030452 0.017783 0.058058 181 156 90 -0.461799 -0.522759 0.716565
-0.030489 0.017471 0.057819 179 153 88 -0.490639 -0.555621 0.671236
-0.030240 0.017603 0.058050 167 142 81 -0.336971 -0.575004 0.745534
-0.029855 0.017819 0.058316 149 128 74 -0.172326 -0.593505 0.786165
-0.029628 0.017520 0.058187 132 113 66 -0.151827 -0.588447 0.794153
-0.024835 0.019047 0.061902 161 135 69 0.573735 0.307947 -0.758945
-0.030496 0.019753 0.059654 183 162 100 -0.267785 -0.600733 0.753267
-0.030034 0.020826 0.060740 174 146 79 -0.214703 -0.595482 0.774147
-0.030292 0.019460 0.059442 181 155 91 -0.233630 -0.598916 0.765975
-0.030545 0.018907 0.058965 187 163 100 -0.374111 -0.580227 0.723448
-0.029596 0.021417 0.061229 166 141 74 -0.292268 -0.563550 0.772652
-0.030190 0.019234 0.059341 178 151 84 -0.237134 -0.602312 0.762226
-0.030370 0.018651 0.058844 174 150 87 -0.327663 -0.591153 0.737004
-0.028948 0.022087 0.062042 160 135 75 -0.322120 -0.578656 0.749264
-0.029527 0.020385 0.060511 199 170 95 -0.240854 -0.587830 0.772299
-0.030121 0.018965 0.059189 172 146 80 -0.234905 -0.589071 0.773185
-0.029782 0.019431 0.059615 179 152 85 -0.231608 -0.633792 0.738014
-0.029078 0.021170 0.061282 182 154 84 -0.313739 -0.593517 0.741152
-0.028783 0.021818 0.061912 166 140 77 -0.304616 -0.578895 0.756366
-0.029200 0.020474 0.060672 194 167 94 -0.252025 -0.602643 0.757169
-0.029680 0.019135 0.059392 175 148 82 -0.199105 -0.617081 0.761293
-0.028783 0.021433 0.061617 167 141 76 -0.301563 -0.583360 0.754155
-0.029253 0.020154 0.060444 199 172 100 -0.220584 -0.608434 0.762332
-0.029789 0.018662 0.059023 163 138 79 -0.181787 -0.618320 0.764614
-0.029206 0.019899 0.060249 196 168 99 -0.196612 -0.650682 0.733455
-0.028489 0.021656 0.061911 166 140 78 -0.294151 -0.583626 0.756873
-0.028946 0.020181 0.060525 192 164 93 -0.236887 -0.631425 0.738368
-0.029830 0.018180 0.058574 155 132 78 -0.177262 -0.625333 0.759958
-0.028547 0.021135 0.061475 175 149 81 -0.299051 -0.586939 0.752377
-0.029430 0.018811 0.059206 165 140 79 -0.172630 -0.608358 0.774661
-0.028390 0.021368 0.061732 170 146 81 -0.290957 -0.582597 0.758897
-0.029363 0.018352 0.058850 146 126 76 -0.206698 -0.645185 0.735536
-0.028922 0.019691 0.060093 192 165 96 -0.225345 -0.649125 0.726537
-0.028498 0.020780 0.061220 177 150 81 -0.294935 -0.611400 0.734305
-0.028622 0.020520 0.060965 182 154 85 -0.290153 -0.631503 0.719038
-0.029545 0.017934 0.058413 142 122 70 -0.140657 -0.611912 0.778318
-0.028004 0.021681 0.062094 145 123 65 -0.334942 -0.618154 0.711126
-0.028293 0.021146 0.061596 173 147 79 -0.293765 -0.583928 0.756789
-0.028669 0.020011 0.060423 179 153 87 -0.232669 -0.650806 0.722715
-0.028029 0.021372 0.061864 155 131 72 -0.285767 -0.602212 0.745438
-0.028622 0.019464 0.060006 180 154 89 -0.297005 -0.617461 0.728374
-0.028156 0.020707 0.061297 168 143 80 -0.284662 -0.620506 0.730712
-0.029142 0.018193 0.058744 138 119 73 -0.253441 -0.632891 0.731585
-0.028954 0.018642 0.059173 147 126 76 -0.295736 -0.580252 0.758846
-0.027746 0.021438 0.062020 143 118 63 -0.302300 -0.636426 0.709632
-0.027903 0.020982 0.061605 162 137 70 -0.265537 -0.594322 0.759126
-0.028512 0.019209 0.059883 169 145 86 -0.340718 -0.594231 0.728560
-0.028711 0.018201 0.058955 130 115 73 -0.365837 -0.612526 0.700696
-0.027543 0.021174 0.061870 145 122 69 -0.273975 -0.618482 0.736490
-0.027851 0.019961 0.060729 176 149 83 -0.339312 -0.630205 0.698361
-0.028821 0.017900 0.058592 128 112 72 -0.337269 -0.624839 0.704149
-0.027338 0.021484 0.062231 134 113 61 -0.348518 -0.681418 0.643587
-0.030488 0.018045 0.058283 184 160 95 -0.430774 -0.566624 0.702404
-0.028264 0.019486 0.060173 169 144 83 -0.324840 -0.580387 0.746746
-0.028227 0.019083 0.059950 157 135 82 -0.382471 -0.558421 0.736126
-0.028417 0.018405 0.059300 133 118 78 -0.403064 -0.546385 0.734168
-0.028620 0.017438 0.058303 117 106 66 0.324230 0.598651 -0.732456
-0.027151 0.021255 0.062094 138 117 65 -0.327430 -0.657364 0.678720
-0.027250 0.020987 0.061783 141 118 63 -0.285980 -0.589791 0.755223
-0.028427 0.017742 0.058694 120 108 71 -0.412544 -0.616381 0.670732
-0.028127 0.018554 0.059554 136 124 82 -0.414259 -0.551897 0.723740
-0.027961 0.019067 0.060041 151 129 79 -0.358874 -0.537383 0.763170
-0.028261 0.018038 0.059102 123 113 74 -0.420847 -0.579944 0.697533
-0.027722 0.019418 0.060357 161 137 83 -0.369444 -0.550171 0.748881
-0.026984 0.020690 0.061674 145 121 72 -0.290814 -0.553574 0.780374
-0.027812 0.018380 0.059585 138 122 83 -0.388646 -0.550560 0.738809
-0.027368 0.019477 0.060602 161 136 80 -0.456738 -0.561452 0.690046
-0.027907 0.017928 0.059225 124 112 75 -0.404888 -0.574397 0.711431
-0.028233 0.017462 0.058571 116 104 66 0.398470 0.608303 -0.686432
-0.026812 0.021128 0.062128 141 117 66 -0.310013 -0.670955 0.673581
-0.027610 0.018741 0.059965 142 124 78 -0.375851 -0.540923 0.752422
-0.027995 0.017593 0.058870 121 106 67 0.423138 0.594689 -0.683593
-0.026578 0.021211 0.062358 138 114 61 -0.274886 -0.703111 0.655799
-0.027560 0.018168 0.059566 142 125 83 0.389940 0.544827 -0.742368
-0.026935 0.020097 0.061335 164 137 79 -0.333895 -0.521913 0.784933
-0.026584 0.020606 0.061780 145 120 64 -0.295462 -0.552564 0.779343
-0.027412 0.018385 0.059816 142 123 80 0.394972 0.537836 -0.744801
-0.026981 0.019283 0.060730 168 140 83 -0.448400 -0.558358 0.697978
-0.029473 0.017213 0.057942 130 115 69 -0.150624 -0.609383 0.778437
-0.026903 0.019514 0.060982 164 136 78 -0.415474 -0.546828 0.726884
-0.027562 0.017751 0.059254 128 113 78 0.398011 0.576913 -0.713273
-0.026587 0.020129 0.061479 156 131 75 -0.304095 -0.500634 0.810489
-0.026440 0.020891 0.062057 144 119 63 -0.279357 -0.627284 0.726963
-0.027244 0.018014 0.059620 145 124 78 0.394345 0.541608 -0.742397
-0.027011 0.018274 0.059911 150 126 74 0.425213 0.525146 -0.737167
-0.026056 0.020911 0.062194 153 126 62 -0.278517 -0.624489 0.729686
-0.026703 0.019074 0.060756 164 137 80 -0.438873 -0.550341 0.710292
-0.026180 0.020579 0.061924 148 122 64 -0.284561 -0.541232 0.791260
-0.027120 0.018029 0.059699 145 123 76 0.396735 0.537537 -0.744081
-0.026412 0.019386 0.061120 167 138 74 -0.363176 -0.502279 0.784741
-0.025948 0.020357 0.061857 146 120 66 -0.317213 -0.485238 0.814813
-0.025848 0.020659 0.062067 151 124 63 -0.303518 -0.566555 0.766089
-0.025788 0.020950 0.062282 157 128 64 -0.300256 -0.644736 0.702967
-0.025365 0.020540 0.062224 140 115 58 -0.408785 -0.489984 0.769942
-0.025569 0.019754 0.061695 145 122 76 -0.434761 -0.402531 0.805575
-0.025149 0.020643 0.062410 136 112 58 -0.425245 -0.520765 0.740250
-0.024803 0.020651 0.062609 131 108 58 -0.462249 -0.468802 0.752695
-0.024916 0.020050 0.062201 127 109 64 -0.521089 -0.361677 0.773082
-0.024460 0.020425 0.062675 129 109 60 -0.504515 -0.360214 0.784673
-0.024010 0.020283 0.062955 134 113 62 -0.536877 -0.280434 0.795688
-0.023584 0.020331 0.063268 137 116 66 -0.579409 -0.263824 0.771156
-0.026535 0.028961 0.059840 109 94 53 0.786361 -0.585199 -0.197935
-0.029437 0.019111 0.059394 170 144 80 -0.171233 -0.622658 0.763529
-0.029147 0.018397 0.058965 141 123 74 -0.251921 -0.622179 0.741235
-0.028142 0.017476 0.058650 115 104 65 0.430162 0.599565 -0.674895
-0.027828 0.027895 0.057794 162 163 116 0.791335 -0.595777 0.137255
-0.027656 0.027781 0.057011 98 99 63 0.767985 -0.597737 0.230019
-0.027614 0.027682 0.056573 100 100 60 0.775104 -0.592435 0.219624
-0.027483 0.027725 0.056242 124 126 87 0.773793 -0.595424 0.216136
-0.027789 0.027783 0.057422 117 113 73 0.784653 -0.583458 0.209513
-0.027919 0.027814 0.058112 189 189 140 0.824834 -0.565218 0.013344
-0.027622 0.028135 0.057784 142 143 103 0.747236 -0.647937 0.147699
-0.027266 0.027980 0.056219 125 126 88 0.763264 -0.607859 0.218940
-0.027400 0.027940 0.056536 107 106 74 0.758299 -0.614225 0.218427
-0.027423 0.028065 0.057028 105 104 69 0.746067 -0.627438 0.222949
-0.027714 0.028104 0.058105 188 187 142 0.776790 -0.628765 0.035395
-0.027553 0.028043 0.057403 110 109 69 0.742669 -0.638982 0.200362
-0.027901 0.027775 0.058482 192 192 144 0.817971 -0.565132 -0.107470
-0.027461 0.028371 0.058037 155 159 122 0.720775 -0.689056 0.075393
-0.027141 0.028347 0.056875 93 94 58 0.735824 -0.643394 0.211204
-0.027711 0.028074 0.058443 191 191 145 0.781513 -0.618249 -0.083697
-0.027056 0.028199 0.056161 117 119 82 0.756355 -0.618217 0.213857
-0.027241 0.028301 0.057175 106 104 67 0.718726 -0.664022 0.206175
-0.027126 0.028225 0.056487 103 107 71 0.751551 -0.622140 0.219345
-0.027508 0.028342 0.058371 178 176 131 0.735737 -0.674410 -0.062150
-0.027316 0.028376 0.057621 122 117 81 0.711819 -0.685369 0.153566
-0.027155 0.028628 0.057973 126 123 86 0.685366 -0.724380 0.074476
-0.027754 0.027840 0.058868 164 166 126 0.796670 -0.563523 -0.218537
-0.027648 0.028021 0.058802 166 171 132 0.774456 -0.598045 -0.206299
-0.027010 0.028688 0.057618 106 106 71 0.675220 -0.726185 0.129354
-0.027071 0.028530 0.057269 97 98 69 0.692801 -0.695252 0.191445
-0.027293 0.028517 0.058570 150 147 103 0.719102 -0.687493 -0.101222
-0.027061 0.028729 0.058364 123 119 81 0.698543 -0.714270 -0.043077
-0.027291 0.028419 0.058879 137 139 96 0.724157 -0.665419 -0.181148
-0.026883 0.028856 0.057920 118 114 82 0.679504 -0.729022 0.082474
-0.027056 0.028664 0.058770 109 107 66 0.715391 -0.685048 -0.137565
-0.027639 0.027834 0.059160 130 132 95 0.770393 -0.584989 -0.253538
-0.026779 0.029003 0.058264 125 119 85 -0.696462 0.717020 0.028678
-0.027420 0.028155 0.059129 139 140 98 0.751693 -0.612239 -0.245196
-0.027175 0.028443 0.059113 127 122 79 0.735963 -0.638980 -0.223746
-0.026859 0.028893 0.058592 106 100 63 0.720941 -0.684707 -0.106864
-0.026919 0.028748 0.059006 103 97 57 0.732492 -0.659648 -0.168286
-0.027650 0.027660 0.059473 118 112 71 0.773896 -0.587870 -0.235570
-0.026652 0.029135 0.058604 108 101 61 -0.715817 0.692817 0.087239
-0.027195 0.028277 0.059460 111 105 63 0.755027 -0.608992 -0.243028
-0.027421 0.027945 0.059500 109 101 61 0.767301 -0.593727 -0.242359
-0.026651 0.029081 0.058957 106 97 57 0.753508 -0.642213 -0.140673
-0.027019 0.028546 0.059325 119 111 65 0.742806 -0.634995 -0.212183
-0.027514 0.027700 0.059828 106 95 51 0.773881 -0.594801 -0.217531
-0.026417 0.029360 0.059072 107 95 54 0.778130 -0.607417 -0.159871
-0.026801 0.028815 0.059277 108 98 52 0.755494 -0.628261 -0.185787
-0.027289 0.027994 0.059854 103 92 49 0.765986 -0.606608 -0.212819
-0.027468 0.027654 0.060222 105 91 49 0.774706 -0.601123 -0.196169
-0.027087 0.028275 0.059788 109 97 58 0.760500 -0.611456 -0.218543
-0.026570 0.029105 0.059295 100 90 52 0.778324 -0.607285 -0.159423
-0.026896 0.028538 0.059710 113 100 59 0.761465 -0.611970 -0.213690
-0.027256 0.027941 0.060183 106 91 45 0.770467 -0.604883 -0.201240
-0.026648 0.028872 0.059658 110 97 57 0.780579 -0.596213 -0.187688
-0.027052 0.028221 0.060133 102 91 49 0.763382 -0.611600 -0.207830
-0.026279 0.029417 0.059572 103 90 51 0.790122 -0.585059 -0.182793
-0.026471 0.029129 0.059645 103 92 50 0.791704 -0.581488 -0.187289
-0.027407 0.027613 0.060565 114 96 49 0.773331 -0.599845 -0.205292
-0.026800 0.028549 0.060068 107 95 55 0.770599 -0.601356 -0.211063
-0.027044 0.028120 0.060483 110 92 47 0.760895 -0.613858 -0.210279
-0.026510 0.028934 0.060001 107 94 55 0.782942 -0.586383 -0.207742
-0.026384 0.029052 0.060234 108 96 57 0.786152 -0.579625 -0.214477
-0.026295 0.029286 0.059973 106 93 57 0.786042 -0.581712 -0.209163
-0.026833 0.028390 0.060469 105 90 49 0.763616 -0.609206 -0.213911
-0.027338 0.027572 0.060958 115 99 54 0.765041 -0.605186 -0.220141
-0.027166 0.027843 0.060806 118 101 53 0.758397 -0.613071 -0.221310
-0.026632 0.028643 0.060391 106 93 58 0.773947 -0.594217 -0.218888
-0.026947 0.028115 0.060818 110 95 49 0.755817 -0.613216 -0.229579
-0.026205 0.029285 0.060296 117 104 63 0.776097 -0.583379 -0.239464
-0.026423 0.028905 0.060475 105 93 58 0.774651 -0.586867 -0.235593
-0.027215 0.027591 0.061334 116 103 55 0.753754 -0.610524 -0.243137
-0.026044 0.029571 0.060088 118 113 79 0.774053 -0.590720 -0.227800
-0.026707 0.028408 0.060819 107 89 47 0.754496 -0.610876 -0.239929
-0.027037 0.027877 0.061124 118 100 56 0.750073 -0.615235 -0.242644
-0.026475 0.028730 0.060729 103 88 49 0.761583 -0.602140 -0.239622
-0.026279 0.029057 0.060594 106 94 55 0.765537 -0.592271 -0.251332
-0.026804 0.028160 0.061143 115 99 55 0.740491 -0.617141 -0.266100
-0.026024 0.029445 0.060438 119 111 73 0.767017 -0.588981 -0.254531
-0.026988 0.027786 0.061491 116 100 56 0.735371 -0.621297 -0.270593
-0.025903 0.029680 0.060268 122 121 90 0.761092 -0.597214 -0.253130
-0.026554 0.028453 0.061147 110 93 51 0.739054 -0.614138 -0.276827
-0.026803 0.028022 0.061469 107 94 50 0.727472 -0.623571 -0.286259
-0.026273 0.028905 0.060957 103 91 53 0.749626 -0.600889 -0.277475
-0.027062 0.027545 0.061880 121 106 62 0.718605 -0.634440 -0.284768
-0.026094 0.029181 0.060824 107 97 63 0.750813 -0.598574 -0.279266
-0.025917 0.029450 0.060701 119 113 75 0.750659 -0.600035 -0.276532
-0.025769 0.029742 0.060457 118 114 81 0.748666 -0.607938 -0.264406
-0.026605 0.028252 0.061488 109 95 53 0.722794 -0.623813 -0.297366
-0.026354 0.028568 0.061444 109 95 59 0.723228 -0.614718 -0.314743
-0.026865 0.027771 0.061858 117 101 59 0.707700 -0.639492 -0.300352
-0.026101 0.028982 0.061195 104 92 55 0.732393 -0.604599 -0.313147
-0.025899 0.029307 0.061035 105 97 61 0.735642 -0.603398 -0.307802
-0.025734 0.029626 0.060788 118 113 77 0.730846 -0.613453 -0.299233
-0.026638 0.028054 0.061793 115 101 58 0.710252 -0.631795 -0.310446
-0.026425 0.028351 0.061676 118 103 62 0.713299 -0.627054 -0.313062
-0.026146 0.028779 0.061506 112 101 64 0.721465 -0.610853 -0.326109
-0.028833 0.018793 0.059254 145 127 79 -0.312156 -0.579372 0.752919
-0.026909 0.019072 0.060579 168 142 81 -0.443761 -0.562823 0.697357
-0.025826 0.023361 0.065607 167 145 79 -0.197859 -0.811379 0.550014
-0.030027 0.019399 0.059484 175 147 81 -0.225990 -0.613645 0.756550
-0.025435 0.029382 0.061893 117 114 81 0.678107 -0.613438 -0.404801
-0.025329 0.028513 0.063250 112 99 60 0.608550 -0.681565 -0.406369
-0.028479 0.026205 0.060421 101 87 47 0.779427 -0.605551 -0.160633
-0.026543 0.027062 0.064262 116 101 57 0.657198 -0.674810 -0.335740
-0.028340 0.025731 0.062753 118 104 57 0.781932 -0.561584 -0.270566
-0.027262 0.025828 0.064500 157 139 82 0.726885 -0.394632 -0.562054
-0.027869 0.025051 0.064352 172 153 92 0.742279 -0.341966 -0.576264
-0.026401 0.025470 0.065717 177 156 98 -0.625464 0.338268 0.703115
-0.028135 0.024883 0.064078 174 153 90 0.788376 -0.280223 -0.547666
-0.026775 0.027717 0.062185 119 101 57 0.695901 -0.645376 -0.314979
-0.025883 0.029152 0.061368 110 100 58 0.721847 -0.605729 -0.334708
-0.025782 0.029383 0.061184 107 96 63 0.719845 -0.614395 -0.323019
-0.025624 0.029616 0.061080 115 111 75 0.713100 -0.621472 -0.324439
-0.026416 0.028196 0.061973 125 109 65 0.698664 -0.631139 -0.336945
-0.026879 0.027417 0.062552 108 92 49 0.690598 -0.660826 -0.293910
-0.025400 0.029899 0.061060 113 110 78 0.686509 -0.648767 -0.328340
-0.026194 0.028508 0.061861 133 118 79 0.701472 -0.623747 -0.344784
-0.025963 0.028873 0.061695 128 120 86 0.707229 -0.610718 -0.356161
-0.026551 0.027848 0.062374 115 98 54 0.675557 -0.655559 -0.337440
-0.025575 0.029492 0.061404 123 116 85 0.704210 -0.619188 -0.347410
-0.026660 0.027591 0.062684 110 94 51 0.674438 -0.671867 -0.306151
-0.026199 0.028340 0.062171 122 110 71 0.677537 -0.635835 -0.369673
-0.025744 0.029176 0.061610 121 111 75 0.704545 -0.611851 -0.359520
-0.025701 0.029034 0.061906 131 120 83 0.687005 -0.615135 -0.386824
-0.026721 0.027381 0.063037 119 100 52 0.664525 -0.689281 -0.288615
-0.025936 0.028723 0.061986 137 127 94 0.686034 -0.619711 -0.381203
-0.026348 0.027944 0.062587 111 95 55 0.660546 -0.665319 -0.347893
-0.025339 0.029769 0.061409 132 125 94 0.678700 -0.640954 -0.358532
-0.026009 0.028434 0.062366 129 116 80 0.666068 -0.639834 -0.383362
-0.026452 0.027680 0.062937 109 97 52 0.646645 -0.694420 -0.315644
-0.025525 0.029373 0.061728 121 116 82 0.691573 -0.612241 -0.383260
-0.025076 0.030050 0.061397 115 113 83 0.671658 -0.645113 -0.364286
-0.026604 0.027361 0.063373 113 99 50 0.650105 -0.708323 -0.275031
-0.025286 0.029623 0.061754 124 123 95 0.671843 -0.632620 -0.385252
-0.026130 0.028041 0.062770 110 96 52 0.643675 -0.676972 -0.356919
-0.025485 0.029183 0.062083 124 115 79 0.673887 -0.614645 -0.409985
-0.025725 0.028789 0.062247 135 125 91 0.667491 -0.620331 -0.411880
-0.026398 0.027586 0.063255 116 99 54 0.636826 -0.712902 -0.293637
-0.025788 0.028503 0.062595 130 119 81 0.639125 -0.654299 -0.404243
-0.024991 0.029894 0.061735 123 119 89 0.669091 -0.628852 -0.396059
-0.026488 0.027326 0.063741 106 92 48 0.638331 -0.718007 -0.277489
-0.026137 0.027866 0.063129 105 91 48 0.626847 -0.703593 -0.334694
-0.025256 0.029438 0.062083 120 112 81 0.665184 -0.621906 -0.413235
-0.025471 0.028974 0.062356 134 124 90 0.662344 -0.610467 -0.434316
-0.025925 0.028183 0.062871 111 97 55 0.633994 -0.678997 -0.370155
-0.026118 0.027752 0.063423 113 96 50 0.618087 -0.723971 -0.306324
-0.025563 0.028562 0.062834 145 132 93 0.629433 -0.652485 -0.421993
-0.025250 0.029208 0.062392 137 126 93 0.662418 -0.606910 -0.439160
-0.025002 0.029699 0.062094 126 122 93 0.661326 -0.625213 -0.414436
-0.024749 0.029954 0.062019 122 121 92 0.661874 -0.627930 -0.409423
-0.026452 0.027234 0.064079 118 102 59 0.644871 -0.706124 -0.292455
-0.026169 0.027588 0.063753 108 92 50 0.612948 -0.735102 -0.289690
-0.025868 0.028056 0.063221 100 87 43 0.614060 -0.709227 -0.346305
-0.025255 0.028898 0.062778 145 138 109 0.643142 -0.621696 -0.447060
-0.025654 0.028269 0.063177 103 91 55 0.615437 -0.692324 -0.376729
-0.025905 0.027831 0.063665 111 93 54 0.601073 -0.739973 -0.301913
-0.024997 0.029470 0.062422 130 119 87 0.658949 -0.616676 -0.430694
-0.026084 0.027525 0.064116 109 95 50 0.606408 -0.738508 -0.294746
-0.026369 0.027189 0.064429 118 101 56 0.651026 -0.679403 -0.338492
-0.025056 0.029166 0.062723 143 134 101 0.655778 -0.603752 -0.453254
-0.024750 0.029781 0.062364 123 119 88 0.659934 -0.620093 -0.424231
-0.025467 0.028441 0.063178 112 100 57 0.609390 -0.684168 -0.400698
-0.025660 0.028092 0.063508 101 87 44 0.604775 -0.724204 -0.331324
-0.026175 0.027214 0.064758 122 106 61 0.633968 -0.665065 -0.394682
-0.025711 0.027916 0.063840 111 94 52 0.595382 -0.746052 -0.298205
-0.024777 0.029525 0.062663 129 119 85 0.660959 -0.601955 -0.448087
-0.025107 0.028787 0.063138 129 120 83 0.633237 -0.644550 -0.428446
-0.024494 0.030032 0.062396 121 120 87 0.658712 -0.619175 -0.427458
-0.025852 0.027621 0.064352 116 100 56 0.594483 -0.743352 -0.306621
-0.025331 0.028354 0.063506 98 86 46 0.601703 -0.705764 -0.373966
-0.024826 0.029230 0.062983 135 132 95 0.655200 -0.600549 -0.458315
-0.025968 0.027403 0.064648 129 111 62 0.603714 -0.719609 -0.343064
-0.024526 0.029787 0.062673 117 111 78 0.658454 -0.612357 -0.437558
-0.025507 0.028031 0.063973 114 96 50 0.587298 -0.749531 -0.305424
-0.024905 0.028883 0.063303 123 113 79 0.645569 -0.637905 -0.419902
-0.025061 0.028552 0.063546 100 91 55 0.619987 -0.683251 -0.385725
-0.025573 0.027838 0.064382 115 99 55 0.588915 -0.748407 -0.305067
-0.024556 0.029520 0.062995 134 126 94 0.659280 -0.599361 -0.454001
-0.025749 0.027403 0.064947 132 117 64 0.603497 -0.683245 -0.411056
-0.025641 0.027636 0.064706 125 107 59 0.589929 -0.734142 -0.336184
-0.025224 0.028293 0.063854 102 88 50 0.593971 -0.730613 -0.336754
-0.025836 0.027158 0.065316 126 110 60 0.614975 -0.575511 -0.539066
-0.025264 0.028139 0.064219 116 98 52 0.582728 -0.751261 -0.309896
-0.024650 0.029114 0.063373 126 118 86 0.654516 -0.626299 -0.423507
-0.025310 0.027986 0.064540 120 102 55 0.583108 -0.750104 -0.311975
-0.025518 0.027590 0.065015 130 112 64 0.582129 -0.709206 -0.397684
-0.024822 0.028696 0.063621 112 101 62 0.633101 -0.662692 -0.400029
-0.024984 0.028395 0.064076 102 87 44 0.603892 -0.731633 -0.316272
-0.025408 0.027780 0.064841 125 108 57 0.584341 -0.740465 -0.332049
-0.028042 0.026157 0.062713 104 89 49 0.746632 -0.620606 -0.239559
-0.025473 0.028138 0.063747 105 89 48 0.584754 -0.746728 -0.316955
-0.027600 0.027446 0.060376 107 92 46 0.777700 -0.596527 -0.198339
-0.027065 0.028494 0.057085 98 93 62 0.711542 -0.671752 0.206051
-0.027428 0.027985 0.056766 99 101 64 0.756799 -0.614773 0.222055
-0.031534 0.019378 0.058447 167 153 101 0.714848 0.548928 -0.433209
-0.031006 0.019198 0.058859 188 168 111 -0.509440 -0.631846 0.584159
-0.028332 0.021881 0.062138 151 128 68 -0.326730 -0.611587 0.720562
-0.028025 0.022123 0.062486 133 114 63 -0.402068 -0.690700 0.601062
-0.027058 0.023355 0.065067 171 147 82 -0.441779 -0.658802 0.608943
-0.026860 0.022026 0.063069 115 95 46 -0.319239 -0.711656 0.625805
-0.027297 0.020655 0.061554 145 120 63 -0.303585 -0.571863 0.762108
-0.026761 0.020965 0.061960 142 120 67 -0.303325 -0.614442 0.728323
-0.027191 0.019099 0.060388 157 133 80 -0.452313 -0.545489 0.705589
-0.024855 0.023068 0.065429 131 108 51 0.158411 0.833147 -0.529879
-0.024446 0.020001 0.062575 143 120 67 -0.563694 -0.270426 0.780460
-0.025492 0.023319 0.065669 155 133 73 0.188579 0.821075 -0.538770
-0.024028 0.021176 0.063502 117 99 54 -0.369833 -0.608054 0.702492
-0.023701 0.021319 0.063769 118 99 52 -0.373608 -0.534435 0.758154
-0.029741 0.020285 0.060369 195 164 89 -0.247631 -0.606320 0.755682
-0.027848 0.017675 0.059067 121 106 68 0.408778 0.587458 -0.698422
-0.027639 0.017945 0.059341 133 117 80 0.397295 0.565826 -0.722494
-0.027680 0.022527 0.063295 109 94 56 -0.332082 -0.792920 0.510881
-0.027533 0.022233 0.062971 120 101 57 -0.351317 -0.739389 0.574352
-0.027132 0.021849 0.062787 125 102 49 -0.343304 -0.694899 0.631868
-0.027363 0.022485 0.063386 110 95 57 -0.306685 -0.804085 0.509305
-0.027422 0.022724 0.063806 119 101 55 -0.303578 -0.834168 0.460440
-0.027110 0.022424 0.063469 110 93 50 -0.310818 -0.796688 0.518343
-0.026461 0.021680 0.062873 126 102 51 -0.300058 -0.716067 0.630249
-0.026206 0.028593 0.061697 127 114 75 0.712295 -0.619757 -0.329449
-0.026019 0.028563 0.062141 127 120 85 0.674585 -0.630234 -0.384370
-0.025249 0.028339 0.063686 101 87 44 0.592312 -0.729561 -0.341917
-0.025804 0.027758 0.064081 113 96 50 0.595983 -0.749370 -0.288528
-0.026156 0.027373 0.064376 120 105 58 0.619596 -0.719738 -0.313174
-0.028740 0.024731 0.063188 156 137 76 0.805333 -0.364116 -0.467822
-0.029100 0.024571 0.062667 142 123 68 0.830988 -0.414750 -0.370732
-0.028956 0.024391 0.063113 155 137 76 0.810130 -0.345888 -0.473340
-0.027238 0.025339 0.064959 171 153 94 0.687630 -0.363961 -0.628249
-0.027991 0.024964 0.064234 172 152 89 0.762584 -0.317217 -0.563771
-0.028832 0.024415 0.063263 158 139 82 0.797474 -0.337536 -0.500105
-0.027427 0.024941 0.064946 178 157 94 0.682667 -0.297163 -0.667577
-0.026023 0.026489 0.065526 154 133 76 0.685465 -0.338858 -0.644448
-0.027032 0.025171 0.065200 174 157 95 0.680089 -0.315385 -0.661825
-0.029462 0.023703 0.062649 166 145 80 0.856735 -0.109152 -0.504075
-0.028088 0.024735 0.064225 179 159 91 0.784544 -0.236070 -0.573378
-0.027653 0.024636 0.064818 183 162 93 0.732115 -0.208911 -0.648355
-0.029420 0.023435 0.062752 165 142 79 0.805243 0.102357 -0.584044
-0.027334 0.024634 0.065131 186 164 98 -0.677636 0.183268 0.712195
-0.027447 0.024370 0.065086 190 168 99 -0.698378 0.093885 0.709545
-0.027746 0.024070 0.064787 190 164 98 0.742055 0.065664 -0.667115
-0.026746 0.024579 0.065716 200 176 108 -0.682372 0.171000 0.710723
-0.029074 0.023273 0.063102 150 129 77 0.776071 0.282238 -0.563964
-0.029661 0.022483 0.061996 160 135 73 -0.607049 -0.400504 0.686359
-0.027887 0.024198 0.064588 187 162 96 0.775131 -0.024063 -0.631342
-0.027287 0.024309 0.065219 194 171 103 -0.677802 0.059727 0.732814
-0.028357 0.023115 0.063759 131 115 64 -0.551182 -0.650997 0.521920
-0.027926 0.023285 0.064249 145 125 64 -0.562211 -0.506799 0.653509
-0.026079 0.028653 0.061834 139 129 96 0.695047 -0.625540 -0.354415
-0.025956 0.024382 0.066419 208 184 108 0.477037 0.031700 -0.878311
-0.027175 0.023210 0.064838 152 129 67 -0.454696 -0.676462 0.579353
-0.027532 0.027319 0.060907 109 93 51 0.768365 -0.604573 -0.210015
-0.028388 0.026159 0.061202 110 95 51 0.769310 -0.622376 -0.144259
-0.028237 0.026135 0.062016 100 87 46 0.751646 -0.631743 -0.189550
-0.028494 0.025846 0.061964 97 87 45 0.764717 -0.615983 -0.189134
-0.028665 0.025788 0.061218 105 91 50 0.758499 -0.635395 -0.144754
-0.028757 0.025519 0.061961 111 98 52 0.780082 -0.592257 -0.201752
-0.028908 0.025543 0.061141 101 89 45 0.764741 -0.627312 -0.147140
-0.029889 0.023759 0.061444 134 118 58 0.867757 -0.398253 -0.297309
-0.028441 0.026693 0.059106 167 162 119 0.826672 -0.546293 -0.134824
-0.028518 0.026321 0.059739 117 108 68 0.800096 -0.571909 -0.181015
-0.028389 0.026093 0.061529 105 91 52 0.763619 -0.626298 -0.156961
-0.028316 0.025916 0.062423 104 91 49 0.763318 -0.606726 -0.221877
-0.028529 0.026015 0.061034 107 93 49 0.767293 -0.626260 -0.138058
-0.029069 0.025753 0.058872 111 103 66 0.828468 -0.557514 -0.053090
-0.026517 0.028550 0.060929 104 90 45 0.750489 -0.611999 -0.249447
-0.026806 0.028681 0.059612 112 99 60 0.773928 -0.603831 -0.190852
-0.026996 0.028761 0.058103 127 124 92 0.686261 -0.725920 0.045674
-0.029593 0.024549 0.061109 114 99 51 0.856257 -0.461336 -0.232364
-0.026590 0.025890 0.065287 169 149 90 0.653612 -0.402237 -0.641090
-0.030979 0.022450 0.057676 118 122 78 0.848147 -0.509403 0.145449
-0.031233 0.021650 0.056962 110 103 60 0.886483 -0.428039 0.175872
-0.025696 0.027302 0.065261 124 108 54 0.607702 -0.616917 -0.500111
-0.027899 0.024877 0.064420 178 157 94 0.752439 -0.285627 -0.593509
-0.027824 0.026908 0.060891 113 98 51 0.777292 -0.601029 -0.185958
-0.031048 0.020529 0.059919 186 170 117 -0.589640 -0.444475 0.674363
-0.024330 0.021338 0.063513 125 105 56 -0.319128 -0.672983 0.667272
-0.026771 0.026176 0.064876 157 137 80 0.687217 -0.390859 -0.612342
-0.026530 0.025713 0.065397 172 154 93 -0.646484 0.392171 0.654416
-0.025908 0.026085 0.065837 169 150 92 0.651078 -0.335798 -0.680689
-0.026843 0.024680 0.065555 193 169 104 -0.684448 0.190850 0.703639
-0.026602 0.024220 0.065926 205 180 109 -0.651682 0.003947 0.758482
-0.027685 0.024317 0.064874 192 169 100 0.741052 -0.038084 -0.670367
-0.030843 0.021462 0.060802 199 184 131 -0.699881 -0.129711 0.702382
-0.029690 0.023041 0.062272 163 139 77 0.820834 0.102749 -0.561849
-0.029723 0.022667 0.062048 163 138 78 0.687209 0.345754 -0.638904
-0.029587 0.022825 0.062275 161 138 73 0.698972 0.328275 -0.635353
-0.029848 0.022487 0.061813 165 139 75 -0.668543 -0.322358 0.670176
-0.029983 0.022039 0.061489 166 139 71 -0.571906 -0.365682 0.734303
-0.027881 0.025779 0.063717 139 124 75 0.736335 -0.492616 -0.463832
-0.030079 0.021771 0.061296 167 141 74 -0.493620 -0.317175 0.809778
-0.029570 0.022263 0.061916 158 135 69 -0.524529 -0.472392 0.708319
-0.026886 0.027661 0.062062 118 102 60 0.706436 -0.640100 -0.302026
-0.029663 0.021989 0.061669 164 137 69 -0.483484 -0.455369 0.747584
-0.029762 0.021697 0.061410 162 137 70 -0.364527 -0.502185 0.784174
-0.028738 0.023145 0.063336 140 120 65 -0.590919 -0.602936 0.535988
-0.029885 0.021237 0.061052 167 140 70 -0.251456 -0.554257 0.793454
-0.028877 0.022945 0.062943 141 118 62 -0.542213 -0.632674 0.552927
-0.029128 0.022410 0.062231 152 127 67 -0.373391 -0.540389 0.754029
-0.029513 0.021819 0.061623 163 138 72 -0.379011 -0.535567 0.754665
-0.028585 0.023192 0.063620 141 121 71 -0.581764 -0.603809 0.544946
-0.028568 0.022920 0.063135 136 114 57 -0.478873 -0.724128 0.496306
-0.030001 0.020435 0.060393 177 151 84 -0.259640 -0.625410 0.735832
-0.029330 0.021527 0.061462 168 141 75 -0.328341 -0.573296 0.750682
-0.028968 0.021923 0.061917 162 137 78 -0.318622 -0.572278 0.755631
-0.029330 0.021144 0.061169 180 152 83 -0.276843 -0.592978 0.756131
-0.029815 0.020161 0.060244 184 154 85 -0.261512 -0.609908 0.748080
-0.026824 0.025461 0.065244 172 153 93 0.678502 -0.345646 -0.648200
-0.028049 0.022850 0.063622 116 99 58 -0.425216 -0.761467 0.489243
-0.028135 0.022544 0.062983 128 108 54 -0.428472 -0.748992 0.505394
-0.029035 0.020908 0.061124 184 158 84 -0.305592 -0.590567 0.746890
-0.029432 0.019822 0.060106 191 164 96 -0.214164 -0.659685 0.720382
-0.027268 0.022896 0.064255 126 107 57 -0.357018 -0.793070 0.493537
-0.029272 0.019623 0.059948 192 163 94 -0.193928 -0.672557 0.714184
-0.026668 0.023644 0.065700 194 169 96 -0.497420 -0.521771 0.693058
-0.025649 0.023675 0.066164 187 161 94 0.212754 0.647651 -0.731631
-0.026559 0.018842 0.060651 163 136 79 -0.462964 -0.534836 0.706834
-0.025491 0.019345 0.061533 138 116 70 -0.471629 -0.394146 0.788806
-0.025149 0.019570 0.061866 138 117 69 -0.525343 -0.348106 0.776426
-0.025262 0.019058 0.061565 150 128 75 0.508667 0.373022 -0.775959
-0.025054 0.019191 0.061781 149 126 70 0.544306 0.335215 -0.769001
-0.024895 0.019745 0.062110 134 114 63 -0.559701 -0.316741 0.765774
-0.024582 0.019993 0.062476 138 115 66 -0.563955 -0.298884 0.769820
-0.024772 0.019359 0.062068 148 122 65 -0.573746 -0.302708 0.761041
-0.024544 0.019598 0.062355 157 131 71 -0.589985 -0.279835 0.757370
-0.024176 0.019985 0.062738 147 121 67 -0.561913 -0.241593 0.791130
-0.024482 0.019280 0.062290 161 134 71 0.592858 0.278771 -0.755517
-0.024207 0.019685 0.062646 155 131 69 -0.577188 -0.246818 0.778418
-0.023936 0.019914 0.062921 148 124 67 -0.569094 -0.224215 0.791113
-0.023724 0.020177 0.063125 140 117 67 -0.576912 -0.241136 0.780401
-0.024148 0.019288 0.062557 159 133 68 0.587070 0.256797 -0.767727
-0.023894 0.019546 0.062862 148 123 67 0.581281 0.218949 -0.783692
-0.023610 0.019845 0.063166 145 120 63 0.598228 0.208422 -0.773746
-0.023479 0.020155 0.063310 139 117 69 0.598674 0.236387 -0.765318
-0.023235 0.020288 0.063513 137 115 67 -0.590273 -0.309944 0.745327
-0.023270 0.019872 0.063435 139 116 66 0.602125 0.229846 -0.764602
-0.023043 0.019977 0.063615 138 115 64 0.606160 0.258750 -0.752076
-0.022874 0.019937 0.063801 129 110 68 0.600378 0.279774 -0.749182
-0.028043 0.017855 0.059104 123 111 71 -0.417567 -0.585330 0.695001
-0.026133 0.019689 0.061413 156 131 74 -0.344418 -0.478440 0.807757
-0.025029 0.019776 0.062026 129 107 58 -0.546317 -0.333272 0.768419
-0.024864 0.019265 0.061963 151 124 66 0.569307 0.312725 -0.760324
-0.024756 0.019878 0.062292 138 117 66 -0.563659 -0.317686 0.762472
-0.024738 0.019631 0.062212 143 121 64 -0.579516 -0.287267 0.762652
-0.028657 0.023319 0.063684 147 129 75 0.673724 0.424951 -0.604576
-0.026048 0.021903 0.063355 124 100 45 -0.321700 -0.735838 0.595863
-0.024686 0.020995 0.062944 134 113 60 -0.371156 -0.624565 0.687140
-0.024421 0.021132 0.063222 128 107 57 -0.356867 -0.649172 0.671730
-0.025283 0.020716 0.062398 143 117 59 -0.384963 -0.585608 0.713349
-0.026517 0.018965 0.060784 163 135 76 -0.445368 -0.532533 0.719761
-0.023373 0.020749 0.063603 123 106 60 -0.565262 -0.382584 0.730827
-0.029358 0.020221 0.060461 200 173 100 -0.226277 -0.605347 0.763121
-0.028683 0.020139 0.060500 180 153 88 -0.256334 -0.656292 0.709629
-0.027914 0.019892 0.060558 179 151 85 -0.323345 -0.626474 0.709210
-0.027784 0.020335 0.060949 169 140 79 -0.305223 -0.641950 0.703377
-0.023904 0.022203 0.064430 109 92 46 0.211027 0.688707 -0.693650
-0.029913 0.024288 0.060421 116 106 61 0.819797 -0.527255 -0.223459
-0.030352 0.023648 0.060339 153 159 107 0.792144 -0.478824 -0.378465
-0.031266 0.022400 0.059091 142 140 90 0.873890 -0.468974 0.127982
-0.031271 0.021128 0.060036 200 192 131 0.848612 0.179828 -0.497513
-0.030310 0.020625 0.060479 179 153 88 -0.270475 -0.634888 0.723712
-0.025283 0.020716 0.062398 143 117 59 -0.384963 -0.585608 0.713349
-0.031963 0.019031 0.057413 146 138 72 0.733354 0.482755 -0.478685
-0.029364 0.025148 0.060372 105 93 52 0.795749 -0.592081 -0.127370
-0.026767 0.028926 0.058790 108 102 61 0.731141 -0.669734 -0.129960
-0.031347 0.020963 0.059841 195 188 133 0.842670 0.187811 -0.504612
-0.031107 0.021079 0.060287 200 187 134 0.780747 0.287973 -0.554531
-0.024238 0.030035 0.062746 113 110 82 0.661355 -0.611886 -0.433826
-0.028321 0.024956 0.063753 169 149 87 0.805504 -0.322115 -0.497398
-0.029005 0.025592 0.060406 99 85 43 0.772788 -0.621512 -0.128535
-0.026554 0.028453 0.061147 110 93 51 0.739054 -0.614138 -0.276827
-0.026267 0.023780 0.065993 200 175 104 -0.419243 -0.545056 0.726050
-0.025325 0.021740 0.063544 128 106 49 -0.260298 -0.731756 0.629903
-0.028901 0.023662 0.063521 168 146 83 0.795971 -0.004743 -0.605316
-0.030843 0.021462 0.060802 199 184 131 -0.699881 -0.129711 0.702382
-0.025224 0.028293 0.063854 102 88 50 0.593971 -0.730613 -0.336754
-0.028089 0.026015 0.062907 112 97 53 0.756857 -0.590023 -0.281140
-0.029911 0.018033 0.058404 156 135 80 -0.196996 -0.595871 0.778544
-0.025697 0.021837 0.063472 127 105 51 -0.289311 -0.734782 0.613511
-0.031159 0.021446 0.060298 204 195 141 0.852794 0.023919 -0.521700
-0.026519 0.026640 0.064904 146 127 72 0.705822 -0.412282 -0.576054
-0.028139 0.018314 0.059337 126 112 72 -0.402974 -0.546910 0.733826
-0.031744 0.020029 0.058848 209 204 147 0.893359 0.237641 -0.381361
-0.027950 0.022235 0.062692 127 107 60 -0.418656 -0.711712 0.564086
-0.026452 0.027680 0.062937 109 97 52 0.646645 -0.694420 -0.315644
-0.024787 0.022478 0.064540 118 98 48 -0.148295 -0.784212 0.602511
-0.025830 0.021197 0.062575 149 124 68 -0.293054 -0.716556 0.632982
-0.031355 0.021233 0.056527 113 111 63 0.880742 -0.467215 0.077490
-0.025964 0.024130 0.066384 208 181 107 0.415793 0.194499 -0.888418
-0.023439 0.021309 0.063837 118 99 53 0.396108 0.519412 -0.757172
-0.025569 0.020765 0.062257 150 122 61 -0.335142 -0.594943 0.730563
-0.027126 0.028225 0.056487 103 107 71 0.751551 -0.622140 0.219345
-0.025868 0.028056 0.063221 100 87 43 0.614060 -0.709227 -0.346305
-0.028025 0.022123 0.062486 133 114 63 -0.402068 -0.690700 0.601062
-0.028494 0.025846 0.061964 97 87 45 0.764717 -0.615983 -0.189134
-0.024752 0.022707 0.064884 121 103 54 0.151339 0.811488 -0.564432
-0.028922 0.019691 0.060093 192 165 96 -0.225345 -0.649125 0.726537
-0.031463 0.021512 0.059622 211 204 144 0.931827 -0.067224 -0.356621
-0.031187 0.022356 0.059941 212 205 146 0.877080 -0.265652 -0.400199
-0.028298 0.026170 0.061663 102 87 47 0.761189 -0.628275 -0.160814
-0.029142 0.018193 0.058744 138 119 73 -0.253441 -0.632891 0.731585
-0.027893 0.022320 0.062884 121 104 58 -0.400930 -0.736923 0.544242
-0.027828 0.027895 0.057794 162 163 116 0.791335 -0.595777 0.137255
-0.030699 0.022577 0.060554 158 152 102 0.823925 -0.271757 -0.497288
-0.029832 0.022219 0.061711 165 137 70 -0.584415 -0.397436 0.707463
-0.030982 0.020551 0.060010 190 173 118 -0.560643 -0.495577 0.663387
-0.026908 0.024809 0.065418 188 166 99 -0.674808 0.227929 0.701913
-0.023610 0.019845 0.063166 145 120 63 0.598228 0.208422 -0.773746
-0.026110 0.023351 0.065473 169 145 83 -0.223134 -0.803905 0.551314
-0.025641 0.027636 0.064706 125 107 59 0.589929 -0.734142 -0.336184
-0.027400 0.027940 0.056536 107 106 74 0.758299 -0.614225 0.218427
-0.031003 0.022026 0.056575 100 104 62 0.894742 -0.437889 0.087697
-0.028142 0.017476 0.058650 115 104 65 0.430162 0.599565 -0.674895
-0.029200 0.020474 0.060672 194 167 94 -0.252025 -0.602643 0.757169
-0.031815 0.020655 0.056877 131 125 63 0.811723 -0.564781 0.148759
-0.029570 0.022263 0.061916 158 135 69 -0.524529 -0.472392 0.708319
-0.031360 0.021733 0.059861 212 205 148 0.902072 -0.133476 -0.410427
-0.028285 0.020471 0.061073 176 150 83 -0.279503 -0.648275 0.708250
-0.032080 0.020386 0.057180 143 141 77 0.863266 -0.503121 0.040503
-0.027497 0.026919 0.062168 102 87 43 0.710910 -0.659852 -0.243316
-0.027888 0.023593 0.064476 178 151 77 0.683197 0.333849 -0.649451
-0.031486 0.021034 0.056216 131 135 83 0.874451 -0.480866 0.064054
-0.030789 0.023469 0.059692 214 203 141 0.823794 -0.551249 -0.132243
-0.025672 0.020422 0.061997 143 117 62 -0.350443 -0.482345 0.802828
-0.030703 0.021677 0.060898 183 169 109 0.711747 0.024191 -0.702020
-0.026224 0.018325 0.060479 167 141 84 0.460882 0.535551 -0.707653
-0.025867 0.018704 0.060987 146 123 68 0.437548 0.482563 -0.758739
-0.029862 0.023701 0.061636 141 122 65 0.870934 -0.383969 -0.306662
-0.031685 0.021252 0.057635 154 149 94 0.855803 -0.437332 0.276300
-0.030016 0.024119 0.057430 114 109 73 0.850948 -0.510453 0.123792
-0.027640 0.019119 0.060198 151 130 81 -0.382207 -0.538348 0.751065
-0.028657 0.023319 0.063684 147 129 75 0.673724 0.424951 -0.604576
-0.030012 0.023153 0.061790 157 134 71 0.878043 -0.126181 -0.461649
-0.026961 0.026040 0.064742 155 136 77 0.704778 -0.396861 -0.588039
-0.027600 0.027446 0.060376 107 92 46 0.777700 -0.596527 -0.198339
