0.008687 0.089933 0.053201 192 187 64 0.049365 0.009241 0.998738
0.008672 0.090269 0.053198 197 191 69 0.059574 0.011051 0.998163
0.007799 0.089948 0.053215 187 185 68 -0.048633 0.022650 -0.998560
0.007937 0.090192 0.053224 192 190 71 -0.067438 0.018749 -0.997547
0.008385 0.089768 0.053179 179 175 56 -0.039956 0.001737 -0.999200
0.008256 0.090205 0.053199 196 190 72 0.070960 -0.008528 0.997443
0.008207 0.091607 0.053313 177 174 62 -0.147410 0.112345 -0.982674
0.008699 0.091335 0.053204 169 164 56 0.122553 -0.085546 0.988768
0.008724 0.091960 0.053295 188 184 60 0.150026 -0.131468 0.979902
0.008732 0.089310 0.053172 171 166 57 -0.037509 -0.012791 -0.999214
0.008901 0.093944 0.053424 205 197 71 0.033852 0.062955 -0.997442
0.017456 0.098511 0.053170 209 203 82 -0.031000 -0.051254 -0.998204
0.014908 0.092274 0.053226 191 184 61 -0.024598 -0.009921 0.999648
0.015892 0.084796 0.052619 164 158 52 -0.053310 -0.435466 0.898626
0.016608 0.084989 0.052805 160 154 46 -0.097468 -0.442650 0.891381
0.016767 0.084704 0.052633 156 148 45 0.070717 0.472948 -0.878248
0.009321 0.096001 0.053586 221 212 80 0.001533 0.017828 -0.999840
0.009013 0.095641 0.053587 220 211 81 0.026398 0.040412 -0.998834
0.009897 0.088554 0.053174 197 190 68 -0.077249 -0.083370 -0.993520
0.009456 0.091196 0.053117 195 188 69 0.083559 -0.067864 0.994189
0.009866 0.091040 0.053068 200 193 68 0.080626 -0.079603 0.993561
0.010679 0.089985 0.052986 205 196 68 0.102436 0.072122 0.992122
0.013568 0.084763 0.052832 186 178 61 -0.071342 0.224818 -0.971786
0.013273 0.085035 0.052879 192 187 62 -0.072042 0.208321 -0.975404
0.017439 0.096746 0.053237 217 208 79 0.036052 0.013395 0.999260
0.019006 0.097389 0.053166 201 195 70 0.021121 0.062420 0.997826
0.019634 0.097446 0.053158 197 190 71 0.035957 0.068542 0.997000
0.013398 0.097381 0.053401 210 205 74 -0.075420 -0.030705 -0.996679
0.014077 0.097136 0.053389 215 207 77 0.045938 0.045168 0.997923
0.013733 0.097193 0.053393 211 204 79 0.053580 0.035531 0.997931
0.013114 0.097425 0.053424 214 207 78 -0.079475 -0.026368 -0.996488
0.014384 0.096969 0.053379 217 207 74 0.058415 0.020973 0.998072
0.014678 0.096868 0.053359 215 207 78 0.074129 0.007162 0.997223
0.013683 0.097585 0.053366 212 208 74 -0.059014 -0.059687 -0.996471
0.012716 0.097289 0.053467 222 213 83 -0.067659 -0.023047 -0.997442
0.013118 0.097120 0.053445 217 210 77 0.082671 0.013867 0.996480
0.014295 0.097363 0.053358 221 212 79 0.054408 0.055520 0.996974
0.014621 0.097220 0.053350 218 210 80 0.071710 0.047209 0.996308
0.013833 0.096841 0.053398 210 204 78 0.053911 0.004745 0.998534
0.014947 0.096677 0.053324 216 208 79 0.080778 -0.020980 0.996511
0.013920 0.097398 0.053367 211 205 78 0.058468 0.052251 0.996921
0.014491 0.096626 0.053363 213 206 77 0.070297 -0.022230 0.997278
0.014110 0.096805 0.053392 214 206 78 0.053504 0.005969 0.998550
0.014874 0.097116 0.053335 213 206 75 0.078128 0.033990 0.996364
0.013437 0.096957 0.053413 212 204 75 0.073588 0.013431 0.997198
0.015083 0.096945 0.053311 216 206 77 0.075977 0.011082 0.997048
0.014696 0.096431 0.053339 210 205 73 0.079824 -0.046443 0.995726
0.015203 0.096468 0.053288 208 200 73 0.060004 -0.041683 0.997327
0.015865 0.096621 0.053273 202 197 72 0.011676 -0.018100 0.999768
0.020869 0.094411 0.053317 210 200 75 -0.014350 0.006718 0.999874
0.015453 0.096362 0.053272 200 193 67 0.034149 -0.030514 0.998951
0.015476 0.096736 0.053275 213 203 71 0.038708 -0.009971 0.999201
0.015886 0.096196 0.053260 194 188 66 0.012770 -0.034560 0.999321
0.014951 0.096269 0.053310 205 197 72 0.071144 -0.049248 0.996250
0.020475 0.094469 0.053307 207 200 69 -0.021826 0.015699 0.999639
0.018744 0.095098 0.053279 212 204 77 -0.025944 0.040749 0.998833
0.012590 0.096960 0.053503 223 212 79 -0.058744 0.011340 -0.998209
0.012349 0.097122 0.053502 218 208 76 -0.033462 -0.004011 -0.999432
0.019245 0.094869 0.053288 208 202 73 0.008769 0.033084 0.999414
0.021017 0.094740 0.053309 212 202 75 -0.007825 0.045908 0.998915
0.012868 0.096917 0.053483 219 210 81 -0.070330 0.010420 -0.997469
0.018826 0.095515 0.053271 215 206 76 -0.019927 0.034593 0.999203
0.013741 0.097852 0.053343 223 213 85 -0.059416 -0.064816 -0.996127
0.016196 0.096389 0.053268 203 196 70 0.012065 -0.026938 0.999564
0.021274 0.094226 0.053317 208 201 75 -0.003026 -0.018192 0.999830
0.017115 0.098939 0.053154 222 214 83 -0.029038 -0.054415 -0.998096
0.017423 0.098752 0.053159 213 206 79 -0.030411 -0.051509 -0.998209
0.011961 0.097148 0.053484 209 201 69 -0.023131 -0.009329 -0.999689
0.020560 0.094795 0.053293 213 205 74 -0.016551 0.042344 0.998966
0.019673 0.094690 0.053287 219 208 76 0.008764 0.031510 0.999465
0.013136 0.096729 0.053450 206 200 72 0.084363 -0.034344 0.995843
0.014394 0.097621 0.053322 219 210 82 -0.056454 -0.073722 -0.995680
0.017761 0.098603 0.053153 211 203 75 -0.033659 -0.050107 -0.998177
0.014045 0.097678 0.053338 217 209 78 -0.052891 -0.066873 -0.996359
0.021546 0.094105 0.053310 208 200 71 -0.014739 0.032505 -0.999363
0.020182 0.094564 0.053286 220 210 85 -0.012142 0.028206 0.999528
0.018354 0.095119 0.053260 210 204 70 -0.044216 0.037814 0.998306
0.014671 0.097506 0.053320 218 209 79 0.068611 0.059802 0.995850
0.020472 0.094152 0.053311 197 192 67 -0.012974 -0.022092 0.999672
0.021700 0.094003 0.053311 209 200 71 -0.012911 0.038920 -0.999159
0.019324 0.095278 0.053277 214 208 80 0.009724 0.032561 0.999422
0.018943 0.094965 0.053278 213 204 78 -0.014012 0.037730 0.999190
0.015166 0.096070 0.053267 193 185 59 0.050876 -0.041967 0.997823
0.016086 0.095881 0.053236 194 185 62 0.017432 -0.052173 0.998486
0.021354 0.094527 0.053316 207 201 70 -0.006115 -0.007808 -0.999951
0.019305 0.094548 0.053301 199 196 62 0.010997 0.029934 0.999491
0.019942 0.095008 0.053261 219 210 78 0.005934 0.038233 0.999251
0.018741 0.098057 0.053141 208 201 72 -0.031324 -0.048662 -0.998324
0.014934 0.097379 0.053308 210 202 74 0.070465 0.047224 0.996396
0.018076 0.098422 0.053147 209 202 74 -0.036833 -0.045313 -0.998294
0.018565 0.095433 0.053255 215 207 74 -0.035962 0.032165 0.998835
0.020284 0.094970 0.053272 219 211 81 -0.011611 0.044382 0.998947
0.021636 0.094354 0.053320 208 200 70 -0.010347 -0.000672 -0.999946
0.020193 0.094254 0.053299 208 202 71 -0.014043 -0.005614 0.999886
0.013381 0.096600 0.053418 197 193 68 0.063360 -0.032416 0.997464
0.016671 0.096032 0.053240 208 201 69 0.003143 -0.044559 0.999002
0.020745 0.094027 0.053307 199 192 64 -0.012458 -0.042167 0.999033
0.016328 0.096131 0.053249 200 193 65 0.006738 -0.046465 0.998897
0.018028 0.095133 0.053226 212 205 72 -0.052141 0.033793 0.998068
0.019020 0.094687 0.053295 206 198 68 -0.002391 0.037990 0.999275
0.019565 0.095008 0.053279 212 205 74 0.014457 0.032796 0.999358
0.018752 0.094703 0.053294 202 197 68 -0.015536 0.041936 0.998999
0.016371 0.095724 0.053209 200 190 64 0.001932 -0.055506 0.998456
0.016953 0.095559 0.053231 205 199 71 -0.005725 -0.038341 0.999248
0.016960 0.095854 0.053239 206 198 68 -0.000219 -0.042929 0.999078
0.019282 0.097802 0.053132 198 191 66 -0.029088 -0.064029 -0.997524
0.016680 0.095609 0.053217 201 196 67 -0.010142 -0.049092 0.998743
0.013686 0.096453 0.053399 198 194 65 0.055937 -0.046266 0.997362
0.015218 0.097200 0.053289 205 199 69 0.055384 0.027084 0.998098
0.019603 0.094447 0.053293 205 200 74 0.014217 0.016575 0.999762
0.017193 0.098460 0.053180 210 204 77 -0.028881 -0.051030 -0.998279
0.015997 0.096961 0.053276 213 205 78 0.011196 0.006353 0.999917
0.019884 0.094327 0.053289 214 205 79 -0.000540 0.000760 1.000000
0.014086 0.096229 0.053367 202 196 68 0.054270 -0.065100 0.996402
0.021863 0.093654 0.053291 201 198 71 -0.011617 0.085592 -0.996263
0.015302 0.095773 0.053249 192 185 61 0.041423 -0.038806 0.998388
0.016613 0.098732 0.053172 220 212 82 -0.024122 -0.059071 -0.997962
0.019677 0.097588 0.053140 195 191 70 -0.036659 -0.068387 -0.996985
0.021182 0.096983 0.053137 211 202 70 -0.016907 -0.063164 -0.997860
0.016876 0.098587 0.053175 221 212 80 -0.026525 -0.056839 -0.998031
0.021239 0.093820 0.053293 204 197 70 -0.003306 -0.063286 0.997990
0.018263 0.095439 0.053237 216 209 78 -0.039380 0.028240 0.998825
0.015746 0.095747 0.053243 194 185 63 0.036500 -0.046348 0.998258
0.018947 0.097847 0.053141 203 198 69 -0.028958 -0.060551 -0.997745
0.015699 0.096984 0.053274 205 200 71 0.024693 0.008999 0.999655
0.017227 0.095829 0.053239 207 199 70 0.011054 -0.028044 0.999546
0.016777 0.096578 0.053265 218 208 78 0.026917 -0.003444 0.999632
0.017575 0.098328 0.053175 209 202 77 -0.033268 -0.048863 -0.998251
0.018226 0.094849 0.053271 201 193 70 -0.048881 0.047407 0.997679
0.020019 0.097447 0.053132 206 198 74 -0.038164 -0.066827 -0.997034
0.021396 0.096732 0.053142 210 200 72 -0.012442 -0.075759 -0.997049
0.021553 0.093750 0.053294 207 198 72 -0.004896 0.069660 -0.997559
0.016348 0.096746 0.053269 210 201 72 0.016393 -0.002033 0.999864
0.018362 0.098188 0.053144 216 207 75 -0.035751 -0.043220 -0.998426
0.020595 0.097101 0.053129 208 202 74 -0.027956 -0.057626 -0.997947
0.012169 0.096819 0.053514 211 204 72 -0.019777 0.003139 -0.999799
0.015418 0.097053 0.053278 211 201 69 0.041593 0.014331 0.999032
0.012411 0.096738 0.053522 212 205 75 0.040441 -0.031515 0.998685
0.019367 0.095671 0.053268 217 209 80 0.015109 0.037524 0.999181
0.014350 0.096058 0.053335 206 198 71 0.066464 -0.075120 0.994957
0.018487 0.097841 0.053161 209 203 77 0.033689 0.042814 0.998515
0.020886 0.096949 0.053137 216 205 77 -0.017829 -0.062973 -0.997856
0.019689 0.095617 0.053259 209 203 73 0.019397 0.044183 0.998835
0.017475 0.095645 0.053227 214 205 76 0.003202 -0.021296 0.999768
0.017109 0.095291 0.053212 216 208 81 -0.017128 -0.019092 0.999671
0.012681 0.096589 0.053498 216 206 77 0.062282 -0.057932 0.996376
0.021719 0.096678 0.053154 209 202 74 -0.010891 -0.077925 -0.996900
0.019062 0.095699 0.053266 218 206 78 -0.008693 0.033403 0.999404
0.017685 0.095153 0.053201 222 212 80 -0.033580 0.013227 0.999348
0.017859 0.098146 0.053174 212 205 74 0.037385 0.044384 0.998315
0.017912 0.094849 0.053247 209 203 68 -0.056943 0.045372 0.997346
0.011739 0.096904 0.053484 209 203 70 -0.023387 -0.009750 -0.999679
0.020299 0.097227 0.053127 206 198 72 -0.029384 -0.061278 -0.997688
0.016006 0.095414 0.053207 195 187 64 0.028185 -0.041618 0.998736
0.018145 0.097873 0.053174 217 209 79 0.037928 0.039060 0.998517
0.014668 0.095971 0.053304 197 190 68 0.060587 -0.061855 0.996245
0.019781 0.097190 0.053165 209 198 74 0.039041 0.068571 0.996882
0.016982 0.096347 0.053259 217 208 78 0.023363 -0.012379 0.999650
0.019074 0.098075 0.053129 209 199 68 -0.031180 -0.061478 -0.997621
0.020743 0.095086 0.053281 203 198 72 -0.010915 0.059249 0.998184
0.017400 0.095092 0.053207 224 214 88 -0.026869 -0.000452 0.999639
0.018718 0.095830 0.053255 210 203 77 -0.024322 0.029377 0.999272
0.021151 0.095022 0.053288 209 201 71 -0.001441 0.062317 0.998055
0.017901 0.095397 0.053219 215 207 73 -0.035722 0.012191 0.999287
0.011523 0.096989 0.053480 211 203 72 -0.031399 -0.016293 -0.999374
0.021665 0.094804 0.053302 215 204 75 -0.016872 -0.045873 -0.998805
0.020323 0.096892 0.053154 210 202 75 0.029962 0.058969 0.997810
0.019234 0.094242 0.053316 192 184 62 0.014152 0.002525 0.999897
0.019148 0.097432 0.053163 203 193 70 0.026681 0.065240 0.997513
0.018404 0.095827 0.053237 218 209 82 -0.031791 0.026684 0.999138
0.019997 0.095374 0.053256 212 204 70 0.008592 0.043464 0.999018
0.020088 0.097008 0.053156 207 200 74 -0.035480 -0.059586 -0.997592
0.020447 0.095176 0.053267 214 206 76 -0.007874 0.056042 0.998397
0.016601 0.095190 0.053190 199 190 68 -0.020264 -0.022575 0.999540
0.016322 0.095285 0.053179 191 183 63 -0.001440 -0.032777 0.999462
0.018748 0.097552 0.053160 203 194 68 0.025440 0.052452 0.998299
0.019375 0.097328 0.053170 204 195 73 0.027173 0.067375 0.997358
0.012914 0.096328 0.053447 205 200 70 0.087520 -0.079924 0.992951
0.017403 0.096183 0.053232 204 197 70 0.021194 -0.009061 0.999734
0.021601 0.096430 0.053163 216 206 76 -0.012207 -0.078088 -0.996872
0.016220 0.098613 0.053190 215 207 76 -0.023274 -0.057736 -0.998061
0.018967 0.094402 0.053310 196 189 65 -0.000308 0.028745 0.999587
0.017584 0.094764 0.053227 219 208 77 -0.048108 0.035649 0.998206
0.020825 0.096551 0.053158 214 204 73 0.017791 0.067604 0.997554
0.016896 0.094979 0.053201 212 202 77 -0.023223 0.001326 0.999729
0.021267 0.096361 0.053167 212 202 71 0.011233 0.077460 0.996932
0.016487 0.098451 0.053188 218 208 84 -0.023106 -0.058514 -0.998019
0.016837 0.098218 0.053198 210 202 74 0.025629 0.054950 0.998160
0.019526 0.094162 0.053307 194 191 67 0.016278 -0.005736 0.999851
0.018508 0.094349 0.053305 197 189 64 -0.025271 0.032635 0.999148
0.017937 0.095933 0.053218 207 199 74 -0.004795 -0.001612 0.999987
0.020361 0.093768 0.053290 195 188 60 -0.004453 -0.052243 0.998624
0.011997 0.096525 0.053506 214 206 79 0.028720 -0.003006 0.999583
0.017241 0.094871 0.053195 220 212 88 -0.026443 0.013628 0.999557
0.020079 0.093952 0.053296 198 192 63 -0.000811 -0.037663 0.999290
0.017169 0.098095 0.053202 209 203 70 0.030262 0.049752 0.998303
0.020519 0.096764 0.053151 214 207 83 0.027269 0.064109 0.997570
0.017623 0.095995 0.053224 203 193 69 0.014033 -0.010073 0.999851
0.019718 0.093917 0.053294 199 191 66 0.018418 -0.040890 0.998994
0.015388 0.095463 0.053250 202 193 69 0.041527 -0.033867 0.998563
0.014765 0.095658 0.053265 190 185 62 0.048588 -0.056829 0.997201
0.012301 0.096440 0.053514 215 205 74 0.048135 -0.034231 0.998254
0.014465 0.098011 0.053285 202 195 68 -0.057508 -0.074080 -0.995593
0.017425 0.097996 0.053200 215 206 75 0.035715 0.045754 0.998314
0.018118 0.094490 0.053288 197 190 63 -0.052029 0.047140 0.997532
0.015677 0.095356 0.053232 203 193 70 0.047252 -0.031224 0.998395
0.011628 0.096607 0.053492 213 207 79 0.036607 0.016181 0.999199
0.014658 0.097806 0.053290 208 201 73 -0.063831 -0.065893 -0.995783
0.020681 0.093588 0.053275 202 195 71 -0.000041 -0.076781 0.997048
0.015049 0.095552 0.053250 198 188 66 0.032602 -0.035357 0.998843
0.017696 0.097826 0.053194 216 208 78 0.037479 0.041011 0.998456
0.013722 0.095940 0.053369 198 189 67 0.049592 -0.095132 0.994229
0.013150 0.096091 0.053387 191 185 59 0.061992 -0.099024 0.993152
0.014976 0.097704 0.053283 212 204 75 0.058083 0.058595 0.996591
0.018360 0.097525 0.053180 207 199 70 0.032890 0.039238 0.998688
0.018042 0.097623 0.053183 215 209 74 0.040177 0.036415 0.998529
0.014022 0.095836 0.053338 204 193 65 0.048440 -0.091717 0.994606
0.016097 0.097240 0.053275 213 206 77 0.013969 0.021742 0.999666
0.021695 0.095948 0.053199 210 202 79 -0.010500 -0.082567 -0.996530
0.010948 0.096770 0.053532 214 207 77 -0.042667 -0.037931 -0.998369
0.019456 0.097029 0.053183 209 198 77 0.029575 0.068173 0.997235
0.017783 0.094489 0.053265 204 195 69 -0.061831 0.045186 0.997063
0.011263 0.096679 0.053505 209 204 72 -0.041696 -0.035111 -0.998513
0.012528 0.096209 0.053468 213 204 73 0.073319 -0.069572 0.994879
0.019040 0.097201 0.053182 191 188 66 0.018847 0.066607 0.997601
0.015194 0.097523 0.053273 208 201 67 0.051040 0.040168 0.997888
0.013402 0.095883 0.053361 196 189 67 0.045637 -0.097773 0.994162
0.016294 0.097097 0.053271 215 206 77 0.017713 0.019017 0.999662
0.015418 0.097383 0.053269 204 199 66 0.040727 0.037307 0.998474
0.019169 0.093921 0.053318 195 188 63 0.021644 -0.030098 0.999313
0.016488 0.094861 0.053196 200 192 67 -0.019614 -0.003782 0.999800
0.018906 0.094034 0.053322 196 188 68 0.011615 -0.004709 0.999921
0.017436 0.094562 0.053236 209 203 72 -0.054400 0.037418 0.997818
0.015749 0.097323 0.053263 207 199 67 0.017932 0.026751 0.999481
0.021406 0.096022 0.053187 216 207 80 -0.010333 -0.082507 -0.996537
0.015853 0.094999 0.053195 197 191 65 0.041424 -0.028371 0.998739
0.019980 0.096670 0.053184 214 206 78 0.041850 0.063295 0.997117
0.016649 0.097056 0.053252 210 205 70 0.030139 0.021887 0.999306
0.018673 0.097222 0.053180 196 190 69 0.015366 0.050555 0.998603
0.016900 0.096876 0.053248 216 207 77 0.031905 0.008061 0.999458
0.019651 0.096795 0.053189 214 204 77 0.040125 0.061112 0.997324
0.021762 0.093061 0.053222 180 180 64 -0.004315 0.112239 -0.993672
0.021020 0.096194 0.053183 209 202 71 0.013541 0.078181 0.996847
0.020632 0.096266 0.053181 217 205 79 0.020094 0.075210 0.996965
0.016101 0.098193 0.053216 205 201 75 0.022778 0.056717 0.998130
0.021702 0.095158 0.053285 215 203 76 -0.015064 -0.064249 -0.997820
0.015721 0.098442 0.053220 223 214 85 -0.030767 -0.050825 -0.998234
0.018572 0.094036 0.053319 201 191 70 -0.014447 0.003875 0.999888
0.020787 0.093238 0.053236 211 200 75 0.003936 -0.095260 0.995445
0.016788 0.094625 0.053209 209 202 70 -0.028862 0.016584 0.999446
0.019649 0.095882 0.053245 210 202 72 0.026496 0.051623 0.998315
0.018902 0.096129 0.053247 197 192 68 -0.004624 0.044358 0.999005
0.016401 0.098112 0.053213 202 197 73 0.024394 0.057776 0.998031
0.019273 0.096036 0.053253 208 199 72 0.014984 0.049490 0.998662
0.014190 0.095617 0.053300 206 196 69 0.043314 -0.082619 0.995639
0.020336 0.096495 0.053172 217 209 82 0.026807 0.067647 0.997349
0.016849 0.097920 0.053213 206 199 71 0.026799 0.053069 0.998231
0.020772 0.095495 0.053250 201 194 70 0.000740 0.072035 0.997402
0.014936 0.095307 0.053260 201 193 69 0.024829 -0.026296 0.999346
0.017235 0.097720 0.053218 215 208 76 0.034780 0.040803 0.998562
0.017111 0.096620 0.053256 220 210 80 0.032537 0.001344 0.999470
0.020300 0.095662 0.053246 210 202 69 0.010898 0.058265 0.998242
0.019416 0.093746 0.053302 199 191 61 0.025637 -0.055398 0.998135
0.021345 0.095329 0.053263 208 201 72 0.005444 0.078111 0.996930
0.017163 0.094610 0.053215 212 206 77 -0.032497 0.023837 0.999188
0.018212 0.094076 0.053310 200 192 65 -0.038236 0.021498 0.999037
0.018579 0.096207 0.053238 207 195 69 -0.013479 0.035132 0.999292
0.021029 0.095291 0.053267 202 196 70 0.000852 0.076635 0.997059
0.015202 0.095193 0.053250 207 200 76 0.030857 -0.023037 0.999258
0.017476 0.097553 0.053215 220 210 79 0.038003 0.035293 0.998654
0.016000 0.094859 0.053178 194 185 61 0.022532 -0.023088 0.999479
0.012745 0.095917 0.053399 191 187 63 0.102960 -0.083150 0.991204
0.019994 0.095730 0.053242 206 201 71 0.019062 0.051210 0.998506
0.018273 0.096230 0.053228 210 200 74 -0.005361 0.025624 0.999657
0.018837 0.096901 0.053202 182 177 59 0.007774 0.058103 0.998280
0.017753 0.097439 0.053204 215 209 76 0.038716 0.032102 0.998734
0.017938 0.094136 0.053292 206 197 70 -0.059604 0.032632 0.997689
0.017362 0.096459 0.053241 213 205 75 0.029133 0.000326 0.999575
0.015473 0.095007 0.053234 212 203 80 0.048529 -0.026960 0.998458
0.019662 0.093537 0.053261 203 193 67 0.016829 -0.068998 0.997475
0.017691 0.096377 0.053228 205 200 72 0.024130 0.005631 0.999693
0.019631 0.096459 0.053212 212 204 73 0.036112 0.061201 0.997472
0.017955 0.096289 0.053219 205 199 65 0.004875 0.020044 0.999787
0.019931 0.093454 0.053266 200 192 68 0.011074 -0.083259 0.996466
0.019075 0.096715 0.053217 190 184 65 0.010783 0.059235 0.998186
0.014389 0.095348 0.053262 205 198 67 0.036949 -0.059985 0.997515
0.021370 0.095703 0.053230 219 209 81 0.011131 0.088816 0.995986
0.021872 0.092754 0.053174 182 177 59 -0.017879 0.124185 -0.992098
0.021608 0.095672 0.053224 216 206 81 -0.008320 -0.085608 -0.996294
0.017633 0.094197 0.053261 201 193 69 -0.065960 0.036047 0.997171
0.020778 0.095961 0.053213 209 203 73 0.014170 0.084580 0.996316
0.018014 0.097220 0.053197 213 206 77 0.033977 0.033783 0.998851
0.012987 0.095719 0.053359 193 186 62 0.095018 -0.086035 0.991751
0.019363 0.096654 0.053205 204 196 72 0.026172 0.058602 0.997938
0.021093 0.095889 0.053218 212 204 74 0.014009 0.086879 0.996120
0.013437 0.095522 0.053320 210 201 74 0.050190 -0.094418 0.994267
0.017284 0.094223 0.053240 196 191 65 -0.054133 0.032708 0.997998
0.020127 0.096210 0.053204 219 209 76 0.031230 0.069298 0.997107
0.020452 0.096075 0.053207 216 208 75 0.020853 0.076286 0.996868
0.016076 0.097845 0.053240 206 201 73 0.022384 0.053319 0.998327
0.018510 0.096927 0.053187 195 190 70 0.006352 0.051515 0.998652
0.015706 0.098074 0.053237 219 213 81 0.027085 0.055195 0.998108
0.016969 0.097563 0.053232 217 208 76 0.034226 0.042607 0.998506
0.015341 0.098228 0.053243 227 216 87 -0.038815 -0.048491 -0.998069
0.016635 0.097658 0.053240 211 205 78 0.026604 0.048053 0.998490
0.015699 0.094739 0.053203 206 198 74 0.042139 -0.025041 0.998798
0.013161 0.095537 0.053327 200 193 66 0.067170 -0.086798 0.993959
0.016366 0.097781 0.053237 210 201 77 0.024539 0.052362 0.998327
0.018172 0.096926 0.053192 214 203 78 0.025043 0.039100 0.998921
0.016932 0.094239 0.053217 205 199 66 -0.039375 0.023724 0.998943
0.016359 0.094491 0.053203 199 192 65 -0.018115 0.015824 0.999711
0.017891 0.093871 0.053296 213 203 76 -0.049466 0.015746 0.998652
0.017318 0.097273 0.053229 221 212 80 0.039765 0.030289 0.998750
0.016565 0.094272 0.053208 210 199 68 -0.030695 0.015581 0.999407
0.021950 0.092511 0.053122 189 184 65 -0.019305 0.135323 -0.990613
0.019023 0.093604 0.053304 205 196 74 0.023814 -0.064866 0.997610
0.014955 0.094908 0.053258 213 205 77 0.025281 -0.024274 0.999386
0.016029 0.094561 0.053183 195 189 63 0.012568 -0.005192 0.999908
0.013694 0.095307 0.053287 216 209 84 0.036329 -0.078387 0.996261
0.017566 0.097103 0.053225 217 210 79 0.039226 0.027076 0.998863
0.018788 0.096513 0.053228 190 183 64 -0.004638 0.050274 0.998725
0.019476 0.097762 0.053119 191 187 64 -0.031824 -0.065604 -0.997338
0.021302 0.095598 0.053244 211 207 78 0.010239 0.087967 0.996071
0.021471 0.095417 0.053253 209 203 73 -0.010240 -0.082805 -0.996513
0.019318 0.093340 0.053272 207 196 68 0.030266 -0.090127 0.995470
0.020128 0.093060 0.053222 204 197 72 0.000756 -0.112750 0.993623
0.019753 0.096180 0.053221 208 200 75 0.033816 0.062127 0.997495
0.017806 0.096996 0.053212 216 208 78 0.034907 0.026535 0.999038
0.016605 0.098119 0.053207 206 198 74 0.023537 0.058641 0.998002
0.019299 0.096357 0.053231 200 195 71 0.021026 0.054528 0.998291
0.015200 0.094737 0.053248 217 210 82 0.042635 -0.030655 0.998620
0.019074 0.096415 0.053234 194 186 65 0.005342 0.053656 0.998545
0.015711 0.094499 0.053191 207 198 72 0.035920 -0.020659 0.999141
0.020602 0.095638 0.053245 207 200 68 0.003661 0.069957 0.997543
0.018413 0.096725 0.053205 202 194 70 0.003578 0.047284 0.998875
0.014366 0.094980 0.053246 208 199 72 0.019147 -0.032417 0.999291
0.019954 0.095986 0.053226 215 205 77 0.026837 0.060102 0.997831
0.020200 0.095876 0.053231 210 204 71 0.015334 0.062705 0.997914
0.013966 0.095098 0.053259 214 206 81 0.024634 -0.050013 0.998445
0.014941 0.098073 0.053265 215 208 74 -0.054137 -0.048363 -0.997362
0.016759 0.097337 0.053251 214 205 76 0.032288 0.036703 0.998804
0.015480 0.094519 0.053210 214 205 77 0.041020 -0.027071 0.998792
0.018095 0.096791 0.053209 214 206 76 0.021388 0.031021 0.999290
0.015283 0.097940 0.053253 223 214 79 -0.044196 -0.048422 -0.997849
0.016416 0.097411 0.053262 214 205 78 0.026707 0.040250 0.998833
0.016064 0.097498 0.053261 212 205 75 0.019515 0.042428 0.998909
0.015737 0.097703 0.053246 216 208 74 0.024722 0.047035 0.998587
0.015439 0.097719 0.053252 217 209 80 0.036289 0.047335 0.998220
0.014622 0.094680 0.053246 211 202 75 0.016852 -0.020392 0.999650
0.017044 0.097212 0.053232 215 208 80 0.035854 0.028105 0.998962
0.020279 0.092702 0.053156 200 192 65 -0.036730 -0.153850 0.987411
0.016099 0.094186 0.053190 208 198 68 -0.008032 0.005086 0.999955
0.017277 0.096902 0.053241 218 209 78 0.037571 0.015722 0.999170
0.017617 0.096678 0.053230 216 207 78 0.034435 0.015528 0.999286
0.021412 0.095082 0.053279 211 202 74 -0.006468 -0.070741 -0.997474
0.021364 0.092418 0.053131 201 194 70 0.047914 -0.126360 0.990827
0.017540 0.093529 0.053275 214 205 82 -0.052669 0.009572 0.998566
0.019927 0.092643 0.053158 200 190 63 0.015363 -0.200721 0.979528
0.014893 0.094307 0.053240 214 204 80 0.031699 -0.026200 0.999154
0.018534 0.096448 0.053224 197 191 66 -0.008108 0.042333 0.999071
0.012471 0.095095 0.053404 194 185 67 0.165572 -0.021521 0.985963
0.019638 0.092590 0.053160 199 191 64 0.036293 -0.211068 0.976797
0.015932 0.093886 0.053197 209 201 75 -0.008254 0.009446 0.999921
0.015456 0.093938 0.053191 194 189 63 0.024820 -0.006942 0.999668
0.016477 0.096450 0.053272 209 201 73 0.012354 -0.024588 0.999621
0.011927 0.096760 0.053480 213 205 73 -0.018443 -0.007125 -0.999805
0.021399 0.091421 0.052942 210 203 80 -0.062260 -0.196164 0.978592
0.011712 0.094631 0.053514 206 199 74 0.084046 -0.075421 0.993604
0.009385 0.095373 0.053573 196 194 67 -0.037680 -0.043629 0.998337
0.019445 0.092063 0.053029 201 192 66 0.079356 -0.266417 0.960586
0.020896 0.091315 0.052884 221 213 82 -0.161201 -0.264132 0.950920
0.011631 0.096137 0.053503 214 207 74 0.065682 0.024580 0.997538
0.010579 0.094766 0.053582 195 189 61 0.024154 -0.079120 0.996572
0.019532 0.091737 0.052919 204 197 67 0.115551 -0.272028 0.955327
0.013633 0.096862 0.053389 212 203 75 0.058599 0.010154 0.998230
0.021683 0.090858 0.052927 213 205 77 0.157206 0.022118 -0.987318
0.009517 0.094951 0.053542 187 183 61 -0.056813 -0.065314 0.996246
0.018517 0.094835 0.053286 197 193 68 -0.035691 0.047930 0.998213
0.019812 0.091426 0.052746 211 203 73 0.042647 -0.287903 0.956710
0.014514 0.093169 0.053217 171 167 62 0.011184 -0.008262 0.999903
0.019431 0.091376 0.052818 205 198 67 0.143528 -0.230728 0.962374
0.015576 0.096058 0.053256 189 183 62 0.032104 -0.037088 0.998796
0.016665 0.092262 0.053265 211 203 78 0.010939 -0.005182 0.999927
0.016921 0.092150 0.053258 205 197 72 0.054580 -0.042063 0.997623
0.010356 0.094433 0.053557 198 192 69 0.017365 -0.137910 0.990293
0.020212 0.091104 0.052695 221 213 80 -0.089266 -0.168130 0.981715
0.018825 0.091500 0.052958 203 191 69 0.182420 -0.195879 0.963511
0.015978 0.098484 0.053205 216 208 78 -0.024547 -0.054333 -0.998221
0.019665 0.091079 0.052694 214 204 73 0.112412 -0.176456 0.977869
0.015525 0.092429 0.053230 198 191 64 -0.015315 0.029432 0.999449
0.020692 0.090679 0.052733 229 219 88 -0.207823 0.010178 0.978114
0.018984 0.091303 0.052883 204 192 70 0.195309 -0.200588 0.960010
0.019924 0.093719 0.053271 199 191 63 0.011863 -0.062444 0.997978
0.017445 0.091427 0.053143 192 189 69 0.097696 -0.037662 0.994503
0.021495 0.090083 0.053003 202 194 65 -0.139613 0.130983 0.981505
0.013562 0.092669 0.053194 188 182 59 -0.014482 -0.095118 0.995361
0.019539 0.090462 0.052653 222 213 87 0.101337 -0.017377 0.994700
0.013802 0.095596 0.053309 208 201 77 0.037369 -0.096968 0.994586
0.018309 0.097163 0.053190 213 202 74 0.021568 0.044918 0.998758
0.013326 0.095319 0.053290 211 202 77 0.062564 -0.081726 0.994689
0.013603 0.092231 0.053171 190 183 62 -0.062131 -0.112451 0.991713
0.009819 0.093692 0.053445 217 209 79 0.018728 -0.145959 0.989113
0.013987 0.095408 0.053292 213 205 79 0.034155 -0.078410 0.996336
0.016647 0.096305 0.053267 209 203 72 0.013165 -0.024728 0.999608
0.020774 0.089625 0.052931 201 193 67 -0.209558 0.153268 0.965709
0.017893 0.096627 0.053223 214 206 74 0.022141 0.020228 0.999550
0.013017 0.092077 0.053088 183 173 52 -0.018721 -0.112889 0.993431
0.010880 0.092769 0.053293 184 178 55 0.009858 -0.159475 0.987153
0.020217 0.092422 0.053111 200 191 64 -0.060592 -0.181832 0.981461
0.012198 0.092184 0.053140 192 185 65 0.031392 -0.159775 0.986654
0.017193 0.096129 0.053246 206 202 72 0.024800 -0.016816 0.999551
0.018376 0.090117 0.052897 203 196 69 0.238002 -0.039301 0.970469
0.019207 0.092798 0.053212 197 189 64 0.043027 -0.151455 0.987527
0.015777 0.090849 0.053260 195 190 65 -0.017083 0.002183 0.999852
0.010305 0.092569 0.053257 186 179 59 0.023302 -0.126012 0.991755
0.019772 0.092219 0.053050 200 192 63 0.013218 -0.272348 0.962108
0.020191 0.092104 0.052998 205 197 68 -0.093409 -0.296826 0.950352
0.015391 0.090690 0.053260 189 182 60 0.008926 0.034799 0.999354
0.009360 0.096252 0.053578 218 208 79 -0.003610 0.016590 -0.999856
0.018189 0.095933 0.053225 216 207 82 -0.017319 0.016542 0.999713
0.021163 0.096686 0.053160 209 201 67 0.013261 0.073856 0.997181
0.017934 0.097827 0.053179 218 208 81 0.040029 0.039738 0.998408
0.010488 0.091936 0.053197 195 189 67 0.045805 -0.118235 0.991929
0.017608 0.095431 0.053223 216 208 82 -0.009943 -0.010661 0.999894
0.014210 0.097945 0.053301 208 202 75 -0.052909 -0.074287 -0.995832
0.011790 0.091129 0.052998 204 200 71 -0.042574 -0.090410 0.994994
0.010691 0.091404 0.053116 202 196 73 0.080282 -0.167436 0.982609
0.011862 0.096369 0.053471 218 209 81 0.036013 0.001274 0.999351
0.009352 0.091705 0.053181 187 179 58 0.089807 -0.102383 0.990683
0.017876 0.088723 0.053026 185 180 60 0.229322 0.029556 0.972902
0.019038 0.095274 0.053278 217 209 79 -0.009026 0.035701 0.999322
0.015418 0.093693 0.053188 193 187 67 0.024810 0.001234 0.999691
0.021905 0.090391 0.052999 198 192 65 0.143549 -0.068309 -0.987283
0.010802 0.091902 0.053165 200 194 70 0.094705 -0.127082 0.987361
0.012299 0.096142 0.053468 211 203 71 0.077792 -0.041648 0.996099
0.014946 0.089316 0.053267 200 188 65 0.004219 0.034254 0.999404
0.012752 0.090059 0.052997 180 170 57 -0.102119 -0.045227 0.993743
0.015173 0.088953 0.053276 193 184 68 0.032060 0.023584 0.999208
0.013562 0.096167 0.053386 190 184 60 0.050848 -0.069167 0.996308
0.013959 0.096525 0.053375 209 201 72 0.056363 -0.029123 0.997986
0.021388 0.087043 0.053159 180 173 58 0.083420 -0.016838 -0.996372
0.014293 0.096552 0.053356 212 204 78 0.056572 -0.028074 0.998004
0.016049 0.088309 0.053190 191 184 66 0.062289 -0.062658 0.996089
0.015472 0.088532 0.053267 170 164 57 0.068523 -0.015743 0.997525
0.015265 0.096746 0.053275 214 207 79 0.067090 -0.020646 0.997533
0.012026 0.092858 0.053300 182 174 57 0.048013 -0.177071 0.983026
0.011635 0.091183 0.052980 208 204 72 -0.032978 -0.100302 0.994410
0.013912 0.096090 0.053379 192 188 65 0.050004 -0.071847 0.996161
0.019485 0.086558 0.053113 201 192 68 0.046653 -0.059745 -0.997123
0.015662 0.096522 0.053268 203 196 71 0.024128 -0.022190 0.999463
0.011914 0.092485 0.053215 186 181 57 0.010482 -0.198585 0.980028
0.013786 0.088162 0.053235 173 170 59 -0.104986 0.051828 0.993122
0.014677 0.087766 0.053265 195 186 67 0.024105 -0.060880 0.997854
0.019333 0.097604 0.053147 195 189 65 0.028223 0.066276 0.997402
0.009419 0.089537 0.053143 197 188 65 0.064666 0.034813 0.997299
0.012577 0.091765 0.053098 195 183 61 0.009272 -0.092275 0.995690
0.011114 0.088769 0.053086 194 186 64 0.047757 0.135829 0.989581
0.015679 0.087216 0.053182 213 202 117 0.021636 -0.023111 0.999499
0.011116 0.088283 0.053147 199 192 67 0.048310 0.099668 0.993847
0.017517 0.089491 0.053129 206 199 75 0.177051 0.027896 0.983806
0.010107 0.088862 0.053128 194 187 63 0.087417 0.086153 0.992439
0.015872 0.086911 0.053211 200 195 109 -0.029946 -0.044548 0.998558
0.013455 0.097698 0.053356 216 209 78 -0.068593 -0.057493 -0.995987
0.015209 0.086895 0.053191 197 193 85 0.056338 -0.090422 0.994309
0.020062 0.092827 0.053194 201 193 66 -0.000358 -0.149268 0.988797
0.017671 0.088954 0.053098 204 194 71 0.239410 0.004621 0.970908
0.016131 0.086526 0.053188 190 182 72 -0.070115 -0.074257 0.994771
0.014705 0.086870 0.053257 185 177 60 0.073409 -0.120898 0.989947
0.015252 0.086602 0.053148 200 196 80 0.040950 -0.170495 0.984507
0.016212 0.086129 0.053135 187 182 61 -0.121920 -0.117470 0.985564
0.017784 0.095694 0.053230 211 203 72 -0.007360 0.001191 0.999972
0.012113 0.089412 0.052802 193 187 65 -0.025620 0.072511 0.997039
0.014381 0.086538 0.053215 191 183 67 0.033498 -0.197417 0.979747
0.012904 0.089601 0.052866 174 167 54 -0.169565 0.046594 0.984417
0.010307 0.091361 0.053107 201 193 64 0.051077 -0.168465 0.984383
0.010847 0.091201 0.053046 207 199 73 0.084495 -0.165144 0.982643
0.017640 0.088422 0.053084 194 187 64 0.194388 0.026216 0.980574
0.011331 0.092306 0.053152 194 188 71 0.021283 -0.189899 0.981573
0.016567 0.094620 0.053209 203 196 66 -0.027093 0.012134 0.999559
0.020356 0.096288 0.053195 218 210 80 0.023687 0.071749 0.997141
0.020955 0.096408 0.053171 208 202 72 0.014442 0.073581 0.997185
0.016003 0.085397 0.052970 191 182 58 -0.133035 -0.342869 0.929915
0.016217 0.085133 0.052862 165 160 52 -0.120033 -0.437759 0.891044
0.012906 0.088662 0.053040 172 166 52 -0.111501 0.114544 0.987141
0.013539 0.088701 0.053161 173 166 56 -0.145094 0.042033 0.988525
0.013104 0.088357 0.053102 170 165 54 -0.084291 0.097114 0.991698
0.014722 0.088604 0.053301 167 166 53 -0.002369 0.014046 0.999899
0.011590 0.093178 0.053364 182 173 52 0.012812 -0.145788 0.989233
0.013472 0.087873 0.053185 166 159 51 -0.048709 0.102594 0.993530
0.014236 0.087798 0.053268 198 189 70 -0.032020 0.006399 0.999467
0.020778 0.094582 0.053311 209 201 75 -0.012916 0.033525 0.999354
0.017672 0.092768 0.053274 206 198 69 0.015792 -0.063638 0.997848
0.011979 0.091689 0.053066 204 195 68 -0.037532 -0.128371 0.991016
0.012681 0.095672 0.053371 189 184 58 0.120971 -0.056096 0.991070
0.017186 0.095006 0.053206 220 212 85 -0.023746 0.001947 0.999716
0.020955 0.096785 0.053159 212 204 75 -0.016599 -0.067076 -0.997610
0.009399 0.090066 0.053148 201 193 65 0.090617 0.047362 0.994759
0.020527 0.095443 0.053262 210 201 69 -0.001501 0.060244 0.998183
0.013288 0.096397 0.053413 196 189 66 0.073760 -0.060611 0.995432
0.008955 0.093231 0.053361 195 190 64 0.039030 -0.068144 0.996912
0.020375 0.087164 0.053090 198 190 62 -0.058729 0.077008 0.995299
0.020821 0.086918 0.053104 194 187 63 0.060459 -0.058712 -0.996442
0.021041 0.092445 0.053157 202 192 64 0.005218 -0.115935 0.993243
0.017459 0.087178 0.053183 183 176 58 0.057864 0.029591 0.997886
0.011800 0.092713 0.053272 181 176 60 0.011662 -0.203997 0.978902
0.010329 0.092131 0.053224 194 185 61 0.029942 -0.101898 0.994344
0.015631 0.091204 0.053206 216 205 76 -0.046984 0.013594 0.998803
0.020162 0.095112 0.053268 218 209 81 -0.002474 0.045514 0.998961
0.018320 0.095641 0.053236 221 210 78 -0.037673 0.025272 0.998971
0.015510 0.094819 0.053226 212 204 79 0.049531 -0.027887 0.998383
0.015137 0.095836 0.053239 190 184 61 0.042058 -0.045018 0.998100
0.014400 0.086154 0.053053 199 190 67 -0.029031 0.247561 -0.968437
0.015974 0.091506 0.053265 212 206 76 -0.034798 -0.000504 0.999394
0.016293 0.091364 0.053272 208 199 66 0.012780 -0.018294 0.999751
0.016532 0.091320 0.053260 204 196 68 0.060442 -0.022723 0.997913
0.015984 0.091781 0.053269 215 208 82 -0.036309 -0.002591 0.999337
0.016829 0.091180 0.053231 200 194 67 0.097238 -0.042153 0.994368
0.016368 0.091675 0.053276 208 200 72 -0.001679 -0.009644 0.999952
0.016670 0.091639 0.053255 201 195 67 0.071053 -0.025425 0.997148
0.016365 0.091077 0.053277 193 188 62 0.041174 -0.041735 0.998280
0.016928 0.091489 0.053218 196 190 69 0.096376 -0.036760 0.994666
0.017132 0.091002 0.053199 200 192 69 0.096307 -0.052301 0.993977
0.016764 0.090901 0.053234 189 187 65 0.090317 -0.068550 0.993551
0.017024 0.090859 0.053201 204 194 72 0.093062 -0.062946 0.993669
0.017394 0.090855 0.053163 203 197 72 0.097321 -0.050476 0.993972
0.016215 0.092079 0.053269 211 203 73 -0.007608 0.009478 0.999926
0.016664 0.092011 0.053267 211 202 73 0.032990 -0.019599 0.999263
0.017312 0.090205 0.053124 209 200 75 0.078125 -0.031775 0.996437
0.017332 0.090595 0.053139 206 199 73 0.088534 -0.057214 0.994429
0.017648 0.090617 0.053119 205 197 73 0.135512 -0.059340 0.988997
0.017464 0.091147 0.053162 199 190 68 0.109574 -0.045157 0.992952
0.017586 0.089707 0.053114 206 200 78 0.178944 0.026104 0.983513
0.016989 0.091859 0.053231 198 189 62 0.081863 -0.046270 0.995569
0.017703 0.090899 0.053128 204 196 75 0.143092 -0.049708 0.988460
0.017269 0.089380 0.053168 203 196 72 0.104994 0.044694 0.993468
0.017509 0.089352 0.053148 206 199 76 0.179305 0.021264 0.983564
0.017387 0.089934 0.053131 207 202 76 0.116356 0.010465 0.993152
0.017581 0.090261 0.053110 206 199 79 0.147141 -0.034000 0.988531
0.021947 0.089570 0.053098 187 181 60 0.101554 -0.109032 -0.988837
0.017860 0.090367 0.053059 205 197 77 0.186414 -0.046487 0.981371
0.022164 0.089276 0.053158 188 182 62 0.106258 -0.105580 -0.988717
0.017974 0.090648 0.053047 200 196 73 0.192419 -0.072711 0.978615
0.022075 0.089883 0.053071 203 194 69 0.102794 -0.113628 -0.988191
0.021984 0.088861 0.053179 168 166 55 -0.113117 0.093987 0.989126
0.021536 0.088863 0.053133 158 156 45 -0.116957 0.091170 0.988943
0.017408 0.089155 0.053170 205 196 74 0.149228 0.016543 0.988664
0.021652 0.089544 0.053071 181 176 53 -0.114042 0.106751 0.987724
0.017742 0.089183 0.053091 206 196 73 0.249403 0.011889 0.968327
0.017806 0.090087 0.053059 206 198 79 0.203319 -0.006349 0.979092
0.022097 0.088599 0.053215 174 172 58 0.108172 -0.069695 -0.991686
0.014072 0.089145 0.053229 189 181 59 -0.119775 0.038578 0.992051
0.021322 0.089536 0.053040 193 187 64 -0.137416 0.112525 0.984101
0.021598 0.089859 0.053028 195 190 68 -0.121757 0.119108 0.985387
0.021850 0.089223 0.053131 174 170 55 -0.110056 0.099009 0.988982
0.021547 0.089211 0.053101 170 164 51 -0.110250 0.098325 0.989028
0.021289 0.089866 0.053014 206 197 74 -0.156356 0.130088 0.979096
0.020949 0.088786 0.053067 175 171 55 -0.117970 0.100520 0.987916
0.021780 0.088708 0.053158 158 155 49 -0.115647 0.083943 0.989737
0.014950 0.088985 0.053287 188 183 69 0.012488 0.031421 0.999428
0.020977 0.089493 0.053001 202 194 68 -0.169499 0.125083 0.977560
0.018125 0.090009 0.052955 204 196 71 0.245369 -0.023894 0.969135
0.013681 0.089050 0.053190 186 179 60 -0.159523 0.041133 0.986337
0.021777 0.088441 0.053194 159 153 50 -0.107342 0.062224 0.992273
0.021252 0.089209 0.053049 175 175 56 -0.127853 0.098867 0.986853
0.018198 0.090363 0.052961 203 196 73 0.241381 -0.071266 0.967810
0.017802 0.088886 0.053066 195 188 64 0.231649 0.011644 0.972730
0.021316 0.088661 0.053115 160 156 49 -0.117499 0.079602 0.989878
0.020433 0.088800 0.053006 195 188 66 -0.139490 0.147750 0.979139
0.021498 0.088479 0.053157 156 153 51 -0.118167 0.076159 0.990069
0.020661 0.089440 0.052933 197 192 64 -0.199224 0.158273 0.967088
0.017904 0.089439 0.053032 203 196 73 0.263723 0.016119 0.964464
0.020999 0.088493 0.053103 170 165 52 -0.107633 0.083688 0.990662
0.022064 0.088326 0.053239 171 169 59 0.108276 -0.058299 -0.992410
0.014003 0.088786 0.053246 191 184 69 -0.126866 0.026433 0.991568
0.020697 0.088692 0.053040 189 183 60 -0.115930 0.114479 0.986638
0.020782 0.089034 0.053017 190 186 63 -0.137470 0.138238 0.980812
0.013409 0.088828 0.053150 183 176 57 -0.157720 0.059525 0.985688
0.018235 0.090854 0.052998 206 197 75 0.207143 -0.102328 0.972944
0.013086 0.088787 0.053108 175 167 54 -0.136021 0.083256 0.987201
0.018047 0.089655 0.052972 205 195 73 0.259876 0.001467 0.965641
0.020358 0.088481 0.053037 197 189 64 -0.127882 0.093514 0.987371
0.020525 0.089043 0.052981 196 189 61 -0.144763 0.151281 0.977833
0.015613 0.089402 0.053247 190 183 63 0.007751 0.029619 0.999531
0.020660 0.088378 0.053070 185 180 59 -0.111213 0.073661 0.991063
0.015244 0.089322 0.053253 197 186 66 0.014496 0.036271 0.999237
0.020298 0.089356 0.052879 203 199 70 -0.192835 0.187732 0.963105
0.013363 0.088537 0.053165 170 162 56 -0.139671 0.047932 0.989037
0.017380 0.089642 0.053140 206 200 74 0.110906 0.037558 0.993121
0.020048 0.088540 0.052977 196 189 64 -0.118416 0.100633 0.987851
0.012892 0.088460 0.053105 174 168 51 -0.088473 0.131406 0.987373
0.019781 0.088672 0.052944 197 189 64 -0.108171 0.126665 0.986030
0.016668 0.088678 0.053216 189 181 62 0.044259 -0.037263 0.998325
0.018069 0.089276 0.052976 199 190 69 0.255490 0.025703 0.966470
0.021599 0.088166 0.053189 168 160 47 -0.109740 0.050000 0.992702
0.020296 0.089129 0.052932 198 191 60 -0.168152 0.175843 0.969950
0.021290 0.088228 0.053137 164 158 50 -0.107500 0.054479 0.992711
0.018517 0.088686 0.052926 182 176 64 0.118118 0.099320 0.988020
0.018837 0.088629 0.052913 197 189 71 0.068276 0.109692 0.991618
0.022217 0.088067 0.053279 197 188 66 0.101911 -0.052031 -0.993432
0.021087 0.088971 0.053061 170 167 52 -0.127676 0.098146 0.986948
0.018061 0.088596 0.052986 175 170 59 0.203752 0.060499 0.977151
0.019083 0.089464 0.052789 221 211 84 0.097807 0.109718 0.989139
0.017836 0.089813 0.053030 205 198 75 0.227610 0.003564 0.973746
0.020094 0.088871 0.052949 196 191 64 -0.127908 0.155478 0.979523
0.018676 0.093232 0.053275 209 202 74 0.033243 -0.087807 0.995583
0.019127 0.088593 0.052899 201 193 70 0.024550 0.115187 0.993040
0.019095 0.089794 0.052756 218 211 85 0.144690 0.059404 0.987692
0.018289 0.089448 0.052898 199 193 72 0.225743 0.034035 0.973592
0.020982 0.088137 0.053124 184 174 56 -0.106263 0.052475 0.992952
0.019454 0.089151 0.052820 218 211 83 -0.016581 0.165665 0.986043
0.019518 0.089768 0.052708 226 219 92 0.036452 0.129481 0.990912
0.021075 0.093300 0.053249 206 199 71 0.001633 -0.103257 0.994653
0.018931 0.088964 0.052868 201 195 74 0.058801 0.126072 0.990277
0.019976 0.089222 0.052847 214 206 71 -0.120770 0.204201 0.971451
0.018061 0.091537 0.053114 208 200 67 0.129456 -0.113537 0.985064
0.020358 0.089637 0.052817 217 211 85 -0.204910 0.184100 0.961311
0.018630 0.089026 0.052865 190 186 68 0.114860 0.090803 0.989223
0.013778 0.088450 0.053242 182 174 60 -0.129740 0.029357 0.991113
0.019011 0.092759 0.053218 192 188 62 0.039995 -0.154931 0.987115
0.019789 0.088905 0.052906 200 197 65 -0.099668 0.168023 0.980732
0.021525 0.093402 0.053261 203 194 70 0.001590 0.097519 -0.995232
0.019450 0.088536 0.052922 202 192 67 -0.052941 0.119221 0.991455
0.020040 0.088271 0.053006 193 187 61 -0.111239 0.076571 0.990839
0.018546 0.089491 0.052825 204 197 73 0.180234 0.036041 0.982963
0.021875 0.088014 0.053230 171 165 56 0.106737 -0.041334 -0.993428
0.018942 0.088313 0.052938 203 195 73 0.046926 0.110796 0.992735
0.019210 0.088934 0.052866 203 197 73 0.015811 0.137232 0.990413
0.018322 0.089000 0.052917 179 174 58 0.187890 0.058215 0.980463
0.020345 0.088161 0.053053 188 181 61 -0.114920 0.066362 0.991156
0.021005 0.093609 0.053274 204 197 68 -0.001561 -0.086434 0.996256
0.019364 0.092788 0.053211 200 191 65 0.043277 -0.154839 0.986991
0.018713 0.092691 0.053223 196 192 69 0.059922 -0.142255 0.988015
0.018613 0.088355 0.052960 197 191 66 0.107243 0.115384 0.987515
0.018330 0.088386 0.052976 188 183 62 0.143262 0.108962 0.983668
0.020630 0.088050 0.053091 188 181 59 -0.108268 0.057960 0.992431
0.019490 0.088836 0.052891 199 195 70 -0.054145 0.142671 0.988288
0.019686 0.093249 0.053254 204 196 68 0.021802 -0.099197 0.994829
0.021871 0.093339 0.053256 184 182 58 -0.000719 0.104124 -0.994564
0.012966 0.088169 0.053169 176 168 55 -0.059297 0.129502 0.989805
0.018812 0.089691 0.052789 210 205 77 0.160332 0.048204 0.985885
0.020027 0.089492 0.052775 225 215 85 -0.132958 0.187247 0.973273
0.019712 0.088094 0.052959 202 194 66 -0.087280 0.083554 0.992674
0.020261 0.093391 0.053261 201 194 68 -0.002047 -0.089826 0.995955
0.013580 0.088170 0.053209 164 160 54 -0.095840 0.068409 0.993043
0.021551 0.087839 0.053198 177 171 55 -0.103758 0.029174 0.994175
0.016656 0.089330 0.053205 201 194 69 0.085192 0.045959 0.995304
0.020455 0.092961 0.053214 207 199 72 -0.007220 -0.114783 0.993364
0.018351 0.093532 0.053317 205 197 73 -0.004817 -0.041190 0.999140
0.021592 0.092259 0.053133 201 196 72 0.049079 -0.132105 0.990020
0.021098 0.092196 0.053164 203 194 68 0.022311 -0.141713 0.989656
0.019410 0.088080 0.052933 209 202 70 -0.034289 0.098423 0.994554
0.022130 0.087738 0.053241 194 184 68 0.109055 -0.032706 -0.993498
0.015412 0.088317 0.053269 168 161 54 0.082019 -0.032671 0.996095
0.019744 0.088385 0.052945 197 189 62 -0.095762 0.100200 0.990348
0.021011 0.094067 0.053310 206 197 73 -0.006047 -0.033871 0.999408
0.017134 0.092513 0.053255 203 196 67 -0.000341 -0.032575 0.999469
0.020001 0.088028 0.053015 194 186 61 -0.106607 0.071724 0.991711
0.019702 0.089390 0.052759 223 216 86 -0.036666 0.172411 0.984342
0.018729 0.088061 0.052990 202 195 71 0.090817 0.114647 0.989246
0.020609 0.092662 0.053195 200 193 61 -0.030333 -0.131119 0.990902
0.020925 0.089208 0.053016 196 188 67 -0.149051 0.117385 0.981837
0.019227 0.088294 0.052924 204 197 74 -0.008870 0.104698 0.994464
0.021489 0.092866 0.053199 199 190 69 0.017623 -0.103943 0.994427
0.018818 0.089279 0.052819 210 202 76 0.098279 0.100347 0.990087
0.019074 0.089203 0.052826 210 208 85 0.046730 0.156334 0.986598
0.020879 0.087777 0.053127 193 183 60 -0.102702 0.038480 0.993968
0.019063 0.087981 0.052956 209 201 76 0.047687 0.110149 0.992770
0.013150 0.087894 0.053224 169 164 55 -0.037332 0.116090 0.992537
0.021183 0.087736 0.053157 185 180 60 -0.094871 0.025179 0.995171
0.019706 0.089098 0.052834 213 208 77 -0.079879 0.190640 0.978405
0.021824 0.087602 0.053212 182 177 60 0.103429 -0.025976 -0.994298
0.019668 0.087777 0.053003 210 200 75 -0.062065 0.089720 0.994031
0.020407 0.087818 0.053071 184 177 58 -0.101330 0.053541 0.993411
0.020064 0.087783 0.053042 192 186 61 -0.101399 0.063978 0.992786
0.021227 0.092690 0.053164 200 194 70 0.026307 -0.093008 0.995318
0.020099 0.089749 0.052735 226 219 88 -0.136944 0.173547 0.975258
0.021025 0.089793 0.052985 206 198 75 -0.183944 0.137815 0.973227
0.021362 0.087498 0.053181 180 175 56 0.091074 -0.017333 -0.995693
0.021078 0.091902 0.053129 207 199 73 -0.014646 -0.207651 0.978093
0.017897 0.087852 0.053114 184 179 60 0.112684 0.081746 0.990263
0.020448 0.095901 0.053222 211 203 73 0.017637 0.074628 0.997055
0.018454 0.094663 0.053293 195 187 63 -0.037987 0.047875 0.998131
0.013922 0.087782 0.053264 188 179 63 -0.044768 0.042613 0.998088
0.021008 0.095612 0.053246 207 199 75 0.008846 0.087868 0.996093
0.018964 0.087698 0.053013 210 202 78 0.057494 0.106368 0.992663
0.013626 0.087700 0.053240 167 161 49 -0.024173 0.072709 0.997060
0.020863 0.092368 0.053183 199 193 62 -0.029524 -0.125587 0.991643
0.019315 0.087750 0.052979 212 205 79 0.012851 0.109265 0.993930
0.020284 0.095337 0.053256 215 205 74 0.003722 0.049452 0.998770
0.020544 0.092276 0.053144 201 193 68 -0.073550 -0.191622 0.978709
0.020783 0.087420 0.053130 196 187 60 -0.090545 0.031641 0.995390
0.013311 0.087648 0.053252 170 163 51 -0.033211 0.105505 0.993864
0.021725 0.092562 0.053169 196 186 66 0.038060 -0.124977 0.991429
0.019145 0.091941 0.053032 203 191 63 0.129916 -0.241175 0.961747
0.018102 0.095662 0.053228 216 207 81 -0.023708 0.014476 0.999614
0.016392 0.087886 0.053170 190 186 68 0.028862 -0.026524 0.999231
0.019119 0.090627 0.052768 208 201 75 0.202241 -0.082080 0.975890
0.021535 0.087219 0.053195 173 171 53 0.090908 -0.015594 -0.995737
0.019524 0.087501 0.053010 210 202 78 -0.020476 0.105420 0.994217
0.021282 0.092315 0.053142 203 194 70 0.049933 -0.123252 0.991118
0.020499 0.087382 0.053105 193 186 58 -0.072568 0.058692 0.995635
0.014215 0.091289 0.053165 190 183 62 -0.106378 0.016964 0.994181
0.021247 0.087219 0.053169 182 178 60 0.084271 -0.017814 -0.996284
0.021924 0.092319 0.053122 199 192 74 -0.029516 0.133104 -0.990662
0.017717 0.087583 0.053151 184 177 61 0.080504 0.047964 0.995600
0.019178 0.087539 0.053021 214 205 82 0.023384 0.108059 0.993869
0.014118 0.087509 0.053286 191 184 66 -0.021148 0.019017 0.999595
0.014413 0.087578 0.053272 200 188 73 0.000718 -0.002181 0.999997
0.018631 0.087515 0.053061 194 188 68 0.080723 0.090625 0.992608
0.019870 0.087506 0.053046 203 195 66 -0.073251 0.085430 0.993648
0.020928 0.087181 0.053141 192 183 61 0.074995 -0.031570 -0.996684
0.020167 0.087351 0.053076 194 188 62 -0.070020 0.075694 0.994670
0.013808 0.087446 0.053290 171 167 59 -0.009499 0.047678 0.998818
0.020821 0.092071 0.053163 203 197 70 -0.038950 -0.203205 0.978361
0.018837 0.091059 0.052889 204 195 72 0.212710 -0.149903 0.965548
0.020040 0.094757 0.053276 224 214 88 -0.007355 0.032815 0.999434
0.020615 0.087666 0.053100 186 179 62 -0.098089 0.038803 0.994421
0.013296 0.087344 0.053279 168 162 50 -0.026062 0.062500 0.997705
0.020223 0.087961 0.053018 186 182 54 -0.111026 0.064235 0.991739
0.018409 0.092851 0.053255 208 198 73 0.040760 -0.098698 0.994282
0.015935 0.093041 0.053207 214 206 78 -0.012339 0.033430 0.999365
0.016658 0.093151 0.053213 222 215 87 -0.041100 0.029991 0.998705
0.020595 0.087099 0.053125 200 190 62 -0.059393 0.063909 0.996187
0.019226 0.087283 0.053041 212 204 81 0.019603 0.100369 0.994757
0.018715 0.087239 0.053078 190 186 64 0.060955 0.077367 0.995138
0.021548 0.087505 0.053189 175 171 52 0.100026 -0.015951 -0.994857
0.019513 0.087162 0.053043 207 199 71 -0.028122 0.092620 0.995304
0.019875 0.087201 0.053073 203 194 62 -0.060245 0.094844 0.993668
0.020256 0.087018 0.053109 202 193 65 -0.052691 0.082608 0.995188
0.020870 0.086762 0.053155 194 186 68 0.058409 -0.057039 -0.996662
0.017190 0.087263 0.053192 187 177 63 0.035742 0.042075 0.998475
0.019036 0.087059 0.053072 198 193 69 0.019857 0.069333 0.997396
0.019789 0.086933 0.053097 202 195 65 -0.054464 0.093125 0.994164
0.020556 0.086767 0.053164 205 197 77 0.053328 -0.069066 -0.996186
0.021326 0.094800 0.053303 208 202 73 -0.002797 -0.050148 -0.998738
0.013141 0.086988 0.053293 182 175 56 -0.011028 -0.066720 0.997711
0.020805 0.091622 0.053019 215 206 80 -0.120304 -0.307246 0.943995
0.013733 0.087059 0.053293 170 163 62 0.006791 -0.057985 0.998294
0.013431 0.087046 0.053294 176 168 53 -0.013992 -0.012888 0.999819
0.018470 0.086972 0.053110 179 173 57 0.058663 0.031303 0.997787
0.021489 0.091682 0.053006 202 198 74 -0.017444 -0.198649 0.979915
0.019479 0.086832 0.053088 201 194 65 -0.029238 0.080333 0.996339
0.018745 0.086945 0.053089 185 180 58 0.042754 0.046996 0.997980
0.020243 0.086698 0.053158 206 200 73 0.049037 -0.080451 -0.995552
0.021125 0.091644 0.053045 211 202 77 -0.056983 -0.267235 0.961945
0.019190 0.086879 0.053074 199 193 63 -0.019403 0.060521 0.997978
0.021806 0.089951 0.053029 200 191 69 -0.118447 0.121231 0.985532
0.017462 0.093978 0.053260 201 192 64 -0.065655 0.030904 0.997364
0.019744 0.086713 0.053117 202 194 71 0.050174 -0.090008 -0.994676
0.021388 0.093156 0.053219 204 196 73 0.005257 -0.112692 0.993616
0.019078 0.092449 0.053162 191 182 61 0.063815 -0.187028 0.980280
0.018932 0.086652 0.053102 182 178 58 0.003495 0.019292 0.999808
0.018622 0.086658 0.053108 181 175 63 0.049729 0.004473 0.998753
0.015271 0.088187 0.053277 165 158 55 0.061382 -0.044174 0.997136
0.014469 0.086799 0.053275 182 177 62 0.052978 -0.138629 0.988926
0.019360 0.089366 0.052774 220 215 85 0.021132 0.156565 0.987442
0.013267 0.086732 0.053281 187 177 60 0.013856 -0.117668 0.992956
0.020918 0.092619 0.053178 200 191 67 0.003208 -0.084932 0.996382
0.014963 0.087900 0.053273 186 177 62 0.038988 -0.072377 0.996615
0.014831 0.092586 0.053230 169 166 53 -0.015372 0.002757 0.999878
0.017352 0.088955 0.053177 201 193 72 0.145324 0.005246 0.989370
0.016126 0.093135 0.053207 220 213 86 -0.023645 0.033377 0.999163
0.018444 0.089251 0.052883 193 188 70 0.179591 0.051799 0.982377
0.013232 0.090834 0.053028 188 182 64 -0.125402 -0.010976 0.992045
0.015865 0.091715 0.053267 218 210 82 -0.048271 0.004161 0.998826
0.018461 0.087609 0.053064 189 183 61 0.096476 0.099591 0.990340
0.015883 0.090365 0.053209 181 176 59 0.043453 -0.009864 0.999007
0.016142 0.089928 0.053204 207 198 74 0.081604 0.029378 0.996232
0.013797 0.087958 0.053207 171 166 57 -0.071236 0.062639 0.995491
0.018096 0.085549 0.053110 188 180 59 -0.007766 0.073831 -0.997241
0.019237 0.086621 0.053096 195 187 62 -0.029123 0.026069 0.999236
0.019962 0.086595 0.053144 206 199 74 0.048765 -0.089793 -0.994766
0.018041 0.092079 0.053171 200 194 67 0.073623 -0.122209 0.989770
0.016846 0.087819 0.053138 184 183 64 0.027791 0.017126 0.999467
0.019388 0.092334 0.053109 195 186 59 0.057659 -0.225549 0.972524
0.013095 0.086508 0.053227 192 185 68 0.029280 -0.154146 0.987614
0.019694 0.086451 0.053130 202 195 72 0.060395 -0.072528 -0.995536
0.018461 0.086488 0.053114 185 180 66 0.043581 -0.011538 0.998983
0.013447 0.086543 0.053207 189 180 69 0.021043 -0.152461 0.988085
0.018858 0.086407 0.053107 185 180 63 0.014415 0.002608 0.999893
0.018226 0.096541 0.053223 203 199 70 0.003678 0.033870 0.999419
0.020115 0.086414 0.053167 209 201 79 0.048998 -0.083076 -0.995338
0.017214 0.086587 0.053181 188 182 61 0.058191 -0.027671 0.997922
0.014636 0.086511 0.053212 193 186 67 0.058658 -0.183637 0.981242
0.019183 0.086360 0.053109 192 185 65 0.028531 -0.035257 -0.998971
0.019025 0.097655 0.053148 205 196 70 0.024745 0.057255 0.998053
0.019496 0.086287 0.053129 198 194 71 0.050542 -0.042555 -0.997815
0.016033 0.087563 0.053144 199 191 87 0.044499 -0.007185 0.998984
0.021113 0.086958 0.053143 188 179 61 0.076263 -0.030065 -0.996634
0.019200 0.091622 0.052936 203 192 70 0.170456 -0.233418 0.957320
0.018876 0.086170 0.053080 193 187 67 -0.006017 -0.009220 -0.999939
0.019461 0.090226 0.052674 222 215 90 0.104664 0.027944 0.994115
0.017344 0.086351 0.053141 193 184 66 0.066319 -0.037443 0.997096
0.019187 0.086072 0.053117 193 189 65 0.031828 -0.029637 -0.999054
0.018386 0.086169 0.053107 196 189 65 0.024566 -0.012322 0.999622
0.019914 0.093191 0.053245 204 196 68 0.017682 -0.113582 0.993371
0.020486 0.093240 0.053247 207 201 74 -0.000353 -0.105894 0.994377
0.014924 0.087569 0.053236 195 186 66 0.039530 -0.060014 0.997415
0.018709 0.085810 0.053104 203 193 65 -0.001162 0.018962 -0.999820
0.019001 0.085793 0.053127 200 191 68 0.000399 -0.013224 -0.999912
0.018398 0.085905 0.053116 203 193 69 0.013886 -0.034408 0.999311
0.019346 0.089590 0.052730 226 217 89 0.051764 0.129279 0.990256
0.018145 0.085751 0.053123 196 187 65 -0.016447 0.061700 -0.997959
0.019192 0.096991 0.053197 191 187 71 0.013764 0.066179 0.997713
0.019572 0.089997 0.052672 227 219 92 0.082454 0.071739 0.994010
0.018454 0.085632 0.053137 195 189 63 0.001082 0.043376 -0.999058
0.017799 0.085649 0.053084 189 181 60 0.019961 -0.089101 0.995823
0.014890 0.087100 0.053225 186 178 65 0.066465 -0.052175 0.996424
0.021149 0.093040 0.053216 206 198 74 0.011663 -0.099436 0.994976
0.021327 0.088965 0.053081 167 161 49 -0.123968 0.094598 0.987767
0.018259 0.085384 0.053099 183 176 60 -0.001855 0.057932 -0.998319
0.017004 0.085475 0.053123 194 185 65 0.014553 0.235575 -0.971747
0.017237 0.085419 0.053073 190 182 64 0.007168 -0.193032 0.981166
0.016548 0.085390 0.053085 193 184 62 -0.100811 -0.364022 0.925918
0.020397 0.092513 0.053159 199 191 63 -0.049929 -0.158000 0.986176
0.014827 0.086625 0.053206 196 189 71 0.058287 -0.160885 0.985251
0.017716 0.085113 0.053019 170 165 51 0.019278 0.271599 -0.962218
0.016965 0.085205 0.053017 181 177 60 0.043879 0.399756 -0.915571
0.017105 0.093081 0.053265 204 198 72 -0.042782 0.007197 0.999059
0.021059 0.087473 0.053147 190 184 62 -0.087695 0.021784 0.995909
0.019307 0.089907 0.052705 224 216 87 0.101079 0.082891 0.991419
0.015752 0.092754 0.053215 202 196 74 -0.009924 0.039623 0.999165
0.019700 0.095243 0.053269 213 205 74 0.016057 0.037348 0.999173
0.015908 0.085885 0.053075 191 184 68 -0.124633 -0.175227 0.976607
0.020691 0.091202 0.052768 225 214 83 -0.172239 -0.221309 0.959873
0.020475 0.091897 0.053036 210 202 74 -0.141351 -0.284736 0.948127
0.021074 0.091380 0.052945 218 209 80 -0.108991 -0.244470 0.963512
0.016285 0.085827 0.053130 193 186 60 -0.134295 -0.167549 0.976674
0.016519 0.085648 0.053149 196 188 67 -0.085680 -0.194221 0.977209
0.021319 0.092047 0.053112 205 197 73 0.043822 -0.159308 0.986256
0.016287 0.085445 0.053040 194 184 64 -0.140137 -0.313439 0.939211
0.019911 0.090985 0.052666 218 211 81 0.024141 -0.123114 0.992099
0.019081 0.090301 0.052755 215 205 78 0.186951 -0.044521 0.981360
0.022019 0.091822 0.053062 199 192 68 0.001214 0.148416 -0.988924
0.021235 0.093497 0.053254 205 197 70 0.000236 -0.096339 0.995349
0.016442 0.085195 0.052960 178 172 53 -0.109847 -0.432466 0.894934
0.020579 0.091555 0.052894 218 209 82 -0.147884 -0.317507 0.936653
0.017007 0.094843 0.053205 214 207 81 -0.026183 0.007465 0.999629
0.021508 0.092597 0.053159 198 189 69 0.037345 -0.120308 0.992034
0.021782 0.088983 0.053158 164 162 51 -0.114419 0.095705 0.988812
0.020011 0.086889 0.053122 204 195 67 -0.052288 0.088645 0.994690
0.021130 0.092524 0.053142 200 192 64 0.030682 -0.100397 0.994474
0.021765 0.091838 0.053018 203 196 71 0.034595 -0.163254 0.985977
0.020810 0.089760 0.052933 203 197 69 -0.211302 0.156750 0.964770
0.019852 0.091882 0.052928 206 198 70 0.014624 -0.307427 0.951459
0.017231 0.095500 0.053234 216 208 78 -0.000645 -0.024241 0.999706
0.020214 0.091587 0.052814 216 204 78 -0.108297 -0.308172 0.945146
0.021233 0.088371 0.053135 161 157 52 -0.112880 0.070756 0.991086
0.019377 0.090988 0.052763 210 201 72 0.178036 -0.149770 0.972560
0.020836 0.091833 0.053118 210 201 72 -0.086815 -0.253998 0.963301
0.021135 0.092865 0.053180 205 196 76 0.012878 -0.095485 0.995348
0.016240 0.095035 0.053163 194 185 66 0.004634 -0.020460 0.999780
0.018286 0.089735 0.052913 202 196 69 0.244933 0.001330 0.969539
0.019739 0.092911 0.053201 201 194 64 0.025296 -0.135547 0.990448
0.020104 0.091785 0.052897 210 201 73 -0.068973 -0.312243 0.947495
0.018267 0.088733 0.052951 173 167 59 0.180313 0.067192 0.981312
0.017103 0.084931 0.052852 168 161 52 0.029363 0.389751 -0.920452
0.015952 0.087879 0.053189 197 188 77 0.072915 -0.054567 0.995844
0.013927 0.094576 0.053258 201 197 69 0.023035 -0.009955 0.999685
0.011881 0.095977 0.053500 212 206 74 0.077789 0.017234 0.996821
0.012257 0.095698 0.053453 202 198 66 0.124220 -0.015094 0.992140
0.019309 0.092569 0.053184 193 187 62 0.054205 -0.192910 0.979718
0.009901 0.096148 0.053594 218 211 73 -0.008679 -0.016921 -0.999819
0.020244 0.088739 0.052990 199 189 64 -0.127338 0.129345 0.983389
0.016726 0.091352 0.053203 201 194 71 0.087610 -0.033874 0.995579
0.017098 0.090740 0.053168 205 196 74 0.084265 -0.061087 0.994569
0.017369 0.090408 0.053120 207 199 75 0.087461 -0.044717 0.995164
0.009356 0.094922 0.053526 188 184 64 -0.063157 -0.070066 0.995541
0.012342 0.091785 0.053094 196 188 62 0.010596 -0.115068 0.993301
0.012063 0.091246 0.053030 202 196 64 -0.047459 -0.090097 0.994802
0.012704 0.089810 0.052975 175 169 57 -0.126418 -0.000778 0.991977
0.015358 0.090812 0.053231 192 188 64 0.004887 0.039464 0.999209
0.015244 0.091600 0.053175 212 204 78 -0.029556 -0.008413 0.999528
0.015368 0.091167 0.053194 206 201 78 -0.025561 0.031663 0.999172
0.015809 0.095525 0.053240 197 189 68 0.032533 -0.040717 0.998641
0.018890 0.085951 0.053058 198 191 68 -0.003315 -0.006966 -0.999970
0.015559 0.085669 0.052982 190 182 64 -0.089936 -0.251134 0.963765
0.015949 0.084391 0.052453 156 149 44 -0.010458 0.435122 -0.900311
0.014603 0.084844 0.052741 178 170 54 0.067729 -0.264500 0.962004
0.015686 0.085301 0.052870 186 177 58 -0.108930 -0.358037 0.927331
0.014144 0.085251 0.052856 189 181 57 0.062116 -0.232578 0.970592
0.014444 0.084603 0.052659 175 171 55 0.089150 -0.246511 0.965031
0.015509 0.084363 0.052455 153 147 44 0.079794 -0.337376 0.937982
0.015041 0.086322 0.053064 203 195 74 0.036421 -0.215133 0.975905
0.016001 0.084643 0.052554 158 153 45 0.043057 0.436276 -0.898782
0.009095 0.095919 0.053588 221 213 81 0.014152 0.034266 -0.999313
0.009559 0.096076 0.053588 214 209 75 0.001728 0.011298 -0.999935
0.010508 0.095478 0.053599 213 206 72 0.012419 0.001301 0.999922
0.010731 0.095331 0.053606 210 204 76 0.024523 -0.002972 0.999695
0.009208 0.095668 0.053589 218 210 81 0.026398 0.040412 -0.998834
0.009964 0.095867 0.053595 219 210 73 0.003029 0.012324 0.999919
0.010185 0.095529 0.053600 219 209 76 -0.005332 0.001729 0.999984
0.009537 0.095667 0.053584 210 204 75 -0.013255 -0.023115 0.999645
0.011250 0.095564 0.053574 212 205 76 0.054079 0.027053 0.998170
0.009853 0.095499 0.053595 207 201 72 -0.024611 -0.024250 0.999403
0.010418 0.095797 0.053580 216 208 78 0.016927 0.029966 0.999408
0.010870 0.095640 0.053588 216 207 77 0.038482 0.023882 0.998974
0.011035 0.095142 0.053593 209 202 74 0.042485 -0.019816 0.998901
0.011415 0.095052 0.053566 208 198 68 0.073606 -0.040670 0.996458
0.011583 0.095448 0.053550 204 200 72 0.088487 0.009991 0.996027
0.010477 0.095117 0.053604 201 195 71 0.006079 -0.023816 0.999698
0.011717 0.094934 0.053541 207 199 72 0.097107 -0.044847 0.994263
0.011842 0.095269 0.053534 205 197 69 0.121501 -0.004138 0.992583
0.010133 0.095203 0.053596 203 196 69 -0.018190 -0.023842 0.999550
0.009853 0.096443 0.053583 217 209 79 -0.011559 -0.019460 -0.999744
0.010760 0.094969 0.053595 205 197 70 0.029405 -0.057562 0.997909
0.010183 0.096385 0.053579 219 210 80 -0.017647 -0.034294 -0.999256
0.011979 0.094780 0.053506 205 199 70 0.122075 -0.045851 0.991461
0.011108 0.094776 0.053557 201 193 67 0.047493 -0.079024 0.995741
0.008921 0.095373 0.053572 214 205 78 0.044266 0.057643 -0.997355
0.012099 0.095090 0.053497 202 194 71 0.153449 -0.014562 0.988049
0.009697 0.095252 0.053573 195 190 63 -0.040710 -0.039925 0.998373
0.011440 0.095935 0.053543 208 202 71 0.065839 0.045576 0.996789
0.012242 0.094577 0.053451 205 196 76 0.137241 -0.056946 0.988899
0.011433 0.094598 0.053525 204 196 68 0.053253 -0.098314 0.993730
0.010577 0.096121 0.053561 212 205 75 0.035675 0.045647 0.998320
0.010866 0.096039 0.053564 208 202 72 0.044008 0.050210 0.997769
0.009151 0.095110 0.053542 197 192 64 0.056712 0.064802 -0.996285
0.011101 0.095965 0.053562 205 198 72 0.056473 0.052035 0.997047
0.011727 0.095791 0.053527 210 203 70 0.098691 0.033647 0.994549
0.011875 0.094471 0.053488 205 199 74 0.086204 -0.077935 0.993225
0.012372 0.094852 0.053431 199 190 68 0.164496 -0.028795 0.985957
0.010186 0.096107 0.053582 218 210 77 0.014482 0.028519 0.999488
0.011989 0.095634 0.053504 207 199 71 0.120006 0.003009 0.992769
0.008912 0.093472 0.053396 199 193 65 0.017763 -0.049578 0.998612
0.012107 0.094253 0.053444 202 196 70 0.101405 -0.079546 0.991660
0.010307 0.094795 0.053593 192 186 63 -0.016178 -0.063205 0.997869
0.009579 0.093660 0.053443 213 206 80 -0.018408 -0.107450 0.994040
0.012488 0.094349 0.053396 203 193 73 0.136368 -0.056470 0.989047
0.009316 0.093651 0.053422 211 203 74 -0.029260 -0.078544 0.996481
0.012636 0.094637 0.053371 196 186 66 0.160884 -0.029738 0.986525
0.012243 0.095387 0.053467 204 195 64 0.153987 -0.019313 0.987884
0.012817 0.094108 0.053331 174 171 65 0.116397 -0.042491 0.992293
0.009966 0.094121 0.053517 210 203 74 -0.001530 -0.143691 0.989621
0.008727 0.093251 0.053408 192 184 61 -0.037949 0.048034 -0.998125
0.010576 0.094571 0.053559 197 189 64 0.026873 -0.114972 0.993005
0.009660 0.094146 0.053504 210 200 70 -0.045424 -0.104931 0.993442
0.009966 0.094659 0.053579 195 188 62 -0.035609 -0.079900 0.996167
0.008643 0.093037 0.053428 189 183 58 -0.078085 0.059396 -0.995176
0.013177 0.093914 0.053284 182 177 63 0.084753 -0.034441 0.995807
0.012311 0.093988 0.053398 204 195 70 0.109090 -0.081096 0.990718
0.013577 0.093801 0.053263 203 193 74 0.044494 -0.025120 0.998694
0.010804 0.094450 0.053517 195 190 63 0.040758 -0.140147 0.989291
0.011719 0.096273 0.053503 217 209 75 0.042412 0.018289 0.998933
0.012866 0.094431 0.053323 190 184 65 0.135173 -0.020855 0.990603
0.011427 0.094181 0.053466 205 196 71 0.032518 -0.122844 0.991893
0.008406 0.093192 0.053414 191 182 57 -0.070616 0.052261 -0.996134
0.012029 0.096187 0.053497 215 206 76 0.058965 -0.023124 0.997992
0.009431 0.094663 0.053514 194 190 65 -0.065433 -0.078773 0.994743
0.013758 0.094064 0.053266 211 202 77 0.030756 -0.009906 0.999478
0.009429 0.094024 0.053467 207 200 71 -0.054266 -0.100490 0.993457
0.011401 0.096352 0.053518 213 205 74 0.046471 0.036877 0.998239
0.013155 0.094264 0.053278 188 184 63 0.090869 -0.017253 0.995713
0.010676 0.096542 0.053555 210 205 74 -0.044037 -0.046821 -0.997932
0.010992 0.096412 0.053545 204 198 67 0.052703 0.049068 0.997404
0.011847 0.094032 0.053439 203 195 67 0.047033 -0.104417 0.993421
0.008589 0.093525 0.053398 192 186 58 -0.012459 0.042359 -0.999025
0.013847 0.093642 0.053248 191 188 68 0.036862 -0.029831 0.998875
0.010147 0.093794 0.053449 218 209 77 0.035380 -0.170925 0.984649
0.009025 0.094721 0.053498 202 194 66 0.068401 0.078484 -0.994566
0.009169 0.092924 0.053390 192 186 64 0.077920 -0.112894 0.990547
0.010427 0.096483 0.053561 214 207 79 -0.030328 -0.047465 -0.998412
0.014183 0.093544 0.053232 190 179 66 0.026888 -0.024256 0.999344
0.013452 0.094104 0.053263 198 192 71 0.057339 -0.013754 0.998260
0.017655 0.093109 0.053285 211 204 76 -0.018508 -0.025840 0.999495
0.017396 0.092619 0.053264 203 195 64 0.011954 -0.052655 0.998541
0.009119 0.094026 0.053442 206 198 69 0.056353 0.079267 -0.995259
0.016819 0.092849 0.053258 214 205 71 -0.030007 0.018452 0.999379
0.013017 0.093679 0.053288 185 176 59 0.083489 -0.053648 0.995064
0.010079 0.094450 0.053567 201 193 66 -0.024380 -0.099851 0.994704
0.017999 0.092929 0.053278 207 202 70 0.012746 -0.072449 0.997291
0.017110 0.092762 0.053272 208 198 69 -0.020715 -0.000237 0.999785
0.013250 0.093591 0.053272 186 177 61 0.057180 -0.042705 0.997450
0.012554 0.093777 0.053352 193 185 66 0.112747 -0.065215 0.991481
0.012218 0.095942 0.053465 210 202 68 0.102190 -0.035502 0.994131
0.016903 0.093200 0.053249 212 206 78 -0.048661 0.024545 0.998514
0.012824 0.094902 0.053338 190 183 65 0.145249 -0.030092 0.988937
0.017358 0.093087 0.053277 209 200 76 -0.044645 -0.000265 0.999003
0.011009 0.094142 0.053452 195 191 66 0.020260 -0.152451 0.988103
0.014238 0.093879 0.053240 200 194 71 0.028043 -0.026182 0.999264
0.014834 0.093286 0.053220 197 188 67 0.014867 0.002803 0.999886
0.017661 0.092558 0.053252 200 194 66 0.024599 -0.086141 0.995979
0.016470 0.092823 0.053236 220 213 84 -0.032031 0.035368 0.998861
0.015633 0.093094 0.053205 206 197 70 0.001418 0.028730 0.999586
0.009707 0.094466 0.053539 200 193 67 -0.058331 -0.088687 0.994350
0.012069 0.093736 0.053400 199 191 66 0.069272 -0.098822 0.992691
0.014921 0.093665 0.053212 201 192 65 0.025677 -0.009579 0.999624
0.016147 0.092887 0.053217 220 211 87 -0.025379 0.042269 0.998784
0.013864 0.093885 0.053255 207 200 76 0.035588 -0.023312 0.999095
0.009751 0.093132 0.053356 215 205 71 0.046026 -0.147145 0.988043
0.012203 0.093227 0.053334 183 174 54 0.059189 -0.141100 0.988224
0.011605 0.093486 0.053388 184 177 62 0.018457 -0.122783 0.992262
0.015418 0.093070 0.053204 199 192 70 0.009946 0.027677 0.999567
0.010271 0.094178 0.053515 207 199 76 0.029611 -0.154635 0.987528
0.015605 0.093402 0.053195 203 195 71 0.006352 0.018306 0.999812
0.008858 0.092611 0.053373 196 188 63 0.127602 -0.117088 0.984890
0.016626 0.092518 0.053264 209 203 72 -0.020469 0.022014 0.999548
0.013538 0.093320 0.053249 171 165 60 0.039435 -0.046246 0.998151
0.012807 0.093530 0.053293 184 176 59 0.087930 -0.067798 0.993817
0.016015 0.093280 0.053203 217 208 80 -0.012870 0.026639 0.999562
0.018126 0.093377 0.053307 203 199 71 -0.004881 -0.033512 0.999426
0.016418 0.093148 0.053211 228 218 94 -0.038543 0.031255 0.998768
0.018160 0.092673 0.053258 209 202 77 0.034848 -0.101741 0.994200
0.013110 0.094675 0.053288 197 188 67 0.108491 -0.015392 0.993978
0.016915 0.092427 0.053265 208 200 74 0.003743 -0.016837 0.999851
0.009390 0.092669 0.053304 187 181 64 0.094429 -0.157521 0.982991
0.015094 0.093091 0.053222 198 187 62 0.007162 0.018334 0.999806
0.014133 0.094437 0.053260 202 196 68 0.019217 -0.005511 0.999800
0.008241 0.092315 0.053410 200 193 62 -0.143008 0.119969 -0.982424
0.013938 0.093209 0.053230 173 163 58 0.024266 -0.034301 0.999117
0.018474 0.092527 0.053219 206 198 69 0.055685 -0.132044 0.989679
0.008398 0.092652 0.053428 196 189 60 -0.128956 0.097091 -0.986886
0.010313 0.093487 0.053361 208 204 76 0.028767 -0.158174 0.986992
0.018412 0.093250 0.053290 206 199 71 0.028005 -0.061665 0.997704
0.017827 0.092244 0.053192 199 194 62 0.045496 -0.107199 0.993196
0.018308 0.092188 0.053187 197 191 67 0.073920 -0.141233 0.987213
0.017212 0.092238 0.053241 200 192 63 0.041649 -0.067672 0.996838
0.016305 0.092482 0.053253 206 202 73 -0.019175 0.034389 0.999225
0.010206 0.092857 0.053279 186 181 61 0.040481 -0.141428 0.989121
0.015543 0.091442 0.053221 217 210 81 -0.041219 0.003729 0.999143
0.014943 0.092838 0.053235 173 171 56 -0.002504 0.011180 0.999934
0.014297 0.093227 0.053211 174 163 58 0.010267 -0.008946 0.999907
0.015161 0.091438 0.053211 209 201 76 -0.022987 0.007680 0.999706
0.010539 0.092786 0.053264 188 179 59 0.006920 -0.128825 0.991643
0.008721 0.093788 0.053408 201 195 69 0.024059 0.051869 -0.998364
0.009324 0.094377 0.053486 203 195 66 0.070255 0.085923 -0.993822
0.015687 0.091780 0.053256 219 210 83 -0.038963 -0.008050 0.999208
0.013753 0.094395 0.053260 210 201 72 0.031613 -0.005787 0.999483
0.010067 0.092509 0.053254 188 180 57 0.008860 -0.122839 0.992387
0.017843 0.093351 0.053294 211 205 78 -0.021228 -0.020448 0.999566
0.015236 0.093349 0.053200 197 191 61 0.015631 0.018557 0.999706
0.014409 0.094276 0.053242 203 197 69 0.022909 -0.017189 0.999590
0.015296 0.092770 0.053227 182 180 63 -0.001017 0.025630 0.999671
0.015584 0.092715 0.053219 195 189 65 -0.005799 0.037400 0.999284
0.014987 0.094044 0.053223 203 196 69 0.032829 -0.026303 0.999115
0.010970 0.093331 0.053356 186 179 60 -0.022289 -0.147065 0.988876
0.016371 0.090107 0.053199 207 199 76 0.102440 -0.003146 0.994734
0.017280 0.093440 0.053263 209 200 72 -0.059070 0.018730 0.998078
0.015841 0.091129 0.053242 209 201 74 -0.039529 0.005461 0.999203
0.011875 0.093179 0.053355 181 173 53 0.034997 -0.148180 0.988341
0.010651 0.093419 0.053331 199 190 67 0.004977 -0.148014 0.988973
0.018721 0.092342 0.053164 190 185 64 0.081034 -0.173366 0.981518
0.013410 0.094486 0.053257 197 192 66 0.061294 -0.011972 0.998048
0.014462 0.090377 0.053263 212 204 74 -0.091083 0.028103 0.995447
0.015326 0.091799 0.053228 212 206 77 -0.028258 -0.013306 0.999512
0.014533 0.093496 0.053206 191 182 65 0.024664 -0.014507 0.999591
0.012428 0.095597 0.053419 193 189 63 0.134725 -0.043851 0.989912
0.014604 0.092909 0.053222 178 173 57 -0.003155 -0.004717 0.999984
0.011295 0.093195 0.053360 181 174 57 -0.019153 -0.145206 0.989216
0.016577 0.090569 0.053208 194 187 65 0.091239 -0.071468 0.993261
0.011110 0.092586 0.053229 185 176 58 0.003172 -0.190591 0.981664
0.009909 0.092845 0.053286 192 186 62 0.044080 -0.158579 0.986362
0.012281 0.093535 0.053358 187 183 61 0.084518 -0.091019 0.992256
0.015994 0.092567 0.053232 210 200 72 -0.019922 0.043542 0.998853
0.014624 0.094033 0.053227 209 200 75 0.034179 -0.027903 0.999026
0.015995 0.090143 0.053229 196 187 69 0.056788 -0.004558 0.998376
0.012529 0.093359 0.053320 182 176 60 0.077879 -0.096953 0.992237
0.014454 0.091922 0.053208 196 189 66 -0.064787 -0.017807 0.997740
0.012352 0.092883 0.053280 184 175 52 0.067131 -0.169845 0.983182
0.015790 0.090576 0.053257 184 178 61 0.012254 -0.010574 0.999869
0.011184 0.093738 0.053407 195 187 64 -0.011598 -0.124727 0.992123
0.016097 0.090518 0.053252 188 181 65 0.048201 -0.035186 0.998218
0.014861 0.091436 0.053224 203 195 72 -0.023523 0.010807 0.999665
0.010846 0.093756 0.053409 200 192 67 -0.000491 -0.152179 0.988353
0.016982 0.093453 0.053245 210 204 72 -0.056594 0.027135 0.998028
0.014165 0.092909 0.053218 196 184 67 -0.008131 -0.029598 0.999529
0.018448 0.093027 0.053251 204 198 73 0.034205 -0.081500 0.996086
0.014982 0.090162 0.053277 191 185 66 -0.002342 -0.000681 0.999997
0.014542 0.091482 0.053204 198 191 67 -0.061366 0.013324 0.998026
0.014523 0.090686 0.053251 214 205 78 -0.074876 0.042905 0.996269
0.010578 0.094144 0.053486 207 197 73 0.036271 -0.160460 0.986376
0.014664 0.091797 0.053219 200 192 68 -0.043211 -0.013407 0.998976
0.014238 0.091537 0.053177 186 180 60 -0.090530 -0.009296 0.995850
0.014956 0.091772 0.053221 203 197 73 -0.031250 -0.014154 0.999411
0.015682 0.090122 0.053250 181 175 66 0.034860 0.003882 0.999385
0.010837 0.092175 0.053176 200 191 66 0.078757 -0.143577 0.986500
0.018770 0.092982 0.053249 204 198 72 0.048893 -0.113952 0.992282
0.016680 0.093488 0.053214 222 212 87 -0.047392 0.026031 0.998537
0.015000 0.090567 0.053285 190 188 63 -0.013434 0.033140 0.999360
0.010844 0.092527 0.053213 189 179 55 0.032794 -0.159140 0.986711
0.017465 0.092012 0.053189 198 190 63 0.060540 -0.086277 0.994430
0.015041 0.091152 0.053230 205 198 72 -0.008648 0.046586 0.998877
0.012922 0.095307 0.053331 195 187 63 0.116432 -0.050084 0.991935
0.013251 0.093093 0.053255 176 167 57 0.041397 -0.086089 0.995427
0.010461 0.093775 0.053412 210 205 82 0.040739 -0.172199 0.984219
0.015192 0.093787 0.053200 192 188 58 0.028219 -0.007488 0.999574
0.009510 0.092354 0.053197 182 176 60 0.057819 -0.147016 0.987443
0.015503 0.090440 0.053259 169 168 59 0.018852 0.004675 0.999811
0.016037 0.093637 0.053201 215 206 78 -0.009734 0.013520 0.999861
0.014170 0.090339 0.053225 211 201 76 -0.123102 0.033544 0.991827
0.009102 0.092283 0.053249 186 180 61 0.132261 -0.142235 0.980957
0.015648 0.093663 0.053192 204 195 67 0.012875 0.005207 0.999904
0.007981 0.091061 0.053294 191 185 65 -0.137873 0.080942 -0.987137
0.012893 0.092683 0.053208 176 168 56 0.029304 -0.159803 0.986714
0.016207 0.089753 0.053240 205 198 72 0.072894 0.047589 0.996204
0.008756 0.094260 0.053446 205 198 71 0.044947 0.076272 -0.996073
0.016386 0.093505 0.053210 223 215 89 -0.035027 0.024152 0.999094
0.015389 0.090056 0.053255 190 182 66 0.027113 0.004762 0.999621
0.011583 0.092912 0.053313 181 173 55 0.000894 -0.195699 0.980664
0.015924 0.089808 0.053250 195 189 69 0.035442 0.032681 0.998837
0.018628 0.093693 0.053316 208 198 73 0.003575 -0.036543 0.999326
0.014378 0.092739 0.053212 194 185 64 -0.019775 -0.017063 0.999659
0.018512 0.091912 0.053118 192 188 71 0.133656 -0.171623 0.976054
0.014800 0.091179 0.053227 207 197 72 -0.029325 0.047941 0.998420
0.012661 0.095348 0.053371 188 182 59 0.153267 -0.032461 0.987651
0.008399 0.091947 0.053336 188 182 58 0.156312 -0.129131 0.979230
0.011794 0.093768 0.053416 198 192 64 0.044649 -0.105165 0.993452
0.017815 0.091799 0.053155 205 196 72 0.091873 -0.093313 0.991389
0.018234 0.091763 0.053126 206 196 68 0.130793 -0.135056 0.982168
0.009034 0.094324 0.053461 205 195 69 0.063615 0.083795 -0.994450
0.014622 0.090049 0.053261 202 195 68 -0.047794 0.010703 0.998800
0.014660 0.092312 0.053213 184 179 62 -0.034327 -0.012957 0.999327
0.013227 0.092631 0.053189 182 174 57 -0.007630 -0.140282 0.990082
0.013807 0.092854 0.053219 192 182 65 0.003292 -0.045644 0.998952
0.015449 0.092127 0.053243 208 200 68 -0.025282 -0.000889 0.999680
0.009792 0.093889 0.053475 215 205 78 -0.000146 -0.134917 0.990857
0.014266 0.090603 0.053220 215 205 81 -0.106153 0.041832 0.993470
0.014901 0.089863 0.053265 196 189 67 -0.005930 0.005316 0.999968
0.008581 0.092294 0.053367 203 194 69 0.144519 -0.120630 0.982122
0.012535 0.092105 0.053113 187 182 62 0.036250 -0.140743 0.989382
0.008313 0.091257 0.053247 171 167 59 -0.139817 0.091308 -0.985958
0.011466 0.093810 0.053400 196 191 67 0.004795 -0.115581 0.993286
0.015752 0.092110 0.053248 212 204 73 -0.033784 0.004341 0.999420
0.013185 0.095080 0.053297 202 195 72 0.082556 -0.042592 0.995676
0.015126 0.092472 0.053235 179 175 62 -0.010836 0.012673 0.999861
0.015200 0.089856 0.053257 192 186 65 0.015986 -0.000727 0.999872
0.013479 0.092920 0.053222 176 172 60 0.017254 -0.085671 0.996174
0.016067 0.090929 0.053279 198 190 64 -0.000165 -0.021002 0.999779
0.014489 0.091080 0.053207 208 197 71 -0.085325 0.043769 0.995391
0.012938 0.092983 0.053258 176 170 55 0.044666 -0.141645 0.988909
0.018215 0.093778 0.053314 205 198 68 -0.024176 -0.013376 0.999618
0.013835 0.090163 0.053178 201 194 67 -0.167384 0.042349 0.984982
0.013430 0.092434 0.053175 189 181 59 -0.046489 -0.130373 0.990374
0.012573 0.093068 0.053259 184 175 52 0.068286 -0.131796 0.988922
0.010554 0.092359 0.053201 190 184 62 0.036924 -0.110480 0.993192
0.008875 0.092196 0.053309 199 189 63 0.148691 -0.136881 0.979364
0.015544 0.090943 0.053239 202 196 66 -0.019860 0.032515 0.999274
0.015644 0.089739 0.053244 184 179 65 0.021986 0.022185 0.999512
0.014345 0.092316 0.053205 188 186 67 -0.042046 -0.031438 0.998621
0.018798 0.092033 0.053079 196 187 69 0.113860 -0.210405 0.970961
0.015197 0.090881 0.053252 196 191 66 -0.008368 0.055736 0.998410
0.011888 0.092129 0.053127 196 190 62 -0.007705 -0.174717 0.984589
0.012861 0.091898 0.053096 182 175 59 -0.004971 -0.102990 0.994670
0.014113 0.089976 0.053222 202 194 68 -0.106537 0.023670 0.994027
0.013956 0.091685 0.053144 177 171 57 -0.096386 -0.028805 0.994927
0.008223 0.090800 0.053229 187 181 63 -0.104442 0.037438 -0.993826
0.009345 0.092073 0.053192 186 177 57 0.091269 -0.128662 0.987480
0.015073 0.092115 0.053231 200 194 66 -0.025771 -0.009043 0.999627
0.018900 0.092604 0.053201 190 185 64 0.063220 -0.158472 0.985337
0.014773 0.089557 0.053277 201 193 66 -0.012386 0.031155 0.999438
0.013581 0.091777 0.053102 179 171 57 -0.096324 -0.064517 0.993257
0.014523 0.092539 0.053211 185 179 62 -0.030459 -0.011173 0.999474
0.009646 0.091896 0.053173 186 179 60 0.040306 -0.119225 0.992049
0.015135 0.094401 0.053235 215 207 78 0.039865 -0.031680 0.998703
0.014049 0.094740 0.053245 206 196 69 0.016070 -0.011602 0.999804
0.012648 0.091508 0.053079 195 185 65 0.003474 -0.083030 0.996541
0.016416 0.089502 0.053240 198 192 69 0.097778 0.046367 0.994128
0.013899 0.091272 0.053133 184 176 57 -0.141977 -0.001127 0.989869
0.012343 0.091537 0.053072 198 190 65 -0.004060 -0.093663 0.995596
0.014056 0.092614 0.053210 200 189 70 -0.024645 -0.039473 0.998917
0.014350 0.094657 0.053247 205 197 68 0.014169 -0.016341 0.999766
0.013429 0.091371 0.053059 184 178 61 -0.102753 -0.047920 0.993552
0.012521 0.092619 0.053207 180 175 57 0.059072 -0.186396 0.980697
0.015887 0.089514 0.053264 187 184 58 0.025864 0.038362 0.998929
0.018542 0.091596 0.053046 202 193 70 0.159979 -0.166941 0.972902
0.014141 0.091057 0.053170 195 189 65 -0.120514 0.038910 0.991949
0.016376 0.090653 0.053246 189 182 63 0.074846 -0.069647 0.994760
0.013927 0.090523 0.053169 208 198 73 -0.159372 0.041338 0.986353
0.014819 0.094541 0.053247 216 207 78 0.023285 -0.026142 0.999387
0.017588 0.093762 0.053272 213 203 75 -0.060519 0.019816 0.997970
0.012155 0.091945 0.053102 198 190 62 -0.007011 -0.140081 0.990115
0.013521 0.090042 0.053126 191 184 60 -0.210852 0.029166 0.977083
0.014818 0.090858 0.053265 205 197 73 -0.041722 0.055052 0.997611
0.008566 0.091041 0.053205 176 171 56 0.117741 -0.051842 0.991690
0.013744 0.094771 0.053245 202 199 71 0.031230 -0.027255 0.999141
0.015393 0.089446 0.053250 186 181 67 0.012066 0.030443 0.999464
0.015102 0.089611 0.053258 190 183 65 0.011478 0.019243 0.999749
0.018685 0.093452 0.053298 209 201 73 0.016179 -0.066470 0.997657
0.008692 0.091676 0.053247 166 166 55 0.148998 -0.116379 0.981965
0.008635 0.090602 0.053185 186 181 61 0.097044 -0.013364 0.995190
0.013094 0.091354 0.053027 180 176 60 -0.050553 -0.058349 0.997015
0.010612 0.091629 0.053158 199 194 66 0.083526 -0.158231 0.983863
0.013183 0.091695 0.053061 182 175 59 -0.046025 -0.069647 0.996509
0.018340 0.091373 0.053046 204 197 73 0.177287 -0.136353 0.974668
0.009894 0.094957 0.053574 193 186 61 -0.044706 -0.054748 0.997499
0.017854 0.093627 0.053286 216 207 83 -0.033865 -0.002601 0.999423
0.008087 0.090436 0.053224 197 191 73 -0.079899 0.028332 -0.996400
0.014361 0.089841 0.053244 209 198 75 -0.081685 0.015646 0.996535
0.008863 0.090974 0.053153 180 176 59 0.116263 -0.032024 0.992702
0.021884 0.090679 0.052967 208 202 73 0.166852 -0.028722 -0.985563
0.014334 0.090829 0.053209 211 202 76 -0.109025 0.045187 0.993011
0.009061 0.091883 0.053229 183 177 59 0.130722 -0.120842 0.984027
0.013223 0.090038 0.053048 184 175 59 -0.202658 0.008090 0.979216
0.013771 0.091014 0.053116 177 173 59 -0.155167 0.022379 0.987635
0.008409 0.090448 0.053209 194 187 65 0.078864 -0.020171 0.996681
0.016961 0.093842 0.053229 209 203 72 -0.053696 0.019809 0.998361
0.015363 0.094216 0.053208 207 199 72 0.038592 -0.027382 0.998880
0.008955 0.090522 0.053153 188 183 62 0.085447 0.028457 0.995936
0.013485 0.094803 0.053247 197 192 68 0.054990 -0.029297 0.998057
0.013856 0.092121 0.053163 187 181 62 -0.062938 -0.062103 0.996083
0.014775 0.089217 0.053292 195 187 67 -0.008141 0.038090 0.999241
0.009936 0.093513 0.053403 216 209 82 0.036883 -0.160125 0.986407
0.017275 0.091582 0.053165 192 185 64 0.100211 -0.040650 0.994135
0.012142 0.091442 0.053050 199 194 67 -0.040212 -0.106460 0.993503
0.014202 0.089389 0.053251 189 182 62 -0.096957 0.034875 0.994677
0.009361 0.090415 0.053124 197 191 70 0.093755 0.041059 0.994748
0.018952 0.093257 0.053263 211 201 74 0.035314 -0.096074 0.994748
0.013482 0.091040 0.053071 181 175 63 -0.127793 -0.012475 0.991722
0.014483 0.089300 0.053278 195 189 68 -0.037441 0.034538 0.998702
0.013936 0.089635 0.053216 189 181 58 -0.131907 0.035568 0.990624
0.018850 0.091776 0.053025 202 191 68 0.146773 -0.202892 0.968139
0.019492 0.093048 0.053237 199 194 64 0.034420 -0.122053 0.991927
0.017708 0.091427 0.053140 204 198 68 0.120656 -0.065079 0.990559
0.016483 0.089216 0.053240 188 182 63 0.090048 0.034474 0.995341
0.013361 0.090315 0.053071 204 192 68 -0.174299 0.028381 0.984284
0.009130 0.090786 0.053115 188 182 67 0.099446 0.008142 0.995010
0.012650 0.092812 0.053247 181 173 56 0.061157 -0.172949 0.983030
0.015097 0.089142 0.053278 199 188 67 0.022294 0.035768 0.999111
0.015774 0.089229 0.053272 187 180 64 0.014283 0.017439 0.999746
0.018717 0.091346 0.052952 204 194 71 0.192956 -0.176649 0.965175
0.010252 0.091633 0.053156 197 190 64 0.019159 -0.136368 0.990473
0.016072 0.089243 0.053266 185 180 59 0.057462 0.023717 0.998066
0.016584 0.093873 0.053207 217 208 80 -0.040552 0.013874 0.999081
0.009443 0.090748 0.053100 195 190 71 0.108915 0.005897 0.994034
0.014470 0.089620 0.053266 205 199 74 -0.049196 0.022496 0.998536
0.015445 0.089122 0.053280 198 187 63 0.019663 0.020506 0.999596
0.008969 0.089179 0.053191 190 179 52 -0.042805 -0.023901 -0.998798
0.016280 0.093939 0.053203 213 204 77 -0.027379 0.012060 0.999552
0.009949 0.091601 0.053114 195 187 60 0.008800 -0.115118 0.993313
0.009669 0.090280 0.053106 205 196 71 0.114820 0.047957 0.992228
0.017258 0.093777 0.053236 202 196 67 -0.063261 0.025545 0.997670
0.013796 0.089849 0.053184 187 184 65 -0.163484 0.045368 0.985502
0.008885 0.089740 0.053191 190 180 66 0.045999 0.016253 0.998809
0.022082 0.090444 0.053003 200 192 64 0.164007 -0.063313 -0.984425
0.011810 0.091422 0.053018 206 199 71 -0.039292 -0.115145 0.992571
0.021753 0.091513 0.053005 205 196 70 0.014436 0.159509 -0.987091
0.012977 0.091031 0.053006 186 179 63 -0.048512 -0.058732 0.997094
0.018019 0.091231 0.053092 207 199 74 0.164532 -0.091881 0.982083
0.008570 0.089575 0.053182 171 168 56 -0.039946 -0.003387 -0.999196
0.014007 0.090792 0.053167 198 191 71 -0.153283 0.039869 0.987378
0.015707 0.094052 0.053184 202 197 69 0.017659 -0.007815 0.999814
0.013575 0.089437 0.053157 187 179 60 -0.216557 0.051010 0.974936
0.009762 0.088802 0.053182 199 191 64 -0.079807 -0.071208 -0.994264
0.017121 0.089019 0.053203 195 188 62 0.103107 0.013302 0.994581
0.019167 0.092999 0.053221 201 194 66 0.037153 -0.125294 0.991424
0.009654 0.089621 0.053142 199 193 76 0.093569 0.046220 0.994539
0.008917 0.090143 0.053187 197 190 68 0.058824 0.021195 0.998043
0.008791 0.089450 0.053186 174 170 53 -0.037509 -0.012791 -0.999214
0.008967 0.091349 0.053157 177 171 57 0.119206 -0.087420 0.989014
0.013272 0.089658 0.053078 185 176 56 -0.224916 0.047050 0.973242
0.009175 0.089694 0.053178 189 183 64 0.059017 0.016644 0.998118
0.014791 0.092035 0.053220 203 192 66 -0.032025 -0.013885 0.999391
0.018434 0.091134 0.052994 206 197 73 0.206554 -0.136908 0.968809
0.019025 0.092226 0.053087 194 184 62 0.091977 -0.206986 0.974011
0.012969 0.089816 0.052964 172 164 52 -0.175394 0.012253 0.984422
0.021596 0.090483 0.052951 212 203 72 -0.160910 0.085874 0.983226
0.021302 0.090607 0.052891 214 206 78 -0.154990 0.064102 0.985834
0.012654 0.091009 0.053007 191 182 58 -0.019110 -0.074110 0.997067
0.014105 0.092270 0.053196 197 188 66 -0.048914 -0.042941 0.997879
0.009694 0.089095 0.053170 198 191 65 -0.084168 -0.057001 -0.994820
0.015861 0.088960 0.053272 182 176 59 0.032313 -0.023647 0.999198
0.009719 0.090601 0.053079 203 196 71 0.116150 0.031721 0.992725
0.009205 0.090022 0.053169 200 190 70 0.071401 0.034563 0.996849
0.013563 0.089737 0.053141 187 179 60 -0.208454 0.045378 0.976979
0.016471 0.088953 0.053244 186 180 59 0.056624 -0.029226 0.997968
0.010066 0.093231 0.053318 207 200 70 0.046158 -0.148653 0.987812
0.016802 0.088951 0.053215 186 181 60 0.071836 0.005551 0.997401
0.014613 0.088928 0.053298 181 178 61 -0.016907 0.033831 0.999285
0.014287 0.088919 0.053270 193 186 63 -0.065844 0.034451 0.997235
0.015206 0.090387 0.053274 176 172 61 0.021571 0.007331 0.999740
0.016100 0.091246 0.053274 206 200 68 -0.008884 -0.010736 0.999903
0.010747 0.093052 0.053315 186 179 59 -0.016310 -0.153279 0.988048
0.009599 0.090004 0.053130 201 193 67 0.108208 0.047712 0.992983
0.012207 0.089845 0.052956 185 178 57 -0.044384 -0.074994 0.996196
0.009943 0.090121 0.053078 204 198 71 0.130480 0.053389 0.990012
0.016168 0.088946 0.053261 182 178 57 0.046200 -0.034586 0.998333
0.021370 0.090918 0.052863 216 208 77 -0.175866 -0.041446 0.983541
0.021819 0.090230 0.053000 195 191 66 0.134909 -0.100813 -0.985716
0.012159 0.090185 0.052988 186 180 61 -0.052589 -0.081660 0.995272
0.014733 0.090463 0.053287 203 196 71 -0.030354 0.021450 0.999309
0.017737 0.089531 0.053080 205 198 73 0.223139 0.030279 0.974316
0.009992 0.090468 0.053047 206 200 74 0.133433 0.022336 0.990806
0.017695 0.091136 0.053141 204 195 74 0.129414 -0.052234 0.990214
0.013657 0.090716 0.053109 193 184 63 -0.168417 0.024853 0.985403
0.009548 0.089345 0.053161 202 191 73 0.066374 0.040973 0.996953
0.021380 0.090297 0.052953 207 199 70 -0.146411 0.125446 0.981237
0.010256 0.090044 0.053032 208 198 74 0.140505 0.064481 0.987978
0.009812 0.088409 0.053200 201 193 68 -0.072733 -0.086860 -0.993562
0.009574 0.093408 0.053418 217 207 82 0.010616 -0.122933 0.992358
0.012958 0.089441 0.053011 178 170 54 -0.204709 0.084351 0.975182
0.009156 0.089423 0.053183 186 180 64 0.047866 0.020557 0.998642
0.013322 0.090690 0.053051 199 187 64 -0.136080 0.002000 0.990696
0.013146 0.089325 0.053087 187 176 55 -0.214834 0.077652 0.973559
0.008516 0.090075 0.053201 196 188 69 0.048931 0.005052 0.998789
0.011997 0.090953 0.053004 203 195 67 -0.047796 -0.079890 0.995657
0.010051 0.089836 0.053082 200 192 69 0.131122 0.061963 0.989428
0.009220 0.088957 0.053191 200 192 66 -0.051923 -0.045348 -0.997621
0.008423 0.091582 0.053267 166 164 56 0.148081 -0.116048 0.982143
0.015845 0.092321 0.053237 207 198 71 -0.025562 0.031854 0.999166
0.010024 0.089468 0.053108 191 183 67 0.117634 0.061634 0.991143
0.010901 0.089960 0.052963 199 194 67 0.084417 0.070436 0.993938
0.017152 0.091277 0.053190 195 187 70 0.098227 -0.034639 0.994561
0.009299 0.091416 0.053149 191 184 67 0.097070 -0.079774 0.992075
0.013319 0.089102 0.053138 188 180 59 -0.200371 0.087720 0.975785
0.008204 0.089965 0.053193 188 181 63 -0.044768 0.017483 -0.998844
0.010312 0.090352 0.053000 208 200 76 0.140941 0.025262 0.989696
0.010607 0.088671 0.053115 197 188 61 0.055621 0.125546 0.990527
0.012655 0.089294 0.052988 187 177 62 -0.159651 0.128906 0.978721
0.021976 0.091173 0.052990 208 200 72 0.138903 0.085928 -0.986571
0.020960 0.090409 0.052850 212 207 72 -0.223490 0.121192 0.967142
0.017492 0.088785 0.053146 203 194 71 0.181779 0.010825 0.983280
0.009535 0.088627 0.053197 205 195 73 -0.071013 -0.067065 -0.995218
0.015316 0.088808 0.053290 185 178 58 0.045875 0.006837 0.998924
0.009975 0.089037 0.053143 193 186 62 0.100060 0.073358 0.992273
0.010508 0.089932 0.052995 206 197 75 0.124406 0.078362 0.989132
0.021580 0.091256 0.052942 213 203 78 -0.103189 -0.128418 0.986337
0.011434 0.089786 0.052926 194 187 56 0.075031 0.025493 0.996855
0.011055 0.089662 0.052982 186 181 61 0.089343 0.098224 0.991146
0.009615 0.091051 0.053083 199 190 72 0.091144 -0.063319 0.993823
0.013658 0.088737 0.053194 177 170 56 -0.142882 0.034185 0.989149
0.018576 0.090886 0.052916 206 197 75 0.226540 -0.110103 0.967759
0.021023 0.090772 0.052819 224 214 81 -0.194306 -0.019774 0.980742
0.017948 0.090974 0.053089 205 198 71 0.162131 -0.079280 0.983579
0.012483 0.090848 0.052994 191 183 57 -0.022188 -0.053762 0.998307
0.009218 0.091066 0.053108 190 183 69 0.099669 -0.043187 0.994083
0.013847 0.089350 0.053204 182 175 56 -0.139041 0.032101 0.989766
0.010029 0.088698 0.053156 196 188 64 0.081714 0.087236 0.992831
0.012518 0.089654 0.052922 180 173 59 -0.115378 -0.009323 0.993278
0.014942 0.088731 0.053302 165 166 56 0.011907 0.018859 0.999751
0.015593 0.088738 0.053271 178 173 62 0.047859 -0.013943 0.998757
0.009340 0.089208 0.053172 196 189 66 0.052089 0.036393 0.997979
0.009716 0.091312 0.053101 195 189 67 0.066112 -0.092284 0.993536
0.010472 0.091127 0.053057 205 196 69 0.069518 -0.155099 0.985450
0.012664 0.089069 0.053030 181 175 59 -0.152688 0.147594 0.977191
0.011849 0.089729 0.052900 191 183 58 0.032910 -0.008784 0.999420
0.012606 0.088709 0.053042 187 179 59 -0.077708 0.175316 0.981441
0.010313 0.089685 0.053046 196 187 67 0.127468 0.072430 0.989194
0.012226 0.092404 0.053161 189 182 58 0.043231 -0.179980 0.982720
0.011458 0.090155 0.052921 199 192 67 0.020802 -0.003256 0.999778
0.009512 0.088898 0.053181 202 192 69 -0.064723 -0.056705 -0.996291
0.010572 0.090175 0.052970 209 202 77 0.113978 0.054626 0.991980
0.011015 0.090211 0.052921 207 203 73 0.056772 0.033580 0.997822
0.021887 0.092015 0.053080 202 196 69 -0.014451 0.155377 -0.987750
0.012700 0.090644 0.052995 182 178 59 -0.031640 -0.034676 0.998898
0.012948 0.089144 0.053065 178 171 55 -0.189631 0.101131 0.976633
0.014442 0.088585 0.053307 186 180 59 -0.042199 0.015261 0.998993
0.011114 0.089284 0.053022 182 176 56 0.073715 0.127625 0.989079
0.010355 0.089280 0.053069 190 182 67 0.110902 0.077173 0.990830
0.010298 0.088522 0.053148 199 189 65 0.070581 0.106334 0.991822
0.012357 0.089140 0.052966 192 183 63 -0.091672 0.160791 0.982722
0.017649 0.089924 0.053098 208 200 78 0.176954 0.016099 0.984087
0.013380 0.092089 0.053132 184 176 58 -0.067706 -0.116041 0.990934
0.015967 0.088718 0.053247 182 174 65 0.052783 -0.042358 0.997707
0.020682 0.090403 0.052760 226 218 88 -0.233871 0.107057 0.966356
0.010727 0.090958 0.052963 210 200 73 0.067117 -0.129952 0.989246
0.018915 0.090757 0.052803 207 198 71 0.221029 -0.103492 0.969761
0.017714 0.088639 0.053080 184 184 64 0.203107 0.011342 0.979091
0.010401 0.090817 0.052992 206 199 71 0.095559 -0.093550 0.991018
0.011682 0.090816 0.052955 207 198 67 -0.048163 -0.073205 0.996153
0.010470 0.088311 0.053173 186 182 63 0.053012 0.106099 0.992941
0.011844 0.090063 0.052942 192 184 61 -0.007391 -0.059974 0.998173
0.009672 0.088261 0.053204 203 195 72 -0.068198 -0.083208 -0.994196
0.011375 0.089441 0.052973 187 179 60 0.127678 0.126336 0.983737
0.011378 0.092580 0.053220 186 179 62 0.001179 -0.213481 0.976946
0.021352 0.091160 0.052885 217 207 83 -0.126601 -0.121746 0.984454
0.017220 0.088695 0.053199 199 189 66 0.116003 -0.008660 0.993211
0.011048 0.088525 0.053126 196 190 66 0.043265 0.122136 0.991570
0.016947 0.088657 0.053204 193 184 63 0.076725 -0.033480 0.996490
0.019162 0.091073 0.052812 204 197 69 0.203536 -0.169349 0.964310
0.020795 0.090064 0.052868 211 204 72 -0.225554 0.153610 0.962045
0.010664 0.089158 0.053038 196 185 66 0.066762 0.107648 0.991945
0.010297 0.088993 0.053095 189 185 65 0.094517 0.097338 0.990753
0.011681 0.088747 0.053052 195 188 64 0.075795 0.174397 0.981754
0.021129 0.090089 0.052955 210 200 72 -0.185753 0.141309 0.972382
0.012364 0.090513 0.052998 188 181 58 -0.033640 -0.045740 0.998387
0.012320 0.088735 0.053040 193 186 59 -0.046039 0.207554 0.977140
0.010580 0.089511 0.053017 190 184 65 0.100855 0.087961 0.991005
0.009885 0.090841 0.053053 203 195 73 0.101408 -0.053608 0.993400
0.016032 0.090690 0.053278 192 183 65 0.025801 -0.038920 0.998909
0.011571 0.089104 0.053005 193 185 60 0.121679 0.162699 0.979144
0.016356 0.088706 0.053230 187 180 64 0.054816 -0.048445 0.997321
0.010146 0.088188 0.053190 187 181 62 0.061851 0.097461 0.993316
0.011654 0.089522 0.052896 194 185 59 0.104712 0.103226 0.989131
0.013024 0.090471 0.052997 192 183 60 -0.105466 -0.012016 0.994350
0.014628 0.094853 0.053249 211 201 73 0.013528 -0.020474 0.999699
0.009635 0.091613 0.053150 190 183 61 0.040639 -0.099513 0.994206
0.010620 0.088912 0.053073 196 189 66 0.054418 0.127532 0.990340
0.011995 0.090499 0.052961 191 187 59 -0.055332 -0.053047 0.997058
0.020388 0.090334 0.052704 230 221 92 -0.178760 0.102761 0.978512
0.011870 0.088469 0.053089 199 189 65 0.025921 0.165710 0.985834
0.011372 0.088662 0.053085 191 188 63 0.067556 0.146673 0.986875
0.010801 0.088212 0.053174 194 186 68 0.042807 0.098120 0.994254
0.012347 0.089336 0.052903 190 184 64 -0.099083 0.125353 0.987152
0.012667 0.090372 0.052983 183 175 56 -0.038400 -0.057803 0.997589
0.012169 0.088502 0.053086 194 186 59 -0.009872 0.194955 0.980762
0.011528 0.088410 0.053101 198 192 63 0.042467 0.123940 0.991381
0.011291 0.090760 0.052939 212 204 72 -0.005867 -0.067870 0.997677
0.011389 0.090529 0.052938 207 201 71 -0.020639 -0.052170 0.998425
0.014149 0.088481 0.053287 199 189 67 -0.096848 0.021615 0.995064
0.010907 0.088770 0.053082 194 186 63 0.046990 0.129913 0.990411
0.015946 0.088455 0.053215 185 178 65 0.064180 -0.057483 0.996281
0.010832 0.089430 0.053008 186 180 57 0.069582 0.099946 0.992557
0.015193 0.088466 0.053291 170 162 51 0.052170 -0.009089 0.998597
0.012054 0.089117 0.052926 196 189 66 0.020220 0.195998 0.980396
0.012499 0.088416 0.053112 186 179 55 -0.048539 0.165853 0.984955
0.017847 0.088427 0.053045 191 180 61 0.191782 0.033992 0.980849
0.011205 0.094399 0.053490 200 193 67 0.039453 -0.125983 0.991248
0.019312 0.090413 0.052699 216 209 81 0.176892 -0.041814 0.983342
0.011882 0.088961 0.052970 194 187 65 0.071109 0.205445 0.976082
0.017447 0.088441 0.053160 201 191 61 0.146748 -0.007733 0.989144
0.010868 0.090776 0.052910 214 204 76 0.065160 -0.086428 0.994125
0.012532 0.089418 0.052905 186 180 63 -0.144132 0.080824 0.986252
0.018531 0.090503 0.052886 204 197 70 0.231760 -0.085505 0.969008
0.020462 0.090081 0.052748 227 217 87 -0.221407 0.146288 0.964147
0.010940 0.090535 0.052921 213 205 76 0.047200 -0.034255 0.998298
0.011122 0.088959 0.053057 191 183 64 0.065758 0.138262 0.988210
0.014946 0.088397 0.053308 161 159 55 0.037031 -0.015669 0.999191
0.008646 0.092843 0.053413 192 184 59 -0.100394 0.075717 -0.992063
0.018830 0.090367 0.052807 207 200 72 0.211056 -0.062399 0.975480
0.011821 0.088201 0.053133 198 191 66 0.005301 0.130488 0.991436
0.011998 0.088735 0.053018 195 188 64 0.036710 0.213589 0.976234
0.011681 0.090433 0.052936 199 193 65 -0.056846 -0.050779 0.997091
0.021046 0.091084 0.052833 222 212 84 -0.159664 -0.159535 0.974195
0.011094 0.088109 0.053162 200 193 64 0.043774 0.090562 0.994928
0.010638 0.090552 0.052932 210 204 70 0.095110 -0.015599 0.995345
0.011545 0.088132 0.053139 200 192 63 0.029114 0.105186 0.994026
0.019995 0.090237 0.052655 229 222 89 -0.052127 0.092937 0.994307
0.017120 0.088401 0.053191 206 195 72 0.103074 -0.030008 0.994221
0.012172 0.088190 0.053139 192 185 56 -0.010959 0.159576 0.987125
0.012978 0.090188 0.052974 176 172 58 -0.154442 -0.019926 0.987801
0.009411 0.089804 0.053156 197 190 65 0.075923 0.031980 0.996601
0.010473 0.087990 0.053200 171 173 65 -0.051116 -0.093315 -0.994324
0.018043 0.088954 0.052995 186 181 63 0.237684 0.019970 0.971137
0.019589 0.090196 0.052656 225 217 91 0.074050 0.048415 0.996079
0.020374 0.090577 0.052676 230 222 93 -0.143170 0.016390 0.989562
0.011800 0.089244 0.052905 193 188 58 0.086247 0.144505 0.985738
0.016233 0.088374 0.053211 194 186 66 0.057422 -0.056533 0.996748
0.011408 0.088852 0.053054 194 186 62 0.080743 0.151046 0.985224
0.019753 0.090310 0.052629 226 219 92 0.038122 0.022942 0.999010
0.017749 0.088296 0.053100 192 183 63 0.179862 0.043804 0.982716
0.019821 0.089986 0.052669 228 222 91 -0.022733 0.123123 0.992131
0.016600 0.088347 0.053188 195 187 68 0.033621 -0.050238 0.998171
0.013092 0.093388 0.053269 184 175 58 0.059694 -0.062824 0.996238
0.014619 0.088296 0.053316 171 169 58 -0.000432 -0.022560 0.999745
0.018105 0.088304 0.053028 186 178 62 0.145613 0.100969 0.984176
0.020162 0.090003 0.052706 230 221 91 -0.144284 0.152391 0.977732
0.014110 0.091938 0.053178 186 177 60 -0.059690 -0.037410 0.997516
0.012646 0.088133 0.053169 180 175 55 -0.043741 0.152431 0.987346
0.019474 0.090739 0.052678 215 207 78 0.144931 -0.085911 0.985705
0.020586 0.089785 0.052842 215 208 75 -0.222791 0.165413 0.960730
0.020158 0.090450 0.052645 230 222 92 -0.096559 0.055687 0.993768
0.015726 0.088282 0.053234 181 173 60 0.084947 -0.048948 0.995182
0.020829 0.092915 0.053209 203 197 73 0.008940 -0.095011 0.995436
0.009764 0.092587 0.053254 186 178 59 0.043400 -0.151467 0.987509
0.016775 0.094058 0.053203 214 205 71 -0.040193 0.018559 0.999020
0.018552 0.090254 0.052864 203 197 69 0.226281 -0.060879 0.972158
0.010443 0.093144 0.053293 189 187 61 0.007969 -0.152020 0.988345
0.013641 0.090400 0.053124 201 194 67 -0.177241 0.040072 0.983351
0.019255 0.090112 0.052719 219 210 85 0.156218 0.039503 0.986932
0.015835 0.094326 0.053173 207 198 66 0.017512 -0.006539 0.999825
0.019853 0.090531 0.052611 228 217 93 0.032443 0.010714 0.999416
0.010145 0.090707 0.053019 206 199 70 0.115871 -0.033798 0.992689
0.010817 0.087898 0.053184 190 184 63 -0.041942 -0.075649 -0.996252
0.014022 0.088127 0.053271 192 181 61 -0.086235 0.019621 0.996082
0.014296 0.088230 0.053306 191 183 66 -0.053011 -0.013528 0.998502
0.020410 0.090986 0.052679 226 216 85 -0.160652 -0.133450 0.977948
0.009814 0.089291 0.053134 195 188 66 0.101015 0.055090 0.993359
0.010168 0.087837 0.053214 190 181 66 -0.049258 -0.082508 -0.995372
0.021273 0.091773 0.053040 209 200 73 -0.016253 -0.226862 0.973791
0.020672 0.090930 0.052737 225 216 88 -0.185988 -0.091896 0.978245
0.009990 0.091212 0.053060 201 192 67 0.046783 -0.124742 0.991086
0.010690 0.089780 0.052993 195 189 67 0.102961 0.081591 0.991333
0.009140 0.090269 0.053161 199 190 69 0.089572 0.041077 0.995133
0.012890 0.093830 0.053303 183 173 60 0.102223 -0.043117 0.993827
0.017309 0.088199 0.053166 198 190 65 0.075147 0.002400 0.997170
0.012375 0.088002 0.053167 186 180 57 -0.025261 0.140245 0.989794
0.018786 0.090049 0.052802 208 202 75 0.193129 -0.015431 0.981052
0.015060 0.088069 0.053286 171 166 56 0.044146 -0.056792 0.997410
0.011896 0.087898 0.053164 193 187 61 -0.008176 0.100912 0.994862
0.018363 0.088113 0.053008 194 187 62 0.118570 0.113232 0.986468
0.012486 0.090069 0.052997 184 175 56 -0.061847 -0.072803 0.995427
0.009209 0.093325 0.053408 208 198 73 0.005809 -0.072673 0.997339
0.017881 0.088145 0.053099 189 181 61 0.150244 0.071740 0.986043
0.017383 0.094777 0.053217 216 210 81 -0.039290 0.030286 0.998769
0.014725 0.088033 0.053295 175 171 65 0.016218 -0.045221 0.998845
0.016016 0.088085 0.053204 194 186 69 0.066335 -0.061760 0.995884
0.011112 0.087813 0.053168 198 190 68 0.034456 0.068293 0.997070
0.011529 0.087862 0.053164 199 192 66 0.014479 0.078509 0.996808
0.010895 0.094752 0.053564 199 194 67 0.042093 -0.082857 0.995672
0.017009 0.088087 0.053160 201 194 67 0.059352 -0.020293 0.998031
0.015367 0.087964 0.053269 179 172 59 0.075223 -0.061602 0.995262
0.013391 0.088029 0.053204 165 160 50 -0.052551 0.096232 0.993971
0.017621 0.088109 0.053130 190 183 62 0.133575 0.043617 0.990078
0.018100 0.088037 0.053058 187 180 64 0.114696 0.101673 0.988184
0.016376 0.088115 0.053189 196 188 66 0.040068 -0.051723 0.997857
0.010205 0.092291 0.053231 190 182 60 0.005502 -0.105840 0.994368
0.010507 0.087710 0.053212 190 182 56 -0.042769 -0.070163 -0.996618
0.014412 0.088019 0.053297 191 182 65 -0.036380 -0.031297 0.998848
0.012913 0.091603 0.053076 186 178 61 -0.012579 -0.067621 0.997632
0.012224 0.089546 0.052870 185 179 57 -0.048462 -0.004235 0.998816
0.011070 0.090955 0.052954 214 205 76 0.043704 -0.122872 0.991460
0.013281 0.088214 0.053180 168 160 52 -0.083439 0.102384 0.991239
0.011094 0.092019 0.053126 205 195 68 0.080563 -0.150941 0.985255
0.016696 0.088022 0.053163 192 189 66 0.025249 -0.033763 0.999111
0.016261 0.094755 0.053193 195 187 60 0.000010 -0.004201 0.999991
0.013750 0.091500 0.053112 178 174 57 -0.111713 -0.040865 0.992900
0.019804 0.089682 0.052707 226 219 87 -0.049220 0.161726 0.985607
0.014650 0.093783 0.053219 202 196 69 0.031487 -0.021027 0.999283
0.012154 0.088966 0.052975 194 186 64 -0.008098 0.208307 0.978030
0.020113 0.090818 0.052622 225 215 85 -0.042258 -0.057384 0.997457
0.012799 0.087885 0.053212 179 173 56 -0.045694 0.139665 0.989144
0.010813 0.087613 0.053202 191 184 63 -0.038633 -0.065383 -0.997112
0.009807 0.092229 0.053191 185 180 56 0.017935 -0.124524 0.992054
0.013366 0.089345 0.053113 193 181 57 -0.225518 0.067017 0.971931
0.018471 0.087835 0.053040 198 189 68 0.101120 0.106483 0.989159
0.012548 0.087747 0.053205 189 181 60 -0.046811 0.098243 0.994061
0.015614 0.088000 0.053245 183 176 66 0.097354 -0.058102 0.993552
0.011610 0.091732 0.053049 204 198 73 -0.003716 -0.144749 0.989461
0.010060 0.091939 0.053195 191 184 62 0.000614 -0.115638 0.993291
0.020445 0.091392 0.052781 219 211 81 -0.165714 -0.266010 0.949620
0.011144 0.087542 0.053188 196 190 65 0.032280 0.066982 0.997232
0.011883 0.087609 0.053187 196 188 64 -0.016346 0.066535 0.997650
0.017451 0.087774 0.053142 185 180 63 0.057452 0.054261 0.996873
0.015832 0.087755 0.053204 200 192 86 0.080864 -0.049596 0.995490
0.013052 0.093181 0.053249 177 174 54 0.046154 -0.088406 0.995015
0.012166 0.087748 0.053178 196 185 60 -0.034389 0.076296 0.996492
0.012936 0.087687 0.053248 179 170 55 -0.047694 0.098360 0.994007
0.009573 0.092100 0.053172 185 177 58 0.054413 -0.120613 0.991207
0.013685 0.093096 0.053227 175 164 62 0.027310 -0.052337 0.998256
0.015512 0.087707 0.053243 193 185 75 0.081870 -0.056569 0.995036
0.018713 0.087833 0.053022 203 194 74 0.085858 0.114591 0.989696
0.018461 0.089859 0.052866 203 198 70 0.225099 -0.004077 0.974327
0.016131 0.087754 0.053180 198 189 77 0.041805 -0.021762 0.998889
0.011579 0.087539 0.053189 195 188 63 0.008413 0.061420 0.998077
0.020613 0.089230 0.052964 197 188 69 -0.169221 0.145066 0.974844
0.013500 0.093597 0.053240 190 181 62 0.040918 -0.034764 0.998558
0.014653 0.095435 0.053260 197 192 61 0.036888 -0.046425 0.998240
0.015230 0.087868 0.053268 185 179 65 0.064092 -0.075062 0.995117
0.018226 0.087671 0.053082 186 179 58 0.099067 0.091902 0.990828
0.016966 0.087637 0.053167 186 179 63 0.023060 0.038186 0.999005
0.016880 0.095291 0.053214 212 202 74 -0.019648 -0.024066 0.999517
0.013191 0.091089 0.053014 186 177 63 -0.094384 -0.037674 0.994823
0.012447 0.091248 0.053046 196 188 63 -0.014535 -0.092124 0.995641
0.012830 0.087499 0.053253 177 173 56 -0.049668 0.073647 0.996047
0.012982 0.089600 0.052935 175 166 54 -0.198698 0.047752 0.978897
0.010899 0.091685 0.053123 206 197 74 0.097916 -0.136740 0.985756
0.015280 0.087531 0.053238 194 188 76 0.054651 -0.069484 0.996085
0.017256 0.087570 0.053176 187 180 64 0.030209 0.046021 0.998484
0.016644 0.087616 0.053170 173 168 61 0.015539 0.026499 0.999528
0.011330 0.088390 0.053119 198 191 64 0.050949 0.115235 0.992031
0.011063 0.092346 0.053146 196 188 67 0.044191 -0.176619 0.983287
0.020153 0.091381 0.052736 218 209 75 -0.073202 -0.259611 0.962935
0.012544 0.087366 0.053230 193 185 63 -0.060913 0.045295 0.997115
0.010999 0.087274 0.053214 199 191 67 -0.028212 -0.053135 -0.998189
0.016358 0.087657 0.053165 177 177 68 0.014485 -0.000320 0.999895
0.012511 0.088897 0.052991 189 181 60 -0.111215 0.176256 0.978041
0.012780 0.089549 0.052921 182 172 56 -0.166999 0.045222 0.984919
0.012251 0.087500 0.053204 196 188 68 -0.044519 0.050761 0.997718
0.013535 0.087453 0.053279 166 160 54 -0.014727 0.061952 0.997970
0.011118 0.091507 0.053058 209 202 76 0.078506 -0.147609 0.985925
0.012826 0.088852 0.053044 174 172 54 -0.127940 0.135400 0.982496
0.010978 0.092534 0.053176 186 177 58 0.030253 -0.163993 0.985998
0.018019 0.087452 0.053126 182 175 58 0.092290 0.054913 0.994217
0.011921 0.087329 0.053203 196 189 66 -0.022394 0.046172 0.998682
0.015542 0.087438 0.053207 202 195 96 0.053780 -0.044681 0.997553
0.011482 0.092041 0.053100 200 194 71 0.017356 -0.171546 0.985023
0.011348 0.087377 0.053198 199 190 68 0.011355 0.052640 0.998549
0.013074 0.087371 0.053276 171 165 53 -0.039940 0.057528 0.997545
0.012985 0.090803 0.052981 192 181 60 -0.065437 -0.032493 0.997328
0.017508 0.087365 0.053178 185 176 60 0.061496 0.043168 0.997173
0.009550 0.092900 0.053347 201 194 67 0.043260 -0.151279 0.987544
0.011588 0.087190 0.053202 198 189 63 0.010427 -0.044533 -0.998953
0.020315 0.087563 0.053076 188 182 60 -0.080142 0.067707 0.994481
0.013828 0.092467 0.053184 196 186 67 -0.036110 -0.078515 0.996259
0.012960 0.092434 0.053099 174 169 56 -0.000128 -0.147832 0.989012
0.018953 0.087397 0.053051 207 200 78 0.048317 0.093237 0.994471
0.012228 0.090892 0.053015 197 190 59 -0.040448 -0.069764 0.996743
0.011320 0.087127 0.053205 203 193 67 -0.009493 -0.046577 -0.998870
0.016941 0.087390 0.053189 174 172 60 0.014146 0.054159 0.998432
0.012873 0.087166 0.053263 183 175 61 -0.042427 0.009052 0.999059
0.013072 0.089970 0.052998 174 167 51 -0.195591 -0.004748 0.980674
0.014694 0.095106 0.053256 206 198 69 0.017069 -0.022091 0.999610
0.011465 0.091380 0.052979 212 204 78 0.019811 -0.135322 0.990604
0.017806 0.087227 0.053162 178 172 51 0.073169 0.030770 0.996845
0.011178 0.089940 0.052920 197 192 62 0.051112 0.042882 0.997772
0.018378 0.087310 0.053095 179 173 57 0.083396 0.061116 0.994641
0.011215 0.090276 0.052905 208 200 68 0.025355 0.003326 0.999673
0.016328 0.087348 0.053166 170 168 71 0.003447 0.027627 0.999612
0.011205 0.091229 0.053005 210 205 78 0.042188 -0.137182 0.989647
0.012107 0.089279 0.052860 195 189 67 0.003177 0.151855 0.988398
0.016648 0.087247 0.053184 166 160 61 -0.003994 0.045754 0.998945
0.011185 0.091837 0.053071 207 198 76 0.070305 -0.136190 0.988185
0.014029 0.087127 0.053299 176 169 62 0.012098 -0.056871 0.998308
0.011607 0.089925 0.052892 193 186 63 0.071592 0.013747 0.997339
0.011779 0.086953 0.053212 193 188 65 0.016321 -0.028766 -0.999453
0.012260 0.087198 0.053217 198 190 65 -0.047702 0.032633 0.998328
0.012077 0.086968 0.053213 197 190 65 -0.035364 0.020388 0.999167
0.012558 0.087020 0.053233 196 188 66 -0.054201 -0.002139 0.998528
0.011444 0.086885 0.053215 202 193 70 0.010778 -0.033083 -0.999394
0.011437 0.091044 0.052964 211 205 75 -0.011206 -0.103550 0.994561
0.015872 0.087090 0.053207 208 199 114 0.010754 -0.010565 0.999886
0.010307 0.090579 0.052969 207 199 72 0.120216 -0.021971 0.992505
0.016139 0.087033 0.053204 175 176 89 -0.010682 0.001044 0.999942
0.018137 0.087070 0.053130 177 172 59 0.081802 0.023121 0.996380
0.016941 0.087067 0.053206 186 177 59 0.013391 0.040433 0.999092
0.017658 0.086970 0.053164 178 173 54 0.059916 -0.006006 0.998185
0.015565 0.087026 0.053206 208 202 113 0.029658 -0.024275 0.999265
0.012898 0.086827 0.053274 184 178 62 -0.026354 -0.056809 0.998037
0.016655 0.087004 0.053217 187 175 63 -0.007544 0.025198 0.999654
0.011044 0.095422 0.053593 216 207 79 0.042698 0.011484 0.999022
0.016141 0.089543 0.053264 188 186 64 0.071891 0.043002 0.996485
0.013195 0.091923 0.053094 178 173 58 -0.046345 -0.096258 0.994277
0.011936 0.089480 0.052819 193 185 62 0.036741 0.054857 0.997818
0.014910 0.086862 0.053235 194 184 66 0.072529 -0.116085 0.990588
0.017889 0.086822 0.053152 184 177 58 0.055403 -0.013712 0.998370
0.017245 0.086893 0.053190 189 179 59 0.053989 -0.008146 0.998508
0.012584 0.086684 0.053249 197 189 66 -0.019114 -0.069389 0.997407
0.014191 0.086834 0.053293 181 176 60 0.018867 -0.118826 0.992736
0.011677 0.086597 0.053212 210 200 73 0.029149 0.009766 -0.999527
0.012290 0.086785 0.053223 202 195 70 -0.037103 -0.016760 0.999171
0.016104 0.086821 0.053207 184 182 86 -0.049129 -0.044750 0.997789
0.016534 0.086801 0.053214 188 180 66 -0.018181 -0.018745 0.999659
0.010199 0.091013 0.053019 205 196 70 0.079336 -0.128777 0.988495
0.017548 0.086784 0.053169 189 180 61 0.061513 -0.022132 0.997861
0.016882 0.086745 0.053220 188 179 61 0.016768 -0.017060 0.999714
0.018268 0.086745 0.053127 184 176 62 0.058618 -0.012181 0.998206
0.010856 0.089051 0.053039 192 182 61 0.053106 0.125928 0.990617
0.013616 0.086738 0.053259 180 173 58 0.006229 -0.129224 0.991596
0.011990 0.086485 0.053211 210 201 73 0.026708 0.062982 -0.997657
0.021301 0.088006 0.053166 178 170 55 -0.102297 0.040781 0.993918
0.014176 0.089671 0.053243 203 194 68 -0.093705 0.027705 0.995214
0.014279 0.087018 0.053291 182 176 61 0.019630 -0.073376 0.997111
0.012807 0.086498 0.053252 192 185 67 -0.012567 -0.116637 0.993095
0.008935 0.093776 0.053412 205 197 69 0.024059 0.051869 -0.998364
0.014985 0.095846 0.053265 191 183 60 0.045590 -0.048294 0.997792
0.018011 0.086552 0.053152 193 182 68 0.049656 -0.024687 0.998461
0.011660 0.092271 0.053152 192 187 64 -0.008212 -0.205674 0.978586
0.016285 0.086588 0.053202 187 181 68 -0.071043 -0.052437 0.996094
0.013482 0.095116 0.053266 214 205 76 0.047494 -0.064392 0.996794
0.013950 0.086724 0.053247 180 174 59 0.012244 -0.154741 0.987879
0.016886 0.096161 0.053249 214 204 77 0.015163 -0.024413 0.999587
0.017609 0.086520 0.053163 194 184 66 0.063326 -0.026689 0.997636
0.011832 0.091812 0.053075 204 194 66 -0.021940 -0.144822 0.989214
0.012827 0.091277 0.053044 189 182 61 -0.011726 -0.071876 0.997345
0.012300 0.086210 0.053221 194 188 65 -0.012297 -0.115568 0.993224
0.018213 0.086380 0.053126 189 181 67 0.044875 -0.014386 0.998889
0.016854 0.086438 0.053219 188 180 63 0.013884 -0.027284 0.999531
0.016504 0.086350 0.053201 190 180 61 -0.039407 -0.062039 0.997295
0.017886 0.086319 0.053141 191 184 70 0.050132 -0.033532 0.998180
0.018622 0.086299 0.053092 194 186 67 0.032587 0.000458 0.999469
0.014096 0.094112 0.053254 214 202 75 0.022514 -0.019333 0.999560
0.017537 0.086225 0.053142 192 186 66 0.063794 -0.054533 0.996472
0.010766 0.090311 0.052931 213 203 80 0.082504 0.031547 0.996091
0.010759 0.088494 0.053143 196 188 66 0.050899 0.121789 0.991250
0.012870 0.086232 0.053178 183 179 61 0.034555 -0.169669 0.984895
0.012301 0.086471 0.053224 206 195 68 -0.022666 -0.089756 0.995706
0.012624 0.086081 0.053182 178 174 58 0.019707 -0.158621 0.987143
0.017181 0.086200 0.053181 193 183 64 0.059146 -0.052955 0.996844
0.009068 0.093524 0.053390 205 197 72 -0.006615 -0.057122 0.998345
0.014677 0.086381 0.053140 197 190 70 0.051609 -0.210292 0.976275
0.016842 0.086130 0.053203 192 184 65 0.014788 -0.068250 0.997559
0.015184 0.093545 0.053202 194 187 67 0.022781 0.000248 0.999740
0.012446 0.085843 0.053163 178 171 60 -0.005434 0.178564 -0.983913
0.017612 0.085923 0.053119 192 186 65 0.048127 -0.082425 0.995435
0.018009 0.085995 0.053121 193 185 67 0.017117 -0.058570 0.998137
0.017241 0.085948 0.053168 194 186 62 0.054431 -0.102701 0.993222
0.012746 0.088593 0.053039 178 173 54 -0.095324 0.129361 0.987005
0.016644 0.085868 0.053183 196 188 64 -0.074878 -0.147464 0.986229
0.018135 0.092419 0.053228 209 199 70 0.058285 -0.122057 0.990810
0.017369 0.088002 0.053114 192 184 66 0.073745 0.037144 0.996585
0.015683 0.088991 0.053273 185 179 63 0.029709 -0.009086 0.999517
0.011678 0.092596 0.053214 184 177 58 0.004766 -0.211648 0.977334
0.016922 0.085774 0.053184 195 187 65 0.000856 -0.135730 0.990746
0.017426 0.085688 0.053120 191 184 66 0.028617 -0.135336 0.990386
0.017650 0.087895 0.053096 187 180 63 0.094739 0.057271 0.993853
0.011578 0.089354 0.052952 191 184 58 0.126606 0.130321 0.983355
0.012584 0.086335 0.053224 196 187 62 -0.010022 -0.115714 0.993232
0.016057 0.085651 0.053076 199 188 66 -0.144482 -0.202213 0.968625
0.014438 0.095777 0.053289 196 191 69 0.059078 -0.076929 0.995285
0.014515 0.087095 0.053258 182 176 59 0.060126 -0.041849 0.997313
0.009809 0.089810 0.053115 200 192 71 0.113411 0.051987 0.992187
0.011348 0.087690 0.053177 196 190 63 0.016879 0.066739 0.997628
0.018601 0.089978 0.052837 206 199 69 0.211539 -0.013528 0.977276
0.015862 0.085620 0.053029 196 187 64 -0.137924 -0.220771 0.965524
0.009720 0.095790 0.053597 214 206 73 -0.003982 -0.014902 0.999881
0.017106 0.087776 0.053147 192 184 63 0.025230 0.028094 0.999287
0.017503 0.087579 0.053160 185 177 62 0.052326 0.046656 0.997540
0.017857 0.085345 0.053043 177 170 53 -0.005605 0.132705 -0.991140
0.017540 0.085385 0.053060 179 174 57 0.002151 0.147454 -0.989067
0.011341 0.089118 0.053034 187 182 59 0.095877 0.156138 0.983071
0.009158 0.092502 0.053281 188 181 60 0.121883 -0.141415 0.982419
0.017356 0.085099 0.052999 177 170 56 0.008420 0.333397 -0.942749
0.015717 0.087567 0.053181 205 195 97 0.072486 -0.033458 0.996808
0.011221 0.093460 0.053360 184 177 61 -0.015185 -0.122844 0.992310
0.017422 0.087020 0.053183 184 176 56 0.059158 0.005340 0.998234
0.011984 0.093478 0.053382 189 182 57 0.053415 -0.110692 0.992418
0.008964 0.091601 0.053194 172 168 60 0.125285 -0.104985 0.986550
0.017737 0.086814 0.053128 185 177 58 0.053193 -0.017346 0.998434
0.010358 0.088776 0.053106 196 189 64 0.077825 0.107847 0.991117
0.012471 0.095870 0.053405 197 194 62 0.107542 -0.046828 0.993097
0.016407 0.087103 0.053193 167 163 66 -0.020681 0.030804 0.999311
0.013643 0.087312 0.053277 166 162 55 -0.009685 0.054485 0.998468
0.015251 0.087280 0.053207 195 190 79 0.055824 -0.046269 0.997368
0.016053 0.087250 0.053152 196 184 84 0.011214 0.011939 0.999866
0.016627 0.086601 0.053210 189 180 64 -0.010954 -0.026735 0.999583
0.015966 0.086626 0.053177 191 186 89 -0.053567 -0.069962 0.996110
0.016185 0.086387 0.053169 187 180 66 -0.080155 -0.083684 0.993263
0.011212 0.096222 0.053543 206 199 70 0.053235 0.048564 0.997400
0.008843 0.094538 0.053481 206 196 65 0.060912 0.085171 -0.994503
0.014576 0.094400 0.053240 206 200 74 0.021894 -0.022373 0.999510
0.011903 0.086742 0.053206 201 195 72 0.027405 0.007223 -0.999598
0.009396 0.091832 0.053173 186 178 56 0.087355 -0.108420 0.990260
0.008536 0.092497 0.053408 201 193 65 -0.144257 0.101277 -0.984344
0.012897 0.092197 0.053051 179 172 53 -0.006092 -0.131766 0.991262
0.017473 0.092341 0.053233 196 189 59 0.034578 -0.079934 0.996200
0.012673 0.092397 0.053119 179 172 52 0.032738 -0.161554 0.986321
0.017138 0.085688 0.053146 195 186 68 0.033020 -0.151463 0.987911
0.013770 0.091931 0.053148 180 174 55 -0.086291 -0.069180 0.993865
0.011437 0.096535 0.053462 214 205 76 0.047240 0.030668 0.998413
0.016664 0.085216 0.053011 180 174 57 0.070011 0.426984 -0.901545
0.009338 0.092281 0.053182 183 176 57 0.097045 -0.149778 0.983946
0.010117 0.088403 0.053187 189 188 60 0.071848 0.094665 0.992913
0.013868 0.093384 0.053226 176 165 62 0.028882 -0.032798 0.999045
0.020305 0.090759 0.052657 228 219 90 -0.115971 -0.055932 0.991677
0.013195 0.092879 0.053239 175 167 56 0.002024 -0.118065 0.993004
0.011309 0.088104 0.053154 200 192 66 0.037861 0.097355 0.994529
0.013153 0.092270 0.053108 181 175 54 -0.026500 -0.134814 0.990517
0.010436 0.092968 0.053260 187 182 58 0.032411 -0.132999 0.990586
0.011355 0.091701 0.053028 207 201 76 0.042521 -0.138536 0.989444
0.016761 0.085499 0.053137 194 186 64 -0.050956 -0.252146 0.966347
0.012550 0.094125 0.053369 196 191 68 0.124952 -0.055996 0.990581
0.009716 0.094700 0.053553 195 188 66 -0.057595 -0.074787 0.995535
0.017019 0.090346 0.053121 211 203 74 0.075854 -0.046405 0.996039
0.014641 0.087366 0.053250 190 185 65 0.060211 -0.037318 0.997488
0.016613 0.090334 0.053171 208 199 74 0.093565 -0.059180 0.993853
0.016795 0.090053 0.053159 213 204 81 0.087309 -0.002221 0.996179
0.017094 0.089983 0.053132 210 203 77 0.078469 0.009584 0.996870
0.021511 0.091909 0.053024 206 197 74 0.047593 -0.178103 0.982860
0.016521 0.086101 0.053143 193 184 63 -0.079530 -0.092584 0.992524
0.017076 0.089626 0.053120 211 201 79 0.088558 0.052882 0.994666
0.016785 0.089829 0.053142 210 204 80 0.089883 0.035411 0.995323
0.016460 0.089830 0.053197 210 204 75 0.101668 0.032608 0.994284
0.019960 0.092379 0.053087 199 192 62 -0.012758 -0.237872 0.971213
0.010661 0.095834 0.053566 214 206 78 0.028043 0.034953 0.998995
0.016689 0.089526 0.053167 208 200 78 0.087200 0.056161 0.994607
0.016969 0.089280 0.053163 204 195 70 0.086999 0.044281 0.995224
0.016638 0.089087 0.053206 191 183 64 0.076706 0.021258 0.996827
0.016848 0.088394 0.053161 199 190 72 0.066993 -0.043931 0.996786
0.019022 0.091687 0.052980 203 191 71 0.167766 -0.218545 0.961297
0.010596 0.093584 0.053361 206 196 73 0.010997 -0.157537 0.987452
0.015764 0.088572 0.053234 179 171 62 0.060892 -0.045807 0.997093
0.017516 0.091750 0.053163 201 193 69 0.083558 -0.067495 0.994214
0.014441 0.096288 0.053330 213 203 72 0.074115 -0.057686 0.995580
0.015435 0.088015 0.053253 177 171 60 0.083320 -0.053295 0.995097
0.018655 0.086014 0.053039 202 192 72 0.021254 -0.011062 0.999713
0.009852 0.089469 0.053134 198 188 70 0.110954 0.058902 0.992078
0.021164 0.088759 0.053097 162 161 48 -0.120556 0.088417 0.988761
0.015787 0.087410 0.053139 206 196 110 0.056065 -0.024077 0.998137
0.017790 0.086115 0.053100 194 186 66 0.035743 -0.065750 0.997196
0.016325 0.086840 0.053184 176 174 75 -0.036461 -0.011090 0.999274
0.015583 0.086769 0.053162 204 196 103 0.009959 -0.082974 0.996502
0.016564 0.091055 0.053247 193 188 64 0.061530 -0.045578 0.997064
0.011708 0.094235 0.053461 203 197 69 0.054048 -0.102896 0.993223
0.015557 0.086431 0.053111 197 189 76 -0.016999 -0.161786 0.986679
0.016193 0.090342 0.053214 192 185 65 0.075852 -0.035911 0.996472
0.011152 0.092901 0.053320 184 175 56 -0.015196 -0.174110 0.984609
0.016279 0.089265 0.053246 187 182 60 0.073288 0.025692 0.996980
0.010050 0.091728 0.053160 194 188 61 0.007292 -0.117687 0.993024
0.015405 0.089686 0.053224 180 178 62 0.009813 0.014147 0.999852
0.017672 0.087329 0.053166 181 173 55 0.064010 0.045514 0.996911
0.015180 0.088605 0.053287 168 167 56 0.049379 -0.001246 0.998779
0.008908 0.093040 0.053409 191 187 61 -0.066472 0.079147 -0.994644
0.017207 0.087043 0.053179 187 178 60 0.047260 0.010128 0.998831
0.011307 0.095249 0.053575 210 202 72 0.062608 -0.007260 0.998012
0.014954 0.088200 0.053295 161 161 61 0.043860 -0.037041 0.998351
0.011130 0.090657 0.052933 212 204 75 0.029874 -0.055634 0.998004
0.015196 0.087700 0.053235 191 184 70 0.063541 -0.084670 0.994381
0.014340 0.087414 0.053264 191 184 65 0.010833 0.014800 0.999832
0.009192 0.090599 0.053133 191 185 67 0.096219 0.026010 0.995020
0.008487 0.090778 0.053211 182 176 60 0.104842 -0.030396 0.994024
0.020244 0.088305 0.053044 193 187 57 -0.117133 0.078526 0.990007
0.016759 0.090650 0.053165 198 190 68 0.093168 -0.072491 0.993008
0.014355 0.090181 0.053225 207 198 74 -0.099380 0.024153 0.994756
0.014245 0.087205 0.053266 185 180 62 0.034915 -0.014569 0.999284
0.013187 0.090267 0.053011 193 183 64 -0.178245 0.000850 0.983986
0.015805 0.091261 0.053230 215 205 77 -0.042727 0.011225 0.999024
0.014328 0.084209 0.052628 172 165 54 -0.124740 0.250276 -0.960105
0.014872 0.090024 0.053249 197 188 68 -0.014535 0.006454 0.999874
0.017912 0.092605 0.053259 205 198 70 0.036494 -0.103024 0.994009
0.015826 0.089690 0.053247 189 183 66 0.024783 0.043672 0.998738
0.012196 0.092625 0.053240 186 176 55 0.051327 -0.192937 0.979868
0.009408 0.093133 0.053406 207 201 77 0.053684 -0.135570 0.989312
0.012783 0.093187 0.053279 181 174 59 0.061342 -0.119993 0.990878
0.014804 0.083742 0.052467 166 157 49 -0.114460 0.287952 -0.950780
0.014122 0.084463 0.052718 179 170 54 -0.092454 0.237503 -0.966977
0.014152 0.085879 0.053029 189 181 64 0.022413 -0.243989 0.969519
0.015649 0.084582 0.052549 156 151 47 -0.021951 0.383591 -0.923242
0.016251 0.084796 0.052642 154 149 47 0.083133 0.450976 -0.888656
0.014635 0.084179 0.052553 167 158 49 -0.120627 0.270897 -0.955020
0.014783 0.084633 0.052649 169 163 53 0.092959 -0.268645 0.958743
0.014515 0.085427 0.052907 184 177 60 0.040045 -0.252843 0.966678
0.015187 0.084506 0.052563 159 151 50 0.107309 -0.321658 0.940756
0.014992 0.085372 0.052868 179 170 56 0.013735 -0.271445 0.962356
0.015312 0.085447 0.052892 180 174 57 -0.036890 -0.279861 0.959331
0.012840 0.085931 0.053065 177 172 55 0.046297 -0.200866 0.978524
0.013026 0.085710 0.052997 188 181 60 -0.071415 0.209094 -0.975284
0.014041 0.086306 0.053106 191 182 62 0.017254 -0.230940 0.972815
0.013753 0.086088 0.053064 193 185 63 0.024879 -0.248714 0.968257
0.013470 0.085826 0.053024 198 188 68 0.068157 -0.230888 0.970590
0.013298 0.085455 0.052960 198 187 66 -0.072092 0.208150 -0.975436
0.013824 0.085606 0.052975 192 184 66 0.037164 -0.204292 0.978204
0.013574 0.085175 0.052892 193 183 60 0.053045 -0.210825 0.976084
0.014760 0.086109 0.053047 198 191 72 0.030664 -0.234353 0.971668
0.014558 0.085786 0.052987 192 185 64 0.018072 -0.248780 0.968391
0.014254 0.085540 0.052954 185 179 62 0.048955 -0.238019 0.970026
0.015308 0.086117 0.053032 193 187 68 -0.026239 -0.212176 0.976879
0.015051 0.085790 0.052976 186 179 61 -0.003048 -0.244557 0.969630
0.015209 0.085047 0.052747 176 170 56 0.020631 -0.349697 0.936636
0.015009 0.084752 0.052660 170 164 51 0.102253 -0.314029 0.943891
0.014943 0.091202 0.053215 205 198 71 -0.024460 0.049380 0.998480
0.014405 0.090669 0.053222 216 207 81 -0.097692 0.046307 0.994139
0.015703 0.086129 0.053046 190 182 66 -0.103985 -0.165332 0.980741
0.014734 0.084399 0.052553 165 158 52 0.123166 -0.270017 0.954945
0.015944 0.085059 0.052758 169 165 50 -0.090798 -0.433915 0.896367
0.014661 0.089755 0.053246 206 196 71 -0.020203 0.013447 0.999705
0.015865 0.084496 0.052502 154 149 46 0.011650 0.422553 -0.906263
0.015544 0.084082 0.052305 157 150 45 -0.066029 0.341423 -0.937588
0.013904 0.084854 0.052812 187 179 63 0.075613 -0.235985 0.968811
0.014698 0.085134 0.052816 177 171 56 0.044911 -0.271241 0.961463
0.014509 0.092329 0.053194 189 182 66 -0.049939 -0.021368 0.998524
0.014302 0.089999 0.053209 207 197 70 -0.102350 0.023363 0.994474
0.013255 0.086210 0.053065 196 186 63 0.057499 -0.203362 0.977414
0.013718 0.086474 0.053142 186 180 64 0.019896 -0.201295 0.979329
0.016391 0.090311 0.053177 198 192 74 0.095385 -0.040546 0.994614
0.014295 0.089108 0.053243 191 185 66 -0.076172 0.037515 0.996389
0.015950 0.086284 0.053087 188 182 68 -0.097288 -0.122153 0.987732
0.014915 0.087310 0.053197 185 180 63 0.057862 -0.044912 0.997314
0.014264 0.084856 0.052761 187 178 59 0.083408 -0.245742 0.965740
0.015106 0.084134 0.052448 158 150 46 -0.101635 0.307828 -0.945998
0.015522 0.084809 0.052642 170 163 53 0.014054 -0.390351 0.920559
0.015503 0.085862 0.053004 192 183 63 -0.096071 -0.199114 0.975256
0.012607 0.085657 0.053072 178 174 62 -0.033444 0.209826 -0.977167
0.013849 0.085278 0.052826 186 182 62 0.047220 -0.212146 0.976096
0.014763 0.085484 0.052892 182 174 57 0.017652 -0.253327 0.967220
0.014733 0.084004 0.052516 165 158 47 -0.110861 0.272080 -0.955867
0.021379 0.095586 0.053246 215 208 79 0.010239 0.087967 0.996071
0.011681 0.090433 0.052936 199 193 65 -0.056846 -0.050779 0.997091
0.015542 0.087438 0.053207 202 195 96 0.053780 -0.044681 0.997553
0.016880 0.095291 0.053214 212 202 74 -0.019648 -0.024066 0.999517
0.012107 0.094253 0.053444 202 196 70 0.101405 -0.079546 0.991660
0.009411 0.089804 0.053156 197 190 65 0.075923 0.031980 0.996601
0.016638 0.089087 0.053206 191 183 64 0.076706 0.021258 0.996827
0.020955 0.096785 0.053159 212 204 75 -0.016599 -0.067076 -0.997610
0.016460 0.089830 0.053197 210 204 75 0.101668 0.032608 0.994284
0.012938 0.092983 0.053258 176 170 55 0.044666 -0.141645 0.988909
0.008901 0.093944 0.053424 205 197 71 0.033852 0.062955 -0.997442
0.020200 0.095876 0.053231 210 204 71 0.015334 0.062705 0.997914
0.015544 0.084082 0.052305 157 150 45 -0.066029 0.341423 -0.937588
0.019127 0.088593 0.052899 201 193 70 0.024550 0.115187 0.993040
0.016960 0.095854 0.053239 206 198 68 -0.000219 -0.042929 0.999078
0.019255 0.090112 0.052719 219 210 85 0.156218 0.039503 0.986932
0.009068 0.093524 0.053390 205 197 72 -0.006615 -0.057122 0.998345
0.014921 0.093665 0.053212 201 192 65 0.025677 -0.009579 0.999624
0.012704 0.089810 0.052975 175 169 57 -0.126418 -0.000778 0.991977
0.007981 0.091061 0.053294 191 185 65 -0.137873 0.080942 -0.987137
0.015312 0.085447 0.052892 180 174 57 -0.036890 -0.279861 0.959331
0.016767 0.084704 0.052633 156 148 45 0.070717 0.472948 -0.878248
0.017309 0.088199 0.053166 198 190 65 0.075147 0.002400 0.997170
0.018354 0.095119 0.053260 210 204 70 -0.044216 0.037814 0.998306
0.015097 0.089142 0.053278 199 188 67 0.022294 0.035768 0.999111
0.021025 0.089793 0.052985 206 198 75 -0.183944 0.137815 0.973227
0.017152 0.091277 0.053190 195 187 70 0.098227 -0.034639 0.994561
0.016328 0.096131 0.053249 200 193 65 0.006738 -0.046465 0.998897
0.020863 0.092368 0.053183 199 193 62 -0.029524 -0.125587 0.991643
0.011914 0.092485 0.053215 186 181 57 0.010482 -0.198585 0.980028
0.021762 0.093061 0.053222 180 180 64 -0.004315 0.112239 -0.993672
0.018011 0.086552 0.053152 193 182 68 0.049656 -0.024687 0.998461
0.016613 0.090334 0.053171 208 199 74 0.093565 -0.059180 0.993853
0.014760 0.086109 0.053047 198 191 72 0.030664 -0.234353 0.971668
0.016882 0.086745 0.053220 188 179 61 0.016768 -0.017060 0.999714
0.016680 0.093488 0.053214 222 212 87 -0.047392 0.026031 0.998537
0.020158 0.090450 0.052645 230 222 92 -0.096559 0.055687 0.993768
0.012528 0.096209 0.053468 213 204 73 0.073319 -0.069572 0.994879
0.014523 0.092539 0.053211 185 179 62 -0.030459 -0.011173 0.999474
0.019651 0.096795 0.053189 214 204 77 0.040125 0.061112 0.997324
0.010307 0.094795 0.053593 192 186 63 -0.016178 -0.063205 0.997869
0.017672 0.092768 0.053274 206 198 69 0.015792 -0.063638 0.997848
0.019200 0.091622 0.052936 203 192 70 0.170456 -0.233418 0.957320
0.017190 0.087263 0.053192 187 177 63 0.035742 0.042075 0.998475
0.014954 0.088200 0.053295 161 161 61 0.043860 -0.037041 0.998351
0.018837 0.091059 0.052889 204 195 72 0.212710 -0.149903 0.965548
0.012196 0.092625 0.053240 186 176 55 0.051327 -0.192937 0.979868
0.014976 0.097704 0.053283 212 204 75 0.058083 0.058595 0.996591
0.019700 0.095243 0.053269 213 205 74 0.016057 0.037348 0.999173
0.013195 0.092879 0.053239 175 167 56 0.002024 -0.118065 0.993004
0.021601 0.096430 0.053163 216 206 76 -0.012207 -0.078088 -0.996872
0.013232 0.090834 0.053028 188 182 64 -0.125402 -0.010976 0.992045
0.012243 0.095387 0.053467 204 195 64 0.153987 -0.019313 0.987884
0.011529 0.087862 0.053164 199 192 66 0.014479 0.078509 0.996808
0.018043 0.088954 0.052995 186 181 63 0.237684 0.019970 0.971137
0.018673 0.097222 0.053180 196 190 69 0.015366 0.050555 0.998603
0.018579 0.096207 0.053238 207 195 69 -0.013479 0.035132 0.999292
0.009419 0.089537 0.053143 197 188 65 0.064666 0.034813 0.997299
0.014831 0.092586 0.053230 169 166 53 -0.015372 0.002757 0.999878
0.013733 0.097193 0.053393 211 204 79 0.053580 0.035531 0.997931
0.017394 0.090855 0.053163 203 197 72 0.097321 -0.050476 0.993972
0.018386 0.086169 0.053107 196 189 65 0.024566 -0.012322 0.999622
0.014238 0.091537 0.053177 186 180 60 -0.090530 -0.009296 0.995850
0.010638 0.090552 0.052932 210 204 70 0.095110 -0.015599 0.995345
0.018019 0.091231 0.053092 207 199 74 0.164532 -0.091881 0.982083
0.009807 0.092229 0.053191 185 180 56 0.017935 -0.124524 0.992054
0.014295 0.097363 0.053358 221 212 79 0.054408 0.055520 0.996974
0.014394 0.097621 0.053322 219 210 82 -0.056454 -0.073722 -0.995680
0.015060 0.088069 0.053286 171 166 56 0.044146 -0.056792 0.997410
0.018267 0.088733 0.052951 173 167 59 0.180313 0.067192 0.981312
0.015706 0.098074 0.053237 219 213 81 0.027085 0.055195 0.998108
0.013797 0.087958 0.053207 171 166 57 -0.071236 0.062639 0.995491
0.011881 0.095977 0.053500 212 206 74 0.077789 0.017234 0.996821
0.015418 0.093070 0.053204 199 192 70 0.009946 0.027677 0.999567
0.019812 0.091426 0.052746 211 203 73 0.042647 -0.287903 0.956710
0.009537 0.095667 0.053584 210 204 75 -0.013255 -0.023115 0.999645
0.019662 0.093537 0.053261 203 193 67 0.016829 -0.068998 0.997475
0.015358 0.090812 0.053231 192 188 64 0.004887 0.039464 0.999209
0.019677 0.097588 0.053140 195 191 70 -0.036659 -0.068387 -0.996985
0.018630 0.089026 0.052865 190 186 68 0.114860 0.090803 0.989223
0.013267 0.086732 0.053281 187 177 60 0.013856 -0.117668 0.992956
0.015543 0.091442 0.053221 217 210 81 -0.041219 0.003729 0.999143
0.017403 0.096183 0.053232 204 197 70 0.021194 -0.009061 0.999734
0.017019 0.090346 0.053121 211 203 74 0.075854 -0.046405 0.996039
0.014641 0.087366 0.053250 190 185 65 0.060211 -0.037318 0.997488
0.021551 0.087839 0.053198 177 171 55 -0.103758 0.029174 0.994175
0.014827 0.086625 0.053206 196 189 71 0.058287 -0.160885 0.985251
0.008875 0.092196 0.053309 199 189 63 0.148691 -0.136881 0.979364
0.015576 0.096058 0.053256 189 183 62 0.032104 -0.037088 0.998796
0.018454 0.085632 0.053137 195 189 63 0.001082 0.043376 -0.999058
0.011681 0.088747 0.053052 195 188 64 0.075795 0.174397 0.981754
0.010759 0.088494 0.053143 196 188 66 0.050899 0.121789 0.991250
0.014624 0.094033 0.053227 209 200 75 0.034179 -0.027903 0.999026
0.016072 0.089243 0.053266 185 180 59 0.057462 0.023717 0.998066
0.009964 0.095867 0.053595 219 210 73 0.003029 0.012324 0.999919
0.011341 0.089118 0.053034 187 182 59 0.095877 0.156138 0.983071
0.012558 0.087020 0.053233 196 188 66 -0.054201 -0.002139 0.998528
0.017540 0.085385 0.053060 179 174 57 0.002151 0.147454 -0.989067
0.020579 0.091555 0.052894 218 209 82 -0.147884 -0.317507 0.936653
0.013802 0.095596 0.053309 208 201 77 0.037369 -0.096968 0.994586
0.021023 0.090772 0.052819 224 214 81 -0.194306 -0.019774 0.980742
0.012893 0.092683 0.053208 176 168 56 0.029304 -0.159803 0.986714
0.016097 0.097240 0.053275 213 206 77 0.013969 0.021742 0.999666
0.015887 0.089514 0.053264 187 184 58 0.025864 0.038362 0.998929
0.012780 0.089549 0.052921 182 172 56 -0.166999 0.045222 0.984919
0.021005 0.093609 0.053274 204 197 68 -0.001561 -0.086434 0.996256
0.020595 0.087099 0.053125 200 190 62 -0.059393 0.063909 0.996187
0.014444 0.084603 0.052659 175 171 55 0.089150 -0.246511 0.965031
0.014105 0.092270 0.053196 197 188 66 -0.048914 -0.042941 0.997879
0.011545 0.088132 0.053139 200 192 63 0.029114 0.105186 0.994026
0.017383 0.094777 0.053217 216 210 81 -0.039290 0.030286 0.998769
0.015209 0.085047 0.052747 176 170 56 0.020631 -0.349697 0.936636
0.009095 0.095919 0.053588 221 213 81 0.014152 0.034266 -0.999313
0.013409 0.088828 0.053150 183 176 57 -0.157720 0.059525 0.985688
0.016668 0.088678 0.053216 189 181 62 0.044259 -0.037263 0.998325
0.011295 0.093195 0.053360 181 174 57 -0.019153 -0.145206 0.989216
0.017640 0.088422 0.053084 194 187 64 0.194388 0.026216 0.980574
0.019011 0.092759 0.053218 192 188 62 0.039995 -0.154931 0.987115
0.019476 0.097762 0.053119 191 187 64 -0.031824 -0.065604 -0.997338
0.013563 0.089737 0.053141 187 179 60 -0.208454 0.045378 0.976979
0.010470 0.088311 0.053173 186 182 63 0.053012 0.106099 0.992941
0.021406 0.096022 0.053187 216 207 80 -0.010333 -0.082507 -0.996537
0.016348 0.096746 0.053269 210 201 72 0.016393 -0.002033 0.999864
0.018434 0.091134 0.052994 206 197 73 0.206554 -0.136908 0.968809
0.014183 0.093544 0.053232 190 179 66 0.026888 -0.024256 0.999344
0.008313 0.091257 0.053247 171 167 59 -0.139817 0.091308 -0.985958
0.012107 0.089279 0.052860 195 189 67 0.003177 0.151855 0.988398
0.013603 0.092231 0.053171 190 183 62 -0.062131 -0.112451 0.991713
0.019700 0.095243 0.053269 213 205 74 0.016057 0.037348 0.999173
0.017566 0.097103 0.053225 217 210 79 0.039226 0.027076 0.998863
0.010572 0.090175 0.052970 209 202 77 0.113978 0.054626 0.991980
0.020358 0.088481 0.053037 197 189 64 -0.127882 0.093514 0.987371
0.016961 0.093842 0.053229 209 203 72 -0.053696 0.019809 0.998361
0.018041 0.092079 0.053171 200 194 67 0.073623 -0.122209 0.989770
0.019192 0.096991 0.053197 191 187 71 0.013764 0.066179 0.997713
0.009151 0.095110 0.053542 197 192 64 0.056712 0.064802 -0.996285
0.014515 0.085427 0.052907 184 177 60 0.040045 -0.252843 0.966678
0.016376 0.090653 0.053246 189 182 63 0.074846 -0.069647 0.994760
0.010880 0.092769 0.053293 184 178 55 0.009858 -0.159475 0.987153
0.017857 0.085345 0.053043 177 170 53 -0.005605 0.132705 -0.991140
0.022164 0.089276 0.053158 188 182 62 0.106258 -0.105580 -0.988717
0.014328 0.084209 0.052628 172 165 54 -0.124740 0.250276 -0.960105
0.013452 0.094104 0.053263 198 192 71 0.057339 -0.013754 0.998260
0.013288 0.096397 0.053413 196 189 66 0.073760 -0.060611 0.995432
0.016287 0.085445 0.053040 194 184 64 -0.140137 -0.313439 0.939211
0.014007 0.090792 0.053167 198 191 71 -0.153283 0.039869 0.987378
0.016416 0.097411 0.053262 214 205 78 0.026707 0.040250 0.998833
0.015644 0.089739 0.053244 184 179 65 0.021986 0.022185 0.999512
0.021753 0.091513 0.053005 205 196 70 0.014436 0.159509 -0.987091
0.012745 0.095917 0.053399 191 187 63 0.102960 -0.083150 0.991204
0.013966 0.095098 0.053259 214 206 81 0.024634 -0.050013 0.998445
0.018461 0.087609 0.053064 189 183 61 0.096476 0.099591 0.990340
0.015388 0.095463 0.053250 202 193 69 0.041527 -0.033867 0.998563
0.017671 0.088954 0.053098 204 194 71 0.239410 0.004621 0.970908
0.019490 0.088836 0.052891 199 195 70 -0.054145 0.142671 0.988288
0.010539 0.092786 0.053264 188 179 59 0.006920 -0.128825 0.991643
0.017540 0.085385 0.053060 179 174 57 0.002151 0.147454 -0.989067
0.011355 0.091701 0.053028 207 201 76 0.042521 -0.138536 0.989444
0.021824 0.087602 0.053212 182 177 60 0.103429 -0.025976 -0.994298
0.013272 0.089658 0.053078 185 176 56 -0.224916 0.047050 0.973242
0.017540 0.093529 0.053275 214 205 82 -0.052669 0.009572 0.998566
0.016294 0.097097 0.053271 215 206 77 0.017713 0.019017 0.999662
0.009156 0.089423 0.053183 186 180 64 0.047866 0.020557 0.998642
0.019739 0.092911 0.053201 201 194 64 0.025296 -0.135547 0.990448
0.017508 0.087365 0.053178 185 176 60 0.061496 0.043168 0.997173
0.014366 0.094980 0.053246 208 199 72 0.019147 -0.032417 0.999291
0.010620 0.088912 0.053073 196 189 66 0.054418 0.127532 0.990340
0.021536 0.088863 0.053133 158 156 45 -0.116957 0.091170 0.988943
0.019649 0.095882 0.053245 210 202 72 0.026496 0.051623 0.998315
0.013273 0.085035 0.052879 192 187 62 -0.072042 0.208321 -0.975404
0.013797 0.087958 0.053207 171 166 57 -0.071236 0.062639 0.995491
0.019954 0.095986 0.053226 215 205 77 0.026837 0.060102 0.997831
0.019333 0.097604 0.053147 195 189 65 0.028223 0.066276 0.997402
0.020475 0.091897 0.053036 210 202 74 -0.141351 -0.284736 0.948127
0.021274 0.094226 0.053317 208 201 75 -0.003026 -0.018192 0.999830
0.014144 0.085251 0.052856 189 181 57 0.062116 -0.232578 0.970592
0.008241 0.092315 0.053410 200 193 62 -0.143008 0.119969 -0.982424
0.015633 0.093094 0.053205 206 197 70 0.001418 0.028730 0.999586
0.013185 0.095080 0.053297 202 195 72 0.082556 -0.042592 0.995676
0.016003 0.085397 0.052970 191 182 58 -0.133035 -0.342869 0.929915
0.016788 0.094625 0.053209 209 202 70 -0.028862 0.016584 0.999446
0.008791 0.089450 0.053186 174 170 53 -0.037509 -0.012791 -0.999214
0.015717 0.087567 0.053181 205 195 97 0.072486 -0.033458 0.996808
0.011794 0.093768 0.053416 198 192 64 0.044649 -0.105165 0.993452
0.015832 0.087755 0.053204 200 192 86 0.080864 -0.049596 0.995490
0.013927 0.094576 0.053258 201 197 69 0.023035 -0.009955 0.999685
0.008687 0.089933 0.053201 192 187 64 0.049365 0.009241 0.998738
0.020019 0.097447 0.053132 206 198 74 -0.038164 -0.066827 -0.997034
0.015887 0.089514 0.053264 187 184 58 0.025864 0.038362 0.998929
0.016064 0.097498 0.053261 212 205 75 0.019515 0.042428 0.998909
0.012558 0.087020 0.053233 196 188 66 -0.054201 -0.002139 0.998528
0.013633 0.096862 0.053389 212 203 75 0.058599 0.010154 0.998230
0.013296 0.087344 0.053279 168 162 50 -0.026062 0.062500 0.997705
0.020778 0.094582 0.053311 209 201 75 -0.012916 0.033525 0.999354
0.019962 0.086595 0.053144 206 199 74 0.048765 -0.089793 -0.994766
0.011440 0.095935 0.053543 208 202 71 0.065839 0.045576 0.996789
0.014366 0.094980 0.053246 208 199 72 0.019147 -0.032417 0.999291
0.014658 0.097806 0.053290 208 201 73 -0.063831 -0.065893 -0.995783
0.018876 0.086170 0.053080 193 187 67 -0.006017 -0.009220 -0.999939
0.014910 0.086862 0.053235 194 184 66 0.072529 -0.116085 0.990588
0.016261 0.094755 0.053193 195 187 60 0.000010 -0.004201 0.999991
0.013568 0.084763 0.052832 186 178 61 -0.071342 0.224818 -0.971786
0.017717 0.087583 0.053151 184 177 61 0.080504 0.047964 0.995600
