0.048064 0.047346 0.110943 62 65 41 0.807865 -0.482701 -0.338161
0.044428 0.045693 0.114139 39 42 23 -0.435278 -0.890210 0.134387
0.050843 0.048459 0.110741 66 63 31 -0.150977 -0.986535 0.062888
0.052369 0.042382 0.107297 68 59 23 0.944713 -0.168185 -0.281481
0.053156 0.043347 0.108750 54 54 21 0.902633 -0.227985 -0.365071
0.052205 0.043437 0.106233 60 57 25 0.948887 -0.071701 -0.307363
0.049126 0.046689 0.114071 52 52 28 0.818270 -0.518142 -0.248923
0.052162 0.042183 0.106697 63 53 23 0.960606 -0.159550 -0.227552
0.053503 0.047771 0.112912 62 61 37 -0.569914 -0.794920 0.208088
0.053698 0.045040 0.109852 53 53 22 0.943723 0.034456 -0.328939
0.047022 0.044900 0.115802 34 40 19 -0.051006 -0.994605 0.090330
0.053033 0.043151 0.108572 57 53 24 0.900545 -0.236565 -0.364767
0.047814 0.047850 0.109165 67 61 33 0.596124 -0.760578 -0.257210
0.052500 0.044777 0.106756 49 52 25 0.920563 0.029883 -0.389450
0.046836 0.044879 0.114175 35 38 22 0.025875 -0.992957 0.115619
0.053022 0.042887 0.108722 55 54 23 0.901826 -0.230609 -0.365417
0.052242 0.040172 0.108951 49 46 21 0.877404 -0.409418 -0.250077
0.054139 0.044603 0.110940 51 48 22 0.950841 -0.047548 -0.306007
0.050493 0.048337 0.108494 59 58 32 -0.203540 -0.978296 0.038839
0.052915 0.043349 0.108197 55 54 19 0.898072 -0.220363 -0.380666
0.045181 0.044997 0.112825 25 35 22 -0.409608 -0.881676 0.234240
0.053514 0.045185 0.109193 53 52 22 0.935281 0.001842 -0.353902
0.047922 0.047089 0.110903 60 64 35 0.834544 -0.408755 -0.369399
0.048589 0.047782 0.111284 64 61 35 0.669703 -0.680158 -0.298131
0.044394 0.044771 0.110610 26 36 24 -0.495467 -0.830198 0.255508
0.052027 0.044401 0.105545 45 45 23 0.927025 0.022826 -0.374304
0.050360 0.046959 0.117262 44 51 27 0.751271 -0.622389 -0.219599
0.054383 0.045887 0.111916 56 53 25 0.924842 0.177034 -0.336641
0.052085 0.039242 0.109759 44 44 21 0.890827 -0.381809 -0.246272
0.052721 0.042377 0.108351 59 55 25 0.916800 -0.199368 -0.346021
0.052108 0.039487 0.109686 43 44 22 0.890672 -0.388824 -0.235626
0.053483 0.048008 0.114298 61 60 33 -0.463592 -0.873156 0.150599
0.051963 0.047564 0.107347 60 61 26 -0.636098 -0.722325 0.271340
0.044475 0.045674 0.113787 38 40 22 -0.432539 -0.889931 0.144680
0.052893 0.047229 0.108826 65 61 26 0.764355 0.576420 -0.288966
0.049440 0.047098 0.114299 51 54 27 0.823591 -0.503184 -0.261731
0.054703 0.042118 0.115431 46 47 21 0.925816 -0.324845 -0.193238
0.047194 0.046470 0.109579 52 52 29 0.863962 -0.377879 -0.332832
0.052289 0.041546 0.107606 62 57 21 0.935200 -0.194152 -0.296153
0.052176 0.043911 0.105998 52 50 23 0.939451 -0.050058 -0.339008
0.047535 0.044888 0.116744 35 39 22 -0.198951 0.979270 0.038054
0.054060 0.042844 0.111784 47 48 22 0.925495 -0.277033 -0.258287
0.044699 0.044848 0.111436 30 35 23 -0.487042 -0.831247 0.267990
0.052583 0.042023 0.108104 62 57 23 0.928172 -0.175441 -0.328202
0.052982 0.048348 0.115261 59 56 24 -0.247183 -0.966888 0.063475
0.047377 0.044902 0.115035 35 41 22 0.199032 -0.979905 0.013155
0.048668 0.045382 0.117052 45 47 28 0.545877 -0.832019 -0.098806
0.052773 0.047801 0.110988 57 58 30 -0.573809 -0.803053 0.160777
0.050190 0.048467 0.112402 68 64 31 0.216349 -0.975679 -0.035270
0.051509 0.048338 0.115974 62 59 31 0.330607 -0.935341 -0.125845
0.049530 0.048363 0.111100 73 67 38 0.272904 -0.957677 -0.091529
0.043729 0.045499 0.111627 38 42 23 -0.496227 -0.837287 0.229583
0.048259 0.048143 0.108917 65 62 32 0.422946 -0.893741 -0.149479
0.047508 0.044975 0.113327 45 51 26 0.437688 -0.897265 -0.057827
0.050325 0.047533 0.115704 57 54 31 0.714179 -0.615254 -0.333784
0.045919 0.044534 0.111622 30 41 21 0.154856 -0.979034 0.132337
0.053733 0.046230 0.110478 58 55 27 0.927137 0.268323 -0.261571
0.052790 0.044336 0.107442 45 50 24 0.926063 -0.075151 -0.369811
0.053188 0.047471 0.110942 58 57 34 -0.690063 -0.703248 0.171041
0.048935 0.047670 0.112058 67 62 34 0.721507 -0.596773 -0.351127
0.053944 0.046698 0.111481 56 56 29 0.848313 0.421712 -0.320193
0.052276 0.040287 0.108805 50 47 19 0.879180 -0.391776 -0.271207
0.051075 0.048004 0.116638 61 57 35 0.662246 -0.723722 -0.194053
0.052285 0.041974 0.107194 72 61 24 0.953942 -0.161212 -0.252993
0.048752 0.046492 0.113392 49 52 24 0.818832 -0.483808 -0.308939
0.050468 0.047530 0.116052 53 54 30 0.712837 -0.646697 -0.271379
0.052460 0.041531 0.108014 59 54 24 0.929122 -0.201785 -0.309862
0.051860 0.048288 0.111144 62 63 27 -0.297988 -0.941803 0.155596
0.052554 0.041342 0.108478 51 51 22 0.918414 -0.242718 -0.312415
0.053898 0.045497 0.110404 55 52 23 0.938789 0.142860 -0.313475
0.048743 0.046044 0.114457 47 52 27 0.751773 -0.636855 -0.171036
0.048621 0.045503 0.116258 53 53 23 0.608222 -0.780803 -0.142874
0.053861 0.047756 0.114019 62 59 32 -0.587399 -0.793808 0.157578
0.051655 0.048514 0.114046 72 65 35 0.029919 -0.996519 -0.077813
0.045274 0.044405 0.110912 33 36 23 0.196601 0.956090 -0.217348
0.054686 0.045989 0.113158 54 53 23 0.959104 0.159899 -0.233564
0.045812 0.044846 0.113045 30 37 22 -0.184009 -0.968989 0.164929
0.050856 0.048333 0.114595 67 63 33 0.258525 -0.957005 -0.131551
0.047927 0.046331 0.111549 49 52 27 0.831818 -0.399608 -0.385217
0.050998 0.048395 0.114279 67 60 31 0.188217 -0.975666 -0.112471
0.054749 0.046848 0.114400 52 51 26 0.910307 0.357975 -0.207836
0.052967 0.048298 0.114426 59 56 31 -0.330434 -0.938523 0.099944
0.049454 0.048506 0.107590 66 64 34 0.016397 -0.998970 -0.042318
0.049187 0.045984 0.116234 56 54 26 0.695464 -0.690389 -0.199229
0.045667 0.044940 0.113662 26 37 20 -0.311507 -0.945107 0.098675
0.053677 0.040924 0.112867 49 48 21 0.912163 -0.349130 -0.214633
0.046815 0.044812 0.111675 46 46 29 0.501034 -0.859767 -0.098827
0.047959 0.046605 0.111352 54 54 30 0.836815 -0.358427 -0.413849
0.045693 0.044967 0.114202 23 35 19 -0.337759 -0.926801 0.164193
0.047807 0.047326 0.110172 67 62 35 0.803963 -0.533640 -0.262435
0.054225 0.042675 0.112631 46 45 23 0.919798 -0.309941 -0.240639
0.053761 0.047817 0.113725 60 62 31 -0.560709 -0.809950 0.172004
0.054601 0.045803 0.112591 49 52 23 0.958585 0.125792 -0.255522
0.044565 0.044200 0.108699 31 38 25 -0.091585 -0.995458 0.025993
0.049756 0.047805 0.113972 68 65 36 0.759401 -0.582665 -0.289503
0.050478 0.048381 0.107400 60 60 33 -0.301516 -0.952051 0.051835
0.054228 0.045340 0.111388 52 52 23 0.940589 0.106811 -0.322309
0.047842 0.047751 0.109423 64 62 30 0.630969 -0.718764 -0.291988
0.053769 0.045977 0.110254 58 55 28 0.939715 0.192514 -0.282620
0.051310 0.048347 0.115343 63 60 29 0.265237 -0.950198 -0.163625
0.047614 0.045095 0.113021 54 54 26 0.567386 -0.817363 -0.099954
0.046894 0.045518 0.110115 46 50 27 0.813241 -0.494875 -0.306167
0.054603 0.046883 0.113958 50 51 26 0.884945 0.412542 -0.216060
0.046987 0.046968 0.108568 52 55 31 0.866797 -0.381836 -0.320725
0.050564 0.048478 0.113364 67 65 34 0.251026 -0.955012 -0.157914
0.047636 0.046392 0.110915 50 53 25 0.852403 -0.364141 -0.375247
0.052760 0.048402 0.114877 66 61 27 -0.240752 -0.968656 0.061190
0.050451 0.048543 0.112611 75 70 40 0.197071 -0.979435 -0.043244
0.050711 0.047515 0.116834 51 53 27 0.736791 -0.641877 -0.212444
0.047162 0.044879 0.113713 40 41 23 0.255538 -0.965954 0.040421
0.046581 0.045080 0.116201 33 39 20 0.212805 0.965549 -0.149764
0.045603 0.045295 0.115601 29 35 22 0.383215 0.911868 -0.147115
0.053222 0.044155 0.108483 47 49 24 0.918793 -0.088209 -0.384759
0.054443 0.043422 0.112805 49 47 21 0.930108 -0.246408 -0.272365
0.047803 0.045112 0.114672 45 48 24 0.504977 -0.860428 -0.068279
0.046938 0.047351 0.107952 60 59 32 0.828307 -0.471472 -0.302691
0.050079 0.048467 0.110728 71 68 35 0.040878 -0.998954 -0.020472
0.045082 0.044604 0.111398 28 37 22 -0.316416 -0.912104 0.260668
0.051108 0.048451 0.113976 67 60 31 0.129365 -0.983074 -0.129735
0.053148 0.043005 0.109053 54 52 23 0.909052 -0.235752 -0.343576
0.046695 0.044863 0.110797 47 48 28 0.627833 -0.752960 -0.197175
0.052297 0.043902 0.106440 56 54 23 0.929871 -0.072922 -0.360586
0.047418 0.047781 0.108441 68 61 36 0.704732 -0.656405 -0.269231
0.043900 0.045057 0.110429 30 37 22 -0.499035 -0.820016 0.280245
0.053485 0.041286 0.111618 52 47 22 0.922609 -0.301567 -0.240521
0.053285 0.041610 0.110436 58 53 17 0.925429 -0.272892 -0.262890
0.047978 0.045878 0.112246 48 52 30 0.813567 -0.494079 -0.306585
0.049426 0.048332 0.111309 77 70 40 0.369958 -0.921709 -0.116549
0.052372 0.047870 0.109894 62 61 31 -0.526562 -0.832702 0.171288
0.046155 0.044964 0.115122 26 34 19 -0.275046 -0.957633 0.085371
0.049789 0.048118 0.113606 73 70 35 0.667992 -0.692631 -0.272119
0.048713 0.045915 0.114722 44 48 28 0.722047 -0.670650 -0.169930
0.046824 0.044895 0.115500 33 36 23 -0.102571 -0.990974 0.086312
0.046704 0.045681 0.109233 53 52 30 0.871891 -0.407071 -0.272212
0.053683 0.047403 0.112174 63 57 30 -0.679497 -0.686939 0.257678
0.055165 0.046184 0.115246 45 49 23 0.956349 0.223444 -0.188334
0.053140 0.041578 0.109938 52 50 20 0.919797 -0.259521 -0.294316
0.052768 0.043158 0.107994 57 53 25 0.903054 -0.211409 -0.373898
0.051177 0.048046 0.116963 67 60 33 -0.621203 0.762558 0.180591
0.052334 0.039930 0.109954 43 44 19 0.866783 -0.434421 -0.244878
0.046178 0.044585 0.111802 37 40 27 0.165471 -0.982049 0.090554
0.053640 0.047022 0.111179 58 57 35 0.806903 0.545502 -0.226571
0.047534 0.048032 0.107805 67 64 37 0.477307 -0.855570 -0.200442
0.052205 0.041674 0.107095 67 60 22 0.950718 -0.179215 -0.253018
0.051906 0.046974 0.106471 53 56 29 0.828237 0.382776 -0.409275
0.052462 0.048450 0.116080 61 61 29 0.051636 0.998591 0.012253
0.051135 0.048361 0.109911 60 58 30 -0.208703 -0.975552 0.068859
0.052591 0.047369 0.108416 61 60 28 0.700651 0.675662 -0.229278
0.043786 0.045607 0.112067 42 43 25 -0.463936 -0.859304 0.215315
0.046664 0.044791 0.113918 31 37 23 -0.011921 -0.995839 0.090352
0.052564 0.043592 0.107208 59 55 21 0.923133 -0.167589 -0.346033
0.054723 0.043760 0.113213 56 48 20 0.954606 -0.173234 -0.242317
0.048963 0.047269 0.112743 53 53 35 0.828239 -0.464197 -0.313913
0.052356 0.042007 0.107518 72 62 25 0.942604 -0.162421 -0.291748
0.052550 0.047946 0.110904 57 55 31 -0.467519 -0.870644 0.152988
0.049483 0.048508 0.107891 65 65 36 0.000747 -0.999229 -0.039247
0.052876 0.042105 0.108938 54 50 25 0.915836 -0.213828 -0.339884
0.049885 0.047232 0.115217 57 53 34 0.767091 -0.553771 -0.323897
0.048395 0.047815 0.110734 65 62 35 0.676509 -0.688616 -0.261044
0.051442 0.046894 0.105511 58 59 28 0.818123 0.380296 -0.431335
0.053628 0.043725 0.109724 46 48 21 0.924356 -0.182133 -0.335253
0.054856 0.044830 0.113625 51 49 24 0.971784 0.047197 -0.231100
0.043996 0.045956 0.114521 40 45 26 0.409389 0.901776 -0.138567
0.048732 0.048371 0.107331 64 66 34 0.156445 -0.985014 -0.072610
0.048499 0.048335 0.108013 60 57 32 0.233106 -0.968428 -0.088366
0.048047 0.045277 0.114664 48 45 28 -0.568149 0.818813 0.082175
0.054721 0.045663 0.113216 51 51 24 0.973279 0.081604 -0.214634
0.047109 0.044786 0.113428 37 43 18 0.205778 -0.977319 0.050023
0.049079 0.048507 0.107234 65 65 38 0.093027 -0.994471 -0.048727
0.052396 0.043235 0.106843 56 54 24 0.941282 -0.141670 -0.306459
0.048891 0.047740 0.111889 66 62 33 0.712091 -0.619848 -0.329720
0.049015 0.046375 0.114275 47 48 33 0.798027 -0.561334 -0.219220
0.052182 0.038959 0.110664 43 44 21 0.882012 -0.373936 -0.286753
0.049194 0.047801 0.112736 67 63 41 0.778426 -0.562779 -0.278088
0.048749 0.045417 0.117635 44 48 24 -0.566961 0.819141 0.086965
0.055172 0.045891 0.115111 47 49 22 0.961380 0.177745 -0.210132
0.049023 0.047980 0.111798 71 65 34 0.657369 -0.697640 -0.284893
0.053168 0.042807 0.109292 54 52 25 0.916152 -0.234526 -0.325057
0.051160 0.048300 0.109311 60 61 30 -0.233302 -0.966478 0.107197
0.049778 0.047646 0.114280 61 63 33 0.774664 -0.569916 -0.274030
0.051849 0.047903 0.108528 56 56 31 -0.455531 -0.874489 0.166614
0.051167 0.048340 0.115098 64 58 34 0.276343 -0.948063 -0.157517
0.046658 0.044759 0.111578 42 44 24 0.432774 -0.898902 -0.068421
0.053686 0.045601 0.109914 56 55 23 0.950595 0.139532 -0.277308
0.053117 0.044328 0.108226 50 49 23 0.921055 -0.071906 -0.382736
0.054334 0.043488 0.112167 44 45 20 0.938180 -0.227762 -0.260660
0.054802 0.045087 0.113631 50 52 21 0.971188 0.055340 -0.231800
0.048666 0.048328 0.108539 64 62 30 0.242217 -0.967021 -0.078746
0.052044 0.042625 0.105791 56 54 23 0.966695 -0.094731 -0.237753
0.048252 0.045313 0.115571 47 45 27 0.536705 -0.834099 -0.127386
0.052905 0.043566 0.108050 55 54 25 0.903014 -0.212302 -0.373488
0.050498 0.048544 0.112334 70 66 36 0.156317 -0.987415 0.024015
0.052485 0.042491 0.107617 67 60 21 0.935703 -0.174261 -0.306745
0.046375 0.045353 0.108492 52 55 26 0.881762 -0.397577 -0.253828
0.051644 0.046938 0.105876 56 57 26 0.819562 0.362036 -0.444126
0.047707 0.045373 0.112463 63 55 30 0.728999 -0.648352 -0.219547
0.044220 0.045874 0.114460 43 43 25 0.410721 0.901595 -0.135775
0.046817 0.044705 0.112649 43 41 25 0.220255 -0.975442 0.000587
0.053506 0.045783 0.109231 55 56 22 0.946978 0.110581 -0.301670
0.044218 0.044184 0.108486 29 35 19 -0.154487 -0.983739 0.091609
0.052661 0.045528 0.107284 52 55 23 0.908053 0.118598 -0.401715
0.050967 0.048426 0.110895 66 62 31 -0.151585 -0.982621 0.107139
0.052270 0.040641 0.108221 47 46 19 0.904982 -0.324087 -0.275637
0.052956 0.040459 0.110796 43 47 22 0.879258 -0.399156 -0.259962
0.054673 0.046617 0.113899 50 52 25 0.933517 0.300878 -0.194982
0.053538 0.045487 0.109351 58 53 24 0.944179 0.057964 -0.324293
0.051154 0.048133 0.108228 59 58 29 -0.340412 -0.934350 0.105403
0.052726 0.039633 0.111434 44 42 18 0.871329 -0.422816 -0.249024
0.052134 0.040692 0.107682 46 47 22 0.918474 -0.279754 -0.279543
0.053218 0.040144 0.112588 43 44 19 0.888255 -0.414244 -0.198504
0.049701 0.048387 0.111578 75 71 39 0.282100 -0.957987 -0.051772
0.050731 0.048455 0.113565 65 62 31 0.205061 -0.964822 -0.164526
0.048022 0.046486 0.111494 56 51 30 0.834756 -0.375804 -0.402434
0.051032 0.048616 0.113158 82 80 48 0.033017 -0.996740 -0.073612
0.048453 0.048172 0.109426 67 63 35 0.441195 -0.881897 -0.166147
0.044038 0.045631 0.112928 37 46 16 -0.396612 -0.896796 0.196102
0.054028 0.043820 0.111114 41 43 22 0.942062 -0.148307 -0.300873
0.044092 0.044339 0.108721 28 33 22 -0.201609 -0.966690 0.157685
0.044854 0.044671 0.111212 29 34 24 -0.438699 -0.859715 0.261596
0.049470 0.048420 0.110289 70 67 35 0.204401 -0.977291 -0.055874
0.047461 0.044911 0.116344 29 38 24 0.079432 -0.993480 -0.081786
0.053524 0.045540 0.109526 53 54 23 0.943851 0.091907 -0.317329
0.051542 0.048391 0.115325 63 56 29 0.166289 -0.980958 -0.100348
0.047077 0.047781 0.107707 68 65 32 0.725261 -0.654885 -0.212420
0.051049 0.048441 0.111070 65 64 29 -0.140053 -0.983649 0.113222
0.046628 0.045931 0.108676 51 49 33 0.889605 -0.336786 -0.308510
0.053541 0.046525 0.110080 57 56 28 0.917769 0.326103 -0.226620
0.053939 0.047490 0.113208 64 59 30 -0.660471 -0.721927 0.206397
0.055141 0.043662 0.115056 47 47 23 0.965923 -0.179471 -0.186499
0.053196 0.040145 0.112273 42 44 20 0.886904 -0.408130 -0.216403
0.050241 0.048292 0.113870 70 67 34 0.457142 -0.853041 -0.251679
0.052670 0.048429 0.115539 65 58 29 -0.140975 -0.989587 0.029052
0.052589 0.047758 0.110088 59 60 32 -0.576853 -0.799863 0.165711
0.046490 0.044810 0.113295 32 38 23 -0.034925 -0.996265 0.078971
0.049939 0.046352 0.117653 50 46 28 0.719307 -0.672780 -0.173104
0.046539 0.044916 0.110232 49 49 28 0.734538 -0.640653 -0.223647
0.055204 0.044309 0.114968 50 49 21 0.974521 -0.050935 -0.218436
0.052809 0.046416 0.107929 54 56 26 0.889813 0.202939 -0.408716
0.043668 0.045911 0.113517 39 44 22 -0.344855 -0.923287 0.169163
0.044305 0.044582 0.109912 29 36 19 -0.454471 -0.850025 0.266297
0.053791 0.041049 0.113076 50 49 19 0.922522 -0.322455 -0.212076
0.052347 0.047588 0.108528 57 59 30 -0.593855 -0.776768 0.209686
0.052852 0.044107 0.107672 50 50 24 0.920278 -0.117203 -0.373300
0.054030 0.046915 0.112174 50 53 28 0.807369 0.508328 -0.299597
0.045416 0.044866 0.112707 26 38 21 -0.331983 -0.913492 0.235202
0.045206 0.044767 0.112049 27 37 21 -0.370584 -0.892136 0.258382
0.046317 0.044893 0.114382 30 35 23 -0.122466 -0.985506 0.117385
0.052261 0.046469 0.106828 53 56 27 0.864788 0.238261 -0.442011
0.050328 0.046811 0.117582 49 49 29 0.747271 -0.634692 -0.196857
0.049098 0.045729 0.116920 59 51 28 0.616633 -0.774261 -0.142420
0.054614 0.046234 0.113030 54 53 26 0.949532 0.191568 -0.248376
0.049869 0.047548 0.114842 56 60 34 0.754982 -0.574424 -0.316289
0.054562 0.046744 0.113433 53 52 26 0.889944 0.384990 -0.244505
0.052674 0.041323 0.108840 50 50 23 0.921255 -0.241222 -0.305124
0.048385 0.047477 0.111381 59 61 33 0.731091 -0.559966 -0.389800
0.053598 0.043346 0.110108 44 48 23 0.914454 -0.222689 -0.337911
0.046731 0.044958 0.114793 30 38 19 -0.049975 -0.998519 0.021523
0.054486 0.047602 0.115424 60 56 31 0.706576 0.694060 -0.137949
0.053076 0.040598 0.110976 45 47 20 0.890283 -0.378201 -0.253694
0.047629 0.047948 0.108336 60 57 31 0.563032 -0.794503 -0.227509
0.051857 0.047724 0.107982 57 57 30 -0.526474 -0.825915 0.201719
0.052137 0.041661 0.106926 66 58 21 0.955282 -0.177279 -0.236660
0.051754 0.048236 0.110544 62 61 34 0.294866 0.951060 -0.092402
0.051061 0.048357 0.109634 57 60 33 -0.206879 -0.974155 0.090684
0.053522 0.042178 0.110706 57 52 20 0.919811 -0.268641 -0.285973
0.052050 0.048145 0.110515 62 60 32 -0.351222 -0.929868 0.109490
0.054308 0.042024 0.113759 51 50 18 0.908444 -0.333040 -0.252614
0.043756 0.045706 0.112745 40 45 26 -0.407555 -0.892586 0.192844
0.052053 0.039576 0.109241 44 45 18 0.887831 -0.396542 -0.233473
0.054343 0.045573 0.111740 53 51 25 0.934355 0.120457 -0.335367
0.045216 0.044302 0.110479 30 38 22 -0.194028 -0.969065 0.152533
0.051850 0.045320 0.105418 49 48 21 0.909070 0.139609 -0.392557
0.052543 0.040244 0.109763 46 45 19 0.866149 -0.436334 -0.243720
0.054420 0.044659 0.111940 51 51 23 0.947939 -0.027135 -0.317293
0.053950 0.043625 0.110776 42 45 20 0.932098 -0.169879 -0.319897
0.053445 0.046826 0.109975 59 57 28 0.885223 0.413581 -0.212908
0.046537 0.044939 0.115170 29 35 20 -0.194717 -0.979087 0.058945
0.053395 0.045352 0.108914 50 51 26 0.936065 0.015948 -0.351465
0.052695 0.039866 0.110908 42 46 18 0.860522 -0.425919 -0.279457
0.053338 0.045999 0.108791 58 56 26 0.920090 0.141937 -0.365088
0.053161 0.045077 0.108468 50 50 22 0.919293 0.016625 -0.393224
0.053790 0.042717 0.111017 54 50 22 0.909840 -0.283959 -0.302585
0.050962 0.048022 0.116066 61 61 34 0.608825 -0.761159 -0.223537
0.050821 0.048432 0.110238 65 61 33 -0.162073 -0.985390 0.052330
0.051114 0.047929 0.117118 60 59 31 -0.666269 0.716827 0.205535
0.050150 0.048166 0.114153 71 67 35 0.542426 -0.799374 -0.258409
0.046550 0.044810 0.110488 49 48 28 0.686836 -0.694173 -0.215362
0.052057 0.047349 0.107106 68 62 23 0.743764 0.587712 -0.318448
0.055166 0.045363 0.115251 52 51 24 0.973455 0.077776 -0.215259
0.053524 0.046162 0.109652 58 55 24 0.941387 0.213807 -0.260916
0.044485 0.044528 0.110041 28 37 19 -0.452270 -0.855826 0.251023
0.048110 0.047577 0.110555 66 63 36 0.734830 -0.621410 -0.271797
0.051990 0.042554 0.105575 53 52 25 0.967115 -0.102780 -0.232647
0.049899 0.046401 0.117196 49 47 32 0.731922 -0.655272 -0.186839
0.050636 0.048324 0.114380 70 65 34 0.326911 -0.931184 -0.161326
0.052832 0.041576 0.109103 50 49 22 0.914027 -0.235952 -0.329972
0.048095 0.047314 0.111072 61 62 35 0.813689 -0.446703 -0.371976
0.053151 0.040946 0.110702 50 47 26 0.903741 -0.349038 -0.247839
0.052192 0.044853 0.106023 48 48 22 0.923412 0.053241 -0.380100
0.049227 0.048329 0.110061 69 64 37 0.300385 -0.951512 -0.066282
0.052601 0.046196 0.107370 55 57 26 0.897469 0.172416 -0.405983
0.047675 0.044983 0.116129 41 42 24 0.218523 -0.975293 -0.032409
0.052650 0.043391 0.107565 57 54 26 0.921696 -0.200942 -0.331813
0.049436 0.048288 0.111848 78 71 40 0.485741 -0.861682 -0.146830
0.052251 0.048463 0.115829 60 59 30 -0.003960 -0.999855 0.016570
0.050148 0.048415 0.109141 66 62 34 -0.097698 -0.993590 0.056868
0.050488 0.048225 0.106544 57 56 27 -0.407335 -0.894887 0.182362
0.046783 0.046185 0.108857 49 50 31 0.881953 -0.342057 -0.324276
0.051074 0.048391 0.110598 64 60 30 -0.184235 -0.980458 0.068988
0.048794 0.047790 0.111704 66 60 33 0.692721 -0.642963 -0.326706
0.052380 0.047336 0.107633 61 62 32 0.726174 0.597702 -0.339741
0.050577 0.048518 0.111741 68 66 36 0.078760 -0.995182 0.058387
0.051925 0.048433 0.112409 68 65 39 -0.298789 -0.948702 0.103393
0.044222 0.045518 0.112607 36 42 22 -0.447955 -0.867723 0.215392
0.049870 0.048445 0.106761 58 57 29 0.168990 0.982796 -0.074521
0.054458 0.041844 0.114699 51 49 22 0.916295 -0.345875 -0.201925
0.053459 0.047970 0.113911 62 60 31 -0.495297 -0.858518 0.132773
0.053047 0.043512 0.108411 56 52 25 0.903903 -0.205857 -0.374944
0.052139 0.046198 0.106492 56 54 26 0.874980 0.209066 -0.436693
0.050032 0.048454 0.111046 73 67 34 0.077405 -0.996811 -0.019382
0.052461 0.041152 0.108329 48 48 24 0.916415 -0.255331 -0.308204
0.048423 0.045570 0.114984 48 50 29 0.643986 -0.749639 -0.152719
0.053208 0.040440 0.111694 48 46 19 0.891338 -0.393118 -0.225778
0.052768 0.040584 0.109912 44 45 19 0.875321 -0.402757 -0.267580
0.044544 0.044471 0.109892 34 35 17 -0.395949 -0.890324 0.224827
0.050228 0.048434 0.107471 61 60 32 -0.223522 -0.974386 0.024678
0.052128 0.048444 0.116072 60 58 26 0.034413 -0.998916 -0.031333
0.048921 0.048420 0.107263 65 67 35 0.143331 -0.987415 -0.066848
0.048027 0.046238 0.111902 47 49 30 0.831031 -0.432369 -0.349920
0.052315 0.045190 0.106549 53 53 25 0.909482 0.107786 -0.401529
0.053100 0.046893 0.108947 55 57 25 0.868698 0.387254 -0.308866
0.052063 0.047041 0.106830 56 55 30 0.808720 0.397704 -0.433363
0.052346 0.044176 0.106428 51 49 22 0.927874 -0.062365 -0.367641
0.048781 0.046635 0.113223 52 50 30 0.820457 -0.479814 -0.310851
0.050760 0.047415 0.117337 50 49 25 0.749409 -0.629826 -0.204219
0.054521 0.044178 0.112334 50 48 20 0.945425 -0.137763 -0.295283
0.048935 0.048376 0.108660 66 62 34 0.199727 -0.977741 -0.064274
0.053844 0.043202 0.110700 44 45 22 0.915635 -0.211863 -0.341653
0.052012 0.047726 0.108148 58 60 27 -0.525817 -0.826464 0.201183
0.054098 0.043147 0.111618 47 45 22 0.935303 -0.225151 -0.272974
0.052582 0.044429 0.106909 45 48 24 0.919897 -0.033482 -0.390729
0.046673 0.046500 0.108210 48 51 30 0.876974 -0.354537 -0.324376
0.049545 0.048113 0.113109 72 67 34 0.708358 -0.664812 -0.237180
0.045321 0.045120 0.113812 27 36 20 -0.435161 -0.889659 0.138352
0.052503 0.048364 0.113410 58 58 29 -0.297281 -0.951319 0.081341
0.047246 0.046726 0.109492 60 54 35 0.862175 -0.374939 -0.340699
0.049778 0.048406 0.111275 73 65 38 0.232623 -0.971307 -0.049497
0.047952 0.046916 0.111152 60 62 33 0.837437 -0.358358 -0.412648
0.053023 0.040159 0.111472 45 45 21 0.880504 -0.409672 -0.238500
0.050533 0.048500 0.110758 71 65 36 -0.077487 -0.996562 0.029309
0.044144 0.044785 0.110192 29 36 22 -0.476784 -0.832683 0.281631
0.049082 0.048199 0.111196 80 72 39 0.493426 -0.846808 -0.198611
0.051835 0.047501 0.107092 63 60 32 -0.649827 -0.700114 0.295914
0.052308 0.043323 0.106643 59 55 26 0.941873 -0.124462 -0.312063
0.054592 0.047173 0.114537 51 54 27 0.839241 0.505018 -0.201574
0.054798 0.045025 0.113378 51 50 21 0.976088 0.057705 -0.209577
0.047880 0.045358 0.113005 55 50 24 0.748784 -0.629686 -0.206924
0.052389 0.040003 0.109787 45 43 17 0.867707 -0.436113 -0.238515
0.045305 0.044201 0.109486 39 40 22 0.203443 -0.979031 -0.010424
0.053905 0.044842 0.110305 52 52 22 0.937234 0.006209 -0.348645
0.048676 0.048422 0.106943 68 66 36 0.136424 -0.988209 -0.069502
0.047056 0.047843 0.107547 71 68 36 0.685014 -0.710717 -0.160112
0.051004 0.048220 0.108524 59 58 33 -0.265446 -0.958778 0.101404
0.044207 0.044938 0.110739 28 35 21 -0.510359 -0.817808 0.265939
0.052235 0.048320 0.112463 63 64 35 -0.342025 -0.930998 0.127520
0.045387 0.044228 0.109163 36 43 20 0.302539 -0.949815 -0.079512
0.046440 0.045365 0.108734 57 52 29 0.876475 -0.425679 -0.224919
0.044627 0.044226 0.108479 33 38 19 0.061636 0.997980 0.015359
0.053063 0.048377 0.116116 57 53 30 -0.208734 -0.976397 0.055497
0.049072 0.048540 0.107034 67 65 39 0.095238 -0.994268 -0.048587
0.046899 0.045737 0.109706 51 52 24 0.847711 -0.439813 -0.296565
0.052551 0.046423 0.107434 55 56 23 0.889600 0.202764 -0.409265
0.052070 0.043654 0.105785 56 53 25 0.952879 -0.040302 -0.300663
0.050690 0.048604 0.112797 88 85 46 0.111873 -0.992794 -0.042950
0.052350 0.047720 0.109232 59 57 28 -0.532088 -0.828720 0.173510
0.051668 0.048564 0.113015 69 69 36 -0.161725 -0.986354 0.030824
0.048912 0.046759 0.113343 52 51 33 0.816604 -0.482088 -0.317411
0.052472 0.042960 0.107349 54 52 25 0.935161 -0.186980 -0.300851
0.052986 0.048023 0.112494 57 60 30 -0.497613 -0.848232 0.181339
0.047964 0.045196 0.114957 44 47 26 0.537053 -0.839905 -0.078318
0.053701 0.040741 0.113348 49 45 21 0.907413 -0.355616 -0.223916
0.053407 0.042544 0.110155 50 49 23 0.921811 -0.226646 -0.314479
0.048507 0.045275 0.116881 43 47 20 0.533108 -0.840930 -0.092915
0.048503 0.046338 0.113012 49 51 25 0.815198 -0.490478 -0.308032
0.049492 0.048440 0.109537 70 66 34 0.108331 -0.994104 -0.004686
0.050520 0.047651 0.115927 58 57 30 0.709673 -0.643597 -0.286614
0.048987 0.045907 0.115681 51 52 31 0.703140 -0.682376 -0.199892
0.048067 0.047852 0.109543 68 61 32 0.585892 -0.769192 -0.255095
0.051345 0.048331 0.115638 62 60 31 0.345970 -0.914566 -0.209459
0.051835 0.048479 0.114546 69 63 34 0.000195 -0.998208 -0.059839
0.047498 0.045016 0.112851 57 55 21 0.507327 -0.852646 -0.124953
0.053364 0.041476 0.110917 57 52 22 0.923771 -0.292503 -0.247161
0.054813 0.042509 0.115124 45 44 23 0.929439 -0.312485 -0.196204
0.055211 0.044885 0.115142 53 51 23 0.979826 0.037828 -0.196238
0.048262 0.047861 0.110143 72 64 34 0.607052 -0.758068 -0.238372
0.047695 0.045231 0.112746 61 56 22 0.661979 -0.722881 -0.198059
0.054023 0.043095 0.111358 48 48 22 0.930968 -0.235387 -0.279091
0.048715 0.048384 0.107894 63 61 30 0.187478 -0.979649 -0.071686
0.048371 0.046557 0.112293 50 51 29 0.828561 -0.437523 -0.349373
0.054509 0.042628 0.113690 45 45 19 0.913042 -0.318596 -0.254657
0.051809 0.047733 0.107589 58 59 26 -0.559281 -0.794250 0.237428
0.049537 0.045968 0.117647 51 54 25 -0.668755 0.731686 0.131919
0.052531 0.046722 0.107518 57 56 23 0.873766 0.271304 -0.403642
0.046526 0.046820 0.107520 49 51 34 0.877733 -0.373888 -0.299654
0.049969 0.048431 0.109272 66 64 32 -0.044880 -0.997673 0.051333
0.054411 0.046210 0.112278 51 52 27 0.921727 0.251866 -0.294928
0.052763 0.044919 0.107419 50 51 19 0.917874 0.050801 -0.393608
0.053345 0.044657 0.108838 47 50 23 0.929589 -0.011131 -0.368430
0.054643 0.046700 0.113737 49 51 26 0.917188 0.346810 -0.196185
0.052510 0.041730 0.108051 57 58 23 0.930829 -0.186375 -0.314358
0.047387 0.044935 0.116080 34 41 22 0.070384 -0.997136 -0.027667
0.049630 0.048433 0.109168 69 65 34 0.041433 -0.999097 -0.009380
0.052356 0.040990 0.108121 50 48 24 0.915763 -0.274035 -0.293739
0.053268 0.040886 0.111297 49 48 19 0.907463 -0.339636 -0.247301
0.050049 0.048465 0.109467 68 65 37 -0.050188 -0.997570 0.048317
0.052721 0.040766 0.109524 45 47 20 0.886099 -0.366511 -0.283721
0.047897 0.044984 0.116494 45 44 22 0.326130 -0.940414 -0.096232
0.053412 0.042879 0.109888 54 51 21 0.915012 -0.241329 -0.323284
0.049800 0.048482 0.108434 68 63 36 -0.090121 -0.995910 0.006433
0.047939 0.045266 0.113997 52 53 24 0.604689 -0.791890 -0.085212
0.052642 0.044140 0.107096 47 51 27 0.924245 -0.096027 -0.369527
0.048112 0.046170 0.112209 50 47 29 0.827059 -0.458871 -0.324669
0.050144 0.048345 0.106487 56 53 29 0.279819 0.946155 -0.162766
0.052176 0.039719 0.109362 43 45 21 0.884321 -0.401245 -0.238704
0.054697 0.044390 0.112757 49 50 22 0.967210 -0.059999 -0.246790
0.055123 0.044549 0.114622 50 48 21 0.971183 -0.015080 -0.237856
0.049248 0.046279 0.115378 43 49 28 0.755132 -0.617218 -0.220946
0.052280 0.042253 0.106995 65 57 19 0.958778 -0.156491 -0.237183
0.053900 0.047396 0.112975 62 60 24 -0.673673 -0.696830 0.246155
0.047116 0.045273 0.110888 55 52 24 0.773345 -0.550542 -0.314389
0.049842 0.048483 0.108107 62 61 33 -0.089895 -0.995932 -0.006115
0.053894 0.043542 0.110633 38 47 19 0.928189 -0.175998 -0.327857
0.048394 0.047009 0.111902 56 55 33 0.800943 -0.429309 -0.417354
0.046178 0.045626 0.107676 48 50 27 0.885093 -0.334145 -0.323971
0.053764 0.043999 0.110270 44 47 22 0.933216 -0.147354 -0.327712
0.050651 0.048385 0.109466 61 58 32 -0.127744 -0.986532 0.102155
0.049385 0.048439 0.108379 70 65 37 0.058941 -0.997392 -0.041651
0.048274 0.046118 0.112655 50 49 31 0.819958 -0.483694 -0.306119
0.053475 0.047204 0.111049 58 58 33 0.762477 0.616799 -0.195417
0.049119 0.045663 0.117352 49 51 27 -0.609474 0.784873 0.111875
0.052549 0.047992 0.111176 61 58 30 -0.471727 -0.868077 0.154649
0.052003 0.048458 0.112726 64 64 40 -0.265378 -0.961751 0.067890
0.049113 0.046948 0.113622 53 51 30 0.822296 -0.480326 -0.305149
0.049087 0.045618 0.117556 51 50 25 -0.602369 0.791798 0.101032
0.044202 0.045909 0.114855 44 45 23 0.430110 0.891738 -0.140744
0.053180 0.047163 0.109747 64 60 25 0.778345 0.601392 -0.180298
0.050480 0.048353 0.108839 60 60 32 -0.164063 -0.984883 0.055574
0.047127 0.045830 0.110188 48 48 25 0.835976 -0.441693 -0.325656
0.052657 0.043847 0.107254 49 55 23 0.922310 -0.140535 -0.359991
0.047360 0.045342 0.111448 61 53 29 0.772182 -0.579260 -0.261139
0.050162 0.048495 0.110052 72 66 33 -0.014246 -0.999199 0.037389
0.046253 0.044887 0.108885 58 59 23 0.777792 -0.614067 -0.134021
0.053758 0.043952 0.110103 43 47 22 0.930247 -0.149189 -0.335235
0.052847 0.045545 0.107745 53 54 24 0.908122 0.092039 -0.408465
0.044006 0.045095 0.110773 28 37 22 -0.513675 -0.813064 0.273981
0.054181 0.046143 0.111683 53 53 26 0.906958 0.233111 -0.350838
0.050153 0.047345 0.115675 50 50 32 0.731112 -0.596989 -0.330272
0.047611 0.047619 0.109236 65 62 37 0.687494 -0.656026 -0.311419
0.054481 0.045334 0.112122 51 51 24 0.948316 0.074002 -0.308577
0.045544 0.044277 0.109663 37 45 19 0.310526 -0.950288 -0.022924
0.053884 0.042740 0.111304 52 49 23 0.917942 -0.280681 -0.280357
0.054499 0.043993 0.112297 47 47 21 0.941555 -0.157061 -0.298003
0.047200 0.045154 0.111424 58 54 33 0.680265 -0.701996 -0.210810
0.054660 0.045136 0.112682 53 50 23 0.968399 0.039263 -0.246295
0.052042 0.045229 0.105778 51 49 22 0.908722 0.134558 -0.395118
0.050597 0.047513 0.116341 52 54 30 0.723121 -0.650102 -0.233373
0.049011 0.046668 0.113786 51 50 36 0.820342 -0.495278 -0.285899
0.046787 0.044767 0.111943 45 47 27 0.389950 -0.917133 -0.082503
0.047775 0.047588 0.109601 61 59 32 0.718443 -0.627887 -0.299328
0.051479 0.048478 0.111514 70 65 35 -0.181545 -0.971542 0.152140
0.050242 0.048490 0.110816 72 66 40 0.013728 -0.999895 -0.004646
0.054405 0.043128 0.112813 44 46 20 0.925751 -0.265214 -0.269531
0.052694 0.047151 0.108203 59 58 31 0.774681 0.549800 -0.312392
0.044610 0.045510 0.113355 29 40 17 -0.469506 -0.865196 0.176067
0.050390 0.047816 0.115382 60 58 33 0.659834 -0.676206 -0.327665
0.047352 0.047357 0.109035 66 63 33 0.780983 -0.519463 -0.346733
0.048073 0.045250 0.115269 48 46 26 0.554239 -0.827122 -0.093208
0.047825 0.046035 0.111701 49 51 29 0.822660 -0.444787 -0.354112
0.049527 0.047532 0.113806 57 60 33 0.801133 -0.505998 -0.319613
0.052088 0.038893 0.110502 47 45 22 0.886585 -0.375925 -0.269533
0.047751 0.046806 0.110758 57 59 28 0.858167 -0.376554 -0.348936
0.050599 0.048300 0.108178 58 59 36 -0.259852 -0.965555 0.013398
0.049733 0.048210 0.113298 75 68 38 0.661205 -0.711134 -0.238946
0.049152 0.048521 0.106412 66 60 33 -0.015970 0.999871 0.001541
0.053874 0.041045 0.113602 45 47 20 0.916770 -0.317083 -0.242881
0.045952 0.044461 0.109844 39 44 29 0.532056 -0.842559 -0.083733
0.050533 0.047144 0.117363 45 49 31 0.754106 -0.623069 -0.207630
0.045932 0.044860 0.113340 30 37 21 -0.190118 -0.975569 0.110092
0.045286 0.044261 0.108810 34 41 23 0.270815 -0.957835 -0.095974
0.046623 0.046286 0.108297 48 50 26 0.886110 -0.328545 -0.326905
0.051364 0.047985 0.107698 58 56 26 -0.422937 -0.892659 0.155831
0.051702 0.046120 0.105459 58 57 25 0.869642 0.240456 -0.431165
0.053480 0.041625 0.111238 52 50 21 0.922084 -0.290152 -0.256072
0.050786 0.047755 0.116300 59 57 28 0.720553 -0.653646 -0.231411
0.049269 0.047766 0.112903 66 64 37 0.765178 -0.583988 -0.271035
0.054808 0.046202 0.113680 53 51 28 0.961935 0.191775 -0.194687
0.047571 0.044887 0.116555 34 40 19 0.188009 -0.978331 -0.086727
0.054748 0.045892 0.113406 51 51 28 0.972471 0.115065 -0.202635
0.048840 0.048136 0.110700 79 71 41 0.478624 -0.866900 -0.139300
0.054730 0.042739 0.114452 44 44 22 0.932981 -0.288970 -0.214574
0.049477 0.047251 0.114173 54 55 34 0.821580 -0.498913 -0.275849
0.054530 0.047663 0.115778 57 58 32 0.657371 0.737797 -0.153358
0.053173 0.048335 0.115786 59 53 26 -0.240214 -0.967507 0.078911
0.050180 0.048342 0.107967 61 61 32 -0.169201 -0.985539 -0.009118
0.053228 0.046470 0.108892 55 56 25 0.898404 0.276046 -0.341569
0.048534 0.047833 0.111053 69 64 33 0.662005 -0.699121 -0.270146
0.046401 0.044646 0.110680 41 47 19 0.558593 -0.818715 -0.132963
0.046400 0.045020 0.115000 31 35 19 -0.209987 -0.976673 0.044893
0.054912 0.043668 0.114214 48 46 21 0.958857 -0.180690 -0.218964
0.049283 0.048507 0.107383 67 63 36 0.075498 -0.995737 -0.052985
0.046551 0.046488 0.107923 46 46 31 0.881079 -0.344351 -0.324226
0.049733 0.047072 0.115225 50 53 31 0.768864 -0.555217 -0.317147
0.043891 0.045422 0.111601 36 42 18 -0.514316 -0.822528 0.242750
0.051331 0.048217 0.109085 57 60 33 -0.301527 -0.946261 0.116928
0.047789 0.047454 0.109929 59 59 33 0.754356 -0.591769 -0.284176
0.054870 0.044577 0.113679 50 50 20 0.975380 -0.009772 -0.220314
0.054318 0.044835 0.111496 51 51 24 0.951410 -0.007693 -0.307830
0.046775 0.045316 0.110157 48 50 31 0.791429 -0.539761 -0.286876
0.054316 0.041537 0.114706 51 49 20 0.913866 -0.349480 -0.206670
0.053168 0.042101 0.109633 52 50 20 0.923646 -0.216413 -0.316296
0.052001 0.039602 0.109047 43 46 18 0.886250 -0.395842 -0.240561
0.043976 0.045815 0.113552 39 44 25 -0.354343 -0.920046 0.167203
0.050331 0.048223 0.114409 72 67 32 0.478722 -0.850531 -0.217766
0.046651 0.044876 0.115382 32 36 19 -0.173370 -0.981779 0.077800
0.047124 0.044955 0.116257 31 41 17 0.093821 0.994955 -0.035541
0.046897 0.047507 0.107636 61 60 35 0.809019 -0.527906 -0.258462
0.053447 0.042232 0.110515 57 51 21 0.924230 -0.249659 -0.288910
0.044819 0.044215 0.108819 32 36 19 -0.045883 -0.998777 -0.018428
0.048822 0.047006 0.112763 57 56 35 0.818584 -0.470043 -0.330119
0.049121 0.046044 0.115747 45 52 27 0.711092 -0.672867 -0.203956
0.050058 0.047743 0.114963 60 55 35 0.698719 -0.630502 -0.338021
0.053258 0.040320 0.112154 47 46 22 0.889699 -0.399596 -0.220812
0.053212 0.047877 0.112570 60 59 28 -0.548936 -0.814031 0.189797
0.051920 0.039175 0.109581 43 44 23 0.894199 -0.381282 -0.234591
0.050825 0.048424 0.113846 62 58 30 0.175213 -0.973861 -0.144551
0.047983 0.047477 0.110465 67 65 43 0.756815 -0.588834 -0.283735
0.044814 0.044381 0.110001 29 35 20 -0.347142 -0.918092 0.191310
0.048014 0.045439 0.113276 46 49 25 0.744910 -0.633550 -0.209099
0.052755 0.041018 0.109410 50 49 21 0.901426 -0.314030 -0.298020
0.047227 0.045815 0.110462 46 50 23 0.835783 -0.435098 -0.334899
0.046087 0.044706 0.112622 32 38 26 -0.052420 -0.981334 0.185029
0.053694 0.048154 0.115636 56 59 26 -0.389616 -0.915457 0.100690
0.052801 0.043411 0.107961 56 55 23 0.901879 -0.218552 -0.372625
0.054717 0.046223 0.113385 52 52 27 0.957455 0.191394 -0.215984
0.048020 0.047921 0.109344 66 61 30 0.580341 -0.767112 -0.273393
0.050164 0.048381 0.113358 74 70 36 0.351604 -0.916157 -0.192434
0.052577 0.047715 0.109775 61 59 31 -0.585380 -0.794057 0.163719
0.048490 0.048433 0.106836 66 64 35 -0.148069 0.986764 0.066128
0.054595 0.044802 0.112401 52 51 22 0.964439 0.013321 -0.263968
0.049741 0.047225 0.114979 58 56 33 0.778162 -0.542774 -0.316007
0.050160 0.048476 0.109681 69 65 37 -0.051239 -0.997115 0.056000
0.048103 0.045063 0.117203 43 42 29 -0.418405 0.905843 0.066227
0.047193 0.045971 0.110150 49 50 25 0.837108 -0.438752 -0.326723
0.050351 0.048480 0.110956 73 66 39 0.000768 -0.999903 0.013887
0.046499 0.044677 0.111712 39 41 28 0.344056 -0.938885 0.010984
0.053263 0.046297 0.109135 55 56 29 0.929971 0.231110 -0.285906
0.047726 0.045155 0.113318 56 53 26 0.561537 -0.825584 -0.055567
0.054829 0.046078 0.114135 49 50 24 0.959798 0.182187 -0.213532
0.051792 0.045894 0.105537 55 53 27 0.878286 0.215915 -0.426608
0.049661 0.046394 0.116453 49 50 32 0.720970 -0.648855 -0.243291
0.049987 0.047818 0.114550 66 61 33 0.719100 -0.623989 -0.305832
0.054527 0.046166 0.112616 51 54 25 0.936773 0.220014 -0.272121
0.048438 0.048372 0.107453 66 61 32 0.193602 -0.977475 -0.084031
0.054775 0.046537 0.114133 49 50 23 0.951117 0.246145 -0.186518
0.053695 0.048104 0.115258 59 57 30 -0.403308 -0.906311 0.126262
0.046063 0.044738 0.108495 60 54 23 0.723393 -0.680736 -0.115327
0.046381 0.044958 0.109509 56 52 27 0.765995 -0.619554 -0.171479
0.047494 0.045091 0.112635 57 52 27 0.582009 -0.798460 -0.154037
0.052631 0.044727 0.107055 48 47 24 0.918380 0.021939 -0.395091
0.046092 0.044466 0.110897 41 45 20 0.295520 -0.953973 0.051026
0.049594 0.048461 0.109999 72 66 34 0.122069 -0.992404 -0.015291
0.053197 0.044892 0.108710 52 51 24 0.929710 -0.007546 -0.368216
0.047309 0.045393 0.111219 53 54 30 0.771166 -0.556017 -0.310077
0.053785 0.046591 0.111034 56 54 30 0.881243 0.368239 -0.296330
0.052949 0.048404 0.115992 60 55 28 -0.176406 -0.983766 0.032936
0.046338 0.045215 0.116289 33 39 22 0.258411 0.949418 -0.178410
0.044769 0.045181 0.112594 28 38 19 -0.475635 -0.843957 0.248009
0.044636 0.045751 0.115047 38 44 23 0.445767 0.883283 -0.145270
0.054742 0.046981 0.114674 52 52 28 0.894435 0.401650 -0.196630
0.054197 0.047130 0.112839 56 57 29 0.799228 0.540034 -0.263813
0.053368 0.047069 0.110180 59 59 30 0.848774 0.486782 -0.206462
0.052583 0.045351 0.107051 54 53 24 0.909778 0.094901 -0.404102
0.044884 0.045005 0.112216 28 36 20 -0.461137 -0.847514 0.262816
0.048241 0.048091 0.109248 67 62 31 0.477039 -0.860005 -0.181180
0.051039 0.048241 0.115714 71 66 40 0.464603 -0.851900 -0.241681
0.050447 0.048335 0.108342 59 58 36 -0.217395 -0.975988 0.013648
0.051811 0.046352 0.105905 55 57 27 0.864397 0.257097 -0.432109
0.053994 0.043131 0.111231 46 47 22 0.932060 -0.218254 -0.289186
0.050793 0.047532 0.117065 50 51 34 0.742327 -0.640101 -0.198045
0.053783 0.041567 0.112450 51 48 24 0.925126 -0.305191 -0.225831
0.053002 0.040714 0.110595 46 48 22 0.889875 -0.379223 -0.253601
0.046660 0.044780 0.111047 46 46 25 0.569399 -0.814065 -0.114383
0.052568 0.041554 0.108356 54 53 21 0.924204 -0.207308 -0.320734
0.054071 0.041143 0.114129 46 46 19 0.914925 -0.325224 -0.239043
0.048135 0.047728 0.110234 70 64 36 0.666549 -0.703823 -0.245653
0.052178 0.041912 0.106829 63 55 25 0.958577 -0.170191 -0.228397
0.053390 0.040385 0.112573 48 46 21 0.891256 -0.406712 -0.200618
0.044984 0.044219 0.109569 28 37 23 -0.105300 -0.988998 0.103897
0.051104 0.048371 0.110288 61 60 31 -0.198161 -0.978551 0.056295
0.054194 0.041314 0.114292 49 48 20 0.912123 -0.346104 -0.219642
0.049397 0.048436 0.108759 71 63 34 0.078768 -0.996478 -0.028771
0.050627 0.047490 0.116639 55 53 29 0.735270 -0.643497 -0.212812
0.054672 0.045213 0.112908 52 51 21 0.974032 0.051195 -0.220546
0.054414 0.045402 0.111931 52 52 22 0.944338 0.082144 -0.318557
0.054660 0.047227 0.114954 54 53 31 0.822387 0.532605 -0.200028
0.052727 0.043793 0.107501 56 54 22 0.923081 -0.169268 -0.345353
0.054996 0.044723 0.114177 49 47 25 0.968401 0.010763 -0.249165
0.045240 0.045262 0.114348 32 35 22 -0.463777 -0.869484 0.170022
0.047879 0.045103 0.115616 50 45 26 0.445136 -0.892719 -0.070052
0.044823 0.044211 0.109295 33 40 15 -0.147661 -0.983539 0.104153
0.054695 0.045386 0.113172 50 50 24 0.976997 0.081356 -0.197122
0.048787 0.046795 0.112987 46 54 26 0.820528 -0.474200 -0.319169
0.052204 0.045919 0.106418 52 54 27 0.889807 0.181289 -0.418782
0.052689 0.039717 0.111138 44 44 22 0.867566 -0.425165 -0.257998
0.052552 0.048017 0.111462 57 57 33 -0.484966 -0.862994 0.141593
0.053064 0.047249 0.109888 60 58 33 0.761405 0.621467 -0.184505
0.050291 0.048390 0.107768 60 60 32 -0.220047 -0.975426 0.011104
0.046804 0.046393 0.108700 50 50 31 0.876949 -0.348415 -0.331011
0.052813 0.040558 0.110174 43 44 22 0.868876 -0.416922 -0.266891
0.051751 0.047541 0.106898 65 60 27 -0.642788 -0.708271 0.291850
0.049902 0.046485 0.116980 48 53 28 0.745599 -0.627579 -0.224113
0.044589 0.045150 0.112212 26 38 20 -0.490547 -0.832544 0.257359
0.051146 0.048389 0.110849 66 62 29 -0.171594 -0.977879 0.119618
0.052355 0.045799 0.106677 53 53 23 0.890700 0.156434 -0.426829
0.047673 0.045027 0.114545 42 45 26 0.436802 -0.893990 -0.099931
0.049231 0.048356 0.110418 73 69 42 0.316980 -0.944365 -0.087740
0.048287 0.045147 0.116714 44 47 19 0.459291 -0.883348 -0.093529
0.054721 0.047397 0.115620 52 57 26 0.763563 0.628573 -0.147875
0.053964 0.043345 0.110950 44 43 22 0.928985 -0.191445 -0.316759
0.044254 0.045022 0.111154 28 37 21 -0.521692 -0.813763 0.256179
0.049825 0.048455 0.108819 68 63 35 -0.069210 -0.997580 0.006653
0.049183 0.046694 0.114229 48 53 28 0.819219 -0.519160 -0.243625
0.049946 0.047246 0.115397 54 52 31 0.748099 -0.569935 -0.339886
0.046298 0.044867 0.109537 52 51 27 0.720387 -0.673808 -0.164395
0.052805 0.042359 0.108645 58 52 24 0.914705 -0.206283 -0.347509
0.046947 0.044982 0.116129 31 38 22 0.148620 0.984341 -0.094793
0.055200 0.045758 0.115215 49 50 22 0.973043 0.133025 -0.188394
0.048742 0.046294 0.113592 44 50 27 0.807700 -0.519089 -0.279586
0.054312 0.045080 0.111579 50 50 26 0.950557 0.047131 -0.306953
0.052075 0.038892 0.110151 45 43 20 0.891114 -0.375652 -0.254562
0.050038 0.046532 0.117342 51 47 30 0.740898 -0.642448 -0.195784
0.055059 0.044361 0.114392 49 49 23 0.964950 -0.068543 -0.253324
0.053325 0.048323 0.116026 57 54 28 -0.249334 -0.965924 0.069455
0.052824 0.040002 0.111086 44 47 20 0.872117 -0.417889 -0.254518
0.049385 0.046008 0.116701 57 52 27 0.678738 -0.708086 -0.194754
0.051641 0.046620 0.105731 58 57 26 0.835415 0.320992 -0.446147
0.054430 0.046446 0.112574 55 52 28 0.910062 0.309560 -0.275609
0.052504 0.042071 0.107887 65 59 21 0.934054 -0.163486 -0.317513
0.049290 0.045759 0.117642 57 53 24 -0.622477 0.774761 0.110758
0.053447 0.044206 0.109055 45 50 20 0.927373 -0.054987 -0.370075
0.050848 0.048546 0.111779 72 67 40 -0.005411 -0.996752 0.080345
0.046049 0.044617 0.112214 31 39 25 0.028677 -0.988505 0.148443
0.052172 0.045157 0.106062 51 51 24 0.911757 0.135551 -0.387718
0.053879 0.045172 0.110307 51 50 24 0.940480 0.072775 -0.331966
0.046183 0.045213 0.116054 33 39 21 0.284930 0.943236 -0.170650
0.049107 0.046542 0.114351 51 51 30 0.800158 -0.548581 -0.242501
0.046540 0.045972 0.108369 48 48 34 0.894899 -0.317316 -0.313794
0.049151 0.046485 0.114655 45 51 31 0.788570 -0.567498 -0.236862
0.047271 0.044824 0.115207 32 41 17 0.121432 -0.992507 0.013550
0.047621 0.045962 0.111305 51 51 32 0.826209 -0.427147 -0.367321
0.047285 0.044858 0.115435 32 42 26 0.120493 -0.992454 0.022734
0.052043 0.041362 0.106850 61 54 24 0.950797 -0.195040 -0.240715
0.049612 0.047404 0.114329 53 56 31 0.810880 -0.513950 -0.279872
0.051889 0.046598 0.106237 56 55 29 0.855600 0.292490 -0.427080
0.046550 0.044914 0.114551 29 39 25 -0.066733 -0.995060 0.073499
0.054386 0.042533 0.113345 48 46 19 0.909445 -0.321777 -0.263380
0.044840 0.045682 0.115199 35 42 20 0.460306 0.872361 -0.164633
0.051361 0.047829 0.107008 57 59 30 -0.538171 -0.805638 0.247627
0.047201 0.045178 0.111289 58 56 24 0.713163 -0.653768 -0.252952
0.046411 0.045076 0.109211 58 53 29 0.822089 -0.538557 -0.184733
0.048276 0.048012 0.109627 65 62 33 0.529480 -0.815755 -0.232796
0.045627 0.044311 0.110417 47 50 23 0.138663 -0.985347 0.099313
0.052288 0.039889 0.109519 45 45 19 0.868882 -0.435219 -0.235858
0.054149 0.043829 0.111353 43 47 19 0.944061 -0.156450 -0.290296
0.052673 0.042067 0.108363 56 57 21 0.927100 -0.179733 -0.328911
0.049751 0.048295 0.112987 72 69 38 0.554710 -0.817094 -0.157015
0.046168 0.044852 0.113762 31 37 21 -0.103090 -0.992182 0.070333
0.054538 0.042987 0.113353 44 46 17 0.921524 -0.291347 -0.256728
0.046813 0.045007 0.116396 33 39 19 0.165312 0.983258 -0.076652
0.053189 0.047117 0.109533 60 58 31 0.822785 0.510571 -0.249683
0.045525 0.044378 0.110930 36 39 20 -0.045541 -0.983363 0.175850
0.049360 0.047517 0.113329 55 57 35 0.818227 -0.476801 -0.321194
0.047716 0.044942 0.117045 39 44 23 -0.243648 0.969775 0.013103
0.053901 0.041606 0.112847 53 50 23 0.924303 -0.311092 -0.221103
0.053568 0.042060 0.110996 56 50 24 0.917524 -0.282393 -0.280006
0.054232 0.045639 0.111532 53 52 24 0.924727 0.150248 -0.349723
0.050796 0.048409 0.109879 65 59 33 -0.144932 -0.986883 0.071108
0.054609 0.044188 0.112546 47 49 20 0.951545 -0.122654 -0.281991
0.055076 0.045574 0.114585 52 50 26 0.965024 0.116553 -0.234828
0.048403 0.045889 0.113386 42 49 31 0.780367 -0.583272 -0.225436
0.054790 0.047047 0.115136 52 51 28 0.875374 0.450079 -0.176490
0.047226 0.047455 0.108655 67 59 39 0.795892 -0.527372 -0.297381
0.052525 0.041067 0.108618 49 50 21 0.905728 -0.301979 -0.297432
0.054170 0.041470 0.114031 49 49 23 0.913545 -0.328247 -0.240188
0.043985 0.045747 0.113303 41 44 25 -0.376742 -0.908797 0.179316
0.046436 0.045014 0.114877 29 38 20 -0.169971 -0.984093 0.051682
0.052171 0.042988 0.106212 60 55 23 0.963421 -0.083933 -0.254512
0.047507 0.044895 0.116912 35 39 24 -0.175050 0.984528 -0.007895
0.045152 0.045155 0.113333 28 34 21 -0.440638 -0.880189 0.176368
0.046035 0.044887 0.114062 25 39 18 -0.185069 -0.973144 0.136893
0.044712 0.045549 0.114042 31 39 18 -0.476151 -0.868740 0.136274
0.046676 0.045912 0.108847 46 52 30 0.887577 -0.348477 -0.301282
0.048475 0.048017 0.110177 72 66 39 0.537035 -0.826555 -0.168524
0.053088 0.042727 0.109023 57 54 22 0.904115 -0.236801 -0.355671
0.050225 0.047024 0.116680 54 57 32 0.749645 -0.619051 -0.234110
0.052154 0.048465 0.115238 64 62 30 -0.007415 -0.999938 -0.008299
0.053240 0.044471 0.108546 46 50 22 0.929752 -0.028159 -0.367108
0.047504 0.045178 0.112380 63 56 29 0.663693 -0.726539 -0.177911
0.051042 0.048292 0.109061 60 58 36 -0.229038 -0.967276 0.109172
0.051230 0.047783 0.106553 61 58 27 -0.570212 -0.769867 0.286642
0.051855 0.046037 0.105795 55 55 25 0.879306 0.228006 -0.418131
0.048020 0.046548 0.111425 55 51 30 0.837147 -0.363174 -0.409012
0.054001 0.043674 0.110941 42 43 23 0.939489 -0.159458 -0.303207
0.045631 0.044360 0.109325 42 44 27 0.437756 -0.896050 -0.073916
0.045514 0.045011 0.113762 29 35 20 -0.356983 -0.926465 0.119273
0.049819 0.048420 0.106393 58 57 29 0.184767 0.976151 -0.113976
0.050795 0.048584 0.112283 71 68 41 0.072052 -0.996890 0.031921
0.051930 0.048444 0.115551 61 59 31 0.063735 -0.997725 -0.021986
0.047590 0.044963 0.115094 38 41 25 0.330523 -0.943634 -0.017604
0.054010 0.042564 0.111938 51 46 20 0.920821 -0.299779 -0.249443
0.050170 0.048475 0.112053 66 64 37 0.188274 -0.982108 0.004066
0.047877 0.048248 0.107369 66 61 33 -0.302121 0.946113 0.116591
0.054542 0.046212 0.112848 52 54 23 0.939048 0.225607 -0.259403
0.053037 0.041259 0.109972 52 48 22 0.907106 -0.306588 -0.288378
0.047462 0.046041 0.110825 46 48 28 0.855736 -0.389375 -0.340739
0.046757 0.044790 0.113091 35 39 21 0.097132 -0.993492 0.059489
0.052013 0.041540 0.106468 60 52 19 0.957680 -0.173607 -0.229587
0.052911 0.043866 0.107924 50 53 23 0.916697 -0.164972 -0.363939
0.049401 0.048365 0.110865 72 69 33 0.280443 -0.954085 -0.105232
0.050794 0.048262 0.108339 59 58 30 -0.258989 -0.963830 0.062897
0.053313 0.041321 0.110845 53 50 24 0.921349 -0.303391 -0.243042
0.053638 0.043053 0.110309 47 51 20 0.910970 -0.240900 -0.334814
0.050730 0.048293 0.108849 58 60 33 -0.184552 -0.979321 0.082895
0.052848 0.047056 0.108375 57 55 31 0.840646 0.420804 -0.340937
0.050202 0.048381 0.108164 61 60 33 -0.170569 -0.985285 -0.010917
0.052152 0.048311 0.111928 30 37 21 -0.371330 -0.917734 0.140990
0.046401 0.046334 0.107681 49 49 29 0.883210 -0.340408 -0.322587
0.048575 0.047637 0.111557 63 57 36 0.702308 -0.606761 -0.372297
0.045822 0.045076 0.114828 27 33 23 -0.331375 -0.932126 0.146052
0.045656 0.045146 0.114667 25 34 22 -0.376982 -0.910228 0.171374
0.052631 0.048459 0.116575 60 59 29 0.054701 0.997688 0.040335
0.050322 0.048473 0.111551 69 65 37 0.097334 -0.994990 0.022836
0.051664 0.048358 0.116456 63 59 33 -0.338044 0.931476 0.134455
0.046422 0.046541 0.107557 49 49 25 0.877572 -0.354248 -0.323072
0.051735 0.047340 0.106353 57 59 29 0.748463 0.546574 -0.375579
0.054898 0.044918 0.113841 49 49 23 0.969629 0.057668 -0.237685
0.052485 0.045735 0.106952 56 53 24 0.893854 0.144418 -0.424463
0.054259 0.041493 0.114418 49 50 21 0.911772 -0.351609 -0.212235
0.047774 0.044947 0.116335 37 42 24 0.208184 -0.974865 -0.079352
0.049596 0.047008 0.115012 55 51 33 0.785492 -0.543948 -0.295167
0.050778 0.048069 0.106501 56 55 29 0.480060 0.847052 -0.228133
0.053801 0.040948 0.113431 46 48 18 0.917399 -0.319296 -0.237547
0.046481 0.044882 0.114385 34 35 24 0.038272 0.994551 -0.096972
0.052464 0.048392 0.114156 62 62 29 -0.220053 -0.973477 0.062604
0.044477 0.044756 0.110732 31 36 20 -0.498676 -0.828397 0.255108
0.053627 0.041841 0.111428 55 49 23 0.920647 -0.296634 -0.253805
0.045169 0.045471 0.114936 34 38 20 0.470733 0.864768 -0.174889
0.053569 0.043455 0.109872 47 49 19 0.915077 -0.231509 -0.330207
0.051386 0.048278 0.110744 60 60 33 -0.226997 -0.967105 0.114808
0.047031 0.044841 0.112148 55 50 26 0.489995 -0.863645 -0.118414
0.051501 0.047494 0.106277 65 58 32 0.672968 0.641341 -0.368504
0.047381 0.045304 0.111580 59 56 31 0.736624 -0.628311 -0.250221
0.053446 0.042972 0.109986 53 50 18 0.912324 -0.242259 -0.330113
0.052550 0.043787 0.107010 58 54 27 0.923948 -0.142030 -0.355171
0.052794 0.047428 0.109047 63 59 35 -0.662024 -0.715203 0.224072
0.052464 0.048344 0.113061 59 57 32 -0.324144 -0.940477 0.102147
0.053011 0.047849 0.111856 62 59 32 -0.562555 -0.804113 0.192182
0.053125 0.044829 0.108364 49 51 24 0.926145 0.003873 -0.377147
0.050146 0.048476 0.111716 71 66 37 0.157345 -0.987541 -0.002409
0.048475 0.046520 0.112574 51 49 34 0.821297 -0.464115 -0.331765
0.044007 0.045555 0.112309 45 45 21 -0.458811 -0.863513 0.209373
0.049645 0.048519 0.106946 60 58 28 -0.081758 -0.996255 0.028133
0.046141 0.044597 0.109876 42 46 21 0.620392 -0.771316 -0.142078
0.047026 0.045692 0.110157 48 47 28 0.828405 -0.458038 -0.322407
0.054913 0.045691 0.114062 50 51 24 0.968301 0.108843 -0.224824
0.054771 0.044794 0.113116 50 50 23 0.974755 0.032203 -0.220943
0.048667 0.048478 0.106658 64 66 37 -0.103597 0.993515 0.046853
0.050435 0.047165 0.116960 50 51 28 0.745994 -0.627380 -0.223354
0.046696 0.046578 0.108190 45 51 29 0.876974 -0.354537 -0.324376
0.048141 0.047204 0.111281 61 63 33 0.814358 -0.433975 -0.385340
0.052056 0.042214 0.106072 53 49 26 0.963258 -0.149003 -0.223456
0.051760 0.048475 0.113554 71 66 34 -0.063763 -0.997397 -0.033664
0.054961 0.045738 0.114407 53 50 26 0.963887 0.135929 -0.229009
0.051646 0.048560 0.112680 79 76 40 -0.184677 -0.982025 0.039012
0.055223 0.044562 0.115091 52 50 22 0.980321 -0.008767 -0.197213
0.049344 0.048432 0.109527 70 64 30 0.140501 -0.989982 -0.013964
0.048190 0.046984 0.111556 60 58 34 0.816267 -0.385410 -0.430311
0.053236 0.045924 0.108535 57 55 24 0.903094 0.121740 -0.411826
0.049796 0.046790 0.115871 56 57 35 0.754381 -0.600275 -0.265666
0.050846 0.048343 0.109253 59 60 30 -0.170737 -0.980221 0.100075
0.051963 0.048425 0.116683 65 58 29 -0.203709 0.967980 0.146685
0.047825 0.047563 0.109782 63 60 33 0.710256 -0.646044 -0.279578
0.053534 0.042699 0.110324 51 49 20 0.914050 -0.250241 -0.319206
0.050082 0.046748 0.116876 49 51 33 0.754612 -0.617403 -0.222205
0.049066 0.048305 0.110169 74 68 37 0.361916 -0.927755 -0.091032
0.052958 0.045204 0.107901 50 52 23 0.925881 0.048854 -0.374643
0.048085 0.045850 0.112582 52 48 31 0.810871 -0.508157 -0.290285
0.052271 0.039230 0.110589 43 44 22 0.882012 -0.373936 -0.286753
0.053935 0.047954 0.115111 60 58 33 -0.510870 -0.839133 0.186729
0.044546 0.044601 0.110325 27 36 17 -0.470846 -0.837196 0.278220
0.055228 0.044611 0.115237 51 51 24 0.981835 -0.008003 -0.189567
0.046939 0.044937 0.111404 52 50 25 0.575714 -0.798918 -0.174024
0.045693 0.044422 0.108357 44 44 29 -0.493033 0.858417 0.141559
0.046019 0.044633 0.108800 50 52 27 0.683836 -0.724568 -0.085846
0.044141 0.044842 0.110337 28 33 23 -0.480716 -0.832268 0.276121
0.052214 0.041280 0.107478 58 52 23 0.937550 -0.210779 -0.276718
0.048373 0.046127 0.112942 44 51 26 0.811221 -0.500691 -0.302041
0.054271 0.043924 0.111659 43 47 24 0.944373 -0.138257 -0.298403
0.047085 0.044902 0.114837 31 39 22 0.030577 -0.999398 -0.016362
0.054989 0.046335 0.114776 44 48 22 0.944649 0.240298 -0.223374
0.052255 0.047741 0.109004 56 58 29 -0.509249 -0.842885 0.173810
0.052155 0.042387 0.106386 57 52 25 0.963217 -0.142852 -0.227611
0.045846 0.044423 0.110990 38 42 23 0.152074 -0.979695 0.130655
0.051664 0.048537 0.113358 70 67 34 -0.087388 -0.995994 -0.018964
0.050132 0.048421 0.108822 65 62 33 -0.119059 -0.992555 0.025668
0.048942 0.048294 0.109860 69 65 35 0.352338 -0.930325 -0.101746
0.050635 0.047931 0.115607 67 65 36 0.613005 -0.730733 -0.300424
0.052416 0.048192 0.112023 62 62 31 -0.401866 -0.903078 0.151507
0.051876 0.047286 0.106610 60 60 30 0.760215 0.535096 -0.368438
0.052662 0.041678 0.108514 55 54 22 0.929638 -0.193946 -0.313301
0.053731 0.041379 0.112376 54 49 21 0.927511 -0.299936 -0.223075
0.051322 0.048295 0.110345 58 60 33 -0.227487 -0.970895 0.074912
0.049429 0.047291 0.113935 58 56 32 0.823399 -0.482921 -0.297996
0.050845 0.048551 0.112027 70 65 39 0.011566 -0.996206 0.086260
0.053783 0.041682 0.112242 50 47 21 0.924619 -0.307590 -0.224653
0.048973 0.046755 0.113529 54 52 33 0.819357 -0.481726 -0.310796
0.054213 0.046674 0.112248 55 53 26 0.863079 0.397102 -0.312097
0.048773 0.047352 0.112143 54 56 31 0.785710 -0.491258 -0.375933
0.053682 0.047109 0.111653 54 54 30 0.762016 0.596492 -0.252049
0.054697 0.042672 0.114345 46 45 19 0.930540 -0.295905 -0.215722
0.048109 0.046622 0.111540 58 54 32 0.838451 -0.360521 -0.408686
0.052424 0.040083 0.109637 46 45 19 0.867624 -0.437441 -0.236379
0.051865 0.048176 0.110293 65 60 31 -0.336299 -0.934778 0.114424
0.047256 0.047699 0.108204 67 62 31 0.752678 -0.589715 -0.292767
0.054600 0.045284 0.112480 49 50 26 0.964595 0.054454 -0.258051
0.054176 0.044885 0.111012 53 50 26 0.950793 0.010347 -0.309655
0.053397 0.047971 0.114079 58 59 33 -0.477723 -0.870373 0.119296
0.052771 0.047658 0.110405 57 57 30 -0.603429 -0.777299 0.177991
0.053834 0.041533 0.112630 53 50 18 0.922896 -0.309518 -0.229045
0.050149 0.046961 0.116576 55 56 35 0.748595 -0.617093 -0.242492
0.054234 0.045025 0.111297 51 51 23 0.946317 0.048107 -0.319641
0.054214 0.047493 0.114197 58 57 30 0.705551 0.682544 -0.190607
0.054629 0.042998 0.113627 41 42 19 0.922171 -0.292037 -0.253606
0.052509 0.048438 0.115075 65 60 29 -0.157333 -0.987404 0.016697
0.044718 0.045111 0.112320 27 37 18 -0.490365 -0.832602 0.257520
0.048427 0.047476 0.111535 62 60 38 0.733788 -0.540497 -0.411605
0.054280 0.046403 0.112050 53 53 26 0.884783 0.334689 -0.324255
0.051897 0.045501 0.105546 51 52 22 0.903063 0.176457 -0.391587
0.051639 0.048237 0.110955 61 60 34 -0.245180 -0.959171 0.140987
0.049314 0.046019 0.116424 54 52 27 0.690432 -0.689590 -0.218562
0.049123 0.045838 0.116479 58 56 25 0.664117 -0.724440 -0.184755
0.045134 0.044892 0.112279 27 36 18 -0.394849 -0.884347 0.249047
0.052962 0.042519 0.108872 60 53 22 0.907965 -0.224275 -0.353977
0.050444 0.047345 0.116468 47 50 32 0.735629 -0.632753 -0.241813
0.052655 0.042527 0.108071 58 56 21 0.919154 -0.193808 -0.342921
0.052133 0.042875 0.106086 56 56 25 0.965631 -0.080406 -0.247169
0.053652 0.042319 0.110997 54 52 21 0.909548 -0.297757 -0.289936
0.049292 0.045829 0.117159 62 54 23 0.636858 -0.757087 -0.145710
0.045205 0.045028 0.113064 27 35 21 -0.413598 -0.890886 0.187772
0.046918 0.047737 0.107436 69 65 39 0.757669 -0.630042 -0.170246
0.054171 0.041917 0.113436 53 49 21 0.911968 -0.328128 -0.246266
0.050684 0.048273 0.108648 58 58 33 -0.186883 -0.980196 0.065499
0.052988 0.047348 0.109430 60 63 27 0.700945 0.689211 -0.183481
0.053957 0.044621 0.110524 48 50 25 0.943644 -0.043885 -0.328041
0.051440 0.047986 0.108071 56 56 29 -0.392178 -0.908492 0.144357
0.052329 0.047949 0.110166 58 58 28 -0.492474 -0.855618 0.159334
0.052777 0.045634 0.107582 55 54 24 0.905984 0.121778 -0.405417
0.053070 0.041767 0.109580 53 50 22 0.918076 -0.236531 -0.318103
0.050767 0.048264 0.114824 69 63 34 0.356622 -0.915684 -0.185317
0.049751 0.046620 0.116168 58 53 33 0.745377 -0.619236 -0.246901
0.054176 0.042383 0.112750 45 45 19 0.915469 -0.325429 -0.236670
0.051928 0.042549 0.105385 56 53 25 0.967871 -0.098231 -0.231465
0.053035 0.048360 0.115642 58 56 26 -0.229739 -0.971253 0.062352
0.052280 0.047848 0.109585 57 59 29 -0.500028 -0.850578 0.162752
0.052109 0.047884 0.109358 56 56 29 -0.472618 -0.866197 0.162282
0.054822 0.045519 0.113536 51 51 21 0.973819 0.071514 -0.215783
0.052980 0.043291 0.108430 58 54 24 0.899908 -0.230611 -0.370114
0.053647 0.046239 0.110168 56 56 30 0.932511 0.247004 -0.263464
0.054357 0.046861 0.112882 55 55 33 0.853571 0.458582 -0.247222
0.053854 0.042252 0.111749 52 48 22 0.917380 -0.309918 -0.249730
0.051097 0.047846 0.117308 58 53 37 0.674961 -0.710347 -0.199589
0.049656 0.048447 0.110568 69 66 38 0.193884 -0.978567 -0.069391
0.046246 0.045165 0.108275 65 56 28 0.847675 -0.463337 -0.258391
0.045559 0.044392 0.108137 40 45 21 -0.405917 0.898497 0.167137
0.052833 0.048287 0.113681 31 34 22 -0.377454 -0.919781 0.107390
0.044125 0.045695 0.113154 36 42 24 -0.391305 -0.901202 0.186320
0.047486 0.045944 0.110996 44 48 29 0.850190 -0.402483 -0.339388
0.052161 0.043543 0.106055 55 55 24 0.950174 -0.053942 -0.307017
0.049539 0.048450 0.108561 67 65 38 0.006028 -0.999678 -0.024664
0.052023 0.042695 0.105666 58 55 24 0.967785 -0.090895 -0.234798
0.048285 0.045180 0.117343 43 46 23 -0.472259 0.878593 0.071030
0.044249 0.045169 0.111482 30 36 25 -0.516864 -0.815460 0.260530
0.053132 0.047291 0.110103 60 62 28 0.726431 0.665317 -0.172198
0.048460 0.045270 0.117456 44 47 23 -0.514021 0.854647 0.073211
0.051563 0.047321 0.106123 65 57 30 0.768855 0.513145 -0.381503
0.051422 0.048400 0.114999 65 59 30 0.166384 -0.981809 -0.091469
0.051353 0.047404 0.105887 60 61 32 0.665377 0.626062 -0.406596
0.049558 0.046203 0.116637 49 49 29 0.703701 -0.673318 -0.226820
0.052503 0.042317 0.107833 63 59 24 0.929957 -0.169921 -0.326046
0.052165 0.040151 0.108686 51 48 19 0.880619 -0.394545 -0.262383
0.045629 0.044384 0.109175 40 45 25 0.436835 -0.895569 -0.084453
0.051574 0.047725 0.107080 56 58 34 -0.572654 -0.783529 0.241141
0.046621 0.044731 0.112873 39 40 22 0.025125 -0.995856 0.087401
0.049946 0.048368 0.106125 55 55 30 0.234844 0.951036 -0.200945
0.052051 0.048078 0.110179 62 59 29 -0.386226 -0.914512 0.120405
0.055021 0.043425 0.114927 43 44 25 0.952960 -0.218976 -0.209561
0.052408 0.042780 0.107256 54 52 25 0.940650 -0.177376 -0.289335
0.051645 0.048471 0.112209 79 76 45 -0.229568 -0.966848 0.111815
0.052785 0.042200 0.108627 59 54 22 0.918879 -0.195075 -0.342939
0.053090 0.041045 0.110339 55 49 23 0.903108 -0.344499 -0.256353
0.052840 0.040869 0.109742 48 45 22 0.892073 -0.355813 -0.278572
0.052160 0.040866 0.107660 48 46 22 0.920390 -0.268540 -0.284197
0.049038 0.048351 0.109586 66 63 33 0.290925 -0.953349 -0.080547
0.049517 0.046803 0.115136 53 53 31 0.792508 -0.543976 -0.275718
0.044876 0.045528 0.114611 34 38 23 -0.470417 -0.867178 0.163430
0.052495 0.044158 0.106760 51 50 25 0.921167 -0.072162 -0.382418
0.044320 0.045281 0.112031 31 38 23 -0.503288 -0.827094 0.250233
0.049668 0.046074 0.117817 52 49 31 -0.677605 0.722810 0.135638
0.054873 0.045948 0.113873 52 52 24 0.968554 0.131272 -0.211355
0.049332 0.047618 0.113155 60 58 36 0.810978 -0.498501 -0.306287
0.046832 0.047162 0.107824 61 59 31 0.861186 -0.407200 -0.304216
0.046135 0.044671 0.112502 38 39 24 -0.005753 -0.987235 0.159169
0.049452 0.048442 0.109759 66 65 31 0.162679 -0.986630 -0.009883
0.048837 0.048243 0.109958 73 67 34 0.383025 -0.917429 -0.107780
0.052609 0.042285 0.108064 60 57 20 0.926158 -0.178159 -0.332400
0.049961 0.046785 0.116417 55 56 36 0.752387 -0.609963 -0.248715
0.053725 0.040769 0.113542 49 45 19 0.907430 -0.354789 -0.225158
0.048344 0.047194 0.111674 60 60 33 0.780338 -0.431063 -0.453054
0.052021 0.038876 0.109857 43 44 19 0.892086 -0.374058 -0.253502
0.054420 0.041709 0.114929 49 46 22 0.917448 -0.345915 -0.196547
0.052486 0.047042 0.107598 57 60 28 0.807997 0.436876 -0.395323
0.055189 0.045212 0.115107 52 51 23 0.974932 0.061060 -0.213959
0.052240 0.041464 0.107380 62 57 22 0.939702 -0.199695 -0.277635
0.054144 0.042770 0.112210 45 46 19 0.926134 -0.288220 -0.243320
0.051996 0.039717 0.108818 46 46 23 0.882848 -0.400987 -0.244516
0.045550 0.045265 0.115124 26 37 20 0.409241 0.897762 -0.162929
0.053233 0.041102 0.110832 51 49 22 0.913019 -0.326079 -0.245091
0.055146 0.044300 0.114715 46 48 26 0.969651 -0.066877 -0.235168
0.053371 0.048214 0.115208 59 55 28 -0.328377 -0.940048 0.092080
0.050806 0.048202 0.107171 54 55 30 -0.389127 -0.915931 0.098237
0.053413 0.046518 0.109391 59 54 29 0.912758 0.315565 -0.259407
0.052388 0.041456 0.107872 57 51 25 0.929327 -0.208233 -0.304943
0.047247 0.045110 0.111694 59 55 28 0.638486 -0.743985 -0.197032
0.054816 0.042610 0.114903 44 43 22 0.929260 -0.311329 -0.198871
0.052374 0.045444 0.106649 53 51 29 0.901037 0.122450 -0.416099
0.047241 0.044877 0.113006 46 50 21 0.353679 -0.934914 -0.029110
0.047393 0.047653 0.108756 65 63 36 0.733315 -0.611305 -0.297581
0.052357 0.047463 0.107896 63 58 35 -0.670747 -0.685904 0.282195
0.053431 0.047971 0.113558 63 63 33 -0.520599 -0.839629 0.154918
0.054315 0.042226 0.113580 50 47 21 0.906739 -0.336350 -0.254349
0.049972 0.048456 0.108655 67 62 33 -0.119338 -0.992474 0.027463
0.053986 0.047298 0.112644 60 57 29 0.701973 0.656416 -0.276317
0.054602 0.046506 0.113218 52 52 28 0.918389 0.301206 -0.256587
0.054822 0.044619 0.113393 50 49 23 0.979329 -0.005823 -0.202192
0.053485 0.043978 0.109240 46 49 22 0.929006 -0.131709 -0.345833
0.054038 0.044244 0.110713 46 46 24 0.942951 -0.104257 -0.316188
0.053297 0.043351 0.109139 52 49 24 0.913016 -0.238585 -0.330875
0.052480 0.045428 0.106841 55 53 22 0.902689 0.116803 -0.414136
0.052351 0.039614 0.110356 44 44 23 0.878877 -0.393993 -0.268971
0.053281 0.047516 0.111515 56 58 24 -0.657948 -0.718143 0.226660
0.045157 0.045235 0.113904 29 35 23 -0.488093 -0.861785 0.138173
0.051803 0.048506 0.113838 69 68 35 -0.067470 -0.996774 -0.043459
0.051159 0.048548 0.111657 73 68 39 -0.082244 -0.989227 0.121102
0.046663 0.044928 0.115733 27 37 19 -0.207444 -0.966036 0.154080
0.052167 0.042726 0.106282 56 50 22 0.966337 -0.095058 -0.239074
0.053262 0.040424 0.112039 50 45 22 0.891578 -0.392711 -0.225535
0.045416 0.044233 0.110322 35 40 27 0.000814 -0.990500 0.137512
0.045653 0.044437 0.111234 32 41 22 0.004261 -0.983987 0.178192
0.044118 0.044568 0.109572 27 35 24 -0.407727 -0.882924 0.232817
0.054164 0.042113 0.113246 51 47 23 0.911189 -0.329431 -0.247408
0.052012 0.047879 0.109013 54 57 32 -0.459795 -0.872703 0.164252
0.052717 0.048358 0.113870 30 36 21 -0.324204 -0.942578 0.080247
0.049885 0.046978 0.115751 52 55 31 0.749266 -0.598227 -0.284121
0.053230 0.048362 0.116351 55 53 29 -0.208734 -0.976397 0.055497
0.050480 0.048393 0.109239 60 61 31 -0.131280 -0.988381 0.076605
0.053382 0.042015 0.110421 52 51 22 0.925072 -0.259112 -0.277672
0.051560 0.048370 0.111203 62 60 35 -0.221936 -0.961134 0.164211
0.047322 0.044836 0.113262 46 48 21 0.379639 -0.924716 0.027838
0.044323 0.045562 0.112926 34 41 24 -0.431592 -0.875481 0.217397
0.046515 0.046631 0.107704 50 52 27 0.878603 -0.355662 -0.318688
0.053411 0.048256 0.115656 59 55 27 -0.311783 -0.946621 0.081850
0.054067 0.044234 0.110838 44 46 23 0.943906 -0.102829 -0.313795
0.049795 0.048017 0.113784 72 67 35 0.698841 -0.644716 -0.309778
0.052346 0.039162 0.110844 43 44 21 0.880407 -0.375936 -0.289060
0.047826 0.045273 0.113120 56 51 27 0.654222 -0.738791 -0.161806
0.054340 0.043349 0.112386 45 45 20 0.933966 -0.244272 -0.260843
0.054569 0.042359 0.114279 46 49 22 0.914126 -0.343553 -0.215279
0.052023 0.043005 0.105637 65 60 25 0.962286 -0.050899 -0.267236
0.052815 0.047853 0.111338 60 57 28 -0.556029 -0.814680 0.164704
0.055178 0.044018 0.114914 48 47 21 0.971637 -0.127333 -0.199267
0.054377 0.044544 0.111710 48 51 22 0.950149 -0.050858 -0.307620
0.043638 0.046051 0.114399 35 46 26 0.398943 0.906582 -0.137673
0.051059 0.048572 0.111931 69 70 37 -0.048924 -0.993945 0.098391
0.047653 0.045411 0.112133 59 55 29 0.773611 -0.578663 -0.258214
0.054531 0.044382 0.112298 48 52 19 0.951292 -0.081848 -0.297227
0.047801 0.046365 0.111293 52 53 30 0.838600 -0.365739 -0.403715
0.054053 0.046699 0.111773 53 54 33 0.844017 0.421653 -0.331429
0.053798 0.040967 0.113261 51 48 20 0.918781 -0.323702 -0.225962
0.053613 0.047836 0.114131 61 62 25 -0.503222 -0.850629 0.152306
0.053163 0.042306 0.109453 52 52 18 0.920316 -0.206903 -0.331977
0.054826 0.043372 0.114044 46 46 21 0.948457 -0.232458 -0.215390
0.053768 0.045341 0.109999 56 53 23 0.940981 0.096410 -0.324438
0.052197 0.039422 0.110126 43 44 23 0.889356 -0.379086 -0.255616
0.049106 0.046183 0.115281 44 47 25 0.747803 -0.630779 -0.207143
0.050413 0.048132 0.105948 57 54 32 0.405821 0.856010 -0.320244
0.048514 0.045756 0.114534 47 50 29 0.711205 -0.689587 -0.136590
0.046779 0.046768 0.108206 55 55 29 0.874583 -0.363005 -0.321453
0.052189 0.044562 0.105932 45 48 21 0.925976 0.030954 -0.376312
0.050062 0.048275 0.113656 73 69 38 0.467260 -0.844174 -0.262750
0.051514 0.048239 0.109800 61 60 34 -0.312822 -0.943231 0.111614
0.054980 0.042798 0.115442 42 44 19 0.937855 -0.290176 -0.190329
0.045220 0.044207 0.110104 29 38 20 -0.128814 -0.983591 0.126319
0.052762 0.044061 0.107421 48 50 26 0.923593 -0.107134 -0.368102
0.052416 0.046089 0.106937 55 56 24 0.885561 0.169636 -0.432441
0.048918 0.046257 0.114410 49 49 30 0.777231 -0.596299 -0.200846
0.054701 0.046986 0.114518 49 53 23 0.884676 0.405661 -0.229756
0.047490 0.046233 0.110699 47 48 36 0.866713 -0.370374 -0.334112
0.052471 0.043122 0.107125 56 54 21 0.934701 -0.170456 -0.311895
0.051533 0.047883 0.107554 58 54 31 -0.475154 -0.859377 0.188943
0.048476 0.046831 0.112216 54 53 30 0.812895 -0.451392 -0.368030
0.044486 0.045788 0.114875 40 44 25 0.445085 0.881492 -0.157706
0.052626 0.047838 0.110643 55 55 34 -0.540582 -0.825328 0.163109
0.048726 0.047474 0.111904 59 59 32 0.756150 -0.519475 -0.397974
0.054215 0.041702 0.113810 50 48 22 0.911526 -0.329764 -0.245717
0.054905 0.046304 0.114628 45 47 24 0.947486 0.234003 -0.217973
0.054481 0.046784 0.113132 55 57 21 0.874716 0.411540 -0.255944
0.050367 0.048491 0.110562 71 66 37 -0.045020 -0.998826 0.017894
0.051797 0.047979 0.108889 60 57 33 -0.428419 -0.889437 0.159247
0.046246 0.044989 0.114936 26 36 20 -0.223436 -0.971314 0.081391
0.046900 0.046382 0.108964 47 51 27 0.877356 -0.348321 -0.330029
0.053132 0.048321 0.115430 61 54 26 -0.276603 -0.958967 0.062241
0.050692 0.048366 0.114077 68 60 33 0.245919 -0.957137 -0.153012
0.054066 0.041630 0.113367 54 51 18 0.913144 -0.330008 -0.239294
0.045388 0.044219 0.109921 36 40 22 -0.099724 0.992089 -0.076255
0.052723 0.045204 0.107343 53 51 22 0.915219 0.084089 -0.394085
0.052417 0.048305 0.112696 64 61 34 -0.352532 -0.929584 0.107677
0.052347 0.048052 0.110813 58 57 32 -0.422384 -0.896687 0.132454
0.049435 0.048448 0.109272 68 65 34 0.095074 -0.995401 -0.011720
0.045218 0.044893 0.112454 29 36 18 -0.376489 -0.890722 0.254696
0.048813 0.046039 0.114572 43 51 33 0.746856 -0.636488 -0.192583
0.050109 0.047148 0.115967 50 52 29 0.739729 -0.614540 -0.274120
0.052228 0.041619 0.107267 67 58 24 0.945224 -0.193684 -0.262751
0.048306 0.048197 0.108578 65 62 32 0.355515 -0.925860 -0.128033
0.045221 0.044945 0.112607 23 34 25 -0.378496 -0.891051 0.250537
0.045940 0.044854 0.113932 28 36 22 -0.232258 -0.965560 0.117259
0.053362 0.044358 0.108794 46 50 22 0.927202 -0.047273 -0.371566
0.047546 0.047984 0.107997 60 58 31 0.511935 -0.833376 -0.208343
0.053546 0.048231 0.115892 56 58 26 0.316094 0.944004 -0.094557
0.047671 0.045004 0.115797 46 45 23 0.271588 -0.962238 -0.018380
0.052584 0.040447 0.109587 47 44 23 0.873121 -0.416943 -0.252623
0.054771 0.042997 0.114217 45 44 20 0.940790 -0.258423 -0.219390
0.053285 0.048241 0.114827 57 59 25 -0.362043 -0.921450 0.140908
0.050377 0.048440 0.109526 63 61 35 -0.115253 -0.989774 0.084044
0.052608 0.042926 0.107697 56 54 23 0.920678 -0.204723 -0.332326
0.048283 0.045432 0.115107 50 48 27 0.603643 -0.786712 -0.129227
0.047392 0.045886 0.110825 45 49 27 0.850066 -0.410696 -0.329723
0.053570 0.040659 0.112789 49 47 23 0.906601 -0.365790 -0.210410
0.054749 0.045129 0.113204 52 50 23 0.977933 0.062552 -0.199334
0.049139 0.048532 0.106659 62 65 36 -0.015970 0.999871 0.001541
0.045184 0.044217 0.108950 38 38 24 0.241189 -0.967430 -0.076856
0.045424 0.044421 0.111259 32 34 27 -0.128135 -0.963278 0.235960
0.048646 0.046049 0.113862 43 48 34 0.781075 -0.586710 -0.213757
0.049985 0.048462 0.109809 72 65 37 -0.006700 -0.999379 0.034596
0.053554 0.042456 0.110555 52 49 23 0.911018 -0.260486 -0.319677
0.046045 0.045170 0.115864 33 38 21 0.288757 0.945473 -0.150666
0.053713 0.042859 0.110614 52 49 22 0.904295 -0.253629 -0.343400
0.052088 0.046167 0.106324 57 53 22 0.876794 0.224459 -0.425265
0.051819 0.048501 0.114179 72 66 32 -0.051803 -0.997447 -0.049156
0.054217 0.043127 0.112078 42 45 20 0.935136 -0.255085 -0.245872
0.052180 0.039457 0.109900 45 44 19 0.889083 -0.384924 -0.247717
0.046978 0.044993 0.111158 52 52 25 0.652545 -0.730515 -0.201327
0.054312 0.043669 0.111925 42 46 23 0.940230 -0.195409 -0.278896
0.049348 0.048556 0.107076 63 64 33 0.024077 -0.999341 -0.027163
0.047580 0.046813 0.110314 58 55 32 0.862417 -0.397385 -0.313563
0.051007 0.048645 0.112831 117 106 57 0.025271 -0.999508 -0.018574
0.046768 0.046563 0.108418 52 50 28 0.876381 -0.357252 -0.322997
0.053369 0.040507 0.112324 46 48 20 0.893055 -0.391337 -0.222055
0.048002 0.047135 0.111091 64 62 39 0.829204 -0.412497 -0.377182
0.047709 0.046212 0.111249 55 53 28 0.831222 -0.399114 -0.387012
0.053454 0.041925 0.110758 56 50 25 0.925260 -0.271247 -0.265177
0.052430 0.043580 0.106811 60 53 27 0.929838 -0.145032 -0.338183
0.053270 0.047075 0.109860 60 60 26 0.831118 0.522473 -0.190436
0.046820 0.045209 0.110424 49 50 28 0.766890 -0.567587 -0.299540
0.054942 0.044799 0.114017 50 48 25 0.971689 0.031304 -0.234183
0.054583 0.043516 0.112976 49 46 22 0.933806 -0.238320 -0.266853
0.051999 0.045991 0.106088 58 54 22 0.883097 0.212405 -0.418359
0.053976 0.044052 0.110701 41 46 24 0.944077 -0.119145 -0.307446
0.045830 0.044554 0.111794 35 40 22 0.055163 -0.988483 0.140921
0.055193 0.045589 0.115373 50 50 23 0.974853 0.123295 -0.185633
0.049419 0.046439 0.115559 43 51 29 0.752309 -0.610905 -0.246629
0.053478 0.047844 0.113283 60 59 35 -0.547630 -0.818576 0.173308
0.050482 0.048469 0.111432 66 65 34 0.048237 -0.998088 0.038641
0.048186 0.045154 0.116375 49 48 25 0.444471 -0.888472 -0.114290
0.046706 0.045199 0.110160 51 51 29 0.773050 -0.572285 -0.273649
0.052535 0.047558 0.108826 60 61 28 -0.582604 -0.792129 0.181945
0.048793 0.046281 0.113842 43 50 34 0.797585 -0.549052 -0.249799
0.052772 0.048231 0.113103 58 58 30 -0.387263 -0.912360 0.132765
0.052264 0.047073 0.107125 57 55 35 0.810375 0.433220 -0.394478
0.054010 0.044405 0.110611 48 50 22 0.945445 -0.071075 -0.317934
0.045724 0.044613 0.112150 34 37 19 -0.113700 -0.972270 0.204361
0.044650 0.044297 0.109512 30 37 19 -0.285457 -0.948305 0.138680
0.052365 0.040906 0.108359 48 48 21 0.909759 -0.303475 -0.283269
0.052088 0.041824 0.106589 61 54 21 0.959570 -0.166593 -0.226875
0.048644 0.046846 0.112549 54 55 33 0.814979 -0.473895 -0.333515
0.052828 0.041438 0.109245 51 50 22 0.913695 -0.254564 -0.316794
0.048228 0.045246 0.115992 44 49 22 0.478477 -0.870483 -0.115409
0.052001 0.044184 0.105646 47 48 22 0.931038 -0.000434 -0.364921
0.050543 0.048446 0.110318 69 64 34 -0.114743 -0.992249 0.047701
0.044542 0.044930 0.111421 27 35 21 -0.503288 -0.822645 0.264492
0.048997 0.046027 0.115308 42 48 32 0.731531 -0.651242 -0.201858
0.050951 0.047781 0.116987 59 56 28 0.695503 -0.690301 -0.199400
0.053194 0.040859 0.111027 48 47 21 0.907525 -0.343593 -0.241542
0.048739 0.045591 0.116126 58 51 30 0.625451 -0.764798 -0.154582
0.045765 0.045167 0.115018 28 36 16 0.356576 0.923992 -0.138173
0.053393 0.047196 0.110716 61 61 31 0.748407 0.633378 -0.196771
0.053558 0.041545 0.111515 53 50 19 0.923608 -0.295739 -0.243899
0.045706 0.044650 0.112284 33 37 20 -0.170239 -0.958149 0.230152
0.053826 0.045914 0.110549 57 55 25 0.935941 0.207323 -0.284662
0.047518 0.048107 0.107465 67 63 35 -0.472965 0.865617 0.164351
0.054118 0.046674 0.111957 53 54 27 0.855899 0.403930 -0.322921
0.050603 0.047300 0.117111 46 49 28 0.752301 -0.625934 -0.205549
0.051984 0.048006 0.109577 59 57 28 -0.413730 -0.897739 0.151305
0.046981 0.044892 0.115592 33 39 19 -0.031588 -0.995399 0.090465
0.047189 0.044920 0.115968 30 39 24 0.048294 -0.997896 0.043258
0.044456 0.045759 0.114480 40 44 25 -0.436279 -0.889169 0.137984
0.048472 0.045416 0.115897 48 51 23 0.572912 -0.810219 -0.123765
0.049834 0.048414 0.111994 72 69 37 0.315895 -0.947880 -0.041643
0.048616 0.048174 0.109788 74 67 35 0.437723 -0.888200 -0.139638
0.048844 0.047572 0.111835 64 61 32 0.730982 -0.573679 -0.369537
0.053114 0.046139 0.108389 57 55 26 0.895628 0.175774 -0.408599
0.053155 0.043866 0.108462 49 50 22 0.908891 -0.133194 -0.395192
0.045249 0.044186 0.109740 38 37 23 0.030354 -0.997832 0.058395
0.054578 0.042055 0.115090 48 47 20 0.919122 -0.344250 -0.191591
0.054781 0.046953 0.115060 51 50 24 0.901640 0.402079 -0.159304
0.055145 0.044461 0.114771 48 49 26 0.974521 -0.050935 -0.218436
0.045849 0.044511 0.108529 49 51 24 0.621530 -0.779283 -0.080117
0.044796 0.044423 0.110142 30 34 22 -0.392396 -0.892395 0.222839
0.054210 0.047398 0.113701 59 58 28 0.719096 0.669973 -0.184490
0.055007 0.043959 0.114402 47 46 22 0.963252 -0.129395 -0.235379
0.049948 0.048399 0.108006 62 60 32 -0.115319 -0.993224 -0.014422
0.054958 0.043502 0.114745 49 45 22 0.955133 -0.206405 -0.212410
0.045915 0.044559 0.111953 35 39 24 0.073210 -0.989349 0.125812
0.052733 0.048401 0.115252 61 58 27 -0.173396 -0.984293 0.033173
0.051083 0.048358 0.114786 65 61 31 0.195359 -0.974274 -0.112364
0.044726 0.044919 0.111696 30 35 23 -0.491342 -0.828425 0.268878
0.051575 0.047221 0.105928 62 59 28 0.777250 0.456538 -0.432962
0.050610 0.048384 0.109649 62 60 33 -0.120019 -0.989249 0.083553
0.048788 0.048450 0.107151 69 64 36 0.146525 -0.986532 -0.072700
0.048582 0.048022 0.110441 72 65 34 0.560839 -0.808484 -0.178362
0.054129 0.045598 0.111325 54 51 29 0.933876 0.153194 -0.323120
0.049445 0.046232 0.116295 53 51 29 0.714074 -0.663057 -0.224619
0.052194 0.040358 0.108410 46 46 19 0.886925 -0.373629 -0.271598
0.044945 0.044906 0.112036 29 34 25 -0.434738 -0.857319 0.275693
0.047064 0.047087 0.108720 58 57 35 0.855117 -0.404826 -0.323869
0.051086 0.047617 0.105869 60 58 30 0.593598 0.705499 -0.387186
0.051516 0.046673 0.105476 59 56 28 0.829838 0.341108 -0.441604
0.055256 0.044069 0.115202 52 49 22 0.978861 -0.124064 -0.162599
0.053476 0.046409 0.109649 57 56 23 0.924773 0.287194 -0.249629
0.051072 0.047991 0.116359 60 58 31 0.651755 -0.734050 -0.190750
0.051778 0.048426 0.111854 68 67 44 -0.276533 -0.949352 0.149197
0.049362 0.046556 0.115169 44 48 28 0.780042 -0.574860 -0.247124
0.047481 0.047670 0.108933 67 63 35 0.722722 -0.613362 -0.318528
0.047273 0.046378 0.109892 51 54 28 0.864621 -0.383926 -0.324087
0.052327 0.042583 0.107101 59 55 22 0.951846 -0.163352 -0.259431
0.053017 0.047471 0.110357 61 56 34 -0.678758 -0.716697 0.160104
0.044876 0.045408 0.113810 32 35 25 -0.498211 -0.854533 0.146832
0.049412 0.046570 0.115278 49 50 30 0.776562 -0.579308 -0.247696
0.052452 0.044481 0.106614 49 49 28 0.919861 -0.005364 -0.392208
0.054995 0.046735 0.115555 45 48 23 0.926361 0.363004 -0.100420
0.054002 0.042029 0.113136 53 50 20 0.916302 -0.319366 -0.241652
0.043964 0.045204 0.111117 33 41 19 -0.524520 -0.810399 0.261021
0.044364 0.044109 0.108391 32 36 20 0.061636 0.997980 0.015359
0.050761 0.047986 0.106129 59 58 31 0.497089 0.813950 -0.300644
0.054645 0.045578 0.112855 52 52 25 0.971176 0.092975 -0.219484
0.050502 0.047678 0.115795 60 56 32 0.694835 -0.652470 -0.302468
0.053648 0.040768 0.112917 51 47 22 0.909314 -0.358352 -0.211498
0.050885 0.047781 0.116650 60 57 33 0.712592 -0.668270 -0.213608
0.049852 0.048392 0.112316 76 70 39 0.363899 -0.925256 -0.107137
0.049527 0.047074 0.114497 53 54 34 0.815520 -0.513891 -0.266164
0.054544 0.047115 0.114205 53 57 22 0.829912 0.514368 -0.216036
0.048619 0.046187 0.113483 45 49 28 0.798603 -0.545634 -0.254003
0.050844 0.047685 0.116812 59 55 28 0.734622 -0.646593 -0.205541
0.048533 0.045940 0.113739 48 51 32 0.777582 -0.588236 -0.222137
0.050903 0.048105 0.115835 67 65 42 0.572668 -0.787017 -0.229470
0.048711 0.045788 0.115169 46 48 25 0.687465 -0.704419 -0.176596
0.049183 0.048464 0.108180 68 63 32 0.110067 -0.992126 -0.059768
0.048054 0.045169 0.115790 48 46 25 0.486169 -0.869425 -0.087975
0.048973 0.048050 0.111442 68 65 34 0.575837 -0.776401 -0.256149
0.054740 0.044529 0.112900 50 50 23 0.972993 -0.008922 -0.230664
0.049838 0.048494 0.110276 74 68 35 0.083828 -0.996407 -0.012057
0.046300 0.045129 0.115944 30 38 22 0.266265 0.948880 -0.169502
0.045221 0.044189 0.109232 36 39 23 0.175949 -0.984259 -0.016638
0.044936 0.044538 0.110872 29 36 19 -0.378453 -0.893863 0.240378
0.048316 0.046365 0.112423 52 48 31 0.828005 -0.455363 -0.327188
0.054218 0.043599 0.111626 42 45 22 0.940302 -0.177332 -0.290491
0.053475 0.043447 0.109505 49 50 22 0.921743 -0.232766 -0.310177
0.044724 0.045264 0.112867 29 35 20 -0.483375 -0.843916 0.232711
0.048410 0.045630 0.114568 44 47 30 0.695690 -0.706949 -0.127429
0.055220 0.045948 0.115380 50 46 26 0.969957 0.179437 -0.164276
0.052232 0.039344 0.110318 46 45 16 0.884542 -0.381970 -0.267740
0.052253 0.043805 0.106284 56 53 26 0.932045 -0.076187 -0.354243
0.053068 0.046629 0.108672 52 55 29 0.876004 0.326944 -0.354576
0.052058 0.045052 0.105738 48 51 18 0.911937 0.118979 -0.392702
0.045073 0.044400 0.110664 32 35 23 -0.330830 -0.919443 0.212548
0.050376 0.048475 0.111208 69 68 35 0.039586 -0.998769 0.029896
0.050127 0.047480 0.115337 51 52 31 0.730757 -0.586142 -0.349902
0.053452 0.042822 0.110128 53 48 24 0.911612 -0.246873 -0.328660
0.053409 0.048148 0.114566 24 35 23 -0.390050 -0.908355 0.150841
0.047665 0.047552 0.109431 59 60 32 0.703882 -0.630178 -0.327759
0.053209 0.046266 0.108670 57 56 27 0.897937 0.207997 -0.387874
0.049022 0.046265 0.114595 47 51 31 0.756308 -0.621092 -0.205530
0.048582 0.046356 0.113204 49 49 30 0.813725 -0.499128 -0.297862
0.052564 0.039700 0.110723 44 45 20 0.860040 -0.418890 -0.291312
0.053460 0.047015 0.110460 60 57 28 0.818320 0.536981 -0.204948
0.048725 0.048022 0.110883 78 71 40 0.569816 -0.794333 -0.210582
0.053323 0.046232 0.108979 56 56 25 0.925076 0.201032 -0.322212
0.050302 0.047131 0.116633 55 52 34 0.742834 -0.628356 -0.231013
0.053491 0.046171 0.109865 60 56 24 0.938706 0.220112 -0.265295
0.052648 0.047431 0.108688 60 62 29 -0.676851 -0.700422 0.226454
0.052694 0.040950 0.109221 52 47 23 0.897023 -0.327397 -0.296920
0.050526 0.048238 0.114697 68 66 31 0.427078 -0.879951 -0.208066
0.053622 0.044216 0.109548 47 49 23 0.938878 -0.090679 -0.332093
0.047776 0.046560 0.111070 52 54 34 0.845537 -0.357252 -0.396785
0.043746 0.045943 0.113849 41 44 22 0.359830 0.919515 -0.158163
0.051468 0.048511 0.113857 69 68 33 0.043869 -0.995264 -0.086752
0.050802 0.048549 0.113306 72 71 39 0.109076 -0.988340 -0.106241
0.053895 0.045010 0.110460 53 52 23 0.943054 0.045890 -0.329459
0.053792 0.041865 0.112202 49 47 21 0.922315 -0.309537 -0.231346
0.053809 0.047127 0.111953 53 52 30 0.753513 0.595139 -0.279335
0.043847 0.044652 0.109347 31 36 18 -0.395138 -0.883277 0.252364
0.050611 0.048232 0.114907 67 63 32 0.424440 -0.878160 -0.220648
0.048252 0.045454 0.114734 51 50 23 0.652350 -0.747550 -0.124928
0.053127 0.048145 0.113578 64 61 33 -0.437784 -0.891960 0.112929
0.049565 0.046475 0.116032 45 51 28 0.737466 -0.631913 -0.238390
0.053858 0.046309 0.111066 56 53 27 0.897831 0.323036 -0.299244
0.052770 0.041249 0.109170 49 50 23 0.911847 -0.266574 -0.312208
0.050559 0.048137 0.106262 55 55 31 0.448955 0.854527 -0.261196
0.053058 0.043668 0.108407 54 53 25 0.902075 -0.202404 -0.381173
0.046522 0.044698 0.111548 40 44 19 0.379720 -0.924035 -0.044416
0.054672 0.043849 0.112960 48 46 23 0.949188 -0.181697 -0.256959
0.051121 0.047738 0.106178 58 58 29 0.581989 0.747720 -0.319695
0.052087 0.040243 0.108225 46 44 21 0.887977 -0.370138 -0.272937
0.046559 0.045035 0.109978 54 51 31 0.772530 -0.594924 -0.221952
0.047080 0.047628 0.107959 63 62 33 0.792967 -0.542447 -0.277407
0.048438 0.046129 0.113157 42 49 32 0.805134 -0.521107 -0.283208
0.050231 0.046778 0.117300 50 51 27 0.747841 -0.630236 -0.208653
0.046526 0.044670 0.112205 37 42 22 0.212226 -0.976331 0.041693
0.054218 0.042338 0.112989 48 46 21 0.911479 -0.327932 -0.248327
0.048740 0.045680 0.115672 54 54 26 0.657716 -0.735497 -0.162649
0.054620 0.045967 0.112854 50 53 26 0.959341 0.152892 -0.237251
0.047409 0.046388 0.110238 54 53 29 0.872000 -0.369750 -0.320780
0.044951 0.045375 0.113981 30 38 17 -0.498242 -0.854377 0.147631
0.048352 0.045700 0.113780 50 53 32 0.766628 -0.615295 -0.183556
0.051382 0.048590 0.112427 87 81 40 -0.127554 -0.989839 0.062840
0.047994 0.045088 0.116147 49 47 24 0.362639 -0.924966 -0.113713
0.054977 0.043113 0.115038 41 44 21 0.944270 -0.264512 -0.195929
0.051460 0.047149 0.105691 56 59 29 0.775309 0.440570 -0.452541
0.054899 0.046761 0.115019 47 48 24 0.925102 0.337088 -0.174810
0.053977 0.044126 0.110597 47 47 20 0.945090 -0.099853 -0.311182
0.044873 0.044461 0.110449 29 34 20 -0.372392 -0.903672 0.211428
0.045819 0.044903 0.113597 30 35 21 -0.269036 -0.958816 0.091056
0.051756 0.048513 0.112874 69 68 35 -0.177323 -0.983578 0.033612
0.048258 0.045679 0.113491 46 48 32 0.771744 -0.600406 -0.209579
0.046571 0.045162 0.109626 50 53 29 0.797087 -0.567761 -0.205668
0.052930 0.046158 0.108077 54 55 23 0.888202 0.171160 -0.426383
0.044077 0.045438 0.112004 35 42 21 -0.483995 -0.844859 0.227953
0.053560 0.040775 0.112722 48 49 22 0.908606 -0.359137 -0.213204
0.052179 0.048475 0.114228 69 65 32 -0.111930 -0.993716 0.000955
0.046672 0.046896 0.107781 55 55 28 0.868266 -0.384632 -0.313323
0.046594 0.046812 0.107693 50 52 26 0.873508 -0.371214 -0.314935
0.052732 0.047982 0.111661 58 60 28 -0.496666 -0.851754 0.166846
0.052071 0.041556 0.106699 58 54 22 0.957393 -0.176309 -0.228722
0.053894 0.042512 0.111569 49 47 23 0.917803 -0.303368 -0.256137
0.053048 0.045405 0.108107 52 53 23 0.916414 0.038129 -0.398411
0.054276 0.043008 0.112474 44 46 20 0.928374 -0.273195 -0.251964
0.049957 0.048105 0.113901 71 67 39 0.595840 -0.750228 -0.286588
0.055119 0.045089 0.114546 52 51 21 0.971322 0.054336 -0.231475
0.054440 0.042838 0.113155 47 46 20 0.913733 -0.312369 -0.259840
0.050882 0.048193 0.108030 63 56 30 -0.329876 -0.943111 0.041519
0.053973 0.046020 0.111095 56 52 27 0.911496 0.247198 -0.328738
0.046472 0.046333 0.107850 46 49 25 0.884786 -0.335494 -0.323415
0.047768 0.047066 0.110513 67 63 39 0.855138 -0.430483 -0.288831
0.046978 0.045785 0.109924 46 51 29 0.836938 -0.441098 -0.323988
0.047291 0.047102 0.109133 60 58 35 0.826079 -0.431940 -0.361969
0.053424 0.045953 0.109012 59 58 20 0.938254 0.146341 -0.313471
0.052486 0.048411 0.114405 67 62 32 -0.201443 -0.978317 0.048128
0.051719 0.048377 0.111524 64 63 37 -0.270607 -0.948506 0.164648
0.048987 0.048412 0.108147 64 62 34 0.162488 -0.985139 -0.055667
0.043880 0.045969 0.114315 38 48 27 0.407557 0.902451 -0.139571
0.049572 0.046662 0.115557 55 51 34 0.763188 -0.589279 -0.265132
0.048187 0.045043 0.116988 41 45 24 -0.409744 0.909289 0.072823
0.046670 0.044768 0.111405 46 46 26 0.471018 -0.880848 -0.047434
0.054533 0.045019 0.112251 50 51 23 0.957028 0.021412 -0.289205
0.054897 0.045364 0.114044 49 51 24 0.965370 0.080677 -0.248095
0.046394 0.044767 0.112839 34 41 22 0.015437 -0.990487 0.136735
0.050261 0.048396 0.109291 61 63 35 -0.118978 -0.989855 0.077662
0.053417 0.045717 0.108923 56 53 23 0.928708 0.085713 -0.360769
0.052638 0.044993 0.107108 48 51 23 0.915528 0.055656 -0.398385
0.047797 0.046750 0.110933 58 56 35 0.850029 -0.362819 -0.381856
0.052290 0.042727 0.106751 52 51 25 0.960018 -0.132026 -0.246850
0.048218 0.045398 0.114973 48 48 29 0.614260 -0.779660 -0.121717
0.049022 0.047250 0.112964 58 54 28 0.828993 -0.461233 -0.316282
0.051393 0.048544 0.111858 74 72 41 -0.162139 -0.979731 0.117633
0.049580 0.046589 0.115789 50 52 29 0.753864 -0.607077 -0.251290
0.051046 0.048279 0.115454 70 64 33 0.416499 -0.871631 -0.258434
0.049912 0.048437 0.111772 73 69 38 0.253240 -0.966878 -0.031882
0.048530 0.045592 0.115237 51 47 31 0.643508 -0.750473 -0.150626
0.052672 0.048457 0.116409 58 59 30 0.078913 0.996575 0.024720
0.050191 0.048364 0.106815 55 56 29 -0.257434 -0.960096 0.109286
0.045648 0.044785 0.112732 32 37 22 -0.242565 -0.940786 0.236821
0.052286 0.043671 0.106565 59 55 24 0.932996 -0.106958 -0.343626
0.051539 0.048523 0.113591 73 70 33 -0.011700 -0.997813 -0.065062
0.046801 0.045716 0.109469 49 51 29 0.861892 -0.426132 -0.274871
0.054183 0.042056 0.113441 50 48 21 0.910567 -0.329791 -0.249209
0.047085 0.046517 0.109300 54 54 28 0.864999 -0.371650 -0.337126
0.050311 0.048381 0.108996 62 60 35 -0.133215 -0.989966 0.047138
0.049218 0.046457 0.114999 44 50 29 0.781966 -0.579709 -0.229056
0.054833 0.042970 0.114509 39 45 21 0.943665 -0.252210 -0.214212
0.054912 0.044557 0.113860 50 47 23 0.971163 -0.029155 -0.236628
0.048105 0.046428 0.111720 49 50 30 0.835054 -0.395898 -0.382033
0.045927 0.044879 0.113819 26 36 22 -0.236690 -0.966266 0.101528
0.054815 0.044871 0.113417 51 49 24 0.975635 0.053391 -0.212804
0.047776 0.046157 0.111453 50 52 26 0.830515 -0.407366 -0.379866
0.051752 0.048501 0.112524 73 71 44 -0.229625 -0.970611 0.072017
0.052745 0.043357 0.107807 58 56 22 0.911259 -0.211612 -0.353309
0.049188 0.048182 0.111541 73 69 38 0.553647 -0.796113 -0.244292
0.054520 0.044549 0.112285 51 51 23 0.954987 -0.032205 -0.294896
0.053396 0.042277 0.110234 52 50 20 0.926064 -0.237988 -0.292862
0.047620 0.047346 0.109659 58 57 32 0.786616 -0.529091 -0.318274
0.050270 0.047326 0.116064 52 49 31 0.731316 -0.624315 -0.274605
0.053584 0.041063 0.112208 51 49 18 0.916590 -0.326372 -0.230961
0.052993 0.047642 0.111051 59 55 31 -0.634320 -0.752424 0.177472
0.051829 0.048008 0.109242 60 55 31 -0.419022 -0.896210 0.145698
0.053159 0.048056 0.113246 60 60 30 -0.493730 -0.856100 0.152723
0.052693 0.040319 0.110185 47 43 19 0.856996 -0.439688 -0.268761
0.050840 0.048235 0.107503 57 58 27 -0.374940 -0.923701 0.078720
0.043946 0.045878 0.113843 39 43 26 -0.378512 -0.912704 0.153951
0.047051 0.047359 0.108198 64 58 31 0.821580 -0.484357 -0.300674
0.053783 0.047528 0.113072 63 60 30 -0.637248 -0.739237 0.217818
0.047318 0.044896 0.114425 34 40 23 0.197646 -0.980111 -0.017814
0.053480 0.040428 0.112877 47 47 23 0.900677 -0.383686 -0.203876
0.048707 0.046203 0.113656 47 47 31 0.800387 -0.545761 -0.248043
0.048641 0.048276 0.109184 67 64 37 0.348126 -0.932491 -0.096276
0.050040 0.046949 0.116249 59 59 31 0.748042 -0.614287 -0.251168
0.052004 0.045589 0.105927 50 54 23 0.903438 0.172605 -0.392438
0.046495 0.044680 0.111918 40 42 20 0.247804 -0.968203 0.034306
0.049014 0.045889 0.116029 57 56 28 0.684398 -0.703358 -0.192058
0.054353 0.047422 0.114389 59 56 30 0.736484 0.645442 -0.202477
0.050461 0.048470 0.110159 67 63 34 -0.080002 -0.995787 0.044820
0.054670 0.046835 0.114193 50 50 25 0.904188 0.367460 -0.217755
0.051976 0.042781 0.105485 61 59 23 0.965333 -0.067235 -0.252215
0.045849 0.044553 0.108251 51 52 19 -0.609122 0.789021 0.080094
0.052272 0.041158 0.107736 50 49 26 0.930137 -0.221376 -0.292981
0.052856 0.047535 0.110062 59 60 28 -0.630627 -0.759297 0.160557
0.052992 0.044920 0.107959 50 51 21 0.928790 0.041102 -0.368319
0.052780 0.043662 0.107734 54 55 26 0.913654 -0.196687 -0.355739
0.052684 0.048139 0.112385 60 56 37 -0.436746 -0.885328 0.159521
0.047484 0.047073 0.109697 60 57 31 0.831881 -0.454627 -0.318258
0.050311 0.048364 0.108650 63 60 33 -0.163636 -0.985766 0.038592
0.048897 0.048198 0.110506 76 70 37 0.426440 -0.895077 -0.130333
0.047446 0.045333 0.111722 59 58 28 0.749500 -0.618288 -0.236578
0.049866 0.048476 0.107458 60 57 34 -0.111942 -0.993703 -0.004771
0.054231 0.047784 0.115254 61 58 30 0.628497 0.756076 -0.182594
0.049797 0.046421 0.116751 48 51 30 0.736458 -0.636773 -0.228361
0.053651 0.046901 0.111019 61 58 31 0.836115 0.494658 -0.237120
0.050483 0.048312 0.108003 60 61 32 -0.263066 -0.964724 0.010152
0.054688 0.044133 0.112847 49 48 20 0.961707 -0.121462 -0.245695
0.052151 0.047620 0.107997 61 60 33 -0.596119 -0.765853 0.241063
0.052084 0.041065 0.107218 56 51 21 0.938322 -0.216103 -0.269911
0.053231 0.045174 0.108781 50 50 22 0.933955 -0.007326 -0.357316
0.051576 0.048335 0.116701 64 60 31 -0.372665 0.913931 0.160782
0.054688 0.042499 0.114523 48 46 20 0.919616 -0.333992 -0.206775
0.053740 0.042031 0.111645 53 52 21 0.917418 -0.308879 -0.250874
0.054748 0.044175 0.113065 47 50 19 0.968101 -0.099531 -0.229945
0.046671 0.044953 0.114986 27 36 19 -0.078938 -0.996829 0.010022
0.054423 0.041959 0.114301 54 50 20 0.913177 -0.341510 -0.222438
0.048318 0.045150 0.117024 41 47 19 -0.491208 0.867884 0.074112
0.053951 0.047817 0.114610 60 61 27 -0.569380 -0.802268 0.179368
0.047078 0.047206 0.108558 61 56 33 0.844674 -0.444501 -0.298236
0.049074 0.046779 0.113781 50 52 33 0.822000 -0.486946 -0.295295
0.052565 0.045996 0.107211 57 54 29 0.899040 0.158360 -0.408226
0.053338 0.041059 0.111353 50 47 21 0.911792 -0.330660 -0.243514
0.052221 0.044760 0.106191 50 50 21 0.924389 0.042990 -0.379022
0.051662 0.047516 0.106565 62 59 29 -0.643442 -0.683024 0.345631
0.045358 0.044358 0.108014 39 40 26 -0.364852 0.912631 0.184359
0.047988 0.048326 0.107067 65 63 35 -0.262153 0.960337 0.095021
0.052077 0.046462 0.106483 56 54 24 0.860086 0.245218 -0.447347
0.045449 0.044248 0.109205 34 44 21 0.328461 -0.938746 -0.104257
0.052563 0.040861 0.108886 50 49 19 0.895579 -0.331115 -0.297156
0.050697 0.048323 0.109011 60 61 32 -0.167293 -0.982899 0.076962
0.045407 0.044230 0.109337 37 43 25 0.279064 -0.958903 -0.051261
0.054085 0.043512 0.111276 43 44 20 0.939611 -0.184606 -0.288188
0.052121 0.048315 0.112208 62 65 35 -0.349861 -0.927661 0.130544
0.047581 0.047761 0.108957 68 65 34 0.667622 -0.680015 -0.303085
0.049208 0.047958 0.112494 70 64 38 0.714310 -0.638965 -0.285456
0.047951 0.045761 0.112359 50 50 33 0.811051 -0.512373 -0.282260
0.046269 0.045018 0.108593 61 56 28 0.829529 -0.527284 -0.183994
0.043664 0.045732 0.112650 41 45 25 -0.410240 -0.890470 0.196890
0.054883 0.046296 0.114401 48 48 25 0.952318 0.227524 -0.203279
0.052410 0.046364 0.107109 56 55 27 0.881083 0.199997 -0.428595
0.054694 0.042209 0.115212 48 46 24 0.925816 -0.324845 -0.193238
0.052567 0.048105 0.111862 62 61 25 -0.437713 -0.882568 0.171699
0.051963 0.044066 0.105479 50 48 22 0.936029 -0.012895 -0.351686
0.052412 0.042150 0.107575 71 64 23 0.941056 -0.156912 -0.299654
0.055083 0.045354 0.114620 51 50 23 0.968026 0.080956 -0.237426
0.054257 0.045288 0.111520 50 50 27 0.937784 0.104965 -0.330974
0.046893 0.044988 0.110976 51 50 25 0.661088 -0.712291 -0.235805
0.052263 0.048461 0.114922 66 64 29 -0.080712 -0.996684 0.010318
0.052322 0.048016 0.110498 59 56 32 -0.412078 -0.901673 0.131066
0.049331 0.048502 0.107907 66 66 35 0.065752 -0.996426 -0.053030
0.047426 0.044930 0.114612 31 42 25 0.238866 -0.969422 -0.056252
0.046818 0.044857 0.114065 39 39 21 0.031518 -0.994360 0.101262
0.054984 0.045072 0.114130 51 49 25 0.967233 0.053731 -0.248140
0.051965 0.044650 0.105405 47 47 23 0.921487 0.051018 -0.385044
0.052712 0.048329 0.114048 62 57 29 -0.305916 -0.947623 0.091792
0.054314 0.041687 0.114206 52 51 20 0.913051 -0.340048 -0.225177
0.053415 0.047860 0.113106 60 59 32 -0.551040 -0.814484 0.181580
0.050694 0.048487 0.111047 71 64 36 -0.081293 -0.994612 0.064330
0.047035 0.044795 0.113194 37 43 21 0.222215 -0.974475 0.031930
0.053685 0.041764 0.111730 50 49 20 0.921220 -0.300719 -0.246823
0.046611 0.044819 0.113126 37 38 21 0.014571 -0.997407 0.070475
0.053028 0.042179 0.109210 51 52 20 0.913758 -0.213771 -0.345469
0.054767 0.046436 0.113850 51 50 28 0.948466 0.256908 -0.185503
0.049279 0.047400 0.113392 52 56 32 0.826697 -0.458157 -0.326595
0.046406 0.044614 0.110959 39 42 27 0.461649 -0.885172 -0.057882
0.047694 0.047067 0.110309 66 63 37 0.845929 -0.450375 -0.285598
0.053091 0.040157 0.111692 44 43 22 0.883414 -0.410864 -0.225322
0.052054 0.042378 0.106007 54 48 24 0.964582 -0.125432 -0.232054
0.047236 0.044932 0.116483 33 40 17 0.038273 0.999104 -0.018070
0.052142 0.040956 0.107489 51 49 23 0.927560 -0.248198 -0.279338
0.053314 0.041127 0.111147 51 48 22 0.915291 -0.322490 -0.241333
0.051751 0.048382 0.117011 64 61 32 -0.400296 0.907980 0.123833
0.045618 0.044506 0.111565 30 39 17 -0.052989 -0.983534 0.172781
0.053003 0.047938 0.112194 62 59 23 -0.500028 -0.845490 0.187400
0.053417 0.041433 0.111184 53 50 22 0.924413 -0.293724 -0.243282
0.053642 0.045340 0.109698 55 55 21 0.948897 0.067538 -0.308275
0.052477 0.046942 0.107414 56 58 24 0.826510 0.371775 -0.422688
0.054538 0.043187 0.113157 45 45 21 0.927514 -0.267612 -0.260962
0.052769 0.048307 0.114282 60 57 26 -0.316847 -0.945258 0.078068
0.054130 0.045938 0.111562 51 53 24 0.907828 0.206472 -0.364990
0.052083 0.047827 0.109194 56 55 31 -0.467325 -0.868782 0.163780
0.051917 0.048495 0.113257 65 65 30 -0.193891 -0.980716 0.024561
0.046908 0.044879 0.114333 30 37 24 0.045065 -0.996217 0.074307
0.052260 0.045258 0.106346 50 53 20 0.910750 0.132472 -0.391133
0.053860 0.046108 0.110746 56 55 29 0.919621 0.256187 -0.297766
0.054036 0.046565 0.111578 58 53 27 0.870077 0.361437 -0.335155
0.048891 0.048332 0.109359 70 65 33 0.282029 -0.956000 -0.080768
0.052158 0.039153 0.110386 45 44 19 0.884542 -0.381970 -0.267740
0.045468 0.045092 0.114103 28 34 22 -0.407798 -0.899559 0.156504
0.053178 0.044739 0.108490 50 50 22 0.928350 -0.019171 -0.371212
0.053902 0.044551 0.110255 52 48 23 0.938512 -0.030412 -0.343905
0.044659 0.044579 0.110450 28 37 17 -0.434726 -0.862645 0.258567
0.047860 0.047336 0.110361 67 66 37 0.799927 -0.526183 -0.288526
0.047940 0.047370 0.110548 68 67 43 0.775956 -0.560648 -0.289077
0.046165 0.044515 0.110545 45 48 24 0.478677 -0.876171 -0.056503
0.053410 0.040724 0.112011 49 47 24 0.900982 -0.368880 -0.228385
0.052319 0.041784 0.107482 67 60 23 0.939397 -0.186578 -0.287616
0.049829 0.046317 0.117228 46 48 26 0.717396 -0.670348 -0.189675
0.052735 0.048440 0.116217 59 58 35 -0.098505 -0.995135 0.001585
0.052316 0.044870 0.106354 51 52 23 0.920598 0.055578 -0.386536
0.046746 0.046294 0.108639 50 52 28 0.880990 -0.345741 -0.322986
0.048071 0.048079 0.108711 63 58 34 0.414785 -0.894247 -0.168153
0.049877 0.048479 0.109632 73 67 37 0.006476 -0.999668 0.024930
0.053345 0.047400 0.111267 57 57 27 0.699096 0.682650 -0.212730
0.049562 0.048294 0.112445 80 74 43 0.527562 -0.827414 -0.192519
0.053836 0.047473 0.112823 59 61 28 -0.656469 -0.709905 0.255114
0.053600 0.047125 0.111345 55 57 32 0.770667 0.589603 -0.241746
0.053351 0.043710 0.108996 48 50 23 0.920777 -0.172826 -0.349717
0.046891 0.045382 0.110304 44 50 28 0.795614 -0.520127 -0.310590
0.044006 0.044475 0.109011 28 35 20 -0.311062 -0.922980 0.226600
0.051560 0.048471 0.114382 65 62 33 0.061349 -0.995435 -0.073106
0.049225 0.048536 0.106613 64 62 37 -0.015970 0.999871 0.001541
0.046156 0.045097 0.115684 27 38 24 -0.279524 -0.949486 0.142625
0.053244 0.042409 0.109691 52 50 23 0.922326 -0.211105 -0.323650
0.052890 0.041927 0.109043 56 51 18 0.915989 -0.209917 -0.341906
0.046268 0.045712 0.107835 51 49 35 0.891635 -0.322936 -0.317330
0.053891 0.047223 0.112309 56 57 29 0.732873 0.616809 -0.287132
0.053793 0.046848 0.111340 57 54 34 0.842409 0.456041 -0.287008
0.052840 0.045360 0.107660 51 50 26 0.918710 0.081377 -0.386458
0.043669 0.045694 0.112206 43 44 24 -0.461164 -0.864145 0.201446
0.047363 0.045944 0.110679 44 49 26 0.851998 -0.405929 -0.330639
0.049715 0.046498 0.116364 51 53 33 0.741329 -0.624412 -0.246052
0.045975 0.045103 0.115417 29 35 21 -0.301591 -0.944876 0.127484
0.047478 0.047907 0.108163 60 58 29 0.548801 -0.799623 -0.243765
0.047655 0.045778 0.111597 45 53 28 0.819056 -0.460851 -0.341706
0.046217 0.044525 0.111146 40 42 21 0.330367 -0.943853 0.000308
0.047996 0.047986 0.109051 64 61 30 0.528824 -0.813541 -0.241861
0.047373 0.046422 0.110104 52 53 31 0.870900 -0.371427 -0.321830
0.047914 0.044953 0.117024 38 44 23 -0.315463 0.947007 0.060504
0.053883 0.045723 0.110491 55 56 23 0.938105 0.170048 -0.301734
0.053043 0.048321 0.114757 62 57 33 -0.296168 -0.949502 0.103584
0.052051 0.042057 0.106092 55 52 21 0.962676 -0.149236 -0.225794
0.054584 0.043840 0.112672 48 47 19 0.943440 -0.178937 -0.279111
0.049738 0.046165 0.117473 48 48 27 0.706356 -0.688187 -0.165709
0.052838 0.045795 0.107839 57 55 24 0.903956 0.115262 -0.411799
0.052835 0.048244 0.113396 60 59 29 -0.395684 -0.910903 0.117004
0.052275 0.040523 0.108527 46 46 20 0.892113 -0.359661 -0.273457
0.051582 0.048498 0.112028 75 72 42 -0.230639 -0.965922 0.117474
0.047898 0.045529 0.112652 55 49 32 0.777994 -0.580871 -0.239405
0.049670 0.048461 0.109446 73 67 34 0.043727 -0.998964 0.012611
0.054878 0.042903 0.114818 42 43 18 0.939314 -0.277656 -0.201486
0.046519 0.046277 0.108031 44 46 29 0.886127 -0.332317 -0.323024
0.046640 0.044700 0.112645 38 40 23 0.104159 -0.991086 0.083063
0.045284 0.044490 0.111292 30 35 24 -0.249741 -0.935137 0.251295
0.043761 0.045350 0.111089 38 42 23 -0.522369 -0.811913 0.260629
0.051973 0.048425 0.116352 66 58 29 -0.179218 0.980907 0.075514
0.045869 0.044496 0.111359 36 43 21 0.106131 -0.982980 0.149958
0.048453 0.045240 0.117160 41 47 19 -0.509530 0.856844 0.078731
0.048173 0.045441 0.114374 52 49 28 0.656983 -0.746800 -0.103264
0.050904 0.048478 0.111275 71 66 37 -0.094428 -0.988711 0.116333
0.052445 0.048455 0.115419 66 61 31 -0.112128 -0.993624 0.011816
0.048491 0.048060 0.109780 73 66 34 -0.502237 0.842025 0.196853
0.049691 0.048467 0.110468 73 67 33 0.135721 -0.989921 -0.040443
0.044513 0.045357 0.112662 30 36 22 -0.466542 -0.853113 0.233530
0.044524 0.045626 0.113579 36 40 19 -0.438835 -0.884462 0.158593
0.048492 0.047417 0.111689 60 57 33 0.740139 -0.509550 -0.438809
0.053308 0.041519 0.110599 55 52 23 0.924835 -0.285325 -0.251535
0.053305 0.048323 0.116130 55 52 31 -0.235993 -0.969555 0.065347
0.053473 0.041022 0.111823 51 46 23 0.915464 -0.329190 -0.231431
0.053382 0.047795 0.112678 62 61 31 -0.578805 -0.786578 0.215126
0.045067 0.045278 0.113729 31 36 19 -0.499357 -0.853954 0.146305
0.052408 0.041792 0.107787 64 57 23 0.935093 -0.177152 -0.306951
0.047645 0.045003 0.115396 42 44 27 0.384084 -0.923243 -0.010134
0.052534 0.040175 0.110020 43 44 20 0.861003 -0.444215 -0.247684
0.053900 0.041217 0.113283 52 49 18 0.919038 -0.320164 -0.229922
0.053125 0.044642 0.108265 49 50 24 0.923708 -0.012926 -0.382879
0.052763 0.048187 0.112752 30 35 17 -0.428349 -0.890568 0.152992
0.051223 0.048021 0.107893 55 56 28 -0.389751 -0.916023 0.094848
0.052101 0.042540 0.106124 54 51 20 0.966742 -0.108548 -0.231578
0.053342 0.048270 0.115548 60 54 31 -0.294857 -0.952213 0.079688
0.054866 0.046752 0.114750 48 48 28 0.921557 0.331620 -0.201892
0.047121 0.044944 0.111871 55 54 28 0.559681 -0.816193 -0.143480
0.052981 0.044648 0.107929 50 51 22 0.923867 -0.012741 -0.382501
0.053981 0.043873 0.110736 40 45 20 0.935935 -0.149258 -0.318978
0.054060 0.047613 0.113913 64 59 33 -0.656880 -0.739917 0.145019
0.052478 0.048435 0.114713 69 62 35 -0.191516 -0.979998 0.054086
0.052732 0.046211 0.107670 55 55 24 0.896650 0.170276 -0.408686
0.046088 0.044495 0.110199 47 48 26 0.494620 -0.864520 -0.089196
0.051363 0.048394 0.111188 66 63 30 -0.208777 -0.965778 0.153901
0.054920 0.042821 0.115144 41 44 21 0.936288 -0.293021 -0.193655
0.052617 0.041797 0.108338 59 54 21 0.927503 -0.185545 -0.324517
0.054799 0.043542 0.113721 43 45 21 0.953145 -0.200768 -0.226288
0.052659 0.041102 0.108932 51 50 22 0.905399 -0.299229 -0.301189
0.051238 0.048461 0.111295 69 62 37 -0.141808 -0.979981 0.139742
0.054273 0.047848 0.115603 60 61 28 0.598065 0.787492 -0.148911
0.054447 0.043488 0.112644 48 47 18 0.932791 -0.235653 -0.272706
0.052686 0.046569 0.107763 53 55 26 0.887528 0.224456 -0.402385
0.051763 0.047135 0.106220 59 59 28 0.805443 0.429642 -0.408251
0.050976 0.047895 0.116776 63 58 34 0.682271 -0.701278 -0.206677
0.053558 0.044562 0.109496 48 49 24 0.935940 -0.009729 -0.352026
0.046317 0.044923 0.115262 27 37 18 -0.251780 -0.964051 0.084929
0.050870 0.048433 0.110534 65 62 33 -0.142428 -0.988620 0.048425
0.044735 0.045589 0.114397 33 42 21 -0.471229 -0.868681 0.152762
0.047317 0.046741 0.109669 56 57 28 0.851678 -0.399769 -0.338866
0.047082 0.047920 0.107382 68 65 34 0.674607 -0.729647 -0.111898
0.054641 0.045789 0.112998 52 53 20 0.965965 0.104680 -0.236545
0.046776 0.044800 0.113444 36 39 25 0.071466 -0.995523 0.061865
0.045267 0.045325 0.114573 28 37 22 -0.459469 -0.869115 0.183106
0.048744 0.045510 0.116677 51 51 24 0.586596 -0.801447 -0.116567
0.052875 0.042764 0.108471 59 53 24 0.907332 -0.223429 -0.356129
0.052548 0.040635 0.109157 49 48 18 0.886006 -0.376570 -0.270533
0.052761 0.043906 0.107678 54 50 26 0.917573 -0.164470 -0.361953
0.051251 0.048423 0.114453 64 60 27 0.137247 -0.985696 -0.097805
0.045857 0.044649 0.112445 32 38 21 -0.144375 -0.968728 0.201795
0.054257 0.044773 0.111295 54 51 21 0.951297 -0.003857 -0.308251
0.052686 0.042624 0.108129 59 54 22 0.912581 -0.204400 -0.354143
0.047909 0.047504 0.110064 63 62 33 0.732229 -0.626763 -0.266474
0.054314 0.042652 0.112949 48 45 20 0.915674 -0.313753 -0.251196
0.054650 0.044921 0.112570 52 50 22 0.966795 0.017044 -0.254985
0.053373 0.046790 0.109635 57 57 26 0.888549 0.393785 -0.235401
0.049383 0.046674 0.115009 49 49 30 0.794476 -0.555225 -0.246036
0.044979 0.045116 0.112755 31 35 16 -0.444338 -0.862481 0.242261
0.054632 0.046279 0.113195 56 54 20 0.954562 0.196746 -0.223835
0.052764 0.041613 0.108866 48 52 21 0.919754 -0.220807 -0.324496
0.050809 0.048261 0.115046 66 62 33 0.426387 -0.875385 -0.227806
0.055148 0.044834 0.114686 49 48 24 0.974541 0.026593 -0.222626
0.052851 0.046825 0.108244 52 55 29 0.863616 0.365132 -0.347630
0.055073 0.045273 0.114403 51 50 24 0.967098 0.073749 -0.243478
0.046246 0.044816 0.113334 28 40 20 -0.067571 -0.994527 0.079685
0.051632 0.048256 0.110732 60 61 33 -0.257185 -0.958604 0.122203
0.053719 0.043835 0.109927 43 47 23 0.923865 -0.180221 -0.337631
0.043866 0.045749 0.113105 39 44 25 -0.380234 -0.907638 0.177808
0.050185 0.048421 0.108468 59 61 28 -0.153034 -0.987861 0.026671
0.049672 0.047597 0.114139 59 61 37 0.804246 -0.521399 -0.285188
0.053355 0.047438 0.111693 56 56 31 -0.673959 -0.706141 0.217127
0.054832 0.042467 0.115350 46 45 22 0.931253 -0.306291 -0.197365
0.054023 0.041799 0.113121 56 51 23 0.917561 -0.320649 -0.235087
0.054975 0.046565 0.114848 46 46 23 0.935381 0.286229 -0.207691
0.045855 0.044526 0.109133 43 47 28 0.576214 -0.813390 -0.079830
0.049115 0.047968 0.112109 67 63 36 0.664333 -0.699464 -0.263459
0.049260 0.047237 0.113617 53 55 31 0.827428 -0.465861 -0.313588
0.045204 0.044134 0.109593 38 38 20 0.039074 -0.996112 0.078957
0.049199 0.046903 0.113897 49 54 31 0.825239 -0.488538 -0.283393
0.053175 0.045488 0.108359 52 52 23 0.911843 0.021428 -0.409979
0.054137 0.047014 0.112566 55 55 30 0.815594 0.510656 -0.272097
0.054374 0.043973 0.111942 47 47 25 0.941495 -0.148802 -0.302399
0.052942 0.041647 0.109351 50 49 21 0.912683 -0.243592 -0.328135
0.052898 0.039846 0.111921 36 43 19 0.879141 -0.421797 -0.221807
0.047326 0.044905 0.114874 35 40 24 0.205565 -0.978471 -0.018369
0.053653 0.045895 0.109937 58 56 25 0.944020 0.177897 -0.277810
0.049169 0.046303 0.115137 46 46 30 0.762557 -0.611470 -0.211215
0.054514 0.044621 0.112217 51 50 24 0.957863 -0.023054 -0.286297
0.047462 0.047375 0.109209 66 62 39 0.775318 -0.520745 -0.357361
0.050581 0.048433 0.110014 66 63 31 -0.120069 -0.990939 0.060194
0.047828 0.045585 0.112318 55 52 29 0.793471 -0.549959 -0.260671
0.053964 0.048003 0.115418 61 59 31 0.496841 0.855685 -0.144748
0.049041 0.047998 0.111665 71 64 38 0.628692 -0.725721 -0.279421
0.048953 0.048467 0.106704 68 64 35 -0.064467 0.997847 0.012084
0.047711 0.045042 0.114941 40 45 26 0.471842 -0.879622 -0.060252
0.054960 0.045685 0.114254 49 52 23 0.963438 0.120448 -0.239331
0.045832 0.044455 0.109541 43 47 26 0.495766 -0.865104 -0.076229
0.052833 0.039889 0.111295 46 45 21 0.873535 -0.417668 -0.249981
0.052213 0.042753 0.106455 57 50 24 0.962674 -0.114200 -0.245391
0.053806 0.044745 0.109962 52 52 25 0.939470 -0.002751 -0.342619
0.054887 0.042945 0.114954 42 44 18 0.942012 -0.270927 -0.198022
0.047519 0.044959 0.115593 37 41 27 0.266804 -0.963749 0.001750
0.054201 0.044172 0.111392 46 50 21 0.950479 -0.117369 -0.287774
0.049056 0.047580 0.112569 59 57 34 0.805166 -0.510747 -0.301406
0.043874 0.045136 0.110615 33 37 20 -0.512172 -0.814015 0.273972
0.053514 0.041779 0.111127 55 52 20 0.920570 -0.290736 -0.260812
0.052820 0.048400 0.115774 61 57 31 -0.150145 -0.987769 0.042053
0.053575 0.043493 0.110000 48 47 22 0.915258 -0.223653 -0.335084
0.054603 0.045358 0.112646 50 53 21 0.968315 0.073048 -0.238809
0.047592 0.045504 0.111800 52 52 29 0.800460 -0.518203 -0.301214
0.053606 0.042046 0.111207 55 50 21 0.918125 -0.294828 -0.264807
0.044953 0.044468 0.110629 30 36 22 -0.340627 -0.915687 0.213283
0.049266 0.048387 0.109875 63 63 36 0.231399 -0.972362 -0.031093
0.046135 0.044753 0.109353 50 47 26 0.670586 -0.731226 -0.124990
0.052751 0.048361 0.114429 61 56 32 -0.279769 -0.956828 0.078806
0.051100 0.048047 0.107211 53 60 27 -0.450842 -0.881391 0.141035
0.046947 0.045027 0.116516 31 39 20 0.136418 0.989809 -0.040850
0.054101 0.042468 0.112434 41 47 19 0.919355 -0.316177 -0.234131
0.043808 0.045961 0.114091 41 44 26 0.386655 0.910140 -0.148808
0.047752 0.044904 0.116775 34 41 22 -0.223453 0.973335 0.051835
0.049462 0.048502 0.106421 60 59 29 0.102581 0.992556 -0.065648
0.048935 0.048358 0.109006 68 63 36 0.219558 -0.973833 -0.058690
0.049867 0.046764 0.116166 60 58 34 0.755093 -0.603808 -0.255441
0.048557 0.045888 0.114109 52 53 30 0.742962 -0.650178 -0.158986
0.046640 0.044728 0.111834 38 45 23 0.370668 -0.927923 -0.039548
0.051975 0.046306 0.106186 57 54 29 0.870364 0.241107 -0.429341
0.054113 0.044103 0.111247 45 48 21 0.945608 -0.120819 -0.302039
0.044101 0.045336 0.111696 37 39 19 -0.511708 -0.823240 0.245826
0.051917 0.048426 0.115852 61 57 31 0.124802 -0.991754 -0.029123
0.048923 0.045593 0.116729 57 51 25 0.605679 -0.785807 -0.125140
0.048884 0.046091 0.114723 40 48 32 0.748243 -0.635032 -0.192006
0.046311 0.044771 0.113095 34 38 25 -0.055491 -0.990160 0.128471
0.049060 0.045749 0.116708 60 53 28 0.627329 -0.761206 -0.164389
0.047835 0.045094 0.115259 44 48 22 0.496486 -0.865766 -0.062861
0.048178 0.047869 0.109925 68 63 30 0.623680 -0.738060 -0.257469
0.053928 0.041876 0.112512 46 47 16 0.923232 -0.309471 -0.227751
0.051428 0.047309 0.105767 62 59 34 0.737026 0.536167 -0.411481
0.055155 0.045434 0.114890 49 51 23 0.971797 0.082816 -0.220797
0.045924 0.044546 0.109303 45 47 26 0.556986 -0.827419 -0.071717
0.044421 0.044930 0.111192 31 35 20 -0.515930 -0.817575 0.255709
0.052048 0.048230 0.111536 62 60 35 -0.343083 -0.925451 0.160735
0.053528 0.046799 0.110271 58 56 23 0.893442 0.378646 -0.241637
0.046490 0.044793 0.113012 37 39 22 0.005300 -0.994495 0.104654
0.051988 0.045397 0.105713 48 51 21 0.910132 0.161876 -0.381387
0.052915 0.041831 0.109243 51 49 24 0.912775 -0.231809 -0.336312
0.053853 0.048151 0.115883 59 57 31 0.419807 0.904602 -0.073869
0.052301 0.042934 0.106676 57 51 22 0.953716 -0.130728 -0.270805
0.046423 0.044808 0.113628 32 37 20 -0.027891 -0.997675 0.062182
0.049599 0.048529 0.107265 64 60 34 -0.038798 -0.999005 -0.021978
0.046544 0.044854 0.114120 30 39 20 -0.027578 -0.992771 0.116809
0.054348 0.046464 0.112347 54 52 29 0.884695 0.351947 -0.305693
0.045057 0.045516 0.114954 36 39 20 -0.472802 -0.864448 0.170845
0.052928 0.046679 0.108418 54 56 24 0.871431 0.317475 -0.373923
0.053199 0.048132 0.113869 61 58 33 -0.429665 -0.895466 0.116314
0.053050 0.041992 0.109377 53 48 21 0.916843 -0.222893 -0.331237
0.049167 0.048418 0.107565 64 64 35 0.098950 -0.993378 -0.058383
0.051847 0.045786 0.105638 53 54 23 0.884902 0.210390 -0.415554
0.043779 0.045439 0.111425 37 44 22 -0.515167 -0.821446 0.244601
0.053852 0.045774 0.110356 56 55 25 0.940092 0.178179 -0.290654
0.047371 0.044929 0.114740 37 43 19 0.192287 -0.980368 -0.043630
0.052232 0.043099 0.106404 55 55 28 0.958029 -0.081000 -0.274990
0.050517 0.048269 0.106894 53 56 30 -0.359274 -0.925155 0.122515
0.049950 0.047433 0.115060 57 54 33 0.764181 -0.554679 -0.329179
0.052510 0.043429 0.107048 57 55 24 0.928629 -0.171858 -0.328805
0.048608 0.045332 0.117367 45 44 28 -0.548318 0.831039 0.093388
0.052254 0.042516 0.106712 55 52 21 0.962396 -0.141425 -0.231934
0.054683 0.042368 0.114766 47 45 24 0.920083 -0.336712 -0.200182
0.052500 0.041448 0.108218 55 52 25 0.924460 -0.218561 -0.312419
0.043869 0.044929 0.110102 28 39 20 -0.483214 -0.828555 0.282843
0.049935 0.048422 0.108960 65 64 33 -0.087899 -0.995248 0.041903
0.054332 0.047201 0.113499 57 55 30 0.797203 0.570446 -0.197633
0.048180 0.045511 0.113839 50 51 26 0.718276 -0.684859 -0.122669
0.045456 0.044325 0.110658 37 39 20 -0.040223 -0.986422 0.159230
0.043885 0.045467 0.111810 41 41 24 -0.495641 -0.837485 0.230127
0.052376 0.048170 0.111707 57 60 30 -0.394150 -0.907640 0.144344
0.052720 0.045936 0.107524 58 54 25 0.897699 0.160021 -0.410524
0.046448 0.044791 0.113867 32 37 22 -0.026974 -0.997010 0.072409
0.045449 0.044243 0.110133 36 42 22 0.059860 -0.992875 0.103039
0.047163 0.047169 0.108876 63 57 29 0.844062 -0.424607 -0.327518
0.048007 0.047787 0.109671 70 62 33 0.630490 -0.721853 -0.285325
0.048944 0.048174 0.110857 84 76 44 0.446525 -0.877588 -0.174515
0.048533 0.045510 0.115568 55 51 20 0.624500 -0.768753 -0.137907
0.053580 0.046753 0.110603 58 57 28 0.883980 0.398126 -0.245101
0.053472 0.044650 0.109317 49 51 21 0.934064 0.000163 -0.357105
0.052426 0.042678 0.107431 60 54 24 0.938119 -0.185464 -0.292465
0.053125 0.040163 0.111919 42 45 15 0.884207 -0.409645 -0.224431
0.044666 0.044219 0.108838 34 37 22 -0.126084 -0.988305 0.085771
0.045030 0.044309 0.110151 30 37 18 -0.267184 -0.948990 0.167423
0.051376 0.048310 0.110542 60 59 34 -0.229178 -0.969741 0.084146
0.048591 0.045736 0.114954 43 48 30 0.686447 -0.707923 -0.166241
0.049535 0.048481 0.108150 69 65 36 0.010029 -0.999507 -0.029754
0.052575 0.045757 0.107158 52 53 25 0.901537 0.140577 -0.409230
0.048250 0.046504 0.112134 50 50 27 0.837602 -0.424140 -0.344280
0.048028 0.047740 0.109834 68 62 34 0.627388 -0.730338 -0.270168
0.045026 0.045446 0.114570 28 39 20 -0.486002 -0.857405 0.169288
0.052255 0.039661 0.110042 44 43 23 0.883839 -0.394384 -0.251575
0.050878 0.048345 0.109545 60 59 32 -0.172652 -0.980608 0.092733
0.051889 0.044997 0.105355 48 49 21 0.915158 0.097419 -0.391145
0.048181 0.046515 0.111927 54 53 32 0.833892 -0.406096 -0.373778
0.052058 0.041756 0.106381 59 53 20 0.959854 -0.166028 -0.226085
0.047832 0.045089 0.115474 47 47 24 0.450890 -0.891922 -0.034271
0.046952 0.046250 0.109257 47 51 28 0.873582 -0.358735 -0.328882
0.054033 0.046153 0.111327 53 52 26 0.903210 0.248157 -0.350186
0.053242 0.045340 0.108618 51 52 22 0.918783 0.020351 -0.394237
0.052437 0.047447 0.108181 64 62 28 0.692319 0.658784 -0.294446
0.054804 0.046946 0.115493 47 48 29 0.903591 0.405602 -0.137880
0.053649 0.048097 0.115073 60 59 28 -0.388094 -0.911070 0.139046
0.053038 0.047186 0.109165 61 60 25 0.780916 0.573961 -0.246453
0.052758 0.043040 0.108087 57 52 22 0.904960 -0.222575 -0.362641
0.046989 0.044789 0.112587 45 46 23 0.315171 -0.949029 -0.003467
0.046591 0.045052 0.116089 34 39 20 0.210433 0.965520 -0.153260
0.043897 0.045641 0.112522 43 45 21 -0.447136 -0.870488 0.205720
0.044440 0.045702 0.113981 36 40 20 -0.428805 -0.892347 0.140867
0.048844 0.045985 0.114999 42 49 24 0.721021 -0.663682 -0.199135
0.052372 0.045030 0.106566 55 50 26 0.914164 0.079515 -0.397469
0.044122 0.045106 0.111167 29 38 21 -0.525350 -0.810782 0.258147
0.051691 0.047714 0.107290 59 57 31 -0.539619 -0.805661 0.244382
0.051373 0.048348 0.111007 61 62 35 -0.224647 -0.962926 0.149358
0.053263 0.047267 0.110400 62 59 32 0.741458 0.646795 -0.178592
0.053712 0.041221 0.112542 52 50 21 0.920178 -0.320610 -0.224680
0.052935 0.040732 0.110262 45 49 19 0.884597 -0.381381 -0.268395
0.046979 0.047077 0.108304 59 58 32 0.863098 -0.397438 -0.311617
0.044295 0.045702 0.113451 37 40 23 -0.410805 -0.895506 0.171200
0.053508 0.040846 0.112295 48 48 23 0.908255 -0.352823 -0.224921
0.052047 0.047741 0.108368 58 58 28 -0.506144 -0.843585 0.179396
0.045651 0.044930 0.113355 31 36 15 -0.274560 -0.951491 0.138855
0.045403 0.045161 0.114270 29 36 18 -0.441984 -0.880127 0.173280
0.052959 0.040288 0.111090 46 48 22 0.879274 -0.406955 -0.247517
0.053044 0.039945 0.112082 42 41 15 0.882612 -0.415810 -0.219314
0.050999 0.048555 0.113401 70 70 37 0.072977 -0.989460 -0.125073
0.043676 0.045753 0.112888 41 44 24 -0.383364 -0.902861 0.194611
0.044044 0.044699 0.109853 28 37 19 -0.455038 -0.847994 0.271748
0.053700 0.044546 0.109702 47 50 24 0.941457 -0.018600 -0.336619
0.047240 0.045604 0.110738 45 47 29 0.816682 -0.471796 -0.332324
0.052480 0.040461 0.109271 48 45 20 0.878261 -0.398740 -0.263941
0.044643 0.044679 0.110788 28 35 22 -0.477452 -0.843707 0.245354
0.053095 0.040434 0.111368 50 45 24 0.883277 -0.402948 -0.239696
0.047335 0.045645 0.110968 47 48 29 0.828485 -0.452753 -0.329587
0.045868 0.045130 0.115228 28 35 19 0.343044 0.933734 -0.102280
0.047241 0.047402 0.108811 63 61 38 0.791428 -0.516995 -0.326125
0.052172 0.048471 0.114588 69 65 33 -0.076029 -0.997067 -0.008810
0.052292 0.041067 0.107922 48 48 18 0.922786 -0.263342 -0.281276
0.052915 0.039885 0.111650 43 43 19 0.879204 -0.419999 -0.224946
0.047262 0.044999 0.112149 55 52 28 0.584219 -0.794319 -0.166570
0.049309 0.045897 0.116900 63 56 26 0.652098 -0.739380 -0.167588
0.054865 0.043773 0.113895 46 48 19 0.962922 -0.136457 -0.232723
0.053984 0.047597 0.113552 63 60 28 -0.617367 -0.769822 0.161960
0.053206 0.048154 0.114224 59 59 30 -0.407819 -0.905866 0.114414
0.047795 0.047934 0.108827 63 61 30 0.546181 -0.802874 -0.238912
0.054338 0.042222 0.113712 48 48 21 0.906748 -0.338226 -0.251815
0.047463 0.046922 0.109866 57 59 29 0.849424 -0.421703 -0.317247
0.047561 0.044972 0.114797 40 43 28 0.369156 -0.926558 -0.072206
0.049695 0.047335 0.114700 56 57 33 0.804684 -0.519663 -0.287113
0.052903 0.041103 0.109679 49 49 20 0.900927 -0.319952 -0.293191
0.054834 0.043622 0.113920 45 47 18 0.954776 -0.198183 -0.221643
0.052228 0.047380 0.107366 59 62 29 0.737688 0.597230 -0.314853
0.046777 0.044867 0.115256 33 36 20 -0.080662 -0.996556 0.019207
0.045472 0.044912 0.113002 28 37 19 -0.320455 -0.930837 0.175644
0.054937 0.043517 0.114550 47 49 19 0.953606 -0.208276 -0.217387
0.048330 0.046097 0.112847 43 48 28 0.814284 -0.497164 -0.299616
0.046492 0.044665 0.112426 37 40 25 0.123683 -0.988801 0.083518
0.054827 0.046229 0.113950 50 51 23 0.965326 0.179274 -0.189754
0.054669 0.047336 0.115251 55 52 27 0.783639 0.594894 -0.178919
0.054170 0.046418 0.111769 51 55 23 0.873044 0.329179 -0.359771
0.049653 0.046605 0.115936 54 52 30 0.748913 -0.611169 -0.256127
0.051265 0.047481 0.106066 62 58 31 -0.645901 -0.653769 0.394205
0.054077 0.044016 0.111053 44 44 23 0.942945 -0.128384 -0.307202
0.049544 0.048318 0.112093 80 71 40 0.498394 -0.856637 -0.133330
0.048200 0.048379 0.106951 70 64 38 -0.194213 0.976951 0.088583
0.050020 0.047810 0.114778 63 61 32 0.701685 -0.636441 -0.320282
0.050191 0.048495 0.110388 71 65 36 -0.006672 -0.999746 0.021542
0.046972 0.044795 0.113051 41 43 21 0.181782 -0.982478 0.041137
0.053406 0.041641 0.110875 55 52 22 0.926870 -0.278537 -0.251653
0.052420 0.046869 0.107275 55 57 30 0.841619 0.321373 -0.434046
0.049592 0.047107 0.114787 57 52 36 0.803303 -0.523755 -0.283522
0.052820 0.048363 0.114591 64 59 30 -0.276735 -0.957992 0.075293
0.048172 0.048346 0.107291 63 61 31 -0.212224 0.972072 0.100186
0.052108 0.047990 0.109894 61 60 26 -0.442483 -0.884542 0.147632
0.050109 0.046698 0.117047 53 53 28 0.754612 -0.617403 -0.222205
0.051464 0.048438 0.114674 64 61 32 0.136203 -0.987289 -0.081905
0.054784 0.046977 0.114925 51 51 26 0.880839 0.434820 -0.187227
0.045249 0.045184 0.113924 31 34 22 -0.478710 -0.865967 0.144702
0.053070 0.045795 0.108218 54 53 27 0.902580 0.107051 -0.417000
0.052946 0.041403 0.109537 54 51 21 0.911885 -0.269795 -0.309317
0.050752 0.048179 0.115338 66 62 35 0.515034 -0.811964 -0.274690
0.046582 0.044774 0.113526 33 40 20 -0.017732 -0.997343 0.070658
0.052868 0.044653 0.107644 44 48 24 0.927291 -0.003772 -0.374322
0.046162 0.044749 0.109125 52 53 25 0.689033 -0.709571 -0.147455
0.052567 0.041909 0.108155 61 56 22 0.928973 -0.178296 -0.324377
0.053522 0.043138 0.110006 51 49 18 0.912442 -0.235055 -0.334961
0.051495 0.048172 0.109284 31 37 23 0.349157 0.929076 -0.122098
0.052029 0.043369 0.105651 57 58 26 0.958989 -0.047638 -0.279413
0.045432 0.044554 0.111709 31 36 20 -0.203457 -0.944497 0.257934
0.048263 0.046723 0.111880 56 54 30 0.823305 -0.401200 -0.401507
0.044980 0.044743 0.111640 30 36 17 -0.415875 -0.868204 0.270682
0.046270 0.045951 0.107608 46 48 32 0.891306 -0.321836 -0.319367
0.052076 0.042013 0.106237 59 53 23 0.961975 -0.154211 -0.225441
0.043815 0.045814 0.113310 39 45 23 -0.362576 -0.915891 0.172288
0.047574 0.048185 0.107143 63 61 33 -0.386644 0.913558 0.126169
0.047954 0.047904 0.109240 64 63 28 0.545552 -0.801447 -0.245062
0.047060 0.046802 0.108931 55 54 32 0.869721 -0.363973 -0.333332
0.047844 0.045216 0.113644 56 53 25 0.593336 -0.802944 -0.056857
0.044552 0.045070 0.111841 29 37 21 -0.500258 -0.822305 0.271214
0.052843 0.040431 0.110537 46 45 22 0.864300 -0.426251 -0.267014
0.053186 0.041392 0.110271 53 52 20 0.919462 -0.288054 -0.267610
0.052084 0.045404 0.105958 48 53 21 0.909595 0.157161 -0.384627
0.047068 0.045372 0.110666 48 49 28 0.785508 -0.526313 -0.325533
0.047186 0.044913 0.114639 37 39 20 0.089897 -0.995848 -0.014342
0.044045 0.045122 0.111059 34 37 19 -0.523308 -0.810481 0.263190
0.053670 0.046709 0.110825 55 55 30 0.881993 0.387764 -0.267820
0.048575 0.048276 0.108827 68 63 33 0.320492 -0.942150 -0.098175
0.052896 0.043064 0.108326 56 54 24 0.899318 -0.228971 -0.372558
0.048723 0.048374 0.108199 63 60 32 0.207350 -0.975752 -0.070105
0.052079 0.047787 0.108722 57 57 32 -0.490012 -0.855247 0.168641
0.046186 0.044566 0.111457 39 41 25 0.230299 -0.970779 0.067461
0.052999 0.046478 0.108361 54 54 22 0.882364 0.255074 -0.395437
0.045904 0.044722 0.112690 33 40 21 -0.140235 -0.967852 0.208798
0.052664 0.046870 0.107891 58 57 23 0.864765 0.337762 -0.371617
0.046315 0.044656 0.110263 45 43 27 0.643844 -0.752279 -0.139789
0.050262 0.046894 0.117097 48 52 30 0.750832 -0.622417 -0.221019
0.049823 0.048434 0.110889 70 66 32 0.149010 -0.988035 -0.039795
0.051016 0.048291 0.115233 67 61 31 0.387619 -0.898416 -0.206398
0.043694 0.045941 0.113726 38 43 22 -0.355258 -0.920016 0.165415
0.054917 0.045921 0.114305 49 52 23 0.962189 0.147355 -0.229083
0.049168 0.047347 0.113205 55 53 33 0.831269 -0.454479 -0.320064
0.052856 0.047485 0.109705 66 59 28 -0.648452 -0.743937 0.161458
0.052324 0.046698 0.107059 57 57 26 0.848966 0.290058 -0.441728
0.051144 0.048098 0.107700 55 57 28 0.404836 0.910726 -0.081767
0.053933 0.045243 0.110584 51 51 24 0.944713 0.099346 -0.312485
0.052079 0.039519 0.109532 42 45 20 0.889499 -0.393417 -0.232410
0.046118 0.044820 0.113185 34 37 21 -0.090840 -0.988605 0.120033
0.054558 0.045618 0.112369 51 51 25 0.955188 0.125803 -0.267935
0.050435 0.048458 0.109862 64 62 35 -0.090417 -0.993770 0.065163
0.051632 0.048050 0.108675 58 59 33 -0.399160 -0.902321 0.162754
0.048891 0.048378 0.107693 64 61 32 0.176954 -0.981771 -0.069383
0.051964 0.038669 0.110252 42 45 17 0.888463 -0.376135 -0.262974
0.050903 0.048037 0.106674 55 55 25 -0.477283 -0.848198 0.229698
0.051906 0.048402 0.112039 67 66 36 -0.318386 -0.939335 0.127595
0.048602 0.045903 0.114403 46 51 27 0.735473 -0.660713 -0.150125
0.051677 0.048147 0.109538 61 59 30 -0.369438 -0.920877 0.124503
0.053710 0.047855 0.113930 61 60 32 -0.546161 -0.823971 0.150929
0.053801 0.045637 0.110134 53 54 27 0.945479 0.138887 -0.294585
0.051271 0.048172 0.116747 64 60 34 0.558344 -0.811549 -0.172163
0.047580 0.047861 0.108654 67 63 36 0.634357 -0.722893 -0.273893
0.048997 0.048417 0.108394 64 61 33 0.169367 -0.983760 -0.059427
0.052174 0.048111 0.110748 62 58 26 -0.357660 -0.924615 0.131019
0.045354 0.044643 0.111898 28 35 19 -0.254150 -0.933090 0.254462
0.055229 0.044758 0.115395 50 50 27 0.984298 0.014805 -0.175893
0.045988 0.044833 0.113051 35 38 19 -0.117513 -0.980996 0.154395
0.053706 0.043630 0.110098 44 47 22 0.918961 -0.209398 -0.334159
0.054215 0.043359 0.111824 41 42 23 0.940248 -0.208849 -0.268914
0.051422 0.048254 0.116980 70 62 37 -0.512228 0.844598 0.155806
0.046435 0.044643 0.111272 38 42 26 0.406730 -0.913389 -0.017094
0.052372 0.040309 0.109096 47 47 21 0.877353 -0.406290 -0.255303
0.047043 0.044814 0.112753 47 46 26 0.304823 -0.952303 -0.014237
0.053953 0.041491 0.113130 55 52 21 0.918406 -0.323683 -0.227508
0.051641 0.048463 0.111691 72 70 39 -0.238767 -0.960222 0.144790
0.051218 0.048228 0.108895 57 60 35 -0.272492 -0.954814 0.118652
0.055101 0.044121 0.114641 47 46 23 0.967281 -0.098461 -0.233821
0.053803 0.041943 0.111984 47 48 22 0.919033 -0.308304 -0.245614
0.053432 0.046181 0.109243 56 57 25 0.944825 0.186434 -0.269348
0.050413 0.048307 0.114113 72 64 35 0.412884 -0.886269 -0.209891
0.053714 0.042597 0.110897 50 48 25 0.908805 -0.288420 -0.301476
0.046104 0.044888 0.108243 63 59 35 0.795520 -0.555388 -0.242264
0.045703 0.044328 0.109799 36 44 24 0.378207 -0.925624 -0.013368
0.052678 0.040184 0.110454 43 47 18 0.854012 -0.441454 -0.275284
0.044987 0.044170 0.109004 34 38 19 -0.023404 0.999527 0.019954
0.047533 0.044943 0.115297 40 42 24 0.256691 -0.966447 0.009518
0.046299 0.045072 0.115753 30 37 22 -0.272268 -0.951931 0.140346
0.048434 0.048036 0.109935 72 66 31 0.509878 -0.836389 -0.201190
0.049169 0.048407 0.109258 67 64 36 0.165826 -0.985359 -0.039622
0.043823 0.044860 0.109902 30 37 23 -0.475804 -0.832470 0.283910
0.053498 0.047610 0.112414 62 60 29 -0.620255 -0.749465 0.231488
0.054925 0.046055 0.114547 49 49 20 0.957447 0.171618 -0.232039
0.048369 0.045304 0.116233 52 47 30 0.536709 -0.833416 -0.131760
0.054773 0.043684 0.113458 45 47 21 0.957548 -0.174936 -0.229127
0.050033 0.048378 0.112590 70 65 35 0.350099 -0.930060 -0.111443
0.043852 0.045213 0.110882 32 38 24 -0.514129 -0.814730 0.268115
0.048097 0.048270 0.107636 62 59 34 0.259378 -0.958370 -0.119373
0.055068 0.043776 0.114758 49 48 22 0.962631 -0.168927 -0.211672
0.053993 0.042913 0.111446 50 49 21 0.925310 -0.258183 -0.277746
0.045925 0.044695 0.107973 63 54 30 0.739657 -0.634312 -0.224845
0.043995 0.045618 0.112623 42 43 21 -0.435850 -0.875811 0.207338
0.055105 0.045697 0.114937 50 50 23 0.966915 0.106372 -0.231862
0.053100 0.047628 0.111278 59 59 29 -0.649484 -0.740314 0.173510
0.053124 0.048316 0.115184 56 56 27 -0.290420 -0.954448 0.068443
0.053624 0.048159 0.115419 58 58 27 -0.354306 -0.928622 0.110125
0.052517 0.041193 0.108474 51 48 23 0.914122 -0.261789 -0.309592
0.054612 0.042641 0.114085 50 47 19 0.923374 -0.303897 -0.234580
0.055126 0.045602 0.114801 50 50 25 0.962764 0.120755 -0.241877
0.054074 0.047308 0.112967 57 58 30 0.726116 0.637440 -0.257733
0.048899 0.047030 0.112947 51 54 29 0.822489 -0.471161 -0.318622
0.044084 0.044519 0.109248 31 35 18 -0.332515 -0.912645 0.237725
0.051582 0.047868 0.107806 56 56 32 -0.465582 -0.865731 0.183694
0.052257 0.043443 0.106426 61 57 22 0.945104 -0.097279 -0.311954
0.047027 0.044869 0.111945 54 50 25 0.521071 -0.845157 -0.119141
0.052254 0.048456 0.113618 66 61 30 -0.209708 -0.977228 0.032388
0.053710 0.048240 0.116170 57 57 25 0.349672 0.935391 -0.052653
0.047290 0.044945 0.116739 29 40 22 -0.011318 0.999910 -0.007195
0.048304 0.047290 0.111519 64 62 37 0.778220 -0.443112 -0.445001
0.045315 0.044540 0.111537 30 35 23 -0.242012 -0.939725 0.241550
0.046694 0.044863 0.114288 37 36 22 -0.017603 -0.992087 0.124310
0.048569 0.048373 0.107691 63 58 33 0.184005 -0.979489 -0.082113
0.053054 0.047744 0.111553 63 60 32 -0.614088 -0.764454 0.196230
0.053851 0.044204 0.110250 43 47 23 0.933843 -0.114575 -0.338835
0.047583 0.045013 0.114159 43 46 24 0.389715 -0.919750 -0.046718
0.044062 0.044796 0.110097 29 37 22 -0.472851 -0.833739 0.285116
0.048894 0.047415 0.112288 56 55 33 0.785023 -0.509748 -0.351988
0.049280 0.048199 0.111890 74 70 41 0.555603 -0.808579 -0.193664
0.049216 0.046118 0.115939 50 49 25 0.710908 -0.670225 -0.213089
0.054335 0.046083 0.111952 52 52 27 0.911798 0.225893 -0.342925
0.052813 0.042056 0.108774 55 52 23 0.916820 -0.209006 -0.340232
0.054125 0.043350 0.111497 42 47 22 0.939387 -0.204683 -0.275057
0.048401 0.045681 0.114278 50 51 28 0.713284 -0.687152 -0.138016
0.052360 0.042896 0.106976 55 53 21 0.948814 -0.150575 -0.277631
0.053467 0.040705 0.112306 48 49 21 0.905290 -0.360661 -0.224441
0.054458 0.044254 0.112074 47 49 23 0.944792 -0.117799 -0.305763
0.047308 0.047873 0.107943 67 60 35 0.607548 -0.756065 -0.243414
0.049279 0.048436 0.108585 68 65 31 0.093003 -0.994116 -0.055536
0.045667 0.044348 0.109566 47 48 23 0.460785 -0.883917 -0.079793
0.049233 0.048298 0.111017 78 73 38 0.385601 -0.915155 -0.117487
0.050337 0.047656 0.115483 57 57 31 0.701057 -0.629068 -0.335846
0.054899 0.045327 0.113869 48 51 24 0.968246 0.066731 -0.240928
0.048866 0.047171 0.112605 52 57 33 0.821630 -0.469628 -0.323070
0.052431 0.039199 0.110989 42 41 24 0.880796 -0.382547 -0.279028
0.050657 0.048295 0.107798 62 58 31 -0.308339 -0.950963 0.024408
0.051082 0.048629 0.112486 81 78 37 -0.044266 -0.997855 0.048237
0.048722 0.047871 0.111402 68 63 37 0.663424 -0.690921 -0.287223
0.050116 0.048049 0.114427 71 67 36 0.578572 -0.762106 -0.290601
0.046668 0.044802 0.113717 37 37 23 -0.004602 -0.997549 0.069825
0.052567 0.047656 0.109446 58 59 28 -0.571787 -0.804813 0.159170
0.045414 0.044271 0.110489 33 38 28 -0.033982 -0.988664 0.146252
0.047308 0.046645 0.109755 56 54 30 0.863566 -0.386326 -0.324047
0.048464 0.045634 0.114825 46 48 26 0.684270 -0.712905 -0.153433
0.053254 0.047884 0.112958 61 60 29 -0.521162 -0.833495 0.183510
0.049315 0.046956 0.114106 53 53 31 0.824302 -0.498700 -0.268001
0.048500 0.047691 0.111305 64 61 33 0.687816 -0.650089 -0.322945
0.054304 0.045855 0.111772 55 54 23 0.912735 0.193416 -0.359869
0.050791 0.047689 0.116567 58 55 29 0.731955 -0.646907 -0.213902
0.050973 0.048520 0.111475 72 69 38 -0.064361 -0.991690 0.111391
0.049849 0.048439 0.109106 66 64 35 -0.047375 -0.998676 0.020030
0.044556 0.045112 0.112014 30 36 21 -0.499702 -0.825357 0.262838
0.046233 0.044600 0.111970 36 39 25 0.200822 -0.975758 0.086989
0.045504 0.044351 0.108799 41 46 21 0.406256 -0.910444 -0.077768
0.049503 0.048420 0.110108 69 66 36 0.187286 -0.980977 -0.051073
0.052565 0.039605 0.110897 41 44 20 0.862356 -0.411715 -0.294673
0.047227 0.046868 0.109203 59 57 29 0.853487 -0.384808 -0.351401
0.049303 0.047122 0.113843 54 53 33 0.823003 -0.482439 -0.299864
0.046499 0.045642 0.108583 46 51 29 0.893350 -0.340116 -0.293677
0.046384 0.044835 0.109876 47 48 26 0.712450 -0.680366 -0.171805
0.045135 0.044527 0.111211 26 32 24 -0.331616 -0.911386 0.243733
0.053058 0.044018 0.108166 48 50 26 0.915623 -0.125793 -0.381851
0.043944 0.044410 0.108687 31 34 17 0.196179 0.955926 -0.218447
0.048104 0.045395 0.114080 56 52 20 0.651565 -0.751998 -0.099814
0.052071 0.044742 0.105668 46 46 25 0.923038 0.050521 -0.381377
0.049574 0.047967 0.113407 66 63 36 0.747589 -0.588874 -0.307146
0.045912 0.044899 0.114216 31 36 21 -0.259506 -0.949769 0.174915
0.054567 0.042184 0.114530 49 47 21 0.917992 -0.342769 -0.199501
0.044561 0.045444 0.113017 32 36 22 -0.454285 -0.862857 0.221593
0.047478 0.046449 0.110390 52 53 35 0.873002 -0.365846 -0.322527
0.048383 0.045468 0.115283 52 49 26 0.612696 -0.779093 -0.132735
0.044931 0.044401 0.110316 30 34 23 -0.346420 -0.909345 0.230402
0.046415 0.045211 0.108890 55 55 31 0.856978 -0.473903 -0.202494
0.054048 0.042023 0.112878 52 48 20 0.916943 -0.319657 -0.238819
0.047550 0.046469 0.110611 56 55 31 0.869545 -0.364168 -0.333577
0.055090 0.045777 0.114767 49 51 22 0.963925 0.123065 -0.236014
0.053203 0.048233 0.114570 61 57 30 -0.374650 -0.918602 0.125727
0.049929 0.047886 0.114200 66 62 37 0.696002 -0.636694 -0.331967
0.052433 0.039542 0.110606 43 45 19 0.872348 -0.395263 -0.287708
0.050510 0.048350 0.107560 57 58 35 -0.295598 -0.954319 0.043549
0.046180 0.045023 0.115429 31 37 20 -0.270122 -0.956449 0.110631
0.046354 0.044900 0.115096 28 36 21 -0.222799 -0.972802 0.063373
0.049796 0.048347 0.112654 76 72 40 0.441042 -0.885684 -0.145068
0.050574 0.048536 0.112055 71 65 41 0.118976 -0.992411 0.031052
0.050495 0.048018 0.115312 66 59 30 0.589547 -0.755512 -0.285720
0.045693 0.044388 0.110802 37 46 20 0.110691 -0.982503 0.149782
0.046180 0.044545 0.111624 41 40 23 0.218254 -0.971341 0.094137
0.051482 0.048133 0.108890 57 60 29 -0.351830 -0.924450 0.146993
0.052485 0.045144 0.106812 50 54 22 0.910982 0.085545 -0.403476
0.052792 0.047223 0.108513 60 60 24 0.758735 0.586174 -0.284115
0.048802 0.048312 0.108812 68 63 33 0.246077 -0.966665 -0.070749
0.049129 0.047494 0.112886 52 58 32 0.818593 -0.481636 -0.312940
0.047509 0.044979 0.114318 38 45 21 0.338736 -0.937319 -0.081800
0.046524 0.045546 0.108802 52 53 24 0.885236 -0.401521 -0.234814
0.049726 0.046240 0.117107 47 47 34 0.705313 -0.684992 -0.182538
0.047075 0.046238 0.109515 49 50 31 0.863435 -0.386160 -0.324593
0.046923 0.044843 0.113679 34 43 19 0.092189 -0.994162 0.056058
0.053465 0.045718 0.109069 58 51 23 0.944105 0.073003 -0.321459
0.052146 0.048486 0.113887 69 66 38 -0.178685 -0.983499 0.028293
0.053191 0.047736 0.112102 57 60 31 -0.589571 -0.775074 0.227303
0.053717 0.044141 0.109971 43 46 25 0.932962 -0.109924 -0.342780
0.053216 0.043104 0.109253 53 51 22 0.915355 -0.233184 -0.328253
0.044250 0.045688 0.113981 39 43 25 -0.410103 -0.901057 0.141111
0.046668 0.045283 0.109852 48 52 26 0.813523 -0.529230 -0.241031
0.053207 0.040700 0.111331 47 47 20 0.901767 -0.357092 -0.243518
0.047984 0.047671 0.109963 69 62 38 0.670825 -0.685420 -0.283184
0.052892 0.045842 0.108050 55 54 23 0.900829 0.125793 -0.415552
0.053079 0.047274 0.109683 61 60 31 0.751102 0.634493 -0.182384
0.054857 0.042469 0.115469 45 45 21 0.931253 -0.306291 -0.197365
0.046776 0.044856 0.115111 30 35 18 -0.054456 -0.998455 -0.011018
0.046166 0.044998 0.114629 30 38 21 -0.202760 -0.972601 0.113739
0.047971 0.045982 0.112065 47 51 28 0.821170 -0.464708 -0.331249
0.051971 0.048488 0.113558 68 64 35 -0.158210 -0.987384 0.006472
0.047993 0.048185 0.107908 61 62 31 0.338282 -0.929082 -0.149574
0.047692 0.046606 0.110826 54 54 32 0.853985 -0.360502 -0.375165
0.045413 0.045279 0.114727 27 38 24 -0.439688 -0.880115 0.179089
0.047702 0.045639 0.111811 52 50 31 0.811151 -0.494191 -0.312744
0.049993 0.048386 0.112847 73 68 39 0.381916 -0.915035 -0.129815
0.051217 0.047369 0.105594 59 60 27 0.678177 0.578489 -0.453240
0.043975 0.045319 0.111392 35 39 23 -0.518717 -0.817691 0.249628
0.047080 0.044896 0.113851 35 41 25 0.174601 -0.983518 0.046975
0.048240 0.048234 0.108111 63 59 33 0.311550 -0.941347 -0.129623
0.052170 0.039729 0.109280 44 44 24 0.884622 -0.403739 -0.233320
0.047120 0.046037 0.109873 50 51 26 0.848531 -0.418446 -0.323879
0.048856 0.048487 0.106873 69 66 36 -0.093015 0.994557 0.046961
0.049840 0.046668 0.116333 55 56 31 0.749028 -0.614289 -0.248206
0.048601 0.046493 0.113040 49 51 26 0.818288 -0.481431 -0.314054
0.053239 0.046863 0.109284 59 57 27 0.889139 0.378747 -0.256871
0.045895 0.044376 0.110181 46 50 27 0.398286 -0.917226 -0.008047
0.052770 0.042886 0.108231 55 53 24 0.904238 -0.218957 -0.366623
0.047512 0.044956 0.115903 36 41 23 0.192490 -0.981295 -0.002942
0.052174 0.041221 0.107316 58 55 21 0.939609 -0.204248 -0.274622
0.054393 0.044793 0.111838 49 50 24 0.950360 -0.020675 -0.310464
0.054198 0.044479 0.111234 47 50 23 0.953462 -0.071146 -0.293000
0.054045 0.048084 0.115938 58 58 32 0.450295 0.886622 -0.105525
0.047089 0.045114 0.111157 55 51 27 0.671945 -0.701703 -0.236862
0.050022 0.047159 0.115741 49 51 29 0.740314 -0.606098 -0.290828
0.054026 0.044810 0.110649 51 50 21 0.943967 -0.016446 -0.329629
0.052290 0.044549 0.106255 50 49 20 0.927934 0.012335 -0.372540
0.049315 0.046651 0.114844 50 52 36 0.801755 -0.548674 -0.236950
0.050740 0.047858 0.115956 63 62 33 0.639961 -0.725498 -0.253184
0.050255 0.047003 0.116828 53 54 32 0.750544 -0.618883 -0.231663
0.048123 0.046024 0.112427 48 50 28 0.821355 -0.481172 -0.306347
0.052603 0.043471 0.107309 58 54 23 0.922993 -0.183878 -0.338043
