0.068093 0.010164 0.161937 64 58 25 0.805206 -0.581696 -0.115204
0.069868 0.009799 0.168595 90 77 34 0.657732 -0.700457 -0.277034
0.067648 0.008091 0.166088 81 71 31 0.779998 -0.594552 -0.195222
0.066864 0.005962 0.168917 87 76 34 0.744357 -0.601126 -0.290827
0.071610 0.015818 0.164045 69 58 27 0.751419 -0.565747 -0.339559
0.069268 0.013018 0.159872 58 56 23 0.955840 -0.266803 -0.123232
0.072040 0.012794 0.170405 71 63 21 0.393527 -0.827190 -0.401114
0.066298 0.006954 0.164568 77 68 30 0.748954 -0.647491 -0.140795
0.069026 0.008307 0.170221 83 74 30 0.722905 -0.616298 -0.312387
0.067866 0.008291 0.166364 80 74 32 0.803246 -0.561609 -0.198473
0.070855 0.012042 0.168747 55 48 18 0.966927 -0.188864 -0.171413
0.073193 0.015049 0.167692 73 69 29 0.553826 -0.682438 -0.477027
0.071885 0.016326 0.163729 63 60 27 0.751770 -0.561824 -0.345246
0.071437 0.013840 0.166952 62 56 24 0.701401 -0.623694 -0.345026
0.071773 0.016330 0.163515 67 59 26 0.758516 -0.557697 -0.337086
0.067463 0.009214 0.161374 78 69 32 0.863160 -0.495162 -0.098842
0.068087 0.008336 0.167234 83 74 34 0.825152 -0.521996 -0.215973
0.070228 0.009910 0.169103 91 78 34 0.725491 -0.651974 -0.220438
0.067250 0.009087 0.160399 77 71 31 0.803942 -0.583918 -0.112766
0.071539 0.013723 0.167444 59 56 19 0.665939 -0.674826 -0.318016
0.070930 0.014984 0.163718 59 55 22 0.804290 -0.531405 -0.265946
0.069739 0.008299 0.171974 87 73 25 0.720194 -0.639459 -0.269098
0.069295 0.011485 0.163415 60 52 25 0.889529 -0.405022 -0.211413
0.066782 0.006012 0.168679 84 75 32 0.744021 -0.608447 -0.276089
0.067437 0.008380 0.163881 79 71 33 0.820330 -0.543138 -0.179053
0.071152 0.014104 0.165878 60 57 24 0.774236 -0.560437 -0.294057
0.070788 0.012916 0.167218 52 50 21 0.859381 -0.446763 -0.248731
0.068369 0.008408 0.167991 85 75 28 0.838129 -0.518892 -0.168196
0.072094 0.014836 0.166503 62 56 20 0.651350 -0.664620 -0.366092
0.072660 0.013134 0.170260 71 60 27 0.488292 -0.768811 -0.412918
0.071193 0.011746 0.170494 50 50 18 0.906451 -0.325002 -0.269667
0.066891 0.008216 0.162072 76 66 28 0.809909 -0.582051 -0.072546
0.070863 0.011848 0.168882 56 48 23 0.966744 -0.197417 -0.162583
0.069550 0.013704 0.160493 61 58 22 0.939789 -0.304743 -0.154689
0.073128 0.013933 0.169482 76 66 26 0.567232 -0.741280 -0.358820
0.068562 0.008665 0.168185 84 75 29 0.779716 -0.591039 -0.206678
0.066233 0.007116 0.163059 78 68 29 0.802237 -0.579099 -0.145121
0.067610 0.009462 0.161539 76 70 29 0.875227 -0.473632 -0.098240
0.066366 0.006425 0.166603 82 71 34 0.738351 -0.650832 -0.176792
0.068870 0.010180 0.164915 67 61 29 0.749494 -0.612895 -0.250237
0.064942 0.005034 0.167968 84 73 29 0.515247 -0.826883 -0.225356
0.070285 0.009780 0.169794 90 78 27 0.746344 -0.603069 -0.281564
0.072915 0.013995 0.169114 72 63 29 0.546602 -0.739413 -0.393058
0.069716 0.012499 0.163480 60 55 26 0.908171 -0.342651 -0.240451
0.071155 0.013248 0.167572 61 57 23 0.736011 -0.632759 -0.240631
0.065781 0.005555 0.167933 83 73 29 0.513202 -0.816738 -0.263748
0.072874 0.012713 0.171461 78 67 27 0.411122 -0.819998 -0.398223
0.068220 0.010455 0.159871 72 64 24 0.827118 -0.560276 -0.044342
0.072101 0.013745 0.168490 64 57 22 0.563811 -0.746618 -0.353099
0.069522 0.012763 0.162013 56 56 24 0.923953 -0.347857 -0.159079
0.071920 0.011489 0.172926 66 59 17 0.691704 -0.606801 -0.391584
0.070434 0.012556 0.166114 57 52 23 0.930270 -0.317754 -0.183383
0.067237 0.007748 0.165370 79 69 29 0.756367 -0.634808 -0.157886
0.070299 0.012115 0.166113 59 54 25 0.928525 -0.304864 -0.211893
0.067675 0.009677 0.161136 75 66 29 0.860111 -0.507765 -0.048825
0.070740 0.015591 0.162084 69 60 23 0.829011 -0.491967 -0.265913
0.069948 0.013886 0.162151 62 55 20 0.912191 -0.352585 -0.208786
0.069068 0.011771 0.161665 61 54 27 0.905347 -0.393732 -0.159131
0.066422 0.006163 0.167438 85 73 28 0.673611 -0.675404 -0.300130
0.069471 0.008073 0.171862 88 74 30 0.724267 -0.627923 -0.284869
0.071832 0.011234 0.173082 60 54 21 0.761489 -0.525385 -0.379612
0.070008 0.009682 0.169149 92 78 30 0.693016 -0.676736 -0.248511
0.069131 0.008141 0.170728 84 75 31 0.712355 -0.627446 -0.314423
0.069856 0.013846 0.161879 63 55 25 0.921241 -0.329141 -0.207318
0.070505 0.010294 0.169022 84 74 31 0.844465 -0.500448 -0.190866
0.067727 0.009833 0.159487 74 65 27 0.802163 -0.595167 -0.048083
0.070100 0.010285 0.168099 94 81 38 0.744152 -0.591803 -0.309852
0.070147 0.009166 0.170509 88 78 28 0.685281 -0.669300 -0.287100
0.070291 0.012781 0.165224 54 54 26 0.913211 -0.329800 -0.239326
0.070253 0.014843 0.161777 61 56 25 0.873527 -0.408897 -0.264111
0.067342 0.009026 0.161230 78 69 35 0.834821 -0.536808 -0.122111
0.073331 0.016673 0.165992 68 61 26 0.748459 -0.484147 -0.453223
0.067179 0.006396 0.169121 83 73 32 0.790489 -0.555581 -0.257792
0.066272 0.005867 0.167847 84 76 27 0.609405 -0.740128 -0.284317
0.070604 0.012479 0.167151 48 51 21 0.913899 -0.318337 -0.251893
0.069354 0.009207 0.168854 74 62 28 0.649387 -0.706155 -0.282210
0.071498 0.014693 0.165607 62 58 22 0.748877 -0.576537 -0.326785
0.070838 0.012370 0.168417 44 46 21 0.950834 -0.248305 -0.185094
0.069113 0.012307 0.160566 64 59 26 0.943844 -0.309318 -0.116110
0.071662 0.013896 0.167293 55 54 27 0.666188 -0.657464 -0.352044
0.068622 0.011008 0.160809 68 57 24 0.870317 -0.486363 -0.077457
0.070219 0.013513 0.163922 59 56 23 0.888237 -0.380135 -0.257939
0.069977 0.013945 0.162252 62 56 22 0.906969 -0.364037 -0.211858
0.071506 0.013422 0.168052 61 54 20 0.633817 -0.726025 -0.266767
0.072194 0.015918 0.164985 66 60 26 0.712852 -0.582190 -0.391019
0.069140 0.007535 0.171962 88 75 33 0.733808 -0.615310 -0.287958
0.071278 0.016062 0.162749 66 55 25 0.789351 -0.537711 -0.296298
0.070682 0.014450 0.164011 65 58 25 0.850007 -0.456657 -0.262590
0.067863 0.008037 0.166893 80 74 30 0.791691 -0.571355 -0.216284
0.066150 0.006725 0.163992 75 68 30 0.774938 -0.619591 -0.124812
0.067291 0.009172 0.160162 77 70 34 0.800952 -0.590792 -0.097159
0.069545 0.010777 0.165656 65 59 23 0.815828 -0.528484 -0.234795
0.069342 0.011991 0.162671 58 53 24 0.932474 -0.319695 -0.168188
0.070197 0.014281 0.162652 60 55 27 0.894573 -0.390042 -0.218188
0.068940 0.010638 0.164016 65 57 27 0.784388 -0.575446 -0.231513
0.068055 0.008101 0.167401 85 76 29 0.809824 -0.538874 -0.231950
0.072075 0.016072 0.164528 66 59 30 0.727403 -0.568985 -0.383589
0.072093 0.014163 0.167578 62 55 20 0.636632 -0.665103 -0.390305
0.069432 0.009690 0.167855 70 66 26 0.647140 -0.701701 -0.298038
0.070049 0.014729 0.161295 59 57 26 0.898485 -0.374444 -0.229164
0.068541 0.010665 0.162242 70 60 21 0.798107 -0.585920 -0.140440
0.069728 0.013440 0.162025 58 56 23 0.930945 -0.313481 -0.187271
0.072503 0.014206 0.168114 64 58 27 0.573043 -0.704999 -0.417849
0.069468 0.009186 0.169129 72 65 30 0.650258 -0.700524 -0.293991
0.072671 0.013776 0.169119 65 60 24 0.530830 -0.751027 -0.392655
0.066393 0.006388 0.166894 81 72 30 0.722002 -0.661429 -0.203039
0.070412 0.010746 0.168018 93 79 34 0.847633 -0.442800 -0.292313
0.070461 0.010954 0.167849 87 75 34 0.886909 -0.367772 -0.279529
0.067434 0.009232 0.160768 78 70 34 0.840820 -0.533296 -0.092834
0.069273 0.010947 0.164278 62 58 22 0.827114 -0.506723 -0.243133
0.071687 0.011639 0.172189 57 53 22 0.767750 -0.550382 -0.328085
0.070519 0.011177 0.167765 74 68 29 0.928303 -0.248911 -0.276218
0.066498 0.006596 0.166538 79 74 30 0.742228 -0.647611 -0.172332
0.066629 0.006556 0.167081 80 72 30 0.717594 -0.652788 -0.242748
0.066997 0.008282 0.162512 75 67 25 0.798964 -0.588573 -0.123443
0.066441 0.005992 0.167819 85 76 27 0.650361 -0.700035 -0.294927
0.067269 0.006703 0.168559 81 72 32 0.770589 -0.597309 -0.222295
0.066932 0.006375 0.168368 82 71 35 0.768323 -0.594011 -0.238393
0.066688 0.007944 0.162020 74 67 33 0.811334 -0.581473 -0.060215
0.071430 0.011537 0.171500 54 48 22 0.887905 -0.355277 -0.292237
0.070043 0.008273 0.172745 86 74 29 -0.751050 0.607417 0.258783
0.069845 0.009296 0.169648 87 76 24 0.669254 -0.675962 -0.308503
0.071831 0.015623 0.164733 67 61 30 0.708966 -0.600377 -0.370019
0.069370 0.011765 0.163287 57 51 25 0.903164 -0.373765 -0.211175
0.071207 0.012169 0.170121 48 47 18 0.859990 -0.427060 -0.279352
0.068651 0.008468 0.168869 83 73 35 0.740738 -0.606450 -0.289007
0.069564 0.011640 0.164254 60 53 23 0.891702 -0.387275 -0.234279
0.069563 0.013437 0.161158 61 56 26 0.941261 -0.290018 -0.172964
0.071195 0.009851 0.173089 65 57 25 0.859930 -0.457974 -0.225344
0.072788 0.016264 0.165531 68 60 25 0.738020 -0.541041 -0.403239
0.069338 0.009124 0.169018 74 64 24 0.653879 -0.698179 -0.291529
0.070581 0.015476 0.161878 69 60 23 0.836937 -0.467449 -0.284653
0.069040 0.011999 0.160711 63 58 25 0.930090 -0.350027 -0.111416
0.071328 0.014411 0.165695 64 57 25 0.755120 -0.583825 -0.298231
0.072821 0.014066 0.168768 71 63 29 0.541132 -0.728908 -0.419368
0.071206 0.011525 0.170837 53 50 20 0.907010 -0.315653 -0.278739
0.067162 0.007777 0.164876 78 70 28 0.749122 -0.638044 -0.178091
0.070206 0.009140 0.170920 91 77 35 0.703514 -0.670415 -0.235822
0.068824 0.011595 0.159938 82 69 22 0.925305 -0.369348 -0.085979
0.070942 0.012920 0.167928 53 48 24 0.843045 -0.503141 -0.190062
0.067686 0.009408 0.162680 80 70 29 0.891493 -0.443388 -0.092991
0.070940 0.011792 0.169499 51 48 23 0.951267 -0.235230 -0.199392
0.069822 0.014630 0.160410 60 57 25 0.930185 -0.326588 -0.167619
0.069094 0.011400 0.162419 60 55 24 0.879769 -0.446164 -0.164145
0.068712 0.009028 0.167738 78 69 30 0.740768 -0.630633 -0.231440
0.072140 0.014364 0.167282 60 55 21 0.663657 -0.633230 -0.398219
0.067980 0.007288 0.169238 83 75 29 0.764626 -0.582488 -0.275780
0.071940 0.011336 0.173119 65 56 21 0.705294 -0.579643 -0.408135
0.067438 0.008633 0.163307 80 71 28 0.838195 -0.497940 -0.222454
0.068397 0.010613 0.161575 70 60 23 0.805074 -0.586925 -0.085874
0.072241 0.012662 0.170900 78 67 24 0.397808 -0.832945 -0.384644
0.070861 0.015131 0.163242 60 53 22 0.804000 -0.516555 -0.294542
0.071965 0.015686 0.164882 69 62 27 0.705272 -0.605228 -0.369175
0.072062 0.014756 0.166667 61 52 21 0.657360 -0.652245 -0.377430
0.067552 0.008350 0.164596 82 71 34 0.816584 -0.552397 -0.167475
0.070680 0.009510 0.171226 91 77 32 0.834639 -0.522305 -0.174857
0.070120 0.013844 0.163002 58 54 25 0.894739 -0.380828 -0.233265
0.072673 0.016818 0.164501 73 63 22 0.761985 -0.510930 -0.397906
0.068484 0.010064 0.164023 65 59 27 0.737391 -0.632805 -0.236247
0.072028 0.015858 0.164740 70 60 27 0.716785 -0.582625 -0.383102
0.071711 0.011446 0.172453 55 51 27 0.795982 -0.504747 -0.334132
0.067140 0.008277 0.163105 76 67 31 0.788278 -0.573737 -0.222359
0.066359 0.007417 0.162171 78 68 26 0.818125 -0.570061 -0.075517
0.072592 0.012840 0.170832 77 66 23 0.436607 -0.810957 -0.389516
0.069342 0.009046 0.169249 72 64 25 0.648377 -0.702518 -0.293387
0.067987 0.007590 0.168764 85 75 28 0.798761 -0.554397 -0.233717
0.072469 0.015136 0.166582 68 60 28 0.636663 -0.676620 -0.369927
0.069025 0.010827 0.163778 65 58 28 0.801003 -0.555790 -0.222466
0.068342 0.010260 0.163053 66 61 28 0.744905 -0.648642 -0.156141
0.068807 0.007616 0.171006 87 74 30 0.732926 -0.616185 -0.288334
0.069655 0.010000 0.167695 84 73 33 0.660889 -0.692247 -0.289862
0.069932 0.014538 0.161086 59 56 26 0.918892 -0.342752 -0.195344
0.069044 0.009078 0.168512 74 66 24 0.678702 -0.680067 -0.277260
0.068109 0.007288 0.169576 84 75 34 0.765940 -0.593695 -0.246704
0.072627 0.012657 0.171292 78 67 30 0.401737 -0.822661 -0.402288
0.071022 0.013518 0.166680 56 54 27 0.776259 -0.564225 -0.281198
0.070951 0.010775 0.170729 68 59 25 0.947595 -0.240412 -0.210395
0.069788 0.008435 0.171681 87 76 27 0.695339 -0.665911 -0.270305
0.069992 0.014557 0.161361 59 56 26 0.899462 -0.375015 -0.224349
0.072164 0.015292 0.165858 66 59 26 0.651421 -0.639067 -0.408955
0.069244 0.010132 0.166234 64 58 27 0.740525 -0.615558 -0.269651
0.070485 0.015212 0.162031 66 59 23 0.850549 -0.445124 -0.280056
0.069645 0.014181 0.160172 62 60 24 0.937959 -0.307046 -0.161108
0.071487 0.012536 0.170317 59 53 19 0.689489 -0.643504 -0.332427
0.068026 0.010193 0.161621 65 59 26 0.801037 -0.591573 -0.091553
0.069805 0.008045 0.172636 86 74 31 0.735892 -0.622871 -0.265510
0.068501 0.007778 0.169775 88 75 32 0.784630 -0.559956 -0.266093
0.067992 0.008126 0.167226 85 74 32 0.805326 -0.550340 -0.220399
0.067637 0.006845 0.169327 81 72 27 0.746076 -0.624383 -0.231335
0.067116 0.008093 0.163345 75 68 32 0.761078 -0.610218 -0.219985
0.069428 0.012573 0.161962 62 57 24 0.925356 -0.347105 -0.152425
0.071815 0.013194 0.169204 62 55 21 0.474379 -0.809749 -0.345357
0.070758 0.014049 0.164960 62 58 26 0.826934 -0.499294 -0.258622
0.073137 0.016769 0.165592 73 65 26 0.776197 -0.477948 -0.411198
0.067774 0.008376 0.165588 82 74 30 0.818361 -0.544407 -0.184136
0.067772 0.009913 0.160021 71 64 28 0.807143 -0.588930 -0.041000
0.070000 0.010175 0.167943 95 85 36 0.713754 -0.630805 -0.304369
0.071792 0.012122 0.171598 60 56 31 0.613496 -0.687988 -0.387678
0.072564 0.015506 0.166151 72 65 28 0.663071 -0.624563 -0.412623
0.070273 0.011896 0.166321 60 54 23 0.923410 -0.306030 -0.231645
0.067900 0.009935 0.161697 71 63 28 0.825856 -0.555443 -0.097187
0.068979 0.009152 0.168060 73 65 26 0.699083 -0.664880 -0.263090
0.069477 0.009857 0.167571 73 68 27 0.659281 -0.703289 -0.265956
0.065449 0.005593 0.166440 84 74 29 0.575714 -0.799816 -0.169850
0.071422 0.015823 0.163473 67 59 25 0.772429 -0.543469 -0.328625
0.073062 0.014168 0.168918 73 66 31 0.551303 -0.728775 -0.406143
0.066528 0.006785 0.165836 81 71 27 0.758681 -0.632344 -0.156667
0.067818 0.009006 0.164091 81 69 29 0.877066 -0.426749 -0.220544
0.070998 0.012561 0.168844 44 47 19 0.889958 -0.382972 -0.247604
0.072764 0.016166 0.165740 64 61 27 0.720986 -0.546012 -0.426675
0.069610 0.012607 0.162935 57 54 29 0.913170 -0.349010 -0.210506
0.070340 0.015074 0.161752 63 57 24 0.864936 -0.416289 -0.280338
0.069304 0.012549 0.161311 66 58 26 0.927235 -0.340402 -0.156082
0.071655 0.015529 0.164511 65 61 24 0.721302 -0.596758 -0.351572
0.071177 0.012892 0.168806 53 49 22 0.781370 -0.572517 -0.248365
0.072581 0.013606 0.169287 66 59 22 0.528997 -0.758560 -0.380458
0.068169 0.007408 0.169428 84 76 28 0.774381 -0.571705 -0.271086
0.070950 0.010552 0.170914 68 60 26 0.949075 -0.235480 -0.209300
0.066315 0.007330 0.162712 77 68 27 0.796286 -0.589666 -0.134994
0.071238 0.011075 0.171334 59 55 21 0.914202 -0.299205 -0.273334
0.067847 0.009954 0.159731 71 66 23 0.804110 -0.592794 -0.044741
0.067738 0.008448 0.165209 80 69 34 0.829207 -0.533520 -0.166651
0.070824 0.010877 0.169649 78 67 29 0.963326 -0.212002 -0.164492
0.071570 0.010703 0.172967 53 50 24 0.872989 -0.384935 -0.299526
0.071046 0.015707 0.162721 68 55 21 0.801162 -0.531759 -0.274539
0.066601 0.006846 0.166076 79 72 30 0.757833 -0.633605 -0.155669
0.068366 0.009174 0.166078 75 65 24 0.804507 -0.550715 -0.222443
0.070763 0.015342 0.162458 67 56 24 0.826422 -0.505327 -0.248335
0.070220 0.009298 0.170376 88 78 32 0.694348 -0.648703 -0.311554
0.072123 0.013793 0.168349 63 57 23 0.567387 -0.743529 -0.353890
0.069655 0.013987 0.160474 63 58 29 0.935294 -0.314135 -0.162926
0.069714 0.009250 0.169469 80 71 30 0.657264 -0.694949 -0.291634
0.072082 0.016307 0.164168 65 59 28 0.734568 -0.567494 -0.371969
0.066688 0.007286 0.164793 78 68 30 0.746522 -0.638262 -0.187952
0.071543 0.015900 0.163687 72 58 26 0.763571 -0.552490 -0.334236
0.070544 0.009086 0.172209 82 72 32 0.806212 -0.571381 -0.153446
0.071727 0.015181 0.165320 65 59 22 0.714026 -0.600854 -0.359361
0.069433 0.013609 0.160092 61 54 26 0.946768 -0.288068 -0.143689
0.071571 0.011970 0.171437 54 50 24 0.774297 -0.521857 -0.357952
0.068692 0.010619 0.163164 67 59 25 0.767327 -0.610103 -0.197445
0.069472 0.012089 0.163096 57 51 21 0.919974 -0.340129 -0.194831
0.072865 0.014695 0.167889 69 65 27 0.557646 -0.687566 -0.465063
0.067184 0.009069 0.159867 80 70 30 0.794865 -0.600392 -0.087858
0.069111 0.011707 0.161895 59 55 25 0.914133 -0.369627 -0.166542
0.072570 0.016553 0.164720 64 59 23 0.745947 -0.533851 -0.398203
0.072979 0.016074 0.166050 69 63 26 0.704118 -0.545831 -0.454188
0.072282 0.014330 0.167669 60 57 24 0.632132 -0.651710 -0.419145
0.069286 0.010680 0.164962 66 61 21 0.795891 -0.550937 -0.251048
0.069336 0.013178 0.160131 60 56 26 0.955553 -0.269099 -0.120431
0.071770 0.013942 0.167502 59 55 23 0.646857 -0.672855 -0.358946
0.070534 0.012941 0.166002 55 53 26 0.902559 -0.377492 -0.207093
0.069737 0.011072 0.165705 63 56 30 0.846493 -0.472996 -0.244386
0.071869 0.015462 0.165023 70 61 30 0.700650 -0.615803 -0.360383
0.069421 0.011959 0.163088 56 50 23 0.921407 -0.337441 -0.192726
0.069138 0.012565 0.159848 62 58 24 0.950835 -0.285980 -0.118862
0.069868 0.013725 0.162098 61 53 27 0.923558 -0.327796 -0.198974
0.067780 0.009293 0.163591 81 71 30 0.882906 -0.428886 -0.191137
0.068170 0.009788 0.163819 70 63 23 0.779953 -0.586331 -0.218836
0.065788 0.006113 0.165557 81 74 30 0.658053 -0.727316 -0.194876
0.068903 0.011453 0.161376 62 55 25 0.893662 -0.431314 -0.123842
0.068576 0.010815 0.161629 67 60 25 0.821516 -0.562267 -0.094699
0.072094 0.013826 0.168173 61 55 22 0.577929 -0.735996 -0.352573
0.070442 0.009954 0.169779 88 76 38 0.787529 -0.550644 -0.276748
0.070457 0.014615 0.163069 57 53 26 0.855366 -0.439782 -0.273751
0.066927 0.008460 0.161175 75 68 31 0.805048 -0.571475 -0.159103
0.065443 0.005303 0.168016 84 74 32 0.503811 -0.829048 -0.242600
0.066416 0.007545 0.162520 77 67 25 0.805980 -0.581212 -0.112199
0.069525 0.009990 0.167243 71 66 28 0.671630 -0.690173 -0.269395
0.068904 0.011658 0.160703 62 57 26 0.922935 -0.371502 -0.100878
0.068133 0.009835 0.163520 71 65 25 0.774445 -0.595193 -0.214430
0.071321 0.012959 0.169088 56 53 25 0.667842 -0.682793 -0.296279
0.072829 0.012446 0.171887 76 68 27 0.387500 -0.828432 -0.404407
0.072908 0.013123 0.170676 71 65 22 0.496231 -0.769790 -0.401470
0.069403 0.012064 0.162916 55 51 23 0.923025 -0.334352 -0.190350
0.068563 0.011004 0.160248 73 64 26 0.880484 -0.470731 -0.056210
0.072436 0.015478 0.166014 69 65 29 0.656459 -0.623961 -0.423952
0.070000 0.013699 0.162885 58 56 24 0.898902 -0.377725 -0.222031
0.070719 0.009652 0.171003 89 77 29 0.840313 -0.502587 -0.203176
0.069036 0.012398 0.159579 63 60 24 0.948122 -0.288477 -0.133587
0.067055 0.008277 0.162912 74 66 29 0.783703 -0.580055 -0.222141
0.071504 0.011167 0.172204 54 49 19 0.881831 -0.376464 -0.283989
0.071022 0.011783 0.169845 52 50 18 0.931016 -0.277687 -0.236853
0.071285 0.010321 0.172561 62 56 21 0.885830 -0.389421 -0.252303
0.072851 0.013631 0.169778 68 59 27 0.549609 -0.744076 -0.379843
0.070681 0.009182 0.172776 73 61 25 0.831207 -0.523220 -0.187979
0.070382 0.014367 0.163138 54 54 26 0.869113 -0.410990 -0.275190
0.067073 0.008984 0.159553 80 72 26 0.794564 -0.602385 -0.076160
0.068839 0.009067 0.168020 73 66 29 0.715962 -0.651452 -0.251016
0.069292 0.012326 0.161744 63 56 25 0.929443 -0.339453 -0.144596
0.068221 0.010538 0.159226 77 71 32 0.842594 -0.531667 -0.085819
0.068970 0.010025 0.165618 67 62 24 0.750330 -0.619680 -0.230220
0.068709 0.010148 0.164506 69 63 25 0.741968 -0.626003 -0.240007
0.070859 0.011141 0.169689 73 64 27 0.966324 -0.176695 -0.187073
0.068081 0.010364 0.159370 71 64 28 0.819712 -0.570096 -0.055335
0.071902 0.016222 0.163900 67 61 26 0.749818 -0.563675 -0.346474
0.071395 0.010603 0.172601 59 54 22 0.888160 -0.370847 -0.271376
0.069224 0.010011 0.166454 67 59 24 0.728532 -0.634348 -0.258540
0.072741 0.012255 0.172257 83 70 26 0.385392 -0.823599 -0.416122
0.069301 0.009713 0.167566 73 64 23 0.670007 -0.694749 -0.261561
0.070265 0.013986 0.163231 60 54 24 0.884354 -0.396360 -0.246611
0.067581 0.009250 0.162038 78 71 32 0.877657 -0.467096 -0.107418
0.066917 0.007345 0.165553 78 71 30 0.748570 -0.644787 -0.154574
0.069703 0.010334 0.166868 73 65 24 0.734177 -0.599382 -0.318944
0.066754 0.008021 0.162218 76 65 31 0.807455 -0.586566 -0.062906
0.068998 0.008027 0.170663 85 75 31 0.730132 -0.606995 -0.313791
0.071470 0.012121 0.170895 53 50 19 0.806454 -0.492068 -0.327873
0.071731 0.012692 0.170425 63 58 23 0.509267 -0.766157 -0.391982
0.067730 0.009770 0.160240 74 67 27 0.826576 -0.561002 -0.045270
0.070754 0.011467 0.168393 69 62 23 0.968949 -0.167027 -0.182316
0.068989 0.012540 0.159017 69 62 26 0.947881 -0.278101 -0.155505
0.068973 0.009447 0.167201 69 66 27 0.717886 -0.662444 -0.214026
0.071028 0.009617 0.173004 69 57 22 0.849361 -0.487419 -0.202506
0.067598 0.006989 0.168873 80 71 31 0.763300 -0.602466 -0.233255
0.072645 0.016220 0.165321 67 59 24 0.732370 -0.554790 -0.394768
0.072009 0.015335 0.165575 65 58 25 0.682409 -0.622628 -0.382953
0.072952 0.014544 0.168222 71 65 27 0.552965 -0.698525 -0.454196
0.068900 0.010333 0.164611 67 61 30 0.757632 -0.607861 -0.237695
0.066805 0.007193 0.165506 78 71 29 0.755538 -0.638193 -0.147896
0.070749 0.009831 0.170782 89 74 30 0.873217 -0.427406 -0.234129
0.068794 0.008287 0.169593 86 74 30 0.770736 -0.578955 -0.266042
0.070138 0.008269 0.172977 87 74 27 -0.753774 0.605736 0.254772
0.071945 0.013614 0.168513 60 56 25 0.555366 -0.762402 -0.332133
0.068330 0.010569 0.161095 67 59 26 0.808562 -0.587038 -0.040166
0.070778 0.013536 0.165862 53 54 22 0.851583 -0.460666 -0.250186
0.072477 0.012963 0.170351 74 62 26 0.431293 -0.803397 -0.410535
0.070994 0.015436 0.163121 67 55 22 0.797231 -0.528325 -0.292052
0.070418 0.010114 0.169167 88 77 29 0.794007 -0.572563 -0.204265
0.066643 0.007927 0.161393 76 68 26 0.812416 -0.567036 -0.135832
0.067278 0.008683 0.162749 77 65 31 0.824081 -0.542400 -0.163381
0.069935 0.011472 0.165699 59 56 23 0.880121 -0.398141 -0.258593
0.067821 0.007389 0.168677 84 73 33 0.783764 -0.581383 -0.218421
0.069044 0.010963 0.163613 65 57 26 0.814960 -0.538083 -0.215189
0.068125 0.008700 0.166160 80 72 31 0.817385 -0.534435 -0.215082
0.069020 0.009942 0.166026 70 59 22 0.740046 -0.628660 -0.238994
0.068844 0.008504 0.169195 81 74 32 0.726021 -0.625248 -0.286284
0.065596 0.005300 0.168200 84 74 33 0.501923 -0.820186 -0.274532
0.069963 0.013984 0.162083 62 56 23 0.908130 -0.359029 -0.215404
0.067322 0.007018 0.167725 81 70 26 0.733117 -0.634157 -0.245732
0.066589 0.007529 0.163343 74 68 29 0.773399 -0.612269 -0.164257
0.068931 0.011830 0.160102 71 62 25 0.933328 -0.346651 -0.093444
0.070397 0.012199 0.166649 54 53 26 0.939027 -0.280744 -0.198521
0.066793 0.008396 0.160731 76 67 32 0.803609 -0.576897 -0.146295
0.070486 0.013633 0.164649 56 52 25 0.878739 -0.409538 -0.245146
0.071011 0.010445 0.171320 69 60 26 0.947388 -0.250909 -0.198748
0.068653 0.007316 0.171245 87 75 32 0.735586 -0.611459 -0.291601
0.069998 0.014433 0.161518 58 54 25 0.900764 -0.368878 -0.229246
0.071305 0.012722 0.169547 58 51 20 0.741418 -0.586798 -0.325526
0.069635 0.011237 0.165020 63 58 24 0.866049 -0.416349 -0.276792
0.070392 0.014741 0.162532 65 56 23 0.865726 -0.451926 -0.215131
0.069136 0.009008 0.168801 74 64 29 0.682499 -0.675662 -0.278705
0.068294 0.008713 0.166813 82 71 33 0.812025 -0.552501 -0.188037
0.069163 0.012064 0.161628 62 56 26 0.931924 -0.334498 -0.140105
0.070668 0.010788 0.168781 79 68 28 0.934101 -0.297206 -0.197797
0.070069 0.011541 0.166023 61 55 25 0.888851 -0.373589 -0.265283
0.070067 0.008740 0.171586 89 78 30 0.698657 -0.669673 -0.251828
0.068903 0.008433 0.169589 82 73 29 0.744122 -0.612237 -0.267298
0.067080 0.008934 0.159941 78 68 33 0.798440 -0.594444 -0.095547
0.068618 0.008032 0.169637 86 77 31 0.774517 -0.567030 -0.280357
0.070136 0.014456 0.161978 60 56 22 0.892381 -0.387761 -0.230864
0.073125 0.016874 0.165368 76 66 28 0.785557 -0.478929 -0.391826
0.070339 0.009342 0.170645 91 78 33 0.737272 -0.621257 -0.265461
0.070417 0.010283 0.168685 88 77 28 0.789098 -0.552210 -0.269051
0.071072 0.010452 0.171525 67 59 25 0.928923 -0.302854 -0.213029
0.071445 0.011762 0.171322 48 49 18 0.855355 -0.401445 -0.327428
0.069429 0.011499 0.163839 60 53 25 0.882562 -0.414411 -0.222145
0.069512 0.010574 0.166000 64 59 27 0.797267 -0.548949 -0.251038
0.068055 0.009446 0.164316 77 67 26 0.822943 -0.508121 -0.254124
0.067710 0.006785 0.169834 82 76 25 0.759996 -0.606362 -0.233949
0.067661 0.009134 0.163072 79 75 29 0.885059 -0.439884 -0.152225
0.072189 0.011839 0.172554 75 66 25 0.540477 -0.735527 -0.408516
0.067920 0.009655 0.163275 77 70 30 0.826613 -0.533849 -0.178091
0.069494 0.013134 0.161170 63 57 25 0.937404 -0.300042 -0.176775
0.067380 0.006213 0.170018 86 73 33 0.803885 -0.534650 -0.260612
0.069289 0.011618 0.163161 57 53 25 0.905011 -0.378995 -0.193181
0.070674 0.015384 0.162242 68 57 23 0.836786 -0.484408 -0.255224
0.073209 0.015852 0.166642 70 63 27 0.659155 -0.603419 -0.448777
0.072343 0.013995 0.168258 64 58 22 0.548414 -0.740185 -0.389061
0.070501 0.013267 0.165329 55 51 23 0.894111 -0.378200 -0.239856
0.068376 0.010747 0.159394 83 73 32 0.867778 -0.489879 -0.083542
0.068047 0.008286 0.167043 86 74 30 0.814591 -0.535875 -0.221992
0.067967 0.008887 0.164997 81 71 31 0.850347 -0.492184 -0.186182
0.073415 0.015115 0.167878 78 71 29 0.549912 -0.685092 -0.477750
0.070669 0.010680 0.169092 78 67 28 0.943414 -0.290058 -0.160734
0.071015 0.009676 0.172806 67 57 29 0.849695 -0.486349 -0.203672
0.070085 0.012810 0.164403 62 55 26 0.905736 -0.345949 -0.244871
0.065836 0.005622 0.167683 81 73 28 0.538619 -0.808179 -0.238196
0.066310 0.006488 0.165822 82 71 29 0.741929 -0.647875 -0.172625
0.073224 0.017288 0.165312 72 60 28 0.792863 -0.469408 -0.388619
0.070804 0.009698 0.171170 87 75 33 0.879626 -0.447843 -0.160299
0.068004 0.008779 0.165549 80 71 31 0.836319 -0.514515 -0.189330
0.071110 0.012309 0.169445 44 46 21 0.899231 -0.353118 -0.258245
0.067857 0.009932 0.160820 69 62 24 0.822445 -0.567771 -0.034937
0.068265 0.006965 0.171131 87 74 36 0.741821 -0.608039 -0.282824
0.066571 0.007773 0.161811 78 68 27 0.818360 -0.567437 -0.091120
0.070430 0.011478 0.167256 66 58 26 0.926262 -0.220559 -0.305601
0.069619 0.011032 0.165279 66 58 31 0.840700 -0.483383 -0.244060
0.069832 0.011262 0.165690 64 57 22 0.868131 -0.426743 -0.253454
0.067453 0.009049 0.161829 76 71 30 0.857573 -0.501486 -0.114367
0.072157 0.015707 0.165145 67 61 29 0.700753 -0.600120 -0.385748
0.070682 0.013745 0.165197 61 55 21 0.851357 -0.457167 -0.257275
0.069925 0.008186 0.172616 87 73 29 -0.744924 0.612145 0.265266
0.071769 0.012999 0.169744 61 56 26 0.481441 -0.805446 -0.345646
0.069332 0.010352 0.165949 65 59 25 0.771745 -0.583703 -0.252390
0.071414 0.010796 0.172382 58 52 22 0.890457 -0.361491 -0.276425
0.066677 0.007817 0.162766 76 66 28 0.794642 -0.584832 -0.162834
0.068825 0.009717 0.166079 67 59 23 0.737693 -0.634404 -0.230955
0.070123 0.014752 0.161478 61 57 24 0.892553 -0.380018 -0.242767
0.066595 0.007806 0.161648 77 68 27 0.814035 -0.572333 -0.098905
0.071024 0.012881 0.168443 51 46 22 0.825842 -0.525281 -0.205099
0.071173 0.015859 0.162917 65 55 21 0.789492 -0.536773 -0.297619
0.072309 0.014473 0.167454 60 56 25 0.639461 -0.643513 -0.420689
0.066891 0.008185 0.162344 75 68 27 0.805818 -0.584798 -0.093104
0.068602 0.010817 0.162003 70 60 24 0.815510 -0.563842 -0.130482
0.070256 0.009673 0.169941 88 75 27 0.741843 -0.591060 -0.316729
0.070313 0.014585 0.162492 62 59 24 0.875679 -0.432200 -0.215384
0.065131 0.005278 0.167353 82 73 32 0.523237 -0.830501 -0.191028
0.067037 0.007953 0.163539 77 68 31 0.756440 -0.625119 -0.192419
0.071307 0.011537 0.171116 51 48 23 0.896985 -0.333052 -0.290680
0.067851 0.009998 0.159440 67 63 29 0.808003 -0.587279 -0.047271
0.071182 0.011589 0.170657 54 50 21 0.910834 -0.314667 -0.267142
0.065336 0.005517 0.166659 83 74 30 0.573757 -0.802427 -0.164056
0.070523 0.009187 0.171894 92 77 30 0.797165 -0.585526 -0.147267
0.070570 0.009841 0.170248 84 75 32 0.813517 -0.493545 -0.307577
0.069514 0.011167 0.164755 64 57 27 0.859872 -0.428363 -0.277715
0.069000 0.011399 0.162021 62 57 25 0.867839 -0.468043 -0.166706
0.070082 0.009064 0.170664 90 77 28 0.669469 -0.693017 -0.267468
0.070406 0.014214 0.163339 58 57 23 0.872230 -0.409957 -0.266739
0.065096 0.005149 0.167904 84 73 32 0.515247 -0.826883 -0.225356
0.069454 0.010355 0.166323 66 59 23 0.764397 -0.576087 -0.289519
0.070623 0.012390 0.167312 52 50 23 0.921318 -0.302602 -0.244140
0.069675 0.010671 0.166329 66 60 23 0.792258 -0.526602 -0.308248
0.069288 0.009471 0.168036 70 65 25 0.659121 -0.695475 -0.286136
0.069562 0.007998 0.172168 88 74 30 0.732188 -0.621038 -0.279664
0.067377 0.008977 0.161639 75 68 33 0.851809 -0.512819 -0.106944
0.067917 0.009958 0.161885 69 62 29 0.834151 -0.541387 -0.105320
0.068641 0.008650 0.168438 83 74 31 0.749192 -0.609178 -0.260027
0.071758 0.014866 0.165881 58 54 26 0.700878 -0.619282 -0.353921
0.065618 0.006125 0.164887 81 71 28 0.687254 -0.705776 -0.171940
0.070788 0.010481 0.170026 80 71 30 0.938653 -0.288680 -0.188665
0.067744 0.009223 0.163368 83 72 31 0.891063 -0.416308 -0.180814
0.067813 0.008642 0.164961 82 70 35 0.842546 -0.509560 -0.174542
0.068847 0.011244 0.161755 64 58 26 0.852407 -0.502597 -0.144214
0.068252 0.010382 0.161935 64 55 28 0.788951 -0.605038 -0.107173
0.067809 0.007455 0.168390 82 72 32 0.788266 -0.586946 -0.184743
0.068435 0.008904 0.166930 79 69 30 0.792299 -0.580635 -0.187418
0.067871 0.008328 0.166138 82 72 33 0.816279 -0.541900 -0.200081
0.071987 0.016023 0.164364 64 60 27 0.734365 -0.569534 -0.369240
0.072060 0.013890 0.168026 64 54 22 0.590916 -0.722538 -0.358827
0.065387 0.005716 0.165835 83 74 28 0.591367 -0.785103 -0.184115
0.069931 0.010001 0.168122 94 81 31 0.679115 -0.670818 -0.298003
0.070903 0.011315 0.169879 65 60 23 0.955043 -0.205664 -0.213529
0.066885 0.006990 0.166641 81 72 28 0.729476 -0.654711 -0.198036
0.069017 0.011186 0.162688 64 56 26 0.838876 -0.517163 -0.169793
0.070294 0.013858 0.163717 60 54 24 0.879098 -0.406288 -0.249230
0.072818 0.013364 0.170192 68 61 25 0.518237 -0.751596 -0.408086
0.067572 0.006718 0.169552 84 72 28 0.764247 -0.602258 -0.230677
0.067108 0.008406 0.162731 76 69 26 0.793316 -0.580135 -0.184645
0.070064 0.013945 0.162726 60 55 25 0.900012 -0.376006 -0.220449
0.067810 0.006546 0.170641 84 75 27 0.775756 -0.568159 -0.274587
0.070841 0.010924 0.169854 76 66 29 0.964114 -0.204279 -0.169569
0.069820 0.013369 0.162509 61 54 25 0.921389 -0.339255 -0.189601
0.067492 0.009059 0.162205 79 71 34 0.863011 -0.496124 -0.095253
0.069500 0.012009 0.163349 58 51 25 0.911690 -0.340070 -0.230596
0.068709 0.007669 0.170633 85 75 30 0.748331 -0.593628 -0.295983
0.072022 0.013610 0.168666 63 56 24 0.533168 -0.766961 -0.357076
0.071376 0.013978 0.166631 62 57 23 0.718704 -0.600323 -0.350823
0.068219 0.009058 0.165726 77 68 25 0.818342 -0.536336 -0.206543
0.072334 0.013304 0.169615 65 55 24 0.475413 -0.800261 -0.365466
0.069301 0.007849 0.171741 87 76 28 0.731708 -0.615772 -0.292282
0.066716 0.006283 0.167849 83 72 34 0.708345 -0.640572 -0.296504
0.068283 0.009674 0.164485 69 63 27 0.775854 -0.573373 -0.263237
0.069931 0.014673 0.160783 59 56 22 0.924655 -0.333298 -0.184190
0.072478 0.013412 0.169484 64 58 24 0.509460 -0.781055 -0.361115
0.065742 0.005996 0.165759 80 72 35 0.628008 -0.754623 -0.190134
0.067528 0.008167 0.165107 79 71 30 0.802112 -0.572926 -0.168442
0.070415 0.009651 0.170169 87 75 32 0.768688 -0.555775 -0.316595
0.071424 0.015474 0.164079 65 56 26 0.753692 -0.576038 -0.316432
0.071762 0.012802 0.170173 66 58 23 0.514766 -0.765339 -0.386359
0.069181 0.011043 0.163903 62 55 28 0.830118 -0.508209 -0.229407
0.071440 0.011231 0.171869 53 48 21 0.895890 -0.351669 -0.271496
0.070374 0.014087 0.163466 61 55 27 0.872858 -0.417264 -0.253002
0.067761 0.006874 0.169680 82 72 33 0.753686 -0.619884 -0.218406
0.070556 0.015016 0.162858 58 53 21 0.831716 -0.497523 -0.246413
0.067268 0.008336 0.163290 79 69 29 0.800673 -0.554292 -0.227340
0.069688 0.011926 0.164205 60 55 22 0.895086 -0.377039 -0.238037
0.072105 0.012356 0.171411 72 63 26 0.432570 -0.805802 -0.404433
0.071101 0.015252 0.163693 60 55 20 0.791461 -0.542970 -0.280664
0.069078 0.007600 0.171680 87 74 32 0.734871 -0.613316 -0.289496
0.069991 0.013558 0.163006 61 54 25 0.904138 -0.365060 -0.221960
0.070940 0.013628 0.166195 57 52 22 0.818197 -0.508207 -0.268847
0.067526 0.007156 0.168297 81 72 28 0.764376 -0.614951 -0.193817
0.066849 0.008193 0.161616 75 67 31 0.811974 -0.571612 -0.118145
0.068915 0.011150 0.162364 62 57 25 0.836173 -0.520663 -0.172411
0.072449 0.012782 0.170740 78 67 21 0.396316 -0.833833 -0.384260
0.065377 0.005397 0.167419 84 74 32 0.531179 -0.824778 -0.193883
0.072642 0.012567 0.171463 79 66 25 0.403786 -0.823983 -0.397504
0.070596 0.011022 0.168174 79 71 33 0.918502 -0.313604 -0.240844
0.070090 0.008449 0.172440 84 72 29 0.748828 -0.612416 -0.253384
0.066712 0.007536 0.164044 77 68 30 0.750784 -0.640744 -0.160531
0.067049 0.006185 0.168974 84 73 32 0.781336 -0.560856 -0.273777
0.068667 0.011064 0.161453 65 59 22 0.861616 -0.498904 -0.093344
0.070643 0.009999 0.170221 83 76 34 0.861667 -0.423083 -0.280234
0.067322 0.008840 0.161749 78 69 27 0.837539 -0.533522 -0.117828
0.067900 0.009971 0.161264 68 62 30 0.820259 -0.570132 -0.046090
0.071776 0.014300 0.166852 59 54 24 0.681773 -0.612567 -0.399934
0.071536 0.013125 0.169034 60 55 24 0.549412 -0.781177 -0.296495
0.070530 0.014940 0.162669 60 52 25 0.841908 -0.488058 -0.230198
0.070856 0.009891 0.171088 86 74 30 0.915564 -0.359063 -0.181156
0.066168 0.006405 0.165649 82 70 29 0.720781 -0.666643 -0.189898
0.066729 0.007643 0.163596 77 69 27 0.754311 -0.632953 -0.174312
0.072675 0.015296 0.166687 72 65 29 0.625467 -0.672697 -0.395309
0.070372 0.013043 0.165130 57 53 22 0.906420 -0.352344 -0.232928
0.070078 0.010772 0.167007 77 69 27 0.813257 -0.463806 -0.351421
0.068966 0.011680 0.161063 63 58 21 0.916060 -0.386037 -0.108669
0.070651 0.013531 0.165475 58 53 20 0.860266 -0.440592 -0.256557
0.070819 0.012741 0.167647 52 51 24 0.901465 -0.379629 -0.207949
0.069757 0.011393 0.165187 60 56 26 0.877012 -0.401113 -0.264497
0.073028 0.017123 0.164973 76 65 31 0.783618 -0.475790 -0.399457
0.069268 0.011701 0.162753 59 53 22 0.917518 -0.361298 -0.166206
0.069612 0.010544 0.166507 66 60 27 0.769990 -0.557533 -0.310278
0.067794 0.007845 0.167148 82 71 32 0.778626 -0.579941 -0.239604
0.070844 0.010605 0.170159 76 65 29 0.944912 -0.272889 -0.180758
0.069316 0.008284 0.170818 85 74 30 0.702161 -0.642539 -0.306778
0.066898 0.007503 0.164890 79 69 28 0.746174 -0.640929 -0.180095
0.069176 0.011420 0.162838 60 54 23 0.891189 -0.421064 -0.168781
0.069884 0.012153 0.164608 60 55 24 0.895847 -0.362252 -0.257356
0.070059 0.013682 0.163145 57 55 25 0.892923 -0.387825 -0.228648
0.066345 0.006878 0.164753 80 68 27 0.741082 -0.652640 -0.157667
0.070771 0.011511 0.168766 68 59 24 0.977129 -0.161143 -0.138750
0.070259 0.015177 0.161410 65 58 23 0.874621 -0.406202 -0.264645
0.068347 0.010578 0.160892 68 58 25 0.815551 -0.576563 -0.049526
0.066096 0.006032 0.166993 81 74 31 0.667799 -0.711935 -0.217238
0.067704 0.008433 0.165061 78 73 33 0.826609 -0.537138 -0.167932
0.068132 0.010118 0.162469 65 60 26 0.790838 -0.604192 -0.097605
0.068320 0.008038 0.168951 86 75 32 0.783768 -0.549829 -0.288785
0.070554 0.013990 0.164257 60 56 26 0.863498 -0.431039 -0.261873
0.066411 0.006572 0.166012 82 71 32 0.758499 -0.634020 -0.150660
0.067620 0.008380 0.164832 78 73 32 0.818416 -0.548715 -0.170611
0.070483 0.011321 0.167464 71 64 31 0.922716 -0.235021 -0.305551
0.070747 0.009384 0.172341 79 67 25 0.851056 -0.503796 -0.147962
0.068731 0.010645 0.163316 68 58 23 0.768026 -0.608470 -0.199752
0.067452 0.009352 0.160408 80 69 33 0.821173 -0.563841 -0.088077
0.069520 0.009351 0.168886 74 66 24 0.643354 -0.711220 -0.283304
0.067958 0.008995 0.164724 80 70 32 0.851156 -0.478235 -0.216389
0.068881 0.008867 0.168595 79 68 28 0.698200 -0.659414 -0.278729
0.071901 0.014555 0.166675 59 54 22 0.674230 -0.626415 -0.391175
0.069914 0.010304 0.167411 89 78 33 0.719629 -0.628798 -0.294527
0.071056 0.010203 0.171840 68 58 23 0.923179 -0.340061 -0.179163
0.072059 0.012901 0.170207 70 62 23 0.387372 -0.833606 -0.393757
0.070498 0.013054 0.165811 54 51 25 0.900470 -0.369681 -0.229108
0.066937 0.007192 0.166140 80 70 30 0.735712 -0.653463 -0.178081
0.067764 0.008628 0.164776 81 72 33 0.849296 -0.497668 -0.176133
0.072022 0.014871 0.166320 60 56 26 0.653687 -0.667185 -0.357153
0.073180 0.014723 0.168161 75 69 31 0.544375 -0.698132 -0.465045
0.068409 0.010575 0.161984 67 59 25 0.799851 -0.589227 -0.114233
0.070610 0.012125 0.167547 52 52 25 0.946782 -0.202724 -0.250014
0.069756 0.010528 0.166732 70 63 25 0.766955 -0.547790 -0.334224
0.070277 0.014132 0.163083 57 52 26 0.883263 -0.391405 -0.258163
0.069393 0.013095 0.160816 62 58 26 0.936265 -0.304516 -0.175149
0.071571 0.013627 0.167755 59 54 26 0.646585 -0.700837 -0.301257
0.070102 0.009982 0.168518 90 77 35 0.706654 -0.647777 -0.284650
0.066544 0.007704 0.162557 76 67 25 0.801246 -0.584636 -0.127298
0.070443 0.012926 0.165641 54 54 25 0.907380 -0.350738 -0.231612
0.066504 0.006674 0.166198 83 72 29 0.753993 -0.639206 -0.151366
0.069360 0.010559 0.165698 66 60 23 0.797737 -0.558013 -0.228555
0.072160 0.013295 0.169382 64 54 24 0.450749 -0.814668 -0.364886
0.068201 0.008688 0.166487 83 72 30 0.817430 -0.538932 -0.203370
0.069364 0.012626 0.161471 64 58 24 0.927816 -0.343403 -0.145710
0.066495 0.005893 0.168080 85 76 31 0.632107 -0.717218 -0.293326
0.066280 0.007147 0.163263 78 68 26 0.796625 -0.584127 -0.155511
0.068605 0.009756 0.165209 70 62 29 0.762464 -0.602616 -0.235591
0.070119 0.010125 0.168283 90 81 37 0.717785 -0.627810 -0.301065
0.067736 0.009575 0.162014 76 68 32 0.876053 -0.471588 -0.100676
0.067438 0.008015 0.165249 81 71 28 0.778513 -0.607217 -0.158763
0.070033 0.009642 0.169472 91 78 28 0.705220 -0.653160 -0.275766
0.067537 0.009416 0.160746 76 72 30 0.841258 -0.535519 -0.074189
0.071854 0.015983 0.164173 68 60 26 0.746723 -0.561348 -0.356782
0.066232 0.007142 0.162887 78 67 24 0.801954 -0.579759 -0.144047
0.071261 0.015282 0.164084 62 56 23 0.763316 -0.575828 -0.292866
0.069158 0.008901 0.169208 72 63 26 0.687766 -0.667918 -0.284364
0.069238 0.012629 0.160672 64 59 24 0.944816 -0.301701 -0.127667
0.069373 0.008816 0.169905 78 70 22 0.646039 -0.696526 -0.312225
0.070056 0.008935 0.171068 91 80 26 0.680557 -0.692990 -0.237921
0.066761 0.007689 0.163338 77 67 29 0.764148 -0.622748 -0.168116
0.067643 0.009443 0.161848 80 69 30 0.879770 -0.461030 -0.116000
0.069074 0.009677 0.166876 69 63 28 0.711619 -0.661164 -0.237616
0.069869 0.012016 0.164737 59 54 26 0.890703 -0.365892 -0.269760
0.072237 0.012314 0.171607 74 67 24 0.419808 -0.817681 -0.393902
0.067332 0.006725 0.168730 82 71 30 0.770614 -0.595418 -0.227224
0.070332 0.012676 0.165480 56 53 26 0.916519 -0.328331 -0.228455
0.069171 0.009668 0.167248 70 64 27 0.690887 -0.685279 -0.230364
0.070168 0.010461 0.167824 95 83 31 0.793558 -0.532905 -0.293732
0.071929 0.016170 0.164046 67 60 29 0.746029 -0.561532 -0.357941
0.066959 0.006835 0.167324 79 70 31 0.715637 -0.638285 -0.283647
0.069448 0.008125 0.171535 89 74 29 0.719319 -0.631676 -0.289078
0.069225 0.012414 0.161035 65 60 28 0.933854 -0.324332 -0.150750
0.069977 0.012040 0.165064 59 56 23 0.899277 -0.347506 -0.265593
0.068305 0.009848 0.164189 68 62 24 0.753554 -0.614205 -0.234327
0.068256 0.010117 0.163309 66 60 27 0.748360 -0.630864 -0.204861
0.066124 0.006251 0.166032 80 72 29 0.709105 -0.684594 -0.168820
0.068424 0.008846 0.167144 80 70 31 0.803249 -0.563415 -0.193271
0.069174 0.011517 0.162602 60 53 23 0.888751 -0.429149 -0.161100
0.072277 0.016579 0.164112 62 58 21 0.734486 -0.569808 -0.368577
0.065608 0.005622 0.166935 81 73 29 0.570526 -0.803540 -0.169774
0.069083 0.009218 0.168152 73 64 23 0.677140 -0.682826 -0.274281
0.070790 0.012309 0.168161 47 46 23 0.955153 -0.222012 -0.195944
0.069910 0.011632 0.165378 59 53 29 0.887995 -0.375194 -0.265883
0.067456 0.007291 0.167541 81 70 28 0.736178 -0.624368 -0.261164
0.068503 0.010411 0.163081 66 57 25 0.754827 -0.628738 -0.186881
0.067956 0.009426 0.164106 77 67 28 0.854834 -0.466852 -0.226511
0.067712 0.008730 0.164284 80 70 32 0.865196 -0.458987 -0.201909
0.069591 0.008894 0.170171 82 71 31 0.625723 -0.711411 -0.319945
0.070339 0.009989 0.169316 91 79 34 0.754104 -0.612719 -0.236439
0.067103 0.008824 0.160679 78 67 32 0.801365 -0.584227 -0.128421
0.066717 0.007041 0.165890 81 71 26 0.758631 -0.632160 -0.157647
0.072823 0.016990 0.164616 76 66 26 0.776463 -0.489975 -0.396270
0.071890 0.011591 0.172630 62 57 21 0.655872 -0.639088 -0.401744
0.066471 0.007508 0.162783 74 66 30 0.796515 -0.589383 -0.134877
0.067220 0.008166 0.163505 79 70 30 0.772944 -0.603056 -0.197182
0.069434 0.008618 0.170405 80 72 29 0.649922 -0.684679 -0.329874
0.067477 0.007871 0.165837 79 70 34 0.770351 -0.613919 -0.172230
0.068400 0.007859 0.169451 87 76 31 0.783532 -0.552220 -0.284834
0.070582 0.012670 0.166801 51 50 22 0.909595 -0.359686 -0.207999
0.068595 0.010867 0.161425 68 58 27 0.845346 -0.529009 -0.074433
0.066514 0.005835 0.168324 84 76 30 0.638404 -0.712711 -0.290661
0.068748 0.010716 0.162938 69 60 27 0.780478 -0.600577 -0.173672
0.070176 0.012421 0.165246 53 56 20 0.911604 -0.328629 -0.246944
0.065777 0.005436 0.168138 84 73 32 0.500551 -0.818183 -0.282888
0.069723 0.012366 0.163787 61 56 25 0.905152 -0.343689 -0.250156
0.068782 0.007881 0.170412 85 74 29 0.754163 -0.585121 -0.298113
0.072910 0.015102 0.167298 71 66 29 0.571901 -0.676153 -0.464486
0.069128 0.007920 0.171192 86 75 32 0.730362 -0.616413 -0.294290
0.066551 0.007776 0.161496 75 70 26 0.814469 -0.569398 -0.111475
0.069304 0.013747 0.159052 69 65 25 0.953585 -0.261858 -0.148682
0.068716 0.009368 0.166663 71 62 26 0.743420 -0.627059 -0.232645
0.067989 0.009230 0.164459 76 68 30 0.853726 -0.459836 -0.244341
0.067801 0.009627 0.162848 80 69 30 0.859558 -0.497675 -0.116101
0.070516 0.012864 0.166173 53 52 23 0.910832 -0.366371 -0.190151
0.070005 0.013820 0.162651 60 56 23 0.906850 -0.366082 -0.208824
0.073102 0.014460 0.168473 73 67 29 0.546679 -0.713225 -0.438693
0.070616 0.008754 0.173258 72 66 29 0.803511 -0.549077 -0.229966
0.069136 0.012421 0.160209 65 59 24 0.946724 -0.300988 -0.114542
0.070814 0.009550 0.172103 82 68 22 0.871029 -0.469646 -0.144020
0.070290 0.014715 0.162123 63 57 24 0.870201 -0.438930 -0.223809
0.072953 0.014248 0.168602 72 65 29 0.546387 -0.718270 -0.430754
0.069450 0.012352 0.162517 63 57 30 0.925975 -0.337468 -0.169368
0.066904 0.008184 0.162646 75 65 30 0.794106 -0.588135 -0.153274
0.068672 0.008282 0.169194 85 77 28 0.751150 -0.589098 -0.297889
0.072985 0.016663 0.165313 76 66 29 0.785557 -0.478929 -0.391826
0.070957 0.014304 0.165045 62 59 25 0.794513 -0.526790 -0.302062
0.071508 0.011510 0.171797 52 52 19 0.855591 -0.408682 -0.317715
0.070478 0.011194 0.167581 75 66 29 0.919870 -0.252715 -0.299957
0.067842 0.006941 0.169853 83 75 26 0.748983 -0.625420 -0.218805
0.071070 0.012043 0.169599 48 45 23 0.921612 -0.310976 -0.232219
0.069778 0.011257 0.165498 61 57 26 0.867929 -0.426837 -0.253986
0.069896 0.008285 0.172291 84 74 30 0.728226 -0.632504 -0.263867
0.070130 0.011475 0.166319 62 56 23 0.895575 -0.353706 -0.269885
0.068212 0.009304 0.165037 76 66 30 0.820514 -0.525253 -0.225536
0.070805 0.014218 0.164661 61 57 24 0.829045 -0.477790 -0.290519
0.069536 0.011104 0.164911 65 58 24 0.846366 -0.463356 -0.262612
0.068898 0.010864 0.163194 67 59 26 0.804519 -0.561770 -0.192777
0.069062 0.010644 0.164501 64 59 24 0.786154 -0.569045 -0.241142
0.071383 0.014382 0.165901 63 59 25 0.747377 -0.591373 -0.302829
0.067361 0.009081 0.161061 80 70 33 0.837385 -0.535420 -0.110057
0.068029 0.010236 0.160856 62 58 27 0.805910 -0.591763 -0.018027
0.069280 0.010883 0.164508 64 57 25 0.824333 -0.506265 -0.253321
0.070091 0.013165 0.163953 60 56 25 0.901997 -0.349144 -0.253967
0.069139 0.011643 0.162069 58 55 24 0.911622 -0.375532 -0.167098
0.067430 0.008796 0.162945 79 70 28 0.847849 -0.499492 -0.177934
0.068190 0.008515 0.166917 85 73 33 0.819711 -0.536839 -0.199692
0.069639 0.012293 0.163478 59 54 21 0.905028 -0.348797 -0.243442
0.069821 0.013922 0.161719 61 57 24 0.918410 -0.336893 -0.207427
0.067664 0.007182 0.168602 80 73 30 0.768860 -0.605555 -0.205324
0.068947 0.008797 0.168826 80 70 30 0.697745 -0.656306 -0.287079
0.069298 0.009874 0.166963 70 61 24 0.703220 -0.661488 -0.260605
0.070704 0.012112 0.167861 54 51 23 0.956862 -0.182752 -0.225870
0.070900 0.010214 0.170939 74 64 29 0.941780 -0.261561 -0.211275
0.070594 0.010815 0.168371 83 73 34 0.894224 -0.367925 -0.254941
0.067882 0.008804 0.164846 79 73 30 0.851986 -0.487612 -0.190668
0.069917 0.012476 0.164281 63 57 26 0.902098 -0.355583 -0.244501
0.068650 0.010300 0.163864 64 58 32 0.741719 -0.627315 -0.237337
0.067510 0.009561 0.159153 74 69 29 0.796813 -0.601731 -0.054846
0.068318 0.010705 0.159040 85 75 37 0.863818 -0.492593 -0.105685
0.070449 0.013045 0.165474 56 52 24 0.904722 -0.352559 -0.239126
0.070043 0.009219 0.170151 90 76 29 0.683111 -0.653317 -0.326401
0.068480 0.009066 0.166660 77 66 28 0.798502 -0.563171 -0.212682
0.069442 0.008224 0.171281 89 75 30 0.706347 -0.649428 -0.281632
0.069722 0.013074 0.162600 56 55 26 0.921489 -0.342783 -0.182643
0.070195 0.014106 0.162851 59 54 24 0.892597 -0.380456 -0.241916
0.069031 0.008559 0.169697 79 71 27 0.709369 -0.648930 -0.275110
0.071090 0.014644 0.164725 59 56 28 0.774181 -0.527734 -0.349486
0.068404 0.007022 0.171285 88 77 27 0.735556 -0.614403 -0.285423
0.071583 0.014114 0.166817 60 56 23 0.684430 -0.615569 -0.390680
0.071161 0.010043 0.172529 66 59 24 0.875804 -0.424115 -0.230419
0.070225 0.012292 0.165614 58 56 24 0.918795 -0.315548 -0.237161
0.067914 0.007119 0.169397 84 74 27 0.748230 -0.618033 -0.241219
0.069015 0.012011 0.160364 66 60 30 0.933774 -0.342720 -0.103000
0.067205 0.009109 0.159679 80 73 31 0.794564 -0.602385 -0.076160
0.068279 0.010236 0.162620 64 57 26 0.770477 -0.627246 -0.113696
0.067388 0.009321 0.160056 81 69 29 0.800742 -0.594101 -0.076529
0.066290 0.005513 0.168763 87 80 36 -0.572903 0.758428 0.310757
0.067255 0.008635 0.162569 78 67 29 0.821640 -0.554806 -0.130760
0.071290 0.010115 0.172880 63 56 23 0.869457 -0.433481 -0.236936
0.071856 0.014836 0.166098 59 54 25 0.683876 -0.638867 -0.352367
0.068052 0.008871 0.165690 82 71 31 0.831649 -0.518978 -0.197540
0.068670 0.011019 0.161141 67 59 21 0.868473 -0.489223 -0.080097
0.067590 0.009638 0.159755 77 68 29 0.800154 -0.597629 -0.050933
0.068832 0.011756 0.159573 78 68 28 0.936387 -0.332853 -0.111300
0.070728 0.011229 0.168848 74 64 27 0.976721 -0.166738 -0.134962
0.068607 0.011168 0.159473 88 77 31 0.898626 -0.427661 -0.097865
0.067479 0.009198 0.161538 78 68 26 0.865325 -0.489198 -0.109079
0.069603 0.013675 0.160878 60 55 26 0.937107 -0.308697 -0.162900
0.069881 0.009445 0.169406 88 75 30 0.680519 -0.674540 -0.286162
0.067902 0.010088 0.159131 69 62 32 0.808207 -0.587063 -0.046464
0.070945 0.011724 0.169697 54 52 20 0.946809 -0.239003 -0.215477
0.067822 0.009898 0.160693 70 62 28 0.826387 -0.561923 -0.036429
0.071614 0.011844 0.171676 54 52 19 0.747508 -0.553618 -0.367068
0.068211 0.007860 0.169092 86 76 31 0.790786 -0.541751 -0.284891
0.066609 0.005562 0.169199 91 80 33 0.683235 -0.667080 -0.296974
0.067983 0.006864 0.170488 85 76 33 0.753150 -0.603275 -0.262343
0.068005 0.009563 0.163873 76 66 29 0.825878 -0.523609 -0.209187
0.070934 0.009737 0.172210 75 62 27 0.877141 -0.448245 -0.172334
0.068300 0.009122 0.165902 77 66 25 0.809568 -0.547637 -0.211410
0.067407 0.006959 0.168441 80 70 32 0.758624 -0.621895 -0.194260
0.069044 0.008408 0.170066 85 72 29 0.726770 -0.616932 -0.301993
0.072365 0.014658 0.167319 62 57 25 0.636268 -0.639056 -0.432170
0.067554 0.009512 0.160298 75 71 30 0.824861 -0.560571 -0.073245
0.068004 0.008401 0.166485 83 75 29 0.812900 -0.547972 -0.197283
0.070423 0.010982 0.167686 86 74 32 0.894190 -0.350176 -0.278929
0.071165 0.014481 0.165137 62 57 28 0.766973 -0.550819 -0.329168
0.071124 0.015382 0.163518 63 55 22 0.779762 -0.541196 -0.314766
0.071094 0.011764 0.170179 49 48 23 0.919176 -0.306722 -0.247057
0.066574 0.007494 0.163541 77 67 28 0.771718 -0.616667 -0.155474
0.070780 0.012031 0.168378 50 49 21 0.967281 -0.166527 -0.191407
0.066266 0.006129 0.167138 80 71 34 0.680459 -0.694157 -0.234780
0.070945 0.012175 0.169078 45 45 21 0.943092 -0.262448 -0.204203
0.069223 0.007806 0.171617 87 76 29 0.732612 -0.615678 -0.290209
0.070421 0.012739 0.165832 53 54 22 0.915330 -0.341537 -0.213363
0.066412 0.007056 0.164292 79 69 27 0.780063 -0.609624 -0.140928
0.069893 0.013127 0.163237 59 55 26 0.914307 -0.340417 -0.219453
0.065941 0.006305 0.165197 80 71 32 0.685521 -0.702072 -0.192759
0.072390 0.015175 0.166366 67 61 30 0.644629 -0.668559 -0.370786
0.071014 0.010219 0.171605 71 61 22 0.935150 -0.312634 -0.166596
0.071807 0.014725 0.166223 61 54 21 0.682645 -0.638403 -0.355580
0.072721 0.015044 0.167154 70 63 29 0.591781 -0.680102 -0.432731
0.070780 0.010614 0.169733 78 68 26 0.929538 -0.319803 -0.183534
0.071406 0.014986 0.165025 63 55 26 0.739501 -0.569880 -0.358296
0.071977 0.011943 0.172155 72 62 24 0.538671 -0.741043 -0.400861
0.069402 0.013589 0.159735 63 57 27 0.950214 -0.270863 -0.154032
0.070736 0.013305 0.166111 52 52 20 0.874001 -0.429532 -0.227210
0.072583 0.012320 0.171847 77 67 18 0.393865 -0.825469 -0.404315
0.069439 0.011704 0.163656 58 53 24 0.897241 -0.386691 -0.213140
0.065775 0.006220 0.165006 82 72 31 0.693128 -0.698318 -0.178675
0.070855 0.009445 0.172810 68 61 23 0.845278 -0.499213 -0.190503
0.067144 0.007028 0.167327 82 69 30 0.717927 -0.638776 -0.276669
0.068382 0.007673 0.169653 86 77 29 0.791517 -0.545039 -0.276467
0.069970 0.012379 0.164575 61 56 27 0.900235 -0.354907 -0.252224
0.067674 0.007986 0.166319 77 71 30 0.778308 -0.594857 -0.200953
0.069823 0.012715 0.163609 63 56 23 0.907195 -0.341126 -0.246233
0.068915 0.011943 0.159816 67 62 23 0.940526 -0.321974 -0.108365
0.071682 0.016104 0.163691 70 59 26 0.756164 -0.559042 -0.340129
0.067240 0.007097 0.167465 80 71 29 0.721536 -0.634916 -0.276165
0.069674 0.012086 0.163891 63 53 23 0.901305 -0.367740 -0.228947
0.072525 0.014991 0.167003 67 58 31 0.611742 -0.672759 -0.416133
0.067054 0.008447 0.162120 77 67 27 0.813921 -0.575363 -0.080559
0.068794 0.011448 0.160748 65 58 22 0.907556 -0.409879 -0.091328
0.069574 0.012511 0.163114 57 54 24 0.911114 -0.350776 -0.216395
0.067180 0.006116 0.169587 85 76 27 0.805045 -0.527247 -0.271868
0.072854 0.014275 0.168451 68 64 28 0.550197 -0.717024 -0.427972
0.070720 0.010591 0.169424 79 68 26 0.922395 -0.351076 -0.161040
0.068376 0.007510 0.170039 84 76 32 0.772389 -0.588364 -0.239254
0.068144 0.007461 0.169308 84 73 35 0.779624 -0.554369 -0.291311
0.067162 0.007118 0.167151 80 71 28 0.717962 -0.646222 -0.258702
0.073118 0.015333 0.167240 75 67 32 0.579338 -0.663566 -0.473337
0.068686 0.009615 0.165861 69 61 26 0.752969 -0.619815 -0.221062
0.071661 0.012292 0.171023 60 54 24 0.648989 -0.644192 -0.404759
0.070620 0.015396 0.162065 70 58 22 0.834738 -0.482307 -0.265692
0.070547 0.009243 0.171602 91 79 33 0.782532 -0.600857 -0.163137
0.069667 0.012896 0.162671 58 55 24 0.920854 -0.344162 -0.183250
0.067461 0.007928 0.165623 79 71 33 0.765593 -0.619347 -0.174004
0.069121 0.011236 0.163118 63 55 24 0.856839 -0.481520 -0.184297
0.071691 0.012525 0.170680 62 54 24 0.573857 -0.727863 -0.375371
0.072285 0.014066 0.168064 61 55 28 0.580393 -0.714110 -0.391397
0.069479 0.011297 0.164524 61 53 26 0.864134 -0.430751 -0.260242
0.068524 0.010961 0.159710 84 73 27 0.878226 -0.472731 -0.072423
0.068997 0.009238 0.167892 73 65 26 0.701976 -0.661918 -0.262857
0.073418 0.016120 0.166654 69 65 25 0.677172 -0.570242 -0.465039
0.073375 0.015477 0.167398 77 69 30 0.590501 -0.652037 -0.475559
0.069127 0.011559 0.162215 59 54 26 0.889886 -0.424339 -0.167447
0.069295 0.013306 0.159563 62 59 24 0.954524 -0.259173 -0.147357
0.065082 0.005353 0.166833 85 73 34 0.547522 -0.821017 -0.161712
0.069883 0.011278 0.165837 63 56 25 0.866947 -0.429067 -0.253583
0.067660 0.009307 0.162394 80 70 30 0.888098 -0.448615 -0.100135
0.066772 0.008048 0.161718 77 68 26 0.815106 -0.568189 -0.112972
0.069382 0.011662 0.163470 58 54 22 0.896975 -0.388090 -0.211713
0.069595 0.012659 0.162691 60 56 25 0.917874 -0.348938 -0.189077
0.070425 0.014752 0.162870 58 55 23 0.853439 -0.462654 -0.239984
0.070276 0.011247 0.166971 69 60 28 0.888746 -0.325899 -0.322368
0.068525 0.007621 0.170214 85 75 30 0.767115 -0.588055 -0.256371
0.068453 0.009512 0.165398 69 61 28 0.780560 -0.585241 -0.219590
0.069204 0.009230 0.168427 72 63 24 0.654180 -0.700355 -0.285570
0.066565 0.006672 0.166793 80 70 31 0.730035 -0.652856 -0.202061
0.070987 0.010440 0.171108 72 62 24 0.949398 -0.241127 -0.201251
0.067963 0.009119 0.164541 78 68 28 0.859766 -0.450212 -0.241062
0.068825 0.009208 0.167460 73 69 29 0.728089 -0.646839 -0.226904
0.066033 0.005468 0.168592 88 77 30 -0.533560 0.791440 0.298222
0.067355 0.009101 0.160880 79 70 33 0.832427 -0.545517 -0.097347
0.066713 0.007764 0.163050 74 68 25 0.772530 -0.603604 -0.197128
0.070927 0.015586 0.162546 67 56 25 0.809780 -0.519337 -0.273029
0.069942 0.011146 0.166221 63 54 26 0.853477 -0.437491 -0.283158
0.070599 0.014823 0.163167 55 54 21 0.834584 -0.472647 -0.282973
0.070402 0.015106 0.161913 65 57 23 0.857133 -0.436101 -0.274115
0.071654 0.012378 0.170835 59 53 23 0.622590 -0.684573 -0.379134
0.071245 0.010470 0.172385 62 55 22 0.891027 -0.367739 -0.266155
0.069348 0.011169 0.164253 63 54 26 0.850597 -0.467955 -0.239799
0.066506 0.007684 0.162231 74 66 32 0.816244 -0.572720 -0.075751
0.070328 0.011586 0.166904 64 56 23 0.926322 -0.246285 -0.285082
0.065427 0.005158 0.168371 85 75 33 -0.496685 0.821779 0.279257
0.071571 0.014228 0.166607 61 56 25 0.702423 -0.609337 -0.367846
0.071411 0.012160 0.170679 51 46 22 0.819425 -0.475370 -0.320259
0.070474 0.013712 0.164411 59 53 25 0.876500 -0.411951 -0.249087
0.068944 0.009317 0.167612 72 67 30 0.712799 -0.660408 -0.236174
0.068808 0.011081 0.162012 67 61 25 0.836250 -0.526777 -0.152291
0.067966 0.007891 0.167634 82 74 36 0.797333 -0.559368 -0.226645
0.069288 0.011102 0.164051 62 57 24 0.845315 -0.479936 -0.234741
0.066521 0.005786 0.168500 84 75 32 0.659840 -0.692165 -0.292437
0.070107 0.010667 0.167167 85 76 34 0.808175 -0.484701 -0.334543
0.073235 0.017029 0.165488 73 65 28 0.786926 -0.467292 -0.402971
0.067711 0.009718 0.160948 74 66 27 0.844610 -0.534035 -0.037948
0.067423 0.006714 0.169108 83 73 28 0.764325 -0.598032 -0.241175
0.068096 0.009273 0.164704 79 68 26 0.839329 -0.486802 -0.241972
0.069129 0.008001 0.170962 86 76 30 0.723947 -0.619262 -0.303997
0.067035 0.008185 0.163016 75 68 28 0.780013 -0.583385 -0.226365
0.067986 0.007726 0.168050 80 72 31 0.801484 -0.573393 -0.169836
0.073228 0.014948 0.167876 77 69 33 0.549086 -0.686196 -0.477116
0.072885 0.016453 0.165427 67 60 24 0.759294 -0.515201 -0.397544
0.067904 0.008527 0.165739 80 74 31 0.825965 -0.529961 -0.192152
0.072106 0.014682 0.166845 57 54 20 0.657335 -0.636384 -0.403641
0.067415 0.007627 0.166498 80 71 30 0.750862 -0.625663 -0.211547
0.067077 0.008014 0.163680 79 68 30 0.753222 -0.632013 -0.182255
0.072682 0.015903 0.165819 67 65 25 0.701542 -0.570270 -0.427354
0.069023 0.011710 0.161323 60 57 25 0.911665 -0.386860 -0.138590
0.068548 0.010494 0.162763 69 58 24 0.768352 -0.622352 -0.149378
0.067201 0.007867 0.164664 76 70 29 0.750562 -0.637366 -0.174416
0.070025 0.013378 0.163421 57 55 25 0.900439 -0.366034 -0.235007
0.067760 0.009751 0.161516 72 66 29 0.859038 -0.505957 -0.077853
0.066711 0.007133 0.165165 77 69 32 0.749527 -0.638518 -0.174652
0.071908 0.012008 0.172013 71 62 22 0.573101 -0.729333 -0.373670
0.066495 0.006874 0.165373 81 69 27 0.747733 -0.642451 -0.167785
0.070582 0.010066 0.169888 89 77 31 0.847513 -0.471242 -0.244239
0.071150 0.012260 0.169646 47 48 21 0.890702 -0.365060 -0.270890
0.067346 0.006008 0.170217 86 77 33 0.806017 -0.522701 -0.277705
0.069907 0.013677 0.162386 62 56 27 0.919935 -0.337557 -0.199436
0.066133 0.006715 0.164597 77 71 29 0.736383 -0.665703 -0.120747
0.068696 0.011209 0.160630 68 60 25 0.892675 -0.445560 -0.067876
0.072900 0.013392 0.170327 70 60 26 0.526531 -0.749482 -0.401301
0.071371 0.014751 0.165158 59 57 23 0.761992 -0.553034 -0.336929
0.068055 0.007019 0.170393 85 76 32 0.753552 -0.607080 -0.252216
0.071795 0.011937 0.171881 64 57 23 0.669628 -0.654894 -0.350303
0.066845 0.008027 0.162896 75 67 27 0.776751 -0.594018 -0.209287
0.069545 0.009639 0.168180 77 70 26 0.642364 -0.706392 -0.297286
0.071309 0.011307 0.171257 55 51 20 0.904304 -0.316532 -0.286428
0.069668 0.011155 0.165243 63 58 28 0.857415 -0.451998 -0.246043
0.069354 0.013328 0.159947 59 54 25 0.952931 -0.273565 -0.130706
0.069703 0.012919 0.162787 57 55 24 0.917480 -0.346314 -0.195696
0.067515 0.009381 0.161205 77 70 32 0.861743 -0.500783 -0.081328
0.071980 0.014097 0.167496 59 55 24 0.651679 -0.659737 -0.374249
0.068915 0.009036 0.168269 76 65 27 0.694354 -0.669577 -0.263703
0.071196 0.012851 0.169169 54 53 15 0.773536 -0.563677 -0.289672
0.069326 0.012037 0.162464 62 57 24 0.934045 -0.316804 -0.164909
0.068304 0.007113 0.170736 88 76 32 0.744787 -0.608675 -0.273510
0.070100 0.012117 0.165386 59 55 23 0.906388 -0.334799 -0.257623
0.070262 0.010198 0.168469 90 78 35 0.749585 -0.594813 -0.290377
0.071593 0.016052 0.163495 69 59 19 0.761458 -0.554635 -0.335502
0.071243 0.015564 0.163433 65 57 23 0.783024 -0.535199 -0.316916
0.070350 0.008868 0.172027 89 78 28 0.772175 -0.609151 -0.180778
0.071300 0.012607 0.169672 54 52 22 0.756922 -0.581348 -0.298501
0.067403 0.008071 0.164816 79 70 30 0.781355 -0.602181 -0.163897
0.070750 0.013677 0.165660 57 53 25 0.847974 -0.462218 -0.259411
0.072451 0.016598 0.164423 64 57 26 0.747874 -0.542334 -0.382830
0.066945 0.008773 0.159912 76 68 30 0.797391 -0.595660 -0.096730
0.068048 0.010015 0.162290 67 61 23 0.817333 -0.568741 -0.092196
0.070733 0.011310 0.168595 72 63 24 0.972926 -0.174401 -0.151657
0.067111 0.009114 0.159190 75 70 30 0.791774 -0.607188 -0.066455
0.070590 0.009456 0.171112 92 80 29 0.789434 -0.574786 -0.215441
0.068482 0.008782 0.167595 81 73 33 0.784710 -0.581339 -0.215116
0.073199 0.016642 0.165824 68 62 27 0.752161 -0.486455 -0.444539
0.073358 0.015589 0.167234 72 64 34 0.602026 -0.641904 -0.474894
0.072630 0.013941 0.168836 69 61 21 0.525452 -0.742392 -0.415638
0.070447 0.010071 0.169470 90 80 34 0.806784 -0.550034 -0.215784
0.066003 0.006513 0.164074 77 68 32 0.747372 -0.652569 -0.124852
0.069377 0.008214 0.171136 87 75 30 0.708255 -0.645506 -0.285827
0.067793 0.009498 0.163101 79 70 31 0.879578 -0.453612 -0.143448
0.072078 0.013564 0.168792 65 55 27 0.517790 -0.771743 -0.369196
0.070447 0.009558 0.170394 88 78 35 0.764351 -0.568912 -0.303492
0.072857 0.013551 0.169941 65 60 26 0.545899 -0.743956 -0.385388
0.068477 0.008035 0.169289 84 75 34 0.775994 -0.559049 -0.292057
0.072530 0.016826 0.164223 69 61 23 0.750175 -0.533064 -0.391255
0.072366 0.012088 0.172289 78 70 24 0.427574 -0.803632 -0.413952
0.068853 0.011591 0.160317 71 63 28 0.927024 -0.365825 -0.082456
0.071750 0.016057 0.163886 68 59 29 0.753688 -0.560517 -0.343183
0.070313 0.014545 0.162630 63 57 24 0.876035 -0.428365 -0.221511
0.070458 0.010662 0.168212 91 79 35 0.860630 -0.413271 -0.297527
0.068101 0.010276 0.159694 68 62 24 0.810689 -0.583556 -0.047387
0.070678 0.012627 0.167262 53 49 21 0.904660 -0.358168 -0.230883
0.068540 0.007277 0.171045 88 77 29 0.736084 -0.613900 -0.285144
0.070992 0.015592 0.162916 67 56 20 0.805198 -0.524666 -0.276374
0.067634 0.009598 0.160443 78 67 30 0.829774 -0.554808 -0.060528
0.071990 0.014991 0.166050 62 56 25 0.661759 -0.653520 -0.367405
0.069998 0.014324 0.161705 62 54 24 0.898251 -0.370963 -0.235652
0.069071 0.011081 0.163395 64 58 20 0.837134 -0.509171 -0.199878
0.070567 0.010493 0.168803 84 74 33 0.891130 -0.401164 -0.212028
0.070839 0.009651 0.171943 80 69 21 0.880710 -0.454176 -0.134437
0.072681 0.013592 0.169432 66 60 21 0.535524 -0.760557 -0.367107
0.072088 0.015187 0.165888 63 59 28 0.646323 -0.645241 -0.407346
0.067851 0.009699 0.162619 77 68 29 0.856962 -0.506116 -0.097272
0.068729 0.010125 0.164635 67 61 25 0.741089 -0.623812 -0.248285
0.066496 0.007327 0.163766 77 68 30 0.781820 -0.606499 -0.144625
0.070935 0.009981 0.171607 75 66 28 0.919077 -0.367030 -0.143480
0.071075 0.015129 0.163929 61 54 27 0.790071 -0.554738 -0.260871
0.069949 0.014121 0.161908 61 57 24 0.904503 -0.362869 -0.224053
0.070974 0.009361 0.173260 66 56 23 0.839262 -0.507672 -0.194700
0.065861 0.005862 0.166706 81 72 32 0.617550 -0.768010 -0.169686
0.069559 0.008562 0.170827 83 74 27 0.668321 -0.686312 -0.286920
0.068271 0.010646 0.159205 82 73 35 0.848596 -0.522622 -0.082166
0.068353 0.009508 0.165073 72 63 31 0.790806 -0.560329 -0.246289
0.067129 0.008971 0.160127 78 68 32 0.798853 -0.593242 -0.099490
0.070202 0.011828 0.166067 63 56 23 0.915562 -0.329021 -0.231284
0.068903 0.012101 0.159603 68 62 23 0.944093 -0.308483 -0.116302
0.068050 0.009644 0.163786 75 66 24 0.805480 -0.550158 -0.220292
0.071907 0.016494 0.163543 67 58 20 0.748046 -0.567802 -0.343553
0.070784 0.012465 0.167811 52 49 23 0.936528 -0.282217 -0.208010
0.066281 0.006042 0.167449 84 73 27 0.643178 -0.717901 -0.266347
0.073105 0.013817 0.169782 72 64 26 0.567809 -0.738203 -0.364209
0.068314 0.009305 0.165500 74 65 24 0.798105 -0.564853 -0.209689
0.070677 0.013163 0.166175 52 49 24 0.884974 -0.412905 -0.215246
0.066745 0.006524 0.167522 81 70 31 0.712811 -0.632423 -0.303219
0.071074 0.009619 0.173221 63 57 26 0.848059 -0.486384 -0.210301
0.070453 0.010251 0.168849 86 75 30 0.806326 -0.539021 -0.243505
0.066138 0.005824 0.167705 84 72 27 0.571989 -0.770864 -0.280354
0.068954 0.007427 0.171748 90 78 27 -0.730684 0.616633 0.293027
0.068621 0.009614 0.165629 70 62 24 0.759522 -0.610609 -0.224239
0.069739 0.010145 0.167355 84 74 28 0.692569 -0.661257 -0.288249
0.070055 0.012354 0.164904 56 54 24 0.902729 -0.344726 -0.257381
0.070602 0.010701 0.168595 83 75 34 0.908421 -0.352327 -0.225027
0.068982 0.008668 0.169387 77 69 29 0.721453 -0.639650 -0.265243
0.071350 0.012146 0.170528 50 47 19 0.825115 -0.465591 -0.320017
0.070865 0.015425 0.162715 68 57 17 0.813420 -0.520167 -0.260335
0.066786 0.005854 0.169000 87 77 35 0.728952 -0.618543 -0.293315
0.067091 0.008414 0.162445 76 67 30 0.804586 -0.583002 -0.112914
0.068208 0.007252 0.170210 86 76 34 0.742955 -0.625272 -0.238856
0.066931 0.007246 0.165885 78 72 31 0.744450 -0.645142 -0.172005
0.067343 0.009178 0.160565 80 72 31 0.817442 -0.566508 -0.104196
0.072607 0.014790 0.167482 67 61 27 0.585509 -0.667499 -0.460027
0.070165 0.008231 0.173161 84 75 31 0.771491 -0.590254 -0.237489
0.069940 0.010777 0.166764 69 63 26 0.795252 -0.500903 -0.341571
0.070404 0.013282 0.165023 56 52 24 0.899201 -0.378228 -0.219958
0.070079 0.008544 0.172132 86 76 29 0.734866 -0.630027 -0.251074
0.067101 0.007579 0.165791 80 70 30 0.754304 -0.634040 -0.170348
0.071477 0.014381 0.166218 61 55 26 0.721815 -0.607651 -0.331275
0.067486 0.008407 0.164140 79 71 32 0.831184 -0.526531 -0.178602
0.071330 0.011787 0.170949 51 49 21 0.884456 -0.359361 -0.297652
0.072053 0.014552 0.166986 58 54 22 0.668761 -0.619695 -0.410776
0.067936 0.008504 0.165907 81 72 29 0.822217 -0.532391 -0.201294
0.069538 0.010285 0.166663 68 61 26 0.728289 -0.616711 -0.298769
0.072130 0.014276 0.167425 60 55 23 0.652359 -0.642592 -0.401875
0.071919 0.015351 0.165341 65 60 28 0.691985 -0.617367 -0.374185
0.067002 0.005998 0.169218 86 75 31 0.784460 -0.552465 -0.281788
0.065626 0.005553 0.167326 82 72 28 0.549910 -0.814331 -0.185647
0.068287 0.010319 0.162105 64 56 29 0.782504 -0.611740 -0.116024
0.067539 0.006442 0.170098 82 74 30 0.797051 -0.546077 -0.257894
0.069292 0.009947 0.166790 66 60 28 0.707705 -0.656017 -0.262289
0.071433 0.010450 0.172796 56 54 26 0.882434 -0.386292 -0.268493
0.070335 0.010739 0.167776 90 79 35 0.849146 -0.445508 -0.283680
0.070701 0.009380 0.172045 84 69 26 0.854083 -0.502668 -0.133666
0.070558 0.009490 0.170901 91 79 32 0.788666 -0.563955 -0.244867
0.072658 0.012475 0.171670 77 68 25 0.389021 -0.831207 -0.397188
0.072988 0.017204 0.164808 75 64 26 0.783746 -0.476955 -0.397815
0.070642 0.013947 0.164620 61 55 25 0.853284 -0.448816 -0.265463
0.067860 0.007846 0.167410 83 73 37 0.786842 -0.567540 -0.242443
0.071290 0.014853 0.164857 63 58 23 0.753469 -0.544782 -0.368098
0.072210 0.016325 0.164394 67 57 23 0.727863 -0.570731 -0.380107
0.067351 0.007931 0.165172 79 68 32 0.761311 -0.628331 -0.160018
0.069765 0.013994 0.161382 59 56 22 0.925500 -0.326019 -0.192774
0.073182 0.014051 0.169276 76 67 29 0.577156 -0.730566 -0.364917
0.068325 0.009631 0.164787 71 62 26 0.774809 -0.574492 -0.263874
0.068550 0.008641 0.168041 84 73 32 0.784005 -0.584627 -0.208679
0.071138 0.013172 0.167901 56 52 23 0.739981 -0.636328 -0.217979
0.068926 0.007878 0.170836 84 75 29 0.733233 -0.607753 -0.304968
0.067556 0.008448 0.164352 79 71 32 0.832164 -0.525186 -0.177995
0.070216 0.013042 0.164576 59 55 21 0.904766 -0.351944 -0.239864
0.070076 0.008649 0.171883 90 76 24 0.717908 -0.653615 -0.239573
0.067801 0.009335 0.163723 77 69 31 0.872641 -0.450510 -0.188517
0.065705 0.006138 0.165177 83 73 31 0.666608 -0.720411 -0.191422
0.070124 0.014955 0.161282 62 57 27 0.894974 -0.380202 -0.233382
0.072144 0.015550 0.165386 69 62 27 0.685058 -0.617356 -0.386740
0.066256 0.007234 0.162629 76 67 24 0.806504 -0.578684 -0.121147
0.070862 0.013997 0.165263 62 59 22 0.805150 -0.532941 -0.260207
0.069223 0.009495 0.167894 72 65 24 0.661883 -0.694354 -0.282457
0.071040 0.009856 0.172403 70 60 24 0.875494 -0.441539 -0.196350
0.070108 0.014636 0.161594 60 55 24 0.892015 -0.379404 -0.245688
0.069321 0.009821 0.167319 68 64 25 0.677413 -0.690611 -0.253316
0.066384 0.006657 0.165692 81 71 25 0.744170 -0.646398 -0.168469
0.069389 0.011054 0.164523 64 57 20 0.842083 -0.468881 -0.266548
0.071694 0.011138 0.172794 55 50 22 0.829650 -0.445608 -0.336326
0.071526 0.014621 0.165771 62 56 20 0.730863 -0.598934 -0.327287
0.068159 0.008070 0.167840 80 72 33 0.830328 -0.521714 -0.195882
0.067132 0.005925 0.169719 84 77 31 0.805045 -0.527247 -0.271868
0.072641 0.013041 0.170425 71 62 25 0.480523 -0.773561 -0.413160
0.065205 0.005233 0.167723 85 75 30 0.516416 -0.830693 -0.207996
0.068714 0.011361 0.159727 85 74 27 0.913023 -0.398055 -0.089107
0.072408 0.013997 0.168427 65 58 25 0.547437 -0.738035 -0.394484
0.069557 0.011903 0.163698 59 53 25 0.903923 -0.366457 -0.220529
0.070795 0.013045 0.166988 55 52 19 0.853267 -0.461990 -0.241870
0.070063 0.014106 0.162434 62 55 26 0.900940 -0.379517 -0.210416
0.071053 0.010738 0.171137 65 58 23 0.932062 -0.272938 -0.238256
0.068148 0.009059 0.165387 79 69 30 0.830035 -0.522704 -0.194479
0.071868 0.013563 0.168471 58 56 25 0.568058 -0.758315 -0.319796
0.070794 0.010065 0.170662 84 73 30 0.910639 -0.333187 -0.244383
0.067889 0.009779 0.163009 80 68 29 0.835389 -0.530528 -0.143754
0.072502 0.011642 0.173182 78 71 25 0.617957 -0.678346 -0.397462
0.067734 0.009486 0.162202 76 68 31 0.882213 -0.461607 -0.092843
0.070227 0.010912 0.167162 85 75 32 0.843077 -0.427220 -0.326657
0.071746 0.015051 0.165537 63 54 25 0.708232 -0.603103 -0.366978
0.067186 0.008642 0.161780 76 68 29 0.826573 -0.551511 -0.112308
0.070630 0.009767 0.170564 85 74 33 0.828193 -0.484646 -0.281450
0.069054 0.009462 0.167556 72 64 28 0.702152 -0.672612 -0.233615
0.066928 0.006514 0.167951 85 72 29 0.743003 -0.616635 -0.260206
0.066901 0.006291 0.168514 81 72 32 0.767678 -0.588280 -0.254159
0.069692 0.008050 0.172269 87 74 32 0.734464 -0.620165 -0.275605
0.067467 0.006664 0.169357 83 72 29 0.770729 -0.594631 -0.228888
0.072368 0.015775 0.165435 66 62 29 0.702190 -0.590153 -0.398306
0.069307 0.013220 0.159786 60 54 25 0.955707 -0.258865 -0.140044
0.067213 0.008611 0.162360 77 67 30 0.815830 -0.569625 -0.099744
0.071299 0.014250 0.166051 62 57 25 0.746788 -0.588543 -0.309719
0.068893 0.009855 0.165849 69 60 24 0.746886 -0.625069 -0.226823
0.070151 0.011050 0.166911 70 64 28 0.839963 -0.423042 -0.339849
0.068051 0.008505 0.166307 83 74 29 0.816014 -0.538665 -0.209670
0.068504 0.008496 0.168579 84 76 33 0.766948 -0.587081 -0.259088
0.068978 0.012327 0.159272 70 62 28 0.946250 -0.291741 -0.139637
0.068982 0.011506 0.161714 61 55 25 0.884826 -0.435526 -0.165528
0.067936 0.009923 0.162155 70 64 28 0.829148 -0.550387 -0.097922
0.070942 0.014655 0.164420 60 56 28 0.810825 -0.492093 -0.316871
0.066389 0.006778 0.165267 79 70 30 0.736493 -0.648670 -0.191848
0.069291 0.007679 0.172072 87 75 32 0.732376 -0.617310 -0.287322
0.071331 0.015061 0.164672 61 55 24 0.744252 -0.566771 -0.353354
0.068067 0.006891 0.170627 86 75 32 0.753904 -0.602035 -0.263027
0.070087 0.014278 0.162177 61 55 25 0.899177 -0.382871 -0.211873
0.069155 0.012750 0.159635 61 57 27 0.952830 -0.275720 -0.126860
0.068595 0.010854 0.161776 67 61 22 0.821712 -0.560689 -0.102069
0.067562 0.009121 0.162559 80 69 28 0.872996 -0.477557 -0.099082
0.069040 0.011914 0.160955 62 59 28 0.928746 -0.349358 -0.124015
0.069576 0.009565 0.168412 79 68 31 0.637356 -0.717447 -0.281152
0.070936 0.012247 0.168903 47 45 22 0.946707 -0.239611 -0.215252
0.068923 0.010947 0.162950 66 60 28 0.816461 -0.550769 -0.173336
0.070564 0.009095 0.172489 77 67 24 0.811207 -0.551331 -0.194879
0.068077 0.008074 0.167535 85 73 33 0.813511 -0.533775 -0.230832
0.070704 0.012485 0.167513 51 49 24 0.923705 -0.310882 -0.223880
0.067584 0.007253 0.167885 80 70 30 0.748534 -0.622545 -0.228329
0.069200 0.012260 0.161442 68 58 28 0.930009 -0.339752 -0.140182
0.071628 0.014642 0.166017 57 57 21 0.715916 -0.615070 -0.330383
0.066605 0.007129 0.164837 76 69 33 0.742850 -0.643790 -0.183597
0.068523 0.008222 0.169004 86 75 31 0.764681 -0.578413 -0.284078
0.070064 0.011603 0.165939 63 55 27 0.890886 -0.373763 -0.258114
0.067149 0.008737 0.161293 75 69 34 0.815607 -0.560217 -0.144714
0.067479 0.007437 0.167337 79 71 29 0.734933 -0.631030 -0.248343
0.070056 0.009827 0.168818 90 77 31 0.685899 -0.684616 -0.246664
0.069769 0.013593 0.161861 59 55 25 0.928970 -0.311189 -0.200440
0.067988 0.010104 0.161000 63 60 27 0.812667 -0.582277 -0.022937
0.072308 0.014165 0.167925 64 56 22 0.597991 -0.690786 -0.406474
0.067400 0.006756 0.168878 81 71 29 0.769601 -0.590601 -0.242702
0.072227 0.014499 0.167258 59 54 25 0.659284 -0.629039 -0.411891
0.070560 0.011058 0.168022 82 70 34 0.911996 -0.316695 -0.260706
0.068896 0.008647 0.169069 80 72 28 0.710205 -0.643595 -0.285297
0.070421 0.008797 0.172698 74 66 26 0.790412 -0.573659 -0.214858
0.068539 0.011132 0.159106 87 77 33 0.896105 -0.425501 -0.126270
0.068741 0.009259 0.167107 73 65 28 0.743452 -0.635743 -0.207630
0.068010 0.009946 0.162752 70 64 27 0.802212 -0.587061 -0.108699
0.070223 0.013890 0.163337 58 55 26 0.881532 -0.401362 -0.248617
0.068824 0.011894 0.159154 75 67 31 0.935625 -0.322259 -0.144065
0.068211 0.008304 0.167479 83 74 33 0.834256 -0.511408 -0.206105
0.067373 0.008898 0.161944 80 69 32 0.846306 -0.521474 -0.108768
0.067775 0.006954 0.169483 83 72 29 0.750974 -0.618280 -0.231879
0.067624 0.009657 0.159612 77 68 29 0.795789 -0.603112 -0.054547
0.072355 0.011765 0.172785 79 68 28 0.548692 -0.732480 -0.403001
0.072961 0.015800 0.166334 68 62 31 0.671077 -0.590891 -0.447776
0.067244 0.007948 0.164513 79 69 27 0.749255 -0.638346 -0.176440
0.069683 0.010919 0.165802 64 56 25 0.827337 -0.509206 -0.237112
0.072007 0.014363 0.167093 59 54 25 0.674532 -0.617195 -0.405064
0.070346 0.014960 0.161982 64 55 27 0.854560 -0.441267 -0.273881
0.069716 0.009695 0.168382 88 77 30 0.643582 -0.705921 -0.295766
0.070387 0.011163 0.167309 78 65 31 0.907890 -0.276902 -0.314740
0.072753 0.016737 0.164787 70 64 23 0.778404 -0.487732 -0.395227
0.070871 0.012690 0.168009 46 47 20 0.910591 -0.370959 -0.182245
0.067720 0.007820 0.166927 80 73 28 0.774110 -0.591396 -0.225841
0.071652 0.010839 0.173099 53 49 21 0.857654 -0.401709 -0.321030
0.070175 0.012646 0.165000 54 54 24 0.910046 -0.333198 -0.246565
0.070107 0.011091 0.166737 64 59 25 0.842797 -0.423933 -0.331623
0.066723 0.007958 0.162426 75 67 27 0.803596 -0.584858 -0.110337
0.067289 0.007696 0.165805 81 70 30 0.754420 -0.631844 -0.177828
0.068272 0.007686 0.169327 86 74 32 0.785789 -0.544431 -0.293481
0.067905 0.010006 0.160335 70 63 25 0.810608 -0.584868 -0.029067
0.067039 0.006822 0.167565 79 71 30 0.718947 -0.637724 -0.276446
0.065903 0.005968 0.166308 80 73 27 0.637208 -0.752778 -0.165199
0.065965 0.006207 0.165586 82 73 28 0.674284 -0.711639 -0.197259
0.068073 0.010045 0.162861 71 63 27 0.784812 -0.609563 -0.111819
0.068810 0.009395 0.166876 69 62 28 0.730869 -0.644399 -0.224902
0.073166 0.015574 0.166990 72 66 30 0.621949 -0.643088 -0.446786
0.068490 0.010395 0.163319 64 58 26 0.751962 -0.627872 -0.200823
0.067325 0.006508 0.169392 80 74 31 0.798235 -0.551188 -0.242925
0.068202 0.009779 0.164023 71 62 23 0.772715 -0.592743 -0.227082
0.067876 0.008690 0.165307 77 71 34 0.841941 -0.511756 -0.171002
0.071061 0.011108 0.170804 62 56 25 0.933625 -0.268817 -0.236816
0.071817 0.014199 0.167085 60 55 17 0.671628 -0.628690 -0.392000
0.070821 0.010027 0.170728 84 72 32 0.917087 -0.324558 -0.231545
0.069589 0.010153 0.166972 74 66 24 0.698748 -0.651418 -0.295645
0.067614 0.009692 0.159915 79 68 29 0.803392 -0.593804 -0.044260
0.069496 0.012974 0.161416 60 55 25 0.935755 -0.307689 -0.172308
0.071279 0.013505 0.167262 60 55 29 0.722622 -0.626398 -0.292304
0.068012 0.010159 0.160021 64 61 26 0.806808 -0.590099 -0.029063
0.069301 0.007556 0.172277 87 76 30 0.732410 -0.617074 -0.287743
0.068723 0.008090 0.169979 87 75 33 0.771974 -0.572973 -0.275241
0.068388 0.007603 0.169831 86 77 30 0.785776 -0.563241 -0.255568
0.070749 0.011183 0.169160 73 64 23 0.976366 -0.166394 -0.137920
0.068302 0.007210 0.170545 88 75 37 0.742409 -0.615154 -0.265358
0.070642 0.010355 0.169497 84 71 30 0.878859 -0.441798 -0.180061
0.069362 0.013348 0.160198 60 56 26 0.948530 -0.286297 -0.135372
0.073143 0.015210 0.167433 75 67 32 0.567242 -0.671383 -0.476950
0.067988 0.007078 0.170076 87 74 28 0.749680 -0.620479 -0.230188
0.068647 0.011522 0.158893 87 75 31 0.913291 -0.379268 -0.148514
0.070788 0.014504 0.164240 63 57 27 0.838875 -0.466621 -0.280273
0.072309 0.014814 0.167023 61 56 25 0.647726 -0.648928 -0.399178
0.066803 0.005550 0.169520 90 80 34 0.721240 -0.634278 -0.278395
0.072666 0.012751 0.171149 79 68 28 0.410553 -0.820384 -0.398016
0.070543 0.011466 0.167636 68 59 24 0.941479 -0.188150 -0.279672
0.072436 0.013706 0.168933 65 58 22 0.518127 -0.753532 -0.404640
0.070006 0.011980 0.165264 62 55 24 0.900871 -0.345778 -0.262428
0.069576 0.013097 0.161639 60 55 24 0.937037 -0.304319 -0.171322
0.071139 0.014365 0.165350 64 57 27 0.771834 -0.560523 -0.300143
0.071910 0.013685 0.168197 60 57 20 0.584915 -0.741191 -0.329410
0.066107 0.006293 0.165764 82 71 31 0.711682 -0.674821 -0.195256
0.068136 0.007926 0.168127 82 74 29 0.837108 -0.524970 -0.153808
0.071674 0.016244 0.163331 64 58 23 0.762437 -0.556341 -0.330417
0.069645 0.009744 0.168088 83 75 27 0.645194 -0.700208 -0.305669
0.066943 0.006147 0.168781 84 75 33 0.778236 -0.570746 -0.261913
0.071381 0.011865 0.171068 51 47 21 0.857249 -0.416524 -0.302707
0.071157 0.013370 0.167248 57 55 28 0.736223 -0.623740 -0.262533
0.071035 0.010931 0.170985 64 57 26 0.926323 -0.278234 -0.253991
0.066195 0.005345 0.169007 90 81 35 -0.582799 0.748279 0.316898
0.073327 0.014397 0.168870 75 70 30 0.549012 -0.724940 -0.415989
0.072746 0.015560 0.166338 71 63 32 0.654709 -0.637021 -0.406890
0.071705 0.015401 0.164869 64 59 29 0.705349 -0.608982 -0.362800
0.069593 0.014226 0.159805 63 58 25 0.942385 -0.297290 -0.153392
0.070936 0.013164 0.167181 55 53 23 0.816400 -0.526644 -0.236932
0.066150 0.006188 0.166693 82 72 33 0.719925 -0.672732 -0.170704
0.069152 0.010133 0.165908 69 61 24 0.755830 -0.609238 -0.239898
0.071106 0.010112 0.172344 67 57 28 0.891525 -0.396896 -0.218305
0.069537 0.012902 0.161889 59 56 23 0.930259 -0.330457 -0.159425
0.067294 0.007338 0.167017 81 71 29 0.727628 -0.645438 -0.232310
0.069308 0.012967 0.160263 63 59 24 0.954123 -0.276012 -0.116042
0.069914 0.010930 0.166516 62 57 24 0.829781 -0.461496 -0.313824
0.068316 0.010546 0.160563 70 62 23 0.822484 -0.567211 -0.042329
0.069325 0.012133 0.162287 64 58 23 0.929899 -0.324290 -0.173561
0.067141 0.008921 0.160522 78 69 32 0.801185 -0.585789 -0.122287
0.067901 0.009781 0.162419 74 65 30 0.841783 -0.533865 -0.079932
0.070256 0.013845 0.163508 59 56 23 0.881445 -0.403457 -0.245516
0.071385 0.010114 0.173215 62 57 20 0.870708 -0.435233 -0.228998
0.068789 0.011424 0.160546 69 59 25 0.911339 -0.402757 -0.085139
0.067515 0.009262 0.161758 76 69 33 0.875153 -0.470951 -0.110958
0.070972 0.009906 0.172055 70 64 21 0.903398 -0.393648 -0.170040
0.068776 0.009808 0.165594 67 61 23 0.745818 -0.625549 -0.229007
0.070115 0.009099 0.170556 89 77 30 0.671253 -0.688134 -0.275485
0.069009 0.011031 0.163176 64 58 29 0.827461 -0.525311 -0.198385
0.067049 0.008923 0.159776 79 70 26 0.795296 -0.601003 -0.079373
0.068138 0.010333 0.160735 64 59 26 0.809984 -0.585784 -0.027998
0.069668 0.013366 0.161699 59 56 25 0.935111 -0.299357 -0.189614
0.069586 0.009500 0.168670 81 70 23 0.637158 -0.719479 -0.276369
0.070861 0.010752 0.170072 78 67 25 0.957860 -0.236286 -0.163317
0.067656 0.007488 0.167625 79 71 32 0.752962 -0.610702 -0.245134
0.069177 0.011103 0.163721 62 54 26 0.840109 -0.496367 -0.218718
0.068617 0.008757 0.168051 82 74 29 0.769188 -0.600770 -0.217775
0.066987 0.007634 0.164715 77 68 29 0.740959 -0.646479 -0.181782
0.067663 0.009276 0.162806 82 71 28 0.880937 -0.460934 -0.107195
0.069207 0.011367 0.163253 59 55 21 0.884391 -0.429301 -0.183174
0.070906 0.014809 0.164062 63 54 26 0.808621 -0.520800 -0.273677
0.069559 0.011712 0.163973 59 53 22 0.894552 -0.386394 -0.224668
0.070905 0.009615 0.172398 73 62 26 0.856778 -0.485090 -0.174983
0.071525 0.010470 0.173109 58 51 27 0.875132 -0.401975 -0.269371
0.067640 0.006722 0.169789 82 75 30 0.768456 -0.593247 -0.239860
0.070823 0.012018 0.168543 53 49 22 0.969782 -0.171228 -0.173790
0.067688 0.007614 0.167515 81 71 33 0.752040 -0.609615 -0.250612
0.071412 0.013371 0.167964 60 50 25 0.655605 -0.712049 -0.251333
0.071497 0.013220 0.168675 61 55 24 0.596879 -0.754599 -0.272610
0.066091 0.006768 0.163518 76 68 26 0.796335 -0.590448 -0.131230
0.070403 0.013889 0.163997 59 55 26 0.875906 -0.404961 -0.262289
0.069424 0.009391 0.168536 73 64 27 0.645948 -0.710606 -0.278909
0.070028 0.011737 0.165664 62 56 26 0.897233 -0.358602 -0.257639
0.067701 0.006736 0.170060 82 73 31 0.773324 -0.584165 -0.246417
0.067636 0.008903 0.163537 82 73 32 0.882667 -0.429784 -0.190222
0.068617 0.011120 0.159961 82 70 29 0.894841 -0.440997 -0.069144
0.071004 0.010078 0.171985 71 61 20 0.907508 -0.376786 -0.185638
0.069760 0.009476 0.169124 86 75 23 0.661231 -0.695446 -0.281299
0.069730 0.011880 0.164495 62 56 20 0.894615 -0.370304 -0.250080
0.070903 0.011486 0.169687 65 54 24 0.955789 -0.215222 -0.200367
0.069192 0.010303 0.165617 68 62 25 0.765375 -0.599260 -0.234710
0.069849 0.011102 0.166012 62 55 27 0.849337 -0.456676 -0.264715
0.067479 0.007272 0.167649 79 70 30 0.739184 -0.624406 -0.252439
0.067834 0.009129 0.164004 82 69 30 0.877740 -0.426845 -0.217660
0.069698 0.013232 0.162235 59 56 22 0.927789 -0.327875 -0.178058
0.068816 0.011483 0.161008 65 56 23 0.902927 -0.416043 -0.107847
0.069327 0.011322 0.163848 63 53 25 0.876487 -0.426690 -0.222949
0.070840 0.010382 0.170560 76 65 29 0.942813 -0.251066 -0.219247
0.073337 0.014918 0.168039 76 69 33 0.554921 -0.685383 -0.471501
0.071694 0.013612 0.167979 60 56 18 0.623804 -0.718126 -0.308485
0.068703 0.010917 0.162532 69 59 26 0.804738 -0.567363 -0.174628
0.071823 0.013346 0.168867 62 55 23 0.512825 -0.786755 -0.343551
0.071295 0.012825 0.169341 55 53 21 0.743477 -0.600315 -0.294726
0.068184 0.010356 0.161529 63 58 24 0.790839 -0.607084 -0.077604
0.070014 0.013306 0.163605 62 55 26 0.903886 -0.352366 -0.242546
0.067575 0.008557 0.164051 80 70 31 0.841973 -0.508269 -0.180954
0.072210 0.015397 0.165762 67 62 26 0.658023 -0.629636 -0.412995
0.067910 0.009345 0.163935 80 68 27 0.860902 -0.461270 -0.214657
0.066345 0.005661 0.168486 86 77 31 0.601842 -0.734612 -0.313260
0.070693 0.011887 0.168031 59 54 21 0.963162 -0.151296 -0.222327
0.068332 0.010092 0.163528 68 60 23 0.740197 -0.632239 -0.228872
0.071657 0.014886 0.165704 61 55 22 0.718266 -0.600736 -0.351014
0.070568 0.011938 0.167545 56 55 25 0.950956 -0.174659 -0.255298
0.068569 0.007612 0.170358 87 74 31 0.760875 -0.592202 -0.265264
0.068241 0.010219 0.162261 63 58 24 0.786131 -0.604948 -0.126630
0.070189 0.013168 0.164250 58 55 23 0.901209 -0.353743 -0.250376
0.067625 0.008207 0.165412 80 70 34 0.811495 -0.559294 -0.169310
0.071137 0.011016 0.171174 59 54 24 0.915522 -0.296735 -0.271602
0.070692 0.009423 0.171790 86 73 30 0.860446 -0.493206 -0.127992
0.071252 0.010716 0.171856 57 53 25 0.911647 -0.339046 -0.232268
0.072468 0.016107 0.165116 62 59 22 0.717565 -0.570879 -0.398996
0.067774 0.009125 0.163759 83 71 30 0.887427 -0.416694 -0.197075
0.070529 0.014918 0.162521 61 55 23 0.843914 -0.488183 -0.222456
0.070363 0.013418 0.164660 53 53 23 0.894258 -0.381136 -0.234603
0.073159 0.014380 0.168702 76 68 26 0.540215 -0.722440 -0.431565
0.067538 0.006276 0.170292 86 74 31 0.797571 -0.541719 -0.265371
0.071427 0.015689 0.163669 66 57 26 0.770768 -0.553330 -0.315820
0.071792 0.014637 0.166384 57 54 24 0.681931 -0.632143 -0.367920
0.065773 0.006114 0.165376 82 73 32 0.657265 -0.728741 -0.192196
0.071120 0.009804 0.172905 64 57 28 0.858789 -0.466218 -0.212422
0.072063 0.013022 0.170014 67 58 24 0.418774 -0.820509 -0.389092
0.065884 0.005791 0.167092 81 71 35 0.623115 -0.756430 -0.198850
0.069114 0.011966 0.161248 63 59 27 0.927188 -0.347922 -0.138823
0.069732 0.008816 0.170556 82 73 31 0.649664 -0.700984 -0.294208
0.068595 0.009006 0.167334 79 71 30 0.770654 -0.603824 -0.203688
0.068593 0.009102 0.166995 78 66 30 0.774175 -0.604671 -0.187152
0.072504 0.015085 0.166857 70 62 20 0.630204 -0.674125 -0.385226
0.066917 0.008473 0.161060 78 67 31 0.803823 -0.573437 -0.158235
0.070713 0.009733 0.170831 88 76 34 0.860975 -0.450846 -0.235499
0.070586 0.012633 0.166938 50 50 22 0.905132 -0.359426 -0.227043
0.068560 0.009259 0.166496 71 61 29 0.778753 -0.586170 -0.223492
0.071361 0.013218 0.168399 58 54 23 0.646804 -0.721171 -0.248107
0.068797 0.009509 0.166545 67 60 30 0.735239 -0.635789 -0.234940
0.070956 0.012967 0.167701 57 54 25 0.849252 -0.491913 -0.191816
0.066053 0.006580 0.164387 80 70 28 0.736134 -0.666017 -0.120531
0.072317 0.012786 0.170621 76 66 21 0.387520 -0.836141 -0.388197
0.066672 0.006734 0.166910 81 72 31 0.725693 -0.647712 -0.232034
0.068672 0.009963 0.164885 68 60 24 0.748514 -0.612468 -0.254185
0.070836 0.009730 0.171738 83 71 25 0.904055 -0.405139 -0.136189
0.067708 0.007029 0.169177 83 72 31 0.747824 -0.614668 -0.250882
0.067893 0.009488 0.163572 78 70 28 0.862146 -0.467867 -0.194436
0.070484 0.010155 0.169299 88 75 31 0.810872 -0.545053 -0.213081
0.067579 0.007203 0.168396 82 73 24 0.767136 -0.614089 -0.185464
0.071325 0.011908 0.170742 51 45 26 0.872778 -0.379320 -0.307206
0.071951 0.012639 0.170765 72 61 24 0.448546 -0.802330 -0.393794
0.071022 0.012654 0.168712 48 46 19 0.877713 -0.424138 -0.222996
0.072288 0.014888 0.166819 61 56 27 0.643097 -0.661391 -0.385991
0.067343 0.006274 0.169768 84 72 34 0.803665 -0.535404 -0.259742
0.072532 0.015866 0.165651 69 63 28 0.707768 -0.575044 -0.410353
0.072394 0.012460 0.171465 77 65 25 0.392407 -0.826361 -0.403913
0.070245 0.014503 0.162337 62 58 25 0.885564 -0.413008 -0.212603
0.067108 0.007177 0.166791 78 72 29 0.721645 -0.656351 -0.220075
0.068158 0.007320 0.169845 85 75 32 0.757247 -0.614134 -0.222298
0.070165 0.011356 0.166611 64 54 25 0.886650 -0.339319 -0.314187
0.068318 0.008311 0.167756 84 72 34 0.838341 -0.505611 -0.203818
0.071863 0.015091 0.165758 62 57 22 0.680941 -0.629993 -0.373400
0.070826 0.013240 0.166677 53 52 22 0.831603 -0.502777 -0.235907
0.068583 0.007371 0.170909 88 75 33 0.739480 -0.611603 -0.281268
0.065781 0.006321 0.164575 79 70 29 0.712118 -0.689440 -0.132515
0.069386 0.012435 0.162212 63 57 27 0.923607 -0.346699 -0.163557
0.069345 0.010557 0.165511 64 60 28 0.791823 -0.564120 -0.234063
0.072654 0.012953 0.170619 74 64 26 0.467007 -0.786802 -0.403544
0.071382 0.013138 0.168786 55 54 23 0.639654 -0.729011 -0.243694
0.066817 0.007897 0.163055 74 67 27 0.767914 -0.608106 -0.201281
0.068323 0.007632 0.169491 85 77 28 0.790982 -0.542429 -0.283052
0.067797 0.008337 0.165803 83 74 31 0.818933 -0.541254 -0.190770
0.073279 0.014673 0.168412 73 69 34 0.544885 -0.706256 -0.451999
0.069802 0.008701 0.171030 87 77 27 0.668229 -0.694005 -0.268006
0.066503 0.007674 0.161969 77 67 29 0.817625 -0.572544 -0.060684
0.071540 0.010823 0.172700 54 50 22 0.875038 -0.383494 -0.295366
0.068300 0.009942 0.163783 68 61 22 0.750778 -0.621160 -0.224703
0.068761 0.009212 0.167300 73 68 31 0.737631 -0.643616 -0.204107
0.072936 0.012921 0.171191 75 64 26 0.442096 -0.802893 -0.399892
0.073022 0.013605 0.170128 70 62 24 0.565813 -0.732990 -0.377600
0.073269 0.015256 0.167528 76 69 29 0.567242 -0.671383 -0.476950
0.069838 0.014498 0.160674 59 56 25 0.928267 -0.327854 -0.175592
0.071179 0.012610 0.169381 53 50 20 0.807120 -0.513461 -0.291403
0.070415 0.013715 0.164244 55 54 29 0.877891 -0.403615 -0.257686
0.067582 0.009040 0.162901 79 69 27 0.871930 -0.471507 -0.131981
0.069527 0.010969 0.165119 67 59 29 0.836384 -0.485591 -0.254289
0.071714 0.011312 0.172624 57 51 24 0.794678 -0.512977 -0.324565
0.069636 0.009385 0.169000 80 69 26 0.650456 -0.703837 -0.285517
0.070575 0.014379 0.163733 61 57 27 0.859088 -0.445795 -0.251463
0.066888 0.007626 0.164361 77 69 27 0.736179 -0.652057 -0.181280
0.070278 0.011733 0.166579 61 56 23 0.920721 -0.289454 -0.261706
0.069401 0.013185 0.160701 61 59 21 0.941189 -0.296572 -0.161892
0.070332 0.010957 0.167420 88 76 33 0.863269 -0.398971 -0.309174
0.069585 0.013545 0.161019 62 57 22 0.940206 -0.293541 -0.172762
0.070450 0.010459 0.168480 89 78 36 0.827660 -0.487939 -0.277298
0.068097 0.009204 0.164845 79 68 24 0.842753 -0.485354 -0.232806
0.071240 0.015753 0.163258 64 56 22 0.784420 -0.537444 -0.309579
0.069586 0.012069 0.163633 56 54 25 0.905145 -0.350545 -0.240481
0.070707 0.013173 0.166384 53 52 21 0.878525 -0.430872 -0.206260
0.071380 0.011471 0.171328 52 48 21 0.889726 -0.342491 -0.301808
0.069458 0.008392 0.170961 88 74 28 0.689187 -0.662866 -0.292625
0.071104 0.015020 0.164272 60 54 25 0.773566 -0.554665 -0.306500
0.068776 0.010422 0.163991 65 60 27 0.759911 -0.606033 -0.235074
0.071530 0.014990 0.165180 62 56 24 0.743868 -0.569453 -0.349834
0.070677 0.015182 0.162663 64 55 24 0.824301 -0.508004 -0.249921
0.070199 0.014677 0.161890 61 56 24 0.878084 -0.402078 -0.259427
0.069957 0.013745 0.162522 62 55 24 0.910706 -0.356185 -0.209160
0.065603 0.005664 0.166579 81 73 30 0.578975 -0.798536 -0.164705
0.067251 0.006275 0.169498 85 73 29 0.802938 -0.535279 -0.262236
0.067139 0.007450 0.166119 79 71 25 0.737399 -0.648125 -0.190202
0.068781 0.010541 0.163711 66 58 28 0.765060 -0.607345 -0.214046
0.068080 0.010339 0.159138 73 66 32 0.818449 -0.571390 -0.060456
0.072434 0.011726 0.172918 80 69 28 0.580128 -0.711278 -0.396906
0.070574 0.009004 0.172730 72 63 28 0.812686 -0.548094 -0.197823
0.069701 0.013851 0.161017 59 55 25 0.935868 -0.311382 -0.164901
0.069404 0.010942 0.164781 67 60 25 0.832129 -0.492717 -0.254540
0.065766 0.005328 0.168411 86 74 34 0.500528 -0.812835 -0.297943
0.072334 0.012292 0.171710 76 66 22 0.420446 -0.819892 -0.388590
0.068363 0.008487 0.167648 84 74 29 0.833880 -0.513579 -0.202192
0.070409 0.012988 0.165344 56 52 25 0.909369 -0.344347 -0.233395
0.070485 0.012390 0.166893 52 50 22 0.935078 -0.286580 -0.208569
0.072939 0.014634 0.168032 69 65 28 0.557812 -0.688472 -0.463521
0.067027 0.007506 0.165464 79 70 32 0.746792 -0.645544 -0.159921
0.067266 0.008529 0.162992 75 68 28 0.808179 -0.549446 -0.212026
0.067962 0.007421 0.169050 84 74 30 0.784406 -0.553581 -0.279741
0.070783 0.009093 0.173160 69 58 24 0.826419 -0.529643 -0.191077
0.066877 0.006790 0.167144 80 73 25 0.717049 -0.645568 -0.262835
0.072118 0.015083 0.166069 67 59 23 0.646282 -0.657522 -0.387278
0.071570 0.015865 0.163826 67 61 27 0.754985 -0.566635 -0.330033
0.072720 0.013721 0.169274 62 61 24 0.533158 -0.755866 -0.380012
0.066933 0.006401 0.168221 83 74 28 0.758068 -0.599148 -0.257594
0.071627 0.010936 0.172849 52 50 23 0.859531 -0.398847 -0.319574
0.067111 0.006635 0.168196 79 71 31 0.757923 -0.610101 -0.230931
0.067045 0.008573 0.161437 76 69 31 0.811229 -0.566078 -0.146501
0.066687 0.006086 0.168142 83 76 32 0.700596 -0.651050 -0.292059
0.067719 0.009845 0.159216 69 65 26 0.800182 -0.597072 -0.056687
0.071715 0.013546 0.168221 59 55 22 0.593139 -0.749382 -0.294301
0.068315 0.008242 0.168365 86 75 32 0.825261 -0.537083 -0.174601
0.070415 0.015331 0.161647 67 59 25 0.863709 -0.416680 -0.283522
0.066229 0.006571 0.165279 80 69 31 0.712984 -0.673136 -0.196321
0.067646 0.008735 0.163954 79 69 32 0.877039 -0.441484 -0.189459
0.069957 0.013418 0.163154 60 53 27 0.907543 -0.357240 -0.220783
0.071362 0.011081 0.171822 54 51 19 0.903598 -0.341880 -0.258127
0.069540 0.013815 0.160308 62 56 27 0.942192 -0.299385 -0.150473
0.073114 0.017031 0.165249 77 67 24 0.785557 -0.478929 -0.391826
0.066796 0.008077 0.161879 76 69 28 0.816966 -0.571741 -0.075356
0.069703 0.012536 0.163366 58 54 25 0.909639 -0.344089 -0.232722
0.071028 0.012958 0.168096 51 49 21 0.809304 -0.549717 -0.206975
0.069136 0.009472 0.167697 70 63 28 0.682339 -0.682064 -0.263062
0.068337 0.008747 0.166964 80 74 30 0.812990 -0.551749 -0.186066
0.066736 0.006605 0.167266 82 71 31 0.715131 -0.643613 -0.272672
0.070192 0.014910 0.161560 62 58 23 0.883591 -0.398037 -0.246644
0.065205 0.005126 0.168105 84 76 26 -0.500070 0.830556 0.245168
0.071184 0.011235 0.171056 59 53 23 0.919566 -0.289628 -0.265544
0.070105 0.009596 0.169702 91 78 30 0.717167 -0.627470 -0.303237
0.068209 0.008095 0.168103 81 74 31 0.839542 -0.521613 -0.151950
0.069830 0.012167 0.164368 62 56 25 0.898921 -0.364081 -0.243692
0.067481 0.006924 0.168630 79 73 30 0.767689 -0.607462 -0.204066
0.069587 0.008255 0.171615 88 75 30 0.713791 -0.642105 -0.279650
0.069209 0.010729 0.164660 68 59 28 0.794204 -0.555686 -0.245873
0.065532 0.005920 0.165564 84 73 34 0.628352 -0.755026 -0.187375
0.069004 0.011658 0.161474 62 56 25 0.905478 -0.397504 -0.148663
0.065360 0.005478 0.167091 83 72 32 0.538328 -0.825390 -0.170103
0.067299 0.009230 0.159540 80 73 28 0.791631 -0.607102 -0.068899
0.068964 0.011303 0.162211 65 58 25 0.847022 -0.502753 -0.172605
0.070801 0.011685 0.168612 61 55 23 0.978164 -0.151959 -0.141789
0.069766 0.007944 0.172803 88 72 28 0.741183 -0.613818 -0.271799
0.065988 0.005327 0.168799 87 78 33 -0.533440 0.788066 0.307235
0.069662 0.013016 0.162335 59 56 22 0.923295 -0.345073 -0.168676
0.071583 0.013036 0.169353 60 55 23 0.544285 -0.772459 -0.327203
0.071156 0.014878 0.164605 57 55 27 0.772058 -0.532039 -0.347651
0.066545 0.006223 0.167600 83 75 29 0.681257 -0.663822 -0.308591
0.072621 0.014442 0.167998 68 61 26 0.576744 -0.684394 -0.446061
0.069931 0.010203 0.167732 95 82 37 0.701814 -0.644284 -0.303899
0.072463 0.012638 0.171154 78 69 25 0.406954 -0.823124 -0.396051
0.068173 0.010353 0.161014 64 60 25 0.801323 -0.597413 -0.031298
0.068710 0.011024 0.161641 64 59 26 0.853410 -0.507912 -0.117116
0.071536 0.015515 0.164310 66 58 21 0.727113 -0.594417 -0.343475
0.071464 0.016194 0.162972 65 55 24 0.781295 -0.540332 -0.312442
0.065892 0.005733 0.167392 83 72 30 0.572105 -0.792251 -0.212213
0.069445 0.012774 0.161598 63 56 25 0.930504 -0.334817 -0.148524
0.068800 0.008455 0.169168 83 75 28 0.732317 -0.618018 -0.285946
0.072064 0.014054 0.167754 60 55 25 0.626147 -0.679170 -0.382973
0.070508 0.012083 0.167204 54 54 29 0.942546 -0.217249 -0.253793
0.068203 0.008610 0.166703 83 73 30 0.818506 -0.541764 -0.191153
0.072598 0.013258 0.170032 69 58 22 0.499773 -0.769096 -0.398395
0.071258 0.015355 0.163902 62 55 25 0.774915 -0.563599 -0.286118
0.068426 0.010128 0.163645 64 60 22 0.743800 -0.631421 -0.219247
0.067332 0.009092 0.160755 79 70 34 0.827773 -0.551616 -0.102525
0.069187 0.012036 0.161805 62 56 25 0.929434 -0.334245 -0.156310
0.066711 0.007366 0.164589 76 69 31 0.743807 -0.640493 -0.191102
0.068223 0.010447 0.160200 70 62 25 0.819234 -0.572637 -0.030698
0.067479 0.007624 0.166781 80 70 28 0.756145 -0.616432 -0.219673
0.070934 0.012748 0.168310 46 44 23 0.897743 -0.392592 -0.199823
0.068068 0.009606 0.164080 76 65 27 0.813321 -0.530472 -0.238974
0.067960 0.008824 0.165166 80 69 32 0.843845 -0.505596 -0.179716
0.068626 0.009096 0.167161 76 68 30 0.766825 -0.612478 -0.191961
0.066064 0.005534 0.168326 85 76 29 0.534389 -0.788614 -0.304165
0.067288 0.008113 0.164080 80 71 28 0.774712 -0.612077 -0.158688
0.064950 0.005233 0.167054 83 73 29 0.539606 -0.822861 -0.178118
0.072870 0.015601 0.166524 73 63 31 0.660143 -0.624187 -0.417854
0.067898 0.007753 0.167714 81 74 27 0.787910 -0.572400 -0.227061
0.069788 0.009962 0.167913 92 80 35 0.669935 -0.681493 -0.294543
0.068792 0.009971 0.165248 70 61 21 0.746624 -0.621352 -0.237643
0.069662 0.012603 0.163170 60 57 22 0.908156 -0.353183 -0.224754
0.069211 0.008730 0.169764 76 68 24 0.672669 -0.680878 -0.289694
0.067946 0.010057 0.160673 63 59 27 0.813905 -0.580132 -0.031708
0.068722 0.011330 0.160115 79 69 27 0.915751 -0.395126 -0.072637
0.069920 0.009078 0.170295 88 75 29 0.651091 -0.694140 -0.307002
0.071046 0.015332 0.163348 62 55 23 0.786819 -0.528936 -0.318031
0.071896 0.013157 0.169412 61 55 25 0.453982 -0.822767 -0.341988
0.067619 0.007682 0.167079 80 72 31 0.761733 -0.604085 -0.234187
0.071202 0.010804 0.171652 58 56 23 0.915721 -0.322280 -0.239982
0.072388 0.015885 0.165321 67 60 28 0.708650 -0.581403 -0.399731
0.072967 0.014184 0.168758 72 66 27 0.543884 -0.723787 -0.424644
0.066882 0.008567 0.160391 75 69 29 0.791538 -0.598796 -0.122111
0.069564 0.009822 0.167833 80 70 30 0.652002 -0.699390 -0.292825
0.069142 0.010849 0.164060 64 55 28 0.808073 -0.539706 -0.236084
0.068411 0.010740 0.160064 78 66 25 0.855770 -0.514900 -0.050347
0.068711 0.011477 0.159319 86 74 30 0.919381 -0.372794 -0.125555
0.066985 0.008594 0.160940 76 69 29 0.799033 -0.582767 -0.148086
0.071300 0.012266 0.170327 47 47 21 0.827963 -0.476891 -0.295045
0.070627 0.015073 0.162494 62 54 23 0.839760 -0.490897 -0.231999
0.071903 0.014154 0.167247 61 54 22 0.658036 -0.649009 -0.381806
0.072691 0.015233 0.166840 72 64 30 0.611789 -0.681280 -0.401959
0.067463 0.006524 0.169791 81 72 29 0.789763 -0.557105 -0.256725
0.067801 0.009627 0.162329 77 69 27 0.874894 -0.477782 -0.079284
0.067096 0.005809 0.169834 89 79 33 0.797630 -0.536224 -0.276136
0.072423 0.013277 0.169834 63 61 23 0.483837 -0.788652 -0.379382
0.068127 0.009405 0.164558 74 64 29 0.823337 -0.505397 -0.258245
0.068884 0.010525 0.164201 65 59 29 0.779776 -0.581558 -0.231818
0.071026 0.014250 0.165244 62 57 28 0.780334 -0.554888 -0.288406
0.070122 0.013512 0.163645 58 56 27 0.890648 -0.380036 -0.249638
0.070460 0.009321 0.171076 94 80 32 0.744301 -0.630912 -0.219011
0.068548 0.007778 0.169955 87 76 31 0.788299 -0.558818 -0.257503
0.069876 0.014287 0.161389 61 55 25 0.910869 -0.356419 -0.208046
0.070750 0.012004 0.168153 56 53 21 0.965840 -0.151357 -0.210344
0.068928 0.007614 0.171323 84 74 31 0.733653 -0.613901 -0.291340
0.072642 0.014102 0.168466 66 61 26 0.546172 -0.732673 -0.406062
0.066416 0.005433 0.169113 91 81 38 -0.638741 0.707507 0.302397
0.069874 0.014681 0.160547 60 55 25 0.925617 -0.334506 -0.177028
0.067658 0.007904 0.166585 79 70 32 0.773295 -0.601121 -0.201664
0.069591 0.008300 0.171483 88 75 29 0.704480 -0.653917 -0.275862
0.066025 0.005643 0.167966 82 72 33 0.542626 -0.792137 -0.279421
0.072163 0.013390 0.169244 63 57 21 0.468015 -0.800380 -0.374639
0.070318 0.013584 0.164166 57 54 26 0.885722 -0.383420 -0.261699
0.070234 0.010502 0.167993 93 83 34 0.789886 -0.517206 -0.329512
0.067107 0.006587 0.168396 82 73 27 0.770246 -0.595648 -0.227869
0.069993 0.009426 0.169808 89 76 27 0.684973 -0.647369 -0.334254
0.069499 0.009131 0.169374 77 66 28 0.641977 -0.708449 -0.293200
0.065891 0.006021 0.166062 82 72 31 0.653992 -0.737138 -0.170065
0.068488 0.008350 0.168734 85 76 34 0.780174 -0.574946 -0.246508
0.070797 0.010760 0.169556 75 65 30 0.950555 -0.256772 -0.174681
0.072060 0.016406 0.163930 66 57 23 0.738025 -0.572204 -0.357632
0.069564 0.012742 0.162435 60 56 28 0.923761 -0.344977 -0.166299
0.073142 0.017273 0.165136 73 63 26 0.792863 -0.469408 -0.388619
0.066971 0.008608 0.160823 77 68 32 0.793920 -0.591422 -0.141105
0.069678 0.010825 0.165983 65 58 26 0.819069 -0.514767 -0.253258
0.071265 0.013172 0.168174 56 52 23 0.702864 -0.678107 -0.214833
0.067343 0.007806 0.165565 78 71 31 0.760953 -0.627822 -0.163679
0.070456 0.014125 0.163834 60 56 24 0.868702 -0.425497 -0.253592
0.070023 0.009051 0.170501 88 78 28 0.663460 -0.691341 -0.286126
0.066968 0.008398 0.161683 73 69 28 0.817516 -0.563713 -0.117879
0.069527 0.013962 0.159984 62 58 29 0.943576 -0.293143 -0.154052
0.069310 0.011937 0.162848 56 52 21 0.928338 -0.334394 -0.162386
0.069309 0.012899 0.160552 64 59 23 0.945978 -0.294015 -0.136674
0.068175 0.007963 0.168333 85 74 31 0.833260 -0.530756 -0.154837
0.069628 0.011779 0.164390 61 55 21 0.892623 -0.380119 -0.242351
0.066865 0.007765 0.163768 78 69 27 0.735642 -0.655272 -0.171607
0.072131 0.016594 0.163819 66 57 25 0.739500 -0.571844 -0.355153
0.068027 0.010212 0.159483 68 62 26 0.811220 -0.582901 -0.046349
0.070307 0.014339 0.162961 59 54 25 0.878953 -0.401481 -0.257398
0.070791 0.015295 0.162911 65 54 22 0.811465 -0.521013 -0.264707
0.067736 0.007390 0.168115 83 72 29 0.778387 -0.598622 -0.189117
0.066956 0.008072 0.163049 76 67 23 0.769982 -0.598386 -0.221498
0.071174 0.014645 0.164972 62 57 24 0.765929 -0.539952 -0.349004
0.072457 0.013526 0.169247 67 59 23 0.515899 -0.765717 -0.384090
0.069997 0.011326 0.166112 62 55 23 0.878632 -0.396754 -0.265693
0.071313 0.013380 0.167726 61 57 21 0.705450 -0.666808 -0.240224
0.068767 0.007180 0.171834 90 77 33 0.733754 -0.613082 -0.292807
0.068968 0.009795 0.166290 66 58 27 0.730209 -0.638975 -0.241878
0.068745 0.011245 0.160963 64 57 23 0.883622 -0.458061 -0.096915
0.070630 0.015177 0.162321 62 55 22 0.836538 -0.486597 -0.251847
0.072905 0.015450 0.166834 73 68 31 0.623933 -0.658592 -0.420671
0.069071 0.012237 0.160696 66 60 27 0.937158 -0.330010 -0.113262
0.069314 0.012699 0.160946 63 60 27 0.938643 -0.308353 -0.154489
0.071865 0.012877 0.170076 70 57 23 0.455872 -0.807940 -0.373381
0.066030 0.006048 0.166545 82 72 29 0.674250 -0.721708 -0.156605
0.071288 0.010596 0.172190 59 52 23 0.900377 -0.353321 -0.253939
0.069018 0.008224 0.170346 86 76 30 0.728332 -0.607863 -0.316283
0.069824 0.012385 0.164031 62 55 25 0.906018 -0.351945 -0.235087
0.069199 0.008134 0.170832 85 74 30 0.707342 -0.636595 -0.307269
0.068792 0.007319 0.171583 88 77 28 0.733000 -0.614637 -0.291430
0.069096 0.009518 0.167459 71 66 25 0.699663 -0.674160 -0.236600
0.067162 0.008683 0.161594 77 69 29 0.823629 -0.553028 -0.125677
0.070893 0.014279 0.164877 63 56 24 0.801683 -0.512288 -0.308002
0.068475 0.010789 0.160560 74 61 25 0.856000 -0.515048 -0.044607
0.070819 0.009942 0.170850 87 74 31 0.899905 -0.381305 -0.211604
0.068754 0.007917 0.170252 86 74 31 0.763492 -0.576442 -0.291196
0.067590 0.008938 0.163216 81 75 26 0.876642 -0.443887 -0.185641
0.070246 0.010678 0.167599 92 83 34 0.832191 -0.473128 -0.289151
0.072556 0.015414 0.166302 68 63 30 0.650874 -0.649687 -0.392772
0.070568 0.014170 0.164176 62 59 21 0.861609 -0.432823 -0.265131
0.068528 0.007363 0.170771 88 76 31 0.740508 -0.612152 -0.277340
0.071762 0.015752 0.164336 67 61 28 0.733738 -0.580337 -0.353322
0.066526 0.006970 0.165125 80 71 26 0.744428 -0.642843 -0.180499
0.070658 0.012314 0.167542 51 50 22 0.935027 -0.262315 -0.238567
0.070566 0.013667 0.165023 56 55 22 0.865799 -0.437211 -0.243390
0.068654 0.010611 0.162923 71 58 21 0.768129 -0.616562 -0.172713
0.069925 0.008246 0.172503 85 74 25 0.738545 -0.623451 -0.256632
0.070644 0.013856 0.164851 60 57 22 0.845700 -0.471854 -0.249289
0.071587 0.016206 0.163208 65 57 22 0.766117 -0.557233 -0.320244
0.068930 0.008013 0.170528 86 75 30 0.735355 -0.599456 -0.316078
0.071427 0.015611 0.163873 63 58 22 0.761836 -0.567651 -0.312054
0.069804 0.009614 0.168831 86 74 31 0.658113 -0.706062 -0.261463
0.071154 0.015054 0.164429 58 56 23 0.759573 -0.565576 -0.321203
0.070785 0.013412 0.166095 53 52 23 0.856784 -0.461064 -0.230959
0.065205 0.005533 0.166321 85 74 27 0.578472 -0.798625 -0.166035
0.072256 0.012937 0.170269 73 62 23 0.407909 -0.816944 -0.407693
0.070838 0.013514 0.166080 54 54 20 0.847700 -0.475636 -0.234892
0.070577 0.008868 0.173006 74 64 28 0.807050 -0.548947 -0.217549
0.069915 0.009877 0.168336 90 81 32 0.674413 -0.671140 -0.307796
0.070964 0.014021 0.165532 61 56 26 0.785595 -0.548575 -0.286193
0.068916 0.010804 0.163472 67 57 25 0.797968 -0.568093 -0.201289
0.067944 0.009221 0.164240 79 68 27 0.862960 -0.444596 -0.240070
0.071416 0.012923 0.169448 59 54 22 0.657537 -0.684089 -0.315702
0.069097 0.011902 0.161493 63 55 29 0.921217 -0.359452 -0.148842
0.070338 0.014733 0.162295 66 57 23 0.861143 -0.456107 -0.224497
0.067510 0.007091 0.168130 81 71 28 0.751029 -0.625742 -0.210717
0.068336 0.008957 0.166420 79 67 24 0.809848 -0.543310 -0.221270
0.068819 0.010370 0.164308 65 61 28 0.757684 -0.609578 -0.233087
0.069255 0.011582 0.162994 58 53 22 0.910835 -0.379161 -0.163147
0.069328 0.012593 0.161172 66 60 26 0.930969 -0.327197 -0.161983
0.070059 0.008442 0.172284 85 74 30 0.736131 -0.625666 -0.258173
0.069037 0.012204 0.159983 62 60 27 0.945360 -0.308125 -0.106555
0.071389 0.014136 0.166424 57 57 23 0.739154 -0.584301 -0.335028
0.070847 0.014912 0.163553 57 54 21 0.804622 -0.516768 -0.292464
0.070701 0.012327 0.167673 52 50 24 0.945430 -0.247846 -0.211505
0.068163 0.007846 0.168837 86 75 32 0.807949 -0.533972 -0.249183
0.067082 0.007945 0.163915 77 68 32 0.755262 -0.634923 -0.162641
0.068955 0.007350 0.171925 89 77 33 0.730944 -0.615513 -0.294727
0.070963 0.010229 0.171279 74 63 27 0.948893 -0.263231 -0.174101
0.072496 0.012715 0.171025 80 68 26 0.418030 -0.824736 -0.380869
0.067194 0.009166 0.159303 80 71 30 0.791631 -0.607102 -0.068899
0.070906 0.010790 0.170388 72 62 22 0.955863 -0.230734 -0.181901
0.069951 0.013597 0.162745 58 54 26 0.910070 -0.357281 -0.210055
0.067938 0.009898 0.162527 72 64 30 0.832191 -0.546418 -0.094262
0.072750 0.015776 0.166045 70 65 29 0.682166 -0.578516 -0.447179
0.068390 0.010726 0.159746 80 69 28 0.854757 -0.515390 -0.061357
0.070956 0.013411 0.166775 58 55 21 0.799035 -0.543752 -0.256664
0.067827 0.008177 0.166492 81 73 30 0.795638 -0.572959 -0.196666
0.066091 0.005933 0.167305 81 71 33 0.612199 -0.751664 -0.245384
0.067951 0.007119 0.169689 85 72 32 0.750631 -0.622688 -0.220935
0.069514 0.012937 0.161634 61 57 23 0.933427 -0.323685 -0.154734
0.069750 0.012879 0.163034 59 56 25 0.915400 -0.343200 -0.210372
0.069947 0.011833 0.165238 61 53 26 0.895606 -0.359800 -0.261598
0.073139 0.015986 0.166377 69 64 24 0.689291 -0.560202 -0.459404
0.065438 0.005540 0.166857 79 72 33 0.576168 -0.800373 -0.165634
0.072316 0.013083 0.170067 68 63 21 0.444020 -0.797968 -0.407545
0.072595 0.012266 0.172033 80 68 26 0.383246 -0.827987 -0.409342
0.071280 0.010939 0.171677 57 52 22 0.913179 -0.316470 -0.256809
0.070836 0.009762 0.171356 86 71 27 0.909873 -0.393052 -0.132822
0.067344 0.009275 0.159761 78 71 33 0.793120 -0.604971 -0.070504
0.070341 0.009116 0.171304 92 82 33 0.725455 -0.656752 -0.205893
0.069410 0.008524 0.170572 84 72 29 0.652062 -0.684374 -0.326262
0.069935 0.008872 0.170908 87 76 33 0.667847 -0.697423 -0.259965
0.070812 0.014625 0.164167 63 56 27 0.830000 -0.482475 -0.279853
0.069372 0.013220 0.160424 62 58 24 0.946302 -0.291370 -0.140055
0.069375 0.012922 0.160943 62 58 24 0.935566 -0.311175 -0.166992
0.067540 0.009400 0.161030 77 70 31 0.857880 -0.508532 -0.073732
0.068234 0.009475 0.164754 72 65 27 0.807432 -0.529545 -0.260068
0.067255 0.008901 0.161122 80 70 32 0.819544 -0.559370 -0.124309
0.069720 0.013645 0.161663 61 55 22 0.933616 -0.302748 -0.191586
0.071096 0.013974 0.166038 58 55 25 0.784351 -0.546437 -0.293598
0.069048 0.011127 0.163006 65 57 27 0.832434 -0.522887 -0.183420
0.071078 0.011397 0.170544 55 53 22 0.930203 -0.276922 -0.240909
0.065958 0.006495 0.164661 77 71 31 0.728393 -0.673070 -0.128142
0.070152 0.015114 0.161092 63 56 26 0.897623 -0.381952 -0.219967
0.067696 0.008207 0.165885 82 73 34 0.809208 -0.555849 -0.190302
0.067610 0.008087 0.165736 80 72 34 0.790426 -0.586715 -0.176048
0.069282 0.009239 0.168676 71 63 27 0.654579 -0.701874 -0.280891
0.066074 0.006557 0.164842 78 70 30 0.720840 -0.674349 -0.160136
0.069143 0.012110 0.161042 64 59 29 0.930381 -0.343594 -0.127807
0.067520 0.007865 0.166050 78 69 32 0.774234 -0.605483 -0.184260
0.070417 0.014106 0.163620 59 55 26 0.870536 -0.423473 -0.250676
0.068118 0.009619 0.164285 70 64 26 0.809109 -0.530633 -0.252528
0.065961 0.006132 0.165879 80 72 30 0.670557 -0.719512 -0.180710
0.067034 0.007740 0.164471 74 70 30 0.741409 -0.646117 -0.181235
0.065412 0.005687 0.166092 83 71 36 0.597940 -0.782737 -0.172597
0.067262 0.007433 0.166519 79 71 31 0.733458 -0.646052 -0.211322
0.068615 0.009478 0.166133 69 60 21 0.755268 -0.615118 -0.226273
0.069861 0.011872 0.164898 62 55 24 0.888306 -0.367947 -0.274823
0.070728 0.014306 0.164357 65 56 26 0.843772 -0.454952 -0.284724
0.066413 0.007349 0.163040 76 68 29 0.794797 -0.589537 -0.144026
0.071419 0.010290 0.172964 58 56 22 0.879543 -0.401869 -0.254765
0.069797 0.009184 0.169803 84 73 29 0.652799 -0.682668 -0.328356
0.067445 0.007976 0.165412 80 70 31 0.774880 -0.611660 -0.159478
0.069818 0.013976 0.161590 60 55 27 0.919657 -0.334144 -0.206346
0.072287 0.014991 0.166667 63 58 25 0.639313 -0.674728 -0.368809
0.068475 0.008474 0.168457 85 76 34 0.784748 -0.573703 -0.234596
0.071444 0.012587 0.170066 55 52 22 0.715392 -0.615648 -0.330442
0.068556 0.010975 0.160538 72 60 26 0.867768 -0.494046 -0.053823
0.068051 0.008748 0.165822 80 71 30 0.827041 -0.524520 -0.202196
0.072940 0.014984 0.167503 73 65 33 0.561001 -0.676532 -0.477056
0.066207 0.006845 0.163932 78 66 32 0.782801 -0.610075 -0.122598
0.068195 0.008207 0.167972 84 73 32 0.842646 -0.507878 -0.178905
0.071766 0.015314 0.165136 67 58 28 0.714630 -0.604374 -0.352187
0.067324 0.008773 0.162274 77 68 32 0.828008 -0.552719 -0.094366
0.067317 0.008934 0.161447 76 71 27 0.836868 -0.534857 -0.116534
0.071667 0.013232 0.168968 61 54 23 0.512344 -0.801285 -0.308943
0.069370 0.009452 0.168303 74 65 25 0.642592 -0.710262 -0.287409
0.067887 0.009942 0.161464 70 64 24 0.832685 -0.550662 -0.058360
0.072780 0.012918 0.170973 79 66 24 0.436269 -0.809943 -0.391996
0.069732 0.008006 0.172471 87 74 26 0.737408 -0.617087 -0.274649
0.068075 0.010253 0.160438 63 57 25 0.809501 -0.586687 -0.022521
0.071136 0.010866 0.171316 61 57 25 0.919644 -0.294817 -0.259495
0.066661 0.006815 0.166396 83 72 32 0.743209 -0.646991 -0.170423
0.069279 0.012252 0.162016 63 58 25 0.929470 -0.331717 -0.161399
0.069846 0.013241 0.162864 59 55 23 0.916474 -0.346822 -0.199475
0.069085 0.008887 0.169014 76 65 27 0.694450 -0.664522 -0.275954
0.072561 0.015314 0.166410 70 64 27 0.645351 -0.662795 -0.379769
0.071381 0.015222 0.164518 64 56 24 0.733116 -0.588934 -0.340145
0.069409 0.008961 0.169605 73 66 30 0.653568 -0.700666 -0.286212
0.066101 0.006517 0.165136 79 71 30 0.713087 -0.673836 -0.193524
0.071154 0.012046 0.169956 49 46 21 0.899775 -0.350207 -0.260308
0.069207 0.010449 0.165292 68 60 26 0.775177 -0.584358 -0.240055
0.070054 0.011885 0.165571 59 57 23 0.898905 -0.353538 -0.258805
0.066124 0.006407 0.165480 79 71 26 0.702169 -0.684237 -0.196925
0.066511 0.007150 0.164541 77 69 30 0.761145 -0.626789 -0.166716
0.067718 0.009279 0.163085 81 73 26 0.881418 -0.448994 -0.146652
0.071099 0.011572 0.170327 54 49 21 0.931818 -0.272721 -0.239453
0.066469 0.006288 0.167283 82 71 31 0.695859 -0.668203 -0.263220
0.068437 0.010723 0.161789 68 59 24 0.809324 -0.579469 -0.095971
0.070589 0.012757 0.166599 51 51 21 0.906436 -0.372710 -0.198648
0.067324 0.006863 0.168236 82 71 30 0.753083 -0.624052 -0.208385
0.070650 0.011607 0.167993 64 58 27 0.956668 -0.155565 -0.246142
0.066342 0.007386 0.162358 74 67 29 0.810498 -0.578810 -0.089839
0.070093 0.014556 0.161745 59 56 24 0.892874 -0.377485 -0.245521
0.068650 0.008990 0.167548 81 70 33 0.755952 -0.617633 -0.216944
0.070901 0.012368 0.168641 50 44 21 0.946464 -0.262066 -0.188485
0.070794 0.011504 0.168988 67 60 23 0.979075 -0.158129 -0.128093
0.071558 0.014927 0.165343 61 56 25 0.745699 -0.573416 -0.339305
0.071815 0.013105 0.169537 62 57 24 0.462914 -0.817882 -0.341730
0.070387 0.012001 0.166785 57 55 24 0.943999 -0.246293 -0.219557
0.070611 0.011909 0.167706 58 51 27 0.956273 -0.164309 -0.241959
0.068666 0.011225 0.160348 72 63 24 0.894753 -0.442953 -0.056652
0.072596 0.013990 0.168639 62 59 25 0.535785 -0.738589 -0.409172
0.068755 0.011184 0.161355 65 57 23 0.869869 -0.482499 -0.102579
0.071671 0.012188 0.171284 63 56 21 0.665543 -0.632974 -0.395469
0.069205 0.013514 0.158887 75 68 32 0.954339 -0.258589 -0.149559
0.067461 0.009443 0.159549 78 69 32 0.796482 -0.601784 -0.058921
0.069325 0.013544 0.159355 68 61 25 0.953585 -0.261858 -0.148682
0.071628 0.014006 0.167061 61 55 24 0.674513 -0.641144 -0.366015
0.070237 0.008597 0.172646 79 69 26 0.759682 -0.603734 -0.241637
0.072223 0.011922 0.172461 76 68 26 0.517163 -0.759792 -0.394028
0.069198 0.011410 0.163048 59 53 24 0.889727 -0.418023 -0.183420
0.070565 0.011249 0.167869 72 66 27 0.936120 -0.225364 -0.269981
0.070940 0.013949 0.165685 59 56 24 0.792839 -0.536719 -0.288686
0.067847 0.009950 0.161037 67 62 28 0.825667 -0.563271 -0.031601
0.070853 0.013413 0.166383 56 52 22 0.830604 -0.496336 -0.252483
0.068573 0.008758 0.167907 83 71 31 0.779460 -0.590759 -0.208437
0.066016 0.006297 0.165376 81 71 29 0.689383 -0.697364 -0.196047
0.066774 0.005737 0.169166 87 78 38 0.708637 -0.640261 -0.296478
0.068436 0.010457 0.162290 65 56 24 0.783687 -0.606542 -0.133944
0.066645 0.007621 0.163090 75 68 26 0.783011 -0.598358 -0.169889
0.070588 0.012241 0.167348 55 50 24 0.938771 -0.235646 -0.251358
0.070679 0.011352 0.168222 71 63 25 0.957057 -0.188939 -0.219872
0.069749 0.012189 0.164141 61 56 21 0.901009 -0.363768 -0.236339
0.066774 0.008297 0.161025 77 68 27 0.811215 -0.562603 -0.159399
0.072614 0.014912 0.167226 68 62 24 0.595044 -0.669478 -0.444659
0.069496 0.013481 0.160646 62 56 24 0.940818 -0.298720 -0.160090
0.068130 0.007843 0.168618 84 76 30 0.823430 -0.530385 -0.201632
0.070683 0.010152 0.170142 87 75 34 0.872677 -0.408026 -0.268235
0.070866 0.011807 0.169164 56 49 20 0.963876 -0.204800 -0.170294
0.069632 0.011394 0.164818 61 55 26 0.873475 -0.399974 -0.277602
0.067613 0.007602 0.167268 82 72 32 0.747491 -0.615420 -0.250030
0.070506 0.009881 0.170036 86 76 32 0.780653 -0.550225 -0.296366
0.067534 0.009539 0.160062 77 66 32 0.811482 -0.580954 -0.063160
0.071670 0.013763 0.167645 61 53 25 0.643255 -0.693686 -0.324071
0.072864 0.013204 0.170481 68 60 31 0.500458 -0.759629 -0.415338
0.071722 0.014442 0.166578 57 54 23 0.689182 -0.615937 -0.381640
0.071158 0.012995 0.168561 54 51 23 0.757648 -0.608073 -0.237102
0.066051 0.005879 0.167523 81 74 27 0.605140 -0.749238 -0.269162
0.067206 0.005961 0.169979 87 77 33 0.804234 -0.526415 -0.275851
0.069747 0.011716 0.164755 60 55 24 0.887412 -0.374316 -0.269048
0.069078 0.010700 0.164300 63 60 22 0.796449 -0.555350 -0.239281
0.073178 0.016360 0.166035 71 63 26 0.729470 -0.513456 -0.451925
0.067063 0.006403 0.168661 81 74 26 0.780576 -0.576728 -0.241010
0.066533 0.006934 0.165599 81 70 29 0.755013 -0.637037 -0.155368
0.066968 0.005826 0.169448 87 76 30 0.756981 -0.587216 -0.286631
0.070948 0.013297 0.166943 57 53 19 0.803997 -0.540613 -0.247643
0.071369 0.013065 0.168903 56 53 25 0.656040 -0.702694 -0.275378
0.068821 0.011065 0.162532 67 57 25 0.826586 -0.535895 -0.171967
0.071515 0.014766 0.165455 62 54 26 0.752244 -0.566309 -0.336784
0.069795 0.014087 0.161213 60 56 21 0.925125 -0.337449 -0.173987
0.070566 0.009282 0.171442 93 80 32 0.787947 -0.590085 -0.175899
0.070279 0.008515 0.172976 82 71 32 0.779651 -0.580223 -0.235555
0.069218 0.011899 0.162082 61 57 25 0.927911 -0.334227 -0.165144
0.070623 0.013941 0.164492 60 53 30 0.859984 -0.435452 -0.266100
0.071623 0.015193 0.165022 65 59 25 0.720935 -0.593449 -0.357871
0.069172 0.011209 0.163480 59 57 23 0.851922 -0.479021 -0.211584
0.069649 0.013135 0.162012 61 54 24 0.930745 -0.323797 -0.169912
0.069176 0.012963 0.159417 66 61 26 0.953387 -0.263952 -0.146224
0.069559 0.012442 0.162959 57 53 27 0.914557 -0.346359 -0.208855
0.072276 0.015607 0.165609 70 62 31 0.688096 -0.602199 -0.404821
0.066813 0.008230 0.161396 74 68 32 0.813781 -0.563342 -0.142851
0.070262 0.012235 0.165889 57 55 26 0.923165 -0.312215 -0.224250
0.069924 0.009693 0.168958 90 77 25 0.678054 -0.689194 -0.255449
0.068246 0.010519 0.159538 73 67 31 0.833743 -0.549359 -0.055465
0.070248 0.012858 0.164953 57 52 25 0.909861 -0.337520 -0.241317
0.073025 0.015632 0.166681 70 65 27 0.648592 -0.628878 -0.428766
0.067747 0.009659 0.161821 76 68 28 0.872189 -0.476957 -0.108622
0.066584 0.005723 0.168802 87 76 38 0.676354 -0.670741 -0.304387
0.070067 0.013241 0.163750 61 56 26 0.901490 -0.348082 -0.257205
0.069251 0.013382 0.159232 71 63 27 0.955136 -0.258170 -0.145134
0.066304 0.006634 0.165550 81 70 29 0.736222 -0.654656 -0.171469
0.070328 0.012016 0.166457 61 55 22 0.935872 -0.283145 -0.209697
0.069912 0.010469 0.167078 80 71 26 0.762926 -0.554048 -0.333128
0.069413 0.012818 0.161235 64 59 23 0.935806 -0.309356 -0.169014
0.066691 0.007405 0.164295 78 68 27 0.754240 -0.634497 -0.168925
0.070528 0.011819 0.167458 61 56 23 0.947543 -0.175493 -0.267143
0.068228 0.008960 0.166012 79 68 31 0.816576 -0.533924 -0.219382
0.066152 0.006217 0.166317 81 72 32 0.728758 -0.667542 -0.152644
0.071577 0.011185 0.172416 52 49 20 0.859729 -0.413783 -0.299416
0.070485 0.014454 0.163302 58 56 23 0.864474 -0.418469 -0.278511
0.068443 0.008856 0.167302 82 73 27 0.802145 -0.560483 -0.205966
0.070575 0.012839 0.166336 52 52 22 0.905424 -0.379841 -0.189546
0.069137 0.013098 0.159053 73 67 26 0.953239 -0.264419 -0.146348
0.068368 0.007412 0.170259 88 75 32 0.758532 -0.602425 -0.248421
0.068949 0.011813 0.160548 64 59 27 0.929564 -0.354481 -0.101265
0.070044 0.010389 0.167581 96 84 31 0.755497 -0.590469 -0.283849
0.072035 0.012245 0.171577 74 63 24 0.466725 -0.798558 -0.380096
0.066598 0.007261 0.164373 76 68 30 0.765047 -0.621337 -0.169245
0.067690 0.007849 0.166763 78 70 33 0.777528 -0.594827 -0.204035
0.068316 0.008123 0.168663 85 76 34 0.806983 -0.543228 -0.231695
0.071560 0.013371 0.168297 57 54 23 0.601230 -0.749334 -0.277528
0.069654 0.013572 0.161468 60 55 26 0.937279 -0.295142 -0.185470
0.066698 0.008287 0.160668 75 66 35 0.807989 -0.570202 -0.148401
0.072768 0.015419 0.166606 71 66 29 0.633512 -0.659956 -0.403882
0.066828 0.006331 0.168035 84 72 29 0.738359 -0.615355 -0.275977
0.070001 0.013044 0.163914 61 57 28 0.904204 -0.343658 -0.253603
0.067710 0.009699 0.160722 72 64 29 0.843603 -0.535490 -0.039809
0.069965 0.012963 0.163746 60 57 27 0.905478 -0.337776 -0.256937
0.070336 0.013396 0.164463 53 54 24 0.892013 -0.379590 -0.245404
0.071178 0.014254 0.165613 64 57 26 0.765674 -0.574003 -0.290283
0.072381 0.012226 0.171882 78 67 25 0.411441 -0.822163 -0.393401
0.070984 0.011467 0.170065 58 54 23 0.949235 -0.224644 -0.220199
0.072859 0.016661 0.165069 71 64 24 0.781092 -0.491035 -0.385719
0.071985 0.015501 0.165223 68 63 31 0.690367 -0.616839 -0.378025
0.071172 0.009987 0.172749 67 57 27 0.864580 -0.447342 -0.228882
0.072899 0.013088 0.170816 72 63 26 0.503273 -0.768868 -0.394409
0.071013 0.013220 0.167309 57 53 26 0.778544 -0.576248 -0.248610
0.070783 0.009961 0.170707 85 73 31 0.893856 -0.379298 -0.239071
0.070616 0.011737 0.167811 63 58 23 0.953300 -0.162301 -0.254709
0.072931 0.015321 0.167025 72 68 26 0.599214 -0.670755 -0.437070
0.071573 0.015238 0.164844 64 57 27 0.717387 -0.593277 -0.365209
0.067243 0.007370 0.166750 79 72 29 0.728228 -0.651427 -0.212901
0.070931 0.014467 0.164591 64 56 26 0.811839 -0.486497 -0.322858
0.072488 0.011899 0.172652 82 72 24 0.476851 -0.777826 -0.409390
0.073077 0.014813 0.167875 74 66 32 0.555504 -0.686594 -0.469046
0.067398 0.009394 0.159347 78 70 29 0.796113 -0.602641 -0.055029
0.067047 0.007226 0.166405 79 71 30 0.730949 -0.653932 -0.195158
0.072311 0.015910 0.165134 66 62 22 0.709840 -0.582450 -0.396080
0.069268 0.009795 0.167151 70 63 24 0.692038 -0.681710 -0.237390
0.069717 0.009069 0.169921 81 70 31 0.637019 -0.696403 -0.330500
0.068257 0.008950 0.166175 77 68 29 0.817652 -0.531824 -0.220473
0.068213 0.008518 0.167168 85 74 31 0.821155 -0.532128 -0.206263
0.069109 0.012358 0.160414 66 60 25 0.942455 -0.312382 -0.119145
0.067302 0.006060 0.170104 87 77 30 0.805322 -0.528988 -0.267633
0.068865 0.008307 0.169773 82 75 27 0.758369 -0.591608 -0.273636
0.066903 0.007756 0.164106 76 68 29 0.731900 -0.661000 -0.165532
0.072126 0.011686 0.172748 74 65 26 0.637887 -0.657428 -0.401110
0.070693 0.010031 0.170389 86 76 31 0.881581 -0.376566 -0.284630
0.070653 0.014662 0.163474 60 54 24 0.833880 -0.470263 -0.288959
0.069975 0.012642 0.164164 60 56 26 0.906078 -0.345579 -0.244125
0.070699 0.009462 0.171495 91 76 30 0.843474 -0.515145 -0.152239
0.072138 0.013449 0.169032 65 55 22 0.479066 -0.788607 -0.385481
0.066654 0.005926 0.168479 84 75 34 0.688907 -0.662042 -0.295140
0.069372 0.013453 0.160241 57 56 26 0.946464 -0.291656 -0.138356
0.072983 0.016304 0.165877 69 63 24 0.730734 -0.514405 -0.448792
0.066627 0.008166 0.160954 75 68 32 0.811405 -0.564628 -0.151056
0.070682 0.012804 0.167014 51 49 23 0.885195 -0.402141 -0.233906
0.070556 0.013526 0.165248 55 49 27 0.871419 -0.423824 -0.246987
0.068386 0.008521 0.168179 84 76 32 0.819397 -0.541001 -0.189491
0.070114 0.012634 0.164786 56 55 26 0.907056 -0.341280 -0.246532
0.071140 0.011308 0.170811 56 51 28 0.920521 -0.288919 -0.262996
0.067416 0.008198 0.164435 81 70 32 0.784752 -0.595726 -0.171096
0.070149 0.013646 0.163555 57 55 23 0.887991 -0.391541 -0.241180
0.068043 0.007762 0.168381 85 75 29 0.814963 -0.556921 -0.160232
0.067494 0.009498 0.159918 75 68 33 0.802240 -0.593873 -0.061047
0.070728 0.010894 0.169131 75 67 24 0.960414 -0.227206 -0.161193
0.071854 0.011436 0.172820 62 54 23 0.691704 -0.606801 -0.391584
0.071453 0.015116 0.164793 63 56 21 0.728016 -0.578634 -0.367661
0.071077 0.012987 0.168294 52 49 25 0.811607 -0.551732 -0.192058
0.073239 0.014213 0.169069 78 68 30 0.556336 -0.729797 -0.397349
0.072890 0.013736 0.169585 69 62 27 0.558278 -0.745322 -0.364447
0.071519 0.012021 0.171181 55 50 23 0.794798 -0.499379 -0.344842
0.066885 0.007354 0.165173 78 69 29 0.753287 -0.638883 -0.156167
0.071327 0.014585 0.165303 62 56 24 0.761780 -0.559340 -0.326850
0.068902 0.008213 0.170086 86 75 32 0.746769 -0.593072 -0.301001
0.067163 0.006774 0.167878 83 71 28 0.740332 -0.627546 -0.241029
0.067869 0.008187 0.166646 81 74 34 0.798650 -0.567825 -0.199334
0.070824 0.011482 0.169329 63 55 25 0.969310 -0.185416 -0.161430
0.066718 0.007987 0.161559 75 69 28 0.815171 -0.567375 -0.116544
0.069759 0.010215 0.167218 82 73 30 0.701018 -0.645699 -0.302732
0.068233 0.008017 0.168552 87 76 34 0.812413 -0.544965 -0.207360
0.070681 0.011009 0.168604 76 68 27 0.946786 -0.263341 -0.185061
0.071577 0.015647 0.164130 65 56 31 0.748390 -0.572793 -0.334395
0.067554 0.008402 0.164458 79 71 32 0.827015 -0.532720 -0.179598
0.068098 0.009081 0.165067 79 69 30 0.842193 -0.503540 -0.192767
0.070895 0.012330 0.168792 47 47 18 0.940215 -0.260876 -0.218951
0.067375 0.008397 0.163492 79 72 26 0.812157 -0.542102 -0.215698
0.072644 0.016538 0.164925 68 59 24 0.747443 -0.530417 -0.399984
0.072290 0.012552 0.171184 78 68 25 0.398398 -0.825925 -0.398907
0.070698 0.012979 0.166733 51 49 24 0.871354 -0.439455 -0.218226
0.070406 0.009356 0.170831 92 79 31 0.743177 -0.626161 -0.235819
0.070793 0.011760 0.168427 56 54 24 0.974425 -0.140788 -0.175140
0.070040 0.008838 0.171275 92 78 30 0.687199 -0.687233 -0.235519
0.072774 0.014326 0.168278 68 59 32 0.554982 -0.703920 -0.443274
0.072353 0.013888 0.168589 64 56 22 0.536723 -0.746048 -0.394133
0.070347 0.012511 0.165798 53 52 29 0.922431 -0.317999 -0.219083
0.072461 0.016310 0.164840 66 59 21 0.724193 -0.559672 -0.402880
0.071857 0.013872 0.167848 60 54 25 0.616004 -0.712137 -0.336748
0.072552 0.014598 0.167708 65 59 30 0.590350 -0.670972 -0.448647
0.069864 0.014362 0.161106 61 57 26 0.924033 -0.336396 -0.181659
0.072242 0.016094 0.164767 64 60 23 0.721651 -0.569047 -0.394215
0.071226 0.011963 0.170333 46 48 18 0.882212 -0.379771 -0.278344
0.073147 0.015483 0.167084 72 66 32 0.621949 -0.643088 -0.446786
0.066201 0.006242 0.166469 80 72 32 0.730273 -0.665511 -0.154263
0.068791 0.010628 0.163484 67 58 26 0.769918 -0.603763 -0.206631
0.067682 0.006432 0.170450 85 74 28 0.791339 -0.548902 -0.269240
0.068376 0.007135 0.170931 87 77 32 0.745032 -0.604817 -0.281290
0.071396 0.015983 0.163166 61 55 25 0.783464 -0.540412 -0.306821
0.071372 0.011269 0.171527 55 50 21 0.904705 -0.319930 -0.281342
0.067722 0.008623 0.164608 80 72 30 0.850172 -0.494203 -0.181581
0.070032 0.012635 0.164579 59 55 29 0.906005 -0.343781 -0.246921
0.070595 0.010207 0.169721 88 77 35 0.868222 -0.442804 -0.223865
0.070467 0.012422 0.166640 52 51 21 0.934061 -0.303258 -0.188584
0.067597 0.009649 0.159462 75 69 28 0.796851 -0.601472 -0.057089
0.070811 0.012836 0.167406 53 50 25 0.880371 -0.412737 -0.233655
0.070915 0.011105 0.170056 73 62 26 0.961181 -0.198316 -0.191838
0.072462 0.015628 0.165810 72 64 29 0.687534 -0.590870 -0.422102
0.070866 0.011684 0.169345 58 52 22 0.961190 -0.206264 -0.183218
0.067112 0.006187 0.169237 83 72 32 0.795080 -0.541184 -0.273803
0.072918 0.016915 0.164903 78 68 25 0.782080 -0.480128 -0.397275
0.069621 0.010983 0.165437 66 60 27 0.834165 -0.495221 -0.242744
0.069010 0.010251 0.165204 68 60 27 0.760368 -0.602439 -0.242709
0.068494 0.009890 0.164582 67 61 24 0.750683 -0.608808 -0.256568
0.067826 0.009822 0.161994 76 66 25 0.843899 -0.526140 -0.104934
0.070215 0.009794 0.169513 94 79 35 0.731004 -0.632355 -0.256438
0.066942 0.007991 0.163195 75 67 31 0.758771 -0.616506 -0.210205
0.067502 0.008601 0.163669 81 71 33 0.857731 -0.472885 -0.201684
0.067025 0.006745 0.167680 82 71 29 0.720366 -0.634266 -0.280678
0.068292 0.010185 0.163170 66 61 26 0.748209 -0.635449 -0.190754
0.067827 0.007255 0.168950 81 74 34 0.769777 -0.578538 -0.269697
0.070691 0.011151 0.168364 74 65 31 0.952299 -0.229274 -0.201396
0.067401 0.007649 0.166264 77 70 30 0.756579 -0.622968 -0.198745
0.070956 0.013807 0.165918 58 54 23 0.799735 -0.529100 -0.283685
0.068612 0.010391 0.163540 65 59 26 0.751266 -0.627557 -0.204382
0.070668 0.013265 0.165940 54 51 24 0.884920 -0.407608 -0.225328
0.069307 0.012909 0.160703 63 58 27 0.940990 -0.296633 -0.162930
0.071371 0.010920 0.172019 53 51 22 0.902250 -0.348282 -0.254254
0.071140 0.010552 0.171723 64 56 22 0.918445 -0.326778 -0.222880
0.067712 0.009704 0.161297 72 65 30 0.862060 -0.504434 -0.048976
0.071640 0.012594 0.170467 61 54 21 0.577640 -0.717851 -0.388615
0.069691 0.013713 0.161318 60 57 22 0.936587 -0.301428 -0.178734
0.067786 0.009543 0.162510 76 70 26 0.884806 -0.457310 -0.089365
0.066230 0.006838 0.164413 76 69 30 0.761010 -0.636074 -0.127569
0.068545 0.009095 0.166809 78 66 29 0.779466 -0.588652 -0.214294
0.072051 0.012120 0.171863 74 66 22 0.496801 -0.787361 -0.365036
0.073332 0.015791 0.166919 72 66 27 0.649289 -0.616363 -0.445558
0.069911 0.012667 0.163906 61 56 26 0.907000 -0.342740 -0.244706
0.067562 0.008176 0.165222 78 69 35 0.798934 -0.575727 -0.173902
0.066265 0.007050 0.163600 76 66 29 0.793681 -0.592145 -0.139409
0.069231 0.012307 0.161233 65 59 28 0.930717 -0.340127 -0.134457
0.069077 0.008507 0.169917 82 71 28 0.702664 -0.649535 -0.290460
0.068089 0.007588 0.169108 86 75 31 0.794426 -0.540389 -0.277250
0.070639 0.011397 0.168015 68 61 27 0.948920 -0.187509 -0.253755
0.072327 0.014545 0.167369 61 55 27 0.643798 -0.636235 -0.425124
0.070790 0.012360 0.167967 49 47 22 0.946734 -0.250159 -0.202770
0.071234 0.013931 0.166422 61 56 22 0.757439 -0.570623 -0.317294
0.068714 0.010907 0.162322 68 57 25 0.810240 -0.562063 -0.166122
0.070048 0.012922 0.164077 60 56 24 0.905792 -0.343457 -0.248149
0.070311 0.014493 0.162858 60 54 25 0.876773 -0.414317 -0.244154
0.071342 0.014516 0.165474 65 57 26 0.761566 -0.568613 -0.310961
0.072565 0.014170 0.168283 64 61 27 0.560869 -0.705909 -0.432571
0.071726 0.015560 0.164609 68 61 25 0.713030 -0.602531 -0.358530
0.070161 0.009815 0.169292 92 79 29 0.726707 -0.644277 -0.238335
0.067667 0.008844 0.163795 81 73 27 0.883729 -0.427710 -0.189965
0.067718 0.009376 0.162918 79 69 32 0.896566 -0.429099 -0.109745
0.072994 0.016462 0.165675 65 62 26 0.755657 -0.493288 -0.430870
0.066386 0.006802 0.165037 80 70 26 0.734312 -0.653605 -0.183266
0.073299 0.016961 0.165715 71 64 27 0.777061 -0.473299 -0.414927
0.070476 0.013495 0.164929 55 53 22 0.886537 -0.401087 -0.230610
0.066690 0.006806 0.166602 81 71 33 0.732053 -0.653318 -0.193064
0.072673 0.013420 0.169882 69 59 25 0.527655 -0.761893 -0.375632
0.070861 0.009387 0.173027 67 58 24 0.842984 -0.500584 -0.196958
0.070862 0.012609 0.168229 47 45 21 0.924651 -0.334106 -0.182740
0.072328 0.015244 0.166138 69 61 31 0.644000 -0.656619 -0.392576
0.071545 0.011358 0.172153 52 50 20 0.868738 -0.406835 -0.282453
0.071050 0.015892 0.162413 67 58 23 0.805376 -0.526288 -0.272746
0.069223 0.008872 0.169445 70 65 23 0.670595 -0.684727 -0.285397
0.069741 0.014286 0.160493 59 59 25 0.932767 -0.320991 -0.164047
0.066069 0.006934 0.163167 75 69 26 0.802190 -0.578941 -0.146010
0.069402 0.010710 0.165291 66 61 28 0.808499 -0.537030 -0.240683
0.067806 0.007530 0.167902 81 71 29 0.781947 -0.589862 -0.201549
0.071060 0.012441 0.169201 47 46 16 0.887260 -0.372861 -0.271558
0.071950 0.013334 0.169119 63 54 22 0.456482 -0.814635 -0.357763
0.071040 0.009789 0.172631 70 61 24 0.862734 -0.461624 -0.206379
0.069639 0.013839 0.160699 62 58 25 0.936131 -0.310123 -0.165777
0.071165 0.015736 0.163078 67 55 21 0.787542 -0.537208 -0.301970
0.068423 0.010618 0.161309 69 62 22 0.809405 -0.584818 -0.053402
0.066353 0.007029 0.163935 76 68 29 0.790949 -0.596556 -0.136091
0.071130 0.010238 0.172187 65 55 25 0.899147 -0.369402 -0.234685
0.067179 0.006745 0.168046 81 71 30 0.747286 -0.621857 -0.234218
0.069954 0.013111 0.163519 62 57 26 0.906108 -0.343661 -0.246708
0.071318 0.015312 0.164283 63 55 25 0.749492 -0.580004 -0.319150
0.067093 0.007820 0.164357 78 68 31 0.747194 -0.642243 -0.170952
0.066235 0.006813 0.164139 77 71 25 0.768836 -0.627529 -0.122877
0.070292 0.010419 0.168203 93 82 34 0.796210 -0.526065 -0.298839
0.070542 0.009619 0.170557 87 76 29 0.781935 -0.551642 -0.290291
0.071920 0.011752 0.172426 69 56 28 0.657370 -0.643914 -0.391459
0.067733 0.007428 0.167983 82 71 31 0.770108 -0.605591 -0.200484
0.065913 0.006370 0.164909 78 72 27 0.704073 -0.690186 -0.167106
0.068679 0.009520 0.166249 67 59 23 0.748614 -0.623826 -0.224539
0.069658 0.009110 0.169664 80 69 26 0.646945 -0.700819 -0.300525
0.070804 0.014973 0.163386 60 53 21 0.804218 -0.510569 -0.304225
0.069127 0.012228 0.160857 65 60 29 0.934139 -0.332119 -0.130700
0.070164 0.011883 0.165926 61 55 25 0.908537 -0.339602 -0.243375
0.068827 0.010936 0.162723 68 59 29 0.819712 -0.547311 -0.168889
0.067220 0.006515 0.168879 82 72 28 0.780802 -0.574805 -0.244841
0.069521 0.011527 0.164416 60 55 24 0.886882 -0.388661 -0.249767
0.067140 0.007912 0.164251 75 70 30 0.750195 -0.640687 -0.163486
0.071475 0.012874 0.169617 57 54 20 0.608517 -0.718597 -0.336638
0.068453 0.009366 0.165792 73 62 25 0.776020 -0.592902 -0.215084
0.068259 0.007477 0.169596 86 77 31 0.775028 -0.577477 -0.256615
0.068313 0.008643 0.167371 83 72 30 0.822325 -0.529668 -0.207926
0.068282 0.010214 0.162864 66 60 29 0.753862 -0.643729 -0.131546
0.071499 0.010383 0.173291 57 53 27 0.872411 -0.411798 -0.263290
0.070734 0.014670 0.163643 62 57 24 0.837624 -0.482639 -0.255823
0.071911 0.012467 0.171051 70 61 21 0.471400 -0.784837 -0.402259
0.070735 0.015112 0.163041 61 54 18 0.815656 -0.511179 -0.270925
0.069430 0.011386 0.164086 57 53 26 0.876854 -0.421422 -0.231364
0.073282 0.016220 0.166316 70 63 27 0.708356 -0.536071 -0.459194
0.071300 0.012354 0.170158 53 49 20 0.825378 -0.477749 -0.300844
0.069165 0.012449 0.160815 65 59 25 0.939578 -0.313009 -0.138631
0.070973 0.013096 0.167461 59 55 25 0.819541 -0.519936 -0.240872
0.071595 0.015355 0.164674 65 57 26 0.715142 -0.602756 -0.353916
0.071782 0.011378 0.172716 59 52 22 0.750336 -0.560973 -0.349722
0.069749 0.014114 0.160982 61 57 28 0.932823 -0.319983 -0.165685
0.069839 0.012859 0.163394 59 56 25 0.911260 -0.336756 -0.237065
0.066804 0.007240 0.165138 78 69 29 0.750236 -0.640492 -0.164061
0.070329 0.009888 0.169611 91 80 32 0.752979 -0.605797 -0.256969
0.070684 0.013009 0.166531 52 48 24 0.880833 -0.426072 -0.206387
0.072006 0.011323 0.173282 62 58 22 0.715449 -0.558556 -0.419699
0.068544 0.010026 0.164322 66 63 23 0.742770 -0.626109 -0.237237
0.070895 0.010051 0.171242 80 68 26 0.933077 -0.319496 -0.165196
0.067073 0.007630 0.165129 78 69 30 0.749716 -0.641645 -0.161919
0.067247 0.007813 0.165101 77 70 32 0.755080 -0.635739 -0.160284
0.067032 0.008407 0.161886 76 70 24 0.815424 -0.570581 -0.097569
0.069492 0.013881 0.159764 63 58 27 0.946530 -0.283240 -0.154455
0.071280 0.013748 0.166831 61 54 27 0.722791 -0.610817 -0.323226
0.066495 0.006960 0.164915 78 69 29 0.737247 -0.651049 -0.180559
0.070941 0.015539 0.162680 69 56 20 0.812553 -0.514902 -0.273190
0.071600 0.011135 0.172539 51 50 20 0.858332 -0.416871 -0.299140
0.069228 0.013142 0.159443 65 60 26 0.955942 -0.256644 -0.142506
0.072294 0.015367 0.165917 67 64 27 0.656096 -0.629011 -0.416994
0.067885 0.008972 0.164453 79 69 28 0.868535 -0.444555 -0.219131
0.068718 0.008458 0.168995 85 73 34 0.738429 -0.612521 -0.282029
0.072331 0.016379 0.164603 63 59 24 0.730930 -0.562584 -0.386317
0.067992 0.008866 0.165359 80 71 29 0.837999 -0.512690 -0.186834
0.068432 0.010746 0.160378 73 65 25 0.847894 -0.529370 -0.029040
0.068203 0.006981 0.170801 89 76 30 0.749400 -0.603357 -0.272690
0.068469 0.009740 0.164864 68 60 29 0.763893 -0.592806 -0.255048
0.070984 0.011158 0.170383 64 57 26 0.954017 -0.229573 -0.192738
0.072222 0.011670 0.172903 75 65 30 0.604446 -0.684424 -0.407687
0.069444 0.012271 0.162792 58 54 25 0.922604 -0.333151 -0.194454
0.072641 0.013477 0.169685 66 60 24 0.534354 -0.760225 -0.369490
0.069250 0.011775 0.162419 60 55 23 0.924155 -0.340610 -0.172982
0.071447 0.010957 0.172310 55 52 21 0.890609 -0.359581 -0.278419
0.072265 0.016493 0.164322 62 56 26 0.732836 -0.562532 -0.382765
0.071448 0.013683 0.167254 60 54 24 0.698139 -0.642308 -0.316295
0.069423 0.013979 0.159325 67 60 27 0.948941 -0.275522 -0.153617
0.067125 0.008769 0.160965 78 69 31 0.806211 -0.577215 -0.129793
0.071015 0.012468 0.169023 45 45 21 0.895680 -0.363633 -0.255984
0.066260 0.006378 0.166180 83 72 29 0.735705 -0.660806 -0.148574
0.071564 0.012746 0.170010 63 57 20 0.621358 -0.698787 -0.354415
0.070007 0.011187 0.166356 62 55 23 0.851119 -0.428158 -0.303771
0.068487 0.010783 0.160743 70 60 22 0.852859 -0.518809 -0.058902
0.069172 0.008309 0.170496 86 74 28 0.699747 -0.637356 -0.322693
0.072084 0.013163 0.169680 64 56 25 0.422861 -0.825665 -0.373451
0.067197 0.008621 0.161947 77 69 27 0.825484 -0.555750 -0.098582
0.071491 0.012356 0.170592 53 52 21 0.770794 -0.559477 -0.304732
0.071003 0.014137 0.165437 64 57 20 0.783186 -0.552670 -0.284914
0.070734 0.011683 0.168213 62 56 28 0.967793 -0.146318 -0.204858
0.072727 0.015164 0.167050 74 65 27 0.593994 -0.681736 -0.427092
0.069414 0.013787 0.159473 64 59 27 0.950148 -0.271035 -0.154136
0.070984 0.012693 0.168551 46 44 24 0.887306 -0.406486 -0.217845
0.069774 0.012511 0.163685 58 56 25 0.907229 -0.343096 -0.243354
0.069823 0.011659 0.165043 60 54 24 0.884371 -0.375326 -0.277523
0.067814 0.009705 0.162171 76 67 26 0.861058 -0.499096 -0.097376
0.067315 0.008265 0.163669 78 69 34 0.792829 -0.579373 -0.189073
0.069084 0.012713 0.159272 69 64 27 0.950735 -0.273055 -0.146778
0.066113 0.006715 0.163792 76 68 27 0.784452 -0.608106 -0.121826
0.069304 0.011363 0.163645 60 54 21 0.874361 -0.433136 -0.218828
0.067615 0.009221 0.162558 81 71 25 0.875906 -0.472028 -0.099893
0.070434 0.008558 0.173168 80 69 31 0.790185 -0.570685 -0.223444
0.072121 0.011505 0.173087 67 62 24 0.672393 -0.615765 -0.410757
0.070777 0.010952 0.169347 76 64 28 0.964961 -0.208882 -0.158805
0.069706 0.014131 0.160670 63 59 24 0.932149 -0.321084 -0.167342
0.069072 0.010458 0.164837 68 58 28 0.769318 -0.591236 -0.242054
0.070530 0.014182 0.163999 64 58 24 0.862168 -0.430784 -0.266630
0.070537 0.009546 0.170694 90 78 29 0.774403 -0.568668 -0.277339
0.070043 0.014944 0.160871 59 55 27 0.911955 -0.360219 -0.196416
0.071717 0.013390 0.168645 60 54 23 0.551988 -0.779368 -0.296470
0.072591 0.016041 0.165470 68 61 23 0.718085 -0.569624 -0.399853
0.066174 0.006949 0.163374 76 67 27 0.797757 -0.585765 -0.143048
0.070664 0.010413 0.169398 81 69 28 0.881396 -0.439769 -0.172466
0.070843 0.009475 0.172640 72 62 23 0.843397 -0.504487 -0.184864
0.068878 0.012248 0.158872 70 62 23 0.945025 -0.288646 -0.153661
0.071727 0.010954 0.173212 55 50 19 0.839581 -0.431635 -0.329842
0.070755 0.014694 0.163806 61 57 25 0.834924 -0.489871 -0.250855
0.068263 0.010413 0.161304 65 59 22 0.799601 -0.598615 -0.047942
0.066946 0.008738 0.160082 76 68 33 0.796093 -0.595461 -0.107995
0.066813 0.006164 0.168399 83 72 33 0.749645 -0.606138 -0.265761
0.066816 0.007473 0.164650 77 71 26 0.738334 -0.646105 -0.193420
0.072699 0.016389 0.165137 66 61 22 0.751111 -0.536832 -0.384244
0.070965 0.015164 0.163469 61 54 22 0.784775 -0.536966 -0.309509
0.072263 0.012162 0.172019 79 68 24 0.435510 -0.808912 -0.394958
0.068554 0.010221 0.163775 67 60 26 0.740660 -0.631648 -0.229006
