0.041589 -0.071747 0.786133 0.723247 0.637648 -0.265175 1.000000
0.046125 -0.063289 0.794019 -0.371874 0.848705 -0.376045 1.000000
0.042529 -0.068729 0.792778 0.906919 -0.366852 0.207163 1.000000
0.042427 -0.067604 0.794253 0.883240 -0.253624 0.394413 1.000000
0.042258 -0.066236 0.795613 0.851640 -0.404838 0.332891 1.000000
0.040998 -0.068257 0.784517 0.733271 -0.660855 0.159950 1.000000
0.041478 -0.071376 0.786365 0.753972 0.536378 -0.379242 1.000000
0.041108 -0.068042 0.784684 0.613602 -0.784461 0.090071 1.000000
0.041991 -0.072235 0.784528 -0.595311 -0.798084 0.093095 1.000000
0.041687 -0.067833 0.784160 0.372771 -0.918042 0.135058 1.000000
0.041341 -0.068210 0.783098 -0.614883 0.735455 -0.284649 1.000000
0.043613 -0.067164 0.791187 0.889932 -0.426430 0.161795 1.000000
0.045903 -0.072986 0.795095 0.677651 0.657102 -0.330162 1.000000
0.043645 -0.067209 0.790692 0.872299 -0.472554 0.125647 1.000000
0.043608 -0.067543 0.788661 0.890057 -0.455709 -0.011313 1.000000
0.043714 -0.066901 0.791512 0.861866 -0.443746 0.245514 1.000000
0.043782 -0.067272 0.789817 0.873677 -0.482723 0.060553 1.000000
0.043738 -0.067310 0.789313 0.875627 -0.482929 -0.007521 1.000000
0.043978 -0.066562 0.790981 0.867078 -0.472703 0.157249 1.000000
0.043973 -0.066644 0.790504 0.880275 -0.461631 0.109604 1.000000
0.044013 -0.066699 0.790258 0.889207 -0.450635 0.078987 1.000000
0.043951 -0.066856 0.789594 0.883074 -0.468167 0.031631 1.000000
0.044294 -0.066009 0.790648 0.809632 -0.571573 0.133415 1.000000
0.048082 -0.077482 0.793214 0.904718 0.402416 -0.139812 1.000000
0.040872 -0.071791 0.783147 0.719819 0.691480 -0.060963 1.000000
0.042022 -0.068919 0.795260 0.944848 0.322727 0.055767 1.000000
0.042834 -0.069111 0.790188 0.880017 -0.444897 0.166244 1.000000
0.043149 -0.068678 0.789678 0.928582 -0.358196 0.097112 1.000000
0.042076 -0.070729 0.788289 0.966340 -0.222677 -0.128846 1.000000
0.042319 -0.066618 0.794943 0.847429 -0.341116 0.406821 1.000000
0.040789 -0.068680 0.784376 0.862322 -0.470758 0.186512 1.000000
0.043214 -0.068400 0.789572 0.937816 -0.340082 0.069604 1.000000
0.043032 -0.070647 0.794696 0.777933 0.587913 -0.221761 1.000000
0.043485 -0.071071 0.795141 0.713445 0.649099 -0.263944 1.000000
0.042833 -0.071959 0.789872 -0.589958 -0.764017 0.261203 1.000000
0.041328 -0.067943 0.784501 0.539268 -0.834104 0.116020 1.000000
0.042198 -0.069050 0.787386 -0.525340 0.581711 0.620991 1.000000
0.043568 -0.072960 0.788328 -0.628015 -0.739798 0.241446 1.000000
0.042683 -0.069825 0.789231 0.804384 -0.584921 0.104083 1.000000
0.042974 -0.068110 0.792022 0.876268 -0.422936 0.230824 1.000000
0.042726 -0.069737 0.788941 0.822874 -0.567946 0.017769 1.000000
0.047015 -0.076161 0.788821 0.827822 0.538164 -0.158402 1.000000
0.042670 -0.068794 0.787412 0.636080 -0.694743 -0.335759 1.000000
0.048499 -0.076284 0.796190 0.774351 0.503293 -0.383506 1.000000
0.044509 -0.065807 0.790438 0.748068 -0.659984 0.069395 1.000000
0.043177 -0.068393 0.790090 0.920500 -0.372370 0.118411 1.000000
0.043136 -0.068510 0.788912 0.940024 -0.338688 -0.040565 1.000000
0.043978 -0.065199 0.793419 0.722353 -0.561783 0.403244 1.000000
0.043566 -0.067627 0.789543 0.879366 -0.476117 0.005239 1.000000
0.045093 -0.065125 0.789392 0.635128 -0.761411 -0.129867 1.000000
0.043482 -0.067863 0.788806 0.905091 -0.425213 0.001963 1.000000
0.044114 -0.065295 0.792974 0.714829 -0.611006 0.340134 1.000000
0.043350 -0.068307 0.788286 0.908591 -0.411389 -0.072261 1.000000
0.043978 -0.066618 0.791217 0.865311 -0.468300 0.178698 1.000000
0.043451 -0.067330 0.791464 0.878228 -0.421697 0.225581 1.000000
0.044490 -0.064900 0.792931 0.613324 -0.705786 0.354542 1.000000
0.044643 -0.064025 0.794261 -0.544197 0.735594 -0.403425 1.000000
0.044799 -0.064274 0.793785 0.513222 -0.754051 0.409890 1.000000
0.044357 -0.066004 0.790960 0.824222 -0.551389 0.128948 1.000000
0.044739 -0.064618 0.793020 0.567081 -0.726673 0.387770 1.000000
0.045246 -0.064514 0.792791 0.500892 -0.766615 0.401756 1.000000
0.045373 -0.064312 0.792927 0.494014 -0.776511 0.391129 1.000000
0.045282 -0.074536 0.788160 -0.660712 -0.716118 0.225022 1.000000
0.044828 -0.065335 0.788814 0.743536 -0.667502 -0.039941 1.000000
0.045700 -0.063707 0.793817 0.441164 -0.805660 0.395332 1.000000
0.045711 -0.064626 0.792096 0.533446 -0.779149 0.329184 1.000000
0.045887 -0.064129 0.792701 0.500911 -0.783058 0.368657 1.000000
0.045759 -0.064753 0.791704 0.564562 -0.777098 0.278187 1.000000
0.046012 -0.064423 0.791945 0.538657 -0.783320 0.310254 1.000000
0.045735 -0.064869 0.787681 0.418421 -0.896412 0.146182 1.000000
0.046278 -0.063904 0.792488 0.430778 -0.833674 0.345568 1.000000
0.045949 -0.064720 0.791060 0.579243 -0.802911 0.140750 1.000000
0.046319 -0.063384 0.793723 -0.360846 0.861651 -0.356859 1.000000
0.046505 -0.064213 0.791597 0.459384 -0.856759 0.234374 1.000000
0.046592 -0.063818 0.792298 0.369892 -0.864144 0.341225 1.000000
0.043316 -0.065754 0.794070 0.812040 -0.446035 0.376357 1.000000
0.046264 -0.064451 0.789742 0.437399 -0.898789 -0.029321 1.000000
0.046630 -0.064303 0.790968 0.468371 -0.871736 0.143889 1.000000
0.046761 -0.063972 0.791907 0.355730 -0.873539 0.332243 1.000000
0.047006 -0.064070 0.791451 0.353094 -0.918616 0.177395 1.000000
0.047119 -0.063937 0.791739 0.302165 -0.917866 0.257327 1.000000
0.046638 -0.064323 0.789528 0.352784 -0.934730 0.042693 1.000000
0.046643 -0.064272 0.790605 0.429585 -0.899720 0.077209 1.000000
0.046436 -0.064900 0.786389 0.213481 -0.929982 0.299265 1.000000
0.047088 -0.064124 0.789999 0.317908 -0.946860 0.048893 1.000000
0.047222 -0.064049 0.790939 0.308551 -0.946598 0.093534 1.000000
0.046646 -0.065118 0.785760 0.115848 -0.934237 0.337314 1.000000
0.046353 -0.065293 0.785451 0.161874 -0.926012 0.341025 1.000000
0.047184 -0.064057 0.790295 0.305441 -0.951060 0.046806 1.000000
0.046804 -0.064863 0.786276 0.119506 -0.931570 0.343358 1.000000
0.047593 -0.063973 0.790007 0.251694 -0.965037 0.073175 1.000000
0.047754 -0.063906 0.790440 0.249032 -0.965436 0.076924 1.000000
0.041998 -0.067684 0.785056 0.199818 -0.964787 -0.171049 1.000000
0.047167 -0.064853 0.786278 0.078729 -0.929889 0.359316 1.000000
0.047982 -0.063885 0.789949 0.214910 -0.972564 0.089072 1.000000
0.042307 -0.067548 0.784521 0.174411 -0.982317 -0.068069 1.000000
0.048261 -0.063787 0.790547 0.221764 -0.970913 0.090274 1.000000
0.048340 -0.063721 0.791019 0.255416 -0.958280 0.128306 1.000000
0.045081 -0.072659 0.794236 -0.618618 -0.743694 0.253438 1.000000
0.042682 -0.067500 0.784324 0.239005 -0.970978 -0.008852 1.000000
0.043257 -0.068098 0.787389 0.863987 -0.502503 0.031889 1.000000
0.043541 -0.067612 0.787201 0.879548 -0.464764 0.101928 1.000000
0.043883 -0.067443 0.786108 0.905994 -0.420568 0.047936 1.000000
0.043872 -0.067113 0.786655 0.908757 -0.395256 0.133919 1.000000
0.043966 -0.066820 0.786779 0.908254 -0.403832 0.109521 1.000000
0.044255 -0.066575 0.785583 0.858305 -0.499841 0.116071 1.000000
0.044294 -0.066856 0.784217 0.683846 -0.728888 0.032827 1.000000
0.043130 -0.067212 0.792772 0.889582 -0.348069 0.295790 1.000000
0.045259 -0.065368 0.786118 0.501895 -0.835433 0.223948 1.000000
0.044745 -0.066405 0.784213 0.612546 -0.777805 0.140737 1.000000
0.042311 -0.068839 0.786990 0.380355 -0.820617 -0.426517 1.000000
0.045786 -0.064864 0.787537 0.401713 -0.902238 0.156824 1.000000
0.042198 -0.067661 0.784234 0.294585 -0.951408 0.089680 1.000000
0.046899 -0.064466 0.787523 0.228152 -0.941201 0.249173 1.000000
0.043243 -0.067501 0.784606 0.324928 -0.926638 -0.189115 1.000000
0.044161 -0.066364 0.787718 0.893041 -0.448486 -0.036581 1.000000
0.043871 -0.067244 0.785263 0.815210 -0.572630 -0.086763 1.000000
0.044366 -0.066268 0.788712 0.878231 -0.475912 -0.047104 1.000000
0.045280 -0.065198 0.791070 0.576535 -0.804888 0.140579 1.000000
0.043567 -0.067415 0.783424 -0.442584 0.894853 0.057950 1.000000
0.046308 -0.063765 0.792860 0.399583 -0.843029 0.360049 1.000000
0.047780 -0.064458 0.787126 0.080890 -0.933615 0.349027 1.000000
0.048001 -0.064312 0.787508 0.081825 -0.949994 0.301358 1.000000
0.047255 -0.063451 0.792946 0.176003 -0.933026 0.313824 1.000000
0.046072 -0.064753 0.787434 0.357210 -0.917602 0.174376 1.000000
0.047772 -0.063336 0.793066 0.173417 -0.936173 0.305789 1.000000
0.048746 -0.064083 0.788089 0.056419 -0.961486 0.269003 1.000000
0.048049 -0.063541 0.792243 0.216355 -0.937447 0.272734 1.000000
0.048092 -0.063862 0.790096 0.218916 -0.972094 0.084314 1.000000
0.047735 -0.064327 0.787472 0.103088 -0.949971 0.294834 1.000000
0.046794 -0.065563 0.784273 0.146920 -0.943394 0.297359 1.000000
0.048568 -0.063756 0.790152 0.203032 -0.974450 0.096042 1.000000
0.047635 -0.065413 0.784661 0.008725 -0.967859 0.251342 1.000000
0.048019 -0.065058 0.785743 0.022174 -0.927947 0.372052 1.000000
0.047666 -0.065480 0.784363 -0.027169 0.967595 -0.251041 1.000000
0.048177 -0.065446 0.784584 -0.035016 -0.962476 0.269098 1.000000
0.049189 -0.064664 0.786626 -0.000035 -0.916858 0.399214 1.000000
0.048597 -0.065572 0.784068 0.084115 0.955126 -0.284006 1.000000
0.048819 -0.065263 0.785263 -0.045691 -0.929428 0.366163 1.000000
0.048841 -0.065554 0.784330 0.082690 0.946513 -0.311892 1.000000
0.041202 -0.071157 0.786119 0.694495 0.586781 -0.416370 1.000000
0.049255 -0.078473 0.794713 0.797244 0.509562 -0.323649 1.000000
0.048927 -0.078509 0.794075 0.806644 0.501652 -0.312523 1.000000
0.048944 -0.078237 0.794474 0.801446 0.497622 -0.331747 1.000000
0.049011 -0.078038 0.794958 0.791296 0.510213 -0.336947 1.000000
0.048604 -0.078228 0.793735 0.822440 0.499359 -0.272458 1.000000
0.048650 -0.078507 0.793133 0.846996 0.492545 -0.199991 1.000000
0.048856 -0.077517 0.795539 0.788985 0.517430 -0.331316 1.000000
0.048783 -0.077567 0.795170 0.793562 0.518546 -0.318386 1.000000
0.048671 -0.078032 0.794201 0.808708 0.487217 -0.329561 1.000000
0.048718 -0.077834 0.794590 0.803409 0.491068 -0.336728 1.000000
0.048404 -0.078303 0.792867 0.861904 0.478439 -0.167983 1.000000
0.048413 -0.078011 0.793486 0.850705 0.469183 -0.236996 1.000000
0.048614 -0.077215 0.795412 0.792052 0.518714 -0.321854 1.000000
0.048622 -0.077504 0.794788 0.798836 0.518576 -0.304860 1.000000
0.048442 -0.077520 0.794323 0.816894 0.475964 -0.325796 1.000000
0.048411 -0.077773 0.793971 0.835760 0.460888 -0.298476 1.000000
0.048482 -0.077147 0.795075 0.796173 0.524895 -0.300988 1.000000
0.048235 -0.077917 0.793007 0.890258 0.426444 -0.159956 1.000000
0.048523 -0.076867 0.795674 0.781116 0.518870 -0.347319 1.000000
0.048208 -0.078082 0.792255 0.898039 0.419680 -0.131888 1.000000
0.048526 -0.076551 0.795992 0.783573 0.505363 -0.361417 1.000000
0.048219 -0.077100 0.794337 0.823273 0.485157 -0.294694 1.000000
0.048248 -0.076948 0.794780 0.807501 0.520765 -0.277031 1.000000
0.048221 -0.076703 0.795261 0.799063 0.513457 -0.312826 1.000000
0.048099 -0.077173 0.793973 0.841225 0.474470 -0.259266 1.000000
0.048080 -0.077754 0.792452 0.910972 0.393906 -0.122345 1.000000
0.048082 -0.077936 0.791783 0.907812 0.406929 -0.101423 1.000000
0.048111 -0.078163 0.791154 0.910367 0.405101 -0.084417 1.000000
0.047968 -0.076794 0.794302 0.843647 0.485191 -0.229889 1.000000
0.048080 -0.076332 0.795461 0.797029 0.501558 -0.336430 1.000000
0.047966 -0.077126 0.793457 0.904514 0.398326 -0.152285 1.000000
0.047958 -0.077351 0.792689 0.919815 0.368892 -0.133638 1.000000
0.047865 -0.076840 0.793776 0.886198 0.428797 -0.175460 1.000000
0.047917 -0.077742 0.791099 0.913076 0.399781 -0.080417 1.000000
0.047856 -0.077438 0.791735 0.911305 0.393735 -0.120396 1.000000
0.048717 -0.078478 0.793463 0.819022 0.512105 -0.258750 1.000000
0.048011 -0.075892 0.795923 0.791683 0.496526 -0.355949 1.000000
0.047860 -0.077683 0.790610 0.910277 0.408628 -0.066475 1.000000
0.047834 -0.076053 0.795246 0.834561 0.473121 -0.282248 1.000000
0.047912 -0.077390 0.792235 0.919253 0.374198 -0.122267 1.000000
0.047741 -0.076355 0.794334 0.880150 0.441387 -0.174679 1.000000
0.047816 -0.076865 0.792882 0.910051 0.396278 -0.121540 1.000000
0.047764 -0.076227 0.794781 0.859079 0.455400 -0.233654 1.000000
0.047872 -0.077775 0.790073 0.914706 0.399558 -0.060558 1.000000
0.047770 -0.076674 0.793336 0.903450 0.408901 -0.128759 1.000000
0.047985 -0.075621 0.796214 0.781804 0.491090 -0.384203 1.000000
0.047724 -0.076473 0.793875 0.888797 0.437781 -0.135602 1.000000
0.047722 -0.075709 0.795488 0.820707 0.487340 -0.298229 1.000000
0.047670 -0.075878 0.794997 0.863602 0.451046 -0.225276 1.000000
0.047791 -0.077344 0.791272 0.909272 0.406146 -0.090942 1.000000
0.047744 -0.076886 0.792418 0.907461 0.395238 -0.142484 1.000000
0.047701 -0.077020 0.791946 0.904197 0.405463 -0.134265 1.000000
0.047753 -0.075532 0.795881 0.807490 0.485998 -0.334313 1.000000
0.047752 -0.077325 0.790834 0.910579 0.407836 -0.067201 1.000000
0.047574 -0.075897 0.794559 0.878572 0.439031 -0.188052 1.000000
0.047730 -0.077568 0.789085 0.905439 0.416246 -0.083186 1.000000
0.047743 -0.077538 0.789611 0.914131 0.399460 -0.069253 1.000000
0.047731 -0.077353 0.790308 0.914536 0.399881 -0.060993 1.000000
0.047764 -0.075201 0.796342 0.801721 0.450100 -0.393260 1.000000
0.047576 -0.076063 0.793992 0.878269 0.455478 -0.145542 1.000000
0.048046 -0.076716 0.794714 0.818071 0.513203 -0.259582 1.000000
0.047593 -0.076450 0.792805 0.880765 0.455100 -0.130907 1.000000
0.047502 -0.075385 0.795399 0.846943 0.467568 -0.253116 1.000000
0.047577 -0.076167 0.793553 0.880387 0.454334 -0.136015 1.000000
0.047679 -0.077482 0.788637 0.893727 0.438489 -0.094762 1.000000
0.047665 -0.077033 0.791449 0.905523 0.413659 -0.094413 1.000000
0.047478 -0.075439 0.795038 0.856206 0.465803 -0.223469 1.000000
0.047774 -0.076750 0.792663 0.899663 0.414778 -0.136254 1.000000
0.047550 -0.076603 0.792103 0.887411 0.437865 -0.144138 1.000000
0.047566 -0.077162 0.789345 0.900017 0.427514 -0.084866 1.000000
0.047512 -0.075097 0.795856 0.829470 0.442769 -0.340492 1.000000
0.047551 -0.076933 0.790621 0.913515 0.402794 -0.056991 1.000000
0.047375 -0.075502 0.794500 0.857094 0.474018 -0.201735 1.000000
0.047553 -0.077010 0.790119 0.907034 0.416259 -0.063381 1.000000
0.047533 -0.076684 0.791673 0.898137 0.425762 -0.109898 1.000000
0.047323 -0.075043 0.795444 0.853214 0.455560 -0.253952 1.000000
0.047362 -0.075631 0.794121 0.843583 0.502344 -0.189784 1.000000
0.047385 -0.076009 0.793031 0.841985 0.515595 -0.158821 1.000000
0.047473 -0.076703 0.791145 0.901085 0.427676 -0.071680 1.000000
0.047523 -0.076989 0.789699 0.904955 0.418846 -0.074988 1.000000
0.047307 -0.075709 0.793546 0.824525 0.541890 -0.162830 1.000000
0.047587 -0.074764 0.796395 0.797579 0.400354 -0.451203 1.000000
0.047499 -0.077169 0.788382 0.874652 0.472415 -0.108663 1.000000
0.047384 -0.076191 0.792596 0.855411 0.497987 -0.142415 1.000000
0.047498 -0.077093 0.788984 0.896573 0.434239 -0.087138 1.000000
0.047333 -0.076203 0.792130 0.867610 0.479392 -0.132045 1.000000
0.047124 -0.075225 0.794267 0.816964 0.524071 -0.240665 1.000000
0.047346 -0.076376 0.791437 0.891497 0.444827 -0.085797 1.000000
0.047399 -0.076651 0.790171 0.904035 0.422684 -0.063709 1.000000
0.047200 -0.074989 0.794923 0.845304 0.475877 -0.242903 1.000000
0.047347 -0.076524 0.790662 0.902085 0.428564 -0.050745 1.000000
0.047038 -0.075273 0.793926 0.811988 0.536357 -0.230211 1.000000
0.047328 -0.074310 0.796282 0.797697 0.399857 -0.451436 1.000000
0.047283 -0.076848 0.787995 0.856231 0.502866 -0.118296 1.000000
0.047081 -0.075527 0.793307 0.809198 0.566183 -0.156955 1.000000
0.047053 -0.074552 0.795319 0.847547 0.458736 -0.266881 1.000000
0.047109 -0.074319 0.795803 0.832042 0.433935 -0.345551 1.000000
0.047306 -0.076781 0.788470 0.868814 0.482184 -0.112524 1.000000
0.047038 -0.075559 0.792854 0.824438 0.547155 -0.144652 1.000000
0.047213 -0.076888 0.787479 0.829868 0.552349 -0.078930 1.000000
0.047273 -0.076463 0.789737 0.902065 0.423382 -0.083825 1.000000
0.047093 -0.075737 0.792282 0.846042 0.524026 -0.098028 1.000000
0.047253 -0.076250 0.790999 0.892736 0.447257 -0.054625 1.000000
0.046931 -0.074855 0.794361 0.821166 0.504029 -0.267657 1.000000
0.047125 -0.075888 0.791837 0.858761 0.504139 -0.091508 1.000000
0.047248 -0.076290 0.790426 0.898430 0.436856 -0.044512 1.000000
0.047296 -0.073912 0.796563 0.756582 0.445952 -0.478237 1.000000
0.046848 -0.074976 0.794027 0.807593 0.528548 -0.261594 1.000000
0.047177 -0.076401 0.789177 0.872510 0.467280 -0.142742 1.000000
0.047123 -0.075974 0.791377 0.870069 0.487086 -0.075677 1.000000
0.046780 -0.075099 0.793426 0.812863 0.559442 -0.162104 1.000000
0.047091 -0.076775 0.786958 0.800194 0.594306 -0.080556 1.000000
0.047124 -0.076744 0.786498 0.777699 0.624208 -0.074495 1.000000
0.046838 -0.075249 0.793045 0.816170 0.563275 -0.128792 1.000000
0.046879 -0.073944 0.795804 0.802620 0.476221 -0.359188 1.000000
0.047192 -0.076481 0.788768 0.859667 0.496206 -0.121459 1.000000
0.047148 -0.076086 0.789967 0.905960 0.419581 -0.056464 1.000000
0.046780 -0.074234 0.795023 0.828710 0.487611 -0.274727 1.000000
0.047083 -0.076413 0.788233 0.825446 0.550209 -0.126131 1.000000
0.046746 -0.074401 0.794557 0.819271 0.500669 -0.279508 1.000000
0.047074 -0.074006 0.796057 0.797415 0.454365 -0.397092 1.000000
0.046859 -0.075344 0.792506 0.823334 0.557107 -0.108414 1.000000
0.047035 -0.075850 0.790958 0.872369 0.487966 -0.029357 1.000000
0.046866 -0.075452 0.791913 0.831574 0.548945 -0.084527 1.000000
0.047068 -0.075904 0.790486 0.891636 0.452295 -0.020335 1.000000
0.046949 -0.076411 0.787526 0.803278 0.587559 -0.097559 1.000000
0.046675 -0.074585 0.794143 0.817658 0.501660 -0.282442 1.000000
0.046687 -0.073956 0.795313 0.817311 0.496383 -0.292586 1.000000
0.046993 -0.076061 0.789288 0.850936 0.490709 -0.187385 1.000000
0.046903 -0.076539 0.786055 0.729332 0.682504 -0.047572 1.000000
0.046494 -0.074619 0.793464 0.819504 0.540008 -0.191846 1.000000
0.046969 -0.073607 0.796292 0.761237 0.485932 -0.429404 1.000000
0.046919 -0.075603 0.791278 0.854830 0.515781 -0.056882 1.000000
0.046614 -0.074954 0.792711 0.812481 0.571690 -0.114216 1.000000
0.046881 -0.076400 0.786950 0.783215 0.614772 -0.092895 1.000000
0.046908 -0.076111 0.788487 0.808650 0.566713 -0.157870 1.000000
0.046870 -0.076559 0.785519 0.703898 0.709522 -0.033269 1.000000
0.046616 -0.075047 0.792225 0.813591 0.571828 -0.105275 1.000000
0.046699 -0.076243 0.786491 0.743559 0.663128 -0.085915 1.000000
0.046874 -0.076584 0.784972 0.696036 0.717899 -0.012456 1.000000
0.046615 -0.073561 0.795715 0.779165 0.507427 -0.367995 1.000000
0.046864 -0.075555 0.790765 0.866989 0.498325 0.001781 1.000000
0.046734 -0.075305 0.791538 0.825888 0.559132 -0.072674 1.000000
0.046621 -0.075991 0.787305 0.770001 0.626955 -0.118433 1.000000
0.046739 -0.076032 0.787798 0.784968 0.603795 -0.138770 1.000000
0.046763 -0.075811 0.788817 0.793956 0.561610 -0.232870 1.000000
0.046328 -0.074180 0.793825 0.785127 0.548834 -0.286979 1.000000
0.046429 -0.073772 0.794857 0.785762 0.545290 -0.291954 1.000000
0.047377 -0.076742 0.789432 0.903187 0.420102 -0.088131 1.000000
0.046406 -0.073966 0.794346 0.797270 0.528997 -0.290728 1.000000
0.046879 -0.075562 0.790253 0.859985 0.508203 -0.046421 1.000000
0.046652 -0.076313 0.785785 -0.702007 -0.711073 0.039515 1.000000
0.046320 -0.074436 0.793138 0.790077 0.584016 -0.186287 1.000000
0.046782 -0.075657 0.789255 0.817735 0.522117 -0.242288 1.000000
0.046893 -0.075568 0.789767 0.843192 0.518311 -0.142761 1.000000
0.046308 -0.074512 0.792686 0.787698 0.603319 -0.124650 1.000000
0.047714 -0.077378 0.789915 0.912802 0.403673 -0.061966 1.000000
0.046473 -0.075974 0.786811 0.718832 0.682051 -0.134492 1.000000
0.046437 -0.073584 0.795262 0.779833 0.545408 -0.307231 1.000000
0.046678 -0.075233 0.791030 0.832145 0.554016 -0.024523 1.000000
0.046610 -0.074851 0.793106 0.814276 0.562074 -0.145010 1.000000
0.046476 -0.074936 0.791774 0.803212 0.589949 -0.082525 1.000000
0.046539 -0.073212 0.795987 0.747723 0.543341 -0.381695 1.000000
0.046021 -0.074039 0.793330 0.753649 0.616282 -0.228495 1.000000
0.046651 -0.076325 0.784785 0.714682 0.699352 0.011640 1.000000
0.047317 -0.074635 0.795907 0.832707 0.415082 -0.366479 1.000000
0.046459 -0.076089 0.786071 -0.691052 -0.718008 0.083141 1.000000
0.046299 -0.074640 0.792233 0.795797 0.596300 -0.105514 1.000000
0.046471 -0.075729 0.788010 0.728710 0.669352 -0.144743 1.000000
0.046521 -0.075655 0.788554 0.741771 0.626910 -0.238241 1.000000
0.046693 -0.075269 0.790537 0.826367 0.563075 -0.008068 1.000000
0.046192 -0.073548 0.794579 0.760872 0.572302 -0.305849 1.000000
0.046678 -0.075216 0.789973 0.812931 0.572378 -0.107361 1.000000
0.046483 -0.074967 0.791312 0.800131 0.598904 -0.033238 1.000000
0.046265 -0.075743 0.787040 -0.681317 -0.715114 0.156268 1.000000
0.047176 -0.074834 0.795278 0.850629 0.465663 -0.244108 1.000000
0.046437 -0.076101 0.785519 -0.698792 -0.714438 0.035597 1.000000
0.046350 -0.075639 0.787552 0.707100 0.693946 -0.135825 1.000000
0.046316 -0.073199 0.795523 0.736477 0.581241 -0.346066 1.000000
0.046591 -0.074083 0.794634 0.807194 0.519010 -0.281187 1.000000
0.046605 -0.076275 0.784062 0.707436 0.703897 0.063744 1.000000
0.046437 -0.075276 0.789109 0.740152 0.601607 -0.300406 1.000000
0.046426 -0.076075 0.785117 0.711170 0.702959 -0.009251 1.000000
0.046787 -0.073532 0.796052 0.774185 0.494882 -0.394627 1.000000
0.046060 -0.075645 0.786574 -0.677046 -0.723453 0.134996 1.000000
0.046543 -0.075191 0.789486 0.757890 0.603504 -0.247760 1.000000
0.046946 -0.074250 0.795529 0.824995 0.470720 -0.312741 1.000000
0.046380 -0.076073 0.784524 0.714154 0.699719 0.019418 1.000000
0.046003 -0.075676 0.785801 -0.696033 -0.717245 0.033118 1.000000
0.046315 -0.075908 0.786352 -0.692218 -0.712442 0.115153 1.000000
0.046466 -0.074925 0.790810 0.803786 0.594302 -0.027081 1.000000
0.046013 -0.073720 0.793879 0.751152 0.576835 -0.320986 1.000000
0.046162 -0.073278 0.795029 0.724394 0.611098 -0.319080 1.000000
0.046003 -0.074292 0.792085 0.776299 0.623326 -0.093941 1.000000
0.046139 -0.074523 0.791713 0.790088 0.608936 -0.070412 1.000000
0.046069 -0.075311 0.788082 -0.681544 -0.704949 0.196330 1.000000
0.045754 -0.073869 0.793060 0.744463 0.638242 -0.196013 1.000000
0.046448 -0.074926 0.790292 0.778427 0.623619 -0.071774 1.000000
0.046218 -0.074634 0.791268 0.779429 0.625493 -0.035356 1.000000
0.046279 -0.072745 0.796209 0.680847 0.606006 -0.411344 1.000000
0.046141 -0.075244 0.788539 0.687598 0.669753 -0.280427 1.000000
0.045939 -0.073258 0.794546 0.697443 0.642766 -0.316900 1.000000
0.045901 -0.075352 0.787090 -0.668600 -0.725159 0.164676 1.000000
0.046263 -0.074832 0.789798 0.730356 0.656613 -0.188251 1.000000
0.045829 -0.074063 0.792392 0.757656 0.645888 -0.093735 1.000000
0.045649 -0.073624 0.793346 0.728750 0.638476 -0.247532 1.000000
0.045983 -0.075644 0.785385 -0.705222 -0.708919 0.009811 1.000000
0.045876 -0.075229 0.787540 -0.671949 -0.724774 0.152274 1.000000
0.045841 -0.073358 0.794139 0.694799 0.646194 -0.315732 1.000000
0.045770 -0.075449 0.786353 -0.685865 -0.719395 0.109817 1.000000
0.046240 -0.075861 0.784133 0.711855 0.698363 0.074508 1.000000
0.045975 -0.074156 0.792803 0.767918 0.625805 -0.136643 1.000000
0.047295 -0.076182 0.791732 0.879935 0.464060 -0.101795 1.000000
0.046466 -0.076051 0.783671 0.713301 0.694979 0.090586 1.000000
0.045948 -0.072838 0.795459 0.669362 0.651789 -0.356547 1.000000
0.045833 -0.074072 0.791713 0.768531 0.634733 -0.080460 1.000000
0.045569 -0.073728 0.792584 0.743305 0.661702 -0.098226 1.000000
0.046023 -0.074904 0.788904 -0.662986 -0.678206 0.316995 1.000000
0.046092 -0.074502 0.790834 0.750871 0.658993 -0.043819 1.000000
0.046021 -0.075718 0.784878 0.716020 0.697884 0.016517 1.000000
0.045757 -0.073008 0.794798 -0.658771 -0.676623 0.328941 1.000000
0.046079 -0.074818 0.789282 -0.667099 -0.678555 0.307475 1.000000
0.045673 -0.074967 0.788055 -0.674351 -0.713930 0.188559 1.000000
0.045625 -0.075297 0.785843 -0.698844 -0.714503 0.033190 1.000000
0.045453 -0.075003 0.786848 -0.681322 -0.716596 0.149299 1.000000
0.045933 -0.074296 0.791339 0.762578 0.644130 -0.059756 1.000000
0.045922 -0.072534 0.795903 -0.625303 -0.670853 0.398688 1.000000
0.046111 -0.074520 0.790083 0.711015 0.690195 -0.134496 1.000000
0.045453 -0.075117 0.786436 -0.678539 -0.726385 0.109312 1.000000
0.046099 -0.072337 0.796541 -0.633102 -0.652947 0.415742 1.000000
0.045691 -0.073855 0.792126 0.755703 0.649701 -0.082474 1.000000
0.045507 -0.072958 0.794373 -0.655376 -0.692638 0.301223 1.000000
0.045406 -0.073475 0.792954 0.719581 0.677763 -0.151132 1.000000
0.046986 -0.074593 0.795009 0.839022 0.479254 -0.257598 1.000000
0.045877 -0.075527 0.784340 0.716270 0.695613 0.055497 1.000000
0.045631 -0.075268 0.785360 -0.702243 -0.711913 -0.005908 1.000000
0.045509 -0.072668 0.795050 -0.607351 -0.718574 0.338787 1.000000
0.045460 -0.073115 0.793828 0.678636 0.676110 -0.286928 1.000000
0.045455 -0.074814 0.787638 -0.665955 -0.729381 0.156549 1.000000
0.045848 -0.074470 0.789579 -0.677366 -0.687698 0.261240 1.000000
0.045477 -0.074712 0.788336 -0.651952 -0.713206 0.257480 1.000000
0.045764 -0.074166 0.790960 0.719904 0.689356 -0.080789 1.000000
0.046305 -0.075778 0.783117 0.702943 0.703101 0.107334 1.000000
0.045476 -0.071932 0.796372 -0.557154 -0.722180 0.409922 1.000000
0.045931 -0.074314 0.790388 -0.700081 -0.707215 0.098660 1.000000
0.045247 -0.074723 0.787154 -0.667156 -0.729389 0.151312 1.000000
0.045597 -0.075265 0.784860 -0.701231 -0.712565 -0.022941 1.000000
0.045986 -0.075540 0.783822 0.709364 0.697225 0.103347 1.000000
0.045583 -0.074527 0.788901 -0.649234 -0.685650 0.329211 1.000000
0.045455 -0.072272 0.795687 -0.583348 -0.711973 0.390896 1.000000
0.045153 -0.072660 0.794466 -0.605719 -0.742356 0.286377 1.000000
0.046520 -0.074539 0.793755 0.818760 0.524027 -0.234581 1.000000
0.045121 -0.072303 0.795167 -0.576225 -0.741183 0.344401 1.000000
0.045567 -0.073908 0.791268 0.716033 0.687938 -0.118482 1.000000
0.045197 -0.074860 0.786148 -0.674548 -0.734671 0.072419 1.000000
0.045383 -0.073505 0.792202 0.734469 0.672002 -0.094697 1.000000
0.045622 -0.074045 0.790596 -0.675602 -0.732849 0.080588 1.000000
0.045197 -0.072812 0.793994 -0.644799 -0.719755 0.257267 1.000000
0.045610 -0.072207 0.796032 -0.582200 -0.702830 0.408746 1.000000
0.045705 -0.074178 0.789861 -0.666318 -0.721964 0.186516 1.000000
0.045053 -0.074411 0.787884 -0.670177 -0.717619 0.189433 1.000000
0.045446 -0.073655 0.791602 0.715301 0.685142 -0.137566 1.000000
0.045179 -0.073273 0.792598 0.731277 0.673560 -0.107473 1.000000
0.045358 -0.074997 0.785140 -0.684664 -0.728858 -0.001050 1.000000
0.046002 -0.075476 0.783399 -0.698857 -0.706122 -0.113973 1.000000
0.045367 -0.074235 0.789104 -0.635100 -0.702308 0.321577 1.000000
0.045132 -0.074343 0.788404 -0.655203 -0.704649 0.272359 1.000000
0.045014 -0.072392 0.794794 -0.579695 -0.755328 0.305668 1.000000
0.044988 -0.071920 0.795706 -0.546482 -0.741350 0.389560 1.000000
0.045202 -0.074861 0.785588 -0.673172 -0.739117 0.023361 1.000000
0.044998 -0.074599 0.786653 -0.673203 -0.728965 0.124126 1.000000
0.044830 -0.074364 0.787110 -0.660770 -0.734730 0.153474 1.000000
0.044955 -0.071699 0.796066 -0.530797 -0.746025 0.402121 1.000000
0.045581 -0.075185 0.784146 -0.687466 -0.722844 -0.069904 1.000000
0.045145 -0.072917 0.793581 -0.679221 -0.694319 0.237865 1.000000
0.045474 -0.073965 0.790171 -0.639817 -0.754861 0.144290 1.000000
0.046013 -0.075432 0.782946 0.693183 0.711521 0.115039 1.000000
0.044784 -0.072401 0.794265 -0.598357 -0.765694 0.235970 1.000000
0.044697 -0.071962 0.795228 -0.552911 -0.752178 0.358493 1.000000
0.045247 -0.073956 0.789400 -0.610206 -0.738449 0.286951 1.000000
0.045302 -0.073738 0.790935 -0.667817 -0.730612 0.142223 1.000000
0.044905 -0.072947 0.792831 -0.684947 -0.708579 0.169600 1.000000
0.044905 -0.074007 0.788672 -0.647124 -0.712778 0.270514 1.000000
0.044630 -0.072122 0.794702 -0.577792 -0.757399 0.304144 1.000000
0.044507 -0.071664 0.795573 -0.539989 -0.752811 0.376414 1.000000
0.045621 -0.075098 0.783424 -0.682228 -0.723164 -0.107694 1.000000
0.044827 -0.074533 0.785910 -0.652165 -0.756502 0.048836 1.000000
0.044799 -0.072557 0.793768 -0.625526 -0.748368 0.220598 1.000000
0.046158 -0.073977 0.793645 0.765500 0.585014 -0.267895 1.000000
0.045208 -0.073718 0.790398 -0.622924 -0.769501 0.140831 1.000000
0.044578 -0.074105 0.787404 -0.647050 -0.744467 0.164605 1.000000
0.044997 -0.073126 0.792153 -0.675871 -0.724169 0.137031 1.000000
0.044639 -0.074019 0.787907 -0.649252 -0.734978 0.195649 1.000000
0.044945 -0.074651 0.785204 -0.645699 -0.763390 0.017565 1.000000
0.044553 -0.074203 0.786672 -0.635382 -0.760077 0.136286 1.000000
0.044301 -0.071694 0.795212 -0.568048 -0.752559 0.333130 1.000000
0.045190 -0.074863 0.784722 -0.669670 -0.742092 -0.029015 1.000000
0.044389 -0.072118 0.794272 -0.614996 -0.755513 0.225788 1.000000
0.045759 -0.075312 0.786734 -0.669854 -0.728459 0.143678 1.000000
0.044381 -0.071325 0.796064 -0.532851 -0.752022 0.387986 1.000000
0.044249 -0.071894 0.794659 -0.609683 -0.749176 0.258888 1.000000
0.045042 -0.073719 0.789682 -0.597848 -0.763144 0.245335 1.000000
0.046742 -0.073838 0.795587 0.807679 0.487110 -0.332232 1.000000
0.045672 -0.073435 0.793718 0.703293 0.641449 -0.306467 1.000000
0.045237 -0.074861 0.783920 -0.659671 -0.746207 -0.089500 1.000000
0.046207 -0.073755 0.794188 0.761640 0.564550 -0.318100 1.000000
0.045747 -0.075135 0.782883 0.673672 0.730815 0.109884 1.000000
0.044762 -0.072717 0.793064 -0.653674 -0.734401 0.182664 1.000000
0.044369 -0.072220 0.793818 -0.627094 -0.753990 0.195581 1.000000
0.045187 -0.071678 0.796387 -0.530098 -0.742496 0.409507 1.000000
0.045129 -0.072105 0.795526 -0.560744 -0.738120 0.375159 1.000000
0.045018 -0.073411 0.791198 -0.669496 -0.719732 0.183741 1.000000
0.047151 -0.072707 0.797512 0.637489 0.551286 -0.538229 1.000000
0.044314 -0.074147 0.786099 -0.619278 -0.778055 0.105476 1.000000
0.044960 -0.073477 0.790616 -0.630808 -0.759805 0.157408 1.000000
0.044204 -0.073867 0.786838 -0.616439 -0.768213 0.172777 1.000000
0.044986 -0.073228 0.791596 -0.669935 -0.722774 0.169658 1.000000
0.044754 -0.073748 0.788960 -0.620831 -0.733556 0.276521 1.000000
0.045520 -0.072476 0.795415 -0.597998 -0.713220 0.365670 1.000000
0.044104 -0.071454 0.795399 -0.572779 -0.745766 0.340232 1.000000
0.045241 -0.071926 0.795963 -0.539470 -0.734872 0.411018 1.000000
0.044607 -0.074384 0.785444 -0.625030 -0.780354 0.019639 1.000000
0.045220 -0.074781 0.783452 -0.658332 -0.746085 -0.099781 1.000000
0.044917 -0.074621 0.784177 -0.654350 -0.752952 -0.069932 1.000000
0.044564 -0.072706 0.792571 -0.647375 -0.745685 0.157668 1.000000
0.044429 -0.073731 0.788210 -0.637975 -0.733536 0.234335 1.000000
0.044520 -0.072419 0.793353 -0.639327 -0.742106 0.201345 1.000000
0.044781 -0.073455 0.790001 -0.610542 -0.771393 0.179420 1.000000
0.044223 -0.073763 0.787445 -0.630380 -0.755673 0.177707 1.000000
0.044700 -0.074466 0.784992 -0.635620 -0.771934 -0.010282 1.000000
0.044014 -0.071808 0.794288 -0.640200 -0.738432 0.211807 1.000000
0.044687 -0.071650 0.795786 -0.534054 -0.752289 0.385808 1.000000
0.044512 -0.073444 0.789238 -0.609490 -0.753591 0.246215 1.000000
0.044407 -0.071842 0.794983 -0.579101 -0.754682 0.308379 1.000000
0.044704 -0.074453 0.784484 -0.651734 -0.756591 -0.053044 1.000000
0.044336 -0.072427 0.792797 -0.641456 -0.744201 0.186280 1.000000
0.044110 -0.072089 0.793460 -0.645696 -0.737783 0.196857 1.000000
0.044643 -0.073073 0.791161 -0.639815 -0.744526 0.190574 1.000000
0.044639 -0.073240 0.790417 -0.629462 -0.753586 0.189437 1.000000
0.045287 -0.074755 0.782979 0.662378 0.740956 0.110635 1.000000
0.044568 -0.072762 0.792107 -0.636792 -0.755008 0.156393 1.000000
0.043849 -0.071126 0.795666 -0.629692 -0.694414 0.348249 1.000000
0.044742 -0.074435 0.783746 -0.654304 -0.749573 -0.100134 1.000000
0.044088 -0.073979 0.785681 -0.626755 -0.778494 0.033549 1.000000
0.043945 -0.073769 0.786548 -0.608534 -0.779829 0.146812 1.000000
0.043736 -0.073511 0.786940 -0.600858 -0.778007 0.183508 1.000000
0.043977 -0.073498 0.787696 -0.626561 -0.753972 0.197350 1.000000
0.044215 -0.073465 0.788506 -0.629793 -0.736452 0.246980 1.000000
0.043775 -0.071298 0.795146 -0.657587 -0.700700 0.276765 1.000000
0.043713 -0.071426 0.794670 -0.687630 -0.693833 0.213916 1.000000
0.044523 -0.072828 0.791614 -0.633958 -0.755809 0.163858 1.000000
0.044268 -0.071394 0.795777 -0.541649 -0.752389 0.374868 1.000000
0.044079 -0.073980 0.785173 -0.650046 -0.759294 -0.030229 1.000000
0.044055 -0.072130 0.793043 -0.650527 -0.732465 0.200773 1.000000
0.044268 -0.073182 0.789489 -0.614593 -0.754559 0.230037 1.000000
0.044322 -0.074158 0.784505 -0.661001 -0.746981 -0.071400 1.000000
0.044020 -0.071588 0.794978 -0.598194 -0.744491 0.296475 1.000000
0.043686 -0.070796 0.796078 -0.643463 -0.680440 0.350653 1.000000
0.044378 -0.073156 0.789933 -0.620556 -0.754236 0.214567 1.000000
0.044087 -0.073181 0.788970 -0.621472 -0.746488 0.237756 1.000000
0.044844 -0.074419 0.783214 0.657492 0.745963 0.106033 1.000000
0.044387 -0.072944 0.790736 -0.645543 -0.738324 0.195326 1.000000
0.044379 -0.074133 0.783926 -0.667790 -0.738354 -0.094281 1.000000
0.043761 -0.073271 0.787955 -0.630891 -0.743488 0.221816 1.000000
0.044200 -0.072444 0.792300 -0.625838 -0.761370 0.169237 1.000000
0.043745 -0.071574 0.794043 -0.685289 -0.702817 0.190860 1.000000
0.043501 -0.073267 0.787217 -0.608548 -0.767586 0.201200 1.000000
0.043666 -0.073647 0.785501 -0.650235 -0.759601 -0.014171 1.000000
0.043747 -0.073670 0.784961 -0.655848 -0.752280 -0.062759 1.000000
0.043913 -0.071829 0.793703 -0.657725 -0.731341 0.180383 1.000000
0.043727 -0.073671 0.785970 -0.633063 -0.772050 0.056307 1.000000
0.043916 -0.073761 0.784494 -0.665393 -0.740703 -0.092792 1.000000
0.048353 -0.076451 0.795770 0.787966 0.503697 -0.354117 1.000000
0.044980 -0.074445 0.782728 0.656496 0.747270 0.102954 1.000000
0.044184 -0.072912 0.790224 -0.632922 -0.742844 0.218158 1.000000
0.047345 -0.072089 0.798379 0.592021 0.597059 -0.541325 1.000000
0.043266 -0.073206 0.786745 -0.621090 -0.768167 0.155455 1.000000
0.044224 -0.072674 0.791235 -0.634812 -0.753594 0.170617 1.000000
0.044407 -0.074068 0.783459 -0.654569 -0.749529 -0.098718 1.000000
0.043765 -0.073110 0.788474 -0.636880 -0.734226 0.235149 1.000000
0.043874 -0.072894 0.789272 -0.620374 -0.752827 0.219972 1.000000
0.043668 -0.071711 0.793302 -0.668483 -0.717835 0.194533 1.000000
0.043394 -0.070419 0.796259 0.680229 0.651993 -0.334953 1.000000
0.045037 -0.073954 0.789035 -0.622749 -0.723400 0.298120 1.000000
0.043321 -0.072996 0.787513 -0.615917 -0.754854 0.225481 1.000000
0.048244 -0.078205 0.791646 0.907812 0.406929 -0.101423 1.000000
0.043445 -0.071092 0.794937 0.731839 0.638468 -0.238265 1.000000
0.043578 -0.071030 0.795365 0.702312 0.649226 -0.291999 1.000000
0.047927 -0.077159 0.793049 0.917703 0.379613 -0.117112 1.000000
0.043457 -0.073428 0.786372 -0.626638 -0.772204 0.105002 1.000000
0.044018 -0.072386 0.791820 -0.621757 -0.767531 0.155927 1.000000
0.045800 -0.074915 0.788580 -0.671078 -0.688952 0.273859 1.000000
0.043432 -0.072933 0.788052 -0.624403 -0.739872 0.250419 1.000000
0.043838 -0.072060 0.792595 -0.654357 -0.732742 0.186832 1.000000
0.048069 -0.077583 0.792907 0.904315 0.401678 -0.144464 1.000000
0.043467 -0.071254 0.794250 0.724737 0.666189 -0.175923 1.000000
0.043934 -0.072835 0.789762 -0.615523 -0.755493 0.224415 1.000000
0.047204 -0.075871 0.792611 0.840407 0.525078 -0.134199 1.000000
0.043350 -0.070540 0.795844 0.705075 0.636527 -0.312574 1.000000
0.043313 -0.073332 0.785211 -0.653202 -0.756005 -0.042243 1.000000
0.043246 -0.073273 0.785689 -0.663908 -0.747808 0.002956 1.000000
0.043942 -0.072631 0.790490 -0.628565 -0.747519 0.214760 1.000000
0.043980 -0.073749 0.784034 -0.667325 -0.739211 -0.090792 1.000000
0.043614 -0.072833 0.788767 -0.630557 -0.743980 0.221114 1.000000
0.044370 -0.073989 0.783044 -0.648572 -0.755332 -0.093954 1.000000
0.043794 -0.072323 0.791332 -0.626370 -0.764299 0.153323 1.000000
0.043852 -0.072178 0.792126 -0.639625 -0.746730 0.182410 1.000000
0.043970 -0.072527 0.790893 -0.639385 -0.744806 0.190923 1.000000
0.043567 -0.073415 0.784509 -0.646328 -0.759680 -0.071740 1.000000
0.043976 -0.073660 0.783424 -0.638865 -0.766190 -0.069318 1.000000
0.043451 -0.071384 0.793758 0.720766 0.666977 -0.188779 1.000000
0.043476 -0.072813 0.788466 -0.626603 -0.742663 0.236263 1.000000
0.043519 -0.073360 0.783956 -0.597489 -0.800026 -0.054450 1.000000
0.042953 -0.072666 0.787753 -0.623600 -0.739938 0.252222 1.000000
0.043301 -0.070658 0.795478 0.749024 0.613102 -0.251135 1.000000
0.043077 -0.073110 0.786261 -0.652204 -0.755843 0.057709 1.000000
0.045400 -0.074687 0.787993 -0.662155 -0.722404 0.199208 1.000000
0.043311 -0.071327 0.793483 0.749618 0.632932 -0.193572 1.000000
0.043145 -0.070855 0.794400 0.763581 0.615106 -0.196440 1.000000
0.043723 -0.072585 0.790051 -0.609868 -0.752325 0.249135 1.000000
0.042706 -0.072638 0.787284 -0.670775 -0.709687 0.215416 1.000000
0.043947 -0.073624 0.782972 0.612641 0.788362 0.056176 1.000000
0.043325 -0.071462 0.792987 0.728023 0.656784 -0.196511 1.000000
0.048034 -0.077761 0.791513 0.909619 0.405116 -0.092051 1.000000
0.042808 -0.072810 0.786810 -0.652503 -0.743741 0.145224 1.000000
0.046543 -0.073340 0.795747 0.770034 0.521551 -0.367467 1.000000
0.043440 -0.072595 0.789059 -0.603416 -0.770255 0.206389 1.000000
0.043647 -0.072226 0.790817 -0.619573 -0.761642 0.189816 1.000000
0.043211 -0.071036 0.794010 0.764942 0.624842 -0.156322 1.000000
0.043184 -0.072556 0.788487 -0.623697 -0.750602 0.218172 1.000000
0.043558 -0.072084 0.791659 -0.653490 -0.740274 0.157937 1.000000
0.043762 -0.071444 0.794345 -0.678631 -0.704017 0.209335 1.000000
0.042997 -0.073060 0.785023 -0.639960 -0.768057 -0.023221 1.000000
0.042683 -0.072761 0.786289 -0.666598 -0.743422 0.054507 1.000000
0.043149 -0.070658 0.794957 0.767370 0.599484 -0.227512 1.000000
0.043361 -0.071653 0.792452 0.694655 0.691540 -0.198056 1.000000
0.043498 -0.072286 0.790342 -0.601046 -0.761392 0.242952 1.000000
0.045111 -0.073022 0.793152 0.696933 0.681929 -0.221940 1.000000
0.045563 -0.074215 0.789446 -0.635543 -0.718317 0.283030 1.000000
0.044617 -0.073434 0.789604 -0.604983 -0.762510 0.229292 1.000000
0.043406 -0.072509 0.789463 -0.599528 -0.775014 0.199799 1.000000
0.042661 -0.072355 0.787981 -0.664396 -0.716228 0.213530 1.000000
0.047612 -0.075096 0.796130 0.806633 0.444672 -0.389371 1.000000
0.042767 -0.072281 0.788426 -0.620859 -0.760194 0.191412 1.000000
0.043461 -0.073323 0.783484 -0.562640 -0.826256 -0.027146 1.000000
0.045558 -0.075230 0.784507 -0.693329 -0.719347 -0.042837 1.000000
0.043958 -0.071683 0.794686 -0.623858 -0.739705 0.252265 1.000000
0.042543 -0.072412 0.787542 -0.684034 -0.697526 0.213437 1.000000
0.044850 -0.072961 0.792418 -0.668794 -0.728414 0.148754 1.000000
0.043606 -0.073374 0.783053 0.571940 0.820261 0.007601 1.000000
0.043116 -0.071927 0.790471 -0.594790 -0.766060 0.243672 1.000000
0.042835 -0.072881 0.785821 -0.661977 -0.749141 0.023951 1.000000
0.043289 -0.071755 0.791774 -0.669347 -0.717645 0.192252 1.000000
0.043106 -0.073085 0.783745 -0.544670 -0.838621 -0.006989 1.000000
0.043355 -0.071994 0.791081 -0.636044 -0.748750 0.186605 1.000000
0.047524 -0.075570 0.794842 0.864688 0.455823 -0.211044 1.000000
0.042477 -0.072561 0.785866 -0.648475 -0.760764 0.026821 1.000000
0.043100 -0.073063 0.784289 -0.594018 -0.804392 -0.009844 1.000000
0.042900 -0.070686 0.793865 0.815228 0.558101 -0.154684 1.000000
0.042427 -0.072456 0.786958 0.741245 0.650909 -0.163935 1.000000
0.043746 -0.071840 0.792986 -0.666313 -0.719606 0.195431 1.000000
0.043041 -0.071062 0.793226 0.764219 0.606352 -0.219786 1.000000
0.043178 -0.072254 0.789773 -0.589824 -0.769146 0.246012 1.000000
0.047411 -0.074986 0.795687 0.854717 0.444353 -0.268347 1.000000
0.042804 -0.072827 0.785311 -0.642094 -0.766586 0.007865 1.000000
0.044489 -0.074016 0.787085 -0.633113 -0.756458 0.164129 1.000000
0.044295 -0.073708 0.787821 -0.632790 -0.749500 0.194489 1.000000
0.042963 -0.072255 0.789046 -0.591579 -0.783414 0.190517 1.000000
0.043994 -0.073899 0.786114 -0.613620 -0.781038 0.115973 1.000000
0.042393 -0.072014 0.788211 0.733227 0.663148 -0.150377 1.000000
0.046677 -0.075206 0.791816 0.813980 0.575994 -0.075284 1.000000
0.042816 -0.070448 0.794377 0.809847 0.564358 -0.160147 1.000000
0.044942 -0.072723 0.793436 -0.658453 -0.717783 0.226335 1.000000
0.043009 -0.071209 0.792768 0.742589 0.635777 -0.210591 1.000000
0.046819 -0.075291 0.792773 0.816653 0.565113 -0.117152 1.000000
0.042506 -0.072579 0.786590 -0.692209 -0.713672 0.107328 1.000000
0.042347 -0.072119 0.787716 0.786148 0.600690 -0.145404 1.000000
0.042270 -0.072338 0.786617 0.733419 0.660143 -0.162198 1.000000
0.043105 -0.071754 0.791364 -0.655682 -0.730722 0.190069 1.000000
0.042567 -0.072041 0.788748 -0.647420 -0.745400 0.158827 1.000000
0.043041 -0.072009 0.790097 -0.591227 -0.763508 0.259821 1.000000
0.042994 -0.073000 0.783021 0.497803 0.867238 -0.009558 1.000000
0.043019 -0.072859 0.787276 -0.619025 -0.757530 0.207260 1.000000
0.042733 -0.069741 0.796073 0.723482 0.640839 -0.256707 1.000000
0.042949 -0.071266 0.792299 0.738969 0.636451 -0.221033 1.000000
0.042700 -0.072858 0.783729 -0.519197 -0.853597 0.042495 1.000000
0.042727 -0.072048 0.789292 -0.616906 -0.762121 0.196464 1.000000
0.041912 -0.072147 0.785821 -0.663538 -0.736215 0.133060 1.000000
0.042851 -0.072885 0.784593 -0.602332 -0.798229 0.005101 1.000000
0.042922 -0.071402 0.791658 0.703466 0.675800 -0.220066 1.000000
0.043563 -0.071891 0.792238 -0.662131 -0.724472 0.191635 1.000000
0.043143 -0.071456 0.792010 -0.686253 -0.696315 0.210242 1.000000
0.042936 -0.071716 0.790786 -0.628932 -0.743476 0.227352 1.000000
0.042218 -0.072091 0.787294 0.789468 0.581984 -0.195027 1.000000
0.043021 -0.072579 0.788181 -0.626974 -0.740201 0.242911 1.000000
0.043318 -0.070401 0.795690 0.735645 0.616529 -0.280568 1.000000
0.042326 -0.071797 0.789129 0.718498 0.676641 -0.160990 1.000000
0.042634 -0.070297 0.793963 0.833223 0.534396 -0.141984 1.000000
0.043981 -0.073849 0.784915 -0.658726 -0.751239 -0.041488 1.000000
0.042296 -0.072471 0.785013 -0.624036 -0.781141 0.019966 1.000000
0.042128 -0.071823 0.787590 0.854158 0.500776 -0.140137 1.000000
0.042491 -0.069751 0.795050 0.836552 0.532194 -0.130191 1.000000
0.042111 -0.072286 0.785309 -0.629427 -0.775370 0.051225 1.000000
0.042169 -0.071765 0.788497 0.813844 0.569678 -0.114568 1.000000
0.041880 -0.072081 0.786019 -0.685635 -0.709488 0.162885 1.000000
0.042608 -0.071860 0.789639 -0.654611 -0.724409 0.216137 1.000000
0.042720 -0.072830 0.784115 -0.554654 -0.830364 0.053422 1.000000
0.050343 -0.065675 0.784506 -0.081977 -0.924467 0.372344 1.000000
0.042485 -0.069913 0.794633 0.848434 0.513592 -0.127999 1.000000
0.043070 -0.070721 0.794166 0.793344 0.587168 -0.160745 1.000000
0.042612 -0.072816 0.783297 -0.495005 -0.866370 0.066128 1.000000
0.042158 -0.072314 0.785776 -0.658864 -0.748282 0.077285 1.000000
0.042609 -0.071672 0.790082 -0.645975 -0.720079 0.253381 1.000000
0.042578 -0.072664 0.784753 -0.620380 -0.784171 0.014292 1.000000
0.044397 -0.074250 0.784975 -0.633385 -0.773711 -0.013945 1.000000
0.042471 -0.069984 0.794139 0.878517 0.464208 -0.112779 1.000000
0.041932 -0.071810 0.786678 0.808643 0.517894 -0.279075 1.000000
0.042322 -0.069373 0.795743 0.822893 0.555221 -0.120731 1.000000
0.041045 -0.071962 0.783285 -0.653347 -0.744962 0.134790 1.000000
0.043322 -0.071303 0.793285 0.730871 0.650867 -0.205425 1.000000
0.047250 -0.074377 0.796011 0.813401 0.419216 -0.403283 1.000000
0.042558 -0.072527 0.785540 -0.641169 -0.766839 0.029326 1.000000
0.047035 -0.074737 0.794711 0.835610 0.482920 -0.261811 1.000000
0.042051 -0.071622 0.788115 0.918566 0.383269 -0.096653 1.000000
0.043749 -0.072262 0.791030 -0.624160 -0.762470 0.170478 1.000000
0.047783 -0.077273 0.790591 0.912370 0.404876 -0.060471 1.000000
0.043212 -0.071348 0.792807 0.735255 0.645087 -0.207998 1.000000
0.042091 -0.072587 0.783102 0.505964 0.852985 -0.128129 1.000000
0.042521 -0.072623 0.784290 -0.578681 -0.812775 0.067267 1.000000
0.042126 -0.071473 0.789536 0.808875 0.548212 -0.212567 1.000000
0.042596 -0.071185 0.791476 0.777422 0.590453 -0.216750 1.000000
0.043563 -0.071581 0.793538 0.705833 0.679485 -0.200249 1.000000
0.042380 -0.071379 0.790363 0.777909 0.568725 -0.267226 1.000000
0.041947 -0.071353 0.788804 0.921592 0.381212 -0.073109 1.000000
0.042127 -0.072181 0.786367 0.722202 0.673605 -0.157102 1.000000
0.042653 -0.072778 0.782805 0.479598 0.875385 -0.060723 1.000000
0.041434 -0.072181 0.783510 -0.570008 -0.798308 0.194410 1.000000
0.041430 -0.072250 0.783120 0.598224 0.786346 -0.154231 1.000000
0.041528 -0.071733 0.785834 0.690265 0.683751 -0.236684 1.000000
0.041160 -0.071595 0.785310 -0.686459 -0.715077 0.132056 1.000000
0.042933 -0.071793 0.790335 -0.601462 -0.755786 0.258904 1.000000
0.042233 -0.069299 0.795336 0.878395 0.474562 -0.056688 1.000000
0.042351 -0.072625 0.783819 -0.530071 -0.838605 0.125566 1.000000
0.042912 -0.072118 0.789681 -0.588348 -0.769727 0.247726 1.000000
0.042446 -0.070051 0.793395 0.902250 0.407874 -0.139942 1.000000
0.042033 -0.071458 0.789124 0.901204 0.426995 -0.074202 1.000000
0.041931 -0.068701 0.796180 0.895809 0.443578 -0.027658 1.000000
0.042444 -0.072492 0.785223 -0.628862 -0.777322 0.017406 1.000000
0.042232 -0.069426 0.794757 0.915067 0.402154 -0.030404 1.000000
0.041774 -0.072453 0.783343 -0.511611 -0.843373 0.164245 1.000000
0.041033 -0.071678 0.784077 -0.663141 -0.724103 0.189522 1.000000
0.041825 -0.071876 0.786403 0.759799 0.593630 -0.265160 1.000000
0.042759 -0.071663 0.790462 -0.624598 -0.736758 0.258967 1.000000
0.042184 -0.069104 0.796082 0.813800 0.568787 -0.119210 1.000000
0.042277 -0.069606 0.794242 0.933243 0.351169 -0.075750 1.000000
0.041741 -0.072386 0.782847 0.513429 0.844364 -0.153099 1.000000
0.040748 -0.071659 0.783274 0.785666 0.617004 -0.045111 1.000000
0.043865 -0.072157 0.792342 -0.646710 -0.739044 0.188628 1.000000
0.041772 -0.071997 0.785588 -0.635849 -0.761752 0.124217 1.000000
0.042297 -0.071087 0.790735 0.834955 0.486959 -0.256360 1.000000
0.042326 -0.070590 0.792037 0.898782 0.409241 -0.157199 1.000000
0.042272 -0.070230 0.792730 0.923804 0.337938 -0.179955 1.000000
0.041962 -0.071071 0.789878 0.917433 0.340410 -0.206006 1.000000
0.041849 -0.072106 0.785144 -0.617600 -0.784048 0.061955 1.000000
0.042282 -0.069783 0.793500 0.960954 0.274191 -0.037248 1.000000
0.042056 -0.072305 0.783974 -0.551163 -0.818920 0.159969 1.000000
0.041920 -0.071141 0.789427 0.952068 0.276362 -0.131117 1.000000
0.042594 -0.070182 0.794398 0.836686 0.528734 -0.142822 1.000000
0.042093 -0.071014 0.790315 0.914462 0.301556 -0.269859 1.000000
0.041757 -0.071591 0.786618 0.800988 0.507829 -0.317061 1.000000
0.043453 -0.071868 0.791971 -0.675132 -0.713511 0.187344 1.000000
0.041231 -0.071472 0.785665 0.691815 0.674287 -0.258320 1.000000
0.041968 -0.071438 0.787324 0.902169 0.376677 -0.210252 1.000000
0.041701 -0.072021 0.784058 -0.557102 -0.807442 0.194099 1.000000
0.040793 -0.071459 0.784067 0.751713 0.633220 -0.184282 1.000000
0.041868 -0.070780 0.789894 0.991965 -0.013108 -0.125831 1.000000
0.042122 -0.070759 0.790607 0.932471 0.273655 -0.235819 1.000000
0.040929 -0.071483 0.784490 0.731851 0.670878 -0.119654 1.000000
0.042260 -0.069887 0.793196 0.976887 0.190445 -0.097067 1.000000
0.042047 -0.068935 0.795638 0.907754 0.417297 -0.042967 1.000000
0.041386 -0.071491 0.786059 0.717172 0.600432 -0.353761 1.000000
0.046284 -0.074395 0.792923 0.784870 0.598761 -0.159573 1.000000
0.042106 -0.068942 0.794721 0.977959 0.179148 0.107253 1.000000
0.041774 -0.072182 0.783737 -0.546579 -0.817144 0.183102 1.000000
0.041850 -0.070814 0.789605 0.999584 -0.012415 -0.026029 1.000000
0.041470 -0.071811 0.785178 -0.630131 -0.772218 0.081330 1.000000
0.042186 -0.070484 0.791146 0.991026 0.073267 -0.111802 1.000000
0.048235 -0.078110 0.792769 0.885939 0.439134 -0.149247 1.000000
0.041884 -0.072065 0.784331 -0.583911 -0.801074 0.131641 1.000000
0.041852 -0.068442 0.795900 0.955597 0.282224 0.084757 1.000000
0.040584 -0.071337 0.783492 0.897942 0.437834 -0.044746 1.000000
0.041527 -0.072131 0.782638 0.608837 0.793261 0.007338 1.000000
0.042111 -0.070087 0.791502 0.992697 -0.119428 0.017047 1.000000
0.041637 -0.071210 0.786761 0.817218 0.432973 -0.380381 1.000000
0.042176 -0.069511 0.793406 0.996573 0.079874 0.021496 1.000000
0.042090 -0.069008 0.794925 0.940249 0.339744 0.022478 1.000000
0.041916 -0.068625 0.795463 0.961781 0.265591 0.066626 1.000000
0.040788 -0.071595 0.782962 0.798737 0.601582 0.010873 1.000000
0.041338 -0.071779 0.784333 -0.607279 -0.778924 0.156492 1.000000
0.040597 -0.071366 0.783110 0.897903 0.439354 0.027181 1.000000
0.041286 -0.071893 0.783877 -0.596610 -0.775068 0.208147 1.000000
0.042238 -0.069508 0.793800 0.984001 0.177559 0.014691 1.000000
0.042225 -0.070057 0.792414 0.982999 0.140322 -0.118420 1.000000
0.040613 -0.070995 0.784557 0.881322 0.471282 -0.034137 1.000000
0.043575 -0.070326 0.796706 -0.633390 -0.676496 0.375727 1.000000
0.041889 -0.070910 0.789107 0.999204 0.008041 0.039071 1.000000
0.042126 -0.070340 0.791688 0.982046 0.160619 -0.098931 1.000000
0.042201 -0.069885 0.792208 0.996944 -0.063606 -0.045354 1.000000
0.041542 -0.071659 0.785538 -0.674604 -0.710204 0.201295 1.000000
0.040603 -0.070961 0.785509 0.795139 0.573442 -0.197276 1.000000
0.042194 -0.069934 0.792933 0.975931 0.176589 -0.127966 1.000000
0.041942 -0.071431 0.788407 0.954944 0.294553 -0.036343 1.000000
0.042040 -0.070594 0.790336 0.979200 -0.014528 -0.202375 1.000000
0.041992 -0.068650 0.795062 0.969694 0.170041 0.175439 1.000000
0.040617 -0.070923 0.785095 0.848254 0.527106 -0.051236 1.000000
0.040811 -0.071226 0.785295 0.750997 0.634629 -0.182344 1.000000
0.042523 -0.072629 0.786067 -0.669219 -0.742207 0.035711 1.000000
0.042160 -0.069951 0.791688 0.991548 -0.125688 0.032185 1.000000
0.043199 -0.073146 0.785959 -0.663889 -0.746893 0.037460 1.000000
0.042220 -0.069706 0.792689 0.998709 -0.049678 -0.010617 1.000000
0.041843 -0.068235 0.795640 0.978096 0.136361 0.157268 1.000000
0.047098 -0.075780 0.790067 0.890205 0.451423 -0.061252 1.000000
0.040709 -0.071202 0.782704 0.899177 0.423097 0.111667 1.000000
0.042786 -0.072759 0.786501 -0.664951 -0.742857 0.077476 1.000000
0.041449 -0.070564 0.787014 0.713981 0.319584 -0.622975 1.000000
0.041249 -0.070806 0.786604 0.710676 0.471357 -0.522266 1.000000
0.042116 -0.072042 0.786786 0.774802 0.598055 -0.204969 1.000000
0.041951 -0.071009 0.788541 0.994728 0.081851 0.061779 1.000000
0.040448 -0.070530 0.784861 0.925720 0.373536 0.059269 1.000000
0.042171 -0.069199 0.793601 0.995139 -0.001225 0.098471 1.000000
0.040551 -0.070512 0.786093 0.801432 0.465441 -0.375595 1.000000
0.040499 -0.070905 0.784154 0.957319 0.286552 -0.037779 1.000000
0.040411 -0.070642 0.785284 0.920357 0.390558 -0.020156 1.000000
0.040955 -0.070753 0.786209 0.696190 0.528625 -0.485669 1.000000
0.040459 -0.070588 0.784398 0.976901 0.208140 0.048387 1.000000
0.041746 -0.070567 0.787401 0.830848 0.130373 -0.541013 1.000000
0.041650 -0.067502 0.796285 0.986387 -0.048781 0.157040 1.000000
0.041925 -0.067885 0.795236 0.954943 -0.060294 0.290601 1.000000
0.040431 -0.070091 0.786276 0.822378 0.320017 -0.470409 1.000000
0.040154 -0.070039 0.785619 0.962931 0.246448 -0.109668 1.000000
0.040386 -0.070516 0.783386 0.995475 0.081058 0.049594 1.000000
0.045214 -0.074277 0.788798 -0.644691 -0.698211 0.311246 1.000000
0.040260 -0.070236 0.785294 0.953142 0.300499 0.034932 1.000000
0.040295 -0.070332 0.785792 0.901219 0.381293 -0.205959 1.000000
0.041971 -0.070970 0.788114 0.997403 -0.021074 -0.068866 1.000000
0.042347 -0.069166 0.792526 0.932474 -0.345566 0.105241 1.000000
0.043575 -0.073436 0.784763 -0.657536 -0.748708 -0.084159 1.000000
0.041079 -0.070401 0.786818 0.675432 0.376973 -0.633785 1.000000
0.040549 -0.070751 0.782727 0.978626 0.137151 0.153237 1.000000
0.040414 -0.070806 0.783688 0.973810 0.226849 -0.015260 1.000000
0.046323 -0.074706 0.792026 0.796199 0.596842 -0.099225 1.000000
0.041707 -0.072452 0.783132 0.522648 0.838386 -0.154751 1.000000
0.041712 -0.068351 0.796852 0.926490 0.372720 -0.051925 1.000000
0.046317 -0.074746 0.791535 0.792411 0.607202 -0.058230 1.000000
0.043682 -0.073491 0.784229 -0.641593 -0.762208 -0.086006 1.000000
0.044642 -0.074360 0.786295 -0.644618 -0.757882 0.100409 1.000000
0.046668 -0.076329 0.785331 0.697735 0.715940 -0.024391 1.000000
0.040480 -0.070438 0.782913 0.987012 0.007265 0.160483 1.000000
0.040583 -0.069885 0.786624 0.709374 0.134809 -0.691821 1.000000
0.046094 -0.074555 0.789810 -0.681391 -0.704834 0.197269 1.000000
0.040222 -0.069875 0.785988 0.935931 0.181066 -0.302073 1.000000
0.040919 -0.070010 0.786869 -0.634941 -0.145627 0.758711 1.000000
0.043263 -0.073136 0.783971 -0.563002 -0.826218 -0.019808 1.000000
0.041267 -0.070146 0.787027 -0.652629 -0.215054 0.726517 1.000000
0.045813 -0.074152 0.790101 -0.672853 -0.722547 0.158729 1.000000
0.042319 -0.068117 0.794219 0.933301 -0.200865 0.297662 1.000000
0.041621 -0.069974 0.787345 -0.685984 0.030550 0.726975 1.000000
0.046482 -0.074189 0.794198 0.801382 0.516687 -0.301367 1.000000
0.040173 -0.069757 0.785343 0.984964 0.079155 0.153557 1.000000
0.044084 -0.073961 0.784796 -0.659897 -0.748999 -0.059472 1.000000
0.045895 -0.073703 0.793618 0.737134 0.606816 -0.297336 1.000000
0.045224 -0.073355 0.791873 -0.700321 -0.701792 0.130535 1.000000
0.040803 -0.069556 0.786846 -0.606692 0.108667 0.787475 1.000000
0.042469 -0.068813 0.792573 0.907068 -0.387507 0.164515 1.000000
0.041801 -0.067300 0.795947 0.964348 -0.128377 0.231415 1.000000
0.040171 -0.069418 0.786128 0.950295 -0.011833 -0.311127 1.000000
0.046370 -0.073755 0.794603 0.781252 0.548888 -0.297266 1.000000
0.042182 -0.068972 0.793902 0.984851 -0.095185 0.144941 1.000000
0.040439 -0.069489 0.786505 0.760950 -0.012086 -0.648698 1.000000
0.042136 -0.069029 0.794607 0.972364 0.217315 0.085331 1.000000
0.042436 -0.068240 0.793709 0.903474 -0.304976 0.301204 1.000000
0.044161 -0.073763 0.783127 -0.629365 -0.773372 -0.076125 1.000000
0.046250 -0.075942 0.785806 -0.692045 -0.719770 0.054822 1.000000
0.042105 -0.068734 0.794689 0.982048 0.080911 0.170396 1.000000
0.040031 -0.069184 0.785783 0.989350 -0.118257 -0.084861 1.000000
0.041314 -0.069639 0.787132 -0.568279 0.103662 0.816280 1.000000
0.041773 -0.066936 0.796241 0.962319 -0.142623 0.231519 1.000000
0.041556 -0.070806 0.786913 0.780466 0.360447 -0.510833 1.000000
0.040506 -0.069780 0.783408 0.972453 -0.205024 0.110904 1.000000
0.041783 -0.068253 0.796226 0.964036 0.263812 0.032207 1.000000
0.045947 -0.075649 0.786140 -0.685287 -0.723302 0.084948 1.000000
0.040127 -0.069008 0.786069 0.918576 -0.244814 -0.310298 1.000000
0.046293 -0.075995 0.784782 0.713158 0.700759 0.018476 1.000000
0.041682 -0.071934 0.784323 -0.571575 -0.807839 0.143869 1.000000
0.040139 -0.069074 0.785404 0.931158 -0.277469 0.236548 1.000000
0.040704 -0.071224 0.784285 0.839097 0.530775 -0.119138 1.000000
0.041146 -0.069276 0.786966 -0.499642 0.293338 0.815053 1.000000
0.046411 -0.076085 0.784312 0.709026 0.703406 0.050022 1.000000
0.042557 -0.067850 0.793748 0.886891 -0.293858 0.356472 1.000000
0.040634 -0.069442 0.783213 0.956503 -0.271127 0.107665 1.000000
0.040508 -0.069415 0.784478 0.946759 -0.252618 0.199580 1.000000
0.040107 -0.068815 0.785880 0.849341 -0.477996 -0.223920 1.000000
0.045577 -0.075298 0.786166 -0.694316 -0.716033 0.072268 1.000000
0.040591 -0.070814 0.784800 0.900660 0.433399 -0.031251 1.000000
0.042634 -0.067473 0.793910 0.875166 -0.289625 0.387558 1.000000
0.045992 -0.075676 0.784584 0.714372 0.699360 0.023830 1.000000
0.040068 -0.069619 0.785759 0.986758 0.083810 -0.138868 1.000000
0.042181 -0.066692 0.795130 0.865521 -0.335860 0.371578 1.000000
0.048757 -0.078379 0.793938 0.813727 0.494595 -0.305325 1.000000
0.046212 -0.075778 0.783699 0.709720 0.697357 0.099952 1.000000
0.044481 -0.073182 0.790158 -0.625821 -0.754515 0.197624 1.000000
0.042057 -0.067485 0.795013 0.915582 -0.169485 0.364670 1.000000
0.042306 -0.072442 0.786208 -0.691174 -0.718709 0.075738 1.000000
0.042841 -0.067585 0.793294 0.893651 -0.306240 0.328032 1.000000
0.042257 -0.071453 0.789927 0.766666 0.580719 -0.273841 1.000000
0.046181 -0.075141 0.788820 0.682046 0.671614 -0.289392 1.000000
0.042829 -0.071418 0.791419 0.704714 0.675229 -0.217818 1.000000
0.041920 -0.067528 0.795484 0.955124 -0.119975 0.270822 1.000000
0.045847 -0.074753 0.788921 -0.660635 -0.681384 0.315082 1.000000
0.044292 -0.074166 0.785409 -0.629401 -0.777027 0.009177 1.000000
0.045826 -0.075051 0.788295 -0.672265 -0.701888 0.235400 1.000000
0.046436 -0.074731 0.792492 0.798744 0.589129 -0.122211 1.000000
0.041291 -0.071755 0.784753 -0.616526 -0.779228 0.112691 1.000000
0.041944 -0.072430 0.783611 -0.525884 -0.834427 0.164858 1.000000
0.041872 -0.069414 0.787437 -0.584565 0.373600 0.720214 1.000000
0.045816 -0.075162 0.787830 -0.669430 -0.726532 0.154963 1.000000
0.044103 -0.073530 0.788060 -0.638826 -0.738615 0.215289 1.000000
0.045798 -0.075416 0.784015 -0.702391 -0.704866 -0.099051 1.000000
0.040734 -0.069142 0.786666 -0.561508 0.339459 0.754637 1.000000
0.046180 -0.075573 0.787260 -0.692402 -0.706112 0.148273 1.000000
0.043182 -0.073057 0.787077 -0.613299 -0.764742 0.197568 1.000000
0.049089 -0.077759 0.795342 0.791705 0.511905 -0.333401 1.000000
0.043715 -0.073636 0.786360 -0.617059 -0.777483 0.121480 1.000000
0.048510 -0.077218 0.794787 0.798100 0.522856 -0.299430 1.000000
0.042324 -0.067293 0.794542 0.875347 -0.232832 0.423742 1.000000
0.042176 -0.066493 0.795340 0.856842 -0.383627 0.344460 1.000000
0.048459 -0.077263 0.794557 0.811018 0.498559 -0.306087 1.000000
0.045490 -0.075082 0.783801 -0.672393 -0.732747 -0.104732 1.000000
0.048495 -0.076943 0.795341 0.785680 0.524081 -0.328702 1.000000
0.044371 -0.066327 0.785742 0.817420 -0.549624 0.172447 1.000000
0.045835 -0.075297 0.783194 -0.681529 -0.722428 -0.116687 1.000000
0.041998 -0.070486 0.790132 0.977987 -0.119282 -0.171208 1.000000
0.047583 -0.075405 0.795637 0.829925 0.469732 -0.300960 1.000000
0.047596 -0.075954 0.794282 0.880507 0.433650 -0.191455 1.000000
0.047481 -0.075835 0.793757 0.853041 0.492200 -0.173378 1.000000
0.047377 -0.076572 0.790907 0.896600 0.439499 -0.054305 1.000000
0.040674 -0.068988 0.784182 0.918549 -0.358668 0.166208 1.000000
0.047297 -0.075168 0.794606 0.836431 0.498771 -0.227181 1.000000
0.047252 -0.075466 0.793832 0.823383 0.536012 -0.186364 1.000000
0.046661 -0.074813 0.793585 0.819825 0.535177 -0.203649 1.000000
0.047380 -0.075862 0.793317 0.832425 0.531029 -0.158359 1.000000
0.044992 -0.074638 0.783713 -0.655724 -0.747851 -0.103661 1.000000
0.042443 -0.069499 0.795317 0.840584 0.530892 -0.107577 1.000000
0.047055 -0.075535 0.792604 0.833390 0.540534 -0.115260 1.000000
0.043901 -0.072727 0.790008 -0.617844 -0.746876 0.245854 1.000000
0.046684 -0.074364 0.794340 0.810899 0.505771 -0.294344 1.000000
0.045571 -0.073009 0.794136 -0.663596 -0.690545 0.287729 1.000000
0.044965 -0.072645 0.793944 -0.627547 -0.742315 0.234848 1.000000
0.041451 -0.068296 0.786039 0.259777 -0.841759 -0.473242 1.000000
0.044220 -0.073090 0.789725 -0.613262 -0.758979 0.218772 1.000000
0.044826 -0.073348 0.790854 -0.643281 -0.740795 0.193423 1.000000
0.042142 -0.070315 0.791343 0.998320 0.055001 -0.018243 1.000000
0.043877 -0.073098 0.788739 -0.639303 -0.733488 0.230838 1.000000
0.045446 -0.073534 0.792453 0.735925 0.671658 -0.085376 1.000000
0.041949 -0.070731 0.790107 0.963729 0.093549 -0.249948 1.000000
0.044042 -0.073870 0.784337 -0.665980 -0.740372 -0.091213 1.000000
0.043899 -0.073323 0.788261 -0.641174 -0.732525 0.228699 1.000000
0.045607 -0.073662 0.791853 0.743441 0.661468 -0.098770 1.000000
0.045425 -0.074575 0.788615 -0.648061 -0.701058 0.297548 1.000000
0.043399 -0.072022 0.790708 -0.611844 -0.764191 0.204103 1.000000
0.044945 -0.073035 0.791883 -0.667766 -0.729259 0.149230 1.000000
0.044875 -0.074180 0.788143 -0.659341 -0.717075 0.225994 1.000000
0.046297 -0.075071 0.789322 0.692821 0.659602 -0.291418 1.000000
0.045268 -0.073504 0.791414 -0.687580 -0.706971 0.165605 1.000000
0.044479 -0.073970 0.787646 -0.641843 -0.746971 0.173412 1.000000
0.045702 -0.074470 0.789245 -0.647983 -0.692768 0.316529 1.000000
0.042207 -0.071838 0.787878 0.821804 0.557325 -0.118437 1.000000
0.046112 -0.075434 0.787816 -0.682818 -0.715178 0.149267 1.000000
0.046352 -0.075569 0.788304 0.721091 0.664341 -0.196669 1.000000
0.047099 -0.076607 0.787750 0.824729 0.556774 -0.099115 1.000000
0.042262 -0.070142 0.790975 0.984075 -0.177191 0.014152 1.000000
0.043956 -0.071289 0.795415 -0.599015 -0.727865 0.333757 1.000000
0.046282 -0.074966 0.789048 0.670311 0.667824 -0.323565 1.000000
0.042222 -0.069533 0.793041 0.999740 -0.022064 -0.005720 1.000000
0.047990 -0.075980 0.795620 0.800103 0.491676 -0.343642 1.000000
0.042158 -0.071719 0.788822 0.828217 0.554590 -0.080546 1.000000
0.044548 -0.072140 0.794430 -0.599154 -0.759781 0.252482 1.000000
0.046567 -0.075802 0.787383 0.742608 0.655737 -0.136171 1.000000
0.043757 -0.072401 0.790607 -0.622539 -0.755376 0.204580 1.000000
0.048098 -0.076961 0.794172 0.838125 0.476576 -0.265372 1.000000
0.042318 -0.070073 0.789013 0.838251 -0.543753 0.040830 1.000000
0.042337 -0.070374 0.792246 0.930581 0.309174 -0.196036 1.000000
0.042440 -0.069817 0.789494 0.805926 -0.582797 0.104070 1.000000
0.042189 -0.070343 0.790562 0.983280 -0.135458 -0.121700 1.000000
0.044534 -0.072467 0.793026 -0.644322 -0.741038 0.188977 1.000000
0.041994 -0.069705 0.787638 0.677482 -0.368426 -0.636616 1.000000
0.047640 -0.076280 0.793268 0.883642 0.450563 -0.127160 1.000000
0.047941 -0.074854 0.796834 0.780355 0.403258 -0.477942 1.000000
0.042571 -0.069277 0.790983 0.886848 -0.439987 0.141112 1.000000
0.047906 -0.077030 0.792638 0.914133 0.381117 -0.138240 1.000000
0.042606 -0.069437 0.790360 0.858798 -0.487907 0.156245 1.000000
0.042161 -0.069160 0.795669 0.869009 0.488759 -0.077064 1.000000
0.047665 -0.076443 0.793029 0.888892 0.440582 -0.125532 1.000000
0.048091 -0.077642 0.792227 0.917296 0.381368 -0.114571 1.000000
0.047514 -0.076463 0.792330 0.882989 0.446495 -0.144820 1.000000
0.046779 -0.074255 0.794781 0.819043 0.503732 -0.274633 1.000000
0.047980 -0.074292 0.797184 0.768020 0.382899 -0.513356 1.000000
0.041934 -0.071128 0.789132 0.994910 0.097888 -0.023899 1.000000
0.042659 -0.069489 0.789746 0.848682 -0.510341 0.138889 1.000000
0.047532 -0.074315 0.796634 0.785359 0.392625 -0.478599 1.000000
0.046523 -0.074657 0.792854 0.804938 0.575697 -0.143692 1.000000
0.048573 -0.078270 0.793403 0.836152 0.497904 -0.230091 1.000000
0.047883 -0.073796 0.797387 0.709486 0.454414 -0.538645 1.000000
0.047589 -0.074014 0.796921 0.747123 0.422506 -0.513124 1.000000
0.046150 -0.074367 0.792408 0.780188 0.616323 -0.107022 1.000000
0.045829 -0.073969 0.791907 0.763101 0.638661 -0.098933 1.000000
0.048229 -0.077754 0.793280 0.878797 0.428488 -0.210033 1.000000
0.042829 -0.069442 0.788704 0.880294 -0.453381 -0.139746 1.000000
0.047501 -0.073601 0.797132 0.709149 0.472546 -0.523267 1.000000
0.042497 -0.072024 0.788475 -0.680107 -0.712849 0.171176 1.000000
0.046922 -0.075437 0.792156 0.827743 0.551873 -0.101374 1.000000
0.047712 -0.073168 0.797634 0.680681 0.492046 -0.542738 1.000000
0.044414 -0.072809 0.790996 -0.643045 -0.740256 0.196248 1.000000
0.047137 -0.073288 0.796939 0.691150 0.505745 -0.516269 1.000000
0.047671 -0.072889 0.797879 0.647998 0.533398 -0.543678 1.000000
0.046582 -0.075044 0.791994 0.808853 0.580939 -0.090928 1.000000
0.047015 -0.075671 0.791626 0.846774 0.526230 -0.077814 1.000000
0.047143 -0.072863 0.797332 0.660036 0.535787 -0.526578 1.000000
0.042742 -0.072480 0.787723 -0.665373 -0.709895 0.230928 1.000000
0.042744 -0.068811 0.791341 0.854787 -0.485270 0.183987 1.000000
0.045766 -0.074024 0.791437 0.749281 0.656709 -0.085507 1.000000
0.046787 -0.073076 0.796644 0.709533 0.535455 -0.458095 1.000000
0.047419 -0.072623 0.797886 0.635995 0.542760 -0.548564 1.000000
0.046141 -0.074483 0.791424 0.790747 0.609026 -0.061694 1.000000
0.046848 -0.072691 0.797204 0.644554 0.565350 -0.514714 1.000000
0.042530 -0.069017 0.791553 0.877849 -0.443985 0.179606 1.000000
0.041978 -0.071553 0.786936 0.857191 0.432095 -0.280209 1.000000
0.042178 -0.070636 0.788489 0.960989 -0.253282 -0.111127 1.000000
0.046505 -0.072714 0.796640 0.675026 0.588509 -0.444968 1.000000
0.044909 -0.073410 0.790281 -0.608467 -0.774220 0.174217 1.000000
0.047185 -0.072217 0.798035 0.604559 0.588825 -0.536464 1.000000
0.045213 -0.073794 0.789969 -0.614923 -0.765892 0.187829 1.000000
0.045933 -0.074266 0.790690 0.715578 0.695715 -0.062684 1.000000
0.046945 -0.072343 0.797609 0.617030 0.579619 -0.532274 1.000000
0.047037 -0.071860 0.798267 0.581206 0.609366 -0.539326 1.000000
0.046693 -0.071938 0.797783 -0.590258 -0.623555 0.512616 1.000000
0.043045 -0.068253 0.791670 0.880573 -0.423552 0.212591 1.000000
0.046610 -0.072325 0.797229 0.628727 0.586894 -0.510155 1.000000
0.046272 -0.074625 0.790344 0.736247 0.672524 -0.075176 1.000000
0.043609 -0.073460 0.786714 -0.616957 -0.770704 0.159309 1.000000
0.046157 -0.072046 0.796999 -0.576999 -0.665665 0.473247 1.000000
0.045479 -0.073953 0.789674 -0.626633 -0.740619 0.242515 1.000000
0.040546 -0.068700 0.785081 0.782605 -0.551583 0.288593 1.000000
0.046327 -0.071535 0.797970 0.545977 0.683279 -0.484808 1.000000
0.047164 -0.076181 0.789705 0.895773 0.430466 -0.110861 1.000000
0.043056 -0.068750 0.788828 0.942675 -0.323245 -0.082927 1.000000
0.046131 -0.071750 0.797451 -0.544297 -0.687578 0.480600 1.000000
0.040432 -0.070510 0.784044 0.994615 0.100838 -0.023951 1.000000
0.045877 -0.074630 0.789108 -0.664587 -0.671235 0.328278 1.000000
0.046883 -0.075168 0.789651 0.799902 0.571419 -0.183406 1.000000
0.045767 -0.071738 0.797056 -0.536025 -0.717820 0.444311 1.000000
0.046957 -0.076014 0.789005 0.834968 0.507081 -0.213771 1.000000
0.044314 -0.073960 0.786617 -0.610687 -0.778456 0.145146 1.000000
0.046610 -0.075356 0.789224 0.768702 0.586541 -0.255081 1.000000
0.045835 -0.071463 0.797612 0.529531 0.713780 -0.458382 1.000000
0.041039 -0.068140 0.784820 0.635750 -0.770458 0.047081 1.000000
0.045326 -0.071407 0.797122 -0.509592 -0.745935 0.428833 1.000000
0.046082 -0.075371 0.787353 -0.678463 -0.719731 0.147223 1.000000
0.045894 -0.071206 0.798010 0.521632 0.724158 -0.451104 1.000000
0.040443 -0.070466 0.783133 0.994340 0.049026 0.094262 1.000000
0.043320 -0.067672 0.791658 0.885119 -0.406018 0.227407 1.000000
0.042673 -0.069757 0.788171 0.812288 -0.440520 -0.382270 1.000000
0.040937 -0.068246 0.785444 0.552425 -0.826521 -0.108119 1.000000
0.046174 -0.075874 0.785270 0.711226 0.702917 -0.008076 1.000000
0.044928 -0.071440 0.796505 -0.520956 -0.749637 0.408227 1.000000
0.043333 -0.071043 0.794652 0.737416 0.642510 -0.208326 1.000000
0.042429 -0.069201 0.787740 0.697424 -0.526708 -0.485982 1.000000
0.046480 -0.072035 0.797381 -0.590301 -0.628797 0.506122 1.000000
0.043466 -0.067789 0.788571 0.893400 -0.449081 -0.012771 1.000000
0.045367 -0.071180 0.797546 0.511637 0.734127 -0.446413 1.000000
0.043388 -0.067503 0.791091 0.883333 -0.447230 0.140384 1.000000
0.042840 -0.069403 0.788299 0.838567 -0.444695 -0.314726 1.000000
0.043405 -0.067947 0.789095 0.907987 -0.418887 0.009682 1.000000
0.045364 -0.070913 0.797916 0.512051 0.732289 -0.448951 1.000000
0.043487 -0.067707 0.789829 0.881542 -0.468781 0.055924 1.000000
0.042297 -0.069646 0.791633 0.954780 -0.277256 0.107352 1.000000
0.046675 -0.071684 0.798087 0.564437 0.647009 -0.512630 1.000000
0.044890 -0.071109 0.797067 -0.524433 -0.735056 0.429723 1.000000
0.043136 -0.068753 0.789228 0.945325 -0.325038 0.026661 1.000000
0.043523 -0.067592 0.790235 0.881866 -0.465537 0.074751 1.000000
0.042890 -0.068960 0.788077 0.854084 -0.468655 -0.225619 1.000000
0.046190 -0.073077 0.795351 0.720879 0.602280 -0.342917 1.000000
0.046086 -0.073266 0.794764 0.727820 0.609215 -0.314858 1.000000
0.042113 -0.068669 0.786602 0.166216 -0.839748 -0.516909 1.000000
0.044906 -0.070879 0.797497 0.526378 0.727599 -0.439917 1.000000
0.044628 -0.074190 0.782814 0.646143 0.756458 0.101342 1.000000
0.043044 -0.068550 0.787979 0.858451 -0.489351 -0.153616 1.000000
0.044537 -0.071148 0.796600 -0.521794 -0.746159 0.413494 1.000000
0.042863 -0.068805 0.787774 0.829432 -0.512706 -0.221753 1.000000
0.043622 -0.073183 0.787695 -0.622439 -0.750274 0.222842 1.000000
0.043148 -0.068529 0.788440 0.916071 -0.388350 -0.099996 1.000000
0.042876 -0.068701 0.786902 0.557865 -0.814898 -0.157251 1.000000
0.044215 -0.070959 0.796546 -0.544073 -0.727920 0.417273 1.000000
0.043293 -0.068100 0.789999 0.914317 -0.397826 0.075890 1.000000
0.043171 -0.066553 0.793427 0.852048 -0.401994 0.335284 1.000000
0.043056 -0.068440 0.787604 0.818759 -0.560398 -0.124851 1.000000
0.043366 -0.068059 0.788518 0.909124 -0.415647 -0.027047 1.000000
0.043256 -0.068227 0.787932 0.883181 -0.463000 -0.074978 1.000000
0.044471 -0.070745 0.797218 -0.547233 -0.714348 0.436169 1.000000
0.040460 -0.070016 0.783630 0.985894 -0.147312 0.079445 1.000000
0.040549 -0.069643 0.784038 0.974078 -0.216333 0.066125 1.000000
0.042830 -0.068670 0.791698 0.854581 -0.483033 0.190709 1.000000
0.043331 -0.066121 0.793570 0.814730 -0.461729 0.350743 1.000000
0.043539 -0.067681 0.789210 0.885690 -0.464124 0.011929 1.000000
0.042776 -0.068609 0.792143 0.876035 -0.445780 0.183966 1.000000
0.044048 -0.070578 0.796979 -0.567456 -0.703505 0.427872 1.000000
0.043436 -0.067819 0.787621 0.882938 -0.469477 -0.003361 1.000000
0.042947 -0.068670 0.791117 0.858896 -0.489091 0.151950 1.000000
0.043384 -0.067969 0.787038 0.833992 -0.545759 0.081267 1.000000
0.043469 -0.066360 0.792891 0.842690 -0.444683 0.303531 1.000000
0.043502 -0.065116 0.794329 0.768756 -0.510396 0.385370 1.000000
0.043596 -0.066425 0.792423 0.840653 -0.440799 0.314641 1.000000
0.043055 -0.068670 0.790195 0.903215 -0.409898 0.127227 1.000000
0.044215 -0.070295 0.797527 0.564027 0.696050 -0.444283 1.000000
0.040102 -0.068886 0.785637 0.900120 -0.429169 -0.074824 1.000000
0.043629 -0.065688 0.793451 0.792247 -0.491004 0.362299 1.000000
0.043832 -0.067095 0.789450 0.877356 -0.479716 0.010949 1.000000
0.043712 -0.065982 0.792839 0.807625 -0.500012 0.312618 1.000000
0.043812 -0.066237 0.792084 0.830402 -0.461762 0.311782 1.000000
0.043689 -0.070505 0.796604 -0.627931 -0.679130 0.380113 1.000000
0.043612 -0.064872 0.794333 0.749247 -0.537031 0.387589 1.000000
0.040351 -0.068928 0.785122 0.833091 -0.452429 0.318224 1.000000
0.043301 -0.068048 0.791529 0.892089 -0.408409 0.193336 1.000000
0.049280 -0.078391 0.794960 0.794548 0.507183 -0.333854 1.000000
0.043752 -0.070014 0.797497 0.601114 0.681337 -0.417662 1.000000
0.044025 -0.065863 0.792162 0.769026 -0.555939 0.315484 1.000000
0.044585 -0.070564 0.797582 0.539282 0.712819 -0.448401 1.000000
0.044039 -0.070765 0.796633 -0.573746 -0.705178 0.416580 1.000000
0.044082 -0.066352 0.790772 0.863776 -0.488557 0.123305 1.000000
0.044021 -0.066174 0.791667 0.814687 -0.510235 0.275582 1.000000
0.040541 -0.069425 0.784285 0.966025 -0.211969 0.147871 1.000000
0.043859 -0.065509 0.793163 0.772689 -0.537650 0.337466 1.000000
0.043961 -0.065597 0.792858 0.775022 -0.536646 0.333693 1.000000
0.043515 -0.070866 0.795621 0.688390 0.659635 -0.301664 1.000000
0.044194 -0.066431 0.789846 0.879537 -0.472454 0.056583 1.000000
0.043240 -0.071489 0.792668 0.695070 0.694358 -0.186397 1.000000
0.044209 -0.066462 0.789182 0.882203 -0.470729 -0.011487 1.000000
0.044160 -0.066540 0.788673 0.887019 -0.461052 -0.025060 1.000000
0.044236 -0.066166 0.790309 0.836007 -0.542959 0.079296 1.000000
0.040525 -0.068512 0.785850 0.656587 -0.742857 -0.130601 1.000000
0.044315 -0.065589 0.791937 0.706562 -0.634343 0.313654 1.000000
0.044280 -0.065254 0.792709 0.695004 -0.634695 0.337834 1.000000
0.044390 -0.065868 0.791334 0.764433 -0.601734 0.231429 1.000000
0.043648 -0.070190 0.797000 -0.614121 -0.674914 0.409080 1.000000
0.044510 -0.065827 0.790776 0.740460 -0.660506 0.124301 1.000000
0.044485 -0.065908 0.789880 0.797202 -0.603713 0.000289 1.000000
0.043327 -0.072849 0.787797 -0.619778 -0.744473 0.248262 1.000000
0.041721 -0.069129 0.787124 -0.399196 0.562081 0.724367 1.000000
0.044410 -0.066044 0.788978 0.861531 -0.504938 -0.052943 1.000000
0.044483 -0.065946 0.789410 0.846066 -0.532295 -0.028874 1.000000
0.044554 -0.065560 0.791565 0.663056 -0.702912 0.257433 1.000000
0.044844 -0.065570 0.790531 0.659771 -0.750615 0.035779 1.000000
0.043383 -0.070161 0.796610 -0.654216 -0.674424 0.342278 1.000000
0.043324 -0.069801 0.797235 0.629114 0.676834 -0.382245 1.000000
0.041751 -0.068026 0.785688 0.253461 -0.875739 -0.410900 1.000000
0.044226 -0.073873 0.782817 0.632219 0.770813 0.078405 1.000000
0.044617 -0.065621 0.788960 0.799373 -0.599267 -0.043381 1.000000
0.043216 -0.069874 0.796777 -0.653069 -0.678664 0.336031 1.000000
0.043487 -0.065587 0.793900 0.782691 -0.484071 0.391241 1.000000
0.043035 -0.073065 0.783312 0.510718 0.859718 -0.007158 1.000000
0.043912 -0.066914 0.788005 0.889096 -0.457115 -0.023542 1.000000
0.044121 -0.064722 0.793915 0.649962 -0.626818 0.429707 1.000000
0.048160 -0.077503 0.793695 0.859869 0.452863 -0.235672 1.000000
0.044106 -0.066671 0.789430 0.890197 -0.454785 0.026850 1.000000
0.042991 -0.069514 0.797122 0.655983 0.675208 -0.337314 1.000000
0.048124 -0.077866 0.792705 0.901586 0.408568 -0.142176 1.000000
0.044085 -0.066765 0.789166 0.882827 -0.469644 -0.007130 1.000000
0.045652 -0.074189 0.789640 -0.648936 -0.724131 0.233489 1.000000
0.048045 -0.077796 0.792042 0.912973 0.391529 -0.114829 1.000000
0.044274 -0.074059 0.786392 -0.608669 -0.782169 0.133168 1.000000
0.044219 -0.066438 0.790152 0.876754 -0.474976 0.075506 1.000000
0.043194 -0.072417 0.789151 -0.594629 -0.779880 0.195456 1.000000
0.048274 -0.078189 0.792551 0.882030 0.451910 -0.133419 1.000000
0.047718 -0.077161 0.791708 0.906522 0.402516 -0.127276 1.000000
0.044105 -0.066514 0.788087 0.894374 -0.445276 -0.042721 1.000000
0.043064 -0.072289 0.789461 -0.593353 -0.776542 0.211931 1.000000
0.044594 -0.064664 0.793285 0.587831 -0.697003 0.410660 1.000000
0.042796 -0.069541 0.796598 0.678615 0.673736 -0.292509 1.000000
0.044345 -0.065995 0.788010 0.860118 -0.509001 -0.033401 1.000000
0.045232 -0.074871 0.786527 -0.681422 -0.719752 0.132742 1.000000
0.044769 -0.065605 0.790231 0.704761 -0.708832 -0.029467 1.000000
0.044862 -0.074595 0.785582 -0.644207 -0.764459 0.024509 1.000000
0.046405 -0.075450 0.788788 0.723756 0.618449 -0.306102 1.000000
0.046669 -0.075937 0.788217 0.775440 0.611671 -0.156692 1.000000
0.044678 -0.065629 0.789273 0.796341 -0.597715 -0.092619 1.000000
0.044978 -0.065335 0.789593 0.681518 -0.723963 -0.106815 1.000000
0.044981 -0.064445 0.793105 0.519679 -0.752731 0.404141 1.000000
0.047288 -0.076912 0.787718 0.839746 0.534770 -0.094057 1.000000
0.044346 -0.072601 0.791820 -0.621748 -0.767900 0.154141 1.000000
0.044855 -0.065338 0.789121 0.697530 -0.711874 -0.081773 1.000000
0.046962 -0.076347 0.787984 0.819625 0.559105 -0.124962 1.000000
0.044960 -0.065226 0.788006 0.598205 -0.797961 0.073541 1.000000
0.045379 -0.065011 0.789803 0.583135 -0.795236 -0.165991 1.000000
0.042401 -0.069158 0.796567 0.742262 0.635559 -0.212394 1.000000
0.045838 -0.075530 0.785076 0.709226 0.704900 0.010727 1.000000
0.045138 -0.065115 0.787960 0.542880 -0.834041 0.098274 1.000000
0.045227 -0.064968 0.789005 0.591140 -0.805652 -0.038460 1.000000
0.044574 -0.073770 0.788544 -0.632720 -0.730690 0.256431 1.000000
0.042125 -0.068764 0.796995 0.798350 0.573905 -0.182402 1.000000
0.047024 -0.075363 0.793634 0.805384 0.561272 -0.190606 1.000000
0.048849 -0.078576 0.793737 0.810218 0.511079 -0.286958 1.000000
0.045580 -0.064834 0.788441 0.485343 -0.870718 0.079325 1.000000
0.042034 -0.068830 0.796528 0.841864 0.534148 -0.077142 1.000000
0.047834 -0.076745 0.793995 0.881098 0.437312 -0.180069 1.000000
0.046574 -0.076181 0.785329 -0.699006 -0.714640 0.026062 1.000000
0.047335 -0.076412 0.790060 0.903700 0.423725 -0.061512 1.000000
0.048336 -0.077856 0.793680 0.847633 0.465333 -0.254917 1.000000
0.048221 -0.078217 0.791957 0.896666 0.425879 -0.120903 1.000000
0.047050 -0.076702 0.787258 0.805171 0.586638 -0.086926 1.000000
0.043769 -0.073475 0.783259 -0.604556 -0.795319 -0.044493 1.000000
0.043684 -0.073372 0.782702 0.580159 0.814248 0.020391 1.000000
0.044204 -0.073851 0.783719 -0.663614 -0.742716 -0.089388 1.000000
0.047208 -0.076968 0.787148 0.804895 0.587636 -0.082627 1.000000
0.048227 -0.075980 0.796168 0.777027 0.505960 -0.374477 1.000000
0.047436 -0.076776 0.789180 0.889576 0.446179 -0.097868 1.000000
0.047000 -0.076500 0.786440 0.756063 0.650665 -0.070733 1.000000
0.047135 -0.076736 0.786204 0.750537 0.659118 -0.047506 1.000000
0.040921 -0.071331 0.785475 0.724221 0.654789 -0.216230 1.000000
0.044044 -0.071032 0.796179 -0.584118 -0.722483 0.369897 1.000000
0.047667 -0.075675 0.795236 0.847986 0.464856 -0.254614 1.000000
0.045624 -0.071507 0.797356 -0.525561 -0.716884 0.458108 1.000000
0.044416 -0.070902 0.796910 -0.533051 -0.728449 0.430370 1.000000
0.047979 -0.078011 0.790869 0.913300 0.399447 -0.079530 1.000000
0.045854 -0.072316 0.796266 -0.615023 -0.672535 0.411636 1.000000
0.044951 -0.072912 0.793075 -0.681716 -0.707000 0.188187 1.000000
0.046418 -0.075766 0.787306 0.727832 0.670722 -0.142805 1.000000
0.047345 -0.076799 0.788846 0.879692 0.464149 -0.103476 1.000000
0.047789 -0.073928 0.797187 0.742785 0.416019 -0.524594 1.000000
0.047089 -0.072950 0.797183 0.667628 0.516529 -0.536163 1.000000
0.047044 -0.072165 0.797843 0.604559 0.588825 -0.536464 1.000000
0.047338 -0.075197 0.795211 0.858441 0.455551 -0.235696 1.000000
0.044320 -0.071091 0.796371 -0.536101 -0.741158 0.404079 1.000000
0.044741 -0.071106 0.796847 -0.527572 -0.737454 0.421698 1.000000
0.045111 -0.071126 0.797275 -0.517401 -0.736657 0.435468 1.000000
0.045156 -0.071417 0.796775 -0.517183 -0.751543 0.409518 1.000000
0.047800 -0.074465 0.796804 0.785385 0.389149 -0.481386 1.000000
0.048267 -0.075705 0.796420 0.776743 0.483179 -0.403991 1.000000
0.047234 -0.073965 0.796311 0.774467 0.455505 -0.438995 1.000000
0.047377 -0.073729 0.796843 0.721469 0.461563 -0.516180 1.000000
0.046307 -0.071634 0.797716 0.552134 0.680282 -0.482042 1.000000
0.047652 -0.073371 0.797433 0.681637 0.491488 -0.542043 1.000000
0.042641 -0.069435 0.788053 0.797127 -0.471763 -0.376866 1.000000
0.041783 -0.068194 0.796059 0.980823 0.165029 0.103692 1.000000
0.044663 -0.065693 0.791125 0.706717 -0.689442 0.158810 1.000000
0.041302 -0.068117 0.785733 0.329645 -0.876632 -0.350500 1.000000
0.046662 -0.064257 0.791202 0.452683 -0.878086 0.155061 1.000000
0.045483 -0.064837 0.788660 0.510724 -0.857824 0.057433 1.000000
0.044210 -0.066568 0.785986 0.880986 -0.456066 0.125963 1.000000
0.043847 -0.067388 0.786415 0.901525 -0.412697 0.130134 1.000000
0.043353 -0.068096 0.785748 0.582535 -0.743638 -0.328109 1.000000
0.046023 -0.065381 0.785319 0.226499 -0.912580 0.340436 1.000000
0.047644 -0.075069 0.796298 0.808100 0.433385 -0.398938 1.000000
0.044908 -0.066479 0.783692 -0.569867 0.803690 -0.171273 1.000000
0.046932 -0.065215 0.785511 0.067331 -0.932367 0.355187 1.000000
0.045127 -0.065697 0.785336 0.532778 -0.789800 0.303914 1.000000
0.045904 -0.065968 0.784020 -0.327902 0.883023 -0.335785 1.000000
0.047161 -0.076360 0.789448 0.885761 0.449019 -0.117511 1.000000
0.047159 -0.065238 0.785439 0.052492 -0.935402 0.349669 1.000000
0.043031 -0.069659 0.796908 0.660991 0.674990 -0.327840 1.000000
0.046320 -0.065760 0.784192 0.222003 -0.912173 0.344463 1.000000
0.047581 -0.076523 0.792563 0.882404 0.445219 -0.152129 1.000000
0.047607 -0.065314 0.785159 0.027149 -0.951698 0.305834 1.000000
0.048398 -0.065252 0.785291 -0.023801 -0.937103 0.348241 1.000000
0.049576 -0.064708 0.786614 -0.015166 -0.912140 0.409597 1.000000
0.048873 -0.065168 0.785478 -0.042372 -0.921942 0.385003 1.000000
0.047734 -0.063912 0.790824 0.273295 -0.958076 0.086023 1.000000
0.046872 -0.065451 0.784663 0.118847 -0.949444 0.290572 1.000000
0.048429 -0.065498 0.784498 0.073481 0.955392 -0.286054 1.000000
0.048115 -0.078055 0.791368 0.910963 0.404072 -0.082905 1.000000
0.049954 -0.065257 0.785409 -0.043666 -0.913455 0.404590 1.000000
0.048220 -0.065345 0.785055 -0.023158 -0.949524 0.312838 1.000000
0.043628 -0.073284 0.787462 -0.620823 -0.755495 0.209299 1.000000
0.048472 -0.065112 0.785576 -0.017153 -0.923086 0.384212 1.000000
0.045889 -0.075478 0.785571 -0.704323 -0.709707 0.015640 1.000000
0.043678 -0.073129 0.788231 -0.635341 -0.733829 0.240492 1.000000
0.043618 -0.073538 0.786484 -0.616895 -0.775456 0.134570 1.000000
0.047380 -0.072891 0.797531 0.653345 0.524679 -0.545759 1.000000
0.048510 -0.077751 0.794182 0.824171 0.472593 -0.312088 1.000000
0.048139 -0.075273 0.796864 0.756578 0.437879 -0.485645 1.000000
0.047915 -0.076901 0.794010 0.864262 0.454882 -0.214788 1.000000
0.045371 -0.072756 0.794692 -0.617976 -0.723183 0.308403 1.000000
0.041566 -0.071934 0.784906 -0.607894 -0.788290 0.095207 1.000000
0.043361 -0.072344 0.789962 -0.596450 -0.759307 0.260192 1.000000
0.044776 -0.074258 0.787576 -0.662196 -0.730731 0.165917 1.000000
0.045678 -0.064910 0.791009 0.591826 -0.795638 0.129236 1.000000
0.045942 -0.064749 0.790828 0.585721 -0.806554 0.080004 1.000000
0.048406 -0.063298 0.792952 -0.172961 0.940774 -0.291597 1.000000
0.048133 -0.063913 0.789395 0.188794 -0.974424 0.121879 1.000000
0.047700 -0.063448 0.792709 0.172976 -0.936257 0.305783 1.000000
0.047800 -0.077320 0.791565 0.911410 0.400140 -0.096022 1.000000
0.041312 -0.068176 0.783467 0.638727 -0.715965 0.281820 1.000000
0.044169 -0.064373 0.794249 0.607651 -0.668269 0.429158 1.000000
0.046056 -0.064111 0.792356 0.512926 -0.787696 0.341235 1.000000
0.046249 -0.064126 0.792041 0.471446 -0.817032 0.331960 1.000000
0.041239 -0.068575 0.786355 0.272919 -0.747956 -0.605043 1.000000
0.043296 -0.068166 0.787550 0.869510 -0.493808 -0.010311 1.000000
0.046327 -0.065389 0.785165 0.164763 -0.924726 0.343124 1.000000
0.048363 -0.064348 0.787389 0.049326 -0.942303 0.331106 1.000000
0.047668 -0.064968 0.786013 0.037280 -0.918934 0.392645 1.000000
0.044358 -0.066709 0.783873 -0.629491 0.776410 -0.030477 1.000000
0.047433 -0.077033 0.788697 0.889252 0.446368 -0.099935 1.000000
0.049653 -0.065089 0.785725 -0.040485 -0.909727 0.413229 1.000000
0.048300 -0.064457 0.787132 0.042228 -0.929382 0.366696 1.000000
0.047914 -0.064920 0.786096 0.033061 -0.919059 0.392732 1.000000
0.046871 -0.064548 0.787297 0.230041 -0.939118 0.255221 1.000000
0.042747 -0.067331 0.793693 0.879331 -0.294500 0.374227 1.000000
0.045177 -0.065966 0.784654 0.507781 -0.799289 0.321396 1.000000
0.046299 -0.074278 0.793491 0.788198 0.576349 -0.215791 1.000000
0.045677 -0.075231 0.783744 -0.687736 -0.718142 -0.106258 1.000000
0.044161 -0.072549 0.791580 -0.620720 -0.769328 0.151130 1.000000
0.047329 -0.073177 0.797208 0.671293 0.514737 -0.533303 1.000000
0.046344 -0.072977 0.795864 0.712425 0.596216 -0.370105 1.000000
0.040463 -0.070693 0.785772 0.829342 0.507575 -0.233579 1.000000
0.043074 -0.070329 0.795085 0.774920 0.584784 -0.239848 1.000000
0.043402 -0.073409 0.785994 -0.649984 -0.758615 0.044988 1.000000
0.040763 -0.071185 0.784878 0.807329 0.584081 -0.084081 1.000000
0.040793 -0.070963 0.785877 0.734237 0.592959 -0.330599 1.000000
0.042807 -0.070563 0.793188 0.796163 0.553062 -0.245454 1.000000
0.040254 -0.070398 0.785481 0.925121 0.374817 -0.060532 1.000000
0.042224 -0.070679 0.790930 0.963045 0.226077 -0.146403 1.000000
0.042503 -0.069975 0.793718 0.886719 0.437500 -0.149410 1.000000
0.042412 -0.069732 0.793996 0.925310 0.369887 -0.083581 1.000000
0.042535 -0.070218 0.793174 0.882456 0.432801 -0.184267 1.000000
0.040465 -0.070887 0.783142 0.968160 0.247808 0.035450 1.000000
0.042855 -0.071277 0.791516 0.732812 0.645230 -0.216022 1.000000
0.043659 -0.072254 0.790578 -0.613241 -0.762036 0.207935 1.000000
0.041034 -0.071526 0.785053 -0.680543 -0.717370 0.149137 1.000000
0.042377 -0.071009 0.791027 0.869209 0.455165 -0.193135 1.000000
0.040428 -0.069806 0.786450 0.802386 0.161024 -0.574672 1.000000
0.041791 -0.071033 0.787178 0.888365 0.315373 -0.333688 1.000000
0.043278 -0.072693 0.788235 -0.620200 -0.745187 0.245048 1.000000
0.042493 -0.072105 0.787965 0.740830 0.650004 -0.169313 1.000000
0.042097 -0.070234 0.790101 0.932439 -0.350696 -0.087005 1.000000
0.043099 -0.072358 0.788711 -0.613021 -0.765492 0.195519 1.000000
0.042242 -0.069165 0.793322 0.991060 -0.090335 0.098185 1.000000
0.042083 -0.070547 0.788810 0.943270 -0.326025 0.062842 1.000000
0.041860 -0.067920 0.795530 0.967207 -0.005664 0.253927 1.000000
0.040414 -0.070170 0.784806 0.975276 0.142431 0.168968 1.000000
0.042036 -0.070591 0.787866 0.929675 -0.118216 -0.348897 1.000000
0.041994 -0.067959 0.795013 0.953030 -0.065066 0.295803 1.000000
0.041971 -0.071286 0.787693 0.945538 0.279207 -0.167337 1.000000
0.041918 -0.070508 0.789833 0.977979 -0.197537 -0.067353 1.000000
0.040451 -0.070169 0.783250 0.992108 -0.068846 0.104797 1.000000
0.042278 -0.069773 0.791283 0.966017 -0.237055 0.103034 1.000000
0.040364 -0.069755 0.786270 0.884234 0.147015 -0.443303 1.000000
0.042268 -0.068631 0.793755 0.965080 -0.174253 0.195595 1.000000
0.042402 -0.068748 0.793316 0.941828 -0.259289 0.213842 1.000000
0.042267 -0.070259 0.788181 0.871204 -0.386877 -0.302208 1.000000
0.041902 -0.070159 0.787608 0.769304 -0.144627 -0.622297 1.000000
0.042144 -0.070577 0.791499 0.940393 0.314951 -0.128326 1.000000
0.041911 -0.067102 0.795851 0.947735 -0.167720 0.271419 1.000000
0.042159 -0.067724 0.794722 0.915883 -0.155476 0.370116 1.000000
0.042385 -0.071731 0.789508 0.705031 0.673087 -0.223350 1.000000
0.040453 -0.070032 0.784277 0.996023 -0.056484 0.068908 1.000000
0.040268 -0.069295 0.785116 0.938459 -0.137361 0.316902 1.000000
0.042036 -0.067128 0.795501 0.924077 -0.209090 0.319941 1.000000
0.040363 -0.069046 0.786332 0.771845 -0.307747 -0.556370 1.000000
0.042051 -0.066537 0.795851 0.893305 -0.324173 0.311316 1.000000
0.041550 -0.070287 0.787188 0.724686 0.136071 -0.675510 1.000000
0.040831 -0.071577 0.783804 0.749304 0.641188 -0.165593 1.000000
0.042277 -0.069485 0.792261 0.974316 -0.224237 0.020649 1.000000
0.040422 -0.069656 0.784717 0.967537 -0.074845 0.241391 1.000000
0.042085 -0.066780 0.795415 0.901168 -0.272116 0.337417 1.000000
0.040534 -0.069605 0.783711 0.963133 -0.252551 0.092697 1.000000
0.043841 -0.073543 0.783689 -0.614782 -0.786792 -0.054782 1.000000
0.042253 -0.066981 0.794852 0.873765 -0.262290 0.409560 1.000000
0.042395 -0.069275 0.791790 0.918006 -0.373862 0.132256 1.000000
0.042166 -0.070146 0.787839 0.856552 -0.270756 -0.439329 1.000000
0.042120 -0.068280 0.794689 0.953179 -0.083937 0.290524 1.000000
0.040352 -0.070046 0.785087 0.971441 0.146487 0.186666 1.000000
0.040391 -0.068672 0.785416 0.791753 -0.594297 0.141203 1.000000
0.040246 -0.068617 0.785895 0.735086 -0.649224 -0.195338 1.000000
0.042625 -0.067054 0.794165 0.855296 -0.295846 0.425375 1.000000
0.042335 -0.069769 0.787956 0.784029 -0.449026 -0.428572 1.000000
0.042389 -0.066312 0.795153 0.828775 -0.417207 0.372920 1.000000
0.042652 -0.068811 0.791823 0.861416 -0.469784 0.193044 1.000000
0.042839 -0.067186 0.793600 0.879489 -0.301492 0.368242 1.000000
0.042808 -0.068936 0.790670 0.875106 -0.459609 0.151488 1.000000
0.042690 -0.068507 0.792504 0.895011 -0.408358 0.179443 1.000000
0.042561 -0.068236 0.793358 0.897609 -0.337900 0.283058 1.000000
0.040309 -0.068732 0.786083 0.739862 -0.532798 -0.410767 1.000000
0.042850 -0.068419 0.792057 0.861855 -0.463695 0.205410 1.000000
0.042833 -0.068002 0.792935 0.897930 -0.349004 0.268174 1.000000
0.043122 -0.066784 0.793236 0.866133 -0.367233 0.339048 1.000000
0.043061 -0.067466 0.792629 0.887720 -0.350156 0.298906 1.000000
0.043077 -0.068362 0.791091 0.879941 -0.453391 0.141915 1.000000
0.040669 -0.068543 0.785219 0.713769 -0.678178 0.174955 1.000000
0.040559 -0.068969 0.784804 0.870328 -0.411260 0.270912 1.000000
0.042880 -0.068106 0.792479 0.888235 -0.388348 0.245407 1.000000
0.043018 -0.067738 0.792427 0.895864 -0.358337 0.262720 1.000000
0.040719 -0.069102 0.783604 0.920451 -0.364949 0.139937 1.000000
0.043113 -0.067863 0.791887 0.890072 -0.394265 0.228750 1.000000
0.042863 -0.066522 0.794127 0.822531 -0.404117 0.400166 1.000000
0.040734 -0.069305 0.782886 0.926902 -0.326801 0.184538 1.000000
0.041211 -0.068942 0.786753 -0.420973 0.504845 0.753600 1.000000
0.040814 -0.068707 0.784033 0.870812 -0.460119 0.173137 1.000000
0.043052 -0.068479 0.790522 0.893569 -0.439080 0.093504 1.000000
0.043316 -0.067582 0.791384 0.878740 -0.437733 0.190281 1.000000
0.043130 -0.066994 0.793030 0.880955 -0.353741 0.314301 1.000000
0.040914 -0.068823 0.783073 0.833086 -0.504430 0.226974 1.000000
0.043161 -0.068477 0.789899 0.924327 -0.372382 0.083378 1.000000
0.043285 -0.067080 0.792448 0.882476 -0.367984 0.292957 1.000000
0.043176 -0.067452 0.792266 0.891870 -0.362381 0.270644 1.000000
0.041050 -0.068325 0.784042 0.772481 -0.606496 0.188243 1.000000
0.042249 -0.068870 0.793582 0.978938 -0.135286 0.152900 1.000000
0.043525 -0.066833 0.792093 0.853786 -0.419284 0.308628 1.000000
0.043334 -0.066422 0.793198 0.834807 -0.431262 0.342213 1.000000
0.043652 -0.066477 0.792087 0.830846 -0.449362 0.328283 1.000000
0.043056 -0.068425 0.787213 0.715078 -0.695860 -0.066651 1.000000
0.043378 -0.067838 0.787335 0.875115 -0.478956 0.069105 1.000000
0.040605 -0.069183 0.784463 0.939539 -0.260589 0.222169 1.000000
0.041740 -0.068789 0.786742 0.219222 -0.740572 -0.635213 1.000000
0.040668 -0.069137 0.783934 0.936279 -0.334469 0.107291 1.000000
0.043256 -0.067973 0.791151 0.898583 -0.415206 0.141960 1.000000
0.043438 -0.067877 0.788134 0.897752 -0.439426 -0.030758 1.000000
0.043782 -0.067207 0.788770 0.881700 -0.471424 -0.019087 1.000000
0.043939 -0.066924 0.789105 0.880824 -0.472631 -0.027709 1.000000
0.043089 -0.071246 0.793010 0.759230 0.616291 -0.209178 1.000000
0.043603 -0.071816 0.792786 -0.671946 -0.714544 0.194722 1.000000
0.042354 -0.069320 0.792821 0.987551 -0.149519 0.048868 1.000000
0.043430 -0.072046 0.791346 -0.645295 -0.745461 0.166979 1.000000
0.043694 -0.072107 0.791973 -0.649272 -0.741123 0.170828 1.000000
0.042394 -0.069124 0.792297 0.927799 -0.359273 0.100557 1.000000
0.042845 -0.072118 0.789529 -0.601999 -0.767444 0.220516 1.000000
0.042654 -0.068518 0.792966 0.892241 -0.378341 0.246505 1.000000
0.042169 -0.069336 0.794054 0.984666 0.171176 0.033624 1.000000
0.042498 -0.069668 0.790760 0.916432 -0.386692 0.103060 1.000000
0.042811 -0.068273 0.792736 0.895669 -0.390440 0.212916 1.000000
0.043008 -0.065713 0.794791 0.793003 -0.453278 0.407044 1.000000
0.043142 -0.066094 0.794006 0.813475 -0.445098 0.374361 1.000000
0.041683 -0.071991 0.784644 -0.586489 -0.803577 0.101464 1.000000
0.042686 -0.069329 0.790674 0.876084 -0.459439 0.146262 1.000000
0.040595 -0.069798 0.783088 0.968222 -0.218274 0.122079 1.000000
0.042699 -0.069339 0.790011 0.858373 -0.482580 0.174106 1.000000
0.042175 -0.068764 0.794372 0.984024 -0.008407 0.177835 1.000000
0.042332 -0.070236 0.788509 0.877982 -0.457655 -0.140353 1.000000
0.042423 -0.069014 0.793002 0.950888 -0.257332 0.172025 1.000000
0.043307 -0.066794 0.792699 0.866031 -0.390834 0.311832 1.000000
0.042894 -0.069520 0.789437 0.862332 -0.495411 0.104652 1.000000
0.042285 -0.067953 0.794469 0.919899 -0.159579 0.358219 1.000000
0.043087 -0.068425 0.790837 0.890158 -0.440908 0.114971 1.000000
0.040609 -0.069415 0.783457 0.950999 -0.285685 0.118255 1.000000
0.043019 -0.069074 0.789758 0.896303 -0.421889 0.136563 1.000000
0.042462 -0.068137 0.793915 0.914332 -0.247197 0.320766 1.000000
0.042925 -0.069693 0.789133 0.852276 -0.520849 0.048384 1.000000
0.043254 -0.068089 0.790423 0.904770 -0.418602 0.078513 1.000000
0.042999 -0.069342 0.789130 0.890759 -0.454213 0.015447 1.000000
0.043906 -0.065206 0.793616 0.728953 -0.550366 0.407093 1.000000
0.043135 -0.069123 0.789403 0.913540 -0.395248 0.096044 1.000000
0.042806 -0.066289 0.794544 0.794951 -0.424951 0.432977 1.000000
0.043006 -0.069045 0.788528 0.894187 -0.402347 -0.196331 1.000000
0.042619 -0.067354 0.794101 0.867984 -0.282253 0.408580 1.000000
0.040918 -0.068784 0.783416 0.866048 -0.468559 0.174392 1.000000
0.042723 -0.067579 0.793561 0.889571 -0.291627 0.351592 1.000000
0.043356 -0.068035 0.789450 0.912877 -0.406724 0.035094 1.000000
0.043773 -0.066473 0.791830 0.837531 -0.456975 0.299527 1.000000
0.042753 -0.066565 0.794321 0.811593 -0.389348 0.435573 1.000000
0.043273 -0.068235 0.789012 0.937139 -0.348851 0.008565 1.000000
0.044185 -0.064837 0.793673 0.644194 -0.628227 0.436284 1.000000
0.043002 -0.067035 0.793383 0.873930 -0.341146 0.346215 1.000000
0.042390 -0.070011 0.790594 0.947155 -0.318861 -0.034985 1.000000
0.042911 -0.067761 0.793028 0.899905 -0.331853 0.282921 1.000000
0.044217 -0.073011 0.789951 -0.616549 -0.753747 0.227451 1.000000
0.043872 -0.066846 0.790951 0.866768 -0.472098 0.160739 1.000000
0.043168 -0.065912 0.794335 0.805948 -0.448530 0.386354 1.000000
0.043076 -0.066465 0.793794 0.835698 -0.396554 0.379939 1.000000
0.043879 -0.066991 0.790337 0.870298 -0.484214 0.090097 1.000000
0.044150 -0.066259 0.791091 0.831503 -0.530340 0.165356 1.000000
0.043001 -0.067798 0.792643 0.899248 -0.347011 0.266338 1.000000
0.043080 -0.067245 0.793090 0.886622 -0.344037 0.309096 1.000000
0.043305 -0.067995 0.791395 0.892766 -0.415202 0.174858 1.000000
0.043522 -0.067668 0.788403 0.892076 -0.451538 -0.017726 1.000000
0.043557 -0.064870 0.794606 0.751568 -0.534957 0.385962 1.000000
0.043443 -0.065455 0.794228 0.787342 -0.482022 0.384378 1.000000
0.044377 -0.065335 0.792310 0.667273 -0.655759 0.353167 1.000000
0.043443 -0.065827 0.793746 0.811157 -0.455799 0.366430 1.000000
0.043266 -0.068434 0.786735 0.654044 -0.754991 -0.047064 1.000000
0.043448 -0.067199 0.792088 0.878400 -0.389756 0.276592 1.000000
0.043051 -0.067801 0.792154 0.891289 -0.378050 0.250364 1.000000
0.042067 -0.067856 0.783839 0.312590 -0.939885 0.137493 1.000000
0.043760 -0.065084 0.794001 0.733445 -0.547511 0.402853 1.000000
0.043515 -0.066121 0.793244 0.817158 -0.466968 0.337925 1.000000
0.043891 -0.064589 0.794323 0.675398 -0.617348 0.403385 1.000000
0.042151 -0.067965 0.783255 -0.416942 0.867071 -0.272666 1.000000
0.045979 -0.071910 0.796848 -0.564012 -0.692530 0.449769 1.000000
0.043945 -0.066923 0.788634 0.882721 -0.469225 -0.025138 1.000000
0.044763 -0.065266 0.791817 0.579869 -0.728474 0.364798 1.000000
0.043790 -0.065298 0.793719 0.758828 -0.513502 0.400619 1.000000
0.043781 -0.067215 0.787864 0.888436 -0.458535 -0.020655 1.000000
0.043621 -0.067501 0.787931 0.892077 -0.451232 -0.024253 1.000000
0.043727 -0.067363 0.787401 0.897568 -0.436642 0.060957 1.000000
0.042352 -0.067807 0.783587 -0.301949 0.943625 -0.135641 1.000000
0.042359 -0.069759 0.789939 0.824913 -0.551028 0.126041 1.000000
0.043328 -0.068164 0.790832 0.909018 -0.406378 0.092428 1.000000
0.043917 -0.066904 0.787343 0.903638 -0.426716 0.036776 1.000000
0.041074 -0.068431 0.783465 0.763131 -0.607054 0.221623 1.000000
0.044337 -0.066270 0.789581 0.858755 -0.511360 0.032412 1.000000
0.043666 -0.065881 0.793074 0.801470 -0.500732 0.326977 1.000000
0.043542 -0.067218 0.791736 0.872146 -0.406054 0.272913 1.000000
0.043994 -0.066802 0.788243 0.889232 -0.455962 -0.036952 1.000000
0.043901 -0.066045 0.792491 0.799390 -0.512002 0.314371 1.000000
0.043201 -0.068270 0.790308 0.923912 -0.368061 0.104489 1.000000
0.043747 -0.067286 0.786966 0.900661 -0.419817 0.112087 1.000000
0.043952 -0.066891 0.787630 0.894669 -0.446386 -0.017526 1.000000
0.044013 -0.066826 0.790006 0.882483 -0.462542 0.085314 1.000000
0.043183 -0.068904 0.789455 0.935636 -0.347176 0.063674 1.000000
0.044126 -0.065580 0.792510 0.761740 -0.554914 0.334399 1.000000
0.044189 -0.066157 0.791367 0.811042 -0.537995 0.229721 1.000000
0.043059 -0.068937 0.788258 0.886062 -0.425576 -0.183790 1.000000
0.043863 -0.066958 0.791189 0.866111 -0.466916 0.178440 1.000000
0.044048 -0.066590 0.787082 0.903930 -0.423073 0.062609 1.000000
0.044055 -0.066751 0.786439 0.904828 -0.404089 0.134159 1.000000
0.043405 -0.067945 0.789611 0.908420 -0.416904 0.031043 1.000000
0.044885 -0.065508 0.789866 0.672576 -0.732381 -0.106110 1.000000
0.043896 -0.066521 0.791476 0.858667 -0.452029 0.241580 1.000000
0.044107 -0.066504 0.787458 0.898585 -0.438669 0.010700 1.000000
0.043813 -0.067287 0.790222 0.866440 -0.492508 0.081958 1.000000
0.043978 -0.066870 0.791114 0.861010 -0.476781 0.177038 1.000000
0.044228 -0.066170 0.786960 0.859428 -0.505373 0.077344 1.000000
0.044301 -0.065830 0.791674 0.736626 -0.619826 0.270551 1.000000
0.044532 -0.065805 0.788673 0.827117 -0.559545 -0.052782 1.000000
0.044902 -0.065419 0.789313 0.720990 -0.685012 -0.104556 1.000000
0.044319 -0.066242 0.786355 0.837670 -0.520528 0.165408 1.000000
0.044257 -0.066194 0.787148 0.870002 -0.490026 0.054514 1.000000
0.044504 -0.065779 0.788383 0.823390 -0.566949 -0.024433 1.000000
0.043723 -0.067444 0.789020 0.881351 -0.472463 -0.000485 1.000000
0.043792 -0.067341 0.789544 0.878768 -0.476995 0.015572 1.000000
0.043954 -0.067136 0.790080 0.877811 -0.472923 0.076107 1.000000
0.043581 -0.067598 0.788165 0.888830 -0.457481 -0.026312 1.000000
0.044367 -0.065978 0.786798 0.799596 -0.587900 0.122557 1.000000
0.045417 -0.064876 0.789474 0.589473 -0.798948 -0.119179 1.000000
0.043787 -0.067214 0.788343 0.883814 -0.467361 -0.021120 1.000000
0.044188 -0.065548 0.792257 0.747181 -0.572339 0.337858 1.000000
0.044647 -0.065508 0.788130 0.749645 -0.661718 0.012762 1.000000
0.045755 -0.064820 0.789980 0.570895 -0.814228 -0.105411 1.000000
0.045652 -0.064889 0.789745 0.575971 -0.804444 -0.145350 1.000000
0.044764 -0.065401 0.788515 0.737150 -0.675416 -0.020542 1.000000
0.044842 -0.065378 0.787354 0.623089 -0.772355 0.123401 1.000000
0.044586 -0.065607 0.787478 0.763809 -0.642437 0.062207 1.000000
0.045267 -0.064930 0.791933 0.537963 -0.766152 0.351577 1.000000
0.045243 -0.065333 0.790701 0.589427 -0.807536 0.021498 1.000000
0.044027 -0.064647 0.794086 0.639503 -0.630515 0.439871 1.000000
0.044778 -0.065527 0.786909 0.655841 -0.740199 0.148251 1.000000
0.045606 -0.064760 0.788825 0.493551 -0.869540 0.017525 1.000000
0.045188 -0.065209 0.787157 0.499159 -0.854231 0.145362 1.000000
0.045152 -0.065045 0.788600 0.609255 -0.792628 0.023439 1.000000
0.045650 -0.064898 0.788160 0.462610 -0.878807 0.117006 1.000000
0.044522 -0.066579 0.783491 -0.574925 0.807044 -0.134690 1.000000
0.045234 -0.065287 0.786736 0.519441 -0.836821 0.172949 1.000000
0.045576 -0.065129 0.790525 0.598637 -0.800961 -0.009770 1.000000
0.046162 -0.064479 0.789351 0.409688 -0.911713 -0.030576 1.000000
0.045590 -0.064966 0.787712 0.446935 -0.884376 0.134638 1.000000
0.044177 -0.065053 0.793256 0.656472 -0.645727 0.389976 1.000000
0.045933 -0.064625 0.788885 0.430470 -0.902364 0.020853 1.000000
0.045192 -0.065134 0.787651 0.511921 -0.849582 0.127074 1.000000
0.045870 -0.064786 0.787856 0.401513 -0.905484 0.137425 1.000000
0.045663 -0.064698 0.789199 0.509023 -0.858821 -0.057634 1.000000
0.046007 -0.064651 0.788412 0.397029 -0.911504 0.107375 1.000000
0.046708 -0.064248 0.790053 0.408377 -0.912367 0.028543 1.000000
0.045599 -0.065085 0.786774 0.381550 -0.903404 0.195653 1.000000
0.046401 -0.064428 0.788889 0.347331 -0.935374 0.066609 1.000000
0.045686 -0.065176 0.786131 0.345889 -0.903527 0.252982 1.000000
0.045994 -0.064869 0.786975 0.321504 -0.923462 0.209413 1.000000
0.046502 -0.064437 0.788421 0.344432 -0.932124 0.111857 1.000000
0.044572 -0.065824 0.786580 0.742780 -0.652822 0.148661 1.000000
0.044321 -0.066054 0.787467 0.869051 -0.494704 0.004377 1.000000
0.044570 -0.065340 0.792001 0.640017 -0.684766 0.348533 1.000000
0.045771 -0.064713 0.788585 0.434937 -0.896110 0.088415 1.000000
0.040221 -0.068659 0.785733 0.752878 -0.645716 -0.127381 1.000000
0.045178 -0.065127 0.791545 0.562729 -0.787734 0.250622 1.000000
0.043598 -0.067989 0.786532 0.827306 -0.550480 0.111969 1.000000
0.045828 -0.064704 0.788464 0.420586 -0.901218 0.104470 1.000000
0.042840 -0.072888 0.782993 0.483045 0.874132 -0.050606 1.000000
0.041006 -0.068358 0.785981 0.385925 -0.830835 -0.400968 1.000000
0.045462 -0.065004 0.791624 0.566158 -0.780358 0.265531 1.000000
0.045074 -0.065417 0.790174 0.621994 -0.778211 -0.086672 1.000000
0.043781 -0.065446 0.793445 0.769630 -0.509035 0.385426 1.000000
0.045794 -0.063925 0.793197 0.488676 -0.781328 0.388230 1.000000
0.047601 -0.063670 0.792176 0.197517 -0.937970 0.284956 1.000000
0.043811 -0.067671 0.786337 0.885885 -0.453163 0.099251 1.000000
0.043194 -0.067520 0.783393 -0.392685 0.918852 0.038856 1.000000
0.044536 -0.064375 0.793941 0.568774 -0.703145 0.426713 1.000000
0.040885 -0.068705 0.783770 0.864129 -0.479647 0.152381 1.000000
0.046170 -0.064478 0.791225 0.552026 -0.812892 0.185670 1.000000
0.044599 -0.064565 0.793579 0.576057 -0.699100 0.423577 1.000000
0.045913 -0.064905 0.790438 0.581049 -0.813444 -0.026269 1.000000
0.041334 -0.068071 0.783856 0.601842 -0.767448 0.220932 1.000000
0.044988 -0.064392 0.793437 0.511925 -0.751918 0.415395 1.000000
0.041413 -0.067922 0.785360 0.372204 -0.889854 -0.263863 1.000000
0.044536 -0.065969 0.786305 0.764764 -0.626268 0.151405 1.000000
0.046261 -0.064581 0.787973 0.357216 -0.920203 0.160072 1.000000
0.043049 -0.065320 0.795214 0.786968 -0.475242 0.393479 1.000000
0.041621 -0.068520 0.786278 0.177431 -0.810859 -0.557698 1.000000
0.041614 -0.067773 0.785014 0.384902 -0.920173 -0.071638 1.000000
0.042693 -0.068607 0.786482 0.385879 -0.896172 -0.219027 1.000000
0.046736 -0.064386 0.788076 0.281465 -0.945706 0.162532 1.000000
0.041955 -0.067788 0.785295 0.155837 -0.931823 -0.327751 1.000000
0.041715 -0.067982 0.783544 0.524755 -0.815029 0.245682 1.000000
0.043764 -0.064568 0.794832 -0.708460 0.588232 -0.389958 1.000000
0.043479 -0.068124 0.786185 0.737007 -0.674604 -0.041592 1.000000
0.045929 -0.063649 0.793622 0.444578 -0.815243 0.371120 1.000000
0.045605 -0.064406 0.792579 0.507731 -0.772061 0.382270 1.000000
0.043680 -0.067565 0.786740 0.895715 -0.420673 0.143976 1.000000
0.046333 -0.063245 0.793963 -0.351570 0.860037 -0.369777 1.000000
0.045076 -0.066181 0.784201 0.462903 -0.845782 0.265280 1.000000
0.046052 -0.063945 0.793037 0.468012 -0.803734 0.367392 1.000000
0.045457 -0.065653 0.784981 0.377856 -0.857633 0.348841 1.000000
0.045492 -0.065841 0.784513 0.381927 -0.858596 0.341973 1.000000
0.040752 -0.068736 0.786331 0.479723 -0.643114 -0.596884 1.000000
0.043971 -0.067218 0.785974 0.914273 -0.400425 0.061364 1.000000
0.046404 -0.064832 0.786800 0.255596 -0.931933 0.257240 1.000000
0.046144 -0.064002 0.792704 0.466101 -0.805534 0.365877 1.000000
0.046869 -0.063212 0.793913 -0.257849 0.905468 -0.337108 1.000000
0.046563 -0.064876 0.786272 0.162859 -0.930402 0.328373 1.000000
0.045839 -0.065842 0.784273 0.325273 -0.879638 0.347036 1.000000
0.046854 -0.063469 0.793290 0.260175 -0.899601 0.350752 1.000000
0.044055 -0.066657 0.786615 0.908338 -0.403412 0.110369 1.000000
0.043118 -0.068313 0.791318 0.883700 -0.441691 0.154865 1.000000
0.046274 -0.065456 0.784910 0.195658 -0.927640 0.318123 1.000000
0.047220 -0.063365 0.793313 -0.179632 0.929596 -0.321845 1.000000
0.047020 -0.064783 0.786575 0.125543 -0.930988 0.342783 1.000000
0.047140 -0.063540 0.792759 0.206662 -0.923143 0.324187 1.000000
0.044742 -0.065026 0.792358 0.564074 -0.730256 0.385417 1.000000
0.043906 -0.067171 0.784984 0.786582 -0.616735 -0.030443 1.000000
0.047369 -0.064488 0.787221 0.129731 -0.940718 0.313402 1.000000
0.045058 -0.063885 0.794086 -0.502716 0.759042 -0.413681 1.000000
0.047083 -0.063693 0.792371 0.246024 -0.910635 0.331988 1.000000
0.043339 -0.067887 0.790778 0.909302 -0.402362 0.106187 1.000000
0.044080 -0.066888 0.785424 0.861865 -0.503932 0.056940 1.000000
0.047108 -0.064982 0.785993 0.066102 -0.929506 0.362835 1.000000
0.048166 -0.064121 0.788412 0.118642 -0.971963 0.203008 1.000000
0.045355 -0.064033 0.793546 0.470728 -0.778260 0.415605 1.000000
0.043992 -0.067071 0.786209 0.922051 -0.374122 0.099269 1.000000
0.047449 -0.063557 0.792511 0.176772 -0.935032 0.307353 1.000000
0.045294 -0.064690 0.792437 0.504435 -0.771311 0.388105 1.000000
0.047504 -0.065099 0.785718 0.040864 -0.927087 0.372612 1.000000
0.044469 -0.066384 0.785250 0.747402 -0.622980 0.230837 1.000000
0.044220 -0.066777 0.783471 -0.601207 0.799092 0.001305 1.000000
0.047964 -0.064707 0.786527 0.048822 -0.921959 0.384199 1.000000
0.047486 -0.063929 0.791387 0.275073 -0.942898 0.187827 1.000000
0.044888 -0.065421 0.791359 0.608746 -0.748864 0.261973 1.000000
0.044584 -0.066021 0.785826 0.718188 -0.660476 0.219039 1.000000
0.045250 -0.065234 0.790018 0.612134 -0.778531 -0.138496 1.000000
0.044696 -0.066072 0.785342 0.705870 -0.655837 0.267628 1.000000
0.047815 -0.063849 0.791122 0.280488 -0.950729 0.132063 1.000000
0.044857 -0.065596 0.790804 0.644975 -0.757862 0.098247 1.000000
0.044754 -0.066207 0.784951 0.680996 -0.686008 0.256199 1.000000
0.044783 -0.066318 0.784533 0.649809 -0.727810 0.219180 1.000000
0.045028 -0.065658 0.785634 0.579068 -0.775316 0.252123 1.000000
0.044343 -0.066182 0.788440 0.883801 -0.465750 -0.044403 1.000000
0.045651 -0.064885 0.791328 0.568364 -0.795044 0.211819 1.000000
0.045102 -0.065943 0.784862 0.544785 -0.777246 0.314799 1.000000
0.046311 -0.065154 0.785802 0.184932 -0.927168 0.325821 1.000000
0.043697 -0.067820 0.785998 0.830868 -0.554296 -0.049138 1.000000
0.045456 -0.065257 0.786402 0.419358 -0.883118 0.210339 1.000000
0.044051 -0.067012 0.785749 0.894127 -0.444654 0.053093 1.000000
0.046065 -0.064737 0.790558 0.584517 -0.811376 0.003000 1.000000
0.043938 -0.067503 0.785765 0.868472 -0.494354 -0.037026 1.000000
0.045986 -0.064686 0.789828 0.513160 -0.852752 -0.097374 1.000000
0.046434 -0.064679 0.787207 0.292184 -0.928573 0.228868 1.000000
0.044065 -0.067184 0.784380 0.676588 -0.736108 -0.019337 1.000000
0.044089 -0.066924 0.785083 0.803469 -0.594005 0.039938 1.000000
0.047072 -0.065314 0.785237 0.055671 -0.943235 0.327426 1.000000
0.047577 -0.063390 0.792965 0.169224 -0.936362 0.307553 1.000000
0.047897 -0.063194 0.793442 -0.174887 0.938340 -0.298217 1.000000
0.047035 -0.064216 0.789670 0.320370 -0.945066 0.064915 1.000000
0.044414 -0.066576 0.784854 0.740685 -0.652976 0.158141 1.000000
0.047379 -0.063833 0.791907 0.244533 -0.925859 0.288078 1.000000
0.044116 -0.067027 0.784026 0.630150 -0.776463 -0.003995 1.000000
0.046944 -0.064386 0.787757 0.231470 -0.946823 0.223492 1.000000
0.047806 -0.063578 0.792406 0.191822 -0.937689 0.289732 1.000000
0.045660 -0.064979 0.787209 0.412997 -0.895101 0.168009 1.000000
0.048146 -0.063297 0.793191 -0.171971 0.938935 -0.298040 1.000000
0.046667 -0.065397 0.785034 0.108431 -0.939661 0.324468 1.000000
0.047303 -0.064228 0.788371 0.199070 -0.968312 0.150808 1.000000
0.044465 -0.066662 0.784338 0.677607 -0.731542 0.075457 1.000000
0.044504 -0.066013 0.786163 0.765092 -0.618609 0.178765 1.000000
0.048133 -0.063427 0.792621 0.184524 -0.937951 0.293596 1.000000
0.047311 -0.064596 0.786930 0.109113 -0.934896 0.337732 1.000000
0.044954 -0.065199 0.788336 0.638617 -0.769321 0.017682 1.000000
0.044830 -0.063773 0.794415 -0.510885 0.752672 -0.415310 1.000000
0.047689 -0.064028 0.789151 0.226558 -0.967288 0.114129 1.000000
0.048005 -0.063698 0.791869 0.228464 -0.939915 0.253699 1.000000
0.042456 -0.068362 0.786109 0.098117 -0.897542 -0.429874 1.000000
0.044742 -0.066476 0.783867 -0.566218 0.809522 -0.155148 1.000000
0.045444 -0.065376 0.785776 0.419353 -0.865165 0.275014 1.000000
0.042485 -0.067850 0.785311 0.046781 -0.905957 -0.420778 1.000000
0.044704 -0.065765 0.786202 0.682934 -0.706523 0.185541 1.000000
0.044960 -0.064630 0.792779 0.524155 -0.757607 0.388965 1.000000
0.049176 -0.064062 0.788117 0.056419 -0.961486 0.269003 1.000000
0.047716 -0.064101 0.788666 0.177368 -0.971675 0.156166 1.000000
0.047124 -0.064179 0.789227 0.269817 -0.958765 0.089264 1.000000
0.042336 -0.067661 0.785036 0.065097 -0.964592 -0.255587 1.000000
0.045681 -0.065005 0.790740 0.604689 -0.794875 0.050244 1.000000
0.047034 -0.064239 0.788735 0.267846 -0.958058 0.101897 1.000000
0.045657 -0.065423 0.785348 0.305800 -0.895482 0.323417 1.000000
0.045634 -0.064976 0.790229 0.594998 -0.798536 -0.091201 1.000000
0.045909 -0.065242 0.785727 0.267409 -0.911543 0.312382 1.000000
0.048489 -0.063463 0.792112 0.220761 -0.944498 0.243285 1.000000
0.048242 -0.063722 0.791425 -0.253480 0.951180 -0.176081 1.000000
0.048234 -0.063844 0.790250 0.214478 -0.973173 0.083268 1.000000
0.044984 -0.065587 0.785944 0.590978 -0.776643 0.218108 1.000000
0.048223 -0.063964 0.788932 0.178351 -0.972402 0.150414 1.000000
0.045283 -0.066283 0.783740 -0.431690 0.859045 -0.275109 1.000000
0.047208 -0.064296 0.787906 0.176475 -0.960892 0.213407 1.000000
0.047685 -0.065361 0.784948 0.008264 -0.958816 0.283906 1.000000
0.048247 -0.064257 0.787670 0.076595 -0.954528 0.288113 1.000000
0.042602 -0.067545 0.784699 0.161426 -0.966720 -0.198480 1.000000
0.048562 -0.063589 0.791598 0.263603 -0.946655 0.185357 1.000000
0.047734 -0.063996 0.789397 0.218994 -0.969286 0.111917 1.000000
0.042886 -0.067699 0.785021 0.183899 -0.942027 -0.280652 1.000000
0.048688 -0.063713 0.790577 -0.225658 0.968448 -0.105768 1.000000
0.042697 -0.067602 0.783823 -0.309996 0.949346 -0.051424 1.000000
0.048246 -0.064565 0.786850 0.033502 -0.921404 0.387160 1.000000
0.047319 -0.064382 0.787497 0.148365 -0.949948 0.274930 1.000000
0.048786 -0.063746 0.790014 0.188567 -0.976869 0.100847 1.000000
0.048828 -0.063610 0.791046 0.247653 -0.958479 0.141373 1.000000
0.042241 -0.069736 0.791935 0.989234 -0.145978 -0.010320 1.000000
0.045916 -0.066021 0.783704 -0.314320 0.890586 -0.328725 1.000000
0.048801 -0.063933 0.788671 -0.100806 0.970784 -0.217755 1.000000
0.048897 -0.063814 0.789309 0.141588 -0.979035 0.146435 1.000000
0.048769 -0.064181 0.787771 0.044804 -0.952010 0.302770 1.000000
0.043239 -0.067454 0.783998 -0.386417 0.920790 0.053176 1.000000
0.046676 -0.064309 0.789122 0.330933 -0.941913 0.057289 1.000000
0.045867 -0.065476 0.785022 0.288194 -0.895793 0.338379 1.000000
0.048489 -0.063897 0.789092 -0.159174 0.975589 -0.151294 1.000000
0.043812 -0.067350 0.784769 0.709469 -0.699317 -0.087236 1.000000
0.048244 -0.064140 0.788094 0.086457 -0.966957 0.239833 1.000000
0.046345 -0.063609 0.793216 0.350232 -0.867336 0.353648 1.000000
0.043741 -0.067286 0.783792 0.522616 -0.848474 -0.083459 1.000000
0.043767 -0.067374 0.784295 0.507465 -0.860573 -0.043508 1.000000
0.047333 -0.064083 0.789663 0.269096 -0.959854 0.079174 1.000000
0.046699 -0.063601 0.792820 0.291764 -0.893540 0.341261 1.000000
0.046541 -0.064968 0.786093 0.126096 -0.933991 0.334307 1.000000
0.047555 -0.064081 0.788964 0.217866 -0.968474 0.120799 1.000000
0.045900 -0.065027 0.786523 0.309629 -0.921826 0.233168 1.000000
0.048204 -0.063859 0.789769 0.207882 -0.973606 0.094219 1.000000
0.045807 -0.064398 0.792328 0.520092 -0.775363 0.358212 1.000000
0.045920 -0.063468 0.793942 0.435177 -0.810421 0.392222 1.000000
0.047812 -0.063794 0.791524 0.277260 -0.939719 0.200139 1.000000
0.047755 -0.064146 0.788348 0.154300 -0.973187 0.170585 1.000000
0.043606 -0.067939 0.785741 0.718700 -0.656035 -0.230410 1.000000
0.048562 -0.063823 0.789587 0.174709 -0.976885 0.123175 1.000000
0.043119 -0.068608 0.786435 0.547007 -0.833846 -0.074059 1.000000
0.047655 -0.064300 0.787679 0.119650 -0.956826 0.264893 1.000000
0.041968 -0.067668 0.784709 0.232062 -0.971568 -0.046935 1.000000
0.045294 -0.065025 0.788150 0.500202 -0.858779 0.110885 1.000000
0.043405 -0.068351 0.786384 0.716388 -0.697467 -0.018089 1.000000
0.046522 -0.065751 0.783943 -0.205290 0.917052 -0.341864 1.000000
0.046773 -0.063353 0.793540 -0.282060 0.888879 -0.361021 1.000000
0.048620 -0.064057 0.788317 0.095071 -0.967220 0.235472 1.000000
0.043678 -0.067839 0.785590 0.664939 -0.705059 -0.246470 1.000000
0.046586 -0.064519 0.787667 0.302527 -0.932977 0.195017 1.000000
0.040762 -0.069111 0.783307 0.914576 -0.381515 0.134151 1.000000
0.047204 -0.065398 0.784867 0.061976 -0.960140 0.272563 1.000000
0.044282 -0.066667 0.785228 0.826681 -0.548750 0.124390 1.000000
0.048623 -0.064370 0.787344 0.031600 -0.936219 0.349992 1.000000
0.048461 -0.064660 0.786603 0.013821 -0.918965 0.394097 1.000000
0.041676 -0.068069 0.783080 -0.534718 0.795545 -0.284929 1.000000
0.049132 -0.064188 0.787769 -0.034862 0.949358 -0.312256 1.000000
0.048339 -0.064916 0.786051 0.013045 -0.919870 0.392007 1.000000
0.044166 -0.067081 0.784508 0.687219 -0.726354 -0.011879 1.000000
0.048842 -0.064546 0.786925 0.011066 -0.921112 0.389141 1.000000
0.048864 -0.064819 0.786288 -0.006105 -0.912785 0.408394 1.000000
0.042201 -0.068019 0.785657 0.048333 -0.876090 -0.479720 1.000000
0.049552 -0.064372 0.787232 -0.002660 -0.926677 0.375850 1.000000
0.048024 -0.063977 0.789058 0.184043 -0.972541 0.142449 1.000000
0.044924 -0.066129 0.784762 0.593438 -0.752366 0.285967 1.000000
0.049182 -0.065091 0.785691 -0.030544 -0.908511 0.416743 1.000000
0.046162 -0.064576 0.790195 0.518318 -0.853383 -0.055522 1.000000
0.048876 -0.065513 0.784721 -0.075306 -0.942868 0.324545 1.000000
0.043078 -0.068373 0.786137 0.455437 -0.851084 -0.261215 1.000000
0.043009 -0.067542 0.792884 0.898266 -0.332645 0.287167 1.000000
0.043485 -0.067703 0.785180 0.461139 -0.829764 -0.314392 1.000000
0.049212 -0.065624 0.784400 -0.084528 -0.936980 0.339005 1.000000
0.049680 -0.065291 0.785356 -0.054265 -0.916685 0.395908 1.000000
0.045492 -0.066023 0.784116 0.373080 -0.857711 0.353755 1.000000
0.044112 -0.066983 0.784756 0.743738 -0.667723 0.031608 1.000000
0.049598 -0.065762 0.784102 -0.082769 -0.934312 0.346713 1.000000
0.049885 -0.065622 0.784594 -0.078285 -0.929174 0.361258 1.000000
0.046908 -0.065598 0.783856 -0.141644 0.945562 -0.292999 1.000000
0.050123 -0.065424 0.785058 -0.067637 -0.922283 0.380551 1.000000
0.048394 -0.064770 0.786350 0.008767 -0.916118 0.400812 1.000000
0.047291 -0.065501 0.784331 -0.056593 0.967748 -0.245482 1.000000
0.049242 -0.064238 0.787562 0.008038 -0.940725 0.339074 1.000000
0.045947 -0.064555 0.791556 0.545315 -0.795966 0.262809 1.000000
0.050490 -0.065804 0.784278 -0.082290 -0.925380 0.370001 1.000000
0.048259 -0.064017 0.788685 0.143430 -0.971546 0.188483 1.000000
0.047995 -0.065506 0.784263 0.021287 0.963743 -0.265981 1.000000
0.047673 -0.064217 0.788010 0.128246 -0.966895 0.220605 1.000000
0.047529 -0.064844 0.786312 0.057470 -0.924505 0.376812 1.000000
0.041086 -0.068112 0.785081 0.579061 -0.815237 -0.008750 1.000000
0.045947 -0.065633 0.784661 0.296220 -0.890504 0.345336 1.000000
0.047254 -0.065520 0.783961 -0.100301 0.951836 -0.289737 1.000000
0.046320 -0.064456 0.790734 0.523525 -0.848276 0.079679 1.000000
0.042054 -0.068397 0.786182 0.089219 -0.844763 -0.527651 1.000000
0.048126 -0.063339 0.792944 -0.172961 0.940774 -0.291597 1.000000
0.043962 -0.064483 0.794530 0.661372 -0.629348 0.408055 1.000000
0.046398 -0.065573 0.784589 0.183750 -0.930950 0.315545 1.000000
0.048003 -0.065251 0.785334 0.011063 -0.941182 0.337718 1.000000
0.048943 -0.063829 0.789035 -0.115069 0.977149 -0.178714 1.000000
0.043013 -0.068034 0.785336 0.254301 -0.831413 -0.494048 1.000000
0.048512 -0.065402 0.784880 -0.066935 -0.945016 0.320102 1.000000
0.049052 -0.064339 0.787337 0.010874 -0.934878 0.354803 1.000000
0.044122 -0.066452 0.786703 0.889927 -0.441415 0.114813 1.000000
0.043432 -0.068067 0.785431 0.462897 -0.786469 -0.408892 1.000000
0.043859 -0.067460 0.785486 0.789415 -0.604393 -0.107392 1.000000
0.043233 -0.068212 0.790634 0.908826 -0.406879 0.092118 1.000000
0.047688 -0.065577 0.784040 -0.022520 0.967156 -0.253183 1.000000
0.049625 -0.064823 0.786295 -0.024418 -0.908219 0.417783 1.000000
0.046097 -0.065055 0.786114 0.242253 -0.932390 0.268258 1.000000
0.044518 -0.065678 0.787747 0.799462 -0.600641 0.009480 1.000000
0.049838 -0.064983 0.785957 -0.031259 -0.906623 0.420782 1.000000
0.044097 -0.066949 0.783663 0.572096 -0.820151 -0.007697 1.000000
0.042729 -0.068138 0.785702 0.126657 -0.862847 -0.489340 1.000000
0.046546 -0.064300 0.790432 0.487363 -0.871619 0.052511 1.000000
0.046011 -0.064547 0.789113 0.416295 -0.909191 0.008335 1.000000
0.046822 -0.064181 0.790578 0.420577 -0.905697 0.053184 1.000000
0.048843 -0.065009 0.785848 -0.017521 -0.914016 0.405300 1.000000
0.047111 -0.064275 0.788181 0.218432 -0.963156 0.156900 1.000000
0.049339 -0.065372 0.785164 -0.055654 -0.923224 0.380211 1.000000
0.049193 -0.065648 0.784008 0.086219 0.945048 -0.315357 1.000000
0.045194 -0.065339 0.790425 0.600696 -0.798697 -0.035329 1.000000
0.046332 -0.064314 0.791381 0.535618 -0.810662 0.236517 1.000000
0.045832 -0.064668 0.789570 0.498056 -0.860571 -0.106573 1.000000
0.049910 -0.065747 0.784219 -0.083186 -0.930241 0.357396 1.000000
0.046024 -0.063671 0.793392 0.428789 -0.822611 0.373431 1.000000
0.049327 -0.064479 0.787007 -0.001758 -0.919063 0.394107 1.000000
0.046433 -0.063611 0.792965 0.331450 -0.877558 0.346458 1.000000
0.048003 -0.063077 0.793669 -0.172607 0.936334 -0.305753 1.000000
0.049528 -0.065633 0.784505 -0.082769 -0.934312 0.346713 1.000000
0.043450 -0.067473 0.783703 -0.416802 0.908186 0.038387 1.000000
0.048431 -0.063376 0.792406 0.212399 -0.940437 0.265451 1.000000
0.046172 -0.064329 0.791619 0.531553 -0.803286 0.268669 1.000000
0.042442 -0.067764 0.783937 0.278181 -0.956408 0.088874 1.000000
0.044520 -0.066260 0.785479 0.744346 -0.624126 0.237517 1.000000
0.049306 -0.065569 0.784787 -0.074995 -0.933351 0.351042 1.000000
0.049232 -0.064877 0.786173 -0.014556 -0.910651 0.412919 1.000000
0.046849 -0.064336 0.788333 0.288004 -0.948914 0.128906 1.000000
0.049682 -0.065532 0.784941 -0.082482 -0.927450 0.364738 1.000000
0.050189 -0.065766 0.784234 -0.083186 -0.930241 0.357396 1.000000
0.045031 -0.065857 0.785152 0.586957 -0.748119 0.309515 1.000000
0.045010 -0.073590 0.790140 -0.604276 -0.778348 0.170367 1.000000
0.046568 -0.076255 0.784308 0.708773 0.703967 0.045502 1.000000
0.047042 -0.073409 0.796589 0.739428 0.485139 -0.466783 1.000000
0.045434 -0.071656 0.796793 -0.525326 -0.738885 0.421996 1.000000
0.042428 -0.069062 0.797053 0.723912 0.649769 -0.231844 1.000000
0.044123 -0.070429 0.797231 0.571039 0.695215 -0.436567 1.000000
0.041767 -0.068342 0.796598 0.936539 0.350165 -0.016691 1.000000
0.041695 -0.067842 0.796364 0.997347 0.037613 0.062328 1.000000
0.043428 -0.069994 0.796809 -0.646241 -0.671665 0.362270 1.000000
0.042039 -0.068818 0.796734 0.828825 0.548670 -0.109594 1.000000
0.041694 -0.067333 0.796151 0.976754 -0.095942 0.191693 1.000000
0.048470 -0.078181 0.793242 0.852415 0.477456 -0.213128 1.000000
0.041789 -0.067992 0.795924 0.986840 0.058725 0.150661 1.000000
0.047205 -0.074619 0.795643 0.846884 0.430938 -0.311577 1.000000
0.043197 -0.070312 0.796073 0.719060 0.627182 -0.299324 1.000000
0.043160 -0.070384 0.795569 0.755402 0.608680 -0.242644 1.000000
0.042660 -0.065905 0.795209 0.808778 -0.457890 0.369074 1.000000
0.042890 -0.065543 0.795201 0.792584 -0.467741 0.391189 1.000000
0.041970 -0.066706 0.796118 0.932482 -0.210370 0.293635 1.000000
0.043272 -0.065011 0.795065 0.771915 -0.507081 0.383427 1.000000
0.042852 -0.066028 0.794815 0.788718 -0.455372 0.412989 1.000000
0.043222 -0.065418 0.794698 0.787897 -0.475868 0.390855 1.000000
0.044289 -0.064164 0.794494 -0.584712 0.690530 -0.425770 1.000000
0.043922 -0.070184 0.797377 0.580813 0.692637 -0.427680 1.000000
0.042553 -0.066433 0.794791 0.817448 -0.402846 0.411697 1.000000
0.045219 -0.063701 0.794307 -0.486342 0.765707 -0.420908 1.000000
0.045531 -0.063684 0.794068 -0.469090 0.778866 -0.416321 1.000000
0.043716 -0.064868 0.794189 0.717662 -0.562815 0.410122 1.000000
0.044335 -0.064376 0.794091 0.597503 -0.682723 0.420571 1.000000
0.045685 -0.063854 0.793524 0.475196 -0.788271 0.390919 1.000000
0.047299 -0.063226 0.793579 -0.177960 0.927465 -0.328843 1.000000
0.046588 -0.073870 0.795132 0.810468 0.511065 -0.286277 1.000000
0.046638 -0.073106 0.796292 0.732057 0.547876 -0.404876 1.000000
0.047037 -0.076041 0.789589 0.872723 0.463422 -0.153604 1.000000
0.044673 -0.071444 0.796202 -0.525162 -0.753405 0.395709 1.000000
0.044847 -0.073702 0.789323 -0.598613 -0.760494 0.251619 1.000000
0.042468 -0.069439 0.796173 0.737048 0.644574 -0.203185 1.000000
0.042681 -0.070375 0.793500 0.838277 0.506638 -0.201516 1.000000
0.042315 -0.070165 0.792994 0.914962 0.357575 -0.187041 1.000000
0.044390 -0.073509 0.788807 -0.623268 -0.739379 0.254665 1.000000
0.042300 -0.070363 0.792508 0.913114 0.348892 -0.210943 1.000000
0.043830 -0.073477 0.787361 -0.612838 -0.765622 0.195585 1.000000
0.042196 -0.070133 0.792042 0.992741 0.079637 -0.090132 1.000000
0.042167 -0.069157 0.794297 0.989281 0.140960 0.038124 1.000000
0.041929 -0.071277 0.788145 0.973607 0.217288 -0.069818 1.000000
0.042306 -0.068436 0.793918 0.948234 -0.209890 0.238325 1.000000
0.042369 -0.068501 0.793578 0.933260 -0.270760 0.236038 1.000000
0.042053 -0.069953 0.787733 0.838714 -0.229397 -0.493898 1.000000
0.042427 -0.066831 0.794632 0.842330 -0.319145 0.434311 1.000000
0.040449 -0.070020 0.783938 0.988447 -0.146496 0.038880 1.000000
0.043042 -0.069500 0.797357 0.640654 0.674509 -0.366878 1.000000
0.041949 -0.070484 0.789320 0.948978 -0.307042 0.071875 1.000000
0.042593 -0.066661 0.794512 0.812395 -0.377005 0.444839 1.000000
0.042097 -0.070139 0.789592 0.871023 -0.487235 0.062621 1.000000
0.042354 -0.069888 0.790349 0.896173 -0.440696 0.051596 1.000000
0.042413 -0.068977 0.792764 0.931097 -0.318786 0.177297 1.000000
0.042545 -0.069849 0.788443 0.826611 -0.520290 -0.214503 1.000000
0.042453 -0.069266 0.791382 0.903909 -0.396209 0.161145 1.000000
0.042492 -0.068934 0.792228 0.900471 -0.415600 0.128178 1.000000
0.040784 -0.069090 0.783122 0.893224 -0.408456 0.187925 1.000000
0.042024 -0.067247 0.795301 0.930030 -0.193373 0.312492 1.000000
0.042984 -0.069067 0.788902 0.918877 -0.390548 -0.056016 1.000000
0.042014 -0.066850 0.795728 0.919447 -0.246200 0.306599 1.000000
0.042098 -0.067059 0.795102 0.903609 -0.232607 0.359700 1.000000
0.042861 -0.066863 0.793813 0.853473 -0.349972 0.386138 1.000000
0.043411 -0.067614 0.790660 0.887050 -0.449928 0.103477 1.000000
0.042677 -0.070006 0.794872 0.798292 0.573524 -0.183846 1.000000
0.043287 -0.070829 0.795170 0.744849 0.620527 -0.245248 1.000000
0.040447 -0.070224 0.784500 0.990223 0.090194 0.106416 1.000000
0.040849 -0.068450 0.784929 0.716667 -0.682851 0.141789 1.000000
0.041230 -0.067939 0.784967 0.490260 -0.869040 -0.066449 1.000000
0.041174 -0.067992 0.785235 0.522440 -0.851015 -0.053202 1.000000
0.043871 -0.067003 0.787022 0.905942 -0.412368 0.096029 1.000000
0.044461 -0.065798 0.787148 0.766094 -0.633508 0.108482 1.000000
0.044857 -0.065841 0.785476 0.647626 -0.713036 0.268626 1.000000
0.044984 -0.065503 0.786423 0.572073 -0.800641 0.178063 1.000000
0.045313 -0.065557 0.785420 0.463668 -0.834233 0.298441 1.000000
0.046864 -0.064649 0.787019 0.189946 -0.938222 0.289240 1.000000
0.049040 -0.077867 0.795200 0.790123 0.514860 -0.332603 1.000000
0.048152 -0.077579 0.793465 0.875237 0.429215 -0.223015 1.000000
0.048271 -0.076211 0.795949 0.783935 0.500854 -0.366867 1.000000
0.047949 -0.076400 0.795109 0.820393 0.492652 -0.290259 1.000000
0.047969 -0.076596 0.794773 0.825306 0.502792 -0.257042 1.000000
0.048448 -0.078420 0.792324 0.877803 0.459121 -0.136640 1.000000
0.048283 -0.076593 0.795572 0.791419 0.507075 -0.341368 1.000000
0.048023 -0.075343 0.796593 0.775037 0.449658 -0.443988 1.000000
0.047618 -0.077033 0.790902 0.912589 0.403551 -0.065793 1.000000
0.046737 -0.074911 0.793784 0.814089 0.535861 -0.223858 1.000000
0.047457 -0.076439 0.791756 0.892346 0.436110 -0.116300 1.000000
0.046522 -0.074441 0.793970 0.813033 0.512198 -0.276822 1.000000
0.046180 -0.072858 0.795817 0.702577 0.608381 -0.369131 1.000000
0.046443 -0.072495 0.796895 0.656485 0.594349 -0.464518 1.000000
0.045359 -0.073253 0.793369 0.705900 0.668306 -0.234675 1.000000
0.046278 -0.074688 0.790524 0.754633 0.655066 -0.037650 1.000000
0.046786 -0.072894 0.796922 0.676174 0.548287 -0.492108 1.000000
0.045591 -0.075010 0.787289 -0.668186 -0.726102 0.162182 1.000000
0.045808 -0.071988 0.796666 -0.567036 -0.701581 0.431572 1.000000
0.045052 -0.074486 0.787472 -0.671348 -0.724805 0.154758 1.000000
0.044864 -0.074516 0.786299 -0.658876 -0.745375 0.101483 1.000000
0.044752 -0.073985 0.788304 -0.653989 -0.717649 0.239328 1.000000
0.046100 -0.075485 0.782752 0.692954 0.711593 0.115976 1.000000
0.044470 -0.074276 0.785795 -0.625859 -0.778238 0.051434 1.000000
0.044065 -0.073670 0.787096 -0.614429 -0.767628 0.182278 1.000000
0.043055 -0.070008 0.796313 0.692505 0.653986 -0.304531 1.000000
0.042996 -0.070334 0.795308 0.773772 0.589667 -0.231450 1.000000
0.042990 -0.070142 0.795788 0.749527 0.625350 -0.217134 1.000000
0.042796 -0.070215 0.794892 0.780259 0.586251 -0.217958 1.000000
0.042723 -0.069653 0.796307 0.702735 0.661036 -0.263049 1.000000
0.042635 -0.069880 0.795299 0.762117 0.617104 -0.195855 1.000000
0.042881 -0.070737 0.793494 0.800090 0.570313 -0.186011 1.000000
0.042478 -0.069345 0.796363 0.716674 0.660998 -0.222396 1.000000
0.042690 -0.069340 0.796923 0.674914 0.688599 -0.265184 1.000000
0.042541 -0.069665 0.795637 0.772540 0.610822 -0.173433 1.000000
0.042749 -0.070836 0.792866 0.793094 0.556237 -0.248198 1.000000
0.042269 -0.069019 0.796770 0.755616 0.622702 -0.203188 1.000000
0.042725 -0.071496 0.791100 0.721226 0.653995 -0.228308 1.000000
0.042713 -0.070984 0.792504 0.770074 0.590824 -0.240650 1.000000
0.042418 -0.069452 0.795962 0.781923 0.600331 -0.167923 1.000000
0.042518 -0.070473 0.792914 0.851535 0.475012 -0.221928 1.000000
0.042641 -0.071062 0.791930 0.779876 0.588324 -0.213703 1.000000
0.043189 -0.073219 0.785441 -0.660506 -0.750677 -0.014663 1.000000
0.042446 -0.070629 0.792497 0.851621 0.464953 -0.241992 1.000000
0.042970 -0.071725 0.791050 -0.641560 -0.738755 0.206497 1.000000
0.043232 -0.073204 0.784703 -0.633998 -0.771365 -0.055157 1.000000
0.042542 -0.072619 0.786761 0.700371 0.699558 -0.141771 1.000000
0.042290 -0.070765 0.791670 0.870312 0.460798 -0.173845 1.000000
0.042273 -0.070815 0.791279 0.912928 0.374938 -0.161198 1.000000
0.041876 -0.068566 0.796852 0.895754 0.437624 -0.078168 1.000000
0.040943 -0.071793 0.783553 -0.691908 -0.708620 0.138279 1.000000
0.042574 -0.070914 0.792227 0.793785 0.560871 -0.235220 1.000000
0.043331 -0.073189 0.783034 -0.549721 -0.835304 -0.008623 1.000000
0.041098 -0.071893 0.782923 0.681297 0.729299 -0.062900 1.000000
0.044620 -0.074422 0.784773 -0.636258 -0.771166 -0.021889 1.000000
0.043555 -0.072574 0.789682 -0.601921 -0.766407 0.224303 1.000000
0.042944 -0.072928 0.783915 -0.557525 -0.830079 0.011643 1.000000
0.042899 -0.072972 0.783495 -0.513411 -0.857720 0.026950 1.000000
0.042575 -0.071435 0.790708 0.729784 0.637853 -0.246088 1.000000
0.042071 -0.071781 0.787152 0.826045 0.517009 -0.224392 1.000000
0.042065 -0.071694 0.787413 0.856515 0.491161 -0.158564 1.000000
0.042182 -0.072587 0.783463 -0.511256 -0.846588 0.148007 1.000000
0.040578 -0.071196 0.783895 0.906284 0.411950 -0.094583 1.000000
0.045230 -0.074909 0.784344 -0.662116 -0.747304 -0.056034 1.000000
0.041916 -0.068283 0.795258 0.976426 0.074491 0.202593 1.000000
0.042196 -0.068625 0.794225 0.972497 -0.111482 0.204503 1.000000
0.042733 -0.069966 0.795491 0.758571 0.625472 -0.182633 1.000000
0.042190 -0.072420 0.784732 -0.608162 -0.792213 0.050373 1.000000
0.042273 -0.072476 0.784348 -0.593910 -0.798197 0.100761 1.000000
0.042921 -0.072948 0.786513 -0.645230 -0.757560 0.098899 1.000000
0.041758 -0.067657 0.795928 0.981224 -0.041906 0.188261 1.000000
0.044585 -0.074366 0.784181 -0.659924 -0.746774 -0.082643 1.000000
0.043055 -0.073116 0.785429 -0.654304 -0.756169 -0.009750 1.000000
0.043106 -0.071058 0.793655 0.762241 0.620243 -0.185168 1.000000
0.040366 -0.070642 0.785546 0.876500 0.461223 -0.137913 1.000000
0.044240 -0.074057 0.784234 -0.671009 -0.735414 -0.094406 1.000000
0.040773 -0.070363 0.786527 0.702356 0.375145 -0.604949 1.000000
0.040069 -0.069400 0.785491 0.989640 -0.080329 0.118995 1.000000
0.042463 -0.071206 0.791060 0.828745 0.525043 -0.193680 1.000000
0.041857 -0.072148 0.784929 -0.602708 -0.796521 0.047920 1.000000
0.041304 -0.071012 0.786344 0.705937 0.524066 -0.476454 1.000000
0.040393 -0.070333 0.783690 0.999767 0.010837 0.018669 1.000000
0.044901 -0.074641 0.784724 -0.640512 -0.767675 -0.020506 1.000000
0.043344 -0.073217 0.784187 -0.602998 -0.796623 -0.042247 1.000000
0.042682 -0.072759 0.785007 -0.625247 -0.780426 0.001386 1.000000
0.043395 -0.073271 0.784315 0.618606 0.784566 0.042220 1.000000
0.045199 -0.064265 0.793243 0.476414 -0.778893 0.407868 1.000000
0.047302 -0.064006 0.790590 0.300881 -0.951141 0.069292 1.000000
0.047826 -0.063937 0.789755 0.219991 -0.971038 0.093221 1.000000
0.047430 -0.064085 0.789247 0.234990 -0.965795 0.109635 1.000000
0.043239 -0.066642 0.793084 0.860518 -0.399721 0.315803 1.000000
0.044709 -0.065629 0.789564 0.782283 -0.619313 -0.066962 1.000000
0.047643 -0.064634 0.786814 0.074118 -0.927605 0.366136 1.000000
0.044768 -0.065395 0.787735 0.667298 -0.740591 0.078981 1.000000
0.045382 -0.065158 0.786935 0.466766 -0.868765 0.165462 1.000000
0.048083 -0.065377 0.784904 -0.025299 -0.951791 0.305703 1.000000
0.044964 -0.065534 0.786151 0.583606 -0.787323 0.198814 1.000000
0.049455 -0.065039 0.785827 -0.036048 -0.908303 0.416756 1.000000
0.043160 -0.070384 0.795569 0.755402 0.608680 -0.242644 1.000000
0.047124 -0.064179 0.789227 0.269817 -0.958765 0.089264 1.000000
0.044584 -0.066021 0.785826 0.718188 -0.660476 0.219039 1.000000
0.042921 -0.072948 0.786513 -0.645230 -0.757560 0.098899 1.000000
0.047333 -0.064083 0.789663 0.269096 -0.959854 0.079174 1.000000
0.047712 -0.073168 0.797634 0.680681 0.492046 -0.542738 1.000000
0.041767 -0.068342 0.796598 0.936539 0.350165 -0.016691 1.000000
0.044470 -0.074276 0.785795 -0.625859 -0.778238 0.051434 1.000000
0.044584 -0.066021 0.785826 0.718188 -0.660476 0.219039 1.000000
0.045933 -0.074266 0.790690 0.715578 0.695715 -0.062684 1.000000
0.040937 -0.068246 0.785444 0.552425 -0.826521 -0.108119 1.000000
0.047856 -0.077438 0.791735 0.911305 0.393735 -0.120396 1.000000
0.048510 -0.077751 0.794182 0.824171 0.472593 -0.312088 1.000000
0.046693 -0.071938 0.797783 -0.590258 -0.623555 0.512616 1.000000
0.044088 -0.073979 0.785681 -0.626755 -0.778494 0.033549 1.000000
0.041302 -0.068117 0.785733 0.329645 -0.876632 -0.350500 1.000000
0.046667 -0.065397 0.785034 0.108431 -0.939661 0.324468 1.000000
0.044960 -0.064630 0.792779 0.524155 -0.757607 0.388965 1.000000
0.047834 -0.076053 0.795246 0.834561 0.473121 -0.282248 1.000000
0.043542 -0.067218 0.791736 0.872146 -0.406054 0.272913 1.000000
0.048247 -0.064257 0.787670 0.076595 -0.954528 0.288113 1.000000
0.046615 -0.073561 0.795715 0.779165 0.507427 -0.367995 1.000000
0.048406 -0.063298 0.792952 -0.172961 0.940774 -0.291597 1.000000
0.044642 -0.074360 0.786295 -0.644618 -0.757882 0.100409 1.000000
0.044827 -0.074533 0.785910 -0.652165 -0.756502 0.048836 1.000000
0.045900 -0.065027 0.786523 0.309629 -0.921826 0.233168 1.000000
0.045877 -0.075527 0.784340 0.716270 0.695613 0.055497 1.000000
0.047213 -0.076888 0.787479 0.829868 0.552349 -0.078930 1.000000
0.041231 -0.071472 0.785665 0.691815 0.674287 -0.258320 1.000000
0.045287 -0.074755 0.782979 0.662378 0.740956 0.110635 1.000000
0.046345 -0.063609 0.793216 0.350232 -0.867336 0.353648 1.000000
0.046433 -0.063611 0.792965 0.331450 -0.877558 0.346458 1.000000
0.043145 -0.070855 0.794400 0.763581 0.615106 -0.196440 1.000000
0.043686 -0.070796 0.796078 -0.643463 -0.680440 0.350653 1.000000
0.047753 -0.075532 0.795881 0.807490 0.485998 -0.334313 1.000000
0.042296 -0.072471 0.785013 -0.624036 -0.781141 0.019966 1.000000
0.046263 -0.074832 0.789798 0.730356 0.656613 -0.188251 1.000000
0.046352 -0.075569 0.788304 0.721091 0.664341 -0.196669 1.000000
0.044857 -0.065841 0.785476 0.647626 -0.713036 0.268626 1.000000
0.041942 -0.071431 0.788407 0.954944 0.294553 -0.036343 1.000000
0.045227 -0.064968 0.789005 0.591140 -0.805652 -0.038460 1.000000
0.046675 -0.074585 0.794143 0.817658 0.501660 -0.282442 1.000000
0.042829 -0.069442 0.788704 0.880294 -0.453381 -0.139746 1.000000
0.046864 -0.064649 0.787019 0.189946 -0.938222 0.289240 1.000000
0.044945 -0.073035 0.791883 -0.667766 -0.729259 0.149230 1.000000
0.042725 -0.071496 0.791100 0.721226 0.653995 -0.228308 1.000000
0.047550 -0.076603 0.792103 0.887411 0.437865 -0.144138 1.000000
0.043487 -0.067707 0.789829 0.881542 -0.468781 0.055924 1.000000
0.041968 -0.071438 0.787324 0.902169 0.376677 -0.210252 1.000000
0.042807 -0.070563 0.793188 0.796163 0.553062 -0.245454 1.000000
0.047385 -0.076009 0.793031 0.841985 0.515595 -0.158821 1.000000
0.043958 -0.071683 0.794686 -0.623858 -0.739705 0.252265 1.000000
0.042677 -0.070006 0.794872 0.798292 0.573524 -0.183846 1.000000
0.043747 -0.073670 0.784961 -0.655848 -0.752280 -0.062759 1.000000
0.044295 -0.073708 0.787821 -0.632790 -0.749500 0.194489 1.000000
0.041791 -0.071033 0.787178 0.888365 0.315373 -0.333688 1.000000
0.048098 -0.076961 0.794172 0.838125 0.476576 -0.265372 1.000000
0.044027 -0.064647 0.794086 0.639503 -0.630515 0.439871 1.000000
0.040260 -0.070236 0.785294 0.953142 0.300499 0.034932 1.000000
0.043952 -0.066891 0.787630 0.894669 -0.446386 -0.017526 1.000000
0.044013 -0.066699 0.790258 0.889207 -0.450635 0.078987 1.000000
0.044220 -0.066777 0.783471 -0.601207 0.799092 0.001305 1.000000
0.043356 -0.068035 0.789450 0.912877 -0.406724 0.035094 1.000000
0.047741 -0.076355 0.794334 0.880150 0.441387 -0.174679 1.000000
0.043056 -0.068425 0.787213 0.715078 -0.695860 -0.066651 1.000000
0.041211 -0.068942 0.786753 -0.420973 0.504845 0.753600 1.000000
0.042990 -0.070142 0.795788 0.749527 0.625350 -0.217134 1.000000
0.040506 -0.069780 0.783408 0.972453 -0.205024 0.110904 1.000000
0.044189 -0.066157 0.791367 0.811042 -0.537995 0.229721 1.000000
0.042593 -0.066661 0.794512 0.812395 -0.377005 0.444839 1.000000
0.042423 -0.069014 0.793002 0.950888 -0.257332 0.172025 1.000000
0.047253 -0.076250 0.790999 0.892736 0.447257 -0.054625 1.000000
0.044084 -0.073961 0.784796 -0.659897 -0.748999 -0.059472 1.000000
0.044177 -0.065053 0.793256 0.656472 -0.645727 0.389976 1.000000
0.041944 -0.072430 0.783611 -0.525884 -0.834427 0.164858 1.000000
0.042491 -0.069751 0.795050 0.836552 0.532194 -0.130191 1.000000
0.041916 -0.068625 0.795463 0.961781 0.265591 0.066626 1.000000
0.043596 -0.066425 0.792423 0.840653 -0.440799 0.314641 1.000000
0.048757 -0.078379 0.793938 0.813727 0.494595 -0.305325 1.000000
