-0.040768 0.023141 0.703310 0.779165 -0.185566 -0.598721 2.000000
-0.043419 0.024735 0.697459 0.609060 -0.770701 -0.187261 2.000000
-0.041339 0.015115 0.696077 0.877192 0.300015 -0.374868 2.000000
-0.039988 0.016751 0.700399 0.852963 0.391024 -0.345767 2.000000
-0.045427 0.023638 0.692905 0.938097 0.204867 -0.279289 2.000000
-0.044025 0.018050 0.690034 0.928629 0.283407 -0.239434 2.000000
-0.046718 0.024336 0.687904 0.988904 -0.056344 0.137455 2.000000
-0.044821 0.019500 0.688604 0.931088 0.345328 -0.117574 2.000000
-0.043964 0.017371 0.689588 0.948613 0.234720 -0.212226 2.000000
-0.045286 0.024515 0.693902 0.958560 -0.133905 -0.251461 2.000000
-0.041339 0.017253 0.697771 0.859515 0.389575 -0.330855 2.000000
-0.041094 0.019147 0.700555 0.833774 0.290818 -0.469303 2.000000
-0.044276 0.019155 0.690710 0.898110 0.378149 -0.224501 2.000000
-0.045152 0.020498 0.688846 0.919632 0.347946 -0.182238 2.000000
-0.043441 0.024347 0.698406 0.854334 -0.393267 -0.339787 2.000000
-0.040270 0.013206 0.697124 0.909663 0.219621 -0.352533 2.000000
-0.041843 0.017781 0.697149 0.841014 0.400180 -0.364075 2.000000
-0.034618 0.016411 0.693998 0.513543 0.841460 0.167983 2.000000
-0.044258 0.018916 0.690455 0.897097 0.378629 -0.227723 2.000000
-0.041313 0.016864 0.697250 0.857872 0.369030 -0.357592 2.000000
-0.043069 0.018218 0.694045 0.867880 0.458394 -0.191463 2.000000
-0.040383 0.012428 0.696935 0.883258 0.140990 -0.447188 2.000000
-0.043319 0.015224 0.689253 0.920211 0.256495 -0.295672 2.000000
-0.043449 0.010974 0.689825 0.898010 -0.178871 -0.401973 2.000000
-0.040618 0.017978 0.700932 0.858009 0.382931 -0.342324 2.000000
-0.033785 0.014212 0.695969 0.876735 0.450805 0.167662 2.000000
-0.046331 0.023673 0.689544 0.923843 0.281383 -0.259493 2.000000
-0.043572 0.019623 0.694891 0.886343 0.387711 -0.253134 2.000000
-0.040460 0.010901 0.695878 0.935159 0.046373 -0.351179 2.000000
-0.041277 0.018331 0.699119 0.872047 0.432530 -0.229024 2.000000
-0.041238 0.010457 0.694274 0.892461 -0.159909 -0.421832 2.000000
-0.044254 0.021442 0.694860 0.927686 0.219236 -0.302215 2.000000
-0.045618 0.023095 0.690762 0.910240 0.377906 -0.169264 2.000000
-0.040517 0.016407 0.699287 0.875197 0.333870 -0.350088 2.000000
-0.042221 0.014067 0.692088 0.942267 0.253485 -0.218811 2.000000
-0.045721 0.024455 0.692413 0.953627 -0.096403 -0.285136 2.000000
-0.045677 0.024747 0.692007 0.935502 -0.265008 -0.233682 2.000000
-0.042769 0.013700 0.690213 0.943769 0.098926 -0.315459 2.000000
-0.044232 0.020206 0.693383 0.927342 0.350734 -0.130473 2.000000
-0.045257 0.024947 0.692625 0.772403 -0.584585 -0.248301 2.000000
-0.044881 0.022262 0.693375 0.929446 0.301795 -0.212251 2.000000
-0.042373 0.020646 0.699152 0.889811 0.280437 -0.359989 2.000000
-0.042779 0.015353 0.691764 0.907703 0.322032 -0.269019 2.000000
-0.045015 0.021961 0.692004 0.924726 0.325794 -0.196824 2.000000
-0.043762 0.023281 0.697523 0.936471 0.149596 -0.317242 2.000000
-0.037474 0.015999 0.693635 -0.366331 -0.880971 0.299484 2.000000
-0.045401 0.024186 0.693311 0.967058 -0.005278 -0.254500 2.000000
-0.042287 0.013912 0.691768 0.940622 0.228042 -0.251450 2.000000
-0.042369 0.020956 0.699631 0.895775 0.254488 -0.364450 2.000000
-0.040470 0.017002 0.699964 0.855714 0.371956 -0.359725 2.000000
-0.043257 0.014894 0.689478 0.931796 0.227195 -0.283089 2.000000
-0.044544 0.018853 0.688756 0.930975 0.344992 -0.119437 2.000000
-0.044180 0.019484 0.691579 0.886951 0.406558 -0.219155 2.000000
-0.041618 0.018642 0.698799 0.838860 0.466438 -0.280622 2.000000
-0.043290 0.022684 0.698522 0.906611 0.200292 -0.371402 2.000000
-0.045089 0.021694 0.691350 0.941901 0.261774 -0.210470 2.000000
-0.044631 0.019152 0.689157 0.928177 0.347844 -0.132258 2.000000
-0.040935 0.023811 0.697592 -0.565922 -0.809114 0.158325 2.000000
-0.042189 0.018972 0.697579 0.796341 0.499448 -0.341164 2.000000
-0.045115 0.023827 0.693963 0.933587 0.181488 -0.308995 2.000000
-0.044044 0.025137 0.690467 -0.378154 -0.882287 0.280302 2.000000
-0.044494 0.018679 0.688511 0.934801 0.330651 -0.129683 2.000000
-0.043536 0.024868 0.696324 0.320404 -0.937788 -0.133775 2.000000
-0.039938 0.016370 0.700545 0.847061 0.382059 -0.369484 2.000000
-0.043664 0.018523 0.691899 0.926466 0.348688 -0.141691 2.000000
-0.043484 0.023214 0.698333 0.924870 0.132556 -0.356432 2.000000
-0.042463 0.016015 0.693441 0.914399 0.210435 -0.345821 2.000000
-0.043477 0.010154 0.690067 0.893360 -0.164812 -0.418024 2.000000
-0.042630 0.015658 0.692520 0.932710 0.262891 -0.246863 2.000000
-0.044969 0.024849 0.688023 0.197313 0.936102 -0.291172 2.000000
-0.042115 0.023952 0.700823 0.675427 -0.520205 -0.522671 2.000000
-0.045919 0.022403 0.688227 0.938047 0.339671 -0.068494 2.000000
-0.034798 0.015942 0.696572 -0.120610 -0.907388 -0.402618 2.000000
-0.040967 0.022015 0.702772 0.845533 0.253685 -0.469806 2.000000
-0.044358 0.019452 0.690916 0.902944 0.371855 -0.215444 2.000000
-0.044707 0.023376 0.694910 0.932235 0.199846 -0.301662 2.000000
-0.042219 0.013376 0.691354 0.940713 0.100842 -0.323868 2.000000
-0.043095 0.022940 0.699053 0.894654 0.155622 -0.418778 2.000000
-0.040592 0.019874 0.702358 0.912847 0.232655 -0.335532 2.000000
-0.041058 0.011887 0.694587 0.941273 0.062461 -0.331818 2.000000
-0.040251 0.013783 0.697998 0.862126 0.297825 -0.409926 2.000000
-0.039952 0.015237 0.699272 0.827463 0.359914 -0.431007 2.000000
-0.042250 0.022815 0.700825 0.893022 0.112152 -0.435814 2.000000
-0.040891 0.016173 0.697618 0.908989 0.284358 -0.304763 2.000000
-0.043591 0.024879 0.695965 0.231959 -0.960674 -0.152646 2.000000
-0.044626 0.025295 0.690872 0.032447 -0.998028 0.053736 2.000000
-0.037095 0.015649 0.693823 -0.042345 0.964048 -0.262331 2.000000
-0.042838 0.016460 0.692526 0.910985 0.276218 -0.306283 2.000000
-0.035445 0.017115 0.691017 -0.448985 0.886673 0.110562 2.000000
-0.042875 0.019639 0.697146 0.792237 0.451052 -0.410991 2.000000
-0.043625 0.018007 0.691371 0.928796 0.284629 -0.237328 2.000000
-0.043093 0.019980 0.697228 0.823086 0.392076 -0.410860 2.000000
-0.045118 0.020355 0.688644 0.920455 0.352161 -0.169544 2.000000
-0.042868 0.020668 0.698182 0.897339 0.279047 -0.341930 2.000000
-0.035798 0.015025 0.697554 -0.098162 -0.863911 -0.493985 2.000000
-0.042741 0.018546 0.696212 0.835462 0.441626 -0.327062 2.000000
-0.046203 0.024921 0.688262 0.669515 -0.739770 -0.067007 2.000000
-0.044305 0.019716 0.691274 0.890416 0.398045 -0.220728 2.000000
-0.041241 0.014327 0.695634 0.882499 0.343997 -0.320720 2.000000
-0.040460 0.022181 0.703725 0.812052 0.081224 -0.577906 2.000000
-0.040735 0.011307 0.695134 0.942162 0.021762 -0.334451 2.000000
-0.042579 0.024744 0.696318 -0.130826 -0.990555 0.041059 2.000000
-0.042924 0.017972 0.694402 0.905383 0.384344 -0.180445 2.000000
-0.043697 0.021173 0.696399 0.939159 0.180587 -0.292179 2.000000
-0.042759 0.020347 0.698252 0.884836 0.320861 -0.337807 2.000000
-0.041545 0.012134 0.692912 0.915543 -0.019178 -0.401762 2.000000
-0.042313 0.023516 0.700753 0.844546 -0.202393 -0.495762 2.000000
-0.044765 0.020207 0.689768 0.927566 0.333364 -0.168786 2.000000
-0.042927 0.015973 0.691880 0.914080 0.297282 -0.275829 2.000000
-0.042577 0.015790 0.692972 0.932407 0.233332 -0.275994 2.000000
-0.043738 0.016133 0.689130 0.910947 0.286735 -0.296578 2.000000
-0.041466 0.012576 0.693004 0.931256 0.102056 -0.349781 2.000000
-0.037383 0.016205 0.690266 -0.016580 0.923456 0.383346 2.000000
-0.044325 0.019920 0.691972 0.899048 0.386742 -0.205290 2.000000
-0.045032 0.023615 0.694066 0.926914 0.211172 -0.310220 2.000000
-0.042350 0.021840 0.700169 0.873265 0.203433 -0.442745 2.000000
-0.044020 0.016922 0.689022 0.947835 0.219845 -0.230818 2.000000
-0.043284 0.023817 0.698884 0.903465 -0.068657 -0.423129 2.000000
-0.041662 0.019159 0.699689 0.846426 0.469799 -0.250703 2.000000
-0.044100 0.017077 0.688379 0.956838 0.203961 -0.207029 2.000000
-0.041259 0.012061 0.693604 0.959652 0.045906 -0.277418 2.000000
-0.042539 0.019424 0.697639 0.810321 0.479160 -0.337322 2.000000
-0.044183 0.019366 0.691399 0.885717 0.404057 -0.228570 2.000000
-0.043408 0.012269 0.689321 0.883020 -0.198220 -0.425423 2.000000
-0.041817 0.010778 0.693030 0.854391 -0.226643 -0.467598 2.000000
-0.041770 0.023659 0.701503 0.755228 -0.408881 -0.512296 2.000000
-0.041331 0.011387 0.693563 0.911738 -0.117308 -0.393665 2.000000
-0.041587 0.019042 0.699246 0.848508 0.467760 -0.247458 2.000000
-0.045963 0.022768 0.689263 0.902980 0.366215 -0.224751 2.000000
-0.040899 0.021178 0.702165 0.870922 0.261590 -0.416011 2.000000
-0.045242 0.021877 0.690912 0.958629 0.242922 -0.148387 2.000000
-0.036612 0.015779 0.694710 -0.088344 0.981742 -0.168460 2.000000
-0.043409 0.020857 0.697005 0.900971 0.233709 -0.365557 2.000000
-0.042705 0.017363 0.694737 0.936118 0.338553 -0.095209 2.000000
-0.041656 0.013125 0.692831 0.897835 0.204035 -0.390207 2.000000
-0.040643 0.018260 0.701125 0.872102 0.332560 -0.358945 2.000000
-0.042788 0.022626 0.699450 0.890133 0.163039 -0.425536 2.000000
-0.043468 0.025349 0.692446 -0.297029 -0.952821 -0.062496 2.000000
-0.034981 0.016904 0.692480 0.064360 0.927674 0.367803 2.000000
-0.041909 0.015736 0.694879 0.876016 0.433430 -0.211503 2.000000
-0.040547 0.021421 0.703240 0.883622 0.211130 -0.417895 2.000000
-0.044787 0.019393 0.688063 0.932535 0.339470 -0.123040 2.000000
-0.044668 0.019148 0.688588 0.933844 0.338962 -0.114192 2.000000
-0.045247 0.022124 0.691242 0.949503 0.262816 -0.171380 2.000000
-0.041565 0.021418 0.701430 0.810409 0.292741 -0.507485 2.000000
-0.044209 0.018712 0.690195 0.911897 0.346422 -0.220080 2.000000
-0.042464 0.016503 0.693598 0.921993 0.283134 -0.264130 2.000000
-0.041924 0.019836 0.700019 0.830955 0.368066 -0.417182 2.000000
-0.043856 0.025380 0.692197 -0.122395 -0.992464 -0.005943 2.000000
-0.042710 0.010264 0.691640 0.859080 -0.172924 -0.481745 2.000000
-0.043669 0.024433 0.697508 0.836253 -0.458497 -0.300768 2.000000
-0.041200 0.010866 0.694135 0.915356 -0.137756 -0.378347 2.000000
-0.041566 0.014948 0.694888 0.932355 0.283384 -0.224515 2.000000
-0.044721 0.022024 0.693492 0.929727 0.306279 -0.204454 2.000000
-0.040902 0.024268 0.700743 -0.214981 0.926822 0.307872 2.000000
-0.042847 0.013347 0.690000 0.928955 -0.047061 -0.367189 2.000000
-0.044642 0.023036 0.694820 0.923326 0.229829 -0.307649 2.000000
-0.042006 0.016221 0.695613 0.836758 0.421046 -0.350080 2.000000
-0.043300 0.023130 0.698864 0.902035 0.131528 -0.411137 2.000000
-0.045166 0.025242 0.690612 0.263415 -0.963287 -0.051878 2.000000
-0.042762 0.023793 0.699871 0.829331 -0.187099 -0.526501 2.000000
-0.042334 0.009868 0.692326 0.857316 -0.167792 -0.486678 2.000000
-0.041921 0.023975 0.701058 0.616341 -0.580365 -0.532260 2.000000
-0.042434 0.011375 0.691558 0.831358 -0.227199 -0.507173 2.000000
-0.045721 0.024762 0.691723 0.905070 -0.338601 -0.257287 2.000000
-0.042959 0.024425 0.699150 0.710426 -0.520439 -0.473750 2.000000
-0.041051 0.018365 0.700200 0.837377 0.418141 -0.352077 2.000000
-0.042199 0.023189 0.701043 0.878427 -0.032779 -0.476751 2.000000
-0.043284 0.012041 0.689667 0.887126 -0.204923 -0.413539 2.000000
-0.044587 0.019073 0.688880 0.930875 0.347891 -0.111555 2.000000
-0.043994 0.023497 0.697030 0.940108 0.115552 -0.320695 2.000000
-0.043709 0.023746 0.697896 0.932916 -0.012237 -0.359887 2.000000
-0.044961 0.020428 0.689591 0.927391 0.331385 -0.173582 2.000000
-0.043844 0.017056 0.689696 0.933137 0.270055 -0.237329 2.000000
-0.044422 0.020883 0.693401 0.943497 0.302021 -0.136369 2.000000
-0.044623 0.024737 0.688506 -0.398135 -0.884333 0.243811 2.000000
-0.043260 0.011813 0.689731 0.893787 -0.205902 -0.398434 2.000000
-0.043702 0.019558 0.694527 0.901126 0.357637 -0.245088 2.000000
-0.043012 0.010710 0.690994 0.868884 -0.185880 -0.458791 2.000000
-0.040703 0.014741 0.696908 0.904403 0.276462 -0.325000 2.000000
-0.035489 0.016303 0.694414 0.420852 -0.903830 0.077298 2.000000
-0.046184 0.024050 0.690292 0.952857 0.144425 -0.266842 2.000000
-0.044836 0.021030 0.691600 0.908724 0.304253 -0.285745 2.000000
-0.042275 0.019577 0.698431 0.807639 0.485648 -0.334462 2.000000
-0.042835 0.023874 0.699675 0.829685 -0.180765 -0.528155 2.000000
-0.044888 0.023720 0.694546 0.928933 0.174033 -0.326795 2.000000
-0.041632 0.014160 0.693442 0.868066 0.362998 -0.338665 2.000000
-0.042316 0.013942 0.691887 0.940646 0.236223 -0.243687 2.000000
-0.043708 0.018026 0.691059 0.919834 0.289949 -0.264263 2.000000
-0.044891 0.019823 0.688953 0.929477 0.342004 -0.138225 2.000000
-0.041633 0.013933 0.693991 0.900360 0.338450 -0.273501 2.000000
-0.042814 0.014204 0.690389 0.933311 0.201869 -0.296952 2.000000
-0.041423 0.013075 0.693667 0.952345 0.153695 -0.263471 2.000000
-0.041299 0.023162 0.702647 0.841470 -0.114537 -0.528025 2.000000
-0.040957 0.015272 0.697080 0.896641 0.236016 -0.374608 2.000000
-0.040905 0.012856 0.695210 0.946257 0.149594 -0.286738 2.000000
-0.041926 0.018635 0.697735 0.831685 0.447978 -0.328050 2.000000
-0.041801 0.015994 0.695808 0.846783 0.356895 -0.394442 2.000000
-0.043372 0.021625 0.697597 0.906267 0.224080 -0.358424 2.000000
-0.044013 0.025267 0.690944 -0.249345 -0.951517 0.180121 2.000000
-0.034548 0.016318 0.694323 0.705042 0.700935 0.107733 2.000000
-0.043704 0.019080 0.692479 0.916191 0.393667 -0.074974 2.000000
-0.045601 0.021714 0.688968 0.911415 0.350726 -0.215207 2.000000
-0.035905 0.015721 0.694036 0.429383 -0.888618 0.161211 2.000000
-0.042207 0.011776 0.691824 0.855273 -0.169328 -0.489730 2.000000
-0.042113 0.009622 0.692872 0.861080 -0.191034 -0.471219 2.000000
-0.035618 0.015789 0.696270 0.089629 -0.924673 -0.370063 2.000000
-0.034186 0.015037 0.695648 0.882954 0.445699 0.147458 2.000000
-0.045852 0.022044 0.688013 0.940750 0.329898 -0.078457 2.000000
-0.041853 0.024721 0.697816 -0.153709 -0.985504 0.071797 2.000000
-0.044361 0.019589 0.691124 0.896411 0.392682 -0.205545 2.000000
-0.045120 0.022199 0.691791 0.934554 0.308932 -0.176549 2.000000
-0.040217 0.017233 0.700760 0.851328 0.417003 -0.318353 2.000000
-0.041051 0.014695 0.696378 0.860901 0.345854 -0.373141 2.000000
-0.042716 0.019754 0.697587 0.827858 0.430085 -0.360110 2.000000
-0.041101 0.017446 0.698452 0.884038 0.348078 -0.311960 2.000000
-0.044470 0.020892 0.692448 0.931700 0.330023 -0.151721 2.000000
-0.034495 0.015666 0.696319 0.687390 0.667625 0.285957 2.000000
-0.041404 0.022830 0.702385 0.861780 0.044894 -0.505292 2.000000
-0.036519 0.017237 0.696893 0.787884 0.583022 -0.198306 2.000000
-0.035296 0.017372 0.691851 -0.193005 0.955348 0.223738 2.000000
-0.034828 0.016979 0.691830 0.061906 0.966840 0.247768 2.000000
-0.040924 0.018556 0.700525 0.830120 0.364464 -0.421980 2.000000
-0.035853 0.015744 0.695945 -0.211653 0.947763 0.238639 2.000000
-0.044542 0.021008 0.693102 0.947919 0.308328 -0.079895 2.000000
-0.043881 0.023304 0.697178 0.935149 0.169191 -0.311241 2.000000
-0.043252 0.022934 0.698787 0.903711 0.172170 -0.391999 2.000000
-0.041501 0.019952 0.700512 0.759866 0.349992 -0.547822 2.000000
-0.044259 0.023806 0.687687 0.450080 -0.104515 -0.886851 2.000000
-0.042901 0.017923 0.694726 0.936874 0.309999 -0.161767 2.000000
-0.043534 0.018241 0.692137 0.939723 0.308784 -0.146877 2.000000
-0.044333 0.024390 0.696203 0.837017 -0.422711 -0.347444 2.000000
-0.043276 0.018099 0.693193 0.851736 0.460077 -0.250748 2.000000
-0.046292 0.024710 0.689376 0.925176 -0.372522 -0.072642 2.000000
-0.041681 0.020710 0.700835 0.774239 0.338726 -0.534620 2.000000
-0.045254 0.021248 0.689481 0.923465 0.321241 -0.209799 2.000000
-0.042100 0.015431 0.693829 0.885350 0.258595 -0.386373 2.000000
-0.044820 0.020089 0.689415 0.928228 0.325016 -0.180990 2.000000
-0.044720 0.025245 0.690357 -0.010803 -0.995787 0.091061 2.000000
-0.043129 0.024044 0.690767 0.784575 0.523442 -0.332340 2.000000
-0.044011 0.024747 0.696029 0.608122 -0.733789 -0.302889 2.000000
-0.044379 0.020480 0.692398 0.937542 0.306994 -0.163615 2.000000
-0.044991 0.020263 0.689248 0.928188 0.332464 -0.167137 2.000000
-0.043205 0.019709 0.696468 0.857359 0.419404 -0.298388 2.000000
-0.043665 0.018945 0.693880 0.864734 0.448989 -0.225042 2.000000
-0.041157 0.012943 0.694299 0.940949 0.127827 -0.313488 2.000000
-0.034487 0.015671 0.696007 0.781545 0.579415 0.231226 2.000000
-0.042413 0.020587 0.688669 -0.129683 0.991129 -0.029095 2.000000
-0.041233 0.016580 0.697006 0.854477 0.335528 -0.396598 2.000000
-0.042074 0.020358 0.699985 0.873387 0.286754 -0.393658 2.000000
-0.045409 0.022520 0.690670 0.936290 0.318059 -0.148996 2.000000
-0.045765 0.021866 0.688715 0.927175 0.341686 -0.153613 2.000000
-0.041119 0.015745 0.696955 0.877040 0.234012 -0.419570 2.000000
-0.043239 0.024895 0.697198 0.437538 -0.893238 -0.103380 2.000000
-0.043407 0.020172 0.696601 0.899993 0.327042 -0.288194 2.000000
-0.034908 0.016602 0.693844 0.233208 0.956269 0.176534 2.000000
-0.042131 0.013965 0.692645 0.900878 0.286692 -0.325925 2.000000
-0.044441 0.018160 0.688243 0.946060 0.291939 -0.140508 2.000000
-0.043859 0.018621 0.691338 0.896502 0.371186 -0.241878 2.000000
-0.040904 0.014546 0.696534 0.880206 0.329780 -0.341295 2.000000
-0.042954 0.014965 0.690542 0.925632 0.268795 -0.266373 2.000000
-0.043997 0.024442 0.696762 0.810805 -0.442334 -0.383322 2.000000
-0.044093 0.021829 0.695413 0.923463 0.185468 -0.335885 2.000000
-0.041847 0.012792 0.692355 0.907950 0.121006 -0.401227 2.000000
-0.045513 0.023860 0.692681 0.951575 0.129680 -0.278727 2.000000
-0.035826 0.017124 0.691518 0.499026 -0.853453 -0.150302 2.000000
-0.040560 0.012124 0.695790 0.957841 0.147301 -0.246663 2.000000
-0.044954 0.019901 0.688251 0.925857 0.355098 -0.129202 2.000000
-0.045838 0.022117 0.688474 0.932087 0.339473 -0.126377 2.000000
-0.041270 0.011110 0.693878 0.917866 -0.130750 -0.374734 2.000000
-0.040053 0.015916 0.699817 0.827900 0.384885 -0.407977 2.000000
-0.036875 0.015302 0.693408 -0.234932 0.968928 -0.077368 2.000000
-0.043417 0.016274 0.690663 0.931763 0.292837 -0.214626 2.000000
-0.041646 0.016635 0.696483 0.819026 0.315353 -0.479321 2.000000
-0.044128 0.020663 0.694485 0.919740 0.315217 -0.233917 2.000000
-0.044418 0.020683 0.693318 0.940743 0.325435 -0.095363 2.000000
-0.043197 0.012614 0.689530 0.882806 -0.198736 -0.425626 2.000000
-0.044157 0.020000 0.693181 0.926089 0.354390 -0.129490 2.000000
-0.044806 0.024663 0.694877 0.792207 -0.320291 -0.519443 2.000000
-0.041064 0.012886 0.694574 0.940582 0.144780 -0.307156 2.000000
-0.041915 0.015379 0.694167 0.885852 0.289739 -0.362379 2.000000
-0.043878 0.018842 0.692875 0.906031 0.409181 -0.108069 2.000000
-0.043595 0.016626 0.689979 0.916451 0.310197 -0.252776 2.000000
-0.038259 0.019178 0.695428 0.787818 0.499406 -0.360466 2.000000
-0.041063 0.016958 0.698212 0.900375 0.328097 -0.285792 2.000000
-0.045245 0.020497 0.688351 0.923566 0.350466 -0.155560 2.000000
-0.035583 0.016180 0.693365 0.425587 -0.868132 -0.255387 2.000000
-0.046304 0.023252 0.688819 0.924349 0.373424 -0.078312 2.000000
-0.046063 0.023097 0.689292 0.887571 0.401296 -0.226229 2.000000
-0.043583 0.020524 0.696139 0.925915 0.261253 -0.272816 2.000000
-0.046280 0.024864 0.688754 0.776427 -0.619117 -0.117708 2.000000
-0.042358 0.021298 0.699959 0.882755 0.234155 -0.407328 2.000000
-0.042309 0.016464 0.695093 0.880284 0.450761 -0.148034 2.000000
-0.043125 0.012959 0.689494 0.892566 -0.169782 -0.417732 2.000000
-0.035778 0.015505 0.697847 -0.208726 -0.787921 -0.579321 2.000000
-0.043125 0.020761 0.697563 0.873672 0.271965 -0.403400 2.000000
-0.041630 0.023965 0.701325 0.615154 -0.587909 -0.525309 2.000000
-0.043383 0.018286 0.693062 0.884421 0.419193 -0.205126 2.000000
-0.040233 0.016719 0.700168 0.845446 0.375363 -0.379899 2.000000
-0.046012 0.024542 0.691298 0.964550 -0.183364 -0.189790 2.000000
-0.045140 0.020854 0.689707 0.931812 0.322520 -0.166455 2.000000
-0.045794 0.024163 0.691936 0.967291 0.105135 -0.230857 2.000000
-0.042211 0.015828 0.693899 0.904083 0.280291 -0.322600 2.000000
-0.043787 0.017966 0.690683 0.923084 0.277526 -0.266263 2.000000
-0.043755 0.015687 0.688736 0.914705 0.293074 -0.278247 2.000000
-0.045001 0.022801 0.693484 0.924034 0.273559 -0.267071 2.000000
-0.043111 0.017550 0.693068 0.872425 0.409455 -0.266872 2.000000
-0.044999 0.025069 0.688614 0.100563 0.984818 -0.141495 2.000000
-0.042988 0.022282 0.699028 0.900460 0.210744 -0.380471 2.000000
-0.042255 0.024344 0.700131 0.575617 -0.645715 -0.501714 2.000000
-0.043766 0.015629 0.688466 0.926038 0.275334 -0.258157 2.000000
-0.041591 0.009793 0.693906 0.872390 -0.196380 -0.447628 2.000000
-0.045765 0.022000 0.689046 0.912557 0.349871 -0.211731 2.000000
-0.036807 0.017930 0.696718 0.789270 0.543896 -0.285007 2.000000
-0.040199 0.010331 0.696517 0.900881 0.082721 -0.426111 2.000000
-0.041461 0.013712 0.694134 0.918849 0.306481 -0.248569 2.000000
-0.042570 0.017043 0.694971 0.915044 0.389443 -0.105018 2.000000
-0.042914 0.021480 0.698574 0.900632 0.258835 -0.349094 2.000000
-0.041545 0.012562 0.692849 0.911969 0.104338 -0.396770 2.000000
-0.040353 0.012129 0.696921 0.890307 0.121139 -0.438951 2.000000
-0.045300 0.023785 0.693331 0.950656 0.167294 -0.261278 2.000000
-0.043891 0.024414 0.697042 0.833649 -0.427187 -0.350057 2.000000
-0.040609 0.014543 0.697265 0.922192 0.247872 -0.296853 2.000000
-0.042297 0.024120 0.700303 0.666942 -0.568960 -0.481117 2.000000
-0.042706 0.016155 0.692740 0.925466 0.247810 -0.286537 2.000000
-0.042922 0.011642 0.690607 0.855194 -0.230903 -0.464034 2.000000
-0.037222 0.015044 0.692857 -0.449243 0.872070 0.194099 2.000000
-0.043392 0.017866 0.692628 0.905260 0.377988 -0.193983 2.000000
-0.044108 0.021036 0.695099 0.926596 0.235865 -0.292895 2.000000
-0.040376 0.016629 0.699844 0.850703 0.364535 -0.378707 2.000000
-0.042066 0.013121 0.692139 0.920177 0.178106 -0.348645 2.000000
-0.044009 0.018683 0.690996 0.891887 0.376496 -0.250578 2.000000
-0.043749 0.019486 0.694192 0.905278 0.343430 -0.250057 2.000000
-0.042088 0.011736 0.692044 0.855493 -0.161685 -0.491925 2.000000
-0.042282 0.015759 0.693633 0.902089 0.226823 -0.367135 2.000000
-0.043022 0.018106 0.694250 0.892706 0.413282 -0.179651 2.000000
-0.034730 0.016316 0.695327 -0.419551 -0.868952 -0.262487 2.000000
-0.046488 0.023949 0.688602 0.988462 0.127153 -0.082312 2.000000
-0.045500 0.024097 0.692962 0.955548 0.016284 -0.294386 2.000000
-0.044616 0.018876 0.688132 0.935578 0.330889 -0.123316 2.000000
-0.044490 0.025414 0.694196 0.483332 -0.845756 -0.226025 2.000000
-0.044431 0.020002 0.691682 0.894341 0.380404 -0.235470 2.000000
-0.044014 0.019566 0.693187 0.927821 0.352670 -0.121542 2.000000
-0.042622 0.017156 0.693843 0.901154 0.399931 -0.167264 2.000000
-0.040401 0.014027 0.697841 0.895781 0.286668 -0.339703 2.000000
-0.042434 0.015651 0.693266 0.933071 0.216417 -0.287302 2.000000
-0.045862 0.022164 0.688808 0.929609 0.331813 -0.160395 2.000000
-0.043899 0.016520 0.689069 0.934508 0.243706 -0.259428 2.000000
-0.044940 0.022493 0.693448 0.923140 0.305975 -0.232792 2.000000
-0.041697 0.022947 0.701909 0.864846 -0.014363 -0.501831 2.000000
-0.041284 0.022024 0.702166 0.838919 0.275224 -0.469539 2.000000
-0.044836 0.021933 0.693046 0.932805 0.326415 -0.152734 2.000000
-0.041751 0.011354 0.692771 0.854516 -0.209253 -0.475411 2.000000
-0.043271 0.025130 0.691915 0.643871 0.733057 -0.219220 2.000000
-0.043466 0.021194 0.697090 0.913763 0.209035 -0.348340 2.000000
-0.041855 0.011747 0.692325 0.858406 -0.145292 -0.491964 2.000000
-0.040729 0.017703 0.700122 0.846703 0.423822 -0.321667 2.000000
-0.042884 0.018913 0.696269 0.825146 0.467041 -0.317816 2.000000
-0.044570 0.021045 0.692281 0.921950 0.329268 -0.203939 2.000000
-0.042352 0.022163 0.700279 0.878582 0.179505 -0.442575 2.000000
-0.040810 0.013522 0.695764 0.929148 0.242088 -0.279425 2.000000
-0.041179 0.024221 0.701241 -0.493233 0.774869 0.395346 2.000000
-0.044723 0.021593 0.693039 0.937326 0.323203 -0.130232 2.000000
-0.044577 0.021758 0.694014 0.936329 0.246471 -0.250080 2.000000
-0.042144 0.016106 0.694564 0.903941 0.398935 -0.154085 2.000000
-0.042854 0.013479 0.689606 0.917787 -0.021116 -0.396512 2.000000
-0.043765 0.016444 0.689318 0.915491 0.266889 -0.301074 2.000000
-0.040458 0.019066 0.702063 0.903296 0.246291 -0.351279 2.000000
-0.040623 0.013143 0.696618 0.939752 0.122595 -0.319119 2.000000
-0.036613 0.015363 0.693240 -0.383723 0.922981 0.029376 2.000000
-0.044575 0.023917 0.695778 0.945357 -0.038706 -0.323732 2.000000
-0.043636 0.017840 0.691179 0.925417 0.259437 -0.276218 2.000000
-0.045641 0.025106 0.691072 0.632619 -0.736661 -0.239005 2.000000
-0.045199 0.022606 0.691852 0.930817 0.331659 -0.153562 2.000000
-0.035306 0.017260 0.692400 -0.102555 0.916080 0.387660 2.000000
-0.043122 0.011562 0.690308 0.881070 -0.206715 -0.425423 2.000000
-0.042358 0.022736 0.700454 0.894526 0.145529 -0.422664 2.000000
-0.040954 0.009946 0.694879 0.878273 -0.123684 -0.461886 2.000000
-0.042467 0.015389 0.693079 0.934516 0.245914 -0.257306 2.000000
-0.042982 0.018219 0.694693 0.894827 0.389947 -0.217316 2.000000
-0.040057 0.017086 0.700910 0.862922 0.402023 -0.306176 2.000000
-0.046370 0.024487 0.689689 0.967280 -0.132178 -0.216561 2.000000
-0.042953 0.020654 0.697754 0.888912 0.288266 -0.356003 2.000000
-0.043294 0.024665 0.698040 0.664222 -0.708203 -0.239286 2.000000
-0.043892 0.023670 0.697317 0.939155 -0.017149 -0.343066 2.000000
-0.033928 0.014460 0.696161 0.855324 0.479113 0.197161 2.000000
-0.043701 0.016403 0.689533 0.916442 0.266296 -0.298699 2.000000
-0.043451 0.022839 0.698220 0.921016 0.193023 -0.338338 2.000000
-0.040513 0.019265 0.689698 0.077685 0.823170 0.562456 2.000000
-0.044177 0.020959 0.694749 0.925023 0.250493 -0.285632 2.000000
-0.043486 0.016511 0.690441 0.925221 0.299271 -0.233243 2.000000
-0.043264 0.010592 0.690443 0.891707 -0.162644 -0.422380 2.000000
-0.041086 0.023941 0.701827 0.582359 -0.722762 -0.372119 2.000000
-0.043601 0.020316 0.695916 0.917673 0.309379 -0.249322 2.000000
-0.044643 0.020955 0.692021 0.911213 0.321520 -0.257518 2.000000
-0.039865 0.012614 0.697692 0.864710 0.223779 -0.449666 2.000000
-0.045710 0.022535 0.689592 0.893530 0.350495 -0.280639 2.000000
-0.042025 0.022688 0.701246 0.885262 0.133198 -0.445612 2.000000
-0.037151 0.018106 0.695996 0.759977 0.483257 -0.434624 2.000000
-0.042727 0.024830 0.693899 0.524259 0.849473 0.059558 2.000000
-0.044045 0.017498 0.689153 0.961147 0.209000 -0.180318 2.000000
-0.040692 0.013778 0.696686 0.930785 0.234259 -0.280645 2.000000
-0.040627 0.012571 0.696291 0.948028 0.106310 -0.299903 2.000000
-0.045089 0.023126 0.693611 0.924712 0.246156 -0.290371 2.000000
-0.042427 0.011017 0.691806 0.839854 -0.229290 -0.492008 2.000000
-0.043486 0.019028 0.694541 0.869793 0.420729 -0.257772 2.000000
-0.044043 0.018360 0.690115 0.923814 0.298500 -0.239718 2.000000
-0.035936 0.015649 0.693806 0.467564 -0.883337 0.033157 2.000000
-0.042483 0.024900 0.699077 -0.449384 0.816942 0.361469 2.000000
-0.034955 0.016614 0.694563 -0.171745 -0.967953 -0.183221 2.000000
-0.042813 0.014697 0.690908 0.913828 0.286359 -0.287953 2.000000
-0.041274 0.018788 0.700182 0.836744 0.431266 -0.337444 2.000000
-0.043295 0.017752 0.692805 0.888206 0.399618 -0.226707 2.000000
-0.037135 0.018539 0.696836 0.809411 0.464865 -0.358824 2.000000
-0.044787 0.019425 0.688364 0.933327 0.337327 -0.122930 2.000000
-0.045504 0.021274 0.688579 0.920127 0.352437 -0.170746 2.000000
-0.045654 0.023240 0.690999 0.912449 0.382140 -0.146310 2.000000
-0.045341 0.025088 0.688089 -0.143829 0.975686 -0.165382 2.000000
-0.041068 0.016547 0.697331 0.881020 0.331271 -0.337732 2.000000
-0.044695 0.020350 0.691047 0.900186 0.397548 -0.177820 2.000000
-0.041297 0.011742 0.693519 0.944232 -0.027255 -0.328150 2.000000
-0.040621 0.010224 0.695644 0.897111 -0.056155 -0.438222 2.000000
-0.042017 0.020559 0.700268 0.839984 0.271842 -0.469605 2.000000
-0.043670 0.025284 0.691609 0.315601 0.936394 -0.153501 2.000000
-0.034331 0.015648 0.693928 -0.614008 -0.735710 -0.285876 2.000000
-0.044437 0.025298 0.691524 0.031520 -0.999060 0.029749 2.000000
-0.040468 0.016172 0.699164 0.867225 0.347886 -0.356225 2.000000
-0.040469 0.023735 0.699708 -0.354923 -0.923282 -0.146899 2.000000
-0.041614 0.010339 0.693346 0.868422 -0.205644 -0.451169 2.000000
-0.042556 0.021272 0.699296 0.892807 0.270690 -0.360032 2.000000
-0.040784 0.019096 0.701265 0.884786 0.267778 -0.381378 2.000000
-0.043166 0.024649 0.698509 0.705487 -0.582141 -0.404227 2.000000
-0.040692 0.020393 0.702537 0.901095 0.237175 -0.363011 2.000000
-0.041160 0.021604 0.702125 0.832496 0.303459 -0.463533 2.000000
-0.043927 0.016331 0.688589 0.941901 0.238271 -0.236746 2.000000
-0.038229 0.018354 0.694738 0.811396 0.452232 -0.370301 2.000000
-0.036131 0.015741 0.694150 0.382220 -0.907780 0.172753 2.000000
-0.044446 0.022183 0.694675 0.924217 0.237156 -0.299298 2.000000
-0.043182 0.019431 0.696212 0.859408 0.434156 -0.270048 2.000000
-0.042053 0.013374 0.692340 0.922427 0.230591 -0.309767 2.000000
-0.040330 0.014680 0.698356 0.853777 0.290895 -0.431792 2.000000
-0.040780 0.009580 0.695312 0.870675 -0.105998 -0.480302 2.000000
-0.040471 0.013920 0.697550 0.916080 0.252209 -0.311750 2.000000
-0.043029 0.025027 0.693548 -0.464382 -0.883554 -0.060675 2.000000
-0.043113 0.024295 0.698892 0.771197 -0.442816 -0.457351 2.000000
-0.042600 0.014930 0.691730 0.906780 0.319416 -0.275180 2.000000
-0.044076 0.023654 0.696868 0.945477 0.084296 -0.314590 2.000000
-0.044146 0.018218 0.689750 0.932413 0.307350 -0.190109 2.000000
-0.036264 0.017726 0.698788 0.843636 0.536849 0.008468 2.000000
-0.042464 0.015180 0.692472 0.932683 0.295518 -0.206815 2.000000
-0.039834 0.010519 0.697213 0.879257 0.121076 -0.460704 2.000000
-0.041088 0.013253 0.694661 0.929442 0.216530 -0.298752 2.000000
-0.043661 0.025200 0.691178 0.376522 0.902457 -0.209292 2.000000
-0.045701 0.025080 0.690541 0.595780 -0.800012 -0.070896 2.000000
-0.037857 0.018669 0.695532 0.795986 0.462545 -0.390460 2.000000
-0.041097 0.020802 0.701799 0.856567 0.268587 -0.440629 2.000000
-0.041073 0.017595 0.698704 0.885772 0.361476 -0.291107 2.000000
-0.042341 0.015102 0.693200 0.925523 0.256986 -0.278144 2.000000
-0.043381 0.017841 0.692164 0.933907 0.310721 -0.176831 2.000000
-0.045233 0.025259 0.690934 0.327908 -0.935191 -0.133771 2.000000
-0.041921 0.019272 0.698900 0.810372 0.484314 -0.329753 2.000000
-0.042475 0.016854 0.695288 0.898200 0.390318 -0.202210 2.000000
-0.040462 0.017218 0.699802 0.856682 0.378163 -0.350840 2.000000
-0.040053 0.013396 0.698105 0.844054 0.303033 -0.442428 2.000000
-0.042615 0.017473 0.695501 0.898971 0.281419 -0.335640 2.000000
-0.040511 0.009306 0.695993 0.884601 -0.090435 -0.457496 2.000000
-0.045310 0.021004 0.688732 0.913592 0.364037 -0.181182 2.000000
-0.041404 0.021846 0.701913 0.812155 0.296020 -0.502768 2.000000
-0.035015 0.015854 0.696800 -0.081324 -0.892559 -0.443536 2.000000
-0.040667 0.015942 0.698325 0.915368 0.288867 -0.280459 2.000000
-0.042112 0.018498 0.697271 0.817751 0.422687 -0.390665 2.000000
-0.043496 0.021764 0.697367 0.922583 0.202914 -0.328127 2.000000
-0.042866 0.020567 0.697926 0.886086 0.300873 -0.352599 2.000000
-0.043084 0.017213 0.692627 0.892576 0.354666 -0.278424 2.000000
-0.039725 0.015175 0.699714 0.814391 0.375998 -0.442034 2.000000
-0.045121 0.022588 0.692736 0.923979 0.343402 -0.168340 2.000000
-0.042176 0.014543 0.692925 0.906504 0.338089 -0.252876 2.000000
-0.041324 0.015372 0.696270 0.877944 0.286912 -0.383270 2.000000
-0.043770 0.019172 0.693689 0.903133 0.383794 -0.192490 2.000000
-0.046145 0.022906 0.687937 0.938435 0.343826 -0.033530 2.000000
-0.041195 0.015867 0.696716 0.858672 0.237597 -0.454126 2.000000
-0.044580 0.020727 0.692039 0.911791 0.331045 -0.242993 2.000000
-0.045022 0.022262 0.692722 0.926248 0.346439 -0.148474 2.000000
-0.041741 0.017345 0.696661 0.816146 0.380512 -0.434875 2.000000
-0.044218 0.022322 0.695551 0.908867 0.217894 -0.355645 2.000000
-0.040025 0.009994 0.696629 0.899947 -0.014218 -0.435768 2.000000
-0.043924 0.018951 0.691539 0.894834 0.386896 -0.222673 2.000000
-0.041327 0.024077 0.701453 0.575879 -0.657934 -0.485269 2.000000
-0.046447 0.024290 0.689388 0.977657 -0.082704 -0.193254 2.000000
-0.043400 0.022998 0.698453 0.915236 0.172912 -0.363930 2.000000
-0.043701 0.024279 0.689665 0.733984 0.587185 -0.341294 2.000000
-0.044058 0.020687 0.694845 0.916261 0.301918 -0.263269 2.000000
-0.044879 0.024147 0.694870 0.911395 0.011242 -0.411379 2.000000
-0.042659 0.014385 0.690960 0.920917 0.248373 -0.300370 2.000000
-0.045108 0.025045 0.693177 0.819301 -0.559433 -0.125623 2.000000
-0.034072 0.014846 0.695420 0.883590 0.446630 0.140676 2.000000
-0.040727 0.010898 0.695201 0.920182 -0.044297 -0.388976 2.000000
-0.042941 0.014553 0.690179 0.929253 0.235490 -0.284662 2.000000
-0.039859 0.012215 0.697349 0.861102 0.133241 -0.490662 2.000000
-0.043028 0.014556 0.689944 0.934688 0.218391 -0.280472 2.000000
-0.040749 0.014852 0.697134 0.912456 0.249824 -0.324055 2.000000
-0.044234 0.023659 0.696418 0.930889 0.107029 -0.349272 2.000000
-0.045021 0.024061 0.694536 0.928358 0.075152 -0.364010 2.000000
-0.043110 0.010172 0.690791 0.884069 -0.144535 -0.444445 2.000000
-0.042915 0.024200 0.699388 0.752870 -0.444135 -0.485727 2.000000
-0.042994 0.014043 0.689669 0.921353 0.120786 -0.369485 2.000000
-0.041805 0.021502 0.701130 0.843023 0.262621 -0.469407 2.000000
-0.040587 0.014580 0.697562 0.932271 0.232672 -0.277009 2.000000
-0.041561 0.010253 0.693617 0.874178 -0.202046 -0.441577 2.000000
-0.041734 0.015292 0.694826 0.916256 0.326080 -0.232693 2.000000
-0.046132 0.024852 0.689714 0.881745 -0.466062 -0.072883 2.000000
-0.043243 0.019076 0.695308 0.867131 0.426842 -0.256691 2.000000
-0.044590 0.025283 0.692292 0.250600 -0.964385 -0.084621 2.000000
-0.040510 0.023462 0.703367 0.663409 -0.426097 -0.615086 2.000000
-0.044994 0.021097 0.691152 0.936101 0.287765 -0.202251 2.000000
-0.043716 0.016949 0.689899 0.927337 0.282730 -0.245174 2.000000
-0.044122 0.018822 0.690678 0.893076 0.379910 -0.241005 2.000000
-0.042716 0.021920 0.699508 0.893569 0.227208 -0.387183 2.000000
-0.044045 0.022230 0.695818 0.905696 0.212432 -0.366860 2.000000
-0.041457 0.022173 0.701979 0.839305 0.240424 -0.487610 2.000000
-0.040719 0.013196 0.696009 0.946305 0.152407 -0.285094 2.000000
-0.044276 0.018365 0.689345 0.931139 0.328993 -0.157299 2.000000
-0.044594 0.019489 0.689979 0.927935 0.315520 -0.198452 2.000000
-0.039276 0.023229 0.702150 0.547100 -0.598481 -0.585237 2.000000
-0.040256 0.011870 0.696935 0.875743 0.125723 -0.466120 2.000000
-0.042024 0.019127 0.698427 0.803985 0.501086 -0.320190 2.000000
-0.042890 0.010301 0.691172 0.870743 -0.159552 -0.465134 2.000000
-0.035726 0.016277 0.694792 0.390026 -0.920324 0.029717 2.000000
-0.042335 0.016565 0.695322 0.866751 0.431349 -0.250359 2.000000
-0.042677 0.013858 0.690538 0.931515 0.178557 -0.316856 2.000000
-0.044390 0.022273 0.694945 0.916714 0.240716 -0.318890 2.000000
-0.043850 0.024270 0.697309 0.872242 -0.317993 -0.371582 2.000000
-0.040909 0.023846 0.702803 0.665541 -0.534245 -0.521189 2.000000
-0.043285 0.024578 0.698329 0.774095 -0.528423 -0.348635 2.000000
-0.042788 0.022974 0.699665 0.878774 0.101879 -0.466237 2.000000
-0.036180 0.016000 0.694978 -0.220254 0.974999 -0.029402 2.000000
-0.044223 0.019608 0.691823 0.890395 0.401759 -0.213978 2.000000
-0.037983 0.017512 0.694356 0.826336 0.443890 -0.346598 2.000000
-0.037613 0.021012 0.701496 0.715884 -0.256581 0.649366 2.000000
-0.043259 0.015869 0.689956 0.923122 0.285667 -0.257373 2.000000
-0.042522 0.024263 0.699920 0.699484 -0.505477 -0.505188 2.000000
-0.044545 0.018565 0.688232 0.936338 0.323291 -0.136942 2.000000
-0.040755 0.020108 0.702231 0.900384 0.255183 -0.352407 2.000000
-0.043916 0.017066 0.689497 0.941514 0.244038 -0.232372 2.000000
-0.039643 0.013631 0.698679 0.814902 0.304430 -0.493212 2.000000
-0.042336 0.013265 0.691181 0.927469 0.049879 -0.370559 2.000000
-0.042576 0.018904 0.696800 0.780667 0.485376 -0.393661 2.000000
-0.041396 0.009417 0.694403 0.875282 -0.172514 -0.451798 2.000000
-0.042233 0.012353 0.691659 0.892232 -0.104071 -0.439421 2.000000
-0.041487 0.020941 0.691449 -0.610363 -0.009313 -0.792067 2.000000
-0.043534 0.018070 0.692438 0.915882 0.369204 -0.157632 2.000000
-0.045833 0.024384 0.692190 0.959916 -0.026617 -0.279022 2.000000
-0.042030 0.022522 0.701159 0.882352 0.163349 -0.441331 2.000000
-0.046321 0.023467 0.689214 0.915589 0.367977 -0.162141 2.000000
-0.040438 0.012948 0.696913 0.912248 0.158831 -0.377594 2.000000
-0.045062 0.020777 0.690122 0.935591 0.328340 -0.129853 2.000000
-0.040334 0.011783 0.696739 0.895611 0.125106 -0.426884 2.000000
-0.041404 0.016053 0.696498 0.848884 0.256946 -0.461925 2.000000
-0.040865 0.021520 0.702684 0.868178 0.260656 -0.422286 2.000000
-0.036589 0.015532 0.693639 -0.301887 0.949768 -0.082490 2.000000
-0.035290 0.016298 0.693896 0.388368 -0.921086 -0.027751 2.000000
-0.044581 0.021092 0.692953 0.948588 0.303511 -0.089785 2.000000
-0.043326 0.024907 0.696777 0.403196 -0.894220 -0.194433 2.000000
-0.043182 0.012377 0.689797 0.877263 -0.206662 -0.433244 2.000000
-0.042952 0.019044 0.695976 0.851460 0.448960 -0.271019 2.000000
-0.043237 0.017941 0.693049 0.872669 0.421755 -0.246112 2.000000
-0.045367 0.023822 0.693078 0.951734 0.122913 -0.281239 2.000000
-0.043492 0.017865 0.691618 0.938595 0.277918 -0.204454 2.000000
-0.042939 0.023098 0.699388 0.888945 0.099811 -0.447006 2.000000
-0.045941 0.024964 0.690795 0.836983 -0.496918 -0.229197 2.000000
-0.039692 0.010712 0.697308 0.864590 0.117930 -0.488443 2.000000
-0.042441 0.011698 0.691286 0.846834 -0.232299 -0.478444 2.000000
-0.043262 0.015382 0.689933 0.923778 0.272060 -0.269477 2.000000
-0.042937 0.013747 0.689597 0.917441 0.028507 -0.396849 2.000000
-0.036747 0.015570 0.692697 0.559252 -0.792553 -0.243097 2.000000
-0.040671 0.012077 0.695543 0.958241 0.123151 -0.258083 2.000000
-0.043970 0.024818 0.695580 0.404803 -0.864649 -0.297517 2.000000
-0.040270 0.011078 0.696634 0.895725 0.150709 -0.418287 2.000000
-0.039706 0.021840 0.696881 -0.487987 0.020324 -0.872614 2.000000
-0.042011 0.014053 0.692897 0.871160 0.353617 -0.340639 2.000000
-0.041727 0.019623 0.700197 0.813454 0.393357 -0.428441 2.000000
-0.046290 0.024454 0.690077 0.972948 -0.116715 -0.199374 2.000000
-0.043543 0.020667 0.696694 0.920617 0.240829 -0.307352 2.000000
-0.036070 0.016649 0.692057 0.550984 -0.757978 -0.349122 2.000000
-0.038267 0.018760 0.695175 0.802719 0.463403 -0.375367 2.000000
-0.045163 0.021146 0.690384 0.949226 0.295603 -0.107649 2.000000
-0.045521 0.022970 0.691053 0.919171 0.364340 -0.149605 2.000000
-0.042454 0.023445 0.700488 0.882804 -0.113769 -0.455756 2.000000
-0.034228 0.015425 0.694921 0.884276 0.449023 0.128196 2.000000
-0.043081 0.019262 0.696204 0.844668 0.447407 -0.293875 2.000000
-0.043200 0.011100 0.690420 0.890714 -0.180933 -0.417004 2.000000
-0.044344 0.020270 0.692043 0.914230 0.345980 -0.210907 2.000000
-0.036416 0.016121 0.692044 0.595009 -0.730403 -0.335373 2.000000
-0.041592 0.019157 0.700009 0.839918 0.428797 -0.332672 2.000000
-0.045924 0.023620 0.690599 0.887048 0.410317 -0.211627 2.000000
-0.041330 0.021494 0.701841 0.803682 0.316281 -0.504044 2.000000
-0.041177 0.015062 0.696487 0.866061 0.310881 -0.391524 2.000000
-0.044006 0.016624 0.688821 0.948761 0.219372 -0.227441 2.000000
-0.045165 0.022944 0.693287 0.927273 0.271076 -0.258230 2.000000
-0.043642 0.021677 0.696741 0.938976 0.173000 -0.297312 2.000000
-0.045051 0.020963 0.690761 0.943194 0.305878 -0.129705 2.000000
-0.043771 0.021749 0.696293 0.940140 0.164640 -0.298380 2.000000
-0.040862 0.017620 0.699663 0.862955 0.397989 -0.311307 2.000000
-0.041939 0.013553 0.692711 0.882940 0.255872 -0.393631 2.000000
-0.042228 0.014363 0.692628 0.916459 0.302825 -0.261533 2.000000
-0.045625 0.021587 0.688714 0.917343 0.352833 -0.184364 2.000000
-0.040933 0.009517 0.695127 0.871955 -0.122741 -0.473950 2.000000
-0.034881 0.016595 0.692579 -0.105882 -0.898835 -0.425306 2.000000
-0.042203 0.013051 0.691349 0.927336 0.044757 -0.371544 2.000000
-0.042182 0.012741 0.691475 0.910635 -0.052017 -0.409925 2.000000
-0.041537 0.011330 0.693089 0.890641 -0.169192 -0.422057 2.000000
-0.040476 0.015754 0.698766 0.876903 0.309124 -0.368081 2.000000
-0.040840 0.015468 0.697344 0.914512 0.217135 -0.341351 2.000000
-0.044196 0.020357 0.693784 0.919479 0.343197 -0.191768 2.000000
-0.043924 0.019442 0.693525 0.924079 0.343326 -0.167943 2.000000
-0.041629 0.017637 0.697439 0.855008 0.379761 -0.353190 2.000000
-0.043015 0.012812 0.689900 0.893113 -0.180414 -0.412069 2.000000
-0.040990 0.010777 0.694549 0.906899 -0.094674 -0.410575 2.000000
-0.043486 0.016884 0.691027 0.931093 0.268631 -0.246786 2.000000
-0.045755 0.022263 0.689343 0.897492 0.357175 -0.258715 2.000000
-0.043970 0.023225 0.696902 0.927537 0.211408 -0.308192 2.000000
-0.042003 0.009938 0.693001 0.862711 -0.196063 -0.466143 2.000000
-0.034167 0.014930 0.695913 0.869187 0.467242 0.161858 2.000000
-0.041021 0.023903 0.702474 0.673890 -0.601089 -0.429609 2.000000
-0.041157 0.011475 0.694042 0.943041 -0.042822 -0.329908 2.000000
-0.043203 0.022645 0.698696 0.902191 0.204888 -0.379568 2.000000
-0.041088 0.023784 0.702676 0.683455 -0.552013 -0.477671 2.000000
-0.045586 0.022238 0.689625 0.898487 0.342580 -0.274517 2.000000
-0.043850 0.020488 0.695331 0.908214 0.316051 -0.274334 2.000000
-0.044310 0.024107 0.696430 0.929856 -0.104913 -0.352649 2.000000
-0.040832 0.020445 0.702197 0.899972 0.240924 -0.363327 2.000000
-0.042003 0.020067 0.699876 0.864293 0.340310 -0.370387 2.000000
-0.041340 0.014579 0.695597 0.899754 0.320326 -0.296367 2.000000
-0.045002 0.022095 0.692269 0.924927 0.338721 -0.172566 2.000000
-0.042511 0.015965 0.693201 0.923281 0.207992 -0.322941 2.000000
-0.041035 0.020416 0.701410 0.834371 0.318574 -0.449817 2.000000
-0.042076 0.012836 0.691671 0.922440 0.025313 -0.385309 2.000000
-0.041953 0.021044 0.700497 0.844274 0.248603 -0.474761 2.000000
-0.040615 0.012997 0.696337 0.942778 0.122389 -0.310145 2.000000
-0.043880 0.024160 0.689153 0.699335 0.611378 -0.370335 2.000000
-0.043023 0.011423 0.690577 0.863108 -0.219634 -0.454758 2.000000
-0.044807 0.020342 0.690134 0.923250 0.352863 -0.151979 2.000000
-0.041713 0.011027 0.693056 0.855979 -0.230316 -0.462877 2.000000
-0.043765 0.020112 0.695028 0.900612 0.354099 -0.252014 2.000000
-0.043385 0.024410 0.698539 0.831930 -0.427487 -0.353761 2.000000
-0.043091 0.012157 0.690147 0.875062 -0.221500 -0.430353 2.000000
-0.042468 0.014758 0.692058 0.926371 0.296229 -0.232563 2.000000
-0.041183 0.013317 0.694511 0.925956 0.245233 -0.287170 2.000000
-0.044448 0.020073 0.691335 0.889433 0.393726 -0.232141 2.000000
-0.045597 0.022493 0.689907 0.897018 0.341321 -0.280817 2.000000
-0.046108 0.022916 0.688868 0.918539 0.379583 -0.110467 2.000000
-0.041335 0.013403 0.694086 0.931625 0.244485 -0.268891 2.000000
-0.045102 0.021468 0.691075 0.953316 0.248262 -0.171913 2.000000
-0.042998 0.024750 0.694992 -0.253638 -0.964182 -0.077597 2.000000
-0.043071 0.019335 0.696431 0.835990 0.453716 -0.308646 2.000000
-0.043988 0.018548 0.690825 0.902406 0.351611 -0.249064 2.000000
-0.044196 0.019177 0.691088 0.883201 0.391998 -0.257475 2.000000
-0.044124 0.018088 0.689375 0.947386 0.274805 -0.164139 2.000000
-0.044693 0.019614 0.689640 0.930463 0.312659 -0.191005 2.000000
-0.043612 0.015485 0.688984 0.915158 0.285294 -0.284767 2.000000
-0.037104 0.015744 0.691949 0.426304 -0.801981 -0.418439 2.000000
-0.045173 0.024789 0.693977 0.912725 -0.338269 -0.229146 2.000000
-0.040479 0.010460 0.695840 0.915220 0.003595 -0.402938 2.000000
-0.042702 0.016560 0.692955 0.901060 0.280376 -0.330879 2.000000
-0.040526 0.014221 0.697419 0.925573 0.245668 -0.288032 2.000000
-0.044751 0.020385 0.690378 0.918835 0.370018 -0.137220 2.000000
-0.040325 0.010915 0.696154 0.929699 0.110667 -0.351302 2.000000
-0.042603 0.013874 0.690871 0.919181 0.217433 -0.328375 2.000000
-0.040705 0.013479 0.696424 0.924430 0.170091 -0.341318 2.000000
-0.044139 0.025305 0.694453 -0.264498 0.849796 0.455947 2.000000
-0.041282 0.018346 0.699457 0.865242 0.446277 -0.228457 2.000000
-0.044479 0.018965 0.689597 0.916177 0.362813 -0.170256 2.000000
-0.043965 0.024166 0.697196 0.876167 -0.292550 -0.383074 2.000000
-0.042866 0.023608 0.691054 0.844466 0.418620 -0.334117 2.000000
-0.042765 0.014298 0.690728 0.924389 0.226130 -0.307198 2.000000
-0.044725 0.020682 0.691665 0.895963 0.346148 -0.278264 2.000000
-0.042296 0.016568 0.693992 0.924775 0.336120 -0.178364 2.000000
-0.042408 0.014471 0.691736 0.923412 0.288055 -0.253641 2.000000
-0.040565 0.011903 0.696074 0.959399 0.139985 -0.244864 2.000000
-0.035819 0.016976 0.690759 -0.516672 0.849621 0.105799 2.000000
-0.040813 0.023350 0.696551 -0.605234 -0.777671 0.170059 2.000000
-0.043625 0.022168 0.697227 0.928891 0.209739 -0.305240 2.000000
-0.042691 0.022651 0.699834 0.887934 0.141108 -0.437792 2.000000
-0.043421 0.015202 0.689053 0.924408 0.243827 -0.293288 2.000000
-0.043542 0.024925 0.695256 0.053253 -0.987374 -0.149184 2.000000
-0.042646 0.009772 0.691833 0.864273 -0.153493 -0.479032 2.000000
-0.042471 0.021288 0.699578 0.884743 0.266129 -0.382629 2.000000
-0.041848 0.015069 0.693960 0.869964 0.299368 -0.391843 2.000000
-0.041051 0.009133 0.695051 0.869569 -0.112672 -0.480785 2.000000
-0.040592 0.016169 0.698904 0.882106 0.324644 -0.341314 2.000000
-0.041812 0.018771 0.698229 0.808059 0.482921 -0.337383 2.000000
-0.040602 0.015348 0.698148 0.916324 0.235836 -0.323624 2.000000
-0.041701 0.019351 0.699453 0.848320 0.475583 -0.232754 2.000000
-0.041214 0.017925 0.698876 0.882804 0.385147 -0.268922 2.000000
-0.046476 0.024122 0.689154 0.988668 0.057572 -0.138638 2.000000
-0.043872 0.017715 0.690380 0.936038 0.252890 -0.244703 2.000000
-0.045281 0.024937 0.692941 0.802938 -0.550426 -0.228740 2.000000
-0.040207 0.009550 0.696420 0.901333 -0.035581 -0.431663 2.000000
-0.041969 0.023267 0.701423 0.825266 -0.224433 -0.518234 2.000000
-0.039605 0.011658 0.697932 0.858425 0.156561 -0.488461 2.000000
-0.041407 0.019414 0.700414 0.801460 0.346891 -0.487163 2.000000
-0.042382 0.011959 0.691336 0.858559 -0.202996 -0.470818 2.000000
-0.044640 0.024587 0.688114 0.387634 0.852601 -0.350445 2.000000
-0.043730 0.010097 0.689569 0.893572 -0.173391 -0.414083 2.000000
-0.039965 0.011391 0.697314 0.838743 0.155192 -0.521944 2.000000
-0.041502 0.010992 0.693393 0.878725 -0.203686 -0.431688 2.000000
-0.040189 0.015374 0.699066 0.834241 0.341924 -0.432585 2.000000
-0.040976 0.019097 0.700836 0.834014 0.303261 -0.460926 2.000000
-0.043034 0.018661 0.695161 0.881622 0.392560 -0.261990 2.000000
-0.043673 0.022540 0.697338 0.933090 0.210071 -0.291912 2.000000
-0.037075 0.015658 0.694321 0.011147 0.962447 -0.271239 2.000000
-0.040172 0.011319 0.696911 0.865198 0.148274 -0.479007 2.000000
-0.040940 0.013415 0.695022 0.921607 0.274960 -0.273930 2.000000
-0.041489 0.018722 0.698982 0.853856 0.457056 -0.249058 2.000000
-0.037827 0.018295 0.695244 0.794821 0.436931 -0.421131 2.000000
-0.044023 0.023205 0.696668 0.923767 0.227151 -0.308312 2.000000
-0.042545 0.021794 0.699823 0.883628 0.210111 -0.418397 2.000000
-0.040956 0.014862 0.696727 0.880596 0.295535 -0.370419 2.000000
-0.043722 0.015820 0.688942 0.914736 0.291403 -0.279898 2.000000
-0.041412 0.023892 0.701616 0.614519 -0.645720 -0.453224 2.000000
-0.045682 0.023589 0.691715 0.933257 0.302169 -0.194231 2.000000
-0.044894 0.020613 0.690841 0.919234 0.365378 -0.146651 2.000000
-0.044146 0.017663 0.688698 0.958275 0.226981 -0.173749 2.000000
-0.046099 0.024807 0.690608 0.882751 -0.409926 -0.229591 2.000000
-0.040702 0.013766 0.695855 0.910013 0.261150 -0.321990 2.000000
-0.041966 0.016346 0.695879 0.816177 0.398914 -0.417999 2.000000
-0.040645 0.018832 0.701525 0.903147 0.261173 -0.340756 2.000000
-0.042842 0.021419 0.698812 0.896408 0.267424 -0.353463 2.000000
-0.044326 0.020358 0.693141 0.936434 0.338849 -0.090955 2.000000
-0.045345 0.022677 0.690899 0.933666 0.320431 -0.159971 2.000000
-0.044372 0.025180 0.690021 -0.179232 -0.963681 0.197979 2.000000
-0.040876 0.017699 0.699440 0.876089 0.403112 -0.264515 2.000000
-0.040003 0.012959 0.697556 0.855896 0.265132 -0.444012 2.000000
-0.044879 0.020598 0.690578 0.922310 0.367632 -0.119125 2.000000
-0.045379 0.021573 0.689351 0.902280 0.340752 -0.264157 2.000000
-0.045142 0.024242 0.694272 0.943039 0.085453 -0.321519 2.000000
-0.040564 0.017300 0.700134 0.849358 0.403636 -0.340102 2.000000
-0.042864 0.015051 0.691012 0.917234 0.296687 -0.265816 2.000000
-0.035526 0.016102 0.695614 0.147882 -0.948688 -0.279504 2.000000
-0.041574 0.023547 0.701813 0.785369 -0.395355 -0.476330 2.000000
-0.040335 0.013501 0.697384 0.898158 0.263404 -0.352037 2.000000
-0.041378 0.018672 0.699338 0.867330 0.445768 -0.221425 2.000000
-0.044075 0.021579 0.695484 0.923670 0.194160 -0.330356 2.000000
-0.044988 0.021720 0.691623 0.928943 0.281005 -0.241042 2.000000
-0.041532 0.014104 0.694269 0.925498 0.292675 -0.240407 2.000000
-0.039655 0.010839 0.697560 0.857004 0.127962 -0.499170 2.000000
-0.043224 0.016974 0.691879 0.923156 0.287592 -0.255094 2.000000
-0.040959 0.021470 0.702248 0.855446 0.278077 -0.436904 2.000000
-0.042242 0.010327 0.692397 0.849051 -0.187203 -0.494033 2.000000
-0.044372 0.023876 0.696243 0.943905 -0.025123 -0.329261 2.000000
-0.043398 0.012485 0.689206 0.876717 -0.192912 -0.440628 2.000000
-0.043120 0.016085 0.691383 0.924522 0.293343 -0.243329 2.000000
-0.042645 0.015087 0.691907 0.912906 0.319847 -0.253575 2.000000
-0.042303 0.023153 0.700823 0.892295 -0.005447 -0.451419 2.000000
-0.044087 0.020012 0.693622 0.925210 0.341811 -0.164780 2.000000
-0.041912 0.019540 0.699240 0.851841 0.454336 -0.260662 2.000000
-0.041650 0.015624 0.695334 0.889256 0.376508 -0.259741 2.000000
-0.045190 0.022831 0.692932 0.933371 0.296755 -0.201878 2.000000
-0.037308 0.016374 0.694655 -0.507981 -0.770103 0.385871 2.000000
-0.044082 0.018987 0.691251 0.886440 0.385557 -0.256065 2.000000
-0.041626 0.020383 0.700692 0.764162 0.326723 -0.556156 2.000000
-0.036508 0.015814 0.694165 0.161221 -0.969641 0.183859 2.000000
-0.044717 0.025489 0.694396 0.724404 -0.549788 -0.415899 2.000000
-0.040651 0.023157 0.703482 0.744860 -0.221303 -0.629451 2.000000
-0.046490 0.024446 0.688279 0.968412 -0.232110 -0.091125 2.000000
-0.040351 0.023049 0.703997 0.753068 -0.173400 -0.634682 2.000000
-0.044245 0.018016 0.688724 0.951672 0.263568 -0.157649 2.000000
-0.045381 0.023303 0.692910 0.938199 0.251594 -0.237662 2.000000
-0.043606 0.016941 0.690647 0.926005 0.281863 -0.251132 2.000000
-0.044100 0.017741 0.688934 0.958266 0.235181 -0.162528 2.000000
-0.041707 0.014355 0.694119 0.893981 0.314964 -0.318740 2.000000
-0.041879 0.011361 0.692462 0.845259 -0.231613 -0.481553 2.000000
-0.043818 0.018338 0.691142 0.908745 0.314914 -0.273884 2.000000
-0.038615 0.018034 0.692500 0.833884 0.548727 -0.059458 2.000000
-0.045932 0.022585 0.688666 0.932335 0.331528 -0.144365 2.000000
-0.043886 0.023783 0.688594 0.708659 0.526610 -0.469558 2.000000
-0.043273 0.019316 0.695601 0.874153 0.429081 -0.227476 2.000000
-0.034384 0.015858 0.693665 -0.414719 -0.858825 -0.300713 2.000000
-0.038594 0.019134 0.694907 0.796806 0.502326 -0.335812 2.000000
-0.042038 0.010983 0.692490 0.839730 -0.240635 -0.486773 2.000000
-0.040280 0.010352 0.696337 0.910574 0.073180 -0.406817 2.000000
-0.041915 0.019699 0.699706 0.861910 0.413304 -0.293754 2.000000
-0.046431 0.023856 0.689367 0.976271 0.126843 -0.175517 2.000000
-0.044177 0.021391 0.695169 0.929176 0.209584 -0.304476 2.000000
-0.042401 0.023981 0.693034 0.789804 0.595772 -0.145824 2.000000
-0.044531 0.023177 0.695447 0.906888 0.241938 -0.344993 2.000000
-0.044652 0.022714 0.694614 0.923251 0.236296 -0.302938 2.000000
-0.042666 0.024605 0.695539 0.216367 0.976098 -0.020431 2.000000
-0.044837 0.021775 0.692554 0.926553 0.344998 -0.149920 2.000000
-0.044281 0.020023 0.692232 0.915615 0.362127 -0.174682 2.000000
-0.042919 0.021654 0.688911 0.149600 -0.143223 0.978318 2.000000
-0.041751 0.009437 0.693717 0.871834 -0.186390 -0.452950 2.000000
-0.044185 0.019978 0.692688 0.925559 0.359515 -0.118703 2.000000
-0.041872 0.021416 0.700921 0.841141 0.259299 -0.474600 2.000000
-0.043995 0.018796 0.691246 0.890731 0.374339 -0.257814 2.000000
-0.042763 0.020269 0.697982 0.876895 0.344062 -0.335672 2.000000
-0.042895 0.024891 0.692272 0.705648 0.669933 -0.230760 2.000000
-0.044935 0.020603 0.690319 0.926342 0.357090 -0.119908 2.000000
-0.036226 0.015987 0.694704 0.223567 -0.966723 0.124352 2.000000
-0.045254 0.021825 0.690510 0.957883 0.245035 -0.149724 2.000000
-0.044651 0.019860 0.690156 0.924551 0.341324 -0.169423 2.000000
-0.037077 0.015297 0.693042 -0.403795 0.909415 0.099570 2.000000
-0.035121 0.017235 0.691816 -0.046926 0.974016 0.221565 2.000000
-0.035014 0.015949 0.696654 -0.206281 -0.917315 -0.340559 2.000000
-0.041104 0.016348 0.697122 0.875410 0.287993 -0.388223 2.000000
-0.034243 0.015500 0.694686 0.876633 0.465068 0.123395 2.000000
-0.042442 0.010056 0.692110 0.860284 -0.164259 -0.482629 2.000000
-0.042538 0.022178 0.699982 0.880234 0.178134 -0.439836 2.000000
-0.042284 0.017746 0.696083 0.833720 0.351004 -0.426272 2.000000
-0.041458 0.014968 0.695655 0.898111 0.323056 -0.298382 2.000000
-0.043663 0.025103 0.690799 -0.507572 -0.803745 0.310426 2.000000
-0.040621 0.022812 0.703665 0.775198 -0.105189 -0.622899 2.000000
-0.043337 0.016646 0.691247 0.927903 0.273037 -0.253864 2.000000
-0.042396 0.019175 0.697223 0.774998 0.500467 -0.385890 2.000000
-0.043741 0.025085 0.694824 0.001916 0.934088 0.357038 2.000000
-0.041424 0.014081 0.694935 0.922115 0.297744 -0.247089 2.000000
-0.036854 0.016221 0.690811 0.567498 -0.777536 -0.270894 2.000000
-0.045235 0.024185 0.693955 0.955438 0.062258 -0.288552 2.000000
-0.044744 0.020481 0.691331 0.897202 0.379062 -0.226586 2.000000
-0.042871 0.017203 0.693138 0.876985 0.377207 -0.297679 2.000000
-0.042276 0.020299 0.699194 0.885378 0.323235 -0.334102 2.000000
-0.036452 0.016602 0.691450 0.572840 -0.807839 -0.138748 2.000000
-0.041370 0.015852 0.696262 0.851996 0.278881 -0.443090 2.000000
-0.040930 0.015761 0.697366 0.911417 0.231009 -0.340519 2.000000
-0.035752 0.015336 0.696936 0.017115 -0.882276 -0.470422 2.000000
-0.042576 0.011417 0.691337 0.848872 -0.232181 -0.474877 2.000000
-0.044323 0.021993 0.695025 0.920312 0.218307 -0.324603 2.000000
-0.044228 0.021088 0.694606 0.930040 0.243454 -0.275238 2.000000
-0.039852 0.014042 0.698631 0.809336 0.294355 -0.508262 2.000000
-0.036583 0.015825 0.695112 -0.132176 0.991145 -0.012711 2.000000
-0.042757 0.015509 0.692102 0.923800 0.295931 -0.242937 2.000000
-0.045585 0.023269 0.691612 0.920396 0.356494 -0.160572 2.000000
-0.042829 0.015804 0.692061 0.918533 0.290650 -0.267992 2.000000
-0.041002 0.022568 0.702961 0.840301 0.151685 -0.520467 2.000000
-0.043061 0.018991 0.695699 0.867995 0.432175 -0.244558 2.000000
-0.044744 0.019364 0.688869 0.934924 0.335301 -0.116146 2.000000
-0.038261 0.018649 0.694996 0.806602 0.439877 -0.394844 2.000000
-0.042843 0.017508 0.693968 0.901666 0.399958 -0.164414 2.000000
-0.041542 0.013158 0.693251 0.926619 0.192640 -0.322903 2.000000
-0.040995 0.017186 0.698604 0.902447 0.309527 -0.299638 2.000000
-0.041808 0.014727 0.694038 0.877920 0.301430 -0.372016 2.000000
-0.045503 0.024281 0.693116 0.954708 -0.088159 -0.284183 2.000000
-0.040424 0.015451 0.698720 0.860389 0.316988 -0.399061 2.000000
-0.041508 0.023424 0.702161 0.837187 -0.336482 -0.431159 2.000000
-0.040012 0.016739 0.700650 0.856996 0.385484 -0.341994 2.000000
-0.045599 0.021426 0.688245 0.926272 0.349305 -0.141444 2.000000
-0.044643 0.020066 0.690326 0.917505 0.361080 -0.166749 2.000000
-0.040535 0.020666 0.703066 0.900434 0.221979 -0.374091 2.000000
-0.044653 0.021377 0.693077 0.945294 0.302847 -0.121256 2.000000
-0.043348 0.020718 0.697222 0.881843 0.250166 -0.399713 2.000000
-0.043563 0.021048 0.696779 0.924004 0.209614 -0.319811 2.000000
-0.045562 0.021893 0.689395 0.900183 0.344712 -0.266165 2.000000
-0.041489 0.016796 0.696856 0.841122 0.363462 -0.400510 2.000000
-0.035844 0.014961 0.697287 -0.098162 -0.863911 -0.493985 2.000000
-0.043027 0.012453 0.690075 0.883749 -0.210632 -0.417877 2.000000
-0.040979 0.019848 0.701047 0.821421 0.299247 -0.485509 2.000000
-0.042001 0.023611 0.701226 0.757463 -0.324626 -0.566451 2.000000
-0.042350 0.020740 0.699379 0.895035 0.285713 -0.342463 2.000000
-0.037081 0.017204 0.695482 0.717700 0.552186 -0.424261 2.000000
-0.042364 0.011683 0.691567 0.847353 -0.202464 -0.490919 2.000000
-0.040023 0.010386 0.696852 0.887184 0.096150 -0.451288 2.000000
-0.040512 0.015454 0.698431 0.901373 0.262492 -0.344419 2.000000
-0.043408 0.017147 0.691276 0.930631 0.249500 -0.267722 2.000000
-0.043640 0.010214 0.689738 0.893572 -0.173391 -0.414083 2.000000
-0.042452 0.024514 0.694013 -0.584536 -0.809334 -0.057410 2.000000
-0.043749 0.023480 0.697685 0.936190 0.057364 -0.346782 2.000000
-0.041132 0.022402 0.702761 0.833357 0.198634 -0.515811 2.000000
-0.041423 0.010661 0.693692 0.876671 -0.209552 -0.433054 2.000000
-0.043755 0.019496 0.693861 0.902947 0.358839 -0.236477 2.000000
-0.043129 0.024031 0.699156 0.857171 -0.191334 -0.478172 2.000000
-0.042161 0.023644 0.700979 0.801912 -0.290178 -0.522240 2.000000
-0.040314 0.010284 0.696089 0.910122 0.018782 -0.413913 2.000000
-0.034674 0.016428 0.694624 -0.546269 -0.823352 -0.153888 2.000000
-0.045050 0.021182 0.690888 0.945589 0.288033 -0.151321 2.000000
-0.045050 0.022233 0.692388 0.922794 0.349738 -0.161664 2.000000
-0.043924 0.021311 0.695643 0.925325 0.194039 -0.325764 2.000000
-0.042262 0.014800 0.693125 0.905840 0.321224 -0.276168 2.000000
-0.040503 0.014613 0.697758 0.926670 0.230943 -0.296562 2.000000
-0.045136 0.020649 0.689288 0.928446 0.317796 -0.192337 2.000000
-0.045837 0.024386 0.691896 0.967926 -0.042656 -0.247586 2.000000
-0.043807 0.018931 0.693383 0.906681 0.398739 -0.137614 2.000000
-0.041552 0.020947 0.701103 0.793709 0.339163 -0.504969 2.000000
-0.045436 0.024921 0.687379 -0.121565 0.722526 -0.680572 2.000000
-0.039433 0.017788 0.687079 0.322666 0.114431 -0.939570 2.000000
-0.036088 0.015989 0.697218 -0.100055 -0.855792 -0.507552 2.000000
-0.041268 0.012630 0.694083 0.948000 0.097085 -0.303100 2.000000
-0.040874 0.010977 0.694889 0.917907 -0.053534 -0.393169 2.000000
-0.041258 0.017283 0.698048 0.878662 0.361217 -0.312210 2.000000
-0.044991 0.025198 0.689689 0.011318 -0.992854 0.118798 2.000000
-0.044673 0.025293 0.693863 -0.655994 0.729109 0.195120 2.000000
-0.035088 0.016562 0.694335 0.189997 -0.977495 -0.091672 2.000000
-0.041657 0.021266 0.701201 0.818691 0.306707 -0.485463 2.000000
-0.041152 0.024478 0.700113 -0.057960 0.947391 0.314789 2.000000
-0.042210 0.022421 0.700667 0.882486 0.190944 -0.429835 2.000000
-0.036006 0.016870 0.691067 -0.550247 0.827501 0.111670 2.000000
-0.040602 0.012248 0.696377 0.931882 0.133237 -0.337406 2.000000
-0.037280 0.015155 0.692376 0.537237 -0.795457 -0.280400 2.000000
-0.044767 0.023620 0.694819 0.935435 0.182959 -0.302467 2.000000
-0.041401 0.014408 0.694573 0.931571 0.265692 -0.248158 2.000000
-0.040929 0.013156 0.695522 0.948213 0.181731 -0.260512 2.000000
-0.042716 0.017298 0.694187 0.914176 0.394770 -0.091862 2.000000
-0.043897 0.020938 0.695604 0.922580 0.243086 -0.299592 2.000000
-0.042592 0.015292 0.692198 0.920872 0.315452 -0.229094 2.000000
-0.041419 0.014280 0.695263 0.908085 0.322385 -0.267299 2.000000
-0.037202 0.015042 0.692821 -0.449243 0.872070 0.194099 2.000000
-0.042688 0.018205 0.695856 0.869294 0.354593 -0.344373 2.000000
-0.041864 0.018256 0.697520 0.841903 0.406801 -0.354560 2.000000
-0.040061 0.015598 0.699432 0.836260 0.362491 -0.411424 2.000000
-0.041017 0.018107 0.699987 0.844348 0.440137 -0.305542 2.000000
-0.040355 0.009680 0.696159 0.891285 -0.062728 -0.449083 2.000000
-0.042837 0.016841 0.692753 0.897043 0.314881 -0.310103 2.000000
-0.043564 0.023913 0.698246 0.928770 -0.131280 -0.346630 2.000000
-0.040838 0.015000 0.696967 0.900025 0.250788 -0.356456 2.000000
-0.042534 0.015378 0.692789 0.936489 0.257966 -0.237574 2.000000
-0.043460 0.018160 0.691969 0.940171 0.303396 -0.155010 2.000000
-0.041246 0.020669 0.701307 0.804975 0.333856 -0.490464 2.000000
-0.036601 0.016346 0.690632 0.508251 -0.825641 -0.244944 2.000000
-0.042921 0.017788 0.693852 0.893367 0.405245 -0.194093 2.000000
-0.041372 0.013920 0.694410 0.914957 0.315451 -0.251682 2.000000
-0.043281 0.023074 0.689520 0.792181 -0.322783 -0.517939 2.000000
-0.042766 0.010550 0.691426 0.859887 -0.185700 -0.475509 2.000000
-0.034735 0.016009 0.695885 -0.432686 -0.849156 -0.302848 2.000000
-0.043513 0.023805 0.689602 0.782378 0.524913 -0.335187 2.000000
-0.041482 0.014540 0.694955 0.931389 0.273954 -0.239717 2.000000
-0.041483 0.012337 0.693036 0.937373 0.031680 -0.346883 2.000000
-0.035465 0.016040 0.695948 0.070671 -0.944706 -0.320213 2.000000
-0.042612 0.012769 0.690617 0.878204 -0.102806 -0.467106 2.000000
-0.042680 0.021579 0.699302 0.894867 0.253866 -0.367104 2.000000
-0.042961 0.022609 0.699179 0.893486 0.178314 -0.412173 2.000000
-0.044909 0.019743 0.688422 0.928160 0.351523 -0.122272 2.000000
-0.035474 0.016879 0.692728 0.200371 -0.850747 -0.485883 2.000000
-0.040845 0.024040 0.702146 0.613886 -0.670898 -0.415980 2.000000
-0.042917 0.018672 0.695670 0.875721 0.409918 -0.255108 2.000000
-0.045636 0.022826 0.690154 0.895698 0.363780 -0.255714 2.000000
-0.044031 0.022936 0.696355 0.913770 0.248652 -0.321241 2.000000
-0.045377 0.025154 0.689021 0.143371 -0.987302 0.068402 2.000000
-0.040076 0.010827 0.696876 0.881260 0.149305 -0.448428 2.000000
-0.041227 0.023763 0.702159 0.736351 -0.561530 -0.377454 2.000000
-0.042113 0.012735 0.691801 0.916777 -0.002102 -0.399393 2.000000
-0.041923 0.024612 0.700040 0.459724 -0.788301 -0.408944 2.000000
-0.036294 0.015911 0.695357 -0.256372 0.958900 0.121593 2.000000
-0.043304 0.018930 0.694930 0.864263 0.419175 -0.278103 2.000000
-0.043571 0.021360 0.696868 0.929323 0.185534 -0.319274 2.000000
-0.043044 0.015506 0.690991 0.929565 0.288232 -0.229851 2.000000
-0.042243 0.022119 0.700439 0.875748 0.190667 -0.443522 2.000000
-0.044143 0.019584 0.692192 0.915919 0.379831 -0.129694 2.000000
-0.037316 0.015497 0.692290 0.246961 -0.875864 -0.414575 2.000000
-0.042374 0.019454 0.698156 0.820157 0.489689 -0.295882 2.000000
-0.041521 0.020700 0.700998 0.787922 0.339622 -0.513649 2.000000
-0.044480 0.021871 0.694470 0.936324 0.222205 -0.271887 2.000000
-0.042976 0.024848 0.698195 0.460079 -0.850436 -0.255120 2.000000
-0.042776 0.018490 0.695988 0.847771 0.432128 -0.307490 2.000000
-0.040486 0.015081 0.698199 0.905980 0.236524 -0.351079 2.000000
-0.045491 0.024452 0.693092 0.923621 -0.219474 -0.314252 2.000000
-0.044804 0.019685 0.689237 0.932616 0.325462 -0.155890 2.000000
-0.034721 0.016657 0.693248 -0.343727 -0.905204 -0.249917 2.000000
-0.036645 0.015484 0.692992 -0.471634 0.866812 0.161860 2.000000
-0.040658 0.016589 0.699111 0.891663 0.315446 -0.324702 2.000000
-0.041537 0.019034 0.699826 0.856344 0.455274 -0.243724 2.000000
-0.043410 0.023523 0.698464 0.923690 0.029991 -0.381965 2.000000
-0.044602 0.021761 0.693733 0.935209 0.275124 -0.222915 2.000000
-0.042785 0.019012 0.696643 0.790805 0.486762 -0.371067 2.000000
-0.034888 0.016993 0.692171 0.001023 0.935296 0.353864 2.000000
-0.042242 0.017929 0.696367 0.818782 0.382594 -0.428040 2.000000
-0.042104 0.024811 0.699579 0.431057 -0.805759 -0.406130 2.000000
-0.043522 0.019327 0.694783 0.880035 0.392929 -0.266731 2.000000
-0.046237 0.023360 0.688353 0.936303 0.350150 -0.027042 2.000000
-0.042526 0.024923 0.698827 0.360212 -0.898823 -0.249727 2.000000
-0.041855 0.019639 0.699502 0.859592 0.427607 -0.279738 2.000000
-0.043171 0.015744 0.690404 0.928223 0.275898 -0.249564 2.000000
-0.035673 0.017102 0.691986 0.365954 -0.890707 -0.269665 2.000000
-0.041823 0.019468 0.699927 0.836633 0.432181 -0.336547 2.000000
-0.042452 0.017528 0.695853 0.847104 0.306548 -0.434100 2.000000
-0.041157 0.011100 0.694108 0.931560 -0.097924 -0.350152 2.000000
-0.043730 0.020414 0.695668 0.917785 0.298795 -0.261519 2.000000
-0.044011 0.020166 0.694292 0.902166 0.361749 -0.235019 2.000000
-0.043328 0.025067 0.691394 0.633504 0.726112 -0.267272 2.000000
-0.035837 0.016716 0.692464 0.469852 -0.762677 -0.444481 2.000000
-0.040454 0.019989 0.702666 0.906774 0.232303 -0.351845 2.000000
-0.042625 0.010679 0.691656 0.853591 -0.189425 -0.485283 2.000000
-0.045797 0.023355 0.690417 0.879441 0.411280 -0.239652 2.000000
-0.040106 0.009087 0.696938 0.892696 -0.039127 -0.448958 2.000000
-0.044097 0.021960 0.695584 0.919858 0.180122 -0.348450 2.000000
-0.042075 0.010364 0.692715 0.847405 -0.199965 -0.491851 2.000000
-0.040874 0.009121 0.695384 0.869857 -0.104417 -0.482127 2.000000
-0.042615 0.016913 0.693554 0.899855 0.359416 -0.247145 2.000000
-0.043171 0.010403 0.690718 0.887629 -0.155348 -0.433568 2.000000
-0.041101 0.011905 0.694024 0.953385 0.042122 -0.298801 2.000000
-0.035289 0.017217 0.691259 -0.392569 0.908074 0.145914 2.000000
-0.044285 0.018656 0.689795 0.916010 0.350641 -0.194874 2.000000
-0.046526 0.024814 0.687617 -0.734564 0.649940 -0.194923 2.000000
-0.041514 0.015496 0.696032 0.865392 0.303347 -0.398846 2.000000
-0.040595 0.017562 0.700260 0.840230 0.423445 -0.338685 2.000000
-0.043448 0.024609 0.697742 0.684323 -0.695994 -0.217471 2.000000
-0.042292 0.024445 0.699993 0.563143 -0.646650 -0.514503 2.000000
-0.044456 0.018695 0.689097 0.925667 0.349310 -0.145339 2.000000
-0.044747 0.021632 0.692832 0.929353 0.344154 -0.133647 2.000000
-0.043027 0.016300 0.691848 0.912070 0.282734 -0.296969 2.000000
-0.042496 0.014051 0.691101 0.919907 0.237587 -0.311967 2.000000
-0.042613 0.024676 0.694272 0.481544 0.873631 0.069889 2.000000
-0.045346 0.020828 0.688483 0.921150 0.351936 -0.166205 2.000000
-0.045468 0.023351 0.692268 0.934652 0.297202 -0.195183 2.000000
-0.043228 0.015718 0.690219 0.926032 0.283075 -0.249665 2.000000
-0.041322 0.019951 0.700769 0.773443 0.315411 -0.549820 2.000000
-0.042859 0.018734 0.695849 0.851861 0.437832 -0.287464 2.000000
-0.046264 0.023292 0.688111 0.939919 0.339256 -0.038168 2.000000
-0.043286 0.022468 0.698337 0.911049 0.234758 -0.338937 2.000000
-0.041655 0.012670 0.692599 0.908811 0.098287 -0.405464 2.000000
-0.041268 0.013020 0.694061 0.936510 0.148327 -0.317722 2.000000
-0.042336 0.024367 0.694579 0.535745 0.844105 0.021531 2.000000
-0.042045 0.016119 0.694958 0.874616 0.449385 -0.181937 2.000000
-0.040439 0.024130 0.702614 -0.526150 0.717051 0.457169 2.000000
-0.039786 0.012157 0.697701 0.866957 0.170429 -0.468337 2.000000
-0.041605 0.013907 0.693705 0.889635 0.336185 -0.309077 2.000000
-0.042950 0.015587 0.691468 0.915465 0.299756 -0.268457 2.000000
-0.038096 0.017723 0.689279 0.471271 0.881260 -0.035839 2.000000
-0.043583 0.011897 0.689198 0.888203 -0.189021 -0.418768 2.000000
-0.046513 0.024716 0.688068 0.826692 -0.561999 -0.027178 2.000000
-0.040380 0.014976 0.698485 0.854824 0.276234 -0.439285 2.000000
-0.039863 0.010047 0.697157 0.883684 0.053978 -0.464961 2.000000
-0.044695 0.023614 0.695020 0.931265 0.147995 -0.332932 2.000000
-0.043116 0.024851 0.696058 0.011171 -0.997628 -0.067926 2.000000
-0.045973 0.023681 0.690349 0.889841 0.393068 -0.231689 2.000000
-0.040650 0.022556 0.703501 0.815270 0.021552 -0.578680 2.000000
-0.042615 0.021257 0.699121 0.892967 0.272590 -0.358196 2.000000
-0.039775 0.012624 0.698096 0.857911 0.235672 -0.456561 2.000000
-0.046427 0.023664 0.688210 0.964687 0.263328 -0.006139 2.000000
-0.045692 0.025073 0.689837 0.465922 -0.882270 0.067198 2.000000
-0.042845 0.021602 0.698930 0.902869 0.246443 -0.352268 2.000000
-0.042925 0.021250 0.698401 0.896056 0.263257 -0.357463 2.000000
-0.043009 0.015097 0.690356 0.932897 0.239624 -0.268855 2.000000
-0.042812 0.017593 0.694463 0.932095 0.342207 -0.118714 2.000000
-0.042414 0.016756 0.693786 0.916869 0.341282 -0.207069 2.000000
-0.044603 0.019096 0.688271 0.932858 0.342724 -0.110981 2.000000
-0.043161 0.022314 0.698616 0.904382 0.241956 -0.351497 2.000000
-0.043449 0.022270 0.697790 0.920920 0.222363 -0.320095 2.000000
-0.046414 0.023606 0.688807 0.951753 0.301936 -0.054784 2.000000
-0.041314 0.013744 0.694632 0.910644 0.326035 -0.253829 2.000000
-0.044253 0.020229 0.692516 0.938302 0.319087 -0.133318 2.000000
-0.042491 0.023917 0.692594 0.822970 0.526341 -0.213743 2.000000
-0.042257 0.009647 0.692627 0.859393 -0.181438 -0.478042 2.000000
-0.034905 0.016714 0.693482 -0.298286 -0.939641 -0.167634 2.000000
-0.037100 0.016026 0.691471 0.509426 -0.821145 -0.257305 2.000000
-0.042900 0.024474 0.691846 0.704586 0.670665 -0.231877 2.000000
-0.045828 0.023299 0.690165 0.869951 0.417747 -0.262055 2.000000
-0.035655 0.016286 0.695109 0.297730 -0.942078 -0.154424 2.000000
-0.043413 0.013886 0.688758 0.905411 0.014013 -0.424304 2.000000
-0.043789 0.024860 0.690182 -0.572017 -0.775247 0.267935 2.000000
-0.046134 0.024809 0.690822 0.875011 -0.422063 -0.237103 2.000000
-0.040417 0.018536 0.701913 0.895988 0.273159 -0.350129 2.000000
-0.042993 0.015373 0.690748 0.929831 0.285184 -0.232562 2.000000
-0.040868 0.009831 0.695126 0.878250 -0.109303 -0.465542 2.000000
-0.041710 0.016315 0.696159 0.818448 0.322639 -0.475443 2.000000
-0.035450 0.017111 0.692424 -0.218155 0.897641 0.382948 2.000000
-0.042988 0.013853 0.689434 0.920447 0.047837 -0.387929 2.000000
-0.040366 0.009094 0.696313 0.887889 -0.077515 -0.453481 2.000000
-0.042475 0.016710 0.694920 0.898067 0.427386 -0.104003 2.000000
-0.043691 0.017136 0.690361 0.929616 0.278460 -0.241401 2.000000
-0.041227 0.020314 0.701093 0.800967 0.342951 -0.490751 2.000000
-0.045843 0.023883 0.691328 0.956023 0.232656 -0.178580 2.000000
-0.045744 0.024892 0.691388 0.858536 -0.469290 -0.206596 2.000000
-0.040001 0.011744 0.697195 0.848513 0.150977 -0.507180 2.000000
-0.035995 0.015986 0.694499 0.413513 -0.897586 0.152796 2.000000
-0.045578 0.022453 0.689682 0.894272 0.352604 -0.275587 2.000000
-0.043602 0.016060 0.689505 0.909550 0.286710 -0.300858 2.000000
-0.040692 0.010128 0.695416 0.887936 -0.081730 -0.452648 2.000000
-0.043712 0.018700 0.691629 0.907791 0.356881 -0.220343 2.000000
-0.039817 0.015899 0.700310 0.835035 0.383059 -0.394946 2.000000
-0.040208 0.017019 0.700467 0.856334 0.395599 -0.331954 2.000000
-0.042479 0.016898 0.694166 0.908957 0.404091 -0.102503 2.000000
-0.041796 0.020682 0.700640 0.796181 0.303656 -0.523345 2.000000
-0.044059 0.021195 0.695357 0.929382 0.215438 -0.299726 2.000000
-0.042087 0.014927 0.693675 0.865559 0.318030 -0.386866 2.000000
-0.045629 0.023360 0.691319 0.915265 0.368403 -0.163002 2.000000
-0.036196 0.016021 0.696543 -0.401408 -0.800175 -0.445636 2.000000
-0.045767 0.023619 0.691299 0.930651 0.320430 -0.176672 2.000000
-0.043052 0.013303 0.689436 0.899231 -0.097099 -0.426563 2.000000
-0.042211 0.016183 0.694109 0.913008 0.349549 -0.210314 2.000000
-0.042445 0.014228 0.691385 0.914797 0.265524 -0.304375 2.000000
-0.039810 0.011157 0.697469 0.847380 0.133594 -0.513906 2.000000
-0.040334 0.011017 0.696421 0.923177 0.143879 -0.356431 2.000000
-0.045498 0.023289 0.692089 0.928523 0.323962 -0.181366 2.000000
-0.034392 0.015690 0.695095 0.860050 0.486441 0.153913 2.000000
-0.043426 0.016260 0.690144 0.926629 0.287139 -0.242714 2.000000
-0.046424 0.023783 0.689083 0.964405 0.230654 -0.129312 2.000000
-0.042408 0.018644 0.696809 0.791370 0.451928 -0.411697 2.000000
-0.043012 0.016573 0.692212 0.916036 0.277961 -0.289164 2.000000
-0.043748 0.018846 0.692392 0.920325 0.383424 -0.077377 2.000000
-0.039688 0.011036 0.697701 0.856108 0.128405 -0.500591 2.000000
-0.041549 0.015800 0.696122 0.859106 0.310329 -0.406980 2.000000
-0.041031 0.023783 0.696820 -0.581883 -0.800894 0.141353 2.000000
-0.043425 0.015448 0.689654 0.914745 0.279196 -0.292046 2.000000
-0.038526 0.018296 0.693855 0.844771 0.450646 -0.288584 2.000000
-0.043019 0.022026 0.698855 0.903412 0.240336 -0.355086 2.000000
-0.042724 0.020699 0.698664 0.895074 0.279490 -0.347461 2.000000
-0.045505 0.022433 0.690235 0.920746 0.322413 -0.219719 2.000000
-0.044604 0.021239 0.692481 0.932669 0.323303 -0.160014 2.000000
-0.044713 0.023852 0.695148 0.922180 0.036403 -0.385043 2.000000
-0.040887 0.010621 0.694938 0.902149 -0.105295 -0.418379 2.000000
-0.042666 0.024623 0.692781 0.736792 0.649191 -0.188914 2.000000
-0.043633 0.018763 0.693607 0.863553 0.455197 -0.216963 2.000000
-0.044506 0.024422 0.695942 0.833399 -0.399297 -0.382110 2.000000
-0.043458 0.019925 0.695940 0.894733 0.379891 -0.234808 2.000000
-0.040778 0.020788 0.702122 0.892271 0.235148 -0.385431 2.000000
-0.042071 0.018181 0.697053 0.818308 0.420104 -0.392282 2.000000
-0.044114 0.025327 0.692816 -0.070681 0.997320 -0.018879 2.000000
-0.045459 0.022019 0.689828 0.905666 0.334246 -0.260861 2.000000
-0.041134 0.011852 0.694227 0.943362 0.044731 -0.328736 2.000000
-0.040005 0.013829 0.698307 0.829815 0.309596 -0.464282 2.000000
-0.045224 0.023253 0.693428 0.931232 0.243374 -0.271249 2.000000
-0.041253 0.015551 0.696544 0.865254 0.255058 -0.431602 2.000000
-0.041403 0.012366 0.693517 0.957914 0.054942 -0.281748 2.000000
-0.037307 0.016340 0.689994 -0.102110 0.936281 0.336084 2.000000
-0.041001 0.021633 0.702448 0.860448 0.284144 -0.422956 2.000000
-0.039197 0.022356 0.699972 -0.119392 0.308562 0.943682 2.000000
-0.042542 0.012602 0.690906 0.878775 -0.120261 -0.461836 2.000000
-0.039975 0.010543 0.697041 0.886758 0.107144 -0.449644 2.000000
-0.042585 0.024986 0.697437 0.270040 -0.958115 -0.095365 2.000000
-0.042328 0.023854 0.700517 0.781532 -0.372990 -0.500087 2.000000
-0.042933 0.019092 0.696485 0.808815 0.470395 -0.352912 2.000000
-0.034577 0.015343 0.697162 -0.532463 -0.527040 -0.662354 2.000000
-0.044154 0.021081 0.694954 0.926252 0.238822 -0.291586 2.000000
-0.045677 0.021670 0.688018 0.936361 0.330224 -0.119083 2.000000
-0.043355 0.021218 0.697453 0.890756 0.243312 -0.383866 2.000000
-0.043070 0.018040 0.693731 0.869921 0.445807 -0.210937 2.000000
-0.042070 0.021438 0.700456 0.863791 0.219371 -0.453587 2.000000
-0.044955 0.022169 0.692922 0.926531 0.341176 -0.158551 2.000000
-0.045601 0.024270 0.692676 0.942221 -0.072126 -0.327136 2.000000
-0.043114 0.018338 0.694453 0.871532 0.437015 -0.222375 2.000000
-0.046084 0.024296 0.691059 0.979211 -0.031174 -0.200434 2.000000
-0.042866 0.012460 0.690373 0.881500 -0.166123 -0.441996 2.000000
-0.043399 0.019637 0.695727 0.883939 0.403507 -0.236293 2.000000
-0.042117 0.019417 0.698669 0.795004 0.489857 -0.357783 2.000000
-0.043433 0.013619 0.688936 0.899665 -0.050712 -0.433626 2.000000
-0.044497 0.019135 0.689769 0.920250 0.337837 -0.197500 2.000000
-0.041374 0.009902 0.694280 0.877946 -0.174937 -0.445654 2.000000
-0.046030 0.022999 0.688208 0.938521 0.343853 -0.030721 2.000000
-0.041626 0.020518 0.690602 -0.135392 0.814664 0.563907 2.000000
-0.042123 0.019934 0.699244 0.865044 0.396797 -0.307004 2.000000
-0.042919 0.014130 0.689975 0.928412 0.185817 -0.321750 2.000000
-0.041080 0.011225 0.694270 0.927744 -0.080509 -0.364430 2.000000
-0.043280 0.016804 0.691593 0.925759 0.266272 -0.268460 2.000000
-0.045888 0.022398 0.689057 0.920657 0.348676 -0.175542 2.000000
-0.043753 0.021148 0.696114 0.936635 0.184956 -0.297499 2.000000
-0.043132 0.024633 0.691308 0.766060 0.552595 -0.328316 2.000000
-0.041231 0.010135 0.694469 0.875258 -0.168745 -0.453264 2.000000
-0.038183 0.017277 0.691743 -0.633730 -0.773265 -0.021132 2.000000
-0.044919 0.020555 0.689939 0.932302 0.329147 -0.149917 2.000000
-0.041558 0.024215 0.701081 0.501009 -0.729365 -0.465851 2.000000
-0.043679 0.017595 0.690823 0.930842 0.255671 -0.261084 2.000000
-0.045167 0.022447 0.692115 0.923137 0.347234 -0.165066 2.000000
-0.043733 0.024712 0.696722 0.632310 -0.712618 -0.303907 2.000000
-0.036693 0.017230 0.696203 0.780198 0.552880 -0.292599 2.000000
-0.036221 0.016650 0.690622 -0.498221 0.853135 0.154714 2.000000
-0.045804 0.022057 0.688188 0.936993 0.334839 -0.099632 2.000000
-0.034162 0.014817 0.696421 0.831232 0.498621 0.245827 2.000000
-0.043496 0.024356 0.698169 0.866499 -0.370340 -0.334705 2.000000
-0.034846 0.016278 0.695562 -0.445005 -0.854987 -0.266397 2.000000
-0.044141 0.023172 0.696117 0.899753 0.262205 -0.348846 2.000000
-0.042031 0.016770 0.695963 0.816932 0.329328 -0.473461 2.000000
-0.046038 0.022921 0.688607 0.929911 0.356318 -0.091121 2.000000
-0.044325 0.024944 0.689155 -0.527533 -0.802902 0.277590 2.000000
-0.042183 0.020942 0.700128 0.877659 0.234196 -0.418172 2.000000
-0.039752 0.011525 0.697704 0.847554 0.153731 -0.507955 2.000000
-0.040862 0.014335 0.696365 0.872070 0.328233 -0.362983 2.000000
-0.044024 0.025023 0.695127 0.209579 -0.857128 -0.470541 2.000000
-0.037142 0.016863 0.689558 -0.164216 0.887889 0.429752 2.000000
-0.041026 0.016182 0.697318 0.896208 0.264334 -0.356285 2.000000
-0.045343 0.024824 0.693199 0.918956 -0.299451 -0.256612 2.000000
-0.042516 0.019698 0.698188 0.846639 0.441675 -0.296858 2.000000
-0.043090 0.022283 0.698836 0.900875 0.223879 -0.371889 2.000000
-0.043733 0.020145 0.695281 0.900291 0.353171 -0.254452 2.000000
-0.041488 0.018357 0.698800 0.857157 0.437341 -0.272057 2.000000
-0.035817 0.014993 0.697133 -0.098162 -0.863911 -0.493985 2.000000
-0.042556 0.014659 0.691543 0.908102 0.301135 -0.290978 2.000000
-0.036744 0.015807 0.692242 0.567856 -0.727188 -0.385664 2.000000
-0.036970 0.016446 0.689847 -0.358517 0.885104 0.296743 2.000000
-0.044443 0.020617 0.692177 0.920185 0.330829 -0.209313 2.000000
-0.036091 0.016358 0.692637 0.593677 -0.675635 -0.437109 2.000000
-0.041420 0.020985 0.701317 0.791223 0.337389 -0.510035 2.000000
-0.044446 0.019377 0.690447 0.913534 0.347239 -0.211852 2.000000
-0.042346 0.014717 0.692419 0.935660 0.288480 -0.203274 2.000000
-0.040769 0.019425 0.701460 0.891396 0.248505 -0.379023 2.000000
-0.043086 0.013564 0.689343 0.899276 -0.076895 -0.430570 2.000000
-0.042379 0.021596 0.700087 0.877248 0.219049 -0.427147 2.000000
-0.035402 0.017242 0.691516 -0.334578 0.921898 0.195349 2.000000
-0.035621 0.015959 0.694146 -0.410577 0.887141 -0.210730 2.000000
-0.046212 0.024885 0.689073 0.823035 -0.563869 -0.068297 2.000000
-0.041864 0.013108 0.692534 0.903858 0.203438 -0.376368 2.000000
-0.044892 0.020776 0.691210 0.916612 0.341040 -0.208599 2.000000
-0.043742 0.020794 0.695955 0.931436 0.225539 -0.285587 2.000000
-0.043853 0.021469 0.695985 0.929266 0.185940 -0.319204 2.000000
-0.045353 0.022884 0.692019 0.925752 0.345004 -0.154775 2.000000
-0.044799 0.023382 0.694566 0.925880 0.204102 -0.317944 2.000000
-0.040684 0.020814 0.702805 0.895522 0.214258 -0.390044 2.000000
-0.041723 0.015940 0.695959 0.834120 0.347883 -0.428043 2.000000
-0.040116 0.023430 0.703852 0.740747 -0.332415 -0.583775 2.000000
-0.040517 0.011567 0.696127 0.957651 0.145813 -0.248281 2.000000
-0.040666 0.023710 0.703008 0.630371 -0.520835 -0.575642 2.000000
-0.043227 0.011750 0.690014 0.886652 -0.204404 -0.414809 2.000000
-0.042130 0.014756 0.693555 0.874214 0.315083 -0.369423 2.000000
-0.045130 0.022034 0.691509 0.946745 0.267301 -0.179509 2.000000
-0.044207 0.023849 0.696612 0.926187 0.016631 -0.376698 2.000000
-0.034062 0.015162 0.694763 0.896695 0.428274 0.111890 2.000000
-0.045583 0.025161 0.690810 0.527737 -0.834813 -0.156783 2.000000
-0.044526 0.024955 0.688876 -0.449717 -0.847295 0.282569 2.000000
-0.043137 0.020535 0.697367 0.866685 0.280076 -0.412814 2.000000
-0.034688 0.016545 0.693632 0.202583 0.957259 0.206435 2.000000
-0.035050 0.016358 0.695362 -0.197082 -0.943161 -0.267594 2.000000
-0.040873 0.022189 0.702978 0.838883 0.203432 -0.504866 2.000000
-0.042328 0.015242 0.693344 0.912290 0.246841 -0.326796 2.000000
-0.042575 0.021567 0.699649 0.884418 0.248889 -0.394789 2.000000
-0.044253 0.018269 0.688944 0.940777 0.299153 -0.159518 2.000000
-0.044338 0.019379 0.690736 0.903499 0.365084 -0.224508 2.000000
-0.043398 0.019357 0.695072 0.869199 0.409857 -0.276604 2.000000
-0.042854 0.017545 0.694210 0.911857 0.394134 -0.114779 2.000000
-0.042271 0.010658 0.692230 0.849818 -0.203048 -0.486396 2.000000
-0.045660 0.023734 0.692073 0.954006 0.217277 -0.206551 2.000000
-0.039923 0.013543 0.698363 0.832783 0.309160 -0.459230 2.000000
-0.043964 0.022441 0.696217 0.924661 0.209461 -0.318007 2.000000
-0.043094 0.015035 0.690178 0.935662 0.242788 -0.256105 2.000000
-0.041222 0.009338 0.694745 0.873966 -0.145695 -0.463634 2.000000
-0.041951 0.021368 0.700706 0.853599 0.232694 -0.466071 2.000000
-0.044253 0.022218 0.695344 0.910462 0.215345 -0.353108 2.000000
-0.034399 0.016004 0.694149 0.745562 0.643392 0.173737 2.000000
-0.042141 0.020854 0.689811 -0.116579 0.943901 0.308967 2.000000
-0.044431 0.022471 0.695176 0.910627 0.242349 -0.334701 2.000000
-0.040910 0.017508 0.699208 0.886863 0.364407 -0.284046 2.000000
-0.041615 0.022558 0.701864 0.866484 0.142127 -0.478546 2.000000
-0.045193 0.021500 0.689916 0.946794 0.278259 -0.161716 2.000000
-0.044623 0.021611 0.693581 0.938163 0.295365 -0.180579 2.000000
-0.041085 0.024093 0.701559 -0.522278 0.761714 0.383429 2.000000
-0.042431 0.015314 0.692323 0.928589 0.299875 -0.218625 2.000000
-0.041970 0.024077 0.700947 0.641855 -0.559622 -0.524257 2.000000
-0.041470 0.012573 0.693272 0.942512 0.087553 -0.322499 2.000000
-0.035637 0.016939 0.692204 0.398550 -0.852297 -0.338744 2.000000
-0.041160 0.017791 0.698556 0.878735 0.367083 -0.305083 2.000000
-0.040216 0.010819 0.696659 0.890604 0.143449 -0.431564 2.000000
-0.042823 0.012899 0.690235 0.906764 -0.148513 -0.394618 2.000000
-0.042947 0.011743 0.690332 0.868099 -0.214241 -0.447777 2.000000
-0.041708 0.009814 0.693532 0.873441 -0.198329 -0.444710 2.000000
-0.043971 0.023900 0.697228 0.923377 -0.097844 -0.371216 2.000000
-0.044239 0.018699 0.689977 0.910113 0.349855 -0.222028 2.000000
-0.034962 0.016085 0.696121 -0.175727 -0.911296 -0.372371 2.000000
-0.043341 0.024846 0.695642 0.091492 -0.985224 -0.144786 2.000000
-0.044307 0.021451 0.694575 0.934275 0.215990 -0.283687 2.000000
-0.045730 0.023244 0.690579 0.897347 0.395711 -0.195397 2.000000
-0.043497 0.018448 0.693334 0.873264 0.447485 -0.192785 2.000000
-0.041393 0.022344 0.702144 0.847525 0.239006 -0.473896 2.000000
-0.035106 0.016825 0.693044 -0.010286 0.920406 0.390829 2.000000
-0.037351 0.016042 0.690093 0.366977 -0.841422 -0.396657 2.000000
-0.041754 0.021651 0.701304 0.840343 0.256398 -0.477580 2.000000
-0.043417 0.017713 0.691920 0.939046 0.291771 -0.181833 2.000000
-0.043959 0.021809 0.695844 0.921906 0.169469 -0.348381 2.000000
-0.042428 0.024436 0.695044 -0.371590 -0.926919 -0.052362 2.000000
-0.046157 0.023553 0.689707 0.890276 0.359864 -0.279118 2.000000
-0.043314 0.017620 0.692503 0.906771 0.361966 -0.216213 2.000000
-0.041329 0.017715 0.698241 0.865378 0.383839 -0.322162 2.000000
-0.045833 0.022896 0.689638 0.881590 0.378163 -0.282473 2.000000
-0.043498 0.021545 0.697176 0.923264 0.193453 -0.331903 2.000000
-0.042833 0.022262 0.699359 0.892472 0.191494 -0.408441 2.000000
-0.045940 0.024954 0.690351 0.684352 -0.727148 -0.054008 2.000000
-0.042073 0.018617 0.697456 0.823266 0.439458 -0.359318 2.000000
-0.040393 0.013532 0.697047 0.917913 0.250028 -0.308093 2.000000
-0.039608 0.014060 0.698893 0.784279 0.318818 -0.532224 2.000000
-0.042929 0.015852 0.691708 0.909049 0.303400 -0.285619 2.000000
-0.041135 0.014342 0.695786 0.863575 0.343827 -0.368810 2.000000
-0.043151 0.024780 0.695223 -0.235722 -0.969722 -0.063837 2.000000
-0.040218 0.023773 0.703239 0.618609 -0.504682 -0.602178 2.000000
-0.043753 0.016688 0.689619 0.918671 0.279291 -0.279357 2.000000
-0.042468 0.022484 0.700206 0.886678 0.160918 -0.433483 2.000000
-0.041007 0.013122 0.695307 0.935972 0.206698 -0.285011 2.000000
-0.041721 0.024481 0.700456 0.456149 -0.746246 -0.484815 2.000000
-0.044523 0.019969 0.691063 0.901556 0.394877 -0.176831 2.000000
-0.037932 0.017021 0.693605 0.828217 0.517900 -0.214095 2.000000
-0.035134 0.017073 0.691196 -0.300345 0.932215 0.201910 2.000000
-0.040881 0.020139 0.701924 0.899487 0.263967 -0.348201 2.000000
-0.044292 0.024504 0.688643 -0.599550 -0.744980 0.292480 2.000000
-0.044625 0.023579 0.695352 0.918396 0.131251 -0.373258 2.000000
-0.042285 0.012052 0.691609 0.875080 -0.165229 -0.454900 2.000000
-0.043519 0.015735 0.689583 0.911752 0.282359 -0.298298 2.000000
-0.042903 0.014340 0.690252 0.932138 0.211157 -0.294162 2.000000
-0.044855 0.024226 0.687117 -0.113887 0.017084 0.993347 2.000000
-0.042435 0.013583 0.691103 0.929528 0.155695 -0.334270 2.000000
-0.042839 0.020935 0.698468 0.900974 0.263382 -0.344783 2.000000
-0.044394 0.020761 0.693833 0.931831 0.305126 -0.196443 2.000000
-0.040605 0.012765 0.696090 0.956998 0.125814 -0.261391 2.000000
-0.044588 0.022976 0.695162 0.915964 0.228234 -0.330029 2.000000
-0.034423 0.016442 0.692820 -0.329570 -0.863931 -0.380799 2.000000
-0.043717 0.018486 0.692314 0.925648 0.365493 -0.097935 2.000000
-0.044714 0.024252 0.695072 0.888807 -0.123923 -0.441208 2.000000
-0.036249 0.016022 0.695968 -0.093953 0.984313 0.149333 2.000000
-0.045768 0.024148 0.692173 0.968040 0.053802 -0.244958 2.000000
-0.042577 0.018512 0.696466 0.811375 0.444899 -0.379124 2.000000
-0.036355 0.015730 0.693018 0.554877 -0.797269 -0.237645 2.000000
-0.041733 0.011699 0.692576 0.874861 -0.145884 -0.461882 2.000000
-0.040830 0.018412 0.700834 0.866923 0.334457 -0.369572 2.000000
-0.044248 0.017925 0.688470 0.953268 0.256569 -0.159541 2.000000
-0.038773 0.019118 0.694503 0.786082 0.521939 -0.331143 2.000000
-0.040184 0.023576 0.703532 0.705206 -0.387688 -0.593618 2.000000
-0.040546 0.024145 0.702277 -0.574501 0.699706 0.424689 2.000000
-0.039870 0.015810 0.700085 0.824485 0.388161 -0.411771 2.000000
-0.042575 0.016969 0.694683 0.910515 0.410203 -0.051934 2.000000
-0.044268 0.024609 0.695622 0.715867 -0.610536 -0.338794 2.000000
-0.041298 0.023538 0.702489 0.783306 -0.417424 -0.460639 2.000000
-0.046449 0.023838 0.688419 0.978429 0.204682 -0.027955 2.000000
-0.042747 0.020371 0.697729 0.873796 0.336039 -0.351508 2.000000
-0.041447 0.015227 0.695884 0.894955 0.296696 -0.333207 2.000000
-0.041676 0.021831 0.701492 0.841484 0.250146 -0.478885 2.000000
-0.042221 0.018335 0.696848 0.806890 0.419695 -0.415673 2.000000
-0.043122 0.021806 0.698220 0.908452 0.239832 -0.342338 2.000000
-0.042187 0.017499 0.696112 0.820521 0.350706 -0.451387 2.000000
-0.039692 0.010856 0.697378 0.855782 0.144768 -0.496668 2.000000
-0.036752 0.016275 0.691433 0.601537 -0.750317 -0.274186 2.000000
-0.042728 0.024443 0.692292 0.733965 0.644164 -0.215285 2.000000
-0.044519 0.019706 0.690636 0.915175 0.354963 -0.190933 2.000000
-0.044413 0.021458 0.694317 0.940473 0.233247 -0.247198 2.000000
-0.043169 0.022064 0.698313 0.905647 0.248083 -0.343886 2.000000
-0.036367 0.015870 0.694451 0.283381 -0.929022 0.237938 2.000000
-0.043360 0.021889 0.697599 0.913201 0.220071 -0.342975 2.000000
-0.041466 0.018805 0.699740 0.859422 0.444090 -0.253335 2.000000
-0.044352 0.025075 0.689542 -0.459845 -0.842083 0.281848 2.000000
-0.042603 0.017145 0.694426 0.919653 0.389492 -0.050342 2.000000
-0.043335 0.010452 0.690173 0.893384 -0.169669 -0.416025 2.000000
-0.034657 0.016671 0.693099 -0.308221 -0.893746 -0.325911 2.000000
-0.040915 0.019731 0.701308 0.870429 0.281968 -0.403543 2.000000
-0.041787 0.014096 0.693200 0.866396 0.375664 -0.328990 2.000000
-0.043683 0.018307 0.691507 0.921094 0.325517 -0.213600 2.000000
-0.034963 0.016056 0.696400 -0.177645 -0.906042 -0.384095 2.000000
-0.043412 0.023766 0.698595 0.918167 -0.057949 -0.391932 2.000000
-0.039898 0.014348 0.698818 0.799262 0.314495 -0.512127 2.000000
-0.041847 0.012103 0.692283 0.880491 -0.068283 -0.469119 2.000000
-0.044384 0.018678 0.689527 0.922513 0.350548 -0.161514 2.000000
-0.040965 0.011273 0.694647 0.923211 -0.022238 -0.383650 2.000000
-0.043306 0.010129 0.690431 0.892556 -0.146546 -0.426460 2.000000
-0.036940 0.016179 0.691120 0.588056 -0.749712 -0.303516 2.000000
-0.039773 0.015188 0.699498 0.828100 0.356989 -0.432214 2.000000
-0.043015 0.024905 0.697648 0.368538 -0.919864 -0.134275 2.000000
-0.037089 0.016166 0.690307 -0.359707 0.860883 0.359849 2.000000
-0.042508 0.024998 0.697991 0.362464 -0.923089 -0.128554 2.000000
-0.042272 0.020396 0.699529 0.893788 0.305677 -0.328183 2.000000
-0.041946 0.010425 0.692920 0.854124 -0.200994 -0.479661 2.000000
-0.043964 0.020800 0.695195 0.922136 0.248691 -0.296341 2.000000
-0.041610 0.013670 0.693204 0.888466 0.303884 -0.343923 2.000000
-0.041985 0.020179 0.700104 0.848011 0.329577 -0.415037 2.000000
-0.041234 0.014098 0.695525 0.896880 0.310368 -0.315084 2.000000
-0.044969 0.023092 0.693910 0.922836 0.236312 -0.304189 2.000000
-0.039922 0.014734 0.699010 0.809709 0.315191 -0.495001 2.000000
-0.044534 0.021164 0.693463 0.945855 0.294406 -0.136687 2.000000
-0.045930 0.023442 0.689977 0.876260 0.392172 -0.279945 2.000000
-0.042058 0.024218 0.700544 0.560084 -0.657264 -0.504291 2.000000
-0.035083 0.016634 0.694555 0.042237 -0.988173 -0.147412 2.000000
-0.041300 0.023262 0.695225 0.563806 0.825562 -0.023896 2.000000
-0.043107 0.022584 0.698861 0.901812 0.201870 -0.382077 2.000000
-0.044050 0.017186 0.689087 0.957832 0.199067 -0.207196 2.000000
-0.043424 0.015791 0.689753 0.916604 0.278644 -0.286694 2.000000
-0.040912 0.012061 0.694845 0.934479 0.057716 -0.351310 2.000000
-0.043951 0.019361 0.692520 0.929137 0.361480 -0.077695 2.000000
-0.041195 0.009784 0.694636 0.876490 -0.155678 -0.455554 2.000000
-0.045842 0.025028 0.689378 0.613801 -0.789444 -0.005241 2.000000
-0.043594 0.017302 0.691000 0.930838 0.252313 -0.264347 2.000000
-0.041977 0.014494 0.693521 0.858461 0.357939 -0.367320 2.000000
-0.041715 0.015016 0.694256 0.882461 0.278170 -0.379320 2.000000
-0.046643 0.024456 0.688030 0.961157 -0.274050 0.032768 2.000000
-0.035239 0.016022 0.696314 0.029572 -0.923527 -0.382392 2.000000
-0.046021 0.024802 0.691033 0.853918 -0.461213 -0.241053 2.000000
-0.041324 0.010621 0.694029 0.897629 -0.158911 -0.411108 2.000000
-0.040778 0.012011 0.695127 0.944411 0.090309 -0.316119 2.000000
-0.042306 0.010760 0.692022 0.846728 -0.207695 -0.489811 2.000000
-0.036852 0.016071 0.695134 0.223002 0.939491 -0.260051 2.000000
-0.040338 0.017524 0.701047 0.866969 0.396583 -0.301804 2.000000
-0.041028 0.009538 0.694951 0.872231 -0.130460 -0.471373 2.000000
-0.046482 0.024222 0.688514 0.996038 0.029599 -0.083856 2.000000
-0.042755 0.023453 0.699849 0.858517 -0.044175 -0.510880 2.000000
-0.040672 0.011695 0.695318 0.943243 0.076084 -0.323271 2.000000
-0.044911 0.025144 0.692868 0.694113 -0.718710 -0.040788 2.000000
-0.039510 0.012779 0.698540 0.862774 0.247622 -0.440799 2.000000
-0.042748 0.018150 0.695311 0.902626 0.337246 -0.267454 2.000000
-0.037969 0.016970 0.692297 0.679387 0.664591 0.311052 2.000000
-0.043844 0.021164 0.695884 0.931735 0.189806 -0.309586 2.000000
-0.044614 0.024924 0.694924 0.700720 -0.471864 -0.535104 2.000000
-0.039562 0.013117 0.698604 0.833866 0.284745 -0.472851 2.000000
-0.040119 0.013096 0.697395 0.878852 0.264519 -0.397050 2.000000
-0.045410 0.022314 0.690451 0.942036 0.294795 -0.160202 2.000000
-0.040653 0.018786 0.701204 0.885745 0.275465 -0.373596 2.000000
-0.041187 0.018373 0.699964 0.857041 0.413936 -0.306819 2.000000
-0.043534 0.022149 0.697489 0.925135 0.210124 -0.316186 2.000000
-0.044548 0.019840 0.690884 0.906934 0.382309 -0.176949 2.000000
-0.045351 0.024612 0.693526 0.947076 -0.264787 -0.181478 2.000000
-0.044847 0.023002 0.694169 0.924298 0.235164 -0.300617 2.000000
-0.044618 0.020316 0.691464 0.891736 0.382954 -0.241151 2.000000
-0.043595 0.019742 0.694997 0.890631 0.372017 -0.261494 2.000000
-0.044478 0.023603 0.695859 0.929366 0.113075 -0.351414 2.000000
-0.041458 0.013521 0.693827 0.930588 0.253666 -0.263929 2.000000
-0.043332 0.015118 0.689494 0.923223 0.254212 -0.288159 2.000000
-0.039690 0.012036 0.697955 0.865286 0.179370 -0.468089 2.000000
-0.040826 0.022749 0.703282 0.829086 -0.003923 -0.559107 2.000000
-0.041292 0.012362 0.693977 0.957123 0.078443 -0.278860 2.000000
-0.034310 0.016166 0.693160 -0.574540 -0.787765 -0.222102 2.000000
-0.042651 0.017293 0.695164 0.929267 0.302144 -0.212538 2.000000
-0.042494 0.015385 0.692365 0.926499 0.297131 -0.230894 2.000000
-0.042101 0.018911 0.697840 0.817029 0.488459 -0.306385 2.000000
-0.034839 0.015785 0.696827 -0.252421 -0.839048 -0.481957 2.000000
-0.042234 0.011074 0.692127 0.838746 -0.236864 -0.490306 2.000000
-0.042464 0.020189 0.698750 0.858572 0.346006 -0.378331 2.000000
-0.041614 0.018389 0.698562 0.840698 0.433947 -0.323907 2.000000
-0.040700 0.013661 0.696076 0.926552 0.206768 -0.314243 2.000000
-0.043247 0.024418 0.698668 0.815335 -0.421116 -0.397354 2.000000
-0.044538 0.019048 0.689368 0.924411 0.353188 -0.143953 2.000000
-0.042482 0.014962 0.692282 0.928353 0.306271 -0.210614 2.000000
-0.042771 0.011432 0.691039 0.851792 -0.232328 -0.469546 2.000000
-0.041697 0.010629 0.693232 0.866580 -0.215923 -0.449908 2.000000
-0.034857 0.015501 0.697198 0.312436 0.752489 0.579780 2.000000
-0.042352 0.016680 0.695482 0.869973 0.411319 -0.271963 2.000000
-0.041901 0.012460 0.692189 0.891709 0.036755 -0.451114 2.000000
-0.042962 0.017361 0.693280 0.878333 0.401471 -0.259523 2.000000
-0.041422 0.017430 0.697619 0.852562 0.395471 -0.341673 2.000000
-0.041141 0.015258 0.696744 0.867344 0.274671 -0.415054 2.000000
-0.043454 0.011618 0.689429 0.891154 -0.201269 -0.406614 2.000000
-0.044469 0.022674 0.695026 0.912941 0.243026 -0.327837 2.000000
-0.040637 0.024020 0.702779 0.578119 -0.660891 -0.478540 2.000000
-0.042777 0.018321 0.695620 0.876664 0.367014 -0.311065 2.000000
-0.045242 0.024369 0.694092 0.955272 -0.053267 -0.290893 2.000000
-0.041994 0.012788 0.692127 0.913625 0.060199 -0.402076 2.000000
-0.043636 0.021385 0.696544 0.941784 0.168104 -0.291176 2.000000
-0.044047 0.019282 0.691721 0.888689 0.407957 -0.209293 2.000000
-0.033920 0.014678 0.695200 0.895833 0.429237 0.115057 2.000000
-0.043811 0.022531 0.696713 0.938253 0.212155 -0.273260 2.000000
-0.044351 0.021864 0.694693 0.932841 0.215488 -0.288743 2.000000
-0.042813 0.018427 0.695345 0.904668 0.344128 -0.251300 2.000000
-0.040537 0.020420 0.702819 0.901415 0.228990 -0.367442 2.000000
-0.042435 0.024270 0.700043 0.676680 -0.532624 -0.508346 2.000000
-0.044355 0.023230 0.695758 0.906058 0.244349 -0.345475 2.000000
-0.046610 0.024047 0.688037 0.991361 0.114782 0.063464 2.000000
-0.045151 0.022534 0.692538 0.925034 0.344468 -0.160169 2.000000
-0.039663 0.014367 0.699158 0.785578 0.321597 -0.528624 2.000000
-0.040785 0.015853 0.697631 0.923433 0.228323 -0.308446 2.000000
-0.034824 0.016690 0.693663 0.397963 0.898732 0.184137 2.000000
-0.044373 0.018315 0.688663 0.939229 0.309639 -0.148231 2.000000
-0.041186 0.016951 0.697800 0.882864 0.366661 -0.293445 2.000000
-0.042562 0.020653 0.698896 0.883487 0.280592 -0.375124 2.000000
-0.040474 0.023209 0.703650 0.744860 -0.221303 -0.629451 2.000000
-0.042132 0.022200 0.700671 0.878356 0.198793 -0.434709 2.000000
-0.040325 0.010617 0.696010 0.923911 0.061307 -0.377664 2.000000
-0.034506 0.016566 0.692642 -0.175894 -0.900534 -0.397617 2.000000
-0.041506 0.012842 0.693046 0.925972 0.134471 -0.352835 2.000000
-0.037924 0.019972 0.697862 -0.058802 0.942937 -0.327737 2.000000
-0.044585 0.023986 0.695465 0.934659 -0.083072 -0.345704 2.000000
-0.040576 0.022495 0.703664 0.831018 -0.037893 -0.554953 2.000000
-0.044634 0.023320 0.695212 0.918840 0.217056 -0.329576 2.000000
-0.045481 0.021074 0.688261 0.920663 0.358980 -0.153340 2.000000
-0.042892 0.018199 0.695059 0.922641 0.320301 -0.214804 2.000000
-0.042662 0.020069 0.698268 0.869191 0.365494 -0.333047 2.000000
-0.041569 0.018064 0.698064 0.846531 0.412671 -0.336286 2.000000
-0.044419 0.019108 0.689992 0.912686 0.351534 -0.208396 2.000000
-0.042714 0.024011 0.699853 0.796964 -0.284953 -0.532587 2.000000
-0.042598 0.022854 0.700110 0.897496 0.097944 -0.430008 2.000000
-0.041226 0.012020 0.693842 0.956620 0.047669 -0.287412 2.000000
-0.043447 0.020269 0.696657 0.904003 0.298382 -0.306182 2.000000
-0.042416 0.019860 0.698605 0.850066 0.394600 -0.348826 2.000000
-0.043961 0.019735 0.693806 0.913195 0.349009 -0.210397 2.000000
-0.041369 0.019697 0.688702 -0.202936 0.673016 -0.711243 2.000000
-0.043053 0.024922 0.696464 0.150480 -0.987142 -0.053906 2.000000
-0.040893 0.023975 0.702677 0.646855 -0.618728 -0.445819 2.000000
-0.042292 0.014054 0.691555 0.926630 0.243225 -0.286704 2.000000
-0.034621 0.015896 0.696053 -0.634697 -0.724787 -0.268036 2.000000
-0.038624 0.017760 0.691217 -0.647923 -0.761590 -0.013311 2.000000
-0.040088 0.012652 0.697277 0.871285 0.182625 -0.455534 2.000000
-0.046376 0.024240 0.689796 0.973994 -0.053512 -0.220163 2.000000
-0.041418 0.010433 0.693915 0.877649 -0.196414 -0.437211 2.000000
-0.045191 0.021424 0.690236 0.952659 0.272286 -0.135281 2.000000
-0.045286 0.022315 0.690935 0.945409 0.286633 -0.155060 2.000000
-0.040852 0.016443 0.698171 0.912846 0.311748 -0.263675 2.000000
-0.037584 0.016681 0.690429 -0.372408 -0.916918 -0.143436 2.000000
-0.043021 0.020175 0.697348 0.847127 0.350193 -0.399675 2.000000
-0.043108 0.015385 0.690421 0.928411 0.271709 -0.253432 2.000000
-0.042319 0.024564 0.699785 0.528897 -0.709026 -0.466422 2.000000
-0.043448 0.024149 0.698523 0.886086 -0.267643 -0.378442 2.000000
-0.041292 0.018774 0.699101 0.866301 0.439338 -0.237708 2.000000
-0.043299 0.024078 0.698701 0.883841 -0.264999 -0.385489 2.000000
-0.043317 0.011319 0.690027 0.896893 -0.185171 -0.401615 2.000000
-0.039982 0.013015 0.697886 0.851417 0.282261 -0.442061 2.000000
-0.041509 0.013804 0.693445 0.881720 0.335686 -0.331488 2.000000
-0.042306 0.012377 0.691439 0.899865 -0.112385 -0.421440 2.000000
-0.044676 0.021559 0.693275 0.941355 0.308648 -0.136337 2.000000
-0.042859 0.013793 0.690024 0.940962 0.082506 -0.328304 2.000000
-0.039888 0.011613 0.697433 0.840859 0.145762 -0.521258 2.000000
-0.044276 0.020249 0.692904 0.938941 0.326976 -0.107131 2.000000
-0.044731 0.020257 0.690809 0.904873 0.398962 -0.148439 2.000000
-0.040269 0.014675 0.698543 0.834360 0.294012 -0.466261 2.000000
-0.040766 0.012769 0.695758 0.967644 0.126080 -0.218560 2.000000
-0.043265 0.018225 0.693532 0.845652 0.473773 -0.245787 2.000000
-0.045484 0.022922 0.691509 0.925264 0.351870 -0.141682 2.000000
-0.041094 0.023544 0.702794 0.747585 -0.398028 -0.531686 2.000000
-0.043116 0.017395 0.692836 0.883378 0.381327 -0.272456 2.000000
-0.041908 0.014507 0.693864 0.870080 0.324743 -0.370812 2.000000
-0.045498 0.023125 0.691844 0.927197 0.340785 -0.155472 2.000000
-0.041515 0.014528 0.694395 0.917372 0.273584 -0.289105 2.000000
-0.040348 0.013669 0.697700 0.879348 0.290141 -0.377578 2.000000
-0.037558 0.016306 0.691646 0.212692 -0.907966 -0.361054 2.000000
-0.045615 0.025112 0.688464 0.157700 -0.984080 0.081960 2.000000
-0.043342 0.017287 0.691905 0.932024 0.280320 -0.229676 2.000000
-0.041488 0.023173 0.702324 0.858850 -0.143753 -0.491642 2.000000
-0.045051 0.024526 0.694600 0.878984 -0.120686 -0.461326 2.000000
-0.042567 0.023197 0.700241 0.895911 0.017331 -0.443896 2.000000
-0.041557 0.014909 0.694598 0.920643 0.283642 -0.268259 2.000000
-0.041032 0.013347 0.695221 0.918902 0.275197 -0.282640 2.000000
-0.041131 0.016846 0.697924 0.889582 0.354552 -0.287987 2.000000
-0.040021 0.009599 0.696859 0.898110 -0.029365 -0.438790 2.000000
-0.042219 0.019223 0.698116 0.799948 0.523871 -0.292647 2.000000
-0.041656 0.017913 0.697689 0.845036 0.405136 -0.348969 2.000000
-0.040194 0.014272 0.698374 0.835671 0.274919 -0.475471 2.000000
-0.040294 0.010646 0.696318 0.914313 0.096142 -0.393431 2.000000
-0.044200 0.022574 0.695639 0.901216 0.244498 -0.357814 2.000000
-0.045775 0.024563 0.692199 0.953371 -0.104914 -0.282978 2.000000
-0.043139 0.021615 0.698045 0.905133 0.251005 -0.343118 2.000000
-0.035793 0.016406 0.692858 0.495603 -0.735762 -0.461554 2.000000
-0.041647 0.024749 0.699726 -0.311562 0.864135 0.395222 2.000000
-0.041290 0.022511 0.702549 0.851003 0.175962 -0.494803 2.000000
-0.046294 0.023960 0.689885 0.933154 0.188717 -0.305956 2.000000
-0.042452 0.017253 0.695806 0.848274 0.306212 -0.432049 2.000000
-0.041166 0.022041 0.702490 0.840128 0.278572 -0.465385 2.000000
-0.040522 0.010079 0.695795 0.891539 -0.057092 -0.449332 2.000000
-0.042149 0.016327 0.695317 0.857404 0.445919 -0.256933 2.000000
-0.035031 0.017153 0.692016 -0.075387 0.940675 0.330828 2.000000
-0.042026 0.021885 0.700622 0.870762 0.204751 -0.447046 2.000000
-0.041785 0.016838 0.696222 0.796272 0.341794 -0.499126 2.000000
-0.041398 0.024122 0.696912 -0.418638 -0.894238 0.158370 2.000000
-0.040669 0.014084 0.696694 0.927039 0.254006 -0.275826 2.000000
-0.041155 0.020040 0.691007 -0.366423 0.870506 0.328562 2.000000
-0.041519 0.016280 0.696526 0.834038 0.277449 -0.476868 2.000000
-0.041160 0.012130 0.694422 0.942938 0.066195 -0.326322 2.000000
-0.042131 0.020197 0.699740 0.878798 0.333624 -0.341187 2.000000
-0.044922 0.021341 0.691748 0.918248 0.287802 -0.272011 2.000000
-0.045336 0.022173 0.690704 0.949923 0.279634 -0.139469 2.000000
-0.034250 0.015565 0.694286 0.846678 0.523596 0.094782 2.000000
-0.043141 0.017768 0.693286 0.869709 0.417584 -0.263116 2.000000
-0.041459 0.017617 0.697898 0.857739 0.383390 -0.342484 2.000000
-0.042405 0.018834 0.697032 0.783593 0.465211 -0.411778 2.000000
-0.042767 0.022902 0.690706 0.853330 0.368918 -0.368413 2.000000
-0.034157 0.015223 0.695127 0.892585 0.435195 0.117887 2.000000
-0.040779 0.020838 0.702394 0.895965 0.230688 -0.379511 2.000000
-0.041153 0.021253 0.701941 0.828408 0.312252 -0.465016 2.000000
-0.043241 0.012931 0.689300 0.876267 -0.175007 -0.448919 2.000000
-0.040123 0.009249 0.696652 0.896085 -0.035837 -0.442433 2.000000
-0.045922 0.024158 0.691508 0.984896 0.089994 -0.147921 2.000000
-0.044089 0.017241 0.688807 0.957556 0.201787 -0.205835 2.000000
-0.040840 0.014113 0.696045 0.881163 0.290884 -0.372744 2.000000
-0.041756 0.017979 0.697404 0.842516 0.397943 -0.363054 2.000000
-0.039450 0.013640 0.698976 0.793315 0.311618 -0.523016 2.000000
-0.034784 0.016558 0.694286 0.518824 0.843310 0.140178 2.000000
-0.042095 0.024165 0.695186 -0.490811 -0.871199 0.010834 2.000000
-0.043310 0.023775 0.690074 0.790735 0.515102 -0.330769 2.000000
-0.043278 0.018109 0.693363 0.846575 0.466916 -0.255540 2.000000
-0.034488 0.016463 0.693105 -0.372415 -0.880857 -0.292230 2.000000
-0.041798 0.022497 0.701531 0.860943 0.189655 -0.472025 2.000000
-0.043262 0.012728 0.689218 0.876509 -0.189897 -0.442347 2.000000
-0.045168 0.021425 0.690731 0.959896 0.244020 -0.138037 2.000000
-0.041674 0.012181 0.692592 0.894953 -0.035502 -0.444746 2.000000
-0.040688 0.011599 0.695093 0.938458 0.053069 -0.341293 2.000000
-0.043406 0.014255 0.688627 0.912159 0.111129 -0.394482 2.000000
-0.044180 0.024261 0.696594 0.851203 -0.374280 -0.367924 2.000000
-0.044497 0.024336 0.695707 0.873277 -0.319674 -0.367690 2.000000
-0.041952 0.013374 0.692529 0.895072 0.243688 -0.373447 2.000000
-0.040890 0.022455 0.703072 0.831386 0.163209 -0.531188 2.000000
-0.044079 0.019652 0.692706 0.930232 0.354745 -0.093933 2.000000
-0.040739 0.018004 0.700271 0.844212 0.420329 -0.332610 2.000000
-0.045001 0.022469 0.693233 0.925683 0.308971 -0.218285 2.000000
-0.040591 0.011364 0.695443 0.940358 0.056039 -0.335539 2.000000
-0.043870 0.015982 0.688465 0.926653 0.281597 -0.249033 2.000000
-0.042300 0.024906 0.699295 -0.447792 0.803336 0.392599 2.000000
-0.043578 0.022427 0.697585 0.924437 0.225388 -0.307599 2.000000
-0.037506 0.018428 0.695717 0.794889 0.454097 -0.402427 2.000000
-0.038207 0.017487 0.692950 0.802735 0.595929 -0.022045 2.000000
-0.040719 0.022972 0.703490 0.766969 -0.163810 -0.620423 2.000000
-0.043634 0.011087 0.689383 0.895803 -0.181290 -0.405798 2.000000
-0.041094 0.016594 0.697610 0.888359 0.340483 -0.308042 2.000000
-0.044883 0.019737 0.688805 0.929877 0.341405 -0.137008 2.000000
-0.040505 0.016695 0.699553 0.865486 0.343659 -0.364462 2.000000
-0.042351 0.014791 0.692694 0.934869 0.290444 -0.204112 2.000000
-0.041871 0.010909 0.692827 0.842294 -0.229171 -0.487875 2.000000
-0.042735 0.021109 0.698832 0.896011 0.269521 -0.352878 2.000000
-0.045926 0.023861 0.691088 0.951231 0.242816 -0.190263 2.000000
-0.040825 0.013044 0.695011 0.942738 0.149004 -0.298401 2.000000
-0.041762 0.021094 0.700907 0.808934 0.297450 -0.507099 2.000000
-0.041595 0.022935 0.702106 0.868528 -0.007070 -0.495589 2.000000
-0.044730 0.021445 0.692302 0.925821 0.328974 -0.186098 2.000000
-0.042634 0.019482 0.697377 0.792840 0.468813 -0.389383 2.000000
-0.044334 0.024602 0.695993 0.713516 -0.625068 -0.316519 2.000000
-0.045349 0.025038 0.691773 0.621844 -0.753081 -0.214892 2.000000
-0.041076 0.013623 0.695491 0.898985 0.316821 -0.302408 2.000000
-0.036060 0.016052 0.692942 0.585994 -0.744816 -0.319155 2.000000
-0.042321 0.014173 0.691906 0.936968 0.264160 -0.228715 2.000000
-0.041571 0.009462 0.694030 0.869766 -0.184670 -0.457607 2.000000
-0.044872 0.021697 0.692147 0.927686 0.323142 -0.187025 2.000000
-0.042151 0.010110 0.692676 0.850666 -0.187522 -0.491125 2.000000
-0.044504 0.020852 0.692723 0.945684 0.313218 -0.087046 2.000000
-0.041004 0.020585 0.701785 0.864771 0.278009 -0.418189 2.000000
-0.045782 0.024001 0.691835 0.965886 0.114694 -0.232183 2.000000
-0.043115 0.014144 0.689463 0.923369 0.076881 -0.376138 2.000000
-0.042344 0.016236 0.693781 0.921077 0.265534 -0.284796 2.000000
-0.034626 0.016100 0.695507 -0.600331 -0.779217 -0.180064 2.000000
-0.043126 0.016381 0.691287 0.924645 0.291654 -0.244889 2.000000
-0.043287 0.019665 0.696168 0.874442 0.414702 -0.251739 2.000000
-0.042474 0.020993 0.699249 0.896062 0.269568 -0.352713 2.000000
-0.043619 0.010696 0.689512 0.898285 -0.178687 -0.401441 2.000000
-0.043250 0.023713 0.699089 0.889063 -0.032779 -0.456611 2.000000
-0.042514 0.012261 0.691080 0.868272 -0.179732 -0.462386 2.000000
-0.040850 0.018780 0.700986 0.883990 0.276927 -0.376661 2.000000
-0.040537 0.011332 0.695810 0.954501 0.105141 -0.279057 2.000000
-0.045414 0.023348 0.692626 0.936447 0.278722 -0.213029 2.000000
-0.040914 0.019528 0.701017 0.846621 0.277428 -0.454165 2.000000
-0.040630 0.021776 0.703166 0.858184 0.216785 -0.465323 2.000000
-0.035228 0.015320 0.697282 0.170628 0.827457 0.534977 2.000000
-0.045065 0.024753 0.694574 0.843997 -0.311536 -0.436595 2.000000
-0.040469 0.022610 0.703897 0.781880 -0.054198 -0.621069 2.000000
-0.043003 0.010466 0.691015 0.871100 -0.164344 -0.462791 2.000000
-0.042810 0.017636 0.694927 0.938253 0.299310 -0.173480 2.000000
-0.040729 0.020785 0.702615 0.889580 0.218335 -0.401220 2.000000
-0.040441 0.017239 0.700307 0.854452 0.402985 -0.327895 2.000000
-0.046260 0.024970 0.687628 0.565567 -0.759538 0.321304 2.000000
-0.043611 0.023500 0.698077 0.929985 0.055975 -0.363310 2.000000
-0.042314 0.016491 0.694302 0.922254 0.364415 -0.129030 2.000000
-0.042774 0.019280 0.696927 0.780249 0.483501 -0.396786 2.000000
-0.044524 0.022601 0.694784 0.919290 0.243239 -0.309419 2.000000
-0.044507 0.020337 0.691864 0.900914 0.364495 -0.235577 2.000000
-0.039732 0.023646 0.703647 0.388714 -0.581345 -0.714800 2.000000
-0.042145 0.013276 0.691840 0.941345 0.160927 -0.296601 2.000000
-0.042112 0.024936 0.698997 0.351149 -0.892900 -0.281823 2.000000
-0.045462 0.024679 0.692886 0.912738 -0.288181 -0.289588 2.000000
-0.043553 0.022829 0.697916 0.926780 0.203462 -0.315725 2.000000
-0.041136 0.019637 0.700801 0.796583 0.289066 -0.530939 2.000000
-0.035266 0.015685 0.696769 0.006640 -0.863682 -0.503994 2.000000
-0.044749 0.025332 0.694567 0.705348 -0.540957 -0.458094 2.000000
-0.043100 0.025221 0.692422 0.423448 0.905719 -0.019085 2.000000
-0.045318 0.021866 0.690005 0.931315 0.296706 -0.211227 2.000000
-0.043549 0.016289 0.689798 0.917448 0.283561 -0.279075 2.000000
-0.043521 0.017555 0.691394 0.933157 0.243766 -0.264190 2.000000
-0.037432 0.018154 0.695603 0.774266 0.449645 -0.445344 2.000000
-0.042204 0.014073 0.692382 0.926843 0.269310 -0.261600 2.000000
-0.040777 0.015489 0.697583 0.922709 0.228779 -0.310271 2.000000
-0.044289 0.024638 0.695811 0.716512 -0.604140 -0.348747 2.000000
-0.042783 0.020876 0.698649 0.898294 0.270486 -0.346274 2.000000
-0.043417 0.017453 0.691733 0.941160 0.259063 -0.217034 2.000000
-0.041202 0.016147 0.696865 0.865685 0.238251 -0.440257 2.000000
-0.040334 0.017672 0.701347 0.863359 0.391917 -0.317825 2.000000
-0.041421 0.024585 0.698968 -0.139695 -0.973972 -0.178502 2.000000
-0.041273 0.013797 0.695116 0.907625 0.313347 -0.279338 2.000000
-0.034646 0.016656 0.692399 0.207715 0.916172 0.342759 2.000000
-0.040448 0.009743 0.695875 0.886739 -0.060070 -0.458351 2.000000
-0.043812 0.018900 0.692115 0.913069 0.387332 -0.127587 2.000000
-0.041467 0.022606 0.702230 0.861949 0.141879 -0.486739 2.000000
-0.045500 0.022682 0.690417 0.927182 0.326912 -0.182930 2.000000
-0.044015 0.017809 0.690007 0.936144 0.270412 -0.224746 2.000000
-0.045137 0.020158 0.688089 0.921261 0.361398 -0.143770 2.000000
-0.041325 0.022326 0.702362 0.849741 0.241445 -0.468663 2.000000
-0.040473 0.017721 0.700744 0.850126 0.423350 -0.313146 2.000000
-0.044413 0.025190 0.694789 -0.433767 0.760831 0.482682 2.000000
-0.042598 0.024646 0.693422 0.584504 0.811057 0.023268 2.000000
-0.041540 0.018897 0.699516 0.866665 0.446443 -0.222666 2.000000
-0.041943 0.011993 0.692094 0.869748 -0.136933 -0.474118 2.000000
-0.043274 0.014018 0.689142 0.915537 0.056976 -0.398177 2.000000
-0.038644 0.017837 0.691817 0.730148 0.683106 -0.015810 2.000000
-0.044642 0.022170 0.694242 0.929014 0.248074 -0.274578 2.000000
-0.040945 0.013911 0.695758 0.889108 0.306625 -0.339806 2.000000
-0.040658 0.016868 0.699300 0.897408 0.309239 -0.314690 2.000000
-0.042830 0.024989 0.693078 0.496713 0.867867 0.009070 2.000000
-0.042499 0.010557 0.691874 0.850174 -0.193584 -0.489621 2.000000
-0.042607 0.016483 0.693374 0.918432 0.259309 -0.298734 2.000000
-0.045164 0.024600 0.694184 0.925844 -0.198730 -0.321432 2.000000
-0.041419 0.016379 0.696713 0.833507 0.296402 -0.466274 2.000000
-0.040259 0.015063 0.698749 0.841591 0.289951 -0.455690 2.000000
-0.043225 0.015829 0.690705 0.928167 0.295918 -0.225697 2.000000
-0.044052 0.017818 0.689647 0.945827 0.267712 -0.183688 2.000000
-0.039560 0.012331 0.698235 0.874772 0.186258 -0.447306 2.000000
-0.042643 0.023390 0.691507 0.834204 0.456472 -0.309412 2.000000
-0.040650 0.012356 0.695945 0.955971 0.156449 -0.248281 2.000000
-0.043672 0.020122 0.695471 0.900563 0.354575 -0.251520 2.000000
-0.043627 0.023159 0.697930 0.929883 0.160369 -0.331059 2.000000
-0.040629 0.016925 0.699423 0.879163 0.330094 -0.343672 2.000000
-0.045282 0.021113 0.689284 0.918025 0.334829 -0.212413 2.000000
-0.042646 0.012329 0.690707 0.866907 -0.167136 -0.469615 2.000000
-0.041146 0.013524 0.694813 0.910538 0.318606 -0.263460 2.000000
-0.041518 0.015086 0.695405 0.921844 0.309355 -0.233458 2.000000
-0.044746 0.022983 0.694478 0.927068 0.229903 -0.296124 2.000000
-0.037586 0.018834 0.696154 0.807701 0.452603 -0.377849 2.000000
-0.040645 0.010594 0.695558 0.922699 -0.034290 -0.383993 2.000000
-0.040827 0.010303 0.695149 0.884910 -0.094544 -0.456066 2.000000
-0.033964 0.014528 0.695709 0.881081 0.449253 0.147876 2.000000
-0.041410 0.020306 0.700813 0.761003 0.345191 -0.549288 2.000000
-0.043692 0.019217 0.694027 0.889724 0.386454 -0.242989 2.000000
-0.042217 0.020140 0.699357 0.880490 0.362209 -0.305847 2.000000
-0.043761 0.023848 0.697697 0.933322 -0.116869 -0.339487 2.000000
-0.041780 0.023004 0.701708 0.851164 -0.064824 -0.520882 2.000000
-0.041856 0.018918 0.698491 0.802400 0.493690 -0.335298 2.000000
-0.045987 0.022727 0.688099 0.938498 0.342889 -0.040606 2.000000
-0.035182 0.016248 0.695668 -0.083934 -0.956666 -0.278829 2.000000
-0.040798 0.016783 0.698934 0.899219 0.308954 -0.309761 2.000000
-0.042463 0.015084 0.692723 0.932286 0.289653 -0.216667 2.000000
-0.041873 0.021861 0.701204 0.859619 0.235348 -0.453505 2.000000
-0.043743 0.017397 0.690569 0.933335 0.257204 -0.250464 2.000000
-0.043827 0.019035 0.691842 0.905036 0.389207 -0.171543 2.000000
-0.041340 0.012516 0.693793 0.961218 0.087166 -0.261652 2.000000
-0.035269 0.017220 0.692175 -0.184724 0.920570 0.344133 2.000000
-0.043356 0.020041 0.696443 0.888893 0.350949 -0.294455 2.000000
-0.043312 0.016117 0.690456 0.927161 0.293050 -0.233439 2.000000
-0.046656 0.024595 0.687815 0.924188 -0.377078 0.060745 2.000000
-0.045840 0.025039 0.690939 0.766870 -0.600593 -0.226270 2.000000
-0.037357 0.015637 0.693338 -0.325592 -0.911550 0.251128 2.000000
-0.042027 0.022162 0.700947 0.876699 0.208204 -0.433648 2.000000
-0.045376 0.022592 0.691216 0.936867 0.315370 -0.151070 2.000000
-0.046254 0.023267 0.688605 0.928255 0.364630 -0.073395 2.000000
-0.043824 0.023995 0.697502 0.911167 -0.127148 -0.391929 2.000000
-0.045078 0.025028 0.693712 0.902912 -0.390414 -0.179797 2.000000
-0.044936 0.024259 0.694789 0.901224 0.014140 -0.433123 2.000000
-0.039829 0.013262 0.698407 0.836272 0.290038 -0.465324 2.000000
-0.042863 0.017021 0.692926 0.885892 0.351516 -0.302707 2.000000
-0.042700 0.013474 0.690385 0.940214 0.035747 -0.338704 2.000000
-0.043776 0.023092 0.688081 0.365483 0.134523 -0.921046 2.000000
-0.042055 0.019434 0.698805 0.809897 0.478576 -0.339163 2.000000
-0.046417 0.024064 0.689621 0.972399 0.052353 -0.227376 2.000000
-0.043538 0.015598 0.689308 0.913259 0.286725 -0.289391 2.000000
-0.034393 0.015949 0.694571 0.792387 0.603101 0.091609 2.000000
-0.042182 0.024679 0.696927 -0.297984 -0.950138 0.091885 2.000000
-0.043927 0.022679 0.696550 0.930163 0.223151 -0.291547 2.000000
-0.042740 0.014009 0.690219 0.933941 0.201350 -0.295316 2.000000
-0.040761 0.013919 0.696376 0.912823 0.235535 -0.333582 2.000000
-0.034560 0.016092 0.695224 -0.645668 -0.724233 -0.242075 2.000000
-0.043424 0.011288 0.689698 0.897518 -0.182739 -0.401332 2.000000
-0.040004 0.016144 0.700076 0.840265 0.378129 -0.388553 2.000000
-0.042096 0.014465 0.693175 0.863640 0.384886 -0.325561 2.000000
-0.043267 0.011247 0.690202 0.899032 -0.183545 -0.397559 2.000000
-0.046025 0.022894 0.688401 0.933295 0.352160 -0.070310 2.000000
-0.043802 0.018999 0.692647 0.914294 0.397084 -0.079949 2.000000
-0.040504 0.019461 0.702179 0.913804 0.232519 -0.333011 2.000000
-0.040210 0.016003 0.699569 0.842101 0.370037 -0.392349 2.000000
-0.044300 0.018495 0.689574 0.930137 0.330435 -0.160179 2.000000
-0.041691 0.017434 0.697083 0.844582 0.396081 -0.360279 2.000000
-0.045214 0.023957 0.693648 0.952960 0.106629 -0.283722 2.000000
-0.044067 0.020097 0.693902 0.912562 0.350970 -0.209883 2.000000
-0.043848 0.017344 0.690100 0.938599 0.259675 -0.227157 2.000000
-0.041822 0.015305 0.694463 0.894405 0.306879 -0.325368 2.000000
-0.042129 0.024077 0.694496 -0.531089 -0.846428 -0.038778 2.000000
-0.038212 0.019616 0.696151 0.792753 0.493861 -0.357274 2.000000
-0.045078 0.024700 0.694446 0.867991 -0.303797 -0.392809 2.000000
-0.044633 0.019312 0.689541 0.929156 0.320287 -0.184622 2.000000
-0.041956 0.009497 0.693125 0.866532 -0.197585 -0.458348 2.000000
-0.040792 0.012416 0.695434 0.958527 0.117885 -0.259479 2.000000
-0.040651 0.019754 0.701979 0.906466 0.247688 -0.342009 2.000000
-0.044941 0.024958 0.694582 0.731109 -0.469527 -0.494999 2.000000
-0.044622 0.021270 0.692765 0.939573 0.318902 -0.124514 2.000000
-0.040437 0.011273 0.696202 0.949209 0.123349 -0.289461 2.000000
-0.040354 0.009295 0.696201 0.887889 -0.077515 -0.453481 2.000000
-0.034520 0.015751 0.695591 0.797962 0.565381 0.208808 2.000000
-0.045092 0.022543 0.693000 0.930035 0.317154 -0.185601 2.000000
-0.043891 0.019782 0.694166 0.904877 0.353655 -0.236910 2.000000
-0.039632 0.010459 0.697434 0.864590 0.117930 -0.488443 2.000000
-0.043219 0.021380 0.697749 0.894143 0.254946 -0.368118 2.000000
-0.044416 0.020595 0.692873 0.937816 0.335094 -0.090625 2.000000
-0.043163 0.019819 0.697003 0.820951 0.405922 -0.401580 2.000000
-0.045800 0.025063 0.687798 -0.326498 0.936087 -0.130920 2.000000
-0.035808 0.017058 0.691338 -0.508720 0.854014 0.108920 2.000000
-0.041105 0.018068 0.699647 0.862238 0.430865 -0.266272 2.000000
-0.041954 0.022853 0.701424 0.874487 0.093042 -0.476041 2.000000
-0.035520 0.016250 0.695340 0.200938 -0.951018 -0.234921 2.000000
-0.043984 0.017194 0.689300 0.953124 0.216966 -0.210902 2.000000
-0.044328 0.020472 0.693601 0.927964 0.340191 -0.152160 2.000000
-0.040762 0.017252 0.699448 0.886857 0.351297 -0.300125 2.000000
-0.044694 0.025202 0.693357 0.766828 -0.639126 -0.059093 2.000000
-0.040438 0.018165 0.701569 0.880134 0.333056 -0.338286 2.000000
-0.040855 0.011611 0.694889 0.933617 0.041952 -0.355809 2.000000
-0.040651 0.015190 0.697762 0.923774 0.219123 -0.314049 2.000000
-0.045424 0.022677 0.691417 0.935076 0.325134 -0.141138 2.000000
-0.042030 0.018926 0.698074 0.814732 0.494195 -0.303288 2.000000
-0.036010 0.015518 0.696050 -0.247531 0.896422 0.367636 2.000000
-0.037277 0.015173 0.692701 0.547878 -0.811721 -0.202334 2.000000
-0.041159 0.023694 0.696405 -0.592008 -0.787784 0.170068 2.000000
-0.040587 0.014879 0.697814 0.931288 0.204546 -0.301435 2.000000
-0.042951 0.011202 0.690886 0.857026 -0.217104 -0.467303 2.000000
-0.044056 0.016803 0.688626 0.955958 0.204940 -0.210103 2.000000
-0.043844 0.024672 0.689818 -0.656368 -0.666067 0.354310 2.000000
-0.042903 0.025070 0.692678 -0.513840 -0.853944 0.082146 2.000000
-0.045198 0.021713 0.690137 0.953747 0.260532 -0.149963 2.000000
-0.043747 0.018456 0.692685 0.913754 0.394736 -0.096111 2.000000
-0.040757 0.016551 0.698833 0.901919 0.306164 -0.304640 2.000000
-0.034529 0.016157 0.694872 0.745575 0.652000 0.137892 2.000000
-0.043549 0.018130 0.691768 0.936027 0.310798 -0.165098 2.000000
-0.043174 0.023707 0.699209 0.887746 -0.034657 -0.459028 2.000000
-0.034772 0.016725 0.692824 -0.138250 -0.926970 -0.348732 2.000000
-0.042093 0.022932 0.701250 0.879094 0.005893 -0.476612 2.000000
-0.040953 0.018720 0.700780 0.850301 0.296790 -0.434631 2.000000
-0.040356 0.016974 0.700252 0.853180 0.370272 -0.367398 2.000000
-0.042896 0.017461 0.693565 0.880060 0.415002 -0.230797 2.000000
-0.045198 0.023530 0.693572 0.932374 0.209628 -0.294508 2.000000
-0.040833 0.021590 0.702874 0.864935 0.251303 -0.434436 2.000000
-0.043497 0.018679 0.693924 0.854787 0.468566 -0.223127 2.000000
-0.046418 0.024593 0.688593 0.872190 -0.468259 -0.141487 2.000000
-0.044205 0.021769 0.695210 0.927430 0.198039 -0.317260 2.000000
-0.043163 0.016584 0.691617 0.919615 0.270799 -0.284565 2.000000
-0.042457 0.017088 0.695645 0.860967 0.324472 -0.391731 2.000000
-0.043306 0.018405 0.693737 0.848412 0.479002 -0.225285 2.000000
-0.042220 0.013726 0.692031 0.949080 0.204993 -0.239217 2.000000
-0.035629 0.015044 0.697366 -0.098162 -0.863911 -0.493985 2.000000
-0.045249 0.021470 0.689677 0.925686 0.318771 -0.203691 2.000000
-0.041337 0.024425 0.700740 -0.396463 0.784886 0.476206 2.000000
-0.040986 0.023157 0.703004 0.778995 -0.175426 -0.601991 2.000000
-0.040120 0.024012 0.702345 -0.193654 0.898614 0.393688 2.000000
-0.041661 0.018496 0.698117 0.832681 0.435381 -0.342178 2.000000
-0.045039 0.023356 0.693836 0.925099 0.229990 -0.302152 2.000000
-0.043253 0.024980 0.694271 -0.333201 -0.931161 -0.148039 2.000000
-0.043974 0.019293 0.692895 0.931821 0.348504 -0.101260 2.000000
-0.042588 0.010968 0.691512 0.848644 -0.211947 -0.484647 2.000000
-0.042560 0.013463 0.690679 0.921943 0.054560 -0.383462 2.000000
-0.042788 0.024916 0.698415 0.477568 -0.841115 -0.253879 2.000000
-0.042895 0.013707 0.689812 0.919589 0.038719 -0.390970 2.000000
-0.040345 0.015529 0.698913 0.844445 0.335227 -0.417774 2.000000
-0.041593 0.022116 0.701715 0.833827 0.243545 -0.495398 2.000000
-0.037071 0.015410 0.692323 0.553370 -0.783318 -0.283188 2.000000
-0.041818 0.020142 0.700361 0.790779 0.327428 -0.517165 2.000000
-0.040487 0.015800 0.698466 0.898871 0.290187 -0.328362 2.000000
-0.043206 0.015875 0.691040 0.929407 0.299241 -0.216002 2.000000
-0.039967 0.009993 0.696872 0.893342 0.005176 -0.449347 2.000000
-0.034323 0.015353 0.695928 0.855350 0.485878 0.179719 2.000000
-0.036250 0.016727 0.691707 0.602586 -0.781377 -0.162295 2.000000
-0.041966 0.021710 0.700870 0.859333 0.234091 -0.454696 2.000000
-0.041772 0.014203 0.693792 0.876433 0.358677 -0.321272 2.000000
-0.040008 0.015078 0.699033 0.821919 0.340015 -0.456989 2.000000
-0.042432 0.010388 0.692047 0.859905 -0.181242 -0.477194 2.000000
-0.043279 0.015091 0.689733 0.930340 0.238689 -0.278378 2.000000
-0.040757 0.021308 0.702891 0.884499 0.229909 -0.405960 2.000000
-0.040690 0.020597 0.692419 0.024693 0.728031 0.685100 2.000000
-0.043284 0.018671 0.694639 0.862548 0.435821 -0.257042 2.000000
-0.043047 0.019514 0.696771 0.809007 0.465273 -0.359206 2.000000
-0.040409 0.017557 0.700510 0.847176 0.418867 -0.326867 2.000000
-0.042980 0.018695 0.695474 0.873496 0.406644 -0.267667 2.000000
-0.042672 0.015028 0.691478 0.905809 0.321271 -0.276215 2.000000
-0.034779 0.016403 0.695025 -0.487777 -0.846153 -0.214705 2.000000
-0.042154 0.019091 0.698030 0.800055 0.520450 -0.298403 2.000000
-0.042359 0.019107 0.697449 0.797049 0.495242 -0.345614 2.000000
-0.043922 0.020351 0.694878 0.902838 0.348860 -0.251358 2.000000
-0.043948 0.018372 0.690723 0.909400 0.324085 -0.260691 2.000000
-0.034823 0.016376 0.695396 -0.310563 -0.909368 -0.276767 2.000000
-0.043947 0.020531 0.695027 0.911877 0.317535 -0.260100 2.000000
-0.042282 0.018804 0.697208 0.791961 0.469266 -0.390624 2.000000
-0.042887 0.014579 0.690537 0.923419 0.255238 -0.286618 2.000000
-0.044339 0.022892 0.695564 0.899274 0.253262 -0.356602 2.000000
-0.042416 0.016605 0.694610 0.914389 0.399362 -0.066350 2.000000
-0.044165 0.023463 0.696415 0.916125 0.195146 -0.350189 2.000000
-0.043549 0.018909 0.694176 0.861495 0.439925 -0.253561 2.000000
-0.039674 0.014842 0.699316 0.808565 0.363292 -0.462863 2.000000
-0.043534 0.024438 0.697941 0.852236 -0.422027 -0.309171 2.000000
-0.042872 0.017884 0.694986 0.928690 0.311962 -0.200534 2.000000
-0.042759 0.011012 0.691284 0.851124 -0.212381 -0.480085 2.000000
-0.045201 0.021810 0.691110 0.957824 0.240679 -0.156994 2.000000
-0.042185 0.013606 0.691592 0.941967 0.187874 -0.278210 2.000000
-0.046049 0.023986 0.690812 0.964539 0.182549 -0.190630 2.000000
-0.040728 0.022249 0.703220 0.830668 0.158169 -0.533828 2.000000
-0.046076 0.023652 0.690047 0.903349 0.336737 -0.265647 2.000000
-0.041724 0.018674 0.698566 0.826277 0.466775 -0.315258 2.000000
-0.043131 0.021020 0.697722 0.890889 0.265287 -0.368699 2.000000
-0.041272 0.021076 0.701667 0.805053 0.312687 -0.504101 2.000000
-0.035974 0.015986 0.695512 0.284426 -0.936289 -0.206068 2.000000
-0.042744 0.016956 0.693328 0.893469 0.351831 -0.279156 2.000000
-0.042563 0.023979 0.700053 0.766985 -0.395546 -0.505250 2.000000
-0.037539 0.016000 0.692892 0.771494 0.598158 0.216805 2.000000
-0.041660 0.015651 0.695660 0.872052 0.351630 -0.340414 2.000000
-0.041444 0.013433 0.693435 0.928303 0.216077 -0.302595 2.000000
-0.043264 0.014830 0.689202 0.925896 0.217912 -0.308594 2.000000
-0.040555 0.010922 0.695642 0.942913 0.028483 -0.331819 2.000000
-0.034559 0.015662 0.696598 -0.532529 -0.755344 -0.381927 2.000000
-0.040988 0.017551 0.698940 0.880384 0.372343 -0.293744 2.000000
-0.036471 0.016065 0.692298 0.591798 -0.691365 -0.414475 2.000000
-0.040643 0.010945 0.695478 0.936036 0.022887 -0.351158 2.000000
-0.042611 0.020245 0.698587 0.875799 0.328913 -0.353260 2.000000
-0.040641 0.021063 0.703040 0.891012 0.210506 -0.402224 2.000000
-0.042521 0.019090 0.697072 0.768675 0.485963 -0.415907 2.000000
-0.044310 0.017726 0.688272 0.955003 0.233151 -0.183328 2.000000
-0.043107 0.018499 0.694861 0.885499 0.386261 -0.258252 2.000000
-0.034442 0.016232 0.693384 -0.510993 -0.830494 -0.221735 2.000000
-0.039797 0.011876 0.697436 0.845785 0.164242 -0.507614 2.000000
-0.042760 0.017851 0.695310 0.918045 0.285998 -0.274587 2.000000
-0.044951 0.021309 0.691525 0.926202 0.272560 -0.260502 2.000000
-0.040503 0.014318 0.697703 0.917169 0.252446 -0.308337 2.000000
-0.042497 0.013428 0.690958 0.922754 0.089949 -0.374745 2.000000
-0.041997 0.015650 0.694400 0.889968 0.365166 -0.273149 2.000000
-0.043507 0.024775 0.690625 -0.576074 -0.755338 0.312415 2.000000
-0.035870 0.015574 0.696340 0.228553 -0.868412 -0.440028 2.000000
-0.045806 0.023541 0.690909 0.906114 0.388763 -0.166795 2.000000
-0.042310 0.024945 0.697556 0.114323 -0.993315 -0.015985 2.000000
-0.043685 0.022490 0.697070 0.937733 0.209556 -0.277025 2.000000
-0.043867 0.016140 0.688807 0.926483 0.278462 -0.253157 2.000000
-0.042734 0.017540 0.695219 0.932215 0.268334 -0.242840 2.000000
-0.042691 0.019933 0.697956 0.858038 0.394516 -0.328828 2.000000
-0.043852 0.022893 0.696872 0.936023 0.219188 -0.275349 2.000000
-0.043666 0.023647 0.689020 0.788212 0.494126 -0.366825 2.000000
-0.044124 0.017463 0.688484 0.958825 0.210339 -0.190817 2.000000
-0.039929 0.010940 0.697166 0.865946 0.141574 -0.479681 2.000000
-0.043148 0.014670 0.689630 0.937753 0.218763 -0.269744 2.000000
-0.041060 0.011586 0.694391 0.936395 0.016973 -0.350538 2.000000
-0.040581 0.016002 0.698624 0.899315 0.309310 -0.309126 2.000000
-0.043185 0.019347 0.695951 0.873245 0.422554 -0.242677 2.000000
-0.045310 0.022511 0.691575 0.934414 0.321747 -0.152807 2.000000
-0.043548 0.016406 0.689988 0.919290 0.287469 -0.268826 2.000000
-0.042818 0.015185 0.691379 0.906213 0.326016 -0.269242 2.000000
-0.043401 0.013298 0.689035 0.885096 -0.114202 -0.451180 2.000000
-0.045198 0.021203 0.689850 0.938895 0.309677 -0.150256 2.000000
-0.042974 0.010109 0.691105 0.872397 -0.147935 -0.465874 2.000000
-0.045174 0.021506 0.690500 0.958605 0.255314 -0.126060 2.000000
-0.039519 0.020072 0.694096 0.694890 0.641295 -0.325376 2.000000
-0.042099 0.015767 0.694165 0.904515 0.332171 -0.267424 2.000000
-0.040342 0.011343 0.696573 0.917331 0.152103 -0.367925 2.000000
-0.043426 0.022516 0.697919 0.919543 0.227141 -0.320698 2.000000
-0.045075 0.020501 0.689183 0.926388 0.332457 -0.176853 2.000000
-0.040655 0.024097 0.701525 -0.510915 0.779231 0.362994 2.000000
-0.042218 0.021671 0.700334 0.873214 0.198548 -0.445057 2.000000
-0.042638 0.019696 0.697770 0.820268 0.462087 -0.337100 2.000000
-0.043985 0.022801 0.696158 0.905043 0.252606 -0.342180 2.000000
-0.042881 0.015363 0.691239 0.923043 0.297265 -0.244182 2.000000
-0.042200 0.019920 0.698998 0.834565 0.414399 -0.363008 2.000000
-0.040463 0.012158 0.696731 0.897761 0.118439 -0.424262 2.000000
-0.044532 0.021303 0.693799 0.942452 0.259090 -0.211319 2.000000
-0.043752 0.023001 0.697308 0.935581 0.189782 -0.297775 2.000000
-0.041980 0.017493 0.696398 0.801541 0.362585 -0.475462 2.000000
-0.041897 0.017611 0.696801 0.820665 0.388687 -0.418846 2.000000
-0.046265 0.024704 0.689888 0.958698 -0.209524 -0.192350 2.000000
-0.043638 0.020810 0.696341 0.937432 0.210526 -0.277310 2.000000
-0.043493 0.012818 0.689013 0.867465 -0.177850 -0.464622 2.000000
-0.044058 0.024087 0.696968 0.907988 -0.148002 -0.391986 2.000000
-0.041552 0.011750 0.692872 0.902628 -0.127039 -0.411247 2.000000
-0.040388 0.019531 0.702492 0.912779 0.244285 -0.327351 2.000000
-0.040997 0.011581 0.694643 0.933095 0.030845 -0.358304 2.000000
-0.042853 0.021929 0.699113 0.900452 0.236115 -0.365288 2.000000
-0.040699 0.018550 0.701049 0.882660 0.302100 -0.360065 2.000000
-0.045379 0.022067 0.690174 0.940158 0.278943 -0.195688 2.000000
-0.040795 0.016308 0.698312 0.913991 0.304849 -0.267746 2.000000
-0.036962 0.015774 0.694671 -0.046271 -0.934666 0.352502 2.000000
-0.042636 0.014589 0.691247 0.915714 0.278316 -0.289842 2.000000
-0.044322 0.019783 0.691524 0.883180 0.411410 -0.225242 2.000000
-0.043816 0.023588 0.697484 0.935296 0.050492 -0.350245 2.000000
-0.040997 0.020899 0.701929 0.860117 0.272260 -0.431362 2.000000
-0.042842 0.024940 0.696966 0.319840 -0.940782 -0.112392 2.000000
-0.041293 0.014797 0.695875 0.886888 0.313012 -0.339783 2.000000
-0.043885 0.022107 0.696254 0.931439 0.180510 -0.315971 2.000000
-0.042768 0.014899 0.691224 0.908448 0.320116 -0.268790 2.000000
-0.035657 0.015834 0.693756 -0.457172 0.885395 -0.084080 2.000000
-0.045050 0.020118 0.688588 0.923010 0.353105 -0.152872 2.000000
-0.041483 0.024615 0.700269 -0.373482 0.833104 0.407982 2.000000
-0.044045 0.024640 0.689367 -0.635070 -0.714538 0.293466 2.000000
-0.042570 0.019916 0.698413 0.858198 0.391008 -0.332580 2.000000
-0.043224 0.020305 0.697242 0.855382 0.321169 -0.406414 2.000000
-0.040703 0.009432 0.695577 0.872231 -0.097556 -0.479266 2.000000
-0.042099 0.017878 0.696673 0.805865 0.408451 -0.428660 2.000000
-0.036293 0.015718 0.693939 0.283579 -0.949319 0.135562 2.000000
-0.040861 0.021823 0.702883 0.852609 0.235357 -0.466546 2.000000
-0.042394 0.015012 0.692936 0.933270 0.273094 -0.233295 2.000000
-0.043265 0.014294 0.688998 0.914235 0.109280 -0.390169 2.000000
-0.043194 0.012118 0.689918 0.878845 -0.224665 -0.420900 2.000000
-0.043574 0.019778 0.695259 0.893615 0.373637 -0.248693 2.000000
-0.041067 0.016138 0.697062 0.872634 0.273194 -0.404815 2.000000
-0.042865 0.010194 0.691352 0.866797 -0.162530 -0.471431 2.000000
-0.042620 0.016182 0.693127 0.920987 0.216265 -0.324056 2.000000
-0.044837 0.025303 0.694258 0.738438 -0.559775 -0.375981 2.000000
-0.035202 0.017089 0.692588 -0.109355 0.905410 0.410213 2.000000
-0.038677 0.019905 0.695556 0.778744 0.513047 -0.361027 2.000000
-0.041568 0.015315 0.695615 0.900387 0.334963 -0.277673 2.000000
-0.043878 0.019174 0.692284 0.918824 0.380558 -0.104589 2.000000
-0.041053 0.012352 0.694639 0.939059 0.082623 -0.333679 2.000000
-0.043169 0.023417 0.699169 0.893590 0.044955 -0.446627 2.000000
-0.042687 0.016878 0.693158 0.893045 0.330250 -0.305624 2.000000
-0.042003 0.024265 0.695925 -0.479375 -0.870304 0.113005 2.000000
-0.042720 0.023056 0.699921 0.889166 0.080739 -0.450405 2.000000
-0.044051 0.020173 0.693658 0.921006 0.354500 -0.161486 2.000000
-0.044700 0.022585 0.694350 0.925794 0.252299 -0.281513 2.000000
-0.043339 0.012127 0.689470 0.886155 -0.205640 -0.415261 2.000000
-0.045902 0.024548 0.691548 0.937574 -0.268038 -0.221609 2.000000
-0.043004 0.023650 0.699407 0.872997 -0.025206 -0.487073 2.000000
-0.043793 0.020656 0.695671 0.917368 0.278634 -0.284251 2.000000
-0.040665 0.017378 0.699893 0.851288 0.391200 -0.349673 2.000000
-0.043004 0.020986 0.687785 -0.029580 0.016208 -0.999431 2.000000
-0.042147 0.015655 0.693963 0.898726 0.250641 -0.359821 2.000000
-0.040567 0.018094 0.700481 0.844651 0.416429 -0.336381 2.000000
-0.040216 0.009916 0.696396 0.906331 -0.014998 -0.422303 2.000000
-0.044404 0.024782 0.695132 0.628680 -0.572969 -0.525803 2.000000
-0.042274 0.011455 0.691904 0.836281 -0.225259 -0.499893 2.000000
-0.042385 0.019979 0.687112 0.030619 -0.017968 -0.999370 2.000000
-0.041296 0.018503 0.699800 0.857547 0.429814 -0.282619 2.000000
-0.042652 0.024285 0.699685 0.692737 -0.566622 -0.446156 2.000000
-0.044932 0.021037 0.691378 0.926004 0.291033 -0.240450 2.000000
-0.040748 0.021102 0.702604 0.885844 0.231870 -0.401892 2.000000
-0.040897 0.013144 0.694819 0.937898 0.198281 -0.284661 2.000000
-0.038931 0.018164 0.688453 0.611478 0.787072 -0.081316 2.000000
-0.042502 0.023675 0.700260 0.861332 -0.187439 -0.472202 2.000000
-0.042209 0.014841 0.693389 0.885291 0.319620 -0.337791 2.000000
-0.042954 0.011969 0.690385 0.860654 -0.221860 -0.458316 2.000000
-0.042318 0.020796 0.699747 0.894321 0.262876 -0.362058 2.000000
-0.043439 0.020050 0.696169 0.896172 0.372067 -0.241749 2.000000
-0.042850 0.009889 0.691417 0.873457 -0.142349 -0.465629 2.000000
-0.045540 0.022889 0.690646 0.920455 0.354595 -0.164393 2.000000
-0.045363 0.020790 0.688078 0.923334 0.348385 -0.161498 2.000000
-0.041976 0.017831 0.696858 0.816067 0.412786 -0.404527 2.000000
-0.044463 0.021366 0.694059 0.943233 0.246427 -0.222679 2.000000
-0.036457 0.016415 0.691759 0.617535 -0.743233 -0.257402 2.000000
-0.039618 0.014845 0.699649 0.806637 0.368795 -0.461874 2.000000
-0.042141 0.019583 0.698832 0.810485 0.477880 -0.338739 2.000000
-0.044709 0.020446 0.691464 0.892330 0.377958 -0.246767 2.000000
-0.043289 0.013223 0.689186 0.880649 -0.135055 -0.454112 2.000000
-0.043970 0.017472 0.689830 0.940911 0.250696 -0.227681 2.000000
-0.041820 0.010022 0.693209 0.868819 -0.194028 -0.455528 2.000000
-0.041892 0.011153 0.692651 0.846434 -0.230416 -0.480060 2.000000
-0.046233 0.023184 0.689026 0.917956 0.379097 -0.116800 2.000000
-0.044388 0.024479 0.695432 0.774574 -0.523236 -0.355331 2.000000
-0.043610 0.024664 0.697148 0.714568 -0.645497 -0.269679 2.000000
-0.043336 0.015031 0.688986 0.925856 0.234471 -0.296334 2.000000
-0.041406 0.014139 0.694705 0.921369 0.291866 -0.256698 2.000000
-0.042591 0.011769 0.691113 0.852317 -0.228002 -0.470713 2.000000
-0.045180 0.025210 0.691261 0.374568 -0.907587 -0.189698 2.000000
-0.041682 0.019082 0.698988 0.837399 0.464982 -0.287323 2.000000
-0.043115 0.017956 0.693540 0.872420 0.431027 -0.230432 2.000000
-0.044973 0.024977 0.694262 0.821213 -0.460706 -0.336689 2.000000
-0.042799 0.019968 0.697565 0.844183 0.405696 -0.350380 2.000000
-0.043249 0.017292 0.692206 0.921575 0.298900 -0.247705 2.000000
-0.042678 0.022290 0.699703 0.890553 0.172733 -0.420807 2.000000
-0.042111 0.013109 0.691627 0.937162 0.074547 -0.340838 2.000000
-0.040728 0.014447 0.696712 0.900269 0.315193 -0.300282 2.000000
-0.034601 0.015544 0.696935 0.345787 0.721410 0.599999 2.000000
-0.042249 0.014391 0.692236 0.938092 0.279058 -0.205209 2.000000
-0.043353 0.014597 0.688734 0.915814 0.155788 -0.370155 2.000000
-0.043983 0.024620 0.696410 0.617099 -0.713857 -0.331054 2.000000
-0.040885 0.012386 0.695001 0.944146 0.102660 -0.313128 2.000000
-0.035259 0.016528 0.694727 0.169242 -0.974953 -0.144304 2.000000
-0.038464 0.018128 0.694343 0.827628 0.466235 -0.312500 2.000000
-0.034348 0.015286 0.696333 0.827683 0.495798 0.262918 2.000000
-0.042492 0.016815 0.694435 0.907767 0.415463 -0.057883 2.000000
-0.040983 0.020146 0.701560 0.862938 0.302451 -0.404798 2.000000
-0.044101 0.022740 0.695900 0.899633 0.255350 -0.354198 2.000000
-0.041816 0.015916 0.695579 0.859915 0.371506 -0.350041 2.000000
-0.041575 0.023180 0.702144 0.861217 -0.133774 -0.490316 2.000000
-0.043058 0.014295 0.689750 0.929676 0.195220 -0.312397 2.000000
-0.045255 0.020912 0.689004 0.918125 0.343633 -0.197389 2.000000
-0.043224 0.013678 0.689210 0.903490 -0.040297 -0.426711 2.000000
-0.040349 0.014144 0.698060 0.863190 0.280883 -0.419534 2.000000
-0.040842 0.019769 0.701667 0.891524 0.265651 -0.366898 2.000000
-0.041448 0.011623 0.693217 0.920159 -0.108745 -0.376140 2.000000
-0.043670 0.017061 0.690080 0.930823 0.286379 -0.227059 2.000000
-0.041890 0.024909 0.698520 -0.300415 0.936536 0.180697 2.000000
-0.043277 0.025241 0.692939 -0.402345 -0.915377 -0.014282 2.000000
-0.040836 0.017077 0.699026 0.902424 0.303773 -0.305538 2.000000
-0.041208 0.022793 0.702759 0.842513 0.077906 -0.533012 2.000000
