0.035947 -0.051658 0.562531 0.813548 -0.130398 0.566688 1.000000
0.040479 -0.051242 0.560399 -0.031594 -0.988841 0.145587 1.000000
0.042389 -0.052191 0.555824 -0.288413 -0.774323 0.563243 0.000000
0.033085 -0.057892 0.560191 0.753466 -0.414823 0.510108 1.000000
0.033143 -0.057052 0.562021 0.922071 -0.386879 -0.010495 1.000000
0.040106 -0.062063 0.550050 -0.472376 -0.070363 0.878584 0.000000
0.035564 -0.055020 0.555976 0.918548 0.177859 -0.353037 0.000000
0.038794 -0.050933 0.556883 -0.251072 -0.967951 -0.005794 0.000000
0.032787 -0.060101 0.560146 0.784490 0.014146 0.619980 1.000000
0.039010 -0.050922 0.558913 -0.308454 -0.950490 -0.037748 1.000000
0.036297 -0.052803 0.552302 0.768464 -0.604102 0.211007 0.000000
0.032829 -0.057962 0.560404 0.822491 -0.420636 0.382850 1.000000
0.042715 -0.052082 0.556155 -0.084155 -0.801728 0.591735 0.000000
0.041705 -0.053426 0.553086 0.819336 0.165844 -0.548803 0.000000
0.037713 -0.050685 0.561756 0.118260 -0.953354 0.277724 1.000000
0.043749 -0.056959 0.554061 -0.469718 -0.147235 0.870452 0.000000
0.036123 -0.055143 0.559360 0.853494 -0.371703 0.365219 1.000000
0.036185 -0.055959 0.558248 0.936374 -0.261161 0.234519 0.000000
0.034061 -0.059872 0.554128 0.733152 -0.590868 -0.336694 0.000000
0.038229 -0.060500 0.549068 -0.410676 0.119868 0.903868 0.000000
0.034687 -0.060300 0.557892 0.776931 -0.477136 0.410754 0.000000
0.033664 -0.059291 0.552547 0.954600 -0.281349 0.097889 0.000000
0.044186 -0.049294 0.560706 0.564511 -0.564336 0.602372 1.000000
0.036268 -0.052608 0.550723 0.800610 -0.546631 0.245392 0.000000
0.038454 -0.050820 0.559320 -0.374346 -0.925681 -0.054585 1.000000
0.035652 -0.057923 0.555953 0.962541 -0.193505 -0.189921 0.000000
0.034708 -0.057636 0.550158 0.694286 -0.047642 0.718121 0.000000
0.035875 -0.050279 0.555512 -0.113320 -0.974378 0.194282 0.000000
0.037340 -0.051827 0.549879 -0.552823 0.732444 -0.397383 0.000000
0.036169 -0.055662 0.558514 0.922129 -0.286373 0.260133 1.000000
0.041438 -0.051588 0.558281 0.009499 -0.992827 0.119182 0.000000
0.034508 -0.050272 0.556284 0.952563 -0.284832 -0.107213 0.000000
0.045322 -0.054154 0.555301 -0.205347 -0.197980 0.958455 0.000000
0.035041 -0.054631 0.561202 0.622041 -0.584746 0.520708 1.000000
0.032957 -0.057836 0.562599 0.925405 -0.368859 -0.087002 1.000000
0.034611 -0.058883 0.554132 0.779059 -0.408318 -0.475757 0.000000
0.039273 -0.051073 0.560030 -0.218613 -0.975189 0.034861 1.000000
0.042520 -0.053597 0.554701 -0.608798 -0.613253 0.503275 0.000000
0.039330 -0.051102 0.558265 -0.271092 -0.962129 0.028565 0.000000
0.036287 -0.053995 0.559371 0.995784 -0.091728 -0.001095 1.000000
0.038639 -0.050445 0.562110 -0.223732 -0.964457 0.140596 1.000000
0.034735 -0.051488 0.556376 0.967793 0.166619 -0.188718 0.000000
0.035979 -0.056666 0.557122 0.964327 -0.252056 -0.080876 0.000000
0.037288 -0.061543 0.549522 0.050629 -0.356751 -0.932827 0.000000
0.037566 -0.050424 0.560425 -0.157156 -0.973813 -0.164288 1.000000
0.033485 -0.056112 0.563455 0.968710 -0.238617 0.068281 1.000000
0.035609 -0.052440 0.562740 0.775525 -0.330244 0.538052 1.000000
0.036112 -0.049635 0.562613 -0.428229 0.310850 -0.848524 1.000000
0.042970 -0.059934 0.553056 -0.573681 -0.250829 0.779728 0.000000
0.040231 -0.056618 0.549887 0.774929 -0.147092 -0.614694 0.000000
0.044267 -0.048041 0.561487 -0.706732 0.401659 -0.582409 1.000000
0.034865 -0.049665 0.558436 -0.643133 0.729512 0.232794 1.000000
0.035132 -0.058118 0.550252 0.738570 0.021363 0.673839 0.000000
0.042854 -0.062893 0.551539 0.589712 0.192525 -0.784330 0.000000
0.040101 -0.051336 0.551651 -0.521957 -0.679345 0.515802 0.000000
0.032500 -0.059970 0.560532 0.836494 0.003660 0.547964 1.000000
0.036507 -0.060332 0.548673 0.195418 0.449181 0.871807 0.000000
0.039246 -0.051065 0.554420 -0.000338 -0.999220 0.039499 0.000000
0.041022 -0.058023 0.551518 0.838563 -0.064199 -0.541009 0.000000
0.034456 -0.051099 0.555463 0.995376 -0.048024 -0.083193 0.000000
0.034778 -0.059094 0.554397 0.795266 -0.452055 -0.403978 0.000000
0.036205 -0.050297 0.562177 0.522961 -0.375844 0.765018 1.000000
0.045319 -0.055238 0.555116 -0.256580 -0.187154 0.948230 0.000000
0.045145 -0.058308 0.554435 -0.257424 -0.165741 0.951978 0.000000
0.042551 -0.060239 0.552610 -0.608240 -0.331214 0.721347 0.000000
0.039388 -0.057423 0.549396 -0.591243 0.195508 0.782437 0.000000
0.043089 -0.055923 0.553918 -0.538434 -0.151206 0.828990 0.000000
0.042989 -0.059232 0.553305 -0.540988 -0.187724 0.819812 0.000000
0.044679 -0.059960 0.553939 0.366907 0.162063 -0.916032 0.000000
0.033804 -0.059028 0.552738 0.896290 -0.432746 -0.096932 0.000000
0.034657 -0.050118 0.557711 0.951152 -0.306095 0.040188 0.000000
0.042326 -0.052890 0.555181 0.617028 0.548208 -0.564574 0.000000
0.035206 -0.052068 0.557616 0.918457 0.329211 -0.219217 0.000000
0.035943 -0.049718 0.558761 -0.072609 -0.961613 -0.264627 1.000000
0.036167 -0.049647 0.562258 -0.374112 0.536787 -0.756241 1.000000
0.035779 -0.052022 0.559064 0.848118 0.190585 -0.494342 1.000000
0.035230 -0.058193 0.557933 0.775042 -0.238722 0.585083 0.000000
0.043509 -0.049443 0.561154 0.619782 -0.610626 0.492957 1.000000
0.036078 -0.056443 0.557205 0.968167 -0.216437 -0.125728 0.000000
0.035807 -0.056817 0.556860 0.986413 -0.142737 -0.081337 0.000000
0.038514 -0.050684 0.560782 -0.266799 -0.948242 0.172206 1.000000
0.041393 -0.054979 0.552212 0.862394 0.182482 -0.472205 0.000000
0.042430 -0.059691 0.552758 -0.598404 -0.253250 0.760117 0.000000
0.047378 -0.054515 0.555378 0.081183 -0.176942 0.980867 0.000000
0.041197 -0.051453 0.559140 0.009660 -0.988888 0.148349 1.000000
0.044645 -0.047581 0.561192 0.706814 -0.349709 0.614912 1.000000
0.035326 -0.059011 0.548267 0.810451 0.083034 0.579892 0.000000
0.035751 -0.052278 0.558969 0.859133 0.207160 -0.467948 1.000000
0.038963 -0.050619 0.561799 -0.290396 -0.946866 0.138259 1.000000
0.037658 -0.050465 0.560109 -0.292535 -0.946658 -0.135139 1.000000
0.043845 -0.054881 0.554450 -0.454334 -0.269433 0.849109 0.000000
0.034761 -0.050603 0.557293 0.975098 -0.217508 -0.043288 0.000000
0.034639 -0.058343 0.553742 0.805130 -0.328267 -0.493970 0.000000
0.043840 -0.049950 0.560102 0.440735 -0.785604 0.434258 1.000000
0.034777 -0.053885 0.553461 0.990911 0.031512 0.130777 0.000000
0.035442 -0.053932 0.551548 0.880897 -0.408636 0.238825 0.000000
0.034865 -0.055028 0.554298 0.976014 0.103744 -0.191399 0.000000
0.042153 -0.051910 0.556095 -0.277148 -0.854918 0.438524 0.000000
0.035008 -0.055180 0.560726 0.605140 -0.588922 0.535702 1.000000
0.035267 -0.058468 0.557755 0.806008 -0.208718 0.553884 0.000000
0.039946 -0.051236 0.558123 -0.273386 -0.961662 0.021594 0.000000
0.037948 -0.051112 0.553748 -0.018962 -0.947874 0.318079 0.000000
0.039006 -0.050962 0.558590 -0.310499 -0.950549 0.006895 1.000000
0.040213 -0.050979 0.553893 -0.200886 -0.979571 -0.009297 0.000000
0.034166 -0.055966 0.560689 0.659692 -0.574714 0.484262 1.000000
0.035442 -0.057853 0.557941 0.790646 -0.329734 0.515901 0.000000
0.041913 -0.051545 0.558056 0.179715 -0.961593 0.207463 0.000000
0.035315 -0.059705 0.557306 0.890104 -0.437177 0.128809 0.000000
0.035807 -0.057116 0.556489 0.982961 -0.119048 -0.140056 0.000000
0.045486 -0.053645 0.555398 -0.144697 -0.206862 0.967611 0.000000
0.034727 -0.058634 0.554177 0.812731 -0.365309 -0.453892 0.000000
0.044552 -0.049220 0.560472 0.590079 -0.498446 0.635104 1.000000
0.035863 -0.057158 0.557644 0.924174 -0.334038 0.185259 0.000000
0.033307 -0.060562 0.553260 0.964243 -0.257339 -0.063339 0.000000
0.035280 -0.053381 0.556364 0.922441 0.253606 -0.291183 0.000000
0.034726 -0.060309 0.557017 0.704941 -0.690673 -0.161337 0.000000
0.035293 -0.059758 0.549165 0.896726 0.070217 0.436980 0.000000
0.034423 -0.060047 0.556063 0.697654 -0.647526 -0.306578 0.000000
0.041762 -0.060324 0.551900 -0.628318 -0.338978 0.700222 0.000000
0.036973 -0.050615 0.560882 0.301946 -0.904600 -0.300876 1.000000
0.039502 -0.051045 0.560696 -0.250551 -0.959610 0.127957 1.000000
0.044217 -0.048484 0.561238 -0.693181 0.417908 -0.587242 1.000000
0.042377 -0.051830 0.556537 -0.081754 -0.905805 0.415732 0.000000
0.033815 -0.060579 0.558609 0.777279 -0.247140 0.578584 0.000000
0.035330 -0.052770 0.562968 0.732477 -0.437048 0.521984 1.000000
0.035025 -0.057223 0.554001 0.910739 -0.088268 -0.403440 0.000000
0.042533 -0.051385 0.557852 0.278757 -0.920849 0.272638 0.000000
0.038917 -0.050999 0.559994 -0.244840 -0.968742 0.039893 1.000000
0.042487 -0.061166 0.551996 -0.605905 -0.379223 0.699335 0.000000
0.041062 -0.060388 0.551267 -0.662340 -0.252952 0.705210 0.000000
0.040888 -0.056713 0.550939 0.862600 -0.085269 -0.498648 0.000000
0.035822 -0.057091 0.557929 0.883711 -0.378263 0.275628 0.000000
0.042725 -0.058730 0.553252 -0.569996 -0.144563 0.808830 0.000000
0.036233 -0.051065 0.553923 -0.016332 -0.845221 0.534167 0.000000
0.035132 -0.056624 0.559123 0.594787 -0.554127 0.582384 1.000000
0.033498 -0.059486 0.552610 0.959681 -0.229523 0.162269 0.000000
0.042287 -0.060556 0.552188 -0.607797 -0.366997 0.704199 0.000000
0.034795 -0.059376 0.555391 0.787856 -0.561109 -0.253850 0.000000
0.033648 -0.058536 0.559287 0.670965 -0.183457 0.718435 1.000000
0.044151 -0.058380 0.554058 -0.374051 -0.144917 0.916016 0.000000
0.034781 -0.049941 0.557123 0.685889 -0.723882 0.074503 0.000000
0.034481 -0.055721 0.560590 0.615279 -0.590605 0.522128 1.000000
0.041514 -0.055456 0.552202 0.867113 0.154529 -0.473535 0.000000
0.044852 -0.049870 0.559216 0.547540 -0.773428 0.319389 1.000000
0.040468 -0.051401 0.557559 -0.268172 -0.962156 -0.048359 0.000000
0.039525 -0.050806 0.562227 -0.232775 -0.962762 0.137494 1.000000
0.034805 -0.054356 0.553542 0.998108 -0.006345 0.061159 0.000000
0.038907 -0.050948 0.555969 -0.170560 -0.985346 0.001766 0.000000
0.041365 -0.060018 0.551796 -0.677310 -0.268978 0.684764 0.000000
0.037951 -0.050544 0.558948 -0.397001 -0.916209 -0.054321 1.000000
0.034879 -0.055026 0.561015 0.608681 -0.588756 0.531858 1.000000
0.036169 -0.056473 0.557755 0.946084 -0.317318 0.065078 0.000000
0.035436 -0.059322 0.548485 0.783177 0.130064 0.608044 0.000000
0.040395 -0.053854 0.550024 0.924998 0.225147 -0.306084 0.000000
0.045339 -0.049673 0.558699 0.659080 -0.706811 0.256966 1.000000
0.039694 -0.050983 0.561687 -0.196774 -0.964213 0.177688 1.000000
0.044510 -0.049983 0.559410 0.472185 -0.800733 0.368602 1.000000
0.039312 -0.051010 0.558974 -0.263861 -0.964281 -0.023232 1.000000
0.034755 -0.060558 0.550532 0.856178 -0.084136 0.509784 0.000000
0.036637 -0.052397 0.552340 0.703829 -0.681819 0.199368 0.000000
0.035832 -0.056585 0.556472 0.969196 -0.030815 -0.244355 0.000000
0.036741 -0.050323 0.555786 -0.175692 -0.976450 0.125211 0.000000
0.039713 -0.052312 0.549472 0.801647 0.548643 -0.237390 0.000000
0.033983 -0.060186 0.554958 0.709275 -0.674506 -0.204865 0.000000
0.033267 -0.058601 0.559589 0.685995 -0.183313 0.704136 1.000000
0.037820 -0.050219 0.562417 -0.084652 -0.875801 0.475192 1.000000
0.035617 -0.050408 0.559169 0.336763 -0.573054 -0.747128 1.000000
0.036160 -0.054563 0.559768 0.861894 -0.350597 0.366362 1.000000
0.045773 -0.051194 0.556148 0.263222 -0.417370 0.869779 0.000000
0.037911 -0.050605 0.560938 0.015222 -0.999607 -0.023547 1.000000
0.038827 -0.050959 0.557505 -0.296444 -0.954840 0.020048 0.000000
0.041754 -0.057326 0.552468 0.765149 -0.019197 -0.643567 0.000000
0.034830 -0.060449 0.557384 0.768664 -0.634352 0.082174 0.000000
0.047718 -0.053778 0.555432 0.093504 -0.189303 0.977457 0.000000
0.035073 -0.056729 0.554062 0.942374 -0.006943 -0.334490 0.000000
0.040612 -0.053623 0.551190 0.902841 0.291189 -0.316364 0.000000
0.036442 -0.052888 0.561541 0.849740 -0.351923 0.392546 1.000000
0.046470 -0.053172 0.555614 -0.059790 -0.193283 0.979320 0.000000
0.034107 -0.054057 0.562894 0.748963 -0.522920 0.406951 1.000000
0.047586 -0.051828 0.555876 -0.055453 0.153929 -0.986525 0.000000
0.037399 -0.050025 0.562505 0.135289 0.771842 -0.621255 1.000000
0.047052 -0.057142 0.554909 0.085912 0.194346 -0.977164 0.000000
0.036271 -0.055691 0.557842 0.996817 -0.074851 -0.027450 0.000000
0.037942 -0.050754 0.554885 -0.221125 -0.953554 0.204543 0.000000
0.034302 -0.059772 0.554583 0.750771 -0.589540 -0.297970 0.000000
0.040001 -0.050960 0.554472 -0.130107 -0.991358 0.016774 0.000000
0.034796 -0.054979 0.553784 0.998088 0.052966 -0.031846 0.000000
0.037727 -0.050041 0.562868 0.205832 0.862392 -0.462507 1.000000
0.035528 -0.050434 0.554586 -0.075548 -0.916948 0.391789 0.000000
0.039850 -0.051078 0.556574 -0.192076 -0.977493 -0.087255 0.000000
0.040566 -0.056237 0.550240 0.860009 -0.076660 -0.504487 0.000000
0.036098 -0.060135 0.548482 0.370078 0.372829 0.850906 0.000000
0.034967 -0.050118 0.555400 0.202954 -0.969190 0.139573 0.000000
0.036270 -0.049989 0.557435 -0.228828 -0.966336 0.117613 0.000000
0.036802 -0.050999 0.553964 0.052481 -0.875231 0.480849 0.000000
0.043450 -0.057070 0.553868 -0.509087 -0.135486 0.849985 0.000000
0.041243 -0.055322 0.551702 0.895211 0.155077 -0.417790 0.000000
0.034697 -0.050475 0.557572 0.984424 -0.171538 0.038517 0.000000
0.044820 -0.049056 0.560337 0.659254 -0.381722 0.647821 1.000000
0.035565 -0.060766 0.549299 0.687841 0.317168 0.652901 0.000000
0.035428 -0.055881 0.555343 0.924405 0.133435 -0.357309 0.000000
0.041399 -0.053161 0.552744 0.791528 0.123473 -0.598530 0.000000
0.042001 -0.059719 0.552411 -0.622601 -0.262883 0.737062 0.000000
0.035628 -0.057910 0.549816 0.805701 -0.175055 0.565864 0.000000
0.040702 -0.057381 0.550759 0.835899 -0.118107 -0.536026 0.000000
0.038748 -0.051250 0.551997 0.165532 -0.986204 0.001058 0.000000
0.035736 -0.058064 0.557094 0.959120 -0.218074 0.180368 0.000000
0.041806 -0.058799 0.552496 -0.690598 -0.114517 0.714115 0.000000
0.035770 -0.057689 0.556519 0.987849 -0.145439 -0.054798 0.000000
0.034833 -0.060448 0.557618 0.763165 -0.617516 0.190403 0.000000
0.036003 -0.053683 0.560922 0.759571 -0.531304 0.375191 1.000000
0.034400 -0.058003 0.550830 0.861619 0.113066 0.494802 0.000000
0.037125 -0.051587 0.552768 0.324573 -0.867311 0.377392 0.000000
0.044800 -0.050491 0.557498 0.454853 -0.783141 0.424028 0.000000
0.047087 -0.053900 0.555472 0.039868 -0.191440 0.980694 0.000000
0.034243 -0.058808 0.551383 0.900585 -0.057471 0.430863 0.000000
0.032494 -0.059195 0.560485 0.873790 -0.075670 0.480380 1.000000
0.043451 -0.055359 0.554184 -0.498952 -0.180592 0.847605 0.000000
0.034382 -0.060726 0.551334 0.844237 -0.018062 0.535666 0.000000
0.044582 -0.052823 0.555551 -0.010104 -0.425831 0.904746 0.000000
0.035204 -0.056685 0.554460 0.942721 0.047874 -0.330128 0.000000
0.036418 -0.052714 0.561540 0.856850 -0.327995 0.397778 1.000000
0.043294 -0.050341 0.559891 0.430999 -0.831882 0.349590 1.000000
0.034770 -0.050962 0.557775 0.979435 0.178570 -0.093916 0.000000
0.038370 -0.051229 0.549603 -0.010607 -0.915933 0.401192 0.000000
0.035963 -0.056138 0.558558 0.820867 -0.409608 0.397993 1.000000
0.042368 -0.053137 0.554944 0.624167 0.597368 -0.503555 0.000000
0.042753 -0.050559 0.560059 0.444284 -0.841136 0.308386 1.000000
0.042036 -0.050465 0.561409 0.487061 -0.811178 0.323669 1.000000
0.040223 -0.051146 0.561138 -0.093012 -0.983016 0.158207 1.000000
0.036078 -0.055502 0.559073 0.863837 -0.368369 0.343643 1.000000
0.043090 -0.061951 0.552138 -0.644971 -0.344010 0.682400 0.000000
0.035465 -0.051909 0.558716 0.839110 0.259273 -0.478197 1.000000
0.034188 -0.057253 0.551554 0.978009 -0.186527 0.093302 0.000000
0.032686 -0.060417 0.560380 0.795973 0.012265 0.605207 1.000000
0.045134 -0.049753 0.558993 0.612234 -0.745833 0.262495 1.000000
0.034758 -0.050159 0.556636 0.623461 -0.781695 0.015761 0.000000
0.036089 -0.056627 0.557479 0.961574 -0.274377 -0.009634 0.000000
0.034818 -0.053169 0.554962 0.958398 0.196232 -0.207281 0.000000
0.042940 -0.049751 0.561510 0.606606 -0.682715 0.407345 1.000000
0.035570 -0.057950 0.557696 0.848405 -0.324578 0.418160 0.000000
0.035284 -0.049770 0.557688 0.319223 -0.923626 0.212157 0.000000
0.037813 -0.051328 0.553106 0.123703 -0.953961 0.273232 0.000000
0.033856 -0.060024 0.554090 0.744778 -0.584900 -0.321244 0.000000
0.034852 -0.051567 0.556816 0.959105 0.211738 -0.187844 0.000000
0.035744 -0.057273 0.549121 0.878904 -0.233472 0.415955 0.000000
0.035079 -0.052698 0.563379 0.751039 -0.419070 0.510217 1.000000
0.040243 -0.053222 0.550202 0.920921 0.321828 -0.219844 0.000000
0.034244 -0.058460 0.553196 0.839754 -0.391948 -0.375753 0.000000
0.045162 -0.051818 0.555930 0.149211 -0.483350 0.862617 0.000000
0.036050 -0.050365 0.555285 -0.146892 -0.952530 0.266663 0.000000
0.043346 -0.049104 0.561802 -0.662380 0.591145 -0.460217 1.000000
0.035700 -0.051951 0.552964 0.266600 -0.404517 0.874809 0.000000
0.043159 -0.052216 0.556005 -0.012355 -0.702809 0.711272 0.000000
0.036657 -0.052499 0.560394 0.988334 -0.115422 -0.099371 1.000000
0.036144 -0.052768 0.551351 0.801767 -0.597636 -0.000524 0.000000
0.033433 -0.056769 0.560982 0.801499 -0.497219 0.332223 1.000000
0.034281 -0.052648 0.564484 0.729179 -0.475787 0.491859 1.000000
0.034134 -0.059503 0.558716 0.703459 -0.154790 0.693676 1.000000
0.036236 -0.052331 0.562084 0.805345 -0.277143 0.524033 1.000000
0.035339 -0.051584 0.563503 0.831994 -0.188271 0.521863 1.000000
0.035081 -0.053044 0.563036 0.719061 -0.476586 0.505783 1.000000
0.033578 -0.060526 0.555018 0.700801 -0.675795 -0.228427 0.000000
0.042395 -0.059122 0.552917 -0.601137 -0.164881 0.781952 0.000000
0.035068 -0.050212 0.555089 0.151139 -0.967270 0.203826 0.000000
0.044143 -0.060877 0.553613 0.491237 0.238831 -0.837643 0.000000
0.035703 -0.054936 0.560159 0.718398 -0.486014 0.497689 1.000000
0.036377 -0.050001 0.558380 -0.264297 -0.961252 -0.078374 1.000000
0.033606 -0.055191 0.563846 0.964218 -0.211907 0.159306 1.000000
0.033905 -0.054859 0.562575 0.839263 -0.410301 0.356778 1.000000
0.040535 -0.051053 0.554636 -0.303510 -0.952039 0.038786 0.000000
0.035763 -0.057646 0.556270 0.980506 -0.148045 -0.129192 0.000000
0.036595 -0.051448 0.560580 0.916408 -0.263549 -0.301227 1.000000
0.038115 -0.050721 0.560015 -0.383172 -0.923677 0.000582 1.000000
0.041630 -0.051641 0.555906 -0.534573 -0.822532 0.194096 0.000000
0.046586 -0.051926 0.555850 -0.006681 -0.187320 0.982276 0.000000
0.040276 -0.062829 0.550178 0.471204 0.046848 -0.880779 0.000000
0.035728 -0.050778 0.559220 -0.600906 0.198089 0.774386 1.000000
0.040909 -0.051456 0.559429 -0.044972 -0.989147 0.139874 1.000000
0.042817 -0.049501 0.562195 -0.630777 0.673168 -0.385960 1.000000
0.034247 -0.057007 0.559583 0.631926 -0.496688 0.594955 1.000000
0.040243 -0.054138 0.549422 0.913174 0.102654 -0.394431 0.000000
0.042556 -0.055995 0.553507 -0.649395 -0.116864 0.751418 0.000000
0.037682 -0.051453 0.550312 0.362746 -0.917273 0.164393 0.000000
0.034566 -0.051669 0.555302 0.980875 0.150497 -0.123431 0.000000
0.041245 -0.051482 0.556478 -0.325327 -0.945319 -0.023109 0.000000
0.043453 -0.060717 0.553238 -0.579340 -0.268981 0.769425 0.000000
0.035853 -0.056976 0.547962 0.790637 -0.333534 0.513467 0.000000
0.038712 -0.050868 0.560479 -0.282197 -0.946860 0.154340 1.000000
0.035601 -0.056350 0.555606 0.946781 0.087777 -0.309680 0.000000
0.039597 -0.051067 0.553101 0.086783 -0.995383 0.040995 0.000000
0.042229 -0.057568 0.552951 -0.670263 -0.058374 0.739824 0.000000
0.034819 -0.057523 0.558646 0.620464 -0.402018 0.673354 1.000000
0.046950 -0.050436 0.556097 -0.160364 0.414408 -0.895851 0.000000
0.040270 -0.050716 0.562733 0.106978 -0.957324 0.268491 1.000000
0.035877 -0.050733 0.554276 -0.093263 -0.883027 0.459963 0.000000
0.034204 -0.057987 0.558989 0.668890 -0.317137 0.672317 1.000000
0.034722 -0.059663 0.555823 0.728590 -0.631914 -0.264275 0.000000
0.039095 -0.051017 0.557340 -0.248847 -0.968411 -0.015990 0.000000
0.033698 -0.053434 0.564618 0.810383 -0.422596 0.405822 1.000000
0.035874 -0.055616 0.556491 0.939123 0.090836 -0.331355 0.000000
0.035449 -0.060415 0.549188 0.785992 0.253761 0.563756 0.000000
0.036480 -0.052351 0.551729 0.814104 -0.577278 0.063130 0.000000
0.042905 -0.050641 0.559630 0.423241 -0.851955 0.308286 1.000000
0.036613 -0.052693 0.560990 0.946841 -0.237122 0.217405 1.000000
0.037992 -0.051400 0.552267 0.177866 -0.981265 0.074049 0.000000
0.044782 -0.052493 0.555708 0.030945 -0.443236 0.895871 0.000000
0.034312 -0.058574 0.551216 0.906407 0.013425 0.422192 0.000000
0.046642 -0.057181 0.554876 0.109122 0.197075 -0.974297 0.000000
0.045804 -0.055575 0.555136 -0.162958 -0.196780 0.966810 0.000000
0.035926 -0.053690 0.557888 0.917300 0.279201 -0.283915 0.000000
0.034745 -0.050092 0.556402 -0.664448 0.744861 0.060754 0.000000
0.043776 -0.048880 0.561421 0.666063 -0.544134 0.510175 1.000000
0.046027 -0.051391 0.555921 0.227383 -0.351554 0.908134 0.000000
0.035408 -0.052496 0.563013 0.770233 -0.361489 0.525421 1.000000
0.032614 -0.058502 0.562320 0.932779 -0.350066 -0.085893 1.000000
0.040872 -0.058502 0.551290 0.814157 -0.053526 -0.578173 0.000000
0.035688 -0.058069 0.557342 0.941823 -0.244277 0.230863 0.000000
0.033651 -0.059784 0.553590 0.848766 -0.429595 -0.308294 0.000000
0.043208 -0.062228 0.552072 -0.638185 -0.306875 0.706080 0.000000
0.035688 -0.057574 0.549452 0.895653 -0.280783 0.344915 0.000000
0.043992 -0.056454 0.554251 -0.434900 -0.164108 0.885398 0.000000
0.037542 -0.050459 0.555684 -0.262613 -0.961355 0.082656 0.000000
0.036529 -0.052039 0.560103 0.939535 -0.010512 -0.342291 1.000000
0.037147 -0.050211 0.559845 -0.079139 -0.958833 -0.272719 1.000000
0.033884 -0.057776 0.559437 0.677946 -0.351645 0.645550 1.000000
0.033302 -0.059874 0.559629 0.742104 -0.010664 0.670200 1.000000
0.034090 -0.060449 0.556474 0.685358 -0.666284 -0.293855 0.000000
0.035408 -0.058414 0.549849 0.839754 -0.091216 0.535251 0.000000
0.044693 -0.049483 0.560125 0.590604 -0.530796 0.607817 1.000000
0.035251 -0.055029 0.555318 0.934532 0.136643 -0.328601 0.000000
0.036626 -0.050052 0.557984 -0.311530 -0.948128 0.063266 0.000000
0.043189 -0.058989 0.553478 -0.494678 -0.170816 0.852124 0.000000
0.045083 -0.049922 0.558628 0.612128 -0.748477 0.255112 1.000000
0.034966 -0.055543 0.554405 0.953463 0.128250 -0.272873 0.000000
0.039076 -0.061242 0.549464 -0.399301 -0.001289 0.916819 0.000000
0.035908 -0.053475 0.558197 0.911233 0.300151 -0.282070 0.000000
0.043835 -0.049689 0.560551 0.511762 -0.685113 0.518381 1.000000
0.037058 -0.059388 0.548323 -0.138207 0.300455 0.943730 0.000000
0.043059 -0.055466 0.553967 -0.542624 -0.161397 0.824324 0.000000
0.036419 -0.052196 0.551188 0.730651 -0.682266 0.025739 0.000000
0.044165 -0.050948 0.557159 0.352958 -0.810822 0.466892 0.000000
0.048426 -0.055429 0.555093 -0.095719 0.159306 -0.982578 0.000000
0.037722 -0.055598 0.548832 0.039142 0.121980 -0.991760 0.000000
0.042280 -0.051742 0.556936 0.030110 -0.968814 0.245953 0.000000
0.035020 -0.056471 0.553892 0.950922 0.000842 -0.309428 0.000000
0.045455 -0.048678 0.559754 0.771718 -0.354028 0.528314 1.000000
0.034607 -0.052452 0.564206 -0.732584 0.438103 -0.520948 1.000000
0.042714 -0.063346 0.551503 0.580173 0.187866 -0.792531 0.000000
0.038559 -0.051290 0.551674 0.132503 -0.991181 0.001617 0.000000
0.033413 -0.060573 0.559451 0.782470 -0.097235 0.615049 1.000000
0.035155 -0.056257 0.554493 0.949377 0.109609 -0.294397 0.000000
0.039831 -0.051224 0.557877 -0.265949 -0.963984 0.002515 0.000000
0.034138 -0.060964 0.558016 0.696539 -0.649218 0.305530 0.000000
0.040837 -0.061413 0.550645 -0.564293 -0.246329 0.787969 0.000000
0.040308 -0.051337 0.557246 -0.277346 -0.956912 -0.086015 0.000000
0.034043 -0.060434 0.555968 0.704836 -0.651478 -0.280682 0.000000
0.033913 -0.054151 0.563205 0.854795 -0.405362 0.324047 1.000000
0.045268 -0.052749 0.555542 -0.038824 -0.306256 0.951157 0.000000
0.032272 -0.059212 0.561121 0.945979 -0.238666 0.219460 1.000000
0.040839 -0.051505 0.552491 0.755431 0.516247 -0.403501 0.000000
0.044564 -0.050928 0.556846 0.296524 -0.756838 0.582469 0.000000
0.048061 -0.051698 0.555811 -0.079456 0.151304 -0.985289 0.000000
0.038212 -0.050565 0.561185 -0.026259 -0.993700 0.108956 1.000000
0.039611 -0.051087 0.558908 -0.249254 -0.968431 0.003710 1.000000
0.036399 -0.052169 0.561748 0.845199 -0.252720 0.470926 1.000000
0.035166 -0.054328 0.552085 0.902557 -0.331003 0.275368 0.000000
0.037058 -0.050240 0.560419 0.033848 -0.941214 -0.336110 1.000000
0.047042 -0.051751 0.555875 0.037201 -0.170460 0.984662 0.000000
0.036293 -0.053078 0.561466 0.798990 -0.456817 0.391067 1.000000
0.039776 -0.059049 0.550224 -0.651986 0.069762 0.755015 0.000000
0.037235 -0.050222 0.558860 -0.318412 -0.947663 -0.023447 1.000000
0.035387 -0.055738 0.559758 0.609795 -0.563046 0.557789 1.000000
0.035445 -0.056989 0.558456 0.691313 -0.465222 0.552860 0.000000
0.043460 -0.052574 0.555649 -0.065430 -0.588892 0.805559 0.000000
0.036572 -0.051871 0.551171 0.669479 -0.741917 0.036831 0.000000
0.036178 -0.055447 0.558744 0.931028 -0.269331 0.246269 1.000000
0.036279 -0.061102 0.549314 -0.288827 -0.525433 -0.800312 0.000000
0.041170 -0.056011 0.551304 0.894896 0.001093 -0.446273 0.000000
0.044365 -0.048928 0.560816 0.661459 -0.436391 0.609947 1.000000
0.043242 -0.061432 0.552709 -0.638636 -0.367911 0.675859 0.000000
0.033981 -0.059375 0.553732 0.769583 -0.474458 -0.427354 0.000000
0.034692 -0.054827 0.561449 0.617979 -0.583901 0.526462 1.000000
0.034900 -0.050278 0.554528 0.449736 -0.823476 0.345867 0.000000
0.039881 -0.051054 0.551959 -0.140068 -0.970936 0.194072 0.000000
0.037659 -0.058255 0.548507 0.372356 0.011266 -0.928022 0.000000
0.037946 -0.050581 0.560634 -0.165077 -0.986226 -0.010379 1.000000
0.035790 -0.054485 0.557094 0.920828 0.224271 -0.319028 0.000000
0.035164 -0.055615 0.560115 0.576812 -0.589293 0.565705 1.000000
0.038985 -0.052122 0.548780 0.275005 0.697677 -0.661527 0.000000
0.037965 -0.050650 0.560275 -0.328230 -0.944105 -0.030509 1.000000
0.040095 -0.057832 0.549896 0.697665 -0.188831 -0.691091 0.000000
0.034140 -0.054339 0.562573 0.724047 -0.528262 0.443504 1.000000
0.033496 -0.056195 0.561994 0.917659 -0.369532 0.146107 1.000000
0.035352 -0.057614 0.554604 0.910240 -0.123300 -0.395299 0.000000
0.042543 -0.052874 0.555223 -0.405673 -0.575864 0.709796 0.000000
0.033040 -0.057468 0.562443 0.929071 -0.358315 -0.091855 1.000000
0.034638 -0.056288 0.552720 0.966894 -0.179454 -0.181419 0.000000
0.042290 -0.062332 0.551279 -0.563592 -0.244843 0.788934 0.000000
0.035907 -0.053276 0.551032 0.853954 -0.495770 0.158035 0.000000
0.036525 -0.050980 0.554180 -0.026992 -0.881584 0.471256 0.000000
0.042033 -0.060825 0.551808 -0.595342 -0.379771 0.708055 0.000000
0.042168 -0.055481 0.553195 0.735568 0.143669 -0.662041 0.000000
0.042871 -0.061228 0.552392 -0.631975 -0.378035 0.676533 0.000000
0.036674 -0.050363 0.562141 -0.293791 0.534786 -0.792269 1.000000
0.046464 -0.052341 0.555791 -0.034359 -0.194593 0.980282 0.000000
0.034477 -0.058551 0.553726 0.792475 -0.368040 -0.486344 0.000000
0.041973 -0.051616 0.557684 0.148935 -0.971026 0.186887 0.000000
0.035873 -0.057718 0.547894 0.740667 -0.139637 0.657202 0.000000
0.035377 -0.052256 0.563246 0.792130 -0.326774 0.515508 1.000000
0.036421 -0.058321 0.547929 0.162774 0.020604 0.986448 0.000000
0.033667 -0.060305 0.554489 0.740301 -0.604819 -0.293512 0.000000
0.033507 -0.056400 0.561494 0.860827 -0.453976 0.229961 1.000000
0.041761 -0.051974 0.555290 -0.639627 -0.704850 0.306698 0.000000
0.042660 -0.051607 0.557091 0.184082 -0.921406 0.342236 0.000000
0.034847 -0.051970 0.556360 0.942559 0.253380 -0.217674 0.000000
0.034501 -0.059626 0.558392 0.712582 -0.217898 0.666894 0.000000
0.034924 -0.056062 0.553373 0.984263 -0.026063 -0.174775 0.000000
0.044353 -0.054075 0.555003 -0.270564 -0.342390 0.899758 0.000000
0.045842 -0.049052 0.558407 0.757640 -0.583486 0.292448 1.000000
0.034239 -0.060019 0.551261 0.809702 0.009743 0.586761 0.000000
0.034454 -0.051504 0.553974 0.942409 -0.050042 0.330698 0.000000
0.042220 -0.056454 0.553016 0.731725 0.091179 -0.675473 0.000000
0.041161 -0.060944 0.551090 -0.593351 -0.304580 0.745095 0.000000
0.045989 -0.051921 0.555806 0.068160 -0.299592 0.951630 0.000000
0.034651 -0.059905 0.556040 0.691880 -0.659313 -0.294293 0.000000
0.038180 -0.050317 0.562920 0.263342 0.932941 -0.245504 1.000000
0.047915 -0.054576 0.555274 0.109548 -0.164892 0.980209 0.000000
0.036511 -0.051014 0.560206 0.806477 -0.361669 -0.467750 1.000000
0.034500 -0.058289 0.553480 0.823168 -0.354845 -0.443259 0.000000
0.034074 -0.055860 0.560992 0.686802 -0.550756 0.474310 1.000000
0.041970 -0.051280 0.558936 0.300965 -0.923984 0.235953 1.000000
0.037009 -0.050161 0.557544 -0.315584 -0.946137 0.072336 0.000000
0.039297 -0.052249 0.548957 0.463424 0.705606 -0.536058 0.000000
0.042787 -0.050837 0.559197 0.398019 -0.871278 0.287149 1.000000
0.040867 -0.055842 0.550717 0.888645 -0.008723 -0.458513 0.000000
0.034155 -0.059265 0.551411 0.865802 -0.009799 0.500290 0.000000
0.035950 -0.054989 0.559789 0.796159 -0.416058 0.439348 1.000000
0.034661 -0.051753 0.555744 0.961390 0.199242 -0.189822 0.000000
0.040583 -0.051030 0.552891 -0.445326 -0.891343 0.084815 0.000000
0.038694 -0.050834 0.557963 -0.345433 -0.935802 0.070356 0.000000
0.042720 -0.049718 0.561975 0.622292 -0.682579 0.383195 1.000000
0.048238 -0.054026 0.555307 0.129357 -0.174281 0.976162 0.000000
0.035200 -0.057286 0.558480 0.638937 -0.461339 0.615569 0.000000
0.034724 -0.053386 0.554308 0.983101 0.167041 -0.074892 0.000000
0.040440 -0.059507 0.550789 0.720174 0.002072 -0.693791 0.000000
0.034876 -0.055275 0.554003 0.975340 0.097009 -0.198244 0.000000
0.038327 -0.051570 0.548897 0.120023 0.793201 -0.597015 0.000000
0.039389 -0.051078 0.552756 0.120611 -0.992062 0.035578 0.000000
0.035882 -0.057068 0.557220 0.967197 -0.253629 0.014230 0.000000
0.034574 -0.057269 0.553050 0.914757 -0.204729 -0.348291 0.000000
0.034465 -0.054576 0.561944 0.651107 -0.567498 0.503990 1.000000
0.035634 -0.057459 0.555570 0.962524 -0.100314 -0.251963 0.000000
0.036230 -0.059782 0.548346 0.359128 0.390056 0.847870 0.000000
0.034184 -0.059635 0.554097 0.738331 -0.524569 -0.423905 0.000000
0.041051 -0.057470 0.551445 0.846807 -0.077438 -0.526233 0.000000
0.040040 -0.051108 0.561417 -0.106055 -0.980260 0.166861 1.000000
0.032998 -0.057311 0.561965 0.916514 -0.399518 -0.019693 1.000000
0.044532 -0.048097 0.561105 0.697147 -0.374273 0.611478 1.000000
0.038246 -0.053749 0.548849 0.096720 0.051757 0.993965 0.000000
0.041824 -0.053842 0.553167 0.800400 0.162817 -0.576931 0.000000
0.036025 -0.053389 0.561437 0.728358 -0.541299 0.420107 1.000000
0.034416 -0.057756 0.558866 0.659931 -0.329657 0.675142 1.000000
0.034994 -0.059903 0.556712 0.741226 -0.613271 -0.272914 0.000000
0.033653 -0.054543 0.564202 0.927829 -0.284448 0.241294 1.000000
0.037787 -0.050606 0.556751 -0.359127 -0.932082 0.047433 0.000000
0.046068 -0.052190 0.555725 -0.009118 -0.257769 0.966163 0.000000
0.033673 -0.055160 0.563323 0.965124 -0.219067 0.143333 1.000000
0.036739 -0.051687 0.550972 -0.625646 0.779682 -0.025764 0.000000
0.035977 -0.053006 0.551603 0.810533 -0.584261 0.040932 0.000000
0.035402 -0.050066 0.556069 0.037295 -0.987057 0.155973 0.000000
0.034692 -0.051072 0.556689 0.983739 0.055526 -0.170807 0.000000
0.041092 -0.051448 0.555702 -0.496620 -0.864493 0.077597 0.000000
0.040652 -0.053550 0.551623 0.874266 0.264918 -0.406790 0.000000
0.034989 -0.060345 0.550427 0.882933 -0.083254 0.462059 0.000000
0.033830 -0.058744 0.552011 0.958637 -0.183230 0.217810 0.000000
0.041868 -0.058248 0.552625 -0.694342 -0.058976 0.717224 0.000000
0.039735 -0.051131 0.559414 -0.226693 -0.973934 0.007902 1.000000
0.035923 -0.055898 0.558869 0.819380 -0.421271 0.388775 1.000000
0.035319 -0.049857 0.557159 0.231939 -0.952018 0.199667 0.000000
0.043178 -0.057954 0.553615 -0.523309 -0.121242 0.843474 0.000000
0.038436 -0.050832 0.555760 -0.276710 -0.960809 0.016641 0.000000
0.036661 -0.050363 0.555424 0.102842 0.971736 -0.212492 0.000000
0.034644 -0.059184 0.558381 0.702278 -0.152555 0.695365 0.000000
0.039613 -0.051114 0.560008 -0.200904 -0.978789 0.040112 1.000000
0.033169 -0.060392 0.559735 0.759981 -0.029413 0.649279 1.000000
0.038280 -0.050980 0.554009 -0.096348 -0.966185 0.239173 0.000000
0.043781 -0.050192 0.559603 0.405411 -0.844820 0.349172 1.000000
0.036083 -0.051857 0.559415 0.846006 0.071289 -0.528387 1.000000
0.033912 -0.057273 0.559763 0.668034 -0.467842 0.578666 1.000000
0.036632 -0.050065 0.557268 -0.251898 -0.963019 0.095610 0.000000
0.036241 -0.053669 0.560559 0.835228 -0.468414 0.288067 1.000000
0.045727 -0.057413 0.554702 -0.176215 -0.189161 0.966005 0.000000
0.034922 -0.055493 0.560454 0.580378 -0.590397 0.560885 1.000000
0.033988 -0.055522 0.561551 0.755219 -0.512362 0.408814 1.000000
0.033958 -0.055707 0.561361 0.755421 -0.513040 0.407589 1.000000
0.039510 -0.058183 0.549764 -0.618643 0.158452 0.769529 0.000000
0.040326 -0.051095 0.552159 -0.402143 -0.862779 0.306421 0.000000
0.039087 -0.051162 0.552357 0.147168 -0.988244 0.041412 0.000000
0.034653 -0.061120 0.550057 0.828651 0.086817 0.552992 0.000000
0.043323 -0.054714 0.554256 -0.424748 -0.395800 0.814206 0.000000
0.044067 -0.051487 0.556373 0.241140 -0.699568 0.672649 0.000000
0.042663 -0.053733 0.554905 -0.491481 -0.625982 0.605469 0.000000
0.039440 -0.052198 0.549134 -0.524451 -0.750383 0.402338 0.000000
0.044469 -0.050779 0.557187 0.357443 -0.807950 0.468457 0.000000
0.039907 -0.051099 0.551591 -0.357576 -0.789116 0.499434 0.000000
0.041319 -0.058001 0.552006 0.806481 -0.035992 -0.590163 0.000000
0.034587 -0.053064 0.563627 0.704119 -0.510353 0.493718 1.000000
0.040180 -0.052859 0.551116 0.875906 0.297600 -0.379766 0.000000
0.034773 -0.054031 0.553814 0.997166 0.011306 0.074381 0.000000
0.045128 -0.050299 0.557456 0.518212 -0.755588 0.400678 0.000000
0.037662 -0.050432 0.559587 -0.391097 -0.918699 -0.055094 1.000000
0.046671 -0.050617 0.556090 -0.246111 0.404871 -0.880630 0.000000
0.041748 -0.051699 0.556329 -0.317048 -0.927866 0.196327 0.000000
0.032951 -0.057498 0.560989 0.871023 -0.450824 0.195133 1.000000
0.041750 -0.063079 0.550871 0.510931 0.083871 -0.855520 0.000000
0.034763 -0.053768 0.553943 0.995613 0.082138 0.044811 0.000000
0.034925 -0.051915 0.556789 0.937488 0.277994 -0.209369 0.000000
0.042882 -0.051323 0.557626 0.319425 -0.893096 0.316777 0.000000
0.045010 -0.048953 0.560147 0.679968 -0.370082 0.632995 1.000000
0.048995 -0.054296 0.555179 -0.137502 0.177136 -0.974534 0.000000
0.037032 -0.050305 0.556154 -0.223411 -0.970245 0.093344 0.000000
0.034615 -0.050644 0.554035 0.535528 -0.673950 0.508921 0.000000
0.036284 -0.055165 0.557987 0.997781 0.010537 -0.065743 0.000000
0.039923 -0.055563 0.549292 -0.673640 0.124651 0.728472 0.000000
0.038841 -0.051012 0.559736 -0.269188 -0.963065 0.006632 1.000000
0.041084 -0.051559 0.554130 -0.657672 -0.751393 0.053621 0.000000
0.033357 -0.056655 0.562952 0.953203 -0.302330 -0.000187 1.000000
0.045143 -0.051175 0.556496 0.304952 -0.662154 0.684512 0.000000
0.036253 -0.055836 0.557588 0.990748 -0.083985 -0.106607 0.000000
0.033665 -0.060303 0.552154 0.922457 -0.023629 0.385376 0.000000
0.046309 -0.056477 0.554986 -0.106496 -0.192043 0.975591 0.000000
0.043062 -0.050331 0.560242 0.463404 -0.803059 0.374637 1.000000
0.044707 -0.056681 0.554571 -0.349873 -0.186085 0.918129 0.000000
0.038357 -0.051970 0.548766 -0.083974 0.590681 -0.802524 0.000000
0.044727 -0.053815 0.555227 -0.225366 -0.288307 0.930639 0.000000
0.043625 -0.051740 0.556327 0.204872 -0.699977 0.684149 0.000000
0.033712 -0.056291 0.561123 0.776456 -0.503232 0.379307 1.000000
0.040208 -0.053475 0.549535 0.937051 0.216367 -0.274083 0.000000
0.038080 -0.051193 0.550454 0.190484 -0.980878 0.039923 0.000000
0.035140 -0.059950 0.549646 0.922506 -0.021846 0.385365 0.000000
0.043762 -0.048651 0.561786 -0.690897 0.520134 -0.502117 1.000000
0.033704 -0.060375 0.559167 0.758211 -0.148929 0.634772 1.000000
0.034525 -0.058809 0.558442 0.693584 -0.140105 0.706620 0.000000
0.041237 -0.050335 0.563002 -0.340885 0.873340 -0.347957 1.000000
0.037417 -0.050701 0.561114 0.188852 -0.977660 -0.092285 1.000000
0.040890 -0.057143 0.551043 0.853912 -0.105312 -0.509650 0.000000
0.040841 -0.051208 0.554866 -0.487268 -0.872259 0.041640 0.000000
0.042658 -0.060800 0.552411 -0.633995 -0.355844 0.686604 0.000000
0.036204 -0.055121 0.557611 0.978710 0.087155 -0.185824 0.000000
0.035013 -0.053524 0.555627 0.940286 0.212559 -0.265859 0.000000
0.034939 -0.056270 0.550727 0.688446 -0.402657 0.603249 0.000000
0.033209 -0.058952 0.559641 0.710463 -0.063678 0.700848 1.000000
0.035043 -0.059737 0.549894 0.930568 -0.053089 0.362250 0.000000
0.039571 -0.051143 0.557494 -0.253265 -0.966857 -0.032304 0.000000
0.035092 -0.052274 0.563737 0.777351 -0.345376 0.525777 1.000000
0.034462 -0.051509 0.554881 0.999534 0.025878 -0.016165 0.000000
0.035105 -0.050275 0.554803 0.155958 -0.951322 0.265825 0.000000
0.036425 -0.053242 0.560817 0.879306 -0.405064 0.250487 1.000000
0.035617 -0.058324 0.557387 0.940250 -0.204506 0.272227 0.000000
0.036917 -0.050990 0.561418 0.571550 -0.819464 0.042547 1.000000
0.044244 -0.051336 0.556498 0.229938 -0.701954 0.674084 0.000000
0.037564 -0.050863 0.553983 -0.038561 -0.919517 0.391154 0.000000
0.039831 -0.051141 0.557021 -0.222501 -0.971102 -0.086342 0.000000
0.035416 -0.053736 0.561863 0.647124 -0.575890 0.499582 1.000000
0.034304 -0.060577 0.556822 -0.659870 0.724945 0.197548 0.000000
0.045197 -0.048530 0.560082 0.713215 -0.333022 0.616783 1.000000
0.036303 -0.052676 0.552899 -0.428577 0.588321 -0.685711 0.000000
0.034896 -0.056345 0.553386 0.963373 -0.018239 -0.267545 0.000000
0.036656 -0.052084 0.560723 0.996388 -0.081829 -0.022704 1.000000
0.041305 -0.051687 0.553334 0.760192 0.636404 -0.130761 0.000000
0.035780 -0.051396 0.559164 0.759387 0.096888 -0.643385 1.000000
0.032117 -0.060014 0.561082 0.918673 -0.116495 0.377451 1.000000
0.035192 -0.059508 0.556436 0.807033 -0.522698 -0.274746 0.000000
0.040774 -0.059569 0.551199 0.736751 0.097078 -0.669159 0.000000
0.043559 -0.049052 0.561603 0.667381 -0.578738 0.468684 1.000000
0.033730 -0.055422 0.562303 0.908093 -0.348580 0.232075 1.000000
0.039091 -0.053142 0.548649 0.335662 0.105766 -0.936026 0.000000
0.045583 -0.054874 0.555256 -0.191312 -0.182363 0.964440 0.000000
0.039510 -0.051777 0.550265 0.698666 0.673904 -0.240249 0.000000
0.044282 -0.049607 0.560335 0.496448 -0.645844 0.580021 1.000000
0.039437 -0.061191 0.549735 -0.457366 -0.042538 0.888261 0.000000
0.037756 -0.051416 0.552780 0.214381 -0.952137 0.217891 0.000000
0.037762 -0.052086 0.549180 -0.334671 0.719835 -0.608139 0.000000
0.035290 -0.057371 0.550183 0.636854 -0.129275 0.760069 0.000000
0.038239 -0.050637 0.558917 -0.396521 -0.916099 -0.059442 1.000000
0.046216 -0.049689 0.556875 0.545928 -0.600229 0.584541 0.000000
0.035135 -0.053738 0.552782 0.849400 -0.294306 0.438069 0.000000
0.040792 -0.054102 0.551470 0.894648 0.269947 -0.355997 0.000000
0.041880 -0.056153 0.552571 0.800250 0.073794 -0.595109 0.000000
0.043325 -0.053664 0.554852 -0.275986 -0.559790 0.781324 0.000000
0.038095 -0.052623 0.548898 0.275106 -0.279056 0.920024 0.000000
0.035490 -0.049879 0.556995 0.102976 -0.973570 0.203858 0.000000
0.034726 -0.050657 0.556975 0.986560 -0.152277 -0.059256 0.000000
0.039130 -0.051162 0.551677 0.030862 -0.990651 0.132887 0.000000
0.034124 -0.060104 0.558426 0.748309 -0.246735 0.615756 0.000000
0.041666 -0.052167 0.554687 0.758141 0.602032 -0.250558 0.000000
0.041382 -0.050646 0.561973 0.349093 -0.893811 0.281488 1.000000
0.039907 -0.052306 0.550908 0.850448 0.391121 -0.351798 0.000000
0.039121 -0.050886 0.560973 -0.291760 -0.940256 0.175483 1.000000
0.040887 -0.051420 0.553556 -0.627414 -0.775143 0.074203 0.000000
0.040917 -0.053248 0.552143 0.815285 0.160304 -0.556429 0.000000
0.038836 -0.050948 0.555508 -0.211352 -0.976860 0.032787 0.000000
0.034630 -0.049799 0.558246 0.858950 -0.485860 -0.161696 1.000000
0.040721 -0.050536 0.562975 -0.190818 0.935088 -0.298663 1.000000
0.045415 -0.053177 0.555450 -0.108790 -0.246156 0.963105 0.000000
0.048740 -0.053553 0.555376 0.146957 -0.189441 0.970833 0.000000
0.049072 -0.053194 0.555353 -0.145441 0.191889 -0.970580 0.000000
0.032244 -0.059177 0.561505 0.959274 -0.265355 0.096845 1.000000
0.032649 -0.058286 0.560601 0.872096 -0.378269 0.310421 1.000000
0.044691 -0.051770 0.556047 0.144910 -0.546851 0.824594 0.000000
0.036415 -0.053171 0.560032 0.978064 -0.180803 -0.103447 1.000000
0.038624 -0.051219 0.551325 0.074879 -0.997044 0.017209 0.000000
0.034899 -0.053103 0.555542 0.945142 0.217408 -0.243803 0.000000
0.044085 -0.053323 0.555284 -0.081294 -0.483977 0.871296 0.000000
0.044382 -0.050125 0.559053 0.421453 -0.847852 0.321751 1.000000
0.047138 -0.052730 0.555736 0.021498 -0.188275 0.981881 0.000000
0.035818 -0.052383 0.562501 0.763540 -0.316618 0.562814 1.000000
0.040919 -0.050652 0.562485 -0.286920 0.909520 -0.300749 1.000000
0.036155 -0.054172 0.560139 0.859321 -0.365876 0.357355 1.000000
0.034116 -0.056478 0.560197 0.639698 -0.556705 0.529967 1.000000
0.033799 -0.057137 0.559994 0.699985 -0.483358 0.525724 1.000000
0.045878 -0.049622 0.557340 0.592938 -0.661740 0.458830 0.000000
0.033587 -0.055768 0.562810 0.953837 -0.277707 0.114340 1.000000
0.044817 -0.050530 0.557330 0.455640 -0.776748 0.434804 0.000000
0.043288 -0.051071 0.557852 0.372145 -0.868371 0.327781 0.000000
0.032571 -0.058894 0.560423 0.882830 -0.204135 0.423014 1.000000
0.045575 -0.051595 0.555954 0.188526 -0.415339 0.889917 0.000000
0.035047 -0.052031 0.557106 0.933993 0.293359 -0.203956 0.000000
0.034894 -0.054045 0.554376 0.981963 0.121519 -0.144850 0.000000
0.034755 -0.052234 0.555541 0.958171 0.202315 -0.202430 0.000000
0.044955 -0.050318 0.557772 0.517948 -0.794457 0.317126 0.000000
0.044616 -0.049803 0.559748 0.496899 -0.737369 0.457578 1.000000
0.041632 -0.056516 0.552161 0.830014 0.022719 -0.557280 0.000000
0.046425 -0.050602 0.556185 0.257367 -0.399199 0.880001 0.000000
0.047410 -0.054903 0.555292 0.074892 -0.164612 0.983511 0.000000
0.034801 -0.056180 0.553068 0.973277 -0.099717 -0.206852 0.000000
0.035283 -0.055132 0.560462 0.615590 -0.559667 0.554817 1.000000
0.033691 -0.054733 0.563727 0.948644 -0.242619 0.203005 1.000000
0.040216 -0.050622 0.563081 -0.083516 0.957115 -0.277410 1.000000
0.043657 -0.061245 0.553202 0.572020 0.324740 -0.753217 0.000000
0.034386 -0.056025 0.560392 0.611309 -0.591587 0.525668 1.000000
0.035981 -0.054853 0.557159 0.936289 0.167155 -0.308904 0.000000
0.037117 -0.050347 0.555677 -0.195861 -0.974379 0.110565 0.000000
0.035048 -0.051628 0.557895 0.911833 0.307472 -0.272069 0.000000
0.044435 -0.059396 0.553969 -0.367998 -0.156482 0.916565 0.000000
0.045618 -0.050366 0.556798 0.525593 -0.606988 0.596085 0.000000
0.033983 -0.057414 0.559577 0.661552 -0.450340 0.599619 1.000000
0.034532 -0.056361 0.551423 0.930600 -0.327655 0.163176 0.000000
0.044149 -0.050786 0.557516 0.400064 -0.838142 0.370765 0.000000
0.041930 -0.052735 0.554028 0.848252 0.461368 -0.260015 0.000000
0.042909 -0.053540 0.555004 -0.290673 -0.598668 0.746395 0.000000
0.040499 -0.051388 0.558492 -0.243396 -0.968120 0.059172 1.000000
0.039349 -0.051049 0.559352 -0.239821 -0.970785 -0.007892 1.000000
0.037113 -0.051229 0.553460 0.103464 -0.865646 0.489850 0.000000
0.038402 -0.050860 0.560216 -0.335805 -0.937932 0.086710 1.000000
0.038983 -0.051045 0.555088 -0.090407 -0.995615 0.024015 0.000000
0.033698 -0.053786 0.564412 0.855709 -0.377161 0.354277 1.000000
0.044056 -0.052590 0.555654 0.008696 -0.541118 0.840902 0.000000
0.038289 -0.050795 0.556314 -0.295522 -0.955088 -0.021746 0.000000
0.034710 -0.050252 0.557093 0.921373 -0.378511 -0.088323 0.000000
0.034424 -0.051359 0.554246 0.973928 -0.075498 0.213926 0.000000
0.034748 -0.053012 0.554782 0.974016 0.182621 -0.133951 0.000000
0.047213 -0.051291 0.555826 -0.056844 0.202212 -0.977691 0.000000
0.037453 -0.050479 0.560747 -0.050047 -0.976634 -0.209003 1.000000
0.035508 -0.055866 0.555648 0.929894 0.121816 -0.347071 0.000000
0.040204 -0.051230 0.556824 -0.253084 -0.962184 -0.100751 0.000000
0.033240 -0.056834 0.561796 0.902968 -0.417752 0.100655 1.000000
0.035730 -0.056648 0.558483 0.768562 -0.441823 0.462716 0.000000
0.036047 -0.051335 0.553327 0.053837 -0.673582 0.737149 0.000000
0.043119 -0.060910 0.552850 -0.624172 -0.309319 0.717447 0.000000
0.037226 -0.050434 0.562129 0.071917 -0.758117 0.648141 1.000000
0.035735 -0.055062 0.556408 0.922484 0.163110 -0.349884 0.000000
0.034515 -0.053959 0.562676 0.640233 -0.602314 0.476780 1.000000
0.045919 -0.050610 0.556399 0.386940 -0.490927 0.780556 0.000000
0.035045 -0.060099 0.557566 0.821253 -0.519052 0.236916 0.000000
0.041051 -0.055415 0.551076 0.906119 0.101136 -0.410754 0.000000
0.036129 -0.055438 0.557305 0.964536 0.078901 -0.251881 0.000000
0.034373 -0.057282 0.550080 0.690898 -0.122643 0.712474 0.000000
0.042942 -0.049271 0.562381 -0.645872 0.646993 -0.405278 1.000000
0.040267 -0.060015 0.550593 -0.642167 -0.112233 0.758304 0.000000
0.040460 -0.051321 0.559883 -0.092050 -0.991571 0.091180 1.000000
0.041945 -0.052549 0.554879 0.721487 0.568239 -0.395677 0.000000
0.035711 -0.055623 0.556124 0.930480 0.125412 -0.344209 0.000000
0.045824 -0.050054 0.556894 0.538064 -0.650670 0.535832 0.000000
0.033321 -0.060633 0.554767 0.728056 -0.644974 -0.232254 0.000000
0.040868 -0.050883 0.561937 0.219616 -0.939948 0.261280 1.000000
0.033429 -0.059690 0.552936 0.967505 -0.244080 -0.066023 0.000000
0.039517 -0.060272 0.550031 -0.593221 -0.099312 0.798891 0.000000
0.044362 -0.049789 0.560006 0.475274 -0.716675 0.510383 1.000000
0.034779 -0.051422 0.553515 0.739435 -0.203581 0.641709 0.000000
0.044716 -0.048221 0.560786 0.693376 -0.363035 0.622443 1.000000
0.041280 -0.051661 0.557816 -0.102617 -0.992964 0.059103 0.000000
0.035482 -0.055375 0.555674 0.918371 0.160603 -0.361665 0.000000
0.038196 -0.050667 0.559536 -0.385900 -0.921154 -0.050561 1.000000
0.039950 -0.050990 0.553999 -0.119861 -0.992631 0.017812 0.000000
0.034894 -0.054734 0.552932 0.991868 -0.071935 0.104990 0.000000
0.035192 -0.051892 0.563773 0.794501 -0.276810 0.540504 1.000000
0.034671 -0.050032 0.556915 0.687468 -0.720718 0.089176 0.000000
0.036303 -0.050253 0.556285 -0.159071 -0.973243 0.165811 0.000000
0.036422 -0.051751 0.553076 0.209346 -0.632099 0.746073 0.000000
0.036332 -0.050122 0.559636 -0.289982 0.870776 0.397063 1.000000
0.034772 -0.055438 0.551617 0.922982 -0.326524 0.203680 0.000000
0.048209 -0.053527 0.555435 0.134146 -0.194280 0.971730 0.000000
0.034933 -0.052152 0.564057 -0.755136 0.376560 -0.536630 1.000000
0.036251 -0.050977 0.559755 0.777653 -0.281854 -0.561973 1.000000
0.040248 -0.051886 0.551600 0.677044 0.437271 -0.591951 0.000000
0.044833 -0.058306 0.554330 -0.301602 -0.156347 0.940527 0.000000
0.034943 -0.054090 0.554690 0.966205 0.152395 -0.207902 0.000000
0.043699 -0.057322 0.553987 -0.456296 -0.137145 0.879195 0.000000
0.043632 -0.061755 0.552956 0.602260 0.356319 -0.714367 0.000000
0.035421 -0.056171 0.550439 0.651671 -0.402223 0.643071 0.000000
0.035400 -0.054777 0.551032 0.880879 -0.324098 0.344982 0.000000
0.032636 -0.058171 0.561285 0.926058 -0.371372 0.067071 1.000000
0.034713 -0.055433 0.551961 0.969497 -0.243982 0.023417 0.000000
0.035269 -0.056179 0.559428 0.600238 -0.565764 0.565354 1.000000
0.036179 -0.054386 0.558192 0.972180 0.164028 -0.167214 0.000000
0.045647 -0.049805 0.557596 0.624732 -0.678260 0.386877 0.000000
0.034874 -0.060109 0.550640 0.869404 -0.059697 0.490482 0.000000
0.033474 -0.056165 0.563047 0.964759 -0.257755 0.052943 1.000000
0.034678 -0.049876 0.558437 0.830701 -0.457021 -0.317913 1.000000
0.032457 -0.058687 0.560863 0.928020 -0.297794 0.223825 1.000000
0.044244 -0.051093 0.556802 0.267509 -0.768170 0.581683 0.000000
0.035525 -0.058750 0.557317 0.923544 -0.219770 0.314274 0.000000
0.044240 -0.049949 0.559686 0.420326 -0.793249 0.440548 1.000000
0.038194 -0.051458 0.549260 -0.159132 0.812690 -0.560547 0.000000
0.045620 -0.057630 0.554639 -0.190858 -0.179837 0.965004 0.000000
0.032552 -0.058544 0.562012 0.935055 -0.349693 -0.058192 1.000000
0.034109 -0.057966 0.552288 0.968364 -0.230557 -0.095466 0.000000
0.034176 -0.053351 0.563932 0.725620 -0.521693 0.448677 1.000000
0.038453 -0.051004 0.553674 0.008063 -0.977399 0.211251 0.000000
0.033727 -0.054323 0.563882 0.902602 -0.329424 0.277110 1.000000
0.034483 -0.060056 0.558235 0.734565 -0.338280 0.588202 0.000000
0.033858 -0.054269 0.562929 0.834038 -0.432199 0.342906 1.000000
0.037259 -0.050719 0.554246 -0.021422 -0.911582 0.410560 0.000000
0.045215 -0.051537 0.556151 0.211332 -0.519366 0.828008 0.000000
0.047570 -0.056040 0.555114 -0.021721 0.176079 -0.984136 0.000000
0.038489 -0.050577 0.561127 -0.083105 -0.983430 0.161117 1.000000
0.035497 -0.059287 0.557081 0.928948 -0.329517 0.168745 0.000000
0.034333 -0.057508 0.552531 0.950155 -0.235029 -0.204859 0.000000
0.033352 -0.058080 0.559775 0.685239 -0.328936 0.649806 1.000000
0.036587 -0.052258 0.561283 0.946897 -0.192051 0.257880 1.000000
0.034649 -0.052619 0.553480 0.882467 0.002330 0.470369 0.000000
0.037624 -0.050380 0.559346 -0.390475 -0.919061 -0.053437 1.000000
0.035780 -0.050116 0.556252 -0.081389 -0.979636 0.183548 0.000000
0.038600 -0.050771 0.558516 -0.362039 -0.932163 -0.000716 1.000000
0.042710 -0.053802 0.554235 0.669652 0.523155 -0.527138 0.000000
0.043593 -0.062363 0.552315 0.645724 0.305525 -0.699782 0.000000
0.042269 -0.051428 0.558004 0.258673 -0.932648 0.251506 0.000000
0.039278 -0.059516 0.549881 -0.612774 0.008771 0.790210 0.000000
0.037494 -0.051378 0.553078 0.190199 -0.916289 0.352475 0.000000
0.039874 -0.050985 0.555398 -0.101509 -0.994766 -0.011674 0.000000
0.041902 -0.050100 0.562593 -0.510987 0.774403 -0.373084 1.000000
0.033889 -0.060659 0.556142 0.694934 -0.658372 -0.289158 0.000000
0.034190 -0.060515 0.558229 0.787305 -0.369903 0.493277 0.000000
0.039346 -0.051045 0.560345 -0.224182 -0.969942 0.094630 1.000000
0.037766 -0.051464 0.551905 0.242763 -0.969913 0.018305 0.000000
0.039571 -0.052592 0.548806 -0.602780 -0.669384 0.434259 0.000000
0.038260 -0.050757 0.560407 -0.282296 -0.953579 0.104859 1.000000
0.033964 -0.058686 0.552823 0.886161 -0.411600 -0.212847 0.000000
0.043092 -0.051448 0.557103 0.305453 -0.856471 0.416120 0.000000
0.036266 -0.049990 0.559255 -0.098053 0.897333 0.430325 1.000000
0.038974 -0.050676 0.563287 0.237410 0.956988 -0.166767 1.000000
0.036867 -0.050110 0.557954 -0.317850 -0.946429 0.056956 0.000000
0.036701 -0.050755 0.560576 -0.514354 0.703868 0.489908 1.000000
0.043494 -0.051299 0.557086 0.322956 -0.828219 0.457987 0.000000
0.048456 -0.054841 0.555174 -0.119670 0.152225 -0.981074 0.000000
0.036128 -0.052881 0.552721 0.607618 -0.571826 0.551194 0.000000
0.046175 -0.055947 0.555092 -0.106064 -0.206870 0.972602 0.000000
0.035111 -0.054398 0.555212 0.940805 0.173173 -0.291372 0.000000
0.033848 -0.052979 0.564784 0.755977 -0.453401 0.472152 1.000000
0.034502 -0.050857 0.554172 0.844092 -0.415403 0.339041 0.000000
0.035265 -0.056898 0.554657 0.929455 0.012926 -0.368710 0.000000
0.041939 -0.052717 0.554469 0.814978 0.520562 -0.254608 0.000000
0.034454 -0.053764 0.563011 0.649956 -0.595709 0.471898 1.000000
0.048477 -0.052567 0.555587 -0.134398 0.178863 -0.974651 0.000000
0.032498 -0.058577 0.561385 0.937500 -0.343951 0.052834 1.000000
0.035999 -0.056435 0.558278 0.880577 -0.353833 0.315257 0.000000
0.036426 -0.052392 0.552941 -0.434600 0.621901 -0.651431 0.000000
0.039167 -0.050945 0.560704 -0.294851 -0.940568 0.168506 1.000000
0.037903 -0.050856 0.554362 -0.137617 -0.947190 0.289641 0.000000
0.038650 -0.051133 0.549751 -0.059151 -0.949039 0.309557 0.000000
0.039905 -0.060632 0.550194 -0.572925 -0.148632 0.806019 0.000000
0.046180 -0.049847 0.556730 0.526066 -0.587025 0.615350 0.000000
0.040748 -0.051225 0.555157 -0.420083 -0.907185 0.023367 0.000000
0.034027 -0.055100 0.561949 0.778784 -0.492562 0.388430 1.000000
0.033681 -0.054610 0.563995 0.936213 -0.264866 0.230980 1.000000
0.033546 -0.055844 0.563189 0.965636 -0.241466 0.096129 1.000000
0.036207 -0.052659 0.561867 0.791962 -0.335468 0.510154 1.000000
0.037869 -0.050614 0.557123 -0.381356 -0.921849 0.069012 0.000000
0.034014 -0.058214 0.551849 0.967124 -0.172684 0.186685 0.000000
0.032959 -0.057197 0.561606 0.888934 -0.450064 0.085078 1.000000
0.039889 -0.053592 0.548866 0.841727 0.103970 -0.529798 0.000000
0.034700 -0.058478 0.558316 0.680879 -0.183319 0.709082 0.000000
0.047511 -0.052597 0.555756 0.078184 -0.180335 0.980493 0.000000
0.034870 -0.052573 0.563766 -0.730339 0.434452 -0.527121 1.000000
0.039438 -0.051045 0.555308 -0.074796 -0.997164 0.008310 0.000000
0.035733 -0.057592 0.557442 0.943587 -0.249861 0.217287 0.000000
0.036397 -0.050469 0.559878 0.544232 -0.627641 -0.556667 1.000000
0.046674 -0.057452 0.554827 0.111841 0.190972 -0.975203 0.000000
0.032548 -0.058473 0.561632 0.937227 -0.348645 0.007241 1.000000
0.038117 -0.051351 0.552763 0.133360 -0.981075 0.140380 0.000000
0.034381 -0.059745 0.555548 0.716763 -0.661520 -0.220547 0.000000
0.035559 -0.049601 0.558467 -0.015593 0.978474 0.205782 1.000000
0.032500 -0.058421 0.560969 0.926870 -0.341843 0.155099 1.000000
0.045052 -0.048346 0.560237 0.704302 -0.328489 0.629327 1.000000
0.046901 -0.050956 0.555888 -0.129104 0.310196 -0.941865 0.000000
0.034694 -0.060005 0.556423 0.685134 -0.641901 -0.344318 0.000000
0.039786 -0.052318 0.550045 0.824332 0.529674 -0.199806 0.000000
0.035097 -0.051773 0.564032 0.789498 -0.283167 0.544527 1.000000
0.042174 -0.054314 0.553402 0.751062 0.217773 -0.623282 0.000000
0.041194 -0.053740 0.552394 0.808877 0.152052 -0.567977 0.000000
0.041106 -0.054688 0.551857 0.881591 0.207736 -0.423843 0.000000
0.033604 -0.055798 0.562312 0.924483 -0.346135 0.159754 1.000000
0.038568 -0.050473 0.562566 0.247362 0.960543 -0.127157 1.000000
0.039231 -0.051018 0.555519 -0.093875 -0.995317 0.023063 0.000000
0.032951 -0.058995 0.559866 0.743499 -0.064087 0.665660 1.000000
0.036575 -0.051185 0.561895 0.687078 -0.337291 0.643551 1.000000
0.035634 -0.052608 0.558545 0.864067 0.314341 -0.393164 1.000000
0.035634 -0.055752 0.550340 0.662017 -0.413808 0.624896 0.000000
0.039037 -0.051044 0.558414 -0.313586 -0.949507 0.009967 1.000000
0.035023 -0.049656 0.558171 -0.466348 0.883112 0.051318 0.000000
0.047886 -0.053475 0.555472 0.122858 -0.195714 0.972935 0.000000
0.044218 -0.048904 0.560956 0.649340 -0.483000 0.587425 1.000000
0.038428 -0.050696 0.558346 -0.374992 -0.926122 0.040962 1.000000
0.039506 -0.052494 0.548656 -0.602780 -0.669384 0.434259 0.000000
0.033503 -0.060429 0.552626 0.973161 -0.048462 0.224966 0.000000
0.042926 -0.054381 0.554079 -0.591434 -0.420189 0.688221 0.000000
0.034579 -0.052453 0.553516 0.875658 0.014790 0.482706 0.000000
0.037052 -0.050438 0.554963 -0.109134 -0.955385 0.274462 0.000000
0.038486 -0.051275 0.553012 0.116376 -0.979349 0.165323 0.000000
0.044864 -0.057719 0.554446 -0.310385 -0.150816 0.938571 0.000000
0.034370 -0.056828 0.551017 0.905053 -0.308370 0.292894 0.000000
0.040711 -0.051333 0.552497 -0.595010 -0.761712 0.256433 0.000000
0.035025 -0.059297 0.557897 0.792036 -0.192248 0.579414 0.000000
0.036536 -0.061665 0.549630 -0.292377 -0.588753 -0.753582 0.000000
0.035487 -0.054473 0.556285 0.912413 0.220545 -0.344765 0.000000
0.034104 -0.057401 0.559400 0.656254 -0.449447 0.606076 1.000000
0.042043 -0.053068 0.553452 0.858255 0.311492 -0.407885 0.000000
0.039868 -0.052435 0.550365 0.869205 0.433368 -0.238062 0.000000
0.039446 -0.060612 0.549867 -0.532254 -0.078164 0.842969 0.000000
0.043025 -0.055020 0.553947 0.501706 0.270502 -0.821657 0.000000
0.046060 -0.058858 0.554497 0.216797 0.170478 -0.961216 0.000000
0.040815 -0.060527 0.550947 -0.644438 -0.245503 0.724174 0.000000
0.037956 -0.051697 0.549190 -0.233380 0.782718 -0.576963 0.000000
0.042175 -0.053638 0.553495 0.819208 0.258789 -0.511787 0.000000
0.035535 -0.053119 0.557418 0.903152 0.321504 -0.284520 0.000000
0.046333 -0.050242 0.556348 -0.383547 0.493994 -0.780296 0.000000
0.043871 -0.055428 0.554387 -0.457756 -0.185215 0.869572 0.000000
0.035787 -0.053177 0.552306 0.747244 -0.543558 0.382324 0.000000
0.034846 -0.053738 0.554515 0.980503 0.147299 -0.130064 0.000000
0.044930 -0.047906 0.560576 0.704802 -0.318229 0.634022 1.000000
0.034868 -0.054361 0.554196 0.986825 0.098439 -0.128401 0.000000
0.046254 -0.052881 0.555667 -0.092104 -0.205838 0.974242 0.000000
0.032160 -0.059409 0.561284 0.965416 -0.186095 0.182593 1.000000
0.044451 -0.052477 0.555731 0.058804 -0.472680 0.879270 0.000000
0.038597 -0.051647 0.548849 0.218770 0.720438 -0.658110 0.000000
0.044160 -0.055688 0.554473 -0.436368 -0.180612 0.881454 0.000000
0.034642 -0.052911 0.563738 0.708593 -0.500790 0.497097 1.000000
0.033880 -0.059090 0.551704 0.920880 -0.085216 0.380418 0.000000
0.037844 -0.051532 0.549661 0.347680 -0.834402 0.427658 0.000000
0.041350 -0.051198 0.560137 0.221341 -0.951510 0.213630 1.000000
0.035738 -0.058135 0.556887 0.976141 -0.188179 0.108336 0.000000
0.041032 -0.052107 0.552362 0.784046 0.327206 -0.527455 0.000000
0.036382 -0.053023 0.561185 0.859120 -0.401023 0.317951 1.000000
0.044119 -0.051782 0.556139 0.181261 -0.646080 0.741435 0.000000
0.041026 -0.051521 0.558649 -0.115463 -0.990461 0.075200 1.000000
0.035849 -0.057152 0.549702 0.824153 -0.229197 0.517920 0.000000
0.037884 -0.051248 0.553525 0.043545 -0.940862 0.335979 0.000000
0.046859 -0.052569 0.555796 -0.011234 -0.159870 0.987074 0.000000
0.036916 -0.050746 0.554285 -0.012867 -0.905239 0.424709 0.000000
0.038327 -0.050387 0.562082 -0.107936 -0.963513 0.244935 1.000000
0.042176 -0.052707 0.555182 0.616097 0.570636 -0.542954 0.000000
0.043632 -0.052083 0.556045 0.092349 -0.643588 0.759781 0.000000
0.040446 -0.053000 0.551613 0.850701 0.222247 -0.476355 0.000000
0.032693 -0.059572 0.560216 0.810159 -0.014043 0.586041 1.000000
0.039063 -0.050992 0.556352 -0.189168 -0.981562 -0.027430 0.000000
0.036405 -0.050135 0.556677 -0.205028 -0.967321 0.149177 0.000000
0.040588 -0.055004 0.550103 0.894131 0.044134 -0.445625 0.000000
0.033692 -0.059211 0.552956 0.895298 -0.388929 -0.217200 0.000000
0.038110 -0.058346 0.548740 -0.492868 0.081643 0.866265 0.000000
0.045338 -0.056628 0.554792 -0.245762 -0.198702 0.948746 0.000000
0.034411 -0.056563 0.551596 0.941896 -0.327553 0.074432 0.000000
0.037342 -0.050572 0.554714 -0.138465 -0.943329 0.301591 0.000000
0.035074 -0.058233 0.554502 0.860823 -0.286113 -0.420861 0.000000
0.043336 -0.056534 0.553927 -0.523571 -0.141382 0.840169 0.000000
0.035291 -0.052467 0.557402 0.912272 0.331813 -0.240123 0.000000
0.033527 -0.059819 0.552376 0.946227 -0.132421 0.295159 0.000000
0.039298 -0.051009 0.556411 -0.160358 -0.985885 -0.048116 0.000000
0.042198 -0.061966 0.551353 -0.571672 -0.295012 0.765610 0.000000
0.045825 -0.053000 0.555578 -0.092371 -0.209609 0.973412 0.000000
0.034544 -0.056438 0.552508 0.956242 -0.229715 -0.181197 0.000000
0.035390 -0.057323 0.554739 0.929302 -0.053748 -0.365388 0.000000
0.033234 -0.057264 0.562990 0.943515 -0.327088 -0.052844 1.000000
0.046927 -0.056766 0.554978 -0.082166 -0.193258 0.977701 0.000000
0.044731 -0.048633 0.560579 0.677780 -0.355189 0.643781 1.000000
0.034854 -0.053524 0.554858 0.964484 0.195586 -0.177532 0.000000
0.042743 -0.051006 0.558727 0.369092 -0.886275 0.279799 1.000000
0.035658 -0.052044 0.562754 0.801581 -0.218467 0.556543 1.000000
0.036485 -0.052617 0.552769 -0.576073 0.630208 -0.520555 0.000000
0.046746 -0.055023 0.555298 -0.001198 -0.175783 0.984428 0.000000
0.037952 -0.051287 0.553244 0.087545 -0.950330 0.298679 0.000000
0.036599 -0.052228 0.550358 -0.738751 0.582944 -0.338265 0.000000
0.032992 -0.059326 0.559864 0.746480 -0.004771 0.665391 1.000000
0.038106 -0.061910 0.549590 -0.242640 0.152601 0.958039 0.000000
0.039952 -0.052603 0.548700 0.800428 0.505326 -0.322431 0.000000
0.036101 -0.052178 0.562313 0.808947 -0.226090 0.542668 1.000000
0.038046 -0.050451 0.561543 0.052400 -0.985112 0.163733 1.000000
0.049521 -0.053556 0.555177 -0.153589 0.186425 -0.970390 0.000000
0.035175 -0.054838 0.551546 0.901439 -0.315713 0.296198 0.000000
0.035492 -0.059195 0.556710 0.904517 -0.395295 -0.159971 0.000000
0.041539 -0.051454 0.558811 0.153372 -0.969791 0.189691 1.000000
0.040964 -0.053974 0.551959 0.856860 0.232144 -0.460326 0.000000
0.034772 -0.050731 0.553943 0.396275 -0.700001 0.594109 0.000000
0.045713 -0.056684 0.554857 -0.192651 -0.201635 0.960327 0.000000
0.034838 -0.055605 0.552992 0.989643 -0.100187 -0.102808 0.000000
0.039008 -0.050968 0.558135 -0.312199 -0.948775 0.048558 0.000000
0.040786 -0.051721 0.552209 0.733324 0.473258 -0.488122 0.000000
0.040434 -0.058656 0.550627 0.750904 -0.101410 -0.652579 0.000000
0.036574 -0.050268 0.556288 -0.169722 -0.974795 0.144808 0.000000
0.035978 -0.052497 0.552959 0.384027 -0.527735 0.757641 0.000000
0.036727 -0.051002 0.560962 0.713236 -0.597792 -0.365978 1.000000
0.044218 -0.059896 0.553809 -0.401576 -0.158080 0.902080 0.000000
0.035316 -0.052350 0.553046 0.434683 -0.213673 0.874868 0.000000
0.040290 -0.050999 0.561946 -0.011831 -0.977532 0.210456 1.000000
0.044527 -0.057282 0.554394 -0.362811 -0.155241 0.918841 0.000000
0.035095 -0.058636 0.557957 0.774243 -0.177823 0.607394 0.000000
0.035614 -0.058784 0.556937 0.957017 -0.239756 0.163203 0.000000
0.041561 -0.050793 0.561225 0.380664 -0.883542 0.272852 1.000000
0.042223 -0.050195 0.561800 0.541494 -0.767506 0.343101 1.000000
0.042585 -0.054763 0.553700 0.680088 0.280579 -0.677316 0.000000
0.035769 -0.057384 0.556867 0.985958 -0.165902 0.019075 0.000000
0.032393 -0.059520 0.560609 0.881917 -0.079712 0.464616 1.000000
0.033900 -0.056811 0.560115 0.680992 -0.514596 0.521000 1.000000
0.037269 -0.050891 0.561613 0.449642 -0.852318 0.267163 1.000000
0.043750 -0.060875 0.553421 0.525226 0.247319 -0.814231 0.000000
0.042551 -0.050059 0.561600 0.578723 -0.730037 0.363490 1.000000
0.043144 -0.051955 0.556262 0.100612 -0.775468 0.623319 0.000000
0.045516 -0.058064 0.554537 0.200029 0.174560 -0.964115 0.000000
0.034222 -0.054925 0.561869 0.713491 -0.537398 0.449593 1.000000
0.041950 -0.051710 0.557144 -0.053698 -0.988378 0.142217 0.000000
0.043916 -0.048486 0.561632 -0.697811 0.473435 -0.537513 1.000000
0.040890 -0.061871 0.550514 -0.537382 -0.221470 0.813739 0.000000
0.034380 -0.051198 0.554519 0.968657 -0.175164 0.176128 0.000000
0.035383 -0.054846 0.555648 0.921564 0.179481 -0.344247 0.000000
0.045511 -0.049389 0.558915 0.731773 -0.613327 0.297219 1.000000
0.036710 -0.050307 0.556086 -0.194571 -0.971818 0.133086 0.000000
0.034391 -0.057643 0.550297 0.755227 0.039190 0.654291 0.000000
0.033461 -0.060444 0.553903 0.809746 -0.528385 -0.255187 0.000000
0.033854 -0.054620 0.562839 0.847369 -0.422769 0.321297 1.000000
0.040398 -0.061109 0.550461 -0.570770 -0.211085 0.793514 0.000000
0.034334 -0.057099 0.550393 0.746509 -0.175046 0.641937 0.000000
0.044070 -0.048522 0.561378 -0.681340 0.455669 -0.572836 1.000000
0.041273 -0.054393 0.552273 0.843982 0.191759 -0.500922 0.000000
0.038946 -0.060519 0.549499 -0.505749 0.005707 0.862662 0.000000
0.041294 -0.060297 0.551585 -0.675262 -0.285834 0.679941 0.000000
0.034520 -0.056674 0.550549 0.742836 -0.319484 0.588323 0.000000
0.045791 -0.054483 0.555356 -0.157832 -0.169095 0.972880 0.000000
0.041011 -0.054861 0.551347 0.901660 0.221192 -0.371596 0.000000
0.035776 -0.053390 0.561731 0.686056 -0.548600 0.477877 1.000000
0.039444 -0.051101 0.557710 -0.246402 -0.969139 -0.007491 0.000000
0.034417 -0.054375 0.562177 0.627523 -0.585512 0.513216 1.000000
0.040006 -0.060043 0.550346 -0.622345 -0.114182 0.774370 0.000000
0.033498 -0.056172 0.562478 0.947460 -0.313106 0.065452 1.000000
0.040730 -0.058143 0.550945 0.818390 -0.092084 -0.567237 0.000000
0.043004 -0.052715 0.555475 -0.207500 -0.604961 0.768743 0.000000
0.045050 -0.048007 0.560343 0.708844 -0.313385 0.631925 1.000000
0.038227 -0.051167 0.550093 0.101322 -0.975604 0.194759 0.000000
0.047377 -0.053653 0.555522 0.064425 -0.193435 0.978996 0.000000
0.037686 -0.051248 0.553482 0.075887 -0.926111 0.369538 0.000000
0.036840 -0.050218 0.556527 -0.248328 -0.962266 0.111252 0.000000
0.034630 -0.054157 0.562309 0.615761 -0.599691 0.511086 1.000000
0.039248 -0.051353 0.550290 -0.478021 -0.836278 0.268581 0.000000
0.034710 -0.059360 0.554859 0.799353 -0.528243 -0.286346 0.000000
0.041430 -0.051016 0.560677 0.283523 -0.928193 0.240982 1.000000
0.034833 -0.057814 0.553849 0.859755 -0.195161 -0.471947 0.000000
0.037306 -0.051631 0.550341 0.457436 -0.878391 0.138500 0.000000
0.042068 -0.059967 0.552344 -0.613754 -0.316700 0.723192 0.000000
0.038973 -0.052428 0.548548 0.090334 0.370194 -0.924552 0.000000
0.042688 -0.059469 0.553033 -0.581624 -0.223299 0.782209 0.000000
0.048688 -0.054484 0.555197 -0.137021 0.176039 -0.974800 0.000000
0.035732 -0.053328 0.551656 0.846011 -0.502050 0.179474 0.000000
0.045308 -0.057288 0.554643 -0.208580 -0.184386 0.960467 0.000000
0.046123 -0.054947 0.555307 -0.098196 -0.179291 0.978883 0.000000
0.034388 -0.050590 0.554509 0.835921 -0.482736 0.261156 0.000000
0.046859 -0.053663 0.555537 0.012359 -0.186475 0.982382 0.000000
0.035607 -0.056353 0.558868 0.676630 -0.511101 0.530045 1.000000
0.034716 -0.059758 0.558196 0.727445 -0.266094 0.632470 0.000000
0.035789 -0.056430 0.558599 0.790026 -0.418063 0.448422 1.000000
0.035616 -0.051900 0.562961 0.823387 -0.186205 0.536062 1.000000
0.044946 -0.050135 0.558336 0.529951 -0.798152 0.286541 1.000000
0.035419 -0.049826 0.557344 0.189120 -0.952654 0.238082 0.000000
0.044948 -0.049491 0.559881 0.626358 -0.587931 0.511871 1.000000
0.034971 -0.055016 0.551976 0.956711 -0.276534 0.090740 0.000000
0.041253 -0.051481 0.555991 -0.451459 -0.891820 0.029011 0.000000
0.039206 -0.051033 0.559679 -0.226251 -0.974058 0.004574 1.000000
0.047741 -0.052326 0.555784 0.073663 -0.173444 0.982085 0.000000
0.035539 -0.057421 0.555155 0.940121 -0.077009 -0.332028 0.000000
0.034280 -0.059164 0.553906 0.749382 -0.473615 -0.462726 0.000000
0.034912 -0.053613 0.555148 0.950122 0.198829 -0.240280 0.000000
0.047069 -0.052247 0.555846 0.010522 -0.146987 0.989082 0.000000
0.042546 -0.053737 0.554915 -0.521983 -0.629953 0.575059 0.000000
0.043978 -0.049003 0.561096 0.640619 -0.526788 0.558660 1.000000
0.040836 -0.051272 0.553013 -0.566998 -0.818523 0.092379 0.000000
0.033588 -0.058150 0.559518 0.677401 -0.287819 0.676970 1.000000
0.034562 -0.056376 0.551253 0.894878 -0.389710 0.217529 0.000000
0.035902 -0.053011 0.558827 0.921189 0.241877 -0.304805 1.000000
0.045778 -0.056209 0.554983 -0.190542 -0.207378 0.959525 0.000000
0.035757 -0.053096 0.558274 0.905626 0.311030 -0.288273 0.000000
0.032294 -0.060270 0.560829 0.856910 -0.049140 0.513118 1.000000
0.037000 -0.053902 0.549482 0.668408 -0.189647 0.719211 0.000000
0.039268 -0.050872 0.561366 -0.310232 -0.936421 0.163926 1.000000
0.033711 -0.060239 0.554180 0.779686 -0.564766 -0.270426 0.000000
0.044295 -0.052082 0.555917 0.109018 -0.538263 0.835696 0.000000
0.033334 -0.057036 0.563262 0.952294 -0.301247 -0.048849 1.000000
0.033977 -0.058650 0.558961 0.672852 -0.149807 0.724450 1.000000
0.040938 -0.051562 0.558146 -0.149373 -0.986929 0.060482 0.000000
0.033365 -0.056534 0.562705 0.955320 -0.294989 0.018551 1.000000
0.035328 -0.058255 0.554949 0.887800 -0.318616 -0.332106 0.000000
0.036512 -0.053279 0.560389 0.944617 -0.301016 0.130718 1.000000
0.032059 -0.059662 0.561486 0.964193 -0.196490 0.178109 1.000000
0.039066 -0.058761 0.549710 -0.583594 0.118357 0.803374 0.000000
0.035050 -0.052344 0.556840 0.922724 0.300549 -0.241353 0.000000
0.035828 -0.055497 0.559492 0.756168 -0.455090 0.470217 1.000000
0.040376 -0.051157 0.556361 -0.261588 -0.958025 -0.117306 0.000000
0.040186 -0.050843 0.562359 0.043749 -0.974620 0.219551 1.000000
0.034904 -0.061058 0.549603 0.802022 0.084441 0.591296 0.000000
0.034339 -0.060491 0.551312 0.836321 -0.027875 0.547532 0.000000
0.035960 -0.052961 0.561937 0.741072 -0.442290 0.505165 1.000000
0.042866 -0.053107 0.555203 -0.298858 -0.609118 0.734615 0.000000
0.033668 -0.054138 0.564216 0.909882 -0.318344 0.266031 1.000000
0.035620 -0.054335 0.560916 0.694470 -0.541982 0.473251 1.000000
0.041364 -0.061475 0.550992 -0.551635 -0.327633 0.767044 0.000000
0.035080 -0.053276 0.562744 0.679600 -0.522032 0.515389 1.000000
0.041227 -0.059349 0.551849 0.741069 0.128284 -0.659060 0.000000
0.035101 -0.055631 0.550933 0.811634 -0.394483 0.430852 0.000000
0.043666 -0.055941 0.554177 -0.470469 -0.160590 0.867681 0.000000
0.032652 -0.058136 0.561506 0.929580 -0.368536 -0.007827 1.000000
0.045555 -0.052507 0.555661 -0.034128 -0.287712 0.957109 0.000000
0.044552 -0.060582 0.553832 0.432904 0.182466 -0.882780 0.000000
0.035863 -0.056946 0.556099 0.970788 -0.008394 -0.239791 0.000000
0.043412 -0.059675 0.553463 -0.490392 -0.186415 0.851331 0.000000
0.034419 -0.051761 0.554354 0.990646 0.034748 0.131955 0.000000
0.039672 -0.052535 0.548999 0.711521 0.630627 -0.309915 0.000000
0.045041 -0.050943 0.556622 0.344247 -0.660877 0.666886 0.000000
0.041859 -0.050935 0.560322 0.383581 -0.884359 0.266034 1.000000
0.041271 -0.051870 0.552865 0.816545 0.484849 -0.313331 0.000000
0.034351 -0.056438 0.559987 0.605099 -0.566771 0.559129 1.000000
0.034342 -0.058532 0.553455 0.809929 -0.386617 -0.441070 0.000000
0.033069 -0.057599 0.562820 0.934918 -0.347443 -0.072187 1.000000
0.036719 -0.052126 0.552732 0.486885 -0.678314 0.550303 0.000000
0.045945 -0.049396 0.557669 0.661493 -0.647146 0.378983 0.000000
0.035116 -0.060051 0.557167 0.849496 -0.522019 0.076507 0.000000
0.036032 -0.052529 0.559254 0.892722 0.168511 -0.417913 1.000000
0.034225 -0.055478 0.561261 0.667615 -0.573083 0.475253 1.000000
0.043700 -0.053088 0.555334 -0.121632 -0.537348 0.834544 0.000000
0.035478 -0.056177 0.555338 0.931846 0.116402 -0.343676 0.000000
0.042330 -0.050626 0.560513 0.460835 -0.829932 0.314395 1.000000
0.035685 -0.058353 0.557093 0.960592 -0.200365 0.192657 0.000000
0.037951 -0.050628 0.555993 -0.321177 -0.946573 0.029076 0.000000
0.040584 -0.051073 0.561463 0.083141 -0.973780 0.211756 1.000000
0.034633 -0.050546 0.558046 0.988832 -0.009587 -0.148729 0.000000
0.033928 -0.060344 0.555306 0.705055 -0.675353 -0.216324 0.000000
0.041180 -0.050897 0.561455 0.287910 -0.919476 0.267716 1.000000
0.035103 -0.056060 0.559695 0.576158 -0.581684 0.574184 1.000000
0.034314 -0.058883 0.553809 0.773586 -0.412327 -0.481199 0.000000
0.035719 -0.056884 0.550075 0.691210 -0.235852 0.683083 0.000000
0.036833 -0.050158 0.560251 -0.039435 0.937723 0.345139 1.000000
0.043446 -0.060216 0.553361 -0.534800 -0.226113 0.814163 0.000000
0.036144 -0.056067 0.557293 0.979096 -0.142537 -0.145098 0.000000
0.041613 -0.051655 0.557883 0.050829 -0.989011 0.138830 0.000000
0.046332 -0.058309 0.554607 0.156155 0.181967 -0.970826 0.000000
0.042844 -0.057643 0.553443 -0.591205 -0.092866 0.801157 0.000000
0.036281 -0.054366 0.559589 0.947316 -0.221724 0.231149 1.000000
0.033823 -0.055490 0.561856 0.817469 -0.472298 0.329666 1.000000
0.034308 -0.059073 0.551293 0.857022 0.035795 0.514035 0.000000
0.033781 -0.056831 0.560294 0.715405 -0.507318 0.480442 1.000000
0.035697 -0.049663 0.558813 0.006700 0.942323 0.334638 1.000000
0.041660 -0.050132 0.562955 -0.443758 0.808517 -0.386497 1.000000
0.036318 -0.052141 0.559682 0.903683 0.031182 -0.427066 1.000000
0.035036 -0.054302 0.561689 0.615150 -0.596154 0.515937 1.000000
0.034240 -0.057568 0.559079 0.656144 -0.397997 0.641150 1.000000
0.035872 -0.056871 0.556270 0.969609 -0.027148 -0.243151 0.000000
0.035416 -0.052271 0.558370 0.877365 0.321803 -0.355912 1.000000
0.033920 -0.055163 0.562053 0.811011 -0.469759 0.348693 1.000000
0.036317 -0.054549 0.558915 0.996137 -0.082046 0.031307 1.000000
0.037910 -0.051435 0.551606 0.277882 -0.960270 -0.025755 0.000000
0.040709 -0.054133 0.550996 0.910758 0.265641 -0.316158 0.000000
0.035714 -0.053310 0.557760 0.899041 0.323315 -0.295283 0.000000
0.035210 -0.053686 0.562163 0.639511 -0.578018 0.506873 1.000000
0.041514 -0.051635 0.556884 -0.205246 -0.978170 0.032513 0.000000
0.043550 -0.048834 0.562042 -0.675331 0.568790 -0.469475 1.000000
0.035739 -0.056227 0.556087 0.949517 0.072591 -0.305200 0.000000
0.033466 -0.058807 0.559462 0.675927 -0.123244 0.726590 1.000000
0.034763 -0.053413 0.553464 0.984145 0.060339 0.166788 0.000000
0.040662 -0.055637 0.550256 0.875658 -0.051444 -0.480185 0.000000
0.045676 -0.049047 0.558985 0.772128 -0.539983 0.335019 1.000000
0.033140 -0.057114 0.561270 0.865597 -0.466169 0.182832 1.000000
0.036705 -0.050445 0.555049 -0.090503 -0.956124 0.278633 0.000000
0.038840 -0.051141 0.550285 -0.293848 -0.942571 0.158788 0.000000
0.045017 -0.054698 0.555126 -0.315080 -0.187954 0.930268 0.000000
0.043551 -0.050682 0.558604 0.394139 -0.866811 0.305440 1.000000
0.034944 -0.058090 0.554156 0.848397 -0.253684 -0.464615 0.000000
0.040989 -0.051750 0.552466 0.746828 0.522429 -0.411480 0.000000
0.042202 -0.053145 0.554394 0.748620 0.574014 -0.331776 0.000000
0.048002 -0.054970 0.555210 -0.104909 0.154939 -0.982338 0.000000
0.046075 -0.056957 0.554852 -0.152623 -0.202856 0.967241 0.000000
0.040630 -0.058533 0.550852 0.795857 -0.075783 -0.600724 0.000000
0.035506 -0.053629 0.551727 0.857482 -0.486212 0.168290 0.000000
0.034074 -0.054700 0.562224 0.742157 -0.500871 0.445345 1.000000
0.044710 -0.050042 0.558917 0.468750 -0.833212 0.293310 1.000000
0.040441 -0.057869 0.550392 0.742470 -0.158448 -0.650870 0.000000
0.041775 -0.055111 0.552754 0.802750 0.174267 -0.570284 0.000000
0.034441 -0.050406 0.555401 0.878963 -0.473486 0.056877 0.000000
0.034646 -0.050135 0.555317 0.403575 -0.909274 0.101723 0.000000
0.037358 -0.050275 0.558074 -0.343251 -0.938619 0.034235 0.000000
0.035867 -0.059274 0.548275 0.684104 0.194229 0.703049 0.000000
0.035118 -0.059309 0.549469 0.955570 -0.053998 0.289775 0.000000
0.043415 -0.061943 0.552527 0.634510 0.372447 -0.677260 0.000000
0.041096 -0.051548 0.552952 0.724129 0.661263 -0.195877 0.000000
0.039096 -0.050728 0.561502 -0.322759 -0.934873 0.147782 1.000000
0.038342 -0.061575 0.549355 -0.242640 0.152601 0.958039 0.000000
0.041944 -0.052692 0.553521 0.862835 0.407462 -0.299149 0.000000
0.043322 -0.062629 0.551932 -0.632509 -0.292979 0.717004 0.000000
0.035018 -0.054301 0.552625 0.938698 -0.264802 0.220739 0.000000
0.034870 -0.049982 0.556818 0.463175 -0.883793 0.066179 0.000000
0.040868 -0.051202 0.554301 -0.527794 -0.848737 0.032839 0.000000
0.034919 -0.055198 0.560793 0.597225 -0.593688 0.539312 1.000000
0.042733 -0.056525 0.553519 -0.630300 -0.116435 0.767571 0.000000
0.045137 -0.049534 0.559705 0.665337 -0.578480 0.471897 1.000000
0.033617 -0.058856 0.559341 0.679236 -0.096129 0.727597 1.000000
0.044091 -0.050175 0.559273 0.400721 -0.852567 0.335488 1.000000
0.043715 -0.054253 0.554596 -0.327349 -0.428411 0.842203 0.000000
0.038174 -0.050594 0.558627 -0.390523 -0.920520 -0.011590 1.000000
0.035505 -0.054703 0.556029 0.916126 0.198035 -0.348563 0.000000
0.034250 -0.059146 0.558705 0.691783 -0.124252 0.711335 1.000000
0.035875 -0.056029 0.556511 0.952467 0.022137 -0.303838 0.000000
0.038101 -0.050720 0.555419 -0.292361 -0.953831 0.068788 0.000000
0.035008 -0.049851 0.557264 0.410842 -0.894297 0.177316 0.000000
0.036564 -0.051796 0.561212 0.963127 -0.208328 0.170253 1.000000
0.046127 -0.050295 0.556421 0.413825 -0.502423 0.759158 0.000000
0.034843 -0.051192 0.557485 0.974131 0.196357 -0.111859 0.000000
0.034014 -0.060002 0.551626 0.856123 -0.011866 0.516636 0.000000
0.040508 -0.053739 0.550533 0.915870 0.301503 -0.265098 0.000000
0.039765 -0.052199 0.550489 0.849757 0.449960 -0.274679 0.000000
0.043156 -0.049635 0.561251 0.614119 -0.669066 0.418579 1.000000
0.041365 -0.052215 0.552768 0.842315 0.332001 -0.424595 0.000000
0.047785 -0.056504 0.555033 0.006334 0.172721 -0.984950 0.000000
0.039820 -0.051022 0.552728 -0.024561 -0.998738 0.043810 0.000000
0.035432 -0.052505 0.557967 0.891585 0.347386 -0.290514 0.000000
0.038218 -0.050798 0.556876 -0.328172 -0.944455 0.017557 0.000000
0.047177 -0.055368 0.555238 0.037929 -0.164363 0.985670 0.000000
0.035421 -0.056873 0.554961 0.934485 0.065864 -0.349857 0.000000
0.048631 -0.053005 0.555495 -0.143435 0.195132 -0.970232 0.000000
0.035211 -0.051825 0.553046 0.377803 -0.281515 0.882051 0.000000
0.039360 -0.051823 0.549575 -0.601325 -0.714880 0.356869 0.000000
0.040191 -0.051255 0.558261 -0.274589 -0.961189 0.026765 0.000000
0.038905 -0.050899 0.560334 -0.274066 -0.955481 0.109292 1.000000
0.043000 -0.060456 0.552918 -0.610962 -0.310247 0.728335 0.000000
0.037453 -0.050756 0.561777 0.217491 -0.922337 0.319363 1.000000
0.037402 -0.050849 0.561408 0.278733 -0.954889 0.102448 1.000000
0.036030 -0.050182 0.556275 -0.152533 -0.971928 0.179135 0.000000
0.040549 -0.054437 0.550207 0.918315 0.142047 -0.369485 0.000000
0.040338 -0.053218 0.550796 0.901527 0.318136 -0.293322 0.000000
0.042922 -0.051139 0.558100 0.349478 -0.887151 0.301377 0.000000
0.034898 -0.051101 0.558196 0.910582 0.257393 -0.323403 0.000000
0.035674 -0.058490 0.556729 0.975468 -0.219612 0.015269 0.000000
0.046497 -0.053799 0.555504 -0.033220 -0.175133 0.983984 0.000000
0.035299 -0.054742 0.560888 0.643526 -0.560199 0.521585 1.000000
0.036154 -0.050010 0.557031 -0.178038 -0.973369 0.144410 0.000000
0.039513 -0.061704 0.549754 -0.432174 -0.043285 0.900751 0.000000
0.044987 -0.051401 0.556348 0.262823 -0.596660 0.758235 0.000000
0.034783 -0.058742 0.550565 0.833312 0.074949 0.547699 0.000000
0.042504 -0.057335 0.553203 -0.645172 -0.075031 0.760345 0.000000
0.035955 -0.049972 0.556945 -0.155386 -0.975566 0.155323 0.000000
0.038197 -0.050281 0.562383 -0.127228 -0.969901 0.207616 1.000000
0.032691 -0.058177 0.561980 0.930873 -0.360148 -0.061396 1.000000
0.041752 -0.050534 0.561685 0.451375 -0.838989 0.303906 1.000000
0.040822 -0.051543 0.557602 -0.209814 -0.977709 -0.007988 0.000000
0.040696 -0.051262 0.555679 -0.341513 -0.938873 -0.043428 0.000000
0.044903 -0.050538 0.557124 0.411275 -0.746556 0.522980 0.000000
0.042860 -0.052444 0.555728 -0.168724 -0.681385 0.712213 0.000000
0.034709 -0.056973 0.559157 0.595401 -0.515940 0.615876 1.000000
0.039657 -0.050956 0.554192 -0.020316 -0.999040 0.038819 0.000000
0.035917 -0.056495 0.549847 0.802406 -0.239926 0.546426 0.000000
0.036995 -0.050183 0.559587 -0.105049 -0.965124 -0.239791 1.000000
0.044523 -0.050587 0.557615 0.455779 -0.813402 0.361446 0.000000
0.033339 -0.056777 0.561448 0.871431 -0.459040 0.172890 1.000000
0.036181 -0.060081 0.548375 0.263314 0.406761 0.874764 0.000000
0.037239 -0.050932 0.553797 0.054572 -0.890793 0.451121 0.000000
0.033866 -0.060074 0.559006 0.741539 -0.131549 0.657887 1.000000
0.039611 -0.051034 0.561351 -0.259954 -0.952948 0.155930 1.000000
0.033473 -0.056184 0.562836 0.959755 -0.276882 0.046966 1.000000
0.036108 -0.053555 0.558737 0.955346 0.212411 -0.205417 1.000000
0.034558 -0.055920 0.551755 0.948441 -0.316016 0.024368 0.000000
0.043425 -0.049820 0.560769 0.549071 -0.690215 0.471301 1.000000
0.045029 -0.059715 0.554103 0.337852 0.153234 -0.928642 0.000000
0.047732 -0.051109 0.555947 -0.055290 0.197994 -0.978643 0.000000
0.036469 -0.056726 0.548338 0.465420 -0.559096 0.686146 0.000000
0.043820 -0.049413 0.560819 0.565590 -0.595395 0.570624 1.000000
0.039439 -0.051552 0.550696 -0.573815 -0.734406 0.362470 0.000000
0.039087 -0.051091 0.551225 0.066882 0.990280 -0.121949 0.000000
0.036880 -0.049776 0.562557 -0.073391 0.533008 -0.842922 1.000000
0.034664 -0.053089 0.553736 0.983517 0.114570 0.139888 0.000000
0.032788 -0.057849 0.560895 0.876931 -0.438892 0.195873 1.000000
0.040645 -0.062338 0.550245 -0.506985 -0.125802 0.852725 0.000000
0.040657 -0.052184 0.551884 0.738789 0.279904 -0.613062 0.000000
0.036130 -0.053396 0.561204 0.758341 -0.531734 0.377063 1.000000
0.035612 -0.056901 0.555469 0.952328 0.045998 -0.301587 0.000000
0.034908 -0.053981 0.553131 0.967872 -0.109546 0.226327 0.000000
0.041464 -0.060759 0.551435 -0.609248 -0.342410 0.715243 0.000000
0.034236 -0.059562 0.551294 0.809689 0.030772 0.586051 0.000000
0.035500 -0.057451 0.558125 0.710333 -0.421129 0.563983 0.000000
0.040095 -0.054385 0.549117 0.772200 -0.050108 -0.633400 0.000000
0.041781 -0.055630 0.552587 0.813959 0.140613 -0.563647 0.000000
0.041396 -0.056317 0.551749 0.857686 0.017387 -0.513879 0.000000
0.036001 -0.050989 0.559436 0.741588 -0.232829 -0.629156 1.000000
0.035005 -0.056063 0.554040 0.959215 0.099937 -0.264422 0.000000
0.034891 -0.061159 0.549466 0.808560 0.165331 0.564709 0.000000
0.045458 -0.049627 0.558430 0.697708 -0.669184 0.255727 1.000000
0.035497 -0.051743 0.563221 0.819848 -0.180011 0.543548 1.000000
0.036469 -0.051530 0.561640 0.870973 -0.311983 0.379569 1.000000
0.046341 -0.055463 0.555209 -0.071249 -0.189960 0.979203 0.000000
0.035799 -0.050741 0.562746 0.738387 -0.130774 0.661576 1.000000
0.035563 -0.058542 0.556232 0.940754 -0.280067 -0.191163 0.000000
0.034608 -0.052810 0.554318 0.987551 0.152882 -0.037010 0.000000
0.034925 -0.050012 0.556035 0.288467 -0.951696 0.105179 0.000000
0.034372 -0.053223 0.563793 0.715809 -0.520678 0.465308 1.000000
0.034995 -0.058661 0.554552 0.838653 -0.367564 -0.401942 0.000000
0.039993 -0.057252 0.549706 -0.664030 0.195388 0.721726 0.000000
0.041931 -0.052350 0.555129 0.675066 0.629600 -0.384564 0.000000
0.035621 -0.058721 0.556620 0.953081 -0.291688 -0.080955 0.000000
0.044159 -0.054185 0.554854 -0.310414 -0.372260 0.874681 0.000000
0.038451 -0.050454 0.561699 -0.069839 -0.975042 0.210748 1.000000
0.033940 -0.058438 0.552349 0.958307 -0.285739 -0.000770 0.000000
0.043661 -0.059844 0.553587 -0.450717 -0.178925 0.874552 0.000000
0.038251 -0.057058 0.548854 0.314170 0.079994 -0.945991 0.000000
0.042082 -0.061409 0.551560 -0.579989 -0.354924 0.733240 0.000000
0.038780 -0.050972 0.559478 -0.293981 -0.955018 -0.038922 1.000000
0.040069 -0.051181 0.559952 -0.197086 -0.979286 0.046443 1.000000
0.038962 -0.051092 0.554451 -0.047086 -0.996224 0.072941 0.000000
0.041056 -0.059924 0.551503 0.697643 0.211501 -0.684516 0.000000
0.041445 -0.057011 0.552014 0.820292 -0.036548 -0.570776 0.000000
0.044696 -0.059098 0.554162 -0.336316 -0.158080 0.928387 0.000000
0.037450 -0.050427 0.556448 -0.314165 -0.946538 0.073246 0.000000
0.033475 -0.057105 0.560488 0.727848 -0.517428 0.450006 1.000000
0.034379 -0.050887 0.554823 0.938519 -0.301235 0.168640 0.000000
0.035557 -0.052810 0.557966 0.888274 0.347254 -0.300639 0.000000
0.035259 -0.053741 0.556029 0.927316 0.221562 -0.301655 0.000000
0.034525 -0.052416 0.553867 0.961871 0.126946 0.242256 0.000000
0.044507 -0.058829 0.554137 -0.362585 -0.156103 0.918784 0.000000
0.034544 -0.054779 0.561677 0.634474 -0.579275 0.511746 1.000000
0.037126 -0.050213 0.559312 -0.232647 -0.968045 -0.093617 1.000000
0.035796 -0.050246 0.555559 0.120139 0.977726 -0.172101 0.000000
0.034257 -0.058040 0.552861 0.878213 -0.353634 -0.322000 0.000000
0.035662 -0.049899 0.557194 0.019487 -0.983615 0.179225 0.000000
0.036260 -0.055025 0.558371 0.998078 -0.040523 0.046893 0.000000
0.035847 -0.054475 0.560357 0.773593 -0.458018 0.437921 1.000000
0.041426 -0.052020 0.554022 0.791843 0.603070 -0.096393 0.000000
0.040307 -0.062427 0.550106 -0.462764 -0.074752 0.883324 0.000000
0.035849 -0.057124 0.556206 0.979835 -0.082527 -0.181967 0.000000
0.035896 -0.054066 0.560704 0.774483 -0.476756 0.415788 1.000000
0.033751 -0.059606 0.559079 0.737586 -0.089997 0.669229 1.000000
0.035771 -0.049985 0.556718 -0.069402 -0.978945 0.191963 0.000000
0.039009 -0.050621 0.562332 -0.298264 -0.949644 0.095993 1.000000
0.033906 -0.056359 0.560693 0.718965 -0.536289 0.442135 1.000000
0.040397 -0.051053 0.555331 -0.245535 -0.968937 -0.029561 0.000000
0.034422 -0.060756 0.557258 -0.658812 0.750970 0.044845 0.000000
0.034811 -0.054805 0.553892 0.998736 0.039601 -0.030954 0.000000
0.036669 -0.050062 0.559228 0.002405 -0.947406 -0.320025 1.000000
0.035131 -0.058739 0.554965 0.855910 -0.409408 -0.315915 0.000000
0.045058 -0.058738 0.554333 0.281611 0.166117 -0.945040 0.000000
0.041641 -0.052259 0.554391 0.796519 0.580336 -0.169611 0.000000
0.039689 -0.052752 0.548450 0.335662 0.105766 -0.936026 0.000000
0.044903 -0.056205 0.554756 -0.324946 -0.202707 0.923753 0.000000
0.048196 -0.052318 0.555674 -0.096771 0.169240 -0.980812 0.000000
0.035921 -0.051518 0.552992 0.133111 -0.605775 0.784423 0.000000
0.036333 -0.053839 0.559779 0.975932 -0.215352 0.034364 1.000000
0.033883 -0.060888 0.556491 0.670114 -0.693276 -0.265170 0.000000
0.043073 -0.050966 0.558389 0.376962 -0.876509 0.299385 1.000000
0.042045 -0.061190 0.551642 -0.585393 -0.379222 0.716594 0.000000
0.047657 -0.054521 0.555324 0.094755 -0.170181 0.980847 0.000000
0.034867 -0.059353 0.558140 0.737847 -0.197362 0.645469 0.000000
0.044587 -0.055697 0.554723 -0.376902 -0.192506 0.906028 0.000000
0.043683 -0.053801 0.554721 -0.273305 -0.477850 0.834843 0.000000
0.042401 -0.050382 0.561058 0.511515 -0.781157 0.357975 1.000000
0.036497 -0.050073 0.558357 -0.264297 -0.961252 -0.078374 1.000000
0.035936 -0.056345 0.556890 0.975704 -0.107307 -0.191018 0.000000
0.040785 -0.051300 0.556187 -0.346146 -0.933823 -0.090318 0.000000
0.039233 -0.051093 0.554814 -0.075823 -0.996214 0.042531 0.000000
0.033339 -0.056644 0.562491 0.942622 -0.333841 0.003790 1.000000
0.034838 -0.056775 0.553417 0.944123 -0.107208 -0.311669 0.000000
0.038367 -0.050890 0.554914 -0.192009 -0.974205 0.118559 0.000000
0.033773 -0.059300 0.553444 0.810932 -0.452175 -0.371385 0.000000
0.042618 -0.051216 0.558239 0.348338 -0.892393 0.286872 0.000000
0.035392 -0.058356 0.555334 0.900169 -0.337894 -0.274815 0.000000
0.039410 -0.050847 0.561855 -0.291188 -0.943943 0.155503 1.000000
0.045227 -0.060265 0.554094 0.343729 0.159814 -0.925370 0.000000
0.043937 -0.059467 0.553770 -0.418495 -0.154994 0.894896 0.000000
0.034835 -0.052186 0.555946 0.945838 0.238216 -0.220551 0.000000
0.035157 -0.059515 0.557660 0.860218 -0.289258 0.419945 0.000000
0.041723 -0.061133 0.551430 -0.574434 -0.368647 0.730838 0.000000
0.042362 -0.053431 0.553820 0.817534 0.351590 -0.456096 0.000000
0.035336 -0.054330 0.555872 0.921749 0.208572 -0.326920 0.000000
0.035709 -0.052974 0.562280 0.701227 -0.458292 0.546122 1.000000
0.039059 -0.051210 0.552950 0.166576 -0.982393 0.084599 0.000000
0.040269 -0.051276 0.558914 -0.231113 -0.972012 0.042172 1.000000
0.043382 -0.051677 0.556512 0.230324 -0.768742 0.596646 0.000000
0.034072 -0.060473 0.551646 0.847839 0.016259 0.530004 0.000000
0.041307 -0.057524 0.551910 0.828666 -0.057967 -0.556734 0.000000
0.040697 -0.051446 0.559039 -0.122033 -0.988247 0.092061 1.000000
0.046053 -0.053931 0.555443 -0.102464 -0.163636 0.981185 0.000000
0.034653 -0.050039 0.557934 0.902382 -0.429786 -0.031459 0.000000
0.047086 -0.054549 0.555393 0.053016 -0.169911 0.984032 0.000000
0.040461 -0.063491 0.550427 0.468015 0.049711 -0.882321 0.000000
0.035682 -0.057355 0.557931 0.818457 -0.388694 0.423138 0.000000
0.037789 -0.050444 0.559344 -0.398303 -0.915147 -0.062128 1.000000
0.034828 -0.056242 0.559782 0.562036 -0.586511 0.583199 1.000000
0.037985 -0.050514 0.561792 0.109712 -0.963856 0.242785 1.000000
0.035231 -0.058904 0.557691 0.838835 -0.209371 0.502513 0.000000
0.036284 -0.051508 0.559773 0.868842 -0.016458 -0.494815 1.000000
0.032738 -0.058593 0.560178 0.817743 -0.237746 0.524189 1.000000
0.032391 -0.058862 0.561204 0.951381 -0.279167 0.130151 1.000000
0.036782 -0.051902 0.551618 0.638556 -0.769333 -0.019316 0.000000
0.039921 -0.051127 0.560961 -0.174297 -0.977221 0.121074 1.000000
0.040377 -0.051120 0.553189 -0.378968 -0.924645 0.037619 0.000000
0.044407 -0.048543 0.560996 0.683969 -0.402642 0.608331 1.000000
0.033359 -0.060232 0.553510 0.880092 -0.429347 -0.202730 0.000000
0.044943 -0.052683 0.555589 -0.003512 -0.355841 0.934540 0.000000
0.034830 -0.059145 0.554616 0.800822 -0.485200 -0.351092 0.000000
0.036304 -0.051245 0.562178 0.718745 -0.289131 0.632304 1.000000
0.038688 -0.050922 0.556169 -0.231975 -0.972710 -0.004776 0.000000
0.034825 -0.057202 0.558849 0.603684 -0.467264 0.645933 1.000000
0.036289 -0.054836 0.559031 0.961659 -0.209685 0.176760 1.000000
0.045580 -0.058327 0.554506 0.213964 0.166737 -0.962506 0.000000
0.042660 -0.055441 0.553688 -0.628357 -0.157632 0.761788 0.000000
0.043414 -0.051442 0.556844 0.299066 -0.785534 0.541753 0.000000
0.045489 -0.049742 0.557980 0.655671 -0.690520 0.305414 0.000000
0.033244 -0.059562 0.559701 0.725900 -0.000676 0.687800 1.000000
0.034318 -0.057166 0.552089 0.963152 -0.235065 -0.130703 0.000000
0.037401 -0.050329 0.557362 -0.351998 -0.932555 0.080235 0.000000
0.034554 -0.059541 0.550938 0.809089 0.035246 0.586628 0.000000
0.040267 -0.055910 0.549750 0.812508 -0.095853 -0.575016 0.000000
0.037570 -0.050539 0.555135 -0.228752 -0.957223 0.177190 0.000000
0.036020 -0.054113 0.560390 0.846515 -0.406280 0.344017 1.000000
0.037859 -0.059230 0.548742 -0.453856 0.160075 0.876579 0.000000
0.039485 -0.051101 0.551882 -0.003590 -0.980078 0.198582 0.000000
0.040374 -0.055352 0.549748 0.843212 -0.053741 -0.534888 0.000000
0.040243 -0.051006 0.555020 -0.181587 -0.982772 -0.034440 0.000000
0.035152 -0.056000 0.554631 0.944634 0.134374 -0.299350 0.000000
0.040050 -0.052764 0.550523 0.883270 0.380785 -0.273564 0.000000
0.034928 -0.055825 0.553605 0.984250 -0.006077 -0.176677 0.000000
0.039423 -0.051049 0.558561 -0.270189 -0.962760 0.009533 1.000000
0.042569 -0.050818 0.559558 0.399462 -0.871200 0.285377 1.000000
0.033704 -0.059988 0.559206 0.754521 -0.090097 0.650062 1.000000
0.043292 -0.052892 0.555355 -0.139552 -0.554147 0.820638 0.000000
0.048823 -0.052727 0.555492 -0.141822 0.195507 -0.970394 0.000000
0.036460 -0.049833 0.562337 -0.247806 0.528808 -0.811760 1.000000
0.041396 -0.061296 0.551098 -0.554622 -0.344316 0.757523 0.000000
0.034767 -0.056608 0.559487 0.580451 -0.566001 0.585423 1.000000
0.039028 -0.051788 0.549115 -0.322450 -0.774262 0.544559 0.000000
0.037499 -0.050846 0.561554 0.284539 -0.932692 0.221639 1.000000
0.034900 -0.052967 0.563346 0.701921 -0.505598 0.501675 1.000000
0.034991 -0.051725 0.557304 0.934196 0.301458 -0.190791 0.000000
0.037877 -0.059932 0.548825 -0.392165 0.171198 0.903824 0.000000
0.043961 -0.052932 0.555484 -0.060240 -0.517703 0.853437 0.000000
0.033422 -0.060601 0.552875 0.988035 -0.146679 0.047672 0.000000
0.036041 -0.050940 0.562360 0.747874 -0.152435 0.646102 1.000000
0.041466 -0.053592 0.552807 0.782299 0.130965 -0.608979 0.000000
0.040092 -0.050982 0.552276 -0.250921 -0.956866 0.146446 0.000000
0.034805 -0.054542 0.561652 0.607991 -0.593644 0.527195 1.000000
0.044210 -0.060340 0.553742 -0.429565 -0.174361 0.886043 0.000000
0.032856 -0.058865 0.559971 0.757742 -0.125973 0.640280 1.000000
0.033517 -0.060792 0.559299 0.782812 -0.120351 0.610509 1.000000
0.035578 -0.050366 0.554962 -0.051948 -0.955287 0.291081 0.000000
0.035307 -0.055478 0.555280 0.923644 0.153273 -0.351268 0.000000
0.036247 -0.055104 0.558885 0.955190 -0.223742 0.193780 1.000000
0.040137 -0.054898 0.549282 0.838024 -0.023615 -0.545121 0.000000
0.041977 -0.051770 0.556686 -0.199785 -0.956390 0.213081 0.000000
0.039430 -0.051015 0.553998 0.005029 -0.997748 0.066885 0.000000
0.037476 -0.050344 0.558587 -0.339099 -0.940751 0.000326 1.000000
0.038523 -0.050880 0.559959 -0.333646 -0.942695 0.002552 1.000000
0.034298 -0.057187 0.559284 0.622971 -0.477933 0.619263 1.000000
0.037863 -0.050457 0.558362 -0.380477 -0.924705 0.012557 1.000000
0.041658 -0.052338 0.554041 0.831873 0.532323 -0.156904 0.000000
0.043949 -0.050611 0.558313 0.400224 -0.861455 0.312596 1.000000
0.040776 -0.051133 0.560998 0.130488 -0.971175 0.199481 1.000000
0.038498 -0.050903 0.556896 -0.304715 -0.952348 0.013500 0.000000
0.036659 -0.052909 0.560605 0.966854 -0.239251 0.089179 1.000000
0.034787 -0.058286 0.554001 0.838183 -0.282344 -0.466617 0.000000
0.045740 -0.050421 0.556634 0.486687 -0.550423 0.678358 0.000000
0.040078 -0.051160 0.551722 -0.423404 -0.763389 0.487818 0.000000
0.034152 -0.053926 0.563249 0.773896 -0.498400 0.390746 1.000000
0.042672 -0.061543 0.551962 -0.618444 -0.380835 0.687380 0.000000
0.035091 -0.053991 0.555527 0.939081 0.211241 -0.271115 0.000000
0.036901 -0.051402 0.553145 0.175181 -0.809670 0.560130 0.000000
0.036317 -0.050294 0.555989 -0.139573 -0.977470 0.158342 0.000000
0.037558 -0.050377 0.559102 -0.364907 -0.930326 -0.036546 1.000000
0.036033 -0.057156 0.547888 0.784720 -0.336074 0.520835 0.000000
0.041071 -0.059029 0.551640 0.777048 0.065911 -0.625980 0.000000
0.034822 -0.055101 0.553486 0.999764 0.014093 -0.016521 0.000000
0.046229 -0.049346 0.557221 0.577080 -0.630704 0.518836 0.000000
0.038441 -0.050490 0.561431 -0.053184 -0.986720 0.153476 1.000000
0.039403 -0.051270 0.551147 -0.307112 -0.898673 0.313159 0.000000
0.034625 -0.053750 0.562824 0.648931 -0.593592 0.475959 1.000000
0.034891 -0.053839 0.562411 0.614499 -0.607622 0.503177 1.000000
0.038386 -0.051149 0.550695 0.116366 -0.992450 0.038765 0.000000
0.033165 -0.058115 0.559964 0.709622 -0.324960 0.625170 1.000000
0.037747 -0.050690 0.561437 0.180069 -0.974949 0.130577 1.000000
0.035602 -0.057671 0.550068 0.659447 -0.116746 0.742630 0.000000
0.036593 -0.049942 0.558947 -0.153487 -0.973999 -0.166636 1.000000
0.034893 -0.049859 0.557850 0.563894 -0.821438 0.085223 0.000000
0.039068 -0.051381 0.549762 -0.479453 -0.818087 0.317582 0.000000
0.035640 -0.049941 0.558989 0.286414 -0.655433 -0.698839 1.000000
0.034989 -0.055842 0.554165 0.959155 0.122724 -0.254874 0.000000
0.037078 -0.050379 0.555349 -0.146438 -0.967230 0.207418 0.000000
0.036079 -0.052920 0.551837 0.787902 -0.597328 0.149699 0.000000
0.041788 -0.051098 0.559853 0.308208 -0.920465 0.240315 1.000000
0.034007 -0.057774 0.559262 0.671680 -0.354337 0.650609 1.000000
0.036756 -0.050119 0.559454 -0.013933 -0.961459 -0.274596 1.000000
0.039703 -0.052478 0.548379 0.508578 0.518984 -0.687026 0.000000
0.039081 -0.050677 0.562873 0.270742 0.954426 -0.125579 1.000000
0.033463 -0.059942 0.559447 0.761384 -0.049132 0.646437 1.000000
0.034864 -0.050002 0.556579 0.481324 -0.874799 0.055259 0.000000
0.045959 -0.049765 0.557103 0.565544 -0.630583 0.531531 0.000000
0.043799 -0.051412 0.556625 0.277456 -0.729697 0.624948 0.000000
0.034242 -0.058116 0.551239 0.953759 0.000627 0.300573 0.000000
0.036266 -0.053118 0.550429 0.824014 -0.465823 0.322506 0.000000
0.034581 -0.050164 0.558353 0.895004 -0.256267 -0.365097 1.000000
0.047624 -0.053165 0.555612 0.098477 -0.210969 0.972520 0.000000
0.039386 -0.051088 0.553112 0.074684 -0.995690 0.054979 0.000000
0.041628 -0.056039 0.552199 0.849261 0.094587 -0.519431 0.000000
0.041478 -0.054688 0.552402 0.842382 0.204174 -0.498704 0.000000
0.034586 -0.050227 0.555796 0.753118 -0.657876 0.003654 0.000000
0.036547 -0.051307 0.553537 0.083031 -0.804492 0.588131 0.000000
0.035226 -0.061380 0.549496 -0.678063 -0.328854 -0.657332 0.000000
0.034201 -0.057727 0.551344 0.980349 -0.054065 0.189718 0.000000
0.035607 -0.058550 0.548167 0.830426 0.035271 0.556011 0.000000
0.046356 -0.051444 0.555903 0.116235 -0.264184 0.957443 0.000000
0.041715 -0.053133 0.553076 0.841511 0.179500 -0.509547 0.000000
0.039700 -0.056492 0.549344 -0.606118 0.172369 0.776473 0.000000
0.034002 -0.053125 0.564402 0.759331 -0.469914 0.450108 1.000000
0.035378 -0.059271 0.557422 0.902870 -0.276949 0.328823 0.000000
0.042428 -0.052639 0.555398 -0.480981 -0.562659 0.672363 0.000000
0.034956 -0.054922 0.552531 0.980374 -0.183289 0.072610 0.000000
0.045143 -0.057914 0.554491 -0.249638 -0.168876 0.953500 0.000000
0.039358 -0.051034 0.556928 -0.201568 -0.978078 -0.052280 0.000000
0.040842 -0.061151 0.550766 -0.585540 -0.263169 0.766737 0.000000
0.045028 -0.053060 0.555376 -0.093526 -0.320671 0.942562 0.000000
0.047680 -0.055458 0.555181 -0.061094 0.163274 -0.984687 0.000000
0.033831 -0.055125 0.562397 0.873456 -0.378764 0.305961 1.000000
0.034517 -0.057910 0.553382 0.863449 -0.284482 -0.416564 0.000000
0.044472 -0.054687 0.554893 -0.371563 -0.243970 0.895779 0.000000
0.034349 -0.059824 0.554947 0.738382 -0.630797 -0.238511 0.000000
0.040370 -0.060664 0.550550 -0.611642 -0.214732 0.761436 0.000000
0.035131 -0.054822 0.555006 0.941045 0.140999 -0.307496 0.000000
0.034006 -0.053369 0.564154 0.782973 -0.470842 0.406523 1.000000
0.033349 -0.060643 0.554386 0.774032 -0.573999 -0.267207 0.000000
0.042142 -0.052320 0.555458 -0.504422 -0.722310 0.473103 0.000000
0.040830 -0.057696 0.551056 0.849441 -0.094538 -0.519146 0.000000
0.035552 -0.057918 0.555438 0.944046 -0.181804 -0.275180 0.000000
0.040395 -0.051126 0.555895 -0.267160 -0.961508 -0.064248 0.000000
0.043082 -0.062629 0.551763 0.622754 0.232175 -0.747176 0.000000
0.035278 -0.055812 0.554972 0.933289 0.135188 -0.332710 0.000000
0.035441 -0.057788 0.554889 0.919417 -0.162943 -0.357942 0.000000
0.037857 -0.051402 0.551013 0.310026 -0.950088 -0.034878 0.000000
0.045580 -0.049082 0.559272 0.768006 -0.485786 0.417348 1.000000
0.038389 -0.051308 0.552509 0.166568 -0.982413 0.084380 0.000000
0.041860 -0.061659 0.551274 -0.569518 -0.320282 0.757013 0.000000
0.033620 -0.059447 0.553273 0.873613 -0.398773 -0.278892 0.000000
0.033972 -0.059777 0.558857 0.732495 -0.141239 0.665960 1.000000
0.033721 -0.054916 0.563279 0.953892 -0.236867 0.184346 1.000000
0.035683 -0.058294 0.556418 0.972393 -0.192092 -0.132488 0.000000
0.040069 -0.052919 0.548829 0.875314 0.339310 -0.344519 0.000000
0.039718 -0.051053 0.553449 -0.006307 -0.999500 0.030987 0.000000
0.033954 -0.059412 0.558918 0.704769 -0.088873 0.703848 1.000000
0.043303 -0.050551 0.559326 0.406274 -0.860221 0.308157 1.000000
0.039890 -0.050994 0.556086 -0.167971 -0.982756 -0.077310 0.000000
0.042178 -0.055842 0.553093 0.753208 0.140753 -0.642547 0.000000
0.035252 -0.057263 0.554460 0.919370 -0.047378 -0.390532 0.000000
0.042163 -0.057073 0.552889 -0.705470 -0.048312 0.707091 0.000000
0.035278 -0.055562 0.555064 0.930101 0.132733 -0.342482 0.000000
0.035234 -0.052203 0.563494 0.787888 -0.333231 0.517870 1.000000
0.040218 -0.050957 0.552427 -0.261193 -0.955726 0.135519 0.000000
0.039932 -0.051184 0.558703 -0.265256 -0.963686 0.030805 1.000000
0.041825 -0.052430 0.553310 0.862044 0.431781 -0.265414 0.000000
0.034795 -0.050055 0.557504 0.747870 -0.644208 0.160272 0.000000
0.037416 -0.060204 0.548722 -0.197397 0.327148 0.924126 0.000000
0.046232 -0.054403 0.555409 -0.062695 -0.168410 0.983721 0.000000
0.042550 -0.049646 0.562364 -0.612476 0.691282 -0.383408 1.000000
0.037378 -0.056990 0.548498 0.169233 0.394084 -0.903359 0.000000
0.036289 -0.054548 0.558639 0.999777 -0.016555 -0.013110 1.000000
0.044105 -0.054610 0.554684 -0.412633 -0.300691 0.859837 0.000000
0.048642 -0.053972 0.555305 0.134034 -0.177494 0.974952 0.000000
0.034404 -0.050667 0.555733 0.971293 -0.224214 -0.079488 0.000000
0.033948 -0.060077 0.554538 0.718545 -0.628220 -0.298384 0.000000
0.044518 -0.050383 0.558311 0.468314 -0.830595 0.301320 1.000000
0.040490 -0.060130 0.550744 -0.680752 -0.132367 0.720455 0.000000
0.035423 -0.051140 0.563418 0.829216 -0.092111 0.551285 1.000000
0.039419 -0.050743 0.563119 0.188527 0.969581 -0.156108 1.000000
0.036177 -0.056260 0.557941 0.936293 -0.307082 0.170457 0.000000
0.045102 -0.049711 0.559585 0.601378 -0.687536 0.406987 1.000000
0.039317 -0.059143 0.550013 -0.617709 0.087525 0.781521 0.000000
0.044041 -0.061821 0.553301 0.554861 0.344965 -0.757053 0.000000
0.042763 -0.050370 0.560543 0.500203 -0.789101 0.356534 1.000000
0.035018 -0.059155 0.550310 0.857542 -0.009054 0.514333 0.000000
0.035747 -0.056931 0.558218 0.816180 -0.404134 0.412947 0.000000
0.038195 -0.061325 0.549291 0.260663 -0.170094 -0.950328 0.000000
0.034531 -0.058260 0.558594 0.656984 -0.242082 0.713981 1.000000
0.037033 -0.050217 0.556974 -0.292273 -0.949344 0.115426 0.000000
0.037853 -0.050608 0.556460 -0.334375 -0.942017 0.028227 0.000000
0.033027 -0.059868 0.559896 0.740340 0.013777 0.672092 1.000000
0.034673 -0.059954 0.558103 0.740396 -0.344713 0.577050 0.000000
0.036009 -0.050443 0.559432 -0.502111 0.522942 0.688779 1.000000
0.034468 -0.050259 0.554569 0.718029 -0.636873 0.280761 0.000000
0.036324 -0.050004 0.558137 -0.286798 -0.956425 0.054754 0.000000
0.046841 -0.055711 0.555177 -0.031132 -0.183928 0.982447 0.000000
0.043197 -0.050758 0.558855 0.389713 -0.870598 0.300303 1.000000
0.035588 -0.054577 0.560623 0.698331 -0.526531 0.484871 1.000000
0.039050 -0.050966 0.559249 -0.290157 -0.956622 -0.026139 1.000000
0.035000 -0.054693 0.554670 0.958247 0.127941 -0.255722 0.000000
0.034993 -0.051458 0.553206 0.467216 -0.375303 0.800535 0.000000
0.039688 -0.060519 0.550099 -0.576513 -0.127375 0.807099 0.000000
0.034550 -0.051729 0.553797 0.917312 -0.051518 0.394823 0.000000
0.034138 -0.056150 0.560467 0.651830 -0.566107 0.504620 1.000000
0.038571 -0.050903 0.557210 -0.299639 -0.953863 0.019026 0.000000
0.035034 -0.060416 0.549989 0.860452 0.001489 0.509530 0.000000
0.045316 -0.048570 0.559967 0.750473 -0.322294 0.576989 1.000000
0.039158 -0.056090 0.549041 -0.513262 0.108662 0.851325 0.000000
0.033630 -0.054923 0.564068 0.957153 -0.229547 0.176538 1.000000
0.035513 -0.057781 0.548380 0.901371 -0.226136 0.369315 0.000000
0.042959 -0.051737 0.556640 0.136200 -0.837688 0.528894 0.000000
0.037829 -0.050505 0.557610 -0.386678 -0.919863 0.065815 0.000000
0.043451 -0.051934 0.556198 0.131817 -0.740064 0.659492 0.000000
0.042290 -0.049983 0.562163 -0.573164 0.746824 -0.337250 1.000000
0.036256 -0.054211 0.559833 0.887114 -0.341640 0.310341 1.000000
0.042445 -0.052413 0.555616 -0.341017 -0.703629 0.623388 0.000000
0.042349 -0.051571 0.557471 0.197230 -0.940833 0.275562 0.000000
0.033183 -0.057059 0.562625 0.942326 -0.332486 -0.038408 1.000000
0.046270 -0.053408 0.555549 -0.093821 -0.176840 0.979758 0.000000
0.045380 -0.049196 0.559623 0.723377 -0.509142 0.466370 1.000000
0.036156 -0.050294 0.555587 -0.136096 -0.970456 0.199230 0.000000
0.039521 -0.050993 0.554356 -0.027483 -0.999295 0.025588 0.000000
0.045202 -0.049619 0.559400 0.654853 -0.646408 0.391566 1.000000
0.034922 -0.052840 0.553251 0.779125 -0.061868 0.623808 0.000000
0.045005 -0.057124 0.554594 -0.293026 -0.180163 0.938977 0.000000
0.038344 -0.050841 0.557169 -0.336929 -0.940975 0.032335 0.000000
0.042299 -0.058518 0.552966 -0.620419 -0.118832 0.775216 0.000000
0.035026 -0.058928 0.555108 0.835415 -0.465990 -0.291437 0.000000
0.033646 -0.056032 0.561526 0.831349 -0.462012 0.308874 1.000000
0.034819 -0.055780 0.560279 0.579132 -0.593414 0.558986 1.000000
0.038839 -0.061265 0.549379 -0.385407 0.091199 0.918229 0.000000
0.034856 -0.057739 0.558483 0.642869 -0.312114 0.699503 0.000000
0.035685 -0.057249 0.547939 0.846388 -0.318663 0.426709 0.000000
0.049196 -0.053849 0.555230 -0.138782 0.181287 -0.973588 0.000000
0.035290 -0.050421 0.558950 0.531549 -0.333810 -0.778477 1.000000
0.034430 -0.055393 0.561049 0.628886 -0.590849 0.505371 1.000000
0.034053 -0.056867 0.559900 0.668292 -0.509900 0.541652 1.000000
0.043905 -0.052084 0.555988 0.097108 -0.622734 0.776384 0.000000
0.038785 -0.050910 0.559156 -0.330711 -0.942404 -0.050056 1.000000
0.046024 -0.049085 0.557975 0.675861 -0.650923 0.345704 0.000000
0.035451 -0.053253 0.557059 0.910346 0.288820 -0.296400 0.000000
0.035317 -0.053075 0.556837 0.913322 0.285090 -0.290805 0.000000
0.040656 -0.059155 0.551004 0.775657 -0.012950 -0.631022 0.000000
0.041710 -0.063968 0.551152 0.526942 0.088824 -0.845247 0.000000
0.038472 -0.051311 0.551956 0.161898 -0.986763 0.009339 0.000000
0.046228 -0.057248 0.554817 -0.148738 -0.195748 0.969309 0.000000
0.044923 -0.049773 0.559568 0.538119 -0.738777 0.405754 1.000000
0.041505 -0.054065 0.552751 0.782360 0.145802 -0.605520 0.000000
0.041308 -0.059669 0.551881 0.692651 0.213560 -0.688932 0.000000
0.035226 -0.058615 0.555376 0.880725 -0.375795 -0.288273 0.000000
0.040979 -0.051212 0.560497 0.123287 -0.972823 0.195999 1.000000
0.037663 -0.050508 0.562018 0.024861 -0.908956 0.416151 1.000000
0.037565 -0.050448 0.556945 -0.363820 -0.928755 0.071050 0.000000
0.041937 -0.051905 0.555733 -0.451596 -0.800233 0.394574 0.000000
0.034615 -0.051157 0.553847 0.732540 -0.407950 0.544942 0.000000
0.033694 -0.056494 0.560840 0.768072 -0.507563 0.390442 1.000000
0.035185 -0.049939 0.556625 0.271712 -0.959809 0.070286 0.000000
0.033206 -0.056911 0.562270 0.933497 -0.358476 -0.008824 1.000000
0.038210 -0.050598 0.557954 -0.384110 -0.920962 0.065491 0.000000
0.039839 -0.050946 0.562058 -0.135200 -0.973100 0.186539 1.000000
0.039038 -0.058141 0.549524 -0.596517 0.161873 0.786107 0.000000
0.033769 -0.059095 0.559146 0.686065 -0.078115 0.723335 1.000000
0.039869 -0.051809 0.551147 0.693922 0.530153 -0.487247 0.000000
0.034441 -0.060591 0.557858 0.749614 -0.568986 0.338131 0.000000
0.035738 -0.051311 0.562858 0.820904 -0.091389 0.563706 1.000000
0.032374 -0.059114 0.560824 0.924404 -0.195320 0.327608 1.000000
0.034222 -0.058493 0.558855 0.664222 -0.186071 0.724007 1.000000
0.035359 -0.053140 0.552912 0.717997 -0.319501 0.618384 0.000000
0.042376 -0.053380 0.554225 0.754880 0.517480 -0.402952 0.000000
0.035226 -0.054315 0.561420 0.639206 -0.578615 0.506578 1.000000
0.034913 -0.055851 0.553275 0.986624 -0.060595 -0.151330 0.000000
0.036964 -0.050086 0.562337 -0.054553 0.630394 -0.774356 1.000000
0.038584 -0.059704 0.549250 -0.545802 0.052024 0.836298 0.000000
0.038514 -0.058926 0.549109 -0.540921 0.118962 0.832618 0.000000
0.046503 -0.055992 0.555106 -0.072811 -0.193167 0.978461 0.000000
0.043269 -0.053267 0.555196 -0.166489 -0.580560 0.797014 0.000000
0.033851 -0.054222 0.563351 0.884851 -0.361888 0.293387 1.000000
0.043241 -0.054099 0.554438 -0.398190 -0.493632 0.773158 0.000000
0.032726 -0.057999 0.561663 0.922189 -0.386138 -0.021543 1.000000
0.035782 -0.056962 0.558093 0.848299 -0.413801 0.330391 0.000000
0.035326 -0.058746 0.555847 0.888908 -0.377172 -0.259968 0.000000
0.036433 -0.052635 0.559877 0.965114 -0.041535 -0.258513 1.000000
0.033657 -0.055369 0.563124 0.965604 -0.221390 0.136366 1.000000
0.034193 -0.057697 0.552140 0.977130 -0.209311 -0.037501 0.000000
0.041233 -0.056839 0.551558 0.859904 -0.057673 -0.507188 0.000000
0.044242 -0.061382 0.553550 0.498682 0.299352 -0.813452 0.000000
0.043598 -0.052258 0.555911 0.024080 -0.636959 0.770522 0.000000
0.033809 -0.055897 0.561362 0.767463 -0.505669 0.394081 1.000000
0.032206 -0.059622 0.560965 0.927921 -0.141820 0.344747 1.000000
0.035192 -0.058599 0.548948 0.910959 -0.110582 0.397399 0.000000
0.038795 -0.051304 0.552945 0.138246 -0.981183 0.134787 0.000000
0.033383 -0.056536 0.562221 0.931690 -0.361741 0.033134 1.000000
0.042178 -0.053067 0.553851 0.842821 0.421241 -0.334975 0.000000
0.033939 -0.058184 0.559130 0.664998 -0.269003 0.696717 1.000000
0.041257 -0.051352 0.559616 0.111451 -0.976462 0.184665 1.000000
0.045779 -0.048937 0.558800 0.790835 -0.522782 0.318244 1.000000
0.044372 -0.050330 0.558578 0.438886 -0.847737 0.297861 1.000000
0.035992 -0.049875 0.562487 0.435161 -0.363209 0.823841 1.000000
0.039556 -0.051043 0.561058 -0.242808 -0.961020 0.132229 1.000000
0.045947 -0.053083 0.555575 -0.099962 -0.198018 0.975088 0.000000
0.034466 -0.050658 0.555993 0.961249 -0.265331 -0.074828 0.000000
0.047153 -0.053199 0.555608 0.024517 -0.197745 0.979947 0.000000
0.041099 -0.062062 0.550546 -0.520647 -0.160057 0.838635 0.000000
0.034713 -0.055917 0.551338 0.880499 -0.402473 0.250473 0.000000
0.034622 -0.056740 0.552856 0.940647 -0.187102 -0.283153 0.000000
0.039999 -0.052482 0.548378 0.697966 0.622602 -0.353850 0.000000
0.040244 -0.051060 0.555674 -0.234827 -0.970717 -0.050640 0.000000
0.033912 -0.060164 0.558772 0.756630 -0.197200 0.623397 1.000000
0.034931 -0.059442 0.555969 0.755822 -0.576555 -0.310352 0.000000
0.040401 -0.057259 0.550243 0.778764 -0.167847 -0.604445 0.000000
0.033621 -0.055188 0.563685 0.964897 -0.216308 0.148944 1.000000
0.039922 -0.051226 0.557403 -0.251476 -0.966515 -0.051063 0.000000
0.042741 -0.058183 0.553329 -0.573915 -0.100372 0.812740 0.000000
0.039044 -0.061754 0.549498 -0.312708 0.044086 0.948826 0.000000
0.033943 -0.053971 0.563604 0.840714 -0.433010 0.325119 1.000000
0.034528 -0.055097 0.561321 0.620540 -0.586808 0.520179 1.000000
0.035383 -0.053412 0.552550 0.772492 -0.442947 0.455032 0.000000
0.044913 -0.052945 0.555422 -0.087083 -0.350468 0.932517 0.000000
0.034739 -0.056946 0.550267 0.656921 -0.265585 0.705634 0.000000
0.035933 -0.054579 0.560105 0.800760 -0.419820 0.427241 1.000000
0.045630 -0.048719 0.559467 0.788790 -0.370776 0.490240 1.000000
0.046683 -0.050193 0.556283 -0.283515 0.463569 -0.839478 0.000000
0.035912 -0.055107 0.556848 0.931258 0.146473 -0.333622 0.000000
0.040870 -0.051359 0.559929 0.048923 -0.985099 0.164884 1.000000
0.035812 -0.056983 0.548415 0.844652 -0.287953 0.451272 0.000000
0.034490 -0.058442 0.550841 0.825542 0.079463 0.558718 0.000000
0.035360 -0.049620 0.558660 -0.166954 0.918328 0.358886 1.000000
0.034655 -0.055961 0.552404 0.970651 -0.213477 -0.110747 0.000000
0.035377 -0.049599 0.558133 0.045871 -0.998741 -0.020325 0.000000
0.046780 -0.054178 0.555455 0.002158 -0.166775 0.985993 0.000000
0.032415 -0.058839 0.561760 0.942455 -0.334048 0.013778 1.000000
0.044110 -0.048806 0.561122 0.649879 -0.487902 0.582760 1.000000
0.034599 -0.057388 0.558902 0.618878 -0.425491 0.660263 1.000000
0.046715 -0.051432 0.555854 0.074956 -0.209438 0.974945 0.000000
0.038688 -0.050929 0.556631 -0.256347 -0.966451 -0.016060 0.000000
0.039688 -0.051009 0.554785 -0.065747 -0.997836 -0.000998 0.000000
0.035691 -0.053322 0.561949 0.677768 -0.528944 0.510734 1.000000
0.034484 -0.050094 0.555484 0.563309 -0.823326 0.069401 0.000000
0.035725 -0.053684 0.561427 0.687848 -0.568676 0.451079 1.000000
0.032882 -0.057486 0.561611 0.910294 -0.413773 -0.012537 1.000000
0.045402 -0.049933 0.557845 0.621874 -0.719735 0.308632 0.000000
0.038031 -0.050349 0.562097 0.024529 -0.945734 0.324016 1.000000
0.033172 -0.058389 0.559772 0.704973 -0.251101 0.663296 1.000000
0.037120 -0.051368 0.553062 0.226324 -0.848401 0.478532 0.000000
0.039501 -0.050989 0.556386 -0.168436 -0.983992 -0.058208 0.000000
0.045596 -0.058943 0.554421 0.251729 0.165938 -0.953466 0.000000
0.045213 -0.049014 0.559930 0.718722 -0.418664 0.555121 1.000000
0.035431 -0.052899 0.562700 0.714836 -0.454306 0.531616 1.000000
0.042833 -0.050108 0.561054 0.556968 -0.728958 0.398003 1.000000
0.039141 -0.051035 0.557845 -0.282136 -0.959001 0.026769 0.000000
0.042238 -0.063528 0.551280 0.555968 0.113595 -0.823405 0.000000
0.039858 -0.050810 0.562571 -0.062126 -0.973851 0.218528 1.000000
0.039332 -0.062488 0.549746 0.345008 -0.035508 -0.937928 0.000000
0.035360 -0.059618 0.556912 0.872170 -0.476538 -0.110593 0.000000
0.041252 -0.051764 0.553745 0.745762 0.661602 -0.078239 0.000000
0.041269 -0.058581 0.551926 0.781359 0.018640 -0.623804 0.000000
0.042123 -0.061661 0.551455 -0.577084 -0.343350 0.741002 0.000000
0.041726 -0.051262 0.559342 0.254664 -0.940018 0.226965 1.000000
0.043363 -0.050074 0.560409 0.492132 -0.769981 0.406122 1.000000
0.044695 -0.051150 0.556599 0.273639 -0.696698 0.663124 0.000000
0.039780 -0.051273 0.551542 -0.377663 -0.816478 0.436732 0.000000
0.040934 -0.055111 0.550898 0.917714 0.124887 -0.377100 0.000000
0.042718 -0.052643 0.555417 -0.311944 -0.585634 0.748147 0.000000
0.034303 -0.057435 0.550782 0.915103 -0.116070 0.386154 0.000000
0.034497 -0.060891 0.550575 0.854152 -0.072015 0.515012 0.000000
0.040250 -0.051068 0.553710 -0.259015 -0.965545 0.025184 0.000000
0.044465 -0.053196 0.555359 -0.107162 -0.390744 0.914240 0.000000
0.034692 -0.057467 0.553473 0.885699 -0.202558 -0.417740 0.000000
0.040655 -0.051420 0.557085 -0.280389 -0.955236 -0.094369 0.000000
0.035517 -0.056202 0.559084 0.664704 -0.528018 0.528550 1.000000
0.034556 -0.060212 0.550941 0.848096 -0.045295 0.527903 0.000000
0.035374 -0.056563 0.550315 0.654249 -0.285610 0.700275 0.000000
0.033373 -0.057520 0.560242 0.711534 -0.489812 0.503789 1.000000
0.035437 -0.056692 0.558759 0.657863 -0.503777 0.559843 1.000000
0.038825 -0.051020 0.554017 0.020048 -0.992668 0.119198 0.000000
0.034932 -0.052573 0.555910 0.941510 0.237230 -0.239335 0.000000
0.036245 -0.054602 0.559343 0.956162 -0.226209 0.185969 1.000000
0.034611 -0.059155 0.550802 0.801743 0.042158 0.596181 0.000000
0.036611 -0.051340 0.561190 0.901175 -0.419882 0.107627 1.000000
0.040472 -0.051388 0.557920 -0.270107 -0.962816 -0.005216 0.000000
0.039422 -0.052477 0.548829 -0.602780 -0.669384 0.434259 0.000000
0.042935 -0.053772 0.554698 -0.447714 -0.594774 0.667680 0.000000
0.037206 -0.051578 0.550754 0.490239 -0.871284 0.023030 0.000000
0.044895 -0.050269 0.557988 0.529947 -0.796430 0.291300 0.000000
0.034329 -0.055161 0.561513 0.680961 -0.546507 0.487465 1.000000
0.036811 -0.050369 0.560479 0.234524 -0.860131 -0.452961 1.000000
0.032499 -0.058706 0.560644 0.909604 -0.264509 0.320399 1.000000
0.038246 -0.051087 0.553521 0.017153 -0.965432 0.260091 0.000000
0.043105 -0.058614 0.553491 -0.512060 -0.137649 0.847848 0.000000
0.044556 -0.051453 0.556316 0.198682 -0.640042 0.742207 0.000000
0.034535 -0.052455 0.554458 0.987851 0.155336 -0.004681 0.000000
0.039408 -0.054446 0.548874 0.582423 -0.180555 -0.792580 0.000000
0.035398 -0.056429 0.555062 0.932299 0.115957 -0.342596 0.000000
0.037028 -0.051829 0.552208 0.578989 -0.805404 0.126867 0.000000
0.033750 -0.059248 0.552086 0.927445 -0.111771 0.356865 0.000000
0.043435 -0.053470 0.555081 -0.190534 -0.549202 0.813679 0.000000
0.034833 -0.053524 0.562794 0.642125 -0.583282 0.497451 1.000000
0.037616 -0.051044 0.553797 0.048034 -0.913933 0.403012 0.000000
0.041265 -0.051546 0.555125 -0.594418 -0.795949 0.114599 0.000000
0.034237 -0.059967 0.555244 0.716722 -0.665373 -0.208778 0.000000
0.041189 -0.052632 0.552490 0.775890 0.160500 -0.610110 0.000000
0.041457 -0.051652 0.555542 -0.568117 -0.806858 0.161938 0.000000
0.040417 -0.052539 0.551666 0.794412 0.260140 -0.548851 0.000000
0.034446 -0.057167 0.552556 0.948727 -0.235735 -0.210584 0.000000
0.033790 -0.054441 0.563288 0.904179 -0.347505 0.248395 1.000000
0.034803 -0.053037 0.555086 0.957349 0.204008 -0.204605 0.000000
0.034620 -0.058118 0.550434 0.750834 0.147114 0.643899 0.000000
0.045307 -0.052236 0.555740 0.030956 -0.403342 0.914525 0.000000
0.036099 -0.054653 0.557672 0.962493 0.158174 -0.220429 0.000000
0.039130 -0.051092 0.553496 0.076437 -0.991167 0.108372 0.000000
0.032732 -0.058323 0.562513 0.930510 -0.348799 -0.111763 1.000000
0.034068 -0.055237 0.561742 0.739915 -0.515243 0.432494 1.000000
0.041450 -0.061774 0.550927 -0.547934 -0.265936 0.793125 0.000000
0.043853 -0.060002 0.553646 -0.450224 -0.174778 0.875643 0.000000
0.034377 -0.058731 0.558670 0.676342 -0.143646 0.722445 1.000000
0.044886 -0.059295 0.554174 -0.333408 -0.159714 0.929156 0.000000
0.040440 -0.051047 0.552675 -0.424349 -0.898507 0.112309 0.000000
0.036349 -0.049974 0.557703 -0.262793 -0.959213 0.104161 0.000000
0.039458 -0.050774 0.562664 -0.185105 -0.967419 0.172734 1.000000
0.036779 -0.050100 0.558429 -0.293361 -0.955982 -0.006158 1.000000
0.040566 -0.050861 0.562229 0.189342 -0.944393 0.268834 1.000000
0.048174 -0.052144 0.555704 -0.096771 0.169240 -0.980812 0.000000
0.041076 -0.059488 0.551623 0.749681 0.110778 -0.652461 0.000000
0.036318 -0.058965 0.548094 0.166207 0.289034 0.942780 0.000000
0.045288 -0.050121 0.557693 0.583370 -0.736211 0.343034 0.000000
0.036952 -0.050798 0.561876 0.363279 -0.719407 0.592015 1.000000
0.033646 -0.060751 0.558995 0.758519 -0.214100 0.615476 1.000000
0.039793 -0.059551 0.550180 -0.626298 -0.018121 0.779373 0.000000
0.039599 -0.051049 0.555089 -0.077897 -0.996956 0.003214 0.000000
0.035709 -0.055904 0.559195 0.717666 -0.493648 0.491190 1.000000
0.034876 -0.050277 0.558691 0.781229 -0.158002 -0.603917 1.000000
0.044992 -0.053521 0.555310 -0.143442 -0.289259 0.946442 0.000000
0.036607 -0.052883 0.560252 0.983551 -0.166043 -0.071120 1.000000
0.038873 -0.051246 0.553185 0.135447 -0.983173 0.122575 0.000000
0.034102 -0.060268 0.556256 0.693408 -0.649867 -0.311222 0.000000
0.035792 -0.056716 0.556001 0.969171 -0.004333 -0.246353 0.000000
0.034979 -0.054814 0.552693 0.984877 -0.158954 0.068921 0.000000
0.045307 -0.049898 0.558103 0.622809 -0.731510 0.277490 0.000000
0.042487 -0.056835 0.553230 -0.680265 -0.113167 0.724178 0.000000
0.035532 -0.058903 0.556480 0.925579 -0.325157 -0.193846 0.000000
0.040424 -0.053285 0.551291 0.879834 0.291240 -0.375594 0.000000
0.038637 -0.051021 0.554516 -0.093680 -0.988584 0.118008 0.000000
0.040059 -0.052862 0.549620 0.889521 0.415608 -0.189795 0.000000
0.040151 -0.051283 0.557659 -0.279198 -0.959356 -0.041041 0.000000
0.034932 -0.054192 0.554439 0.984542 0.103309 -0.141437 0.000000
0.036476 -0.050798 0.562072 0.493994 -0.398982 0.772518 1.000000
0.044322 -0.050561 0.557983 0.438972 -0.838646 0.322454 0.000000
0.038509 -0.058128 0.549100 -0.534242 0.139553 0.833733 0.000000
0.045581 -0.049997 0.557316 0.602995 -0.665193 0.440358 0.000000
0.035932 -0.049899 0.557641 -0.195874 -0.972693 0.124502 0.000000
0.044768 -0.055208 0.554920 -0.375444 -0.204179 0.904076 0.000000
0.043660 -0.050458 0.559087 0.398278 -0.860855 0.316708 1.000000
0.041071 -0.062911 0.550457 -0.504396 -0.081060 0.859659 0.000000
0.046085 -0.057879 0.554667 -0.162317 -0.181551 0.969893 0.000000
0.034650 -0.050353 0.556680 0.899461 -0.430116 -0.077267 0.000000
0.038263 -0.050730 0.557473 -0.366807 -0.928142 0.063292 0.000000
0.041745 -0.062051 0.551034 -0.548748 -0.245849 0.799020 0.000000
0.036843 -0.050598 0.554600 -0.068845 -0.925529 0.372367 0.000000
0.035209 -0.059079 0.548727 0.907589 0.031490 0.418678 0.000000
0.035223 -0.057733 0.558167 0.685224 -0.375621 0.624001 0.000000
0.035975 -0.055677 0.556829 0.948449 0.047938 -0.313285 0.000000
0.033578 -0.056829 0.560689 0.766462 -0.498495 0.405017 1.000000
0.033749 -0.055118 0.562890 0.944412 -0.262038 0.198549 1.000000
0.035191 -0.058707 0.550122 0.871795 -0.098121 0.479943 0.000000
0.040493 -0.061592 0.550393 -0.526275 -0.191823 0.828396 0.000000
0.035155 -0.051615 0.558389 0.862697 0.277452 -0.422817 1.000000
0.036670 -0.049689 0.562455 -0.200547 0.526519 -0.826171 1.000000
0.032862 -0.057788 0.562149 0.922410 -0.375799 -0.089073 1.000000
0.040771 -0.055041 0.550484 0.918625 0.073895 -0.388159 0.000000
0.033429 -0.059145 0.559512 0.698305 -0.052291 0.713888 1.000000
0.046655 -0.054569 0.555386 0.002088 -0.168050 0.985776 0.000000
0.035927 -0.055726 0.559092 0.780813 -0.438484 0.445042 1.000000
0.038203 -0.051371 0.551543 0.210923 -0.977119 -0.027380 0.000000
0.035478 -0.053354 0.562238 0.667383 -0.529611 0.523556 1.000000
0.036243 -0.056135 0.557674 0.970714 -0.240123 -0.007484 0.000000
0.041234 -0.063478 0.550683 0.500320 0.065358 -0.863370 0.000000
0.033707 -0.055411 0.562631 0.936338 -0.299755 0.182805 1.000000
0.036706 -0.050852 0.554309 -0.034035 -0.900365 0.433802 0.000000
0.034629 -0.052511 0.554818 0.981061 0.170881 -0.091213 0.000000
0.038705 -0.050901 0.557647 -0.326947 -0.943332 0.056839 0.000000
0.036296 -0.055893 0.557728 0.992723 -0.120179 -0.007570 0.000000
0.035637 -0.054043 0.561174 0.691396 -0.551805 0.466351 1.000000
0.034789 -0.058087 0.558329 0.652916 -0.259726 0.711508 0.000000
0.045346 -0.059401 0.554282 0.274587 0.162957 -0.947653 0.000000
0.035423 -0.053611 0.552110 0.840827 -0.409568 0.353927 0.000000
0.047108 -0.056273 0.555082 0.025615 0.182361 -0.982898 0.000000
0.040718 -0.051325 0.556588 -0.312200 -0.944911 -0.098354 0.000000
0.035059 -0.055817 0.560004 0.569889 -0.588192 0.573808 1.000000
0.033004 -0.057661 0.560593 0.809550 -0.476647 0.342689 1.000000
0.035266 -0.060912 0.549525 0.800531 0.123829 0.586359 0.000000
0.046091 -0.050083 0.556583 0.473487 -0.551599 0.686694 0.000000
0.048404 -0.054379 0.555252 0.131321 -0.174593 0.975844 0.000000
0.033475 -0.059443 0.559432 0.711615 -0.018913 0.702315 1.000000
0.045492 -0.050873 0.556545 0.392079 -0.561690 0.728546 0.000000
0.035418 -0.058122 0.549361 0.921479 -0.161303 0.353353 0.000000
0.040726 -0.059923 0.550967 0.711331 0.107992 -0.694511 0.000000
0.044932 -0.048738 0.560337 0.677077 -0.367576 0.637539 1.000000
0.034813 -0.059815 0.556206 0.700173 -0.622711 -0.349268 0.000000
0.035584 -0.055268 0.559994 0.684374 -0.496354 0.534103 1.000000
0.041874 -0.050315 0.562081 0.502266 -0.802626 0.321746 1.000000
0.035277 -0.051090 0.558783 0.779237 0.148460 -0.608892 1.000000
0.038746 -0.050620 0.561265 -0.270999 -0.945193 0.182127 1.000000
0.034567 -0.059430 0.554402 0.761308 -0.524025 -0.381847 0.000000
0.033684 -0.057600 0.559808 0.685129 -0.448463 0.574003 1.000000
0.036223 -0.053799 0.558626 0.962725 0.202559 -0.179250 1.000000
0.037421 -0.062063 0.549852 0.070837 -0.262383 -0.962360 0.000000
0.036851 -0.051766 0.550494 0.573522 -0.805432 0.149505 0.000000
0.041445 -0.059226 0.552077 0.707020 0.147254 -0.691693 0.000000
0.038585 -0.061952 0.549461 0.270225 -0.105490 -0.957001 0.000000
0.038653 -0.051289 0.552503 0.172690 -0.982184 0.074110 0.000000
0.041925 -0.059406 0.552456 -0.634861 -0.214213 0.742337 0.000000
0.043883 -0.051119 0.557051 0.362545 -0.807393 0.465487 0.000000
0.034106 -0.058359 0.551421 0.921030 -0.019555 0.388999 0.000000
0.035193 -0.053443 0.562481 0.665291 -0.544537 0.510752 1.000000
0.041520 -0.050393 0.562466 0.419409 -0.844486 0.333075 1.000000
0.034850 -0.050626 0.558556 0.888452 -0.011174 -0.458833 1.000000
0.034679 -0.053189 0.563442 0.685806 -0.539057 0.488966 1.000000
0.034183 -0.053587 0.563634 0.744802 -0.524053 0.413084 1.000000
0.043531 -0.050826 0.558241 0.388373 -0.866024 0.314911 0.000000
0.044963 -0.060638 0.553969 0.349655 0.186804 -0.918066 0.000000
0.036155 -0.053921 0.558361 0.949207 0.233553 -0.210855 0.000000
0.035501 -0.055840 0.559531 0.640374 -0.545841 0.540351 1.000000
0.035739 -0.061386 0.549486 -0.549088 -0.454801 -0.701183 0.000000
0.033205 -0.057286 0.560788 0.809524 -0.493213 0.318452 1.000000
0.034816 -0.052118 0.553365 0.749044 -0.080791 0.657576 0.000000
0.036885 -0.058278 0.547996 -0.065728 0.015152 0.997723 0.000000
0.035775 -0.054115 0.557239 0.908326 0.266930 -0.322012 0.000000
0.036742 -0.051401 0.553347 0.130162 -0.827232 0.546575 0.000000
0.038841 -0.050932 0.558334 -0.336836 -0.941523 0.008671 1.000000
0.040517 -0.051213 0.553551 -0.407408 -0.912953 0.023139 0.000000
0.043025 -0.049338 0.561919 -0.647853 0.644049 -0.406802 1.000000
0.034658 -0.050486 0.554233 0.623038 -0.640723 0.448662 0.000000
0.034502 -0.052162 0.554507 0.990660 0.135446 -0.015704 0.000000
0.034228 -0.057250 0.551098 0.954388 -0.171065 0.244703 0.000000
0.034827 -0.055255 0.552440 0.986594 -0.162275 -0.017270 0.000000
0.044378 -0.056177 0.554514 -0.404073 -0.178636 0.897114 0.000000
0.034524 -0.057855 0.558743 0.649413 -0.313938 0.692608 1.000000
0.034867 -0.058860 0.558169 0.712574 -0.160610 0.682966 0.000000
0.037088 -0.052424 0.549722 -0.673920 0.529874 -0.514844 0.000000
0.035675 -0.053104 0.557942 0.891309 0.333012 -0.307686 0.000000
0.035293 -0.055435 0.560116 0.612677 -0.556891 0.560803 1.000000
0.035136 -0.049596 0.557982 -0.434857 0.900255 -0.020995 0.000000
0.043428 -0.057495 0.553809 -0.499444 -0.120821 0.857880 0.000000
0.042401 -0.062931 0.551280 -0.561477 -0.170953 0.809641 0.000000
0.035432 -0.053874 0.556465 0.909215 0.255603 -0.328626 0.000000
0.034861 -0.051323 0.557202 0.966489 0.210290 -0.147233 0.000000
0.035604 -0.054863 0.560344 0.688579 -0.501502 0.523789 1.000000
0.043132 -0.049858 0.561059 0.570859 -0.707119 0.417256 1.000000
0.034797 -0.051031 0.557143 0.991540 0.084811 -0.098259 0.000000
0.035291 -0.052096 0.558061 0.898723 0.312869 -0.307262 0.000000
0.044590 -0.060964 0.553795 0.446753 0.214555 -0.868549 0.000000
0.037291 -0.051575 0.551548 0.425566 -0.902825 -0.061646 0.000000
0.044275 -0.053750 0.555092 -0.221644 -0.389708 0.893869 0.000000
0.034464 -0.058951 0.551053 0.821149 0.027490 0.570052 0.000000
0.033367 -0.060162 0.552889 0.987821 -0.155049 0.012996 0.000000
0.034082 -0.053525 0.563894 0.785151 -0.462310 0.412077 1.000000
0.036553 -0.050046 0.559598 0.094848 -0.910887 -0.401608 1.000000
0.034525 -0.050658 0.556286 0.969122 -0.211039 -0.127532 0.000000
0.048480 -0.053218 0.555471 0.138401 -0.197554 0.970473 0.000000
0.035684 -0.053645 0.557346 0.903294 0.294955 -0.311547 0.000000
0.034441 -0.056638 0.552145 0.957709 -0.243877 -0.152702 0.000000
0.040052 -0.061209 0.550206 -0.540845 -0.168073 0.824159 0.000000
0.034602 -0.056090 0.560124 0.578782 -0.589493 0.563480 1.000000
0.033636 -0.059581 0.559271 0.743522 -0.064596 0.665584 1.000000
0.035998 -0.054079 0.557764 0.933522 0.239189 -0.267067 0.000000
0.033912 -0.059602 0.551623 0.877585 -0.025815 0.478726 0.000000
0.038416 -0.052239 0.548633 -0.041194 0.477187 -0.877836 0.000000
0.037312 -0.060863 0.549081 0.081560 -0.396640 -0.914344 0.000000
0.040288 -0.051302 0.559412 -0.192255 -0.979915 0.052958 1.000000
0.035524 -0.050648 0.563211 0.798787 -0.126997 0.588057 1.000000
0.047966 -0.052898 0.555626 0.113826 -0.200633 0.973031 0.000000
0.041335 -0.062481 0.550666 -0.534943 -0.113823 0.837186 0.000000
0.036511 -0.051910 0.550773 -0.685005 0.726500 -0.054458 0.000000
0.034095 -0.058786 0.551516 0.914324 -0.063795 0.399927 0.000000
0.043520 -0.058398 0.553737 -0.467949 -0.133417 0.873627 0.000000
0.043803 -0.053522 0.555055 -0.132059 -0.502660 0.854338 0.000000
0.035305 -0.059087 0.556203 0.865089 -0.428387 -0.260969 0.000000
0.032668 -0.058516 0.560395 0.866306 -0.272092 0.418903 1.000000
0.044396 -0.057920 0.554232 -0.365012 -0.142314 0.920061 0.000000
0.040769 -0.052743 0.552032 0.799531 0.177031 -0.573942 0.000000
0.034401 -0.050749 0.555160 0.948866 -0.314728 0.024502 0.000000
0.041189 -0.051602 0.557340 -0.179508 -0.983703 -0.010259 0.000000
0.035460 -0.058221 0.550090 0.762259 -0.049051 0.645411 0.000000
0.043938 -0.058851 0.553880 -0.411508 -0.146646 0.899531 0.000000
0.045986 -0.052477 0.555706 -0.047599 -0.238423 0.969994 0.000000
0.035490 -0.051399 0.553107 0.174713 -0.502420 0.846788 0.000000
0.040318 -0.051259 0.560097 -0.110401 -0.987831 0.109548 1.000000
0.034166 -0.057618 0.551839 0.982535 -0.185628 0.012932 0.000000
0.036283 -0.055484 0.558236 0.973046 -0.175986 0.149034 0.000000
0.041819 -0.054229 0.553088 0.772514 0.164137 -0.613418 0.000000
0.036699 -0.057622 0.548037 0.001425 -0.201814 0.979423 0.000000
0.046549 -0.049705 0.556551 0.544947 -0.551668 0.631423 0.000000
0.035083 -0.049900 0.558736 0.551834 -0.470927 -0.688263 1.000000
0.046227 -0.056869 0.554892 -0.136334 -0.203180 0.969604 0.000000
0.036319 -0.053701 0.560103 0.890036 -0.380128 0.251670 1.000000
0.041534 -0.058264 0.552287 0.751769 0.016680 -0.659216 0.000000
0.044794 -0.050792 0.556888 0.347858 -0.756750 0.553465 0.000000
0.033649 -0.055721 0.562103 0.905426 -0.371229 0.205896 1.000000
0.036403 -0.050817 0.554390 -0.039539 -0.906496 0.420360 0.000000
0.036035 -0.053143 0.561626 0.743957 -0.483725 0.461019 1.000000
0.036300 -0.051776 0.562100 0.811500 -0.196314 0.550389 1.000000
0.046130 -0.050976 0.556071 0.280893 -0.372029 0.884700 0.000000
0.034559 -0.051112 0.556062 0.985797 0.036158 -0.164001 0.000000
0.033834 -0.058891 0.552491 0.935635 -0.351117 0.036110 0.000000
0.034533 -0.060702 0.557651 0.716834 -0.682597 0.142166 0.000000
0.034290 -0.052927 0.564182 0.731051 -0.481310 0.483636 1.000000
0.034589 -0.052074 0.555043 0.982212 0.150235 -0.112647 0.000000
0.045872 -0.053662 0.555453 -0.117096 -0.169797 0.978498 0.000000
0.034712 -0.055374 0.560755 0.601229 -0.597738 0.530314 1.000000
0.035496 -0.059421 0.556907 0.905909 -0.420337 -0.051443 0.000000
0.043164 -0.052541 0.555675 -0.153436 -0.616044 0.772623 0.000000
0.035068 -0.052733 0.556346 0.933070 0.252771 -0.255904 0.000000
0.043054 -0.050157 0.560651 0.504474 -0.779591 0.371137 1.000000
0.041382 -0.051875 0.554415 0.757183 0.642829 -0.115950 0.000000
0.035927 -0.050389 0.562505 0.657900 -0.191892 0.728247 1.000000
0.036210 -0.055977 0.549370 0.725526 -0.424635 0.541570 0.000000
0.039373 -0.050978 0.555874 -0.129350 -0.991451 -0.017149 0.000000
0.035109 -0.059263 0.549973 0.921466 -0.047894 0.385494 0.000000
0.042383 -0.051081 0.558983 0.354627 -0.896541 0.265433 1.000000
0.034965 -0.053978 0.562119 0.610042 -0.604141 0.512701 1.000000
0.047289 -0.056900 0.554964 0.046989 0.191110 -0.980443 0.000000
0.036644 -0.052936 0.560808 0.915952 -0.333480 0.223209 1.000000
0.033901 -0.056187 0.560951 0.735843 -0.529904 0.421587 1.000000
0.041880 -0.050740 0.560899 0.428304 -0.859092 0.280210 1.000000
0.039914 -0.051130 0.560527 -0.154243 -0.983236 0.097238 1.000000
0.035016 -0.054706 0.552494 0.968643 -0.200506 0.146728 0.000000
0.045119 -0.055665 0.554955 -0.312837 -0.196636 0.929229 0.000000
0.036635 -0.058073 0.547870 0.051235 -0.059771 0.996896 0.000000
0.035042 -0.060181 0.550395 0.888709 -0.086649 0.450210 0.000000
0.032851 -0.058289 0.560126 0.787062 -0.322781 0.525686 1.000000
0.043459 -0.059053 0.553603 -0.467563 -0.157505 0.869814 0.000000
0.036759 -0.050377 0.555354 -0.100667 -0.965697 0.239365 0.000000
0.040783 -0.054606 0.550762 0.920575 0.208879 -0.330018 0.000000
0.036653 -0.050417 0.560206 0.357853 -0.800871 -0.480153 1.000000
0.041098 -0.051059 0.560946 0.242715 -0.946701 0.211771 1.000000
0.045391 -0.056024 0.554954 -0.261212 -0.202668 0.943766 0.000000
0.039767 -0.051154 0.558353 -0.267401 -0.963255 0.025212 1.000000
0.033893 -0.060363 0.551902 0.884130 -0.042043 0.465346 0.000000
0.046645 -0.052821 0.555708 -0.043840 -0.185752 0.981618 0.000000
0.043247 -0.049401 0.561549 0.642817 -0.622586 0.446288 1.000000
0.033578 -0.055561 0.563518 0.969240 -0.215958 0.118050 1.000000
0.041143 -0.051462 0.554652 -0.636683 -0.763841 0.105740 0.000000
0.039179 -0.060393 0.549773 -0.556752 -0.046614 0.829370 0.000000
0.039742 -0.050730 0.563058 0.120185 0.968625 -0.217533 1.000000
0.036210 -0.053493 0.560777 0.829765 -0.467320 0.305126 1.000000
0.034454 -0.056652 0.559688 0.597380 -0.549827 0.583804 1.000000
0.035484 -0.058313 0.555734 0.913315 -0.317670 -0.254837 0.000000
0.035316 -0.054005 0.561640 0.646211 -0.579535 0.496539 1.000000
0.047967 -0.052102 0.555767 -0.096379 0.155189 -0.983172 0.000000
0.039791 -0.050768 0.562861 -0.079424 -0.972086 0.220775 1.000000
0.043044 -0.061641 0.552297 -0.642612 -0.377435 0.666778 0.000000
0.034351 -0.053609 0.563435 0.708964 -0.564702 0.422471 1.000000
0.038645 -0.050966 0.559710 -0.316566 -0.948424 -0.016684 1.000000
0.040345 -0.051160 0.560947 -0.025322 -0.987712 0.154222 1.000000
0.033841 -0.060701 0.552012 0.893178 -0.001284 0.449701 0.000000
0.034988 -0.059727 0.550354 0.875031 -0.057265 0.480668 0.000000
0.040454 -0.051533 0.551918 0.667411 0.520105 -0.532966 0.000000
0.038568 -0.062621 0.549790 0.261160 -0.100350 -0.960065 0.000000
0.041898 -0.051449 0.558438 0.217088 -0.951971 0.215928 1.000000
0.040155 -0.052433 0.551359 0.829444 0.320420 -0.457551 0.000000
0.035056 -0.051022 0.553551 0.372618 -0.569469 0.732707 0.000000
0.034470 -0.060159 0.556569 0.678770 -0.664233 -0.313153 0.000000
0.033423 -0.056698 0.561261 0.836694 -0.495542 0.233198 1.000000
0.034074 -0.060291 0.555565 0.708945 -0.664919 -0.235116 0.000000
0.036233 -0.053311 0.559523 0.971701 0.000290 -0.236214 1.000000
0.033506 -0.055964 0.563717 0.970960 -0.221226 0.091080 1.000000
0.035445 -0.054341 0.561126 0.670824 -0.554154 0.492857 1.000000
0.041100 -0.054013 0.552105 0.837361 0.196116 -0.510260 0.000000
0.043790 -0.060503 0.553531 -0.473861 -0.201492 0.857238 0.000000
0.039557 -0.051033 0.552233 0.051135 -0.996818 0.061146 0.000000
0.046648 -0.057914 0.554736 0.136450 0.179063 -0.974329 0.000000
0.045678 -0.049550 0.557946 0.666476 -0.665232 0.336565 0.000000
0.040158 -0.059736 0.550527 -0.648690 -0.049177 0.759462 0.000000
0.038617 -0.051386 0.549219 -0.136052 -0.838479 0.527677 0.000000
0.044342 -0.050247 0.558829 0.417069 -0.859439 0.295666 1.000000
0.045411 -0.051315 0.556291 0.292015 -0.501476 0.814401 0.000000
0.040815 -0.059049 0.551232 0.802789 0.009514 -0.596187 0.000000
0.042938 -0.056288 0.553762 -0.574313 -0.128361 0.808510 0.000000
0.041786 -0.056828 0.552442 0.789220 0.006200 -0.614079 0.000000
0.044736 -0.052085 0.555866 0.099494 -0.502875 0.858614 0.000000
0.034319 -0.058149 0.558844 0.666549 -0.238438 0.706300 1.000000
0.039061 -0.060072 0.549711 -0.581829 -0.034126 0.812595 0.000000
0.035195 -0.058784 0.549563 0.925501 -0.115732 0.360630 0.000000
0.042977 -0.057041 0.553606 -0.597954 -0.114214 0.793352 0.000000
0.034831 -0.059268 0.550491 0.843195 -0.019913 0.537238 0.000000
0.035990 -0.055222 0.559608 0.768186 -0.448043 0.457326 1.000000
0.033353 -0.057837 0.559998 0.703810 -0.426465 0.568136 1.000000
0.035016 -0.059255 0.555759 0.780862 -0.545559 -0.304336 0.000000
0.041672 -0.052671 0.553070 0.852288 0.275404 -0.444699 0.000000
0.041875 -0.053306 0.553246 0.823258 0.276244 -0.495918 0.000000
0.035053 -0.050083 0.555677 0.125075 -0.984233 0.125065 0.000000
0.037961 -0.051291 0.550614 0.190484 -0.980878 0.039923 0.000000
0.037939 -0.050613 0.560486 -0.237197 -0.971239 0.020811 1.000000
0.047899 -0.054276 0.555319 0.109845 -0.171069 0.979117 0.000000
0.043718 -0.057908 0.553892 -0.435008 -0.131571 0.890762 0.000000
0.040481 -0.062071 0.550205 -0.513187 -0.135692 0.847483 0.000000
0.044264 -0.055122 0.554651 -0.430018 -0.210783 0.877869 0.000000
0.035227 -0.057823 0.554494 0.884595 -0.193200 -0.424458 0.000000
0.034577 -0.050331 0.554902 0.707576 -0.664409 0.240618 0.000000
0.043270 -0.049068 0.562164 -0.669313 0.605214 -0.430970 1.000000
0.042790 -0.062421 0.551623 -0.601769 -0.282888 0.746892 0.000000
0.035280 -0.050624 0.554104 0.116890 -0.797204 0.592285 0.000000
0.045783 -0.057067 0.554782 -0.175068 -0.195169 0.965018 0.000000
0.043512 -0.054428 0.554429 -0.349308 -0.425902 0.834620 0.000000
0.036324 -0.053979 0.559978 0.905843 -0.362036 0.219949 1.000000
0.033796 -0.053751 0.564113 0.838046 -0.417098 0.351722 1.000000
0.046576 -0.050958 0.555999 0.180356 -0.326110 0.927968 0.000000
0.045433 -0.049356 0.559346 0.723303 -0.547421 0.420907 1.000000
0.035052 -0.059052 0.557909 0.784638 -0.179096 0.593522 0.000000
0.040386 -0.054546 0.549663 0.919729 0.107675 -0.377499 0.000000
0.041747 -0.057782 0.552493 0.743845 0.001102 -0.668351 0.000000
0.035741 -0.058054 0.556597 0.979773 -0.187548 -0.069784 0.000000
0.034992 -0.057843 0.554127 0.860618 -0.204811 -0.466251 0.000000
0.041741 -0.054561 0.552863 0.778230 0.162473 -0.606598 0.000000
0.033663 -0.055901 0.561740 0.869259 -0.424495 0.253361 1.000000
0.038769 -0.051026 0.553642 0.058950 -0.985070 0.161747 0.000000
0.036342 -0.049897 0.558578 -0.192546 -0.974907 -0.111722 1.000000
0.037467 -0.050271 0.562216 -0.073628 -0.822133 0.564514 1.000000
0.040181 -0.058347 0.550182 0.709775 -0.136361 -0.691104 0.000000
0.041398 -0.055811 0.551807 0.881613 0.075160 -0.465949 0.000000
0.035659 -0.054465 0.556658 0.909033 0.232994 -0.345504 0.000000
0.035990 -0.056760 0.557928 0.897264 -0.385172 0.215779 0.000000
0.033775 -0.060773 0.555780 0.696355 -0.671873 -0.252340 0.000000
0.034007 -0.059966 0.554291 0.712394 -0.608755 -0.349158 0.000000
0.033313 -0.060093 0.553220 0.970698 -0.223962 -0.087100 0.000000
0.034087 -0.058024 0.551486 0.973692 -0.064797 0.218461 0.000000
0.033663 -0.060681 0.555410 0.703578 -0.675591 -0.220354 0.000000
