0.128688 0.011573 0.554473 0.006335 0.002331 0.999977 0.000000
0.131262 0.009096 0.554452 0.035463 0.027157 0.999002 0.000000
0.130325 0.004838 0.554371 -0.053994 -0.025626 0.998212 0.000000
0.126393 0.007489 0.554257 -0.043908 -0.040577 0.998211 0.000000
0.128378 0.006118 0.554327 -0.055177 -0.030377 0.998014 0.000000
0.127307 0.006779 0.554275 -0.057083 -0.032514 0.997840 0.000000
0.129226 0.005262 0.554347 -0.039003 -0.035514 0.998608 0.000000
0.128827 0.005575 0.554334 -0.038965 -0.035561 0.998608 0.000000
0.129513 0.009380 0.554456 -0.017453 0.015043 0.999735 0.000000
0.130375 0.008929 0.554466 0.018633 0.010650 0.999770 0.000000
0.130759 0.008475 0.554461 0.014799 -0.000086 0.999890 0.000000
0.130573 0.003654 0.554367 -0.049996 -0.030454 0.998285 0.000000
0.124198 0.008612 0.554261 -0.016501 -0.068378 0.997523 0.000000
0.125949 0.006877 0.554221 -0.047284 -0.037920 0.998161 0.000000
0.125538 0.007260 0.554219 -0.040190 -0.044762 0.998189 0.000000
0.126715 0.006041 0.554236 -0.055978 -0.023242 0.998161 0.000000
0.128681 0.004276 0.554280 -0.043595 -0.037227 0.998355 0.000000
0.130444 0.007576 0.554460 -0.003368 -0.006263 0.999975 0.000000
0.124201 0.007052 0.554157 -0.030221 -0.056415 0.997950 0.000000
0.123638 0.007574 0.554164 0.025775 0.062419 -0.997717 0.000000
0.126910 0.004984 0.554232 -0.052493 -0.032426 0.998095 0.000000
0.133587 0.010967 0.554317 0.053637 0.007577 0.998532 0.000000
0.123609 0.006457 0.554123 0.042154 0.056478 -0.997514 0.000000
0.128652 0.002930 0.554237 -0.042371 -0.044928 0.998091 0.000000
0.129869 0.006767 0.554417 -0.029665 -0.038679 0.998811 0.000000
0.123417 0.006899 0.554119 0.028629 0.057584 -0.997930 0.000000
0.134395 0.004102 0.554332 0.072744 -0.017397 0.997199 0.000000
0.126756 0.003858 0.554163 -0.053279 -0.040855 0.997744 0.000000
0.124305 0.005560 0.554085 -0.047308 -0.043504 0.997933 0.000000
0.133567 0.003941 0.554399 0.039625 -0.012258 0.999139 0.000000
0.126272 0.004262 0.554160 -0.054408 -0.039419 0.997740 0.000000
0.127872 0.002707 0.554183 -0.048890 -0.042173 0.997913 0.000000
0.126937 0.003163 0.554150 -0.056810 -0.030143 0.997930 0.000000
0.127658 0.006802 0.554304 -0.063740 -0.036146 0.997312 0.000000
0.130099 0.005215 0.554365 -0.048240 -0.031566 0.998337 0.000000
0.128435 0.010735 0.554440 0.006800 -0.011878 0.999906 0.000000
0.123064 0.004808 0.553970 0.067061 0.048175 -0.996585 0.000000
0.126455 0.001196 0.554025 -0.040719 -0.067438 0.996892 0.000000
0.132117 0.001542 0.554326 -0.026231 -0.010597 0.999600 0.000000
0.126309 0.009430 0.554367 -0.034268 -0.053462 0.997982 0.000000
0.131570 0.007139 0.554454 0.011840 0.004878 0.999918 0.000000
0.125443 0.004722 0.554122 -0.059102 -0.028014 0.997859 0.000000
0.131267 0.000743 0.554302 0.040974 0.027872 -0.998771 0.000000
0.131766 0.000451 0.554310 0.031478 0.017321 -0.999354 0.000000
0.127502 0.006164 0.554265 -0.056720 -0.022182 0.998144 0.000000
0.123783 0.007095 0.554145 0.026770 0.057530 -0.997985 0.000000
0.126393 0.005738 0.554206 -0.060243 -0.023688 0.997903 0.000000
0.129641 0.004089 0.554308 -0.050601 -0.030713 0.998247 0.000000
0.123378 0.005994 0.554061 0.044831 0.055062 -0.997476 0.000000
0.123833 0.005708 0.554072 -0.048414 -0.053301 0.997404 0.000000
0.126230 0.003798 0.554132 -0.051857 -0.037977 0.997932 0.000000
0.127942 0.000346 0.554039 0.057544 0.057402 -0.996691 0.000000
0.128521 0.000278 0.554055 0.066842 0.055964 -0.996193 0.000000
0.128819 0.007382 0.554406 -0.053220 -0.039381 0.997806 0.000000
0.132591 0.007775 0.554426 0.078472 0.035743 0.996275 0.000000
0.126818 0.002732 0.554137 -0.050595 -0.034820 0.998112 0.000000
0.126989 0.002280 0.554138 -0.047203 -0.054781 0.997382 0.000000
0.127527 0.011384 0.554425 -0.027357 0.006938 0.999602 0.000000
0.126766 0.001709 0.554070 -0.043074 -0.069024 0.996685 0.000000
0.126846 0.001051 0.554033 -0.042194 -0.066601 0.996887 0.000000
0.127945 0.006517 0.554317 -0.061558 -0.031935 0.997593 0.000000
0.128950 0.001496 0.554172 -0.069405 -0.053764 0.996139 0.000000
0.125724 0.003341 0.554081 -0.061100 -0.034409 0.997538 0.000000
0.126782 0.000379 0.553986 -0.041012 -0.062882 0.997178 0.000000
0.127922 0.005841 0.554300 -0.056407 -0.026062 0.998068 0.000000
0.126089 0.002101 0.554074 -0.049507 -0.049867 0.997528 0.000000
0.128641 0.002556 0.554198 -0.046202 -0.049331 0.997713 0.000000
0.126142 0.001584 0.554034 -0.042117 -0.064639 0.997020 0.000000
0.126542 -0.000204 0.553946 0.040999 0.059682 -0.997375 0.000000
0.128450 0.001268 0.554136 -0.064872 -0.056509 0.996292 0.000000
0.125935 0.001063 0.553998 0.044341 0.062565 -0.997055 0.000000
0.125329 0.002467 0.554031 -0.067137 -0.040406 0.996925 0.000000
0.125159 0.003322 0.554052 -0.063107 -0.040444 0.997187 0.000000
0.125902 0.000527 0.553966 0.042093 0.061986 -0.997189 0.000000
0.127166 0.006171 0.554257 -0.058241 -0.022442 0.998050 0.000000
0.124885 0.002819 0.554010 -0.074480 -0.040309 0.996408 0.000000
0.126775 0.005534 0.554227 -0.057185 -0.026569 0.998010 0.000000
0.124330 0.002087 0.553945 0.077829 0.044661 -0.995966 0.000000
0.123307 0.004916 0.553994 0.063621 0.047686 -0.996834 0.000000
0.125492 0.007901 0.554227 -0.032283 -0.050721 0.998191 0.000000
0.123671 0.003292 0.553943 -0.074021 -0.048049 0.996099 0.000000
0.123179 0.004339 0.553951 0.070546 0.046527 -0.996423 0.000000
0.125724 0.006293 0.554176 -0.056224 -0.034579 0.997819 0.000000
0.125799 0.005737 0.554160 -0.059727 -0.026809 0.997855 0.000000
0.123602 0.002520 0.553901 0.076754 0.047972 -0.995895 0.000000
0.123100 0.003351 0.553902 0.075871 0.048473 -0.995939 0.000000
0.125262 0.006694 0.554166 -0.043610 -0.045573 0.998009 0.000000
0.125063 0.008225 0.554239 -0.019456 -0.063402 0.997798 0.000000
0.122882 0.003942 0.553907 0.071472 0.047646 -0.996304 0.000000
0.125118 0.007570 0.554209 -0.030607 -0.054256 0.998058 0.000000
0.124544 0.008980 0.554297 -0.012683 -0.065290 0.997786 0.000000
0.124914 0.007124 0.554178 -0.033682 -0.050910 0.998135 0.000000
0.124211 0.011182 0.554347 0.012992 0.002485 -0.999913 0.000000
0.124359 0.007665 0.554193 -0.028491 -0.062330 0.997649 0.000000
0.124442 0.006878 0.554148 -0.031236 -0.052363 0.998139 0.000000
0.124344 0.006324 0.554111 -0.033069 -0.048638 0.998269 0.000000
0.125128 0.001226 0.553960 0.065394 0.057125 -0.996223 0.000000
0.124210 0.005876 0.554089 -0.040133 -0.051113 0.997886 0.000000
0.139435 0.011189 0.552106 0.024832 -0.013864 0.999595 0.000000
0.139002 0.011395 0.552139 0.141300 -0.054266 0.988478 0.000000
0.138545 0.011554 0.552236 0.387714 -0.050731 0.920383 0.000000
0.138987 0.010868 0.552124 0.146962 -0.026395 0.988790 0.000000
0.139322 0.010594 0.552117 0.040795 0.004135 0.999159 0.000000
0.138384 0.011197 0.552280 0.454621 -0.033675 0.890048 0.000000
0.138063 0.011199 0.552535 0.554619 -0.021374 0.831830 0.000000
0.139013 0.010316 0.552148 0.159530 0.023287 0.986918 0.000000
0.138502 0.010517 0.552166 0.364702 -0.011856 0.931049 0.000000
0.137856 0.011484 0.552760 0.635479 -0.015302 0.771967 0.000000
0.137994 0.010615 0.552546 0.543896 -0.029274 0.838642 0.000000
0.139374 0.009472 0.552136 0.004824 -0.000533 0.999988 0.000000
0.138970 0.009757 0.552153 0.160891 0.012101 0.986898 0.000000
0.137579 0.011310 0.552988 0.697943 -0.034408 0.715326 0.000000
0.138328 0.010766 0.552296 0.443015 -0.010065 0.896458 0.000000
0.139397 0.008878 0.552147 -0.016843 -0.013861 0.999762 0.000000
0.137607 0.010569 0.552914 0.642123 -0.082526 0.762147 0.000000
0.138843 0.009308 0.552133 0.221716 0.004530 0.975101 0.000000
0.136887 0.011244 0.553724 0.552900 -0.140051 0.821393 0.000000
0.138267 0.010232 0.552343 0.408425 -0.010132 0.912736 0.000000
0.138586 0.008898 0.552137 0.293327 0.009003 0.955970 0.000000
0.138714 0.008193 0.552136 0.281062 0.059872 0.957820 0.000000
0.137814 0.010965 0.552729 0.641512 -0.037118 0.766214 0.000000
0.137017 0.011142 0.553576 0.588412 -0.138822 0.796555 0.000000
0.138076 0.009035 0.552422 0.493466 -0.012642 0.869673 0.000000
0.136608 0.011373 0.553873 0.487282 -0.128893 0.863680 0.000000
0.137243 0.011535 0.553378 0.696503 -0.049624 0.715836 0.000000
0.138329 0.009397 0.552257 0.384949 -0.028179 0.922507 0.000000
0.138842 0.008435 0.552088 0.174132 0.027901 0.984327 0.000000
0.137929 0.010057 0.552602 0.539253 -0.053009 0.840474 0.000000
0.137787 0.010478 0.552733 0.610401 -0.059469 0.789857 0.000000
0.137410 0.010874 0.553098 0.673042 -0.104623 0.732167 0.000000
0.139244 0.007069 0.552117 0.026575 -0.008327 0.999612 0.000000
0.138410 0.008529 0.552208 0.365831 0.041203 0.929769 0.000000
0.138634 0.007563 0.552222 0.291777 0.042517 0.955541 0.000000
0.139877 0.006898 0.552176 -0.061125 0.008361 0.998095 0.000000
0.137998 0.009544 0.552491 0.525687 -0.039390 0.849765 0.000000
0.138994 0.007964 0.552129 0.139684 0.044950 0.989175 0.000000
0.138743 0.007139 0.552209 0.277597 -0.016491 0.960556 0.000000
0.139161 0.006534 0.552124 0.086089 -0.009633 0.996241 0.000000
0.137631 0.009677 0.552797 0.571348 -0.081139 0.816687 0.000000
0.138902 0.007415 0.552152 0.165924 0.005674 0.986122 0.000000
0.137290 0.010354 0.553138 0.617640 -0.146321 0.772730 0.000000
0.136422 0.010770 0.553816 0.407171 -0.194979 0.892298 0.000000
0.137246 0.008954 0.552968 0.548584 -0.036205 0.835311 0.000000
0.138846 0.006808 0.552153 0.230850 -0.061408 0.971050 0.000000
0.136142 0.011201 0.554008 0.278912 -0.123395 0.952356 0.000000
0.138380 0.007275 0.552384 0.489586 0.041276 0.870977 0.000000
0.137771 0.009205 0.552641 0.542683 -0.035243 0.839198 0.000000
0.138137 0.008181 0.552367 0.459441 0.067384 0.885649 0.000000
0.136943 0.010675 0.553479 0.544901 -0.175483 0.819932 0.000000
0.136962 0.009831 0.553293 0.553775 -0.127200 0.822894 0.000000
0.137651 0.008376 0.552719 0.560651 0.076275 0.824531 0.000000
0.138225 0.007653 0.552366 0.517114 0.071922 0.852890 0.000000
0.138771 0.006327 0.552164 0.269726 -0.059853 0.961075 0.000000
0.137807 0.008654 0.552606 0.544731 0.022699 0.838304 0.000000
0.137190 0.009799 0.553113 0.561497 -0.115789 0.819338 0.000000
0.138084 0.007065 0.552599 0.600178 0.040205 0.798855 0.000000
0.137907 0.007669 0.552644 0.595243 0.151393 0.789155 0.000000
0.136942 0.010159 0.553346 0.541320 -0.175620 0.822271 0.000000
0.138393 0.006917 0.552323 0.454566 -0.010428 0.890652 0.000000
0.137450 0.009076 0.552834 0.546424 -0.042903 0.836409 0.000000
0.137315 0.008057 0.552933 0.561875 0.144964 0.814421 0.000000
0.138688 0.010173 0.552162 0.246345 -0.006710 0.969159 0.000000
0.136462 0.009784 0.553608 0.474615 -0.123885 0.871432 0.000000
0.137783 0.008037 0.552620 0.552232 0.129447 0.823579 0.000000
0.138075 0.007380 0.552558 0.584046 0.108897 0.804382 0.000000
0.137930 0.007340 0.552716 0.600175 0.141673 0.787222 0.000000
0.136527 0.010275 0.553643 0.443577 -0.194380 0.874903 0.000000
0.137406 0.008564 0.552843 0.551473 0.063664 0.831760 0.000000
0.138643 0.006759 0.552206 0.355045 -0.038852 0.934041 0.000000
0.135972 0.010291 0.553884 0.357385 -0.167258 0.918858 0.000000
0.139157 0.004883 0.552080 0.059783 0.014259 0.998110 0.000000
0.137526 0.008104 0.552801 0.571230 0.140230 0.808722 0.000000
0.138798 0.005312 0.552112 0.236492 -0.024993 0.971312 0.000000
0.138099 0.006587 0.552486 0.663391 -0.000389 0.748272 0.000000
0.135966 0.010770 0.553994 0.269495 -0.137677 0.953109 0.000000
0.136825 0.009324 0.553200 0.551437 -0.087833 0.829579 0.000000
0.137201 0.007544 0.553230 0.582972 0.276735 0.763911 0.000000
0.138352 0.005983 0.552256 0.508399 -0.055005 0.859363 0.000000
0.137000 0.008970 0.553080 0.556891 -0.031746 0.829979 0.000000
0.137531 0.007681 0.552929 0.597040 0.209636 0.774336 0.000000
0.140375 0.007201 0.552248 -0.071195 0.006504 0.997441 0.000000
0.138434 0.005603 0.552228 0.400447 -0.027435 0.915909 0.000000
0.137737 0.007181 0.552909 0.647900 0.182314 0.739586 0.000000
0.137894 0.006780 0.552762 0.704580 0.070510 0.706113 0.000000
0.139371 0.005414 0.552097 -0.043355 -0.012871 0.998977 0.000000
0.137514 0.006897 0.553175 0.705892 0.173937 0.686631 0.000000
0.137464 0.007330 0.553135 0.608724 0.226146 0.760469 0.000000
0.138630 0.004855 0.552114 0.291722 0.003024 0.956498 0.000000
0.137903 0.006116 0.552693 0.735119 -0.018612 0.677682 0.000000
0.136194 0.009871 0.553736 0.416370 -0.146351 0.897339 0.000000
0.137065 0.008217 0.553054 0.543748 0.144015 0.826800 0.000000
0.137052 0.006860 0.553655 0.593372 0.300757 0.746629 0.000000
0.136693 0.008875 0.553256 0.537208 -0.021731 0.843170 0.000000
0.135861 0.009600 0.553840 0.355679 -0.125293 0.926172 0.000000
0.137755 0.006463 0.552918 0.770903 0.067401 0.633376 0.000000
0.137497 0.006427 0.553315 0.771416 0.175633 0.611612 0.000000
0.136216 0.008628 0.553645 0.448216 0.060968 0.891844 0.000000
0.137965 0.005403 0.552650 0.760376 -0.016418 0.649276 0.000000
0.137822 0.005724 0.552868 0.834332 0.013991 0.551084 0.000000
0.137531 0.006033 0.553414 0.830724 0.111477 0.545409 0.000000
0.137719 0.006767 0.552974 0.719661 0.121814 0.683556 0.000000
0.136950 0.007274 0.553509 0.569162 0.304145 0.763905 0.000000
0.138121 0.005107 0.552426 0.692072 0.002321 0.721825 0.000000
0.136808 0.007852 0.553352 0.553228 0.245148 0.796142 0.000000
0.137278 0.005925 0.553854 0.691281 0.148191 0.707227 0.000000
0.139770 0.010796 0.552153 -0.005672 0.012693 0.999903 0.000000
0.139440 0.002863 0.552228 -0.034431 0.055728 0.997852 0.000000
0.138712 0.004072 0.552091 0.248030 0.056788 0.967087 0.000000
0.137248 0.006542 0.553614 0.664006 0.221648 0.714121 0.000000
0.137625 0.005651 0.553242 0.861820 0.041846 0.505485 0.000000
0.137669 0.005184 0.553166 0.863715 -0.011830 0.503841 0.000000
0.135820 0.009050 0.553818 0.328496 -0.027343 0.944109 0.000000
0.136289 0.008107 0.553652 0.451559 0.209127 0.867387 0.000000
0.137832 0.005215 0.552834 0.823632 -0.006884 0.567083 0.000000
0.137980 0.004731 0.552608 0.735420 -0.030969 0.676903 0.000000
0.137127 0.006134 0.553884 0.600018 0.160625 0.783695 0.000000
0.137390 0.005437 0.553730 0.791393 0.026589 0.610729 0.000000
0.138940 0.003397 0.552152 0.147119 0.072278 0.986474 0.000000
0.138361 0.003988 0.552197 0.454468 0.028805 0.890297 0.000000
0.136501 0.007330 0.553811 0.510976 0.312444 0.800801 0.000000
0.135807 0.008242 0.553773 0.334021 0.209103 0.919079 0.000000
0.136464 0.008192 0.553517 0.483323 0.197462 0.852882 0.000000
0.139450 0.004004 0.552163 -0.092812 0.037702 0.994970 0.000000
0.138116 0.004318 0.552423 0.652239 -0.005460 0.757994 0.000000
0.137739 0.004780 0.553008 0.857137 -0.033030 0.514029 0.000000
0.137967 0.004322 0.552620 0.761388 -0.039453 0.647095 0.000000
0.137394 0.005062 0.553749 0.776193 -0.035633 0.629488 0.000000
0.138476 0.003459 0.552168 0.360363 0.065208 0.930530 0.000000
0.136895 0.006579 0.553901 0.522468 0.258199 0.812626 0.000000
0.136132 0.007399 0.554004 0.357028 0.308894 0.881541 0.000000
0.138354 0.004953 0.552209 0.473838 -0.005893 0.880592 0.000000
0.137535 0.004847 0.553456 0.841078 -0.021659 0.540480 0.000000
0.138841 0.004516 0.552083 0.158336 0.042139 0.986486 0.000000
0.136261 0.007721 0.553792 0.456961 0.283917 0.842958 0.000000
0.138852 0.002876 0.552162 0.212517 0.056665 0.975513 0.000000
0.135905 0.008528 0.553678 0.342065 0.048172 0.938441 0.000000
0.137594 0.004446 0.553227 0.863226 -0.029988 0.503925 0.000000
0.137254 0.009398 0.552983 0.557106 -0.083414 0.826241 0.000000
0.138130 0.003563 0.552375 0.625724 0.023335 0.779696 0.000000
0.137825 0.003995 0.552772 0.813088 -0.044262 0.580456 0.000000
0.135069 0.009254 0.554007 0.215688 -0.060336 0.974596 0.000000
0.137346 0.004601 0.553822 0.761261 -0.030033 0.647749 0.000000
0.135413 0.007973 0.554006 0.226120 0.235281 0.945258 0.000000
0.138570 0.002585 0.552236 0.383926 0.068554 0.920816 0.000000
0.135270 0.008437 0.553904 0.271864 0.086429 0.958447 0.000000
0.137325 0.004144 0.553800 0.753608 -0.036854 0.656290 0.000000
0.137463 0.004060 0.553456 0.825586 -0.047832 0.562246 0.000000
0.136059 0.006701 0.554229 0.290552 0.207491 0.934092 0.000000
0.137703 0.003653 0.552965 0.844773 -0.012979 0.534967 0.000000
0.136220 0.007105 0.554036 0.348873 0.292120 0.890480 0.000000
0.135823 0.007756 0.553978 0.298880 0.269109 0.915560 0.000000
0.138528 0.001707 0.552298 -0.477451 -0.172533 -0.861553 0.000000
0.136913 0.004678 0.554146 0.408520 -0.069314 0.910114 0.000000
0.137910 0.003226 0.552604 0.714462 0.056870 0.697359 0.000000
0.134967 0.009623 0.554022 0.194464 -0.079618 0.977673 0.000000
0.141184 0.004102 0.552397 -0.061498 0.030887 0.997629 0.000000
0.137521 0.003588 0.553365 0.842643 0.003303 0.538462 0.000000
0.137208 0.003832 0.553908 0.646212 -0.069823 0.759957 0.000000
0.138087 0.003004 0.552461 0.686723 0.066639 0.723858 0.000000
0.138057 0.005679 0.552483 0.703196 -0.018176 0.710764 0.000000
0.139748 0.009395 0.552189 -0.053270 0.003279 0.998575 0.000000
0.137718 0.003167 0.552968 0.841414 0.036625 0.539148 0.000000
0.135092 0.007786 0.554152 0.160485 0.200761 0.966405 0.000000
0.138036 0.002556 0.552544 0.720463 0.087411 0.687962 0.000000
0.137654 0.006068 0.553115 0.824551 0.088441 0.558832 0.000000
0.137520 0.003126 0.553419 0.804970 -0.011502 0.593204 0.000000
0.138222 0.001831 0.552489 0.595168 0.176489 0.783982 0.000000
0.137778 0.002698 0.552935 0.812480 0.090203 0.575969 0.000000
0.139973 0.008902 0.552218 -0.083526 0.009181 0.996463 0.000000
0.134786 0.008516 0.554009 0.232576 0.062804 0.970548 0.000000
0.137116 0.003509 0.553915 0.527803 -0.024128 0.849024 0.000000
0.137345 0.003500 0.553706 0.681722 -0.029809 0.731004 0.000000
0.137862 0.002213 0.552902 0.794763 0.123850 0.594149 0.000000
0.138082 0.003961 0.552475 0.661991 -0.016844 0.749322 0.000000
0.136496 0.009403 0.553457 0.493897 -0.081815 0.865663 0.000000
0.137618 0.002388 0.553323 0.780386 0.073013 0.621021 0.000000
0.137420 0.002738 0.553584 0.748683 0.013819 0.662784 0.000000
0.137943 0.001757 0.552907 0.760292 0.141647 0.633949 0.000000
0.134726 0.007809 0.554149 0.150158 0.188843 0.970459 0.000000
0.137640 0.002784 0.553240 0.841688 0.076213 0.534558 0.000000
0.134310 0.008493 0.554142 0.157690 0.038926 0.986721 0.000000
0.134181 0.008945 0.554190 0.160821 -0.032185 0.986459 0.000000
0.138046 0.002091 0.552635 0.718897 0.126538 0.683503 0.000000
0.137526 0.002025 0.553500 0.744303 -0.007857 0.667796 0.000000
0.137685 0.001609 0.553325 0.754916 0.032087 0.655036 0.000000
0.134727 0.007113 0.554271 0.044660 0.127960 0.990773 0.000000
0.137747 0.001995 0.553193 0.797583 0.071585 0.598946 0.000000
0.136650 0.007586 0.553520 0.537676 0.294552 0.790027 0.000000
0.137243 0.002303 0.553757 0.644764 -0.013083 0.764270 0.000000
0.133870 0.008435 0.554181 0.138296 0.015597 0.990268 0.000000
0.134337 0.007613 0.554211 0.082382 0.132476 0.987757 0.000000
0.137320 0.001716 0.553723 -0.654953 0.013819 -0.755543 0.000000
0.137404 0.006220 0.553581 0.751283 0.163169 0.639492 0.000000
0.137583 0.004050 0.553099 0.866232 -0.033806 0.498497 0.000000
0.138287 0.002616 0.552378 0.571387 0.073923 0.817344 0.000000
0.139630 0.008204 0.552139 -0.051772 0.003925 0.998651 0.000000
0.139843 0.003813 0.552257 -0.141837 0.048731 0.988690 0.000000
0.133955 0.007985 0.554213 0.114374 0.086289 0.989683 0.000000
0.138189 0.009812 0.552384 0.490859 -0.037587 0.870428 0.000000
0.137302 0.002612 0.553735 0.670636 -0.013154 0.741670 0.000000
0.133380 0.008209 0.554273 0.137219 0.045550 0.989493 0.000000
0.135072 0.010117 0.554086 0.205890 -0.085575 0.974826 0.000000
0.136776 0.001544 0.554045 -0.389656 0.036076 -0.920254 0.000000
0.136462 0.002657 0.554119 0.302838 0.000081 0.953042 0.000000
0.136803 0.002508 0.553979 0.453568 0.004665 0.891210 0.000000
0.138089 0.001556 0.552658 0.685156 0.143870 0.714046 0.000000
0.134768 0.010545 0.554147 0.170588 -0.091667 0.981069 0.000000
0.139838 0.007342 0.552205 -0.066428 0.008411 0.997756 0.000000
0.138267 0.009013 0.552287 0.414144 -0.015293 0.910083 0.000000
0.136825 0.001964 0.554005 0.422304 -0.012388 0.906370 0.000000
0.138277 0.004570 0.552288 0.594895 0.005193 0.803786 0.000000
0.139082 0.003802 0.552098 0.036866 0.064964 0.997206 0.000000
0.133466 0.008559 0.554222 0.133248 0.018727 0.990906 0.000000
0.140418 0.006632 0.552263 -0.073916 0.004795 0.997253 0.000000
0.136516 0.002025 0.554105 0.301836 0.010262 0.953305 0.000000
0.135393 0.007514 0.554198 0.170817 0.239913 0.955648 0.000000
0.133112 0.008713 0.554297 0.125228 0.013873 0.992031 0.000000
0.137036 0.001832 0.553927 0.505535 -0.040977 0.861832 0.000000
0.133439 0.007774 0.554301 0.131380 0.066011 0.989132 0.000000
0.134491 0.009697 0.554161 0.162794 -0.070774 0.984118 0.000000
0.140067 0.006387 0.552227 -0.093503 -0.003587 0.995613 0.000000
0.136203 0.009364 0.553707 0.417865 -0.108354 0.902024 0.000000
0.136754 0.011019 0.553726 0.518730 -0.155370 0.840702 0.000000
0.141853 0.004354 0.552384 0.028031 -0.044899 -0.998598 0.000000
0.138061 0.006165 0.552441 0.672930 -0.029764 0.739107 0.000000
0.132626 0.008293 0.554394 0.090151 0.031971 0.995415 0.000000
0.132997 0.007649 0.554376 0.098782 0.053665 0.993661 0.000000
0.139253 0.002425 0.552188 -0.072780 -0.063265 -0.995339 0.000000
0.142103 0.003760 0.552396 0.030652 -0.027018 -0.999165 0.000000
0.133906 0.009274 0.554186 0.144741 -0.062788 0.987475 0.000000
0.133918 0.007526 0.554264 0.098430 0.096204 0.990483 0.000000
0.137417 0.005819 0.553637 0.772825 0.111144 0.624811 0.000000
0.137117 0.007795 0.553111 0.567508 0.224690 0.792117 0.000000
0.139146 0.005894 0.552126 0.075134 -0.029521 0.996736 0.000000
0.137910 0.002507 0.552714 0.772136 0.116610 0.624667 0.000000
0.135533 0.002737 0.554261 0.118598 0.009466 0.992897 0.000000
0.138196 0.002258 0.552467 0.658500 0.135267 0.740325 0.000000
0.135599 0.008614 0.553823 0.315457 0.069725 0.946375 0.000000
0.137882 0.002857 0.552614 0.766364 0.068783 0.638714 0.000000
0.136653 0.003393 0.554094 0.319432 -0.056365 0.945931 0.000000
0.139809 0.004763 0.552175 -0.126447 0.027889 0.991581 0.000000
0.136053 0.001250 0.554205 -0.190308 0.029074 -0.981294 0.000000
0.141254 0.003167 0.552405 -0.072458 0.012340 0.997295 0.000000
0.135485 0.010615 0.554066 0.214620 -0.125415 0.968612 0.000000
0.135530 0.010101 0.553984 0.255436 -0.121196 0.959200 0.000000
0.132975 0.008295 0.554322 0.115024 0.040256 0.992547 0.000000
0.131605 0.011281 0.554308 0.033924 0.004238 0.999415 0.000000
0.136812 0.002196 0.554007 0.377760 -0.003875 0.925896 0.000000
0.130955 0.010861 0.554360 0.062766 0.019407 0.997840 0.000000
0.130575 0.011174 0.554383 0.060471 0.007938 0.998138 0.000000
0.136402 0.001639 0.554132 -0.270690 -0.008923 -0.962625 0.000000
0.136070 0.002402 0.554195 0.197317 0.009081 0.980298 0.000000
0.138712 0.010581 0.552123 0.274171 0.008275 0.961645 0.000000
0.134946 0.007447 0.554251 0.099724 0.176584 0.979221 0.000000
0.136048 0.002003 0.554170 0.191618 -0.001524 0.981468 0.000000
0.134115 0.010626 0.554267 0.104346 -0.035488 0.993908 0.000000
0.134500 0.008099 0.554103 0.138935 0.100243 0.985215 0.000000
0.130436 0.010370 0.554423 0.045028 0.034826 0.998379 0.000000
0.129909 0.010662 0.554446 0.025569 0.012746 0.999592 0.000000
0.139318 0.007463 0.552167 0.035135 0.015199 0.999267 0.000000
0.137587 0.010132 0.552900 0.610610 -0.094726 0.786245 0.000000
0.130318 0.009889 0.554460 0.038216 0.034099 0.998688 0.000000
0.138415 0.002204 0.552306 0.487177 0.110111 0.866334 0.000000
0.129632 0.010346 0.554454 -0.002081 0.015529 0.999877 0.000000
0.129845 0.010007 0.554460 0.002431 0.024283 0.999702 0.000000
0.133338 0.009445 0.554283 0.096322 -0.042745 0.994432 0.000000
0.127636 0.010695 0.554460 -0.022840 -0.010820 0.999681 0.000000
0.136967 0.011498 0.553694 0.599671 -0.057926 0.798147 0.000000
0.128264 0.009960 0.554439 -0.003079 -0.025235 0.999677 0.000000
0.129113 0.009877 0.554432 -0.017190 0.009762 0.999805 0.000000
0.137108 0.002797 0.553834 0.535226 -0.021519 0.844435 0.000000
0.136741 0.009843 0.553431 0.505221 -0.163442 0.847372 0.000000
0.136713 0.006967 0.553853 0.538843 0.302498 0.786220 0.000000
0.132305 0.008087 0.554435 0.069205 0.019671 0.997409 0.000000
0.136706 0.002920 0.554029 0.362247 -0.025405 0.931736 0.000000
0.135588 0.008201 0.553860 0.269786 0.203278 0.941219 0.000000
0.135663 0.002200 0.554252 0.148863 0.010061 0.988807 0.000000
0.135803 0.002667 0.554205 0.148943 0.002116 0.988844 0.000000
0.135809 0.001595 0.554237 -0.153729 0.006654 -0.988091 0.000000
0.135262 0.001270 0.554306 -0.103730 0.007132 -0.994580 0.000000
0.123043 0.005202 0.553975 0.059559 0.049406 -0.997001 0.000000
0.136294 0.004345 0.554257 0.142805 -0.081806 0.986364 0.000000
0.138499 0.007964 0.552189 0.335973 0.071055 0.939187 0.000000
0.138377 0.006440 0.552238 0.435513 -0.071482 0.897340 0.000000
0.141088 0.010836 0.552035 0.130387 0.047470 0.990326 0.000000
0.137884 0.003589 0.552651 0.744779 0.006352 0.667281 0.000000
0.140393 0.011417 0.552129 0.105361 0.003424 0.994428 0.000000
0.137754 0.004397 0.552860 0.845465 -0.031348 0.533110 0.000000
0.141116 0.010265 0.552057 0.100350 0.119493 0.987751 0.000000
0.140560 0.011043 0.552066 0.111796 0.010246 0.993678 0.000000
0.140733 0.010542 0.552135 0.110783 0.059700 0.992050 0.000000
0.142499 0.008056 0.552160 -0.108167 0.014511 -0.994027 0.000000
0.139543 0.006337 0.552170 -0.020954 -0.018537 0.999609 0.000000
0.137155 0.005293 0.554003 0.594020 0.058291 0.802335 0.000000
0.141416 0.009322 0.552190 0.027920 0.140093 0.989745 0.000000
0.141018 0.009644 0.552174 0.040958 0.125325 0.991270 0.000000
0.142086 0.007898 0.552108 -0.089529 0.026947 -0.995620 0.000000
0.141786 0.008180 0.552188 0.067202 -0.029439 0.997305 0.000000
0.140593 0.009489 0.552217 0.002698 0.089164 0.996013 0.000000
0.141900 0.007355 0.552133 -0.086381 0.013080 -0.996176 0.000000
0.139798 0.010236 0.552181 -0.002647 0.035698 0.999359 0.000000
0.140127 0.009822 0.552212 -0.009271 0.053998 0.998498 0.000000
0.142278 0.006565 0.552163 -0.077407 -0.051900 -0.995648 0.000000
0.140528 0.009006 0.552203 -0.062842 0.061302 0.996139 0.000000
0.136432 0.006647 0.554109 0.383850 0.239590 0.891771 0.000000
0.142133 0.006265 0.552223 -0.061404 -0.072103 -0.995505 0.000000
0.141408 0.007239 0.552273 0.075093 -0.014319 0.997074 0.000000
0.141617 0.006847 0.552233 0.066440 0.041375 0.996932 0.000000
0.138653 0.010951 0.552118 0.319422 -0.039531 0.946788 0.000000
0.135798 0.007172 0.554195 0.264229 0.260942 0.928489 0.000000
0.142189 0.005447 0.552321 -0.010718 -0.067361 -0.997671 0.000000
0.141021 0.007211 0.552302 0.020543 0.005384 0.999774 0.000000
0.140548 0.007849 0.552241 -0.069058 -0.004177 0.997604 0.000000
0.141843 0.005739 0.552313 0.008940 0.067063 0.997709 0.000000
0.135573 0.011144 0.554130 0.180815 -0.092193 0.979187 0.000000
0.141421 0.006084 0.552313 0.015353 0.050963 0.998583 0.000000
0.142116 0.004785 0.552379 0.003455 -0.057252 -0.998354 0.000000
0.141007 0.006125 0.552305 -0.003987 0.032457 0.999465 0.000000
0.141555 0.004928 0.552374 -0.028638 0.055957 0.998022 0.000000
0.134741 0.011303 0.554246 0.096630 -0.029521 0.994882 0.000000
0.137551 0.009352 0.552805 0.560081 -0.081971 0.824373 0.000000
0.141594 0.003885 0.552413 0.035367 -0.030636 -0.998905 0.000000
0.141751 0.003309 0.552426 0.047647 -0.015793 -0.998739 0.000000
0.137634 0.008790 0.552733 0.538174 0.023179 0.842515 0.000000
0.134164 0.010134 0.554251 0.128537 -0.050440 0.990421 0.000000
0.140826 0.004530 0.552361 -0.099854 0.047282 0.993878 0.000000
0.134041 0.009625 0.554218 0.142403 -0.059885 0.987995 0.000000
0.141481 0.010650 0.552002 0.074138 0.096453 0.992573 0.000000
0.137007 0.008615 0.553127 0.545601 0.042034 0.836990 0.000000
0.133352 0.010879 0.554326 0.049780 0.008087 0.998727 0.000000
0.141885 0.010757 0.551959 0.034661 0.069346 0.996990 0.000000
0.140324 0.010734 0.552160 0.044397 0.029997 0.998564 0.000000
0.136790 0.008271 0.553313 0.534495 0.138189 0.833798 0.000000
0.140848 0.003050 0.552392 -0.081946 0.009029 0.996596 0.000000
0.141142 0.002611 0.552401 -0.079932 0.007956 0.996769 0.000000
0.141456 0.002215 0.552402 0.084534 -0.010179 -0.996369 0.000000
0.138535 0.009785 0.552197 0.342043 -0.014466 0.939573 0.000000
0.139436 0.004460 0.552110 -0.047326 0.033163 0.998329 0.000000
0.140230 0.003269 0.552332 -0.122090 0.011018 0.992458 0.000000
0.141901 0.005191 0.552352 -0.001487 -0.066452 -0.997789 0.000000
0.135334 0.008927 0.553923 0.263455 -0.008111 0.964638 0.000000
0.138064 0.008640 0.552434 0.479697 0.007801 0.877400 0.000000
0.140364 0.005530 0.552250 -0.123143 0.016587 0.992250 0.000000
0.137153 0.005731 0.553959 0.613157 0.106262 0.782781 0.000000
0.137240 0.003173 0.553750 0.664538 -0.034790 0.746444 0.000000
0.137057 0.001328 0.553914 -0.573408 0.099174 -0.813246 0.000000
0.141321 0.004530 0.552382 -0.047619 0.044427 0.997877 0.000000
0.136746 0.004327 0.554167 0.343592 -0.082052 0.935528 0.000000
0.134984 0.008126 0.554011 0.215972 0.156193 0.963826 0.000000
0.139571 0.002103 0.552223 -0.003102 -0.101144 -0.994867 0.000000
0.142022 0.006835 0.552116 -0.068145 -0.033049 -0.997128 0.000000
0.136817 0.005015 0.554182 0.361962 -0.007945 0.932159 0.000000
0.141678 0.002798 0.552419 0.058253 -0.012775 -0.998220 0.000000
0.136885 0.003262 0.553970 0.439541 -0.046453 0.897021 0.000000
0.140973 0.005047 0.552334 -0.064518 0.044472 0.996925 0.000000
0.139902 0.008486 0.552197 -0.096730 0.008951 0.995270 0.000000
0.140552 0.006185 0.552280 -0.062538 0.016157 0.997912 0.000000
0.137265 0.007239 0.553308 0.623476 0.271477 0.733197 0.000000
0.137805 0.003002 0.552758 0.801810 0.070825 0.593367 0.000000
0.141926 0.011143 0.551882 0.025462 0.016034 0.999547 0.000000
0.136112 0.003438 0.554158 0.147936 -0.031833 0.988484 0.000000
0.136321 0.006220 0.554244 0.288680 0.127586 0.948887 0.000000
0.141562 0.011279 0.551961 0.068180 0.007514 0.997645 0.000000
0.140571 0.003534 0.552364 -0.096296 0.014749 0.995243 0.000000
0.136859 0.003769 0.554062 0.410091 -0.080279 0.908505 0.000000
0.139908 0.007761 0.552182 -0.083377 0.000418 0.996518 0.000000
0.140814 0.006687 0.552303 -0.022858 0.024045 0.999450 0.000000
0.134500 0.006530 0.554322 0.033309 0.055438 0.997906 0.000000
0.134178 0.007051 0.554277 0.063184 0.100332 0.992946 0.000000
0.142075 0.010332 0.551959 0.022427 0.131108 0.991114 0.000000
0.140379 0.002258 0.552347 0.094476 0.001022 -0.995527 0.000000
0.141303 0.005573 0.552342 -0.013142 0.051495 0.998587 0.000000
0.134075 0.006598 0.554344 0.051214 0.059878 0.996891 0.000000
0.136014 0.004016 0.554211 0.094917 -0.073583 0.992762 0.000000
0.135246 0.002548 0.554273 0.105393 0.012058 0.994358 0.000000
0.135300 0.003083 0.554265 0.103622 0.006560 0.994595 0.000000
0.136443 0.003174 0.554130 0.273919 -0.035198 0.961109 0.000000
0.133610 0.007164 0.554332 0.099703 0.077460 0.991998 0.000000
0.141641 0.010250 0.551992 0.048505 0.130176 0.990304 0.000000
0.135229 0.003612 0.554257 0.095450 -0.015502 0.995314 0.000000
0.141968 0.009946 0.552026 0.037812 0.153002 0.987502 0.000000
0.135372 0.006315 0.554341 0.077201 0.053571 0.995575 0.000000
0.139465 0.006805 0.552143 0.010461 -0.010378 0.999891 0.000000
0.136414 0.008988 0.553538 0.480686 -0.038630 0.876041 0.000000
0.141421 0.009819 0.552109 0.040216 0.145131 0.988595 0.000000
0.133835 0.006112 0.554384 0.058438 0.031079 0.997807 0.000000
0.135624 0.003800 0.554230 0.083837 -0.039199 0.995708 0.000000
0.140665 0.010098 0.552179 0.055618 0.087311 0.994627 0.000000
0.136381 0.003680 0.554169 0.270530 -0.061034 0.960775 0.000000
0.135824 0.005085 0.554313 0.056250 -0.032718 0.997880 0.000000
0.140225 0.010412 0.552200 0.034105 0.046489 0.998336 0.000000
0.133426 0.006210 0.554401 0.056504 0.031848 0.997894 0.000000
0.133175 0.006562 0.554421 0.066152 0.041090 0.996963 0.000000
0.132218 0.007695 0.554425 0.051651 0.024368 0.998368 0.000000
0.132814 0.006938 0.554424 0.059595 0.036491 0.997555 0.000000
0.132480 0.007305 0.554424 0.058088 0.034508 0.997715 0.000000
0.135462 0.004825 0.554311 0.039837 -0.042199 0.998315 0.000000
0.139799 0.005474 0.552145 -0.112220 0.003848 0.993676 0.000000
0.132602 0.011363 0.554319 0.003791 0.025811 0.999660 0.000000
0.134753 0.008958 0.554049 0.189897 -0.010690 0.981746 0.000000
0.134785 0.009917 0.554124 0.177339 -0.075838 0.981223 0.000000
0.134788 0.003293 0.554323 0.082549 0.005751 0.996570 0.000000
0.131670 0.007589 0.554443 0.021689 0.004092 0.999756 0.000000
0.140972 0.009021 0.552293 -0.022400 0.075283 0.996911 0.000000
0.132000 0.006999 0.554445 0.025429 0.011174 0.999614 0.000000
0.140412 0.004295 0.552332 -0.129108 0.042795 0.990707 0.000000
0.132266 0.006603 0.554450 0.025322 0.011248 0.999616 0.000000
0.140731 0.003960 0.552377 -0.097551 0.032912 0.994686 0.000000
0.134368 0.010489 0.554235 0.118008 -0.056799 0.991387 0.000000
0.132483 0.010894 0.554351 0.000206 0.026539 0.999648 0.000000
0.132458 0.006096 0.554440 0.024178 -0.005176 0.999694 0.000000
0.132667 0.005602 0.554423 0.020167 -0.006708 0.999774 0.000000
0.135388 0.001839 0.554272 -0.117141 0.002817 -0.993111 0.000000
0.138367 0.003021 0.552261 0.483039 0.062832 0.873342 0.000000
0.134800 0.002657 0.554321 0.081750 0.005002 0.996640 0.000000
0.133011 0.010084 0.554363 0.056217 -0.019495 0.998228 0.000000
0.134533 0.005039 0.554361 0.061043 -0.011504 0.998069 0.000000
0.131629 0.006654 0.554457 0.008312 0.000517 0.999965 0.000000
0.130913 0.007668 0.554467 0.010781 -0.000623 0.999942 0.000000
0.134891 0.002101 0.554317 0.085942 0.008617 0.996263 0.000000
0.134287 0.002901 0.554358 0.052384 0.002034 0.998625 0.000000
0.131193 0.007265 0.554465 0.012175 0.001821 0.999924 0.000000
0.131849 0.006214 0.554452 0.009374 -0.008823 0.999917 0.000000
0.140440 0.008562 0.552273 -0.087871 0.028801 0.995715 0.000000
0.134924 0.001505 0.554308 -0.072349 0.001336 -0.997378 0.000000
0.133753 0.003174 0.554376 0.030557 -0.009875 0.999484 0.000000
0.133424 0.003511 0.554365 0.028620 -0.014933 0.999479 0.000000
0.136675 0.005482 0.554213 0.298621 0.053517 0.952870 0.000000
0.132005 0.005115 0.554427 0.004459 -0.013379 0.999901 0.000000
0.134024 0.002403 0.554375 0.028853 -0.009149 0.999542 0.000000
0.131190 0.006067 0.554459 -0.019307 -0.020178 0.999610 0.000000
0.131605 0.010300 0.554356 0.027512 0.043256 0.998685 0.000000
0.134219 0.001912 0.554363 0.033612 -0.001261 0.999434 0.000000
0.132933 0.007990 0.554340 0.108864 0.045878 0.992997 0.000000
0.131632 0.005430 0.554426 -0.005351 -0.016968 0.999842 0.000000
0.133601 0.002673 0.554378 0.011306 -0.014502 0.999831 0.000000
0.133121 0.003294 0.554388 0.009782 -0.019111 0.999770 0.000000
0.131214 0.010485 0.554341 0.047338 0.040894 0.998041 0.000000
0.140885 0.002136 0.552371 0.091440 -0.001305 -0.995810 0.000000
0.130234 0.007196 0.554457 -0.014342 -0.021462 0.999667 0.000000
0.139863 0.002950 0.552292 -0.111545 0.013410 0.993669 0.000000
0.134587 0.007393 0.554215 0.059830 0.141434 0.988138 0.000000
0.139208 0.008456 0.552119 0.021541 0.000534 0.999768 0.000000
0.134272 0.001366 0.554360 -0.039094 0.001228 -0.999235 0.000000
0.130722 0.006387 0.554447 -0.027039 -0.028493 0.999228 0.000000
0.134606 0.001055 0.554353 -0.051096 0.004849 -0.998682 0.000000
0.131218 0.005576 0.554443 -0.029781 -0.016269 0.999424 0.000000
0.130345 0.006687 0.554442 -0.026118 -0.033569 0.999095 0.000000
0.141645 0.006424 0.552259 0.050288 0.058986 0.996991 0.000000
0.131815 0.009454 0.554412 0.049666 0.044657 0.997767 0.000000
0.131512 0.004844 0.554436 -0.015007 -0.022194 0.999641 0.000000
0.130696 0.005779 0.554417 -0.039086 -0.026096 0.998895 0.000000
0.133236 0.002206 0.554373 -0.000865 -0.017634 0.999844 0.000000
0.131044 0.005083 0.554419 -0.034305 -0.021759 0.999175 0.000000
0.132896 0.002468 0.554376 -0.010628 -0.021613 0.999710 0.000000
0.132579 0.002884 0.554387 -0.013992 -0.022810 0.999642 0.000000
0.133419 0.001706 0.554361 -0.002524 -0.006182 0.999978 0.000000
0.135965 0.004402 0.554259 0.084029 -0.067463 0.994177 0.000000
0.132861 0.005202 0.554418 0.020186 -0.005766 0.999780 0.000000
0.135582 0.005636 0.554310 0.053618 0.005046 0.998549 0.000000
0.133688 0.001222 0.554361 -0.007625 0.004988 -0.999958 0.000000
0.130726 0.009958 0.554411 0.047672 0.043771 0.997904 0.000000
0.133917 0.000825 0.554364 -0.019397 0.002149 -0.999810 0.000000
0.130305 0.005792 0.554396 -0.040080 -0.028774 0.998782 0.000000
0.134611 0.010168 0.554166 0.171455 -0.077726 0.982121 0.000000
0.131028 0.004525 0.554416 -0.035083 -0.022186 0.999138 0.000000
0.132865 0.004699 0.554422 0.019074 -0.009506 0.999773 0.000000
0.135216 0.005320 0.554325 0.037385 -0.016402 0.999166 0.000000
0.133659 0.006661 0.554363 0.081159 0.060792 0.994845 0.000000
0.135437 0.009580 0.553950 0.269064 -0.092462 0.958674 0.000000
0.132640 0.001764 0.554353 -0.020600 -0.015232 0.999672 0.000000
0.129353 0.006313 0.554382 -0.041900 -0.040623 0.998296 0.000000
0.133325 0.000788 0.554364 0.004368 0.010160 -0.999939 0.000000
0.132938 0.001042 0.554362 0.017794 0.009215 -0.999799 0.000000
0.138338 0.005332 0.552236 0.516465 0.009783 0.856252 0.000000
0.132194 0.002065 0.554343 -0.025241 -0.018290 0.999514 0.000000
0.133748 0.011283 0.554276 0.050839 0.010041 0.998656 0.000000
0.130731 0.008929 0.554460 0.020429 0.012692 0.999711 0.000000
0.131799 0.002424 0.554342 -0.018713 -0.033092 0.999277 0.000000
0.129573 0.005544 0.554350 -0.038438 -0.035773 0.998620 0.000000
0.131085 0.008084 0.554458 0.015573 -0.000095 0.999879 0.000000
0.134993 0.003837 0.554292 0.088080 -0.012770 0.996032 0.000000
0.129129 0.005814 0.554354 -0.038755 -0.037837 0.998532 0.000000
0.128821 0.006276 0.554357 -0.046934 -0.036184 0.998242 0.000000
0.134947 0.004689 0.554332 0.053116 -0.030908 0.998110 0.000000
0.131136 0.006755 0.554447 -0.008486 -0.009684 0.999917 0.000000
0.129579 0.004753 0.554340 -0.043248 -0.035822 0.998422 0.000000
0.133470 0.005750 0.554404 0.039681 0.006434 0.999192 0.000000
0.129576 0.009057 0.554484 -0.019720 0.003453 0.999800 0.000000
0.129128 0.004964 0.554334 -0.039608 -0.038007 0.998492 0.000000
0.140121 0.005121 0.552224 -0.137188 0.027161 0.990173 0.000000
0.135749 0.003172 0.554219 0.125765 -0.004631 0.992049 0.000000
0.137240 0.006868 0.553422 0.659422 0.261672 0.704762 0.000000
0.128316 0.005625 0.554318 -0.050097 -0.032560 0.998213 0.000000
0.133253 0.006981 0.554406 0.083714 0.054811 0.994981 0.000000
0.136694 0.005909 0.554165 0.402643 0.128697 0.906265 0.000000
0.128522 0.004849 0.554293 -0.043401 -0.040664 0.998230 0.000000
0.134331 0.003639 0.554355 0.065306 -0.006718 0.997843 0.000000
0.128122 0.005193 0.554289 -0.052419 -0.034031 0.998045 0.000000
0.132616 0.009406 0.554321 0.071665 0.011020 0.997368 0.000000
0.130898 0.003998 0.554378 -0.040633 -0.026726 0.998817 0.000000
0.132937 0.007256 0.554412 0.087156 0.041828 0.995316 0.000000
0.131620 0.005887 0.554455 -0.005217 -0.020513 0.999776 0.000000
0.130970 0.003524 0.554378 -0.032063 -0.033645 0.998919 0.000000
0.127529 0.005355 0.554269 -0.054737 -0.029237 0.998073 0.000000
0.141253 0.009168 0.552258 0.022211 0.117846 0.992783 0.000000
0.128347 0.003886 0.554262 -0.045089 -0.031758 0.998478 0.000000
0.130095 0.004474 0.554353 -0.056170 -0.029061 0.997998 0.000000
0.127553 0.004715 0.554244 -0.052812 -0.038919 0.997846 0.000000
0.127950 0.004232 0.554243 -0.049103 -0.036542 0.998125 0.000000
0.130170 0.003867 0.554336 -0.065663 -0.025610 0.997513 0.000000
0.135014 0.006525 0.554336 0.036085 0.058408 0.997640 0.000000
0.136257 0.005455 0.554295 0.179491 0.047220 0.982626 0.000000
0.136058 0.008154 0.553713 0.380436 0.199142 0.903112 0.000000
0.130086 0.003243 0.554313 -0.061809 -0.029226 0.997660 0.000000
0.139506 0.003413 0.552215 -0.102414 0.039142 0.993971 0.000000
0.135865 0.005435 0.554289 0.075757 0.003562 0.997120 0.000000
0.130259 0.002066 0.554292 -0.057634 -0.034028 0.997758 0.000000
0.133131 0.002838 0.554386 0.001227 -0.016753 0.999859 0.000000
0.127143 0.004243 0.554201 -0.055339 -0.040502 0.997646 0.000000
0.137108 0.004283 0.554017 0.556137 -0.103383 0.824635 0.000000
0.132302 0.003437 0.554386 -0.009940 -0.038282 0.999218 0.000000
0.136545 0.004694 0.554244 0.268772 -0.048488 0.961982 0.000000
0.129270 0.004359 0.554291 -0.038980 -0.036271 0.998581 0.000000
0.135525 0.005217 0.554302 0.038372 -0.016552 0.999126 0.000000
0.129437 0.003664 0.554282 -0.053278 -0.032160 0.998062 0.000000
0.134494 0.006017 0.554349 0.044757 0.031546 0.998500 0.000000
0.134820 0.005726 0.554333 0.045069 0.017904 0.998823 0.000000
0.126642 0.004480 0.554194 -0.052529 -0.039106 0.997853 0.000000
0.128413 0.006797 0.554348 -0.062475 -0.041871 0.997168 0.000000
0.127453 0.003226 0.554181 -0.058028 -0.031639 0.997813 0.000000
0.127079 0.003578 0.554167 -0.057231 -0.032602 0.997829 0.000000
0.134952 0.005475 0.554329 0.041689 -0.002210 0.999128 0.000000
0.132023 0.002934 0.554378 -0.015940 -0.036625 0.999202 0.000000
0.129388 0.002087 0.554226 -0.065785 -0.040513 0.997011 0.000000
0.131717 0.003420 0.554381 -0.013884 -0.038254 0.999172 0.000000
0.129050 0.003100 0.554241 -0.044982 -0.034923 0.998377 0.000000
0.129125 0.002540 0.554231 -0.052674 -0.046759 0.997516 0.000000
0.131687 0.001927 0.554313 -0.021098 -0.023343 0.999505 0.000000
0.134180 0.005271 0.554384 0.057560 0.002015 0.998340 0.000000
0.138785 0.002309 0.552153 -0.287117 -0.055846 -0.956266 0.000000
0.130712 0.006896 0.554451 -0.012641 -0.018092 0.999756 0.000000
0.135372 0.004340 0.554279 0.063171 -0.054003 0.996541 0.000000
0.133799 0.005485 0.554404 0.044466 0.010751 0.998953 0.000000
0.128517 0.003395 0.554253 -0.044290 -0.034505 0.998423 0.000000
0.142252 0.007421 0.552006 -0.105437 0.016532 -0.994289 0.000000
0.130941 0.003055 0.554365 -0.030860 -0.038107 0.998797 0.000000
0.128218 0.002781 0.554201 -0.046355 -0.047029 0.997817 0.000000
0.128380 0.002121 0.554175 -0.047251 -0.058840 0.997149 0.000000
0.132482 0.001204 0.554356 -0.024630 -0.012833 0.999614 0.000000
0.133687 0.004870 0.554412 0.038742 -0.005099 0.999236 0.000000
0.129360 0.010079 0.554421 -0.008476 0.013965 0.999867 0.000000
0.133870 0.004345 0.554392 0.052252 -0.016666 0.998495 0.000000
0.127510 0.003938 0.554197 -0.057373 -0.038573 0.997607 0.000000
0.138664 0.011420 0.552160 0.363489 -0.048395 0.930341 0.000000
0.132417 0.004776 0.554430 0.006579 -0.016337 0.999845 0.000000
0.127432 0.002655 0.554167 -0.053777 -0.040138 0.997746 0.000000
0.127827 0.001245 0.554092 -0.049613 -0.067435 0.996489 0.000000
0.127519 0.002149 0.554149 -0.047808 -0.060384 0.997030 0.000000
0.133154 0.004087 0.554415 0.020817 -0.012699 0.999703 0.000000
0.129750 0.003028 0.554278 -0.061801 -0.034982 0.997475 0.000000
0.127471 0.001702 0.554101 -0.046325 -0.069215 0.996526 0.000000
0.137416 0.004413 0.553603 0.809820 -0.037454 0.585481 0.000000
0.127621 0.000644 0.554036 -0.052004 -0.065426 0.996501 0.000000
0.125279 0.006087 0.554146 -0.055629 -0.036788 0.997774 0.000000
0.127878 0.003595 0.554221 -0.050067 -0.034198 0.998160 0.000000
0.129601 0.001515 0.554215 -0.074297 -0.043354 0.996293 0.000000
0.127337 0.000077 0.553992 0.048428 0.062506 -0.996869 0.000000
0.136005 0.004707 0.554284 0.081878 -0.060553 0.994801 0.000000
0.135496 0.006015 0.554314 0.063915 0.034340 0.997364 0.000000
0.125190 0.011440 0.554347 -0.020510 0.005829 0.999773 0.000000
0.133886 0.010538 0.554300 0.099115 -0.034205 0.994488 0.000000
0.133286 0.001383 0.554335 -0.005664 -0.006308 0.999964 0.000000
0.131621 0.004398 0.554438 -0.011415 -0.020792 0.999719 0.000000
0.132417 0.003894 0.554415 0.001876 -0.020027 0.999798 0.000000
0.131938 0.004059 0.554416 -0.007690 -0.023375 0.999697 0.000000
0.132732 0.003356 0.554402 -0.002286 -0.025975 0.999660 0.000000
0.134641 0.001744 0.554344 -0.057993 -0.007589 -0.998288 0.000000
0.131248 0.004076 0.554415 -0.030582 -0.024069 0.999242 0.000000
0.132727 0.008668 0.554359 0.104638 0.031808 0.994002 0.000000
0.131359 0.003393 0.554385 -0.023220 -0.039558 0.998947 0.000000
0.132366 0.002641 0.554373 -0.021674 -0.030433 0.999302 0.000000
0.132532 0.001987 0.554354 -0.022742 -0.014248 0.999640 0.000000
0.134303 0.000972 0.554373 -0.034752 0.012480 -0.999318 0.000000
0.132422 0.002432 0.554358 -0.023119 -0.023766 0.999450 0.000000
0.135084 0.011375 0.554206 0.120512 -0.039966 0.991907 0.000000
0.132120 0.011255 0.554314 0.006219 0.016905 0.999838 0.000000
0.131916 0.010792 0.554318 0.001512 0.028950 0.999580 0.000000
0.131509 0.002591 0.554314 -0.015651 -0.035192 0.999258 0.000000
0.131517 0.002917 0.554343 -0.017433 -0.039476 0.999068 0.000000
0.131241 0.001599 0.554316 -0.026945 -0.022280 0.999389 0.000000
0.130847 0.002441 0.554331 -0.031306 -0.035440 0.998881 0.000000
0.130677 0.001744 0.554315 -0.045073 -0.031798 0.998477 0.000000
0.130730 0.007155 0.554444 -0.003303 -0.014230 0.999893 0.000000
0.130271 0.002636 0.554317 -0.053933 -0.033923 0.997968 0.000000
0.135078 0.008654 0.553946 0.255164 0.066040 0.964640 0.000000
0.130052 0.001596 0.554267 -0.071264 -0.039541 0.996673 0.000000
0.129805 0.002005 0.554261 -0.069543 -0.036270 0.996919 0.000000
0.129437 0.002710 0.554257 -0.059619 -0.040050 0.997417 0.000000
0.128969 0.002081 0.554200 -0.056697 -0.047294 0.997271 0.000000
0.129104 0.009458 0.554408 -0.029413 0.011300 0.999503 0.000000
0.128519 0.010270 0.554438 0.007120 -0.021307 0.999748 0.000000
0.128204 0.001693 0.554144 -0.055238 -0.063203 0.996471 0.000000
0.127840 0.009031 0.554388 -0.045520 -0.028566 0.998555 0.000000
0.133484 0.007474 0.554296 0.121822 0.074559 0.989748 0.000000
0.127124 0.005678 0.554239 -0.056111 -0.026833 0.998064 0.000000
0.127216 0.009387 0.554369 -0.035771 -0.046951 0.998257 0.000000
0.126064 0.009032 0.554319 -0.032076 -0.057939 0.997805 0.000000
0.138470 0.004515 0.552137 0.451281 -0.003546 0.892375 0.000000
0.133007 0.005980 0.554423 0.037518 0.004072 0.999288 0.000000
0.138479 0.005129 0.552104 0.451808 -0.009435 0.892065 0.000000
0.125154 0.010643 0.554349 -0.023518 -0.011319 0.999659 0.000000
0.132911 0.011303 0.554326 0.014384 0.029287 0.999468 0.000000
0.133387 0.004507 0.554414 0.030411 -0.011157 0.999475 0.000000
0.137526 0.005274 0.553375 0.848805 -0.005181 0.528680 0.000000
0.124724 0.007542 0.554188 -0.025825 -0.058979 0.997925 0.000000
0.132686 0.004285 0.554430 0.007063 -0.018685 0.999800 0.000000
0.130596 0.010644 0.554399 0.065128 0.030953 0.997397 0.000000
0.124416 0.008209 0.554227 -0.020959 -0.068588 0.997425 0.000000
0.124223 0.010743 0.554357 0.013619 0.009655 -0.999861 0.000000
0.123935 0.009618 0.554322 0.012550 0.045620 -0.998880 0.000000
0.124098 0.007319 0.554166 -0.028091 -0.059743 0.997818 0.000000
0.129984 0.009265 0.554475 0.003968 0.012213 0.999918 0.000000
0.123977 0.007797 0.554190 0.025153 0.064470 -0.997603 0.000000
0.136283 0.005118 0.554292 0.152751 -0.003653 0.988258 0.000000
0.125040 0.010189 0.554354 -0.010402 -0.022469 0.999693 0.000000
0.128231 0.009086 0.554407 -0.052364 -0.018186 0.998462 0.000000
0.123789 0.006141 0.554091 0.046081 0.056446 -0.997342 0.000000
0.123787 0.006781 0.554133 0.031436 0.055855 -0.997944 0.000000
0.126684 0.009067 0.554344 0.037586 0.056148 -0.997715 0.000000
0.128610 0.008140 0.554438 -0.058508 -0.017111 0.998140 0.000000
0.129917 0.007344 0.554454 -0.022467 -0.029445 0.999314 0.000000
0.123635 0.008607 0.554234 0.018156 0.070593 -0.997340 0.000000
0.134168 0.004734 0.554365 0.057648 -0.012225 0.998262 0.000000
0.135050 0.004273 0.554286 0.063457 -0.033689 0.997416 0.000000
0.134661 0.004404 0.554316 0.073380 -0.020455 0.997094 0.000000
0.140712 0.010802 0.552106 0.124309 0.031931 0.991730 0.000000
0.130595 0.005061 0.554388 -0.051381 -0.022173 0.998433 0.000000
0.132183 0.004501 0.554424 0.002267 -0.015734 0.999874 0.000000
0.133882 0.003763 0.554382 0.052216 -0.008223 0.998602 0.000000
0.130838 0.003261 0.554378 -0.032731 -0.039388 0.998688 0.000000
0.130533 0.003176 0.554364 -0.047009 -0.034663 0.998293 0.000000
0.124897 0.005302 0.554103 -0.051366 -0.028731 0.998267 0.000000
0.131266 0.002744 0.554341 -0.019010 -0.035977 0.999172 0.000000
0.128907 0.003640 0.554268 -0.040588 -0.035864 0.998532 0.000000
0.133054 0.001581 0.554352 -0.010681 -0.011385 0.999878 0.000000
0.124638 0.004335 0.554066 -0.059677 -0.038058 0.997492 0.000000
0.125061 0.004325 0.554090 -0.059287 -0.034451 0.997646 0.000000
0.133312 0.005242 0.554409 0.026062 -0.003223 0.999655 0.000000
0.124230 0.002808 0.553958 -0.074820 -0.046511 0.996112 0.000000
0.131866 0.001062 0.554318 0.030205 0.012275 -0.999468 0.000000
0.141150 0.003563 0.552405 -0.064897 0.016621 0.997754 0.000000
0.140336 0.002739 0.552349 -0.103362 0.002407 0.994641 0.000000
0.130292 0.001364 0.554279 -0.066514 -0.040534 0.996962 0.000000
0.130334 0.000865 0.554260 -0.065219 -0.043465 0.996924 0.000000
0.129760 0.000666 0.554196 -0.077223 -0.048149 0.995851 0.000000
0.129371 0.000475 0.554148 0.077406 0.051047 -0.995692 0.000000
0.128281 0.000751 0.554074 0.064663 0.057531 -0.996247 0.000000
0.127177 0.000709 0.554016 -0.044551 -0.064093 0.996949 0.000000
0.127466 0.007157 0.554292 -0.062492 -0.035756 0.997405 0.000000
0.124012 0.009941 0.554349 0.016155 0.035165 -0.999251 0.000000
0.132891 0.003821 0.554393 0.006927 -0.019898 0.999778 0.000000
0.130954 0.001166 0.554308 0.044872 0.026269 -0.998647 0.000000
0.130696 0.000437 0.554251 0.057981 0.041165 -0.997469 0.000000
0.124726 0.003453 0.554025 -0.067516 -0.043442 0.996772 0.000000
0.127858 0.009334 0.554410 -0.037676 -0.032892 0.998749 0.000000
0.129271 0.008731 0.554491 -0.029646 0.002865 0.999556 0.000000
0.128741 0.008781 0.554443 -0.045585 -0.002380 0.998958 0.000000
0.130612 0.004485 0.554383 -0.052625 -0.021291 0.998387 0.000000
0.123831 0.002009 0.553886 0.078301 0.048002 -0.995773 0.000000
0.128490 0.007763 0.554413 -0.069219 -0.032915 0.997058 0.000000
0.127854 -0.000125 0.554000 0.060511 0.058236 -0.996467 0.000000
0.130033 0.007955 0.554443 -0.001411 -0.013131 0.999913 0.000000
0.128187 0.003425 0.554236 -0.047933 -0.033151 0.998300 0.000000
0.134194 0.005749 0.554363 0.060052 0.022141 0.997950 0.000000
0.127334 0.001160 0.554034 -0.047354 -0.068608 0.996519 0.000000
0.134664 0.005440 0.554337 0.046265 0.003473 0.998923 0.000000
0.128727 0.005197 0.554329 -0.038827 -0.039551 0.998463 0.000000
0.126419 0.002302 0.554093 -0.050146 -0.047981 0.997589 0.000000
0.142680 0.011419 0.551960 0.008242 -0.019359 -0.999779 0.000000
0.134748 0.003756 0.554308 0.079341 -0.009679 0.996801 0.000000
0.129406 0.001013 0.554186 -0.078896 -0.049475 0.995654 0.000000
0.126273 0.004917 0.554182 -0.059237 -0.031066 0.997760 0.000000
0.125576 0.002950 0.554066 -0.064811 -0.031969 0.997385 0.000000
0.142124 0.011460 0.551958 0.031496 -0.006326 0.999484 0.000000
0.142331 0.011006 0.551969 0.009681 -0.059365 -0.998189 0.000000
0.142498 0.010501 0.552020 0.020645 -0.100079 -0.994765 0.000000
0.127937 0.002157 0.554153 -0.049937 -0.061651 0.996848 0.000000
0.125941 0.005410 0.554166 -0.061793 -0.022440 0.997837 0.000000
0.125505 0.000859 0.553964 0.047641 0.060589 -0.997025 0.000000
0.126347 0.003413 0.554112 -0.054083 -0.032626 0.998003 0.000000
0.126019 0.002691 0.554088 -0.057392 -0.035278 0.997728 0.000000
0.125708 0.002419 0.554076 -0.060630 -0.040038 0.997357 0.000000
0.125275 0.001750 0.554001 0.068331 0.052353 -0.996288 0.000000
0.124856 0.002291 0.553994 -0.072902 -0.041768 0.996464 0.000000
0.126483 0.008059 0.554280 -0.045239 -0.044704 0.997975 0.000000
0.141766 0.009434 0.552223 0.028564 0.140565 0.989659 0.000000
0.133750 0.002031 0.554369 0.010920 -0.006181 0.999921 0.000000
0.124819 0.005891 0.554117 -0.040660 -0.042724 0.998259 0.000000
0.124180 0.003713 0.554004 -0.071446 -0.047641 0.996306 0.000000
0.124273 0.004270 0.554042 -0.064867 -0.040266 0.997081 0.000000
0.140035 0.011166 0.552152 0.030745 -0.003466 0.999521 0.000000
0.124366 0.005294 0.554078 -0.052831 -0.033059 0.998056 0.000000
0.125591 0.001456 0.554003 0.052924 0.055962 -0.997029 0.000000
0.124070 0.002329 0.553922 0.076043 0.045678 -0.996058 0.000000
0.123897 0.004109 0.554021 -0.071243 -0.046155 0.996391 0.000000
0.137348 0.003834 0.553700 0.749921 -0.046014 0.659925 0.000000
0.141841 0.006081 0.552263 0.025659 0.074300 0.996906 0.000000
0.129383 0.003207 0.554265 -0.052732 -0.034893 0.997999 0.000000
0.131517 0.001242 0.554307 -0.032523 -0.014085 0.999372 0.000000
0.129760 0.001039 0.554215 -0.079743 -0.048200 0.995649 0.000000
0.138131 0.010695 0.552403 0.526128 -0.025664 0.850018 0.000000
0.130704 0.005488 0.554398 -0.044505 -0.023134 0.998741 0.000000
0.140219 0.005955 0.552235 -0.109056 0.001109 0.994035 0.000000
0.125665 0.004544 0.554134 -0.060254 -0.033231 0.997630 0.000000
0.138064 0.010033 0.552459 0.514717 -0.034509 0.856665 0.000000
0.127338 0.003817 0.554186 -0.056428 -0.037096 0.997717 0.000000
0.140134 0.008098 0.552181 -0.105939 0.002722 0.994369 0.000000
0.140718 0.002586 0.552379 -0.086111 0.002640 0.996282 0.000000
0.128893 0.004660 0.554307 -0.038737 -0.035797 0.998608 0.000000
0.136604 0.008553 0.553424 0.505633 0.055611 0.860955 0.000000
0.138753 0.005769 0.552110 0.267406 -0.020727 0.963361 0.000000
0.140299 0.004709 0.552288 -0.139945 0.037313 0.989456 0.000000
0.127124 0.001971 0.554115 -0.049230 -0.061611 0.996885 0.000000
0.128035 0.004744 0.554275 -0.047684 -0.040255 0.998051 0.000000
0.126988 0.001378 0.554032 -0.044212 -0.069019 0.996635 0.000000
0.130560 0.002813 0.554342 -0.040854 -0.034215 0.998579 0.000000
0.136166 0.010521 0.553842 0.354359 -0.169053 0.919702 0.000000
0.136516 0.004019 0.554177 0.262639 -0.096454 0.960061 0.000000
0.135762 0.009870 0.553863 0.301211 -0.112101 0.946945 0.000000
0.137174 0.004852 0.554005 0.606832 -0.011359 0.794749 0.000000
0.136664 0.006223 0.554126 0.452366 0.186289 0.872159 0.000000
0.134682 0.006807 0.554246 0.038438 0.080962 0.995976 0.000000
0.136850 0.004104 0.554060 0.367673 -0.096280 0.924958 0.000000
0.126826 0.006518 0.554242 -0.056046 -0.027351 0.998053 0.000000
0.139955 0.004302 0.552249 -0.150498 0.052112 0.987236 0.000000
0.138995 0.001823 0.552154 -0.210953 -0.125553 -0.969399 0.000000
0.134243 0.006298 0.554337 0.052057 0.046171 0.997576 0.000000
0.133724 0.003367 0.554378 0.038070 -0.009518 0.999230 0.000000
0.132538 0.000764 0.554359 0.023047 0.010607 -0.999678 0.000000
0.127701 0.009687 0.554416 -0.026083 -0.034320 0.999070 0.000000
0.135708 0.004367 0.554224 0.057326 -0.064084 0.996297 0.000000
0.134925 0.005038 0.554319 0.042664 -0.019372 0.998902 0.000000
0.135293 0.004040 0.554238 0.071550 -0.046000 0.996376 0.000000
0.125931 0.007782 0.554241 -0.039454 -0.047056 0.998113 0.000000
0.130028 0.010316 0.554441 0.027198 0.028317 0.999229 0.000000
0.134447 0.002326 0.554350 0.053053 0.001077 0.998591 0.000000
0.128927 0.010241 0.554422 -0.000320 -0.013364 0.999911 0.000000
0.131272 0.002121 0.554334 -0.019992 -0.033490 0.999239 0.000000
0.140273 0.003909 0.552312 -0.127973 0.038014 0.991049 0.000000
0.131355 0.006396 0.554433 -0.011331 -0.007471 0.999908 0.000000
0.133169 0.007345 0.554348 0.089432 0.049400 0.994767 0.000000
0.123280 0.005452 0.554020 0.054352 0.049851 -0.997277 0.000000
0.130889 0.005970 0.554423 -0.030215 -0.024756 0.999237 0.000000
0.133951 0.001551 0.554358 -0.019277 0.003113 -0.999809 0.000000
0.131860 0.008089 0.554414 0.053274 0.013042 0.998495 0.000000
0.141101 0.007726 0.552325 0.027932 -0.033727 0.999041 0.000000
0.131999 0.007358 0.554400 0.030619 0.013920 0.999434 0.000000
0.139113 0.004245 0.552070 0.040138 0.066995 0.996946 0.000000
0.128612 0.008483 0.554404 -0.051869 -0.010737 0.998596 0.000000
0.128348 0.008840 0.554383 -0.056446 -0.010905 0.998346 0.000000
0.131347 0.007700 0.554434 0.014771 0.000749 0.999891 0.000000
0.129694 0.005050 0.554343 -0.043422 -0.035034 0.998442 0.000000
0.127404 0.008309 0.554338 -0.058316 -0.036959 0.997614 0.000000
0.124765 0.011263 0.554346 -0.020622 0.002273 0.999785 0.000000
0.136760 0.004857 0.554187 0.354738 -0.020627 0.934738 0.000000
0.129662 0.008756 0.554468 -0.010230 -0.001144 0.999947 0.000000
0.126961 0.007797 0.554298 -0.054271 -0.041203 0.997676 0.000000
0.129805 0.002460 0.554268 -0.070994 -0.036518 0.996808 0.000000
0.125073 0.009765 0.554327 -0.016947 -0.044712 0.998856 0.000000
0.128597 0.010792 0.554448 0.009512 -0.010484 0.999900 0.000000
0.130064 0.006021 0.554390 -0.040835 -0.037993 0.998443 0.000000
0.125448 0.009005 0.554296 -0.021060 -0.063551 0.997756 0.000000
0.128244 0.009362 0.554410 -0.033457 -0.020187 0.999236 0.000000
0.126241 0.006084 0.554197 -0.056368 -0.028982 0.997989 0.000000
0.129791 0.000184 0.554174 0.079108 0.048888 -0.995667 0.000000
0.128924 0.000763 0.554128 -0.075286 -0.054260 0.995685 0.000000
0.141551 0.008917 0.552332 0.046895 0.080678 0.995636 0.000000
0.125340 0.005151 0.554114 -0.057252 -0.024198 0.998066 0.000000
0.125856 0.004212 0.554133 -0.059251 -0.040045 0.997440 0.000000
0.126656 0.003169 0.554130 -0.054207 -0.031925 0.998019 0.000000
0.123400 0.007300 0.554138 0.026159 0.058960 -0.997918 0.000000
0.142724 0.009103 0.552226 -0.083618 -0.067624 -0.994201 0.000000
0.125353 0.005568 0.554117 -0.057462 -0.028220 0.997949 0.000000
0.125244 0.003895 0.554081 -0.059371 -0.040824 0.997401 0.000000
0.124679 0.004806 0.554075 -0.055611 -0.031552 0.997954 0.000000
0.125936 0.004946 0.554159 -0.061690 -0.027593 0.997714 0.000000
0.132522 0.005133 0.554398 0.015540 -0.009300 0.999836 0.000000
0.123791 0.005216 0.554040 -0.056134 -0.040608 0.997597 0.000000
0.124660 0.005648 0.554102 -0.043243 -0.035097 0.998448 0.000000
0.125714 0.001986 0.554051 -0.058505 -0.050712 0.996998 0.000000
0.124084 0.004728 0.554045 -0.060911 -0.038418 0.997404 0.000000
0.126485 0.000770 0.553992 -0.039123 -0.065086 0.997112 0.000000
0.138601 0.002019 0.552174 0.389640 0.119972 0.913120 0.000000
0.126276 0.000228 0.553956 0.038017 0.058750 -0.997549 0.000000
0.123667 0.004449 0.554004 -0.068234 -0.043494 0.996721 0.000000
0.128947 0.000162 0.554083 0.075341 0.051272 -0.995839 0.000000
0.124763 0.001851 0.553963 0.074100 0.048177 -0.996086 0.000000
0.123566 0.003883 0.553976 -0.071274 -0.047118 0.996343 0.000000
0.124630 0.003889 0.554036 -0.063492 -0.040874 0.997145 0.000000
0.123283 0.002825 0.553887 0.076088 0.049329 -0.995880 0.000000
0.140057 0.010773 0.552191 0.031216 0.013406 0.999423 0.000000
0.124489 0.002969 0.553976 -0.073602 -0.044710 0.996285 0.000000
0.135135 0.005685 0.554296 0.032906 0.013869 0.999362 0.000000
0.142323 0.009947 0.552101 -0.010928 -0.136016 -0.990646 0.000000
0.126340 0.005239 0.554192 -0.061295 -0.025696 0.997789 0.000000
0.136121 0.005814 0.554267 0.177303 0.048198 0.982975 0.000000
0.142497 0.008563 0.552235 -0.111696 -0.008701 -0.993704 0.000000
0.130195 0.000383 0.554223 0.069971 0.049896 -0.996300 0.000000
0.142209 0.009533 0.552217 -0.039097 -0.125354 -0.991341 0.000000
0.134854 0.006127 0.554315 0.035294 0.026265 0.999032 0.000000
0.142781 0.010878 0.552008 0.014671 -0.056951 -0.998269 0.000000
0.142690 0.009745 0.552165 -0.019345 -0.119337 -0.992665 0.000000
0.141780 0.009799 0.552124 0.042802 0.162685 0.985749 0.000000
0.140736 0.008760 0.552307 -0.041992 0.032251 0.998597 0.000000
0.139005 0.008790 0.552073 0.117085 -0.014837 0.993011 0.000000
0.129183 0.004639 0.554290 -0.039623 -0.037009 0.998529 0.000000
0.128756 0.007758 0.554419 -0.050815 -0.029739 0.998265 0.000000
0.126474 0.003535 0.554125 -0.052157 -0.032844 0.998099 0.000000
0.124610 0.006123 0.554097 -0.037221 -0.048374 0.998136 0.000000
0.130530 0.008584 0.554430 0.014749 -0.000479 0.999891 0.000000
0.124611 0.001409 0.553916 0.072966 0.049601 -0.996100 0.000000
0.126216 0.001315 0.554009 -0.040520 -0.065692 0.997017 0.000000
0.136479 0.007787 0.553623 0.487922 0.297254 0.820714 0.000000
0.125817 0.009597 0.554354 -0.027854 -0.055957 0.998045 0.000000
0.124717 0.008535 0.554265 -0.015603 -0.065095 0.997757 0.000000
0.132884 0.002088 0.554365 -0.015392 -0.022487 0.999629 0.000000
0.124226 0.003314 0.553974 -0.072697 -0.048343 0.996182 0.000000
0.126061 0.007300 0.554234 -0.043638 -0.041166 0.998199 0.000000
0.130063 0.009753 0.554464 0.012761 0.026383 0.999570 0.000000
0.127873 0.004528 0.554241 -0.051406 -0.037562 0.997971 0.000000
0.127451 0.004286 0.554193 -0.053193 -0.039214 0.997814 0.000000
0.129976 0.011178 0.554433 0.037054 0.010496 0.999258 0.000000
0.129613 0.010764 0.554446 0.014082 0.006186 0.999882 0.000000
0.128876 0.010905 0.554455 0.013664 -0.009607 0.999860 0.000000
0.131125 0.011384 0.554357 0.054850 0.001092 0.998494 0.000000
0.130231 0.010817 0.554431 0.045712 0.015413 0.998836 0.000000
0.128711 0.010552 0.554437 0.012134 -0.017170 0.999779 0.000000
0.140945 0.011331 0.551994 0.130519 -0.005967 0.991428 0.000000
0.130305 0.009379 0.554476 0.017450 0.023841 0.999563 0.000000
0.139400 0.009975 0.552160 0.016093 0.020266 0.999665 0.000000
0.135091 0.010903 0.554151 0.175524 -0.092342 0.980135 0.000000
0.133938 0.011497 0.554300 0.055604 0.015427 0.998334 0.000000
0.134365 0.010906 0.554254 0.104457 -0.039976 0.993726 0.000000
0.133892 0.010988 0.554303 0.076890 -0.004469 0.997030 0.000000
0.136420 0.002318 0.554129 0.264032 -0.005383 0.964499 0.000000
0.136832 0.009614 0.553305 0.523057 -0.109011 0.845297 0.000000
0.137200 0.011048 0.553344 0.657486 -0.112685 0.744993 0.000000
0.133094 0.011219 0.554325 0.024606 0.026701 0.999341 0.000000
0.132967 0.010692 0.554367 0.022989 0.018016 0.999573 0.000000
0.133336 0.010398 0.554329 0.057322 -0.012745 0.998274 0.000000
0.133332 0.009837 0.554317 0.095647 -0.044391 0.994425 0.000000
0.132549 0.010302 0.554374 0.022902 0.011820 0.999668 0.000000
0.134619 0.009294 0.554129 0.179951 -0.054554 0.982162 0.000000
0.132165 0.010508 0.554340 -0.000570 0.032250 0.999480 0.000000
0.132646 0.009752 0.554355 0.047338 -0.000247 0.998879 0.000000
0.132932 0.009164 0.554306 0.107751 -0.005888 0.994160 0.000000
0.131526 0.010980 0.554332 0.026213 0.020249 0.999451 0.000000
0.133790 0.010003 0.554292 0.114393 -0.048061 0.992272 0.000000
0.134254 0.009332 0.554200 0.153504 -0.068163 0.985794 0.000000
0.132079 0.009903 0.554377 0.020294 0.035742 0.999155 0.000000
0.132174 0.009411 0.554378 0.061977 0.029065 0.997654 0.000000
0.132512 0.008904 0.554371 0.094098 0.029315 0.995131 0.000000
0.131468 0.009754 0.554395 0.040974 0.056853 0.997541 0.000000
0.130105 0.008419 0.554441 0.005401 -0.005589 0.999970 0.000000
0.133636 0.008952 0.554249 0.120566 -0.013076 0.992619 0.000000
0.135195 0.007021 0.554298 0.072610 0.135389 0.988128 0.000000
0.132072 0.008726 0.554422 0.077704 0.032554 0.996445 0.000000
0.131623 0.009115 0.554434 0.043391 0.033796 0.998486 0.000000
0.131361 0.010902 0.554335 0.042153 0.018886 0.998933 0.000000
0.130855 0.009413 0.554441 0.038037 0.044486 0.998286 0.000000
0.131516 0.008172 0.554446 0.027006 0.005739 0.999619 0.000000
0.133352 0.011415 0.554306 0.030047 0.023477 0.999273 0.000000
0.131124 0.008640 0.554463 0.019778 0.012844 0.999722 0.000000
0.133830 0.009480 0.554210 0.122197 -0.055277 0.990965 0.000000
0.128902 0.011362 0.554460 0.011845 -0.001363 0.999929 0.000000
0.130030 0.008782 0.554457 0.002263 0.001061 0.999997 0.000000
0.128075 0.011447 0.554468 -0.012384 0.004784 0.999912 0.000000
0.130487 0.008149 0.554460 0.006286 -0.006271 0.999961 0.000000
0.133175 0.009059 0.554284 0.108535 -0.010391 0.994038 0.000000
0.132843 0.008880 0.554332 0.115780 0.008823 0.993236 0.000000
0.128518 0.009947 0.554436 -0.005668 -0.020289 0.999778 0.000000
0.127972 0.010507 0.554453 -0.014333 -0.018730 0.999722 0.000000
0.129079 0.009129 0.554467 -0.030835 0.007361 0.999497 0.000000
0.129540 0.008163 0.554459 -0.012877 -0.014977 0.999805 0.000000
0.132048 0.010291 0.554320 0.003917 0.034639 0.999392 0.000000
0.127263 0.010990 0.554438 -0.028554 -0.003161 0.999587 0.000000
0.129054 0.008337 0.554466 -0.035785 -0.006781 0.999336 0.000000
0.129541 0.007603 0.554456 -0.022175 -0.027580 0.999374 0.000000
0.127847 0.010060 0.554436 -0.017124 -0.029857 0.999407 0.000000
0.128171 0.009604 0.554427 -0.019081 -0.022841 0.999557 0.000000
0.127222 0.010539 0.554423 -0.031566 -0.015761 0.999377 0.000000
0.131755 0.009830 0.554375 0.033934 0.052339 0.998053 0.000000
0.136182 0.002804 0.554145 0.228601 -0.000117 0.973520 0.000000
0.129050 0.007869 0.554455 -0.040769 -0.024767 0.998862 0.000000
0.127326 0.009938 0.554415 -0.030929 -0.036945 0.998839 0.000000
0.129479 0.006982 0.554430 -0.034995 -0.043639 0.998434 0.000000
0.128191 0.008448 0.554399 -0.066894 -0.023783 0.997477 0.000000
0.131557 0.008624 0.554443 0.034967 0.016540 0.999252 0.000000
0.131288 0.009469 0.554414 0.038280 0.050448 0.997993 0.000000
0.131099 0.009847 0.554371 0.046320 0.057396 0.997276 0.000000
0.130843 0.010368 0.554363 0.061460 0.039256 0.997337 0.000000
0.128074 0.008102 0.554391 -0.069335 -0.026237 0.997248 0.000000
0.128941 0.006832 0.554388 -0.046726 -0.046097 0.997844 0.000000
0.126469 0.010354 0.554396 -0.035355 -0.029985 0.998925 0.000000
0.125692 0.011374 0.554391 -0.032921 0.005656 0.999442 0.000000
0.128510 0.011179 0.554470 0.009700 -0.006953 0.999929 0.000000
0.126076 0.010584 0.554384 -0.036479 -0.015521 0.999214 0.000000
0.128126 0.007659 0.554379 -0.072561 -0.033308 0.996808 0.000000
0.126331 0.009914 0.554377 -0.033367 -0.041251 0.998592 0.000000
0.127745 0.008126 0.554366 -0.065662 -0.033119 0.997292 0.000000
0.140748 0.007351 0.552300 -0.021711 -0.022104 0.999520 0.000000
0.141221 0.006667 0.552299 0.031667 0.038447 0.998759 0.000000
0.127754 0.011030 0.554465 -0.022491 -0.004853 0.999735 0.000000
0.140881 0.005389 0.552328 -0.058536 0.039304 0.997511 0.000000
0.124621 0.011399 0.554347 -0.019931 0.003488 0.999795 0.000000
0.140615 0.005164 0.552305 -0.107759 0.038073 0.993448 0.000000
0.127482 0.007688 0.554317 -0.065208 -0.037856 0.997153 0.000000
0.129241 0.011482 0.554416 0.018007 0.003310 0.999832 0.000000
0.133729 0.009510 0.554248 0.109162 -0.051314 0.992699 0.000000
0.126864 0.011133 0.554420 -0.034670 0.000844 0.999398 0.000000
0.129270 0.010548 0.554412 0.002484 -0.004630 0.999986 0.000000
0.124679 0.010870 0.554345 -0.018971 -0.003928 0.999812 0.000000
0.125351 0.009891 0.554351 -0.025583 -0.035010 0.999059 0.000000
0.129331 0.011049 0.554408 0.015759 -0.001511 0.999875 0.000000
0.126306 0.008705 0.554299 -0.037956 -0.057093 0.997647 0.000000
0.125789 0.009300 0.554325 -0.029123 -0.058873 0.997841 0.000000
0.126883 0.007199 0.554261 -0.053771 -0.036688 0.997879 0.000000
0.126029 0.008253 0.554282 -0.038291 -0.052538 0.997885 0.000000
0.129572 0.009681 0.554434 -0.008614 0.021342 0.999735 0.000000
0.125709 0.008653 0.554281 -0.027369 -0.062857 0.997647 0.000000
0.126060 0.011248 0.554404 -0.034147 0.005458 0.999402 0.000000
0.125350 0.008631 0.554269 -0.019867 -0.062086 0.997873 0.000000
0.125670 0.008285 0.554273 -0.029586 -0.052656 0.998174 0.000000
0.126503 0.006880 0.554243 -0.048946 -0.032684 0.998267 0.000000
0.123937 0.010392 0.554363 0.011350 0.021157 -0.999712 0.000000
0.126893 0.010089 0.554407 -0.035923 -0.036439 0.998690 0.000000
0.124838 0.009372 0.554327 -0.010911 -0.058440 0.998231 0.000000
0.125030 0.009017 0.554296 -0.014264 -0.061709 0.997992 0.000000
0.128743 0.009819 0.554428 -0.014136 -0.007758 0.999870 0.000000
0.124326 0.009455 0.554315 -0.010099 -0.050244 0.998686 0.000000
0.124987 0.008539 0.554268 -0.015869 -0.065984 0.997695 0.000000
0.126242 0.006481 0.554227 -0.051357 -0.031951 0.998169 0.000000
0.124535 0.008760 0.554281 -0.014493 -0.067523 0.997612 0.000000
0.124149 0.009102 0.554300 -0.013925 -0.064494 0.997821 0.000000
0.141010 0.008251 0.552360 -0.015251 -0.009667 0.999837 0.000000
0.141616 0.007762 0.552228 0.066318 -0.040062 0.996994 0.000000
0.123741 0.009070 0.554281 0.015134 0.065572 -0.997733 0.000000
0.128089 0.010975 0.554456 -0.005149 -0.007319 0.999960 0.000000
0.123855 0.008243 0.554225 0.023377 0.067811 -0.997424 0.000000
0.140210 0.007675 0.552224 -0.100581 -0.009896 0.994880 0.000000
0.139380 0.007829 0.552164 0.014488 0.030787 0.999421 0.000000
0.126387 0.011446 0.554391 -0.031010 0.008926 0.999479 0.000000
0.126429 0.010954 0.554408 -0.036524 -0.001085 0.999332 0.000000
0.132747 0.006440 0.554441 0.042378 0.013581 0.999009 0.000000
0.127200 0.008681 0.554338 -0.042035 -0.042822 0.998198 0.000000
0.128607 0.009333 0.554427 -0.029208 0.000234 0.999573 0.000000
0.126803 0.010620 0.554407 -0.033489 -0.014258 0.999337 0.000000
0.132991 0.010345 0.554379 0.037367 -0.007395 0.999274 0.000000
0.125666 0.010911 0.554376 -0.033752 -0.007369 0.999403 0.000000
0.140782 0.005780 0.552306 -0.055368 0.038803 0.997712 0.000000
0.132123 0.005684 0.554439 0.007709 -0.013061 0.999885 0.000000
0.125144 0.011110 0.554355 -0.025266 -0.003149 0.999676 0.000000
0.126824 0.009522 0.554377 -0.036030 -0.046116 0.998286 0.000000
0.127771 0.008734 0.554380 -0.052068 -0.029974 0.998194 0.000000
0.127384 0.009173 0.554379 -0.038064 -0.040340 0.998461 0.000000
0.125647 0.010271 0.554371 -0.031739 -0.024810 0.999188 0.000000
0.139758 0.005938 0.552184 -0.103062 -0.006717 0.994652 0.000000
0.125889 0.009786 0.554362 -0.028941 -0.043945 0.998615 0.000000
0.124522 0.010300 0.554346 -0.015690 -0.019068 0.999695 0.000000
0.126606 0.008651 0.554319 -0.043111 -0.052190 0.997706 0.000000
0.124740 0.009893 0.554346 -0.011773 -0.032968 0.999387 0.000000
0.129830 0.006243 0.554397 -0.035717 -0.041621 0.998495 0.000000
0.124745 0.006510 0.554147 -0.033379 -0.049145 0.998234 0.000000
0.126843 0.008301 0.554310 -0.046902 -0.048159 0.997738 0.000000
0.125367 0.009483 0.554327 -0.023028 -0.051391 0.998413 0.000000
0.128010 0.007224 0.554349 -0.068544 -0.041680 0.996777 0.000000
0.139508 0.004987 0.552097 -0.072972 -0.002446 0.997331 0.000000
0.135583 0.006657 0.554318 0.124469 0.117133 0.985285 0.000000
0.140239 0.009207 0.552231 -0.052680 0.042907 0.997689 0.000000
0.135934 0.006295 0.554287 0.168598 0.093997 0.981193 0.000000
0.139649 0.007685 0.552190 -0.053556 0.000529 0.998565 0.000000
0.126912 0.000061 0.553959 0.040921 0.060706 -0.997317 0.000000
0.136419 0.011070 0.553867 0.396595 -0.157966 0.904300 0.000000
0.128121 0.003125 0.554217 -0.048293 -0.034487 0.998238 0.000000
0.139853 0.002423 0.552284 0.069548 -0.028649 -0.997167 0.000000
0.142256 0.005849 0.552278 -0.035657 -0.072800 -0.996709 0.000000
0.141977 0.008434 0.552286 0.070833 0.013475 0.997397 0.000000
0.134220 0.003356 0.554376 0.059344 0.001005 0.998237 0.000000
0.142127 0.008994 0.552308 -0.057277 -0.091476 -0.994159 0.000000
0.130698 0.000796 0.554278 0.054604 0.037565 -0.997801 0.000000
0.126954 -0.000294 0.553933 0.043269 0.060131 -0.997252 0.000000
0.131969 0.003661 0.554389 -0.011889 -0.037909 0.999210 0.000000
0.141506 0.008173 0.552330 0.044838 -0.034547 0.998397 0.000000
0.131473 0.003836 0.554389 -0.020954 -0.036200 0.999125 0.000000
0.129820 0.008478 0.554450 -0.008381 -0.002163 0.999963 0.000000
0.125593 0.003683 0.554089 -0.062125 -0.039693 0.997279 0.000000
0.130620 0.004794 0.554390 -0.049942 -0.024103 0.998461 0.000000
0.126507 0.001794 0.554064 -0.045050 -0.063822 0.996944 0.000000
0.126221 0.003015 0.554090 -0.056763 -0.032265 0.997866 0.000000
0.126592 0.004035 0.554166 -0.053876 -0.040751 0.997716 0.000000
0.129045 0.006474 0.554377 -0.046261 -0.042207 0.998037 0.000000
0.141469 0.008481 0.552390 0.057457 0.005410 0.998333 0.000000
0.140120 0.011532 0.552187 0.049336 -0.011318 0.998718 0.000000
0.128739 0.001740 0.554143 -0.059457 -0.052765 0.996835 0.000000
0.129129 0.003924 0.554255 -0.041433 -0.033798 0.998569 0.000000
0.142543 0.010163 0.552057 -0.009250 -0.132967 -0.991077 0.000000
0.141060 0.008621 0.552376 -0.007738 0.036560 0.999301 0.000000
0.130121 0.005524 0.554376 -0.047269 -0.033432 0.998323 0.000000
0.128696 0.014714 0.554332 0.004733 0.109918 0.993929 0.000000
0.129482 0.013379 0.554393 0.043393 0.046598 0.997971 0.000000
0.127691 0.013619 0.554388 -0.031382 0.049103 0.998301 0.000000
0.126457 0.013788 0.554344 -0.021482 0.050667 0.998485 0.000000
0.139621 0.018436 0.552344 -0.037106 0.077979 -0.996264 0.000000
0.138706 0.018991 0.552541 -0.343748 0.185768 -0.920504 0.000000
0.139731 0.017845 0.552309 0.013985 -0.051503 0.998575 0.000000
0.139093 0.018652 0.552448 -0.129279 0.114327 -0.984995 0.000000
0.139500 0.019155 0.552365 -0.101934 0.114466 -0.988184 0.000000
0.139798 0.017380 0.552280 0.012668 -0.030323 0.999460 0.000000
0.139144 0.018136 0.552324 0.108218 -0.063942 0.992069 0.000000
0.138674 0.018490 0.552457 0.381277 -0.075491 0.921373 0.000000
0.139126 0.019023 0.552456 -0.129279 0.114327 -0.984995 0.000000
0.138476 0.018026 0.552440 0.482123 0.004274 0.876093 0.000000
0.139766 0.016737 0.552273 0.031349 -0.019722 0.999314 0.000000
0.139223 0.017558 0.552308 0.111896 -0.029198 0.993291 0.000000
0.137532 0.018678 0.553542 0.777866 0.077327 0.623654 0.000000
0.139369 0.017037 0.552308 0.125243 0.001988 0.992124 0.000000
0.137921 0.018052 0.552887 0.749055 0.053861 0.660315 0.000000
0.137381 0.019012 0.553684 0.656905 0.121771 0.744075 0.000000
0.138645 0.017607 0.552369 0.407800 -0.003761 0.913063 0.000000
0.137637 0.018376 0.553423 0.788626 0.072338 0.610604 0.000000
0.137161 0.019028 0.553891 0.527604 0.104088 0.843090 0.000000
0.138750 0.017158 0.552351 0.276409 0.019200 0.960848 0.000000
0.138992 0.016645 0.552291 0.287167 -0.014311 0.957774 0.000000
0.138788 0.017942 0.552293 0.289655 -0.030665 0.956640 0.000000
0.137431 0.018371 0.553733 0.667251 0.038167 0.743854 0.000000
0.139866 0.015505 0.552255 0.034987 -0.036985 0.998703 0.000000
0.138125 0.017523 0.552790 0.715827 0.038873 0.697195 0.000000
0.138222 0.018349 0.552543 0.546087 -0.021879 0.837442 0.000000
0.137697 0.017902 0.553362 0.802257 0.064615 0.593472 0.000000
0.139070 0.016040 0.552264 0.199471 -0.034021 0.979313 0.000000
0.137348 0.017850 0.553803 0.586101 0.020507 0.809978 0.000000
0.138209 0.016949 0.552712 0.691058 -0.018591 0.722560 0.000000
0.137741 0.017315 0.553371 0.789174 0.037963 0.612996 0.000000
0.140050 0.014676 0.552214 0.026028 -0.018441 0.999491 0.000000
0.138164 0.017853 0.552628 0.602394 0.037133 0.797334 0.000000
0.138392 0.016711 0.552518 0.549907 -0.023977 0.834882 0.000000
0.138361 0.017286 0.552531 0.570520 -0.005185 0.821267 0.000000
0.137440 0.017401 0.553740 0.634910 0.006472 0.772559 0.000000
0.139158 0.015538 0.552236 0.142789 -0.032020 0.989235 0.000000
0.137944 0.016888 0.553065 0.792246 0.004552 0.610185 0.000000
0.138651 0.016101 0.552338 0.347757 -0.065733 0.935278 0.000000
0.137684 0.016914 0.553464 0.773271 -0.013625 0.633929 0.000000
0.138645 0.015583 0.552318 0.352561 -0.042227 0.934836 0.000000
0.137969 0.016291 0.552948 0.780722 -0.061969 0.621798 0.000000
0.137340 0.017000 0.553826 0.616180 0.013620 0.787488 0.000000
0.138098 0.017189 0.552804 0.736762 0.017461 0.675927 0.000000
0.139184 0.014708 0.552195 0.144485 -0.023854 0.989219 0.000000
0.138342 0.015873 0.552488 0.588185 -0.031363 0.808118 0.000000
0.137017 0.017124 0.553979 0.396892 0.024167 0.917547 0.000000
0.138799 0.015068 0.552249 0.266196 -0.014325 0.963812 0.000000
0.137623 0.016327 0.553482 0.766047 -0.084661 0.637185 0.000000
0.138210 0.016240 0.552617 0.673570 -0.063602 0.736382 0.000000
0.137188 0.016501 0.553938 0.495122 -0.041439 0.867835 0.000000
0.139510 0.013898 0.552229 0.086927 -0.003148 0.996210 0.000000
0.137801 0.015789 0.553128 0.782362 -0.079795 0.617692 0.000000
0.138162 0.015097 0.552604 0.611911 -0.047288 0.789512 0.000000
0.138112 0.015425 0.552693 0.688576 -0.051197 0.723354 0.000000
0.137722 0.018708 0.553120 0.788660 0.038659 0.613613 0.000000
0.138761 0.014462 0.552255 0.315922 -0.011710 0.948713 0.000000
0.137515 0.016702 0.553653 0.673920 -0.027861 0.738279 0.000000
0.137517 0.015955 0.553573 0.687156 -0.111317 0.717932 0.000000
0.137687 0.019152 0.553140 0.746621 0.033980 0.664381 0.000000
0.136889 0.018126 0.554009 0.338217 0.010896 0.941005 0.000000
0.137971 0.016546 0.552942 0.785060 -0.036627 0.618336 0.000000
0.139055 0.014050 0.552229 0.164469 -0.006862 0.986358 0.000000
0.137998 0.017790 0.552913 0.745971 0.037031 0.664948 0.000000
0.139331 0.013461 0.552221 0.089740 -0.020696 0.995750 0.000000
0.137931 0.015092 0.552894 0.723990 -0.076389 0.685567 0.000000
0.137634 0.015568 0.553353 0.757406 -0.094775 0.646030 0.000000
0.136991 0.017597 0.553983 0.378314 0.016343 0.925533 0.000000
0.138451 0.014610 0.552387 0.424169 -0.018278 0.905399 0.000000
0.137351 0.016319 0.553793 0.609433 -0.084097 0.788365 0.000000
0.137102 0.015907 0.553907 0.536928 -0.091094 0.838696 0.000000
0.137760 0.016045 0.553207 0.783951 -0.080917 0.615527 0.000000
0.137299 0.015572 0.553725 0.628547 -0.121776 0.768180 0.000000
0.137963 0.014567 0.552805 0.679339 -0.054439 0.731802 0.000000
0.138411 0.014022 0.552393 0.452296 -0.016745 0.891711 0.000000
0.137153 0.018530 0.553931 0.544584 0.091387 0.833713 0.000000
0.137638 0.015029 0.553250 0.740433 -0.096877 0.665111 0.000000
0.139552 0.014437 0.552227 0.053735 -0.007664 0.998526 0.000000
0.136863 0.019045 0.553982 -0.377827 -0.132832 -0.916298 0.000000
0.137989 0.014059 0.552723 0.639413 -0.057845 0.766685 0.000000
0.137370 0.015204 0.553590 0.655586 -0.112206 0.746738 0.000000
0.137175 0.014849 0.553713 0.593006 -0.103452 0.798525 0.000000
0.138652 0.013272 0.552284 0.333459 -0.039591 0.941933 0.000000
0.138224 0.013531 0.552489 0.540263 -0.066187 0.838889 0.000000
0.139312 0.012298 0.552178 0.080315 -0.032187 0.996250 0.000000
0.138968 0.012591 0.552195 0.176033 -0.060612 0.982516 0.000000
0.137994 0.015795 0.552838 0.750217 -0.070587 0.657413 0.000000
0.137321 0.014410 0.553474 0.674826 -0.123230 0.727615 0.000000
0.137765 0.013839 0.552923 0.682882 -0.081719 0.725944 0.000000
0.139400 0.011760 0.552139 0.048594 -0.039886 0.998022 0.000000
0.136883 0.014898 0.553927 0.455395 -0.095052 0.885201 0.000000
0.138047 0.013235 0.552596 0.577150 -0.071842 0.813472 0.000000
0.137584 0.014144 0.553107 0.702012 -0.104351 0.704479 0.000000
0.138624 0.012313 0.552248 0.315303 -0.028667 0.948558 0.000000
0.136338 0.018562 0.554043 -0.142441 -0.066687 -0.987554 0.000000
0.138097 0.014806 0.552651 0.681638 -0.051047 0.729907 0.000000
0.137223 0.014003 0.553491 0.671182 -0.107365 0.733476 0.000000
0.137689 0.013318 0.552927 0.689584 -0.068539 0.720955 0.000000
0.138134 0.012882 0.552498 0.543945 -0.031334 0.838535 0.000000
0.137045 0.016737 0.553983 0.448650 0.010498 0.893646 0.000000
0.138748 0.011864 0.552217 0.304531 -0.032513 0.951947 0.000000
0.138177 0.014360 0.552532 0.566969 -0.033854 0.823043 0.000000
0.137180 0.013482 0.553440 0.685658 -0.077343 0.723804 0.000000
0.138167 0.011950 0.552487 0.528231 0.002256 0.849097 0.000000
0.138142 0.013895 0.552526 0.563396 -0.051622 0.824573 0.000000
0.137446 0.013104 0.553145 0.711817 -0.042370 0.701086 0.000000
0.135688 0.016576 0.554140 0.054492 0.028093 0.998119 0.000000
0.137819 0.014281 0.552909 0.684918 -0.075643 0.724683 0.000000
0.136023 0.017913 0.554079 0.071272 0.022514 0.997203 0.000000
0.137599 0.014509 0.553188 0.719280 -0.116571 0.684870 0.000000
0.137998 0.012211 0.552556 0.585685 0.005342 0.810521 0.000000
0.137020 0.015583 0.553919 0.519881 -0.102475 0.848070 0.000000
0.136809 0.014009 0.553846 0.512523 -0.106345 0.852063 0.000000
0.136440 0.018224 0.554051 0.150335 0.036212 0.987972 0.000000
0.138366 0.011725 0.552341 0.467079 -0.019078 0.884010 0.000000
0.136801 0.013467 0.553785 0.537961 -0.053811 0.841251 0.000000
0.138180 0.011599 0.552479 0.547333 -0.025859 0.836515 0.000000
0.137831 0.011780 0.552751 0.638360 0.003632 0.769729 0.000000
0.137040 0.013032 0.553577 0.643732 -0.028637 0.764715 0.000000
0.137303 0.013310 0.553248 0.710652 -0.050952 0.701696 0.000000
0.137927 0.013556 0.552697 0.623684 -0.081578 0.777408 0.000000
0.138657 0.018216 0.552383 0.322219 -0.043718 0.945655 0.000000
0.137332 0.012686 0.553262 0.721205 -0.002253 0.692718 0.000000
0.137035 0.014468 0.553760 0.568323 -0.120617 0.813917 0.000000
0.137527 0.012530 0.552948 0.713216 0.003502 0.700936 0.000000
0.138308 0.012211 0.552365 0.494861 -0.015438 0.868835 0.000000
0.137216 0.012260 0.553425 0.716959 0.018248 0.696877 0.000000
0.137742 0.012103 0.552700 0.664005 0.016885 0.747537 0.000000
0.136831 0.012702 0.553771 0.599448 0.012294 0.800319 0.000000
0.137472 0.013647 0.553136 0.699998 -0.091353 0.708278 0.000000
0.137834 0.013023 0.552705 0.638183 -0.063770 0.767239 0.000000
0.136048 0.015350 0.554138 0.103971 -0.010148 0.994529 0.000000
0.137613 0.011762 0.552964 0.705494 0.010387 0.708640 0.000000
0.137109 0.012599 0.553505 0.681255 0.017440 0.731839 0.000000
0.136580 0.014661 0.554039 0.365972 -0.109347 0.924179 0.000000
0.136448 0.013275 0.553969 0.432961 -0.024998 0.901066 0.000000
0.137816 0.012513 0.552664 0.654591 -0.010893 0.755905 0.000000
0.137917 0.018409 0.552771 0.716470 0.045295 0.696146 0.000000
0.137084 0.011893 0.553600 0.667199 -0.020664 0.744593 0.000000
0.136575 0.012870 0.553935 0.510596 0.036981 0.859025 0.000000
0.135130 0.015869 0.554166 0.025487 0.014140 0.999575 0.000000
0.137322 0.011943 0.553270 0.732546 0.013883 0.680576 0.000000
0.136161 0.014818 0.554140 0.179411 -0.043736 0.982801 0.000000
0.137982 0.011794 0.552617 0.599640 -0.003329 0.800263 0.000000
0.135499 0.015467 0.554158 0.045943 0.008026 0.998912 0.000000
0.136799 0.011791 0.553842 0.561751 -0.038790 0.826397 0.000000
0.136604 0.012045 0.553949 0.462094 -0.010342 0.886771 0.000000
0.137491 0.012196 0.553034 0.719888 0.026992 0.693566 0.000000
0.138348 0.015429 0.552426 0.586515 -0.042051 0.808846 0.000000
0.135798 0.017105 0.554114 0.066548 0.025395 0.997460 0.000000
0.138986 0.013048 0.552219 0.154469 -0.037456 0.987287 0.000000
0.138345 0.015091 0.552442 0.563689 -0.024145 0.825634 0.000000
0.136175 0.016480 0.554110 0.121945 0.013227 0.992449 0.000000
0.138707 0.013841 0.552278 0.296091 -0.055041 0.953573 0.000000
0.138476 0.012546 0.552267 0.367973 -0.024378 0.929517 0.000000
0.137003 0.016320 0.554004 0.416126 -0.018792 0.909113 0.000000
0.138284 0.013215 0.552420 0.475790 -0.063523 0.877262 0.000000
0.136497 0.011754 0.553970 0.419793 -0.049040 0.906294 0.000000
0.136275 0.012847 0.554037 0.377455 0.027038 0.925633 0.000000
0.136585 0.017232 0.554054 0.242407 0.024226 0.969872 0.000000
0.134978 0.016515 0.554149 0.003512 0.031990 0.999482 0.000000
0.137413 0.014781 0.553448 0.699683 -0.110596 0.705842 0.000000
0.137582 0.012860 0.552955 0.707388 -0.041727 0.705593 0.000000
0.139873 0.011673 0.552168 0.028358 -0.031427 0.999104 0.000000
0.136985 0.013676 0.553651 0.594712 -0.056916 0.801921 0.000000
0.134154 0.015298 0.554186 0.007923 0.022170 0.999723 0.000000
0.129780 0.016922 0.553991 -0.022056 0.125726 0.991820 0.000000
0.136630 0.016639 0.554078 0.226717 0.008210 0.973926 0.000000
0.129255 0.016748 0.554018 -0.019025 0.141030 0.989822 0.000000
0.136628 0.016088 0.554074 0.228090 -0.027234 0.973259 0.000000
0.128725 0.017254 0.553919 -0.011387 0.121287 0.992552 0.000000
0.128309 0.017591 0.553872 -0.002893 0.113834 0.993496 0.000000
0.128022 0.017966 0.553856 0.001381 -0.110067 -0.993923 0.000000
0.128883 0.016307 0.554067 -0.005626 0.163278 0.986564 0.000000
0.136351 0.015532 0.554107 0.233810 -0.032349 0.971744 0.000000
0.128414 0.016505 0.554028 -0.004193 0.160180 0.987079 0.000000
0.135805 0.015765 0.554153 0.069268 0.005204 0.997585 0.000000
0.138174 0.012561 0.552408 0.507844 -0.023642 0.861125 0.000000
0.128372 0.015942 0.554140 -0.006719 0.163136 0.986581 0.000000
0.126967 0.017700 0.553881 -0.020933 -0.114445 -0.993209 0.000000
0.127627 0.016707 0.554004 0.005623 0.137267 0.990518 0.000000
0.127811 0.016088 0.554112 -0.008627 0.156058 0.987710 0.000000
0.126426 0.017738 0.553906 -0.036892 -0.109699 -0.993280 0.000000
0.127036 0.017310 0.553926 0.019315 0.115763 0.993089 0.000000
0.130729 0.018524 0.553861 0.042035 -0.094021 -0.994682 0.000000
0.138549 0.012832 0.552284 0.370973 -0.049290 0.927335 0.000000
0.127805 0.015535 0.554209 -0.013495 0.150223 0.988560 0.000000
0.126533 0.017262 0.553960 0.034446 0.112192 0.993089 0.000000
0.126031 0.017511 0.553958 -0.039295 -0.110739 -0.993072 0.000000
0.136886 0.012236 0.553751 0.617355 0.022367 0.786366 0.000000
0.127043 0.016211 0.554068 0.004891 0.143913 0.989578 0.000000
0.136702 0.013102 0.553834 0.522289 -0.017876 0.852581 0.000000
0.130021 0.018249 0.553873 0.031642 -0.095481 -0.994928 0.000000
0.127114 0.015665 0.554168 -0.005812 0.143872 0.989579 0.000000
0.126349 0.016836 0.554003 0.039684 0.120976 0.991862 0.000000
0.136503 0.012436 0.553968 0.444780 0.020425 0.895407 0.000000
0.131869 0.013082 0.554297 0.033881 0.030924 0.998947 0.000000
0.125986 0.016765 0.554039 0.044601 0.116810 0.992152 0.000000
0.126519 0.016375 0.554056 0.026126 0.127810 0.991454 0.000000
0.127229 0.015106 0.554254 -0.022835 0.132944 0.990860 0.000000
0.126711 0.015773 0.554150 0.000934 0.139369 0.990240 0.000000
0.126727 0.015101 0.554252 -0.008892 0.125155 0.992097 0.000000
0.125783 0.016391 0.554093 0.036104 0.114941 0.992716 0.000000
0.126067 0.015793 0.554155 0.024815 0.125528 0.991780 0.000000
0.126248 0.014991 0.554244 -0.007198 0.102025 0.994756 0.000000
0.126406 0.014465 0.554324 -0.010914 0.078552 0.996850 0.000000
0.130252 0.016530 0.554058 -0.014470 0.126800 0.991823 0.000000
0.131322 0.011894 0.554341 0.046991 0.000752 0.998895 0.000000
0.125613 0.015179 0.554245 0.012502 0.098960 0.995013 0.000000
0.124996 0.015843 0.554181 -0.025963 -0.106924 -0.993928 0.000000
0.125299 0.015581 0.554196 -0.020650 -0.108330 -0.993900 0.000000
0.130345 0.016037 0.554145 -0.005819 0.122326 0.992473 0.000000
0.125850 0.014533 0.554306 0.002723 0.074826 0.997193 0.000000
0.127312 0.016937 0.553987 0.009757 0.128354 0.991680 0.000000
0.127788 0.017569 0.553899 0.008831 0.119835 0.992755 0.000000
0.129734 0.015933 0.554149 -0.003227 0.135937 0.990712 0.000000
0.130668 0.011650 0.554383 0.062668 0.004550 0.998024 0.000000
0.125609 0.014067 0.554329 0.000006 0.054852 0.998494 0.000000
0.138918 0.012169 0.552175 0.177503 -0.047038 0.982995 0.000000
0.138389 0.017660 0.552455 0.529501 0.010324 0.848246 0.000000
0.125202 0.014574 0.554298 0.009665 0.075568 0.997094 0.000000
0.124723 0.014617 0.554303 -0.012764 -0.070736 -0.997413 0.000000
0.137893 0.017171 0.553116 0.806081 0.032863 0.590892 0.000000
0.129793 0.015101 0.554253 0.023391 0.108316 0.993841 0.000000
0.128811 0.015787 0.554176 0.000435 0.157052 0.987590 0.000000
0.137580 0.018920 0.553395 0.779028 0.077929 0.622127 0.000000
0.129241 0.015494 0.554219 0.013538 0.142633 0.989683 0.000000
0.137528 0.017702 0.553557 0.755484 0.048424 0.653375 0.000000
0.137523 0.018138 0.553579 0.767037 0.058898 0.638893 0.000000
0.137561 0.017167 0.553613 0.694245 0.028944 0.719156 0.000000
0.126315 0.016557 0.554051 0.035699 0.121805 0.991912 0.000000
0.127998 0.016335 0.554076 0.000140 0.160436 0.987046 0.000000
0.127028 0.016505 0.554044 0.007601 0.144280 0.989508 0.000000
0.126513 0.016624 0.554041 0.027057 0.129615 0.991195 0.000000
0.129203 0.014648 0.554331 0.027209 0.104280 0.994176 0.000000
0.127447 0.015946 0.554135 -0.005414 0.153902 0.988071 0.000000
0.130301 0.011982 0.554409 0.042806 0.008594 0.999046 0.000000
0.127445 0.015405 0.554217 -0.017682 0.141550 0.989773 0.000000
0.134561 0.014693 0.554167 0.033338 0.003740 0.999437 0.000000
0.128945 0.014139 0.554401 0.023918 0.080125 0.996498 0.000000
0.126311 0.016031 0.554125 0.022280 0.124855 0.991925 0.000000
0.125346 0.016474 0.554107 -0.043218 -0.108521 -0.993154 0.000000
0.128389 0.014132 0.554403 -0.016236 0.083992 0.996334 0.000000
0.125765 0.016013 0.554138 0.033152 0.116607 0.992625 0.000000
0.134148 0.014805 0.554194 0.017683 0.014530 0.999738 0.000000
0.133778 0.016881 0.554107 -0.015147 0.048317 0.998717 0.000000
0.128256 0.013740 0.554421 -0.015645 0.058172 0.998184 0.000000
0.135992 0.012489 0.554110 0.256003 -0.002363 0.966673 0.000000
0.135807 0.012897 0.554135 0.172474 0.007896 0.984982 0.000000
0.128557 0.013230 0.554438 -0.006149 0.024504 0.999681 0.000000
0.135870 0.011676 0.554115 0.212792 -0.073934 0.974296 0.000000
0.124880 0.015627 0.554210 -0.023090 -0.104511 -0.994256 0.000000
0.132647 0.016109 0.554143 -0.019491 0.049744 0.998572 0.000000
0.126171 0.017638 0.553916 -0.037991 -0.110495 -0.993150 0.000000
0.127957 0.012768 0.554429 -0.022480 0.022849 0.999486 0.000000
0.125015 0.014844 0.554291 -0.019718 -0.085683 -0.996127 0.000000
0.131583 0.017471 0.554013 -0.054054 0.090477 0.994431 0.000000
0.141721 0.017003 0.552179 -0.040418 0.032425 -0.998657 0.000000
0.140130 0.018127 0.552346 0.017552 -0.058740 0.998119 0.000000
0.139864 0.013487 0.552188 0.055757 -0.027889 0.998055 0.000000
0.140833 0.016712 0.552245 0.062233 -0.033173 0.997510 0.000000
0.140164 0.012186 0.552165 0.064631 -0.025184 0.997591 0.000000
0.139840 0.012557 0.552167 0.052923 -0.013529 0.998507 0.000000
0.139721 0.012171 0.552170 0.036965 -0.029184 0.998890 0.000000
0.140342 0.016482 0.552276 0.056092 -0.031479 0.997929 0.000000
0.139938 0.016396 0.552275 0.042287 -0.031913 0.998596 0.000000
0.139711 0.015969 0.552276 0.043789 -0.042527 0.998135 0.000000
0.140237 0.015439 0.552252 0.035262 -0.032831 0.998839 0.000000
0.136586 0.017790 0.554038 0.241900 0.036136 0.969628 0.000000
0.139529 0.015276 0.552230 0.064847 -0.033869 0.997320 0.000000
0.143346 0.014671 0.552063 -0.052672 0.069131 -0.996216 0.000000
0.136230 0.017074 0.554075 0.112653 0.018450 0.993463 0.000000
0.140704 0.017222 0.552280 0.054533 -0.044986 0.997498 0.000000
0.142998 0.015671 0.552140 -0.023441 0.058050 -0.998038 0.000000
0.142340 0.015915 0.552189 0.035193 -0.033854 0.998807 0.000000
0.142923 0.015133 0.552075 0.050020 -0.059046 0.997001 0.000000
0.142452 0.015390 0.552142 0.044099 -0.046669 0.997937 0.000000
0.135327 0.016903 0.554137 0.016764 0.033169 0.999309 0.000000
0.132927 0.012660 0.554286 0.027183 0.031833 0.999124 0.000000
0.134716 0.011944 0.554240 0.072796 0.009732 0.997299 0.000000
0.142408 0.014854 0.552085 0.055915 -0.062526 0.996476 0.000000
0.140838 0.016343 0.552222 0.066959 -0.035549 0.997122 0.000000
0.136671 0.015164 0.554029 0.336565 -0.083077 0.937988 0.000000
0.142826 0.014467 0.552040 -0.052672 0.069131 -0.996216 0.000000
0.141701 0.015087 0.552192 0.044569 -0.040693 0.998177 0.000000
0.132727 0.011777 0.554327 0.013254 0.022881 0.999650 0.000000
0.142317 0.013961 0.552033 0.060286 -0.066476 0.995965 0.000000
0.141940 0.014250 0.552111 0.072510 -0.072884 0.994701 0.000000
0.142487 0.013468 0.552000 -0.054698 0.047736 -0.997361 0.000000
0.140884 0.014080 0.552190 0.057094 -0.049203 0.997156 0.000000
0.134888 0.014586 0.554184 0.038630 -0.002391 0.999251 0.000000
0.141839 0.013186 0.552043 0.069784 -0.044552 0.996567 0.000000
0.135689 0.013309 0.554127 0.153224 -0.004424 0.988182 0.000000
0.140915 0.013520 0.552102 0.074390 -0.045340 0.996198 0.000000
0.139896 0.013984 0.552221 0.044752 -0.020412 0.998790 0.000000
0.135430 0.012627 0.554179 0.118306 0.012567 0.992898 0.000000
0.141412 0.012347 0.552058 0.096253 -0.033741 0.994785 0.000000
0.134961 0.012957 0.554202 0.071558 0.027568 0.997055 0.000000
0.140469 0.012912 0.552135 0.075953 -0.026365 0.996763 0.000000
0.139509 0.012949 0.552215 0.067939 -0.029630 0.997249 0.000000
0.141401 0.011787 0.551996 0.098809 -0.038468 0.994363 0.000000
0.137809 0.015432 0.553049 0.756648 -0.076254 0.649361 0.000000
0.138973 0.013594 0.552215 0.199608 -0.019208 0.979688 0.000000
0.137240 0.013115 0.553327 0.705225 -0.029980 0.708349 0.000000
0.138499 0.013577 0.552324 0.379840 -0.054350 0.923454 0.000000
0.137185 0.014334 0.553591 0.647308 -0.126280 0.751695 0.000000
0.137323 0.018687 0.553775 0.601059 0.081342 0.795055 0.000000
0.136669 0.015617 0.554041 0.282442 -0.056609 0.957613 0.000000
0.136222 0.012042 0.554054 0.326547 -0.007373 0.945152 0.000000
0.135400 0.011630 0.554181 0.154157 -0.051495 0.986704 0.000000
0.136393 0.015248 0.554085 0.244487 -0.037820 0.968915 0.000000
0.135270 0.011936 0.554183 0.129562 -0.015032 0.991457 0.000000
0.134895 0.012471 0.554222 0.067117 0.025121 0.997429 0.000000
0.134933 0.015379 0.554160 0.022910 0.010492 0.999682 0.000000
0.134315 0.015744 0.554173 0.003677 0.028558 0.999585 0.000000
0.138932 0.018230 0.552298 0.250415 -0.066302 0.965866 0.000000
0.134757 0.013351 0.554143 0.047006 0.024057 0.998605 0.000000
0.134253 0.013776 0.554182 0.033316 0.013942 0.999348 0.000000
0.133592 0.013067 0.554233 0.045318 0.040204 0.998163 0.000000
0.132313 0.011643 0.554306 0.008303 0.017255 0.999817 0.000000
0.135129 0.018431 0.554104 0.003500 0.025694 0.999664 0.000000
0.130656 0.013442 0.554336 0.042130 0.048663 0.997926 0.000000
0.128174 0.013420 0.554419 -0.023429 0.041644 0.998858 0.000000
0.124855 0.011813 0.554350 -0.017930 0.006201 0.999820 0.000000
0.134350 0.012466 0.554227 0.048497 0.037474 0.998120 0.000000
0.133798 0.012053 0.554271 0.042838 0.033228 0.998529 0.000000
0.139001 0.017138 0.552307 0.260191 0.003640 0.965550 0.000000
0.124857 0.015037 0.554280 -0.018670 -0.088042 -0.995942 0.000000
0.129313 0.012040 0.554434 0.025625 0.011737 0.999603 0.000000
0.125196 0.014062 0.554314 0.003758 -0.051131 -0.998685 0.000000
0.128521 0.016279 0.554072 -0.004622 0.163512 0.986530 0.000000
0.127470 0.016417 0.554061 0.004611 0.145945 0.989282 0.000000
0.126895 0.013222 0.554367 -0.023556 0.032635 0.999190 0.000000
0.126284 0.014113 0.554332 -0.015760 0.059065 0.998130 0.000000
0.131600 0.011638 0.554334 0.032081 0.003094 0.999480 0.000000
0.128663 0.017685 0.553887 -0.011535 0.111185 0.993733 0.000000
0.126058 0.013785 0.554336 -0.012132 0.050390 0.998656 0.000000
0.129528 0.016958 0.553993 -0.019677 0.131185 0.991163 0.000000
0.136218 0.015808 0.554107 0.150237 -0.013714 0.988555 0.000000
0.138664 0.014160 0.552273 0.355597 -0.016777 0.934489 0.000000
0.129442 0.012482 0.554438 0.027907 0.018005 0.999448 0.000000
0.137257 0.017341 0.553878 0.573393 0.022103 0.818982 0.000000
0.130442 0.018374 0.553868 0.034873 -0.096504 -0.994721 0.000000
0.126836 0.014415 0.554326 -0.015522 0.082671 0.996456 0.000000
0.125439 0.014445 0.554284 0.009217 0.069433 0.997544 0.000000
0.129367 0.014184 0.554356 0.034417 0.075729 0.996534 0.000000
0.128519 0.013630 0.554418 -0.003172 0.052780 0.998601 0.000000
0.132429 0.017041 0.554076 -0.034508 0.061531 0.997508 0.000000
0.131684 0.016047 0.554098 -0.003531 0.077396 0.996994 0.000000
0.135435 0.014619 0.554168 0.052715 -0.004933 0.998597 0.000000
0.136233 0.014399 0.554136 0.251011 -0.071117 0.965368 0.000000
0.141964 0.013695 0.552077 0.067261 -0.055285 0.996203 0.000000
0.142172 0.012890 0.551989 0.057570 -0.035445 0.997712 0.000000
0.142588 0.012947 0.551960 -0.046888 0.033878 -0.998326 0.000000
0.142315 0.012420 0.551986 -0.049430 0.036979 -0.998093 0.000000
0.142412 0.011904 0.551995 -0.028464 0.015977 -0.999467 0.000000
0.140425 0.014529 0.552185 0.038654 -0.028747 0.998839 0.000000
0.141833 0.012578 0.552041 0.067040 -0.036503 0.997082 0.000000
0.141877 0.011959 0.552016 0.069836 -0.032991 0.997013 0.000000
0.141606 0.014063 0.552107 0.078255 -0.061326 0.995045 0.000000
0.140215 0.015907 0.552281 0.044366 -0.042290 0.998120 0.000000
0.141465 0.013213 0.552050 0.083334 -0.046118 0.995454 0.000000
0.139456 0.016366 0.552282 0.093809 -0.027802 0.995202 0.000000
0.139230 0.015114 0.552191 0.137259 -0.029868 0.990085 0.000000
0.138553 0.015257 0.552286 0.423977 -0.032169 0.905102 0.000000
0.143190 0.014415 0.552055 -0.052672 0.069131 -0.996216 0.000000
0.135459 0.016273 0.554154 0.031553 0.019197 0.999318 0.000000
0.139547 0.017357 0.552309 0.044307 -0.016992 0.998873 0.000000
0.136097 0.013142 0.554039 0.263868 0.016663 0.964415 0.000000
0.140888 0.012519 0.552110 0.096105 -0.021607 0.995137 0.000000
0.137310 0.016675 0.553834 0.600414 -0.007687 0.799653 0.000000
0.142222 0.014431 0.552038 0.058285 -0.062003 0.996373 0.000000
0.139446 0.018802 0.552399 0.064446 -0.095194 0.993370 0.000000
0.142083 0.013243 0.551957 0.060225 -0.034240 0.997597 0.000000
0.141237 0.016040 0.552156 0.046279 -0.023162 0.998660 0.000000
0.141169 0.012103 0.552002 0.103056 -0.039257 0.993901 0.000000
0.136209 0.011610 0.554019 0.285594 -0.088880 0.954220 0.000000
0.124607 0.012496 0.554345 0.009273 -0.001974 -0.999955 0.000000
0.125345 0.011590 0.554353 -0.023038 0.006232 0.999715 0.000000
0.125217 0.011989 0.554353 -0.020469 0.006159 0.999772 0.000000
0.132723 0.016832 0.554098 -0.027472 0.050510 0.998346 0.000000
0.140237 0.012576 0.552188 0.067145 -0.011497 0.997677 0.000000
0.140290 0.011802 0.552187 0.084076 -0.018570 0.996286 0.000000
0.135336 0.018733 0.554088 -0.013874 -0.035376 -0.999278 0.000000
0.140531 0.013258 0.552097 0.075629 -0.033190 0.996583 0.000000
0.139528 0.014874 0.552223 0.064309 -0.024362 0.997633 0.000000
0.139930 0.013228 0.552207 0.055198 -0.025763 0.998143 0.000000
0.134228 0.017543 0.554033 -0.024543 0.028473 0.999293 0.000000
0.138229 0.018821 0.552541 -0.525136 0.115518 -0.843142 0.000000
0.137897 0.018929 0.552774 -0.668793 0.060643 -0.740971 0.000000
0.137545 0.019187 0.553413 0.713492 0.091283 0.694691 0.000000
0.125664 0.017102 0.554022 0.046508 0.113411 0.992459 0.000000
0.125457 0.015973 0.554150 -0.033449 -0.114399 -0.992872 0.000000
0.125519 0.016818 0.554059 -0.045868 -0.109408 -0.992938 0.000000
0.125226 0.017055 0.554054 -0.045868 -0.109408 -0.992938 0.000000
0.124770 0.013979 0.554366 0.007400 -0.042589 -0.999065 0.000000
0.135587 0.018925 0.554067 -0.058501 -0.039804 -0.997494 0.000000
0.135430 0.018460 0.554089 0.034338 0.026745 0.999052 0.000000
0.135344 0.018049 0.554100 0.018212 0.023522 0.999557 0.000000
0.135044 0.011826 0.554173 0.101478 -0.014589 0.994731 0.000000
0.134978 0.017220 0.554146 -0.001759 0.029425 0.999565 0.000000
0.134475 0.017017 0.554122 -0.017126 0.038948 0.999094 0.000000
0.133783 0.015041 0.554198 0.005743 0.026078 0.999643 0.000000
0.134517 0.017756 0.554095 -0.029752 0.021858 0.999318 0.000000
0.133084 0.017388 0.554100 -0.021979 0.057089 0.998127 0.000000
0.138914 0.017690 0.552279 0.280050 -0.005651 0.959969 0.000000
0.135516 0.015860 0.554141 0.048032 0.006269 0.998826 0.000000
0.135675 0.017655 0.554105 0.048931 0.023085 0.998535 0.000000
0.133604 0.017763 0.554072 -0.027061 0.047916 0.998485 0.000000
0.134367 0.017255 0.554099 -0.021909 0.040853 0.998925 0.000000
0.134319 0.016758 0.554128 -0.016821 0.041698 0.998989 0.000000
0.133397 0.016518 0.554127 -0.014857 0.044754 0.998888 0.000000
0.131204 0.017914 0.553946 -0.049369 0.093573 0.994388 0.000000
0.138086 0.019185 0.552615 -0.537568 0.163986 -0.827121 0.000000
0.138620 0.016607 0.552359 0.432319 -0.041523 0.900764 0.000000
0.130657 0.017733 0.553921 -0.036937 0.099718 0.994330 0.000000
0.137887 0.017554 0.553128 0.801315 0.054332 0.595771 0.000000
0.137766 0.018265 0.553122 0.807452 0.072812 0.585422 0.000000
0.138448 0.016231 0.552408 0.531138 -0.065495 0.844750 0.000000
0.138176 0.016631 0.552720 0.712128 -0.055664 0.699839 0.000000
0.138256 0.015637 0.552531 0.639853 -0.043400 0.767270 0.000000
0.137295 0.018198 0.553882 0.584907 0.047309 0.809720 0.000000
0.137740 0.016582 0.553319 0.791647 -0.049541 0.608966 0.000000
0.129249 0.018232 0.553832 0.022660 -0.103912 -0.994328 0.000000
0.130268 0.016941 0.554004 -0.023729 0.118079 0.992721 0.000000
0.132232 0.015072 0.554185 0.017372 0.060037 0.998045 0.000000
0.137748 0.014752 0.553031 0.740517 -0.081138 0.667121 0.000000
0.132620 0.014155 0.554212 0.024482 0.047665 0.998563 0.000000
0.132228 0.014472 0.554210 0.027404 0.058886 0.997889 0.000000
0.131862 0.014683 0.554223 0.034726 0.065748 0.997232 0.000000
0.129198 0.017154 0.553964 -0.020611 0.123458 0.992136 0.000000
0.129774 0.016408 0.554068 -0.015163 0.139832 0.990059 0.000000
0.136979 0.015246 0.553873 0.479243 -0.122631 0.869073 0.000000
0.131702 0.014329 0.554255 0.037430 0.060492 0.997467 0.000000
0.129300 0.016520 0.554051 -0.015079 0.145468 0.989248 0.000000
0.132144 0.014038 0.554251 0.032699 0.051683 0.998128 0.000000
0.133286 0.012987 0.554243 0.036478 0.037190 0.998642 0.000000
0.125882 0.017870 0.553913 -0.039664 -0.108969 -0.993253 0.000000
0.131395 0.014147 0.554284 0.037445 0.058426 0.997589 0.000000
0.129238 0.016070 0.554129 -0.005909 0.160349 0.987043 0.000000
0.127330 0.017312 0.553933 0.010788 0.121348 0.992551 0.000000
0.125431 0.017655 0.553979 0.045072 0.112761 0.992599 0.000000
0.125858 0.017213 0.554001 0.045992 0.114368 0.992373 0.000000
0.131136 0.013770 0.554306 0.036797 0.052551 0.997940 0.000000
0.131481 0.013412 0.554308 0.043706 0.042393 0.998145 0.000000
0.135841 0.013992 0.554096 0.130282 -0.023947 0.991188 0.000000
0.128788 0.015264 0.554245 0.007319 0.135641 0.990731 0.000000
0.128317 0.015443 0.554238 -0.009443 0.151802 0.988366 0.000000
0.130326 0.013079 0.554375 0.043712 0.042497 0.998140 0.000000
0.128308 0.014933 0.554309 -0.011600 0.123150 0.992320 0.000000
0.125407 0.017289 0.554022 0.049042 0.111456 0.992559 0.000000
0.130390 0.012480 0.554393 0.047446 0.021357 0.998645 0.000000
0.127929 0.014648 0.554323 -0.021564 0.104770 0.994263 0.000000
0.130694 0.011958 0.554383 0.060328 0.008158 0.998145 0.000000
0.127508 0.014598 0.554322 -0.022587 0.094307 0.995287 0.000000
0.127861 0.014226 0.554371 -0.027945 0.081996 0.996241 0.000000
0.127073 0.014742 0.554297 -0.020707 0.099544 0.994818 0.000000
0.129623 0.012166 0.554447 0.032468 0.013383 0.999383 0.000000
0.125074 0.016241 0.554139 -0.041165 -0.108377 -0.993257 0.000000
0.125990 0.015332 0.554224 0.013286 0.118440 0.992872 0.000000
0.127458 0.014082 0.554365 -0.025270 0.075671 0.996813 0.000000
0.125545 0.015588 0.554190 0.026023 0.111030 0.993476 0.000000
0.129689 0.011626 0.554439 0.031188 0.008458 0.999478 0.000000
0.127458 0.013774 0.554373 -0.026374 0.052733 0.998260 0.000000
0.126806 0.014108 0.554362 -0.021296 0.070749 0.997267 0.000000
0.129276 0.011763 0.554448 0.022365 0.005910 0.999732 0.000000
0.125358 0.014901 0.554285 0.012916 0.090255 0.995835 0.000000
0.124998 0.015259 0.554248 -0.018761 -0.097918 -0.995018 0.000000
0.133846 0.015635 0.554181 -0.002653 0.033589 0.999432 0.000000
0.126327 0.013459 0.554370 -0.019396 0.027400 0.999436 0.000000
0.132370 0.016254 0.554118 -0.016163 0.053862 0.998418 0.000000
0.133460 0.015408 0.554179 -0.004626 0.034847 0.999382 0.000000
0.130143 0.017425 0.553939 -0.026045 0.113064 0.993246 0.000000
0.129473 0.017708 0.553907 -0.022193 0.109292 0.993762 0.000000
0.124925 0.014284 0.554344 -0.002125 -0.061181 -0.998124 0.000000
0.125682 0.013663 0.554359 -0.010273 0.032551 0.999417 0.000000
0.132626 0.015776 0.554146 -0.012120 0.054960 0.998415 0.000000
0.128649 0.018089 0.553850 0.012012 -0.107469 -0.994136 0.000000
0.133088 0.015267 0.554166 -0.006139 0.038918 0.999224 0.000000
0.140924 0.018020 0.552277 -0.045210 0.046782 -0.997881 0.000000
0.131931 0.015473 0.554167 0.011035 0.065887 0.997766 0.000000
0.140443 0.018470 0.552328 -0.017596 0.064670 -0.997752 0.000000
0.141924 0.015945 0.552160 -0.035572 0.024831 -0.999059 0.000000
0.127449 0.017916 0.553876 -0.014647 -0.115027 -0.993254 0.000000
0.141152 0.017200 0.552216 -0.055812 0.043455 -0.997495 0.000000
0.141290 0.016736 0.552195 0.056731 -0.033344 0.997833 0.000000
0.133054 0.014290 0.554216 0.015584 0.039142 0.999112 0.000000
0.128371 0.017085 0.553953 -0.001485 0.132175 0.991225 0.000000
0.127836 0.017188 0.553943 0.007977 0.128192 0.991717 0.000000
0.130633 0.015600 0.554195 0.011421 0.101584 0.994761 0.000000
0.131120 0.015232 0.554211 0.028398 0.084144 0.996049 0.000000
0.140277 0.017557 0.552303 0.032584 -0.041910 0.998590 0.000000
0.141199 0.016411 0.552178 0.054592 -0.027432 0.998132 0.000000
0.139970 0.019018 0.552362 -0.041587 0.085580 -0.995463 0.000000
0.142168 0.016493 0.552186 -0.032866 0.029435 -0.999026 0.000000
0.128009 0.016718 0.554012 0.001037 0.151112 0.988516 0.000000
0.131191 0.014658 0.554252 0.034175 0.068219 0.997085 0.000000
0.126919 0.016980 0.553985 0.018162 0.123827 0.992138 0.000000
0.140577 0.016030 0.552227 0.059528 -0.039310 0.997452 0.000000
0.130322 0.014774 0.554268 0.029605 0.085210 0.995923 0.000000
0.132474 0.013632 0.554268 0.033291 0.044215 0.998467 0.000000
0.131966 0.013597 0.554282 0.034365 0.044657 0.998411 0.000000
0.141504 0.015848 0.552170 0.037455 -0.022102 0.999054 0.000000
0.129242 0.015021 0.554284 0.024196 0.118810 0.992622 0.000000
0.142022 0.015463 0.552188 0.033332 -0.028319 0.999043 0.000000
0.130297 0.014198 0.554306 0.040702 0.069468 0.996754 0.000000
0.140474 0.015009 0.552188 0.034996 -0.017131 0.999241 0.000000
0.130703 0.013903 0.554313 0.039042 0.058136 0.997545 0.000000
0.132515 0.012814 0.554289 0.030974 0.029337 0.999090 0.000000
0.129693 0.014503 0.554317 0.035779 0.085642 0.995683 0.000000
0.139647 0.015559 0.552251 0.046196 -0.037307 0.998236 0.000000
0.131701 0.012726 0.554316 0.038586 0.024520 0.998954 0.000000
0.141281 0.014917 0.552180 0.053527 -0.020849 0.998349 0.000000
0.130983 0.013188 0.554335 0.040937 0.037084 0.998473 0.000000
0.127651 0.015097 0.554255 -0.018423 0.130529 0.991273 0.000000
0.140771 0.015584 0.552211 0.053336 -0.026273 0.998231 0.000000
0.136280 0.018900 0.554020 -0.171649 -0.127182 -0.976914 0.000000
0.126411 0.015457 0.554206 0.005687 0.131547 0.991294 0.000000
0.131179 0.012654 0.554343 0.046385 0.022825 0.998663 0.000000
0.129253 0.013656 0.554402 0.040226 0.048335 0.998021 0.000000
0.128733 0.013871 0.554432 0.007165 0.065475 0.997829 0.000000
0.131726 0.012197 0.554330 0.035695 0.010577 0.999307 0.000000
0.129833 0.013143 0.554394 0.046680 0.041941 0.998029 0.000000
0.140838 0.014577 0.552185 0.043419 -0.022869 0.998795 0.000000
0.128953 0.018341 0.553836 0.014984 -0.101479 -0.994725 0.000000
0.129891 0.017883 0.553909 0.028412 -0.100669 -0.994514 0.000000
0.135889 0.018367 0.554070 0.067341 0.030499 0.997264 0.000000
0.125825 0.014970 0.554275 0.009444 0.100574 0.994885 0.000000
0.136142 0.017592 0.554065 0.094775 0.027886 0.995108 0.000000
0.135141 0.018961 0.554089 0.009177 -0.030396 -0.999496 0.000000
0.141359 0.017627 0.552229 -0.053235 0.044793 -0.997577 0.000000
0.139841 0.015045 0.552220 0.030842 -0.024404 0.999226 0.000000
0.129066 0.017717 0.553900 -0.019715 0.110229 0.993711 0.000000
0.128876 0.012766 0.554445 0.010408 0.017313 0.999796 0.000000
0.134671 0.018895 0.554102 0.022220 -0.032275 -0.999232 0.000000
0.127688 0.013344 0.554401 -0.037594 0.033244 0.998740 0.000000
0.137835 0.017907 0.553091 0.810223 0.069564 0.581979 0.000000
0.140565 0.018063 0.552328 -0.034031 0.047842 -0.998275 0.000000
0.131397 0.016323 0.554101 -0.005240 0.085397 0.996333 0.000000
0.140342 0.013708 0.552190 0.065893 -0.033300 0.997271 0.000000
0.134809 0.018497 0.554108 -0.024627 0.027214 0.999326 0.000000
0.141497 0.014437 0.552175 0.071217 -0.044069 0.996487 0.000000
0.130900 0.016233 0.554119 0.002687 0.107593 0.994191 0.000000
0.135903 0.016114 0.554137 0.078804 0.005375 0.996876 0.000000
0.140254 0.017052 0.552283 0.042396 -0.034551 0.998503 0.000000
0.133811 0.018403 0.554057 0.043225 -0.041436 -0.998206 0.000000
0.134955 0.017930 0.554118 -0.012217 0.022173 0.999680 0.000000
0.134027 0.017901 0.554071 -0.035829 0.035792 0.998717 0.000000
0.135255 0.017415 0.554123 0.004771 0.023240 0.999719 0.000000
0.127422 0.016789 0.554007 0.008230 0.132147 0.991196 0.000000
0.129955 0.015563 0.554204 0.006230 0.126985 0.991885 0.000000
0.133205 0.018510 0.554016 0.044845 -0.055448 -0.997454 0.000000
0.135830 0.014555 0.554150 0.104441 -0.020639 0.994317 0.000000
0.133871 0.017369 0.554083 -0.021268 0.043806 0.998814 0.000000
0.136066 0.014011 0.554101 0.238507 -0.024481 0.970832 0.000000
0.135450 0.015053 0.554152 0.046993 -0.007501 0.998867 0.000000
0.134667 0.016009 0.554168 0.006691 0.024689 0.999673 0.000000
0.140333 0.014114 0.552221 0.048818 -0.030713 0.998335 0.000000
0.136119 0.013507 0.554043 0.306922 -0.006869 0.951710 0.000000
0.130337 0.015183 0.554226 0.021333 0.099609 0.994798 0.000000
0.134830 0.016978 0.554146 -0.004686 0.032738 0.999453 0.000000
0.132687 0.018704 0.553963 0.053456 -0.079187 -0.995426 0.000000
0.140925 0.011863 0.552074 0.115072 -0.033500 0.992792 0.000000
0.135856 0.014952 0.554115 0.083657 -0.010019 0.996444 0.000000
0.139983 0.014343 0.552223 0.035425 -0.022260 0.999124 0.000000
0.140546 0.012223 0.552168 0.086592 -0.024175 0.995950 0.000000
0.135617 0.012151 0.554160 0.156568 -0.007325 0.987640 0.000000
0.135752 0.013679 0.554131 0.157694 -0.023432 0.987210 0.000000
0.135414 0.013913 0.554152 0.074869 -0.014184 0.997093 0.000000
0.135154 0.014329 0.554176 0.038260 -0.000988 0.999267 0.000000
0.134327 0.018725 0.554092 0.035943 -0.032203 -0.998835 0.000000
0.135594 0.014245 0.554107 0.068761 -0.016830 0.997491 0.000000
0.128494 0.015081 0.554294 -0.003739 0.135647 0.990750 0.000000
0.133843 0.018853 0.554036 0.041733 -0.043070 -0.998200 0.000000
0.140003 0.012951 0.552200 0.050184 -0.023231 0.998470 0.000000
0.133154 0.016854 0.554113 -0.021369 0.046903 0.998671 0.000000
0.132536 0.017485 0.554062 -0.044649 0.071597 0.996434 0.000000
0.132795 0.017138 0.554097 -0.032932 0.060704 0.997612 0.000000
0.127975 0.015117 0.554280 -0.017793 0.135112 0.990671 0.000000
0.135163 0.013462 0.554182 0.069861 0.006516 0.997535 0.000000
0.136453 0.013711 0.553993 0.347610 -0.031185 0.937121 0.000000
0.134599 0.014252 0.554185 0.037668 0.001691 0.999289 0.000000
0.134776 0.013846 0.554181 0.044774 0.013256 0.998909 0.000000
0.135368 0.013080 0.554190 0.108582 0.009032 0.994046 0.000000
0.129688 0.013963 0.554356 0.045840 0.061671 0.997043 0.000000
0.131743 0.017704 0.553988 -0.054928 0.089759 0.994448 0.000000
0.134608 0.014981 0.554181 0.033419 0.004706 0.999430 0.000000
0.133417 0.018102 0.554055 -0.031807 0.052612 0.998108 0.000000
0.133438 0.015950 0.554157 -0.012982 0.041382 0.999059 0.000000
0.133894 0.013721 0.554208 0.034134 0.021647 0.999183 0.000000
0.134395 0.013209 0.554202 0.040801 0.029978 0.998717 0.000000
0.127178 0.014377 0.554354 -0.017851 0.083955 0.996310 0.000000
0.134507 0.012752 0.554227 0.048030 0.034490 0.998250 0.000000
0.131595 0.017000 0.554060 -0.042556 0.078936 0.995971 0.000000
0.131940 0.016508 0.554082 -0.021098 0.069665 0.997347 0.000000
0.132188 0.018482 0.553940 0.053497 -0.091281 -0.994387 0.000000
0.131910 0.015909 0.554122 -0.004173 0.069551 0.997570 0.000000
0.134188 0.014342 0.554200 0.026228 0.007167 0.999630 0.000000
0.129446 0.012913 0.554423 0.033096 0.029656 0.999012 0.000000
0.133970 0.012884 0.554243 0.043434 0.039701 0.998267 0.000000
0.133473 0.013504 0.554236 0.037676 0.035359 0.998664 0.000000
0.134086 0.016250 0.554153 -0.010405 0.041545 0.999082 0.000000
0.133771 0.014598 0.554211 0.009468 0.018649 0.999781 0.000000
0.133329 0.014815 0.554201 0.002794 0.035815 0.999355 0.000000
0.133927 0.012401 0.554267 0.048257 0.039150 0.998067 0.000000
0.132204 0.017823 0.554016 -0.051531 0.081201 0.995365 0.000000
0.129503 0.018291 0.553845 0.022876 -0.098115 -0.994912 0.000000
0.134169 0.011951 0.554276 0.057859 0.024846 0.998016 0.000000
0.132775 0.015309 0.554168 -0.007540 0.047332 0.998851 0.000000
0.129979 0.012142 0.554418 0.037116 0.012706 0.999230 0.000000
0.131215 0.015794 0.554155 0.014005 0.090005 0.995843 0.000000
0.133528 0.012632 0.554274 0.038325 0.037799 0.998550 0.000000
0.132925 0.013230 0.554273 0.031364 0.039042 0.998745 0.000000
0.131596 0.015125 0.554200 0.028224 0.077234 0.996613 0.000000
0.133324 0.013915 0.554229 0.020100 0.027442 0.999421 0.000000
0.132970 0.016101 0.554149 -0.021954 0.045427 0.998726 0.000000
0.132477 0.016583 0.554101 -0.028615 0.050306 0.998324 0.000000
0.132022 0.016929 0.554077 -0.039861 0.062058 0.997276 0.000000
0.133460 0.011866 0.554301 0.027854 0.036731 0.998937 0.000000
0.132987 0.012157 0.554310 0.026105 0.030090 0.999206 0.000000
0.132266 0.013116 0.554298 0.035071 0.037249 0.998690 0.000000
0.131128 0.017347 0.554001 -0.047045 0.096618 0.994209 0.000000
0.131498 0.016647 0.554083 -0.026961 0.085936 0.995936 0.000000
0.130734 0.016676 0.554047 -0.022240 0.115160 0.993098 0.000000
0.130788 0.014369 0.554290 0.034671 0.065214 0.997269 0.000000
0.134450 0.018219 0.554095 -0.040065 0.026740 0.998839 0.000000
0.132163 0.012077 0.554321 0.019246 0.014594 0.999708 0.000000
0.132026 0.011769 0.554322 0.016819 0.009866 0.999810 0.000000
0.135092 0.014864 0.554158 0.034784 -0.004076 0.999387 0.000000
0.133168 0.017785 0.554071 -0.030064 0.063746 0.997513 0.000000
0.131611 0.013800 0.554291 0.042091 0.047896 0.997965 0.000000
0.132701 0.014745 0.554199 0.010606 0.048656 0.998759 0.000000
0.130050 0.013594 0.554357 0.048894 0.053528 0.997369 0.000000
0.131061 0.015493 0.554191 0.021144 0.093022 0.995439 0.000000
0.130708 0.012837 0.554364 0.050220 0.027615 0.998356 0.000000
0.131697 0.018202 0.553948 0.055751 -0.090685 -0.994318 0.000000
0.135165 0.012230 0.554177 0.095391 0.013307 0.995351 0.000000
0.131161 0.018465 0.553893 0.050599 -0.091026 -0.994562 0.000000
0.131407 0.012941 0.554323 0.041210 0.027901 0.998761 0.000000
0.141609 0.016382 0.552175 0.041150 -0.018906 0.998974 0.000000
0.136813 0.018646 0.553988 0.324288 0.082747 0.942332 0.000000
0.136458 0.014114 0.554046 0.342571 -0.074985 0.936495 0.000000
0.128889 0.016720 0.554011 -0.013863 0.145824 0.989213 0.000000
0.129868 0.012629 0.554408 0.040420 0.022516 0.998929 0.000000
0.134045 0.013461 0.554191 0.035916 0.027810 0.998968 0.000000
0.130732 0.014785 0.554262 0.030910 0.078047 0.996470 0.000000
0.133712 0.014178 0.554210 0.020960 0.019844 0.999583 0.000000
0.130987 0.012340 0.554360 0.049262 0.011933 0.998715 0.000000
0.130395 0.018008 0.553900 0.033474 -0.097574 -0.994665 0.000000
0.129105 0.012459 0.554415 0.019881 0.020047 0.999601 0.000000
0.130718 0.017060 0.554008 -0.033420 0.111798 0.993169 0.000000
0.133285 0.012253 0.554289 0.028248 0.032419 0.999075 0.000000
0.128055 0.013120 0.554424 -0.032126 0.028404 0.999080 0.000000
0.130149 0.011633 0.554399 0.043328 0.011589 0.998994 0.000000
0.128862 0.011919 0.554452 0.010901 0.010105 0.999890 0.000000
0.128229 0.012513 0.554444 -0.007501 0.021208 0.999747 0.000000
0.127330 0.013467 0.554381 -0.032246 0.035483 0.998850 0.000000
0.132525 0.012190 0.554304 0.022594 0.025796 0.999412 0.000000
0.127524 0.012881 0.554413 -0.036873 0.028377 0.998917 0.000000
0.141434 0.013731 0.552128 0.082182 -0.056376 0.995022 0.000000
0.134800 0.017415 0.554132 -0.018038 0.026827 0.999477 0.000000
0.127198 0.012609 0.554407 -0.034863 0.024413 0.999094 0.000000
0.127736 0.011747 0.554445 -0.023419 0.013181 0.999639 0.000000
0.132716 0.017861 0.554043 -0.047345 0.075194 0.996044 0.000000
0.127403 0.012092 0.554415 -0.032094 0.018491 0.999314 0.000000
0.140309 0.013353 0.552159 0.067609 -0.027376 0.997336 0.000000
0.126465 0.012949 0.554385 -0.023506 0.023651 0.999444 0.000000
0.126804 0.012182 0.554412 -0.027477 0.015295 0.999505 0.000000
0.125598 0.013329 0.554364 -0.009656 0.020358 0.999746 0.000000
0.126752 0.011711 0.554416 -0.031727 0.013755 0.999402 0.000000
0.126248 0.012532 0.554384 -0.025183 0.018175 0.999518 0.000000
0.140259 0.018683 0.552366 -0.033184 0.067127 -0.997192 0.000000
0.126072 0.013201 0.554378 -0.017965 0.022785 0.999579 0.000000
0.132014 0.017326 0.554051 -0.042359 0.076432 0.996175 0.000000
0.133477 0.017170 0.554106 -0.012111 0.046466 0.998846 0.000000
0.128538 0.012292 0.554447 -0.000449 0.017468 0.999847 0.000000
0.125783 0.012357 0.554359 -0.029132 0.009940 0.999526 0.000000
0.133154 0.011747 0.554302 0.021472 0.032541 0.999240 0.000000
0.132138 0.012571 0.554304 0.031603 0.024632 0.999197 0.000000
0.124968 0.012759 0.554354 0.011132 -0.006125 -0.999919 0.000000
0.125637 0.011861 0.554378 -0.029213 0.010026 0.999523 0.000000
0.124647 0.013116 0.554363 0.011650 -0.017478 -0.999779 0.000000
0.124879 0.013648 0.554358 0.013363 -0.029459 -0.999477 0.000000
0.130756 0.017410 0.553941 -0.040784 0.099960 0.994155 0.000000
0.124904 0.012249 0.554353 0.014629 -0.000539 -0.999893 0.000000
0.132498 0.018128 0.553994 0.049456 -0.082432 -0.995369 0.000000
0.132312 0.015584 0.554160 0.000896 0.057348 0.998354 0.000000
0.131236 0.016821 0.554050 -0.027630 0.098256 0.994778 0.000000
0.128942 0.013595 0.554416 0.026177 0.055609 0.998109 0.000000
0.124401 0.012083 0.554358 0.010065 -0.002099 -0.999947 0.000000
0.127966 0.013887 0.554388 -0.028497 0.061662 0.997690 0.000000
0.129022 0.013077 0.554407 0.024412 0.028849 0.999286 0.000000
0.128283 0.014568 0.554321 -0.014051 0.099002 0.994988 0.000000
0.125420 0.012315 0.554368 -0.024233 0.005392 0.999692 0.000000
0.128396 0.012851 0.554447 -0.004515 0.021169 0.999766 0.000000
0.126990 0.013734 0.554353 -0.024286 0.043348 0.998765 0.000000
0.128245 0.018230 0.553830 0.005727 -0.110365 -0.993875 0.000000
0.132992 0.013588 0.554259 0.029370 0.042405 0.998669 0.000000
0.128475 0.011757 0.554442 0.000786 0.006614 0.999978 0.000000
0.131559 0.015595 0.554162 0.014788 0.082593 0.996474 0.000000
0.127802 0.012342 0.554427 -0.031258 0.020330 0.999305 0.000000
0.128205 0.011990 0.554459 -0.010995 0.012395 0.999863 0.000000
0.132823 0.018285 0.553994 -0.045064 0.072720 0.996334 0.000000
0.124244 0.011699 0.554369 0.010246 -0.002777 -0.999944 0.000000
0.134405 0.011539 0.554290 0.075864 -0.002367 0.997115 0.000000
0.125125 0.013264 0.554357 -0.014452 0.018858 0.999718 0.000000
0.125715 0.012815 0.554366 -0.018049 0.013141 0.999751 0.000000
0.127212 0.011674 0.554416 -0.031982 0.015421 0.999369 0.000000
0.126838 0.012653 0.554389 -0.026933 0.023009 0.999372 0.000000
0.130021 0.014146 0.554309 0.047609 0.065618 0.996708 0.000000
0.126218 0.011888 0.554389 -0.031325 0.009651 0.999463 0.000000
0.132903 0.016509 0.554120 -0.023319 0.044877 0.998720 0.000000
0.141184 0.012830 0.552075 0.089676 -0.035200 0.995349 0.000000
0.134530 0.015469 0.554182 0.014993 0.019067 0.999706 0.000000
0.129669 0.017449 0.553945 -0.021100 0.109728 0.993738 0.000000
0.133052 0.015664 0.554157 -0.011603 0.043319 0.998994 0.000000
0.130740 0.015208 0.554220 0.026151 0.088350 0.995746 0.000000
0.137131 0.018029 0.553935 0.459401 0.011775 0.888151 0.000000
0.132846 0.013892 0.554229 0.025884 0.040307 0.998852 0.000000
0.130989 0.018285 0.553896 0.044540 -0.095038 -0.994477 0.000000
0.142620 0.015902 0.552165 -0.028963 0.039308 -0.998807 0.000000
0.141162 0.015447 0.552152 0.038962 -0.012862 0.999158 0.000000
0.140019 0.018479 0.552366 -0.025504 0.075287 -0.996836 0.000000
0.143010 0.013891 0.552013 -0.055126 0.055027 -0.996962 0.000000
0.140728 0.017652 0.552283 0.045759 -0.046063 0.997890 0.000000
0.143082 0.013427 0.552023 -0.042663 0.041685 -0.998219 0.000000
0.141590 0.015476 0.552143 0.032137 -0.017250 0.999335 0.000000
0.142022 0.014929 0.552145 0.055136 -0.060650 0.996635 0.000000
0.142761 0.012568 0.551963 -0.026144 0.025006 -0.999345 0.000000
0.130875 0.018104 0.553904 0.043950 -0.095303 -0.994478 0.000000
0.140866 0.015021 0.552149 0.046425 -0.018929 0.998742 0.000000
0.142769 0.012074 0.551986 -0.020046 0.023450 -0.999524 0.000000
0.142439 0.015759 0.552138 -0.032769 0.035375 -0.998837 0.000000
0.141843 0.016499 0.552150 -0.033847 0.022511 -0.999173 0.000000
0.140925 0.013127 0.552080 0.085275 -0.039486 0.995575 0.000000
0.133528 0.018806 0.553969 0.047547 -0.048408 -0.997695 0.000000
0.136770 0.016989 0.554022 0.330244 0.027486 0.943495 0.000000
0.133756 0.018132 0.554045 -0.041843 0.040040 0.998322 0.000000
0.133443 0.017442 0.554075 -0.020888 0.050459 0.998508 0.000000
0.141227 0.014511 0.552166 0.060943 -0.034841 0.997533 0.000000
0.125284 0.012529 0.554347 -0.017009 0.005761 0.999839 0.000000
0.125358 0.013020 0.554336 -0.011729 0.010267 0.999879 0.000000
0.125244 0.013756 0.554317 -0.007248 0.036752 0.999298 0.000000
0.124831 0.011701 0.554348 -0.020552 0.008636 0.999751 0.000000
0.135012 0.018637 0.554104 0.002132 -0.028398 -0.999594 0.000000
0.143285 0.014058 0.552043 -0.057995 0.065741 -0.996150 0.000000
0.142594 0.014089 0.551961 0.060903 -0.068152 0.995814 0.000000
0.142503 0.015027 0.552073 0.050933 -0.060729 0.996854 0.000000
0.140631 0.011686 0.552128 0.112402 -0.002942 0.993658 0.000000
0.130031 0.014649 0.554284 0.032314 0.083946 0.995946 0.000000
0.131524 0.017937 0.553967 -0.054621 0.092745 0.994191 0.000000
0.126033 0.012211 0.554354 -0.029498 0.011030 0.999504 0.000000
0.141222 0.015739 0.552172 0.043667 -0.021505 0.998815 0.000000
0.131657 0.012427 0.554327 0.040077 0.012387 0.999120 0.000000
0.140254 0.017052 0.552283 0.042396 -0.034551 0.998503 0.000000
0.137109 0.012599 0.553505 0.681255 0.017440 0.731839 0.000000
0.137240 0.006868 0.553422 0.659422 0.261672 0.704762 0.000000
0.136770 0.016989 0.554022 0.330244 0.027486 0.943495 0.000000
0.128022 0.017966 0.553856 0.001381 -0.110067 -0.993923 0.000000
0.141562 0.011279 0.551961 0.068180 0.007514 0.997645 0.000000
0.137351 0.016319 0.553793 0.609433 -0.084097 0.788365 0.000000
0.125118 0.007570 0.554209 -0.030607 -0.054256 0.998058 0.000000
0.133712 0.014178 0.554210 0.020960 0.019844 0.999583 0.000000
0.130095 0.004474 0.554353 -0.056170 -0.029061 0.997998 0.000000
0.134947 0.004689 0.554332 0.053116 -0.030908 0.998110 0.000000
0.142620 0.015902 0.552165 -0.028963 0.039308 -0.998807 0.000000
0.127651 0.015097 0.554255 -0.018423 0.130529 0.991273 0.000000
0.131623 0.009115 0.554434 0.043391 0.033796 0.998486 0.000000
0.135594 0.014245 0.554107 0.068761 -0.016830 0.997491 0.000000
0.131267 0.000743 0.554302 0.040974 0.027872 -0.998771 0.000000
0.134933 0.015379 0.554160 0.022910 0.010492 0.999682 0.000000
0.140130 0.018127 0.552346 0.017552 -0.058740 0.998119 0.000000
0.141281 0.014917 0.552180 0.053527 -0.020849 0.998349 0.000000
0.132174 0.009411 0.554378 0.061977 0.029065 0.997654 0.000000
0.133121 0.003294 0.554388 0.009782 -0.019111 0.999770 0.000000
0.132266 0.006603 0.554450 0.025322 0.011248 0.999616 0.000000
0.137332 0.012686 0.553262 0.721205 -0.002253 0.692718 0.000000
0.134494 0.006017 0.554349 0.044757 0.031546 0.998500 0.000000
0.125789 0.009300 0.554325 -0.029123 -0.058873 0.997841 0.000000
0.124897 0.005302 0.554103 -0.051366 -0.028731 0.998267 0.000000
0.129573 0.005544 0.554350 -0.038438 -0.035773 0.998620 0.000000
0.126309 0.009430 0.554367 -0.034268 -0.053462 0.997982 0.000000
0.125935 0.001063 0.553998 0.044341 0.062565 -0.997055 0.000000
0.126064 0.009032 0.554319 -0.032076 -0.057939 0.997805 0.000000
0.129371 0.000475 0.554148 0.077406 0.051047 -0.995692 0.000000
0.139013 0.010316 0.552148 0.159530 0.023287 0.986918 0.000000
0.129693 0.014503 0.554317 0.035779 0.085642 0.995683 0.000000
0.127802 0.012342 0.554427 -0.031258 0.020330 0.999305 0.000000
0.137684 0.016914 0.553464 0.773271 -0.013625 0.633929 0.000000
0.130898 0.003998 0.554378 -0.040633 -0.026726 0.998817 0.000000
0.131215 0.015794 0.554155 0.014005 0.090005 0.995843 0.000000
0.129388 0.002087 0.554226 -0.065785 -0.040513 0.997011 0.000000
0.137497 0.006427 0.553315 0.771416 0.175633 0.611612 0.000000
0.139506 0.003413 0.552215 -0.102414 0.039142 0.993971 0.000000
0.126248 0.014991 0.554244 -0.007198 0.102025 0.994756 0.000000
0.130345 0.016037 0.554145 -0.005819 0.122326 0.992473 0.000000
0.136985 0.013676 0.553651 0.594712 -0.056916 0.801921 0.000000
0.127449 0.017916 0.553876 -0.014647 -0.115027 -0.993254 0.000000
0.141594 0.003885 0.552413 0.035367 -0.030636 -0.998905 0.000000
0.127229 0.015106 0.554254 -0.022835 0.132944 0.990860 0.000000
0.123833 0.005708 0.554072 -0.048414 -0.053301 0.997404 0.000000
0.126060 0.011248 0.554404 -0.034147 0.005458 0.999402 0.000000
0.135084 0.011375 0.554206 0.120512 -0.039966 0.991907 0.000000
0.126061 0.007300 0.554234 -0.043638 -0.041166 0.998199 0.000000
0.128522 0.004849 0.554293 -0.043401 -0.040664 0.998230 0.000000
0.134164 0.010134 0.554251 0.128537 -0.050440 0.990421 0.000000
0.126990 0.013734 0.554353 -0.024286 0.043348 0.998765 0.000000
0.130487 0.008149 0.554460 0.006286 -0.006271 0.999961 0.000000
0.135807 0.008242 0.553773 0.334021 0.209103 0.919079 0.000000
0.125226 0.017055 0.554054 -0.045868 -0.109408 -0.992938 0.000000
0.140728 0.017652 0.552283 0.045759 -0.046063 0.997890 0.000000
0.132640 0.001764 0.554353 -0.020600 -0.015232 0.999672 0.000000
0.125448 0.009005 0.554296 -0.021060 -0.063551 0.997756 0.000000
0.128725 0.017254 0.553919 -0.011387 0.121287 0.992552 0.000000
0.127229 0.015106 0.554254 -0.022835 0.132944 0.990860 0.000000
0.137370 0.015204 0.553590 0.655586 -0.112206 0.746738 0.000000
0.133906 0.009274 0.554186 0.144741 -0.062788 0.987475 0.000000
0.126782 0.000379 0.553986 -0.041012 -0.062882 0.997178 0.000000
0.132522 0.005133 0.554398 0.015540 -0.009300 0.999836 0.000000
0.137201 0.007544 0.553230 0.582972 0.276735 0.763911 0.000000
0.137831 0.011780 0.552751 0.638360 0.003632 0.769729 0.000000
0.142189 0.005447 0.552321 -0.010718 -0.067361 -0.997671 0.000000
0.135092 0.007786 0.554152 0.160485 0.200761 0.966405 0.000000
0.139144 0.018136 0.552324 0.108218 -0.063942 0.992069 0.000000
0.131605 0.011281 0.554308 0.033924 0.004238 0.999415 0.000000
0.136112 0.003438 0.554158 0.147936 -0.031833 0.988484 0.000000
0.132228 0.014472 0.554210 0.027404 0.058886 0.997889 0.000000
0.141562 0.011279 0.551961 0.068180 0.007514 0.997645 0.000000
0.138209 0.016949 0.552712 0.691058 -0.018591 0.722560 0.000000
0.142317 0.013961 0.552033 0.060286 -0.066476 0.995965 0.000000
0.128121 0.003125 0.554217 -0.048293 -0.034487 0.998238 0.000000
0.135195 0.007021 0.554298 0.072610 0.135389 0.988128 0.000000
0.137737 0.007181 0.552909 0.647900 0.182314 0.739586 0.000000
0.123100 0.003351 0.553902 0.075871 0.048473 -0.995939 0.000000
0.130838 0.003261 0.554378 -0.032731 -0.039388 0.998688 0.000000
0.140733 0.010542 0.552135 0.110783 0.059700 0.992050 0.000000
0.140838 0.014577 0.552185 0.043419 -0.022869 0.998795 0.000000
0.137531 0.007681 0.552929 0.597040 0.209636 0.774336 0.000000
0.131355 0.006396 0.554433 -0.011331 -0.007471 0.999908 0.000000
0.129054 0.008337 0.554466 -0.035785 -0.006781 0.999336 0.000000
0.137862 0.002213 0.552902 0.794763 0.123850 0.594149 0.000000
0.140885 0.002136 0.552371 0.091440 -0.001305 -0.995810 0.000000
0.132165 0.010508 0.554340 -0.000570 0.032250 0.999480 0.000000
0.135824 0.005085 0.554313 0.056250 -0.032718 0.997880 0.000000
0.137528 0.017702 0.553557 0.755484 0.048424 0.653375 0.000000
0.137515 0.016702 0.553653 0.673920 -0.027861 0.738279 0.000000
0.127466 0.007157 0.554292 -0.062492 -0.035756 0.997405 0.000000
0.130668 0.011650 0.554383 0.062668 0.004550 0.998024 0.000000
0.129984 0.009265 0.554475 0.003968 0.012213 0.999918 0.000000
0.137216 0.012260 0.553425 0.716959 0.018248 0.696877 0.000000
0.137783 0.008037 0.552620 0.552232 0.129447 0.823579 0.000000
0.140412 0.004295 0.552332 -0.129108 0.042795 0.990707 0.000000
0.134608 0.014981 0.554181 0.033419 0.004706 0.999430 0.000000
0.132204 0.017823 0.554016 -0.051531 0.081201 0.995365 0.000000
0.133460 0.011866 0.554301 0.027854 0.036731 0.998937 0.000000
0.134154 0.015298 0.554186 0.007923 0.022170 0.999723 0.000000
0.133811 0.018403 0.554057 0.043225 -0.041436 -0.998206 0.000000
0.135255 0.017415 0.554123 0.004771 0.023240 0.999719 0.000000
0.137739 0.004780 0.553008 0.857137 -0.033030 0.514029 0.000000
0.133084 0.017388 0.554100 -0.021979 0.057089 0.998127 0.000000
0.128317 0.015443 0.554238 -0.009443 0.151802 0.988366 0.000000
0.139465 0.006805 0.552143 0.010461 -0.010378 0.999891 0.000000
0.136432 0.006647 0.554109 0.383850 0.239590 0.891771 0.000000
0.128517 0.003395 0.554253 -0.044290 -0.034505 0.998423 0.000000
0.136005 0.004707 0.554284 0.081878 -0.060553 0.994801 0.000000
0.126988 0.001378 0.554032 -0.044212 -0.069019 0.996635 0.000000
0.131473 0.003836 0.554389 -0.020954 -0.036200 0.999125 0.000000
0.133799 0.005485 0.554404 0.044466 0.010751 0.998953 0.000000
0.125666 0.010911 0.554376 -0.033752 -0.007369 0.999403 0.000000
0.133236 0.002206 0.554373 -0.000865 -0.017634 0.999844 0.000000
0.127836 0.017188 0.553943 0.007977 0.128192 0.991717 0.000000
0.136289 0.008107 0.553652 0.451559 0.209127 0.867387 0.000000
0.123638 0.007574 0.554164 0.025775 0.062419 -0.997717 0.000000
0.125275 0.001750 0.554001 0.068331 0.052353 -0.996288 0.000000
0.143190 0.014415 0.552055 -0.052672 0.069131 -0.996216 0.000000
0.124998 0.015259 0.554248 -0.018761 -0.097918 -0.995018 0.000000
0.136014 0.004016 0.554211 0.094917 -0.073583 0.992762 0.000000
0.136942 0.010159 0.553346 0.541320 -0.175620 0.822271 0.000000
0.135069 0.009254 0.554007 0.215688 -0.060336 0.974596 0.000000
0.138643 0.006759 0.552206 0.355045 -0.038852 0.934041 0.000000
0.132701 0.014745 0.554199 0.010606 0.048656 0.998759 0.000000
0.132640 0.001764 0.554353 -0.020600 -0.015232 0.999672 0.000000
0.127338 0.003817 0.554186 -0.056428 -0.037096 0.997717 0.000000
0.135388 0.001839 0.554272 -0.117141 0.002817 -0.993111 0.000000
0.132138 0.012571 0.554304 0.031603 0.024632 0.999197 0.000000
0.127212 0.011674 0.554416 -0.031982 0.015421 0.999369 0.000000
0.134500 0.008099 0.554103 0.138935 0.100243 0.985215 0.000000
0.131218 0.005576 0.554443 -0.029781 -0.016269 0.999424 0.000000
0.126072 0.013201 0.554378 -0.017965 0.022785 0.999579 0.000000
0.125709 0.008653 0.554281 -0.027369 -0.062857 0.997647 0.000000
0.135084 0.011375 0.554206 0.120512 -0.039966 0.991907 0.000000
0.123787 0.006781 0.554133 0.031436 0.055855 -0.997944 0.000000
0.125350 0.008631 0.554269 -0.019867 -0.062086 0.997873 0.000000
0.133332 0.009837 0.554317 0.095647 -0.044391 0.994425 0.000000
0.126937 0.003163 0.554150 -0.056810 -0.030143 0.997930 0.000000
0.132183 0.004501 0.554424 0.002267 -0.015734 0.999874 0.000000
0.126826 0.006518 0.554242 -0.056046 -0.027351 0.998053 0.000000
0.136803 0.002508 0.553979 0.453568 0.004665 0.891210 0.000000
0.141088 0.010836 0.552035 0.130387 0.047470 0.990326 0.000000
0.132022 0.016929 0.554077 -0.039861 0.062058 0.997276 0.000000
0.141401 0.011787 0.551996 0.098809 -0.038468 0.994363 0.000000
0.123783 0.007095 0.554145 0.026770 0.057530 -0.997985 0.000000
0.128308 0.014933 0.554309 -0.011600 0.123150 0.992320 0.000000
0.129045 0.006474 0.554377 -0.046261 -0.042207 0.998037 0.000000
0.128889 0.016720 0.554011 -0.013863 0.145824 0.989213 0.000000
0.125015 0.014844 0.554291 -0.019718 -0.085683 -0.996127 0.000000
0.125431 0.017655 0.553979 0.045072 0.112761 0.992599 0.000000
0.132992 0.013588 0.554259 0.029370 0.042405 0.998669 0.000000
0.136166 0.010521 0.553842 0.354359 -0.169053 0.919702 0.000000
0.132538 0.000764 0.554359 0.023047 0.010607 -0.999678 0.000000
0.127847 0.010060 0.554436 -0.017124 -0.029857 0.999407 0.000000
0.128396 0.012851 0.554447 -0.004515 0.021169 0.999766 0.000000
0.139161 0.006534 0.552124 0.086089 -0.009633 0.996241 0.000000
0.133286 0.012987 0.554243 0.036478 0.037190 0.998642 0.000000
0.137302 0.002612 0.553735 0.670636 -0.013154 0.741670 0.000000
0.128283 0.014568 0.554321 -0.014051 0.099002 0.994988 0.000000
0.136669 0.015617 0.554041 0.282442 -0.056609 0.957613 0.000000
0.139380 0.007829 0.552164 0.014488 0.030787 0.999421 0.000000
0.131498 0.016647 0.554083 -0.026961 0.085936 0.995936 0.000000
0.127745 0.008126 0.554366 -0.065662 -0.033119 0.997292 0.000000
0.131214 0.010485 0.554341 0.047338 0.040894 0.998041 0.000000
0.132626 0.008293 0.554394 0.090151 0.031971 0.995415 0.000000
0.131623 0.009115 0.554434 0.043391 0.033796 0.998486 0.000000
0.137161 0.019028 0.553891 0.527604 0.104088 0.843090 0.000000
0.132123 0.005684 0.554439 0.007709 -0.013061 0.999885 0.000000
0.124366 0.005294 0.554078 -0.052831 -0.033059 0.998056 0.000000
0.135587 0.018925 0.554067 -0.058501 -0.039804 -0.997494 0.000000
0.129446 0.012913 0.554423 0.033096 0.029656 0.999012 0.000000
0.139322 0.010594 0.552117 0.040795 0.004135 0.999159 0.000000
0.137491 0.012196 0.553034 0.719888 0.026992 0.693566 0.000000
0.140833 0.016712 0.552245 0.062233 -0.033173 0.997510 0.000000
0.136713 0.006967 0.553853 0.538843 0.302498 0.786220 0.000000
0.127449 0.017916 0.553876 -0.014647 -0.115027 -0.993254 0.000000
0.136808 0.007852 0.553352 0.553228 0.245148 0.796142 0.000000
0.132620 0.014155 0.554212 0.024482 0.047665 0.998563 0.000000
